row_type,selection_reason,wo_id,trade,p_bh,class_recorded,hat_s,class_corrected,class_true,true_shift,w_star,d_star_bh,release_bh,due_recorded_bh,rank_rule,rank_m0,rank_trade_rule,rank_trade_m0,completion_rule_bh,completion_m0_bh,lateness_rule_bh,lateness_m0_bh,twt_contrib_rule,twt_contrib_m0,delta_twt,behaviour,miscorrected,harmed
order,,W0,D20,1.832100,4,-0.145821,4.000000,4,-1,1.000000,171.413400,0.013400,171.413400,1,1,1,1,1.845500,1.845500,0.000000,0.000000,0.000000,0.000000,0.000000,unchanged,False,False
order,,W1,D50,4.885700,4,-0.008520,4.000000,4,0,1.000000,171.418000,0.018000,171.418000,2,2,1,1,4.903700,4.903700,0.000000,0.000000,0.000000,0.000000,0.000000,unchanged,False,False
order,,W10,D20,1.918500,4,-0.149839,4.000000,4,-1,1.000000,171.673700,0.273700,171.673700,11,11,4,4,2.192200,2.192200,0.000000,0.000000,0.000000,0.000000,0.000000,unchanged,False,False
order,,W100,D50,1.378100,4,-0.008520,4.000000,4,0,1.000000,174.732200,3.332200,174.732200,97,97,27,27,4.827800,4.827800,0.000000,0.000000,0.000000,0.000000,0.000000,unchanged,False,False
order,,W1000,D50,0.918400,4,0.125875,3.874125,2,2,4.000000,60.492200,36.492200,207.892200,1046,946,305,284,41.417500,37.705900,0.000000,0.000000,0.000000,0.000000,0.000000,promoted,False,False
order,,W1001,D50,3.350100,4,0.209675,3.790325,2,2,4.000000,60.509300,36.509300,207.909300,1138,937,336,281,47.444900,39.970500,0.000000,0.000000,0.000000,0.000000,0.000000,promoted,False,False
order,,W1002,D30,7.431700,4,-0.008520,4.000000,3,1,2.000000,116.512300,36.512300,207.912300,1301,1288,349,351,57.980800,58.190200,0.000000,0.000000,0.000000,0.000000,0.000000,unchanged,False,False
order,,W1003,D90,1.157600,4,-0.008520,4.000000,2,2,4.000000,60.549400,36.549400,207.949400,918,933,48,48,37.707000,37.707000,0.000000,0.000000,0.000000,0.000000,0.000000,unchanged,False,False
order,,W1004,D40,0.186100,4,-0.008520,4.000000,2,2,4.000000,60.552800,36.552800,207.952800,919,934,45,45,36.738900,36.738900,0.000000,0.000000,0.000000,0.000000,0.000000,unchanged,False,False
order,,W1005,D50,1.050800,4,0.130699,3.869301,2,2,4.000000,60.612400,36.612400,208.012400,1060,961,310,287,42.151700,38.094400,0.000000,0.000000,0.000000,0.000000,0.000000,promoted,False,False
order,,W1006,C10,1.196400,2,-0.008520,2.008520,1,2,8.000000,44.653600,36.653600,60.653600,986,996,49,49,39.762500,39.762500,0.000000,0.000000,0.000000,0.000000,0.000000,unchanged,False,False
order,,W1007,D30,2.824300,4,-0.008520,4.000000,3,1,2.000000,116.673000,36.673000,208.073000,1004,959,267,255,41.806800,39.827600,0.000000,0.000000,0.000000,0.000000,0.000000,unchanged,False,False
order,,W1008,D30,4.536300,4,-0.008520,4.000000,3,1,2.000000,116.699100,36.699100,208.099100,1073,1068,286,283,46.048000,45.427600,0.000000,0.000000,0.000000,0.000000,0.000000,unchanged,False,False
order,,W1009,D30,3.973800,2,-0.008520,2.008520,1,1,8.000000,44.700900,36.700900,60.700900,927,942,249,248,40.755200,40.699100,0.000000,0.000000,0.000000,0.000000,0.000000,unchanged,False,False
order,,W101,D50,1.704100,4,-0.008520,4.000000,4,0,1.000000,174.872200,3.472200,174.872200,99,99,29,29,5.186900,5.186900,0.000000,0.000000,0.000000,0.000000,0.000000,unchanged,False,False
order,,W1010,D90,6.044100,4,-0.008520,4.000000,2,2,4.000000,60.708300,36.708300,208.108300,924,939,49,49,42.752400,42.752400,0.000000,0.000000,0.000000,0.000000,0.000000,unchanged,False,False
order,,W1011,D90,1.100600,4,-0.008520,4.000000,2,2,4.000000,60.722100,36.722100,208.122100,925,941,50,50,37.822700,37.822700,0.000000,0.000000,0.000000,0.000000,0.000000,unchanged,False,False
order,,W1012,D30,8.353100,4,-0.008520,4.000000,3,1,2.000000,116.785800,36.785800,208.185800,1381,1324,371,363,62.432200,60.533500,0.000000,0.000000,0.000000,0.000000,0.000000,unchanged,False,False
order,,W1013,D50,1.509900,4,0.145301,3.854699,2,2,4.000000,60.794300,36.794300,208.194300,1088,965,318,290,43.661600,38.948100,0.000000,0.000000,0.000000,0.000000,0.000000,promoted,False,False
order,,W1014,D30,3.418000,2,-0.008520,2.008520,1,1,8.000000,44.847700,36.847700,60.847700,931,950,250,251,40.291500,40.291500,0.000000,0.000000,0.000000,0.000000,0.000000,unchanged,False,False
order,,W1015,D30,0.619900,4,-0.008520,4.000000,2,2,4.000000,60.873300,36.873300,208.273300,934,953,251,252,37.519800,37.519800,0.000000,0.000000,0.000000,0.000000,0.000000,unchanged,False,False
order,,W1016,D10,1.155500,2,-0.008520,2.008520,1,2,8.000000,44.886800,36.886800,60.886800,932,951,13,13,38.042300,38.042300,0.000000,0.000000,0.000000,0.000000,0.000000,unchanged,False,False
order,,W1017,D90,0.442800,4,-0.008520,4.000000,2,2,4.000000,60.892900,36.892900,208.292900,933,952,51,51,37.335700,37.335700,0.000000,0.000000,0.000000,0.000000,0.000000,unchanged,False,False
order,,W1018,D50,0.524600,4,0.109269,3.890731,2,2,4.000000,60.903300,36.903300,208.303300,1021,954,298,285,40.069800,37.458700,0.000000,0.000000,0.000000,0.000000,0.000000,promoted,False,False
order,,W1019,D30,3.490100,4,-0.008520,4.000000,3,1,2.000000,116.928600,36.928600,208.328600,1042,1044,274,273,43.870600,43.423800,0.000000,0.000000,0.000000,0.000000,0.000000,unchanged,False,False
order,,W102,D30,2.572900,4,-0.008520,4.000000,4,0,1.000000,174.890600,3.490600,174.890600,100,100,32,32,6.063500,6.063500,0.000000,0.000000,0.000000,0.000000,0.000000,unchanged,False,False
order,,W1020,D30,1.035600,4,-0.008520,4.000000,2,2,4.000000,60.966000,36.966000,208.366000,937,957,252,253,38.033300,38.033300,0.000000,0.000000,0.000000,0.000000,0.000000,unchanged,False,False
order,,W1021,D30,1.927300,4,-0.008520,4.000000,2,2,4.000000,60.972000,36.972000,208.372000,938,958,253,254,38.927300,38.927300,0.000000,0.000000,0.000000,0.000000,0.000000,unchanged,False,False
order,,W1022,D40,1.539300,4,-0.008520,4.000000,2,2,4.000000,60.983300,36.983300,208.383300,936,956,46,46,38.522600,38.522600,0.000000,0.000000,0.000000,0.000000,0.000000,unchanged,False,False
order,,W1023,D10,3.279000,4,-0.008520,4.000000,2,2,4.000000,60.985900,36.985900,208.385900,967,987,14,14,41.321300,41.321300,0.000000,0.000000,0.000000,0.000000,0.000000,unchanged,False,False
order,,W1024,D90,1.612700,4,-0.008520,4.000000,2,2,4.000000,61.023200,37.023200,208.423200,940,960,52,52,38.635900,38.635900,0.000000,0.000000,0.000000,0.000000,0.000000,unchanged,False,False
order,,W1025,D40,0.848800,4,-0.008520,4.000000,2,2,4.000000,61.037400,37.037400,208.437400,944,964,47,47,38.033300,38.033300,0.000000,0.000000,0.000000,0.000000,0.000000,unchanged,False,False
order,,W1026,D30,1.057600,4,-0.008520,4.000000,2,2,4.000000,61.059300,37.059300,208.459300,951,968,255,256,38.577400,38.577400,0.000000,0.000000,0.000000,0.000000,0.000000,unchanged,False,False
order,,W1027,D50,1.038100,4,0.130250,3.869750,2,2,4.000000,61.061900,37.061900,208.461900,1065,963,312,289,42.303400,38.217200,0.000000,0.000000,0.000000,0.000000,0.000000,promoted,False,False
order,,W1028,D30,4.864900,4,-0.008520,4.000000,3,1,2.000000,117.070100,37.070100,208.470100,1080,1089,289,289,46.671700,46.794100,0.000000,0.000000,0.000000,0.000000,0.000000,unchanged,False,False
order,,W1029,D20,1.075400,4,-0.132948,4.000000,4,0,1.000000,208.513000,37.113000,208.513000,947,1650,156,230,38.492700,69.096500,0.000000,0.000000,0.000000,0.000000,0.000000,unchanged,False,False
order,,W103,D30,1.451300,2,-0.008520,2.008520,2,0,4.000000,27.507800,3.507800,27.507800,101,101,33,33,4.959100,4.959100,0.000000,0.000000,0.000000,0.000000,0.000000,unchanged,False,False
order,,W1030,D30,3.586900,4,-0.008520,4.000000,3,1,2.000000,117.123000,37.123000,208.523000,1044,1048,275,274,44.009800,43.734900,0.000000,0.000000,0.000000,0.000000,0.000000,unchanged,False,False
order,,W1031,D50,1.298500,4,0.138941,3.861059,2,2,4.000000,61.198000,37.198000,208.598000,1086,966,317,291,43.340800,38.757200,0.000000,0.000000,0.000000,0.000000,0.000000,promoted,False,False
order,,W1032,C10,1.373900,4,-0.008520,4.000000,2,2,4.000000,61.279100,37.279100,208.679100,993,1003,51,51,40.167900,40.167900,0.000000,0.000000,0.000000,0.000000,0.000000,unchanged,False,False
order,,W1033,D30,7.653500,4,-0.008520,4.000000,3,1,2.000000,117.304200,37.304200,208.704200,1307,1304,354,356,58.501700,59.221200,0.000000,0.000000,0.000000,0.000000,0.000000,unchanged,False,False
order,,W1034,D30,1.320000,4,-0.008520,4.000000,2,2,4.000000,61.392500,37.392500,208.792500,955,978,256,258,38.889500,39.145000,0.000000,0.000000,0.000000,0.000000,0.000000,unchanged,False,False
order,,W1035,D50,2.327100,4,0.158662,3.841338,2,2,4.000000,61.487000,37.487000,208.887000,1140,1031,338,315,46.433900,41.800900,0.000000,0.000000,0.000000,0.000000,0.000000,promoted,False,False
order,,W1036,D50,0.527200,4,0.109392,3.890608,2,2,4.000000,61.506800,37.506800,208.906800,1029,967,301,292,40.499100,38.038900,0.000000,0.000000,0.000000,0.000000,0.000000,promoted,False,False
order,,W1037,D20,7.550200,4,0.379003,3.620997,2,2,4.000000,61.525400,37.525400,208.925400,1141,1027,182,159,51.666200,46.928200,0.000000,0.000000,0.000000,0.000000,0.000000,promoted,False,False
order,,W1038,D90,2.574300,4,-0.008520,4.000000,2,2,4.000000,61.525800,37.525800,208.925800,952,969,53,53,40.100100,40.100100,0.000000,0.000000,0.000000,0.000000,0.000000,unchanged,False,False
order,,W1039,D90,0.382900,4,-0.008520,4.000000,2,2,4.000000,61.528600,37.528600,208.928600,956,971,54,54,38.011400,38.011400,0.000000,0.000000,0.000000,0.000000,0.000000,unchanged,False,False
order,,W104,D50,1.450600,4,-0.008520,4.000000,4,0,1.000000,174.915300,3.515300,174.915300,105,105,31,31,5.088200,5.088200,0.000000,0.000000,0.000000,0.000000,0.000000,unchanged,False,False
order,,W1040,E10,0.145100,2,-0.008520,2.008520,1,2,8.000000,45.543200,37.543200,61.543200,953,970,40,40,37.688300,37.688300,0.000000,0.000000,0.000000,0.000000,0.000000,unchanged,False,False
order,,W1041,D50,16.595200,4,-0.419748,4.000000,3,1,2.000000,117.548300,37.548300,208.948300,996,1137,287,347,55.410400,60.751700,0.000000,0.000000,0.000000,0.000000,0.000000,unchanged,False,False
order,,W1042,D30,1.944800,4,-0.008520,4.000000,2,2,4.000000,61.576500,37.576500,208.976500,965,981,259,259,39.978100,39.833800,0.000000,0.000000,0.000000,0.000000,0.000000,unchanged,False,False
order,,W1043,D50,0.189200,4,0.091311,3.908689,2,2,4.000000,61.584000,37.584000,208.984000,963,973,274,293,38.111300,37.895100,0.000000,0.000000,0.000000,0.000000,0.000000,promoted,False,False
order,,W1044,D30,1.978700,2,-0.008520,2.008520,1,2,8.000000,45.617500,37.617500,61.617500,957,972,257,257,39.663900,39.663900,0.000000,0.000000,0.000000,0.000000,0.000000,unchanged,False,False
order,,W1045,D20,0.854200,2,-0.137293,2.137293,2,0,4.000000,61.629800,37.629800,61.629800,969,999,158,154,38.927500,39.474500,0.000000,0.000000,0.000000,0.000000,0.000000,demoted,True,False
order,,W1046,D30,14.058800,4,-0.008520,4.000000,3,1,2.000000,117.632000,37.632000,209.032000,1483,1498,397,402,72.039600,74.344900,0.000000,0.000000,0.000000,0.000000,0.000000,unchanged,False,False
order,,W1047,D30,2.543100,4,-0.008520,4.000000,3,1,2.000000,117.639000,37.639000,209.039000,988,1011,263,266,41.120500,41.525600,0.000000,0.000000,0.000000,0.000000,0.000000,unchanged,False,False
order,,W1048,D20,5.621700,2,0.379003,1.620997,1,2,8.000000,45.649100,37.649100,61.649100,975,976,160,153,43.844600,43.385300,0.000000,0.000000,0.000000,0.000000,0.000000,promoted,False,False
order,,W1049,D50,2.739600,4,0.144175,3.855825,2,2,4.000000,61.654300,37.654300,209.054300,1158,1059,343,323,47.617700,43.421600,0.000000,0.000000,0.000000,0.000000,0.000000,promoted,False,False
order,,W105,D30,1.983100,4,-0.008520,4.000000,4,0,1.000000,175.029100,3.629100,175.029100,103,103,34,34,5.612200,5.612200,0.000000,0.000000,0.000000,0.000000,0.000000,unchanged,False,False
order,,W1050,D20,1.362200,4,-0.127957,4.000000,4,0,1.000000,209.065100,37.665100,209.065100,1011,1679,165,234,40.579700,70.608900,0.000000,0.000000,0.000000,0.000000,0.000000,unchanged,False,False
order,,W1051,D50,1.403200,4,0.142161,3.857839,2,2,4.000000,61.665300,37.665300,209.065300,1109,975,327,294,44.542000,39.134200,0.000000,0.000000,0.000000,0.000000,0.000000,promoted,False,False
order,,W1052,D20,0.949300,4,-0.135365,4.000000,4,0,1.000000,209.102300,37.702300,209.102300,1007,1668,164,231,39.985600,69.921900,0.000000,0.000000,0.000000,0.000000,0.000000,unchanged,False,False
order,,W1053,E10,2.623600,4,-0.056470,4.000000,2,2,4.000000,61.717400,37.717400,209.117400,958,974,41,41,40.341000,40.341000,0.000000,0.000000,0.000000,0.000000,0.000000,unchanged,False,False
order,,W1054,D50,1.213200,4,0.136208,3.863792,2,2,4.000000,61.757000,37.757000,209.157000,1093,977,321,295,43.570800,38.979500,0.000000,0.000000,0.000000,0.000000,0.000000,promoted,False,False
order,,W1055,MISC,2.048100,2,0.003602,1.996398,1,2,8.000000,45.829700,37.829700,61.829700,960,979,14,14,39.877800,39.877800,0.000000,0.000000,0.000000,0.000000,0.000000,unchanged,False,False
order,,W1056,D50,1.636700,4,0.148863,3.851137,2,2,4.000000,61.860900,37.860900,209.260900,1127,991,334,301,45.439400,39.853900,0.000000,0.000000,0.000000,0.000000,0.000000,promoted,False,False
order,,W1057,D90,4.440400,4,-0.008520,4.000000,2,2,4.000000,61.861400,37.861400,209.261400,961,980,55,55,42.301800,42.301800,0.000000,0.000000,0.000000,0.000000,0.000000,unchanged,False,False
order,,W1058,D50,1.445900,4,0.143434,3.856566,2,2,4.000000,61.883500,37.883500,209.283500,1120,982,330,296,44.878100,39.341000,0.000000,0.000000,0.000000,0.000000,0.000000,promoted,False,False
order,,W1059,D40,1.173700,4,-0.008520,4.000000,2,2,4.000000,61.924500,37.924500,209.324500,966,985,48,48,39.207000,39.207000,0.000000,0.000000,0.000000,0.000000,0.000000,unchanged,False,False
order,,W106,C30,31.715400,4,-1.735724,4.000000,3,1,2.000000,83.636400,3.636400,175.036400,104,104,2,2,35.351800,35.351800,0.000000,0.000000,0.000000,0.000000,0.000000,unchanged,False,False
order,,W1060,D20,1.324700,2,-0.128574,2.128574,2,0,4.000000,61.943200,37.943200,61.943200,973,1017,159,156,39.517000,40.462400,0.000000,0.000000,0.000000,0.000000,0.000000,demoted,True,False
order,,W1061,D50,1.120800,4,0.133125,3.866875,2,2,4.000000,61.969200,37.969200,209.369200,1092,983,320,297,43.427300,39.146400,0.000000,0.000000,0.000000,0.000000,0.000000,promoted,False,False
order,,W1062,D50,1.269200,4,0.138014,3.861986,2,2,4.000000,61.988900,37.988900,209.388900,1108,990,326,300,44.373100,39.427100,0.000000,0.000000,0.000000,0.000000,0.000000,promoted,False,False
order,,W1063,D50,0.848200,4,0.123181,3.876819,2,2,4.000000,62.029400,38.029400,209.429400,1071,988,314,299,42.306500,38.942600,0.000000,0.000000,0.000000,0.000000,0.000000,promoted,False,False
order,,W1064,D50,3.373600,4,0.219719,3.780281,2,2,4.000000,62.036000,38.036000,209.436000,1213,986,358,298,50.451500,41.412500,0.000000,0.000000,0.000000,0.000000,0.000000,promoted,False,False
order,,W1065,D30,2.696700,4,-0.008520,4.000000,3,1,2.000000,118.051300,38.051300,209.451300,1009,1033,268,269,41.764700,42.221600,0.000000,0.000000,0.000000,0.000000,0.000000,unchanged,False,False
order,,W1066,D50,1.493500,4,0.144827,3.855173,2,2,4.000000,62.138700,38.138700,209.538700,1126,992,333,302,45.213900,39.732500,0.000000,0.000000,0.000000,0.000000,0.000000,promoted,False,False
order,,W1067,D50,1.281600,4,0.138408,3.861592,2,2,4.000000,62.260300,38.260300,209.660300,1119,1030,329,314,44.708900,40.752600,0.000000,0.000000,0.000000,0.000000,0.000000,promoted,False,False
order,,W1068,D50,1.979000,4,0.157685,3.842315,2,2,4.000000,62.266700,38.266700,209.666700,1156,1038,342,317,46.758100,41.780600,0.000000,0.000000,0.000000,0.000000,0.000000,promoted,False,False
order,,W1069,D30,7.550300,4,-0.008520,4.000000,3,1,2.000000,118.325400,38.325400,209.725400,1401,1327,376,364,62.241200,59.839200,0.000000,0.000000,0.000000,0.000000,0.000000,unchanged,False,False
order,,W107,D50,0.767800,4,-0.008520,4.000000,4,0,1.000000,175.050600,3.650600,175.050600,111,111,34,34,4.773100,4.773100,0.000000,0.000000,0.000000,0.000000,0.000000,unchanged,False,False
order,,W1070,D30,4.558100,4,-0.008520,4.000000,3,1,2.000000,118.334900,38.334900,209.734900,1082,1132,290,302,46.487300,48.484200,0.000000,0.000000,0.000000,0.000000,0.000000,unchanged,False,False
order,,W1071,C30,1.683300,2,-0.080260,2.080260,1,2,8.000000,46.369400,38.369400,62.369400,977,993,21,21,40.052700,40.052700,0.000000,0.000000,0.000000,0.000000,0.000000,demoted,True,False
order,,W1072,D30,1.911500,4,-0.008520,4.000000,2,2,4.000000,62.379700,38.379700,209.779700,980,1002,260,264,40.380500,40.685400,0.000000,0.000000,0.000000,0.000000,0.000000,unchanged,False,False
order,,W1073,D20,9.670100,4,0.379003,3.620997,2,2,4.000000,62.391600,38.391600,209.791600,1489,1032,235,160,67.897100,49.144600,5.505500,0.000000,22.022000,0.000000,-22.022000,promoted,False,False
order,,W1074,D40,1.879500,4,-0.008520,4.000000,2,2,4.000000,62.416200,38.416200,209.816200,984,995,49,49,40.402100,40.402100,0.000000,0.000000,0.000000,0.000000,0.000000,unchanged,False,False
order,,W1075,D50,2.102800,4,0.160628,3.839372,2,2,4.000000,62.424700,38.424700,209.824700,1159,1043,344,320,47.000800,42.033400,0.000000,0.000000,0.000000,0.000000,0.000000,promoted,False,False
order,,W1076,D30,12.368100,4,-0.008520,4.000000,3,1,2.000000,118.469500,38.469500,209.869500,1561,1499,410,403,73.393900,72.669300,0.000000,0.000000,0.000000,0.000000,0.000000,unchanged,False,False
order,,W1077,D20,1.603900,2,-0.139036,2.139036,2,0,4.000000,62.477100,38.477100,62.477100,981,1024,161,158,40.096600,40.897300,0.000000,0.000000,0.000000,0.000000,0.000000,demoted,True,False
order,,W1078,D20,2.407000,4,-0.193627,4.000000,4,0,1.000000,209.889000,38.489000,209.889000,1019,1727,166,244,41.924000,73.731700,0.000000,0.000000,0.000000,0.000000,0.000000,unchanged,False,False
order,,W1079,D30,0.506200,4,-0.008520,4.000000,2,2,4.000000,62.507400,38.507400,209.907400,985,998,262,262,39.068000,39.083600,0.000000,0.000000,0.000000,0.000000,0.000000,unchanged,False,False
order,,W108,C30,1.683700,4,0.162542,3.837458,2,2,4.000000,27.658000,3.658000,175.058000,106,106,3,3,5.341700,5.341700,0.000000,0.000000,0.000000,0.000000,0.000000,promoted,False,False
order,,W1080,D50,0.339600,4,0.099918,3.900082,2,2,4.000000,62.617200,38.617200,210.017200,1025,1016,299,308,40.206000,39.473800,0.000000,0.000000,0.000000,0.000000,0.000000,promoted,False,False
order,,W1081,D50,1.730400,4,0.151387,3.848613,2,2,4.000000,62.642300,38.642300,210.042300,1145,1042,339,319,46.103500,41.584300,0.000000,0.000000,0.000000,0.000000,0.000000,promoted,False,False
order,,W1082,D20,1.411100,2,-0.128749,2.128749,2,0,4.000000,62.648600,38.648600,62.648600,994,1021,162,157,40.215000,40.653500,0.000000,0.000000,0.000000,0.000000,0.000000,demoted,True,False
order,,W1083,D20,6.555900,2,0.379003,1.620997,1,2,8.000000,46.649900,38.649900,62.649900,1001,1006,163,155,45.483400,45.474100,0.000000,0.000000,0.000000,0.000000,0.000000,promoted,False,False
order,,W1084,D30,8.465900,2,-0.008520,2.008520,1,1,8.000000,46.689400,38.689400,62.689400,992,1000,264,263,47.239800,47.159000,0.550400,0.469600,4.403200,3.756800,-0.646400,unchanged,False,False
order,,W1085,D50,2.100700,1,0.160579,1.000000,1,2,8.000000,46.695100,38.695100,46.695100,991,1001,286,303,40.864000,40.857900,0.000000,0.000000,0.000000,0.000000,0.000000,unchanged,False,False
order,,W1086,D50,1.019600,4,0.129591,3.870409,2,2,4.000000,62.701400,38.701400,210.101400,1094,1019,322,309,43.432200,40.166000,0.000000,0.000000,0.000000,0.000000,0.000000,promoted,False,False
order,,W1087,D50,3.674900,4,0.343923,3.656077,2,2,4.000000,62.760500,38.760500,210.160500,1227,1009,364,305,51.162500,42.623000,0.000000,0.000000,0.000000,0.000000,0.000000,promoted,False,False
order,,W1088,D50,1.954200,4,0.157081,3.842919,2,2,4.000000,62.777000,38.777000,210.177000,1173,1045,347,321,47.393600,41.924700,0.000000,0.000000,0.000000,0.000000,0.000000,promoted,False,False
order,,W1089,D30,1.443200,4,-0.008520,4.000000,2,2,4.000000,62.794200,38.794200,210.194200,999,1007,265,265,40.332700,40.370500,0.000000,0.000000,0.000000,0.000000,0.000000,unchanged,False,False
order,,W109,D50,0.387400,4,-0.008520,4.000000,4,0,1.000000,175.068000,3.668000,175.068000,107,107,32,32,4.084000,4.084000,0.000000,0.000000,0.000000,0.000000,0.000000,unchanged,False,False
order,,W1090,D90,0.631200,4,-0.008520,4.000000,2,2,4.000000,62.807200,38.807200,210.207200,995,1004,56,56,39.438400,39.438400,0.000000,0.000000,0.000000,0.000000,0.000000,unchanged,False,False
order,,W1091,D50,0.988000,2,0.128451,1.871549,1,2,8.000000,46.922000,38.922000,62.922000,1002,1008,289,304,39.923400,39.930600,0.000000,0.000000,0.000000,0.000000,0.000000,promoted,False,False
order,,W1092,D50,0.151500,4,0.088982,3.911018,2,2,4.000000,62.963000,38.963000,210.363000,1003,1010,290,306,39.114800,39.131000,0.000000,0.000000,0.000000,0.000000,0.000000,promoted,False,False
order,,W1093,C30,0.989000,4,-0.008520,4.000000,2,2,4.000000,62.987500,38.987500,210.387500,1005,1012,22,22,39.976500,39.976500,0.000000,0.000000,0.000000,0.000000,0.000000,unchanged,False,False
order,,W1094,D30,5.764000,4,-0.008520,4.000000,3,1,2.000000,118.988200,38.988200,210.388200,1217,1198,324,325,53.003800,52.981300,0.000000,0.000000,0.000000,0.000000,0.000000,unchanged,False,False
order,,W1095,E10,3.911000,4,0.222311,3.777689,2,2,4.000000,62.988600,38.988600,210.388600,1006,1013,42,42,42.899600,42.899600,0.000000,0.000000,0.000000,0.000000,0.000000,promoted,False,False
order,,W1096,D50,0.340000,2,0.099940,1.900060,1,2,8.000000,47.058300,39.058300,63.058300,1008,1015,291,307,39.401800,39.471000,0.000000,0.000000,0.000000,0.000000,0.000000,promoted,False,False
order,,W1097,D30,1.064400,4,-0.008520,4.000000,2,2,4.000000,63.079500,39.079500,210.479500,1022,1014,269,267,40.728300,40.148000,0.000000,0.000000,0.000000,0.000000,0.000000,unchanged,False,False
order,,W1098,D30,6.079600,4,-0.008520,4.000000,3,1,2.000000,119.141400,39.141400,210.541400,1297,1289,348,352,56.403500,56.843500,0.000000,0.000000,0.000000,0.000000,0.000000,unchanged,False,False
order,,W1099,D50,0.624800,4,0.113869,3.886131,2,2,4.000000,63.170000,39.170000,210.570000,1070,1020,313,310,42.042300,39.813200,0.000000,0.000000,0.000000,0.000000,0.000000,promoted,False,False
order,,W11,D20,0.389800,4,-0.148971,4.000000,4,-1,1.000000,171.745200,0.345200,171.745200,12,12,5,5,0.735000,0.735000,0.000000,0.000000,0.000000,0.000000,0.000000,unchanged,False,False
order,,W110,D20,2.012100,4,-0.154060,4.000000,4,-1,1.000000,175.126000,3.726000,175.126000,108,108,25,25,5.738100,5.738100,0.000000,0.000000,0.000000,0.000000,0.000000,unchanged,False,False
order,,W1100,D50,1.341000,2,0.140265,1.859735,1,2,8.000000,47.190700,39.190700,63.190700,1014,1025,293,311,40.664800,40.682000,0.000000,0.000000,0.000000,0.000000,0.000000,promoted,False,False
order,,W1101,D40,1.560900,4,-0.008520,4.000000,2,2,4.000000,63.252400,39.252400,210.652400,1012,1022,50,50,40.813300,40.813300,0.000000,0.000000,0.000000,0.000000,0.000000,unchanged,False,False
order,,W1102,D40,2.982300,4,-0.008520,4.000000,2,2,4.000000,63.262300,39.262300,210.662300,1013,1023,51,51,42.244600,42.244600,0.000000,0.000000,0.000000,0.000000,0.000000,unchanged,False,False
order,,W1103,D30,3.702300,4,-0.008520,4.000000,3,1,2.000000,119.289700,39.289700,210.689700,1053,1054,279,277,44.473800,44.125200,0.000000,0.000000,0.000000,0.000000,0.000000,unchanged,False,False
order,,W1104,D50,0.436100,4,0.104946,3.895054,2,2,4.000000,63.314100,39.314100,210.714100,1049,1026,306,312,41.100900,39.801600,0.000000,0.000000,0.000000,0.000000,0.000000,promoted,False,False
order,,W1105,D30,6.157300,4,-0.008520,4.000000,3,1,2.000000,119.316100,39.316100,210.716100,1302,1318,350,362,56.764000,58.113000,0.000000,0.000000,0.000000,0.000000,0.000000,unchanged,False,False
order,,W1106,D50,1.239300,4,0.137055,3.862945,2,2,4.000000,63.319700,39.319700,210.719700,1139,1039,337,318,45.342300,41.052500,0.000000,0.000000,0.000000,0.000000,0.000000,promoted,False,False
order,,W1107,D40,0.398600,4,-0.008520,4.000000,2,2,4.000000,63.400400,39.400400,210.800400,1015,1028,52,52,39.799000,39.799000,0.000000,0.000000,0.000000,0.000000,0.000000,unchanged,False,False
order,,W1108,D50,3.813200,4,0.383085,3.616915,2,2,4.000000,63.413500,39.413500,210.813500,1245,1029,369,313,51.954900,43.240300,0.000000,0.000000,0.000000,0.000000,0.000000,promoted,False,False
order,,W1109,D40,4.736800,4,-0.008520,4.000000,2,2,4.000000,63.416000,39.416000,210.816000,1024,1037,53,53,44.507600,44.507600,0.000000,0.000000,0.000000,0.000000,0.000000,unchanged,False,False
order,,W111,D50,0.946200,4,-0.008520,4.000000,4,0,1.000000,175.144600,3.744600,175.144600,113,113,35,35,5.030200,5.030200,0.000000,0.000000,0.000000,0.000000,0.000000,unchanged,False,False
order,,W1110,D50,4.146000,4,0.170999,3.829001,2,2,4.000000,63.436500,39.436500,210.836500,1252,1063,370,325,52.442800,44.898600,0.000000,0.000000,0.000000,0.000000,0.000000,promoted,False,False
order,,W1111,D30,9.758600,4,-0.008520,4.000000,3,1,2.000000,119.475700,39.475700,210.875700,1608,1500,418,404,73.408200,70.101500,0.000000,0.000000,0.000000,0.000000,0.000000,unchanged,False,False
order,,W1112,D20,7.516200,4,0.379003,3.620997,2,2,4.000000,63.513900,39.513900,210.913900,1435,1058,229,162,63.545400,48.169700,0.031500,0.000000,0.126000,0.000000,-0.126000,promoted,False,False
order,,W1113,D30,1.190100,4,-0.008520,4.000000,2,2,4.000000,63.539800,39.539800,210.939800,1028,1034,270,270,41.123800,40.854000,0.000000,0.000000,0.000000,0.000000,0.000000,unchanged,False,False
order,,W1114,D50,10.718400,4,-0.616128,4.000000,3,1,2.000000,119.628100,39.628100,211.028100,1225,1143,363,349,58.163300,55.062900,0.000000,0.000000,0.000000,0.000000,0.000000,unchanged,False,False
order,,W1115,D50,1.444000,4,0.143378,3.856622,2,2,4.000000,63.655600,39.655600,211.055600,1170,1049,346,322,46.786300,41.610000,0.000000,0.000000,0.000000,0.000000,0.000000,promoted,False,False
order,,W1116,D50,2.584300,4,0.149432,3.850568,2,2,4.000000,63.662100,39.662100,211.062100,1229,1062,365,324,50.202000,43.307400,0.000000,0.000000,0.000000,0.000000,0.000000,promoted,False,False
order,,W1117,D50,0.990600,4,0.128546,3.871454,2,2,4.000000,63.682100,39.682100,211.082100,1131,1035,335,316,44.898000,40.723100,0.000000,0.000000,0.000000,0.000000,0.000000,promoted,False,False
order,,W1118,D20,6.170800,4,0.379003,3.620997,2,2,4.000000,63.795400,39.795400,211.195400,1336,1065,213,163,58.227000,47.011200,0.000000,0.000000,0.000000,0.000000,0.000000,promoted,False,False
order,,W1119,D50,4.187300,4,0.110655,3.889345,2,2,4.000000,63.826000,39.826000,211.226000,1265,1122,375,344,52.953900,47.608900,0.000000,0.000000,0.000000,0.000000,0.000000,promoted,False,False
order,,W112,D50,3.708400,4,-0.008520,4.000000,4,0,1.000000,175.149700,3.749700,175.149700,139,139,43,43,9.022000,9.022000,0.000000,0.000000,0.000000,0.000000,0.000000,unchanged,False,False
order,,W1120,D40,1.409700,4,-0.008520,4.000000,2,2,4.000000,63.981100,39.981100,211.381100,1031,1046,54,54,41.390800,41.390800,0.000000,0.000000,0.000000,0.000000,0.000000,unchanged,False,False
order,,W1121,D20,3.312600,4,-0.332120,4.000000,4,-2,1.000000,211.422200,40.022200,211.422200,1054,1741,172,248,44.116000,75.300600,0.000000,0.000000,0.000000,0.000000,0.000000,unchanged,False,False
order,,W1122,D20,1.960800,4,-0.151763,4.000000,4,-1,1.000000,211.480000,40.080000,211.480000,1038,1728,170,245,42.175800,73.338400,0.000000,0.000000,0.000000,0.000000,0.000000,unchanged,False,False
order,,W1123,D20,0.706800,4,-0.138257,4.000000,4,-1,1.000000,211.482800,40.082800,211.482800,1034,1674,169,233,40.803400,69.845900,0.000000,0.000000,0.000000,0.000000,0.000000,unchanged,False,False
order,,W1124,D20,6.054800,4,0.385997,3.614003,2,2,4.000000,64.089400,40.089400,211.489400,1372,1055,219,161,59.681700,46.517200,0.000000,0.000000,0.000000,0.000000,0.000000,promoted,False,False
order,,W1125,D30,3.038400,2,-0.008520,2.008520,2,0,4.000000,64.191000,40.191000,64.191000,1040,1052,272,275,43.329900,43.329900,0.000000,0.000000,0.000000,0.000000,0.000000,unchanged,False,False
order,,W1126,D50,3.788200,4,-0.008520,4.000000,4,0,1.000000,211.597900,40.197900,211.597900,1268,1245,376,375,52.601200,52.737900,0.000000,0.000000,0.000000,0.000000,0.000000,unchanged,False,False
order,,W1127,D20,0.814000,4,-0.135746,4.000000,4,-1,1.000000,211.653800,40.253800,211.653800,1047,1703,171,238,41.393700,71.120900,0.000000,0.000000,0.000000,0.000000,0.000000,unchanged,False,False
order,,W1128,D90,3.482700,4,-0.008520,4.000000,2,2,4.000000,64.280700,40.280700,211.680700,1039,1051,57,57,43.763400,43.763400,0.000000,0.000000,0.000000,0.000000,0.000000,unchanged,False,False
order,,W1129,D50,1.298900,4,-0.008520,4.000000,4,0,1.000000,211.765700,40.365700,211.765700,1205,1199,356,358,48.085200,48.549600,0.000000,0.000000,0.000000,0.000000,0.000000,unchanged,False,False
order,,W113,D50,1.765100,4,-0.008520,4.000000,4,0,1.000000,175.153300,3.753300,175.153300,119,119,36,36,6.164500,6.164500,0.000000,0.000000,0.000000,0.000000,0.000000,unchanged,False,False
order,,W1130,C30,4.728900,4,-0.236885,4.000000,3,1,2.000000,120.497400,40.497400,211.897400,1045,1056,23,23,45.226300,45.226300,0.000000,0.000000,0.000000,0.000000,0.000000,unchanged,False,False
order,,W1131,D20,6.357800,4,0.383388,3.616612,2,2,4.000000,64.600100,40.600100,212.000100,1415,1069,226,164,61.819200,47.255100,0.000000,0.000000,0.000000,0.000000,0.000000,promoted,False,False
order,,W1132,D50,1.924400,4,-0.008520,4.000000,4,0,1.000000,212.054900,40.654900,212.054900,1238,1226,367,365,49.813100,50.206800,0.000000,0.000000,0.000000,0.000000,0.000000,unchanged,False,False
order,,W1133,D30,1.788800,4,-0.008520,4.000000,4,0,1.000000,212.068400,40.668400,212.068400,1052,1060,278,279,42.544000,42.474200,0.000000,0.000000,0.000000,0.000000,0.000000,unchanged,False,False
order,,W1134,D30,0.783400,4,-0.008520,4.000000,4,0,1.000000,212.092200,40.692200,212.092200,1050,1061,277,280,41.511700,41.482500,0.000000,0.000000,0.000000,0.000000,0.000000,unchanged,False,False
order,,W1135,D20,11.479500,4,0.335486,3.664514,2,2,4.000000,64.740800,40.740800,212.140800,1549,1074,248,166,71.963200,52.648500,7.222400,0.000000,28.889600,0.000000,-28.889600,promoted,False,False
order,,W1136,D30,0.809400,4,-0.008520,4.000000,4,0,1.000000,212.191700,40.791700,212.191700,1056,1066,280,282,41.700700,41.663400,0.000000,0.000000,0.000000,0.000000,0.000000,unchanged,False,False
order,,W1137,D20,2.475600,4,-0.192208,4.000000,4,-1,1.000000,212.219200,40.819200,212.219200,1100,1788,177,255,45.114000,76.366900,0.000000,0.000000,0.000000,0.000000,0.000000,unchanged,False,False
order,,W1138,D30,9.563900,4,-0.008520,4.000000,4,0,1.000000,212.234000,40.834000,212.234000,1618,1546,421,416,73.727600,72.352400,0.000000,0.000000,0.000000,0.000000,0.000000,unchanged,False,False
order,,W1139,D10,1.915600,4,-0.008520,4.000000,4,0,1.000000,212.306500,40.906500,212.306500,1067,1076,15,15,43.236900,43.236900,0.000000,0.000000,0.000000,0.000000,0.000000,unchanged,False,False
order,,W114,D50,8.573400,4,-0.008520,4.000000,4,0,1.000000,175.159800,3.759800,175.159800,297,297,96,96,20.150900,20.150900,0.000000,0.000000,0.000000,0.000000,0.000000,unchanged,False,False
order,,W1140,D50,4.405500,4,-0.008520,4.000000,4,0,1.000000,212.310700,40.910700,212.310700,1278,1255,379,379,53.900500,53.670100,0.000000,0.000000,0.000000,0.000000,0.000000,unchanged,False,False
order,,W1141,D30,1.658200,4,-0.008520,4.000000,4,0,1.000000,212.328300,40.928300,212.328300,1062,1079,283,286,42.782000,43.140700,0.000000,0.000000,0.000000,0.000000,0.000000,unchanged,False,False
order,,W1142,D50,2.971300,4,-0.008520,4.000000,4,0,1.000000,212.331600,40.931600,212.331600,1270,1250,377,377,51.981400,52.088600,0.000000,0.000000,0.000000,0.000000,0.000000,unchanged,False,False
order,,W1143,D30,4.721200,4,-0.008520,4.000000,4,0,1.000000,212.352400,40.952400,212.352400,1185,1154,316,310,50.769200,49.492000,0.000000,0.000000,0.000000,0.000000,0.000000,unchanged,False,False
order,,W1144,D90,1.163500,4,-0.008520,4.000000,2,2,4.000000,64.962100,40.962100,212.362100,1059,1071,58,58,42.125600,42.125600,0.000000,0.000000,0.000000,0.000000,0.000000,unchanged,False,False
order,,W1145,D50,5.508900,4,-0.008520,4.000000,4,0,1.000000,212.434700,41.034700,212.434700,1277,1254,378,378,54.879200,54.749100,0.000000,0.000000,0.000000,0.000000,0.000000,unchanged,False,False
order,,W1146,D30,1.640500,4,-0.008520,4.000000,4,0,1.000000,212.464700,41.064700,212.464700,1061,1077,282,285,42.761000,42.970600,0.000000,0.000000,0.000000,0.000000,0.000000,unchanged,False,False
order,,W1147,D20,0.714400,4,-0.138025,4.000000,4,-1,1.000000,212.471600,41.071600,212.471600,1081,1713,175,240,42.638400,71.377600,0.000000,0.000000,0.000000,0.000000,0.000000,unchanged,False,False
order,,W1148,D30,2.709300,4,-0.008520,4.000000,4,0,1.000000,212.496000,41.096000,212.496000,1064,1080,284,287,43.945300,44.234900,0.000000,0.000000,0.000000,0.000000,0.000000,unchanged,False,False
order,,W1149,D20,4.028900,2,0.379003,1.620997,1,2,8.000000,49.098800,41.098800,65.098800,1069,1073,173,165,45.422600,45.183100,0.000000,0.000000,0.000000,0.000000,0.000000,promoted,False,False
order,,W115,D50,0.510400,4,-0.008520,4.000000,4,0,1.000000,175.250100,3.850100,175.250100,109,109,33,33,4.399400,4.399400,0.000000,0.000000,0.000000,0.000000,0.000000,unchanged,False,False
order,,W1150,D30,5.794800,4,-0.008520,4.000000,4,0,1.000000,212.582500,41.182500,212.582500,1305,1331,353,366,56.564000,58.159200,0.000000,0.000000,0.000000,0.000000,0.000000,unchanged,False,False
order,,W1151,D50,1.018500,4,-0.008520,4.000000,4,0,1.000000,212.589300,41.189300,212.589300,1191,1203,350,359,47.405700,48.492100,0.000000,0.000000,0.000000,0.000000,0.000000,unchanged,False,False
order,,W1152,D90,1.860300,4,-0.008520,4.000000,2,2,4.000000,65.309800,41.309800,212.709800,1066,1075,59,59,43.170100,43.170100,0.000000,0.000000,0.000000,0.000000,0.000000,unchanged,False,False
order,,W1153,D20,12.084700,2,0.323164,1.676836,1,2,8.000000,49.383400,41.383400,65.383400,1074,1118,174,167,53.626900,55.470000,4.243500,6.086600,33.948000,48.692800,14.744800,promoted,False,True
order,,W1154,D30,9.375600,4,-0.008520,4.000000,4,0,1.000000,212.856900,41.456900,212.856900,1620,1608,422,423,73.571800,75.359500,0.000000,0.000000,0.000000,0.000000,0.000000,unchanged,False,False
order,,W1155,MISC,1.291900,4,-0.008520,4.000000,2,2,4.000000,65.648200,41.648200,213.048200,1076,1083,15,15,42.940100,42.940100,0.000000,0.000000,0.000000,0.000000,0.000000,unchanged,False,False
order,,W1156,D30,0.762600,4,-0.008520,4.000000,4,0,1.000000,213.059900,41.659900,213.059900,1077,1084,287,288,42.463300,42.426000,0.000000,0.000000,0.000000,0.000000,0.000000,unchanged,False,False
order,,W1157,D50,1.409800,4,-0.008520,4.000000,4,0,1.000000,213.124800,41.724800,213.124800,1243,1240,368,372,49.495000,50.119500,0.000000,0.000000,0.000000,0.000000,0.000000,unchanged,False,False
order,,W1158,C10,1.429800,4,-0.008520,4.000000,4,0,1.000000,213.134700,41.734700,213.134700,1078,1085,55,55,43.164500,43.164500,0.000000,0.000000,0.000000,0.000000,0.000000,unchanged,False,False
order,,W1159,B20,6.555600,4,-0.008520,4.000000,4,-2,1.000000,213.336600,41.936600,213.336600,1083,1090,13,13,48.492200,48.492200,0.000000,0.000000,0.000000,0.000000,0.000000,unchanged,False,False
order,,W116,D20,6.273900,4,0.387791,3.612209,2,2,4.000000,27.938500,3.938500,175.338500,110,110,26,26,10.212400,10.212400,0.000000,0.000000,0.000000,0.000000,0.000000,promoted,False,False
order,,W1160,D20,0.867100,4,-0.134634,4.000000,4,-1,1.000000,213.347400,41.947400,213.347400,1089,1722,176,243,43.042900,71.988000,0.000000,0.000000,0.000000,0.000000,0.000000,unchanged,False,False
order,,W1161,C30,3.110600,4,-0.198360,4.000000,2,2,4.000000,65.973000,41.973000,213.373000,1084,1091,24,24,45.083600,45.083600,0.000000,0.000000,0.000000,0.000000,0.000000,unchanged,False,False
order,,W1162,D30,1.370500,4,-0.008520,4.000000,4,0,1.000000,213.386000,41.986000,213.386000,1132,1117,300,297,45.296600,44.700400,0.000000,0.000000,0.000000,0.000000,0.000000,unchanged,False,False
order,,W1163,D40,4.502600,4,-0.640447,4.000000,3,1,2.000000,121.988100,41.988100,213.388100,1085,1092,55,55,46.490700,46.490700,0.000000,0.000000,0.000000,0.000000,0.000000,unchanged,False,False
order,,W1164,D50,0.524000,4,-0.008520,4.000000,4,0,1.000000,213.439900,42.039900,213.439900,1121,1158,331,352,44.094800,45.422600,0.000000,0.000000,0.000000,0.000000,0.000000,unchanged,False,False
order,,W1165,D50,1.325500,4,-0.008520,4.000000,4,0,1.000000,213.450400,42.050400,213.450400,1253,1242,371,373,49.647700,50.061000,0.000000,0.000000,0.000000,0.000000,0.000000,unchanged,False,False
order,,W1166,D30,5.720300,2,-0.008520,2.008520,2,0,4.000000,66.075200,42.075200,66.075200,1097,1096,292,290,48.264300,47.941900,0.000000,0.000000,0.000000,0.000000,0.000000,unchanged,False,False
order,,W1167,D90,3.185200,4,-0.008520,4.000000,2,2,4.000000,66.146100,42.146100,213.546100,1087,1095,60,60,45.331300,45.331300,0.000000,0.000000,0.000000,0.000000,0.000000,unchanged,False,False
order,,W1168,D10,2.053300,4,-0.008520,4.000000,4,0,1.000000,213.592200,42.192200,213.592200,1113,1113,16,16,45.290200,45.290200,0.000000,0.000000,0.000000,0.000000,0.000000,unchanged,False,False
order,,W1169,D30,5.668300,4,-0.008520,4.000000,4,0,1.000000,213.633200,42.233200,213.633200,1484,1503,398,405,63.649600,66.194500,0.000000,0.000000,0.000000,0.000000,0.000000,unchanged,False,False
order,,W117,D40,1.204700,1,-0.008520,1.008520,1,1,8.000000,12.072100,4.072100,12.072100,112,112,3,3,5.276800,5.276800,0.000000,0.000000,0.000000,0.000000,0.000000,unchanged,False,False
order,,W1170,D30,1.457500,4,-0.008520,4.000000,4,0,1.000000,213.638400,42.238400,213.638400,1133,1123,301,298,45.402800,44.881300,0.000000,0.000000,0.000000,0.000000,0.000000,unchanged,False,False
order,,W1171,D50,1.782500,4,-0.008520,4.000000,4,0,1.000000,213.655000,42.255000,213.655000,1284,1258,381,380,51.595600,51.103400,0.000000,0.000000,0.000000,0.000000,0.000000,unchanged,False,False
order,,W1172,D90,4.479200,4,-0.008520,4.000000,2,2,4.000000,66.261700,42.261700,213.661700,1090,1097,61,61,46.740900,46.740900,0.000000,0.000000,0.000000,0.000000,0.000000,unchanged,False,False
order,,W1173,D30,2.344800,2,-0.008520,2.008520,2,0,4.000000,66.264500,42.264500,66.264500,1095,1099,291,291,44.808100,44.770800,0.000000,0.000000,0.000000,0.000000,0.000000,unchanged,False,False
order,,W1174,D20,2.800100,4,-0.250086,4.000000,4,-2,1.000000,213.694000,42.294000,213.694000,1106,1952,178,272,45.766900,82.920500,0.000000,0.000000,0.000000,0.000000,0.000000,unchanged,False,False
order,,W1175,D50,0.800500,2,-0.008520,2.008520,2,0,4.000000,66.300700,42.300700,66.300700,1091,1098,319,336,43.103900,43.140100,0.000000,0.000000,0.000000,0.000000,0.000000,unchanged,False,False
order,,W1176,D30,9.806100,4,-0.008520,4.000000,4,0,1.000000,213.733600,42.333600,213.733600,1681,1629,430,429,76.968800,76.762800,0.000000,0.000000,0.000000,0.000000,0.000000,unchanged,False,False
order,,W1177,D30,11.934400,2,-0.008520,2.008520,3,-1,2.000000,122.363900,42.363900,66.363900,1115,1100,296,292,55.264300,54.408600,0.000000,0.000000,0.000000,0.000000,0.000000,unchanged,False,False
order,,W1178,D50,1.122200,4,-0.008520,4.000000,4,0,1.000000,213.784900,42.384900,213.784900,1232,1236,366,370,48.766600,49.671800,0.000000,0.000000,0.000000,0.000000,0.000000,unchanged,False,False
order,,W1179,D50,1.206100,2,-0.008520,2.008520,2,0,4.000000,66.504900,42.504900,66.504900,1096,1102,323,337,43.720400,43.829100,0.000000,0.000000,0.000000,0.000000,0.000000,unchanged,False,False
order,,W118,D20,1.006600,4,-0.131856,4.000000,4,-1,1.000000,175.532400,4.132400,175.532400,114,114,27,27,5.139000,5.139000,0.000000,0.000000,0.000000,0.000000,0.000000,unchanged,False,False
order,,W1180,D30,8.599500,2,-0.008520,2.008520,2,0,4.000000,66.528700,42.528700,66.528700,1103,1108,295,295,51.381500,51.740200,0.000000,0.000000,0.000000,0.000000,0.000000,unchanged,False,False
order,,W1181,D50,2.520800,4,-0.008520,4.000000,4,0,1.000000,213.958200,42.558200,213.958200,1348,1296,398,392,54.963600,53.549000,0.000000,0.000000,0.000000,0.000000,0.000000,unchanged,False,False
order,,W1182,D30,4.246700,2,-0.008520,2.008520,2,0,4.000000,66.582200,42.582200,66.582200,1102,1105,294,294,47.007700,47.217300,0.000000,0.000000,0.000000,0.000000,0.000000,unchanged,False,False
order,,W1183,E10,9.437600,2,-0.747028,2.747028,1,1,8.000000,50.588700,42.588700,66.588700,1099,1101,43,43,52.026300,52.026300,1.437600,1.437600,11.500800,11.500800,0.000000,demoted,True,False
order,,W1184,D30,3.257200,2,-0.008520,2.008520,2,0,4.000000,66.660200,42.660200,66.660200,1101,1103,293,293,45.972200,46.189900,0.000000,0.000000,0.000000,0.000000,0.000000,unchanged,False,False
order,,W1185,D50,0.445200,4,-0.008520,4.000000,4,0,1.000000,214.127600,42.727600,214.127600,1123,1166,332,353,44.106800,45.867800,0.000000,0.000000,0.000000,0.000000,0.000000,unchanged,False,False
order,,W1186,D30,5.364300,4,-0.008520,4.000000,4,0,1.000000,214.151800,42.751800,214.151800,1502,1333,403,367,64.196200,57.789300,0.000000,0.000000,0.000000,0.000000,0.000000,unchanged,False,False
order,,W1187,C10,1.340200,4,-0.008520,4.000000,4,0,1.000000,214.168200,42.768200,214.168200,1111,1110,56,56,44.504700,44.504700,0.000000,0.000000,0.000000,0.000000,0.000000,unchanged,False,False
order,,W1188,D20,6.444300,4,0.378902,3.621098,2,2,4.000000,66.830200,42.830200,214.230200,1490,1131,236,168,64.699100,50.362000,0.000000,0.000000,0.000000,0.000000,0.000000,promoted,False,False
order,,W1189,D50,0.916500,4,-0.008520,4.000000,4,0,1.000000,214.274700,42.874700,214.274700,1223,1230,362,367,48.322200,49.320900,0.000000,0.000000,0.000000,0.000000,0.000000,unchanged,False,False
order,,W119,D30,7.134700,1,-0.008520,1.008520,1,0,8.000000,12.234600,4.234600,12.234600,115,115,35,35,11.369300,11.369300,0.000000,0.000000,0.000000,0.000000,0.000000,unchanged,False,False
order,,W1190,D90,1.476600,4,-0.008520,4.000000,2,2,4.000000,66.935700,42.935700,214.335700,1105,1104,62,62,44.412300,44.412300,0.000000,0.000000,0.000000,0.000000,0.000000,unchanged,False,False
order,,W1191,D30,0.439700,4,-0.008520,4.000000,4,0,1.000000,214.440500,43.040500,214.440500,1117,1112,297,296,43.818800,43.668300,0.000000,0.000000,0.000000,0.000000,0.000000,unchanged,False,False
order,,W1192,D30,3.358500,4,-0.008520,4.000000,4,0,1.000000,214.441100,43.041100,214.441100,1135,1124,302,299,47.318200,46.819300,0.000000,0.000000,0.000000,0.000000,0.000000,unchanged,False,False
order,,W1193,D50,1.035300,4,-0.008520,4.000000,4,0,1.000000,214.457100,43.057100,214.457100,1254,1247,372,376,49.370300,50.053400,0.000000,0.000000,0.000000,0.000000,0.000000,unchanged,False,False
order,,W1194,D50,0.644000,4,-0.008520,4.000000,4,0,1.000000,214.490000,43.090000,214.490000,1193,1209,351,362,47.077900,48.322700,0.000000,0.000000,0.000000,0.000000,0.000000,unchanged,False,False
order,,W1195,D50,0.614000,4,-0.008520,4.000000,4,0,1.000000,214.553100,43.153100,214.553100,1186,1206,349,361,46.717500,48.222900,0.000000,0.000000,0.000000,0.000000,0.000000,unchanged,False,False
order,,W1196,MISC,2.300000,4,-0.008520,4.000000,2,2,4.000000,67.163500,43.163500,214.563500,1110,1109,16,16,45.463500,45.463500,0.000000,0.000000,0.000000,0.000000,0.000000,unchanged,False,False
order,,W1197,D50,0.762200,2,-0.008520,2.008520,2,0,4.000000,67.194800,43.194800,67.194800,1116,1114,328,340,44.103000,44.002500,0.000000,0.000000,0.000000,0.000000,0.000000,unchanged,False,False
order,,W1198,D40,0.390200,4,-0.008520,4.000000,3,1,2.000000,123.223100,43.223100,214.623100,1112,1111,56,56,43.613300,43.613300,0.000000,0.000000,0.000000,0.000000,0.000000,unchanged,False,False
order,,W1199,D90,4.506400,4,-0.008520,4.000000,2,2,4.000000,67.287800,43.287800,214.687800,1114,1115,63,63,47.794200,47.794200,0.000000,0.000000,0.000000,0.000000,0.000000,unchanged,False,False
order,,W12,D30,2.738300,4,-0.008520,4.000000,4,0,1.000000,171.765700,0.365700,171.765700,13,13,3,3,3.104000,3.104000,0.000000,0.000000,0.000000,0.000000,0.000000,unchanged,False,False
order,,W120,C10,3.772600,4,-0.008520,4.000000,4,0,1.000000,175.719800,4.319800,175.719800,116,116,2,2,8.092400,8.092400,0.000000,0.000000,0.000000,0.000000,0.000000,unchanged,False,False
order,,W1200,D20,3.952800,4,0.350743,3.649257,4,-2,1.000000,214.737300,43.337300,214.737300,1274,1213,203,179,53.150500,51.854600,0.000000,0.000000,0.000000,0.000000,0.000000,promoted,True,False
order,,W1201,C30,1.704100,4,0.161421,3.838579,2,2,4.000000,67.402400,43.402400,214.802400,1118,1120,25,25,45.106500,45.106500,0.000000,0.000000,0.000000,0.000000,0.000000,promoted,False,False
order,,W1202,D20,6.965600,4,0.298744,3.701256,2,2,4.000000,67.425700,43.425700,214.825700,1551,1301,249,186,67.525000,58.272000,0.099300,0.000000,0.397200,0.000000,-0.397200,promoted,False,False
order,,W1203,D50,1.821300,4,-0.008520,4.000000,4,0,1.000000,214.827900,43.427900,214.827900,1346,1297,397,393,54.179400,52.924700,0.000000,0.000000,0.000000,0.000000,0.000000,unchanged,False,False
order,,W1204,D20,4.889700,4,0.379003,3.620997,2,2,4.000000,67.458700,43.458700,214.858700,1425,1200,228,176,60.559400,52.144800,0.000000,0.000000,0.000000,0.000000,0.000000,promoted,False,False
order,,W1205,D30,0.636800,4,-0.008520,4.000000,4,0,1.000000,214.879700,43.479700,214.879700,1128,1126,298,300,44.455600,44.305100,0.000000,0.000000,0.000000,0.000000,0.000000,unchanged,False,False
order,,W1206,D50,0.748100,4,-0.008520,4.000000,4,0,1.000000,214.917200,43.517200,214.917200,1222,1234,361,369,48.141700,49.240200,0.000000,0.000000,0.000000,0.000000,0.000000,unchanged,False,False
order,,W1207,D30,1.129700,4,-0.008520,4.000000,4,0,1.000000,214.986300,43.586300,214.986300,1130,1129,299,301,45.000300,44.864600,0.000000,0.000000,0.000000,0.000000,0.000000,unchanged,False,False
order,,W1208,D90,12.840300,4,-0.008520,4.000000,2,2,4.000000,67.590300,43.590300,214.990300,1122,1125,64,64,56.430600,56.430600,0.000000,0.000000,0.000000,0.000000,0.000000,unchanged,False,False
order,,W1209,D90,0.503100,4,-0.008520,4.000000,2,2,4.000000,67.687800,43.687800,215.087800,1124,1127,65,65,44.190900,44.190900,0.000000,0.000000,0.000000,0.000000,0.000000,unchanged,False,False
order,,W121,D50,2.331300,4,-0.008520,4.000000,4,0,1.000000,175.726000,4.326000,175.726000,129,129,40,40,7.361500,7.361500,0.000000,0.000000,0.000000,0.000000,0.000000,unchanged,False,False
order,,W1210,C30,7.206300,4,-0.826169,4.000000,3,1,2.000000,123.688600,43.688600,215.088600,1125,1128,26,26,50.894900,50.894900,0.000000,0.000000,0.000000,0.000000,0.000000,unchanged,False,False
order,,W1211,D50,0.468500,4,-0.008520,4.000000,4,0,1.000000,215.180400,43.780400,215.180400,1166,1205,345,360,45.682400,47.997700,0.000000,0.000000,0.000000,0.000000,0.000000,unchanged,False,False
order,,W1212,D20,6.134000,4,0.387918,3.612082,2,2,4.000000,67.842200,43.842200,215.242200,1546,1138,247,169,66.426700,50.300200,0.000000,0.000000,0.000000,0.000000,0.000000,promoted,False,False
order,,W1213,D20,0.502400,4,-0.144909,4.000000,4,-1,1.000000,215.255200,43.855200,215.255200,1134,1720,181,242,44.450700,71.511800,0.000000,0.000000,0.000000,0.000000,0.000000,unchanged,False,False
order,,W1214,D30,3.447700,4,-0.008520,4.000000,4,0,1.000000,215.296000,43.896000,215.296000,1136,1133,303,303,47.414900,47.414900,0.000000,0.000000,0.000000,0.000000,0.000000,unchanged,False,False
order,,W1215,D50,2.495200,4,-0.008520,4.000000,4,0,1.000000,215.352100,43.952100,215.352100,1380,1354,409,412,56.489000,56.165300,0.000000,0.000000,0.000000,0.000000,0.000000,unchanged,False,False
order,,W1216,D50,0.627000,4,-0.008520,4.000000,4,0,1.000000,215.400900,44.000900,215.400900,1218,1228,359,366,47.888700,48.949700,0.000000,0.000000,0.000000,0.000000,0.000000,unchanged,False,False
order,,W1217,D30,0.454300,4,-0.008520,4.000000,4,0,1.000000,215.428200,44.028200,215.428200,1157,1142,307,306,45.262400,44.759400,0.000000,0.000000,0.000000,0.000000,0.000000,unchanged,False,False
order,,W1218,D30,2.067500,2,-0.008520,2.008520,2,0,4.000000,68.099400,44.099400,68.099400,1147,1135,305,304,46.523100,46.192700,0.000000,0.000000,0.000000,0.000000,0.000000,unchanged,False,False
order,,W1219,D30,5.249200,2,-0.008520,2.008520,2,0,4.000000,68.108300,44.108300,68.108300,1148,1140,306,305,49.723000,49.484100,0.000000,0.000000,0.000000,0.000000,0.000000,unchanged,False,False
order,,W122,C10,2.604600,2,-0.008520,2.008520,2,0,4.000000,28.327300,4.327300,28.327300,117,117,3,3,6.931900,6.931900,0.000000,0.000000,0.000000,0.000000,0.000000,unchanged,False,False
order,,W1220,D20,1.228400,4,-0.127813,4.000000,4,-1,1.000000,215.533100,44.133100,215.533100,1146,1947,183,271,45.679100,81.224200,0.000000,0.000000,0.000000,0.000000,0.000000,unchanged,False,False
order,,W1221,D40,8.957500,4,-0.887841,4.000000,3,1,2.000000,124.142700,44.142700,215.542700,1142,1136,57,57,53.100200,53.100200,0.000000,0.000000,0.000000,0.000000,0.000000,unchanged,False,False
order,,W1222,C30,16.976400,1,-1.440225,2.440225,1,1,8.000000,52.239000,44.239000,52.239000,1143,1141,27,27,61.215400,61.215400,8.976400,8.976400,71.811200,71.811200,0.000000,demoted,True,False
order,,W1223,D50,1.297000,4,-0.008520,4.000000,4,0,1.000000,215.730200,44.330200,215.730200,1332,1293,392,390,53.251900,52.149100,0.000000,0.000000,0.000000,0.000000,0.000000,unchanged,False,False
order,,W1224,D20,2.125200,4,-0.158989,4.000000,4,-1,1.000000,215.758900,44.358900,215.758900,1263,1995,200,280,50.860900,84.268400,0.000000,0.000000,0.000000,0.000000,0.000000,unchanged,False,False
order,,W1225,D50,1.307000,4,-0.008520,4.000000,4,0,1.000000,215.760200,44.360200,215.760200,1343,1295,396,391,53.617900,52.190000,0.000000,0.000000,0.000000,0.000000,0.000000,unchanged,False,False
order,,W1226,D40,1.961600,4,-0.008520,4.000000,3,1,2.000000,124.372100,44.372100,215.772100,1144,1144,58,58,46.333700,46.333700,0.000000,0.000000,0.000000,0.000000,0.000000,unchanged,False,False
order,,W1227,D50,3.766600,2,-0.008520,2.008520,2,0,4.000000,68.388600,44.388600,68.388600,1155,1146,341,350,48.475500,48.282400,0.000000,0.000000,0.000000,0.000000,0.000000,unchanged,False,False
order,,W1228,D50,1.967100,4,-0.008520,4.000000,4,0,1.000000,215.804000,44.404000,215.804000,1371,1338,406,406,55.585000,54.891800,0.000000,0.000000,0.000000,0.000000,0.000000,unchanged,False,False
order,,W1229,D50,0.485800,4,-0.008520,4.000000,4,0,1.000000,215.842900,44.442900,215.842900,1204,1218,355,363,47.261700,48.483500,0.000000,0.000000,0.000000,0.000000,0.000000,unchanged,False,False
order,,W123,C10,1.715800,4,-0.008520,4.000000,4,0,1.000000,175.730700,4.330700,175.730700,118,118,4,4,6.046500,6.046500,0.000000,0.000000,0.000000,0.000000,0.000000,unchanged,False,False
order,,W1230,B30,22.821300,4,-0.008520,4.000000,4,0,1.000000,215.893900,44.493900,215.893900,1149,1145,17,17,67.315200,67.315200,0.000000,0.000000,0.000000,0.000000,0.000000,unchanged,False,False
order,,W1231,D20,0.712100,4,-0.138095,4.000000,4,-1,1.000000,215.898400,44.498400,215.898400,1174,1736,186,247,46.195500,72.315000,0.000000,0.000000,0.000000,0.000000,0.000000,unchanged,False,False
order,,W1232,D50,1.845200,1,-0.008520,1.008520,1,0,8.000000,52.516700,44.516700,52.516700,1151,1155,340,351,46.387200,46.662300,0.000000,0.000000,0.000000,0.000000,0.000000,unchanged,False,False
order,,W1233,D40,1.478200,4,-0.008520,4.000000,3,1,2.000000,124.541300,44.541300,215.941300,1150,1147,59,59,46.019500,46.019500,0.000000,0.000000,0.000000,0.000000,0.000000,unchanged,False,False
order,,W1234,D20,1.286800,4,-0.126816,4.000000,4,-1,1.000000,215.946700,44.546700,215.946700,1207,1963,193,274,48.102600,82.143200,0.000000,0.000000,0.000000,0.000000,0.000000,unchanged,False,False
order,,W1235,D30,2.328900,4,-0.008520,4.000000,4,0,1.000000,215.957700,44.557700,215.957700,1161,1149,308,307,47.291500,47.029300,0.000000,0.000000,0.000000,0.000000,0.000000,unchanged,False,False
order,,W1236,D50,2.487100,4,-0.008520,4.000000,4,0,1.000000,215.994700,44.594700,215.994700,1404,1370,418,419,57.445300,57.108700,0.000000,0.000000,0.000000,0.000000,0.000000,unchanged,False,False
order,,W1237,D50,2.778400,4,-0.008520,4.000000,4,0,1.000000,216.006600,44.606600,216.006600,1408,1372,421,421,57.899700,57.618300,0.000000,0.000000,0.000000,0.000000,0.000000,unchanged,False,False
order,,W1238,D50,0.486800,4,-0.008520,4.000000,4,0,1.000000,216.051700,44.651700,216.051700,1211,1223,357,364,47.487600,48.709700,0.000000,0.000000,0.000000,0.000000,0.000000,unchanged,False,False
order,,W1239,D50,1.919200,4,-0.008520,4.000000,4,0,1.000000,216.083800,44.683800,216.083800,1377,1350,408,409,55.819700,55.468200,0.000000,0.000000,0.000000,0.000000,0.000000,unchanged,False,False
order,,W124,D20,1.003900,4,-0.131908,4.000000,4,-1,1.000000,175.830200,4.430200,175.830200,127,127,29,29,5.907700,5.907700,0.000000,0.000000,0.000000,0.000000,0.000000,unchanged,False,False
order,,W1240,E10,32.886800,4,-1.415496,4.000000,4,0,1.000000,216.096900,44.696900,216.096900,1152,1148,44,44,77.583700,77.583700,0.000000,0.000000,0.000000,0.000000,0.000000,unchanged,False,False
order,,W1241,E10,0.938400,4,-0.008520,4.000000,3,1,2.000000,124.701100,44.701100,216.101100,1153,1150,45,45,45.639500,45.639500,0.000000,0.000000,0.000000,0.000000,0.000000,unchanged,False,False
order,,W1242,D40,6.121300,4,-0.868892,4.000000,3,1,2.000000,124.702400,44.702400,216.102400,1154,1151,60,60,50.823700,50.823700,0.000000,0.000000,0.000000,0.000000,0.000000,unchanged,False,False
order,,W1243,D50,1.792700,4,-0.008520,4.000000,4,0,1.000000,216.115700,44.715700,216.115700,1364,1337,404,405,55.044600,54.621600,0.000000,0.000000,0.000000,0.000000,0.000000,unchanged,False,False
order,,W1244,D50,1.566600,4,-0.008520,4.000000,4,0,1.000000,216.133900,44.733900,216.133900,1350,1323,399,400,54.110000,53.745300,0.000000,0.000000,0.000000,0.000000,0.000000,unchanged,False,False
order,,W1245,D30,3.239500,4,-0.008520,4.000000,4,0,1.000000,216.189400,44.789400,216.189400,1162,1156,309,311,48.239800,48.104100,0.000000,0.000000,0.000000,0.000000,0.000000,unchanged,False,False
order,,W1246,D50,4.494800,4,-0.008520,4.000000,4,0,1.000000,216.194700,44.794700,216.194700,1447,1390,435,431,60.940200,60.244700,0.000000,0.000000,0.000000,0.000000,0.000000,unchanged,False,False
order,,W1247,D50,0.988200,4,-0.008520,4.000000,4,0,1.000000,216.234200,44.834200,216.234200,1329,1285,389,388,52.854400,51.573700,0.000000,0.000000,0.000000,0.000000,0.000000,unchanged,False,False
order,,W1248,E10,5.332100,4,-0.081010,4.000000,3,1,2.000000,124.942300,44.942300,216.342300,1176,1170,46,46,50.971600,50.971600,0.000000,0.000000,0.000000,0.000000,0.000000,unchanged,False,False
order,,W1249,B20,2.930600,1,-0.008520,1.008520,2,-1,4.000000,68.948300,44.948300,52.948300,1160,1159,14,14,47.878900,47.878900,0.000000,0.000000,0.000000,0.000000,0.000000,unchanged,False,False
order,,W125,D50,1.183500,4,-0.008520,4.000000,4,0,1.000000,175.851300,4.451300,175.851300,124,124,37,37,5.956600,5.956600,0.000000,0.000000,0.000000,0.000000,0.000000,unchanged,False,False
order,,W1250,D50,6.979400,4,-0.008520,4.000000,4,0,1.000000,216.358300,44.958300,216.358300,1454,1407,438,438,63.613400,63.448800,0.000000,0.000000,0.000000,0.000000,0.000000,unchanged,False,False
order,,W1251,D20,21.997000,2,0.377098,1.622902,1,2,8.000000,52.998900,44.998900,68.998900,1165,1162,184,170,67.111000,67.180100,14.112100,14.181200,112.896800,113.449600,0.552800,promoted,False,True
order,,W1252,D30,2.128700,4,-0.008520,4.000000,4,0,1.000000,216.417300,45.017300,216.417300,1182,1177,314,317,47.997500,48.318600,0.000000,0.000000,0.000000,0.000000,0.000000,unchanged,False,False
order,,W1253,C30,29.569100,2,-1.702237,3.702237,1,1,8.000000,53.026800,45.026800,69.026800,1164,1161,28,28,74.652700,74.652700,21.625900,21.625900,173.007200,173.007200,0.000000,demoted,True,False
order,,W1254,D30,0.737800,4,-0.008520,4.000000,4,0,1.000000,216.430000,45.030000,216.430000,1171,1167,312,315,46.140600,46.165400,0.000000,0.000000,0.000000,0.000000,0.000000,unchanged,False,False
order,,W1255,D40,0.558200,4,-0.008520,4.000000,3,1,2.000000,125.078700,45.078700,216.478700,1163,1160,61,61,45.636900,45.636900,0.000000,0.000000,0.000000,0.000000,0.000000,unchanged,False,False
order,,W1256,D20,1.048900,4,-0.131051,4.000000,4,-1,1.000000,216.484200,45.084200,216.484200,1181,1956,188,273,46.815800,81.485300,0.000000,0.000000,0.000000,0.000000,0.000000,unchanged,False,False
order,,W1257,D30,4.681400,2,-0.008520,2.008520,2,0,4.000000,69.084400,45.084400,69.084400,1168,1165,311,314,49.978000,50.035800,0.000000,0.000000,0.000000,0.000000,0.000000,unchanged,False,False
order,,W1258,D50,0.908700,4,-0.008520,4.000000,4,0,1.000000,216.505800,45.105800,216.505800,1314,1272,386,386,52.071200,51.028200,0.000000,0.000000,0.000000,0.000000,0.000000,unchanged,False,False
order,,W1259,D40,5.904300,4,-0.867143,4.000000,3,1,2.000000,125.142600,45.142600,216.542600,1175,1169,62,62,51.541200,51.541200,0.000000,0.000000,0.000000,0.000000,0.000000,unchanged,False,False
order,,W126,D30,18.155100,4,-0.008520,4.000000,4,-1,1.000000,175.895700,4.495700,175.895700,120,120,36,36,22.650800,22.650800,0.000000,0.000000,0.000000,0.000000,0.000000,unchanged,False,False
order,,W1260,D30,1.466800,2,-0.008520,2.008520,2,0,4.000000,69.192500,45.192500,69.192500,1167,1163,310,313,46.729200,46.777000,0.000000,0.000000,0.000000,0.000000,0.000000,unchanged,False,False
order,,W1261,D20,5.832300,2,0.380482,1.619518,1,2,8.000000,53.210500,45.210500,69.210500,1172,1168,185,171,51.254900,51.306400,0.000000,0.000000,0.000000,0.000000,0.000000,promoted,False,False
order,,W1262,D50,1.392600,4,-0.008520,4.000000,4,0,1.000000,216.642100,45.242100,216.642100,1351,1325,400,401,53.993800,53.582600,0.000000,0.000000,0.000000,0.000000,0.000000,unchanged,False,False
order,,W1263,D50,0.829600,4,-0.008520,4.000000,4,0,1.000000,216.663100,45.263100,216.663100,1300,1268,384,384,51.321700,50.883000,0.000000,0.000000,0.000000,0.000000,0.000000,unchanged,False,False
order,,W1264,B30,5.705700,4,-0.008520,4.000000,4,0,1.000000,216.722400,45.322400,216.722400,1169,1164,18,18,51.028100,51.028100,0.000000,0.000000,0.000000,0.000000,0.000000,unchanged,False,False
order,,W1265,D20,1.622700,4,-0.135549,4.000000,4,-1,1.000000,216.822300,45.422300,216.822300,1249,2005,199,281,49.882200,84.169700,0.000000,0.000000,0.000000,0.000000,0.000000,unchanged,False,False
order,,W1266,D30,1.958600,4,-0.008520,4.000000,4,0,1.000000,216.862500,45.462500,216.862500,1179,1175,313,316,47.639900,48.124000,0.000000,0.000000,0.000000,0.000000,0.000000,unchanged,False,False
order,,W1267,D50,1.605800,2,-0.008520,2.008520,2,0,4.000000,69.523200,45.523200,69.523200,1180,1172,348,354,47.288200,47.473600,0.000000,0.000000,0.000000,0.000000,0.000000,unchanged,False,False
order,,W1268,D50,0.791100,4,-0.008520,4.000000,4,0,1.000000,216.952200,45.552200,216.952200,1312,1269,385,385,51.866200,50.852100,0.000000,0.000000,0.000000,0.000000,0.000000,unchanged,False,False
order,,W1269,D20,9.025200,4,0.342388,3.657612,2,2,4.000000,69.609200,45.609200,217.009200,1576,1248,254,181,70.930600,58.082600,1.321400,0.000000,5.285600,0.000000,-5.285600,promoted,False,False
order,,W127,D50,1.458800,4,-0.008520,4.000000,4,0,1.000000,175.914800,4.514800,175.914800,126,126,39,39,6.362500,6.362500,0.000000,0.000000,0.000000,0.000000,0.000000,unchanged,False,False
order,,W1270,D20,0.721300,2,-0.137815,2.137815,3,-1,2.000000,125.611300,45.611300,69.611300,1178,1190,187,173,46.400400,47.649500,0.000000,0.000000,0.000000,0.000000,0.000000,demoted,False,False
order,,W1271,C10,1.456200,2,-0.008520,2.008520,2,0,4.000000,69.663800,45.663800,69.663800,1177,1171,57,57,47.120000,47.120000,0.000000,0.000000,0.000000,0.000000,0.000000,unchanged,False,False
order,,W1272,D50,6.677400,4,-0.008520,4.000000,4,0,1.000000,217.127200,45.727200,217.127200,1477,1430,448,449,64.379300,64.316600,0.000000,0.000000,0.000000,0.000000,0.000000,unchanged,False,False
order,,W1273,D20,16.189200,4,0.330047,3.669953,2,2,4.000000,69.824100,45.824100,217.224100,1680,1221,272,180,83.300200,64.358900,13.476100,0.000000,53.904400,0.000000,-53.904400,promoted,False,False
order,,W1274,E20,3.481800,4,-0.008520,4.000000,4,-1,1.000000,217.271400,45.871400,217.271400,1517,1472,13,13,62.972400,62.972400,0.000000,0.000000,0.000000,0.000000,0.000000,unchanged,False,False
order,,W1275,D20,1.061700,4,-0.130811,4.000000,4,-1,1.000000,217.281500,45.881500,217.281500,1196,1982,191,279,47.612300,82.547000,0.000000,0.000000,0.000000,0.000000,0.000000,unchanged,False,False
order,,W1276,C10,1.956000,2,-0.008520,2.008520,2,0,4.000000,70.006000,46.006000,70.006000,1184,1173,58,58,47.962000,47.962000,0.000000,0.000000,0.000000,0.000000,0.000000,unchanged,False,False
order,,W1277,D20,0.598300,2,-0.141682,2.141682,3,-1,2.000000,126.012000,46.012000,70.012000,1190,1179,189,172,46.793800,47.115500,0.000000,0.000000,0.000000,0.000000,0.000000,demoted,False,False
order,,W1278,C10,1.057000,2,-0.008520,2.008520,2,0,4.000000,70.059600,46.059600,70.059600,1214,1195,59,59,48.177000,48.177000,0.000000,0.000000,0.000000,0.000000,0.000000,unchanged,False,False
order,,W1279,D30,2.554700,4,-0.008520,4.000000,4,0,1.000000,217.485400,46.085400,217.485400,1187,1178,317,318,48.695300,48.747400,0.000000,0.000000,0.000000,0.000000,0.000000,unchanged,False,False
order,,W128,D30,12.235600,4,-0.008520,4.000000,4,-1,1.000000,175.947100,4.547100,175.947100,121,121,37,37,16.782700,16.782700,0.000000,0.000000,0.000000,0.000000,0.000000,unchanged,False,False
order,,W1280,C10,1.510000,4,-0.008520,4.000000,4,0,1.000000,217.507800,46.107800,217.507800,1246,1222,61,61,49.687000,49.687000,0.000000,0.000000,0.000000,0.000000,0.000000,unchanged,False,False
order,,W1281,D40,0.329400,1,-0.008520,1.008520,1,1,8.000000,54.156900,46.156900,54.156900,1188,1174,63,63,46.486300,46.486300,0.000000,0.000000,0.000000,0.000000,0.000000,unchanged,False,False
order,,W1282,D20,0.150200,4,-0.158820,4.000000,4,-1,1.000000,217.576100,46.176100,217.576100,1192,1673,190,232,46.550600,69.246700,0.000000,0.000000,0.000000,0.000000,0.000000,unchanged,False,False
order,,W1283,D90,1.415400,4,-0.008520,4.000000,2,2,4.000000,70.188100,46.188100,217.588100,1189,1176,66,66,47.603500,47.603500,0.000000,0.000000,0.000000,0.000000,0.000000,unchanged,False,False
order,,W1284,D30,3.199900,4,-0.008520,4.000000,4,0,1.000000,217.588900,46.188900,217.588900,1195,1192,319,322,49.723000,50.228900,0.000000,0.000000,0.000000,0.000000,0.000000,unchanged,False,False
order,,W1285,D50,0.623600,4,-0.008520,4.000000,4,0,1.000000,217.605200,46.205200,217.605200,1299,1266,383,383,51.075100,50.585500,0.000000,0.000000,0.000000,0.000000,0.000000,unchanged,False,False
order,,W1286,D50,1.207400,4,-0.008520,4.000000,4,0,1.000000,217.617700,46.217700,217.617700,1358,1330,403,403,54.161300,53.566400,0.000000,0.000000,0.000000,0.000000,0.000000,unchanged,False,False
order,,W1287,D30,1.148300,4,-0.008520,4.000000,4,0,1.000000,217.692000,46.292000,217.692000,1194,1185,318,320,47.635600,47.942400,0.000000,0.000000,0.000000,0.000000,0.000000,unchanged,False,False
order,,W1288,D30,9.680800,4,-0.008520,4.000000,4,0,1.000000,217.710000,46.310000,217.710000,1745,1701,443,443,79.625500,79.782300,0.000000,0.000000,0.000000,0.000000,0.000000,unchanged,False,False
order,,W1289,D20,1.306800,4,-0.126480,4.000000,4,-1,1.000000,217.719000,46.319000,217.719000,1210,2028,194,284,48.259500,85.045700,0.000000,0.000000,0.000000,0.000000,0.000000,unchanged,False,False
order,,W129,D20,0.596000,2,-0.141757,2.141757,3,-1,2.000000,84.568100,4.568100,28.568100,122,122,28,28,5.237100,5.237100,0.000000,0.000000,0.000000,0.000000,0.000000,demoted,False,False
order,,W1290,E20,3.566400,4,-0.008520,4.000000,4,-1,1.000000,217.749300,46.349300,217.749300,1594,1549,14,14,66.538800,66.538800,0.000000,0.000000,0.000000,0.000000,0.000000,unchanged,False,False
order,,W1291,D30,3.910700,4,-0.008520,4.000000,4,0,1.000000,217.781100,46.381100,217.781100,1303,1567,351,420,54.589400,68.095300,0.000000,0.000000,0.000000,0.000000,0.000000,unchanged,False,False
order,,W1292,D50,1.671500,4,-0.008520,4.000000,4,0,1.000000,217.832400,46.432400,217.832400,1407,1371,420,420,56.716100,56.420600,0.000000,0.000000,0.000000,0.000000,0.000000,unchanged,False,False
order,,W1293,D50,0.124600,1,-0.008520,1.008520,1,0,8.000000,54.453800,46.453800,54.453800,1197,1181,352,355,46.775900,46.786900,0.000000,0.000000,0.000000,0.000000,0.000000,unchanged,False,False
order,,W1294,D50,1.900100,2,-0.008520,2.008520,2,0,4.000000,70.471500,46.471500,70.471500,1203,1187,354,357,48.658200,48.761100,0.000000,0.000000,0.000000,0.000000,0.000000,unchanged,False,False
order,,W1295,D30,4.269000,4,-0.008520,4.000000,4,0,1.000000,217.935700,46.535700,217.935700,1647,1612,424,425,69.633500,70.421600,0.000000,0.000000,0.000000,0.000000,0.000000,unchanged,False,False
order,,W1296,D50,1.617500,2,-0.008520,2.008520,2,0,4.000000,70.543800,46.543800,70.543800,1201,1184,353,356,48.335000,48.404400,0.000000,0.000000,0.000000,0.000000,0.000000,unchanged,False,False
order,,W1297,D30,7.155400,4,-0.008520,4.000000,4,0,1.000000,217.947800,46.547800,217.947800,1728,1677,439,439,76.609900,76.367900,0.000000,0.000000,0.000000,0.000000,0.000000,unchanged,False,False
order,,W1298,D30,3.927000,4,-0.008520,4.000000,4,0,1.000000,217.949700,46.549700,217.949700,1304,1610,352,424,54.690900,69.933600,0.000000,0.000000,0.000000,0.000000,0.000000,unchanged,False,False
order,,W1299,D30,0.554100,4,-0.008520,4.000000,4,0,1.000000,217.978500,46.578500,217.978500,1199,1183,320,319,47.225800,47.331100,0.000000,0.000000,0.000000,0.000000,0.000000,unchanged,False,False
order,,W13,D50,1.013100,4,-0.008520,4.000000,4,0,1.000000,171.785400,0.385400,171.785400,14,14,4,4,1.398500,1.398500,0.000000,0.000000,0.000000,0.000000,0.000000,unchanged,False,False
order,,W130,D50,3.942300,4,-0.008520,4.000000,4,0,1.000000,176.020700,4.620700,176.020700,255,255,84,84,13.701900,13.701900,0.000000,0.000000,0.000000,0.000000,0.000000,unchanged,False,False
order,,W1300,D20,1.941900,2,-0.150907,2.150907,3,-1,2.000000,126.588800,46.588800,70.588800,1206,1194,192,175,48.735700,49.057400,0.000000,0.000000,0.000000,0.000000,0.000000,demoted,False,False
order,,W1301,D20,11.760600,4,0.329690,3.670310,2,2,4.000000,70.604500,46.604500,218.004500,1682,1251,273,182,78.929600,60.905200,8.325100,0.000000,33.300400,0.000000,-33.300400,promoted,False,False
order,,W1302,D50,6.123300,4,-0.008520,4.000000,4,0,1.000000,218.035400,46.635400,218.035400,1512,1451,457,453,65.396000,64.823700,0.000000,0.000000,0.000000,0.000000,0.000000,unchanged,False,False
order,,W1303,D10,1.996100,4,-0.008520,4.000000,4,0,1.000000,218.060500,46.660500,218.060500,1198,1180,17,17,48.656600,48.656600,0.000000,0.000000,0.000000,0.000000,0.000000,unchanged,False,False
order,,W1304,D90,0.792400,4,-0.008520,4.000000,2,2,4.000000,70.703100,46.703100,218.103100,1200,1182,67,67,47.495500,47.495500,0.000000,0.000000,0.000000,0.000000,0.000000,unchanged,False,False
order,,W1305,D30,6.775400,4,-0.008520,4.000000,4,0,1.000000,218.199000,46.799000,218.199000,1731,1683,440,440,76.327200,76.202400,0.000000,0.000000,0.000000,0.000000,0.000000,unchanged,False,False
order,,W1306,D50,0.356200,4,-0.008520,4.000000,4,0,1.000000,218.245900,46.845900,218.245900,1219,1244,360,374,47.644400,49.117300,0.000000,0.000000,0.000000,0.000000,0.000000,unchanged,False,False
order,,W1307,D90,3.754100,4,-0.008520,4.000000,2,2,4.000000,70.889200,46.889200,218.289200,1208,1188,68,68,50.643300,50.643300,0.000000,0.000000,0.000000,0.000000,0.000000,unchanged,False,False
order,,W1308,D50,0.622300,4,-0.008520,4.000000,4,0,1.000000,218.373500,46.973500,218.373500,1331,1287,391,389,52.543400,51.235300,0.000000,0.000000,0.000000,0.000000,0.000000,unchanged,False,False
order,,W1309,D20,0.890600,2,-0.134151,2.134151,3,-1,2.000000,126.981900,46.981900,70.981900,1235,1191,196,174,48.737600,47.901800,0.000000,0.000000,0.000000,0.000000,0.000000,demoted,False,False
order,,W131,D30,2.480800,4,-0.008520,4.000000,4,0,1.000000,176.100500,4.700500,176.100500,123,123,38,38,7.181300,7.181300,0.000000,0.000000,0.000000,0.000000,0.000000,unchanged,False,False
order,,W1310,D30,6.045400,4,-0.008520,4.000000,4,0,1.000000,218.398300,46.998300,218.398300,1698,1652,435,435,74.041700,74.223900,0.000000,0.000000,0.000000,0.000000,0.000000,unchanged,False,False
order,,W1311,D30,23.745100,4,-0.148254,4.000000,4,-1,1.000000,218.506500,47.106500,218.506500,1686,1640,432,432,91.112800,91.291200,0.000000,0.000000,0.000000,0.000000,0.000000,unchanged,False,False
order,,W1312,D20,0.950400,4,-0.132951,4.000000,4,-1,1.000000,218.522600,47.122600,218.522600,1244,2010,198,282,49.053000,83.738900,0.000000,0.000000,0.000000,0.000000,0.000000,unchanged,False,False
order,,W1313,D30,4.739800,2,-0.008520,2.008520,2,0,4.000000,71.127600,47.127600,71.127600,1216,1196,323,324,51.965600,51.898800,0.000000,0.000000,0.000000,0.000000,0.000000,unchanged,False,False
order,,W1314,D40,5.092300,4,-0.860070,4.000000,3,1,2.000000,127.190500,47.190500,218.590500,1215,1197,64,64,52.282800,52.282800,0.000000,0.000000,0.000000,0.000000,0.000000,unchanged,False,False
order,,W1315,D20,2.259700,4,-0.164623,4.000000,4,-1,1.000000,218.610300,47.210300,218.610300,1264,2039,201,285,50.997300,86.429400,0.000000,0.000000,0.000000,0.000000,0.000000,unchanged,False,False
order,,W1316,D30,5.009800,2,-0.008520,2.008520,2,0,4.000000,71.289600,47.289600,71.289600,1220,1201,325,326,52.301300,52.340900,0.000000,0.000000,0.000000,0.000000,0.000000,unchanged,False,False
order,,W1317,D30,2.207300,4,-0.008520,4.000000,4,0,1.000000,218.727300,47.327300,218.727300,1230,1216,328,329,49.842900,50.149700,0.000000,0.000000,0.000000,0.000000,0.000000,unchanged,False,False
order,,W1318,D30,3.208300,4,-0.008520,4.000000,4,0,1.000000,218.736800,47.336800,218.736800,1231,1243,329,336,50.848200,51.955700,0.000000,0.000000,0.000000,0.000000,0.000000,unchanged,False,False
order,,W1319,D30,4.152800,2,-0.008520,2.008520,2,0,4.000000,71.355600,47.355600,71.355600,1224,1202,327,327,51.567700,51.567700,0.000000,0.000000,0.000000,0.000000,0.000000,unchanged,False,False
order,,W132,D50,1.207300,4,-0.008520,4.000000,4,0,1.000000,176.108000,4.708000,176.108000,125,125,38,38,6.035100,6.035100,0.000000,0.000000,0.000000,0.000000,0.000000,unchanged,False,False
order,,W1320,D20,6.951700,4,0.297174,3.702826,2,2,4.000000,71.399300,47.399300,218.799300,1688,1314,274,189,74.476700,58.806300,3.077400,0.000000,12.309600,0.000000,-12.309600,promoted,False,False
order,,W1321,D10,0.613900,4,-0.008520,4.000000,4,0,1.000000,218.821400,47.421400,218.821400,1259,1239,18,18,49.270500,49.270500,0.000000,0.000000,0.000000,0.000000,0.000000,unchanged,False,False
order,,W1322,D50,0.879100,4,-0.008520,4.000000,4,0,1.000000,218.834000,47.434000,218.834000,1356,1329,402,402,53.733500,53.222000,0.000000,0.000000,0.000000,0.000000,0.000000,unchanged,False,False
order,,W1323,D20,0.234700,2,-0.155142,2.155142,3,-1,2.000000,127.460400,47.460400,71.460400,1228,1207,195,177,47.847000,47.884200,0.000000,0.000000,0.000000,0.000000,0.000000,demoted,False,False
order,,W1324,D30,4.804500,4,-0.008520,4.000000,4,0,1.000000,218.866700,47.466700,218.866700,1687,1641,433,433,72.196800,72.440300,0.000000,0.000000,0.000000,0.000000,0.000000,unchanged,False,False
order,,W1325,C30,3.257300,4,-0.200528,4.000000,2,2,4.000000,71.476900,47.476900,218.876900,1226,1204,29,29,50.734200,50.734200,0.000000,0.000000,0.000000,0.000000,0.000000,unchanged,False,False
order,,W1326,D20,2.580400,4,-0.211471,4.000000,4,-2,1.000000,218.897800,47.497800,218.897800,1271,2044,202,287,51.633400,86.977300,0.000000,0.000000,0.000000,0.000000,0.000000,unchanged,False,False
order,,W1327,C10,0.650700,2,-0.008520,2.008520,2,0,4.000000,71.545900,47.545900,71.545900,1241,1217,60,60,48.612700,48.612700,0.000000,0.000000,0.000000,0.000000,0.000000,unchanged,False,False
order,,W1328,D50,1.094600,4,-0.008520,4.000000,4,0,1.000000,218.946200,47.546200,218.946200,1395,1355,414,413,55.606300,54.839900,0.000000,0.000000,0.000000,0.000000,0.000000,unchanged,False,False
order,,W1329,D50,0.960000,4,-0.008520,4.000000,4,0,1.000000,218.995900,47.595900,218.995900,1384,1351,411,410,55.121300,54.526400,0.000000,0.000000,0.000000,0.000000,0.000000,unchanged,False,False
order,,W133,D20,0.497900,4,-0.145065,4.000000,4,-1,1.000000,176.318100,4.918100,176.318100,134,134,30,30,5.636900,5.636900,0.000000,0.000000,0.000000,0.000000,0.000000,unchanged,False,False
order,,W1330,D40,1.329500,4,-0.008520,4.000000,3,1,2.000000,127.651300,47.651300,219.051300,1233,1208,65,65,48.980800,48.980800,0.000000,0.000000,0.000000,0.000000,0.000000,unchanged,False,False
order,,W1331,D30,1.294600,2,-0.008520,2.008520,2,0,4.000000,71.681600,47.681600,71.681600,1237,1215,330,328,49.166400,49.236500,0.000000,0.000000,0.000000,0.000000,0.000000,unchanged,False,False
order,,W1332,D50,1.808100,4,-0.008520,4.000000,4,0,1.000000,219.202200,47.802200,219.202200,1422,1383,428,428,57.431900,57.276300,0.000000,0.000000,0.000000,0.000000,0.000000,unchanged,False,False
order,,W1333,MISC,0.276700,2,-0.008520,2.008520,1,2,8.000000,55.823800,47.823800,71.823800,1234,1210,17,17,48.100500,48.100500,0.000000,0.000000,0.000000,0.000000,0.000000,unchanged,False,False
order,,W1334,E10,1.321200,4,-0.008520,4.000000,3,1,2.000000,127.835000,47.835000,219.235000,1267,1252,47,47,50.130200,50.509700,0.000000,0.000000,0.000000,0.000000,0.000000,unchanged,False,False
order,,W1335,D20,2.915000,2,-0.269401,2.269401,4,-2,1.000000,219.242700,47.842700,71.842700,1240,1212,197,178,50.838400,50.799200,0.000000,0.000000,0.000000,0.000000,0.000000,demoted,False,False
order,,W1336,D90,1.723400,4,-0.008520,4.000000,2,2,4.000000,71.853300,47.853300,219.253300,1236,1211,69,69,49.576700,49.576700,0.000000,0.000000,0.000000,0.000000,0.000000,unchanged,False,False
order,,W1337,D40,20.802400,4,-1.139136,4.000000,4,0,1.000000,219.316800,47.916800,219.316800,1239,1214,66,66,68.719200,68.719200,0.000000,0.000000,0.000000,0.000000,0.000000,unchanged,False,False
order,,W1338,D50,3.431300,4,-0.008520,4.000000,4,0,1.000000,219.359100,47.959100,219.359100,1513,1466,458,458,62.706100,62.731300,0.000000,0.000000,0.000000,0.000000,0.000000,unchanged,False,False
order,,W1339,D30,0.519900,4,-0.008520,4.000000,4,0,1.000000,219.433600,48.033600,219.433600,1250,1219,333,330,48.784200,48.624000,0.000000,0.000000,0.000000,0.000000,0.000000,unchanged,False,False
order,,W134,D90,1.751500,4,-0.008520,4.000000,2,2,4.000000,28.920300,4.920300,176.320300,128,128,3,3,6.671800,6.671800,0.000000,0.000000,0.000000,0.000000,0.000000,unchanged,False,False
order,,W1340,D30,1.299200,4,-0.008520,4.000000,4,0,1.000000,219.476800,48.076800,219.476800,1262,1220,335,331,50.017600,49.423200,0.000000,0.000000,0.000000,0.000000,0.000000,unchanged,False,False
order,,W1341,D50,0.406200,4,-0.008520,4.000000,4,-1,1.000000,219.507800,48.107800,219.507800,1330,1276,390,387,52.310900,50.613000,0.000000,0.000000,0.000000,0.000000,0.000000,unchanged,False,False
order,,W1342,D30,1.273600,2,-0.008520,2.008520,2,0,4.000000,72.138300,48.138300,72.138300,1248,1227,332,332,49.513400,49.592200,0.000000,0.000000,0.000000,0.000000,0.000000,unchanged,False,False
order,,W1343,D90,0.610500,4,-0.008520,4.000000,2,2,4.000000,72.222900,48.222900,219.622900,1247,1224,70,70,48.833400,48.833400,0.000000,0.000000,0.000000,0.000000,0.000000,unchanged,False,False
order,,W1344,D50,0.524300,4,-0.008520,4.000000,4,-1,1.000000,219.662700,48.262700,219.662700,1341,1313,395,396,52.760000,52.359000,0.000000,0.000000,0.000000,0.000000,0.000000,unchanged,False,False
order,,W1345,B30,1.339600,4,-0.008520,4.000000,4,0,1.000000,219.669500,48.269500,219.669500,1251,1225,19,19,49.609100,49.609100,0.000000,0.000000,0.000000,0.000000,0.000000,unchanged,False,False
order,,W1346,D30,2.296600,4,-0.008520,4.000000,4,0,1.000000,219.724900,48.324900,219.724900,1295,1233,346,333,52.535400,50.780800,0.000000,0.000000,0.000000,0.000000,0.000000,unchanged,False,False
order,,W1347,D50,0.290100,4,-0.008520,4.000000,4,-1,1.000000,219.740500,48.340500,219.740500,1294,1265,382,382,50.492100,49.961900,0.000000,0.000000,0.000000,0.000000,0.000000,unchanged,False,False
order,,W1348,D10,0.770900,4,-0.008520,4.000000,4,0,1.000000,219.751800,48.351800,219.751800,1275,1256,19,19,50.041400,50.041400,0.000000,0.000000,0.000000,0.000000,0.000000,unchanged,False,False
order,,W1349,D50,0.931000,4,-0.008520,4.000000,4,-1,1.000000,219.790800,48.390800,219.790800,1396,1358,415,414,55.489700,54.886400,0.000000,0.000000,0.000000,0.000000,0.000000,unchanged,False,False
order,,W135,D40,2.209900,1,-0.008520,1.008520,1,1,8.000000,13.042000,5.042000,13.042000,130,130,4,4,7.251900,7.251900,0.000000,0.000000,0.000000,0.000000,0.000000,unchanged,False,False
order,,W1350,D50,0.679800,4,-0.008520,4.000000,4,-1,1.000000,219.799400,48.399400,219.799400,1354,1322,401,399,53.439800,52.828900,0.000000,0.000000,0.000000,0.000000,0.000000,unchanged,False,False
order,,W1351,D90,0.976400,4,-0.008520,4.000000,2,2,4.000000,72.403800,48.403800,219.803800,1255,1229,71,71,49.380200,49.380200,0.000000,0.000000,0.000000,0.000000,0.000000,unchanged,False,False
order,,W1352,D50,5.946200,4,-0.058841,4.000000,4,-1,1.000000,219.807700,48.407700,219.807700,1523,1479,462,462,65.613100,65.628400,0.000000,0.000000,0.000000,0.000000,0.000000,unchanged,False,False
order,,W1353,D50,0.534600,2,-0.008520,2.008520,3,-1,2.000000,128.422000,48.422000,72.422000,1257,1232,373,368,49.010100,49.018100,0.000000,0.000000,0.000000,0.000000,0.000000,unchanged,False,False
order,,W1354,D40,1.227700,4,-0.008520,4.000000,3,1,2.000000,128.432900,48.432900,219.832900,1269,1246,67,67,50.208500,50.208500,0.000000,0.000000,0.000000,0.000000,0.000000,unchanged,False,False
order,,W1355,D50,3.544800,4,-0.008520,4.000000,4,-1,1.000000,219.836700,48.436700,219.836700,1521,1475,461,460,63.097700,63.081800,0.000000,0.000000,0.000000,0.000000,0.000000,unchanged,False,False
order,,W1356,D50,2.028600,4,-0.008520,4.000000,4,-1,1.000000,219.837800,48.437800,219.837800,1472,1412,445,440,59.473900,58.700400,0.000000,0.000000,0.000000,0.000000,0.000000,unchanged,False,False
order,,W1357,D90,21.230800,4,-0.008520,4.000000,3,1,2.000000,128.450000,48.450000,219.850000,1256,1231,72,72,69.680800,69.680800,0.000000,0.000000,0.000000,0.000000,0.000000,unchanged,False,False
order,,W1358,D90,1.853300,4,-0.008520,4.000000,2,2,4.000000,72.522200,48.522200,219.922200,1258,1235,73,73,50.375500,50.375500,0.000000,0.000000,0.000000,0.000000,0.000000,unchanged,False,False
order,,W1359,D30,1.983400,2,-0.008520,2.008520,2,0,4.000000,72.552800,48.552800,72.552800,1261,1238,334,334,50.678700,50.607400,0.000000,0.000000,0.000000,0.000000,0.000000,unchanged,False,False
order,,W136,D30,7.644800,4,-0.008520,4.000000,4,0,1.000000,176.477300,5.077300,176.477300,131,131,39,39,12.722100,12.722100,0.000000,0.000000,0.000000,0.000000,0.000000,unchanged,False,False
order,,W1360,D30,1.454600,4,-0.008520,4.000000,4,0,1.000000,219.966300,48.566300,219.966300,1266,1241,336,335,50.238800,50.173000,0.000000,0.000000,0.000000,0.000000,0.000000,unchanged,False,False
order,,W1361,D50,0.154800,4,-0.008520,4.000000,4,-1,1.000000,219.976500,48.576500,219.976500,1260,1237,374,371,48.813000,48.735500,0.000000,0.000000,0.000000,0.000000,0.000000,unchanged,False,False
order,,W1362,D30,5.209300,4,-0.008520,4.000000,4,0,1.000000,219.976700,48.576700,219.976700,1747,1706,444,444,75.329100,75.630900,0.000000,0.000000,0.000000,0.000000,0.000000,unchanged,False,False
order,,W1363,D50,1.218600,4,-0.008520,4.000000,4,-1,1.000000,220.033400,48.633400,220.033400,1413,1374,423,423,56.635900,56.110400,0.000000,0.000000,0.000000,0.000000,0.000000,unchanged,False,False
order,,W1364,D50,2.006200,4,-0.008520,4.000000,4,-1,1.000000,220.156300,48.756300,220.156300,1475,1428,447,447,59.666900,59.537000,0.000000,0.000000,0.000000,0.000000,0.000000,unchanged,False,False
order,,W1365,D50,0.733400,4,-0.008520,4.000000,4,-1,1.000000,220.199200,48.799200,220.199200,1383,1343,410,407,54.843400,53.955400,0.000000,0.000000,0.000000,0.000000,0.000000,unchanged,False,False
order,,W1366,B30,0.743000,4,-0.008520,4.000000,4,0,1.000000,220.215500,48.815500,220.215500,1280,1263,20,20,50.352100,50.352100,0.000000,0.000000,0.000000,0.000000,0.000000,unchanged,False,False
order,,W1367,D50,0.699400,4,-0.008520,4.000000,4,-1,1.000000,220.247500,48.847500,220.247500,1373,1335,407,404,54.432900,53.437300,0.000000,0.000000,0.000000,0.000000,0.000000,unchanged,False,False
order,,W1368,D50,1.502100,4,-0.008520,4.000000,4,-1,1.000000,220.256300,48.856300,220.256300,1449,1387,436,429,57.991100,57.120100,0.000000,0.000000,0.000000,0.000000,0.000000,unchanged,False,False
order,,W1369,D50,2.066600,4,-0.008520,4.000000,4,-1,1.000000,220.298800,48.898800,220.298800,1481,1429,449,448,59.966300,59.684900,0.000000,0.000000,0.000000,0.000000,0.000000,unchanged,False,False
order,,W137,D20,1.015400,4,-0.131687,4.000000,4,-1,1.000000,176.509300,5.109300,176.509300,137,137,31,31,6.252500,6.252500,0.000000,0.000000,0.000000,0.000000,0.000000,unchanged,False,False
order,,W1370,D30,0.853500,4,-0.008520,4.000000,4,0,1.000000,220.312900,48.912900,220.312900,1273,1253,337,337,50.019900,50.090000,0.000000,0.000000,0.000000,0.000000,0.000000,unchanged,False,False
order,,W1371,D30,1.274400,4,-0.008520,4.000000,4,0,1.000000,220.404500,49.004500,220.404500,1289,1260,344,339,51.294300,50.758500,0.000000,0.000000,0.000000,0.000000,0.000000,unchanged,False,False
order,,W1372,D30,2.165500,4,-0.008520,4.000000,4,0,1.000000,220.457500,49.057500,220.457500,1293,1261,345,340,52.351800,51.657500,0.000000,0.000000,0.000000,0.000000,0.000000,unchanged,False,False
order,,W1373,D90,4.649600,4,-0.008520,4.000000,2,2,4.000000,73.076400,49.076400,220.476400,1272,1249,74,74,53.726000,53.726000,0.000000,0.000000,0.000000,0.000000,0.000000,unchanged,False,False
order,,W1374,C30,4.598900,4,-0.005391,4.000000,3,1,2.000000,129.302500,49.302500,220.702500,1276,1257,30,30,53.901400,53.901400,0.000000,0.000000,0.000000,0.000000,0.000000,unchanged,False,False
order,,W1375,D30,11.512400,1,-0.008520,1.008520,2,-1,4.000000,73.305300,49.305300,57.305300,1279,1259,338,338,61.025800,60.935600,0.000000,0.000000,0.000000,0.000000,0.000000,unchanged,False,False
order,,W1376,D50,2.024600,4,-0.008520,4.000000,4,-1,1.000000,220.727800,49.327800,220.727800,1485,1431,450,450,60.015700,59.682200,0.000000,0.000000,0.000000,0.000000,0.000000,unchanged,False,False
order,,W1377,D20,1.936000,4,-0.163809,4.000000,4,-1,1.000000,220.847600,49.447600,220.847600,1328,2058,212,291,53.768600,87.189600,0.000000,0.000000,0.000000,0.000000,0.000000,unchanged,False,False
order,,W1378,E10,3.028500,4,-0.008520,4.000000,3,1,2.000000,129.556100,49.556100,220.956100,1291,1284,48,48,53.158700,53.538200,0.000000,0.000000,0.000000,0.000000,0.000000,unchanged,False,False
order,,W1379,D30,0.826100,4,-0.008520,4.000000,4,0,1.000000,220.969500,49.569500,220.969500,1283,1262,340,341,50.549100,50.418300,0.000000,0.000000,0.000000,0.000000,0.000000,unchanged,False,False
order,,W138,D30,1.798500,4,-0.008520,4.000000,4,0,1.000000,176.521400,5.121400,176.521400,133,133,40,40,6.919900,6.919900,0.000000,0.000000,0.000000,0.000000,0.000000,unchanged,False,False
order,,W1380,D50,2.257000,2,-0.008520,2.008520,3,-1,2.000000,129.630900,49.630900,73.630900,1281,1264,380,381,51.904700,51.891800,0.000000,0.000000,0.000000,0.000000,0.000000,unchanged,False,False
order,,W1381,D20,1.207800,4,-0.133842,4.000000,4,-1,1.000000,221.050000,49.650000,221.050000,1311,2045,208,288,52.205100,85.618800,0.000000,0.000000,0.000000,0.000000,0.000000,unchanged,False,False
order,,W1382,D30,0.600900,4,-0.008520,4.000000,4,0,1.000000,221.076700,49.676700,221.076700,1282,1275,339,345,50.323900,50.773900,0.000000,0.000000,0.000000,0.000000,0.000000,unchanged,False,False
order,,W1383,D50,0.744600,4,-0.008520,4.000000,4,-1,1.000000,221.116300,49.716300,221.116300,1403,1368,417,417,55.623800,55.271000,0.000000,0.000000,0.000000,0.000000,0.000000,unchanged,False,False
order,,W1384,D20,0.985200,4,-0.135129,4.000000,4,-1,1.000000,221.150900,49.750900,221.150900,1286,2042,204,286,50.867400,85.253600,0.000000,0.000000,0.000000,0.000000,0.000000,unchanged,False,False
order,,W1385,D50,2.147200,4,-0.008520,4.000000,4,-1,1.000000,221.154200,49.754200,221.154200,1516,1471,460,459,61.621100,61.592200,0.000000,0.000000,0.000000,0.000000,0.000000,unchanged,False,False
order,,W1386,D30,5.326900,2,-0.008520,2.008520,2,0,4.000000,73.800800,49.800800,73.800800,1285,1270,341,343,55.169800,55.416900,0.000000,0.000000,0.000000,0.000000,0.000000,unchanged,False,False
order,,W1387,D50,0.926400,4,-0.008520,4.000000,4,-1,1.000000,221.215900,49.815900,221.215900,1412,1373,422,422,56.336800,55.812800,0.000000,0.000000,0.000000,0.000000,0.000000,unchanged,False,False
order,,W1388,D50,4.406600,4,-0.065734,4.000000,4,-1,1.000000,221.279000,49.879000,221.279000,1560,1537,470,475,65.417200,66.391100,0.000000,0.000000,0.000000,0.000000,0.000000,unchanged,False,False
order,,W1389,D30,0.208300,2,-0.008520,2.008520,2,0,4.000000,73.885100,49.885100,73.885100,1287,1267,342,342,50.186300,50.244100,0.000000,0.000000,0.000000,0.000000,0.000000,unchanged,False,False
order,,W139,D50,1.902800,4,-0.008520,4.000000,4,0,1.000000,176.525800,5.125800,176.525800,136,136,42,42,7.089700,7.089700,0.000000,0.000000,0.000000,0.000000,0.000000,unchanged,False,False
order,,W1390,D20,6.867800,2,0.379003,1.620997,1,2,8.000000,57.912300,49.912300,73.912300,1309,1279,207,183,57.735200,57.168000,0.000000,0.000000,0.000000,0.000000,0.000000,promoted,False,False
order,,W1391,D30,0.265800,4,-0.008520,4.000000,4,0,1.000000,221.370300,49.970300,221.370300,1288,1273,343,344,50.283400,50.415500,0.000000,0.000000,0.000000,0.000000,0.000000,unchanged,False,False
order,,W1392,D20,1.224300,2,-0.133752,2.133752,3,-1,2.000000,129.970400,49.970400,73.970400,1308,1281,206,184,52.085200,51.586300,0.000000,0.000000,0.000000,0.000000,0.000000,demoted,False,False
order,,W1393,D50,3.502500,4,-0.008520,4.000000,4,-1,1.000000,221.379700,49.979700,221.379700,1537,1505,466,466,63.518200,64.044600,0.000000,0.000000,0.000000,0.000000,0.000000,unchanged,False,False
order,,W1394,D90,3.350200,4,-0.008520,4.000000,2,2,4.000000,74.092800,50.092800,221.492800,1290,1271,75,75,53.443000,53.443000,0.000000,0.000000,0.000000,0.000000,0.000000,unchanged,False,False
order,,W1395,E20,3.947600,4,-0.008520,4.000000,4,-1,1.000000,221.497900,50.097900,221.497900,1678,1630,16,16,70.930500,70.930500,0.000000,0.000000,0.000000,0.000000,0.000000,unchanged,False,False
order,,W1396,D30,7.992100,4,-0.008520,4.000000,4,0,1.000000,221.507400,50.107400,221.507400,1904,1873,485,485,85.503900,85.423000,0.000000,0.000000,0.000000,0.000000,0.000000,unchanged,False,False
order,,W1397,C10,0.993500,4,-0.008520,4.000000,4,0,1.000000,221.561800,50.161800,221.561800,1292,1274,62,62,51.155300,51.155300,0.000000,0.000000,0.000000,0.000000,0.000000,unchanged,False,False
order,,W1398,D50,1.430400,4,-0.008520,4.000000,4,-1,1.000000,221.658300,50.258300,221.658300,1473,1426,446,446,58.976100,58.866300,0.000000,0.000000,0.000000,0.000000,0.000000,unchanged,False,False
order,,W1399,D50,7.208200,4,-0.033330,4.000000,4,-1,1.000000,221.675400,50.275400,221.675400,1591,1539,476,476,69.914300,69.519100,0.000000,0.000000,0.000000,0.000000,0.000000,unchanged,False,False
order,,W14,E20,6.074100,4,-0.008520,4.000000,4,-1,1.000000,171.818000,0.418000,171.818000,15,15,1,1,6.492100,6.492100,0.000000,0.000000,0.000000,0.000000,0.000000,unchanged,False,False
order,,W140,D90,0.721100,4,-0.008520,4.000000,2,2,4.000000,29.157900,5.157900,176.557900,135,135,4,4,5.879000,5.879000,0.000000,0.000000,0.000000,0.000000,0.000000,unchanged,False,False
order,,W1400,D50,1.712300,4,-0.008520,4.000000,4,-1,1.000000,221.700200,50.300200,221.700200,1487,1457,451,455,59.856000,60.578600,0.000000,0.000000,0.000000,0.000000,0.000000,unchanged,False,False
order,,W1401,C10,3.133900,4,-0.008520,4.000000,4,0,1.000000,221.744800,50.344800,221.744800,1298,1280,63,63,53.478700,53.478700,0.000000,0.000000,0.000000,0.000000,0.000000,unchanged,False,False
order,,W1402,D30,5.313700,4,-0.008520,4.000000,4,0,1.000000,221.799600,50.399600,221.799600,1836,1802,463,463,79.883100,79.658600,0.000000,0.000000,0.000000,0.000000,0.000000,unchanged,False,False
order,,W1403,C10,6.738000,2,-0.008520,2.008520,2,0,4.000000,74.519100,50.519100,74.519100,1313,1298,64,64,57.893300,57.893300,0.000000,0.000000,0.000000,0.000000,0.000000,unchanged,False,False
order,,W1404,D30,12.197800,4,-0.008520,4.000000,4,-1,1.000000,221.941200,50.541200,221.941200,1940,1918,496,496,91.203900,91.274000,0.000000,0.000000,0.000000,0.000000,0.000000,unchanged,False,False
order,,W1405,D50,0.640700,4,-0.008520,4.000000,4,-1,1.000000,222.007700,50.607700,222.007700,1405,1369,419,418,55.604300,55.176500,0.000000,0.000000,0.000000,0.000000,0.000000,unchanged,False,False
order,,W1406,D20,2.505500,4,-0.296888,4.000000,4,-2,1.000000,222.017400,50.617400,222.017400,1338,2060,214,292,54.590700,87.787900,0.000000,0.000000,0.000000,0.000000,0.000000,unchanged,False,False
order,,W1407,D20,0.994200,2,-0.135074,2.135074,3,-1,2.000000,130.726800,50.726800,74.726800,1306,1292,205,185,51.832600,51.793400,0.000000,0.000000,0.000000,0.000000,0.000000,demoted,False,False
order,,W1408,D50,2.665600,4,-0.008520,4.000000,4,-1,1.000000,222.128900,50.728900,222.128900,1558,1522,469,471,63.605800,64.200200,0.000000,0.000000,0.000000,0.000000,0.000000,unchanged,False,False
order,,W1409,D30,3.477000,4,-0.008520,4.000000,4,0,1.000000,222.149000,50.749000,222.149000,1734,1685,441,441,73.110500,73.097500,0.000000,0.000000,0.000000,0.000000,0.000000,unchanged,False,False
order,,W141,D30,2.301100,4,-0.008520,4.000000,4,0,1.000000,176.676600,5.276600,176.676600,138,138,41,41,7.577700,7.577700,0.000000,0.000000,0.000000,0.000000,0.000000,unchanged,False,False
order,,W1410,D90,0.641400,4,-0.008520,4.000000,2,2,4.000000,74.869400,50.869400,222.269400,1310,1294,76,76,51.510800,51.510800,0.000000,0.000000,0.000000,0.000000,0.000000,unchanged,False,False
order,,W1411,D50,0.573900,4,-0.008520,4.000000,4,-1,1.000000,222.280400,50.880400,222.280400,1402,1359,416,415,55.417300,54.535800,0.000000,0.000000,0.000000,0.000000,0.000000,unchanged,False,False
order,,W1412,D50,0.815700,4,-0.008520,4.000000,4,-1,1.000000,222.433500,51.033500,222.433500,1419,1378,425,425,56.400700,55.878600,0.000000,0.000000,0.000000,0.000000,0.000000,unchanged,False,False
order,,W1413,D50,0.286900,4,-0.008520,4.000000,4,-1,1.000000,222.452200,51.052200,222.452200,1337,1315,394,397,52.358100,52.178700,0.000000,0.000000,0.000000,0.000000,0.000000,unchanged,False,False
order,,W1414,D30,4.222300,4,-0.008520,4.000000,4,0,1.000000,222.474200,51.074200,222.474200,1813,1771,455,454,77.794100,77.379900,0.000000,0.000000,0.000000,0.000000,0.000000,unchanged,False,False
order,,W1415,D20,0.801300,4,-0.136307,4.000000,4,-1,1.000000,222.499300,51.099300,222.499300,1316,2048,209,289,52.056200,85.360600,0.000000,0.000000,0.000000,0.000000,0.000000,unchanged,False,False
order,,W1416,D30,0.283300,4,-0.008520,4.000000,4,0,1.000000,222.528400,51.128400,222.528400,1317,1302,355,355,51.577600,51.618300,0.000000,0.000000,0.000000,0.000000,0.000000,unchanged,False,False
order,,W1417,D50,0.599400,3,-0.008520,3.008520,4,-1,1.000000,222.569500,51.169500,131.169500,1318,1299,387,394,51.921100,51.834700,0.000000,0.000000,0.000000,0.000000,0.000000,unchanged,False,False
order,,W1418,C10,3.259600,4,-0.008520,4.000000,4,0,1.000000,222.575000,51.175000,222.575000,1459,1416,68,68,60.216400,60.216400,0.000000,0.000000,0.000000,0.000000,0.000000,unchanged,False,False
order,,W1419,D40,0.129600,4,-0.008520,4.000000,3,1,2.000000,131.239700,51.239700,222.639700,1315,1300,68,68,51.369300,51.369300,0.000000,0.000000,0.000000,0.000000,0.000000,unchanged,False,False
order,,W142,D50,5.467900,4,-0.008520,4.000000,4,0,1.000000,176.699400,5.299400,176.699400,264,264,89,89,15.481800,15.481800,0.000000,0.000000,0.000000,0.000000,0.000000,unchanged,False,False
order,,W1420,D30,3.235800,4,-0.008520,4.000000,4,0,1.000000,222.691500,51.291500,222.691500,1752,1707,445,445,73.779900,73.719900,0.000000,0.000000,0.000000,0.000000,0.000000,unchanged,False,False
order,,W1421,D40,0.764200,4,-0.008520,4.000000,3,1,2.000000,131.353100,51.353100,222.753100,1319,1303,69,69,52.117300,52.117300,0.000000,0.000000,0.000000,0.000000,0.000000,unchanged,False,False
order,,W1422,D50,7.616200,2,-0.031211,2.031211,3,-1,2.000000,131.363100,51.363100,75.363100,1323,1305,388,395,59.211800,59.189900,0.000000,0.000000,0.000000,0.000000,0.000000,unchanged,False,False
order,,W1423,C10,1.896800,4,-0.008520,4.000000,4,0,1.000000,222.823500,51.423500,222.823500,1387,1362,66,66,56.164000,56.164000,0.000000,0.000000,0.000000,0.000000,0.000000,unchanged,False,False
order,,W1424,D30,3.724900,4,-0.008520,4.000000,4,0,1.000000,222.843900,51.443900,222.843900,1797,1753,449,449,76.522800,76.133800,0.000000,0.000000,0.000000,0.000000,0.000000,unchanged,False,False
order,,W1425,D20,6.126500,3,0.379003,2.620997,1,2,8.000000,59.522400,51.522400,131.522400,1325,1306,211,187,57.792700,57.712800,0.000000,0.000000,0.000000,0.000000,0.000000,promoted,False,False
order,,W1426,D30,0.562100,4,-0.008520,4.000000,4,0,1.000000,222.980800,51.580800,222.980800,1344,1307,361,357,52.913900,52.180400,0.000000,0.000000,0.000000,0.000000,0.000000,unchanged,False,False
order,,W1427,D50,0.254300,4,-0.008520,4.000000,4,-1,1.000000,223.006100,51.606100,223.006100,1334,1320,393,398,52.235700,52.342900,0.000000,0.000000,0.000000,0.000000,0.000000,unchanged,False,False
order,,W1428,D30,0.767500,4,-0.008520,4.000000,4,0,1.000000,223.017700,51.617700,223.017700,1345,1308,362,358,53.123200,52.425000,0.000000,0.000000,0.000000,0.000000,0.000000,unchanged,False,False
order,,W1429,D20,1.348100,2,-0.133096,2.133096,3,-1,2.000000,131.618600,51.618600,75.618600,1324,1312,210,188,52.981500,53.141500,0.000000,0.000000,0.000000,0.000000,0.000000,demoted,False,False
order,,W143,D50,3.147900,4,-0.008520,4.000000,4,0,1.000000,176.718900,5.318900,176.718900,232,232,75,75,11.894500,11.894500,0.000000,0.000000,0.000000,0.000000,0.000000,unchanged,False,False
order,,W1430,D30,1.380900,4,-0.008520,4.000000,4,0,1.000000,223.052100,51.652100,223.052100,1349,1311,363,359,53.916300,53.121100,0.000000,0.000000,0.000000,0.000000,0.000000,unchanged,False,False
order,,W1431,D50,3.815300,4,-0.008520,4.000000,4,-1,1.000000,223.114600,51.714600,223.114600,1612,1565,483,484,67.528700,67.859900,0.000000,0.000000,0.000000,0.000000,0.000000,unchanged,False,False
order,,W1432,D90,4.504200,4,-0.008520,4.000000,2,2,4.000000,75.734400,51.734400,223.134400,1326,1309,77,77,56.238600,56.238600,0.000000,0.000000,0.000000,0.000000,0.000000,unchanged,False,False
order,,W1433,D90,1.737600,4,-0.008520,4.000000,2,2,4.000000,75.735900,51.735900,223.135900,1327,1310,78,78,53.473500,53.473500,0.000000,0.000000,0.000000,0.000000,0.000000,unchanged,False,False
order,,W1434,D30,0.390100,4,-0.008520,4.000000,4,0,1.000000,223.189900,51.789900,223.189900,1333,1316,359,360,52.355700,52.288900,0.000000,0.000000,0.000000,0.000000,0.000000,unchanged,False,False
order,,W1435,D30,0.411700,4,-0.008520,4.000000,4,0,1.000000,223.212500,51.812500,223.212500,1342,1317,360,361,52.713000,52.364400,0.000000,0.000000,0.000000,0.000000,0.000000,unchanged,False,False
order,,W1436,D50,17.355700,4,-0.008520,4.000000,4,-2,1.000000,223.307600,51.907600,223.307600,1515,1464,459,457,76.752000,76.545600,0.000000,0.000000,0.000000,0.000000,0.000000,unchanged,False,False
order,,W1437,MISC,8.350200,4,-0.180908,4.000000,3,1,2.000000,131.983600,51.983600,223.383600,1335,1319,18,18,60.333800,60.333800,0.000000,0.000000,0.000000,0.000000,0.000000,unchanged,False,False
order,,W1438,D50,4.256400,4,-0.038060,4.000000,4,-1,1.000000,223.387300,51.987300,223.387300,1622,1569,487,486,68.635700,68.486700,0.000000,0.000000,0.000000,0.000000,0.000000,unchanged,False,False
order,,W1439,D20,7.528800,1,0.385136,1.000000,1,2,8.000000,60.145500,52.145500,60.145500,1340,1334,215,191,59.733900,60.177300,0.000000,0.031800,0.000000,0.254400,0.254400,unchanged,False,True
order,,W144,C10,0.575100,4,-0.008520,4.000000,4,0,1.000000,176.777900,5.377900,176.777900,163,163,6,6,6.910000,6.910000,0.000000,0.000000,0.000000,0.000000,0.000000,unchanged,False,False
order,,W1440,D30,5.219100,4,-0.008520,4.000000,4,0,1.000000,223.582600,52.182600,223.582600,1887,1850,481,479,82.187900,81.681400,0.000000,0.000000,0.000000,0.000000,0.000000,unchanged,False,False
order,,W1441,D50,1.387300,4,-0.008520,4.000000,4,-1,1.000000,223.584000,52.184000,223.584000,1533,1480,463,463,61.243300,61.072200,0.000000,0.000000,0.000000,0.000000,0.000000,unchanged,False,False
order,,W1442,E10,0.839500,4,-0.008520,4.000000,3,1,2.000000,132.192500,52.192500,223.592500,1339,1326,49,49,53.032000,53.032000,0.000000,0.000000,0.000000,0.000000,0.000000,unchanged,False,False
order,,W1443,D50,0.379300,4,-0.008520,4.000000,4,-1,1.000000,223.611900,52.211900,223.611900,1385,1352,412,411,54.558700,53.961900,0.000000,0.000000,0.000000,0.000000,0.000000,unchanged,False,False
order,,W1444,D30,10.584600,4,-0.008520,4.000000,4,-1,1.000000,223.650400,52.250400,223.650400,1987,1961,511,511,91.136000,91.162700,0.000000,0.000000,0.000000,0.000000,0.000000,unchanged,False,False
order,,W1445,D20,7.050800,2,0.379003,1.620997,1,2,8.000000,60.288400,52.288400,76.288400,1352,1342,216,192,59.687900,60.192300,0.000000,0.000000,0.000000,0.000000,0.000000,promoted,False,False
order,,W1446,D30,3.382600,4,-0.008520,4.000000,4,0,1.000000,223.742700,52.342700,223.742700,1809,1763,453,452,76.790800,76.224600,0.000000,0.000000,0.000000,0.000000,0.000000,unchanged,False,False
order,,W1447,D10,0.982800,4,-0.008520,4.000000,4,0,1.000000,223.770600,52.370600,223.770600,1347,1332,20,20,53.353400,53.353400,0.000000,0.000000,0.000000,0.000000,0.000000,unchanged,False,False
order,,W1448,C10,0.788500,2,-0.008520,2.008520,2,0,4.000000,76.450900,52.450900,76.450900,1368,1348,65,65,54.267200,54.267200,0.000000,0.000000,0.000000,0.000000,0.000000,unchanged,False,False
order,,W1449,D20,6.579600,4,0.379003,3.620997,2,2,4.000000,76.471300,52.471300,223.871300,1737,1437,281,197,76.261700,64.625300,0.000000,0.000000,0.000000,0.000000,0.000000,promoted,False,False
order,,W145,D50,1.707800,4,-0.008520,4.000000,4,0,1.000000,176.780300,5.380300,176.780300,186,186,58,58,8.708500,8.708500,0.000000,0.000000,0.000000,0.000000,0.000000,unchanged,False,False
order,,W1450,D30,0.886500,4,-0.008520,4.000000,4,0,1.000000,223.968900,52.568900,223.968900,1353,1341,364,369,53.599500,54.007600,0.000000,0.000000,0.000000,0.000000,0.000000,unchanged,False,False
order,,W1451,D50,0.780600,4,-0.008520,4.000000,4,-1,1.000000,223.979100,52.579100,223.979100,1450,1389,437,430,57.291200,56.469400,0.000000,0.000000,0.000000,0.000000,0.000000,unchanged,False,False
order,,W1452,D50,1.109400,4,-0.008520,4.000000,4,-1,1.000000,224.015400,52.615400,224.015400,1488,1476,452,461,59.272700,60.647300,0.000000,0.000000,0.000000,0.000000,0.000000,unchanged,False,False
order,,W1453,D30,1.852900,4,-0.008520,4.000000,4,0,1.000000,224.074300,52.674300,224.074300,1411,1514,378,409,57.117200,62.788500,0.000000,0.000000,0.000000,0.000000,0.000000,unchanged,False,False
order,,W1454,D30,1.520400,4,-0.008520,4.000000,4,0,1.000000,224.109700,52.709700,224.109700,1357,1360,365,372,54.434300,55.528000,0.000000,0.000000,0.000000,0.000000,0.000000,unchanged,False,False
order,,W1455,D20,1.471700,4,-0.132474,4.000000,4,-1,1.000000,224.143700,52.743700,224.143700,1360,2063,217,293,54.453200,86.832300,0.000000,0.000000,0.000000,0.000000,0.000000,unchanged,False,False
order,,W1456,D50,0.583500,4,-0.008520,4.000000,4,-1,1.000000,224.152100,52.752100,224.152100,1416,1377,424,424,56.073200,55.618000,0.000000,0.000000,0.000000,0.000000,0.000000,unchanged,False,False
order,,W1457,D30,2.268100,4,-0.008520,4.000000,4,0,1.000000,224.182500,52.782500,224.182500,1683,1638,431,431,69.454500,69.620500,0.000000,0.000000,0.000000,0.000000,0.000000,unchanged,False,False
order,,W1458,C10,1.794200,4,-0.008520,4.000000,4,0,1.000000,224.204900,52.804900,224.204900,1480,1436,69,69,59.687500,59.687500,0.000000,0.000000,0.000000,0.000000,0.000000,unchanged,False,False
order,,W1459,D40,1.280900,4,-0.008520,4.000000,3,1,2.000000,132.806200,52.806200,224.206200,1355,1336,70,70,54.087100,54.087100,0.000000,0.000000,0.000000,0.000000,0.000000,unchanged,False,False
order,,W146,C30,4.134200,4,-0.223303,4.000000,3,1,2.000000,85.398400,5.398400,176.798400,140,140,4,4,9.532600,9.532600,0.000000,0.000000,0.000000,0.000000,0.000000,unchanged,False,False
order,,W1460,D50,1.405900,4,-0.008520,4.000000,4,-1,1.000000,224.214200,52.814200,224.214200,1566,1506,472,467,62.680200,61.984500,0.000000,0.000000,0.000000,0.000000,0.000000,unchanged,False,False
order,,W1461,D30,3.776500,2,-0.008520,2.008520,2,0,4.000000,76.919900,52.919900,76.919900,1361,1340,366,368,56.780300,56.757800,0.000000,0.000000,0.000000,0.000000,0.000000,unchanged,False,False
order,,W1462,D20,2.009800,2,-0.168748,2.168748,4,-2,1.000000,224.488100,53.088100,77.088100,1363,1400,218,194,55.160300,58.045700,0.000000,0.000000,0.000000,0.000000,0.000000,demoted,False,False
order,,W1463,D30,1.352800,4,-0.008520,4.000000,4,0,1.000000,224.506800,53.106800,224.506800,1362,1353,367,371,54.476000,54.950300,0.000000,0.000000,0.000000,0.000000,0.000000,unchanged,False,False
order,,W1464,D30,5.789800,4,-0.008520,4.000000,4,0,1.000000,224.518100,53.118100,224.518100,1922,1894,492,492,84.014000,84.019200,0.000000,0.000000,0.000000,0.000000,0.000000,unchanged,False,False
order,,W1465,D30,0.172500,4,-0.008520,4.000000,4,0,1.000000,224.634300,53.234300,224.634300,1370,1345,368,370,53.772000,53.597500,0.000000,0.000000,0.000000,0.000000,0.000000,unchanged,False,False
order,,W1466,D50,3.049800,4,-0.008520,4.000000,4,-1,1.000000,224.705500,53.305500,224.705500,1633,1581,489,489,67.916400,67.844200,0.000000,0.000000,0.000000,0.000000,0.000000,unchanged,False,False
order,,W1467,D50,0.757300,4,-0.008520,4.000000,4,-1,1.000000,224.713700,53.313700,224.713700,1455,1410,439,439,57.393200,57.351700,0.000000,0.000000,0.000000,0.000000,0.000000,unchanged,False,False
order,,W1468,D50,1.071900,2,-0.008520,2.008520,3,-1,2.000000,133.378600,53.378600,77.378600,1367,1347,405,408,54.511700,54.509200,0.000000,0.000000,0.000000,0.000000,0.000000,unchanged,False,False
order,,W1469,D50,1.044300,4,-0.008520,4.000000,4,-1,1.000000,224.813400,53.413400,224.813400,1535,1502,465,465,61.010600,61.534600,0.000000,0.000000,0.000000,0.000000,0.000000,unchanged,False,False
order,,W147,D30,0.841600,2,-0.008520,2.008520,2,0,4.000000,29.410400,5.410400,29.410400,141,141,42,42,6.252000,6.252000,0.000000,0.000000,0.000000,0.000000,0.000000,unchanged,False,False
order,,W1470,D40,2.081600,4,-0.008520,4.000000,3,1,2.000000,133.420100,53.420100,224.820100,1365,1344,71,71,55.501700,55.501700,0.000000,0.000000,0.000000,0.000000,0.000000,unchanged,False,False
order,,W1471,B20,6.599300,4,0.265261,3.734739,4,-2,1.000000,224.829000,53.429000,224.829000,1366,1346,15,15,60.028300,60.028300,0.000000,0.000000,0.000000,0.000000,0.000000,promoted,True,False
order,,W1472,D20,5.218200,4,0.379003,3.620997,2,2,4.000000,77.481200,53.481200,224.881200,1776,1439,286,198,77.009900,63.300800,0.000000,0.000000,0.000000,0.000000,0.000000,promoted,False,False
order,,W1473,E10,0.545400,4,-0.008520,4.000000,3,1,2.000000,133.485800,53.485800,224.885800,1369,1349,50,50,54.031200,54.031200,0.000000,0.000000,0.000000,0.000000,0.000000,unchanged,False,False
order,,W1474,D30,1.984000,4,-0.008520,4.000000,4,0,1.000000,224.960500,53.560500,224.960500,1655,1614,426,426,67.917900,68.178500,0.000000,0.000000,0.000000,0.000000,0.000000,unchanged,False,False
order,,W1475,D20,1.692800,4,-0.131437,4.000000,4,-1,1.000000,225.034200,53.634200,225.034200,1375,2081,220,297,55.461400,88.122200,0.000000,0.000000,0.000000,0.000000,0.000000,unchanged,False,False
order,,W1476,D30,2.012500,4,-0.008520,4.000000,4,0,1.000000,225.034700,53.634700,225.034700,1657,1637,427,430,67.996300,69.212500,0.000000,0.000000,0.000000,0.000000,0.000000,unchanged,False,False
order,,W1477,D30,2.402400,4,-0.008520,4.000000,4,0,1.000000,225.090000,53.690000,225.090000,1701,1675,436,438,70.544100,71.557600,0.000000,0.000000,0.000000,0.000000,0.000000,unchanged,False,False
order,,W1478,D50,1.678300,4,-0.008520,4.000000,4,-1,1.000000,225.158900,53.758900,225.158900,1607,1561,482,482,65.291700,65.408600,0.000000,0.000000,0.000000,0.000000,0.000000,unchanged,False,False
order,,W1479,C30,1.041600,4,-0.008520,4.000000,2,2,4.000000,77.768400,53.768400,225.168400,1374,1356,31,31,54.810000,54.810000,0.000000,0.000000,0.000000,0.000000,0.000000,unchanged,False,False
order,,W148,D50,0.732700,4,-0.008520,4.000000,4,0,1.000000,176.825600,5.425600,176.825600,156,156,48,48,6.897200,6.897200,0.000000,0.000000,0.000000,0.000000,0.000000,unchanged,False,False
order,,W1480,D50,3.511000,4,-0.008520,4.000000,4,-1,1.000000,225.177800,53.777800,225.177800,1648,1600,495,497,68.907000,69.069500,0.000000,0.000000,0.000000,0.000000,0.000000,unchanged,False,False
order,,W1481,D50,1.497400,4,-0.008520,4.000000,4,-1,1.000000,225.178200,53.778200,225.178200,1599,1547,479,478,64.896300,64.321900,0.000000,0.000000,0.000000,0.000000,0.000000,unchanged,False,False
order,,W1482,D50,1.102700,4,-0.008520,4.000000,4,-1,1.000000,225.183600,53.783600,225.183600,1540,1508,467,468,61.274300,61.750000,0.000000,0.000000,0.000000,0.000000,0.000000,unchanged,False,False
order,,W1483,C10,0.792800,4,-0.008520,4.000000,4,0,1.000000,225.211100,53.811100,225.211100,1440,1403,67,67,56.956800,56.956800,0.000000,0.000000,0.000000,0.000000,0.000000,unchanged,False,False
order,,W1484,D30,4.494000,4,-0.008520,4.000000,4,0,1.000000,225.239100,53.839100,225.239100,1911,1880,488,488,82.134500,82.049400,0.000000,0.000000,0.000000,0.000000,0.000000,unchanged,False,False
order,,W1485,D20,1.079000,4,-0.134570,4.000000,4,-1,1.000000,225.239300,53.839300,225.239300,1398,2066,223,294,55.669700,86.525600,0.000000,0.000000,0.000000,0.000000,0.000000,unchanged,False,False
order,,W1486,D50,0.512300,4,-0.008520,4.000000,4,-1,1.000000,225.302000,53.902000,225.302000,1420,1379,426,426,56.116600,55.688800,0.000000,0.000000,0.000000,0.000000,0.000000,unchanged,False,False
order,,W1487,D40,2.202300,4,-0.008520,4.000000,3,1,2.000000,133.955100,53.955100,225.355100,1379,1357,72,72,56.157400,56.157400,0.000000,0.000000,0.000000,0.000000,0.000000,unchanged,False,False
order,,W1488,D50,3.840400,4,-0.008520,4.000000,4,-1,1.000000,225.387500,53.987500,225.387500,1665,1622,503,503,70.218600,70.411400,0.000000,0.000000,0.000000,0.000000,0.000000,unchanged,False,False
order,,W1489,D20,0.565900,2,-0.018054,2.018054,3,-1,2.000000,134.019700,54.019700,78.019700,1382,1384,221,193,54.672700,56.035900,0.000000,0.000000,0.000000,0.000000,0.000000,unchanged,False,False
order,,W149,D20,1.651900,4,-0.137030,4.000000,4,-1,1.000000,176.936800,5.536800,176.936800,142,142,32,32,7.188700,7.188700,0.000000,0.000000,0.000000,0.000000,0.000000,unchanged,False,False
order,,W1490,D50,3.345700,4,-0.008520,4.000000,4,-1,1.000000,225.509800,54.109800,225.509800,1662,1617,502,502,69.560000,69.760900,0.000000,0.000000,0.000000,0.000000,0.000000,unchanged,False,False
order,,W1491,D20,1.975600,2,-0.166474,2.166474,4,-2,1.000000,225.560400,54.160400,78.160400,1393,1421,222,195,56.428800,59.143600,0.000000,0.000000,0.000000,0.000000,0.000000,demoted,False,False
order,,W1492,D40,9.308000,1,0.789225,1.000000,1,1,8.000000,62.219700,54.219700,62.219700,1386,1361,73,73,63.527700,63.527700,1.308000,1.308000,10.464000,10.464000,0.000000,unchanged,False,False
order,,W1493,D50,3.745200,4,-0.008520,4.000000,4,-1,1.000000,225.656200,54.256200,225.656200,1666,1623,504,504,70.154800,70.366000,0.000000,0.000000,0.000000,0.000000,0.000000,unchanged,False,False
order,,W1494,D90,3.656200,4,-0.008520,4.000000,2,2,4.000000,78.306300,54.306300,225.706300,1388,1363,79,79,57.962500,57.962500,0.000000,0.000000,0.000000,0.000000,0.000000,unchanged,False,False
order,,W1495,D10,0.510300,2,-0.008520,2.008520,2,0,4.000000,78.321800,54.321800,78.321800,1389,1364,21,21,54.832100,54.832100,0.000000,0.000000,0.000000,0.000000,0.000000,unchanged,False,False
order,,W1496,D50,0.525300,2,-0.008520,2.008520,3,-1,2.000000,134.322300,54.322300,78.322300,1391,1367,413,416,54.958200,55.034500,0.000000,0.000000,0.000000,0.000000,0.000000,unchanged,False,False
order,,W1497,D30,1.021000,4,-0.008520,4.000000,4,0,1.000000,225.728400,54.328400,225.728400,1392,1366,372,373,55.455300,55.429600,0.000000,0.000000,0.000000,0.000000,0.000000,unchanged,False,False
order,,W1498,D50,1.345600,4,-0.008520,4.000000,4,-1,1.000000,225.751800,54.351800,225.751800,1603,1554,480,480,64.863800,64.794400,0.000000,0.000000,0.000000,0.000000,0.000000,unchanged,False,False
order,,W1499,B30,19.669700,4,-0.008520,4.000000,4,0,1.000000,225.773200,54.373200,225.773200,1390,1365,21,21,74.042900,74.042900,0.000000,0.000000,0.000000,0.000000,0.000000,unchanged,False,False
order,,W15,D20,1.058500,4,-0.130871,4.000000,4,-1,1.000000,171.872900,0.472900,171.872900,16,16,6,6,1.531400,1.531400,0.000000,0.000000,0.000000,0.000000,0.000000,unchanged,False,False
order,,W150,D50,0.897200,4,-0.008520,4.000000,4,0,1.000000,176.942300,5.542300,176.942300,159,159,49,49,7.156300,7.156300,0.000000,0.000000,0.000000,0.000000,0.000000,unchanged,False,False
order,,W1500,D50,1.472000,4,-0.008520,4.000000,4,-1,1.000000,225.863800,54.463800,225.863800,1614,1568,484,485,65.397200,65.672200,0.000000,0.000000,0.000000,0.000000,0.000000,unchanged,False,False
order,,W1501,D30,3.403200,4,-0.008520,4.000000,4,0,1.000000,225.901400,54.501400,225.901400,1869,1839,474,474,79.613800,79.627800,0.000000,0.000000,0.000000,0.000000,0.000000,unchanged,False,False
order,,W1502,D30,0.932700,4,-0.008520,4.000000,4,0,1.000000,225.904900,54.504900,225.904900,1399,1467,375,395,55.570500,60.267000,0.000000,0.000000,0.000000,0.000000,0.000000,unchanged,False,False
order,,W1503,C10,1.768900,4,-0.008520,4.000000,4,0,1.000000,225.934600,54.534600,225.934600,1532,1487,73,73,61.620900,61.620900,0.000000,0.000000,0.000000,0.000000,0.000000,unchanged,False,False
order,,W1504,D30,1.800900,1,-0.008520,1.008520,1,0,8.000000,62.588400,54.588400,62.588400,1397,1375,374,374,56.390300,56.751200,0.000000,0.000000,0.000000,0.000000,0.000000,unchanged,False,False
order,,W1505,D20,4.041300,4,0.247991,3.752009,2,2,4.000000,78.613900,54.613900,226.013900,1780,1516,287,208,76.004500,65.071300,0.000000,0.000000,0.000000,0.000000,0.000000,promoted,False,False
order,,W1506,D20,0.963100,4,-0.135265,4.000000,4,-1,1.000000,226.062400,54.662400,226.062400,1400,2078,224,296,55.635800,86.972000,0.000000,0.000000,0.000000,0.000000,0.000000,unchanged,False,False
order,,W1507,D50,6.090500,4,-0.055172,4.000000,4,-1,1.000000,226.090500,54.690500,226.090500,1705,1633,516,506,74.477600,73.126200,0.000000,0.000000,0.000000,0.000000,0.000000,unchanged,False,False
order,,W1508,C10,1.715200,4,-0.008520,4.000000,4,0,1.000000,226.125700,54.725700,226.125700,1543,1493,74,74,61.931600,61.931600,0.000000,0.000000,0.000000,0.000000,0.000000,unchanged,False,False
order,,W1509,D50,0.478900,4,-0.008520,4.000000,4,-1,1.000000,226.153700,54.753700,226.153700,1421,1380,427,427,56.085200,55.749900,0.000000,0.000000,0.000000,0.000000,0.000000,unchanged,False,False
order,,W151,D50,0.656200,4,-0.008520,4.000000,4,0,1.000000,176.987200,5.587200,176.987200,153,153,47,47,6.718000,6.718000,0.000000,0.000000,0.000000,0.000000,0.000000,unchanged,False,False
order,,W1510,D50,1.959000,4,-0.008520,4.000000,4,-1,1.000000,226.234800,54.834800,226.234800,1646,1594,494,493,67.317800,67.142300,0.000000,0.000000,0.000000,0.000000,0.000000,unchanged,False,False
order,,W1511,D50,1.817900,4,-0.008520,4.000000,4,-1,1.000000,226.292900,54.892900,226.292900,1639,1591,491,492,66.828700,66.897300,0.000000,0.000000,0.000000,0.000000,0.000000,unchanged,False,False
order,,W1512,D50,0.975900,4,-0.008520,4.000000,4,-1,1.000000,226.321400,54.921400,226.321400,1597,1545,478,477,64.073600,63.707200,0.000000,0.000000,0.000000,0.000000,0.000000,unchanged,False,False
order,,W1513,D40,3.998500,4,-0.008520,4.000000,3,1,2.000000,135.024200,55.024200,226.424200,1406,1376,74,74,59.022700,59.022700,0.000000,0.000000,0.000000,0.000000,0.000000,unchanged,False,False
order,,W1514,D20,0.868900,4,-0.135860,4.000000,4,-1,1.000000,226.426100,55.026100,226.426100,1409,2069,225,295,56.029200,86.487700,0.000000,0.000000,0.000000,0.000000,0.000000,unchanged,False,False
order,,W1515,D20,12.443000,4,0.261172,3.738828,2,2,4.000000,79.039800,55.039800,226.439800,1891,1463,298,202,89.616700,71.602900,10.576900,0.000000,42.307600,0.000000,-42.307600,promoted,False,False
order,,W1516,D30,12.941300,4,-0.008520,4.000000,4,-1,1.000000,226.463400,55.063400,226.463400,2075,2056,544,544,98.132900,98.051500,0.000000,0.000000,0.000000,0.000000,0.000000,unchanged,False,False
order,,W1517,D30,2.010400,2,-0.008520,2.008520,2,0,4.000000,79.131500,55.131500,79.131500,1410,1382,377,376,57.180200,57.440000,0.000000,0.000000,0.000000,0.000000,0.000000,unchanged,False,False
order,,W1518,D30,7.477900,4,-0.008520,4.000000,4,0,1.000000,226.568300,55.168300,226.568300,2003,1986,520,520,89.042300,89.147100,0.000000,0.000000,0.000000,0.000000,0.000000,unchanged,False,False
order,,W1519,D50,4.643800,4,-0.095890,4.000000,4,-1,1.000000,226.574600,55.174600,226.574600,1713,1664,519,519,73.385800,73.437700,0.000000,0.000000,0.000000,0.000000,0.000000,unchanged,False,False
order,,W152,D30,11.138400,4,-0.008520,4.000000,4,0,1.000000,177.003900,5.603900,177.003900,143,143,43,43,16.742300,16.742300,0.000000,0.000000,0.000000,0.000000,0.000000,unchanged,False,False
order,,W1520,D50,4.138900,4,-0.015853,4.000000,4,-1,1.000000,226.585200,55.185200,226.585200,1711,1663,518,518,72.774600,72.900100,0.000000,0.000000,0.000000,0.000000,0.000000,unchanged,False,False
order,,W1521,C10,2.626200,4,-0.008520,4.000000,4,0,1.000000,226.654100,55.254100,226.654100,1583,1540,78,78,65.059000,65.059000,0.000000,0.000000,0.000000,0.000000,0.000000,unchanged,False,False
order,,W1522,D30,1.713300,2,-0.008520,2.008520,2,0,4.000000,79.321200,55.321200,79.321200,1414,1381,379,375,57.168600,57.130200,0.000000,0.000000,0.000000,0.000000,0.000000,unchanged,False,False
order,,W1523,D30,0.606300,4,-0.008520,4.000000,4,0,1.000000,226.786200,55.386200,226.786200,1428,1452,382,393,56.371200,59.378500,0.000000,0.000000,0.000000,0.000000,0.000000,unchanged,False,False
order,,W1524,D30,31.322600,4,-0.008520,4.000000,4,-1,1.000000,226.830200,55.430200,226.830200,1741,1696,442,442,101.209500,101.256200,0.000000,0.000000,0.000000,0.000000,0.000000,unchanged,False,False
order,,W1525,D50,2.096200,4,-0.008520,4.000000,4,-1,1.000000,226.838800,55.438800,226.838800,1676,1628,505,505,68.924900,68.993500,0.000000,0.000000,0.000000,0.000000,0.000000,unchanged,False,False
order,,W1526,D30,7.936600,4,-0.008520,4.000000,4,0,1.000000,226.861100,55.461100,226.861100,2010,1990,523,523,89.862700,89.885000,0.000000,0.000000,0.000000,0.000000,0.000000,unchanged,False,False
order,,W1527,D30,0.541800,2,-0.008520,2.008520,2,0,4.000000,79.481800,55.481800,79.481800,1417,1385,380,377,56.112300,56.069800,0.000000,0.000000,0.000000,0.000000,0.000000,unchanged,False,False
order,,W1528,D30,17.392700,2,-0.008520,2.008520,3,-1,2.000000,135.488300,55.488300,79.488300,1426,1392,381,378,73.110500,73.157600,0.000000,0.000000,0.000000,0.000000,0.000000,unchanged,False,False
order,,W1529,E10,13.465600,4,-0.587387,4.000000,4,0,1.000000,226.976200,55.576200,226.976200,1418,1386,51,51,69.041800,69.041800,0.000000,0.000000,0.000000,0.000000,0.000000,unchanged,False,False
order,,W153,D90,3.424900,4,-0.008520,4.000000,2,2,4.000000,29.604700,5.604700,177.004700,144,144,5,5,9.029600,9.029600,0.000000,0.000000,0.000000,0.000000,0.000000,unchanged,False,False
order,,W1530,D20,1.694500,3,-0.131429,3.131429,4,-1,1.000000,227.023600,55.623600,135.623600,1423,1433,227,196,57.330300,59.407300,0.000000,0.000000,0.000000,0.000000,0.000000,demoted,False,False
order,,W1531,B30,6.904900,4,-0.008520,4.000000,4,0,1.000000,227.053600,55.653600,227.053600,1424,1388,22,22,62.558500,62.558500,0.000000,0.000000,0.000000,0.000000,0.000000,unchanged,False,False
order,,W1532,E10,4.086600,4,-0.008520,4.000000,3,1,2.000000,135.754900,55.754900,227.154900,1427,1391,52,52,59.841500,59.841500,0.000000,0.000000,0.000000,0.000000,0.000000,unchanged,False,False
order,,W1533,D90,6.160700,4,-0.008520,4.000000,2,2,4.000000,79.769800,55.769800,227.169800,1429,1393,80,80,61.930500,61.930500,0.000000,0.000000,0.000000,0.000000,0.000000,unchanged,False,False
order,,W1534,D50,0.625700,2,-0.008520,2.008520,3,-1,2.000000,135.775900,55.775900,79.775900,1430,1394,429,432,56.445400,56.438500,0.000000,0.000000,0.000000,0.000000,0.000000,unchanged,False,False
order,,W1535,D30,2.333000,4,-0.008520,4.000000,4,0,1.000000,227.178200,55.778200,227.178200,1822,1796,459,459,76.180100,76.462300,0.000000,0.000000,0.000000,0.000000,0.000000,unchanged,False,False
order,,W1536,D50,1.170600,4,-0.008520,4.000000,4,-1,1.000000,227.208600,55.808600,227.208600,1632,1571,488,488,66.034400,65.492500,0.000000,0.000000,0.000000,0.000000,0.000000,unchanged,False,False
order,,W1537,D50,0.718700,4,-0.008520,4.000000,4,-1,1.000000,227.237100,55.837100,227.237100,1590,1524,475,472,63.398900,62.310900,0.000000,0.000000,0.000000,0.000000,0.000000,unchanged,False,False
order,,W1538,D50,3.172200,2,-0.008520,2.008520,3,-1,2.000000,135.854900,55.854900,79.854900,1436,1395,430,433,59.245400,59.050800,0.000000,0.000000,0.000000,0.000000,0.000000,unchanged,False,False
order,,W1539,C30,3.961100,4,-0.008520,4.000000,3,1,2.000000,135.883000,55.883000,227.283000,1431,1396,32,32,59.844100,59.844100,0.000000,0.000000,0.000000,0.000000,0.000000,unchanged,False,False
order,,W154,D50,1.844800,4,-0.008520,4.000000,4,0,1.000000,177.015800,5.615800,177.015800,198,198,65,65,9.300800,9.300800,0.000000,0.000000,0.000000,0.000000,0.000000,unchanged,False,False
order,,W1540,D20,6.608500,4,0.379003,3.620997,2,2,4.000000,79.897800,55.897800,227.297800,1960,1445,305,199,86.233200,64.880500,6.335400,0.000000,25.341600,0.000000,-25.341600,promoted,False,False
order,,W1541,D40,1.153300,4,-0.008520,4.000000,3,1,2.000000,135.905500,55.905500,227.305500,1432,1397,75,75,57.058800,57.058800,0.000000,0.000000,0.000000,0.000000,0.000000,unchanged,False,False
order,,W1542,D30,1.597300,2,-0.008520,2.008520,2,0,4.000000,79.950400,55.950400,79.950400,1442,1401,384,379,57.968500,57.667100,0.000000,0.000000,0.000000,0.000000,0.000000,unchanged,False,False
order,,W1543,D30,9.460700,2,-0.008520,2.008520,3,-1,2.000000,135.990500,55.990500,79.990500,1445,1442,386,390,65.864200,67.635800,0.000000,0.000000,0.000000,0.000000,0.000000,unchanged,False,False
order,,W1544,D50,0.233300,4,-0.008520,4.000000,4,-1,1.000000,227.395700,55.995700,227.395700,1444,1406,434,437,56.634000,56.671800,0.000000,0.000000,0.000000,0.000000,0.000000,unchanged,False,False
order,,W1545,D50,3.189600,2,-0.008520,2.008520,3,-1,2.000000,135.998400,55.998400,79.998400,1437,1402,431,434,59.274800,59.300000,0.000000,0.000000,0.000000,0.000000,0.000000,unchanged,False,False
order,,W1546,B20,3.499200,4,-0.008520,4.000000,4,-1,1.000000,227.403900,56.003900,227.403900,1433,1398,16,16,59.503100,59.503100,0.000000,0.000000,0.000000,0.000000,0.000000,unchanged,False,False
order,,W1547,D90,6.213900,4,-0.008520,4.000000,2,2,4.000000,80.029100,56.029100,227.429100,1434,1399,81,81,62.243000,62.243000,0.000000,0.000000,0.000000,0.000000,0.000000,unchanged,False,False
order,,W1548,D30,1.928700,2,-0.008520,2.008520,2,0,4.000000,80.048100,56.048100,80.048100,1443,1415,385,382,58.319000,58.772200,0.000000,0.000000,0.000000,0.000000,0.000000,unchanged,False,False
order,,W1549,D50,3.279700,2,-0.008520,2.008520,2,0,4.000000,80.049500,56.049500,80.049500,1439,1404,432,435,59.396300,59.445000,0.000000,0.000000,0.000000,0.000000,0.000000,unchanged,False,False
order,,W155,D50,1.021500,4,-0.008520,4.000000,4,0,1.000000,177.036100,5.636100,177.036100,175,175,55,55,7.739500,7.739500,0.000000,0.000000,0.000000,0.000000,0.000000,unchanged,False,False
order,,W1550,D30,0.997000,2,-0.008520,2.008520,2,0,4.000000,80.102800,56.102800,80.102800,1438,1413,383,380,57.109300,57.748200,0.000000,0.000000,0.000000,0.000000,0.000000,unchanged,False,False
order,,W1551,D30,0.907600,4,-0.008520,4.000000,4,0,1.000000,227.649100,56.249100,227.649100,1458,1468,389,396,57.687900,60.286100,0.000000,0.000000,0.000000,0.000000,0.000000,unchanged,False,False
order,,W1552,D50,0.173800,4,-0.008520,4.000000,3,1,2.000000,136.286300,56.286300,227.686300,1441,1405,433,436,56.510600,56.594400,0.000000,0.000000,0.000000,0.000000,0.000000,unchanged,False,False
order,,W1553,D20,1.826000,4,-0.234951,4.000000,4,-1,1.000000,227.735300,56.335300,227.735300,1446,2104,230,308,58.254800,89.223600,0.000000,0.000000,0.000000,0.000000,0.000000,unchanged,False,False
order,,W1554,D30,2.158800,4,-0.008520,4.000000,4,0,1.000000,227.756500,56.356500,227.756500,1818,1795,458,458,75.938700,76.160000,0.000000,0.000000,0.000000,0.000000,0.000000,unchanged,False,False
order,,W1555,C10,6.169100,4,-0.008520,4.000000,4,0,1.000000,227.791500,56.391500,227.791500,1661,1613,86,86,72.326000,72.326000,0.000000,0.000000,0.000000,0.000000,0.000000,unchanged,False,False
order,,W1556,D40,11.786300,4,-0.008520,4.000000,3,1,2.000000,136.472000,56.472000,227.872000,1448,1408,76,76,68.258300,68.258300,0.000000,0.000000,0.000000,0.000000,0.000000,unchanged,False,False
order,,W1557,D30,1.417300,2,-0.008520,2.008520,2,0,4.000000,80.484000,56.484000,80.484000,1451,1414,387,381,57.981300,58.175100,0.000000,0.000000,0.000000,0.000000,0.000000,unchanged,False,False
order,,W1558,C30,1.543500,4,-0.008520,4.000000,2,2,4.000000,80.593600,56.593600,227.993600,1452,1409,33,33,58.137100,58.137100,0.000000,0.000000,0.000000,0.000000,0.000000,unchanged,False,False
order,,W1559,D10,0.601200,4,-0.008520,4.000000,4,0,1.000000,228.022500,56.622500,228.022500,1453,1411,22,22,57.223700,57.223700,0.000000,0.000000,0.000000,0.000000,0.000000,unchanged,False,False
order,,W156,D50,0.726600,2,-0.008520,2.008520,2,0,4.000000,29.647300,5.647300,29.647300,147,147,44,44,6.653400,6.653400,0.000000,0.000000,0.000000,0.000000,0.000000,unchanged,False,False
order,,W1560,D20,0.236700,4,-0.008520,4.000000,4,-1,1.000000,228.076800,56.676800,228.076800,1469,2055,231,290,57.567000,85.282400,0.000000,0.000000,0.000000,0.000000,0.000000,unchanged,False,False
order,,W1561,D50,0.287500,4,-0.008520,4.000000,3,1,2.000000,136.684800,56.684800,228.084800,1456,1424,440,444,57.003600,57.639200,0.000000,0.000000,0.000000,0.000000,0.000000,unchanged,False,False
order,,W1562,D50,0.866700,4,-0.008520,4.000000,4,0,1.000000,228.110000,56.710000,228.110000,1617,1570,486,487,65.010800,65.183300,0.000000,0.000000,0.000000,0.000000,0.000000,unchanged,False,False
order,,W1563,D20,1.074100,4,-0.051620,4.000000,4,-1,1.000000,228.128000,56.728000,228.128000,1474,2097,232,303,58.641100,88.051400,0.000000,0.000000,0.000000,0.000000,0.000000,unchanged,False,False
order,,W1564,D30,1.894300,2,-0.008520,2.008520,2,0,4.000000,80.762100,56.762100,80.762100,1457,1427,388,384,58.658300,59.334300,0.000000,0.000000,0.000000,0.000000,0.000000,unchanged,False,False
order,,W1565,D20,1.256000,4,-0.075426,4.000000,4,-1,1.000000,228.171100,56.771100,228.171100,1478,2099,233,305,58.991200,88.445600,0.000000,0.000000,0.000000,0.000000,0.000000,unchanged,False,False
order,,W1566,D50,2.385000,4,-0.008520,4.000000,4,0,1.000000,228.216900,56.816900,228.216900,1715,1666,520,520,71.149500,71.266400,0.000000,0.000000,0.000000,0.000000,0.000000,unchanged,False,False
order,,W1567,D50,1.140100,2,-0.008520,2.008520,2,0,4.000000,80.821700,56.821700,80.821700,1460,1417,441,441,58.143700,58.248800,0.000000,0.000000,0.000000,0.000000,0.000000,unchanged,False,False
order,,W1568,D30,1.129400,4,-0.008520,4.000000,4,0,1.000000,228.235200,56.835200,228.235200,1476,1504,395,406,58.817300,61.662900,0.000000,0.000000,0.000000,0.000000,0.000000,unchanged,False,False
order,,W1569,D50,3.703200,4,-0.008520,4.000000,4,0,1.000000,228.263200,56.863200,228.263200,1729,1684,526,525,73.168200,73.222300,0.000000,0.000000,0.000000,0.000000,0.000000,unchanged,False,False
order,,W157,D30,1.067200,4,-0.008520,4.000000,4,0,1.000000,177.057200,5.657200,177.057200,145,145,44,44,6.724400,6.724400,0.000000,0.000000,0.000000,0.000000,0.000000,unchanged,False,False
order,,W1570,D30,2.018700,2,-0.008520,2.008520,2,0,4.000000,80.874300,56.874300,80.874300,1462,1432,391,385,59.135900,59.685800,0.000000,0.000000,0.000000,0.000000,0.000000,unchanged,False,False
order,,W1571,D30,8.390100,4,-0.008520,4.000000,4,0,1.000000,228.299200,56.899200,228.299200,2060,2046,541,541,92.837900,92.862900,0.000000,0.000000,0.000000,0.000000,0.000000,unchanged,False,False
order,,W1572,C10,0.667800,4,-0.008520,4.000000,4,0,1.000000,228.300500,56.900500,228.300500,1492,1446,70,70,59.006500,59.006500,0.000000,0.000000,0.000000,0.000000,0.000000,unchanged,False,False
order,,W1573,D30,7.054400,1,-0.008520,1.008520,1,0,8.000000,64.903500,56.903500,64.903500,1461,1419,390,383,64.163700,64.184600,0.000000,0.000000,0.000000,0.000000,0.000000,unchanged,False,False
order,,W1574,D30,2.065700,4,-0.008520,4.000000,4,0,1.000000,228.322100,56.922100,228.322100,1827,1799,461,462,76.107400,76.321300,0.000000,0.000000,0.000000,0.000000,0.000000,unchanged,False,False
order,,W1575,D50,6.560400,4,-0.166874,4.000000,4,0,1.000000,228.343300,56.943300,228.343300,1730,1690,527,527,76.054800,76.321300,0.000000,0.000000,0.000000,0.000000,0.000000,unchanged,False,False
order,,W1576,D50,0.267500,4,-0.008520,4.000000,3,1,2.000000,136.953000,56.953000,228.353000,1470,1418,443,442,57.660700,57.387600,0.000000,0.000000,0.000000,0.000000,0.000000,unchanged,False,False
order,,W1577,D30,2.840600,4,-0.008520,4.000000,4,0,1.000000,228.404100,57.004100,228.404100,1884,1846,479,478,79.631400,79.217900,0.000000,0.000000,0.000000,0.000000,0.000000,unchanged,False,False
order,,W1578,D30,5.875400,2,-0.008520,2.008520,2,0,4.000000,81.005400,57.005400,81.005400,1465,1441,393,389,63.055600,64.034600,0.000000,0.000000,0.000000,0.000000,0.000000,unchanged,False,False
order,,W1579,D10,1.796300,4,-0.008520,4.000000,4,0,1.000000,228.410700,57.010700,228.410700,1466,1422,23,23,59.020000,59.020000,0.000000,0.000000,0.000000,0.000000,0.000000,unchanged,False,False
order,,W158,D90,7.837100,4,-0.008520,4.000000,2,2,4.000000,29.665900,5.665900,177.065900,146,146,6,6,13.503000,13.503000,0.000000,0.000000,0.000000,0.000000,0.000000,unchanged,False,False
order,,W1580,D30,3.706100,2,-0.008520,2.008520,2,0,4.000000,81.062100,57.062100,81.062100,1464,1434,392,386,60.874700,61.454300,0.000000,0.000000,0.000000,0.000000,0.000000,unchanged,False,False
order,,W1581,D50,0.254500,4,-0.008520,4.000000,3,1,2.000000,137.127000,57.127000,228.527000,1467,1423,442,443,57.545700,57.530800,0.000000,0.000000,0.000000,0.000000,0.000000,unchanged,False,False
order,,W1582,B30,7.196300,4,-0.008520,4.000000,4,0,1.000000,228.567900,57.167900,228.567900,1463,1420,23,23,64.364200,64.364200,0.000000,0.000000,0.000000,0.000000,0.000000,unchanged,False,False
order,,W1583,D50,0.270000,4,-0.008520,4.000000,3,1,2.000000,137.177700,57.177700,228.577700,1471,1425,444,445,57.701900,57.657600,0.000000,0.000000,0.000000,0.000000,0.000000,unchanged,False,False
order,,W1584,C10,0.845500,4,-0.008520,4.000000,4,0,1.000000,228.607100,57.207100,228.607100,1506,1459,71,71,59.852000,59.852000,0.000000,0.000000,0.000000,0.000000,0.000000,unchanged,False,False
order,,W1585,D30,3.920700,2,-0.008520,2.008520,2,0,4.000000,81.224900,57.224900,81.224900,1468,1435,394,387,61.227200,61.710000,0.000000,0.000000,0.000000,0.000000,0.000000,unchanged,False,False
order,,W1586,D30,13.421900,4,-0.020262,4.000000,4,0,1.000000,228.681100,57.281100,228.681100,2193,2198,584,584,106.819100,106.754800,0.000000,0.000000,0.000000,0.000000,0.000000,unchanged,False,False
order,,W1587,D30,8.767800,4,-0.008520,4.000000,4,0,1.000000,228.712000,57.312000,228.712000,2071,2052,543,543,93.789300,93.598800,0.000000,0.000000,0.000000,0.000000,0.000000,unchanged,False,False
order,,W1588,D30,2.187100,4,-0.008520,4.000000,4,0,1.000000,228.721000,57.321000,228.721000,1847,1820,468,468,77.540000,77.708500,0.000000,0.000000,0.000000,0.000000,0.000000,unchanged,False,False
order,,W1589,D30,7.821100,4,-0.008520,4.000000,4,0,1.000000,228.991000,57.591000,228.991000,2058,2041,540,540,92.063500,92.059800,0.000000,0.000000,0.000000,0.000000,0.000000,unchanged,False,False
order,,W159,D50,0.574500,4,-0.008520,4.000000,4,0,1.000000,177.079400,5.679400,177.079400,150,150,46,46,6.609600,6.609600,0.000000,0.000000,0.000000,0.000000,0.000000,unchanged,False,False
order,,W1590,D10,1.070400,4,-0.008520,4.000000,4,0,1.000000,229.029200,57.629200,229.029200,1507,1460,24,24,60.090400,60.090400,0.000000,0.000000,0.000000,0.000000,0.000000,unchanged,False,False
order,,W1591,D50,0.992400,4,-0.008520,4.000000,4,0,1.000000,229.044900,57.644900,229.044900,1650,1604,497,498,66.409600,66.620800,0.000000,0.000000,0.000000,0.000000,0.000000,unchanged,False,False
order,,W1592,D30,0.863400,4,-0.008520,4.000000,4,0,1.000000,229.123200,57.723200,229.123200,1482,1470,396,397,58.831900,60.301200,0.000000,0.000000,0.000000,0.000000,0.000000,unchanged,False,False
order,,W1593,D20,0.708800,4,-0.033640,4.000000,4,-1,1.000000,229.172700,57.772700,229.172700,1479,2084,234,299,58.501500,87.234400,0.000000,0.000000,0.000000,0.000000,0.000000,unchanged,False,False
order,,W1594,D50,3.429400,4,-0.008520,4.000000,4,0,1.000000,229.214500,57.814500,229.214500,1750,1705,533,532,73.846900,73.840800,0.000000,0.000000,0.000000,0.000000,0.000000,unchanged,False,False
order,,W1595,D50,1.294100,4,-0.008520,4.000000,4,0,1.000000,229.233700,57.833700,229.233700,1702,1659,515,516,69.465000,69.780800,0.000000,0.000000,0.000000,0.000000,0.000000,unchanged,False,False
order,,W1596,D30,1.586300,4,-0.008520,4.000000,4,0,1.000000,229.243400,57.843400,229.243400,1803,1759,451,451,74.696800,74.255600,0.000000,0.000000,0.000000,0.000000,0.000000,unchanged,False,False
order,,W1597,D50,2.172000,4,-0.008520,4.000000,4,0,1.000000,229.248600,57.848600,229.248600,1719,1672,523,522,71.141600,71.241500,0.000000,0.000000,0.000000,0.000000,0.000000,unchanged,False,False
order,,W1598,D30,3.681500,4,-0.008520,4.000000,4,0,1.000000,229.369200,57.969200,229.369200,1956,1926,500,499,83.140800,82.928000,0.000000,0.000000,0.000000,0.000000,0.000000,unchanged,False,False
order,,W1599,D20,3.115000,4,-0.335576,4.000000,4,-1,1.000000,229.450200,58.050200,229.450200,1939,2119,302,314,82.044600,91.237200,0.000000,0.000000,0.000000,0.000000,0.000000,unchanged,False,False
order,,W16,D50,2.966400,4,-0.008520,4.000000,4,0,1.000000,171.883300,0.483300,171.883300,17,17,5,5,3.449700,3.449700,0.000000,0.000000,0.000000,0.000000,0.000000,unchanged,False,False
order,,W160,D50,1.191200,4,-0.008520,4.000000,4,0,1.000000,177.198200,5.798200,177.198200,177,177,56,56,7.946900,7.946900,0.000000,0.000000,0.000000,0.000000,0.000000,unchanged,False,False
order,,W1600,D40,1.360100,4,-0.008520,4.000000,3,1,2.000000,138.062700,58.062700,229.462700,1486,1438,77,77,59.422800,59.422800,0.000000,0.000000,0.000000,0.000000,0.000000,unchanged,False,False
order,,W1601,D30,8.843700,1,-0.008520,1.008520,1,0,8.000000,66.103000,58.103000,66.103000,1491,1440,399,388,67.162700,66.956700,1.059700,0.853700,8.477600,6.829600,-1.648000,unchanged,False,False
order,,W1602,D30,16.057600,2,-0.603533,2.603533,2,0,4.000000,82.111000,58.111000,82.111000,1495,1443,400,391,74.559300,74.247800,0.000000,0.000000,0.000000,0.000000,0.000000,demoted,True,False
order,,W1603,D50,3.205200,4,-0.008520,4.000000,4,0,1.000000,229.540300,58.140300,229.540300,1765,1724,536,535,74.255300,74.402700,0.000000,0.000000,0.000000,0.000000,0.000000,unchanged,False,False
order,,W1604,D50,0.267400,2,-0.008520,2.008520,1,1,8.000000,66.167600,58.167600,82.167600,1504,1444,453,451,59.243500,58.516200,0.000000,0.000000,0.000000,0.000000,0.000000,unchanged,False,False
order,,W1605,B20,2.785900,4,-0.008520,4.000000,4,-1,1.000000,229.596700,58.196700,229.596700,1519,1474,17,17,62.289000,62.289000,0.000000,0.000000,0.000000,0.000000,0.000000,unchanged,False,False
order,,W1606,D50,0.738900,4,-0.008520,4.000000,4,0,1.000000,229.657100,58.257100,229.657100,1635,1582,490,490,65.635200,65.558500,0.000000,0.000000,0.000000,0.000000,0.000000,unchanged,False,False
order,,W1607,D20,1.328500,4,-0.099073,4.000000,4,-1,1.000000,229.730800,58.330800,229.730800,1497,2112,238,311,59.969600,89.116400,0.000000,0.000000,0.000000,0.000000,0.000000,unchanged,False,False
order,,W1608,D20,1.284900,4,-0.084942,4.000000,4,-1,1.000000,229.766000,58.366000,229.766000,1494,2111,237,310,59.786400,89.063800,0.000000,0.000000,0.000000,0.000000,0.000000,unchanged,False,False
order,,W1609,C30,3.144400,2,-0.008520,2.008520,1,2,8.000000,66.378400,58.378400,82.378400,1493,1447,34,34,61.522800,61.522800,0.000000,0.000000,0.000000,0.000000,0.000000,unchanged,False,False
order,,W161,D50,1.888000,4,-0.008520,4.000000,4,0,1.000000,177.218200,5.818200,177.218200,211,211,69,69,9.910400,9.910400,0.000000,0.000000,0.000000,0.000000,0.000000,unchanged,False,False
order,,W1610,D50,0.929700,4,-0.008520,4.000000,4,0,1.000000,229.833900,58.433900,229.833900,1691,1648,510,511,68.764500,68.881400,0.000000,0.000000,0.000000,0.000000,0.000000,unchanged,False,False
order,,W1611,D50,0.341100,2,-0.008520,2.008520,1,1,8.000000,66.484400,58.484400,82.484400,1509,1448,454,452,59.552900,58.857300,0.000000,0.000000,0.000000,0.000000,0.000000,unchanged,False,False
order,,W1612,D50,4.120300,4,-0.017693,4.000000,4,0,1.000000,229.917500,58.517500,229.917500,1778,1744,541,541,75.955900,76.200800,0.000000,0.000000,0.000000,0.000000,0.000000,unchanged,False,False
order,,W1613,D20,8.822900,4,0.173829,3.826171,2,2,4.000000,82.554500,58.554500,229.954500,1992,1791,312,257,89.927200,82.788500,7.372700,0.234000,29.490800,0.936000,-28.554800,promoted,False,False
order,,W1614,D50,4.164600,4,-0.026221,4.000000,4,0,1.000000,230.002600,58.602600,230.002600,1791,1748,544,542,76.656800,76.367500,0.000000,0.000000,0.000000,0.000000,0.000000,unchanged,False,False
order,,W1615,D30,1.882500,2,-0.008520,2.008520,2,0,4.000000,82.615200,58.615200,82.615200,1498,1450,401,392,60.540800,60.526200,0.000000,0.000000,0.000000,0.000000,0.000000,unchanged,False,False
order,,W1616,E10,3.862900,4,-0.023608,4.000000,3,1,2.000000,138.628600,58.628600,230.028600,1496,1449,53,53,62.491500,62.491500,0.000000,0.000000,0.000000,0.000000,0.000000,unchanged,False,False
order,,W1617,D50,0.961700,4,-0.008520,4.000000,4,0,1.000000,230.046300,58.646300,230.046300,1700,1657,514,515,69.096700,69.370500,0.000000,0.000000,0.000000,0.000000,0.000000,unchanged,False,False
order,,W1618,D20,2.223700,3,-0.273829,3.273829,4,-1,1.000000,230.058900,58.658900,138.658900,1524,1453,241,200,61.905400,61.030000,0.000000,0.000000,0.000000,0.000000,0.000000,demoted,False,False
order,,W1619,D20,0.948400,4,-0.037110,4.000000,4,-1,1.000000,230.070500,58.670500,230.070500,1536,2103,245,307,60.918000,88.339500,0.000000,0.000000,0.000000,0.000000,0.000000,unchanged,False,False
order,,W162,D50,0.302500,4,-0.008520,4.000000,4,0,1.000000,177.238100,5.838100,177.238100,148,148,45,45,6.259100,6.259100,0.000000,0.000000,0.000000,0.000000,0.000000,unchanged,False,False
order,,W1620,D30,1.625300,4,-0.008520,4.000000,4,0,1.000000,230.082200,58.682200,230.082200,1817,1784,457,457,75.352900,75.378600,0.000000,0.000000,0.000000,0.000000,0.000000,unchanged,False,False
order,,W1621,D30,0.793300,4,-0.008520,4.000000,4,0,1.000000,230.103900,58.703900,230.103900,1501,1485,402,400,59.610600,60.632500,0.000000,0.000000,0.000000,0.000000,0.000000,unchanged,False,False
order,,W1622,D20,0.697300,4,-0.034169,4.000000,4,-1,1.000000,230.148200,58.748200,230.148200,1529,2098,244,304,60.483700,87.778900,0.000000,0.000000,0.000000,0.000000,0.000000,unchanged,False,False
order,,W1623,D50,0.680600,3,-0.008520,3.008520,3,0,2.000000,138.765900,58.765900,138.765900,1511,1456,456,454,59.926000,59.537900,0.000000,0.000000,0.000000,0.000000,0.000000,unchanged,False,False
order,,W1624,D20,4.510800,4,0.265726,3.734274,2,2,4.000000,82.786200,58.786200,230.186200,1982,1644,309,229,84.900100,72.200600,2.113900,0.000000,8.455600,0.000000,-8.455600,promoted,False,False
order,,W1625,C30,9.444700,4,-0.250505,4.000000,3,1,2.000000,138.811300,58.811300,230.211300,1499,1454,35,35,68.256000,68.256000,0.000000,0.000000,0.000000,0.000000,0.000000,unchanged,False,False
order,,W1626,D40,1.894100,4,-0.008520,4.000000,3,1,2.000000,138.815900,58.815900,230.215900,1500,1455,78,78,60.710000,60.710000,0.000000,0.000000,0.000000,0.000000,0.000000,unchanged,False,False
order,,W1627,D20,1.770900,4,-0.226469,4.000000,4,-1,1.000000,230.227500,58.827500,230.227500,1552,2118,250,313,62.395100,89.852600,0.000000,0.000000,0.000000,0.000000,0.000000,unchanged,False,False
order,,W1628,D50,3.403000,4,-0.008520,4.000000,4,0,1.000000,230.231600,58.831600,230.231600,1796,1905,546,597,76.177600,82.005400,0.000000,0.000000,0.000000,0.000000,0.000000,unchanged,False,False
order,,W1629,D50,6.633300,4,-0.167138,4.000000,4,0,1.000000,230.235000,58.835000,230.235000,1790,2087,543,663,79.100800,93.216900,0.000000,0.000000,0.000000,0.000000,0.000000,unchanged,False,False
order,,W163,C10,0.288400,2,-0.008520,2.008520,2,0,4.000000,29.926500,5.926500,29.926500,152,152,5,5,6.334900,6.334900,0.000000,0.000000,0.000000,0.000000,0.000000,unchanged,False,False
order,,W1630,D30,0.216600,4,-0.008520,4.000000,4,0,1.000000,230.247800,58.847800,230.247800,1508,1465,404,394,59.352500,59.437800,0.000000,0.000000,0.000000,0.000000,0.000000,unchanged,False,False
order,,W1631,D20,3.053600,4,-0.332966,4.000000,4,-1,1.000000,230.275600,58.875600,230.275600,1972,2128,307,318,82.894500,92.046500,0.000000,0.000000,0.000000,0.000000,0.000000,unchanged,False,False
order,,W1632,D20,0.558800,4,-0.040835,4.000000,4,-1,1.000000,230.278600,58.878600,230.278600,1527,2095,243,301,60.292700,87.391100,0.000000,0.000000,0.000000,0.000000,0.000000,unchanged,False,False
order,,W1633,D90,5.307200,4,-0.008520,4.000000,2,2,4.000000,82.884100,58.884100,230.284100,1503,1458,82,82,64.191300,64.191300,0.000000,0.000000,0.000000,0.000000,0.000000,unchanged,False,False
order,,W1634,D50,3.558700,4,-0.008520,4.000000,4,0,1.000000,230.287900,58.887900,230.287900,1821,1937,552,608,77.405600,83.203400,0.000000,0.000000,0.000000,0.000000,0.000000,unchanged,False,False
order,,W1635,D20,0.519800,2,-0.016684,2.016684,3,-1,2.000000,138.900100,58.900100,82.900100,1505,1462,239,201,59.511000,59.663400,0.000000,0.000000,0.000000,0.000000,0.000000,unchanged,False,False
order,,W1636,D50,0.743000,4,-0.008520,4.000000,4,0,1.000000,230.332100,58.932100,230.332100,1653,1605,499,499,66.378200,66.415200,0.000000,0.000000,0.000000,0.000000,0.000000,unchanged,False,False
order,,W1637,D50,1.491300,2,-0.008520,2.008520,2,0,4.000000,82.934600,58.934600,82.934600,1510,1461,455,456,60.734800,60.542100,0.000000,0.000000,0.000000,0.000000,0.000000,unchanged,False,False
order,,W1638,D50,3.416700,4,-0.008520,4.000000,4,0,1.000000,230.352800,58.952800,230.352800,1823,1927,553,606,77.353600,82.785500,0.000000,0.000000,0.000000,0.000000,0.000000,unchanged,False,False
order,,W1639,D50,0.876300,4,-0.008520,4.000000,4,0,1.000000,230.393100,58.993100,230.393100,1699,1656,513,514,68.969600,69.202700,0.000000,0.000000,0.000000,0.000000,0.000000,unchanged,False,False
order,,W164,D50,1.850500,4,-0.008520,4.000000,4,0,1.000000,177.354700,5.954700,177.354700,215,215,71,71,10.013900,10.013900,0.000000,0.000000,0.000000,0.000000,0.000000,unchanged,False,False
order,,W1640,D30,1.055300,4,-0.008520,4.000000,4,0,1.000000,230.424000,59.024000,230.424000,1611,1538,419,415,64.760400,63.055700,0.000000,0.000000,0.000000,0.000000,0.000000,unchanged,False,False
order,,W1641,D20,0.510700,4,-0.010070,4.000000,4,-1,1.000000,230.505400,59.105400,230.505400,1526,2086,242,300,60.198600,87.081600,0.000000,0.000000,0.000000,0.000000,0.000000,unchanged,False,False
order,,W1642,D30,1.868100,4,-0.008520,4.000000,4,0,1.000000,230.589700,59.189700,230.589700,1854,1824,469,469,77.511800,77.499000,0.000000,0.000000,0.000000,0.000000,0.000000,unchanged,False,False
order,,W1643,E10,16.907400,4,-0.662376,4.000000,3,1,2.000000,139.200400,59.200400,230.600400,1531,1486,54,54,76.748900,76.748900,0.000000,0.000000,0.000000,0.000000,0.000000,unchanged,False,False
order,,W1644,C10,0.811900,4,-0.008520,4.000000,4,0,1.000000,230.617300,59.217300,230.617300,1568,1525,76,76,62.432800,62.432800,0.000000,0.000000,0.000000,0.000000,0.000000,unchanged,False,False
order,,W1645,D30,3.106700,4,-0.008520,4.000000,4,0,1.000000,230.629000,59.229000,230.629000,1953,1924,498,498,82.405300,82.324600,0.000000,0.000000,0.000000,0.000000,0.000000,unchanged,False,False
order,,W1646,C10,1.243100,2,-0.008520,2.008520,2,0,4.000000,83.235900,59.235900,83.235900,1525,1482,72,72,60.930600,60.930600,0.000000,0.000000,0.000000,0.000000,0.000000,unchanged,False,False
order,,W1647,D30,3.924300,4,-0.008520,4.000000,4,0,1.000000,230.636800,59.236800,230.636800,1984,1960,510,510,84.447800,84.472800,0.000000,0.000000,0.000000,0.000000,0.000000,unchanged,False,False
order,,W1648,D30,2.313400,4,-0.008520,4.000000,4,0,1.000000,230.680200,59.280200,230.680200,1896,1860,483,481,79.659900,79.076200,0.000000,0.000000,0.000000,0.000000,0.000000,unchanged,False,False
order,,W1649,D20,6.264100,4,0.203470,3.796530,2,2,4.000000,83.286400,59.286400,230.686400,2008,1783,314,254,88.032800,79.995800,4.746400,0.000000,18.985600,0.000000,-18.985600,promoted,False,False
order,,W165,MISC,2.916800,4,-0.008520,4.000000,2,2,4.000000,29.964000,5.964000,177.364000,149,149,2,2,8.880800,8.880800,0.000000,0.000000,0.000000,0.000000,0.000000,unchanged,False,False
order,,W1650,D30,0.954400,4,-0.008520,4.000000,4,0,1.000000,230.723500,59.323500,230.723500,1514,1507,405,407,60.306900,61.586900,0.000000,0.000000,0.000000,0.000000,0.000000,unchanged,False,False
order,,W1651,D50,2.159300,4,-0.008520,4.000000,4,0,1.000000,230.745400,59.345400,230.745400,1768,1739,538,539,73.308800,73.978400,0.000000,0.000000,0.000000,0.000000,0.000000,unchanged,False,False
order,,W1652,D20,1.957400,4,-0.249750,4.000000,4,-1,1.000000,230.804000,59.404000,230.804000,1863,2123,295,315,77.961900,90.296900,0.000000,0.000000,0.000000,0.000000,0.000000,unchanged,False,False
order,,W1653,D20,5.304700,2,0.217383,1.782617,1,2,8.000000,67.444600,59.444600,83.444600,1520,1478,240,204,64.815700,64.968100,0.000000,0.000000,0.000000,0.000000,0.000000,promoted,False,False
order,,W1654,D50,1.791200,4,-0.008520,4.000000,4,0,1.000000,230.871900,59.471900,230.871900,1742,1697,529,529,71.688100,71.774600,0.000000,0.000000,0.000000,0.000000,0.000000,unchanged,False,False
order,,W1655,D40,0.346700,4,-0.008520,4.000000,2,2,4.000000,83.498700,59.498700,230.898700,1518,1473,79,79,59.845400,59.845400,0.000000,0.000000,0.000000,0.000000,0.000000,unchanged,False,False
order,,W1656,D30,17.099700,2,-0.809599,2.809599,2,0,4.000000,83.529400,59.529400,83.529400,1550,1477,408,398,77.640500,76.637600,0.000000,0.000000,0.000000,0.000000,0.000000,demoted,True,False
order,,W1657,D50,2.398700,4,-0.008520,4.000000,4,0,1.000000,230.937900,59.537900,230.937900,1800,1855,547,579,75.435400,79.000000,0.000000,0.000000,0.000000,0.000000,0.000000,unchanged,False,False
order,,W1658,D30,2.238300,2,-0.008520,2.008520,2,0,4.000000,83.551300,59.551300,83.551300,1522,1481,406,399,61.848900,61.924100,0.000000,0.000000,0.000000,0.000000,0.000000,unchanged,False,False
order,,W1659,D50,0.746800,4,-0.008520,4.000000,4,0,1.000000,230.955100,59.555100,230.955100,1693,1649,511,512,68.622800,68.761200,0.000000,0.000000,0.000000,0.000000,0.000000,unchanged,False,False
order,,W166,D30,2.062900,4,-0.008520,4.000000,4,0,1.000000,177.438500,6.038500,177.438500,151,151,45,45,8.101400,8.101400,0.000000,0.000000,0.000000,0.000000,0.000000,unchanged,False,False
order,,W1660,D50,0.605300,4,-0.008520,4.000000,4,0,1.000000,231.030700,59.630700,231.030700,1649,1596,496,494,66.002500,65.837300,0.000000,0.000000,0.000000,0.000000,0.000000,unchanged,False,False
order,,W1661,D40,8.114900,1,-0.008520,1.008520,1,1,8.000000,67.738300,59.738300,67.738300,1528,1483,80,80,67.853200,67.853200,0.114900,0.114900,0.919200,0.919200,0.000000,unchanged,False,False
order,,W1662,B20,0.657700,4,-0.008520,4.000000,4,-1,1.000000,231.202200,59.802200,231.202200,1538,1488,18,18,60.686000,60.686000,0.000000,0.000000,0.000000,0.000000,0.000000,unchanged,False,False
order,,W1663,D40,1.542800,4,-0.008520,4.000000,3,1,2.000000,139.822100,59.822100,231.222100,1530,1484,81,81,61.364900,61.364900,0.000000,0.000000,0.000000,0.000000,0.000000,unchanged,False,False
order,,W1664,D50,1.689400,4,-0.008520,4.000000,4,0,1.000000,231.230100,59.830100,231.230100,1757,1708,535,533,72.442700,72.202900,0.000000,0.000000,0.000000,0.000000,0.000000,unchanged,False,False
order,,W1665,D30,7.085400,2,-0.008520,2.008520,2,0,4.000000,83.862200,59.862200,83.862200,1547,1496,407,401,67.392300,67.352400,0.000000,0.000000,0.000000,0.000000,0.000000,unchanged,False,False
order,,W1666,D30,7.908500,4,-0.008520,4.000000,4,0,1.000000,231.270200,59.870200,231.270200,2093,2082,553,553,94.192900,94.348500,0.000000,0.000000,0.000000,0.000000,0.000000,unchanged,False,False
order,,W1667,D50,0.245600,4,-0.008520,4.000000,3,1,2.000000,139.921700,59.921700,231.321700,1534,1495,464,464,60.171600,60.490300,0.000000,0.000000,0.000000,0.000000,0.000000,unchanged,False,False
order,,W1668,E20,0.444100,4,-0.008520,4.000000,4,0,1.000000,231.364900,59.964900,231.364900,1670,1620,15,15,66.982900,66.982900,0.000000,0.000000,0.000000,0.000000,0.000000,unchanged,False,False
order,,W1669,D20,8.601700,4,0.176066,3.823934,2,2,4.000000,83.984900,59.984900,231.384900,2039,1967,318,275,91.901900,89.647200,7.917000,5.662300,31.668000,22.649200,-9.018800,promoted,False,False
order,,W167,D30,5.148800,4,-0.008520,4.000000,4,0,1.000000,177.475100,6.075100,177.475100,154,154,46,46,11.223900,11.223900,0.000000,0.000000,0.000000,0.000000,0.000000,unchanged,False,False
order,,W1670,D50,2.056800,4,-0.008520,4.000000,4,0,1.000000,231.424900,60.024900,231.424900,1806,1852,549,578,75.365600,78.602400,0.000000,0.000000,0.000000,0.000000,0.000000,unchanged,False,False
order,,W1671,D40,13.529800,1,-0.008520,1.008520,1,1,8.000000,68.032700,60.032700,68.032700,1539,1489,82,82,73.562500,73.562500,5.529800,5.529800,44.238400,44.238400,0.000000,unchanged,False,False
order,,W1672,D20,3.380300,4,-0.346425,4.000000,4,-1,1.000000,231.433500,60.033500,231.433500,1988,2139,310,323,84.131500,92.772800,0.000000,0.000000,0.000000,0.000000,0.000000,unchanged,False,False
order,,W1673,D20,0.425600,4,-0.008520,4.000000,4,-1,1.000000,231.499100,60.099100,231.499100,1542,2096,246,302,60.624200,87.397600,0.000000,0.000000,0.000000,0.000000,0.000000,unchanged,False,False
order,,W1674,C10,1.206500,4,-0.008520,4.000000,4,0,1.000000,231.549200,60.149200,231.549200,1585,1541,79,79,63.696000,63.696000,0.000000,0.000000,0.000000,0.000000,0.000000,unchanged,False,False
order,,W1675,D20,5.035300,4,0.221673,3.778327,2,2,4.000000,84.171800,60.171800,231.571800,2028,1732,316,246,87.698500,76.547100,3.526700,0.000000,14.106800,0.000000,-14.106800,promoted,False,False
order,,W1676,C30,1.991600,4,-0.008520,4.000000,2,2,4.000000,84.179300,60.179300,231.579300,1541,1491,36,36,62.170900,62.170900,0.000000,0.000000,0.000000,0.000000,0.000000,unchanged,False,False
order,,W1677,D50,6.869400,4,-0.167978,4.000000,4,0,1.000000,231.589700,60.189700,231.589700,1849,2165,559,687,82.304800,97.723700,0.000000,0.000000,0.000000,0.000000,0.000000,unchanged,False,False
order,,W1678,D30,4.488400,4,-0.008520,4.000000,4,0,1.000000,231.595200,60.195200,231.595200,2004,1987,521,521,86.055600,86.169800,0.000000,0.000000,0.000000,0.000000,0.000000,unchanged,False,False
order,,W1679,D40,2.019400,1,-0.008520,1.008520,1,1,8.000000,68.227800,60.227800,68.227800,1544,1494,83,83,62.247200,62.247200,0.000000,0.000000,0.000000,0.000000,0.000000,unchanged,False,False
order,,W168,D30,20.319200,4,-0.008520,4.000000,4,-1,1.000000,177.546000,6.146000,177.546000,155,155,47,47,26.465200,26.465200,0.000000,0.000000,0.000000,0.000000,0.000000,unchanged,False,False
order,,W1680,D50,0.989900,4,-0.008520,4.000000,4,0,1.000000,231.653100,60.253100,231.653100,1716,1670,521,521,69.896900,69.983400,0.000000,0.000000,0.000000,0.000000,0.000000,unchanged,False,False
order,,W1681,D10,0.614600,4,-0.008520,4.000000,4,0,1.000000,231.678500,60.278500,231.678500,1545,1497,25,25,60.893100,60.893100,0.000000,0.000000,0.000000,0.000000,0.000000,unchanged,False,False
order,,W1682,D50,0.558200,4,-0.008520,4.000000,4,0,1.000000,231.682100,60.282100,231.682100,1685,1643,507,508,67.876000,68.204000,0.000000,0.000000,0.000000,0.000000,0.000000,unchanged,False,False
order,,W1683,D50,0.564600,4,-0.008520,4.000000,4,0,1.000000,231.743400,60.343400,231.743400,1689,1645,508,509,68.093300,68.408800,0.000000,0.000000,0.000000,0.000000,0.000000,unchanged,False,False
order,,W1684,D90,5.774900,4,-0.008520,4.000000,2,2,4.000000,84.347000,60.347000,231.747000,1548,1501,83,83,66.121900,66.121900,0.000000,0.000000,0.000000,0.000000,0.000000,unchanged,False,False
order,,W1685,D20,3.325700,4,-0.344247,4.000000,4,-1,1.000000,231.921200,60.521200,231.921200,1990,2142,311,324,84.151300,92.972900,0.000000,0.000000,0.000000,0.000000,0.000000,unchanged,False,False
order,,W1686,D30,2.500500,4,-0.008520,4.000000,4,0,1.000000,231.922700,60.522700,231.922700,1925,1906,493,493,80.792200,81.127500,0.000000,0.000000,0.000000,0.000000,0.000000,unchanged,False,False
order,,W1687,C10,2.755700,2,-0.008520,2.008520,2,0,4.000000,84.537700,60.537700,84.537700,1557,1513,75,75,63.686300,63.686300,0.000000,0.000000,0.000000,0.000000,0.000000,unchanged,False,False
order,,W1688,D10,1.739900,4,-0.008520,4.000000,4,0,1.000000,232.029700,60.629700,232.029700,1555,1511,26,26,62.633000,62.633000,0.000000,0.000000,0.000000,0.000000,0.000000,unchanged,False,False
order,,W1689,D50,1.186100,2,-0.008520,2.008520,2,0,4.000000,84.663600,60.663600,84.663600,1553,1510,468,469,61.920900,61.937800,0.000000,0.000000,0.000000,0.000000,0.000000,unchanged,False,False
order,,W169,D20,2.185300,4,-0.161536,4.000000,4,-1,1.000000,177.594300,6.194300,177.594300,157,157,33,33,8.379600,8.379600,0.000000,0.000000,0.000000,0.000000,0.000000,unchanged,False,False
order,,W1690,D30,6.493000,2,-0.008520,2.008520,2,0,4.000000,84.668100,60.668100,84.668100,1554,1509,409,408,67.367700,67.200000,0.000000,0.000000,0.000000,0.000000,0.000000,unchanged,False,False
order,,W1691,D50,0.319400,4,-0.008520,4.000000,3,1,2.000000,140.715100,60.715100,232.115100,1606,1560,481,481,63.925200,64.026600,0.000000,0.000000,0.000000,0.000000,0.000000,unchanged,False,False
order,,W1692,D50,1.350600,4,-0.008520,4.000000,4,0,1.000000,232.156900,60.756900,232.156900,1767,1726,537,537,72.492200,72.617000,0.000000,0.000000,0.000000,0.000000,0.000000,unchanged,False,False
order,,W1693,D20,0.823900,1,-0.028535,1.028535,2,-1,4.000000,84.880000,60.880000,68.880000,1556,1512,251,207,61.741900,61.729100,0.000000,0.000000,0.000000,0.000000,0.000000,unchanged,False,False
order,,W1694,D20,1.875200,4,-0.241878,4.000000,4,-1,1.000000,232.295500,60.895500,232.295500,1952,2131,304,320,81.137200,90.952100,0.000000,0.000000,0.000000,0.000000,0.000000,unchanged,False,False
order,,W1695,C10,6.948200,4,-0.008520,4.000000,4,0,1.000000,232.302300,60.902300,232.302300,1675,1626,88,88,73.710300,73.710300,0.000000,0.000000,0.000000,0.000000,0.000000,unchanged,False,False
order,,W1696,D90,1.824400,4,-0.008520,4.000000,2,2,4.000000,84.985200,60.985200,232.385200,1559,1515,84,84,62.809600,62.809600,0.000000,0.000000,0.000000,0.000000,0.000000,unchanged,False,False
order,,W1697,D50,1.752300,2,-0.008520,2.008520,2,0,4.000000,85.033600,61.033600,85.033600,1564,1517,471,470,62.995600,62.824500,0.000000,0.000000,0.000000,0.000000,0.000000,unchanged,False,False
order,,W1698,C10,4.432900,4,-0.008520,4.000000,4,0,1.000000,232.480200,61.080200,232.480200,1667,1618,87,87,70.849800,70.849800,0.000000,0.000000,0.000000,0.000000,0.000000,unchanged,False,False
order,,W1699,D20,5.233300,4,0.218502,3.781498,2,2,4.000000,85.083800,61.083800,232.483800,2048,1789,319,256,88.965200,79.136100,3.881400,0.000000,15.525600,0.000000,-15.525600,promoted,False,False
order,,W17,D50,1.072000,2,-0.008520,2.008520,2,0,4.000000,24.582900,0.582900,24.582900,18,18,6,6,1.654900,1.654900,0.000000,0.000000,0.000000,0.000000,0.000000,unchanged,False,False
order,,W170,D50,1.125200,4,-0.008520,4.000000,4,0,1.000000,177.610200,6.210200,177.610200,181,181,57,57,8.022400,8.022400,0.000000,0.000000,0.000000,0.000000,0.000000,unchanged,False,False
order,,W1700,D50,7.602400,4,-0.170431,4.000000,4,0,1.000000,232.494400,61.094400,232.494400,1894,2179,571,693,84.901000,99.489000,0.000000,0.000000,0.000000,0.000000,0.000000,unchanged,False,False
order,,W1701,D30,0.337500,4,-0.008520,4.000000,4,0,1.000000,232.495000,61.095000,232.495000,1601,1526,417,412,63.815900,62.000400,0.000000,0.000000,0.000000,0.000000,0.000000,unchanged,False,False
order,,W1702,C10,1.185200,4,-0.008520,4.000000,4,0,1.000000,232.499700,61.099700,232.499700,1610,1559,81,81,64.881200,64.881200,0.000000,0.000000,0.000000,0.000000,0.000000,unchanged,False,False
order,,W1703,D30,5.959200,2,-0.008520,2.008520,2,0,4.000000,85.191700,61.191700,85.191700,1563,1523,411,411,67.186400,67.546100,0.000000,0.000000,0.000000,0.000000,0.000000,unchanged,False,False
order,,W1704,B20,0.856600,4,-0.008520,4.000000,4,-1,1.000000,232.601000,61.201000,232.601000,1562,1518,19,19,62.057600,62.057600,0.000000,0.000000,0.000000,0.000000,0.000000,unchanged,False,False
order,,W1705,D20,0.941500,4,-0.036179,4.000000,4,-1,1.000000,232.627400,61.227400,232.627400,1573,2116,253,312,62.760700,88.992900,0.000000,0.000000,0.000000,0.000000,0.000000,unchanged,False,False
order,,W1706,D50,5.169500,4,-0.161273,4.000000,4,0,1.000000,232.630200,61.230200,232.630200,1942,2120,590,675,84.211300,93.322700,0.000000,0.000000,0.000000,0.000000,0.000000,unchanged,False,False
order,,W1707,D40,0.283300,1,-0.008520,1.008520,1,2,8.000000,69.269400,61.269400,69.269400,1565,1519,84,84,61.552700,61.552700,0.000000,0.000000,0.000000,0.000000,0.000000,unchanged,False,False
order,,W1708,D50,0.466500,4,-0.008520,4.000000,4,0,1.000000,232.700300,61.300300,232.700300,1690,1647,509,510,68.170900,68.326400,0.000000,0.000000,0.000000,0.000000,0.000000,unchanged,False,False
order,,W1709,C10,0.557900,4,-0.008520,4.000000,4,0,1.000000,232.736900,61.336900,232.736900,1578,1534,77,77,62.489500,62.489500,0.000000,0.000000,0.000000,0.000000,0.000000,unchanged,False,False
order,,W171,D30,3.686800,4,-0.008520,4.000000,4,0,1.000000,177.643800,6.243800,177.643800,158,158,48,48,9.930600,9.930600,0.000000,0.000000,0.000000,0.000000,0.000000,unchanged,False,False
order,,W1710,D90,7.193500,4,-0.008520,4.000000,2,2,4.000000,85.358000,61.358000,232.758000,1567,1520,85,85,68.551500,68.551500,0.000000,0.000000,0.000000,0.000000,0.000000,unchanged,False,False
order,,W1711,D30,4.436600,2,-0.008520,2.008520,2,0,4.000000,85.419200,61.419200,85.419200,1580,1521,413,410,66.677800,65.890900,0.000000,0.000000,0.000000,0.000000,0.000000,unchanged,False,False
order,,W1712,D50,1.432300,4,-0.008520,4.000000,4,0,1.000000,232.837500,61.437500,232.837500,1843,1864,557,581,76.645500,78.323900,0.000000,0.000000,0.000000,0.000000,0.000000,unchanged,False,False
order,,W1713,D50,3.482000,2,-0.008520,2.008520,2,0,4.000000,85.616000,61.616000,85.616000,1569,1529,473,473,65.103100,65.232000,0.000000,0.000000,0.000000,0.000000,0.000000,unchanged,False,False
order,,W1714,D20,0.215200,2,-0.008520,2.008520,3,-1,2.000000,141.635400,61.635400,85.635400,1570,1528,252,209,61.957100,61.944300,0.000000,0.000000,0.000000,0.000000,0.000000,unchanged,False,False
order,,W1715,D50,2.421000,4,-0.008520,4.000000,4,0,1.000000,233.073600,61.673600,233.073600,1895,2008,572,632,79.738100,85.201400,0.000000,0.000000,0.000000,0.000000,0.000000,unchanged,False,False
order,,W1716,D30,1.605400,2,-0.008520,2.008520,2,0,4.000000,85.688400,61.688400,85.688400,1575,1527,412,413,63.454300,63.315400,0.000000,0.000000,0.000000,0.000000,0.000000,unchanged,False,False
order,,W1717,D20,2.288100,4,-0.279353,4.000000,4,-1,1.000000,233.160400,61.760400,233.160400,1981,2143,308,325,82.663200,91.954800,0.000000,0.000000,0.000000,0.000000,0.000000,unchanged,False,False
order,,W1718,D40,8.276100,4,-0.008520,4.000000,3,1,2.000000,141.784500,61.784500,233.184500,1571,1530,85,85,70.060600,70.060600,0.000000,0.000000,0.000000,0.000000,0.000000,unchanged,False,False
order,,W1719,D50,1.792500,1,-0.008520,1.008520,1,0,8.000000,69.786000,61.786000,69.786000,1577,1535,474,474,63.713400,63.730300,0.000000,0.000000,0.000000,0.000000,0.000000,unchanged,False,False
order,,W172,D50,0.846400,4,-0.008520,4.000000,4,0,1.000000,177.659100,6.259100,177.659100,171,171,53,53,7.456000,7.456000,0.000000,0.000000,0.000000,0.000000,0.000000,unchanged,False,False
order,,W1720,D40,0.447500,2,-0.008520,2.008520,1,2,8.000000,69.799200,61.799200,85.799200,1572,1531,86,86,62.246700,62.246700,0.000000,0.000000,0.000000,0.000000,0.000000,unchanged,False,False
order,,W1721,D30,4.077100,4,-0.008520,4.000000,4,0,1.000000,233.216900,61.816900,233.216900,2005,1988,522,522,85.723500,85.777100,0.000000,0.000000,0.000000,0.000000,0.000000,unchanged,False,False
order,,W1722,D90,10.218400,4,-0.008520,4.000000,2,2,4.000000,85.819600,61.819600,233.219600,1574,1532,86,86,72.038000,72.038000,0.000000,0.000000,0.000000,0.000000,0.000000,unchanged,False,False
order,,W1723,D30,21.010900,2,-1.052615,3.052615,2,0,4.000000,85.827800,61.827800,85.827800,1582,1533,414,414,83.443100,82.935000,0.000000,0.000000,0.000000,0.000000,0.000000,demoted,True,False
order,,W1724,D50,0.470700,4,-0.008520,4.000000,4,0,1.000000,233.233000,61.833000,233.233000,1695,1653,512,513,68.387100,68.674700,0.000000,0.000000,0.000000,0.000000,0.000000,unchanged,False,False
order,,W1725,D50,8.401700,4,-0.174980,4.000000,4,0,1.000000,233.281000,61.881000,233.281000,1943,2196,591,698,87.456500,101.618600,0.000000,0.000000,0.000000,0.000000,0.000000,unchanged,False,False
order,,W1726,D20,3.115900,4,-0.335614,4.000000,4,-1,1.000000,233.339400,61.939400,233.339400,2012,2149,315,328,85.160500,92.968500,0.000000,0.000000,0.000000,0.000000,0.000000,unchanged,False,False
order,,W1727,D20,0.486600,4,-0.008520,4.000000,4,-1,1.000000,233.353600,61.953600,233.353600,1579,2108,255,309,62.443700,88.081700,0.000000,0.000000,0.000000,0.000000,0.000000,unchanged,False,False
order,,W1728,D30,7.192300,4,-0.008520,4.000000,4,0,1.000000,233.397400,61.997400,233.397400,2114,2105,556,556,94.894300,94.604100,0.000000,0.000000,0.000000,0.000000,0.000000,unchanged,False,False
order,,W1729,D30,7.190100,4,-0.008520,4.000000,4,0,1.000000,233.429200,62.029200,233.429200,2129,2122,560,560,95.751300,95.488900,0.000000,0.000000,0.000000,0.000000,0.000000,unchanged,False,False
order,,W173,E10,4.661600,4,-0.008520,4.000000,3,1,2.000000,86.300700,6.300700,177.700700,160,160,3,3,10.962300,10.962300,0.000000,0.000000,0.000000,0.000000,0.000000,unchanged,False,False
order,,W1730,C10,1.535700,4,-0.008520,4.000000,4,0,1.000000,233.497500,62.097500,233.497500,1634,1585,83,83,66.416900,66.416900,0.000000,0.000000,0.000000,0.000000,0.000000,unchanged,False,False
order,,W1731,D30,1.945300,4,-0.008520,4.000000,4,0,1.000000,233.505700,62.105700,233.505700,1921,1893,491,491,80.108100,80.104400,0.000000,0.000000,0.000000,0.000000,0.000000,unchanged,False,False
order,,W1732,D50,1.763300,4,-0.008520,4.000000,4,0,1.000000,233.616700,62.216700,233.616700,1871,1974,566,620,78.023000,82.978700,0.000000,0.000000,0.000000,0.000000,0.000000,unchanged,False,False
order,,W1733,D20,2.496100,2,-0.296483,2.296483,3,-1,2.000000,142.224300,62.224300,86.224300,1584,1593,257,219,64.939800,67.639200,0.000000,0.000000,0.000000,0.000000,0.000000,demoted,False,False
order,,W1734,D20,3.570900,2,-0.353821,2.353821,3,-1,2.000000,142.229600,62.229600,86.229600,1589,1602,258,221,66.250800,69.139100,0.000000,0.000000,0.000000,0.000000,0.000000,demoted,False,False
order,,W1735,D30,1.640000,4,-0.008520,4.000000,4,0,1.000000,233.654200,62.254200,233.654200,1874,1845,477,477,78.162800,78.007900,0.000000,0.000000,0.000000,0.000000,0.000000,unchanged,False,False
order,,W1736,D50,0.857500,4,-0.008520,4.000000,4,0,1.000000,233.656200,62.256200,233.656200,1732,1691,528,528,70.417500,70.638300,0.000000,0.000000,0.000000,0.000000,0.000000,unchanged,False,False
order,,W1737,B30,1.947900,4,-0.008520,4.000000,4,0,1.000000,233.762400,62.362400,233.762400,1587,1543,24,24,64.506400,64.506400,0.000000,0.000000,0.000000,0.000000,0.000000,unchanged,False,False
order,,W1738,C10,1.703100,4,-0.008520,4.000000,4,0,1.000000,233.779500,62.379500,233.779500,1640,1589,84,84,66.762100,66.762100,0.000000,0.000000,0.000000,0.000000,0.000000,unchanged,False,False
order,,W1739,D20,0.284800,2,-0.008520,2.008520,3,-1,2.000000,142.384700,62.384700,86.384700,1581,1552,256,211,62.679900,63.585600,0.000000,0.000000,0.000000,0.000000,0.000000,unchanged,False,False
order,,W174,D20,2.292500,4,-0.166006,4.000000,4,-1,1.000000,177.717900,6.317900,177.717900,161,161,34,34,8.610400,8.610400,0.000000,0.000000,0.000000,0.000000,0.000000,unchanged,False,False
order,,W1740,D30,6.657200,4,-0.008520,4.000000,4,0,1.000000,233.818500,62.418500,233.818500,2099,2091,554,554,93.397200,93.332900,0.000000,0.000000,0.000000,0.000000,0.000000,unchanged,False,False
order,,W1741,D20,2.594700,4,-0.304250,4.000000,4,-1,1.000000,233.828200,62.428200,233.828200,1993,2147,313,327,83.731900,92.399500,0.000000,0.000000,0.000000,0.000000,0.000000,unchanged,False,False
order,,W1742,B30,2.838900,4,-0.008520,4.000000,4,0,1.000000,233.878300,62.478300,233.878300,1621,1573,25,25,67.203100,67.203100,0.000000,0.000000,0.000000,0.000000,0.000000,unchanged,False,False
order,,W1743,D50,0.839000,4,-0.008520,4.000000,4,0,1.000000,233.921800,62.521800,233.921800,1743,1725,530,536,70.753300,72.080500,0.000000,0.000000,0.000000,0.000000,0.000000,unchanged,False,False
order,,W1744,D90,0.278100,4,-0.008520,4.000000,2,2,4.000000,86.526500,62.526500,233.926500,1586,1542,87,87,62.804600,62.804600,0.000000,0.000000,0.000000,0.000000,0.000000,unchanged,False,False
order,,W1745,D30,1.758600,4,-0.008520,4.000000,4,0,1.000000,233.930400,62.530400,233.930400,1906,1876,486,486,79.298600,79.246500,0.000000,0.000000,0.000000,0.000000,0.000000,unchanged,False,False
order,,W1746,D50,0.905300,4,-0.008520,4.000000,4,0,1.000000,233.942500,62.542500,233.942500,1777,1740,540,540,72.718100,72.804600,0.000000,0.000000,0.000000,0.000000,0.000000,unchanged,False,False
order,,W1747,D50,3.874400,4,-0.008520,4.000000,4,0,1.000000,233.966900,62.566900,233.966900,1966,2113,597,672,83.597000,91.687300,0.000000,0.000000,0.000000,0.000000,0.000000,unchanged,False,False
order,,W1748,D50,2.640600,4,-0.008520,4.000000,4,0,1.000000,233.970700,62.570700,233.970700,1945,2062,592,655,81.741400,87.993000,0.000000,0.000000,0.000000,0.000000,0.000000,unchanged,False,False
order,,W1749,E10,0.914800,2,-0.008520,2.008520,1,1,8.000000,70.596600,62.596600,86.596600,1588,1544,55,55,63.511400,63.511400,0.000000,0.000000,0.000000,0.000000,0.000000,unchanged,False,False
order,,W175,E10,0.301700,4,-0.008520,4.000000,3,1,2.000000,86.324400,6.324400,177.724400,162,162,4,4,6.626100,6.626100,0.000000,0.000000,0.000000,0.000000,0.000000,unchanged,False,False
order,,W1750,D50,2.521000,4,-0.008520,4.000000,4,0,1.000000,234.003400,62.603400,234.003400,1938,2057,589,653,81.403800,87.722400,0.000000,0.000000,0.000000,0.000000,0.000000,unchanged,False,False
order,,W1751,E10,4.610900,4,-0.008520,4.000000,3,1,2.000000,142.644500,62.644500,234.044500,1672,1601,57,57,71.197500,70.176500,0.000000,0.000000,0.000000,0.000000,0.000000,unchanged,False,False
order,,W1752,D30,4.308000,4,-0.008520,4.000000,4,0,1.000000,234.045200,62.645200,234.045200,2046,2030,535,535,88.012900,88.080200,0.000000,0.000000,0.000000,0.000000,0.000000,unchanged,False,False
order,,W1753,D50,0.957900,4,-0.008520,4.000000,4,0,1.000000,234.116100,62.716100,234.116100,1828,1848,554,575,75.213200,77.359700,0.000000,0.000000,0.000000,0.000000,0.000000,unchanged,False,False
order,,W1754,D20,0.360700,4,-0.008520,4.000000,4,-1,1.000000,234.148400,62.748400,234.148400,1592,2101,259,306,63.121400,87.595100,0.000000,0.000000,0.000000,0.000000,0.000000,unchanged,False,False
order,,W1755,D50,1.659000,4,-0.008520,4.000000,4,0,1.000000,234.217600,62.817600,234.217600,1909,1985,576,623,79.246700,83.301100,0.000000,0.000000,0.000000,0.000000,0.000000,unchanged,False,False
order,,W1756,D30,9.328800,4,-0.008520,4.000000,4,0,1.000000,234.293800,62.893800,234.293800,2183,2190,581,581,102.166700,102.234800,0.000000,0.000000,0.000000,0.000000,0.000000,unchanged,False,False
order,,W1757,D90,1.211600,4,-0.008520,4.000000,2,2,4.000000,86.899100,62.899100,234.299100,1593,1548,88,88,64.110700,64.110700,0.000000,0.000000,0.000000,0.000000,0.000000,unchanged,False,False
order,,W1758,D30,2.928200,2,-0.008520,2.008520,2,0,4.000000,86.914700,62.914700,86.914700,1596,1550,415,417,65.983800,65.983900,0.000000,0.000000,0.000000,0.000000,0.000000,unchanged,False,False
order,,W1759,D50,1.148500,2,-0.008520,2.008520,2,0,4.000000,86.979600,62.979600,86.979600,1595,1551,477,479,64.144100,64.230300,0.000000,0.000000,0.000000,0.000000,0.000000,unchanged,False,False
order,,W176,D50,1.011500,2,-0.008520,2.008520,2,0,4.000000,30.357800,6.357800,30.357800,164,164,50,50,7.374000,7.374000,0.000000,0.000000,0.000000,0.000000,0.000000,unchanged,False,False
order,,W1760,D30,4.392700,4,-0.008520,4.000000,4,0,1.000000,234.383000,62.983000,234.383000,2049,2033,537,537,88.218200,88.298800,0.000000,0.000000,0.000000,0.000000,0.000000,unchanged,False,False
order,,W1761,D30,1.734400,4,-0.008520,4.000000,4,0,1.000000,234.396300,62.996300,234.396300,1912,1884,489,489,79.459300,79.442900,0.000000,0.000000,0.000000,0.000000,0.000000,unchanged,False,False
order,,W1762,D20,2.024300,2,-0.255997,2.255997,3,-1,2.000000,143.019700,63.019700,87.019700,1598,1588,260,217,65.145700,66.992400,0.000000,0.000000,0.000000,0.000000,0.000000,demoted,False,False
order,,W1763,D30,1.619600,4,-0.008520,4.000000,4,0,1.000000,234.468000,63.068000,234.468000,1902,1871,484,484,79.054900,78.999500,0.000000,0.000000,0.000000,0.000000,0.000000,unchanged,False,False
order,,W1764,D20,2.052400,2,-0.258580,2.258580,3,-1,2.000000,143.095800,63.095800,87.095800,1631,1590,264,218,66.868100,67.123700,0.000000,0.000000,0.000000,0.000000,0.000000,demoted,False,False
order,,W1765,D50,1.577200,4,-0.008520,4.000000,4,0,1.000000,234.565300,63.165300,234.565300,1923,1991,582,624,79.809500,83.560600,0.000000,0.000000,0.000000,0.000000,0.000000,unchanged,False,False
order,,W1766,D50,0.255700,4,-0.008520,4.000000,3,1,2.000000,143.226900,63.226900,234.626900,1642,1583,492,491,65.358800,65.079400,0.000000,0.000000,0.000000,0.000000,0.000000,unchanged,False,False
order,,W1767,D30,5.047100,4,-0.008520,4.000000,4,0,1.000000,234.630800,63.230800,234.630800,2066,2050,542,542,89.789200,89.704100,0.000000,0.000000,0.000000,0.000000,0.000000,unchanged,False,False
order,,W1768,D30,1.910200,2,-0.008520,2.008520,2,0,4.000000,87.303200,63.303200,87.303200,1600,1553,416,418,65.364500,65.225600,0.000000,0.000000,0.000000,0.000000,0.000000,unchanged,False,False
order,,W1769,D20,6.746200,4,0.197158,3.802842,2,2,4.000000,87.322500,63.322500,234.722500,2090,2014,325,283,92.979400,89.666700,5.656900,2.344200,22.627600,9.376800,-13.250800,promoted,False,False
order,,W177,MISC,3.767600,4,-0.235111,4.000000,3,1,2.000000,86.363200,6.363200,177.763200,165,165,3,3,10.130800,10.130800,0.000000,0.000000,0.000000,0.000000,0.000000,unchanged,False,False
order,,W1770,D50,1.158900,4,-0.008520,4.000000,4,0,1.000000,234.735100,63.335100,234.735100,1861,1910,562,599,77.114800,80.096700,0.000000,0.000000,0.000000,0.000000,0.000000,unchanged,False,False
order,,W1771,D30,36.949700,4,-1.289931,4.000000,4,-1,1.000000,234.740200,63.340200,234.740200,2224,2230,599,599,132.932000,133.070000,0.000000,0.000000,0.000000,0.000000,0.000000,unchanged,False,False
order,,W1772,D20,0.835300,2,-0.028048,2.028048,3,-1,2.000000,143.349000,63.349000,87.349000,1605,1578,261,214,64.380700,65.460600,0.000000,0.000000,0.000000,0.000000,0.000000,unchanged,False,False
order,,W1773,D20,14.695200,2,0.186975,1.813025,1,2,8.000000,71.354500,63.354500,87.354500,1644,1557,267,212,79.840900,78.280800,8.486400,6.926300,67.891200,55.410400,-12.480800,promoted,False,False
order,,W1774,E20,2.160700,4,-0.008520,4.000000,4,0,1.000000,234.780800,63.380800,234.780800,1760,1718,17,17,73.091200,73.091200,0.000000,0.000000,0.000000,0.000000,0.000000,unchanged,False,False
order,,W1775,D20,4.640600,4,0.218186,3.781814,2,2,4.000000,87.391800,63.391800,234.791800,2069,1979,323,277,89.540700,86.008900,2.148900,0.000000,8.595600,0.000000,-8.595600,promoted,False,False
order,,W1776,D20,0.909000,4,-0.031752,4.000000,4,-1,1.000000,234.794900,63.394900,234.794900,1707,2126,277,317,69.437400,89.681200,0.000000,0.000000,0.000000,0.000000,0.000000,unchanged,False,False
order,,W1777,C10,1.047500,2,-0.008520,2.008520,2,0,4.000000,87.397200,63.397200,87.397200,1609,1558,80,80,64.733800,64.733800,0.000000,0.000000,0.000000,0.000000,0.000000,unchanged,False,False
order,,W1778,E10,47.742400,2,-1.174443,3.174443,2,0,4.000000,87.439800,63.439800,87.439800,1602,1555,56,56,111.253800,111.253800,23.814000,23.814000,95.256000,95.256000,0.000000,demoted,True,False
order,,W1779,D90,0.079800,4,-0.008520,4.000000,2,2,4.000000,87.531400,63.531400,234.931400,1604,1556,89,89,63.611200,63.611200,0.000000,0.000000,0.000000,0.000000,0.000000,unchanged,False,False
order,,W178,D50,0.640900,4,-0.008520,4.000000,4,0,1.000000,177.800100,6.400100,177.800100,170,170,52,52,7.211400,7.211400,0.000000,0.000000,0.000000,0.000000,0.000000,unchanged,False,False
order,,W1780,D30,3.632400,4,-0.008520,4.000000,4,0,1.000000,234.944600,63.544600,234.944600,2016,1996,525,525,85.792000,85.814800,0.000000,0.000000,0.000000,0.000000,0.000000,unchanged,False,False
order,,W1781,D20,4.613700,2,0.227948,1.772052,1,2,8.000000,71.618100,63.618100,87.618100,1641,1572,266,213,69.682100,68.972600,0.000000,0.000000,0.000000,0.000000,0.000000,promoted,False,False
order,,W1782,D30,8.129600,4,-0.008520,4.000000,4,0,1.000000,235.129800,63.729800,235.129800,2166,2170,575,575,99.242400,99.292300,0.000000,0.000000,0.000000,0.000000,0.000000,unchanged,False,False
order,,W1783,C10,1.255900,2,-0.008520,2.008520,2,0,4.000000,87.733600,63.733600,87.733600,1629,1579,82,82,65.989700,65.989700,0.000000,0.000000,0.000000,0.000000,0.000000,unchanged,False,False
order,,W1784,D50,1.088700,4,-0.008520,4.000000,4,0,1.000000,235.143200,63.743200,235.143200,1868,1915,565,602,77.298600,80.108400,0.000000,0.000000,0.000000,0.000000,0.000000,unchanged,False,False
order,,W1785,D30,7.547300,4,-0.008520,4.000000,4,0,1.000000,235.148000,63.748000,235.148000,2155,2156,570,570,97.868000,97.821100,0.000000,0.000000,0.000000,0.000000,0.000000,unchanged,False,False
order,,W1786,D30,2.118000,2,-0.008520,2.008520,2,0,4.000000,87.762100,63.762100,87.762100,1613,1564,420,419,65.933900,66.152600,0.000000,0.000000,0.000000,0.000000,0.000000,unchanged,False,False
order,,W1787,D20,3.350100,4,-0.345224,4.000000,4,-1,1.000000,235.183400,63.783400,235.183400,2053,2158,320,330,87.481600,93.647000,0.000000,0.000000,0.000000,0.000000,0.000000,unchanged,False,False
order,,W1788,D50,2.735400,4,-0.008520,4.000000,4,0,1.000000,235.235400,63.835400,235.235400,1983,2092,603,666,83.188800,89.437200,0.000000,0.000000,0.000000,0.000000,0.000000,unchanged,False,False
order,,W1789,D20,1.238100,2,-0.070175,2.070175,3,-1,2.000000,143.930000,63.930000,87.930000,1628,1580,263,215,65.937200,66.011600,0.000000,0.000000,0.000000,0.000000,0.000000,demoted,False,False
order,,W179,D50,0.242500,4,-0.008520,4.000000,4,0,1.000000,177.800200,6.400200,177.800200,169,169,51,51,6.755700,6.755700,0.000000,0.000000,0.000000,0.000000,0.000000,unchanged,False,False
order,,W1790,D40,0.736000,4,-0.008520,4.000000,3,1,2.000000,143.940100,63.940100,235.340100,1615,1562,87,87,64.676100,64.676100,0.000000,0.000000,0.000000,0.000000,0.000000,unchanged,False,False
order,,W1791,D50,0.793000,2,-0.008520,2.008520,2,0,4.000000,87.947900,63.947900,87.947900,1616,1563,485,483,64.866600,64.819600,0.000000,0.000000,0.000000,0.000000,0.000000,unchanged,False,False
order,,W1792,D20,5.179600,4,0.219352,3.780648,2,2,4.000000,87.965000,63.965000,235.365000,2103,1980,326,278,92.041100,86.570900,4.076100,0.000000,16.304400,0.000000,-16.304400,promoted,False,False
order,,W1793,E20,7.652900,4,-0.008520,4.000000,4,-2,1.000000,235.436300,64.036300,235.436300,1941,1916,21,21,86.674600,86.674600,0.000000,0.000000,0.000000,0.000000,0.000000,unchanged,False,False
order,,W1794,D20,3.627900,4,-0.373414,4.000000,4,-2,1.000000,235.455000,64.055000,235.455000,2064,2161,322,332,88.263400,94.102600,0.000000,0.000000,0.000000,0.000000,0.000000,unchanged,False,False
order,,W1795,D30,0.854600,4,-0.008520,4.000000,3,1,2.000000,144.079300,64.079300,235.479300,1816,1782,456,456,74.569400,74.574500,0.000000,0.000000,0.000000,0.000000,0.000000,unchanged,False,False
order,,W1796,D20,0.966500,4,-0.134306,4.000000,4,-2,1.000000,235.488200,64.088200,235.488200,1710,2137,278,322,69.601600,90.190100,0.000000,0.000000,0.000000,0.000000,0.000000,unchanged,False,False
order,,W1797,C30,1.607300,4,-0.008520,4.000000,3,1,2.000000,144.173200,64.173200,235.573200,1619,1566,37,37,65.780500,65.780500,0.000000,0.000000,0.000000,0.000000,0.000000,unchanged,False,False
order,,W1798,D50,1.184600,4,-0.008520,4.000000,4,-1,1.000000,235.575000,64.175000,235.575000,1910,1970,577,619,78.773300,82.308600,0.000000,0.000000,0.000000,0.000000,0.000000,unchanged,False,False
order,,W1799,D50,0.462100,4,-0.008520,4.000000,4,0,1.000000,235.614000,64.214000,235.614000,1717,1676,522,523,69.387000,69.664800,0.000000,0.000000,0.000000,0.000000,0.000000,unchanged,False,False
order,,W18,D20,1.575700,4,-0.133131,4.000000,4,-1,1.000000,171.984800,0.584800,171.984800,19,19,7,7,2.160500,2.160500,0.000000,0.000000,0.000000,0.000000,0.000000,unchanged,False,False
order,,W180,D30,0.854600,2,-0.008520,2.008520,2,0,4.000000,30.433000,6.433000,30.433000,166,166,49,49,7.287600,7.287600,0.000000,0.000000,0.000000,0.000000,0.000000,unchanged,False,False
order,,W1800,D30,13.606500,4,-0.177622,4.000000,4,0,1.000000,235.658400,64.258400,235.658400,2206,2215,592,592,107.876400,107.999400,0.000000,0.000000,0.000000,0.000000,0.000000,unchanged,False,False
order,,W1801,D20,0.631300,4,-0.126074,4.000000,4,-2,1.000000,235.702100,64.302100,235.702100,1694,2124,275,316,68.528400,89.076900,0.000000,0.000000,0.000000,0.000000,0.000000,unchanged,False,False
order,,W1802,D20,2.229200,2,-0.310565,2.310565,4,-2,1.000000,235.707300,64.307300,88.307300,1637,1598,265,220,67.169000,67.689800,0.000000,0.000000,0.000000,0.000000,0.000000,demoted,False,False
order,,W1803,D20,0.687700,2,-0.124792,2.124792,4,-2,1.000000,235.766900,64.366900,88.366900,1623,1584,262,216,65.068400,65.568200,0.000000,0.000000,0.000000,0.000000,0.000000,demoted,False,False
order,,W1804,D30,1.508100,2,-0.008520,2.008520,1,1,8.000000,72.448100,64.448100,88.448100,1630,1595,423,421,66.268500,66.733700,0.000000,0.000000,0.000000,0.000000,0.000000,unchanged,False,False
order,,W1805,D30,3.599200,4,-0.008520,4.000000,3,1,2.000000,144.450900,64.450900,235.850900,2036,2019,532,532,86.740000,86.675700,0.000000,0.000000,0.000000,0.000000,0.000000,unchanged,False,False
order,,W1806,D90,6.803300,4,-0.008520,4.000000,3,1,2.000000,144.458500,64.458500,235.858500,1624,1574,90,90,71.261800,71.261800,0.000000,0.000000,0.000000,0.000000,0.000000,unchanged,False,False
order,,W1807,MISC,5.989000,4,-0.188230,4.000000,3,1,2.000000,144.474300,64.474300,235.874300,1625,1575,19,19,70.463300,70.463300,0.000000,0.000000,0.000000,0.000000,0.000000,unchanged,False,False
order,,W1808,D40,2.493600,4,-0.008520,4.000000,4,0,1.000000,235.895600,64.495600,235.895600,1626,1576,88,88,66.989200,66.989200,0.000000,0.000000,0.000000,0.000000,0.000000,unchanged,False,False
order,,W1809,D50,2.003500,4,-0.163032,4.000000,4,-1,1.000000,235.903600,64.503600,235.903600,1969,2067,600,657,81.759700,87.542400,0.000000,0.000000,0.000000,0.000000,0.000000,unchanged,False,False
order,,W181,D20,6.253700,4,0.388052,3.611948,2,2,4.000000,30.456400,6.456400,177.856400,167,167,35,35,12.710100,12.710100,0.000000,0.000000,0.000000,0.000000,0.000000,promoted,False,False
order,,W1810,D30,0.886100,4,-0.008520,4.000000,3,1,2.000000,144.506300,64.506300,235.906300,1826,1798,460,461,74.925300,75.133900,0.000000,0.000000,0.000000,0.000000,0.000000,unchanged,False,False
order,,W1811,D90,1.968000,4,-0.008520,4.000000,3,1,2.000000,144.530400,64.530400,235.930400,1627,1577,91,91,66.498400,66.498400,0.000000,0.000000,0.000000,0.000000,0.000000,unchanged,False,False
order,,W1812,D50,3.536800,4,-0.104006,4.000000,4,-1,1.000000,235.967900,64.567900,235.967900,2037,2164,620,686,86.725600,94.348400,0.000000,0.000000,0.000000,0.000000,0.000000,unchanged,False,False
order,,W1813,D20,2.938600,4,-0.355537,4.000000,4,-2,1.000000,236.045100,64.645100,236.045100,2055,2168,321,333,87.089900,93.890700,0.000000,0.000000,0.000000,0.000000,0.000000,unchanged,False,False
order,,W1814,D50,1.328300,4,-0.008520,4.000000,4,-1,1.000000,236.055300,64.655300,236.055300,1936,2007,588,631,80.102000,83.914400,0.000000,0.000000,0.000000,0.000000,0.000000,unchanged,False,False
order,,W1815,D30,0.946900,4,-0.008520,4.000000,3,1,2.000000,144.690300,64.690300,236.090300,1837,1806,464,464,75.643700,75.521400,0.000000,0.000000,0.000000,0.000000,0.000000,unchanged,False,False
order,,W1816,E20,5.155800,4,-0.008520,4.000000,4,-1,1.000000,236.162100,64.762100,236.162100,1801,1767,18,18,78.247000,78.247000,0.000000,0.000000,0.000000,0.000000,0.000000,unchanged,False,False
order,,W1817,E10,50.867000,4,-1.082175,4.000000,4,-1,1.000000,236.214100,64.814100,236.214100,1916,1881,67,67,128.741600,128.450700,0.000000,0.000000,0.000000,0.000000,0.000000,unchanged,False,False
order,,W1818,D20,7.557700,2,-0.422690,2.422690,1,1,8.000000,72.910300,64.910300,88.910300,1663,1615,269,223,73.808500,73.902800,0.898200,0.992500,7.185600,7.940000,0.754400,demoted,True,True
order,,W1819,D40,7.225400,4,-0.008520,4.000000,4,0,1.000000,236.332800,64.932800,236.332800,1636,1586,89,89,72.158200,72.158200,0.000000,0.000000,0.000000,0.000000,0.000000,unchanged,False,False
order,,W182,C10,1.388000,4,-0.008520,4.000000,4,0,1.000000,177.941100,6.541100,177.941100,182,182,7,7,8.298000,8.298000,0.000000,0.000000,0.000000,0.000000,0.000000,unchanged,False,False
order,,W1820,D40,4.332600,4,-0.008520,4.000000,4,0,1.000000,236.345900,64.945900,236.345900,1638,1587,90,90,69.278500,69.278500,0.000000,0.000000,0.000000,0.000000,0.000000,unchanged,False,False
order,,W1821,D50,0.715500,4,-0.008520,4.000000,4,0,1.000000,236.366600,64.966600,236.366600,1852,1887,560,586,76.259700,78.526700,0.000000,0.000000,0.000000,0.000000,0.000000,unchanged,False,False
order,,W1822,D40,1.956200,1,-0.008520,1.008520,1,0,8.000000,72.983500,64.983500,72.983500,1679,1631,91,91,68.945400,68.945400,0.000000,0.000000,0.000000,0.000000,0.000000,unchanged,False,False
order,,W1823,D50,2.372400,4,-0.159107,4.000000,4,-1,1.000000,236.398700,64.998700,236.398700,2019,2094,612,667,84.677200,89.149900,0.000000,0.000000,0.000000,0.000000,0.000000,unchanged,False,False
order,,W1824,D50,1.983400,4,-0.162407,4.000000,4,-1,1.000000,236.403400,65.003400,236.403400,1986,2077,604,660,82.514200,87.854200,0.000000,0.000000,0.000000,0.000000,0.000000,unchanged,False,False
order,,W1825,D50,2.985000,4,-0.130581,4.000000,4,-1,1.000000,236.429600,65.029600,236.429600,2038,2132,621,678,86.260300,92.080900,0.000000,0.000000,0.000000,0.000000,0.000000,unchanged,False,False
order,,W1826,D50,0.836700,4,-0.008520,4.000000,4,-1,1.000000,236.438300,65.038300,236.438300,1881,1913,569,601,77.588700,79.836700,0.000000,0.000000,0.000000,0.000000,0.000000,unchanged,False,False
order,,W1827,D30,11.733500,4,-0.237263,4.000000,4,0,1.000000,236.478300,65.078300,236.478300,2204,2210,590,590,105.912300,105.946000,0.000000,0.000000,0.000000,0.000000,0.000000,unchanged,False,False
order,,W1828,D30,1.234100,4,-0.008520,4.000000,3,1,2.000000,145.079000,65.079000,236.479000,1873,1841,476,476,77.561300,77.555400,0.000000,0.000000,0.000000,0.000000,0.000000,unchanged,False,False
order,,W1829,D40,0.435800,4,-0.008520,4.000000,3,1,2.000000,145.118400,65.118400,236.518400,1692,1646,92,92,68.289000,68.289000,0.000000,0.000000,0.000000,0.000000,0.000000,unchanged,False,False
order,,W183,D30,0.183800,4,-0.008520,4.000000,4,0,1.000000,177.961800,6.561800,177.961800,178,178,52,52,6.951000,6.951000,0.000000,0.000000,0.000000,0.000000,0.000000,unchanged,False,False
order,,W1830,C30,0.587400,1,-0.008520,1.008520,1,1,8.000000,73.121400,65.121400,73.121400,1643,1592,38,38,65.708800,65.708800,0.000000,0.000000,0.000000,0.000000,0.000000,unchanged,False,False
order,,W1831,D50,0.397700,4,-0.008520,4.000000,4,0,1.000000,236.527100,65.127100,236.527100,1721,1687,524,526,69.494400,70.062500,0.000000,0.000000,0.000000,0.000000,0.000000,unchanged,False,False
order,,W1832,D30,4.868600,4,-0.008520,4.000000,3,1,2.000000,145.195400,65.195400,236.595400,2078,2065,546,546,90.320700,90.291600,0.000000,0.000000,0.000000,0.000000,0.000000,unchanged,False,False
order,,W1833,D50,2.543100,2,-0.151898,2.151898,3,-1,2.000000,145.237300,65.237300,89.237300,1645,1597,493,495,67.834800,67.951700,0.000000,0.000000,0.000000,0.000000,0.000000,demoted,False,False
order,,W1834,D20,1.741000,4,-0.231699,4.000000,4,-2,1.000000,236.717800,65.317800,236.717800,2032,2155,317,329,84.635500,91.931100,0.000000,0.000000,0.000000,0.000000,0.000000,unchanged,False,False
order,,W1835,D40,0.949200,4,-0.008520,4.000000,3,1,2.000000,145.320200,65.320200,236.720200,1704,1655,94,94,69.238200,69.238200,0.000000,0.000000,0.000000,0.000000,0.000000,unchanged,False,False
order,,W1836,D30,2.644700,4,-0.008520,4.000000,3,1,2.000000,145.353400,65.353400,236.753400,1995,1971,514,514,83.825500,83.772200,0.000000,0.000000,0.000000,0.000000,0.000000,unchanged,False,False
order,,W1837,D50,1.034800,4,-0.008520,4.000000,4,-1,1.000000,236.764000,65.364000,236.764000,1929,1983,585,622,79.519100,82.586100,0.000000,0.000000,0.000000,0.000000,0.000000,unchanged,False,False
order,,W1838,D50,0.826700,4,-0.008520,4.000000,4,-1,1.000000,236.791000,65.391000,236.791000,1900,1925,575,605,78.232300,80.068900,0.000000,0.000000,0.000000,0.000000,0.000000,unchanged,False,False
order,,W1839,D50,2.771300,4,-0.141876,4.000000,4,-1,1.000000,236.860400,65.460400,236.860400,2040,2130,622,677,86.090800,91.837900,0.000000,0.000000,0.000000,0.000000,0.000000,unchanged,False,False
order,,W184,D30,6.152200,2,-0.008520,2.008520,2,0,4.000000,30.585900,6.585900,30.585900,176,176,51,51,12.876600,12.876600,0.000000,0.000000,0.000000,0.000000,0.000000,unchanged,False,False
order,,W1840,D50,2.521900,2,-0.152774,2.152774,3,-1,2.000000,145.469800,65.469800,89.469800,1652,1599,498,496,68.135000,68.014400,0.000000,0.000000,0.000000,0.000000,0.000000,demoted,False,False
order,,W1841,D50,2.301200,4,-0.162222,4.000000,4,-1,1.000000,236.910300,65.510300,236.910300,2031,2106,618,669,85.190600,89.843600,0.000000,0.000000,0.000000,0.000000,0.000000,unchanged,False,False
order,,W1842,D20,0.688400,4,-0.124776,4.000000,4,-2,1.000000,236.919400,65.519400,236.919400,1697,2133,276,321,68.635100,89.804800,0.000000,0.000000,0.000000,0.000000,0.000000,unchanged,False,False
order,,W1843,D40,5.014800,4,-0.008520,4.000000,4,0,1.000000,236.933500,65.533500,236.933500,1724,1680,98,98,74.293300,74.293300,0.000000,0.000000,0.000000,0.000000,0.000000,unchanged,False,False
order,,W1844,B20,31.091100,4,-0.696802,4.000000,4,-2,1.000000,236.969900,65.569900,236.969900,1651,1603,20,20,96.661000,96.661000,0.000000,0.000000,0.000000,0.000000,0.000000,unchanged,False,False
order,,W1845,D30,1.545000,4,-0.008520,4.000000,3,1,2.000000,145.683800,65.683800,237.083800,1933,1914,494,495,80.144300,80.548500,0.000000,0.000000,0.000000,0.000000,0.000000,unchanged,False,False
order,,W1846,D50,0.715500,4,-0.008520,4.000000,4,0,1.000000,237.099800,65.699800,237.099800,1890,1903,570,595,77.830300,79.242200,0.000000,0.000000,0.000000,0.000000,0.000000,unchanged,False,False
order,,W1847,D50,1.560700,4,-0.101112,4.000000,4,-1,1.000000,237.103400,65.703400,237.103400,1971,2054,601,652,81.370200,86.596600,0.000000,0.000000,0.000000,0.000000,0.000000,unchanged,False,False
order,,W1848,D50,1.198400,2,-0.008520,2.008520,3,-1,2.000000,145.713300,65.713300,89.713300,1659,1606,500,500,67.200900,67.035700,0.000000,0.000000,0.000000,0.000000,0.000000,unchanged,False,False
order,,W1849,C10,0.167200,2,-0.008520,2.008520,2,0,4.000000,89.719800,65.719800,89.719800,1658,1609,85,85,66.156900,66.156900,0.000000,0.000000,0.000000,0.000000,0.000000,unchanged,False,False
order,,W185,D50,4.739400,4,-0.008520,4.000000,4,0,1.000000,177.995800,6.595800,177.995800,265,265,90,90,14.807400,14.807400,0.000000,0.000000,0.000000,0.000000,0.000000,unchanged,False,False
order,,W1850,D30,9.795300,2,-0.037362,2.037362,1,1,8.000000,73.767400,65.767400,89.767400,1654,1607,425,422,75.659500,75.686200,1.892100,1.918800,15.136800,15.350400,0.213600,unchanged,False,True
order,,W1851,D20,2.009500,2,-0.276663,2.276663,4,-2,1.000000,237.207000,65.807000,89.807000,1656,1611,268,222,67.946700,68.021100,0.000000,0.000000,0.000000,0.000000,0.000000,demoted,False,False
order,,W1852,D50,0.660300,4,-0.008520,4.000000,4,0,1.000000,237.380800,65.980800,237.380800,1878,1900,568,594,77.317100,79.019700,0.000000,0.000000,0.000000,0.000000,0.000000,unchanged,False,False
order,,W1853,D20,14.398900,2,-0.538411,2.538411,1,1,8.000000,73.986300,65.986300,89.986300,1668,1632,270,224,80.825600,81.391300,6.839300,7.405000,54.714400,59.240000,4.525600,demoted,True,True
order,,W1854,D50,0.179900,2,-0.008520,2.008520,2,0,4.000000,90.007200,66.007200,90.007200,1660,1616,501,501,66.214300,66.571000,0.000000,0.000000,0.000000,0.000000,0.000000,unchanged,False,False
order,,W1855,D30,3.618400,2,-0.008520,2.008520,1,1,8.000000,74.200300,66.200300,90.200300,1664,1627,428,428,69.886900,70.484100,0.000000,0.000000,0.000000,0.000000,0.000000,unchanged,False,False
order,,W1856,D20,6.149000,4,-0.387260,4.000000,3,1,2.000000,146.296900,66.296900,237.696900,2138,2180,334,335,95.556700,98.080100,0.000000,0.000000,0.000000,0.000000,0.000000,unchanged,False,False
order,,W1857,D50,0.650700,4,-0.008520,4.000000,4,0,1.000000,237.758100,66.358100,237.758100,1899,1909,574,598,78.054400,79.408900,0.000000,0.000000,0.000000,0.000000,0.000000,unchanged,False,False
order,,W1858,D40,6.688000,4,-0.008520,4.000000,4,0,1.000000,237.766600,66.366600,237.766600,1781,1742,106,106,78.681700,78.681700,0.000000,0.000000,0.000000,0.000000,0.000000,unchanged,False,False
order,,W1859,B20,0.889200,4,-0.008520,4.000000,4,-2,1.000000,237.837900,66.437900,237.837900,1669,1619,21,21,67.327100,67.327100,0.000000,0.000000,0.000000,0.000000,0.000000,unchanged,False,False
order,,W186,D90,10.151100,4,-0.008520,4.000000,2,2,4.000000,30.632300,6.632300,178.032300,172,172,7,7,16.783400,16.783400,0.000000,0.000000,0.000000,0.000000,0.000000,unchanged,False,False
order,,W1860,D50,1.835900,4,-0.157688,4.000000,4,-1,1.000000,237.848000,66.448000,237.848000,2035,2089,619,665,84.839700,88.447800,0.000000,0.000000,0.000000,0.000000,0.000000,unchanged,False,False
order,,W1861,D20,6.273300,3,-0.390656,3.390656,2,1,4.000000,90.457100,66.457100,146.457100,1677,1634,271,225,73.141400,73.397000,0.000000,0.000000,0.000000,0.000000,0.000000,demoted,True,False
order,,W1862,D20,4.837700,4,-0.305951,4.000000,3,1,2.000000,146.459900,66.459900,237.859900,2134,2181,333,336,93.802900,96.792500,0.000000,0.000000,0.000000,0.000000,0.000000,unchanged,False,False
order,,W1863,D30,4.735200,4,-0.008520,4.000000,3,1,2.000000,146.496800,66.496800,237.896800,2087,2079,552,552,90.790800,90.905000,0.000000,0.000000,0.000000,0.000000,0.000000,unchanged,False,False
order,,W1864,D10,0.827400,4,-0.008520,4.000000,4,-1,1.000000,237.941000,66.541000,237.941000,1671,1621,27,27,67.368400,67.368400,0.000000,0.000000,0.000000,0.000000,0.000000,unchanged,False,False
order,,W1865,D50,0.718500,4,-0.008520,4.000000,4,0,1.000000,237.974200,66.574200,237.974200,1920,1955,581,614,78.773700,81.104200,0.000000,0.000000,0.000000,0.000000,0.000000,unchanged,False,False
order,,W1866,D30,2.439300,4,-0.008520,4.000000,3,1,2.000000,146.586700,66.586700,237.986700,1996,1972,515,515,83.622200,83.569900,0.000000,0.000000,0.000000,0.000000,0.000000,unchanged,False,False
order,,W1867,D30,4.973100,4,-0.008520,4.000000,3,1,2.000000,146.615300,66.615300,238.015300,2101,2093,555,555,91.783400,91.731100,0.000000,0.000000,0.000000,0.000000,0.000000,unchanged,False,False
order,,W1868,D30,2.086400,1,-0.008520,1.008520,1,1,8.000000,74.622100,66.622100,74.622100,1673,1625,429,427,68.764200,68.820100,0.000000,0.000000,0.000000,0.000000,0.000000,unchanged,False,False
order,,W1869,D30,3.188100,4,-0.008520,4.000000,3,1,2.000000,146.638900,66.638900,238.038900,2045,2027,534,534,86.810300,86.758000,0.000000,0.000000,0.000000,0.000000,0.000000,unchanged,False,False
order,,W187,D50,0.347300,4,-0.008520,4.000000,4,0,1.000000,178.037800,6.637800,178.037800,173,173,54,54,7.000700,7.000700,0.000000,0.000000,0.000000,0.000000,0.000000,unchanged,False,False
order,,W1870,D40,10.946500,4,-0.008520,4.000000,4,0,1.000000,238.046700,66.646700,238.046700,1798,1762,108,108,83.756300,83.756300,0.000000,0.000000,0.000000,0.000000,0.000000,unchanged,False,False
order,,W1871,D30,1.041600,4,-0.008520,4.000000,3,1,2.000000,146.652600,66.652600,238.052600,1870,1840,475,475,77.254300,77.281000,0.000000,0.000000,0.000000,0.000000,0.000000,unchanged,False,False
order,,W1872,C30,3.512400,4,-0.166080,4.000000,3,1,2.000000,146.681900,66.681900,238.081900,1674,1624,39,39,70.194300,70.194300,0.000000,0.000000,0.000000,0.000000,0.000000,unchanged,False,False
order,,W1873,E10,6.677100,4,-0.866114,4.000000,4,0,1.000000,238.121400,66.721400,238.121400,1769,1715,61,61,77.874600,77.451900,0.000000,0.000000,0.000000,0.000000,0.000000,unchanged,False,False
order,,W1874,D40,13.002600,4,-0.008520,4.000000,4,0,1.000000,238.142400,66.742400,238.142400,1812,1778,109,109,86.565100,86.565100,0.000000,0.000000,0.000000,0.000000,0.000000,unchanged,False,False
order,,W1875,D30,1.904500,4,-0.008520,4.000000,3,1,2.000000,146.829700,66.829700,238.229700,1964,1938,504,504,81.564400,81.563100,0.000000,0.000000,0.000000,0.000000,0.000000,unchanged,False,False
order,,W1876,D50,1.262400,4,-0.008520,4.000000,4,-1,1.000000,238.291400,66.891400,238.291400,2006,2049,607,649,83.003800,85.870800,0.000000,0.000000,0.000000,0.000000,0.000000,unchanged,False,False
order,,W1877,D30,5.425500,4,-0.008520,4.000000,3,1,2.000000,146.942000,66.942000,238.342000,2131,2127,561,561,94.178800,94.392900,0.000000,0.000000,0.000000,0.000000,0.000000,unchanged,False,False
order,,W1878,D20,16.377000,4,-0.562217,4.000000,3,1,2.000000,146.967800,66.967800,238.367800,2111,2160,328,331,103.858600,106.743600,0.000000,0.000000,0.000000,0.000000,0.000000,unchanged,False,False
order,,W1879,D20,2.382500,4,-0.332881,4.000000,4,-2,1.000000,238.473600,67.073600,238.473600,2106,2171,327,334,89.472400,93.619700,0.000000,0.000000,0.000000,0.000000,0.000000,unchanged,False,False
order,,W188,D30,0.332700,2,-0.008520,2.008520,2,0,4.000000,30.643300,6.643300,30.643300,174,174,50,50,7.029400,7.029400,0.000000,0.000000,0.000000,0.000000,0.000000,unchanged,False,False
order,,W1880,D50,1.374900,4,-0.008520,4.000000,4,-1,1.000000,238.487700,67.087700,238.487700,2014,2064,611,656,83.468500,86.777500,0.000000,0.000000,0.000000,0.000000,0.000000,unchanged,False,False
order,,W1881,D30,3.526300,4,-0.008520,4.000000,3,1,2.000000,147.114600,67.114600,238.514600,2056,2040,539,539,87.702000,87.737600,0.000000,0.000000,0.000000,0.000000,0.000000,unchanged,False,False
order,,W1882,D30,4.339400,4,-0.008520,4.000000,3,1,2.000000,147.117800,67.117800,238.517800,2079,2068,547,547,89.843300,89.928200,0.000000,0.000000,0.000000,0.000000,0.000000,unchanged,False,False
order,,W1883,D50,0.503500,2,-0.008520,2.008520,2,0,4.000000,91.120400,67.120400,91.120400,1684,1635,506,507,67.704400,67.645800,0.000000,0.000000,0.000000,0.000000,0.000000,unchanged,False,False
order,,W1884,D50,0.660300,4,-0.008520,4.000000,4,0,1.000000,238.603600,67.203600,238.603600,1927,1964,584,616,79.054800,81.551300,0.000000,0.000000,0.000000,0.000000,0.000000,unchanged,False,False
order,,W1885,D50,6.612800,4,-0.332078,4.000000,4,-1,1.000000,238.659500,67.259500,238.659500,2122,2227,662,706,94.809900,102.468000,0.000000,0.000000,0.000000,0.000000,0.000000,unchanged,False,False
order,,W1886,D50,4.194000,4,-0.250143,4.000000,4,-1,1.000000,238.815200,67.415200,238.815200,2105,2195,652,697,91.083200,97.351400,0.000000,0.000000,0.000000,0.000000,0.000000,unchanged,False,False
order,,W1887,D30,2.343000,4,-0.008520,4.000000,3,1,2.000000,147.487100,67.487100,238.887100,2000,1984,519,519,83.704900,83.906100,0.000000,0.000000,0.000000,0.000000,0.000000,unchanged,False,False
order,,W1888,D30,5.780900,4,-0.008520,4.000000,3,1,2.000000,147.497700,67.497700,238.897700,2141,2145,565,565,95.301700,95.485000,0.000000,0.000000,0.000000,0.000000,0.000000,unchanged,False,False
order,,W1889,D30,2.607600,4,-0.008520,4.000000,3,1,2.000000,147.541900,67.541900,238.941900,2015,1994,524,524,84.742100,84.657000,0.000000,0.000000,0.000000,0.000000,0.000000,unchanged,False,False
order,,W189,D30,4.317400,4,-0.008520,4.000000,4,0,1.000000,178.117500,6.717500,178.117500,179,179,53,53,11.088000,11.088000,0.000000,0.000000,0.000000,0.000000,0.000000,unchanged,False,False
order,,W1890,E10,1.095800,4,-0.008520,4.000000,4,0,1.000000,239.003100,67.603100,239.003100,1736,1688,59,59,70.774800,70.774800,0.000000,0.000000,0.000000,0.000000,0.000000,unchanged,False,False
order,,W1891,D50,4.880300,4,-0.329257,4.000000,4,-1,1.000000,239.023800,67.623800,239.023800,2121,2212,661,701,93.058700,99.228700,0.000000,0.000000,0.000000,0.000000,0.000000,unchanged,False,False
order,,W1892,D50,1.065000,4,-0.008520,4.000000,4,-1,1.000000,239.038600,67.638600,239.038600,2002,2032,606,644,82.468800,84.937700,0.000000,0.000000,0.000000,0.000000,0.000000,unchanged,False,False
order,,W1893,D50,16.501200,4,-0.693108,4.000000,4,-1,1.000000,239.064900,67.664900,239.064900,2027,2251,617,717,99.148300,117.880900,0.000000,0.000000,0.000000,0.000000,0.000000,unchanged,False,False
order,,W1894,D50,0.539400,4,-0.008520,4.000000,4,0,1.000000,239.146300,67.746300,239.146300,1919,1922,580,604,78.593800,79.740100,0.000000,0.000000,0.000000,0.000000,0.000000,unchanged,False,False
order,,W1895,D30,4.275000,4,-0.008520,4.000000,3,1,2.000000,147.780000,67.780000,239.180000,2082,2073,549,549,89.998500,89.947300,0.000000,0.000000,0.000000,0.000000,0.000000,unchanged,False,False
order,,W1896,D40,1.753000,4,-0.008520,4.000000,4,0,1.000000,239.225500,67.825500,239.225500,1718,1667,96,96,70.698400,70.698400,0.000000,0.000000,0.000000,0.000000,0.000000,unchanged,False,False
order,,W1897,D30,4.028700,2,-0.008520,2.008520,1,1,8.000000,75.830300,67.830300,91.830300,1696,1651,434,434,71.946600,72.124000,0.000000,0.000000,0.000000,0.000000,0.000000,unchanged,False,False
order,,W1898,D50,6.166600,4,-0.327281,4.000000,4,-1,1.000000,239.317000,67.917000,239.317000,2145,2222,669,705,95.834500,101.379700,0.000000,0.000000,0.000000,0.000000,0.000000,unchanged,False,False
order,,W1899,D40,3.302900,1,-0.008520,1.008520,1,0,8.000000,75.946900,67.946900,75.946900,1703,1654,93,93,71.561200,71.561200,0.000000,0.000000,0.000000,0.000000,0.000000,unchanged,False,False
order,,W19,D30,6.843500,4,-0.008520,4.000000,4,0,1.000000,172.023100,0.623100,172.023100,20,20,4,4,7.466600,7.466600,0.000000,0.000000,0.000000,0.000000,0.000000,unchanged,False,False
order,,W190,B30,12.769300,4,-0.008520,4.000000,4,0,1.000000,178.226400,6.826400,178.226400,180,180,1,1,19.595700,19.595700,0.000000,0.000000,0.000000,0.000000,0.000000,unchanged,False,False
order,,W1900,D20,3.374900,4,-0.438717,4.000000,4,-2,1.000000,239.373100,67.973100,239.373100,2140,2188,335,339,92.847300,96.147700,0.000000,0.000000,0.000000,0.000000,0.000000,unchanged,False,False
order,,W1901,D20,0.685400,4,-0.124844,4.000000,4,-2,1.000000,239.386100,67.986100,239.386100,1965,2144,306,326,80.375100,90.366600,0.000000,0.000000,0.000000,0.000000,0.000000,unchanged,False,False
order,,W1902,D30,2.737300,4,-0.008520,4.000000,3,1,2.000000,148.047400,68.047400,239.447400,2034,2016,531,531,85.739400,85.672300,0.000000,0.000000,0.000000,0.000000,0.000000,unchanged,False,False
order,,W1903,D50,2.843900,4,-0.137969,4.000000,4,-1,1.000000,239.457300,68.057300,239.457300,2076,2174,637,689,88.055900,94.363900,0.000000,0.000000,0.000000,0.000000,0.000000,unchanged,False,False
order,,W1904,D50,0.280000,4,-0.008520,4.000000,4,0,1.000000,239.481300,68.081300,239.481300,1805,1842,548,572,73.448200,76.601300,0.000000,0.000000,0.000000,0.000000,0.000000,unchanged,False,False
order,,W1905,D30,8.723700,4,-0.008520,4.000000,3,1,2.000000,148.086400,68.086400,239.486400,2195,2199,585,585,102.297600,102.322500,0.000000,0.000000,0.000000,0.000000,0.000000,unchanged,False,False
order,,W1906,D30,1.567000,4,-0.008520,4.000000,3,1,2.000000,148.152400,68.152400,239.552400,1959,1932,501,501,81.180800,81.073400,0.000000,0.000000,0.000000,0.000000,0.000000,unchanged,False,False
order,,W1907,E10,0.637200,4,-0.008520,4.000000,4,0,1.000000,239.573700,68.173700,239.573700,1720,1671,58,58,69.679000,69.679000,0.000000,0.000000,0.000000,0.000000,0.000000,unchanged,False,False
order,,W1908,D30,1.561200,4,-0.008520,4.000000,3,1,2.000000,148.352000,68.352000,239.752000,1961,1934,502,502,81.186700,81.130600,0.000000,0.000000,0.000000,0.000000,0.000000,unchanged,False,False
order,,W1909,D50,0.348200,4,-0.008520,4.000000,4,0,1.000000,239.766300,68.366300,239.766300,1859,1869,561,582,76.209900,77.707900,0.000000,0.000000,0.000000,0.000000,0.000000,unchanged,False,False
order,,W191,D50,1.477500,4,-0.008520,4.000000,4,0,1.000000,178.231600,6.831600,178.231600,201,201,66,66,9.077800,9.077800,0.000000,0.000000,0.000000,0.000000,0.000000,unchanged,False,False
order,,W1910,D20,2.043800,4,-0.282115,4.000000,4,-2,1.000000,239.772900,68.372900,239.772900,2113,2187,329,338,89.742300,94.443300,0.000000,0.000000,0.000000,0.000000,0.000000,unchanged,False,False
order,,W1911,D50,3.768400,4,-0.104209,4.000000,4,-1,1.000000,239.779600,68.379600,239.779600,2120,2186,660,696,91.824300,96.132800,0.000000,0.000000,0.000000,0.000000,0.000000,unchanged,False,False
order,,W1912,D50,0.790700,4,-0.008520,4.000000,4,-1,1.000000,239.808000,68.408000,239.808000,1968,2017,599,635,80.530800,83.739100,0.000000,0.000000,0.000000,0.000000,0.000000,unchanged,False,False
order,,W1913,D90,9.467100,4,-0.008520,4.000000,3,1,2.000000,148.426600,68.426600,239.826600,1706,1658,92,92,77.893700,77.893700,0.000000,0.000000,0.000000,0.000000,0.000000,unchanged,False,False
order,,W1914,D30,8.692400,4,-0.008520,4.000000,3,1,2.000000,148.457000,68.457000,239.857000,2199,2206,587,587,102.481700,102.682700,0.000000,0.000000,0.000000,0.000000,0.000000,unchanged,False,False
order,,W1915,D20,1.701000,4,-0.224625,4.000000,4,-2,1.000000,239.924700,68.524700,239.924700,2072,2182,324,337,86.861500,93.747500,0.000000,0.000000,0.000000,0.000000,0.000000,unchanged,False,False
order,,W1916,D50,0.119200,4,-0.008520,4.000000,4,0,1.000000,239.928900,68.528900,239.928900,1709,1661,517,517,68.742000,68.793900,0.000000,0.000000,0.000000,0.000000,0.000000,unchanged,False,False
order,,W1917,D30,0.452500,4,-0.008520,4.000000,3,1,2.000000,148.534600,68.534600,239.934600,1722,1669,438,437,69.551800,69.427000,0.000000,0.000000,0.000000,0.000000,0.000000,unchanged,False,False
order,,W1918,D40,0.654800,4,-0.008520,4.000000,3,1,2.000000,148.537900,68.537900,239.937900,1712,1662,95,95,69.374000,69.374000,0.000000,0.000000,0.000000,0.000000,0.000000,unchanged,False,False
order,,W1919,C30,8.327300,4,-0.983794,4.000000,3,1,2.000000,148.560900,68.560900,239.960900,1708,1660,40,40,76.888200,76.888200,0.000000,0.000000,0.000000,0.000000,0.000000,unchanged,False,False
order,,W192,D30,0.976200,4,-0.008520,4.000000,4,0,1.000000,178.287900,6.887900,178.287900,183,183,54,54,7.896100,7.896100,0.000000,0.000000,0.000000,0.000000,0.000000,unchanged,False,False
order,,W1920,C10,0.749600,4,-0.008520,4.000000,4,-1,1.000000,240.020500,68.620500,240.020500,1774,1735,91,91,72.326800,72.326800,0.000000,0.000000,0.000000,0.000000,0.000000,unchanged,False,False
order,,W1921,D30,2.546000,4,-0.008520,4.000000,3,1,2.000000,148.651600,68.651600,240.051600,2024,2006,528,528,85.021500,85.110200,0.000000,0.000000,0.000000,0.000000,0.000000,unchanged,False,False
order,,W1922,D30,5.896700,4,-0.008520,4.000000,3,1,2.000000,148.656200,68.656200,240.056200,2158,2157,571,571,96.445800,96.188300,0.000000,0.000000,0.000000,0.000000,0.000000,unchanged,False,False
order,,W1923,D30,0.335100,2,-0.008520,2.008520,1,1,8.000000,76.700800,68.700800,92.700800,1714,1665,437,436,69.099300,69.155200,0.000000,0.000000,0.000000,0.000000,0.000000,unchanged,False,False
order,,W1924,D50,1.203700,4,-0.008520,4.000000,4,-1,1.000000,240.186100,68.786100,240.186100,2041,2080,623,661,84.585800,87.377600,0.000000,0.000000,0.000000,0.000000,0.000000,unchanged,False,False
order,,W1925,D40,1.901700,4,-0.008520,4.000000,4,0,1.000000,240.188900,68.788900,240.188900,1723,1678,97,97,71.139900,71.139900,0.000000,0.000000,0.000000,0.000000,0.000000,unchanged,False,False
order,,W1926,D50,0.715300,4,-0.008520,4.000000,4,0,1.000000,240.286100,68.886100,240.286100,1967,2009,598,633,80.453400,83.500800,0.000000,0.000000,0.000000,0.000000,0.000000,unchanged,False,False
order,,W1927,D20,0.328700,4,-0.103602,4.000000,4,-2,1.000000,240.345100,68.945100,240.345100,1733,2129,280,319,69.930300,89.392500,0.000000,0.000000,0.000000,0.000000,0.000000,unchanged,False,False
order,,W1928,D50,0.620400,4,-0.008520,4.000000,4,0,1.000000,240.408300,69.008300,240.408300,1946,2001,593,628,79.740100,82.948400,0.000000,0.000000,0.000000,0.000000,0.000000,unchanged,False,False
order,,W1929,D20,5.078600,4,-0.323257,4.000000,3,1,2.000000,149.083800,69.083800,240.483800,2146,2192,339,341,94.820900,98.051500,0.000000,0.000000,0.000000,0.000000,0.000000,unchanged,False,False
order,,W193,E10,0.517300,2,-0.008520,2.008520,1,1,8.000000,14.958400,6.958400,30.958400,184,184,5,5,7.475700,7.475700,0.000000,0.000000,0.000000,0.000000,0.000000,unchanged,False,False
order,,W1930,E10,1.553600,4,-0.008520,4.000000,4,0,1.000000,240.568900,69.168900,240.568900,1758,1702,60,60,72.328400,71.730100,0.000000,0.000000,0.000000,0.000000,0.000000,unchanged,False,False
order,,W1931,D30,1.595600,4,-0.008520,4.000000,3,1,2.000000,149.170400,69.170400,240.570400,1975,1950,506,506,81.646400,81.700000,0.000000,0.000000,0.000000,0.000000,0.000000,unchanged,False,False
order,,W1932,D50,1.472000,4,-0.056912,4.000000,4,-1,1.000000,240.609700,69.209700,240.609700,2061,2107,628,670,85.943200,89.066600,0.000000,0.000000,0.000000,0.000000,0.000000,unchanged,False,False
order,,W1933,D50,0.775100,4,-0.008520,4.000000,4,-1,1.000000,240.656700,69.256700,240.656700,2009,2024,609,640,82.647100,84.095000,0.000000,0.000000,0.000000,0.000000,0.000000,unchanged,False,False
order,,W1934,D50,0.913300,4,-0.008520,4.000000,4,-1,1.000000,240.680200,69.280200,240.680200,2023,2051,614,650,83.382100,85.652300,0.000000,0.000000,0.000000,0.000000,0.000000,unchanged,False,False
order,,W1935,D20,1.266800,2,-0.157165,2.157165,4,-2,1.000000,240.705800,69.305800,93.305800,1727,1698,279,237,70.704200,71.324700,0.000000,0.000000,0.000000,0.000000,0.000000,demoted,False,False
order,,W1936,D40,2.074800,2,-0.008520,2.008520,2,0,4.000000,93.318300,69.318300,93.318300,1725,1682,99,99,71.448800,71.448800,0.000000,0.000000,0.000000,0.000000,0.000000,unchanged,False,False
order,,W1937,D50,2.448600,2,-0.155845,2.155845,3,-1,2.000000,149.346900,69.346900,93.346900,1726,1681,525,524,71.835600,71.819100,0.000000,0.000000,0.000000,0.000000,0.000000,demoted,False,False
order,,W1938,D30,0.995600,4,-0.008520,4.000000,3,1,2.000000,149.362300,69.362300,240.762300,1914,1890,490,490,78.789700,79.003500,0.000000,0.000000,0.000000,0.000000,0.000000,unchanged,False,False
order,,W1939,C10,0.195700,4,-0.008520,4.000000,4,-1,1.000000,240.812200,69.412200,240.812200,1770,1729,90,90,71.577200,71.577200,0.000000,0.000000,0.000000,0.000000,0.000000,unchanged,False,False
order,,W194,D30,3.227500,4,-0.008520,4.000000,4,0,1.000000,178.397100,6.997100,178.397100,185,185,55,55,10.224600,10.224600,0.000000,0.000000,0.000000,0.000000,0.000000,unchanged,False,False
order,,W1940,D50,3.918500,4,-0.157113,4.000000,4,-1,1.000000,240.863400,69.463400,240.863400,2147,2197,670,699,93.661600,97.241200,0.000000,0.000000,0.000000,0.000000,0.000000,unchanged,False,False
order,,W1941,D50,5.628100,4,-0.324783,4.000000,4,-1,1.000000,240.937900,69.537900,240.937900,2170,2231,678,707,97.096300,101.760900,0.000000,0.000000,0.000000,0.000000,0.000000,unchanged,False,False
order,,W1942,C10,0.531700,2,-0.008520,2.008520,3,-1,2.000000,149.546600,69.546600,93.546600,1759,1716,89,89,71.381500,71.381500,0.000000,0.000000,0.000000,0.000000,0.000000,unchanged,False,False
order,,W1943,D30,0.453200,4,-0.008520,4.000000,3,1,2.000000,149.566600,69.566600,240.966600,1808,1769,452,453,73.847100,73.550700,0.000000,0.000000,0.000000,0.000000,0.000000,unchanged,False,False
order,,W1944,D50,0.371500,4,-0.008520,4.000000,4,0,1.000000,240.996000,69.596000,240.996000,1918,1911,579,600,78.394500,79.368800,0.000000,0.000000,0.000000,0.000000,0.000000,unchanged,False,False
order,,W1945,D90,0.501200,4,-0.008520,4.000000,2,2,4.000000,93.645400,69.645400,241.045400,1735,1686,93,93,70.146600,70.146600,0.000000,0.000000,0.000000,0.000000,0.000000,unchanged,False,False
order,,W1946,D40,1.295300,4,-0.008520,4.000000,4,0,1.000000,241.080100,69.680100,241.080100,1755,1714,102,102,71.993700,71.993700,0.000000,0.000000,0.000000,0.000000,0.000000,unchanged,False,False
order,,W1947,D40,0.455800,4,-0.008520,4.000000,3,1,2.000000,149.690100,69.690100,241.090100,1746,1699,100,100,70.516400,70.516400,0.000000,0.000000,0.000000,0.000000,0.000000,unchanged,False,False
order,,W1948,D20,1.079000,2,-0.143254,2.143254,4,-2,1.000000,241.093500,69.693500,93.693500,1744,1694,282,235,71.009300,70.924900,0.000000,0.000000,0.000000,0.000000,0.000000,demoted,False,False
order,,W1949,B20,0.817400,1,-0.008520,1.008520,3,-2,2.000000,149.727400,69.727400,77.727400,1738,1689,22,22,70.544800,70.544800,0.000000,0.000000,0.000000,0.000000,0.000000,unchanged,False,False
order,,W195,D30,2.438900,4,-0.008520,4.000000,4,0,1.000000,178.405600,7.005600,178.405600,187,187,56,56,9.468300,9.468300,0.000000,0.000000,0.000000,0.000000,0.000000,unchanged,False,False
order,,W1950,D30,1.822000,4,-0.008520,4.000000,3,1,2.000000,149.737700,69.737700,241.137700,1991,1968,513,513,82.832400,82.895400,0.000000,0.000000,0.000000,0.000000,0.000000,unchanged,False,False
order,,W1951,D20,1.087500,2,-0.143911,2.143911,4,-2,1.000000,241.143700,69.743700,93.743700,1756,1695,283,236,71.791700,71.009400,0.000000,0.000000,0.000000,0.000000,0.000000,demoted,False,False
order,,W1952,D50,2.649300,4,-0.147586,4.000000,4,-1,1.000000,241.145500,69.745500,241.145500,2112,2178,656,692,90.164900,94.487200,0.000000,0.000000,0.000000,0.000000,0.000000,unchanged,False,False
order,,W1953,D30,0.745600,4,-0.008520,4.000000,3,1,2.000000,149.749600,69.749600,241.149600,1867,1838,473,473,76.925700,76.948000,0.000000,0.000000,0.000000,0.000000,0.000000,unchanged,False,False
order,,W1954,D50,3.804800,4,-0.117190,4.000000,4,-1,1.000000,241.209000,69.809000,241.209000,2153,2205,671,700,93.969700,97.755200,0.000000,0.000000,0.000000,0.000000,0.000000,unchanged,False,False
order,,W1955,D90,5.121600,4,-0.008520,4.000000,3,1,2.000000,149.809600,69.809600,241.209600,1739,1692,94,94,74.931200,74.931200,0.000000,0.000000,0.000000,0.000000,0.000000,unchanged,False,False
order,,W1956,D20,5.559200,4,-0.369883,4.000000,3,1,2.000000,149.812000,69.812000,241.212000,2178,2200,345,342,97.600300,99.178900,0.000000,0.000000,0.000000,0.000000,0.000000,unchanged,False,False
order,,W1957,D40,1.361000,4,-0.008520,4.000000,4,0,1.000000,241.224000,69.824000,241.224000,1771,1730,104,104,72.809800,72.809800,0.000000,0.000000,0.000000,0.000000,0.000000,unchanged,False,False
order,,W1958,D90,2.388500,4,-0.008520,4.000000,3,1,2.000000,149.824400,69.824400,241.224400,1740,1693,95,95,72.212900,72.212900,0.000000,0.000000,0.000000,0.000000,0.000000,unchanged,False,False
order,,W1959,D30,2.392900,4,-0.008520,4.000000,3,1,2.000000,149.873500,69.873500,241.273500,2033,2015,530,530,85.386400,85.320900,0.000000,0.000000,0.000000,0.000000,0.000000,unchanged,False,False
order,,W196,D50,0.923900,4,-0.008520,4.000000,4,0,1.000000,178.439500,7.039500,178.439500,195,195,63,63,8.285400,8.285400,0.000000,0.000000,0.000000,0.000000,0.000000,unchanged,False,False
order,,W1960,D30,1.478800,4,-0.008520,4.000000,3,1,2.000000,149.899300,69.899300,241.299300,1973,1942,505,505,81.361900,81.261100,0.000000,0.000000,0.000000,0.000000,0.000000,unchanged,False,False
order,,W1961,D40,5.583500,4,-0.008520,4.000000,4,0,1.000000,241.353800,69.953800,241.353800,1784,1746,107,107,77.741700,77.741700,0.000000,0.000000,0.000000,0.000000,0.000000,unchanged,False,False
order,,W1962,D20,4.764600,4,-0.300558,4.000000,3,1,2.000000,149.955600,69.955600,241.355600,2176,2202,344,343,96.690300,98.411600,0.000000,0.000000,0.000000,0.000000,0.000000,unchanged,False,False
order,,W1963,D50,0.805300,4,-0.008520,4.000000,4,-1,1.000000,241.389600,69.989600,241.389600,2025,2047,615,648,83.319500,85.352400,0.000000,0.000000,0.000000,0.000000,0.000000,unchanged,False,False
order,,W1964,D50,3.132200,4,-0.123148,4.000000,4,-1,1.000000,241.400100,70.000100,241.400100,2127,2185,664,695,91.468200,95.213100,0.000000,0.000000,0.000000,0.000000,0.000000,unchanged,False,False
order,,W1965,D50,0.451000,2,-0.008520,2.008520,2,0,4.000000,94.040700,70.040700,94.040700,1748,1700,531,530,70.605800,70.513500,0.000000,0.000000,0.000000,0.000000,0.000000,unchanged,False,False
order,,W1966,D30,1.379000,4,-0.008520,4.000000,3,1,2.000000,150.058400,70.058400,241.458400,1962,1936,503,503,81.010400,81.006800,0.000000,0.000000,0.000000,0.000000,0.000000,unchanged,False,False
order,,W1967,D40,2.122400,4,-0.008520,4.000000,4,0,1.000000,241.461500,70.061500,241.461500,1773,1734,105,105,73.683600,73.683600,0.000000,0.000000,0.000000,0.000000,0.000000,unchanged,False,False
order,,W1968,D30,3.728800,4,-0.008520,4.000000,3,1,2.000000,150.093900,70.093900,241.493900,2085,2075,551,551,89.520800,89.543600,0.000000,0.000000,0.000000,0.000000,0.000000,unchanged,False,False
order,,W1969,D30,0.401700,4,-0.008520,4.000000,3,1,2.000000,150.095600,70.095600,241.495600,1802,1754,450,450,73.512200,72.842000,0.000000,0.000000,0.000000,0.000000,0.000000,unchanged,False,False
order,,W197,D50,1.073700,2,-0.008520,2.008520,2,0,4.000000,31.043000,7.043000,31.043000,189,189,59,59,8.163400,8.163400,0.000000,0.000000,0.000000,0.000000,0.000000,unchanged,False,False
order,,W1970,D50,1.067700,4,-0.008520,4.000000,4,-1,1.000000,241.503600,70.103600,241.503600,2054,2085,626,662,85.212000,87.594600,0.000000,0.000000,0.000000,0.000000,0.000000,unchanged,False,False
order,,W1971,D50,0.508700,4,-0.008520,4.000000,4,0,1.000000,241.509400,70.109400,241.509400,1950,1998,594,626,79.722600,82.780400,0.000000,0.000000,0.000000,0.000000,0.000000,unchanged,False,False
order,,W1972,D50,1.573800,4,-0.107509,4.000000,4,-1,1.000000,241.564000,70.164000,241.564000,2065,2125,631,676,86.251000,90.021600,0.000000,0.000000,0.000000,0.000000,0.000000,unchanged,False,False
order,,W1973,D50,0.831500,2,-0.008520,2.008520,3,-1,2.000000,150.180700,70.180700,94.180700,1749,1704,532,531,71.050100,71.197500,0.000000,0.000000,0.000000,0.000000,0.000000,unchanged,False,False
order,,W1974,D50,0.509500,4,-0.008520,4.000000,4,0,1.000000,241.624500,70.224500,241.624500,1951,1999,595,627,79.756200,82.818100,0.000000,0.000000,0.000000,0.000000,0.000000,unchanged,False,False
order,,W1975,D50,0.178600,4,-0.008520,4.000000,4,0,1.000000,241.668900,70.268900,241.668900,1848,1837,558,571,75.544200,76.379400,0.000000,0.000000,0.000000,0.000000,0.000000,unchanged,False,False
order,,W1976,E10,24.507500,4,-0.992425,4.000000,4,0,1.000000,241.675300,70.275300,241.675300,1814,1780,64,64,98.105200,98.105200,0.000000,0.000000,0.000000,0.000000,0.000000,unchanged,False,False
order,,W1977,D50,1.676400,4,-0.152301,4.000000,4,-1,1.000000,241.694800,70.294800,241.694800,2074,2148,636,682,86.867000,91.520000,0.000000,0.000000,0.000000,0.000000,0.000000,unchanged,False,False
order,,W1978,D50,5.332500,4,-0.325419,4.000000,4,-1,1.000000,241.722000,70.322000,241.722000,2192,2240,684,708,98.658300,102.573700,0.000000,0.000000,0.000000,0.000000,0.000000,unchanged,False,False
order,,W1979,D50,1.647400,4,-0.142859,4.000000,4,-1,1.000000,241.737700,70.337700,241.737700,2073,2136,635,680,86.810300,90.811600,0.000000,0.000000,0.000000,0.000000,0.000000,unchanged,False,False
order,,W198,D20,1.462300,2,-0.127111,2.127111,3,-1,2.000000,87.072700,7.072700,31.072700,188,188,36,36,8.535000,8.535000,0.000000,0.000000,0.000000,0.000000,0.000000,demoted,False,False
order,,W1980,D30,1.815400,4,-0.008520,4.000000,3,1,2.000000,150.353100,70.353100,241.753100,1997,1976,516,516,83.002100,83.076500,0.000000,0.000000,0.000000,0.000000,0.000000,unchanged,False,False
order,,W1981,D50,4.724700,4,-0.331022,4.000000,4,-1,1.000000,241.771600,70.371600,241.771600,2174,2219,680,704,96.549000,99.507200,0.000000,0.000000,0.000000,0.000000,0.000000,unchanged,False,False
order,,W1982,D50,1.770000,4,-0.155500,4.000000,4,-1,1.000000,241.797300,70.397300,241.797300,2094,2154,645,684,88.178400,91.886600,0.000000,0.000000,0.000000,0.000000,0.000000,unchanged,False,False
order,,W1983,D20,10.759400,2,-0.485296,2.485296,1,1,8.000000,78.398000,70.398000,94.398000,1763,1711,285,239,81.768700,81.368300,3.370700,2.970300,26.965600,23.762400,-3.203200,demoted,True,False
order,,W1984,D30,4.624000,4,-0.008520,4.000000,3,1,2.000000,150.444700,70.444700,241.844700,2135,2138,563,563,93.666300,93.990300,0.000000,0.000000,0.000000,0.000000,0.000000,unchanged,False,False
order,,W1985,D40,11.191100,1,-0.008520,1.008520,1,0,8.000000,78.487400,70.487400,78.487400,1751,1709,101,101,81.707500,81.707500,3.220100,3.220100,25.760800,25.760800,0.000000,unchanged,False,False
order,,W1986,D50,1.861700,2,-0.158531,2.158531,3,-1,2.000000,150.526200,70.526200,94.526200,1754,1712,534,534,72.467500,72.500000,0.000000,0.000000,0.000000,0.000000,0.000000,demoted,False,False
order,,W1987,D90,2.553200,4,-0.008520,4.000000,3,1,2.000000,150.576900,70.576900,241.976900,1753,1710,96,96,73.130100,73.130100,0.000000,0.000000,0.000000,0.000000,0.000000,unchanged,False,False
order,,W1988,D50,2.263100,4,-0.163917,4.000000,4,-1,1.000000,241.983200,70.583200,241.983200,2117,2176,659,691,90.246400,93.950400,0.000000,0.000000,0.000000,0.000000,0.000000,unchanged,False,False
order,,W1989,D20,1.374900,4,-0.165719,4.000000,4,-2,1.000000,241.994000,70.594000,241.994000,2119,2191,330,340,89.407700,94.343400,0.000000,0.000000,0.000000,0.000000,0.000000,unchanged,False,False
order,,W199,D50,0.444000,4,-0.008520,4.000000,4,0,1.000000,178.476000,7.076000,178.476000,191,191,60,60,7.600300,7.600300,0.000000,0.000000,0.000000,0.000000,0.000000,unchanged,False,False
order,,W1990,D30,7.110700,4,-0.008520,4.000000,3,1,2.000000,150.624200,70.624200,242.024200,2186,2193,582,582,100.022600,100.116800,0.000000,0.000000,0.000000,0.000000,0.000000,unchanged,False,False
order,,W1991,D30,1.784600,4,-0.008520,4.000000,3,1,2.000000,150.632900,70.632900,242.032900,1998,1978,517,517,82.993500,83.082500,0.000000,0.000000,0.000000,0.000000,0.000000,unchanged,False,False
order,,W1992,D30,3.589200,4,-0.008520,4.000000,3,1,2.000000,150.652100,70.652100,242.052100,2083,2074,550,550,89.328600,89.366300,0.000000,0.000000,0.000000,0.000000,0.000000,unchanged,False,False
order,,W1993,D50,1.659700,4,-0.148671,4.000000,4,-1,1.000000,242.100700,70.700700,242.100700,2092,2153,644,683,87.920000,91.681300,0.000000,0.000000,0.000000,0.000000,0.000000,unchanged,False,False
order,,W1994,D50,2.073000,4,-0.165161,4.000000,4,-1,1.000000,242.128900,70.728900,242.128900,2109,2169,654,688,89.427100,93.157400,0.000000,0.000000,0.000000,0.000000,0.000000,unchanged,False,False
order,,W1995,D50,2.716000,4,-0.144903,4.000000,4,-1,1.000000,242.175900,70.775900,242.175900,2130,2184,666,694,91.285700,94.782500,0.000000,0.000000,0.000000,0.000000,0.000000,unchanged,False,False
order,,W1996,D30,4.668900,4,-0.008520,4.000000,3,1,2.000000,150.809800,70.809800,242.209800,2137,2141,564,564,93.997500,94.212500,0.000000,0.000000,0.000000,0.000000,0.000000,unchanged,False,False
order,,W1997,D20,3.393400,2,-0.433815,2.433815,4,-2,1.000000,242.230300,70.830300,94.830300,1761,1717,284,241,74.324000,74.318300,0.000000,0.000000,0.000000,0.000000,0.000000,demoted,False,False
order,,W1998,D20,2.160500,4,-0.300218,4.000000,4,-2,1.000000,242.278700,70.878700,242.278700,2142,2203,336,344,91.701200,95.908000,0.000000,0.000000,0.000000,0.000000,0.000000,unchanged,False,False
order,,W1999,D90,8.202000,4,-0.008520,4.000000,3,1,2.000000,150.994300,70.994300,242.394300,1762,1719,97,97,79.196300,79.196300,0.000000,0.000000,0.000000,0.000000,0.000000,unchanged,False,False
order,,W2,C10,2.398200,4,-0.008520,4.000000,4,0,1.000000,171.422500,0.022500,171.422500,3,3,1,1,2.420700,2.420700,0.000000,0.000000,0.000000,0.000000,0.000000,unchanged,False,False
order,,W20,D30,22.844300,4,-0.008520,4.000000,4,-1,1.000000,172.025900,0.625900,172.025900,21,21,5,5,23.470200,23.470200,0.000000,0.000000,0.000000,0.000000,0.000000,unchanged,False,False
order,,W200,D30,1.500900,4,-0.008520,4.000000,4,0,1.000000,178.525800,7.125800,178.525800,190,190,57,57,8.642000,8.642000,0.000000,0.000000,0.000000,0.000000,0.000000,unchanged,False,False
order,,W2000,C10,0.794600,4,-0.008520,4.000000,4,-1,1.000000,242.402600,71.002600,242.402600,1787,1751,92,92,73.120600,73.120600,0.000000,0.000000,0.000000,0.000000,0.000000,unchanged,False,False
order,,W2001,D30,0.851300,2,-0.008520,2.008520,1,1,8.000000,79.011100,71.011100,95.011100,1779,1733,446,446,72.797900,72.408900,0.000000,0.000000,0.000000,0.000000,0.000000,unchanged,False,False
order,,W2002,C30,38.367900,4,-1.112914,4.000000,4,0,1.000000,242.431000,71.031000,242.431000,1764,1721,41,41,109.398900,109.398900,0.000000,0.000000,0.000000,0.000000,0.000000,unchanged,False,False
order,,W2003,D50,0.874200,4,-0.008520,4.000000,4,-1,1.000000,242.446300,71.046300,242.446300,2044,2076,625,659,84.471200,86.701800,0.000000,0.000000,0.000000,0.000000,0.000000,unchanged,False,False
order,,W2004,D40,11.545100,1,-0.008520,1.008520,1,0,8.000000,79.113200,71.113200,79.113200,1766,1723,103,103,82.685000,82.685000,3.571800,3.571800,28.574400,28.574400,0.000000,unchanged,False,False
order,,W2005,E10,10.056900,4,-0.838263,4.000000,4,0,1.000000,242.532600,71.132600,242.532600,1788,1737,63,63,82.385300,81.787000,0.000000,0.000000,0.000000,0.000000,0.000000,unchanged,False,False
order,,W2006,D50,0.234100,4,-0.008520,4.000000,4,0,1.000000,242.551900,71.151900,242.551900,1897,1891,573,589,77.587700,78.309300,0.000000,0.000000,0.000000,0.000000,0.000000,unchanged,False,False
order,,W2007,D50,4.280000,4,-0.278174,4.000000,4,-1,1.000000,242.581300,71.181300,242.581300,2189,2217,683,703,97.338700,98.767200,0.000000,0.000000,0.000000,0.000000,0.000000,unchanged,False,False
order,,W2008,D50,0.571600,4,-0.008520,4.000000,4,0,1.000000,242.613900,71.213900,242.613900,2013,2023,610,639,82.642600,83.872700,0.000000,0.000000,0.000000,0.000000,0.000000,unchanged,False,False
order,,W2009,D50,1.310000,4,-0.008520,4.000000,4,-1,1.000000,242.667900,71.267900,242.667900,2070,2114,634,673,86.211000,89.164200,0.000000,0.000000,0.000000,0.000000,0.000000,unchanged,False,False
order,,W201,D50,1.356300,4,-0.008520,4.000000,4,0,1.000000,178.560400,7.160400,178.560400,196,196,64,64,8.730300,8.730300,0.000000,0.000000,0.000000,0.000000,0.000000,unchanged,False,False
order,,W2010,D30,18.312900,4,-0.008520,4.000000,4,0,1.000000,242.669400,71.269400,242.669400,2217,2224,596,596,113.735200,113.797900,0.000000,0.000000,0.000000,0.000000,0.000000,unchanged,False,False
order,,W2011,D30,0.995900,4,-0.008520,4.000000,3,1,2.000000,151.313400,71.313400,242.713400,1944,1923,497,497,80.050800,80.197100,0.000000,0.000000,0.000000,0.000000,0.000000,unchanged,False,False
order,,W2012,D50,5.130500,4,-0.326515,4.000000,4,-1,1.000000,242.728400,71.328400,242.728400,2208,2241,689,709,99.695900,102.481900,0.000000,0.000000,0.000000,0.000000,0.000000,unchanged,False,False
order,,W2013,D50,0.501800,4,-0.008520,4.000000,4,0,1.000000,242.735400,71.335400,242.735400,2001,2011,605,634,81.872000,83.319900,0.000000,0.000000,0.000000,0.000000,0.000000,unchanged,False,False
order,,W2014,D30,20.707600,4,-0.008520,4.000000,4,0,1.000000,242.761800,71.361800,242.761800,2220,2225,597,597,116.458900,116.196500,0.000000,0.000000,0.000000,0.000000,0.000000,unchanged,False,False
order,,W2015,E10,2.130700,4,-0.050642,4.000000,4,0,1.000000,242.795200,71.395200,242.795200,1772,1731,62,62,73.597700,73.597700,0.000000,0.000000,0.000000,0.000000,0.000000,unchanged,False,False
order,,W2016,D50,0.124700,2,-0.008520,2.008520,2,0,4.000000,95.432100,71.432100,95.432100,1775,1738,539,538,71.812800,71.899300,0.000000,0.000000,0.000000,0.000000,0.000000,unchanged,False,False
order,,W2017,D50,3.973100,4,-0.175957,4.000000,4,-1,1.000000,242.857100,71.457100,242.857100,2184,2214,682,702,96.815100,98.337000,0.000000,0.000000,0.000000,0.000000,0.000000,unchanged,False,False
order,,W2018,D50,0.632700,4,-0.008520,4.000000,4,0,1.000000,242.877500,71.477500,242.877500,2026,2034,616,645,83.275300,84.547100,0.000000,0.000000,0.000000,0.000000,0.000000,unchanged,False,False
order,,W2019,D30,1.066600,4,-0.008520,4.000000,3,1,2.000000,151.479700,71.479700,242.879700,1955,1930,499,500,80.523500,80.509500,0.000000,0.000000,0.000000,0.000000,0.000000,unchanged,False,False
order,,W202,D50,0.143900,4,-0.008520,4.000000,4,0,1.000000,178.575000,7.175000,178.575000,193,193,61,61,7.355300,7.355300,0.000000,0.000000,0.000000,0.000000,0.000000,unchanged,False,False
order,,W2020,D30,3.299300,4,-0.008520,4.000000,3,1,2.000000,151.520300,71.520300,242.920300,2081,2072,548,548,88.962200,88.967400,0.000000,0.000000,0.000000,0.000000,0.000000,unchanged,False,False
order,,W2021,D50,0.584600,4,-0.008520,4.000000,4,0,1.000000,242.940400,71.540400,242.940400,2020,2026,613,642,82.889400,84.145200,0.000000,0.000000,0.000000,0.000000,0.000000,unchanged,False,False
order,,W2022,D20,3.878400,4,-0.312182,4.000000,4,-2,1.000000,243.098600,71.698600,243.098600,2180,2208,346,346,96.338700,97.981000,0.000000,0.000000,0.000000,0.000000,0.000000,unchanged,False,False
order,,W2023,D50,1.573000,4,-0.107120,4.000000,4,-1,1.000000,243.137600,71.737600,243.137600,2102,2163,650,685,88.383300,92.364400,0.000000,0.000000,0.000000,0.000000,0.000000,unchanged,False,False
order,,W2024,D20,2.533100,4,-0.353840,4.000000,4,-2,1.000000,243.146400,71.746400,243.146400,2151,2204,340,345,92.460300,96.423800,0.000000,0.000000,0.000000,0.000000,0.000000,unchanged,False,False
order,,W2025,D50,0.289000,4,-0.008520,4.000000,4,0,1.000000,243.187700,71.787700,243.187700,1932,1949,586,612,78.882800,80.385700,0.000000,0.000000,0.000000,0.000000,0.000000,unchanged,False,False
order,,W2026,D50,1.417100,4,-0.028753,4.000000,4,-1,1.000000,243.267900,71.867900,243.267900,2095,2140,646,681,87.864900,90.854300,0.000000,0.000000,0.000000,0.000000,0.000000,unchanged,False,False
order,,W2027,D30,8.641100,4,-0.008520,4.000000,3,1,2.000000,151.903100,71.903100,243.303100,2203,2209,589,589,102.703000,102.826000,0.000000,0.000000,0.000000,0.000000,0.000000,unchanged,False,False
order,,W2028,D30,8.029700,4,-0.008520,4.000000,3,1,2.000000,151.942200,71.942200,243.342200,2202,2207,588,588,102.027200,102.040400,0.000000,0.000000,0.000000,0.000000,0.000000,unchanged,False,False
order,,W2029,D30,14.087600,2,-0.008520,2.008520,1,1,8.000000,80.011200,72.011200,96.011200,1785,1752,448,448,86.284400,86.440000,6.273200,6.428800,50.185600,51.430400,1.244800,unchanged,False,True
order,,W203,D30,1.006000,4,-0.008520,4.000000,4,0,1.000000,178.592300,7.192300,178.592300,192,192,58,58,8.198300,8.198300,0.000000,0.000000,0.000000,0.000000,0.000000,unchanged,False,False
order,,W2030,D30,5.306900,2,-0.008520,2.008520,1,1,8.000000,80.029600,72.029600,96.029600,1783,1745,447,447,77.346500,77.430900,0.000000,0.000000,0.000000,0.000000,0.000000,unchanged,False,False
order,,W2031,D20,2.309000,4,-0.176040,4.000000,4,0,1.000000,243.434800,72.034800,243.434800,2144,2211,338,347,91.925700,96.652400,0.000000,0.000000,0.000000,0.000000,0.000000,unchanged,False,False
order,,W2032,B30,9.219700,2,-0.008520,2.008520,1,2,8.000000,80.037100,72.037100,96.037100,1782,1743,26,26,81.256800,81.256800,1.219700,1.219700,9.757600,9.757600,0.000000,unchanged,False,False
order,,W2033,D20,1.690700,2,-0.143420,2.143420,2,0,4.000000,96.082400,72.082400,96.082400,1804,1747,288,249,74.832100,73.891300,0.000000,0.000000,0.000000,0.000000,0.000000,demoted,True,False
order,,W2034,D50,0.675800,4,0.116103,3.883897,2,2,4.000000,96.255700,72.255700,243.655700,2043,1764,624,546,84.144300,73.561300,0.000000,0.000000,0.000000,0.000000,0.000000,promoted,False,False
order,,W2035,D20,1.258700,3,-0.129685,3.129685,3,0,2.000000,152.260300,72.260300,152.260300,1833,1750,292,250,75.735400,73.573700,0.000000,0.000000,0.000000,0.000000,0.000000,demoted,True,False
order,,W2036,B20,9.769800,4,-0.008520,4.000000,4,0,1.000000,243.662600,72.262600,243.662600,1786,1749,23,23,82.032400,82.032400,0.000000,0.000000,0.000000,0.000000,0.000000,unchanged,False,False
order,,W2037,D30,0.730400,4,-0.008520,4.000000,2,2,4.000000,96.262900,72.262900,243.662900,1907,1877,487,487,78.291700,78.229400,0.000000,0.000000,0.000000,0.000000,0.000000,unchanged,False,False
order,,W2038,D50,0.268500,4,0.095977,3.904023,2,2,4.000000,96.305900,72.305900,243.705900,1935,1757,587,544,79.041800,72.885500,0.000000,0.000000,0.000000,0.000000,0.000000,promoted,False,False
order,,W2039,D50,0.594000,2,0.112486,1.887514,1,2,8.000000,80.356200,72.356200,96.356200,1789,1755,542,543,73.036700,73.094000,0.000000,0.000000,0.000000,0.000000,0.000000,promoted,False,False
order,,W204,D50,1.540100,2,-0.008520,2.008520,2,0,4.000000,31.239000,7.239000,31.239000,194,194,62,62,8.895400,8.895400,0.000000,0.000000,0.000000,0.000000,0.000000,unchanged,False,False
order,,W2040,D30,2.926900,4,-0.008520,4.000000,3,1,2.000000,152.356500,72.356500,243.756500,2077,2061,545,545,88.313300,88.247800,0.000000,0.000000,0.000000,0.000000,0.000000,unchanged,False,False
order,,W2041,D20,6.065300,2,0.379003,1.620997,1,2,8.000000,80.431300,72.431300,96.431300,1830,1773,290,251,80.389300,79.403700,0.000000,0.000000,0.000000,0.000000,0.000000,promoted,False,False
order,,W2042,D90,2.203200,4,-0.008520,4.000000,2,2,4.000000,96.517100,72.517100,243.917100,1792,1756,98,98,74.720300,74.720300,0.000000,0.000000,0.000000,0.000000,0.000000,unchanged,False,False
order,,W2043,D30,10.438500,4,-0.008520,4.000000,3,1,2.000000,152.539600,72.539600,243.939600,2205,2213,591,591,104.631400,104.787000,0.000000,0.000000,0.000000,0.000000,0.000000,unchanged,False,False
order,,W2044,D20,6.546700,4,0.379003,3.620997,2,2,4.000000,96.563200,72.563200,243.963200,2191,1779,351,253,99.623800,80.120400,3.060600,0.000000,12.242400,0.000000,-12.242400,promoted,False,False
order,,W2045,D50,2.023800,2,0.158764,1.841236,1,2,8.000000,80.631900,72.631900,96.631900,1794,1761,545,545,74.741900,74.828400,0.000000,0.000000,0.000000,0.000000,0.000000,promoted,False,False
order,,W2046,C30,16.386800,4,0.288958,3.711042,2,2,4.000000,96.666100,72.666100,244.066100,1793,1758,42,42,89.052900,89.052900,0.000000,0.000000,0.000000,0.000000,0.000000,promoted,False,False
order,,W2047,C10,2.329100,2,-0.008520,2.008520,1,2,8.000000,80.736200,72.736200,96.736200,1795,1760,93,93,75.065300,75.065300,0.000000,0.000000,0.000000,0.000000,0.000000,unchanged,False,False
order,,W2048,D50,0.946100,4,0.126912,3.873088,2,2,4.000000,96.747400,72.747400,244.147400,2067,1765,632,547,85.785800,73.846200,0.000000,0.000000,0.000000,0.000000,0.000000,promoted,False,False
order,,W2049,D30,1.367400,4,-0.008520,4.000000,2,2,4.000000,96.753300,72.753300,244.153300,1989,1966,512,512,82.159600,82.374200,0.000000,0.000000,0.000000,0.000000,0.000000,unchanged,False,False
order,,W205,D50,2.189600,4,-0.008520,4.000000,4,0,1.000000,178.796000,7.396000,178.796000,231,231,74,74,10.919900,10.919900,0.000000,0.000000,0.000000,0.000000,0.000000,unchanged,False,False
order,,W2050,D50,1.330100,4,0.139928,3.860072,2,2,4.000000,96.773200,72.773200,244.173200,2104,1770,651,549,88.197100,74.456300,0.000000,0.000000,0.000000,0.000000,0.000000,promoted,False,False
order,,W2051,D30,1.837100,4,-0.008520,4.000000,2,2,4.000000,96.797400,72.797400,244.197400,2022,2003,527,527,84.242400,84.211300,0.000000,0.000000,0.000000,0.000000,0.000000,unchanged,False,False
order,,W2052,D50,11.100500,4,-0.624614,4.000000,3,1,2.000000,152.900200,72.900200,244.300200,2250,2250,716,716,112.526800,110.607700,0.000000,0.000000,0.000000,0.000000,0.000000,unchanged,False,False
order,,W2053,D50,8.468200,4,-0.559743,4.000000,3,1,2.000000,152.931100,72.931100,244.331100,2249,2248,715,714,109.458000,107.696900,0.000000,0.000000,0.000000,0.000000,0.000000,unchanged,False,False
order,,W2054,D30,0.553200,4,-0.008520,4.000000,2,2,4.000000,96.998400,72.998400,244.398400,1855,1826,470,470,76.212700,76.239400,0.000000,0.000000,0.000000,0.000000,0.000000,unchanged,False,False
order,,W2055,D30,1.208300,4,-0.008520,4.000000,2,2,4.000000,97.009700,73.009700,244.409700,1978,1957,508,508,81.352600,81.669200,0.000000,0.000000,0.000000,0.000000,0.000000,unchanged,False,False
order,,W2056,B30,3.285300,4,-0.008520,4.000000,2,2,4.000000,97.030000,73.030000,244.430000,1799,1766,27,27,76.315300,76.315300,0.000000,0.000000,0.000000,0.000000,0.000000,unchanged,False,False
order,,W2057,D50,3.797600,4,0.385852,3.614148,2,2,4.000000,97.051600,73.051600,244.451600,2221,1768,692,548,99.632100,76.891600,2.580500,0.000000,10.322000,0.000000,-10.322000,promoted,False,False
order,,W2058,D30,23.636900,4,-0.476417,4.000000,3,1,2.000000,153.074100,73.074100,244.474100,2223,2229,598,598,119.612900,119.700200,0.000000,0.000000,0.000000,0.000000,0.000000,unchanged,False,False
order,,W2059,D50,5.364900,4,-0.454722,4.000000,3,1,2.000000,153.122700,73.122700,244.522700,2243,2243,709,710,104.513200,103.088600,0.000000,0.000000,0.000000,0.000000,0.000000,unchanged,False,False
order,,W206,D50,1.398000,4,-0.008520,4.000000,4,0,1.000000,178.808300,7.408300,178.808300,214,214,70,70,9.554600,9.554600,0.000000,0.000000,0.000000,0.000000,0.000000,unchanged,False,False
order,,W2060,D30,3.868500,4,-0.008520,4.000000,3,1,2.000000,153.136000,73.136000,244.536000,2133,2134,562,562,92.830700,93.015600,0.000000,0.000000,0.000000,0.000000,0.000000,unchanged,False,False
order,,W2061,D50,2.451900,4,0.154098,3.845902,2,2,4.000000,97.211800,73.211800,244.611800,2164,1772,675,550,93.535100,75.674200,0.000000,0.000000,0.000000,0.000000,0.000000,promoted,False,False
order,,W2062,D50,1.198100,4,0.135713,3.864287,2,2,4.000000,97.242300,73.242300,244.642300,2100,1786,649,553,87.983300,75.038900,0.000000,0.000000,0.000000,0.000000,0.000000,promoted,False,False
order,,W2063,B20,0.791500,4,-0.008520,4.000000,3,1,2.000000,153.285400,73.285400,244.685400,2011,1993,24,24,82.823900,82.823900,0.000000,0.000000,0.000000,0.000000,0.000000,unchanged,False,False
order,,W2064,D20,0.568600,2,-0.143742,2.143742,2,0,4.000000,97.334100,73.334100,97.334100,1820,1774,289,252,74.377100,73.965600,0.000000,0.000000,0.000000,0.000000,0.000000,demoted,True,False
order,,W2065,D50,33.972500,4,-0.299411,4.000000,3,1,2.000000,153.362100,73.362100,244.762100,1807,1777,550,552,107.358300,107.533800,0.000000,0.000000,0.000000,0.000000,0.000000,unchanged,False,False
order,,W2066,D50,2.630400,4,0.147848,3.852152,2,2,4.000000,97.392500,73.392500,244.792500,2172,1849,679,576,94.338300,79.063100,0.000000,0.000000,0.000000,0.000000,0.000000,promoted,False,False
order,,W2067,D50,0.488700,1,0.107546,1.000000,1,2,8.000000,81.416600,73.416600,81.416600,1810,1775,551,551,73.936900,73.926400,0.000000,0.000000,0.000000,0.000000,0.000000,unchanged,False,False
order,,W2068,D30,0.202600,4,-0.008520,4.000000,2,2,4.000000,97.420300,73.420300,244.820300,1811,1776,454,455,73.714800,73.753300,0.000000,0.000000,0.000000,0.000000,0.000000,unchanged,False,False
order,,W2069,E20,7.489500,4,-0.008520,4.000000,3,1,2.000000,153.490400,73.490400,244.890400,2097,2090,22,22,94.164100,94.164100,0.000000,0.000000,0.000000,0.000000,0.000000,unchanged,False,False
order,,W207,D30,2.982400,4,-0.008520,4.000000,4,0,1.000000,178.832900,7.432900,178.832900,197,197,59,59,10.415300,10.415300,0.000000,0.000000,0.000000,0.000000,0.000000,unchanged,False,False
order,,W2070,C10,0.638300,4,-0.008520,4.000000,2,2,4.000000,97.639400,73.639400,245.039400,1815,1781,94,94,74.277700,74.277700,0.000000,0.000000,0.000000,0.000000,0.000000,unchanged,False,False
order,,W2071,D20,1.952700,4,-0.155845,4.000000,4,0,1.000000,245.076300,73.676300,245.076300,2160,2228,341,351,92.683800,97.860700,0.000000,0.000000,0.000000,0.000000,0.000000,unchanged,False,False
order,,W2072,D50,0.924100,4,0.126090,3.873910,2,2,4.000000,97.684500,73.684500,245.084500,2089,1793,642,556,87.135100,74.902500,0.000000,0.000000,0.000000,0.000000,0.000000,promoted,False,False
order,,W2073,D50,1.200900,4,0.135805,3.864195,2,2,4.000000,97.737200,73.737200,245.137200,2107,1809,653,560,88.336000,76.029300,0.000000,0.000000,0.000000,0.000000,0.000000,promoted,False,False
order,,W2074,D50,2.626600,4,0.147978,3.852022,2,2,4.000000,97.773300,73.773300,245.173300,2177,1892,681,590,94.565400,80.771700,0.000000,0.000000,0.000000,0.000000,0.000000,promoted,False,False
order,,W2075,D50,0.790700,4,0.120897,3.879103,2,2,4.000000,97.795200,73.795200,245.195200,2068,1787,633,554,85.649900,74.636900,0.000000,0.000000,0.000000,0.000000,0.000000,promoted,False,False
order,,W2076,B30,4.676900,4,-0.008520,4.000000,2,2,4.000000,97.800600,73.800600,245.200600,1819,1785,28,28,78.477500,78.477500,0.000000,0.000000,0.000000,0.000000,0.000000,unchanged,False,False
order,,W2077,E20,0.262500,4,-0.008520,4.000000,3,1,2.000000,153.822600,73.822600,245.222600,1924,1895,19,19,78.509500,78.509500,0.000000,0.000000,0.000000,0.000000,0.000000,unchanged,False,False
order,,W2078,D30,1.100800,4,-0.008520,4.000000,2,2,4.000000,97.872300,73.872300,245.272300,1977,1953,507,507,81.208900,81.297900,0.000000,0.000000,0.000000,0.000000,0.000000,unchanged,False,False
order,,W2079,D30,5.783800,4,-0.008520,4.000000,3,1,2.000000,153.898400,73.898400,245.298400,2182,2189,580,580,98.614500,98.646700,0.000000,0.000000,0.000000,0.000000,0.000000,unchanged,False,False
order,,W208,C10,1.374800,4,-0.008520,4.000000,4,0,1.000000,178.864000,7.464000,178.864000,199,199,8,8,8.838800,8.838800,0.000000,0.000000,0.000000,0.000000,0.000000,unchanged,False,False
order,,W2080,D50,2.213100,4,0.162984,3.837016,2,2,4.000000,97.911500,73.911500,245.311500,2165,1790,676,555,93.325800,76.139500,0.000000,0.000000,0.000000,0.000000,0.000000,promoted,False,False
order,,W2081,C30,2.204400,4,-0.131050,4.000000,2,2,4.000000,97.967900,73.967900,245.367900,1824,1792,43,43,76.172300,76.172300,0.000000,0.000000,0.000000,0.000000,0.000000,unchanged,False,False
order,,W2082,D50,0.311300,4,0.098375,3.901625,2,2,4.000000,97.986300,73.986300,245.386300,2007,1807,608,559,82.071000,74.948200,0.000000,0.000000,0.000000,0.000000,0.000000,promoted,False,False
order,,W2083,B30,1.197000,4,-0.008520,4.000000,2,2,4.000000,97.999400,73.999400,245.399400,1825,1794,29,29,75.196400,75.196400,0.000000,0.000000,0.000000,0.000000,0.000000,unchanged,False,False
order,,W2084,D50,0.984600,4,0.128328,3.871672,2,2,4.000000,98.054500,74.054500,245.454500,2096,1810,647,561,87.515600,75.887100,0.000000,0.000000,0.000000,0.000000,0.000000,promoted,False,False
order,,W2085,D50,1.249400,4,0.137380,3.862620,2,2,4.000000,98.104600,74.104600,245.504600,2115,1811,657,562,89.114300,76.197600,0.000000,0.000000,0.000000,0.000000,0.000000,promoted,False,False
order,,W2086,D20,6.727200,2,0.379003,1.620997,1,2,8.000000,82.130200,74.130200,98.130200,1831,1801,291,258,81.104300,81.045500,0.000000,0.000000,0.000000,0.000000,0.000000,promoted,False,False
order,,W2087,D50,10.319200,4,-0.606963,4.000000,3,1,2.000000,154.141300,74.141300,245.541300,2251,2249,717,715,112.046500,109.808200,0.000000,0.000000,0.000000,0.000000,0.000000,unchanged,False,False
order,,W2088,D30,39.251300,1,-1.361777,2.361777,1,1,8.000000,82.158100,74.158100,82.158100,1835,1797,462,460,113.810600,113.475200,31.652500,31.317100,253.220000,250.536800,-2.683200,demoted,True,False
order,,W2089,D50,2.678400,4,0.146220,3.853780,2,2,4.000000,98.176100,74.176100,245.576100,2196,1941,686,609,96.340000,82.418500,0.000000,0.000000,0.000000,0.000000,0.000000,promoted,False,False
order,,W209,D30,8.893700,4,-0.008520,4.000000,4,0,1.000000,178.991500,7.591500,178.991500,200,200,60,60,16.485200,16.485200,0.000000,0.000000,0.000000,0.000000,0.000000,unchanged,False,False
order,,W2090,D30,4.578500,4,-0.008520,4.000000,3,1,2.000000,154.243200,74.243200,245.643200,2162,2166,573,573,95.422300,95.483500,0.000000,0.000000,0.000000,0.000000,0.000000,unchanged,False,False
order,,W2091,D90,1.453400,4,-0.008520,4.000000,2,2,4.000000,98.257100,74.257100,245.657100,1829,1800,99,99,75.710500,75.710500,0.000000,0.000000,0.000000,0.000000,0.000000,unchanged,False,False
order,,W2092,D50,3.742400,2,0.370650,1.629350,1,2,8.000000,82.342600,74.342600,98.342600,1838,1803,556,557,78.484300,78.145100,0.000000,0.000000,0.000000,0.000000,0.000000,promoted,False,False
order,,W2093,D50,1.384100,2,0.141584,1.858416,1,2,8.000000,82.378800,74.378800,98.378800,1834,1805,555,558,75.861700,75.840400,0.000000,0.000000,0.000000,0.000000,0.000000,promoted,False,False
order,,W2094,E20,0.512200,4,-0.008520,4.000000,3,1,2.000000,154.388000,74.388000,245.788000,1930,1902,20,20,79.021700,79.021700,0.000000,0.000000,0.000000,0.000000,0.000000,unchanged,False,False
order,,W2095,D50,1.411200,4,0.142401,3.857599,2,2,4.000000,98.431100,74.431100,245.831100,2126,1844,663,573,89.743100,77.778700,0.000000,0.000000,0.000000,0.000000,0.000000,promoted,False,False
order,,W2096,D40,0.656300,4,-0.008520,4.000000,2,2,4.000000,98.455000,74.455000,245.855000,1832,1804,110,110,75.111300,75.111300,0.000000,0.000000,0.000000,0.000000,0.000000,unchanged,False,False
order,,W2097,D50,0.798400,4,0.121207,3.878793,2,2,4.000000,98.467900,74.467900,245.867900,2088,1822,641,564,86.889200,76.401800,0.000000,0.000000,0.000000,0.000000,0.000000,promoted,False,False
order,,W2098,D50,3.026100,4,0.135024,3.864976,2,2,4.000000,98.477100,74.477100,245.877100,2218,2025,691,641,98.490500,86.526900,0.013400,0.000000,0.053600,0.000000,-0.053600,promoted,False,False
order,,W2099,D20,2.341600,2,-0.181947,2.181947,2,0,4.000000,98.495300,74.495300,98.495300,1840,1816,293,259,77.173700,77.642200,0.000000,0.000000,0.000000,0.000000,0.000000,demoted,True,False
order,,W21,D20,2.328300,2,-0.167948,2.167948,3,-1,2.000000,80.666100,0.666100,24.666100,22,22,8,8,2.994400,2.994400,0.000000,0.000000,0.000000,0.000000,0.000000,demoted,False,False
order,,W210,E10,4.697100,4,-0.008520,4.000000,3,1,2.000000,87.615000,7.615000,179.015000,202,202,6,6,12.312100,12.312100,0.000000,0.000000,0.000000,0.000000,0.000000,unchanged,False,False
order,,W2100,D20,1.165000,4,-0.131318,4.000000,4,0,1.000000,245.922200,74.522200,245.922200,2143,2226,337,350,90.731100,96.911000,0.000000,0.000000,0.000000,0.000000,0.000000,unchanged,False,False
order,,W2101,D50,0.758500,4,0.119585,3.880415,2,2,4.000000,98.604000,74.604000,246.004000,2080,1825,638,565,86.408400,76.432700,0.000000,0.000000,0.000000,0.000000,0.000000,promoted,False,False
order,,W2102,D50,1.445800,4,0.143431,3.856569,2,2,4.000000,98.631000,74.631000,246.031000,2136,1847,667,574,90.560100,77.825200,0.000000,0.000000,0.000000,0.000000,0.000000,promoted,False,False
order,,W2103,D30,4.063400,4,-0.008520,4.000000,3,1,2.000000,154.668700,74.668700,246.068700,2152,2152,569,569,94.061900,94.010700,0.000000,0.000000,0.000000,0.000000,0.000000,unchanged,False,False
order,,W2104,D30,32.314000,4,-1.246944,4.000000,3,1,2.000000,154.716200,74.716200,246.116200,2227,2233,600,600,128.759800,128.502300,0.000000,0.000000,0.000000,0.000000,0.000000,unchanged,False,False
order,,W2105,E10,4.426200,2,0.325070,1.674930,1,2,8.000000,82.716600,74.716600,98.716600,1880,1859,65,65,81.175100,81.175100,0.000000,0.000000,0.000000,0.000000,0.000000,promoted,False,False
order,,W2106,D50,0.745200,4,0.119036,3.880964,2,2,4.000000,98.769900,74.769900,246.169900,2084,1830,639,567,86.531000,76.632300,0.000000,0.000000,0.000000,0.000000,0.000000,promoted,False,False
order,,W2107,D30,2.799600,2,-0.008520,2.008520,1,1,8.000000,82.791500,74.791500,98.791500,1841,1817,465,466,77.724900,78.159100,0.000000,0.000000,0.000000,0.000000,0.000000,unchanged,False,False
order,,W2108,D40,6.720900,4,0.570546,3.429454,2,2,4.000000,98.817600,74.817600,246.217600,1839,1808,111,111,81.538500,81.538500,0.000000,0.000000,0.000000,0.000000,0.000000,promoted,False,False
order,,W2109,B20,3.156600,4,-0.008520,4.000000,4,0,1.000000,246.257300,74.857300,246.257300,2108,2100,27,27,90.358700,90.358700,0.000000,0.000000,0.000000,0.000000,0.000000,unchanged,False,False
order,,W211,D50,2.609400,2,-0.008520,2.008520,2,0,4.000000,31.622000,7.622000,31.622000,204,204,67,67,10.348900,10.348900,0.000000,0.000000,0.000000,0.000000,0.000000,unchanged,False,False
order,,W2110,D30,38.049500,4,-1.343375,4.000000,3,1,2.000000,154.936400,74.936400,246.336400,2229,2236,601,601,134.818800,134.766500,0.000000,0.000000,0.000000,0.000000,0.000000,unchanged,False,False
order,,W2111,D30,1.243400,1,-0.008520,1.008520,1,2,8.000000,82.938600,74.938600,82.938600,1842,1813,466,465,76.210600,76.377300,0.000000,0.000000,0.000000,0.000000,0.000000,unchanged,False,False
order,,W2112,D50,0.564500,4,0.111136,3.888864,2,2,4.000000,98.954000,74.954000,246.354000,2063,1812,630,563,85.162900,75.603400,0.000000,0.000000,0.000000,0.000000,0.000000,promoted,False,False
order,,W2113,D30,1.748500,4,-0.008520,4.000000,2,2,4.000000,99.035600,75.035600,246.435600,2042,2020,533,533,85.191600,84.831000,0.000000,0.000000,0.000000,0.000000,0.000000,unchanged,False,False
order,,W2114,D30,1.540800,4,-0.008520,4.000000,2,2,4.000000,99.039500,75.039500,246.439500,2017,2000,526,526,83.728700,83.865400,0.000000,0.000000,0.000000,0.000000,0.000000,unchanged,False,False
order,,W2115,B20,2.847800,4,-0.008520,4.000000,4,0,1.000000,246.503400,75.103400,246.503400,2059,2043,26,26,87.202100,87.202100,0.000000,0.000000,0.000000,0.000000,0.000000,unchanged,False,False
order,,W2116,D20,3.987000,4,0.230649,3.769351,4,0,1.000000,246.539800,75.139800,246.539800,2198,2083,352,298,97.714400,90.474700,0.000000,0.000000,0.000000,0.000000,0.000000,promoted,True,False
order,,W2117,D50,1.284600,4,0.138503,3.861497,2,2,4.000000,99.192600,75.192600,246.592600,2128,1851,665,577,89.667900,77.811200,0.000000,0.000000,0.000000,0.000000,0.000000,promoted,False,False
order,,W2118,D30,4.127800,2,-0.008520,2.008520,1,1,8.000000,83.209100,75.209100,99.209100,1846,1818,467,467,79.456900,79.506400,0.000000,0.000000,0.000000,0.000000,0.000000,unchanged,False,False
order,,W2119,D90,18.872400,4,-0.008520,4.000000,2,2,4.000000,99.226900,75.226900,246.626900,1844,1814,100,100,94.099300,94.099300,0.000000,0.000000,0.000000,0.000000,0.000000,unchanged,False,False
order,,W212,D20,6.469800,4,0.377589,3.622411,2,2,4.000000,31.628500,7.628500,179.028500,203,203,37,37,14.098300,14.098300,0.000000,0.000000,0.000000,0.000000,0.000000,promoted,False,False
order,,W2120,D50,2.666500,4,0.146622,3.853378,2,2,4.000000,99.233400,75.233400,246.633400,2210,2002,690,629,97.476400,85.035900,0.000000,0.000000,0.000000,0.000000,0.000000,promoted,False,False
order,,W2121,MISC,25.122500,4,-0.670784,4.000000,2,2,4.000000,99.255300,75.255300,246.655300,1845,1815,20,20,100.377800,100.377800,1.122500,1.122500,4.490000,4.490000,0.000000,unchanged,False,False
order,,W2122,D20,0.663000,4,-0.141489,4.000000,4,0,1.000000,246.740300,75.340300,246.740300,2124,2216,331,348,88.926400,95.106300,0.000000,0.000000,0.000000,0.000000,0.000000,unchanged,False,False
order,,W2123,D20,9.368500,4,0.379003,3.620997,2,2,4.000000,99.363700,75.363700,246.763700,2219,1928,358,267,104.925200,88.772200,5.561500,0.000000,22.246000,0.000000,-22.246000,promoted,False,False
order,,W2124,D20,4.978400,4,0.379003,3.620997,2,2,4.000000,99.470500,75.470500,246.870500,2209,1935,354,268,99.772100,84.559300,0.301600,0.000000,1.206400,0.000000,-1.206400,promoted,False,False
order,,W2125,D90,2.457500,4,-0.008520,4.000000,2,2,4.000000,99.511800,75.511800,246.911800,1850,1819,101,101,77.969300,77.969300,0.000000,0.000000,0.000000,0.000000,0.000000,unchanged,False,False
order,,W2126,D40,10.313300,4,0.139843,3.860157,2,2,4.000000,99.526900,75.526900,246.926900,1851,1821,112,112,85.840200,85.840200,0.000000,0.000000,0.000000,0.000000,0.000000,promoted,False,False
order,,W2127,E10,6.489900,4,0.405445,3.594555,2,2,4.000000,99.533100,75.533100,246.933100,1908,1874,66,66,84.073600,83.941800,0.000000,0.000000,0.000000,0.000000,0.000000,promoted,False,False
order,,W2128,D30,12.666600,4,-0.008520,4.000000,3,1,2.000000,155.543100,75.543100,246.943100,2214,2220,594,594,107.805400,107.739900,0.000000,0.000000,0.000000,0.000000,0.000000,unchanged,False,False
order,,W2129,C30,3.616600,4,-0.116591,4.000000,2,2,4.000000,99.605700,75.605700,247.005700,1853,1823,44,44,79.222300,79.222300,0.000000,0.000000,0.000000,0.000000,0.000000,unchanged,False,False
order,,W213,D50,4.539400,1,-0.008520,1.008520,1,0,8.000000,15.766900,7.766900,15.766900,205,205,68,68,12.486300,12.486300,0.000000,0.000000,0.000000,0.000000,0.000000,unchanged,False,False
order,,W2130,D50,2.293700,4,0.159913,3.840087,2,2,4.000000,99.670800,75.670800,247.070800,2201,1904,687,596,96.263400,80.891000,0.000000,0.000000,0.000000,0.000000,0.000000,promoted,False,False
order,,W2131,D20,2.100700,4,-0.162384,4.000000,4,0,1.000000,247.075400,75.675400,247.075400,2185,2234,348,353,94.948000,98.524500,0.000000,0.000000,0.000000,0.000000,0.000000,unchanged,False,False
order,,W2132,B20,1.530400,4,-0.008520,4.000000,4,0,1.000000,247.086400,75.686400,247.086400,2029,2012,25,25,84.354300,84.354300,0.000000,0.000000,0.000000,0.000000,0.000000,unchanged,False,False
order,,W2133,D50,6.796300,4,-0.508364,4.000000,3,1,2.000000,155.697500,75.697500,247.097500,2248,2247,714,713,107.575300,105.563500,0.000000,0.000000,0.000000,0.000000,0.000000,unchanged,False,False
order,,W2134,D50,3.804300,4,0.384663,3.615337,2,2,4.000000,99.703300,75.703300,247.103300,2240,1829,706,566,102.661200,79.644700,2.957900,0.000000,11.831600,0.000000,-11.831600,promoted,False,False
order,,W2135,D20,3.889300,2,-0.166785,2.166785,2,0,4.000000,99.720300,75.720300,99.720300,1856,1853,294,261,79.624700,80.436400,0.000000,0.000000,0.000000,0.000000,0.000000,demoted,True,False
order,,W2136,B20,3.370600,4,-0.008520,4.000000,4,0,1.000000,247.133700,75.733700,247.133700,2156,2159,28,28,93.729300,93.729300,0.000000,0.000000,0.000000,0.000000,0.000000,unchanged,False,False
order,,W2137,D20,1.375900,4,-0.127734,4.000000,4,0,1.000000,247.136300,75.736300,247.136300,2171,2232,342,352,93.077100,97.523600,0.000000,0.000000,0.000000,0.000000,0.000000,unchanged,False,False
order,,W2138,D20,0.639700,4,-0.142033,4.000000,4,0,1.000000,247.136500,75.736500,247.136500,2132,2221,332,349,89.566100,95.746000,0.000000,0.000000,0.000000,0.000000,0.000000,unchanged,False,False
order,,W2139,D30,3.067400,1,-0.008520,1.008520,1,1,8.000000,83.746600,75.746600,83.746600,1860,1833,471,471,79.006100,79.201200,0.000000,0.000000,0.000000,0.000000,0.000000,unchanged,False,False
order,,W214,C10,0.753200,1,-0.008520,1.008520,1,0,8.000000,15.787700,7.787700,15.787700,212,212,9,9,8.845600,8.845600,0.000000,0.000000,0.000000,0.000000,0.000000,unchanged,False,False
order,,W2140,D90,5.314100,4,-0.008520,4.000000,2,2,4.000000,99.768300,75.768300,247.168300,1857,1827,102,102,81.082400,81.082400,0.000000,0.000000,0.000000,0.000000,0.000000,unchanged,False,False
order,,W2141,C10,0.971700,4,-0.008520,4.000000,2,2,4.000000,99.804200,75.804200,247.204200,1858,1828,95,95,76.775900,76.775900,0.000000,0.000000,0.000000,0.000000,0.000000,unchanged,False,False
order,,W2142,D30,1.327900,2,-0.008520,2.008520,1,2,8.000000,83.831600,75.831600,99.831600,1865,1835,472,472,77.435300,77.487900,0.000000,0.000000,0.000000,0.000000,0.000000,unchanged,False,False
order,,W2143,D20,4.723000,4,0.379003,3.620997,2,2,4.000000,99.887000,75.887000,247.287000,2211,1940,355,269,99.543900,84.396900,0.000000,0.000000,0.000000,0.000000,0.000000,promoted,False,False
order,,W2144,D90,9.117600,4,-0.008520,4.000000,2,2,4.000000,99.958500,75.958500,247.358500,1862,1831,103,103,85.076100,85.076100,0.000000,0.000000,0.000000,0.000000,0.000000,unchanged,False,False
order,,W2145,D50,0.387100,4,0.102437,3.897563,2,2,4.000000,100.004800,76.004800,247.404800,2057,1834,627,569,84.598400,76.526600,0.000000,0.000000,0.000000,0.000000,0.000000,promoted,False,False
order,,W2146,D50,1.348900,2,0.140509,1.859491,1,2,8.000000,84.019400,76.019400,100.019400,1864,1832,563,568,77.403700,77.378200,0.000000,0.000000,0.000000,0.000000,0.000000,promoted,False,False
order,,W2147,D50,0.875400,4,0.124237,3.875763,2,2,4.000000,100.084800,76.084800,247.484800,2110,1889,655,588,88.331900,78.758200,0.000000,0.000000,0.000000,0.000000,0.000000,promoted,False,False
order,,W2148,D30,1.723400,4,-0.008520,4.000000,2,2,4.000000,100.133100,76.133100,247.533100,2047,2031,536,536,85.452100,85.588800,0.000000,0.000000,0.000000,0.000000,0.000000,unchanged,False,False
order,,W2149,D50,1.877600,2,0.155182,1.844818,1,2,8.000000,84.168700,76.168700,100.168700,1866,1836,564,570,78.055200,78.075200,0.000000,0.000000,0.000000,0.000000,0.000000,promoted,False,False
order,,W215,C10,0.911300,4,-0.008520,4.000000,4,0,1.000000,179.229600,7.829600,179.229600,220,220,10,10,9.209300,9.209300,0.000000,0.000000,0.000000,0.000000,0.000000,unchanged,False,False
order,,W2150,D20,1.169800,2,-0.131233,2.131233,2,0,4.000000,100.208200,76.208200,100.208200,1872,1843,296,260,77.431500,77.536700,0.000000,0.000000,0.000000,0.000000,0.000000,demoted,True,False
order,,W2151,D50,1.929300,4,0.156469,3.843531,2,2,4.000000,100.255800,76.255800,247.655800,2194,1917,685,603,95.464400,80.992400,0.000000,0.000000,0.000000,0.000000,0.000000,promoted,False,False
order,,W2152,D30,3.711200,4,-0.008520,4.000000,3,1,2.000000,156.311200,76.311200,247.711200,2150,2151,568,568,93.573900,93.639400,0.000000,0.000000,0.000000,0.000000,0.000000,unchanged,False,False
order,,W2153,D30,4.985900,4,-0.008520,4.000000,3,1,2.000000,156.360600,76.360600,247.760600,2173,2177,578,578,96.769300,96.717000,0.000000,0.000000,0.000000,0.000000,0.000000,unchanged,False,False
order,,W2154,D40,0.626000,4,-0.008520,4.000000,2,2,4.000000,100.384800,76.384800,247.784800,1885,1863,113,113,77.467200,77.467200,0.000000,0.000000,0.000000,0.000000,0.000000,unchanged,False,False
order,,W2155,D30,0.931800,4,-0.008520,4.000000,2,2,4.000000,100.412600,76.412600,247.812600,1979,1958,509,509,81.182900,81.441300,0.000000,0.000000,0.000000,0.000000,0.000000,unchanged,False,False
order,,W2156,D50,4.734700,4,-0.427150,4.000000,3,1,2.000000,156.422900,76.422900,247.822900,2246,2244,712,711,104.621700,102.489900,0.000000,0.000000,0.000000,0.000000,0.000000,unchanged,False,False
order,,W2157,D30,1.989400,2,-0.008520,2.008520,1,2,8.000000,84.564800,76.564800,100.564800,1876,1857,478,480,78.599300,78.627000,0.000000,0.000000,0.000000,0.000000,0.000000,unchanged,False,False
order,,W2158,D20,2.142000,2,-0.164154,2.164154,2,0,4.000000,100.571300,76.571300,100.571300,1888,1882,297,263,79.151900,79.784200,0.000000,0.000000,0.000000,0.000000,0.000000,demoted,True,False
order,,W2159,C10,2.557400,1,-0.008520,1.008520,1,2,8.000000,84.595500,76.595500,84.595500,1875,1854,96,96,79.152900,79.152900,0.000000,0.000000,0.000000,0.000000,0.000000,unchanged,False,False
order,,W216,D50,1.406200,4,-0.008520,4.000000,4,0,1.000000,179.331200,7.931200,179.331200,219,219,72,72,9.691600,9.691600,0.000000,0.000000,0.000000,0.000000,0.000000,unchanged,False,False
order,,W2160,D50,3.259200,4,0.170305,3.829695,2,2,4.000000,100.602300,76.602300,248.002300,2235,1992,701,625,100.779000,85.264600,0.176700,0.000000,0.706800,0.000000,-0.706800,promoted,False,False
order,,W2161,D50,1.675100,2,0.149908,1.850092,1,2,8.000000,84.613800,76.613800,100.613800,1877,1856,567,580,78.320600,78.307400,0.000000,0.000000,0.000000,0.000000,0.000000,promoted,False,False
order,,W2162,D20,4.626800,4,0.379003,3.620997,2,2,4.000000,100.619500,76.619500,248.019500,2213,1943,356,270,99.574800,84.411000,0.000000,0.000000,0.000000,0.000000,0.000000,promoted,False,False
order,,W2163,D50,1.378700,4,0.141420,3.858580,2,2,4.000000,100.683400,76.683400,248.083400,2159,1945,674,610,91.938800,81.215400,0.000000,0.000000,0.000000,0.000000,0.000000,promoted,False,False
order,,W2164,C10,0.516900,2,-0.008520,2.008520,1,2,8.000000,84.713200,76.713200,100.713200,1879,1858,97,97,77.230100,77.230100,0.000000,0.000000,0.000000,0.000000,0.000000,unchanged,False,False
order,,W2165,D30,4.846300,4,-0.008520,4.000000,3,1,2.000000,156.720500,76.720500,248.120500,2167,2172,576,576,95.982300,96.120300,0.000000,0.000000,0.000000,0.000000,0.000000,unchanged,False,False
order,,W2166,D50,1.556300,4,0.146625,3.853375,2,2,4.000000,100.727900,76.727900,248.127900,2169,1962,677,615,92.842000,82.328000,0.000000,0.000000,0.000000,0.000000,0.000000,promoted,False,False
order,,W2167,C10,6.831600,1,-0.008520,1.008520,1,1,8.000000,84.748800,76.748800,84.748800,1882,1861,98,98,83.607500,83.607500,0.000000,0.000000,0.000000,0.000000,0.000000,unchanged,False,False
order,,W2168,C30,0.214800,4,-0.008520,4.000000,2,2,4.000000,100.784200,76.784200,248.184200,1883,1862,45,45,76.999000,76.999000,0.000000,0.000000,0.000000,0.000000,0.000000,unchanged,False,False
order,,W2169,D30,5.000400,2,-0.008520,2.008520,1,1,8.000000,84.812700,76.812700,100.812700,1886,1865,480,482,81.926100,81.948400,0.000000,0.000000,0.000000,0.000000,0.000000,unchanged,False,False
order,,W217,B20,1.805100,2,-0.008520,2.008520,3,-1,2.000000,87.966200,7.966200,31.966200,206,206,3,3,9.771300,9.771300,0.000000,0.000000,0.000000,0.000000,0.000000,unchanged,False,False
order,,W2170,D30,4.130500,4,-0.008520,4.000000,3,1,2.000000,157.000400,77.000400,248.400400,2163,2167,574,574,95.138800,95.073300,0.000000,0.000000,0.000000,0.000000,0.000000,unchanged,False,False
order,,W2171,D20,1.161300,4,-0.131384,4.000000,4,0,1.000000,248.452400,77.052400,248.452400,2175,2235,343,354,93.063200,97.813700,0.000000,0.000000,0.000000,0.000000,0.000000,unchanged,False,False
order,,W2172,C30,3.750500,2,-0.115317,2.115317,1,2,8.000000,85.053500,77.053500,101.053500,1889,1866,46,46,80.804000,80.804000,0.000000,0.000000,0.000000,0.000000,0.000000,demoted,True,False
order,,W2173,D50,1.265200,4,0.137886,3.862114,2,2,4.000000,101.071900,77.071900,248.471900,2157,1969,673,618,91.707900,82.369400,0.000000,0.000000,0.000000,0.000000,0.000000,promoted,False,False
order,,W2174,D50,0.534200,4,0.109722,3.890278,2,2,4.000000,101.132900,77.132900,248.532900,2091,1888,643,587,86.785200,78.359400,0.000000,0.000000,0.000000,0.000000,0.000000,promoted,False,False
order,,W2175,D50,1.015600,4,0.129448,3.870552,2,2,4.000000,101.134100,77.134100,248.534100,2139,1951,668,613,90.442700,81.124000,0.000000,0.000000,0.000000,0.000000,0.000000,promoted,False,False
order,,W2176,C10,1.169200,4,-0.008520,4.000000,2,2,4.000000,101.174500,77.174500,248.574500,1892,1867,99,99,78.399300,78.399300,0.000000,0.000000,0.000000,0.000000,0.000000,unchanged,False,False
order,,W2177,D30,3.297100,2,-0.008520,2.008520,1,1,8.000000,85.177400,77.177400,101.177400,1893,1868,482,483,80.551400,80.578100,0.000000,0.000000,0.000000,0.000000,0.000000,unchanged,False,False
order,,W2178,D50,0.628500,4,0.114034,3.885966,2,2,4.000000,101.186700,77.186700,248.586700,2098,1898,648,592,87.354100,78.937800,0.000000,0.000000,0.000000,0.000000,0.000000,promoted,False,False
order,,W2179,D50,0.504600,4,0.108314,3.891686,2,2,4.000000,101.221700,77.221700,248.621700,2086,1870,640,583,86.447800,77.882800,0.000000,0.000000,0.000000,0.000000,0.000000,promoted,False,False
order,,W218,D30,5.480500,2,-0.008520,2.008520,2,0,4.000000,31.968300,7.968300,31.968300,207,207,61,61,13.448800,13.448800,0.000000,0.000000,0.000000,0.000000,0.000000,unchanged,False,False
order,,W2180,D30,4.772100,4,-0.008520,4.000000,3,1,2.000000,157.239100,77.239100,248.639100,2168,2173,577,577,95.976000,96.063300,0.000000,0.000000,0.000000,0.000000,0.000000,unchanged,False,False
order,,W2181,C10,0.870600,4,-0.008520,4.000000,2,2,4.000000,101.268600,77.268600,248.668600,1963,1939,103,103,80.529800,80.529800,0.000000,0.000000,0.000000,0.000000,0.000000,unchanged,False,False
order,,W2182,D20,1.104000,2,-0.132420,2.132420,2,0,4.000000,101.277300,77.277300,101.277300,1901,1879,299,262,78.535500,78.640700,0.000000,0.000000,0.000000,0.000000,0.000000,demoted,True,False
order,,W2183,D50,2.423900,4,0.155107,3.844893,2,2,4.000000,101.288300,77.288300,248.688300,2225,2018,694,636,98.687300,85.402600,0.000000,0.000000,0.000000,0.000000,0.000000,promoted,False,False
order,,W2184,D40,1.595300,4,-0.008520,4.000000,2,2,4.000000,101.324800,77.324800,248.724800,1905,1878,115,115,79.121700,79.121700,0.000000,0.000000,0.000000,0.000000,0.000000,unchanged,False,False
order,,W2185,D30,1.122900,4,-0.008520,4.000000,2,2,4.000000,101.325200,77.325200,248.725200,1999,1981,518,518,82.475500,82.564200,0.000000,0.000000,0.000000,0.000000,0.000000,unchanged,False,False
order,,W2186,D50,3.069000,4,0.133711,3.866289,2,2,4.000000,101.335300,77.335300,248.735300,2237,2109,703,671,101.727300,90.791400,0.392000,0.000000,1.568000,0.000000,-1.568000,promoted,False,False
order,,W2187,D50,21.985200,4,0.075116,3.924884,3,1,2.000000,157.343400,77.343400,248.743400,2253,2253,719,719,123.879700,123.746100,0.000000,0.000000,0.000000,0.000000,0.000000,promoted,False,False
order,,W2188,D30,4.902200,4,-0.008520,4.000000,3,1,2.000000,157.363700,77.363700,248.763700,2179,2183,579,579,96.965700,96.962000,0.000000,0.000000,0.000000,0.000000,0.000000,unchanged,False,False
order,,W2189,D90,7.628900,4,-0.008520,4.000000,2,2,4.000000,101.395600,77.395600,248.795600,1898,1872,104,104,85.024500,85.024500,0.000000,0.000000,0.000000,0.000000,0.000000,unchanged,False,False
order,,W219,D30,2.436600,4,-0.008520,4.000000,4,0,1.000000,179.380000,7.980000,179.380000,208,208,62,62,10.416600,10.416600,0.000000,0.000000,0.000000,0.000000,0.000000,unchanged,False,False
order,,W2190,D50,2.516900,4,0.151785,3.848215,2,2,4.000000,101.413100,77.413100,248.813100,2226,2037,695,646,98.856900,86.611900,0.000000,0.000000,0.000000,0.000000,0.000000,promoted,False,False
order,,W2191,D50,3.498500,4,0.272214,3.727786,2,2,4.000000,101.423500,77.423500,248.823500,2242,1886,708,585,102.623500,81.277200,1.200000,0.000000,4.800000,0.000000,-4.800000,promoted,False,False
order,,W2192,D40,19.266900,4,-0.492815,4.000000,2,2,4.000000,101.434200,77.434200,248.834200,1913,1885,116,116,97.008600,97.008600,0.000000,0.000000,0.000000,0.000000,0.000000,unchanged,False,False
order,,W2193,D40,0.059200,4,-0.008520,4.000000,2,2,4.000000,101.434400,77.434400,248.834400,1903,1875,114,114,77.526400,77.526400,0.000000,0.000000,0.000000,0.000000,0.000000,unchanged,False,False
order,,W2194,C10,0.506300,4,-0.008520,4.000000,2,2,4.000000,101.468300,77.468300,248.868300,1949,1921,102,102,79.659200,79.659200,0.000000,0.000000,0.000000,0.000000,0.000000,unchanged,False,False
order,,W2195,C10,0.728100,2,-0.008520,2.008520,1,2,8.000000,85.491100,77.491100,101.491100,1928,1901,100,100,79.127400,79.127400,0.000000,0.000000,0.000000,0.000000,0.000000,unchanged,False,False
order,,W2196,D30,5.613600,4,-0.008520,4.000000,3,1,2.000000,157.542000,77.542000,248.942000,2187,2194,583,583,98.578000,98.629200,0.000000,0.000000,0.000000,0.000000,0.000000,unchanged,False,False
order,,W2197,C10,1.140500,2,-0.008520,2.008520,1,2,8.000000,85.556900,77.556900,101.556900,1947,1919,101,101,80.267900,80.267900,0.000000,0.000000,0.000000,0.000000,0.000000,unchanged,False,False
order,,W2198,D50,2.548300,4,0.150684,3.849316,2,2,4.000000,101.586400,77.586400,248.986400,2233,2059,699,654,99.887000,87.812900,0.000000,0.000000,0.000000,0.000000,0.000000,promoted,False,False
order,,W2199,D20,2.215700,2,-0.167254,2.167254,2,0,4.000000,101.620200,77.620200,101.620200,1931,1907,301,265,80.751200,80.856400,0.000000,0.000000,0.000000,0.000000,0.000000,demoted,True,False
order,,W22,D30,25.346500,4,-0.504812,4.000000,4,-1,1.000000,172.071800,0.671800,172.071800,23,23,6,6,26.018300,26.018300,0.000000,0.000000,0.000000,0.000000,0.000000,unchanged,False,False
order,,W220,D20,1.750800,4,-0.137799,4.000000,4,-1,1.000000,179.400600,8.000600,179.400600,209,209,38,38,9.751400,9.751400,0.000000,0.000000,0.000000,0.000000,0.000000,unchanged,False,False
order,,W2200,D50,1.289400,2,0.138654,1.861346,1,2,8.000000,85.676900,77.676900,101.676900,1915,1883,578,584,79.119700,78.997300,0.000000,0.000000,0.000000,0.000000,0.000000,promoted,False,False
order,,W2201,D50,3.091400,4,0.133030,3.866970,2,2,4.000000,101.828200,77.828200,249.228200,2239,2115,705,674,101.894500,91.084400,0.066300,0.000000,0.265200,0.000000,-0.265200,promoted,False,False
order,,W2202,D30,6.277800,4,-0.008520,4.000000,3,1,2.000000,157.839600,77.839600,249.239600,2197,2201,586,586,99.944100,99.917200,0.000000,0.000000,0.000000,0.000000,0.000000,unchanged,False,False
order,,W2203,E10,5.452100,4,0.503439,3.496561,2,2,4.000000,101.936200,77.936200,249.336200,2052,1989,71,69,89.532800,87.239100,0.000000,0.000000,0.000000,0.000000,0.000000,promoted,False,False
order,,W2204,D30,1.343300,4,-0.008520,4.000000,2,2,4.000000,101.957600,77.957600,249.357600,2030,2013,529,529,84.175700,84.238700,0.000000,0.000000,0.000000,0.000000,0.000000,unchanged,False,False
order,,W2205,D20,1.300100,2,-0.128985,2.128985,2,0,4.000000,101.958800,77.958800,101.958800,1917,1896,300,264,79.262000,79.580900,0.000000,0.000000,0.000000,0.000000,0.000000,demoted,True,False
order,,W2206,D30,2.695000,4,-0.008520,4.000000,3,1,2.000000,157.978800,77.978800,249.378800,2125,2121,559,559,91.008300,90.942800,0.000000,0.000000,0.000000,0.000000,0.000000,unchanged,False,False
order,,W2207,D50,10.853700,4,-0.619164,4.000000,3,1,2.000000,157.982600,77.982600,249.382600,2252,2252,718,718,112.673900,112.472300,0.000000,0.000000,0.000000,0.000000,0.000000,unchanged,False,False
order,,W2208,D50,4.173900,4,0.130180,3.869820,2,2,4.000000,101.992900,77.992900,249.392900,2245,2175,711,690,103.869800,95.855200,1.876900,0.000000,7.507600,0.000000,-7.507600,promoted,False,False
order,,W2209,E10,5.521700,2,0.514491,1.485509,1,2,8.000000,86.006200,78.006200,102.006200,1994,1973,68,68,86.696800,86.696800,0.690600,0.690600,5.524800,5.524800,0.000000,promoted,False,False
order,,W221,D30,10.993500,4,-0.008520,4.000000,4,-1,1.000000,179.415000,8.015000,179.415000,210,210,63,63,19.008500,19.008500,0.000000,0.000000,0.000000,0.000000,0.000000,unchanged,False,False
order,,W2210,D30,2.625600,4,-0.008520,4.000000,3,1,2.000000,158.049900,78.049900,249.449900,2123,2117,558,558,90.843800,90.705800,0.000000,0.000000,0.000000,0.000000,0.000000,unchanged,False,False
order,,W2211,D30,11.378600,4,-0.008520,4.000000,3,1,2.000000,158.066800,78.066800,249.466800,2212,2218,593,593,106.272900,105.982700,0.000000,0.000000,0.000000,0.000000,0.000000,unchanged,False,False
order,,W2212,E10,1.736700,4,0.016172,3.983828,2,2,4.000000,102.144200,78.144200,249.544200,2051,2070,70,71,85.810300,87.373900,0.000000,0.000000,0.000000,0.000000,0.000000,unchanged,False,False
order,,W2213,D30,12.837800,4,-0.008520,4.000000,3,1,2.000000,158.154000,78.154000,249.554000,2216,2223,595,595,108.139500,108.321300,0.000000,0.000000,0.000000,0.000000,0.000000,unchanged,False,False
order,,W2214,E10,1.695400,4,0.020108,3.979892,2,2,4.000000,102.173300,78.173300,249.573300,2021,2035,69,70,84.080700,85.637200,0.000000,0.000000,0.000000,0.000000,0.000000,unchanged,False,False
order,,W2215,D30,1.648900,4,-0.008520,4.000000,2,2,4.000000,102.193400,78.193400,249.593400,2050,2036,538,538,85.662900,85.668100,0.000000,0.000000,0.000000,0.000000,0.000000,unchanged,False,False
order,,W2216,D20,2.089100,4,-0.161883,4.000000,4,0,1.000000,249.639000,78.239000,249.639000,2190,2242,350,357,95.152300,99.612700,0.000000,0.000000,0.000000,0.000000,0.000000,unchanged,False,False
order,,W2217,D50,0.893300,2,0.124924,1.875076,1,2,8.000000,86.253100,78.253100,102.253100,1926,1897,583,591,79.213900,79.200700,0.000000,0.000000,0.000000,0.000000,0.000000,promoted,False,False
order,,W2218,D20,1.814300,4,-0.149426,4.000000,4,0,1.000000,249.666600,78.266600,249.666600,2188,2238,349,356,94.793700,98.725300,0.000000,0.000000,0.000000,0.000000,0.000000,unchanged,False,False
order,,W2219,D50,0.273400,4,0.096255,3.903745,2,2,4.000000,102.311100,78.311100,249.711100,2062,1899,629,593,84.859200,78.597300,0.000000,0.000000,0.000000,0.000000,0.000000,promoted,False,False
order,,W222,D30,4.068100,4,-0.008520,4.000000,4,0,1.000000,179.500100,8.100100,179.500100,213,213,64,64,12.168200,12.168200,0.000000,0.000000,0.000000,0.000000,0.000000,unchanged,False,False
order,,W2220,D50,2.500900,4,0.152351,3.847649,2,2,4.000000,102.319600,78.319600,249.719600,2234,2071,700,658,99.977300,88.153200,0.000000,0.000000,0.000000,0.000000,0.000000,promoted,False,False
order,,W2221,D50,2.254100,4,0.161412,3.838588,2,2,4.000000,102.351100,78.351100,249.751100,2228,2022,696,638,98.803100,85.538900,0.000000,0.000000,0.000000,0.000000,0.000000,promoted,False,False
order,,W2222,D40,1.220000,4,-0.008520,4.000000,2,2,4.000000,102.372000,78.372000,249.772000,1934,1908,117,117,79.901700,79.901700,0.000000,0.000000,0.000000,0.000000,0.000000,unchanged,False,False
order,,W2223,D20,4.222400,4,0.379003,3.620997,2,2,4.000000,102.385600,78.385600,249.785600,2215,1975,357,276,99.374700,85.446600,0.000000,0.000000,0.000000,0.000000,0.000000,promoted,False,False
order,,W2224,D30,2.536200,4,-0.008520,4.000000,3,1,2.000000,158.574700,78.574700,249.974700,2118,2110,557,557,90.549100,90.273800,0.000000,0.000000,0.000000,0.000000,0.000000,unchanged,False,False
order,,W2225,D50,0.649700,4,0.114969,3.885031,2,2,4.000000,102.615300,78.615300,250.015300,2116,1965,658,617,88.569700,81.642100,0.000000,0.000000,0.000000,0.000000,0.000000,promoted,False,False
order,,W2226,D30,1.461400,2,-0.008520,2.008520,1,2,8.000000,86.674700,78.674700,102.674700,1937,1912,495,494,80.251100,80.460900,0.000000,0.000000,0.000000,0.000000,0.000000,unchanged,False,False
order,,W2227,D50,2.739000,4,0.144195,3.855805,2,2,4.000000,102.723400,78.723400,250.123400,2238,2102,704,668,101.426300,90.116600,0.000000,0.000000,0.000000,0.000000,0.000000,promoted,False,False
order,,W2228,C10,1.988800,4,-0.008520,4.000000,2,2,4.000000,102.949900,78.949900,250.349900,1980,1954,104,104,82.256700,82.256700,0.000000,0.000000,0.000000,0.000000,0.000000,unchanged,False,False
order,,W2229,D50,1.535600,4,0.146037,3.853963,2,2,4.000000,102.979200,78.979200,250.379200,2207,2021,688,637,95.873900,84.739000,0.000000,0.000000,0.000000,0.000000,0.000000,promoted,False,False
order,,W223,D30,5.855400,4,-0.008520,4.000000,4,0,1.000000,179.565200,8.165200,179.565200,216,216,65,65,14.020600,14.020600,0.000000,0.000000,0.000000,0.000000,0.000000,unchanged,False,False
order,,W2230,D20,0.537800,2,-0.144507,2.144507,2,0,4.000000,103.029900,79.029900,103.029900,1948,1920,303,266,79.689700,79.673900,0.000000,0.000000,0.000000,0.000000,0.000000,demoted,True,False
order,,W2231,D50,2.088500,4,0.160294,3.839706,2,2,4.000000,103.085600,79.085600,250.485600,2230,2029,697,643,98.903600,85.827600,0.000000,0.000000,0.000000,0.000000,0.000000,promoted,False,False
order,,W2232,D50,5.238800,4,-0.449430,4.000000,3,1,2.000000,159.135300,79.135300,250.535300,2247,2246,713,712,105.216100,103.575800,0.000000,0.000000,0.000000,0.000000,0.000000,unchanged,False,False
order,,W2233,D50,3.331200,4,0.201557,3.798443,2,2,4.000000,103.197900,79.197900,250.597900,2244,1977,710,621,102.963300,84.608400,0.000000,0.000000,0.000000,0.000000,0.000000,promoted,False,False
order,,W2234,D50,2.499300,4,0.152407,3.847593,2,2,4.000000,103.216300,79.216300,250.616300,2236,2088,702,664,100.989800,89.095900,0.000000,0.000000,0.000000,0.000000,0.000000,promoted,False,False
order,,W2235,D50,0.866300,4,0.123885,3.876115,2,2,4.000000,103.342000,79.342000,250.742000,2154,2004,672,630,91.112700,83.284800,0.000000,0.000000,0.000000,0.000000,0.000000,promoted,False,False
order,,W2236,D30,37.735100,4,-1.338468,4.000000,3,1,2.000000,159.344400,79.344400,250.744400,2231,2239,602,602,134.700800,134.697100,0.000000,0.000000,0.000000,0.000000,0.000000,unchanged,False,False
order,,W2237,D50,2.574500,2,0.149772,1.850228,1,2,8.000000,87.371100,79.371100,103.371100,1957,1929,596,607,82.093600,81.983400,0.000000,0.000000,0.000000,0.000000,0.000000,promoted,False,False
order,,W2238,D50,2.028700,4,0.158881,3.841119,2,2,4.000000,103.403900,79.403900,250.803900,2232,2038,698,647,99.125000,86.173900,0.000000,0.000000,0.000000,0.000000,0.000000,promoted,False,False
order,,W2239,D20,2.498000,4,-0.209975,4.000000,4,0,1.000000,250.825200,79.425200,250.825200,2200,2245,353,358,96.300900,100.311700,0.000000,0.000000,0.000000,0.000000,0.000000,unchanged,False,False
order,,W224,D20,5.984800,4,0.379003,3.620997,2,2,4.000000,32.180200,8.180200,179.580200,217,217,39,39,14.165000,14.165000,0.000000,0.000000,0.000000,0.000000,0.000000,promoted,False,False
order,,W2240,D50,2.916600,4,0.138442,3.861558,2,2,4.000000,103.435300,79.435300,250.835300,2241,2135,707,679,101.820200,92.066500,0.000000,0.000000,0.000000,0.000000,0.000000,promoted,False,False
order,,W2241,D90,3.635700,4,-0.008520,4.000000,2,2,4.000000,103.449300,79.449300,250.849300,1954,1931,105,105,83.085000,83.085000,0.000000,0.000000,0.000000,0.000000,0.000000,unchanged,False,False
order,,W2242,D20,1.043600,4,-0.133543,4.000000,4,0,1.000000,250.924500,79.524500,250.924500,2181,2237,347,355,93.727400,97.836100,0.000000,0.000000,0.000000,0.000000,0.000000,unchanged,False,False
order,,W2243,D90,1.383800,4,-0.008520,4.000000,2,2,4.000000,103.555900,79.555900,250.955900,1958,1933,106,106,80.939700,80.939700,0.000000,0.000000,0.000000,0.000000,0.000000,unchanged,False,False
order,,W2244,D30,3.122700,4,-0.008520,4.000000,3,1,2.000000,159.572300,79.572300,250.972300,2148,2146,566,566,92.911900,92.906000,0.000000,0.000000,0.000000,0.000000,0.000000,unchanged,False,False
order,,W2245,C10,3.982900,4,-0.008520,4.000000,3,1,2.000000,159.605900,79.605900,251.005900,2018,1997,106,106,86.239600,86.239600,0.000000,0.000000,0.000000,0.000000,0.000000,unchanged,False,False
order,,W2246,C10,2.519600,4,-0.008520,4.000000,2,2,4.000000,103.637300,79.637300,251.037300,1985,1959,105,105,83.049400,83.049400,0.000000,0.000000,0.000000,0.000000,0.000000,unchanged,False,False
order,,W2247,D30,3.121100,4,-0.008520,4.000000,3,1,2.000000,159.675200,79.675200,251.075200,2149,2150,567,567,92.964400,93.006100,0.000000,0.000000,0.000000,0.000000,0.000000,unchanged,False,False
order,,W2248,D40,0.646600,4,-0.008520,4.000000,2,2,4.000000,103.808500,79.808500,251.208500,1970,1944,118,118,80.455100,80.455100,0.000000,0.000000,0.000000,0.000000,0.000000,unchanged,False,False
order,,W2249,D50,2.202800,1,0.162921,1.000000,1,2,8.000000,87.875000,79.875000,87.875000,1976,1948,602,611,82.304800,82.271700,0.000000,0.000000,0.000000,0.000000,0.000000,unchanged,False,False
order,,W225,D20,0.521000,4,-0.008520,4.000000,4,-1,1.000000,179.595900,8.195900,179.595900,218,218,40,40,8.716900,8.716900,0.000000,0.000000,0.000000,0.000000,0.000000,unchanged,False,False
order,,W2250,D10,0.906900,2,-0.008520,2.008520,1,2,8.000000,87.938800,79.938800,103.938800,1974,1946,28,28,80.845700,80.845700,0.000000,0.000000,0.000000,0.000000,0.000000,unchanged,False,False
order,,W2251,D30,3.479100,4,-0.008520,4.000000,3,1,2.000000,159.961700,79.961700,251.361700,2161,2162,572,572,94.269900,94.184900,0.000000,0.000000,0.000000,0.000000,0.000000,unchanged,False,False
order,,W2252,D50,1.645900,4,0.149115,3.850885,2,2,4.000000,103.980500,79.980500,251.380500,2222,2053,693,651,97.519800,86.583600,0.000000,0.000000,0.000000,0.000000,0.000000,promoted,False,False
order,,W226,D90,1.432100,4,-0.008520,4.000000,2,2,4.000000,32.309300,8.309300,179.709300,221,221,8,8,9.741400,9.741400,0.000000,0.000000,0.000000,0.000000,0.000000,unchanged,False,False
order,,W227,D40,3.000600,4,-0.008520,4.000000,3,1,2.000000,88.330300,8.330300,179.730300,222,222,5,5,11.330900,11.330900,0.000000,0.000000,0.000000,0.000000,0.000000,unchanged,False,False
order,,W228,D50,7.058100,4,-0.034136,4.000000,4,-1,1.000000,179.741400,8.341400,179.741400,417,417,132,132,23.558600,23.558600,0.000000,0.000000,0.000000,0.000000,0.000000,unchanged,False,False
order,,W229,D30,2.999700,2,-0.008520,2.008520,2,0,4.000000,32.382700,8.382700,32.382700,223,223,66,66,11.382400,11.382400,0.000000,0.000000,0.000000,0.000000,0.000000,unchanged,False,False
order,,W23,D30,3.366600,4,-0.008520,4.000000,4,0,1.000000,172.094900,0.694900,172.094900,24,24,7,7,4.061500,4.061500,0.000000,0.000000,0.000000,0.000000,0.000000,unchanged,False,False
order,,W230,D90,1.652500,4,-0.008520,4.000000,2,2,4.000000,32.418900,8.418900,179.818900,224,224,9,9,10.071400,10.071400,0.000000,0.000000,0.000000,0.000000,0.000000,unchanged,False,False
order,,W231,E10,9.150500,4,-0.014948,4.000000,4,0,1.000000,179.838900,8.438900,179.838900,225,225,7,7,17.589400,17.589400,0.000000,0.000000,0.000000,0.000000,0.000000,unchanged,False,False
order,,W232,B20,2.841700,4,-0.008520,4.000000,4,-1,1.000000,179.877700,8.477700,179.877700,257,257,4,4,12.613000,12.613000,0.000000,0.000000,0.000000,0.000000,0.000000,unchanged,False,False
order,,W233,D90,0.801100,4,-0.008520,4.000000,2,2,4.000000,32.494100,8.494100,179.894100,226,226,10,10,9.295200,9.295200,0.000000,0.000000,0.000000,0.000000,0.000000,unchanged,False,False
order,,W234,D50,4.919500,4,-0.087380,4.000000,4,-1,1.000000,179.945800,8.545800,179.945800,350,350,113,113,18.548500,18.548500,0.000000,0.000000,0.000000,0.000000,0.000000,unchanged,False,False
order,,W235,D30,0.451500,4,-0.008520,4.000000,4,0,1.000000,180.006200,8.606200,180.006200,227,227,67,67,9.057700,9.057700,0.000000,0.000000,0.000000,0.000000,0.000000,unchanged,False,False
order,,W236,D50,1.119200,4,-0.008520,4.000000,4,-1,1.000000,180.034000,8.634000,180.034000,230,230,73,73,9.827700,9.827700,0.000000,0.000000,0.000000,0.000000,0.000000,unchanged,False,False
order,,W237,D20,3.450100,4,-0.348956,4.000000,4,-2,1.000000,180.046400,8.646400,180.046400,228,228,41,41,12.096500,12.096500,0.000000,0.000000,0.000000,0.000000,0.000000,unchanged,False,False
order,,W238,E10,5.461400,4,-0.008520,4.000000,3,1,2.000000,88.690600,8.690600,180.090600,229,229,8,8,14.152000,14.152000,0.000000,0.000000,0.000000,0.000000,0.000000,unchanged,False,False
order,,W239,D50,2.129100,4,-0.008520,4.000000,4,-1,1.000000,180.125700,8.725700,180.125700,234,234,76,76,11.024500,11.024500,0.000000,0.000000,0.000000,0.000000,0.000000,unchanged,False,False
order,,W24,D20,0.710100,4,-0.138156,4.000000,4,-1,1.000000,172.109300,0.709300,172.109300,25,25,9,9,1.419400,1.419400,0.000000,0.000000,0.000000,0.000000,0.000000,unchanged,False,False
order,,W240,D50,3.139000,4,-0.008520,4.000000,4,-1,1.000000,180.134400,8.734400,180.134400,256,256,85,85,12.904000,12.904000,0.000000,0.000000,0.000000,0.000000,0.000000,unchanged,False,False
order,,W241,E10,4.159800,4,-0.008520,4.000000,3,1,2.000000,88.893500,8.893500,180.293500,233,233,9,9,13.053300,13.053300,0.000000,0.000000,0.000000,0.000000,0.000000,unchanged,False,False
order,,W242,D40,0.082000,4,-0.008520,4.000000,3,1,2.000000,88.918600,8.918600,180.318600,235,235,6,6,9.000600,9.000600,0.000000,0.000000,0.000000,0.000000,0.000000,unchanged,False,False
order,,W243,D50,0.208500,4,-0.008520,4.000000,4,-1,1.000000,180.332400,8.932400,180.332400,237,237,77,77,9.230500,9.230500,0.000000,0.000000,0.000000,0.000000,0.000000,unchanged,False,False
order,,W244,D30,3.356300,4,-0.008520,4.000000,4,0,1.000000,180.382500,8.982500,180.382500,236,236,68,68,12.338800,12.338800,0.000000,0.000000,0.000000,0.000000,0.000000,unchanged,False,False
order,,W245,D50,0.522800,4,-0.008520,4.000000,4,-1,1.000000,180.389300,8.989300,180.389300,239,239,78,78,9.600600,9.600600,0.000000,0.000000,0.000000,0.000000,0.000000,unchanged,False,False
order,,W246,D30,1.405400,2,-0.008520,2.008520,2,0,4.000000,33.048300,9.048300,33.048300,238,238,69,69,10.453700,10.453700,0.000000,0.000000,0.000000,0.000000,0.000000,unchanged,False,False
order,,W247,C10,0.609900,4,-0.008520,4.000000,4,0,1.000000,180.513400,9.113400,180.513400,240,240,11,11,9.723300,9.723300,0.000000,0.000000,0.000000,0.000000,0.000000,unchanged,False,False
order,,W248,C10,15.152900,2,-0.008520,2.008520,3,-1,2.000000,89.123900,9.123900,33.123900,241,241,12,12,24.276800,24.276800,0.000000,0.000000,0.000000,0.000000,0.000000,unchanged,False,False
order,,W249,D30,6.962200,4,-0.008520,4.000000,4,0,1.000000,180.556900,9.156900,180.556900,242,242,70,70,16.119100,16.119100,0.000000,0.000000,0.000000,0.000000,0.000000,unchanged,False,False
order,,W25,D50,0.807400,4,-0.008520,4.000000,4,0,1.000000,172.117900,0.717900,172.117900,26,26,7,7,1.525300,1.525300,0.000000,0.000000,0.000000,0.000000,0.000000,unchanged,False,False
order,,W250,D50,7.270000,2,-0.033002,2.033002,3,-1,2.000000,89.182800,9.182800,33.182800,243,243,79,79,16.500500,16.500500,0.000000,0.000000,0.000000,0.000000,0.000000,unchanged,False,False
order,,W251,D50,0.458800,4,-0.008520,4.000000,4,-1,1.000000,180.600700,9.200700,180.600700,246,246,80,80,9.759600,9.759600,0.000000,0.000000,0.000000,0.000000,0.000000,unchanged,False,False
order,,W252,D30,10.439400,4,-0.008520,4.000000,4,-1,1.000000,180.634000,9.234000,180.634000,244,244,71,71,19.673400,19.673400,0.000000,0.000000,0.000000,0.000000,0.000000,unchanged,False,False
order,,W253,D40,1.560800,4,-0.008520,4.000000,3,1,2.000000,89.242300,9.242300,180.642300,245,245,7,7,10.803100,10.803100,0.000000,0.000000,0.000000,0.000000,0.000000,unchanged,False,False
order,,W254,D50,0.209100,4,-0.008520,4.000000,4,-1,1.000000,180.722300,9.322300,180.722300,253,253,82,82,9.809700,9.809700,0.000000,0.000000,0.000000,0.000000,0.000000,unchanged,False,False
order,,W255,D20,1.245900,4,-0.133635,4.000000,4,-1,1.000000,180.747500,9.347500,180.747500,247,247,42,42,10.593400,10.593400,0.000000,0.000000,0.000000,0.000000,0.000000,unchanged,False,False
order,,W256,D30,5.073700,4,-0.008520,4.000000,4,0,1.000000,180.758700,9.358700,180.758700,248,248,72,72,14.432400,14.432400,0.000000,0.000000,0.000000,0.000000,0.000000,unchanged,False,False
order,,W257,D20,11.221800,4,0.279592,3.720408,2,2,4.000000,33.400700,9.400700,180.800700,249,249,43,43,20.622500,20.622500,0.000000,0.000000,0.000000,0.000000,0.000000,promoted,False,False
order,,W258,D30,1.953200,4,-0.008520,4.000000,4,0,1.000000,180.802800,9.402800,180.802800,270,270,77,77,12.369800,12.369800,0.000000,0.000000,0.000000,0.000000,0.000000,unchanged,False,False
order,,W259,D30,7.650300,4,-0.008520,4.000000,4,0,1.000000,180.807700,9.407700,180.807700,294,294,82,82,19.019600,19.019600,0.000000,0.000000,0.000000,0.000000,0.000000,unchanged,False,False
order,,W26,D20,1.198000,4,-0.128343,4.000000,4,-1,1.000000,172.226200,0.826200,172.226200,27,27,10,10,2.024200,2.024200,0.000000,0.000000,0.000000,0.000000,0.000000,unchanged,False,False
order,,W260,D30,1.664500,4,-0.008520,4.000000,4,0,1.000000,180.817900,9.417900,180.817900,262,262,74,74,11.595100,11.595100,0.000000,0.000000,0.000000,0.000000,0.000000,unchanged,False,False
order,,W261,D30,4.372800,2,-0.008520,2.008520,2,0,4.000000,33.422200,9.422200,33.422200,250,250,73,73,13.841100,13.841100,0.000000,0.000000,0.000000,0.000000,0.000000,unchanged,False,False
order,,W262,D50,2.710100,2,-0.008520,2.008520,3,-1,2.000000,89.457700,9.457700,33.457700,251,251,81,81,12.264700,12.264700,0.000000,0.000000,0.000000,0.000000,0.000000,unchanged,False,False
order,,W263,D30,3.702800,4,-0.008520,4.000000,4,0,1.000000,180.925300,9.525300,180.925300,271,271,78,78,14.156500,14.156500,0.000000,0.000000,0.000000,0.000000,0.000000,unchanged,False,False
order,,W264,D50,0.376400,4,-0.008520,4.000000,4,-1,1.000000,180.968200,9.568200,180.968200,254,254,83,83,10.068000,10.068000,0.000000,0.000000,0.000000,0.000000,0.000000,unchanged,False,False
order,,W265,D20,2.509400,4,-0.297199,4.000000,4,-2,1.000000,180.975700,9.575700,180.975700,252,252,44,44,12.085100,12.085100,0.000000,0.000000,0.000000,0.000000,0.000000,unchanged,False,False
order,,W266,D50,4.089200,4,-0.008520,4.000000,4,-1,1.000000,181.059600,9.659600,181.059600,351,351,114,114,17.791100,17.791100,0.000000,0.000000,0.000000,0.000000,0.000000,unchanged,False,False
order,,W267,D50,1.767800,4,-0.008520,4.000000,4,-1,1.000000,181.196200,9.796200,181.196200,258,258,86,86,11.577500,11.577500,0.000000,0.000000,0.000000,0.000000,0.000000,unchanged,False,False
order,,W268,D50,2.578300,4,-0.008520,4.000000,4,-1,1.000000,181.206600,9.806600,181.206600,259,259,87,87,12.406000,12.406000,0.000000,0.000000,0.000000,0.000000,0.000000,unchanged,False,False
order,,W269,D50,3.286300,4,-0.008520,4.000000,4,-1,1.000000,181.245200,9.845200,181.245200,337,337,110,110,16.417300,16.417300,0.000000,0.000000,0.000000,0.000000,0.000000,unchanged,False,False
order,,W27,D30,7.972700,4,-0.008520,4.000000,4,0,1.000000,172.257500,0.857500,172.257500,28,28,8,8,8.830200,8.830200,0.000000,0.000000,0.000000,0.000000,0.000000,unchanged,False,False
order,,W270,D20,1.805000,2,-0.146388,2.146388,3,-1,2.000000,89.854700,9.854700,33.854700,260,260,45,45,11.659700,11.659700,0.000000,0.000000,0.000000,0.000000,0.000000,demoted,False,False
order,,W271,D50,1.945100,4,-0.008520,4.000000,4,-1,1.000000,181.273300,9.873300,181.273300,261,261,88,88,11.855500,11.855500,0.000000,0.000000,0.000000,0.000000,0.000000,unchanged,False,False
order,,W272,C10,0.872400,4,-0.008520,4.000000,4,0,1.000000,181.331600,9.931600,181.331600,263,263,13,13,10.804000,10.804000,0.000000,0.000000,0.000000,0.000000,0.000000,unchanged,False,False
order,,W273,D30,1.697900,4,-0.008520,4.000000,4,0,1.000000,181.392100,9.992100,181.392100,269,269,76,76,12.113200,12.113200,0.000000,0.000000,0.000000,0.000000,0.000000,unchanged,False,False
order,,W274,D30,0.490300,2,-0.008520,2.008520,2,0,4.000000,34.034300,10.034300,34.034300,266,266,75,75,10.714900,10.714900,0.000000,0.000000,0.000000,0.000000,0.000000,unchanged,False,False
order,,W275,D50,8.015500,4,-0.029232,4.000000,4,-1,1.000000,181.463700,10.063700,181.463700,454,454,146,146,25.872500,25.872500,0.000000,0.000000,0.000000,0.000000,0.000000,unchanged,False,False
order,,W276,D50,0.765600,4,-0.008520,4.000000,4,-1,1.000000,181.552500,10.152500,181.552500,268,268,91,91,11.114500,11.114500,0.000000,0.000000,0.000000,0.000000,0.000000,unchanged,False,False
order,,W277,D20,1.142600,4,-0.134205,4.000000,4,-1,1.000000,181.654800,10.254800,181.654800,267,267,46,46,11.397400,11.397400,0.000000,0.000000,0.000000,0.000000,0.000000,unchanged,False,False
order,,W278,D50,1.181500,4,-0.008520,4.000000,4,-1,1.000000,181.727700,10.327700,181.727700,287,287,94,94,12.296000,12.296000,0.000000,0.000000,0.000000,0.000000,0.000000,unchanged,False,False
order,,W279,D30,21.947600,4,-0.008520,4.000000,4,-1,1.000000,181.738800,10.338800,181.738800,380,380,109,109,36.873500,36.873500,0.000000,0.000000,0.000000,0.000000,0.000000,unchanged,False,False
order,,W28,D30,1.134900,4,-0.008520,4.000000,4,0,1.000000,172.342700,0.942700,172.342700,29,29,9,9,2.077600,2.077600,0.000000,0.000000,0.000000,0.000000,0.000000,unchanged,False,False
order,,W280,D50,1.677100,4,-0.008520,4.000000,4,-1,1.000000,181.875800,10.475800,181.875800,296,296,95,95,13.131000,13.131000,0.000000,0.000000,0.000000,0.000000,0.000000,unchanged,False,False
order,,W281,D30,10.104300,4,-0.008520,4.000000,4,-1,1.000000,181.878200,10.478200,181.878200,295,295,83,83,21.486700,21.486700,0.000000,0.000000,0.000000,0.000000,0.000000,unchanged,False,False
order,,W282,D50,3.256700,4,-0.008520,4.000000,4,-1,1.000000,181.929600,10.529600,181.929600,348,348,112,112,16.849400,16.849400,0.000000,0.000000,0.000000,0.000000,0.000000,unchanged,False,False
order,,W283,C10,2.667600,4,-0.008520,4.000000,4,0,1.000000,181.931700,10.531700,181.931700,272,272,14,14,13.199300,13.199300,0.000000,0.000000,0.000000,0.000000,0.000000,unchanged,False,False
order,,W284,D90,3.567700,4,-0.008520,4.000000,2,2,4.000000,34.543200,10.543200,181.943200,273,273,11,11,14.110900,14.110900,0.000000,0.000000,0.000000,0.000000,0.000000,unchanged,False,False
order,,W285,D50,0.534000,2,-0.008520,2.008520,3,-1,2.000000,90.570500,10.570500,34.570500,283,283,92,92,11.453900,11.453900,0.000000,0.000000,0.000000,0.000000,0.000000,unchanged,False,False
order,,W286,D30,2.256200,4,-0.008520,4.000000,4,0,1.000000,182.001400,10.601400,182.001400,277,277,79,79,12.971100,12.971100,0.000000,0.000000,0.000000,0.000000,0.000000,unchanged,False,False
order,,W287,D90,2.003400,4,-0.008520,4.000000,2,2,4.000000,34.611100,10.611100,182.011100,274,274,12,12,12.614500,12.614500,0.000000,0.000000,0.000000,0.000000,0.000000,unchanged,False,False
order,,W288,MISC,1.063400,2,-0.008520,2.008520,1,2,8.000000,18.653300,10.653300,34.653300,275,275,4,4,11.716700,11.716700,0.000000,0.000000,0.000000,0.000000,0.000000,unchanged,False,False
order,,W289,D20,2.101900,4,-0.174745,4.000000,4,-2,1.000000,182.099100,10.699100,182.099100,276,276,47,47,12.801000,12.801000,0.000000,0.000000,0.000000,0.000000,0.000000,unchanged,False,False
order,,W29,E20,0.594100,4,-0.008520,4.000000,4,0,1.000000,172.405800,1.005800,172.405800,168,168,2,2,7.086200,7.086200,0.000000,0.000000,0.000000,0.000000,0.000000,unchanged,False,False
order,,W290,D50,3.587300,3,-0.008520,3.008520,4,-1,1.000000,182.120600,10.720600,90.720600,284,284,93,93,14.611800,14.611800,0.000000,0.000000,0.000000,0.000000,0.000000,unchanged,False,False
order,,W291,D30,1.011200,4,-0.008520,4.000000,4,0,1.000000,182.154500,10.754500,182.154500,285,285,80,80,12.099200,12.099200,0.000000,0.000000,0.000000,0.000000,0.000000,unchanged,False,False
order,,W292,D90,3.400800,4,-0.008520,4.000000,2,2,4.000000,34.764700,10.764700,182.164700,278,278,13,13,14.165500,14.165500,0.000000,0.000000,0.000000,0.000000,0.000000,unchanged,False,False
order,,W293,C30,2.436300,4,-0.008520,4.000000,2,2,4.000000,34.795500,10.795500,182.195500,279,279,5,5,13.231800,13.231800,0.000000,0.000000,0.000000,0.000000,0.000000,unchanged,False,False
order,,W294,D50,5.063600,4,-0.083088,4.000000,4,-1,1.000000,182.196800,10.796800,182.196800,429,429,135,135,21.913000,21.913000,0.000000,0.000000,0.000000,0.000000,0.000000,unchanged,False,False
order,,W295,C10,5.645800,4,-0.008520,4.000000,4,0,1.000000,182.199800,10.799800,182.199800,280,280,15,15,16.449800,16.449800,0.000000,0.000000,0.000000,0.000000,0.000000,unchanged,False,False
order,,W296,D30,51.750000,4,-1.003228,4.000000,4,-1,1.000000,182.241500,10.841500,182.241500,939,984,254,260,88.753300,89.783300,0.000000,0.000000,0.000000,0.000000,0.000000,unchanged,False,False
order,,W297,D90,2.198300,4,-0.008520,4.000000,2,2,4.000000,34.871000,10.871000,182.271000,281,281,14,14,13.069300,13.069300,0.000000,0.000000,0.000000,0.000000,0.000000,unchanged,False,False
order,,W298,D20,1.300100,4,-0.133346,4.000000,4,-1,1.000000,182.318700,10.918700,182.318700,282,282,48,48,12.218800,12.218800,0.000000,0.000000,0.000000,0.000000,0.000000,unchanged,False,False
order,,W299,C10,1.377200,4,-0.008520,4.000000,4,0,1.000000,182.353200,10.953200,182.353200,357,357,17,17,15.274200,15.274200,0.000000,0.000000,0.000000,0.000000,0.000000,unchanged,False,False
order,,W3,D10,0.439800,4,-0.008520,4.000000,4,0,1.000000,171.433300,0.033300,171.433300,4,4,1,1,0.473100,0.473100,0.000000,0.000000,0.000000,0.000000,0.000000,unchanged,False,False
order,,W30,D20,2.457400,4,-0.188803,4.000000,4,-1,1.000000,172.416500,1.016500,172.416500,30,30,11,11,3.473900,3.473900,0.000000,0.000000,0.000000,0.000000,0.000000,unchanged,False,False
order,,W300,D30,2.096200,4,-0.008520,4.000000,4,0,1.000000,182.470800,11.070800,182.470800,292,292,81,81,13.320100,13.320100,0.000000,0.000000,0.000000,0.000000,0.000000,unchanged,False,False
order,,W301,D50,2.637800,4,-0.008520,4.000000,4,-1,1.000000,182.484700,11.084700,182.484700,331,331,108,108,15.578100,15.578100,0.000000,0.000000,0.000000,0.000000,0.000000,unchanged,False,False
order,,W302,MISC,0.548600,4,-0.008520,4.000000,2,2,4.000000,35.095200,11.095200,182.495200,286,286,5,5,11.643800,11.643800,0.000000,0.000000,0.000000,0.000000,0.000000,unchanged,False,False
order,,W303,MISC,5.497900,1,-0.249415,1.249415,1,1,8.000000,19.117600,11.117600,19.117600,288,288,6,6,16.615500,16.615500,0.000000,0.000000,0.000000,0.000000,0.000000,demoted,True,False
order,,W304,D40,0.374800,4,-0.008520,4.000000,3,1,2.000000,91.122500,11.122500,182.522500,289,289,8,8,11.497300,11.497300,0.000000,0.000000,0.000000,0.000000,0.000000,unchanged,False,False
order,,W305,D20,14.403800,4,0.283275,3.716725,2,2,4.000000,35.124500,11.124500,182.524500,290,290,49,49,25.528300,25.528300,0.000000,0.000000,0.000000,0.000000,0.000000,promoted,False,False
order,,W306,D50,6.905000,4,-0.035770,4.000000,4,-1,1.000000,182.538000,11.138000,182.538000,549,543,170,170,28.521200,28.521200,0.000000,0.000000,0.000000,0.000000,0.000000,unchanged,False,False
order,,W307,D10,0.813300,4,-0.008520,4.000000,4,0,1.000000,182.590300,11.190300,182.590300,291,291,4,4,12.003600,12.003600,0.000000,0.000000,0.000000,0.000000,0.000000,unchanged,False,False
order,,W308,D90,1.941900,4,-0.008520,4.000000,2,2,4.000000,35.355500,11.355500,182.755500,293,293,15,15,13.297400,13.297400,0.000000,0.000000,0.000000,0.000000,0.000000,unchanged,False,False
order,,W309,D50,2.699600,4,-0.008520,4.000000,4,-1,1.000000,182.925800,11.525800,182.925800,341,341,111,111,16.008600,16.008600,0.000000,0.000000,0.000000,0.000000,0.000000,unchanged,False,False
order,,W31,D30,1.714100,4,-0.008520,4.000000,4,0,1.000000,172.457400,1.057400,172.457400,31,31,10,10,2.771500,2.771500,0.000000,0.000000,0.000000,0.000000,0.000000,unchanged,False,False
order,,W310,D30,7.722900,4,-0.008520,4.000000,4,0,1.000000,182.933300,11.533300,182.933300,298,298,84,84,19.318000,19.318000,0.000000,0.000000,0.000000,0.000000,0.000000,unchanged,False,False
order,,W311,D50,4.500800,4,-0.082702,4.000000,4,-1,1.000000,182.988500,11.588500,182.988500,453,453,145,145,22.299300,22.299300,0.000000,0.000000,0.000000,0.000000,0.000000,unchanged,False,False
order,,W312,D30,0.521200,4,-0.008520,4.000000,4,0,1.000000,183.008200,11.608200,183.008200,314,314,88,88,12.860000,12.860000,0.000000,0.000000,0.000000,0.000000,0.000000,unchanged,False,False
order,,W313,D20,3.495300,4,-0.350711,4.000000,4,-2,1.000000,183.021700,11.621700,183.021700,299,299,50,50,15.117000,15.117000,0.000000,0.000000,0.000000,0.000000,0.000000,unchanged,False,False
order,,W314,D30,2.752300,2,-0.008520,2.008520,2,0,4.000000,35.632600,11.632600,35.632600,306,306,87,87,14.920500,14.920500,0.000000,0.000000,0.000000,0.000000,0.000000,unchanged,False,False
order,,W315,D90,8.964200,4,-0.008520,4.000000,2,2,4.000000,35.679300,11.679300,183.079300,300,300,16,16,20.643500,20.643500,0.000000,0.000000,0.000000,0.000000,0.000000,unchanged,False,False
order,,W316,D30,1.809000,2,-0.008520,2.008520,2,0,4.000000,35.715500,11.715500,35.715500,305,305,86,86,13.922200,13.922200,0.000000,0.000000,0.000000,0.000000,0.000000,unchanged,False,False
order,,W317,C10,0.697700,1,-0.008520,1.008520,1,0,8.000000,19.744200,11.744200,19.744200,338,338,16,16,13.897000,13.897000,0.000000,0.000000,0.000000,0.000000,0.000000,unchanged,False,False
order,,W318,D50,0.365900,4,-0.008520,4.000000,4,-1,1.000000,183.162700,11.762700,183.162700,301,301,97,97,12.221400,12.221400,0.000000,0.000000,0.000000,0.000000,0.000000,unchanged,False,False
order,,W319,D50,1.855400,4,-0.008520,4.000000,4,-1,1.000000,183.204400,11.804400,183.204400,322,322,105,105,14.501100,14.501100,0.000000,0.000000,0.000000,0.000000,0.000000,unchanged,False,False
order,,W32,E10,3.391200,4,-0.008520,4.000000,3,1,2.000000,81.094400,1.094400,172.494400,32,32,1,1,4.485600,4.485600,0.000000,0.000000,0.000000,0.000000,0.000000,unchanged,False,False
order,,W320,D50,3.193800,4,-0.008520,4.000000,4,-1,1.000000,183.217600,11.817600,183.217600,354,354,115,115,17.015000,17.015000,0.000000,0.000000,0.000000,0.000000,0.000000,unchanged,False,False
order,,W321,D50,0.751200,4,-0.008520,4.000000,4,-1,1.000000,183.272600,11.872600,183.272600,302,302,98,98,12.645700,12.645700,0.000000,0.000000,0.000000,0.000000,0.000000,unchanged,False,False
order,,W322,D90,9.220900,4,-0.008520,4.000000,2,2,4.000000,35.933900,11.933900,183.333900,334,334,18,18,22.290200,22.290200,0.000000,0.000000,0.000000,0.000000,0.000000,unchanged,False,False
order,,W323,D30,0.523200,4,-0.008520,4.000000,4,0,1.000000,183.385200,11.985200,183.385200,316,316,89,89,12.893000,12.893000,0.000000,0.000000,0.000000,0.000000,0.000000,unchanged,False,False
order,,W324,D30,1.338700,2,-0.008520,2.008520,2,0,4.000000,36.027600,12.027600,36.027600,304,304,85,85,13.437900,13.437900,0.000000,0.000000,0.000000,0.000000,0.000000,unchanged,False,False
order,,W325,B30,3.851300,4,-0.008520,4.000000,4,0,1.000000,183.437100,12.037100,183.437100,303,303,2,2,15.888400,15.888400,0.000000,0.000000,0.000000,0.000000,0.000000,unchanged,False,False
order,,W326,C10,2.935400,4,-0.008520,4.000000,4,0,1.000000,183.443000,12.043000,183.443000,477,476,24,24,21.635500,21.635500,0.000000,0.000000,0.000000,0.000000,0.000000,unchanged,False,False
order,,W327,D90,0.894800,4,-0.008520,4.000000,2,2,4.000000,36.059400,12.059400,183.459400,321,321,17,17,13.509300,13.509300,0.000000,0.000000,0.000000,0.000000,0.000000,unchanged,False,False
order,,W328,C10,1.628500,4,-0.008520,4.000000,4,0,1.000000,183.497400,12.097400,183.497400,432,432,22,22,18.756400,18.756400,0.000000,0.000000,0.000000,0.000000,0.000000,unchanged,False,False
order,,W329,D50,1.150200,4,-0.008520,4.000000,4,-1,1.000000,183.505000,12.105000,183.505000,319,319,103,103,13.592700,13.592700,0.000000,0.000000,0.000000,0.000000,0.000000,unchanged,False,False
order,,W33,E10,2.624400,4,-0.008520,4.000000,3,1,2.000000,81.131600,1.131600,172.531600,33,33,2,2,3.756000,3.756000,0.000000,0.000000,0.000000,0.000000,0.000000,unchanged,False,False
order,,W330,D30,2.657300,4,-0.008520,4.000000,4,0,1.000000,183.546300,12.146300,183.546300,332,332,94,94,15.628400,15.628400,0.000000,0.000000,0.000000,0.000000,0.000000,unchanged,False,False
order,,W331,D20,0.394400,4,-0.008520,4.000000,4,-1,1.000000,183.569900,12.169900,183.569900,307,307,51,51,12.564300,12.564300,0.000000,0.000000,0.000000,0.000000,0.000000,unchanged,False,False
order,,W332,D20,2.118700,4,-0.175819,4.000000,4,-2,1.000000,183.577800,12.177800,183.577800,308,308,52,52,14.296500,14.296500,0.000000,0.000000,0.000000,0.000000,0.000000,unchanged,False,False
order,,W333,E10,6.413800,4,-0.041501,4.000000,3,1,2.000000,92.196700,12.196700,183.596700,309,309,10,10,18.610500,18.610500,0.000000,0.000000,0.000000,0.000000,0.000000,unchanged,False,False
order,,W334,D50,1.340700,4,-0.008520,4.000000,4,-1,1.000000,183.606400,12.206400,183.606400,320,320,104,104,13.827000,13.827000,0.000000,0.000000,0.000000,0.000000,0.000000,unchanged,False,False
order,,W335,D50,0.817900,4,-0.008520,4.000000,4,-1,1.000000,183.611300,12.211300,183.611300,312,312,101,101,13.113900,13.113900,0.000000,0.000000,0.000000,0.000000,0.000000,unchanged,False,False
order,,W336,D50,0.221100,4,-0.008520,4.000000,4,-1,1.000000,183.620500,12.220500,183.620500,310,310,99,99,12.442500,12.442500,0.000000,0.000000,0.000000,0.000000,0.000000,unchanged,False,False
order,,W337,D50,0.675600,4,-0.008520,4.000000,4,-1,1.000000,183.654500,12.254500,183.654500,311,311,100,100,12.940300,12.940300,0.000000,0.000000,0.000000,0.000000,0.000000,unchanged,False,False
order,,W338,D30,3.151800,4,-0.008520,4.000000,4,0,1.000000,183.663200,12.263200,183.663200,345,345,96,96,16.589700,16.589700,0.000000,0.000000,0.000000,0.000000,0.000000,unchanged,False,False
order,,W339,D20,0.763700,4,-0.136562,4.000000,4,-1,1.000000,183.701800,12.301800,183.701800,313,313,53,53,13.065500,13.065500,0.000000,0.000000,0.000000,0.000000,0.000000,unchanged,False,False
order,,W34,D50,2.068500,2,-0.008520,2.008520,2,0,4.000000,25.207100,1.207100,25.207100,34,34,8,8,3.275600,3.275600,0.000000,0.000000,0.000000,0.000000,0.000000,unchanged,False,False
order,,W340,D50,0.407100,4,-0.008520,4.000000,4,-1,1.000000,183.749900,12.349900,183.749900,317,317,102,102,12.813100,12.813100,0.000000,0.000000,0.000000,0.000000,0.000000,unchanged,False,False
order,,W341,MISC,1.422900,2,-0.008520,2.008520,1,2,8.000000,20.357300,12.357300,36.357300,315,315,7,7,13.780200,13.780200,0.000000,0.000000,0.000000,0.000000,0.000000,unchanged,False,False
order,,W342,D30,14.582700,4,-0.008520,4.000000,4,-1,1.000000,183.833900,12.433900,183.833900,375,375,107,107,29.263300,29.263300,0.000000,0.000000,0.000000,0.000000,0.000000,unchanged,False,False
order,,W343,D20,1.214300,4,-0.133806,4.000000,4,-1,1.000000,183.840900,12.440900,183.840900,318,318,54,54,13.655200,13.655200,0.000000,0.000000,0.000000,0.000000,0.000000,unchanged,False,False
order,,W344,D30,3.505100,4,-0.008520,4.000000,4,0,1.000000,183.850500,12.450500,183.850500,358,358,100,100,17.427300,17.427300,0.000000,0.000000,0.000000,0.000000,0.000000,unchanged,False,False
order,,W345,D30,1.612200,4,-0.008520,4.000000,4,0,1.000000,183.882000,12.482000,183.882000,329,329,93,93,14.505200,14.505200,0.000000,0.000000,0.000000,0.000000,0.000000,unchanged,False,False
order,,W346,D30,8.218900,4,-0.008520,4.000000,4,0,1.000000,183.991500,12.591500,183.991500,361,361,103,103,22.391000,22.391000,0.000000,0.000000,0.000000,0.000000,0.000000,unchanged,False,False
order,,W347,D50,7.897400,4,-0.029808,4.000000,4,-1,1.000000,184.007400,12.607400,184.007400,563,559,174,174,30.112300,30.112300,0.000000,0.000000,0.000000,0.000000,0.000000,unchanged,False,False
order,,W348,D30,1.450000,4,-0.008520,4.000000,4,0,1.000000,184.108900,12.708900,184.108900,323,323,90,90,14.172100,14.172100,0.000000,0.000000,0.000000,0.000000,0.000000,unchanged,False,False
order,,W349,D30,5.013900,4,-0.008520,4.000000,4,0,1.000000,184.125800,12.725800,184.125800,360,360,102,102,19.170400,19.170400,0.000000,0.000000,0.000000,0.000000,0.000000,unchanged,False,False
order,,W35,B20,10.070600,4,-0.008520,4.000000,4,-2,1.000000,172.679900,1.279900,172.679900,35,35,1,1,11.350500,11.350500,0.000000,0.000000,0.000000,0.000000,0.000000,unchanged,False,False
order,,W350,D30,0.943400,4,-0.008520,4.000000,4,0,1.000000,184.174500,12.774500,184.174500,327,327,91,91,13.803400,13.803400,0.000000,0.000000,0.000000,0.000000,0.000000,unchanged,False,False
order,,W351,B30,7.485600,4,-0.008520,4.000000,4,0,1.000000,184.198000,12.798000,184.198000,324,324,3,3,20.283600,20.283600,0.000000,0.000000,0.000000,0.000000,0.000000,unchanged,False,False
order,,W352,D50,0.815900,4,-0.008520,4.000000,4,-1,1.000000,184.199600,12.799600,184.199600,325,325,106,106,13.629000,13.629000,0.000000,0.000000,0.000000,0.000000,0.000000,unchanged,False,False
order,,W353,D40,3.009900,4,-0.008520,4.000000,3,1,2.000000,92.831800,12.831800,184.231800,326,326,9,9,15.841700,15.841700,0.000000,0.000000,0.000000,0.000000,0.000000,unchanged,False,False
order,,W354,D30,14.299600,2,-0.008520,2.008520,3,-1,2.000000,92.867600,12.867600,36.867600,328,328,92,92,27.176200,27.176200,0.000000,0.000000,0.000000,0.000000,0.000000,unchanged,False,False
order,,W355,D50,0.405000,4,-0.008520,4.000000,4,-1,1.000000,184.288300,12.888300,184.288300,330,330,107,107,13.309000,13.309000,0.000000,0.000000,0.000000,0.000000,0.000000,unchanged,False,False
order,,W356,D30,43.678200,4,-0.563670,4.000000,4,-1,1.000000,184.345200,12.945200,184.345200,962,994,258,261,81.567200,82.182400,0.000000,0.000000,0.000000,0.000000,0.000000,unchanged,False,False
order,,W357,C10,1.010400,4,-0.008520,4.000000,4,0,1.000000,184.350700,12.950700,184.350700,387,387,18,18,16.284600,16.284600,0.000000,0.000000,0.000000,0.000000,0.000000,unchanged,False,False
order,,W358,D50,3.730500,4,-0.008520,4.000000,4,-1,1.000000,184.405200,13.005200,184.405200,456,456,147,147,21.616200,21.616200,0.000000,0.000000,0.000000,0.000000,0.000000,unchanged,False,False
order,,W359,D50,0.707300,4,-0.008520,4.000000,4,-1,1.000000,184.410700,13.010700,184.410700,335,335,109,109,13.821200,13.821200,0.000000,0.000000,0.000000,0.000000,0.000000,unchanged,False,False
order,,W36,D50,4.025000,4,-0.008520,4.000000,4,0,1.000000,172.688600,1.288600,172.688600,36,36,9,9,5.313600,5.313600,0.000000,0.000000,0.000000,0.000000,0.000000,unchanged,False,False
order,,W360,D20,1.260000,4,-0.133559,4.000000,4,-1,1.000000,184.449100,13.049100,184.449100,333,333,55,55,14.309100,14.309100,0.000000,0.000000,0.000000,0.000000,0.000000,unchanged,False,False
order,,W361,D20,9.987900,2,0.307200,1.692800,1,2,8.000000,21.129700,13.129700,37.129700,336,336,56,56,23.117600,23.117600,1.987900,1.987900,15.903200,15.903200,0.000000,promoted,False,False
order,,W362,D30,1.360500,4,-0.008520,4.000000,4,0,1.000000,184.586100,13.186100,184.586100,343,343,95,95,14.680600,14.680600,0.000000,0.000000,0.000000,0.000000,0.000000,unchanged,False,False
order,,W363,D40,0.924300,4,-0.008520,4.000000,3,1,2.000000,93.222100,13.222100,184.622100,339,339,10,10,14.146400,14.146400,0.000000,0.000000,0.000000,0.000000,0.000000,unchanged,False,False
order,,W364,D20,3.567800,4,-0.353489,4.000000,4,-2,1.000000,184.636100,13.236100,184.636100,340,340,57,57,16.803900,16.803900,0.000000,0.000000,0.000000,0.000000,0.000000,unchanged,False,False
order,,W365,D50,3.623400,4,-0.008520,4.000000,4,-1,1.000000,184.640400,13.240400,184.640400,473,472,153,153,22.171900,22.171900,0.000000,0.000000,0.000000,0.000000,0.000000,unchanged,False,False
order,,W366,D20,1.581700,4,-0.131947,4.000000,4,-1,1.000000,184.715700,13.315700,184.715700,342,342,58,58,14.897400,14.897400,0.000000,0.000000,0.000000,0.000000,0.000000,unchanged,False,False
order,,W367,D40,0.598700,4,-0.008520,4.000000,3,1,2.000000,93.354800,13.354800,184.754800,344,344,11,11,13.953500,13.953500,0.000000,0.000000,0.000000,0.000000,0.000000,unchanged,False,False
order,,W368,D30,1.477100,2,-0.008520,2.008520,2,0,4.000000,37.445100,13.445100,37.445100,346,346,97,97,14.925900,14.925900,0.000000,0.000000,0.000000,0.000000,0.000000,unchanged,False,False
order,,W369,D50,2.616900,4,-0.008520,4.000000,4,-1,1.000000,184.896900,13.496900,184.896900,355,355,116,116,16.443900,16.443900,0.000000,0.000000,0.000000,0.000000,0.000000,unchanged,False,False
order,,W37,D20,1.265600,4,-0.127175,4.000000,4,-1,1.000000,172.720300,1.320300,172.720300,37,37,12,12,2.585900,2.585900,0.000000,0.000000,0.000000,0.000000,0.000000,unchanged,False,False
order,,W370,D40,1.027300,4,-0.008520,4.000000,3,1,2.000000,93.500400,13.500400,184.900400,347,347,12,12,14.527700,14.527700,0.000000,0.000000,0.000000,0.000000,0.000000,unchanged,False,False
order,,W371,D30,2.654000,2,-0.008520,2.008520,2,0,4.000000,37.550600,13.550600,37.550600,353,353,98,98,16.457400,16.457400,0.000000,0.000000,0.000000,0.000000,0.000000,unchanged,False,False
order,,W372,D30,4.613200,4,-0.008520,4.000000,4,0,1.000000,184.998000,13.598000,184.998000,359,359,101,101,18.633800,18.633800,0.000000,0.000000,0.000000,0.000000,0.000000,unchanged,False,False
order,,W373,C10,1.343000,4,-0.008520,4.000000,4,0,1.000000,185.007800,13.607800,185.007800,440,440,23,23,18.700100,18.700100,0.000000,0.000000,0.000000,0.000000,0.000000,unchanged,False,False
order,,W374,D90,4.072100,4,-0.008520,4.000000,2,2,4.000000,37.615600,13.615600,185.015600,349,349,19,19,17.687700,17.687700,0.000000,0.000000,0.000000,0.000000,0.000000,unchanged,False,False
order,,W375,D20,8.069100,4,0.377873,3.622127,2,2,4.000000,37.702100,13.702100,185.102100,352,352,59,59,21.771200,21.771200,0.000000,0.000000,0.000000,0.000000,0.000000,promoted,False,False
order,,W376,D30,0.720600,4,-0.008520,4.000000,4,0,1.000000,185.138700,13.738700,185.138700,356,356,99,99,14.561700,14.561700,0.000000,0.000000,0.000000,0.000000,0.000000,unchanged,False,False
order,,W377,D50,1.562100,4,-0.008520,4.000000,4,-1,1.000000,185.304500,13.904500,185.304500,403,403,126,126,17.753100,17.753100,0.000000,0.000000,0.000000,0.000000,0.000000,unchanged,False,False
order,,W378,D50,2.711500,2,-0.008520,2.008520,3,-1,2.000000,94.163000,14.163000,38.163000,367,367,117,117,17.212600,17.212600,0.000000,0.000000,0.000000,0.000000,0.000000,unchanged,False,False
order,,W379,D50,2.973100,4,-0.008520,4.000000,4,-1,1.000000,185.598800,14.198800,185.598800,460,460,149,149,20.929700,20.929700,0.000000,0.000000,0.000000,0.000000,0.000000,unchanged,False,False
order,,W38,D50,2.111800,4,-0.008520,4.000000,4,0,1.000000,172.746800,1.346800,172.746800,38,38,10,10,3.458600,3.458600,0.000000,0.000000,0.000000,0.000000,0.000000,unchanged,False,False
order,,W380,D30,4.799400,2,-0.008520,2.008520,2,0,4.000000,38.295800,14.295800,38.295800,366,366,104,104,19.231800,19.231800,0.000000,0.000000,0.000000,0.000000,0.000000,unchanged,False,False
order,,W381,D20,6.380800,2,0.379003,1.620997,1,2,8.000000,22.300000,14.300000,38.300000,362,362,60,60,20.680800,20.680800,0.000000,0.000000,0.000000,0.000000,0.000000,promoted,False,False
order,,W382,D50,0.601500,4,-0.008520,4.000000,4,-1,1.000000,185.734300,14.334300,185.734300,372,372,118,118,15.213300,15.213300,0.000000,0.000000,0.000000,0.000000,0.000000,unchanged,False,False
order,,W383,D40,1.714600,4,-0.008520,4.000000,3,1,2.000000,94.336000,14.336000,185.736000,363,363,13,13,16.050600,16.050600,0.000000,0.000000,0.000000,0.000000,0.000000,unchanged,False,False
order,,W384,D50,0.767800,4,-0.008520,4.000000,4,-1,1.000000,185.746300,14.346300,185.746300,388,388,121,121,16.191000,16.191000,0.000000,0.000000,0.000000,0.000000,0.000000,unchanged,False,False
order,,W385,D40,4.473400,4,-0.008520,4.000000,3,1,2.000000,94.375800,14.375800,185.775800,364,364,14,14,18.849200,18.849200,0.000000,0.000000,0.000000,0.000000,0.000000,unchanged,False,False
order,,W386,D50,0.615800,4,-0.008520,4.000000,4,-1,1.000000,185.778000,14.378000,185.778000,376,376,119,119,15.423200,15.423200,0.000000,0.000000,0.000000,0.000000,0.000000,unchanged,False,False
order,,W387,D90,3.348300,4,-0.008520,4.000000,2,2,4.000000,38.383500,14.383500,185.783500,365,365,20,20,17.731800,17.731800,0.000000,0.000000,0.000000,0.000000,0.000000,unchanged,False,False
order,,W388,D50,0.854100,4,-0.008520,4.000000,4,-1,1.000000,185.805000,14.405000,185.805000,390,390,122,122,16.335900,16.335900,0.000000,0.000000,0.000000,0.000000,0.000000,unchanged,False,False
order,,W389,D50,0.663100,4,-0.008520,4.000000,4,-1,1.000000,185.827000,14.427000,185.827000,386,386,120,120,15.876400,15.876400,0.000000,0.000000,0.000000,0.000000,0.000000,unchanged,False,False
order,,W39,D30,0.548700,4,-0.008520,4.000000,4,0,1.000000,172.751800,1.351800,172.751800,39,39,11,11,1.900500,1.900500,0.000000,0.000000,0.000000,0.000000,0.000000,unchanged,False,False
order,,W390,D30,2.935200,4,-0.008520,4.000000,4,0,1.000000,185.832300,14.432300,185.832300,370,370,106,106,17.496900,17.496900,0.000000,0.000000,0.000000,0.000000,0.000000,unchanged,False,False
order,,W391,D30,1.072500,4,-0.008520,4.000000,4,0,1.000000,185.834800,14.434800,185.834800,368,368,105,105,15.577700,15.577700,0.000000,0.000000,0.000000,0.000000,0.000000,unchanged,False,False
order,,W392,D20,1.446500,4,-0.132598,4.000000,4,-1,1.000000,185.943300,14.543300,185.943300,369,369,61,61,15.989800,15.989800,0.000000,0.000000,0.000000,0.000000,0.000000,unchanged,False,False
order,,W393,E10,18.102100,4,-0.724680,4.000000,4,0,1.000000,185.969800,14.569800,185.969800,371,371,11,11,32.671900,32.671900,0.000000,0.000000,0.000000,0.000000,0.000000,unchanged,False,False
order,,W394,B30,36.698100,2,-0.008520,2.008520,3,-1,2.000000,94.633500,14.633500,38.633500,373,373,4,4,51.331600,51.331600,0.000000,0.000000,0.000000,0.000000,0.000000,unchanged,False,False
order,,W395,D50,2.833100,4,-0.008520,4.000000,4,-1,1.000000,186.035100,14.635100,186.035100,470,469,152,152,21.303600,21.303600,0.000000,0.000000,0.000000,0.000000,0.000000,unchanged,False,False
order,,W396,D20,2.080200,4,-0.173348,4.000000,4,-2,1.000000,186.079600,14.679600,186.079600,374,374,62,62,16.759800,16.759800,0.000000,0.000000,0.000000,0.000000,0.000000,unchanged,False,False
order,,W397,D30,0.616000,4,-0.008520,4.000000,4,0,1.000000,186.129200,14.729200,186.129200,379,379,108,108,15.536500,15.536500,0.000000,0.000000,0.000000,0.000000,0.000000,unchanged,False,False
order,,W398,C10,2.676800,4,-0.008520,4.000000,4,0,1.000000,186.149600,14.749600,186.149600,550,544,28,28,24.312300,24.312300,0.000000,0.000000,0.000000,0.000000,0.000000,unchanged,False,False
order,,W399,D20,5.232100,4,0.379003,3.620997,2,2,4.000000,38.831200,14.831200,186.231200,377,377,63,63,20.063300,20.063300,0.000000,0.000000,0.000000,0.000000,0.000000,promoted,False,False
order,,W4,D50,1.092500,1,-0.008520,1.008520,1,0,8.000000,8.094500,0.094500,8.094500,5,5,2,2,1.187000,1.187000,0.000000,0.000000,0.000000,0.000000,0.000000,unchanged,False,False
order,,W40,D20,1.455200,2,-0.126725,2.126725,3,-1,2.000000,81.356000,1.356000,25.356000,40,40,13,13,2.811200,2.811200,0.000000,0.000000,0.000000,0.000000,0.000000,demoted,False,False
order,,W400,D50,1.551400,4,-0.008520,4.000000,4,-1,1.000000,186.281200,14.881200,186.281200,404,404,127,127,17.744700,17.744700,0.000000,0.000000,0.000000,0.000000,0.000000,unchanged,False,False
order,,W401,D40,0.684100,1,-0.008520,1.008520,1,1,8.000000,22.889800,14.889800,22.889800,378,378,15,15,15.573900,15.573900,0.000000,0.000000,0.000000,0.000000,0.000000,unchanged,False,False
order,,W402,D40,2.513600,2,-0.008520,2.008520,1,1,8.000000,22.954800,14.954800,38.954800,381,381,16,16,17.468400,17.468400,0.000000,0.000000,0.000000,0.000000,0.000000,unchanged,False,False
order,,W403,D50,0.856500,4,-0.008520,4.000000,4,-1,1.000000,186.370400,14.970400,186.370400,394,394,123,123,16.434600,16.434600,0.000000,0.000000,0.000000,0.000000,0.000000,unchanged,False,False
order,,W404,E10,7.779900,4,-0.025897,4.000000,3,1,2.000000,95.033400,15.033400,186.433400,382,382,12,12,22.813300,22.813300,0.000000,0.000000,0.000000,0.000000,0.000000,unchanged,False,False
order,,W405,D20,4.287100,4,0.379003,3.620997,2,2,4.000000,39.066000,15.066000,186.466000,383,383,64,64,19.353100,19.353100,0.000000,0.000000,0.000000,0.000000,0.000000,promoted,False,False
order,,W406,D40,1.965500,2,-0.008520,2.008520,1,1,8.000000,23.075300,15.075300,39.075300,384,384,17,17,17.040800,17.040800,0.000000,0.000000,0.000000,0.000000,0.000000,unchanged,False,False
order,,W407,D20,2.305200,4,-0.228243,4.000000,4,-2,1.000000,186.559800,15.159800,186.559800,385,385,65,65,17.465000,17.465000,0.000000,0.000000,0.000000,0.000000,0.000000,unchanged,False,False
order,,W408,D30,9.976800,4,-0.008520,4.000000,4,-1,1.000000,186.584200,15.184200,186.584200,612,604,171,171,34.206100,34.206100,0.000000,0.000000,0.000000,0.000000,0.000000,unchanged,False,False
order,,W409,D30,2.784600,4,-0.008520,4.000000,4,0,1.000000,186.603100,15.203100,186.603100,416,416,117,117,19.269800,19.269800,0.000000,0.000000,0.000000,0.000000,0.000000,unchanged,False,False
order,,W41,D50,0.507800,4,-0.008520,4.000000,4,0,1.000000,172.763500,1.363500,172.763500,41,41,11,11,1.871300,1.871300,0.000000,0.000000,0.000000,0.000000,0.000000,unchanged,False,False
order,,W410,D30,7.063300,4,-0.008520,4.000000,4,0,1.000000,186.680300,15.280300,186.680300,546,540,148,148,28.550000,28.550000,0.000000,0.000000,0.000000,0.000000,0.000000,unchanged,False,False
order,,W411,C10,0.678100,4,-0.008520,4.000000,4,0,1.000000,186.794400,15.394400,186.794400,414,414,20,20,17.127900,17.127900,0.000000,0.000000,0.000000,0.000000,0.000000,unchanged,False,False
order,,W412,D30,0.413300,2,-0.008520,2.008520,2,0,4.000000,39.430300,15.430300,39.430300,391,391,110,110,15.949800,15.949800,0.000000,0.000000,0.000000,0.000000,0.000000,unchanged,False,False
order,,W413,MISC,7.845700,4,-0.191350,4.000000,3,1,2.000000,95.431200,15.431200,186.831200,389,389,8,8,23.276900,23.276900,0.000000,0.000000,0.000000,0.000000,0.000000,unchanged,False,False
order,,W414,C10,5.621500,4,-0.008520,4.000000,4,0,1.000000,186.846500,15.446500,186.846500,651,644,32,32,31.361000,31.361000,0.000000,0.000000,0.000000,0.000000,0.000000,unchanged,False,False
order,,W415,D30,5.253000,2,-0.008520,2.008520,2,0,4.000000,39.491600,15.491600,39.491600,393,393,111,111,20.830700,20.830700,0.000000,0.000000,0.000000,0.000000,0.000000,unchanged,False,False
order,,W416,D20,0.831700,3,-0.136104,3.136104,4,-1,1.000000,186.973300,15.573300,95.573300,392,392,66,66,16.405000,16.405000,0.000000,0.000000,0.000000,0.000000,0.000000,demoted,False,False
order,,W417,D30,0.764200,4,-0.008520,4.000000,4,0,1.000000,187.021000,15.621000,187.021000,395,395,112,112,16.392600,16.392600,0.000000,0.000000,0.000000,0.000000,0.000000,unchanged,False,False
order,,W418,D20,9.073600,4,0.324069,3.675931,2,2,4.000000,39.635400,15.635400,187.035400,600,400,101,67,32.740100,25.063400,0.000000,0.000000,0.000000,0.000000,0.000000,promoted,False,False
order,,W419,D50,0.817600,4,-0.008520,4.000000,4,-1,1.000000,187.046500,15.646500,187.046500,401,401,125,125,16.826200,16.826200,0.000000,0.000000,0.000000,0.000000,0.000000,unchanged,False,False
order,,W42,D20,4.122300,4,0.379003,3.620997,2,2,4.000000,25.401900,1.401900,172.801900,42,42,14,14,5.524200,5.524200,0.000000,0.000000,0.000000,0.000000,0.000000,promoted,False,False
order,,W420,D50,0.316900,4,-0.008520,4.000000,4,-1,1.000000,187.063300,15.663300,187.063300,398,398,124,124,16.193300,16.193300,0.000000,0.000000,0.000000,0.000000,0.000000,unchanged,False,False
order,,W421,D30,4.668900,2,-0.008520,2.008520,2,0,4.000000,39.673500,15.673500,39.673500,402,402,114,114,20.788000,20.788000,0.000000,0.000000,0.000000,0.000000,0.000000,unchanged,False,False
order,,W422,D20,2.037000,4,-0.170538,4.000000,4,-2,1.000000,187.093300,15.693300,187.093300,400,507,67,78,18.026800,22.100300,0.000000,0.000000,0.000000,0.000000,0.000000,unchanged,False,False
order,,W423,E20,1.124300,4,-0.008520,4.000000,4,0,1.000000,187.095800,15.695800,187.095800,396,396,3,3,16.820100,16.820100,0.000000,0.000000,0.000000,0.000000,0.000000,unchanged,False,False
order,,W424,B20,0.720900,4,-0.008520,4.000000,4,-1,1.000000,187.136700,15.736700,187.136700,397,397,5,5,16.457600,16.457600,0.000000,0.000000,0.000000,0.000000,0.000000,unchanged,False,False
order,,W425,D30,6.028400,4,-0.008520,4.000000,4,0,1.000000,187.183000,15.783000,187.183000,510,505,139,139,25.890100,25.890100,0.000000,0.000000,0.000000,0.000000,0.000000,unchanged,False,False
order,,W426,D50,2.644800,4,-0.008520,4.000000,4,-1,1.000000,187.200100,15.800100,187.200100,478,477,155,155,21.383000,21.383000,0.000000,0.000000,0.000000,0.000000,0.000000,unchanged,False,False
order,,W427,D30,4.026900,4,-0.008520,4.000000,4,0,1.000000,187.203300,15.803300,187.203300,425,425,120,120,20.809600,20.809600,0.000000,0.000000,0.000000,0.000000,0.000000,unchanged,False,False
order,,W428,D30,3.100200,2,-0.008520,2.008520,2,0,4.000000,39.815800,15.815800,39.815800,399,399,113,113,19.050000,19.050000,0.000000,0.000000,0.000000,0.000000,0.000000,unchanged,False,False
order,,W429,D50,6.597900,4,-0.042840,4.000000,4,-1,1.000000,187.246800,15.846800,187.246800,634,628,192,192,31.605200,31.605200,0.000000,0.000000,0.000000,0.000000,0.000000,unchanged,False,False
order,,W43,D30,0.537900,2,-0.008520,2.008520,2,0,4.000000,25.419500,1.419500,25.419500,43,43,12,12,1.957400,1.957400,0.000000,0.000000,0.000000,0.000000,0.000000,unchanged,False,False
order,,W430,D30,0.944100,4,-0.008520,4.000000,4,0,1.000000,187.267000,15.867000,187.267000,408,408,115,115,17.336700,17.336700,0.000000,0.000000,0.000000,0.000000,0.000000,unchanged,False,False
order,,W431,D20,2.613000,4,-0.305324,4.000000,4,-2,1.000000,187.270900,15.870900,187.270900,511,556,82,89,22.492700,24.713300,0.000000,0.000000,0.000000,0.000000,0.000000,unchanged,False,False
order,,W432,C10,0.333300,4,-0.008520,4.000000,4,0,1.000000,187.387200,15.987200,187.387200,406,406,19,19,16.617900,16.617900,0.000000,0.000000,0.000000,0.000000,0.000000,unchanged,False,False
order,,W433,D30,2.944200,4,-0.008520,4.000000,4,0,1.000000,187.460100,16.060100,187.460100,419,419,118,118,19.533900,19.533900,0.000000,0.000000,0.000000,0.000000,0.000000,unchanged,False,False
order,,W434,D20,1.339400,4,-0.102564,4.000000,4,-1,1.000000,187.507600,16.107600,187.507600,426,426,70,70,18.143300,18.143300,0.000000,0.000000,0.000000,0.000000,0.000000,unchanged,False,False
order,,W435,D30,7.206400,4,-0.008520,4.000000,4,0,1.000000,187.525400,16.125400,187.525400,583,578,162,162,30.281000,30.281000,0.000000,0.000000,0.000000,0.000000,0.000000,unchanged,False,False
order,,W436,C30,5.909200,4,0.274952,3.725048,2,2,4.000000,40.196300,16.196300,187.596300,405,405,6,6,22.105500,22.105500,0.000000,0.000000,0.000000,0.000000,0.000000,promoted,False,False
order,,W437,D30,20.312700,4,-1.038571,4.000000,4,0,1.000000,187.607700,16.207700,187.607700,777,775,217,217,50.763900,50.763900,0.000000,0.000000,0.000000,0.000000,0.000000,unchanged,False,False
order,,W438,D50,2.134600,2,-0.008520,2.008520,2,0,4.000000,40.213600,16.213600,40.213600,407,407,128,128,18.470500,18.470500,0.000000,0.000000,0.000000,0.000000,0.000000,unchanged,False,False
order,,W439,D20,1.313900,3,-0.094370,3.094370,4,-1,1.000000,187.649300,16.249300,96.249300,423,423,69,69,18.073700,18.073700,0.000000,0.000000,0.000000,0.000000,0.000000,demoted,False,False
order,,W44,D30,5.906700,2,-0.008520,2.008520,2,0,4.000000,25.442600,1.442600,25.442600,44,44,13,13,7.349300,7.349300,0.000000,0.000000,0.000000,0.000000,0.000000,unchanged,False,False
order,,W440,D50,0.317900,4,-0.008520,4.000000,3,1,2.000000,96.254900,16.254900,187.654900,411,411,129,129,16.735200,16.735200,0.000000,0.000000,0.000000,0.000000,0.000000,unchanged,False,False
order,,W441,D50,3.073800,4,-0.008520,4.000000,4,0,1.000000,187.699800,16.299800,187.699800,561,557,173,173,25.245700,25.245700,0.000000,0.000000,0.000000,0.000000,0.000000,unchanged,False,False
order,,W442,D50,1.283200,4,-0.008520,4.000000,4,0,1.000000,187.701600,16.301600,187.701600,413,413,131,131,17.727100,17.727100,0.000000,0.000000,0.000000,0.000000,0.000000,unchanged,False,False
order,,W443,D20,2.126100,2,-0.265243,2.265243,3,-1,2.000000,96.304800,16.304800,40.304800,409,409,68,68,18.531100,18.531100,0.000000,0.000000,0.000000,0.000000,0.000000,demoted,False,False
order,,W444,D30,2.511800,4,-0.008520,4.000000,4,0,1.000000,187.785900,16.385900,187.785900,415,415,116,116,18.969200,18.969200,0.000000,0.000000,0.000000,0.000000,0.000000,unchanged,False,False
order,,W445,D50,0.961300,4,-0.008520,4.000000,4,0,1.000000,187.808800,16.408800,187.808800,412,412,130,130,17.395900,17.395900,0.000000,0.000000,0.000000,0.000000,0.000000,unchanged,False,False
order,,W446,D30,15.448000,4,-0.477071,4.000000,4,0,1.000000,187.810900,16.410900,187.810900,675,672,190,190,41.929200,41.929200,0.000000,0.000000,0.000000,0.000000,0.000000,unchanged,False,False
order,,W447,C30,3.282000,4,-0.008520,4.000000,2,2,4.000000,40.413500,16.413500,187.813500,410,410,7,7,19.695500,19.695500,0.000000,0.000000,0.000000,0.000000,0.000000,unchanged,False,False
order,,W448,D20,3.114800,4,-0.335568,4.000000,4,-1,1.000000,187.821100,16.421100,187.821100,513,593,84,95,23.178100,26.708700,0.000000,0.000000,0.000000,0.000000,0.000000,unchanged,False,False
order,,W449,C10,0.739200,2,-0.008520,2.008520,2,0,4.000000,40.522300,16.522300,40.522300,420,420,21,21,17.357100,17.357100,0.000000,0.000000,0.000000,0.000000,0.000000,unchanged,False,False
order,,W45,D30,2.261200,4,-0.008520,4.000000,4,0,1.000000,172.847500,1.447500,172.847500,45,45,14,14,3.708700,3.708700,0.000000,0.000000,0.000000,0.000000,0.000000,unchanged,False,False
order,,W450,C10,1.098900,4,-0.008520,4.000000,4,0,1.000000,187.942600,16.542600,187.942600,479,478,25,25,19.855300,19.855300,0.000000,0.000000,0.000000,0.000000,0.000000,unchanged,False,False
order,,W451,C30,3.333500,4,-0.008520,4.000000,2,2,4.000000,40.545800,16.545800,187.945800,418,418,8,8,19.879300,19.879300,0.000000,0.000000,0.000000,0.000000,0.000000,unchanged,False,False
order,,W452,C10,1.389600,4,-0.008520,4.000000,4,0,1.000000,187.986700,16.586700,187.986700,509,504,26,26,21.244900,21.244900,0.000000,0.000000,0.000000,0.000000,0.000000,unchanged,False,False
order,,W453,D30,3.391400,4,-0.008520,4.000000,4,0,1.000000,187.991200,16.591200,187.991200,422,422,119,119,20.133700,20.133700,0.000000,0.000000,0.000000,0.000000,0.000000,unchanged,False,False
order,,W454,D50,0.509100,2,-0.008520,2.008520,2,0,4.000000,40.611700,16.611700,40.611700,421,421,133,133,17.244300,17.244300,0.000000,0.000000,0.000000,0.000000,0.000000,unchanged,False,False
order,,W455,D50,3.298000,4,-0.008520,4.000000,4,0,1.000000,188.084200,16.684200,188.084200,564,560,175,175,25.549400,25.549400,0.000000,0.000000,0.000000,0.000000,0.000000,unchanged,False,False
order,,W456,D50,2.279000,4,-0.008520,4.000000,4,0,1.000000,188.132600,16.732600,188.132600,474,473,154,154,20.832400,20.832400,0.000000,0.000000,0.000000,0.000000,0.000000,unchanged,False,False
order,,W457,B30,5.637500,4,-0.008520,4.000000,4,0,1.000000,188.173200,16.773200,188.173200,424,424,5,5,22.410700,22.410700,0.000000,0.000000,0.000000,0.000000,0.000000,unchanged,False,False
order,,W458,E20,1.501900,4,-0.008520,4.000000,4,0,1.000000,188.190100,16.790100,188.190100,427,427,4,4,18.322000,18.322000,0.000000,0.000000,0.000000,0.000000,0.000000,unchanged,False,False
order,,W459,D50,0.455400,4,-0.008520,4.000000,4,0,1.000000,188.190900,16.790900,188.190900,428,428,134,134,17.281600,17.281600,0.000000,0.000000,0.000000,0.000000,0.000000,unchanged,False,False
order,,W46,B20,2.268100,2,-0.008520,2.008520,3,-1,2.000000,81.463300,1.463300,25.463300,46,46,2,2,3.731400,3.731400,0.000000,0.000000,0.000000,0.000000,0.000000,unchanged,False,False
order,,W460,D50,4.089800,4,-0.011778,4.000000,4,0,1.000000,188.249900,16.849900,188.249900,574,569,180,180,26.768300,26.768300,0.000000,0.000000,0.000000,0.000000,0.000000,unchanged,False,False
order,,W461,E10,0.150100,4,-0.008520,4.000000,3,1,2.000000,96.922400,16.922400,188.322400,430,430,13,13,17.072500,17.072500,0.000000,0.000000,0.000000,0.000000,0.000000,unchanged,False,False
order,,W462,D30,0.299300,4,-0.008520,4.000000,4,0,1.000000,188.372800,16.972800,188.372800,443,443,122,122,17.726600,17.726600,0.000000,0.000000,0.000000,0.000000,0.000000,unchanged,False,False
order,,W463,D50,0.870700,4,-0.008520,4.000000,4,0,1.000000,188.376400,16.976400,188.376400,431,431,136,136,17.885700,17.885700,0.000000,0.000000,0.000000,0.000000,0.000000,unchanged,False,False
order,,W464,D20,0.807100,4,-0.029260,4.000000,4,-1,1.000000,188.391600,16.991600,188.391600,462,462,72,72,18.833900,18.880800,0.000000,0.000000,0.000000,0.000000,0.000000,unchanged,False,False
order,,W465,D50,4.500700,4,-0.110745,4.000000,4,0,1.000000,188.398800,16.998800,188.398800,619,612,188,188,29.066000,29.066000,0.000000,0.000000,0.000000,0.000000,0.000000,unchanged,False,False
order,,W466,D50,0.800300,4,-0.008520,4.000000,4,0,1.000000,188.416400,17.016400,188.416400,451,451,143,143,18.553400,18.553400,0.000000,0.000000,0.000000,0.000000,0.000000,unchanged,False,False
order,,W467,D50,0.667300,4,-0.008520,4.000000,4,0,1.000000,188.423900,17.023900,188.423900,436,436,139,139,17.948900,17.948900,0.000000,0.000000,0.000000,0.000000,0.000000,unchanged,False,False
order,,W468,D30,0.361200,4,-0.008520,4.000000,4,0,1.000000,188.533500,17.133500,188.533500,445,445,123,123,17.858100,17.858100,0.000000,0.000000,0.000000,0.000000,0.000000,unchanged,False,False
order,,W469,D20,1.221300,4,-0.065375,4.000000,4,-1,1.000000,188.536800,17.136800,188.536800,466,517,74,82,19.364600,21.902100,0.000000,0.000000,0.000000,0.000000,0.000000,unchanged,False,False
order,,W47,D30,1.379000,2,-0.008520,2.008520,2,0,4.000000,25.476400,1.476400,25.476400,47,47,15,15,2.855400,2.855400,0.000000,0.000000,0.000000,0.000000,0.000000,unchanged,False,False
order,,W470,D40,0.987900,1,-0.008520,1.008520,1,1,8.000000,25.146600,17.146600,25.146600,433,433,18,18,18.134500,18.134500,0.000000,0.000000,0.000000,0.000000,0.000000,unchanged,False,False
order,,W471,D50,0.644400,4,-0.008520,4.000000,4,0,1.000000,188.548100,17.148100,188.548100,434,434,137,137,17.857000,17.857000,0.000000,0.000000,0.000000,0.000000,0.000000,unchanged,False,False
order,,W472,D50,0.947100,4,-0.008520,4.000000,4,0,1.000000,188.600400,17.200400,188.600400,452,452,144,144,18.738200,18.738200,0.000000,0.000000,0.000000,0.000000,0.000000,unchanged,False,False
order,,W473,D30,14.232600,4,-0.210309,4.000000,4,0,1.000000,188.629300,17.229300,188.629300,668,663,186,186,40.422900,40.422900,0.000000,0.000000,0.000000,0.000000,0.000000,unchanged,False,False
order,,W474,D30,14.306300,4,-0.227082,4.000000,4,0,1.000000,188.631900,17.231900,188.631900,674,671,189,189,40.771500,40.771500,0.000000,0.000000,0.000000,0.000000,0.000000,unchanged,False,False
order,,W475,D50,0.554200,4,-0.008520,4.000000,4,0,1.000000,188.639200,17.239200,188.639200,435,435,138,138,17.798500,17.798500,0.000000,0.000000,0.000000,0.000000,0.000000,unchanged,False,False
order,,W476,D50,0.724200,4,-0.008520,4.000000,4,0,1.000000,188.682800,17.282800,188.682800,442,442,140,140,18.120100,18.120100,0.000000,0.000000,0.000000,0.000000,0.000000,unchanged,False,False
order,,W477,D30,3.212100,2,-0.008520,2.008520,2,0,4.000000,41.290100,17.290100,41.290100,439,439,121,121,20.548800,20.548800,0.000000,0.000000,0.000000,0.000000,0.000000,unchanged,False,False
order,,W478,D40,1.251900,4,-0.008520,4.000000,3,1,2.000000,97.300200,17.300200,188.700200,437,437,19,19,18.552100,18.552100,0.000000,0.000000,0.000000,0.000000,0.000000,unchanged,False,False
order,,W479,E10,1.046900,4,-0.008520,4.000000,3,1,2.000000,97.310400,17.310400,188.710400,438,438,14,14,18.357300,18.357300,0.000000,0.000000,0.000000,0.000000,0.000000,unchanged,False,False
order,,W48,D30,2.547100,2,-0.008520,2.008520,2,0,4.000000,25.484800,1.484800,25.484800,48,48,16,16,4.031900,4.031900,0.000000,0.000000,0.000000,0.000000,0.000000,unchanged,False,False
order,,W480,B20,0.789000,4,-0.008520,4.000000,4,-1,1.000000,188.766500,17.366500,188.766500,441,441,6,6,18.155500,18.155500,0.000000,0.000000,0.000000,0.000000,0.000000,unchanged,False,False
order,,W481,D20,3.599800,4,-0.354916,4.000000,4,-1,1.000000,188.786100,17.386100,188.786100,514,618,85,98,23.666500,28.305600,0.000000,0.000000,0.000000,0.000000,0.000000,unchanged,False,False
order,,W482,D30,4.322600,4,-0.008520,4.000000,4,0,1.000000,188.814400,17.414400,188.814400,455,455,125,125,22.180700,22.180700,0.000000,0.000000,0.000000,0.000000,0.000000,unchanged,False,False
order,,W483,D50,2.280100,4,-0.008520,4.000000,4,0,1.000000,188.824100,17.424100,188.824100,483,481,156,156,21.114700,21.114700,0.000000,0.000000,0.000000,0.000000,0.000000,unchanged,False,False
order,,W484,D20,2.414700,2,-0.289904,2.289904,3,-1,2.000000,97.447300,17.447300,41.447300,444,444,71,71,19.879700,19.879700,0.000000,0.000000,0.000000,0.000000,0.000000,demoted,False,False
order,,W485,D50,0.211900,4,-0.008520,4.000000,3,1,2.000000,97.528100,17.528100,188.928100,450,450,142,142,17.956600,17.956600,0.000000,0.000000,0.000000,0.000000,0.000000,unchanged,False,False
order,,W486,D50,6.591500,4,-0.166987,4.000000,4,0,1.000000,188.928300,17.528300,188.928300,647,640,197,197,32.140900,32.140900,0.000000,0.000000,0.000000,0.000000,0.000000,unchanged,False,False
order,,W487,E10,6.713300,4,-0.195395,4.000000,3,1,2.000000,97.532000,17.532000,188.932000,446,446,15,15,24.245300,24.245300,0.000000,0.000000,0.000000,0.000000,0.000000,unchanged,False,False
order,,W488,D20,0.855400,4,-0.027195,4.000000,4,-1,1.000000,188.969800,17.569800,188.969800,463,508,73,79,18.929100,20.922100,0.000000,0.000000,0.000000,0.000000,0.000000,unchanged,False,False
order,,W489,D30,1.299600,4,-0.008520,4.000000,4,0,1.000000,188.971000,17.571000,188.971000,448,448,124,124,19.026200,19.026200,0.000000,0.000000,0.000000,0.000000,0.000000,unchanged,False,False
order,,W49,D30,6.615700,4,-0.008520,4.000000,4,0,1.000000,172.902300,1.502300,172.902300,49,49,17,17,8.118000,8.118000,0.000000,0.000000,0.000000,0.000000,0.000000,unchanged,False,False
order,,W490,D40,1.085600,4,-0.008520,4.000000,3,1,2.000000,97.588900,17.588900,188.988900,447,447,20,20,18.674500,18.674500,0.000000,0.000000,0.000000,0.000000,0.000000,unchanged,False,False
order,,W491,D50,0.731600,1,-0.008520,1.008520,1,0,8.000000,25.598000,17.598000,25.598000,449,449,141,141,18.458700,18.458700,0.000000,0.000000,0.000000,0.000000,0.000000,unchanged,False,False
order,,W492,D50,0.885700,4,-0.008520,4.000000,4,0,1.000000,189.295200,17.895200,189.295200,459,459,148,148,18.834600,18.834600,0.000000,0.000000,0.000000,0.000000,0.000000,unchanged,False,False
order,,W493,D30,8.803000,4,-0.008520,4.000000,4,0,1.000000,189.322000,17.922000,189.322000,594,587,164,164,32.273200,32.273200,0.000000,0.000000,0.000000,0.000000,0.000000,unchanged,False,False
order,,W494,D90,2.688700,4,-0.008520,4.000000,2,2,4.000000,41.922400,17.922400,189.322400,457,457,21,21,20.611100,20.611100,0.000000,0.000000,0.000000,0.000000,0.000000,unchanged,False,False
order,,W495,D30,2.174000,4,-0.008520,4.000000,4,0,1.000000,189.328200,17.928200,189.328200,489,487,130,130,21.200200,21.200200,0.000000,0.000000,0.000000,0.000000,0.000000,unchanged,False,False
order,,W496,E10,13.427000,4,-0.414432,4.000000,3,1,2.000000,97.932100,17.932100,189.332100,458,458,16,16,31.359100,31.359100,0.000000,0.000000,0.000000,0.000000,0.000000,unchanged,False,False
order,,W497,B30,2.956600,4,-0.008520,4.000000,4,0,1.000000,189.402200,18.002200,189.402200,461,461,6,6,20.958800,20.958800,0.000000,0.000000,0.000000,0.000000,0.000000,unchanged,False,False
order,,W498,D30,4.008300,4,-0.008520,4.000000,4,0,1.000000,189.462100,18.062100,189.462100,505,500,137,137,23.681700,23.681700,0.000000,0.000000,0.000000,0.000000,0.000000,unchanged,False,False
order,,W499,D50,1.244000,4,-0.008520,4.000000,4,0,1.000000,189.464100,18.064100,189.464100,464,463,150,150,19.364100,19.364100,0.000000,0.000000,0.000000,0.000000,0.000000,unchanged,False,False
order,,W5,D50,1.152100,4,-0.008520,4.000000,4,0,1.000000,171.525900,0.125900,171.525900,6,6,3,3,1.278000,1.278000,0.000000,0.000000,0.000000,0.000000,0.000000,unchanged,False,False
order,,W50,D50,0.249300,4,-0.008520,4.000000,4,0,1.000000,172.936900,1.536900,172.936900,50,50,12,12,1.786200,1.786200,0.000000,0.000000,0.000000,0.000000,0.000000,unchanged,False,False
order,,W500,D30,10.400800,4,-0.008520,4.000000,4,0,1.000000,189.465700,18.065700,189.465700,662,658,184,184,36.428500,36.428500,0.000000,0.000000,0.000000,0.000000,0.000000,unchanged,False,False
order,,W501,D20,6.494700,4,0.200400,3.799600,2,2,4.000000,42.111700,18.111700,189.511700,551,465,92,73,28.265900,24.638000,0.000000,0.000000,0.000000,0.000000,0.000000,promoted,False,False
order,,W502,C30,17.675700,4,-0.769592,4.000000,3,1,2.000000,98.120300,18.120300,189.520300,465,464,9,9,35.796000,35.796000,0.000000,0.000000,0.000000,0.000000,0.000000,unchanged,False,False
order,,W503,C30,0.589500,2,-0.008520,2.008520,1,2,8.000000,26.173700,18.173700,42.173700,467,466,10,10,18.763200,18.763200,0.000000,0.000000,0.000000,0.000000,0.000000,unchanged,False,False
order,,W504,E10,5.008500,4,-0.064192,4.000000,3,1,2.000000,98.179200,18.179200,189.579200,475,474,18,18,23.619000,23.619000,0.000000,0.000000,0.000000,0.000000,0.000000,unchanged,False,False
order,,W505,D20,8.449200,4,0.177639,3.822361,2,2,4.000000,42.188800,18.188800,189.588800,605,495,102,76,32.277500,27.802300,0.000000,0.000000,0.000000,0.000000,0.000000,promoted,False,False
order,,W506,D20,1.535600,2,-0.162770,2.162770,3,-1,2.000000,98.190900,18.190900,42.190900,472,471,75,74,20.066700,20.066700,0.000000,0.000000,0.000000,0.000000,0.000000,demoted,False,False
order,,W507,D50,1.031000,1,-0.008520,1.008520,1,0,8.000000,26.211800,18.211800,26.211800,469,468,151,151,19.489700,19.489700,0.000000,0.000000,0.000000,0.000000,0.000000,unchanged,False,False
order,,W508,D50,11.674700,4,-0.238567,4.000000,4,0,1.000000,189.660000,18.260000,189.660000,676,673,202,202,38.157900,38.157900,0.000000,0.000000,0.000000,0.000000,0.000000,unchanged,False,False
order,,W509,E10,0.527000,4,-0.008520,4.000000,3,1,2.000000,98.261400,18.261400,189.661400,468,467,17,17,18.884300,18.884300,0.000000,0.000000,0.000000,0.000000,0.000000,unchanged,False,False
order,,W51,D50,1.165200,2,-0.008520,2.008520,2,0,4.000000,25.543100,1.543100,25.543100,51,51,13,13,2.708300,2.708300,0.000000,0.000000,0.000000,0.000000,0.000000,unchanged,False,False
order,,W510,D20,0.556200,4,-0.040965,4.000000,4,-1,1.000000,189.697600,18.297600,189.697600,482,506,76,77,19.390100,20.435900,0.000000,0.000000,0.000000,0.000000,0.000000,unchanged,False,False
order,,W511,D30,2.806400,4,-0.008520,4.000000,4,0,1.000000,189.885200,18.485200,189.885200,492,490,132,132,21.976800,21.976800,0.000000,0.000000,0.000000,0.000000,0.000000,unchanged,False,False
order,,W512,D90,1.740700,4,-0.008520,4.000000,2,2,4.000000,42.523700,18.523700,189.923700,471,470,22,22,20.264400,20.264400,0.000000,0.000000,0.000000,0.000000,0.000000,unchanged,False,False
order,,W513,D30,6.277200,2,-0.008520,2.008520,2,0,4.000000,42.621200,18.621200,42.621200,488,486,129,129,25.296800,25.296800,0.000000,0.000000,0.000000,0.000000,0.000000,unchanged,False,False
order,,W514,D30,1.227900,2,-0.008520,2.008520,2,0,4.000000,42.631300,18.631300,42.631300,476,475,126,126,19.861700,19.861700,0.000000,0.000000,0.000000,0.000000,0.000000,unchanged,False,False
order,,W515,E10,0.388000,4,-0.008520,4.000000,3,1,2.000000,98.644100,18.644100,190.044100,484,483,19,19,19.272300,19.272300,0.000000,0.000000,0.000000,0.000000,0.000000,unchanged,False,False
order,,W516,D30,0.863800,2,-0.008520,2.008520,2,0,4.000000,42.644500,18.644500,42.644500,486,484,127,127,19.833000,19.833000,0.000000,0.000000,0.000000,0.000000,0.000000,unchanged,False,False
order,,W517,D20,0.649900,4,-0.036387,4.000000,4,-1,1.000000,190.058600,18.658600,190.058600,485,513,77,80,19.579000,21.085800,0.000000,0.000000,0.000000,0.000000,0.000000,unchanged,False,False
order,,W518,D30,3.219700,4,-0.008520,4.000000,4,0,1.000000,190.090600,18.690600,190.090600,494,492,133,133,22.451500,22.451500,0.000000,0.000000,0.000000,0.000000,0.000000,unchanged,False,False
order,,W519,D50,2.673500,4,-0.008520,4.000000,4,0,1.000000,190.105500,18.705500,190.105500,565,561,176,176,24.972800,24.972800,0.000000,0.000000,0.000000,0.000000,0.000000,unchanged,False,False
order,,W52,D50,1.881900,4,-0.008520,4.000000,4,0,1.000000,172.944300,1.544300,172.944300,52,52,14,14,3.426200,3.426200,0.000000,0.000000,0.000000,0.000000,0.000000,unchanged,False,False
order,,W520,C30,20.702900,4,-0.879071,4.000000,3,1,2.000000,98.775900,18.775900,190.175900,480,479,11,11,39.478800,39.478800,0.000000,0.000000,0.000000,0.000000,0.000000,unchanged,False,False
order,,W521,D40,0.338000,4,-0.008520,4.000000,2,2,4.000000,42.822600,18.822600,190.222600,481,480,21,21,19.160600,19.160600,0.000000,0.000000,0.000000,0.000000,0.000000,unchanged,False,False
order,,W522,D20,4.713100,4,0.224956,3.775044,2,2,4.000000,42.834200,18.834200,190.234200,517,482,86,75,24.905700,23.593900,0.000000,0.000000,0.000000,0.000000,0.000000,promoted,False,False
order,,W523,C30,0.635100,4,-0.008520,4.000000,2,2,4.000000,42.851300,18.851300,190.251300,506,501,12,12,20.330600,20.330600,0.000000,0.000000,0.000000,0.000000,0.000000,unchanged,False,False
order,,W524,D30,3.546300,4,-0.008520,4.000000,4,0,1.000000,190.280200,18.880200,190.280200,495,493,134,134,22.816100,22.816100,0.000000,0.000000,0.000000,0.000000,0.000000,unchanged,False,False
order,,W525,D20,1.349500,4,-0.105784,4.000000,4,-1,1.000000,190.300500,18.900500,190.300500,503,615,81,97,20.928500,25.987500,0.000000,0.000000,0.000000,0.000000,0.000000,unchanged,False,False
order,,W526,D30,4.809600,2,-0.008520,2.008520,2,0,4.000000,42.910300,18.910300,42.910300,487,485,128,128,23.818100,23.818100,0.000000,0.000000,0.000000,0.000000,0.000000,unchanged,False,False
order,,W527,D20,1.979400,4,-0.251820,4.000000,4,-1,1.000000,190.368800,18.968800,190.368800,512,619,83,99,22.033700,26.692700,0.000000,0.000000,0.000000,0.000000,0.000000,unchanged,False,False
order,,W528,D20,0.828000,4,-0.028360,4.000000,4,-1,1.000000,190.387500,18.987500,190.387500,499,551,79,88,20.192600,22.730100,0.000000,0.000000,0.000000,0.000000,0.000000,unchanged,False,False
order,,W529,D50,4.186800,2,-0.030467,2.030467,2,0,4.000000,43.000100,19.000100,43.000100,498,496,157,157,23.550900,23.550900,0.000000,0.000000,0.000000,0.000000,0.000000,unchanged,False,False
order,,W53,D20,1.039300,2,-0.131232,2.131232,3,-1,2.000000,81.559500,1.559500,25.559500,53,53,15,15,2.598800,2.598800,0.000000,0.000000,0.000000,0.000000,0.000000,demoted,False,False
order,,W530,D30,2.533100,4,-0.008520,4.000000,4,0,1.000000,190.427000,19.027000,190.427000,490,488,131,131,21.583100,21.583100,0.000000,0.000000,0.000000,0.000000,0.000000,unchanged,False,False
order,,W531,B20,2.002500,2,-0.008520,2.008520,3,-1,2.000000,99.085500,19.085500,43.085500,491,489,7,7,21.088000,21.088000,0.000000,0.000000,0.000000,0.000000,0.000000,unchanged,False,False
order,,W532,D20,0.701200,4,-0.033989,4.000000,4,-1,1.000000,190.555900,19.155900,190.555900,497,528,78,84,20.054300,21.787000,0.000000,0.000000,0.000000,0.000000,0.000000,unchanged,False,False
order,,W533,D90,1.226300,4,-0.008520,4.000000,2,2,4.000000,43.185800,19.185800,190.585800,493,491,23,23,20.412100,20.412100,0.000000,0.000000,0.000000,0.000000,0.000000,unchanged,False,False
order,,W534,D50,0.676200,4,-0.008520,4.000000,4,0,1.000000,190.671300,19.271300,190.671300,535,529,163,163,21.790900,21.790900,0.000000,0.000000,0.000000,0.000000,0.000000,unchanged,False,False
order,,W535,D50,6.374500,4,-0.166188,4.000000,4,0,1.000000,190.677500,19.277500,190.677500,681,678,204,204,33.048700,33.048700,0.000000,0.000000,0.000000,0.000000,0.000000,unchanged,False,False
order,,W536,D30,2.658300,4,-0.008520,4.000000,4,0,1.000000,190.714200,19.314200,190.714200,496,494,135,135,21.976300,21.976300,0.000000,0.000000,0.000000,0.000000,0.000000,unchanged,False,False
order,,W537,D20,0.980000,4,-0.041329,4.000000,4,-1,1.000000,190.789700,19.389700,190.789700,500,589,80,94,20.370100,24.497600,0.000000,0.000000,0.000000,0.000000,0.000000,unchanged,False,False
order,,W538,D30,2.361000,4,-0.008520,4.000000,4,0,1.000000,190.803900,19.403900,190.803900,502,498,136,136,21.894900,21.894900,0.000000,0.000000,0.000000,0.000000,0.000000,unchanged,False,False
order,,W539,B30,2.297800,4,-0.008520,4.000000,4,0,1.000000,190.813000,19.413000,190.813000,504,499,7,7,21.893500,21.893500,0.000000,0.000000,0.000000,0.000000,0.000000,unchanged,False,False
order,,W54,D30,5.059600,4,-0.008520,4.000000,4,0,1.000000,173.107600,1.707600,173.107600,54,54,18,18,6.767200,6.767200,0.000000,0.000000,0.000000,0.000000,0.000000,unchanged,False,False
order,,W540,D50,1.576400,3,-0.008520,3.008520,3,0,2.000000,99.440500,19.440500,99.440500,501,497,158,158,21.066100,21.066100,0.000000,0.000000,0.000000,0.000000,0.000000,unchanged,False,False
order,,W541,D50,1.064000,4,-0.008520,4.000000,4,0,1.000000,190.990900,19.590900,190.990900,536,530,164,164,22.251400,22.251400,0.000000,0.000000,0.000000,0.000000,0.000000,unchanged,False,False
order,,W542,D30,1.552000,2,-0.008520,2.008520,2,0,4.000000,43.673900,19.673900,43.673900,508,503,138,138,21.385000,21.385000,0.000000,0.000000,0.000000,0.000000,0.000000,unchanged,False,False
order,,W543,D50,1.036500,2,-0.008520,2.008520,2,0,4.000000,43.692500,19.692500,43.692500,516,510,159,159,21.187400,21.187400,0.000000,0.000000,0.000000,0.000000,0.000000,unchanged,False,False
order,,W544,E10,51.750000,4,-1.222619,4.000000,4,0,1.000000,191.117000,19.717000,191.117000,507,502,20,20,71.467000,71.467000,0.000000,0.000000,0.000000,0.000000,0.000000,unchanged,False,False
order,,W545,D50,0.368700,4,-0.008520,4.000000,3,1,2.000000,99.788200,19.788200,191.188200,532,525,161,161,21.298400,21.298400,0.000000,0.000000,0.000000,0.000000,0.000000,unchanged,False,False
order,,W546,D50,0.474400,4,-0.008520,4.000000,4,0,1.000000,191.198300,19.798300,191.198300,534,527,162,162,21.540500,21.540500,0.000000,0.000000,0.000000,0.000000,0.000000,unchanged,False,False
order,,W547,C10,1.453500,4,-0.008520,4.000000,4,0,1.000000,191.226200,19.826200,191.226200,660,655,33,33,27.433500,27.433500,0.000000,0.000000,0.000000,0.000000,0.000000,unchanged,False,False
order,,W548,C10,4.494600,2,-0.008520,2.008520,2,0,4.000000,43.879900,19.879900,43.879900,538,532,27,27,25.739500,25.739500,0.000000,0.000000,0.000000,0.000000,0.000000,unchanged,False,False
order,,W549,D50,4.931800,4,-0.160190,4.000000,4,0,1.000000,191.290500,19.890500,191.290500,684,681,205,205,31.681800,31.681800,0.000000,0.000000,0.000000,0.000000,0.000000,unchanged,False,False
order,,W55,D30,5.666500,4,-0.008520,4.000000,4,0,1.000000,173.113800,1.713800,173.113800,55,55,19,19,7.380300,7.380300,0.000000,0.000000,0.000000,0.000000,0.000000,unchanged,False,False
order,,W550,B30,8.112800,4,-0.008520,4.000000,4,0,1.000000,191.385200,19.985200,191.385200,518,511,8,8,28.396400,28.396400,0.000000,0.000000,0.000000,0.000000,0.000000,unchanged,False,False
order,,W551,D30,1.699100,4,-0.008520,4.000000,4,0,1.000000,191.473100,20.073100,191.473100,515,509,140,140,21.832800,21.832800,0.000000,0.000000,0.000000,0.000000,0.000000,unchanged,False,False
order,,W552,E10,8.748100,4,-0.173597,4.000000,3,1,2.000000,100.098200,20.098200,191.498200,627,622,25,25,33.632800,33.632800,0.000000,0.000000,0.000000,0.000000,0.000000,unchanged,False,False
order,,W553,D30,6.007500,2,-0.008520,2.008520,2,0,4.000000,44.148200,20.148200,44.148200,519,512,141,141,26.295800,26.295800,0.000000,0.000000,0.000000,0.000000,0.000000,unchanged,False,False
order,,W554,D30,3.018500,4,-0.008520,4.000000,4,0,1.000000,191.623200,20.223200,191.623200,526,519,144,144,23.828100,23.828100,0.000000,0.000000,0.000000,0.000000,0.000000,unchanged,False,False
order,,W555,C10,3.232900,4,-0.008520,4.000000,4,0,1.000000,191.701500,20.301500,191.701500,733,732,38,38,31.953100,31.953100,0.000000,0.000000,0.000000,0.000000,0.000000,unchanged,False,False
order,,W556,D30,1.898300,4,-0.008520,4.000000,4,0,1.000000,191.706800,20.306800,191.706800,525,518,143,143,22.686300,22.686300,0.000000,0.000000,0.000000,0.000000,0.000000,unchanged,False,False
order,,W557,D20,2.996200,4,-0.330489,4.000000,4,-1,1.000000,191.725900,20.325900,191.725900,520,639,87,101,23.366300,28.524500,0.000000,0.000000,0.000000,0.000000,0.000000,unchanged,False,False
order,,W558,C10,1.150500,4,-0.008520,4.000000,4,0,1.000000,191.843000,20.443000,191.843000,697,693,34,34,28.272300,28.272300,0.000000,0.000000,0.000000,0.000000,0.000000,unchanged,False,False
order,,W559,D50,0.544900,2,-0.008520,2.008520,2,0,4.000000,44.453100,20.453100,44.453100,528,521,160,160,21.377300,21.377300,0.000000,0.000000,0.000000,0.000000,0.000000,unchanged,False,False
order,,W56,D50,4.336700,4,-0.008520,4.000000,4,0,1.000000,173.125100,1.725100,173.125100,56,56,15,15,6.061800,6.061800,0.000000,0.000000,0.000000,0.000000,0.000000,unchanged,False,False
order,,W560,D20,4.083300,4,0.379003,3.620997,2,2,4.000000,44.466200,20.466200,191.866200,524,516,89,81,24.764100,24.705800,0.000000,0.000000,0.000000,0.000000,0.000000,promoted,False,False
order,,W561,D30,1.260000,4,-0.008520,4.000000,4,0,1.000000,191.923600,20.523600,191.923600,522,515,142,142,21.808800,21.808800,0.000000,0.000000,0.000000,0.000000,0.000000,unchanged,False,False
order,,W562,D90,4.123000,4,-0.008520,4.000000,2,2,4.000000,44.546800,20.546800,191.946800,521,514,24,24,24.669800,24.669800,0.000000,0.000000,0.000000,0.000000,0.000000,unchanged,False,False
order,,W563,D50,2.429400,4,-0.008520,4.000000,4,0,1.000000,191.993000,20.593000,191.993000,572,567,179,179,25.076400,25.076400,0.000000,0.000000,0.000000,0.000000,0.000000,unchanged,False,False
order,,W564,D20,3.205800,4,-0.339366,4.000000,4,-1,1.000000,192.007100,20.607100,192.007100,523,656,88,105,23.828300,29.193300,0.000000,0.000000,0.000000,0.000000,0.000000,unchanged,False,False
order,,W565,D50,2.115100,4,-0.008520,4.000000,4,0,1.000000,192.095800,20.695800,192.095800,568,564,177,177,24.565300,24.565300,0.000000,0.000000,0.000000,0.000000,0.000000,unchanged,False,False
order,,W566,D30,5.044900,4,-0.008520,4.000000,4,0,1.000000,192.097200,20.697200,192.097200,527,520,145,145,25.875600,25.875600,0.000000,0.000000,0.000000,0.000000,0.000000,unchanged,False,False
order,,W567,D20,0.511600,1,-0.010726,1.010726,2,-1,4.000000,44.730900,20.730900,28.730900,531,524,90,83,21.440100,21.433700,0.000000,0.000000,0.000000,0.000000,0.000000,unchanged,False,False
order,,W568,D50,1.151800,4,-0.008520,4.000000,4,0,1.000000,192.171600,20.771600,192.171600,539,533,165,165,22.450200,22.450200,0.000000,0.000000,0.000000,0.000000,0.000000,unchanged,False,False
order,,W569,D50,1.270400,4,-0.008520,4.000000,4,0,1.000000,192.219900,20.819900,192.219900,540,534,166,166,22.574000,22.574000,0.000000,0.000000,0.000000,0.000000,0.000000,unchanged,False,False
order,,W57,D20,11.139700,4,0.337900,3.662100,2,2,4.000000,25.803900,1.803900,173.203900,57,57,16,16,12.943600,12.943600,0.000000,0.000000,0.000000,0.000000,0.000000,promoted,False,False
order,,W570,D40,6.481300,4,-0.008520,4.000000,3,1,2.000000,100.857400,20.857400,192.257400,529,522,22,22,27.338700,27.338700,0.000000,0.000000,0.000000,0.000000,0.000000,unchanged,False,False
order,,W571,D30,4.551300,4,-0.008520,4.000000,4,0,1.000000,192.265600,20.865600,192.265600,537,531,146,146,25.751500,25.751500,0.000000,0.000000,0.000000,0.000000,0.000000,unchanged,False,False
order,,W572,D90,1.918500,4,-0.008520,4.000000,2,2,4.000000,44.893600,20.893600,192.293600,530,523,25,25,22.812100,22.812100,0.000000,0.000000,0.000000,0.000000,0.000000,unchanged,False,False
order,,W573,D90,0.450900,4,-0.008520,4.000000,2,2,4.000000,44.940500,20.940500,192.340500,533,526,26,26,21.391400,21.391400,0.000000,0.000000,0.000000,0.000000,0.000000,unchanged,False,False
order,,W574,D50,1.370300,4,-0.008520,4.000000,4,0,1.000000,192.409600,21.009600,192.409600,542,536,168,168,22.753300,22.753300,0.000000,0.000000,0.000000,0.000000,0.000000,unchanged,False,False
order,,W575,D20,4.498000,4,0.270475,3.729525,2,2,4.000000,45.126100,21.126100,192.526100,544,538,91,85,25.938100,25.931700,0.000000,0.000000,0.000000,0.000000,0.000000,promoted,False,False
order,,W576,D30,9.482500,4,-0.008520,4.000000,4,0,1.000000,192.564600,21.164600,192.564600,667,662,185,185,35.639300,35.639300,0.000000,0.000000,0.000000,0.000000,0.000000,unchanged,False,False
order,,W577,D30,5.388800,4,-0.008520,4.000000,4,0,1.000000,192.577000,21.177000,192.577000,543,537,147,147,26.773800,26.773800,0.000000,0.000000,0.000000,0.000000,0.000000,unchanged,False,False
order,,W578,E10,2.071400,4,-0.008520,4.000000,3,1,2.000000,101.203800,21.203800,192.603800,577,573,21,21,24.884700,24.884700,0.000000,0.000000,0.000000,0.000000,0.000000,unchanged,False,False
order,,W579,D20,10.816000,4,0.185720,3.814280,2,2,4.000000,45.259500,21.259500,192.659500,608,546,103,87,34.751600,32.603000,0.000000,0.000000,0.000000,0.000000,0.000000,promoted,False,False
order,,W58,D50,1.534700,4,-0.008520,4.000000,4,0,1.000000,173.238400,1.838400,173.238400,58,58,16,16,3.373100,3.373100,0.000000,0.000000,0.000000,0.000000,0.000000,unchanged,False,False
order,,W580,D50,1.269700,4,-0.008520,4.000000,4,0,1.000000,192.690000,21.290000,192.690000,541,535,167,167,22.647000,22.647000,0.000000,0.000000,0.000000,0.000000,0.000000,unchanged,False,False
order,,W581,D30,14.364700,4,-0.240315,4.000000,4,0,1.000000,192.804200,21.404200,192.804200,677,674,191,191,40.891300,40.891300,0.000000,0.000000,0.000000,0.000000,0.000000,unchanged,False,False
order,,W582,D50,0.674400,4,-0.008520,4.000000,4,0,1.000000,192.827800,21.427800,192.827800,547,541,169,169,22.214900,22.214900,0.000000,0.000000,0.000000,0.000000,0.000000,unchanged,False,False
order,,W583,D40,4.065400,4,-0.008520,4.000000,3,1,2.000000,101.481600,21.481600,192.881600,545,539,23,23,25.547000,25.547000,0.000000,0.000000,0.000000,0.000000,0.000000,unchanged,False,False
order,,W584,D30,1.685400,4,-0.008520,4.000000,4,0,1.000000,192.895700,21.495700,192.895700,548,542,149,149,23.268500,23.268500,0.000000,0.000000,0.000000,0.000000,0.000000,unchanged,False,False
order,,W585,D50,2.026000,4,-0.008520,4.000000,4,0,1.000000,192.945900,21.545900,192.945900,571,566,178,178,24.600000,24.600000,0.000000,0.000000,0.000000,0.000000,0.000000,unchanged,False,False
order,,W586,D20,4.674600,4,0.215527,3.784473,2,2,4.000000,45.602200,21.602200,193.002200,559,545,93,86,26.708300,26.445800,0.000000,0.000000,0.000000,0.000000,0.000000,promoted,False,False
order,,W587,D30,1.265800,4,-0.008520,4.000000,4,0,1.000000,193.045200,21.645200,193.045200,553,548,150,150,23.074600,23.074600,0.000000,0.000000,0.000000,0.000000,0.000000,unchanged,False,False
order,,W588,D50,2.638600,4,-0.008520,4.000000,4,0,1.000000,193.091700,21.691700,193.091700,636,631,193,193,27.715000,27.715000,0.000000,0.000000,0.000000,0.000000,0.000000,unchanged,False,False
order,,W589,D30,2.108900,4,-0.008520,4.000000,4,0,1.000000,193.143600,21.743600,193.143600,554,549,151,151,23.941700,23.941700,0.000000,0.000000,0.000000,0.000000,0.000000,unchanged,False,False
order,,W59,D30,1.865700,4,-0.008520,4.000000,4,0,1.000000,173.259600,1.859600,173.259600,59,59,20,20,3.725300,3.725300,0.000000,0.000000,0.000000,0.000000,0.000000,unchanged,False,False
order,,W590,D50,0.765500,2,-0.008520,2.008520,2,0,4.000000,45.779000,21.779000,45.779000,556,552,172,172,22.678500,22.678500,0.000000,0.000000,0.000000,0.000000,0.000000,unchanged,False,False
order,,W591,D50,1.122400,1,-0.008520,1.008520,1,0,8.000000,29.779500,21.779500,29.779500,552,547,171,171,22.913300,22.913300,0.000000,0.000000,0.000000,0.000000,0.000000,unchanged,False,False
order,,W592,C10,0.762400,4,-0.008520,4.000000,4,0,1.000000,193.246100,21.846100,193.246100,705,699,35,35,28.195900,28.195900,0.000000,0.000000,0.000000,0.000000,0.000000,unchanged,False,False
order,,W593,D30,2.700400,4,-0.008520,4.000000,4,0,1.000000,193.270700,21.870700,193.270700,555,550,152,152,24.595300,24.595300,0.000000,0.000000,0.000000,0.000000,0.000000,unchanged,False,False
order,,W594,D30,2.723600,4,-0.008520,4.000000,4,0,1.000000,193.344100,21.944100,193.344100,557,553,153,153,24.699900,24.699900,0.000000,0.000000,0.000000,0.000000,0.000000,unchanged,False,False
order,,W595,D30,5.587700,4,-0.008520,4.000000,4,0,1.000000,193.373800,21.973800,193.373800,558,554,154,154,27.564500,27.564500,0.000000,0.000000,0.000000,0.000000,0.000000,unchanged,False,False
order,,W596,MISC,1.928200,4,-0.008520,4.000000,2,2,4.000000,46.043800,22.043800,193.443800,560,555,9,9,23.972000,23.972000,0.000000,0.000000,0.000000,0.000000,0.000000,unchanged,False,False
order,,W597,D20,0.424500,4,-0.008520,4.000000,4,-1,1.000000,193.446400,22.046400,193.446400,570,571,94,90,22.917200,23.154600,0.000000,0.000000,0.000000,0.000000,0.000000,unchanged,False,False
order,,W598,C10,0.838800,4,-0.008520,4.000000,4,0,1.000000,193.456300,22.056300,193.456300,723,715,37,37,29.111100,29.111100,0.000000,0.000000,0.000000,0.000000,0.000000,unchanged,False,False
order,,W599,D30,2.150700,4,-0.008520,4.000000,4,0,1.000000,193.522200,22.122200,193.522200,562,558,155,155,24.331400,24.331400,0.000000,0.000000,0.000000,0.000000,0.000000,unchanged,False,False
order,,W6,D20,0.649600,4,-0.140034,4.000000,4,-1,1.000000,171.571300,0.171300,171.571300,7,7,2,2,0.820900,0.820900,0.000000,0.000000,0.000000,0.000000,0.000000,unchanged,False,False
order,,W60,D30,3.477300,4,-0.008520,4.000000,4,0,1.000000,173.268300,1.868300,173.268300,60,60,21,21,5.345600,5.345600,0.000000,0.000000,0.000000,0.000000,0.000000,unchanged,False,False
order,,W600,C10,1.293500,2,-0.008520,2.008520,2,0,4.000000,46.126900,22.126900,46.126900,614,606,29,29,25.570300,25.570300,0.000000,0.000000,0.000000,0.000000,0.000000,unchanged,False,False
order,,W601,D20,2.106800,4,-0.263513,4.000000,4,-1,1.000000,193.621100,22.221100,193.621100,589,669,98,106,25.387000,28.536000,0.000000,0.000000,0.000000,0.000000,0.000000,unchanged,False,False
order,,W602,D30,4.231500,4,-0.008520,4.000000,4,0,1.000000,193.672200,22.272200,193.672200,578,574,160,160,27.047600,27.047600,0.000000,0.000000,0.000000,0.000000,0.000000,unchanged,False,False
order,,W603,D30,0.522800,4,-0.008520,4.000000,4,0,1.000000,193.698600,22.298600,193.698600,566,562,156,156,22.913800,22.913800,0.000000,0.000000,0.000000,0.000000,0.000000,unchanged,False,False
order,,W604,D50,2.254000,4,-0.008520,4.000000,4,0,1.000000,193.747100,22.347100,193.747100,576,572,181,181,25.007300,25.007300,0.000000,0.000000,0.000000,0.000000,0.000000,unchanged,False,False
order,,W605,D30,1.990200,2,-0.008520,2.008520,2,0,4.000000,46.393000,22.393000,46.393000,569,565,157,157,24.441700,24.441700,0.000000,0.000000,0.000000,0.000000,0.000000,unchanged,False,False
order,,W606,D90,11.958000,4,-0.008520,4.000000,2,2,4.000000,46.445100,22.445100,193.845100,567,563,27,27,34.403100,34.403100,0.000000,0.000000,0.000000,0.000000,0.000000,unchanged,False,False
order,,W607,D30,7.562600,4,-0.008520,4.000000,4,0,1.000000,193.889100,22.489100,193.889100,610,602,170,170,31.597900,31.597900,0.000000,0.000000,0.000000,0.000000,0.000000,unchanged,False,False
order,,W608,D30,1.578500,2,-0.008520,2.008520,2,0,4.000000,46.512500,22.512500,46.512500,573,568,158,158,24.229300,24.229300,0.000000,0.000000,0.000000,0.000000,0.000000,unchanged,False,False
order,,W609,D30,6.894900,2,-0.008520,2.008520,2,0,4.000000,46.588900,22.588900,46.588900,575,570,159,159,29.581200,29.581200,0.000000,0.000000,0.000000,0.000000,0.000000,unchanged,False,False
order,,W61,D30,4.862100,4,-0.008520,4.000000,4,0,1.000000,173.308500,1.908500,173.308500,61,61,22,22,6.770600,6.770600,0.000000,0.000000,0.000000,0.000000,0.000000,unchanged,False,False
order,,W610,C10,2.809500,2,-0.008520,2.008520,2,0,4.000000,46.635100,22.635100,46.635100,615,607,30,30,27.121800,27.121800,0.000000,0.000000,0.000000,0.000000,0.000000,unchanged,False,False
order,,W611,E10,2.082500,4,-0.008520,4.000000,3,1,2.000000,102.707400,22.707400,194.107400,613,605,23,23,26.327800,26.327800,0.000000,0.000000,0.000000,0.000000,0.000000,unchanged,False,False
order,,W612,C10,0.524300,4,-0.008520,4.000000,4,0,1.000000,194.169100,22.769100,194.169100,719,712,36,36,28.720200,28.720200,0.000000,0.000000,0.000000,0.000000,0.000000,unchanged,False,False
order,,W613,D50,0.544200,4,-0.008520,4.000000,4,0,1.000000,194.219400,22.819400,194.219400,580,576,182,182,23.457500,23.457500,0.000000,0.000000,0.000000,0.000000,0.000000,unchanged,False,False
order,,W614,D30,1.003600,2,-0.008520,2.008520,2,0,4.000000,46.858100,22.858100,46.858100,581,577,161,161,23.917400,23.917400,0.000000,0.000000,0.000000,0.000000,0.000000,unchanged,False,False
order,,W615,D20,3.697700,4,-0.327911,4.000000,4,-1,1.000000,194.287500,22.887500,194.287500,592,724,100,116,27.064000,32.222200,0.000000,0.000000,0.000000,0.000000,0.000000,unchanged,False,False
order,,W616,MISC,3.970300,4,-0.238707,4.000000,2,2,4.000000,46.909300,22.909300,194.309300,579,575,10,10,26.879600,26.879600,0.000000,0.000000,0.000000,0.000000,0.000000,unchanged,False,False
order,,W617,D20,0.363000,4,-0.008520,4.000000,4,-1,1.000000,194.313700,22.913700,194.313700,582,581,95,92,23.280200,23.517600,0.000000,0.000000,0.000000,0.000000,0.000000,unchanged,False,False
order,,W618,D50,2.074200,4,-0.008520,4.000000,4,0,1.000000,194.343800,22.943800,194.343800,621,614,189,189,26.674200,26.674200,0.000000,0.000000,0.000000,0.000000,0.000000,unchanged,False,False
order,,W619,E10,0.733100,4,-0.008520,4.000000,3,1,2.000000,102.972900,22.972900,194.372900,599,594,22,22,24.352100,24.352100,0.000000,0.000000,0.000000,0.000000,0.000000,unchanged,False,False
order,,W62,C30,6.100600,4,-0.502067,4.000000,3,1,2.000000,81.953100,1.953100,173.353100,62,62,1,1,8.053700,8.053700,0.000000,0.000000,0.000000,0.000000,0.000000,unchanged,False,False
order,,W620,D20,0.757500,4,-0.031440,4.000000,4,-1,1.000000,194.380000,22.980000,194.380000,586,629,97,100,23.935600,25.820900,0.000000,0.000000,0.000000,0.000000,0.000000,unchanged,False,False
order,,W621,D20,2.189100,4,-0.270815,4.000000,4,-1,1.000000,194.423500,23.023500,194.423500,590,670,99,107,25.506600,28.634900,0.000000,0.000000,0.000000,0.000000,0.000000,unchanged,False,False
order,,W622,D50,0.261500,4,-0.008520,4.000000,3,1,2.000000,103.051400,23.051400,194.451400,593,586,183,183,23.719000,23.719000,0.000000,0.000000,0.000000,0.000000,0.000000,unchanged,False,False
order,,W623,D50,1.088500,4,-0.008520,4.000000,4,0,1.000000,194.451900,23.051900,194.451900,598,592,185,185,24.647100,24.647100,0.000000,0.000000,0.000000,0.000000,0.000000,unchanged,False,False
order,,W624,C30,0.219100,4,-0.008520,4.000000,2,2,4.000000,47.082600,23.082600,194.482600,584,579,13,13,23.301700,23.301700,0.000000,0.000000,0.000000,0.000000,0.000000,unchanged,False,False
order,,W625,D20,0.199900,2,-0.008520,2.008520,3,-1,2.000000,103.115600,23.115600,47.115600,585,580,96,91,23.317500,23.317500,0.000000,0.000000,0.000000,0.000000,0.000000,unchanged,False,False
order,,W626,D50,0.674900,4,-0.008520,4.000000,4,0,1.000000,194.579200,23.179200,194.579200,597,591,184,184,24.225800,24.225800,0.000000,0.000000,0.000000,0.000000,0.000000,unchanged,False,False
order,,W627,D30,3.258100,2,-0.008520,2.008520,2,0,4.000000,47.182400,23.182400,47.182400,588,583,163,163,26.526600,26.526600,0.000000,0.000000,0.000000,0.000000,0.000000,unchanged,False,False
order,,W628,D90,0.371900,4,-0.008520,4.000000,2,2,4.000000,47.251600,23.251600,194.651600,587,582,28,28,23.623500,23.623500,0.000000,0.000000,0.000000,0.000000,0.000000,unchanged,False,False
order,,W629,D30,14.344900,4,-0.235834,4.000000,4,0,1.000000,194.679500,23.279500,194.679500,755,753,212,212,43.926100,43.926100,0.000000,0.000000,0.000000,0.000000,0.000000,unchanged,False,False
order,,W63,D20,4.691100,2,0.379003,1.620997,1,2,8.000000,9.996000,1.996000,25.996000,63,63,17,17,6.687100,6.687100,0.000000,0.000000,0.000000,0.000000,0.000000,promoted,False,False
order,,W630,D20,14.446100,4,0.186904,3.813096,2,2,4.000000,47.300000,23.300000,194.700000,880,584,145,93,49.197700,37.763600,1.897700,0.000000,7.590800,0.000000,-7.590800,promoted,False,False
order,,W631,C30,1.903700,4,-0.008520,4.000000,2,2,4.000000,47.319300,23.319300,194.719300,591,585,14,14,25.223000,25.223000,0.000000,0.000000,0.000000,0.000000,0.000000,unchanged,False,False
order,,W632,C10,3.352000,4,-0.008520,4.000000,4,0,1.000000,194.785400,23.385400,194.785400,837,835,45,45,36.271900,36.271900,0.000000,0.000000,0.000000,0.000000,0.000000,unchanged,False,False
order,,W633,D30,1.947900,4,-0.008520,4.000000,4,0,1.000000,194.885900,23.485900,194.885900,601,595,165,165,25.629600,25.629600,0.000000,0.000000,0.000000,0.000000,0.000000,unchanged,False,False
order,,W634,D30,2.239400,4,-0.008520,4.000000,4,0,1.000000,194.894300,23.494300,194.894300,607,600,168,168,26.156800,26.156800,0.000000,0.000000,0.000000,0.000000,0.000000,unchanged,False,False
order,,W635,D90,4.487500,4,-0.008520,4.000000,2,2,4.000000,47.494900,23.494900,194.894900,595,588,29,29,27.982400,27.982400,0.000000,0.000000,0.000000,0.000000,0.000000,unchanged,False,False
order,,W636,MISC,15.442900,3,-0.589165,3.589165,2,1,4.000000,47.538700,23.538700,103.538700,596,590,11,11,38.981600,38.981600,0.000000,0.000000,0.000000,0.000000,0.000000,demoted,True,False
order,,W637,D50,1.702100,4,-0.008520,4.000000,4,0,1.000000,195.101700,23.701700,195.101700,602,596,186,186,25.421100,25.421100,0.000000,0.000000,0.000000,0.000000,0.000000,unchanged,False,False
order,,W638,D30,5.270800,4,-0.008520,4.000000,4,0,1.000000,195.114800,23.714800,195.114800,609,601,169,169,29.212500,29.212500,0.000000,0.000000,0.000000,0.000000,0.000000,unchanged,False,False
order,,W639,D30,1.436200,2,-0.008520,2.008520,2,0,4.000000,47.724600,23.724600,47.724600,603,597,166,166,25.254300,25.254300,0.000000,0.000000,0.000000,0.000000,0.000000,unchanged,False,False
order,,W64,D40,1.343700,1,-0.008520,1.008520,1,1,8.000000,10.003800,2.003800,10.003800,64,64,1,1,3.347500,3.347500,0.000000,0.000000,0.000000,0.000000,0.000000,unchanged,False,False
order,,W640,C10,1.832600,4,-0.008520,4.000000,4,0,1.000000,195.176100,23.776100,195.176100,797,794,42,42,33.193600,33.193600,0.000000,0.000000,0.000000,0.000000,0.000000,unchanged,False,False
order,,W641,D30,0.207200,4,-0.008520,4.000000,4,0,1.000000,195.199800,23.799800,195.199800,604,598,167,167,24.035300,24.035300,0.000000,0.000000,0.000000,0.000000,0.000000,unchanged,False,False
order,,W642,D50,1.280900,4,-0.008520,4.000000,4,0,1.000000,195.203400,23.803400,195.203400,611,603,187,187,25.506700,25.506700,0.000000,0.000000,0.000000,0.000000,0.000000,unchanged,False,False
order,,W643,D40,0.275500,4,-0.008520,4.000000,2,2,4.000000,47.865700,23.865700,195.265700,606,599,24,24,24.141200,24.141200,0.000000,0.000000,0.000000,0.000000,0.000000,unchanged,False,False
order,,W644,D50,2.705700,4,-0.008520,4.000000,4,0,1.000000,195.271200,23.871200,195.271200,692,689,209,209,29.728000,29.728000,0.000000,0.000000,0.000000,0.000000,0.000000,unchanged,False,False
order,,W645,C10,0.977100,4,-0.008520,4.000000,4,0,1.000000,195.341500,23.941500,195.341500,754,751,40,40,30.522700,30.522700,0.000000,0.000000,0.000000,0.000000,0.000000,unchanged,False,False
order,,W646,D50,2.899900,4,-0.135005,4.000000,4,-1,1.000000,195.477100,24.077100,195.477100,700,695,210,210,30.064100,30.064100,0.000000,0.000000,0.000000,0.000000,0.000000,unchanged,False,False
order,,W647,E10,2.543500,4,-0.179492,4.000000,4,0,1.000000,195.483100,24.083100,195.483100,617,609,24,24,26.895600,26.895600,0.000000,0.000000,0.000000,0.000000,0.000000,unchanged,False,False
order,,W648,E10,15.176200,4,-0.900256,4.000000,4,0,1.000000,195.515500,24.115500,195.515500,859,869,36,37,48.809000,49.188500,0.000000,0.000000,0.000000,0.000000,0.000000,unchanged,False,False
order,,W649,D30,2.149800,4,-0.008520,4.000000,3,1,2.000000,104.284200,24.284200,195.684200,616,608,172,172,26.481200,26.481200,0.000000,0.000000,0.000000,0.000000,0.000000,unchanged,False,False
order,,W65,D20,8.742000,4,0.343033,3.656967,2,2,4.000000,26.019200,2.019200,173.419200,65,65,18,18,10.761200,10.761200,0.000000,0.000000,0.000000,0.000000,0.000000,promoted,False,False
order,,W650,D20,1.630700,4,-0.211936,4.000000,4,-2,1.000000,195.784300,24.384300,195.784300,628,679,105,109,26.536400,28.323400,0.000000,0.000000,0.000000,0.000000,0.000000,unchanged,False,False
order,,W651,D20,1.353000,2,-0.163508,2.163508,4,-2,1.000000,195.798100,24.398100,48.398100,626,611,104,96,26.117100,25.850600,0.000000,0.000000,0.000000,0.000000,0.000000,demoted,False,False
order,,W652,D30,1.748600,4,-0.008520,4.000000,3,1,2.000000,104.415900,24.415900,195.815900,618,610,173,173,26.190300,26.190300,0.000000,0.000000,0.000000,0.000000,0.000000,unchanged,False,False
order,,W653,D30,27.310000,4,-0.917928,4.000000,4,0,1.000000,195.916500,24.516500,195.916500,1202,1186,321,321,74.039200,74.129300,0.000000,0.000000,0.000000,0.000000,0.000000,unchanged,False,False
order,,W654,D30,0.406000,2,-0.008520,2.008520,1,1,8.000000,32.558900,24.558900,48.558900,620,613,174,174,25.001300,25.001300,0.000000,0.000000,0.000000,0.000000,0.000000,unchanged,False,False
order,,W655,D50,1.491700,4,-0.066864,4.000000,4,-1,1.000000,196.019600,24.619600,196.019600,622,616,190,190,26.138800,26.138800,0.000000,0.000000,0.000000,0.000000,0.000000,unchanged,False,False
order,,W656,D30,7.355000,4,-0.008520,4.000000,3,1,2.000000,104.647600,24.647600,196.047600,623,617,175,175,32.054900,32.054900,0.000000,0.000000,0.000000,0.000000,0.000000,unchanged,False,False
order,,W657,D50,3.127100,4,-0.123401,4.000000,4,-1,1.000000,196.050400,24.650400,196.050400,766,766,227,227,33.225300,33.225300,0.000000,0.000000,0.000000,0.000000,0.000000,unchanged,False,False
order,,W658,D40,3.733900,4,-0.008520,4.000000,4,0,1.000000,196.134900,24.734900,196.134900,624,620,25,25,28.468800,28.468800,0.000000,0.000000,0.000000,0.000000,0.000000,unchanged,False,False
order,,W659,D20,5.623900,4,-0.372232,4.000000,3,1,2.000000,104.740000,24.740000,196.140000,646,857,108,138,31.152200,39.242400,0.000000,0.000000,0.000000,0.000000,0.000000,unchanged,False,False
order,,W66,D30,4.615900,4,-0.008520,4.000000,4,0,1.000000,173.480800,2.080800,173.480800,66,66,23,23,6.696700,6.696700,0.000000,0.000000,0.000000,0.000000,0.000000,unchanged,False,False
order,,W660,D90,2.428100,4,-0.008520,4.000000,3,1,2.000000,104.758100,24.758100,196.158100,625,621,30,30,27.186200,27.186200,0.000000,0.000000,0.000000,0.000000,0.000000,unchanged,False,False
order,,W661,D30,2.165200,4,-0.008520,4.000000,3,1,2.000000,104.807800,24.807800,196.207800,639,634,177,177,27.419500,27.419500,0.000000,0.000000,0.000000,0.000000,0.000000,unchanged,False,False
order,,W662,C10,0.409700,2,-0.008520,2.008520,3,-1,2.000000,104.812000,24.812000,48.812000,648,641,31,31,25.980000,25.980000,0.000000,0.000000,0.000000,0.000000,0.000000,unchanged,False,False
order,,W663,D50,1.247200,4,-0.008520,4.000000,4,-1,1.000000,196.229200,24.829200,196.229200,630,624,191,191,26.220000,26.220000,0.000000,0.000000,0.000000,0.000000,0.000000,unchanged,False,False
order,,W664,D30,1.026400,2,-0.008520,2.008520,1,1,8.000000,32.898900,24.898900,48.898900,633,627,176,176,26.027700,26.027700,0.000000,0.000000,0.000000,0.000000,0.000000,unchanged,False,False
order,,W665,E10,4.806300,2,-0.889067,2.889067,2,0,4.000000,48.902000,24.902000,48.902000,672,667,26,26,31.134100,31.134100,0.000000,0.000000,0.000000,0.000000,0.000000,demoted,True,False
order,,W666,D90,2.161400,4,-0.008520,4.000000,3,1,2.000000,104.925600,24.925600,196.325600,629,623,31,31,27.087000,27.087000,0.000000,0.000000,0.000000,0.000000,0.000000,unchanged,False,False
order,,W667,D50,1.894600,4,-0.159595,4.000000,4,-1,1.000000,196.374300,24.974300,196.374300,687,684,207,207,28.738000,28.738000,0.000000,0.000000,0.000000,0.000000,0.000000,unchanged,False,False
order,,W668,D50,3.146600,4,-0.122435,4.000000,4,-1,1.000000,196.381500,24.981500,196.381500,769,769,229,229,33.316300,33.316300,0.000000,0.000000,0.000000,0.000000,0.000000,unchanged,False,False
order,,W669,E20,6.588300,4,-0.008520,4.000000,4,-2,1.000000,196.384800,24.984800,196.384800,631,625,5,5,31.573100,31.573100,0.000000,0.000000,0.000000,0.000000,0.000000,unchanged,False,False
order,,W67,D20,2.538300,4,-0.203801,4.000000,4,-2,1.000000,173.502800,2.102800,173.502800,67,67,19,19,4.641100,4.641100,0.000000,0.000000,0.000000,0.000000,0.000000,unchanged,False,False
order,,W670,C30,2.830800,4,-0.046467,4.000000,3,1,2.000000,104.998000,24.998000,196.398000,632,626,15,15,27.828800,27.828800,0.000000,0.000000,0.000000,0.000000,0.000000,unchanged,False,False
order,,W671,D50,3.591800,4,-0.101536,4.000000,4,-1,1.000000,196.466300,25.066300,196.466300,784,783,233,233,34.383000,34.383000,0.000000,0.000000,0.000000,0.000000,0.000000,unchanged,False,False
order,,W672,D40,3.724200,1,-0.008520,1.008520,1,0,8.000000,33.071300,25.071300,33.071300,635,630,26,26,28.795500,28.795500,0.000000,0.000000,0.000000,0.000000,0.000000,unchanged,False,False
order,,W673,D20,2.502700,4,-0.349682,4.000000,4,-2,1.000000,196.507100,25.107100,196.507100,644,725,107,117,28.009300,31.038700,0.000000,0.000000,0.000000,0.000000,0.000000,unchanged,False,False
order,,W674,D50,1.597700,2,-0.119098,2.119098,3,-1,2.000000,105.134300,25.134300,49.134300,638,633,194,194,26.843400,26.843400,0.000000,0.000000,0.000000,0.000000,0.000000,demoted,False,False
order,,W675,D50,0.976500,4,-0.008520,4.000000,4,-1,1.000000,196.544700,25.144700,196.544700,645,638,196,196,26.483200,26.483200,0.000000,0.000000,0.000000,0.000000,0.000000,unchanged,False,False
order,,W676,B30,0.571600,4,-0.008520,4.000000,4,0,1.000000,196.566400,25.166400,196.566400,637,632,9,9,25.738000,25.738000,0.000000,0.000000,0.000000,0.000000,0.000000,unchanged,False,False
order,,W677,D50,0.476900,4,-0.008520,4.000000,4,0,1.000000,196.580400,25.180400,196.580400,643,637,195,195,25.898000,25.898000,0.000000,0.000000,0.000000,0.000000,0.000000,unchanged,False,False
order,,W678,D30,2.733700,4,-0.008520,4.000000,3,1,2.000000,105.247900,25.247900,196.647900,641,636,178,178,28.030500,28.030500,0.000000,0.000000,0.000000,0.000000,0.000000,unchanged,False,False
order,,W679,D20,1.749600,4,-0.233206,4.000000,4,-2,1.000000,196.662400,25.262400,196.662400,642,680,106,110,27.136600,28.458300,0.000000,0.000000,0.000000,0.000000,0.000000,unchanged,False,False
order,,W68,D50,1.404100,4,-0.008520,4.000000,4,0,1.000000,173.504500,2.104500,173.504500,68,68,17,17,3.508600,3.508600,0.000000,0.000000,0.000000,0.000000,0.000000,unchanged,False,False
order,,W680,B30,19.340100,2,-0.053618,2.053618,3,-1,2.000000,105.289900,25.289900,49.289900,640,635,10,10,44.630000,44.630000,0.000000,0.000000,0.000000,0.000000,0.000000,demoted,False,False
order,,W681,D50,4.212700,4,-0.256277,4.000000,4,-1,1.000000,196.722800,25.322800,196.722800,823,862,245,257,36.618900,38.025600,0.000000,0.000000,0.000000,0.000000,0.000000,unchanged,False,False
order,,W682,D30,3.130600,4,-0.008520,4.000000,3,1,2.000000,105.335400,25.335400,196.735400,653,646,180,180,28.882100,28.882100,0.000000,0.000000,0.000000,0.000000,0.000000,unchanged,False,False
order,,W683,D50,2.147900,4,-0.167402,4.000000,4,-1,1.000000,196.796600,25.396600,196.796600,734,733,218,218,30.885900,30.885900,0.000000,0.000000,0.000000,0.000000,0.000000,unchanged,False,False
order,,W684,D30,1.397200,4,-0.008520,4.000000,3,1,2.000000,105.439100,25.439100,196.839100,649,642,179,179,27.026800,27.026800,0.000000,0.000000,0.000000,0.000000,0.000000,unchanged,False,False
order,,W685,E20,1.479100,4,-0.008520,4.000000,4,-1,1.000000,196.843300,25.443300,196.843300,800,796,6,6,33.052200,33.052200,0.000000,0.000000,0.000000,0.000000,0.000000,unchanged,False,False
order,,W686,E20,6.805500,4,-0.008520,4.000000,4,-2,1.000000,196.912000,25.512000,196.912000,1035,1047,10,10,46.926900,46.926900,0.000000,0.000000,0.000000,0.000000,0.000000,unchanged,False,False
order,,W687,D20,0.627300,4,-0.126166,4.000000,4,-2,1.000000,196.971600,25.571600,196.971600,682,654,112,104,27.323000,26.559000,0.000000,0.000000,0.000000,0.000000,0.000000,unchanged,False,False
order,,W688,D20,0.578600,4,-0.127312,4.000000,4,-2,1.000000,197.054600,25.654600,197.054600,665,649,110,103,26.695700,26.429200,0.000000,0.000000,0.000000,0.000000,0.000000,unchanged,False,False
order,,W689,D20,2.803900,4,-0.362945,4.000000,4,-2,1.000000,197.129200,25.729200,197.129200,683,788,113,128,29.512200,33.842600,0.000000,0.000000,0.000000,0.000000,0.000000,unchanged,False,False
order,,W69,D20,2.743300,4,-0.240321,4.000000,4,-2,1.000000,173.519000,2.119000,173.519000,70,70,20,20,4.903800,4.903800,0.000000,0.000000,0.000000,0.000000,0.000000,unchanged,False,False
order,,W690,D90,10.104100,4,-0.008520,4.000000,3,1,2.000000,105.729400,25.729400,197.129400,650,643,32,32,35.833500,35.833500,0.000000,0.000000,0.000000,0.000000,0.000000,unchanged,False,False
order,,W691,E10,4.761900,4,-0.890370,4.000000,4,0,1.000000,197.129600,25.729600,197.129600,690,687,27,27,31.657500,31.657500,0.000000,0.000000,0.000000,0.000000,0.000000,unchanged,False,False
order,,W692,D50,1.124300,4,-0.008520,4.000000,4,-1,1.000000,197.130600,25.730600,197.130600,658,653,199,199,27.022300,27.022300,0.000000,0.000000,0.000000,0.000000,0.000000,unchanged,False,False
order,,W693,D40,1.565100,2,-0.008520,2.008520,2,0,4.000000,49.747600,25.747600,49.747600,652,645,27,27,27.312700,27.312700,0.000000,0.000000,0.000000,0.000000,0.000000,unchanged,False,False
order,,W694,D20,1.377900,2,-0.166020,2.166020,4,-2,1.000000,197.179700,25.779700,49.779700,659,647,109,102,27.316000,27.198800,0.000000,0.000000,0.000000,0.000000,0.000000,demoted,False,False
order,,W695,D30,6.740700,4,-0.008520,4.000000,3,1,2.000000,105.790900,25.790900,197.190900,657,652,182,182,32.630800,32.630800,0.000000,0.000000,0.000000,0.000000,0.000000,unchanged,False,False
order,,W696,D30,0.757900,4,-0.008520,4.000000,3,1,2.000000,105.823800,25.823800,197.223800,656,651,181,181,26.633500,26.633500,0.000000,0.000000,0.000000,0.000000,0.000000,unchanged,False,False
order,,W697,B20,2.497300,4,-0.008520,4.000000,4,-2,1.000000,197.246300,25.846300,197.246300,654,648,8,8,28.343600,28.343600,0.000000,0.000000,0.000000,0.000000,0.000000,unchanged,False,False
order,,W698,C10,0.434500,4,-0.008520,4.000000,4,-1,1.000000,197.252500,25.852500,197.252500,743,742,39,39,29.545600,29.545600,0.000000,0.000000,0.000000,0.000000,0.000000,unchanged,False,False
order,,W699,D50,0.772400,4,-0.008520,4.000000,4,-1,1.000000,197.266000,25.866000,197.266000,655,650,198,198,26.644900,26.644900,0.000000,0.000000,0.000000,0.000000,0.000000,unchanged,False,False
order,,W7,D30,20.099500,4,-0.008520,4.000000,4,-1,1.000000,171.588800,0.188800,171.588800,8,8,1,1,20.288300,20.288300,0.000000,0.000000,0.000000,0.000000,0.000000,unchanged,False,False
order,,W70,D20,3.327000,4,-0.334281,4.000000,4,-2,1.000000,173.540400,2.140400,173.540400,71,71,21,21,5.519200,5.519200,0.000000,0.000000,0.000000,0.000000,0.000000,unchanged,False,False
order,,W700,D50,0.611200,4,-0.008520,4.000000,4,0,1.000000,197.336100,25.936100,197.336100,666,661,200,200,26.750000,26.750000,0.000000,0.000000,0.000000,0.000000,0.000000,unchanged,False,False
order,,W701,D50,6.124500,4,-0.326813,4.000000,4,-1,1.000000,197.336300,25.936300,197.336300,830,1107,247,339,38.763300,49.264600,0.000000,0.000000,0.000000,0.000000,0.000000,unchanged,False,False
order,,W702,D30,0.294400,2,-0.008520,2.008520,1,1,8.000000,34.010200,26.010200,50.010200,661,657,183,183,26.312700,26.312700,0.000000,0.000000,0.000000,0.000000,0.000000,unchanged,False,False
order,,W703,D40,5.586200,2,-0.008520,2.008520,2,0,4.000000,50.082900,26.082900,50.082900,663,659,28,28,31.669100,31.669100,0.000000,0.000000,0.000000,0.000000,0.000000,unchanged,False,False
order,,W704,D90,5.484200,4,-0.008520,4.000000,3,1,2.000000,106.090700,26.090700,197.490700,664,660,33,33,31.574900,31.574900,0.000000,0.000000,0.000000,0.000000,0.000000,unchanged,False,False
order,,W705,D50,2.430000,4,-0.156634,4.000000,4,-1,1.000000,197.518700,26.118700,197.518700,780,778,230,230,33.030300,33.030300,0.000000,0.000000,0.000000,0.000000,0.000000,unchanged,False,False
order,,W706,D50,0.944200,4,-0.008520,4.000000,4,-1,1.000000,197.529300,26.129300,197.529300,669,664,201,201,27.164200,27.164200,0.000000,0.000000,0.000000,0.000000,0.000000,unchanged,False,False
order,,W707,D50,1.524400,4,-0.083211,4.000000,4,-1,1.000000,197.581300,26.181300,197.581300,688,685,208,208,28.393400,28.393400,0.000000,0.000000,0.000000,0.000000,0.000000,unchanged,False,False
order,,W708,D30,2.894400,1,-0.008520,1.008520,1,1,8.000000,34.232900,26.232900,34.232900,670,665,187,187,29.190200,29.190200,0.000000,0.000000,0.000000,0.000000,0.000000,unchanged,False,False
order,,W709,D30,3.699300,4,-0.008520,4.000000,3,1,2.000000,106.245700,26.245700,197.645700,671,666,188,188,30.012000,30.012000,0.000000,0.000000,0.000000,0.000000,0.000000,unchanged,False,False
order,,W71,D30,6.499100,4,-0.008520,4.000000,4,0,1.000000,173.541300,2.141300,173.541300,69,69,24,24,8.640400,8.640400,0.000000,0.000000,0.000000,0.000000,0.000000,unchanged,False,False
order,,W710,D10,0.574200,1,-0.008520,1.008520,1,0,8.000000,34.366800,26.366800,34.366800,673,668,5,5,26.941000,26.941000,0.000000,0.000000,0.000000,0.000000,0.000000,unchanged,False,False
order,,W711,D20,6.713700,2,-0.402236,2.402236,1,1,8.000000,34.453200,26.453200,50.453200,678,675,111,108,33.250100,33.272700,0.000000,0.000000,0.000000,0.000000,0.000000,demoted,True,False
order,,W712,D50,0.224100,4,-0.008520,4.000000,4,0,1.000000,197.918000,26.518000,197.918000,680,677,203,203,26.869000,26.869000,0.000000,0.000000,0.000000,0.000000,0.000000,unchanged,False,False
order,,W713,D30,4.875000,4,-0.008520,4.000000,3,1,2.000000,106.613500,26.613500,198.013500,679,676,192,192,31.508500,31.508500,0.000000,0.000000,0.000000,0.000000,0.000000,unchanged,False,False
order,,W714,D50,0.967100,4,-0.008520,4.000000,4,-1,1.000000,198.047100,26.647100,198.047100,685,682,206,206,27.735400,27.735400,0.000000,0.000000,0.000000,0.000000,0.000000,unchanged,False,False
order,,W715,D30,1.231500,4,-0.008520,4.000000,3,1,2.000000,106.684600,26.684600,198.084600,686,683,193,193,28.005300,28.005300,0.000000,0.000000,0.000000,0.000000,0.000000,unchanged,False,False
order,,W716,D50,3.868700,4,-0.139742,4.000000,4,-1,1.000000,198.129500,26.729500,198.129500,835,1106,248,338,36.724300,46.861000,0.000000,0.000000,0.000000,0.000000,0.000000,unchanged,False,False
order,,W717,D50,2.528500,4,-0.152501,4.000000,4,-1,1.000000,198.178200,26.778200,198.178200,822,827,244,247,34.873400,35.167300,0.000000,0.000000,0.000000,0.000000,0.000000,unchanged,False,False
order,,W718,D30,1.517700,4,-0.008520,4.000000,3,1,2.000000,106.840200,26.840200,198.240200,693,690,194,194,28.544500,28.544500,0.000000,0.000000,0.000000,0.000000,0.000000,unchanged,False,False
order,,W719,E10,4.361400,4,-0.902596,4.000000,4,0,1.000000,198.271100,26.871100,198.271100,838,840,34,35,37.352700,37.427400,0.000000,0.000000,0.000000,0.000000,0.000000,unchanged,False,False
order,,W72,D50,0.871900,4,-0.008520,4.000000,4,0,1.000000,173.613500,2.213500,173.613500,72,72,18,18,3.085400,3.085400,0.000000,0.000000,0.000000,0.000000,0.000000,unchanged,False,False
order,,W720,D20,1.795300,4,-0.241137,4.000000,4,-2,1.000000,198.272500,26.872500,198.272500,703,759,117,123,29.118300,31.645500,0.000000,0.000000,0.000000,0.000000,0.000000,unchanged,False,False
order,,W721,D90,1.560600,4,-0.008520,4.000000,3,1,2.000000,106.872600,26.872600,198.272600,689,686,34,34,28.433200,28.433200,0.000000,0.000000,0.000000,0.000000,0.000000,unchanged,False,False
order,,W722,D30,4.301600,4,-0.008520,4.000000,3,1,2.000000,106.942800,26.942800,198.342800,741,740,207,207,33.348900,33.348900,0.000000,0.000000,0.000000,0.000000,0.000000,unchanged,False,False
order,,W723,D90,1.028300,4,-0.008520,4.000000,2,2,4.000000,50.976100,26.976100,198.376100,691,688,35,35,28.004400,28.004400,0.000000,0.000000,0.000000,0.000000,0.000000,unchanged,False,False
order,,W724,D30,3.611100,4,-0.008520,4.000000,3,1,2.000000,106.996200,26.996200,198.396200,694,691,195,195,30.658700,30.658700,0.000000,0.000000,0.000000,0.000000,0.000000,unchanged,False,False
order,,W725,E10,1.242100,4,-0.008520,4.000000,4,0,1.000000,198.412400,27.012400,198.412400,808,805,31,31,33.066000,33.066000,0.000000,0.000000,0.000000,0.000000,0.000000,unchanged,False,False
order,,W726,D30,8.625700,4,-0.008520,4.000000,3,1,2.000000,107.046100,27.046100,198.446100,749,748,210,210,37.889000,37.889000,0.000000,0.000000,0.000000,0.000000,0.000000,unchanged,False,False
order,,W727,D30,1.589400,4,-0.008520,4.000000,3,1,2.000000,107.053500,27.053500,198.453500,701,696,196,196,28.765600,28.765600,0.000000,0.000000,0.000000,0.000000,0.000000,unchanged,False,False
order,,W728,D20,3.780800,2,-0.335657,2.335657,4,-2,1.000000,198.456100,27.056100,51.056100,695,722,114,115,30.844800,32.239100,0.000000,0.000000,0.000000,0.000000,0.000000,demoted,False,False
order,,W729,D20,3.168800,1,-0.421284,1.421284,3,-2,2.000000,107.117100,27.117100,35.117100,698,697,115,111,30.305400,30.367600,0.000000,0.000000,0.000000,0.000000,0.000000,demoted,False,False
order,,W73,D90,1.224200,4,-0.008520,4.000000,2,2,4.000000,26.235500,2.235500,173.635500,73,73,1,1,3.459700,3.459700,0.000000,0.000000,0.000000,0.000000,0.000000,unchanged,False,False
order,,W730,D40,21.869500,4,-0.107901,4.000000,4,0,1.000000,198.520200,27.120200,198.520200,696,692,29,29,48.989700,48.989700,0.000000,0.000000,0.000000,0.000000,0.000000,unchanged,False,False
order,,W731,D50,1.497000,4,-0.069528,4.000000,4,-1,1.000000,198.529800,27.129800,198.529800,732,730,217,217,30.098200,30.098200,0.000000,0.000000,0.000000,0.000000,0.000000,unchanged,False,False
order,,W732,D40,49.698000,4,-0.343060,4.000000,4,-1,1.000000,198.543200,27.143200,198.543200,699,694,30,30,76.841200,76.841200,0.000000,0.000000,0.000000,0.000000,0.000000,unchanged,False,False
order,,W733,D30,13.910600,2,-0.160745,2.160745,2,0,4.000000,51.192100,27.192100,51.192100,704,698,197,197,41.330100,41.330100,0.000000,0.000000,0.000000,0.000000,0.000000,demoted,True,False
order,,W734,D50,0.674500,4,-0.008520,4.000000,4,0,1.000000,198.623600,27.223600,198.623600,709,703,212,212,28.409900,28.409900,0.000000,0.000000,0.000000,0.000000,0.000000,unchanged,False,False
order,,W735,D50,2.028200,4,-0.163794,4.000000,4,-1,1.000000,198.657000,27.257000,198.657000,785,784,234,234,32.855600,32.855600,0.000000,0.000000,0.000000,0.000000,0.000000,unchanged,False,False
order,,W736,D50,3.016200,4,-0.128983,4.000000,4,-1,1.000000,198.662100,27.262100,198.662100,840,1087,249,332,36.046500,44.817100,0.000000,0.000000,0.000000,0.000000,0.000000,unchanged,False,False
order,,W737,D20,0.761900,1,-0.123170,1.123170,3,-2,2.000000,107.264000,27.264000,35.264000,702,707,116,112,28.077900,28.564200,0.000000,0.000000,0.000000,0.000000,0.000000,demoted,False,False
order,,W738,D50,1.685600,4,-0.152620,4.000000,4,-1,1.000000,198.681200,27.281200,198.681200,768,768,228,228,31.797900,31.797900,0.000000,0.000000,0.000000,0.000000,0.000000,unchanged,False,False
order,,W739,E20,3.697100,4,-0.008520,4.000000,4,-1,1.000000,198.701000,27.301000,198.701000,914,931,9,9,40.121400,40.121400,0.000000,0.000000,0.000000,0.000000,0.000000,unchanged,False,False
order,,W74,D50,1.451400,4,-0.008520,4.000000,4,0,1.000000,173.645200,2.245200,173.645200,74,74,19,19,3.696600,3.696600,0.000000,0.000000,0.000000,0.000000,0.000000,unchanged,False,False
order,,W740,D30,1.245800,4,-0.008520,4.000000,3,1,2.000000,107.321400,27.321400,198.721400,715,709,200,200,29.276300,29.276300,0.000000,0.000000,0.000000,0.000000,0.000000,unchanged,False,False
order,,W741,D30,0.320100,4,-0.008520,4.000000,3,1,2.000000,107.359900,27.359900,198.759900,713,708,199,199,28.325400,28.325400,0.000000,0.000000,0.000000,0.000000,0.000000,unchanged,False,False
order,,W742,D50,2.066400,4,-0.164961,4.000000,4,-1,1.000000,198.784600,27.384600,198.784600,817,814,242,243,34.173700,34.207300,0.000000,0.000000,0.000000,0.000000,0.000000,unchanged,False,False
order,,W743,D30,6.802600,1,-0.008520,1.008520,1,1,8.000000,35.429000,27.429000,35.429000,707,701,198,198,34.367100,34.367100,0.000000,0.000000,0.000000,0.000000,0.000000,unchanged,False,False
order,,W744,D50,2.042900,4,-0.164245,4.000000,4,-1,1.000000,198.875100,27.475100,198.875100,818,823,243,246,34.183800,34.565700,0.000000,0.000000,0.000000,0.000000,0.000000,unchanged,False,False
order,,W745,D20,1.988300,4,-0.273261,4.000000,4,-2,1.000000,198.890200,27.490200,198.890200,722,761,120,124,30.254200,31.878600,0.000000,0.000000,0.000000,0.000000,0.000000,unchanged,False,False
order,,W746,D20,1.270600,2,-0.157434,2.157434,4,-2,1.000000,198.940400,27.540400,51.540400,714,717,118,113,29.279900,29.576200,0.000000,0.000000,0.000000,0.000000,0.000000,demoted,False,False
order,,W747,MISC,0.163000,4,-0.008520,4.000000,3,1,2.000000,107.545000,27.545000,198.945000,706,700,12,12,27.708000,27.708000,0.000000,0.000000,0.000000,0.000000,0.000000,unchanged,False,False
order,,W748,D50,0.548100,4,-0.008520,4.000000,4,0,1.000000,198.965400,27.565400,198.965400,708,702,211,211,28.263100,28.263100,0.000000,0.000000,0.000000,0.000000,0.000000,unchanged,False,False
order,,W749,D50,3.865200,4,-0.138514,4.000000,4,-1,1.000000,199.044400,27.644400,199.044400,849,1119,251,342,37.090500,47.250700,0.000000,0.000000,0.000000,0.000000,0.000000,unchanged,False,False
order,,W75,D50,1.568900,4,-0.008520,4.000000,4,0,1.000000,173.720100,2.320100,173.720100,75,75,20,20,3.889000,3.889000,0.000000,0.000000,0.000000,0.000000,0.000000,unchanged,False,False
order,,W750,D50,4.273300,4,-0.276007,4.000000,4,-1,1.000000,199.099700,27.699700,199.099700,851,1121,252,343,37.563100,47.678700,0.000000,0.000000,0.000000,0.000000,0.000000,unchanged,False,False
order,,W751,C30,3.419400,4,-0.152739,4.000000,3,1,2.000000,107.755400,27.755400,199.155400,710,704,16,16,31.174800,31.174800,0.000000,0.000000,0.000000,0.000000,0.000000,unchanged,False,False
order,,W752,D10,1.083300,4,-0.008520,4.000000,4,-1,1.000000,199.170800,27.770800,199.170800,711,705,6,6,28.854100,28.854100,0.000000,0.000000,0.000000,0.000000,0.000000,unchanged,False,False
order,,W753,D90,7.241500,4,-0.008520,4.000000,3,1,2.000000,107.774900,27.774900,199.174900,712,706,36,36,35.016400,35.016400,0.000000,0.000000,0.000000,0.000000,0.000000,unchanged,False,False
order,,W754,D10,0.390900,2,-0.008520,2.008520,2,0,4.000000,51.791600,27.791600,51.791600,737,736,7,7,29.245000,29.245000,0.000000,0.000000,0.000000,0.000000,0.000000,unchanged,False,False
order,,W755,D20,5.795800,4,-0.377279,4.000000,3,1,2.000000,107.792800,27.792800,199.192800,821,906,135,147,38.073300,41.154200,0.000000,0.000000,0.000000,0.000000,0.000000,unchanged,False,False
order,,W756,D30,19.836400,4,-0.008520,4.000000,4,0,1.000000,199.230600,27.830600,199.230600,1296,1193,347,323,70.119800,66.865700,0.000000,0.000000,0.000000,0.000000,0.000000,unchanged,False,False
order,,W757,D30,3.696000,4,-0.008520,4.000000,3,1,2.000000,107.863500,27.863500,199.263500,736,735,205,205,32.499000,32.499000,0.000000,0.000000,0.000000,0.000000,0.000000,unchanged,False,False
order,,W758,D20,4.392700,2,-0.272017,2.272017,1,1,8.000000,35.863800,27.863800,51.863800,717,718,119,114,32.470600,32.716100,0.000000,0.000000,0.000000,0.000000,0.000000,demoted,True,False
order,,W759,D50,0.207800,4,-0.008520,4.000000,4,0,1.000000,199.341200,27.941200,199.341200,726,720,214,214,28.601200,28.601200,0.000000,0.000000,0.000000,0.000000,0.000000,unchanged,False,False
order,,W76,MISC,2.293000,2,-0.008520,2.008520,1,2,8.000000,10.326400,2.326400,26.326400,76,76,1,1,4.619400,4.619400,0.000000,0.000000,0.000000,0.000000,0.000000,unchanged,False,False
order,,W760,D30,3.734900,4,-0.008520,4.000000,3,1,2.000000,107.978900,27.978900,199.378900,738,737,206,206,32.617000,32.617000,0.000000,0.000000,0.000000,0.000000,0.000000,unchanged,False,False
order,,W761,D40,8.065700,2,-0.008520,2.008520,2,0,4.000000,52.054000,28.054000,52.054000,716,710,31,31,36.119700,36.119700,0.000000,0.000000,0.000000,0.000000,0.000000,unchanged,False,False
order,,W762,D30,0.721900,4,-0.008520,4.000000,3,1,2.000000,108.074600,28.074600,199.474600,725,719,201,201,29.047300,29.047300,0.000000,0.000000,0.000000,0.000000,0.000000,unchanged,False,False
order,,W763,D40,4.931200,1,-0.008520,1.008520,1,0,8.000000,36.120300,28.120300,36.120300,718,711,32,32,33.051500,33.051500,0.000000,0.000000,0.000000,0.000000,0.000000,unchanged,False,False
order,,W764,D50,2.375900,4,-0.158955,4.000000,4,-1,1.000000,199.543000,28.143000,199.543000,841,1086,250,331,35.424600,44.156500,0.000000,0.000000,0.000000,0.000000,0.000000,unchanged,False,False
order,,W765,D50,14.128500,4,-0.510288,4.000000,4,-1,1.000000,199.555500,28.155500,199.555500,827,1116,246,341,46.651300,57.435900,0.000000,0.000000,0.000000,0.000000,0.000000,unchanged,False,False
order,,W766,D50,1.594100,1,-0.117359,1.117359,2,-1,4.000000,52.183200,28.183200,36.183200,721,714,213,213,29.857200,29.857200,0.000000,0.000000,0.000000,0.000000,0.000000,demoted,False,False
order,,W767,B20,6.555800,2,-0.008520,2.008520,4,-2,1.000000,199.659500,28.259500,52.259500,720,713,9,9,34.815300,34.815300,0.000000,0.000000,0.000000,0.000000,0.000000,unchanged,False,False
order,,W768,D20,1.211400,4,-0.153185,4.000000,4,-2,1.000000,199.672600,28.272600,199.672600,744,729,121,118,30.329700,29.775600,0.000000,0.000000,0.000000,0.000000,0.000000,unchanged,False,False
order,,W769,D50,0.762800,4,-0.008520,4.000000,4,-1,1.000000,199.673600,28.273600,199.673600,727,721,215,215,29.172700,29.172700,0.000000,0.000000,0.000000,0.000000,0.000000,unchanged,False,False
order,,W77,D30,0.139200,4,-0.008520,4.000000,4,0,1.000000,173.826700,2.426700,173.826700,77,77,25,25,2.565900,2.565900,0.000000,0.000000,0.000000,0.000000,0.000000,unchanged,False,False
order,,W770,D90,3.926300,4,-0.008520,4.000000,3,1,2.000000,108.279300,28.279300,199.679300,724,716,37,37,32.205600,32.205600,0.000000,0.000000,0.000000,0.000000,0.000000,unchanged,False,False
order,,W771,D30,1.554300,4,-0.008520,4.000000,3,1,2.000000,108.283200,28.283200,199.683200,731,728,203,203,30.104300,30.104300,0.000000,0.000000,0.000000,0.000000,0.000000,unchanged,False,False
order,,W772,E10,4.812300,4,-0.888892,4.000000,4,0,1.000000,199.687700,28.287700,199.687700,843,858,35,36,37.878300,38.445100,0.000000,0.000000,0.000000,0.000000,0.000000,unchanged,False,False
order,,W773,D30,0.258500,4,-0.008520,4.000000,3,1,2.000000,108.331400,28.331400,199.731400,729,726,202,202,28.803000,28.803000,0.000000,0.000000,0.000000,0.000000,0.000000,unchanged,False,False
order,,W774,D20,1.215300,4,-0.153468,4.000000,4,-2,1.000000,199.756200,28.356200,199.756200,773,731,127,119,31.520700,29.850200,0.000000,0.000000,0.000000,0.000000,0.000000,unchanged,False,False
order,,W775,D30,7.687400,4,-0.008520,4.000000,3,1,2.000000,108.363000,28.363000,199.763000,747,746,209,209,36.899900,36.899900,0.000000,0.000000,0.000000,0.000000,0.000000,unchanged,False,False
order,,W776,E10,4.410000,2,-0.901064,2.901064,2,0,4.000000,52.372300,28.372300,52.372300,792,790,28,28,35.544100,35.544100,0.000000,0.000000,0.000000,0.000000,0.000000,demoted,True,False
order,,W777,D50,0.471600,4,-0.008520,4.000000,4,0,1.000000,199.811500,28.411500,199.811500,728,723,216,216,28.992800,28.992800,0.000000,0.000000,0.000000,0.000000,0.000000,unchanged,False,False
order,,W778,E10,1.340400,4,-0.008520,4.000000,4,0,1.000000,199.902000,28.502000,199.902000,831,828,33,33,34.012300,34.012300,0.000000,0.000000,0.000000,0.000000,0.000000,unchanged,False,False
order,,W779,B30,4.376500,2,-0.008520,2.008520,3,-1,2.000000,108.547000,28.547000,52.547000,730,727,11,11,32.923500,32.923500,0.000000,0.000000,0.000000,0.000000,0.000000,unchanged,False,False
order,,W78,D50,1.133900,4,-0.008520,4.000000,4,0,1.000000,173.903700,2.503700,173.903700,78,78,21,21,3.637600,3.637600,0.000000,0.000000,0.000000,0.000000,0.000000,unchanged,False,False
order,,W780,D20,3.755900,4,-0.341723,4.000000,4,-2,1.000000,199.979600,28.579600,199.979600,790,893,130,144,34.725600,38.620300,0.000000,0.000000,0.000000,0.000000,0.000000,unchanged,False,False
order,,W781,D30,2.343100,4,-0.008520,4.000000,3,1,2.000000,108.665000,28.665000,200.065000,735,734,204,204,31.108700,31.108700,0.000000,0.000000,0.000000,0.000000,0.000000,unchanged,False,False
order,,W782,D50,0.574300,4,-0.008520,4.000000,4,0,1.000000,200.153200,28.753200,200.153200,745,743,221,221,29.747000,29.747000,0.000000,0.000000,0.000000,0.000000,0.000000,unchanged,False,False
order,,W783,D50,0.496000,4,-0.008520,4.000000,4,0,1.000000,200.248700,28.848700,200.248700,740,739,219,219,29.488800,29.488800,0.000000,0.000000,0.000000,0.000000,0.000000,unchanged,False,False
order,,W784,D40,6.115900,4,-0.008520,4.000000,4,0,1.000000,200.290000,28.890000,200.290000,739,738,33,33,35.005900,35.005900,0.000000,0.000000,0.000000,0.000000,0.000000,unchanged,False,False
order,,W785,D50,4.751600,4,-0.330714,4.000000,4,-1,1.000000,200.413000,29.013000,200.413000,870,1130,255,345,38.935400,48.580700,0.000000,0.000000,0.000000,0.000000,0.000000,unchanged,False,False
order,,W786,D50,1.725200,2,-0.153982,2.153982,3,-1,2.000000,109.037700,29.037700,53.037700,742,741,220,220,30.791200,30.791200,0.000000,0.000000,0.000000,0.000000,0.000000,demoted,False,False
order,,W787,D30,3.550800,4,-0.008520,4.000000,3,1,2.000000,109.055200,29.055200,200.455200,746,744,208,208,32.741000,32.741000,0.000000,0.000000,0.000000,0.000000,0.000000,unchanged,False,False
order,,W788,D10,0.508400,4,-0.008520,4.000000,4,0,1.000000,200.477200,29.077200,200.477200,748,747,8,8,29.753400,29.753400,0.000000,0.000000,0.000000,0.000000,0.000000,unchanged,False,False
order,,W789,D30,13.618900,4,-0.176927,4.000000,4,0,1.000000,200.492100,29.092100,200.492100,775,771,216,216,43.967200,43.967200,0.000000,0.000000,0.000000,0.000000,0.000000,unchanged,False,False
order,,W79,D10,0.326600,4,-0.008520,4.000000,4,0,1.000000,173.967300,2.567300,173.967300,79,79,2,2,2.893900,2.893900,0.000000,0.000000,0.000000,0.000000,0.000000,unchanged,False,False
order,,W790,D20,0.779500,4,-0.122795,4.000000,4,-2,1.000000,200.522800,29.122800,200.522800,753,752,123,121,30.291700,30.355700,0.000000,0.000000,0.000000,0.000000,0.000000,unchanged,False,False
order,,W791,D50,0.680900,4,-0.008520,4.000000,4,0,1.000000,200.527400,29.127400,200.527400,752,750,222,222,30.169700,30.169700,0.000000,0.000000,0.000000,0.000000,0.000000,unchanged,False,False
order,,W792,D20,0.697000,2,-0.124585,2.124585,4,-2,1.000000,200.545400,29.145400,53.145400,751,745,122,120,29.976900,29.890300,0.000000,0.000000,0.000000,0.000000,0.000000,demoted,False,False
order,,W793,D30,10.657400,4,-0.130855,4.000000,4,0,1.000000,200.554200,29.154200,200.554200,750,749,211,211,39.933700,39.933700,0.000000,0.000000,0.000000,0.000000,0.000000,unchanged,False,False
order,,W794,D50,2.482400,4,-0.154421,4.000000,4,-1,1.000000,200.601100,29.201100,200.601100,874,1094,256,335,36.865400,44.515800,0.000000,0.000000,0.000000,0.000000,0.000000,unchanged,False,False
order,,W795,D20,6.167800,4,-0.387777,4.000000,3,1,2.000000,109.418600,29.418600,200.818600,928,1490,154,205,42.966800,66.345100,0.000000,0.000000,0.000000,0.000000,0.000000,unchanged,False,False
order,,W796,D50,2.320800,4,-0.161358,4.000000,4,-1,1.000000,200.872600,29.472600,200.872600,882,1093,257,334,37.129000,44.344500,0.000000,0.000000,0.000000,0.000000,0.000000,unchanged,False,False
order,,W797,D20,0.992800,4,-0.136443,4.000000,4,-2,1.000000,200.900800,29.500800,200.900800,762,758,124,122,30.969700,30.768400,0.000000,0.000000,0.000000,0.000000,0.000000,unchanged,False,False
order,,W798,D20,7.015100,4,-0.409786,4.000000,3,1,2.000000,109.504600,29.504600,200.904600,935,1321,155,190,43.948300,59.159900,0.000000,0.000000,0.000000,0.000000,0.000000,unchanged,False,False
order,,W799,C10,2.274500,2,-0.008520,2.008520,3,-1,2.000000,109.561500,29.561500,53.561500,778,776,41,41,32.797200,32.797200,0.000000,0.000000,0.000000,0.000000,0.000000,unchanged,False,False
order,,W8,D30,1.958900,2,-0.008520,2.008520,2,0,4.000000,24.238200,0.238200,24.238200,9,9,2,2,2.197100,2.197100,0.000000,0.000000,0.000000,0.000000,0.000000,unchanged,False,False
order,,W80,D30,0.567100,4,-0.008520,4.000000,4,0,1.000000,173.979500,2.579500,173.979500,80,80,26,26,3.146600,3.146600,0.000000,0.000000,0.000000,0.000000,0.000000,unchanged,False,False
order,,W800,D50,1.099400,4,-0.008520,4.000000,4,-1,1.000000,200.964600,29.564600,200.964600,757,755,223,223,30.827400,30.827400,0.000000,0.000000,0.000000,0.000000,0.000000,unchanged,False,False
order,,W801,D50,2.288100,4,-0.162802,4.000000,4,-1,1.000000,200.974700,29.574700,200.974700,886,1088,258,333,37.161500,44.212800,0.000000,0.000000,0.000000,0.000000,0.000000,unchanged,False,False
order,,W802,D50,1.149700,4,-0.008520,4.000000,4,-1,1.000000,200.984900,29.584900,200.984900,781,779,231,231,31.754800,31.754800,0.000000,0.000000,0.000000,0.000000,0.000000,unchanged,False,False
order,,W803,D90,3.755400,4,-0.008520,4.000000,3,1,2.000000,109.664700,29.664700,201.064700,756,754,38,38,33.420100,33.420100,0.000000,0.000000,0.000000,0.000000,0.000000,unchanged,False,False
order,,W804,D30,0.651000,4,-0.008520,4.000000,3,1,2.000000,109.693000,29.693000,201.093000,771,770,215,215,30.932000,30.932000,0.000000,0.000000,0.000000,0.000000,0.000000,unchanged,False,False
order,,W805,E10,0.842100,4,-0.008520,4.000000,4,0,1.000000,201.132400,29.732400,201.132400,803,800,30,30,32.499600,32.499600,0.000000,0.000000,0.000000,0.000000,0.000000,unchanged,False,False
order,,W806,D50,0.955000,4,-0.008520,4.000000,4,-1,1.000000,201.142200,29.742200,201.142200,758,756,224,224,30.702000,30.702000,0.000000,0.000000,0.000000,0.000000,0.000000,unchanged,False,False
order,,W807,D40,1.226200,4,-0.008520,4.000000,4,0,1.000000,201.164300,29.764300,201.164300,759,757,34,34,30.990500,30.990500,0.000000,0.000000,0.000000,0.000000,0.000000,unchanged,False,False
order,,W808,D30,23.585700,4,-0.403604,4.000000,4,0,1.000000,201.167900,29.767900,201.167900,1320,1282,356,348,74.967200,74.001200,0.000000,0.000000,0.000000,0.000000,0.000000,unchanged,False,False
order,,W809,D50,1.491900,4,-0.066965,4.000000,4,-1,1.000000,201.209000,29.809000,201.209000,852,913,253,275,34.808200,37.043600,0.000000,0.000000,0.000000,0.000000,0.000000,unchanged,False,False
order,,W81,D30,0.666100,2,-0.008520,2.008520,2,0,4.000000,26.630200,2.630200,26.630200,81,81,27,27,3.296300,3.296300,0.000000,0.000000,0.000000,0.000000,0.000000,unchanged,False,False
order,,W810,D30,0.244000,4,-0.008520,4.000000,3,1,2.000000,109.818800,29.818800,201.218800,767,767,214,214,30.348300,30.348300,0.000000,0.000000,0.000000,0.000000,0.000000,unchanged,False,False
order,,W811,D50,0.747900,4,-0.008520,4.000000,4,0,1.000000,201.231000,29.831000,201.231000,760,760,225,225,30.605100,30.605100,0.000000,0.000000,0.000000,0.000000,0.000000,unchanged,False,False
order,,W812,D50,1.801200,4,-0.156542,4.000000,4,-1,1.000000,201.254500,29.854500,201.254500,894,1081,259,329,37.225800,43.385500,0.000000,0.000000,0.000000,0.000000,0.000000,unchanged,False,False
order,,W813,D30,0.439200,2,-0.008520,2.008520,1,1,8.000000,37.879400,29.879400,53.879400,763,763,213,213,30.451200,30.451200,0.000000,0.000000,0.000000,0.000000,0.000000,unchanged,False,False
order,,W814,B30,40.619500,4,-0.069932,4.000000,4,-1,1.000000,201.298800,29.898800,201.298800,761,762,12,12,70.518300,70.518300,0.000000,0.000000,0.000000,0.000000,0.000000,unchanged,False,False
order,,W815,D50,0.536200,4,-0.008520,4.000000,4,0,1.000000,201.303600,29.903600,201.303600,765,765,226,226,30.600300,30.600300,0.000000,0.000000,0.000000,0.000000,0.000000,unchanged,False,False
order,,W816,D50,1.221400,4,-0.008520,4.000000,4,-1,1.000000,201.392300,29.992300,201.392300,787,785,235,235,32.107300,32.107300,0.000000,0.000000,0.000000,0.000000,0.000000,unchanged,False,False
order,,W817,D20,4.950800,4,-0.314163,4.000000,3,1,2.000000,110.005200,30.005200,201.405200,824,1492,136,206,37.421400,65.143100,0.000000,0.000000,0.000000,0.000000,0.000000,unchanged,False,False
order,,W818,D50,1.795400,4,-0.156349,4.000000,4,-1,1.000000,201.416600,30.016600,201.416600,941,1082,265,330,38.885900,43.405400,0.000000,0.000000,0.000000,0.000000,0.000000,unchanged,False,False
order,,W819,C30,0.717700,4,-0.008520,4.000000,3,1,2.000000,110.051400,30.051400,201.451400,764,764,17,17,30.769100,30.769100,0.000000,0.000000,0.000000,0.000000,0.000000,unchanged,False,False
order,,W82,D50,7.056700,4,-0.008520,4.000000,4,0,1.000000,174.050900,2.650900,174.050900,83,83,22,22,9.765000,9.765000,0.000000,0.000000,0.000000,0.000000,0.000000,unchanged,False,False
order,,W820,D20,8.925800,2,-0.451904,2.451904,1,1,8.000000,38.111900,30.111900,54.111900,772,774,126,126,39.217500,39.293400,1.105600,1.181500,8.844800,9.452000,0.607200,demoted,True,True
order,,W821,D20,7.992300,4,-0.432448,4.000000,3,1,2.000000,110.124300,30.124300,201.524300,1027,1469,167,203,47.923400,67.399600,0.000000,0.000000,0.000000,0.000000,0.000000,unchanged,False,False
order,,W822,D50,1.579800,4,-0.110429,4.000000,4,-1,1.000000,201.557300,30.157300,201.557300,930,1078,264,328,38.445200,42.992300,0.000000,0.000000,0.000000,0.000000,0.000000,unchanged,False,False
order,,W823,D20,2.746600,2,-0.366175,2.366175,4,-2,1.000000,201.573600,30.173600,54.173600,770,772,125,125,33.000800,33.102300,0.000000,0.000000,0.000000,0.000000,0.000000,demoted,False,False
order,,W824,C10,1.375600,4,-0.008520,4.000000,4,-1,1.000000,201.613000,30.213000,201.613000,834,831,44,44,34.172800,34.172800,0.000000,0.000000,0.000000,0.000000,0.000000,unchanged,False,False
order,,W825,D20,1.598900,4,-0.206085,4.000000,4,-2,1.000000,201.628400,30.228400,201.628400,774,824,128,133,31.928600,34.201900,0.000000,0.000000,0.000000,0.000000,0.000000,unchanged,False,False
order,,W826,C10,0.966800,4,-0.008520,4.000000,4,-1,1.000000,201.723800,30.323800,201.723800,812,809,43,43,32.919900,32.919900,0.000000,0.000000,0.000000,0.000000,0.000000,unchanged,False,False
order,,W827,D50,1.326200,4,-0.008520,4.000000,4,-1,1.000000,201.755600,30.355600,201.755600,926,863,263,258,38.050500,35.153600,0.000000,0.000000,0.000000,0.000000,0.000000,unchanged,False,False
order,,W828,D40,9.406600,4,-0.008520,4.000000,4,0,1.000000,201.764200,30.364200,201.764200,776,773,35,35,39.770800,39.770800,0.000000,0.000000,0.000000,0.000000,0.000000,unchanged,False,False
order,,W829,E20,2.111800,4,-0.008520,4.000000,4,-1,1.000000,201.913900,30.513900,201.913900,842,839,7,7,35.164000,35.164000,0.000000,0.000000,0.000000,0.000000,0.000000,unchanged,False,False
order,,W83,D20,4.069900,2,0.379003,1.620997,1,2,8.000000,10.668500,2.668500,26.668500,82,82,22,22,6.738400,6.738400,0.000000,0.000000,0.000000,0.000000,0.000000,promoted,False,False
order,,W830,D50,0.976100,4,-0.008520,4.000000,4,-1,1.000000,201.943400,30.543400,201.943400,783,781,232,232,31.678100,31.678100,0.000000,0.000000,0.000000,0.000000,0.000000,unchanged,False,False
order,,W831,D90,0.249800,4,-0.008520,4.000000,2,2,4.000000,54.556900,30.556900,201.956900,779,777,39,39,30.806700,30.806700,0.000000,0.000000,0.000000,0.000000,0.000000,unchanged,False,False
order,,W832,D20,4.518300,2,-0.281871,2.281871,1,1,8.000000,38.572000,30.572000,54.572000,786,782,129,127,35.363100,35.286700,0.000000,0.000000,0.000000,0.000000,0.000000,demoted,True,False
order,,W833,D30,2.421300,4,-0.008520,4.000000,3,1,2.000000,110.591400,30.591400,201.991400,782,780,218,218,33.080000,33.080000,0.000000,0.000000,0.000000,0.000000,0.000000,unchanged,False,False
order,,W834,D30,18.367100,4,-0.008520,4.000000,4,0,1.000000,202.183100,30.783100,202.183100,1322,1286,358,350,69.944700,68.974500,0.000000,0.000000,0.000000,0.000000,0.000000,unchanged,False,False
order,,W835,D30,7.572200,4,-0.008520,4.000000,3,1,2.000000,110.848400,30.848400,202.248400,788,786,219,219,38.504200,38.504200,0.000000,0.000000,0.000000,0.000000,0.000000,unchanged,False,False
order,,W836,C10,18.170800,4,-0.008520,4.000000,4,-1,1.000000,202.250600,30.850600,202.250600,1036,1050,54,54,58.338700,58.338700,0.000000,0.000000,0.000000,0.000000,0.000000,unchanged,False,False
order,,W837,D90,1.905800,4,-0.008520,4.000000,3,1,2.000000,110.953800,30.953800,202.353800,789,787,40,40,32.859600,32.859600,0.000000,0.000000,0.000000,0.000000,0.000000,unchanged,False,False
order,,W838,D30,8.665600,4,-0.008520,4.000000,3,1,2.000000,111.000900,31.000900,202.400900,1183,1153,315,309,54.637800,53.425000,0.000000,0.000000,0.000000,0.000000,0.000000,unchanged,False,False
order,,W839,D20,1.379400,4,-0.166170,4.000000,4,-2,1.000000,202.405300,31.005300,202.405300,816,817,134,132,33.457000,33.618500,0.000000,0.000000,0.000000,0.000000,0.000000,unchanged,False,False
order,,W84,D20,0.348100,4,-0.150560,4.000000,4,-1,1.000000,174.124500,2.724500,174.124500,84,84,23,23,3.072600,3.072600,0.000000,0.000000,0.000000,0.000000,0.000000,unchanged,False,False
order,,W840,D30,2.085700,4,-0.008520,4.000000,3,1,2.000000,111.045000,31.045000,202.445000,791,789,220,220,33.194400,33.194400,0.000000,0.000000,0.000000,0.000000,0.000000,unchanged,False,False
order,,W841,E20,6.043400,4,-0.008520,4.000000,4,-2,1.000000,202.513300,31.113300,202.513300,1209,1189,11,11,52.970300,52.970300,0.000000,0.000000,0.000000,0.000000,0.000000,unchanged,False,False
order,,W842,D50,1.287100,4,-0.008520,4.000000,4,-1,1.000000,202.513900,31.113900,202.513900,943,1072,267,327,38.448600,42.339600,0.000000,0.000000,0.000000,0.000000,0.000000,unchanged,False,False
order,,W843,D20,0.925400,4,-0.130909,4.000000,4,-2,1.000000,202.524100,31.124100,202.524100,793,807,131,130,32.077600,32.804000,0.000000,0.000000,0.000000,0.000000,0.000000,unchanged,False,False
order,,W844,E10,0.464800,4,-0.008520,4.000000,4,0,1.000000,202.558500,31.158500,202.558500,796,793,29,29,31.823900,31.823900,0.000000,0.000000,0.000000,0.000000,0.000000,unchanged,False,False
order,,W845,D50,0.840900,4,-0.008520,4.000000,4,-1,1.000000,202.560200,31.160200,202.560200,807,804,240,240,32.638800,32.638800,0.000000,0.000000,0.000000,0.000000,0.000000,unchanged,False,False
order,,W846,D90,15.773700,4,-0.008520,4.000000,3,1,2.000000,111.184300,31.184300,202.584300,794,791,41,41,46.958000,46.958000,0.000000,0.000000,0.000000,0.000000,0.000000,unchanged,False,False
order,,W847,D10,0.581800,4,-0.008520,4.000000,4,0,1.000000,202.646900,31.246900,202.646900,795,792,9,9,31.828700,31.828700,0.000000,0.000000,0.000000,0.000000,0.000000,unchanged,False,False
order,,W848,D10,0.699800,2,-0.008520,2.008520,3,-1,2.000000,111.270500,31.270500,55.270500,809,806,10,10,32.528500,32.528500,0.000000,0.000000,0.000000,0.000000,0.000000,unchanged,False,False
order,,W849,C10,4.400200,4,-0.008520,4.000000,4,-1,1.000000,202.682300,31.282300,202.682300,868,873,47,47,38.573000,38.573000,0.000000,0.000000,0.000000,0.000000,0.000000,unchanged,False,False
order,,W85,D50,0.579100,4,-0.008520,4.000000,4,0,1.000000,174.165100,2.765100,174.165100,96,96,26,26,4.005300,4.005300,0.000000,0.000000,0.000000,0.000000,0.000000,unchanged,False,False
order,,W850,D50,1.611700,2,-0.125837,2.125837,3,-1,2.000000,111.318500,31.318500,55.318500,804,801,237,237,33.289800,33.289800,0.000000,0.000000,0.000000,0.000000,0.000000,demoted,False,False
order,,W851,D30,2.453700,4,-0.008520,4.000000,3,1,2.000000,111.356900,31.356900,202.756900,798,795,221,221,33.962200,33.962200,0.000000,0.000000,0.000000,0.000000,0.000000,unchanged,False,False
order,,W852,D50,0.316600,4,-0.008520,4.000000,4,0,1.000000,202.763900,31.363900,202.763900,805,802,238,238,31.998400,31.998400,0.000000,0.000000,0.000000,0.000000,0.000000,unchanged,False,False
order,,W853,D20,5.146800,2,-0.328418,2.328418,1,1,8.000000,39.392700,31.392700,55.392700,799,799,132,129,36.667500,36.792300,0.000000,0.000000,0.000000,0.000000,0.000000,demoted,True,False
order,,W854,D50,0.917600,2,-0.008520,2.008520,3,-1,2.000000,111.488800,31.488800,55.488800,802,798,236,236,32.522800,32.522800,0.000000,0.000000,0.000000,0.000000,0.000000,unchanged,False,False
order,,W855,D30,4.740600,1,-0.008520,1.008520,1,1,8.000000,39.553100,31.553100,39.553100,801,797,222,222,36.338500,36.338500,0.000000,0.000000,0.000000,0.000000,0.000000,unchanged,False,False
order,,W856,D50,0.651400,4,-0.008520,4.000000,4,0,1.000000,202.957100,31.557100,202.957100,806,803,239,239,32.406200,32.406200,0.000000,0.000000,0.000000,0.000000,0.000000,unchanged,False,False
order,,W857,D50,1.075600,4,-0.008520,4.000000,4,-1,1.000000,202.958100,31.558100,202.958100,945,912,268,274,38.301400,36.620400,0.000000,0.000000,0.000000,0.000000,0.000000,unchanged,False,False
order,,W858,D50,3.526700,4,-0.104462,4.000000,4,-1,1.000000,203.037100,31.637100,203.037100,998,1134,288,346,42.412600,47.529200,0.000000,0.000000,0.000000,0.000000,0.000000,unchanged,False,False
order,,W859,D30,1.502300,4,-0.008520,4.000000,3,1,2.000000,111.676000,31.676000,203.076000,814,811,223,223,33.557200,33.557200,0.000000,0.000000,0.000000,0.000000,0.000000,unchanged,False,False
order,,W86,D50,0.397400,4,-0.008520,4.000000,4,0,1.000000,174.235200,2.835200,174.235200,90,90,23,23,3.482800,3.482800,0.000000,0.000000,0.000000,0.000000,0.000000,unchanged,False,False
order,,W860,D30,3.787700,4,-0.008520,4.000000,3,1,2.000000,111.704600,31.704600,203.104600,1000,1018,266,268,42.715000,42.932700,0.000000,0.000000,0.000000,0.000000,0.000000,unchanged,False,False
order,,W861,D50,1.165800,4,-0.008520,4.000000,4,-1,1.000000,203.121300,31.721300,203.121300,949,1067,270,326,38.589100,42.023700,0.000000,0.000000,0.000000,0.000000,0.000000,unchanged,False,False
order,,W862,D30,2.120000,4,-0.008520,4.000000,3,1,2.000000,111.866200,31.866200,203.266200,845,826,230,227,35.200000,34.750800,0.000000,0.000000,0.000000,0.000000,0.000000,unchanged,False,False
order,,W863,D90,4.868300,4,-0.008520,4.000000,3,1,2.000000,111.894000,31.894000,203.294000,810,808,42,42,36.762300,36.762300,0.000000,0.000000,0.000000,0.000000,0.000000,unchanged,False,False
order,,W864,D20,2.903000,2,-0.357470,2.357470,4,-2,1.000000,203.318600,31.918600,55.918600,811,816,133,131,34.831600,35.125200,0.000000,0.000000,0.000000,0.000000,0.000000,demoted,False,False
order,,W865,C10,4.529400,4,-0.008520,4.000000,4,-1,1.000000,203.346700,31.946700,203.346700,1023,1036,53,53,44.291900,44.291900,0.000000,0.000000,0.000000,0.000000,0.000000,unchanged,False,False
order,,W866,E20,6.520300,4,-0.008520,4.000000,4,-2,1.000000,203.375400,31.975400,203.375400,1359,1339,12,12,59.490600,59.490600,0.000000,0.000000,0.000000,0.000000,0.000000,unchanged,False,False
order,,W867,D50,0.346500,4,-0.008520,4.000000,4,0,1.000000,203.375900,31.975900,203.375900,813,810,241,241,32.344900,32.344900,0.000000,0.000000,0.000000,0.000000,0.000000,unchanged,False,False
order,,W868,E10,0.491700,2,-0.008520,2.008520,2,0,4.000000,55.982400,31.982400,55.982400,826,822,32,32,32.991300,32.991300,0.000000,0.000000,0.000000,0.000000,0.000000,unchanged,False,False
order,,W869,D30,2.557300,4,-0.008520,4.000000,3,1,2.000000,112.010700,32.010700,203.410700,863,851,234,232,36.519500,35.906200,0.000000,0.000000,0.000000,0.000000,0.000000,unchanged,False,False
order,,W87,D50,3.061900,4,-0.008520,4.000000,4,0,1.000000,174.243100,2.843100,174.243100,102,102,30,30,6.570500,6.570500,0.000000,0.000000,0.000000,0.000000,0.000000,unchanged,False,False
order,,W870,D50,1.304300,4,0.139123,3.860877,2,2,4.000000,56.053700,32.053700,203.453700,974,813,279,242,39.523200,33.411600,0.000000,0.000000,0.000000,0.000000,0.000000,promoted,False,False
order,,W871,D40,1.621000,4,-0.008520,4.000000,2,2,4.000000,56.068800,32.068800,203.468800,815,812,36,36,33.689800,33.689800,0.000000,0.000000,0.000000,0.000000,0.000000,unchanged,False,False
order,,W872,D30,1.502100,4,-0.008520,4.000000,2,2,4.000000,56.083600,32.083600,203.483600,829,825,227,226,34.132900,34.119100,0.000000,0.000000,0.000000,0.000000,0.000000,unchanged,False,False
order,,W873,D30,0.806600,2,-0.008520,2.008520,1,2,8.000000,40.104500,32.104500,56.104500,820,818,224,224,33.079800,33.079800,0.000000,0.000000,0.000000,0.000000,0.000000,unchanged,False,False
order,,W874,D90,5.422900,4,-0.008520,4.000000,2,2,4.000000,56.150800,32.150800,203.550800,819,815,43,43,37.628500,37.628500,0.000000,0.000000,0.000000,0.000000,0.000000,unchanged,False,False
order,,W875,D50,3.456300,4,0.254643,3.745357,2,2,4.000000,56.177100,32.177100,203.577100,1010,819,292,244,42.571100,35.801200,0.000000,0.000000,0.000000,0.000000,0.000000,promoted,False,False
order,,W876,D50,1.421200,4,0.142700,3.857300,2,2,4.000000,56.191800,32.191800,203.591800,978,820,281,245,39.866400,33.827400,0.000000,0.000000,0.000000,0.000000,0.000000,promoted,False,False
order,,W877,D30,45.607200,2,-1.450779,3.450779,1,1,8.000000,40.289800,32.289800,56.289800,828,867,226,234,78.224200,79.569400,37.934400,39.279600,303.475200,314.236800,10.761600,demoted,True,True
order,,W878,D30,6.107100,4,-0.008520,4.000000,3,1,2.000000,112.305100,32.305100,203.705100,1079,1070,288,284,47.871800,47.029000,0.000000,0.000000,0.000000,0.000000,0.000000,unchanged,False,False
order,,W879,D30,8.422900,2,-0.008520,2.008520,1,1,8.000000,40.332400,32.332400,56.332400,825,821,225,225,40.921900,40.921900,0.589500,0.589500,4.716000,4.716000,0.000000,unchanged,False,False
order,,W88,D50,2.468200,4,-0.008520,4.000000,4,0,1.000000,174.274800,2.874800,174.274800,98,98,28,28,5.926800,5.926800,0.000000,0.000000,0.000000,0.000000,0.000000,unchanged,False,False
order,,W880,D20,1.500700,4,-0.133628,4.000000,4,0,1.000000,203.894000,32.494000,203.894000,832,829,137,134,34.240800,34.216800,0.000000,0.000000,0.000000,0.000000,0.000000,unchanged,False,False
order,,W881,D30,2.301800,4,-0.008520,4.000000,2,2,4.000000,56.607200,32.607200,204.007200,853,842,232,230,35.650700,35.381800,0.000000,0.000000,0.000000,0.000000,0.000000,unchanged,False,False
order,,W882,D30,15.977400,2,-0.008520,2.008520,1,1,8.000000,40.653200,32.653200,56.653200,833,830,228,228,48.718400,48.718400,8.065200,8.065200,64.521600,64.521600,0.000000,unchanged,False,False
order,,W883,D50,0.950500,4,0.127075,3.872925,2,2,4.000000,56.668400,32.668400,204.068400,971,833,277,248,39.061800,33.806100,0.000000,0.000000,0.000000,0.000000,0.000000,promoted,False,False
order,,W884,D30,1.304300,4,-0.008520,4.000000,2,2,4.000000,56.671900,32.671900,204.071900,844,841,229,229,34.384100,34.384100,0.000000,0.000000,0.000000,0.000000,0.000000,unchanged,False,False
order,,W885,D90,3.738100,4,-0.008520,4.000000,2,2,4.000000,56.689900,32.689900,204.089900,836,834,44,44,36.597700,36.597700,0.000000,0.000000,0.000000,0.000000,0.000000,unchanged,False,False
order,,W886,D30,3.296600,4,-0.008520,4.000000,3,1,2.000000,112.696800,32.696800,204.096800,876,882,239,239,37.685200,37.685200,0.000000,0.000000,0.000000,0.000000,0.000000,unchanged,False,False
order,,W887,D20,1.418000,4,-0.129131,4.000000,4,0,1.000000,204.161400,32.761400,204.161400,877,891,143,143,35.940000,36.273800,0.000000,0.000000,0.000000,0.000000,0.000000,unchanged,False,False
order,,W888,D20,2.554400,2,-0.220347,2.220347,2,0,4.000000,56.785100,32.785100,56.785100,839,832,138,135,35.555200,35.358400,0.000000,0.000000,0.000000,0.000000,0.000000,demoted,True,False
order,,W889,D30,9.309000,4,-0.008520,4.000000,3,1,2.000000,112.850000,32.850000,204.250000,1242,1277,331,346,57.306500,59.537900,0.000000,0.000000,0.000000,0.000000,0.000000,unchanged,False,False
order,,W89,D30,4.827500,4,-0.008520,4.000000,4,0,1.000000,174.275100,2.875100,174.275100,85,85,28,28,7.702600,7.702600,0.000000,0.000000,0.000000,0.000000,0.000000,unchanged,False,False
order,,W890,D50,1.370200,4,0.141161,3.858839,2,2,4.000000,56.896800,32.896800,204.296800,990,847,285,251,39.971900,34.595500,0.000000,0.000000,0.000000,0.000000,0.000000,promoted,False,False
order,,W891,D50,2.228500,4,0.162391,3.837609,2,2,4.000000,56.910100,32.910100,204.310100,1017,850,295,253,41.639600,35.544800,0.000000,0.000000,0.000000,0.000000,0.000000,promoted,False,False
order,,W892,E10,32.574300,4,0.305745,3.694255,2,2,4.000000,56.932600,32.932600,204.332600,865,836,37,34,66.586600,65.565600,9.654000,8.633000,38.616000,34.532000,-4.084000,promoted,False,False
order,,W893,D50,0.782600,4,0.120569,3.879431,2,2,4.000000,56.943600,32.943600,204.343600,964,837,275,249,38.815200,33.812900,0.000000,0.000000,0.000000,0.000000,0.000000,promoted,False,False
order,,W894,D90,2.659800,4,-0.008520,4.000000,2,2,4.000000,56.947900,32.947900,204.347900,854,853,45,45,36.079900,36.079900,0.000000,0.000000,0.000000,0.000000,0.000000,unchanged,False,False
order,,W895,D50,1.863500,4,0.154827,3.845173,2,2,4.000000,56.965800,32.965800,204.365800,1016,852,294,254,41.265300,35.275100,0.000000,0.000000,0.000000,0.000000,0.000000,promoted,False,False
order,,W896,D20,2.829200,4,-0.268634,4.000000,4,0,1.000000,204.368800,32.968800,204.368800,892,1536,148,210,38.192300,64.773500,0.000000,0.000000,0.000000,0.000000,0.000000,unchanged,False,False
order,,W897,D20,2.877800,4,-0.276812,4.000000,4,0,1.000000,204.391800,32.991800,204.391800,908,1636,152,226,39.036300,70.057900,0.000000,0.000000,0.000000,0.000000,0.000000,unchanged,False,False
order,,W898,D20,11.063900,4,0.379003,3.620997,2,2,4.000000,57.041700,33.041700,204.441700,1107,843,179,136,54.106800,44.166200,0.000000,0.000000,0.000000,0.000000,0.000000,promoted,False,False
order,,W899,D50,0.597100,4,0.112627,3.887373,2,2,4.000000,57.045800,33.045800,204.445800,946,838,269,250,37.922100,33.645800,0.000000,0.000000,0.000000,0.000000,0.000000,promoted,False,False
order,,W9,D20,1.633000,1,-0.136074,1.136074,2,-1,4.000000,24.269800,0.269800,8.269800,10,10,3,3,1.902800,1.902800,0.000000,0.000000,0.000000,0.000000,0.000000,demoted,False,False
order,,W90,D40,0.932900,4,-0.008520,4.000000,3,1,2.000000,82.915600,2.915600,174.315600,86,86,2,2,3.848500,3.848500,0.000000,0.000000,0.000000,0.000000,0.000000,unchanged,False,False
order,,W900,C10,5.372500,2,-0.008520,2.008520,1,1,8.000000,41.055900,33.055900,57.055900,847,845,46,46,38.566100,38.566100,0.000000,0.000000,0.000000,0.000000,0.000000,unchanged,False,False
order,,W901,D20,2.585700,4,-0.226032,4.000000,4,0,1.000000,204.464400,33.064400,204.464400,883,947,147,152,37.417300,39.378000,0.000000,0.000000,0.000000,0.000000,0.000000,unchanged,False,False
order,,W902,D20,3.263600,4,-0.338312,4.000000,4,0,1.000000,204.479200,33.079200,204.479200,923,1639,153,227,39.931100,70.663200,0.000000,0.000000,0.000000,0.000000,0.000000,unchanged,False,False
order,,W903,D30,1.194200,4,-0.008520,4.000000,2,2,4.000000,57.092600,33.092600,204.492600,848,846,231,231,34.388600,34.388600,0.000000,0.000000,0.000000,0.000000,0.000000,unchanged,False,False
order,,W904,D20,0.518100,4,-0.145004,4.000000,4,0,1.000000,204.547300,33.147300,204.547300,850,848,139,137,33.768200,33.790800,0.000000,0.000000,0.000000,0.000000,0.000000,unchanged,False,False
order,,W905,D20,1.300600,4,-0.128976,4.000000,4,0,1.000000,204.565900,33.165900,204.565900,872,877,142,142,35.541400,35.517400,0.000000,0.000000,0.000000,0.000000,0.000000,unchanged,False,False
order,,W906,D10,0.760700,4,-0.008520,4.000000,2,2,4.000000,57.168000,33.168000,204.568000,846,844,11,11,33.928700,33.928700,0.000000,0.000000,0.000000,0.000000,0.000000,unchanged,False,False
order,,W907,D50,1.096600,4,0.132296,3.867704,2,2,4.000000,57.178900,33.178900,204.578900,979,849,282,252,39.545200,34.386400,0.000000,0.000000,0.000000,0.000000,0.000000,promoted,False,False
order,,W908,D30,2.797200,4,-0.008520,4.000000,3,1,2.000000,113.236800,33.236800,204.636800,871,875,236,236,37.003300,37.003300,0.000000,0.000000,0.000000,0.000000,0.000000,unchanged,False,False
order,,W909,D20,1.065000,4,-0.133142,4.000000,4,0,1.000000,204.715200,33.315200,204.715200,856,860,140,139,34.522000,34.855800,0.000000,0.000000,0.000000,0.000000,0.000000,unchanged,False,False
order,,W91,D30,1.743000,2,-0.008520,2.008520,2,0,4.000000,26.917800,2.917800,26.917800,87,87,29,29,4.660800,4.660800,0.000000,0.000000,0.000000,0.000000,0.000000,unchanged,False,False
order,,W910,D20,2.143200,4,-0.164205,4.000000,4,0,1.000000,204.809100,33.409100,204.809100,881,945,146,151,36.933200,38.918200,0.000000,0.000000,0.000000,0.000000,0.000000,unchanged,False,False
order,,W911,C30,11.666500,4,0.381219,3.618781,2,2,4.000000,57.442100,33.442100,204.842100,855,854,18,18,45.108600,45.108600,0.000000,0.000000,0.000000,0.000000,0.000000,promoted,False,False
order,,W912,D30,2.333900,2,-0.008520,2.008520,1,1,8.000000,41.503800,33.503800,57.503800,858,856,233,233,35.891100,35.891100,0.000000,0.000000,0.000000,0.000000,0.000000,unchanged,False,False
order,,W913,B30,13.414000,4,-0.008520,4.000000,3,1,2.000000,113.516200,33.516200,204.916200,857,855,13,13,46.930200,46.930200,0.000000,0.000000,0.000000,0.000000,0.000000,unchanged,False,False
order,,W914,D30,2.648500,4,-0.008520,4.000000,3,1,2.000000,113.520100,33.520100,204.920100,866,870,235,235,36.781400,36.767600,0.000000,0.000000,0.000000,0.000000,0.000000,unchanged,False,False
order,,W915,E20,1.260300,4,-0.008520,4.000000,3,1,2.000000,113.532600,33.532600,204.932600,888,898,8,8,36.424300,36.424300,0.000000,0.000000,0.000000,0.000000,0.000000,unchanged,False,False
order,,W916,D20,2.667700,4,-0.240693,4.000000,4,0,1.000000,205.014000,33.614000,205.014000,898,1642,150,228,38.222900,70.306900,0.000000,0.000000,0.000000,0.000000,0.000000,unchanged,False,False
order,,W917,D50,0.944300,4,0.126845,3.873155,2,2,4.000000,57.639800,33.639800,205.039800,983,859,283,255,39.466500,34.590100,0.000000,0.000000,0.000000,0.000000,0.000000,promoted,False,False
order,,W918,D20,1.021800,4,-0.133957,4.000000,4,0,1.000000,205.142900,33.742900,205.142900,860,865,141,140,34.790000,34.864400,0.000000,0.000000,0.000000,0.000000,0.000000,unchanged,False,False
order,,W919,D50,0.322000,4,0.098963,3.901037,2,2,4.000000,57.790900,33.790900,205.190900,942,861,266,256,37.451000,34.128100,0.000000,0.000000,0.000000,0.000000,0.000000,promoted,False,False
order,,W92,D30,2.363100,2,-0.008520,2.008520,2,0,4.000000,26.958900,2.958900,26.958900,88,88,30,30,5.322000,5.322000,0.000000,0.000000,0.000000,0.000000,0.000000,unchanged,False,False
order,,W920,B30,2.744500,4,-0.008520,4.000000,2,2,4.000000,57.830800,33.830800,205.230800,861,864,14,14,36.575300,36.575300,0.000000,0.000000,0.000000,0.000000,0.000000,unchanged,False,False
order,,W921,D50,0.469500,4,0.106608,3.893392,2,2,4.000000,57.858400,33.858400,205.258400,954,876,272,260,38.032600,34.676800,0.000000,0.000000,0.000000,0.000000,0.000000,promoted,False,False
order,,W922,MISC,8.513200,4,0.118870,3.881130,2,2,4.000000,57.921300,33.921300,205.321300,862,866,13,13,42.434500,42.434500,0.000000,0.000000,0.000000,0.000000,0.000000,promoted,False,False
order,,W923,D50,1.374100,4,0.141280,3.858720,2,2,4.000000,57.956200,33.956200,205.356200,1020,886,297,265,40.897300,35.969600,0.000000,0.000000,0.000000,0.000000,0.000000,promoted,False,False
order,,W924,B20,0.311000,1,-0.008520,1.008520,1,1,8.000000,41.966400,33.966400,41.966400,864,868,10,10,34.277400,34.277400,0.000000,0.000000,0.000000,0.000000,0.000000,unchanged,False,False
order,,W925,D30,6.596900,4,-0.008520,4.000000,3,1,2.000000,113.996200,33.996200,205.396200,1137,1152,304,308,50.606700,51.335000,0.000000,0.000000,0.000000,0.000000,0.000000,unchanged,False,False
order,,W926,D30,8.399600,4,-0.008520,4.000000,3,1,2.000000,114.054000,34.054000,205.454000,1221,1278,326,347,55.717800,58.643700,0.000000,0.000000,0.000000,0.000000,0.000000,unchanged,False,False
order,,W927,D50,5.237400,2,-0.449371,2.449371,1,1,8.000000,42.103200,34.103200,58.103200,869,871,254,259,39.411100,39.365500,0.000000,0.000000,0.000000,0.000000,0.000000,demoted,True,False
order,,W928,D40,2.222100,4,-0.008520,4.000000,2,2,4.000000,58.159200,34.159200,205.559200,867,872,37,37,36.381300,36.381300,0.000000,0.000000,0.000000,0.000000,0.000000,unchanged,False,False
order,,W929,D50,0.661900,4,0.115501,3.884499,2,2,4.000000,58.175700,34.175700,205.575700,976,884,280,263,38.963300,35.227600,0.000000,0.000000,0.000000,0.000000,0.000000,promoted,False,False
order,,W93,D20,6.300500,4,0.386390,3.613610,2,2,4.000000,27.051200,3.051200,174.451200,89,89,24,24,9.351700,9.351700,0.000000,0.000000,0.000000,0.000000,0.000000,promoted,False,False
order,,W930,D20,6.967100,4,0.379003,3.620997,2,2,4.000000,58.198100,34.198100,205.598100,1032,874,168,141,46.952700,41.169000,0.000000,0.000000,0.000000,0.000000,0.000000,promoted,False,False
order,,W931,D50,2.241500,4,0.161893,3.838107,2,2,4.000000,58.229700,34.229700,205.629700,1057,895,309,268,43.138800,37.179100,0.000000,0.000000,0.000000,0.000000,0.000000,promoted,False,False
order,,W932,D30,4.615400,2,-0.008520,2.008520,1,1,8.000000,42.280700,34.280700,58.280700,873,878,237,237,38.982500,38.982500,0.000000,0.000000,0.000000,0.000000,0.000000,unchanged,False,False
order,,W933,D50,0.551200,4,0.110519,3.889481,2,2,4.000000,58.318400,34.318400,205.718400,968,881,276,262,38.601700,34.937600,0.000000,0.000000,0.000000,0.000000,0.000000,promoted,False,False
order,,W934,D50,2.010800,4,0.158453,3.841547,2,2,4.000000,58.336000,34.336000,205.736000,1055,887,308,266,42.874800,36.687600,0.000000,0.000000,0.000000,0.000000,0.000000,promoted,False,False
order,,W935,D50,0.369800,4,0.101530,3.898470,2,2,4.000000,58.339400,34.339400,205.739400,950,879,271,261,37.820800,34.752800,0.000000,0.000000,0.000000,0.000000,0.000000,promoted,False,False
order,,W936,D30,1.199100,2,-0.008520,2.008520,1,2,8.000000,42.367400,34.367400,58.367400,875,880,238,238,35.583200,35.583200,0.000000,0.000000,0.000000,0.000000,0.000000,unchanged,False,False
order,,W937,E10,1.270600,4,0.091741,3.908259,2,2,4.000000,58.424600,34.424600,205.824600,897,911,38,38,36.814700,36.814700,0.000000,0.000000,0.000000,0.000000,0.000000,promoted,False,False
order,,W938,B30,3.223000,4,-0.008520,4.000000,2,2,4.000000,58.450400,34.450400,205.850400,970,989,16,16,41.331700,41.331700,0.000000,0.000000,0.000000,0.000000,0.000000,unchanged,False,False
order,,W939,D50,2.406200,4,0.155750,3.844250,2,2,4.000000,58.494700,34.494700,205.894700,1072,905,315,273,43.907400,37.731000,0.000000,0.000000,0.000000,0.000000,0.000000,promoted,False,False
order,,W94,D50,3.237600,2,-0.008520,2.008520,2,0,4.000000,27.111600,3.111600,27.111600,94,94,24,24,6.513200,6.513200,0.000000,0.000000,0.000000,0.000000,0.000000,unchanged,False,False
order,,W940,D50,0.734700,4,0.118600,3.881400,2,2,4.000000,58.523000,34.523000,205.923000,989,885,284,264,39.323800,35.324800,0.000000,0.000000,0.000000,0.000000,0.000000,promoted,False,False
order,,W941,D30,3.401000,4,-0.008520,4.000000,3,1,2.000000,114.535000,34.535000,205.935000,1030,1040,271,271,43.379100,43.228600,0.000000,0.000000,0.000000,0.000000,0.000000,unchanged,False,False
order,,W942,D30,2.042300,4,-0.008520,4.000000,2,2,4.000000,58.535500,34.535500,205.935500,916,888,247,240,38.561800,36.793100,0.000000,0.000000,0.000000,0.000000,0.000000,unchanged,False,False
order,,W943,D40,2.635600,1,-0.008520,1.008520,1,2,8.000000,42.548900,34.548900,42.548900,878,883,38,38,37.184500,37.184500,0.000000,0.000000,0.000000,0.000000,0.000000,unchanged,False,False
order,,W944,D20,1.432900,4,-0.129953,4.000000,4,0,1.000000,205.980100,34.580100,205.980100,879,904,144,146,36.158500,36.719600,0.000000,0.000000,0.000000,0.000000,0.000000,unchanged,False,False
order,,W945,D50,1.766800,4,0.152344,3.847656,2,2,4.000000,58.648700,34.648700,206.048700,1051,900,307,270,42.514300,36.934100,0.000000,0.000000,0.000000,0.000000,0.000000,promoted,False,False
order,,W946,D30,36.993500,4,-1.326733,4.000000,3,1,2.000000,114.652400,34.652400,206.052400,1321,1283,357,349,88.561200,87.411800,0.000000,0.000000,0.000000,0.000000,0.000000,unchanged,False,False
order,,W947,D50,5.422000,4,-0.457084,4.000000,3,1,2.000000,114.676100,34.676100,206.076100,1104,1139,325,348,48.296800,49.634800,0.000000,0.000000,0.000000,0.000000,0.000000,unchanged,False,False
order,,W948,D50,0.941900,4,0.126756,3.873244,2,2,4.000000,58.711000,34.711000,206.111000,1018,889,296,267,40.408400,35.694700,0.000000,0.000000,0.000000,0.000000,0.000000,promoted,False,False
order,,W949,D30,3.627000,4,-0.008520,4.000000,3,1,2.000000,114.729000,34.729000,206.129000,1041,1041,273,272,43.959700,43.460800,0.000000,0.000000,0.000000,0.000000,0.000000,unchanged,False,False
order,,W95,D50,3.068400,4,-0.008520,4.000000,4,0,1.000000,174.522400,3.122400,174.522400,132,132,41,41,8.156600,8.156600,0.000000,0.000000,0.000000,0.000000,0.000000,unchanged,False,False
order,,W950,D50,1.388500,4,0.141717,3.858283,2,2,4.000000,58.816300,34.816300,206.216300,1033,902,302,271,41.458300,36.616100,0.000000,0.000000,0.000000,0.000000,0.000000,promoted,False,False
order,,W951,C30,2.524000,4,-0.128625,4.000000,2,2,4.000000,58.834900,34.834900,206.234900,884,890,19,19,37.358900,37.358900,0.000000,0.000000,0.000000,0.000000,0.000000,unchanged,False,False
order,,W952,D40,0.186400,4,-0.008520,4.000000,2,2,4.000000,58.857900,34.857900,206.257900,885,892,39,39,35.044300,35.044300,0.000000,0.000000,0.000000,0.000000,0.000000,unchanged,False,False
order,,W953,D30,1.343500,2,-0.008520,2.008520,1,2,8.000000,42.923000,34.923000,58.923000,891,908,240,241,36.543500,36.725300,0.000000,0.000000,0.000000,0.000000,0.000000,unchanged,False,False
order,,W954,D30,9.933100,4,-0.008520,4.000000,3,1,2.000000,114.933400,34.933400,206.333400,1376,1290,369,353,63.705100,60.707000,0.000000,0.000000,0.000000,0.000000,0.000000,unchanged,False,False
order,,W955,D40,7.195300,4,0.503323,3.496677,2,2,4.000000,58.933900,34.933900,206.333900,887,894,40,40,42.129200,42.129200,0.000000,0.000000,0.000000,0.000000,0.000000,promoted,False,False
order,,W956,D50,0.398100,4,0.103008,3.896992,2,2,4.000000,58.969900,34.969900,206.369900,959,897,273,269,38.218900,35.551700,0.000000,0.000000,0.000000,0.000000,0.000000,promoted,False,False
order,,W957,D20,8.792500,4,0.379003,3.620997,2,2,4.000000,59.089200,35.089200,206.489200,1129,896,180,145,52.637100,43.917700,0.000000,0.000000,0.000000,0.000000,0.000000,promoted,False,False
order,,W958,D30,4.759400,4,-0.008520,4.000000,3,1,2.000000,115.137700,35.137700,206.537700,1058,1057,281,278,45.681300,45.354400,0.000000,0.000000,0.000000,0.000000,0.000000,unchanged,False,False
order,,W959,D50,2.163100,4,0.162020,3.837980,2,2,4.000000,59.140900,35.140900,206.540900,1075,903,316,272,43.802700,37.438200,0.000000,0.000000,0.000000,0.000000,0.000000,promoted,False,False
order,,W96,D50,5.373500,2,-0.008520,2.008520,2,0,4.000000,27.155000,3.155000,27.155000,95,95,25,25,8.746600,8.746600,0.000000,0.000000,0.000000,0.000000,0.000000,unchanged,False,False
order,,W960,D10,0.505500,4,-0.008520,4.000000,2,2,4.000000,59.166900,35.166900,206.566900,889,899,12,12,35.672400,35.672400,0.000000,0.000000,0.000000,0.000000,0.000000,unchanged,False,False
order,,W961,D40,4.168600,1,-0.008520,1.008520,1,2,8.000000,43.184900,35.184900,43.184900,890,901,41,41,39.353500,39.353500,0.000000,0.000000,0.000000,0.000000,0.000000,unchanged,False,False
order,,W962,D30,3.190700,2,-0.008520,2.008520,1,1,8.000000,43.285800,35.285800,59.285800,899,914,241,242,38.773900,38.773900,0.000000,0.000000,0.000000,0.000000,0.000000,unchanged,False,False
order,,W963,D30,1.360700,4,-0.008520,4.000000,2,2,4.000000,59.332600,35.332600,206.732600,900,915,242,243,37.000000,37.000000,0.000000,0.000000,0.000000,0.000000,0.000000,unchanged,False,False
order,,W964,C10,2.522100,2,-0.008520,2.008520,1,2,8.000000,43.340300,35.340300,59.340300,911,926,48,48,38.794000,38.794000,0.000000,0.000000,0.000000,0.000000,0.000000,unchanged,False,False
order,,W965,D30,7.071400,4,-0.008520,4.000000,3,1,2.000000,115.354300,35.354300,206.754300,1212,1157,322,312,54.079100,51.952700,0.000000,0.000000,0.000000,0.000000,0.000000,unchanged,False,False
order,,W966,B20,4.009200,1,-0.008520,1.008520,1,0,8.000000,43.377700,35.377700,43.377700,893,907,11,11,39.386900,39.386900,0.000000,0.000000,0.000000,0.000000,0.000000,unchanged,False,False
order,,W967,D20,1.257600,4,-0.129704,4.000000,4,0,1.000000,206.806500,35.406500,206.806500,896,910,149,148,36.799000,36.775000,0.000000,0.000000,0.000000,0.000000,0.000000,unchanged,False,False
order,,W968,D30,9.562100,4,-0.008520,4.000000,3,1,2.000000,115.408100,35.408100,206.808100,1378,1291,370,354,63.478400,60.342900,0.000000,0.000000,0.000000,0.000000,0.000000,unchanged,False,False
order,,W969,D30,13.665700,4,-0.008520,4.000000,3,1,2.000000,115.417900,35.417900,206.817900,1394,1328,373,365,68.141700,66.006600,0.000000,0.000000,0.000000,0.000000,0.000000,unchanged,False,False
order,,W97,D90,4.018300,4,-0.008520,4.000000,2,2,4.000000,27.158800,3.158800,174.558800,91,91,2,2,7.177100,7.177100,0.000000,0.000000,0.000000,0.000000,0.000000,unchanged,False,False
order,,W970,D40,3.462200,1,-0.008520,1.008520,1,2,8.000000,43.427400,35.427400,43.427400,895,909,42,42,38.889600,38.889600,0.000000,0.000000,0.000000,0.000000,0.000000,unchanged,False,False
order,,W971,D50,1.092800,4,0.132165,3.867835,2,2,4.000000,59.640000,35.640000,207.040000,1043,916,304,276,41.501200,36.787500,0.000000,0.000000,0.000000,0.000000,0.000000,promoted,False,False
order,,W972,B30,1.533400,4,-0.008520,4.000000,2,2,4.000000,59.641100,35.641100,207.041100,920,935,15,15,38.108700,38.108700,0.000000,0.000000,0.000000,0.000000,0.000000,unchanged,False,False
order,,W973,D30,1.918800,4,-0.008520,4.000000,2,2,4.000000,59.646500,35.646500,207.046500,901,920,243,245,37.569500,37.825000,0.000000,0.000000,0.000000,0.000000,0.000000,unchanged,False,False
order,,W974,D40,0.100900,4,-0.008520,4.000000,2,2,4.000000,59.669200,35.669200,207.069200,907,923,43,43,36.220600,36.220600,0.000000,0.000000,0.000000,0.000000,0.000000,unchanged,False,False
order,,W975,D50,0.579100,2,0.111807,1.888193,1,2,8.000000,43.729100,35.729100,59.729100,905,918,260,277,36.625600,36.380300,0.000000,0.000000,0.000000,0.000000,0.000000,promoted,False,False
order,,W976,D90,0.638700,4,-0.008520,4.000000,2,2,4.000000,59.760500,35.760500,207.160500,902,917,46,46,36.399200,36.399200,0.000000,0.000000,0.000000,0.000000,0.000000,unchanged,False,False
order,,W977,D30,4.703900,2,-0.008520,2.008520,1,1,8.000000,43.785900,35.785900,59.785900,903,919,244,244,40.595000,40.595000,0.000000,0.000000,0.000000,0.000000,0.000000,unchanged,False,False
order,,W978,D50,0.364300,4,0.101239,3.898761,2,2,4.000000,59.843200,35.843200,207.243200,972,936,278,280,38.522200,36.980400,0.000000,0.000000,0.000000,0.000000,0.000000,promoted,False,False
order,,W979,D20,2.863900,2,-0.274484,2.274484,2,0,4.000000,59.857700,35.857700,59.857700,904,927,151,149,38.803900,39.137700,0.000000,0.000000,0.000000,0.000000,0.000000,demoted,True,False
order,,W98,D10,0.838700,4,-0.008520,4.000000,4,0,1.000000,174.606700,3.206700,174.606700,92,92,3,3,4.045400,4.045400,0.000000,0.000000,0.000000,0.000000,0.000000,unchanged,False,False
order,,W980,D50,0.797700,2,0.121179,1.878821,1,2,8.000000,43.866700,35.866700,59.866700,922,921,262,278,37.423300,36.767300,0.000000,0.000000,0.000000,0.000000,0.000000,promoted,False,False
order,,W981,D50,0.999000,4,0.128850,3.871150,2,2,4.000000,59.867400,35.867400,207.267400,1037,943,303,283,41.205000,37.766300,0.000000,0.000000,0.000000,0.000000,0.000000,promoted,False,False
order,,W982,E10,2.941200,4,-0.004291,4.000000,2,2,4.000000,59.890300,35.890300,207.290300,929,949,39,39,39.755900,39.755900,0.000000,0.000000,0.000000,0.000000,0.000000,unchanged,False,False
order,,W983,D50,0.824100,4,0.122232,3.877768,2,2,4.000000,59.907900,35.907900,207.307900,1026,938,300,282,40.747500,37.511700,0.000000,0.000000,0.000000,0.000000,0.000000,promoted,False,False
order,,W984,D50,0.706100,2,0.117398,1.882602,1,2,8.000000,43.974900,35.974900,59.974900,921,930,261,279,37.325000,37.086400,0.000000,0.000000,0.000000,0.000000,0.000000,promoted,False,False
order,,W985,D50,2.208000,4,0.163038,3.836962,2,2,4.000000,59.997400,35.997400,207.397400,1098,955,324,286,44.779100,39.188400,0.000000,0.000000,0.000000,0.000000,0.000000,promoted,False,False
order,,W986,D40,13.140800,4,-0.111653,4.000000,2,2,4.000000,60.050700,36.050700,207.450700,909,924,44,44,49.361400,49.361400,0.000000,0.000000,0.000000,0.000000,0.000000,unchanged,False,False
order,,W987,C10,2.695400,4,-0.008520,4.000000,3,1,2.000000,116.051700,36.051700,207.451700,997,1005,52,52,41.572500,41.572500,0.000000,0.000000,0.000000,0.000000,0.000000,unchanged,False,False
order,,W988,B20,0.423100,4,-0.008520,4.000000,3,1,2.000000,116.100500,36.100500,207.500500,906,922,12,12,36.523600,36.523600,0.000000,0.000000,0.000000,0.000000,0.000000,unchanged,False,False
order,,W989,C10,0.304100,4,-0.008520,4.000000,2,2,4.000000,60.158800,36.158800,207.558800,987,997,50,50,38.877100,38.877100,0.000000,0.000000,0.000000,0.000000,0.000000,unchanged,False,False
order,,W99,D30,3.892900,4,-0.008520,4.000000,4,0,1.000000,174.648200,3.248200,174.648200,93,93,31,31,7.141100,7.141100,0.000000,0.000000,0.000000,0.000000,0.000000,unchanged,False,False
order,,W990,D30,4.367600,4,-0.008520,4.000000,3,1,2.000000,116.174000,36.174000,207.574000,1048,1053,276,276,44.962600,44.738100,0.000000,0.000000,0.000000,0.000000,0.000000,unchanged,False,False
order,,W991,C30,0.730900,4,-0.008520,4.000000,2,2,4.000000,60.236500,36.236500,207.636500,910,925,20,20,36.967400,36.967400,0.000000,0.000000,0.000000,0.000000,0.000000,unchanged,False,False
order,,W992,D30,4.538700,4,-0.008520,4.000000,3,1,2.000000,116.243400,36.243400,207.643400,1068,1064,285,281,45.868800,45.310200,0.000000,0.000000,0.000000,0.000000,0.000000,unchanged,False,False
order,,W993,D30,0.659200,2,-0.008520,2.008520,1,2,8.000000,44.280000,36.280000,60.280000,913,929,245,246,36.997700,36.997700,0.000000,0.000000,0.000000,0.000000,0.000000,unchanged,False,False
order,,W994,D90,6.812000,4,-0.008520,4.000000,2,2,4.000000,60.292200,36.292200,207.692200,912,928,47,47,43.104200,43.104200,0.000000,0.000000,0.000000,0.000000,0.000000,unchanged,False,False
order,,W995,D30,1.925500,4,-0.008520,4.000000,2,2,4.000000,60.308400,36.308400,207.708400,917,944,248,249,38.469000,38.693100,0.000000,0.000000,0.000000,0.000000,0.000000,unchanged,False,False
order,,W996,D30,19.336400,2,-0.008520,2.008520,1,1,8.000000,44.323600,36.323600,60.323600,915,932,246,247,55.764900,55.764900,11.441300,11.441300,91.530400,91.530400,0.000000,unchanged,False,False
order,,W997,D20,4.120800,4,0.379003,3.620997,2,2,4.000000,60.387100,36.387100,207.787100,948,940,157,150,41.542200,40.840400,0.000000,0.000000,0.000000,0.000000,0.000000,promoted,False,False
order,,W998,D30,2.731800,4,-0.008520,4.000000,3,1,2.000000,116.436300,36.436300,207.836300,982,948,261,250,41.236000,39.524900,0.000000,0.000000,0.000000,0.000000,0.000000,unchanged,False,False
order,,W999,D50,1.152600,4,0.134201,3.865799,2,2,4.000000,60.473800,36.473800,207.873800,1063,962,311,288,42.357600,38.239000,0.000000,0.000000,0.000000,0.000000,0.000000,promoted,False,False
