part,arm,policy,split_fit,alpha,band_mode,campus,regime,u,beta,rho,seed,inst_id,n_wos,rule,m0_alone,oracle,rule_sup,m0_sup,m0_sup_revfrac,m0_sup_orr,rule_sup_revfrac,rule_sup_orr
grid,stability,stability,1,0.1,global,9,storm2,90,0.75,0.25,308,c09_storm2_w80_u90_0020,1983,2019.141600,1642.046400,1522.398800,1972.714400,1558.183200,0.2422,0.0178,0.2502,0.0594
grid,stability,stability,1,0.1,global,9,storm2,90,0.75,0.25,308,c09_storm2_w80_u90_0021,1983,1802.379600,1734.922400,1730.555200,1739.483200,1720.896000,0.2393,0.0103,0.2502,0.0265
grid,stability,stability,1,0.1,global,9,storm2,90,0.75,0.25,308,c09_storm2_w80_u90_0022,1983,1603.211600,1602.640800,1606.063600,1607.199600,1601.136000,0.2427,0.0129,0.2504,0.0158
grid,stability,stability,1,0.1,global,9,storm2,90,0.75,0.25,308,c09_storm2_w80_u90_0023,1983,1324.423200,1291.726400,1233.342800,1293.350800,1249.044000,0.2496,0.0093,0.2500,0.0280
grid,stability,stability,1,0.1,global,9,storm2,90,0.75,0.25,308,c09_storm2_w80_u90_0024,1983,1347.746400,1026.117600,1011.966400,1195.449600,1027.814800,0.2498,0.0346,0.2498,0.0691
grid,stability,stability,1,0.1,global,9,storm2,90,0.75,0.25,308,c09_storm2_w80_u90_0025,1983,1571.562800,1519.944000,1514.028800,1549.285600,1521.156400,0.2504,0.0096,0.2504,0.0257
grid,stability,stability,1,0.1,global,9,storm2,90,0.75,0.25,308,c09_storm2_w80_u90_0026,1983,1943.694800,1697.460000,1615.831200,1762.330400,1634.671200,0.2502,0.0093,0.2473,0.0696
grid,stability,stability,1,0.1,global,9,storm2,90,0.75,0.25,308,c09_storm2_w80_u90_0027,1983,1923.940000,1190.051200,1056.241600,1562.394000,1110.773200,0.2442,0.0153,0.2487,0.0846
grid,stability,stability,1,0.1,global,9,storm2,90,0.75,0.25,308,c09_storm2_w80_u90_0028,1983,922.898800,903.835600,923.550000,917.586800,903.093200,0.2485,0.0101,0.2502,0.0401
grid,stability,stability,1,0.1,global,9,storm2,90,0.75,0.25,308,c09_storm2_w80_u90_0029,1983,2919.402400,2780.313200,2742.211200,2908.903200,2763.168800,0.2460,0.0088,0.2505,0.0554
grid,stability,stability,1,0.1,global,9,storm2,90,0.75,0.25,303,c09_storm2_w80_u90_0020,1983,2019.141600,1753.616000,1522.398800,1987.388000,1622.606000,0.2292,0.0151,0.2496,0.0561
grid,stability,stability,1,0.1,global,9,storm2,90,0.75,0.25,303,c09_storm2_w80_u90_0021,1983,1802.379600,1712.036800,1730.555200,1739.494000,1717.309600,0.2475,0.0100,0.2502,0.0298
grid,stability,stability,1,0.1,global,9,storm2,90,0.75,0.25,303,c09_storm2_w80_u90_0022,1983,1603.211600,1601.366400,1606.063600,1607.470000,1600.599200,0.2480,0.0095,0.2464,0.0128
grid,stability,stability,1,0.1,global,9,storm2,90,0.75,0.25,303,c09_storm2_w80_u90_0023,1983,1324.423200,1261.854400,1233.342800,1295.299600,1236.454400,0.2378,0.0391,0.2500,0.0374
grid,stability,stability,1,0.1,global,9,storm2,90,0.75,0.25,303,c09_storm2_w80_u90_0024,1983,1347.746400,1077.137600,1011.966400,1194.084000,1076.086400,0.2417,0.0165,0.2505,0.0981
grid,stability,stability,1,0.1,global,9,storm2,90,0.75,0.25,303,c09_storm2_w80_u90_0025,1983,1571.562800,1531.814000,1514.028800,1540.880000,1527.155600,0.2438,0.0098,0.2504,0.0322
grid,stability,stability,1,0.1,global,9,storm2,90,0.75,0.25,303,c09_storm2_w80_u90_0026,1983,1943.694800,1628.943200,1615.831200,1796.526400,1605.955200,0.2363,0.0132,0.2449,0.0575
grid,stability,stability,1,0.1,global,9,storm2,90,0.75,0.25,303,c09_storm2_w80_u90_0027,1983,1923.940000,1230.289600,1056.241600,1458.972000,1204.698800,0.2382,0.0125,0.2494,0.1175
grid,stability,stability,1,0.1,global,9,storm2,90,0.75,0.25,303,c09_storm2_w80_u90_0028,1983,922.898800,897.907600,923.550000,923.866800,902.948400,0.2200,0.0038,0.2506,0.0400
grid,stability,stability,1,0.1,global,9,storm2,90,0.75,0.25,303,c09_storm2_w80_u90_0029,1983,2919.402400,2792.768800,2742.211200,2912.017200,2784.105600,0.2364,0.0184,0.2498,0.0556
grid,stability,stability,1,0.1,global,9,storm2,90,0.75,0.25,302,c09_storm2_w80_u90_0020,1983,2019.141600,1619.961200,1522.398800,1984.785600,1535.982800,0.2338,0.0111,0.2491,0.0563
grid,stability,stability,1,0.1,global,9,storm2,90,0.75,0.25,302,c09_storm2_w80_u90_0021,1983,1802.379600,1712.033200,1730.555200,1738.632000,1712.033200,0.2391,0.0000,0.2502,0.0199
grid,stability,stability,1,0.1,global,9,storm2,90,0.75,0.25,302,c09_storm2_w80_u90_0022,1983,1603.211600,1604.680400,1606.063600,1607.470000,1600.188000,0.2403,0.0098,0.2496,0.0127
grid,stability,stability,1,0.1,global,9,storm2,90,0.75,0.25,302,c09_storm2_w80_u90_0023,1983,1324.423200,1266.089200,1233.342800,1295.079600,1249.021200,0.2502,0.0186,0.2500,0.0436
grid,stability,stability,1,0.1,global,9,storm2,90,0.75,0.25,302,c09_storm2_w80_u90_0024,1983,1347.746400,1031.797200,1011.966400,1195.528400,1028.358800,0.2502,0.0292,0.2498,0.0718
grid,stability,stability,1,0.1,global,9,storm2,90,0.75,0.25,302,c09_storm2_w80_u90_0025,1983,1571.562800,1545.628800,1514.028800,1542.226400,1541.330400,0.2488,0.0064,0.2496,0.0194
grid,stability,stability,1,0.1,global,9,storm2,90,0.75,0.25,302,c09_storm2_w80_u90_0026,1983,1943.694800,1663.130400,1615.831200,1832.061200,1663.130400,0.2504,0.0062,0.2449,0.0511
grid,stability,stability,1,0.1,global,9,storm2,90,0.75,0.25,302,c09_storm2_w80_u90_0027,1983,1923.940000,1386.624000,1056.241600,1459.455200,1123.305200,0.2463,0.0213,0.2494,0.1145
grid,stability,stability,1,0.1,global,9,storm2,90,0.75,0.25,302,c09_storm2_w80_u90_0028,1983,922.898800,910.897200,923.550000,920.712000,907.601200,0.2504,0.0033,0.2498,0.0334
grid,stability,stability,1,0.1,global,9,storm2,90,0.75,0.25,302,c09_storm2_w80_u90_0029,1983,2919.402400,2676.636800,2742.211200,2893.088400,2639.978400,0.2381,0.0061,0.2498,0.0468
grid,stability,stability,1,0.1,global,9,storm2,90,0.75,0.25,306,c09_storm2_w80_u90_0020,1983,2019.141600,1551.092800,1522.398800,1984.585600,1497.987200,0.2452,0.0283,0.2502,0.0559
grid,stability,stability,1,0.1,global,9,storm2,90,0.75,0.25,306,c09_storm2_w80_u90_0021,1983,1802.379600,1739.182400,1730.555200,1739.494000,1721.336800,0.2423,0.0239,0.2502,0.0298
grid,stability,stability,1,0.1,global,9,storm2,90,0.75,0.25,306,c09_storm2_w80_u90_0022,1983,1603.211600,1604.371200,1606.063600,1607.470000,1600.569200,0.2480,0.0158,0.2480,0.0127
grid,stability,stability,1,0.1,global,9,storm2,90,0.75,0.25,306,c09_storm2_w80_u90_0023,1983,1324.423200,1249.226400,1233.342800,1295.079600,1250.822400,0.2504,0.0310,0.2500,0.0312
grid,stability,stability,1,0.1,global,9,storm2,90,0.75,0.25,306,c09_storm2_w80_u90_0024,1983,1347.746400,1055.014000,1011.966400,1208.477200,1029.430800,0.2502,0.0370,0.2498,0.0851
grid,stability,stability,1,0.1,global,9,storm2,90,0.75,0.25,306,c09_storm2_w80_u90_0025,1983,1571.562800,1530.292800,1514.028800,1533.140800,1529.622800,0.2504,0.0575,0.2504,0.0289
grid,stability,stability,1,0.1,global,9,storm2,90,0.75,0.25,306,c09_storm2_w80_u90_0026,1983,1943.694800,1670.463200,1615.831200,1842.782400,1612.111200,0.2475,0.0189,0.2465,0.0540
grid,stability,stability,1,0.1,global,9,storm2,90,0.75,0.25,306,c09_storm2_w80_u90_0027,1983,1923.940000,1258.222400,1056.241600,1583.253200,1152.721600,0.2445,0.0308,0.2479,0.0848
grid,stability,stability,1,0.1,global,9,storm2,90,0.75,0.25,306,c09_storm2_w80_u90_0028,1983,922.898800,906.886000,923.550000,915.878400,927.722800,0.2498,0.0100,0.2504,0.0301
grid,stability,stability,1,0.1,global,9,storm2,90,0.75,0.25,306,c09_storm2_w80_u90_0029,1983,2919.402400,2720.984400,2742.211200,2902.912800,2732.480000,0.2375,0.0183,0.2505,0.0466
grid,stability,stability,1,0.1,global,9,storm2,90,0.75,0.25,301,c09_storm2_w80_u90_0020,1983,2019.141600,1646.978800,1522.398800,2013.762800,1539.786800,0.2420,0.0321,0.2500,0.0561
grid,stability,stability,1,0.1,global,9,storm2,90,0.75,0.25,301,c09_storm2_w80_u90_0021,1983,1802.379600,1714.136000,1730.555200,1738.632000,1718.267600,0.2506,0.0066,0.2502,0.0199
grid,stability,stability,1,0.1,global,9,storm2,90,0.75,0.25,301,c09_storm2_w80_u90_0022,1983,1603.211600,1616.789600,1606.063600,1607.470000,1608.704000,0.2478,0.0126,0.2472,0.0128
grid,stability,stability,1,0.1,global,9,storm2,90,0.75,0.25,301,c09_storm2_w80_u90_0023,1983,1324.423200,1258.344800,1233.342800,1295.299600,1243.868400,0.2496,0.0155,0.2500,0.0374
grid,stability,stability,1,0.1,global,9,storm2,90,0.75,0.25,301,c09_storm2_w80_u90_0024,1983,1347.746400,1083.049200,1011.966400,1223.469600,1056.452800,0.2500,0.0398,0.2498,0.0665
grid,stability,stability,1,0.1,global,9,storm2,90,0.75,0.25,301,c09_storm2_w80_u90_0025,1983,1571.562800,1528.752000,1514.028800,1549.285600,1540.960400,0.2504,0.0096,0.2504,0.0257
grid,stability,stability,1,0.1,global,9,storm2,90,0.75,0.25,301,c09_storm2_w80_u90_0026,1983,1943.694800,1628.759200,1615.831200,1760.585200,1629.190000,0.2377,0.0066,0.2480,0.0726
grid,stability,stability,1,0.1,global,9,storm2,90,0.75,0.25,301,c09_storm2_w80_u90_0027,1983,1923.940000,1197.743200,1056.241600,1591.521200,1141.206800,0.2438,0.0277,0.2502,0.1051
grid,stability,stability,1,0.1,global,9,storm2,90,0.75,0.25,301,c09_storm2_w80_u90_0028,1983,922.898800,907.363600,923.550000,923.866800,906.013600,0.2504,0.0100,0.2506,0.0400
grid,stability,stability,1,0.1,global,9,storm2,90,0.75,0.25,301,c09_storm2_w80_u90_0029,1983,2919.402400,2632.022800,2742.211200,2889.756800,2621.672800,0.2428,0.0060,0.2505,0.0583
grid,stability,stability,1,0.1,global,9,storm2,90,0.75,0.25,307,c09_storm2_w80_u90_0020,1983,2019.141600,1574.118800,1522.398800,2008.769600,1518.934000,0.2390,0.0181,0.2504,0.0524
grid,stability,stability,1,0.1,global,9,storm2,90,0.75,0.25,307,c09_storm2_w80_u90_0021,1983,1802.379600,1720.112000,1730.555200,1738.632000,1717.776000,0.2432,0.0136,0.2502,0.0199
grid,stability,stability,1,0.1,global,9,storm2,90,0.75,0.25,307,c09_storm2_w80_u90_0022,1983,1603.211600,1607.041600,1606.063600,1607.470000,1602.324800,0.2457,0.0032,0.2496,0.0127
grid,stability,stability,1,0.1,global,9,storm2,90,0.75,0.25,307,c09_storm2_w80_u90_0023,1983,1324.423200,1253.803200,1233.342800,1323.956400,1230.814800,0.2506,0.0155,0.2500,0.0218
grid,stability,stability,1,0.1,global,9,storm2,90,0.75,0.25,307,c09_storm2_w80_u90_0024,1983,1347.746400,1032.964800,1011.966400,1195.449600,1032.078000,0.2503,0.0212,0.2505,0.0743
grid,stability,stability,1,0.1,global,9,storm2,90,0.75,0.25,307,c09_storm2_w80_u90_0025,1983,1571.562800,1525.678800,1514.028800,1545.674400,1537.569200,0.2454,0.0195,0.2504,0.0289
grid,stability,stability,1,0.1,global,9,storm2,90,0.75,0.25,307,c09_storm2_w80_u90_0026,1983,1943.694800,1683.239600,1615.831200,1796.448400,1606.552000,0.2322,0.0202,0.2488,0.0660
grid,stability,stability,1,0.1,global,9,storm2,90,0.75,0.25,307,c09_storm2_w80_u90_0027,1983,1923.940000,1259.436400,1056.241600,1583.556400,1132.042800,0.2371,0.0190,0.2487,0.0906
grid,stability,stability,1,0.1,global,9,storm2,90,0.75,0.25,307,c09_storm2_w80_u90_0028,1983,922.898800,903.768000,923.550000,918.826000,903.768000,0.2485,0.0000,0.2506,0.0367
grid,stability,stability,1,0.1,global,9,storm2,90,0.75,0.25,307,c09_storm2_w80_u90_0029,1983,2919.402400,2769.999600,2742.211200,2890.229600,2755.019200,0.2467,0.0265,0.2505,0.0583
grid,stability,stability,1,0.1,global,9,storm2,90,0.75,0.25,305,c09_storm2_w80_u90_0020,1983,2019.141600,1572.083600,1522.398800,1926.737600,1511.427600,0.2379,0.0218,0.2493,0.0772
grid,stability,stability,1,0.1,global,9,storm2,90,0.75,0.25,305,c09_storm2_w80_u90_0021,1983,1802.379600,1714.850000,1730.555200,1738.632000,1714.850000,0.2399,0.0000,0.2502,0.0199
grid,stability,stability,1,0.1,global,9,storm2,90,0.75,0.25,305,c09_storm2_w80_u90_0022,1983,1603.211600,1619.706800,1606.063600,1607.470000,1602.626400,0.2414,0.0033,0.2504,0.0126
grid,stability,stability,1,0.1,global,9,storm2,90,0.75,0.25,305,c09_storm2_w80_u90_0023,1983,1324.423200,1293.398800,1233.342800,1295.572000,1267.912000,0.2388,0.0130,0.2500,0.0343
grid,stability,stability,1,0.1,global,9,storm2,90,0.75,0.25,305,c09_storm2_w80_u90_0024,1983,1347.746400,1086.709600,1011.966400,1192.092400,1086.966800,0.2372,0.0140,0.2498,0.0771
grid,stability,stability,1,0.1,global,9,storm2,90,0.75,0.25,305,c09_storm2_w80_u90_0025,1983,1571.562800,1539.553200,1514.028800,1545.674400,1539.113600,0.2414,0.0099,0.2504,0.0289
grid,stability,stability,1,0.1,global,9,storm2,90,0.75,0.25,305,c09_storm2_w80_u90_0026,1983,1943.694800,1670.219600,1615.831200,1825.584000,1606.884800,0.2506,0.0125,0.2473,0.0538
grid,stability,stability,1,0.1,global,9,storm2,90,0.75,0.25,305,c09_storm2_w80_u90_0027,1983,1923.940000,1191.236800,1056.241600,1646.240400,1114.771600,0.2447,0.0123,0.2494,0.0964
grid,stability,stability,1,0.1,global,9,storm2,90,0.75,0.25,305,c09_storm2_w80_u90_0028,1983,922.898800,907.987600,923.550000,925.752800,914.982800,0.2312,0.0036,0.2506,0.0367
grid,stability,stability,1,0.1,global,9,storm2,90,0.75,0.25,305,c09_storm2_w80_u90_0029,1983,2919.402400,2780.717200,2742.211200,2911.361600,2774.432800,0.2366,0.0153,0.2498,0.0439
grid,stability,stability,1,0.1,global,9,storm2,90,0.75,0.25,304,c09_storm2_w80_u90_0020,1983,2019.141600,1580.829600,1522.398800,1999.217200,1542.215200,0.2256,0.0192,0.2491,0.0563
grid,stability,stability,1,0.1,global,9,storm2,90,0.75,0.25,304,c09_storm2_w80_u90_0021,1983,1802.379600,1719.696400,1730.555200,1739.494000,1716.482400,0.2417,0.0103,0.2502,0.0298
grid,stability,stability,1,0.1,global,9,storm2,90,0.75,0.25,304,c09_storm2_w80_u90_0022,1983,1603.211600,1602.114400,1606.063600,1607.470000,1602.114400,0.2461,0.0032,0.2504,0.0126
grid,stability,stability,1,0.1,global,9,storm2,90,0.75,0.25,304,c09_storm2_w80_u90_0023,1983,1324.423200,1284.261600,1233.342800,1295.299600,1251.718000,0.2461,0.0252,0.2500,0.0436
grid,stability,stability,1,0.1,global,9,storm2,90,0.75,0.25,304,c09_storm2_w80_u90_0024,1983,1347.746400,1043.028000,1011.966400,1195.449600,1044.814000,0.2445,0.0489,0.2498,0.0745
grid,stability,stability,1,0.1,global,9,storm2,90,0.75,0.25,304,c09_storm2_w80_u90_0025,1983,1571.562800,1561.684000,1514.028800,1542.798000,1541.520800,0.2486,0.0160,0.2504,0.0289
grid,stability,stability,1,0.1,global,9,storm2,90,0.75,0.25,304,c09_storm2_w80_u90_0026,1983,1943.694800,1633.998800,1615.831200,1739.569600,1633.998800,0.2359,0.0099,0.2504,0.0750
grid,stability,stability,1,0.1,global,9,storm2,90,0.75,0.25,304,c09_storm2_w80_u90_0027,1983,1923.940000,1228.869200,1056.241600,1459.455200,1104.275200,0.2191,0.0308,0.2494,0.1145
grid,stability,stability,1,0.1,global,9,storm2,90,0.75,0.25,304,c09_storm2_w80_u90_0028,1983,922.898800,909.602400,923.550000,918.160000,902.515600,0.2325,0.0143,0.2502,0.0368
grid,stability,stability,1,0.1,global,9,storm2,90,0.75,0.25,304,c09_storm2_w80_u90_0029,1983,2919.402400,2790.326000,2742.211200,2909.662800,2782.974000,0.2431,0.0239,0.2505,0.0466
grid,stability,stability,1,0.1,global,9,storm2,90,0.75,0.25,309,c09_storm2_w80_u90_0020,1983,2019.141600,1590.887600,1522.398800,1981.133200,1531.304000,0.2444,0.0318,0.2502,0.0524
grid,stability,stability,1,0.1,global,9,storm2,90,0.75,0.25,309,c09_storm2_w80_u90_0021,1983,1802.379600,1734.925200,1730.555200,1739.494000,1720.527200,0.2388,0.0138,0.2502,0.0298
grid,stability,stability,1,0.1,global,9,storm2,90,0.75,0.25,309,c09_storm2_w80_u90_0022,1983,1603.211600,1619.187600,1606.063600,1607.470000,1604.101600,0.2435,0.0097,0.2488,0.0127
grid,stability,stability,1,0.1,global,9,storm2,90,0.75,0.25,309,c09_storm2_w80_u90_0023,1983,1324.423200,1300.843600,1233.342800,1293.350800,1287.384400,0.2506,0.0248,0.2500,0.0312
grid,stability,stability,1,0.1,global,9,storm2,90,0.75,0.25,309,c09_storm2_w80_u90_0024,1983,1347.746400,1069.182400,1011.966400,1185.250000,1058.022400,0.2360,0.0169,0.2505,0.0796
grid,stability,stability,1,0.1,global,9,storm2,90,0.75,0.25,309,c09_storm2_w80_u90_0025,1983,1571.562800,1516.068000,1514.028800,1544.959600,1507.893200,0.2424,0.0165,0.2502,0.0386
grid,stability,stability,1,0.1,global,9,storm2,90,0.75,0.25,309,c09_storm2_w80_u90_0026,1983,1943.694800,1683.672000,1615.831200,1777.968400,1609.444800,0.2494,0.0219,0.2504,0.0625
grid,stability,stability,1,0.1,global,9,storm2,90,0.75,0.25,309,c09_storm2_w80_u90_0027,1983,1923.940000,1249.496000,1056.241600,1569.691200,1109.281600,0.2500,0.0090,0.2479,0.1030
grid,stability,stability,1,0.1,global,9,storm2,90,0.75,0.25,309,c09_storm2_w80_u90_0028,1983,922.898800,901.995600,923.550000,920.712000,901.995600,0.2500,0.0000,0.2506,0.0333
grid,stability,stability,1,0.1,global,9,storm2,90,0.75,0.25,309,c09_storm2_w80_u90_0029,1983,2919.402400,2674.895600,2742.211200,2900.468400,2673.787600,0.2505,0.0116,0.2500,0.0468
grid,targeted,targeted,1,0.1,global,9,storm2,90,0.75,0.25,303,c09_storm2_w80_u90_0020,1983,2019.141600,1635.360400,1522.398800,2000.008800,1545.442400,0.2489,0.0382,0.2502,0.0455
grid,targeted,targeted,1,0.1,global,9,storm2,90,0.75,0.25,303,c09_storm2_w80_u90_0021,1983,1802.379600,1740.377600,1730.555200,1740.481600,1723.018400,0.2490,0.0232,0.2506,0.0297
grid,targeted,targeted,1,0.1,global,9,storm2,90,0.75,0.25,303,c09_storm2_w80_u90_0022,1983,1603.211600,1600.498800,1606.063600,1607.199600,1605.867600,0.2504,0.0063,0.2488,0.0190
grid,targeted,targeted,1,0.1,global,9,storm2,90,0.75,0.25,303,c09_storm2_w80_u90_0023,1983,1324.423200,1261.376400,1233.342800,1298.630800,1233.385600,0.2500,0.0280,0.2506,0.0311
grid,targeted,targeted,1,0.1,global,9,storm2,90,0.75,0.25,303,c09_storm2_w80_u90_0024,1983,1347.746400,1078.392800,1011.966400,1247.527200,1024.816400,0.2498,0.0293,0.2505,0.0557
grid,targeted,targeted,1,0.1,global,9,storm2,90,0.75,0.25,303,c09_storm2_w80_u90_0025,1983,1571.562800,1530.018000,1514.028800,1524.554000,1522.911600,0.2492,0.0161,0.2492,0.0323
grid,targeted,targeted,1,0.1,global,9,storm2,90,0.75,0.25,303,c09_storm2_w80_u90_0026,1983,1943.694800,1686.041600,1615.831200,1788.966000,1625.601600,0.2428,0.0064,0.2504,0.0594
grid,targeted,targeted,1,0.1,global,9,storm2,90,0.75,0.25,303,c09_storm2_w80_u90_0027,1983,1923.940000,1208.491200,1056.241600,1515.174800,1083.136800,0.2463,0.0395,0.2502,0.0841
grid,targeted,targeted,1,0.1,global,9,storm2,90,0.75,0.25,303,c09_storm2_w80_u90_0028,1983,922.898800,904.949200,923.550000,934.013200,903.749200,0.2490,0.0167,0.2502,0.0267
grid,targeted,targeted,1,0.1,global,9,storm2,90,0.75,0.25,303,c09_storm2_w80_u90_0029,1983,2919.402400,2737.221200,2742.211200,2861.547200,2742.631600,0.2484,0.0205,0.2500,0.0439
grid,targeted,targeted,1,0.1,global,9,storm2,90,0.75,0.25,301,c09_storm2_w80_u90_0020,1983,2019.141600,1654.607600,1522.398800,2000.008800,1517.397200,0.2496,0.0417,0.2502,0.0455
grid,targeted,targeted,1,0.1,global,9,storm2,90,0.75,0.25,301,c09_storm2_w80_u90_0021,1983,1802.379600,1741.578000,1730.555200,1740.481600,1730.250400,0.2492,0.0133,0.2506,0.0297
grid,targeted,targeted,1,0.1,global,9,storm2,90,0.75,0.25,301,c09_storm2_w80_u90_0022,1983,1603.211600,1611.531600,1606.063600,1607.199600,1607.043600,0.2504,0.0094,0.2488,0.0190
grid,targeted,targeted,1,0.1,global,9,storm2,90,0.75,0.25,301,c09_storm2_w80_u90_0023,1983,1324.423200,1294.378000,1233.342800,1298.630800,1264.015200,0.2496,0.0280,0.2506,0.0311
grid,targeted,targeted,1,0.1,global,9,storm2,90,0.75,0.25,301,c09_storm2_w80_u90_0024,1983,1347.746400,1094.620800,1011.966400,1247.527200,1041.743600,0.2502,0.0370,0.2505,0.0557
grid,targeted,targeted,1,0.1,global,9,storm2,90,0.75,0.25,301,c09_storm2_w80_u90_0025,1983,1571.562800,1515.072800,1514.028800,1524.554000,1511.117600,0.2488,0.0290,0.2492,0.0323
grid,targeted,targeted,1,0.1,global,9,storm2,90,0.75,0.25,301,c09_storm2_w80_u90_0026,1983,1943.694800,1719.718000,1615.831200,1788.966000,1611.856000,0.2451,0.0254,0.2504,0.0594
grid,targeted,targeted,1,0.1,global,9,storm2,90,0.75,0.25,301,c09_storm2_w80_u90_0027,1983,1923.940000,1457.236400,1056.241600,1515.174800,1185.069600,0.2498,0.0449,0.2502,0.0841
grid,targeted,targeted,1,0.1,global,9,storm2,90,0.75,0.25,301,c09_storm2_w80_u90_0028,1983,922.898800,900.401600,923.550000,934.013200,902.328400,0.2496,0.0133,0.2502,0.0267
grid,targeted,targeted,1,0.1,global,9,storm2,90,0.75,0.25,301,c09_storm2_w80_u90_0029,1983,2919.402400,2741.351200,2742.211200,2861.547200,2714.828000,0.2498,0.0232,0.2500,0.0439
grid,targeted,targeted,1,0.1,global,9,storm2,90,0.75,0.25,304,c09_storm2_w80_u90_0020,1983,2019.141600,1600.276800,1522.398800,2000.008800,1502.163200,0.2489,0.0174,0.2502,0.0455
grid,targeted,targeted,1,0.1,global,9,storm2,90,0.75,0.25,304,c09_storm2_w80_u90_0021,1983,1802.379600,1732.547600,1730.555200,1740.481600,1720.632800,0.2481,0.0100,0.2506,0.0297
grid,targeted,targeted,1,0.1,global,9,storm2,90,0.75,0.25,304,c09_storm2_w80_u90_0022,1983,1603.211600,1611.102400,1606.063600,1607.199600,1607.090000,0.2488,0.0126,0.2488,0.0190
grid,targeted,targeted,1,0.1,global,9,storm2,90,0.75,0.25,304,c09_storm2_w80_u90_0023,1983,1324.423200,1271.590000,1233.342800,1298.630800,1240.054000,0.2504,0.0279,0.2506,0.0311
grid,targeted,targeted,1,0.1,global,9,storm2,90,0.75,0.25,304,c09_storm2_w80_u90_0024,1983,1347.746400,1073.232000,1011.966400,1247.527200,1034.315600,0.2495,0.0372,0.2505,0.0557
grid,targeted,targeted,1,0.1,global,9,storm2,90,0.75,0.25,304,c09_storm2_w80_u90_0025,1983,1571.562800,1510.700400,1514.028800,1524.554000,1510.188000,0.2490,0.0129,0.2492,0.0323
grid,targeted,targeted,1,0.1,global,9,storm2,90,0.75,0.25,304,c09_storm2_w80_u90_0026,1983,1943.694800,1644.584000,1615.831200,1788.966000,1613.790400,0.2406,0.0260,0.2504,0.0594
grid,targeted,targeted,1,0.1,global,9,storm2,90,0.75,0.25,304,c09_storm2_w80_u90_0027,1983,1923.940000,1158.892000,1056.241600,1515.174800,1096.598800,0.2496,0.0390,0.2502,0.0841
grid,targeted,targeted,1,0.1,global,9,storm2,90,0.75,0.25,304,c09_storm2_w80_u90_0028,1983,922.898800,892.553200,923.550000,934.013200,923.539600,0.2500,0.0134,0.2502,0.0267
grid,targeted,targeted,1,0.1,global,9,storm2,90,0.75,0.25,304,c09_storm2_w80_u90_0029,1983,2919.402400,2719.516400,2742.211200,2861.547200,2720.874400,0.2500,0.0174,0.2500,0.0439
grid,targeted,targeted,1,0.1,global,9,storm2,90,0.75,0.25,305,c09_storm2_w80_u90_0020,1983,2019.141600,1580.004400,1522.398800,2000.008800,1525.518000,0.2461,0.0421,0.2502,0.0455
grid,targeted,targeted,1,0.1,global,9,storm2,90,0.75,0.25,305,c09_storm2_w80_u90_0021,1983,1802.379600,1716.228400,1730.555200,1740.481600,1711.900000,0.2479,0.0067,0.2506,0.0297
grid,targeted,targeted,1,0.1,global,9,storm2,90,0.75,0.25,305,c09_storm2_w80_u90_0022,1983,1603.211600,1601.947200,1606.063600,1607.199600,1602.044800,0.2502,0.0031,0.2488,0.0190
grid,targeted,targeted,1,0.1,global,9,storm2,90,0.75,0.25,305,c09_storm2_w80_u90_0023,1983,1324.423200,1254.251200,1233.342800,1298.630800,1238.585600,0.2494,0.0186,0.2506,0.0311
grid,targeted,targeted,1,0.1,global,9,storm2,90,0.75,0.25,305,c09_storm2_w80_u90_0024,1983,1347.746400,1098.795200,1011.966400,1247.527200,1035.972000,0.2497,0.0399,0.2505,0.0557
grid,targeted,targeted,1,0.1,global,9,storm2,90,0.75,0.25,305,c09_storm2_w80_u90_0025,1983,1571.562800,1538.931600,1514.028800,1524.554000,1528.245600,0.2488,0.0064,0.2492,0.0323
grid,targeted,targeted,1,0.1,global,9,storm2,90,0.75,0.25,305,c09_storm2_w80_u90_0026,1983,1943.694800,1711.426000,1615.831200,1788.966000,1628.704000,0.2477,0.0284,0.2504,0.0594
grid,targeted,targeted,1,0.1,global,9,storm2,90,0.75,0.25,305,c09_storm2_w80_u90_0027,1983,1923.940000,1303.037200,1056.241600,1515.174800,1144.798400,0.2468,0.0302,0.2502,0.0841
grid,targeted,targeted,1,0.1,global,9,storm2,90,0.75,0.25,305,c09_storm2_w80_u90_0028,1983,922.898800,904.298800,923.550000,934.013200,905.598800,0.2504,0.0066,0.2502,0.0267
grid,targeted,targeted,1,0.1,global,9,storm2,90,0.75,0.25,305,c09_storm2_w80_u90_0029,1983,2919.402400,2775.049600,2742.211200,2861.547200,2760.949600,0.2502,0.0289,0.2500,0.0439
grid,stability,stability,1,0.1,global,9,storm2,90,0.75,0.25,310,c09_storm2_w80_u90_0020,1983,2019.141600,1578.404400,1522.398800,1981.945200,1534.510000,0.2290,0.0189,0.2502,0.0524
grid,stability,stability,1,0.1,global,9,storm2,90,0.75,0.25,310,c09_storm2_w80_u90_0021,1983,1802.379600,1716.215200,1730.555200,1739.714000,1717.987600,0.2504,0.0066,0.2502,0.0298
grid,stability,stability,1,0.1,global,9,storm2,90,0.75,0.25,310,c09_storm2_w80_u90_0022,1983,1603.211600,1609.724800,1606.063600,1607.470000,1594.098800,0.2463,0.0063,0.2504,0.0126
grid,stability,stability,1,0.1,global,9,storm2,90,0.75,0.25,310,c09_storm2_w80_u90_0023,1983,1324.423200,1266.398800,1233.342800,1295.299600,1251.251600,0.2498,0.0186,0.2500,0.0343
grid,stability,stability,1,0.1,global,9,storm2,90,0.75,0.25,310,c09_storm2_w80_u90_0024,1983,1347.746400,1032.402400,1011.966400,1205.414800,1029.587200,0.2502,0.0291,0.2498,0.0771
grid,stability,stability,1,0.1,global,9,storm2,90,0.75,0.25,310,c09_storm2_w80_u90_0025,1983,1571.562800,1540.454800,1514.028800,1549.285600,1547.744800,0.2504,0.0096,0.2504,0.0257
grid,stability,stability,1,0.1,global,9,storm2,90,0.75,0.25,310,c09_storm2_w80_u90_0026,1983,1943.694800,1631.118800,1615.831200,1796.526400,1632.460800,0.2343,0.0234,0.2480,0.0599
grid,stability,stability,1,0.1,global,9,storm2,90,0.75,0.25,310,c09_storm2_w80_u90_0027,1983,1923.940000,1170.083200,1056.241600,1463.494800,1114.463600,0.2446,0.0276,0.2494,0.1145
grid,stability,stability,1,0.1,global,9,storm2,90,0.75,0.25,310,c09_storm2_w80_u90_0028,1983,922.898800,889.472400,923.550000,917.586800,900.389200,0.2504,0.0033,0.2502,0.0401
grid,stability,stability,1,0.1,global,9,storm2,90,0.75,0.25,310,c09_storm2_w80_u90_0029,1983,2919.402400,2643.611600,2742.211200,2908.724400,2601.750400,0.2457,0.0088,0.2505,0.0700
grid,targeted,targeted,1,0.1,global,9,storm2,90,0.75,0.25,306,c09_storm2_w80_u90_0020,1983,2019.141600,1652.475600,1522.398800,2000.008800,1605.556000,0.2487,0.0386,0.2502,0.0455
grid,targeted,targeted,1,0.1,global,9,storm2,90,0.75,0.25,306,c09_storm2_w80_u90_0021,1983,1802.379600,1743.186000,1730.555200,1740.481600,1714.211200,0.2498,0.0199,0.2506,0.0297
grid,targeted,targeted,1,0.1,global,9,storm2,90,0.75,0.25,306,c09_storm2_w80_u90_0022,1983,1603.211600,1603.641600,1606.063600,1607.199600,1599.869200,0.2484,0.0157,0.2488,0.0190
grid,targeted,targeted,1,0.1,global,9,storm2,90,0.75,0.25,306,c09_storm2_w80_u90_0023,1983,1324.423200,1312.432000,1233.342800,1298.630800,1253.606000,0.2500,0.0342,0.2506,0.0311
grid,targeted,targeted,1,0.1,global,9,storm2,90,0.75,0.25,306,c09_storm2_w80_u90_0024,1983,1347.746400,1117.040800,1011.966400,1247.527200,1044.624000,0.2497,0.0559,0.2505,0.0557
grid,targeted,targeted,1,0.1,global,9,storm2,90,0.75,0.25,306,c09_storm2_w80_u90_0025,1983,1571.562800,1538.695200,1514.028800,1524.554000,1539.550400,0.2492,0.0065,0.2492,0.0323
grid,targeted,targeted,1,0.1,global,9,storm2,90,0.75,0.25,306,c09_storm2_w80_u90_0026,1983,1943.694800,1678.695200,1615.831200,1788.966000,1617.568000,0.2486,0.0157,0.2504,0.0594
grid,targeted,targeted,1,0.1,global,9,storm2,90,0.75,0.25,306,c09_storm2_w80_u90_0027,1983,1923.940000,1228.350800,1056.241600,1515.174800,1128.474800,0.2476,0.0242,0.2502,0.0841
grid,targeted,targeted,1,0.1,global,9,storm2,90,0.75,0.25,306,c09_storm2_w80_u90_0028,1983,922.898800,921.756400,923.550000,934.013200,912.237200,0.2506,0.0033,0.2502,0.0267
grid,targeted,targeted,1,0.1,global,9,storm2,90,0.75,0.25,306,c09_storm2_w80_u90_0029,1983,2919.402400,2762.183200,2742.211200,2861.547200,2757.448800,0.2487,0.0174,0.2500,0.0439
grid,targeted,targeted,1,0.1,global,9,storm2,90,0.75,0.25,302,c09_storm2_w80_u90_0020,1983,2019.141600,1559.314400,1522.398800,2000.008800,1493.391200,0.2457,0.0352,0.2502,0.0455
grid,targeted,targeted,1,0.1,global,9,storm2,90,0.75,0.25,302,c09_storm2_w80_u90_0021,1983,1802.379600,1720.154000,1730.555200,1740.481600,1717.473200,0.2486,0.0067,0.2506,0.0297
grid,targeted,targeted,1,0.1,global,9,storm2,90,0.75,0.25,302,c09_storm2_w80_u90_0022,1983,1603.211600,1607.832800,1606.063600,1607.199600,1604.977200,0.2482,0.0063,0.2488,0.0190
grid,targeted,targeted,1,0.1,global,9,storm2,90,0.75,0.25,302,c09_storm2_w80_u90_0023,1983,1324.423200,1266.486400,1233.342800,1298.630800,1235.508400,0.2488,0.0280,0.2506,0.0311
grid,targeted,targeted,1,0.1,global,9,storm2,90,0.75,0.25,302,c09_storm2_w80_u90_0024,1983,1347.746400,1096.887200,1011.966400,1247.527200,1032.651200,0.2495,0.0372,0.2505,0.0557
grid,targeted,targeted,1,0.1,global,9,storm2,90,0.75,0.25,302,c09_storm2_w80_u90_0025,1983,1571.562800,1513.965200,1514.028800,1524.554000,1522.626000,0.2486,0.0193,0.2492,0.0323
grid,targeted,targeted,1,0.1,global,9,storm2,90,0.75,0.25,302,c09_storm2_w80_u90_0026,1983,1943.694800,1666.192000,1615.831200,1788.966000,1616.608400,0.2404,0.0097,0.2504,0.0594
grid,targeted,targeted,1,0.1,global,9,storm2,90,0.75,0.25,302,c09_storm2_w80_u90_0027,1983,1923.940000,1266.670000,1056.241600,1515.174800,1092.454400,0.2453,0.0365,0.2502,0.0841
grid,targeted,targeted,1,0.1,global,9,storm2,90,0.75,0.25,302,c09_storm2_w80_u90_0028,1983,922.898800,897.418000,923.550000,934.013200,905.099600,0.2481,0.0134,0.2502,0.0267
grid,targeted,targeted,1,0.1,global,9,storm2,90,0.75,0.25,302,c09_storm2_w80_u90_0029,1983,2919.402400,2784.552000,2742.211200,2861.547200,2763.222000,0.2493,0.0204,0.2500,0.0439
grid,targeted,targeted,1,0.1,global,9,storm2,90,0.75,0.25,308,c09_storm2_w80_u90_0020,1983,2019.141600,1556.915200,1522.398800,2000.008800,1467.269600,0.2476,0.0559,0.2502,0.0455
grid,targeted,targeted,1,0.1,global,9,storm2,90,0.75,0.25,308,c09_storm2_w80_u90_0021,1983,1802.379600,1720.423200,1730.555200,1740.481600,1717.726000,0.2479,0.0134,0.2506,0.0297
grid,targeted,targeted,1,0.1,global,9,storm2,90,0.75,0.25,308,c09_storm2_w80_u90_0022,1983,1603.211600,1604.637600,1606.063600,1607.199600,1605.106400,0.2496,0.0095,0.2488,0.0190
grid,targeted,targeted,1,0.1,global,9,storm2,90,0.75,0.25,308,c09_storm2_w80_u90_0023,1983,1324.423200,1254.650800,1233.342800,1298.630800,1234.266000,0.2500,0.0280,0.2506,0.0311
grid,targeted,targeted,1,0.1,global,9,storm2,90,0.75,0.25,308,c09_storm2_w80_u90_0024,1983,1347.746400,1080.124400,1011.966400,1247.527200,1038.772400,0.2503,0.0265,0.2505,0.0557
grid,targeted,targeted,1,0.1,global,9,storm2,90,0.75,0.25,308,c09_storm2_w80_u90_0025,1983,1571.562800,1524.328400,1514.028800,1524.554000,1518.236800,0.2486,0.0097,0.2492,0.0323
grid,targeted,targeted,1,0.1,global,9,storm2,90,0.75,0.25,308,c09_storm2_w80_u90_0026,1983,1943.694800,1645.566000,1615.831200,1788.966000,1617.188000,0.2482,0.0063,0.2504,0.0594
grid,targeted,targeted,1,0.1,global,9,storm2,90,0.75,0.25,308,c09_storm2_w80_u90_0027,1983,1923.940000,1197.546800,1056.241600,1515.174800,1126.319600,0.2502,0.0544,0.2502,0.0841
grid,targeted,targeted,1,0.1,global,9,storm2,90,0.75,0.25,308,c09_storm2_w80_u90_0028,1983,922.898800,918.731200,923.550000,934.013200,917.062000,0.2496,0.0033,0.2502,0.0267
grid,targeted,targeted,1,0.1,global,9,storm2,90,0.75,0.25,308,c09_storm2_w80_u90_0029,1983,2919.402400,2665.406400,2742.211200,2861.547200,2677.514000,0.2500,0.0116,0.2500,0.0439
grid,targeted,targeted,1,0.1,global,9,storm2,90,0.75,0.25,309,c09_storm2_w80_u90_0020,1983,2019.141600,1609.719600,1522.398800,2000.008800,1485.906000,0.2461,0.0458,0.2502,0.0455
grid,targeted,targeted,1,0.1,global,9,storm2,90,0.75,0.25,309,c09_storm2_w80_u90_0021,1983,1802.379600,1722.084800,1730.555200,1740.481600,1718.502800,0.2477,0.0100,0.2506,0.0297
grid,targeted,targeted,1,0.1,global,9,storm2,90,0.75,0.25,309,c09_storm2_w80_u90_0022,1983,1603.211600,1605.375600,1606.063600,1607.199600,1598.035600,0.2498,0.0125,0.2488,0.0190
grid,targeted,targeted,1,0.1,global,9,storm2,90,0.75,0.25,309,c09_storm2_w80_u90_0023,1983,1324.423200,1278.832800,1233.342800,1298.630800,1233.393200,0.2498,0.0311,0.2506,0.0311
grid,targeted,targeted,1,0.1,global,9,storm2,90,0.75,0.25,309,c09_storm2_w80_u90_0024,1983,1347.746400,1068.668800,1011.966400,1247.527200,1022.241600,0.2503,0.0451,0.2505,0.0557
grid,targeted,targeted,1,0.1,global,9,storm2,90,0.75,0.25,309,c09_storm2_w80_u90_0025,1983,1571.562800,1503.022000,1514.028800,1524.554000,1511.098800,0.2488,0.0128,0.2492,0.0323
grid,targeted,targeted,1,0.1,global,9,storm2,90,0.75,0.25,309,c09_storm2_w80_u90_0026,1983,1943.694800,1647.731600,1615.831200,1788.966000,1615.517600,0.2422,0.0097,0.2504,0.0594
grid,targeted,targeted,1,0.1,global,9,storm2,90,0.75,0.25,309,c09_storm2_w80_u90_0027,1983,1923.940000,1146.254400,1056.241600,1515.174800,1082.047200,0.2465,0.0242,0.2502,0.0841
grid,targeted,targeted,1,0.1,global,9,storm2,90,0.75,0.25,309,c09_storm2_w80_u90_0028,1983,922.898800,922.963600,923.550000,934.013200,928.941200,0.2502,0.0100,0.2502,0.0267
grid,targeted,targeted,1,0.1,global,9,storm2,90,0.75,0.25,309,c09_storm2_w80_u90_0029,1983,2919.402400,2736.307600,2742.211200,2861.547200,2754.128400,0.2498,0.0233,0.2500,0.0439
grid,targeted,targeted,1,0.1,global,9,storm2,90,0.75,0.25,310,c09_storm2_w80_u90_0020,1983,2019.141600,1686.768000,1522.398800,2000.008800,1507.280000,0.2487,0.0314,0.2502,0.0455
grid,targeted,targeted,1,0.1,global,9,storm2,90,0.75,0.25,310,c09_storm2_w80_u90_0021,1983,1802.379600,1726.782000,1730.555200,1740.481600,1709.607600,0.2481,0.0199,0.2506,0.0297
grid,targeted,targeted,1,0.1,global,9,storm2,90,0.75,0.25,310,c09_storm2_w80_u90_0022,1983,1603.211600,1601.205200,1606.063600,1607.199600,1616.049200,0.2490,0.0095,0.2488,0.0190
grid,targeted,targeted,1,0.1,global,9,storm2,90,0.75,0.25,310,c09_storm2_w80_u90_0023,1983,1324.423200,1272.859600,1233.342800,1298.630800,1257.835600,0.2492,0.0186,0.2506,0.0311
grid,targeted,targeted,1,0.1,global,9,storm2,90,0.75,0.25,310,c09_storm2_w80_u90_0024,1983,1347.746400,1073.533200,1011.966400,1247.527200,1027.094800,0.2492,0.0293,0.2505,0.0557
grid,targeted,targeted,1,0.1,global,9,storm2,90,0.75,0.25,310,c09_storm2_w80_u90_0025,1983,1571.562800,1556.424400,1514.028800,1524.554000,1527.463600,0.2486,0.0258,0.2492,0.0323
grid,targeted,targeted,1,0.1,global,9,storm2,90,0.75,0.25,310,c09_storm2_w80_u90_0026,1983,1943.694800,1662.504800,1615.831200,1788.966000,1604.264800,0.2424,0.0224,0.2504,0.0594
grid,targeted,targeted,1,0.1,global,9,storm2,90,0.75,0.25,310,c09_storm2_w80_u90_0027,1983,1923.940000,1293.445600,1056.241600,1515.174800,1094.750400,0.2502,0.0449,0.2502,0.0841
grid,targeted,targeted,1,0.1,global,9,storm2,90,0.75,0.25,310,c09_storm2_w80_u90_0028,1983,922.898800,896.356400,923.550000,934.013200,896.429200,0.2483,0.0101,0.2502,0.0267
grid,targeted,targeted,1,0.1,global,9,storm2,90,0.75,0.25,310,c09_storm2_w80_u90_0029,1983,2919.402400,2636.557600,2742.211200,2861.547200,2629.050800,0.2493,0.0116,0.2500,0.0439
grid,targeted,targeted,1,0.1,global,9,storm2,90,0.75,0.25,307,c09_storm2_w80_u90_0020,1983,2019.141600,1634.565200,1522.398800,2000.008800,1514.321200,0.2448,0.0424,0.2502,0.0455
grid,targeted,targeted,1,0.1,global,9,storm2,90,0.75,0.25,307,c09_storm2_w80_u90_0021,1983,1802.379600,1713.270800,1730.555200,1740.481600,1712.166400,0.2481,0.0233,0.2506,0.0297
grid,targeted,targeted,1,0.1,global,9,storm2,90,0.75,0.25,307,c09_storm2_w80_u90_0022,1983,1603.211600,1610.667200,1606.063600,1607.199600,1618.012800,0.2500,0.0126,0.2488,0.0190
grid,targeted,targeted,1,0.1,global,9,storm2,90,0.75,0.25,307,c09_storm2_w80_u90_0023,1983,1324.423200,1315.522800,1233.342800,1298.630800,1242.450800,0.2490,0.0249,0.2506,0.0311
grid,targeted,targeted,1,0.1,global,9,storm2,90,0.75,0.25,307,c09_storm2_w80_u90_0024,1983,1347.746400,1090.860800,1011.966400,1247.527200,1031.368000,0.2502,0.0345,0.2505,0.0557
grid,targeted,targeted,1,0.1,global,9,storm2,90,0.75,0.25,307,c09_storm2_w80_u90_0025,1983,1571.562800,1554.111600,1514.028800,1524.554000,1532.312000,0.2492,0.0194,0.2492,0.0323
grid,targeted,targeted,1,0.1,global,9,storm2,90,0.75,0.25,307,c09_storm2_w80_u90_0026,1983,1943.694800,1765.915200,1615.831200,1788.966000,1628.888800,0.2430,0.0129,0.2504,0.0594
grid,targeted,targeted,1,0.1,global,9,storm2,90,0.75,0.25,307,c09_storm2_w80_u90_0027,1983,1923.940000,1249.076400,1056.241600,1515.174800,1136.928800,0.2477,0.0455,0.2502,0.0841
grid,targeted,targeted,1,0.1,global,9,storm2,90,0.75,0.25,307,c09_storm2_w80_u90_0028,1983,922.898800,922.341600,923.550000,934.013200,934.496000,0.2504,0.0033,0.2502,0.0267
grid,targeted,targeted,1,0.1,global,9,storm2,90,0.75,0.25,307,c09_storm2_w80_u90_0029,1983,2919.402400,2743.538000,2742.211200,2861.547200,2728.697200,0.2493,0.0117,0.2500,0.0439
grid,stability,stability,1,0.1,global,9,storm2,90,0.75,0.5,302,c09_storm2_w80_u90_0020,1983,2019.141600,1909.691600,1522.398800,1941.328400,1564.496000,0.4742,0.0258,0.4965,0.0405
grid,stability,stability,1,0.1,global,9,storm2,90,0.75,0.5,302,c09_storm2_w80_u90_0021,1983,1802.379600,1766.230400,1730.555200,1734.723200,1711.996400,0.4810,0.0155,0.4946,0.0184
grid,stability,stability,1,0.1,global,9,storm2,90,0.75,0.5,302,c09_storm2_w80_u90_0022,1983,1603.211600,1601.490800,1606.063600,1607.470000,1602.570800,0.5000,0.0063,0.5000,0.0063
grid,stability,stability,1,0.1,global,9,storm2,90,0.75,0.5,302,c09_storm2_w80_u90_0023,1983,1324.423200,1310.613600,1233.342800,1308.007200,1258.194400,0.5004,0.0217,0.5000,0.0187
grid,stability,stability,1,0.1,global,9,storm2,90,0.75,0.5,302,c09_storm2_w80_u90_0024,1983,1347.746400,1265.690400,1011.966400,1179.503600,1049.133600,0.4844,0.0275,0.5003,0.0544
grid,stability,stability,1,0.1,global,9,storm2,90,0.75,0.5,302,c09_storm2_w80_u90_0025,1983,1571.562800,1580.654400,1514.028800,1528.581200,1537.936000,0.4434,0.0163,0.5000,0.0161
grid,stability,stability,1,0.1,global,9,storm2,90,0.75,0.5,302,c09_storm2_w80_u90_0026,1983,1943.694800,1849.326000,1615.831200,1830.164400,1630.265600,0.5000,0.0218,0.5000,0.0454
grid,stability,stability,1,0.1,global,9,storm2,90,0.75,0.5,302,c09_storm2_w80_u90_0027,1983,1923.940000,1771.909200,1056.241600,1377.636400,1167.084000,0.4910,0.0351,0.4921,0.0580
grid,stability,stability,1,0.1,global,9,storm2,90,0.75,0.5,302,c09_storm2_w80_u90_0028,1983,922.898800,914.546800,923.550000,915.878400,897.524400,0.4979,0.0151,0.5000,0.0168
grid,stability,stability,1,0.1,global,9,storm2,90,0.75,0.5,302,c09_storm2_w80_u90_0029,1983,2919.402400,2829.220400,2742.211200,2803.226000,2737.731600,0.4608,0.0347,0.4996,0.0409
grid,stability,stability,1,0.1,global,9,storm2,90,0.75,0.5,301,c09_storm2_w80_u90_0020,1983,2019.141600,1632.482000,1522.398800,1941.328400,1584.070800,0.4930,0.0088,0.4939,0.0407
grid,stability,stability,1,0.1,global,9,storm2,90,0.75,0.5,301,c09_storm2_w80_u90_0021,1983,1802.379600,1779.887600,1730.555200,1734.723200,1719.350400,0.4889,0.0118,0.4938,0.0185
grid,stability,stability,1,0.1,global,9,storm2,90,0.75,0.5,301,c09_storm2_w80_u90_0022,1983,1603.211600,1611.034800,1606.063600,1607.470000,1611.080000,0.4988,0.0126,0.5000,0.0063
grid,stability,stability,1,0.1,global,9,storm2,90,0.75,0.5,301,c09_storm2_w80_u90_0023,1983,1324.423200,1317.283600,1233.342800,1308.007200,1284.184400,0.5004,0.0202,0.5000,0.0187
grid,stability,stability,1,0.1,global,9,storm2,90,0.75,0.5,301,c09_storm2_w80_u90_0024,1983,1347.746400,1258.882400,1011.966400,1179.465600,1050.220400,0.5003,0.0426,0.5003,0.0571
grid,stability,stability,1,0.1,global,9,storm2,90,0.75,0.5,301,c09_storm2_w80_u90_0025,1983,1571.562800,1550.335200,1514.028800,1532.192400,1526.156400,0.5004,0.0177,0.5000,0.0129
grid,stability,stability,1,0.1,global,9,storm2,90,0.75,0.5,301,c09_storm2_w80_u90_0026,1983,1943.694800,1804.639200,1615.831200,1799.194800,1609.744400,0.5004,0.0233,0.5000,0.0469
grid,stability,stability,1,0.1,global,9,storm2,90,0.75,0.5,301,c09_storm2_w80_u90_0027,1983,1923.940000,1768.571600,1056.241600,1395.328000,1118.636400,0.4895,0.0337,0.4914,0.0642
grid,stability,stability,1,0.1,global,9,storm2,90,0.75,0.5,301,c09_storm2_w80_u90_0028,1983,922.898800,902.361200,923.550000,915.878400,905.334800,0.4767,0.0122,0.5000,0.0151
grid,stability,stability,1,0.1,global,9,storm2,90,0.75,0.5,301,c09_storm2_w80_u90_0029,1983,2919.402400,2811.410800,2742.211200,2819.380000,2737.233600,0.4758,0.0198,0.5000,0.0424
grid,stability,stability,1,0.1,global,9,storm2,90,0.75,0.5,303,c09_storm2_w80_u90_0020,1983,2019.141600,1520.848400,1522.398800,1919.757200,1495.113600,0.4662,0.0186,0.4991,0.0403
grid,stability,stability,1,0.1,global,9,storm2,90,0.75,0.5,303,c09_storm2_w80_u90_0021,1983,1802.379600,1723.053200,1730.555200,1734.723200,1723.053200,0.4863,0.0017,0.4938,0.0185
grid,stability,stability,1,0.1,global,9,storm2,90,0.75,0.5,303,c09_storm2_w80_u90_0022,1983,1603.211600,1606.307600,1606.063600,1607.470000,1598.932800,0.4844,0.0064,0.5000,0.0063
grid,stability,stability,1,0.1,global,9,storm2,90,0.75,0.5,303,c09_storm2_w80_u90_0023,1983,1324.423200,1280.752000,1233.342800,1308.007200,1244.362000,0.4791,0.0097,0.5000,0.0187
grid,stability,stability,1,0.1,global,9,storm2,90,0.75,0.5,303,c09_storm2_w80_u90_0024,1983,1347.746400,1044.669200,1011.966400,1179.518400,1029.309200,0.4997,0.0199,0.5003,0.0478
grid,stability,stability,1,0.1,global,9,storm2,90,0.75,0.5,303,c09_storm2_w80_u90_0025,1983,1571.562800,1515.874800,1514.028800,1528.581200,1520.716000,0.4476,0.0071,0.5000,0.0145
grid,stability,stability,1,0.1,global,9,storm2,90,0.75,0.5,303,c09_storm2_w80_u90_0026,1983,1943.694800,1631.037200,1615.831200,1825.032000,1611.821600,0.4965,0.0141,0.5000,0.0438
grid,stability,stability,1,0.1,global,9,storm2,90,0.75,0.5,303,c09_storm2_w80_u90_0027,1983,1923.940000,1161.896800,1056.241600,1365.778400,1081.659600,0.4757,0.0188,0.4876,0.0632
grid,stability,stability,1,0.1,global,9,storm2,90,0.75,0.5,303,c09_storm2_w80_u90_0028,1983,922.898800,918.166800,923.550000,915.878400,919.944400,0.4996,0.0017,0.5000,0.0168
grid,stability,stability,1,0.1,global,9,storm2,90,0.75,0.5,303,c09_storm2_w80_u90_0029,1983,2919.402400,2590.408800,2742.211200,2808.267600,2587.639200,0.4794,0.0091,0.4996,0.0439
grid,stability,stability,1,0.1,global,9,storm2,90,0.75,0.5,304,c09_storm2_w80_u90_0020,1983,2019.141600,1559.867600,1522.398800,1919.757200,1552.563600,0.4904,0.0230,0.4965,0.0405
grid,stability,stability,1,0.1,global,9,storm2,90,0.75,0.5,304,c09_storm2_w80_u90_0021,1983,1802.379600,1750.930800,1730.555200,1739.714000,1724.602000,0.4905,0.0134,0.5004,0.0149
grid,stability,stability,1,0.1,global,9,storm2,90,0.75,0.5,304,c09_storm2_w80_u90_0022,1983,1603.211600,1603.164000,1606.063600,1607.470000,1601.615200,0.5004,0.0031,0.5000,0.0063
grid,stability,stability,1,0.1,global,9,storm2,90,0.75,0.5,304,c09_storm2_w80_u90_0023,1983,1324.423200,1280.164000,1233.342800,1308.007200,1250.096000,0.5000,0.0202,0.5000,0.0187
grid,stability,stability,1,0.1,global,9,storm2,90,0.75,0.5,304,c09_storm2_w80_u90_0024,1983,1347.746400,1109.106000,1011.966400,1177.759600,1045.963200,0.4970,0.0414,0.5003,0.0571
grid,stability,stability,1,0.1,global,9,storm2,90,0.75,0.5,304,c09_storm2_w80_u90_0025,1983,1571.562800,1529.419200,1514.028800,1533.140800,1534.798000,0.4980,0.0096,0.5000,0.0145
grid,stability,stability,1,0.1,global,9,storm2,90,0.75,0.5,304,c09_storm2_w80_u90_0026,1983,1943.694800,1721.102400,1615.831200,1817.042000,1619.458400,0.4953,0.0252,0.5000,0.0391
grid,stability,stability,1,0.1,global,9,storm2,90,0.75,0.5,304,c09_storm2_w80_u90_0027,1983,1923.940000,1466.579600,1056.241600,1365.778400,1101.028400,0.4889,0.0408,0.4876,0.0632
grid,stability,stability,1,0.1,global,9,storm2,90,0.75,0.5,304,c09_storm2_w80_u90_0028,1983,922.898800,914.408400,923.550000,917.586800,896.089200,0.4808,0.0052,0.5004,0.0217
grid,stability,stability,1,0.1,global,9,storm2,90,0.75,0.5,304,c09_storm2_w80_u90_0029,1983,2919.402400,2604.616400,2742.211200,2808.267600,2598.002800,0.4801,0.0106,0.5004,0.0438
grid,stability,stability,1,0.1,global,9,storm2,90,0.75,0.5,306,c09_storm2_w80_u90_0020,1983,2019.141600,1595.268800,1522.398800,1941.328400,1567.835200,0.4831,0.0216,0.4930,0.0408
grid,stability,stability,1,0.1,global,9,storm2,90,0.75,0.5,306,c09_storm2_w80_u90_0021,1983,1802.379600,1723.083600,1730.555200,1734.723200,1727.387600,0.4888,0.0102,0.4938,0.0185
grid,stability,stability,1,0.1,global,9,storm2,90,0.75,0.5,306,c09_storm2_w80_u90_0022,1983,1603.211600,1607.867600,1606.063600,1607.470000,1606.936400,0.5000,0.0047,0.5000,0.0063
grid,stability,stability,1,0.1,global,9,storm2,90,0.75,0.5,306,c09_storm2_w80_u90_0023,1983,1324.423200,1299.715600,1233.342800,1308.007200,1268.489200,0.5004,0.0202,0.5000,0.0187
grid,stability,stability,1,0.1,global,9,storm2,90,0.75,0.5,306,c09_storm2_w80_u90_0024,1983,1347.746400,1097.149600,1011.966400,1179.465600,1051.778000,0.5003,0.0345,0.5003,0.0518
grid,stability,stability,1,0.1,global,9,storm2,90,0.75,0.5,306,c09_storm2_w80_u90_0025,1983,1571.562800,1521.186400,1514.028800,1529.529600,1531.773600,0.5004,0.0080,0.5000,0.0161
grid,stability,stability,1,0.1,global,9,storm2,90,0.75,0.5,306,c09_storm2_w80_u90_0026,1983,1943.694800,1728.618800,1615.831200,1817.042000,1670.670000,0.4996,0.0172,0.5000,0.0407
grid,stability,stability,1,0.1,global,9,storm2,90,0.75,0.5,306,c09_storm2_w80_u90_0027,1983,1923.940000,1481.207200,1056.241600,1389.129200,1124.283600,0.4936,0.0379,0.4876,0.0632
grid,stability,stability,1,0.1,global,9,storm2,90,0.75,0.5,306,c09_storm2_w80_u90_0028,1983,922.898800,908.382800,923.550000,915.878400,902.333600,0.4992,0.0100,0.5000,0.0168
grid,stability,stability,1,0.1,global,9,storm2,90,0.75,0.5,306,c09_storm2_w80_u90_0029,1983,2919.402400,2729.829600,2742.211200,2808.789200,2737.242800,0.4815,0.0302,0.5004,0.0438
grid,stability,stability,1,0.1,global,9,storm2,90,0.75,0.5,307,c09_storm2_w80_u90_0020,1983,2019.141600,1642.159600,1522.398800,1941.328400,1554.059600,0.4913,0.0318,0.4921,0.0409
grid,stability,stability,1,0.1,global,9,storm2,90,0.75,0.5,307,c09_storm2_w80_u90_0021,1983,1802.379600,1773.906000,1730.555200,1734.723200,1721.394800,0.4888,0.0118,0.4938,0.0185
grid,stability,stability,1,0.1,global,9,storm2,90,0.75,0.5,307,c09_storm2_w80_u90_0022,1983,1603.211600,1604.374000,1606.063600,1607.470000,1604.722800,0.4996,0.0110,0.5000,0.0063
grid,stability,stability,1,0.1,global,9,storm2,90,0.75,0.5,307,c09_storm2_w80_u90_0023,1983,1324.423200,1335.022800,1233.342800,1315.729600,1276.832000,0.5004,0.0171,0.5000,0.0248
grid,stability,stability,1,0.1,global,9,storm2,90,0.75,0.5,307,c09_storm2_w80_u90_0024,1983,1347.746400,1251.514800,1011.966400,1179.466400,1064.038800,0.5000,0.0518,0.5003,0.0531
grid,stability,stability,1,0.1,global,9,storm2,90,0.75,0.5,307,c09_storm2_w80_u90_0025,1983,1571.562800,1563.874800,1514.028800,1528.581200,1530.446800,0.5000,0.0113,0.5000,0.0145
grid,stability,stability,1,0.1,global,9,storm2,90,0.75,0.5,307,c09_storm2_w80_u90_0026,1983,1943.694800,1804.202000,1615.831200,1784.252000,1609.918000,0.4996,0.0281,0.5000,0.0438
grid,stability,stability,1,0.1,global,9,storm2,90,0.75,0.5,307,c09_storm2_w80_u90_0027,1983,1923.940000,1700.294000,1056.241600,1389.129200,1138.935200,0.4884,0.0354,0.4876,0.0632
grid,stability,stability,1,0.1,global,9,storm2,90,0.75,0.5,307,c09_storm2_w80_u90_0028,1983,922.898800,955.584000,923.550000,920.919200,914.735600,0.4846,0.0155,0.5000,0.0184
grid,stability,stability,1,0.1,global,9,storm2,90,0.75,0.5,307,c09_storm2_w80_u90_0029,1983,2919.402400,2847.112400,2742.211200,2803.377600,2760.631200,0.4822,0.0286,0.4996,0.0409
grid,stability,stability,1,0.1,global,9,storm2,90,0.75,0.5,305,c09_storm2_w80_u90_0020,1983,2019.141600,1580.670800,1522.398800,1942.366400,1557.899600,0.4887,0.0355,0.4939,0.0407
grid,stability,stability,1,0.1,global,9,storm2,90,0.75,0.5,305,c09_storm2_w80_u90_0021,1983,1802.379600,1713.972400,1730.555200,1734.723200,1715.565600,0.4814,0.0120,0.4872,0.0187
grid,stability,stability,1,0.1,global,9,storm2,90,0.75,0.5,305,c09_storm2_w80_u90_0022,1983,1603.211600,1608.875600,1606.063600,1607.199600,1606.786000,0.4938,0.0063,0.5000,0.0079
grid,stability,stability,1,0.1,global,9,storm2,90,0.75,0.5,305,c09_storm2_w80_u90_0023,1983,1324.423200,1338.964000,1233.342800,1318.793600,1252.977600,0.4969,0.0140,0.5000,0.0233
grid,stability,stability,1,0.1,global,9,storm2,90,0.75,0.5,305,c09_storm2_w80_u90_0024,1983,1347.746400,1231.238000,1011.966400,1178.716800,1046.056400,0.4997,0.0518,0.5003,0.0584
grid,stability,stability,1,0.1,global,9,storm2,90,0.75,0.5,305,c09_storm2_w80_u90_0025,1983,1571.562800,1607.124000,1514.028800,1532.192400,1528.510400,0.4733,0.0101,0.5000,0.0145
grid,stability,stability,1,0.1,global,9,storm2,90,0.75,0.5,305,c09_storm2_w80_u90_0026,1983,1943.694800,1779.704400,1615.831200,1825.032000,1617.921600,0.4821,0.0324,0.5000,0.0454
grid,stability,stability,1,0.1,global,9,storm2,90,0.75,0.5,305,c09_storm2_w80_u90_0027,1983,1923.940000,1338.062800,1056.241600,1391.023200,1133.244800,0.5000,0.0375,0.4891,0.0584
grid,stability,stability,1,0.1,global,9,storm2,90,0.75,0.5,305,c09_storm2_w80_u90_0028,1983,922.898800,904.249200,923.550000,915.878400,903.801200,0.4992,0.0100,0.5000,0.0168
grid,stability,stability,1,0.1,global,9,storm2,90,0.75,0.5,305,c09_storm2_w80_u90_0029,1983,2919.402400,2802.186400,2742.211200,2803.226000,2741.027200,0.4804,0.0302,0.5004,0.0409
grid,stability,stability,1,0.1,global,9,storm2,90,0.75,0.5,308,c09_storm2_w80_u90_0020,1983,2019.141600,1710.776400,1522.398800,1957.846000,1577.705200,0.4874,0.0143,0.4991,0.0334
grid,stability,stability,1,0.1,global,9,storm2,90,0.75,0.5,308,c09_storm2_w80_u90_0021,1983,1802.379600,1759.397600,1730.555200,1734.723200,1731.623600,0.4822,0.0137,0.5004,0.0182
grid,stability,stability,1,0.1,global,9,storm2,90,0.75,0.5,308,c09_storm2_w80_u90_0022,1983,1603.211600,1598.249600,1606.063600,1607.470000,1597.169600,0.5000,0.0063,0.5000,0.0063
grid,stability,stability,1,0.1,global,9,storm2,90,0.75,0.5,308,c09_storm2_w80_u90_0023,1983,1324.423200,1355.424800,1233.342800,1315.729600,1253.151600,0.5004,0.0124,0.5000,0.0357
grid,stability,stability,1,0.1,global,9,storm2,90,0.75,0.5,308,c09_storm2_w80_u90_0024,1983,1347.746400,1123.246800,1011.966400,1175.278400,1029.915200,0.5000,0.0146,0.5003,0.0598
grid,stability,stability,1,0.1,global,9,storm2,90,0.75,0.5,308,c09_storm2_w80_u90_0025,1983,1571.562800,1586.804000,1514.028800,1525.704800,1535.509200,0.4872,0.0131,0.5000,0.0145
grid,stability,stability,1,0.1,global,9,storm2,90,0.75,0.5,308,c09_storm2_w80_u90_0026,1983,1943.694800,1770.255600,1615.831200,1825.032000,1611.464800,0.4984,0.0109,0.5000,0.0438
grid,stability,stability,1,0.1,global,9,storm2,90,0.75,0.5,308,c09_storm2_w80_u90_0027,1983,1923.940000,1226.455200,1056.241600,1390.398000,1135.670400,0.4891,0.0169,0.4899,0.0583
grid,stability,stability,1,0.1,global,9,storm2,90,0.75,0.5,308,c09_storm2_w80_u90_0028,1983,922.898800,904.506000,923.550000,915.878400,904.506000,0.4942,0.0034,0.5000,0.0168
grid,stability,stability,1,0.1,global,9,storm2,90,0.75,0.5,308,c09_storm2_w80_u90_0029,1983,2919.402400,2639.794800,2742.211200,2808.267600,2588.566000,0.4887,0.0104,0.4996,0.0439
grid,targeted,targeted,1,0.1,global,9,storm2,90,0.75,0.5,301,c09_storm2_w80_u90_0020,1983,2019.141600,1716.180400,1522.398800,1925.729200,1605.638000,0.4983,0.0298,0.4956,0.0406
grid,targeted,targeted,1,0.1,global,9,storm2,90,0.75,0.5,301,c09_storm2_w80_u90_0021,1983,1802.379600,1726.134000,1730.555200,1740.481600,1715.465600,0.5004,0.0083,0.5004,0.0149
grid,targeted,targeted,1,0.1,global,9,storm2,90,0.75,0.5,301,c09_storm2_w80_u90_0022,1983,1603.211600,1612.054800,1606.063600,1607.199600,1608.237600,0.5004,0.0126,0.4968,0.0127
grid,targeted,targeted,1,0.1,global,9,storm2,90,0.75,0.5,301,c09_storm2_w80_u90_0023,1983,1324.423200,1318.473600,1233.342800,1304.450800,1281.106000,0.4984,0.0234,0.4981,0.0266
grid,targeted,targeted,1,0.1,global,9,storm2,90,0.75,0.5,301,c09_storm2_w80_u90_0024,1983,1347.746400,1206.019200,1011.966400,1225.782400,1067.475200,0.4993,0.0293,0.4990,0.0493
grid,targeted,targeted,1,0.1,global,9,storm2,90,0.75,0.5,301,c09_storm2_w80_u90_0025,1983,1571.562800,1566.016000,1514.028800,1542.797600,1548.102400,0.4972,0.0161,0.4984,0.0210
grid,targeted,targeted,1,0.1,global,9,storm2,90,0.75,0.5,301,c09_storm2_w80_u90_0026,1983,1943.694800,1828.561200,1615.831200,1783.472400,1662.356800,0.4973,0.0251,0.5000,0.0344
grid,targeted,targeted,1,0.1,global,9,storm2,90,0.75,0.5,301,c09_storm2_w80_u90_0027,1983,1923.940000,1557.841600,1056.241600,1295.664800,1116.240400,0.4996,0.0424,0.4996,0.0541
grid,targeted,targeted,1,0.1,global,9,storm2,90,0.75,0.5,301,c09_storm2_w80_u90_0028,1983,922.898800,905.501200,923.550000,927.706800,902.210000,0.5004,0.0100,0.5004,0.0217
grid,targeted,targeted,1,0.1,global,9,storm2,90,0.75,0.5,301,c09_storm2_w80_u90_0029,1983,2919.402400,2770.218400,2742.211200,2839.197600,2735.364800,0.5004,0.0086,0.5000,0.0307
grid,stability,stability,1,0.1,global,9,storm2,90,0.75,0.5,309,c09_storm2_w80_u90_0020,1983,2019.141600,1670.099200,1522.398800,1942.366400,1504.862000,0.4918,0.0351,0.4913,0.0409
grid,stability,stability,1,0.1,global,9,storm2,90,0.75,0.5,309,c09_storm2_w80_u90_0021,1983,1802.379600,1748.361200,1730.555200,1734.723200,1723.613600,0.4979,0.0150,0.4954,0.0184
grid,stability,stability,1,0.1,global,9,storm2,90,0.75,0.5,309,c09_storm2_w80_u90_0022,1983,1603.211600,1614.780400,1606.063600,1607.470000,1604.536800,0.5000,0.0126,0.5000,0.0063
grid,stability,stability,1,0.1,global,9,storm2,90,0.75,0.5,309,c09_storm2_w80_u90_0023,1983,1324.423200,1343.397200,1233.342800,1308.007200,1248.216800,0.5000,0.0186,0.5000,0.0295
grid,stability,stability,1,0.1,global,9,storm2,90,0.75,0.5,309,c09_storm2_w80_u90_0024,1983,1347.746400,1211.103200,1011.966400,1179.704800,1053.244400,0.5003,0.0425,0.5003,0.0544
grid,stability,stability,1,0.1,global,9,storm2,90,0.75,0.5,309,c09_storm2_w80_u90_0025,1983,1571.562800,1559.156400,1514.028800,1528.581200,1528.648400,0.4839,0.0133,0.5000,0.0161
grid,stability,stability,1,0.1,global,9,storm2,90,0.75,0.5,309,c09_storm2_w80_u90_0026,1983,1943.694800,1796.696000,1615.831200,1799.194800,1616.233600,0.4996,0.0250,0.5000,0.0469
grid,stability,stability,1,0.1,global,9,storm2,90,0.75,0.5,309,c09_storm2_w80_u90_0027,1983,1923.940000,1369.916800,1056.241600,1594.030400,1244.509200,0.4891,0.0475,0.4996,0.0556
grid,stability,stability,1,0.1,global,9,storm2,90,0.75,0.5,309,c09_storm2_w80_u90_0028,1983,922.898800,893.134000,923.550000,915.878400,908.223600,0.5000,0.0083,0.5000,0.0168
grid,stability,stability,1,0.1,global,9,storm2,90,0.75,0.5,309,c09_storm2_w80_u90_0029,1983,2919.402400,2796.655200,2742.211200,2803.226000,2748.493200,0.4881,0.0309,0.4996,0.0409
grid,stability,stability,1,0.1,global,9,storm2,90,0.75,0.5,310,c09_storm2_w80_u90_0020,1983,2019.141600,2166.227600,1522.398800,1941.328400,1650.879600,0.4888,0.0372,0.4930,0.0408
grid,stability,stability,1,0.1,global,9,storm2,90,0.75,0.5,310,c09_storm2_w80_u90_0021,1983,1802.379600,1732.629600,1730.555200,1734.723200,1732.629600,0.4706,0.0035,0.5004,0.0182
grid,stability,stability,1,0.1,global,9,storm2,90,0.75,0.5,310,c09_storm2_w80_u90_0022,1983,1603.211600,1599.702400,1606.063600,1607.470000,1595.221600,0.5000,0.0047,0.5000,0.0063
grid,stability,stability,1,0.1,global,9,storm2,90,0.75,0.5,310,c09_storm2_w80_u90_0023,1983,1324.423200,1284.875600,1233.342800,1315.729600,1247.406400,0.5000,0.0202,0.5000,0.0248
grid,stability,stability,1,0.1,global,9,storm2,90,0.75,0.5,310,c09_storm2_w80_u90_0024,1983,1347.746400,1144.574800,1011.966400,1179.704800,1055.534400,0.4990,0.0306,0.5003,0.0544
grid,stability,stability,1,0.1,global,9,storm2,90,0.75,0.5,310,c09_storm2_w80_u90_0025,1983,1571.562800,1524.864400,1514.028800,1532.192400,1533.963200,0.4980,0.0032,0.5000,0.0129
grid,stability,stability,1,0.1,global,9,storm2,90,0.75,0.5,310,c09_storm2_w80_u90_0026,1983,1943.694800,1739.845200,1615.831200,1799.194800,1678.877600,0.4996,0.0156,0.5000,0.0469
grid,stability,stability,1,0.1,global,9,storm2,90,0.75,0.5,310,c09_storm2_w80_u90_0027,1983,1923.940000,1452.014000,1056.241600,1365.778400,1093.127600,0.4876,0.0415,0.4876,0.0632
grid,stability,stability,1,0.1,global,9,storm2,90,0.75,0.5,310,c09_storm2_w80_u90_0028,1983,922.898800,916.180000,923.550000,916.270000,919.754000,0.4983,0.0050,0.5000,0.0151
grid,stability,stability,1,0.1,global,9,storm2,90,0.75,0.5,310,c09_storm2_w80_u90_0029,1983,2919.402400,2820.746800,2742.211200,2820.478800,2773.552400,0.4960,0.0234,0.5004,0.0409
grid,targeted,targeted,1,0.1,global,9,storm2,90,0.75,0.5,302,c09_storm2_w80_u90_0020,1983,2019.141600,1694.612400,1522.398800,1925.729200,1517.827200,0.5000,0.0243,0.4956,0.0406
grid,targeted,targeted,1,0.1,global,9,storm2,90,0.75,0.5,302,c09_storm2_w80_u90_0021,1983,1802.379600,1772.283600,1730.555200,1740.481600,1739.236400,0.4963,0.0150,0.5004,0.0149
grid,targeted,targeted,1,0.1,global,9,storm2,90,0.75,0.5,302,c09_storm2_w80_u90_0022,1983,1603.211600,1600.430800,1606.063600,1607.199600,1600.430800,0.4976,0.0063,0.4968,0.0127
grid,targeted,targeted,1,0.1,global,9,storm2,90,0.75,0.5,302,c09_storm2_w80_u90_0023,1983,1324.423200,1298.424000,1233.342800,1304.450800,1258.659600,0.4973,0.0172,0.4981,0.0266
grid,targeted,targeted,1,0.1,global,9,storm2,90,0.75,0.5,302,c09_storm2_w80_u90_0024,1983,1347.746400,1144.770000,1011.966400,1225.782400,1037.691600,0.4990,0.0267,0.4990,0.0493
grid,targeted,targeted,1,0.1,global,9,storm2,90,0.75,0.5,302,c09_storm2_w80_u90_0025,1983,1571.562800,1566.106800,1514.028800,1542.797600,1546.935600,0.4972,0.0161,0.4984,0.0210
grid,targeted,targeted,1,0.1,global,9,storm2,90,0.75,0.5,302,c09_storm2_w80_u90_0026,1983,1943.694800,1787.707200,1615.831200,1783.472400,1645.617200,0.4934,0.0174,0.5000,0.0344
grid,targeted,targeted,1,0.1,global,9,storm2,90,0.75,0.5,302,c09_storm2_w80_u90_0027,1983,1923.940000,1319.136800,1056.241600,1295.664800,1109.559600,0.4996,0.0390,0.4996,0.0541
grid,targeted,targeted,1,0.1,global,9,storm2,90,0.75,0.5,302,c09_storm2_w80_u90_0028,1983,922.898800,996.111200,923.550000,927.706800,921.844000,0.5004,0.0117,0.5004,0.0217
grid,targeted,targeted,1,0.1,global,9,storm2,90,0.75,0.5,302,c09_storm2_w80_u90_0029,1983,2919.402400,2889.049600,2742.211200,2839.197600,2758.607600,0.4996,0.0219,0.5000,0.0307
grid,targeted,targeted,1,0.1,global,9,storm2,90,0.75,0.5,303,c09_storm2_w80_u90_0020,1983,2019.141600,1721.459200,1522.398800,1925.729200,1542.548000,0.5000,0.0311,0.4956,0.0406
grid,targeted,targeted,1,0.1,global,9,storm2,90,0.75,0.5,303,c09_storm2_w80_u90_0021,1983,1802.379600,1738.330800,1730.555200,1740.481600,1713.466000,0.4988,0.0166,0.5004,0.0149
grid,targeted,targeted,1,0.1,global,9,storm2,90,0.75,0.5,303,c09_storm2_w80_u90_0022,1983,1603.211600,1602.946400,1606.063600,1607.199600,1603.656000,0.4937,0.0032,0.4968,0.0127
grid,targeted,targeted,1,0.1,global,9,storm2,90,0.75,0.5,303,c09_storm2_w80_u90_0023,1983,1324.423200,1368.956000,1233.342800,1304.450800,1269.740400,0.4977,0.0202,0.4981,0.0266
grid,targeted,targeted,1,0.1,global,9,storm2,90,0.75,0.5,303,c09_storm2_w80_u90_0024,1983,1347.746400,1085.357200,1011.966400,1225.782400,1024.138800,0.4983,0.0173,0.4990,0.0493
grid,targeted,targeted,1,0.1,global,9,storm2,90,0.75,0.5,303,c09_storm2_w80_u90_0025,1983,1571.562800,1534.997600,1514.028800,1542.797600,1535.366800,0.4980,0.0210,0.4984,0.0210
grid,targeted,targeted,1,0.1,global,9,storm2,90,0.75,0.5,303,c09_storm2_w80_u90_0026,1983,1943.694800,1683.132000,1615.831200,1783.472400,1611.542400,0.4883,0.0224,0.5000,0.0344
grid,targeted,targeted,1,0.1,global,9,storm2,90,0.75,0.5,303,c09_storm2_w80_u90_0027,1983,1923.940000,1216.786000,1056.241600,1295.664800,1066.656000,0.4996,0.0285,0.4996,0.0541
grid,targeted,targeted,1,0.1,global,9,storm2,90,0.75,0.5,303,c09_storm2_w80_u90_0028,1983,922.898800,925.804400,923.550000,927.706800,929.990800,0.5004,0.0117,0.5004,0.0217
grid,targeted,targeted,1,0.1,global,9,storm2,90,0.75,0.5,303,c09_storm2_w80_u90_0029,1983,2919.402400,2779.428000,2742.211200,2839.197600,2770.962800,0.4978,0.0161,0.5000,0.0307
grid,targeted,targeted,1,0.1,global,9,storm2,90,0.75,0.5,304,c09_storm2_w80_u90_0020,1983,2019.141600,1660.766800,1522.398800,1925.729200,1578.812400,0.4943,0.0300,0.4956,0.0406
grid,targeted,targeted,1,0.1,global,9,storm2,90,0.75,0.5,304,c09_storm2_w80_u90_0021,1983,1802.379600,1725.072000,1730.555200,1740.481600,1719.056800,0.4963,0.0100,0.5004,0.0149
grid,targeted,targeted,1,0.1,global,9,storm2,90,0.75,0.5,304,c09_storm2_w80_u90_0022,1983,1603.211600,1608.164800,1606.063600,1607.199600,1605.467600,0.5000,0.0047,0.4968,0.0127
grid,targeted,targeted,1,0.1,global,9,storm2,90,0.75,0.5,304,c09_storm2_w80_u90_0023,1983,1324.423200,1247.724800,1233.342800,1304.450800,1249.966000,0.4988,0.0171,0.4981,0.0266
grid,targeted,targeted,1,0.1,global,9,storm2,90,0.75,0.5,304,c09_storm2_w80_u90_0024,1983,1347.746400,1103.834800,1011.966400,1225.782400,1032.755200,0.4987,0.0426,0.4990,0.0493
grid,targeted,targeted,1,0.1,global,9,storm2,90,0.75,0.5,304,c09_storm2_w80_u90_0025,1983,1571.562800,1524.329600,1514.028800,1542.797600,1525.690400,0.4972,0.0177,0.4984,0.0210
grid,targeted,targeted,1,0.1,global,9,storm2,90,0.75,0.5,304,c09_storm2_w80_u90_0026,1983,1943.694800,1734.585600,1615.831200,1783.472400,1625.736000,0.4848,0.0097,0.5000,0.0344
grid,targeted,targeted,1,0.1,global,9,storm2,90,0.75,0.5,304,c09_storm2_w80_u90_0027,1983,1923.940000,1371.403200,1056.241600,1295.664800,1086.084800,0.4992,0.0195,0.4996,0.0541
grid,targeted,targeted,1,0.1,global,9,storm2,90,0.75,0.5,304,c09_storm2_w80_u90_0028,1983,922.898800,910.662000,923.550000,927.706800,907.962400,0.4992,0.0084,0.5004,0.0217
grid,targeted,targeted,1,0.1,global,9,storm2,90,0.75,0.5,304,c09_storm2_w80_u90_0029,1983,2919.402400,2846.951600,2742.211200,2839.197600,2781.842800,0.4975,0.0190,0.5000,0.0307
grid,targeted,targeted,1,0.1,global,9,storm2,90,0.75,0.5,306,c09_storm2_w80_u90_0020,1983,2019.141600,1664.273600,1522.398800,1925.729200,1583.426000,0.4934,0.0408,0.4956,0.0406
grid,targeted,targeted,1,0.1,global,9,storm2,90,0.75,0.5,306,c09_storm2_w80_u90_0021,1983,1802.379600,1792.660800,1730.555200,1740.481600,1714.327600,0.5004,0.0132,0.5004,0.0149
grid,targeted,targeted,1,0.1,global,9,storm2,90,0.75,0.5,306,c09_storm2_w80_u90_0022,1983,1603.211600,1604.834800,1606.063600,1607.199600,1608.057200,0.5004,0.0078,0.4968,0.0127
grid,targeted,targeted,1,0.1,global,9,storm2,90,0.75,0.5,306,c09_storm2_w80_u90_0023,1983,1324.423200,1304.544800,1233.342800,1304.450800,1258.968800,0.5000,0.0233,0.4981,0.0266
grid,targeted,targeted,1,0.1,global,9,storm2,90,0.75,0.5,306,c09_storm2_w80_u90_0024,1983,1347.746400,1247.565200,1011.966400,1225.782400,1038.584800,0.5003,0.0424,0.4990,0.0493
grid,targeted,targeted,1,0.1,global,9,storm2,90,0.75,0.5,306,c09_storm2_w80_u90_0025,1983,1571.562800,1754.998000,1514.028800,1542.797600,1718.603200,0.4996,0.0160,0.4984,0.0210
grid,targeted,targeted,1,0.1,global,9,storm2,90,0.75,0.5,306,c09_storm2_w80_u90_0026,1983,1943.694800,1801.669600,1615.831200,1783.472400,1643.055200,0.4957,0.0220,0.5000,0.0344
grid,targeted,targeted,1,0.1,global,9,storm2,90,0.75,0.5,306,c09_storm2_w80_u90_0027,1983,1923.940000,1343.210000,1056.241600,1295.664800,1119.556000,0.4921,0.0396,0.4996,0.0541
grid,targeted,targeted,1,0.1,global,9,storm2,90,0.75,0.5,306,c09_storm2_w80_u90_0028,1983,922.898800,955.020400,923.550000,927.706800,907.622000,0.5004,0.0083,0.5004,0.0217
grid,targeted,targeted,1,0.1,global,9,storm2,90,0.75,0.5,306,c09_storm2_w80_u90_0029,1983,2919.402400,2757.828800,2742.211200,2839.197600,2746.918400,0.4978,0.0190,0.5000,0.0307
grid,targeted,targeted,1,0.1,global,9,storm2,90,0.75,0.5,305,c09_storm2_w80_u90_0020,1983,2019.141600,1591.039600,1522.398800,1925.729200,1576.322400,0.5004,0.0210,0.4956,0.0406
grid,targeted,targeted,1,0.1,global,9,storm2,90,0.75,0.5,305,c09_storm2_w80_u90_0021,1983,1802.379600,1736.628800,1730.555200,1740.481600,1721.602800,0.4996,0.0083,0.5004,0.0149
grid,targeted,targeted,1,0.1,global,9,storm2,90,0.75,0.5,305,c09_storm2_w80_u90_0022,1983,1603.211600,1596.701600,1606.063600,1607.199600,1599.126000,0.4941,0.0048,0.4968,0.0127
grid,targeted,targeted,1,0.1,global,9,storm2,90,0.75,0.5,305,c09_storm2_w80_u90_0023,1983,1324.423200,1280.691600,1233.342800,1304.450800,1250.828800,0.4984,0.0109,0.4981,0.0266
grid,targeted,targeted,1,0.1,global,9,storm2,90,0.75,0.5,305,c09_storm2_w80_u90_0024,1983,1347.746400,1192.554800,1011.966400,1225.782400,1019.766800,0.4980,0.0187,0.4990,0.0493
grid,targeted,targeted,1,0.1,global,9,storm2,90,0.75,0.5,305,c09_storm2_w80_u90_0025,1983,1571.562800,1552.494400,1514.028800,1542.797600,1533.549600,0.4972,0.0162,0.4984,0.0210
grid,targeted,targeted,1,0.1,global,9,storm2,90,0.75,0.5,305,c09_storm2_w80_u90_0026,1983,1943.694800,1779.489600,1615.831200,1783.472400,1630.767200,0.4934,0.0127,0.5000,0.0344
grid,targeted,targeted,1,0.1,global,9,storm2,90,0.75,0.5,305,c09_storm2_w80_u90_0027,1983,1923.940000,1290.655600,1056.241600,1295.664800,1097.746800,0.4996,0.0210,0.4996,0.0541
grid,targeted,targeted,1,0.1,global,9,storm2,90,0.75,0.5,305,c09_storm2_w80_u90_0028,1983,922.898800,887.798000,923.550000,927.706800,886.548400,0.5000,0.0067,0.5004,0.0217
grid,targeted,targeted,1,0.1,global,9,storm2,90,0.75,0.5,305,c09_storm2_w80_u90_0029,1983,2919.402400,2734.564400,2742.211200,2839.197600,2753.345200,0.5000,0.0145,0.5000,0.0307
grid,targeted,targeted,1,0.1,global,9,storm2,90,0.75,0.5,308,c09_storm2_w80_u90_0020,1983,2019.141600,1578.954800,1522.398800,1925.729200,1569.479600,0.4987,0.0280,0.4956,0.0406
grid,targeted,targeted,1,0.1,global,9,storm2,90,0.75,0.5,308,c09_storm2_w80_u90_0021,1983,1802.379600,1729.843600,1730.555200,1740.481600,1721.350400,0.4963,0.0100,0.5004,0.0149
grid,targeted,targeted,1,0.1,global,9,storm2,90,0.75,0.5,308,c09_storm2_w80_u90_0022,1983,1603.211600,1609.051200,1606.063600,1607.199600,1597.974800,0.5004,0.0031,0.4968,0.0127
grid,targeted,targeted,1,0.1,global,9,storm2,90,0.75,0.5,308,c09_storm2_w80_u90_0023,1983,1324.423200,1345.888400,1233.342800,1304.450800,1272.076000,0.4973,0.0125,0.4981,0.0266
grid,targeted,targeted,1,0.1,global,9,storm2,90,0.75,0.5,308,c09_storm2_w80_u90_0024,1983,1347.746400,1234.362000,1011.966400,1225.782400,1066.207200,0.4983,0.0240,0.4990,0.0493
grid,targeted,targeted,1,0.1,global,9,storm2,90,0.75,0.5,308,c09_storm2_w80_u90_0025,1983,1571.562800,1564.542400,1514.028800,1542.797600,1532.415200,0.4976,0.0161,0.4984,0.0210
grid,targeted,targeted,1,0.1,global,9,storm2,90,0.75,0.5,308,c09_storm2_w80_u90_0026,1983,1943.694800,1761.133200,1615.831200,1783.472400,1624.488400,0.4840,0.0193,0.5000,0.0344
grid,targeted,targeted,1,0.1,global,9,storm2,90,0.75,0.5,308,c09_storm2_w80_u90_0027,1983,1923.940000,1433.278000,1056.241600,1295.664800,1122.630800,0.4993,0.0345,0.4996,0.0541
grid,targeted,targeted,1,0.1,global,9,storm2,90,0.75,0.5,308,c09_storm2_w80_u90_0028,1983,922.898800,957.524000,923.550000,927.706800,940.845200,0.5004,0.0167,0.5004,0.0217
grid,targeted,targeted,1,0.1,global,9,storm2,90,0.75,0.5,308,c09_storm2_w80_u90_0029,1983,2919.402400,2650.175200,2742.211200,2839.197600,2599.152800,0.5000,0.0116,0.5000,0.0307
grid,targeted,targeted,1,0.1,global,9,storm2,90,0.75,0.5,309,c09_storm2_w80_u90_0020,1983,2019.141600,1635.639600,1522.398800,1925.729200,1591.213200,0.4974,0.0192,0.4956,0.0406
grid,targeted,targeted,1,0.1,global,9,storm2,90,0.75,0.5,309,c09_storm2_w80_u90_0021,1983,1802.379600,1729.072000,1730.555200,1740.481600,1722.003600,0.4971,0.0050,0.5004,0.0149
grid,targeted,targeted,1,0.1,global,9,storm2,90,0.75,0.5,309,c09_storm2_w80_u90_0022,1983,1603.211600,1606.946000,1606.063600,1607.199600,1603.068000,0.4992,0.0078,0.4968,0.0127
grid,targeted,targeted,1,0.1,global,9,storm2,90,0.75,0.5,309,c09_storm2_w80_u90_0023,1983,1324.423200,1277.568000,1233.342800,1304.450800,1251.506800,0.4984,0.0187,0.4981,0.0266
grid,targeted,targeted,1,0.1,global,9,storm2,90,0.75,0.5,309,c09_storm2_w80_u90_0024,1983,1347.746400,1111.506400,1011.966400,1225.782400,1039.100800,0.4997,0.0345,0.4990,0.0493
grid,targeted,targeted,1,0.1,global,9,storm2,90,0.75,0.5,309,c09_storm2_w80_u90_0025,1983,1571.562800,1540.826400,1514.028800,1542.797600,1531.014000,0.4976,0.0113,0.4984,0.0210
grid,targeted,targeted,1,0.1,global,9,storm2,90,0.75,0.5,309,c09_storm2_w80_u90_0026,1983,1943.694800,1724.764400,1615.831200,1783.472400,1618.652800,0.5000,0.0141,0.5000,0.0344
grid,targeted,targeted,1,0.1,global,9,storm2,90,0.75,0.5,309,c09_storm2_w80_u90_0027,1983,1923.940000,1208.764000,1056.241600,1295.664800,1117.561600,0.4963,0.0301,0.4996,0.0541
grid,targeted,targeted,1,0.1,global,9,storm2,90,0.75,0.5,309,c09_storm2_w80_u90_0028,1983,922.898800,918.466400,923.550000,927.706800,953.048000,0.5000,0.0134,0.5004,0.0217
grid,targeted,targeted,1,0.1,global,9,storm2,90,0.75,0.5,309,c09_storm2_w80_u90_0029,1983,2919.402400,2762.723600,2742.211200,2839.197600,2760.867600,0.5000,0.0160,0.5000,0.0307
grid,targeted,targeted,1,0.1,global,9,storm2,90,0.75,0.5,307,c09_storm2_w80_u90_0020,1983,2019.141600,1651.256400,1522.398800,1925.729200,1554.560400,0.4996,0.0312,0.4956,0.0406
grid,targeted,targeted,1,0.1,global,9,storm2,90,0.75,0.5,307,c09_storm2_w80_u90_0021,1983,1802.379600,1749.072800,1730.555200,1740.481600,1715.726000,0.5000,0.0132,0.5004,0.0149
grid,targeted,targeted,1,0.1,global,9,storm2,90,0.75,0.5,307,c09_storm2_w80_u90_0022,1983,1603.211600,1607.170400,1606.063600,1607.199600,1607.148800,0.4980,0.0047,0.4968,0.0127
grid,targeted,targeted,1,0.1,global,9,storm2,90,0.75,0.5,307,c09_storm2_w80_u90_0023,1983,1324.423200,1341.642800,1233.342800,1304.450800,1246.000800,0.4996,0.0171,0.4981,0.0266
grid,targeted,targeted,1,0.1,global,9,storm2,90,0.75,0.5,307,c09_storm2_w80_u90_0024,1983,1347.746400,1155.266800,1011.966400,1225.782400,1025.802000,0.4987,0.0266,0.4990,0.0493
grid,targeted,targeted,1,0.1,global,9,storm2,90,0.75,0.5,307,c09_storm2_w80_u90_0025,1983,1571.562800,1559.125200,1514.028800,1542.797600,1525.199200,0.4972,0.0162,0.4984,0.0210
grid,targeted,targeted,1,0.1,global,9,storm2,90,0.75,0.5,307,c09_storm2_w80_u90_0026,1983,1943.694800,1796.080400,1615.831200,1783.472400,1617.839200,0.5000,0.0109,0.5000,0.0344
grid,targeted,targeted,1,0.1,global,9,storm2,90,0.75,0.5,307,c09_storm2_w80_u90_0027,1983,1923.940000,1544.915200,1056.241600,1295.664800,1115.200400,0.4996,0.0301,0.4996,0.0541
grid,targeted,targeted,1,0.1,global,9,storm2,90,0.75,0.5,307,c09_storm2_w80_u90_0028,1983,922.898800,929.230400,923.550000,927.706800,927.076400,0.5000,0.0100,0.5004,0.0217
grid,targeted,targeted,1,0.1,global,9,storm2,90,0.75,0.5,307,c09_storm2_w80_u90_0029,1983,2919.402400,2769.908800,2742.211200,2839.197600,2792.565200,0.5004,0.0246,0.5000,0.0307
grid,targeted,targeted,1,0.1,global,9,storm2,90,0.75,0.5,310,c09_storm2_w80_u90_0020,1983,2019.141600,1754.572400,1522.398800,1925.729200,1550.161600,0.5000,0.0381,0.4956,0.0406
grid,targeted,targeted,1,0.1,global,9,storm2,90,0.75,0.5,310,c09_storm2_w80_u90_0021,1983,1802.379600,1731.670000,1730.555200,1740.481600,1730.416400,0.5004,0.0050,0.5004,0.0149
grid,targeted,targeted,1,0.1,global,9,storm2,90,0.75,0.5,310,c09_storm2_w80_u90_0022,1983,1603.211600,1622.612000,1606.063600,1607.199600,1610.222800,0.5004,0.0031,0.4968,0.0127
grid,targeted,targeted,1,0.1,global,9,storm2,90,0.75,0.5,310,c09_storm2_w80_u90_0023,1983,1324.423200,1284.960000,1233.342800,1304.450800,1277.648000,0.4984,0.0125,0.4981,0.0266
grid,targeted,targeted,1,0.1,global,9,storm2,90,0.75,0.5,310,c09_storm2_w80_u90_0024,1983,1347.746400,1218.283200,1011.966400,1225.782400,1058.259600,0.4990,0.0239,0.4990,0.0493
grid,targeted,targeted,1,0.1,global,9,storm2,90,0.75,0.5,310,c09_storm2_w80_u90_0025,1983,1571.562800,1509.922800,1514.028800,1542.797600,1521.116800,0.4972,0.0064,0.4984,0.0210
grid,targeted,targeted,1,0.1,global,9,storm2,90,0.75,0.5,310,c09_storm2_w80_u90_0026,1983,1943.694800,1706.990000,1615.831200,1783.472400,1658.294800,0.4949,0.0205,0.5000,0.0344
grid,targeted,targeted,1,0.1,global,9,storm2,90,0.75,0.5,310,c09_storm2_w80_u90_0027,1983,1923.940000,1509.052800,1056.241600,1295.664800,1094.826400,0.4996,0.0450,0.4996,0.0541
grid,targeted,targeted,1,0.1,global,9,storm2,90,0.75,0.5,310,c09_storm2_w80_u90_0028,1983,922.898800,918.321600,923.550000,927.706800,929.334000,0.5000,0.0150,0.5004,0.0217
grid,targeted,targeted,1,0.1,global,9,storm2,90,0.75,0.5,310,c09_storm2_w80_u90_0029,1983,2919.402400,2799.146000,2742.211200,2839.197600,2775.936400,0.4982,0.0202,0.5000,0.0307
grid,stability,stability,1,0.1,global,9,storm2,90,1.0,0.25,301,c09_storm2_w80_u90_0020,1983,2177.667200,1659.500400,1504.394400,2095.306000,1605.160800,0.2455,0.0211,0.2454,0.0747
grid,stability,stability,1,0.1,global,9,storm2,90,1.0,0.25,301,c09_storm2_w80_u90_0021,1983,1754.070800,1719.327200,1724.693600,1743.372000,1716.951200,0.2481,0.0033,0.2506,0.0298
grid,stability,stability,1,0.1,global,9,storm2,90,1.0,0.25,301,c09_storm2_w80_u90_0022,1983,1255.530000,1203.729200,1218.304800,1253.388800,1204.159600,0.2498,0.0031,0.2496,0.0095
grid,stability,stability,1,0.1,global,9,storm2,90,1.0,0.25,301,c09_storm2_w80_u90_0023,1983,1251.113600,1245.780800,1185.189600,1260.659600,1245.947200,0.2496,0.0062,0.2496,0.0156
grid,stability,stability,1,0.1,global,9,storm2,90,1.0,0.25,301,c09_storm2_w80_u90_0024,1983,2040.184000,1486.769600,1434.189200,1881.208000,1487.203600,0.2505,0.0186,0.2500,0.0585
grid,stability,stability,1,0.1,global,9,storm2,90,1.0,0.25,301,c09_storm2_w80_u90_0025,1983,1653.087600,1567.721600,1550.068000,1582.301200,1566.282800,0.2502,0.0128,0.2484,0.0324
grid,stability,stability,1,0.1,global,9,storm2,90,1.0,0.25,301,c09_storm2_w80_u90_0026,1983,1769.389600,1292.746800,1308.659600,1624.973600,1288.102000,0.2426,0.0065,0.2504,0.0594
grid,stability,stability,1,0.1,global,9,storm2,90,1.0,0.25,301,c09_storm2_w80_u90_0027,1983,1752.833600,1086.682400,803.994000,1339.442800,947.941600,0.2438,0.0123,0.2487,0.0937
grid,stability,stability,1,0.1,global,9,storm2,90,1.0,0.25,301,c09_storm2_w80_u90_0028,1983,804.369600,692.128000,730.334800,776.908400,698.036400,0.2496,0.0134,0.2494,0.0435
grid,stability,stability,1,0.1,global,9,storm2,90,1.0,0.25,301,c09_storm2_w80_u90_0029,1983,3061.778400,2818.911600,2856.388000,3022.974400,2795.766400,0.2486,0.0204,0.2502,0.0321
grid,stability,stability,1,0.1,global,9,storm2,90,1.0,0.25,302,c09_storm2_w80_u90_0020,1983,2177.667200,1627.432000,1504.394400,2126.478000,1578.550400,0.2465,0.0141,0.2500,0.0421
grid,stability,stability,1,0.1,global,9,storm2,90,1.0,0.25,302,c09_storm2_w80_u90_0021,1983,1754.070800,1722.001600,1724.693600,1741.065600,1712.932800,0.2492,0.0033,0.2506,0.0298
grid,stability,stability,1,0.1,global,9,storm2,90,1.0,0.25,302,c09_storm2_w80_u90_0022,1983,1255.530000,1203.338800,1218.304800,1256.239600,1203.338800,0.2433,0.0000,0.2435,0.0129
grid,stability,stability,1,0.1,global,9,storm2,90,1.0,0.25,302,c09_storm2_w80_u90_0023,1983,1251.113600,1205.736000,1185.189600,1241.440000,1213.319200,0.2496,0.0062,0.2500,0.0218
grid,stability,stability,1,0.1,global,9,storm2,90,1.0,0.25,302,c09_storm2_w80_u90_0024,1983,2040.184000,1431.838800,1434.189200,1884.727600,1434.294800,0.2505,0.0053,0.2500,0.0479
grid,stability,stability,1,0.1,global,9,storm2,90,1.0,0.25,302,c09_storm2_w80_u90_0025,1983,1653.087600,1575.494000,1550.068000,1582.301200,1575.714000,0.2382,0.0034,0.2500,0.0322
grid,stability,stability,1,0.1,global,9,storm2,90,1.0,0.25,302,c09_storm2_w80_u90_0026,1983,1769.389600,1280.729600,1308.659600,1569.282000,1282.794800,0.2471,0.0063,0.2504,0.0469
grid,stability,stability,1,0.1,global,9,storm2,90,1.0,0.25,302,c09_storm2_w80_u90_0027,1983,1752.833600,941.911600,803.994000,1366.150800,878.358400,0.2449,0.0245,0.2494,0.1054
grid,stability,stability,1,0.1,global,9,storm2,90,1.0,0.25,302,c09_storm2_w80_u90_0028,1983,804.369600,698.090000,730.334800,780.876400,700.848400,0.2492,0.0100,0.2494,0.0401
grid,stability,stability,1,0.1,global,9,storm2,90,1.0,0.25,302,c09_storm2_w80_u90_0029,1983,3061.778400,2844.950400,2856.388000,2997.171600,2821.725600,0.2388,0.0213,0.2502,0.0350
grid,stability,stability,1,0.1,global,9,storm2,90,1.0,0.25,303,c09_storm2_w80_u90_0020,1983,2177.667200,1545.586000,1504.394400,2113.706400,1519.384800,0.2329,0.0186,0.2500,0.0421
grid,stability,stability,1,0.1,global,9,storm2,90,1.0,0.25,303,c09_storm2_w80_u90_0021,1983,1754.070800,1717.568000,1724.693600,1742.714000,1717.568000,0.2506,0.0000,0.2506,0.0265
grid,stability,stability,1,0.1,global,9,storm2,90,1.0,0.25,303,c09_storm2_w80_u90_0022,1983,1255.530000,1204.294000,1218.304800,1253.819200,1204.357200,0.2453,0.0064,0.2496,0.0126
grid,stability,stability,1,0.1,global,9,storm2,90,1.0,0.25,303,c09_storm2_w80_u90_0023,1983,1251.113600,1191.567200,1185.189600,1241.440000,1191.010400,0.2504,0.0124,0.2500,0.0218
grid,stability,stability,1,0.1,global,9,storm2,90,1.0,0.25,303,c09_storm2_w80_u90_0024,1983,2040.184000,1551.313600,1434.189200,1877.157200,1550.263200,0.2300,0.0375,0.2500,0.0559
grid,stability,stability,1,0.1,global,9,storm2,90,1.0,0.25,303,c09_storm2_w80_u90_0025,1983,1653.087600,1569.660400,1550.068000,1582.301200,1560.974400,0.2444,0.0033,0.2500,0.0322
grid,stability,stability,1,0.1,global,9,storm2,90,1.0,0.25,303,c09_storm2_w80_u90_0026,1983,1769.389600,1281.106000,1308.659600,1529.410800,1282.941200,0.2500,0.0094,0.2488,0.0597
grid,stability,stability,1,0.1,global,9,storm2,90,1.0,0.25,303,c09_storm2_w80_u90_0027,1983,1752.833600,990.368800,803.994000,1351.935600,887.923600,0.2376,0.0252,0.2502,0.0961
grid,stability,stability,1,0.1,global,9,storm2,90,1.0,0.25,303,c09_storm2_w80_u90_0028,1983,804.369600,704.329200,730.334800,768.925600,702.091600,0.2502,0.0133,0.2502,0.0367
grid,stability,stability,1,0.1,global,9,storm2,90,1.0,0.25,303,c09_storm2_w80_u90_0029,1983,3061.778400,2885.925200,2856.388000,3038.162000,2833.145200,0.2429,0.0299,0.2502,0.0262
grid,stability,stability,1,0.1,global,9,storm2,90,1.0,0.25,304,c09_storm2_w80_u90_0020,1983,2177.667200,1526.140400,1504.394400,2106.435200,1531.608400,0.2390,0.0362,0.2498,0.0699
grid,stability,stability,1,0.1,global,9,storm2,90,1.0,0.25,304,c09_storm2_w80_u90_0021,1983,1754.070800,1724.016000,1724.693600,1736.997200,1724.016000,0.2457,0.0000,0.2504,0.0265
grid,stability,stability,1,0.1,global,9,storm2,90,1.0,0.25,304,c09_storm2_w80_u90_0022,1983,1255.530000,1206.614800,1218.304800,1245.562400,1207.045200,0.2496,0.0032,0.2461,0.0128
grid,stability,stability,1,0.1,global,9,storm2,90,1.0,0.25,304,c09_storm2_w80_u90_0023,1983,1251.113600,1213.010000,1185.189600,1239.491200,1214.122000,0.2498,0.0124,0.2500,0.0187
grid,stability,stability,1,0.1,global,9,storm2,90,1.0,0.25,304,c09_storm2_w80_u90_0024,1983,2040.184000,1446.612400,1434.189200,1801.900000,1445.161600,0.2503,0.0424,0.2500,0.0532
grid,stability,stability,1,0.1,global,9,storm2,90,1.0,0.25,304,c09_storm2_w80_u90_0025,1983,1653.087600,1572.578000,1550.068000,1582.301200,1563.892000,0.2506,0.0064,0.2500,0.0322
grid,stability,stability,1,0.1,global,9,storm2,90,1.0,0.25,304,c09_storm2_w80_u90_0026,1983,1769.389600,1288.755200,1308.659600,1566.866400,1285.774400,0.2502,0.0062,0.2504,0.0500
grid,stability,stability,1,0.1,global,9,storm2,90,1.0,0.25,304,c09_storm2_w80_u90_0027,1983,1752.833600,955.921600,803.994000,1167.552800,889.196800,0.2438,0.0123,0.2502,0.1081
grid,stability,stability,1,0.1,global,9,storm2,90,1.0,0.25,304,c09_storm2_w80_u90_0028,1983,804.369600,693.325200,730.334800,773.954400,693.550000,0.2498,0.0033,0.2502,0.0400
grid,stability,stability,1,0.1,global,9,storm2,90,1.0,0.25,304,c09_storm2_w80_u90_0029,1983,3061.778400,2834.635200,2856.388000,3022.974400,2815.402000,0.2473,0.0205,0.2502,0.0292
grid,stability,stability,1,0.1,global,9,storm2,90,1.0,0.25,306,c09_storm2_w80_u90_0020,1983,2177.667200,1619.443600,1504.394400,2106.223200,1576.676800,0.2470,0.0175,0.2493,0.0702
grid,stability,stability,1,0.1,global,9,storm2,90,1.0,0.25,306,c09_storm2_w80_u90_0021,1983,1754.070800,1716.790400,1724.693600,1743.372000,1716.790400,0.2481,0.0000,0.2506,0.0298
grid,stability,stability,1,0.1,global,9,storm2,90,1.0,0.25,306,c09_storm2_w80_u90_0022,1983,1255.530000,1201.867600,1218.304800,1253.819200,1201.228400,0.2506,0.0031,0.2433,0.0129
grid,stability,stability,1,0.1,global,9,storm2,90,1.0,0.25,306,c09_storm2_w80_u90_0023,1983,1251.113600,1191.063600,1185.189600,1234.920400,1191.063600,0.2498,0.0031,0.2504,0.0155
grid,stability,stability,1,0.1,global,9,storm2,90,1.0,0.25,306,c09_storm2_w80_u90_0024,1983,2040.184000,1447.205200,1434.189200,1830.792000,1449.457600,0.2498,0.0372,0.2500,0.0532
grid,stability,stability,1,0.1,global,9,storm2,90,1.0,0.25,306,c09_storm2_w80_u90_0025,1983,1653.087600,1572.750800,1550.068000,1582.301200,1564.064800,0.2506,0.0096,0.2500,0.0322
grid,stability,stability,1,0.1,global,9,storm2,90,1.0,0.25,306,c09_storm2_w80_u90_0026,1983,1769.389600,1312.403600,1308.659600,1541.206000,1322.458400,0.2455,0.0032,0.2504,0.0469
grid,stability,stability,1,0.1,global,9,storm2,90,1.0,0.25,306,c09_storm2_w80_u90_0027,1983,1752.833600,1044.766800,803.994000,1339.760800,849.025600,0.2446,0.0368,0.2457,0.1040
grid,stability,stability,1,0.1,global,9,storm2,90,1.0,0.25,306,c09_storm2_w80_u90_0028,1983,804.369600,698.080400,730.334800,774.585200,699.628400,0.2502,0.0033,0.2502,0.0367
grid,stability,stability,1,0.1,global,9,storm2,90,1.0,0.25,306,c09_storm2_w80_u90_0029,1983,3061.778400,2849.700000,2856.388000,3005.869200,2820.017200,0.2480,0.0175,0.2502,0.0292
grid,stability,stability,1,0.1,global,9,storm2,90,1.0,0.25,305,c09_storm2_w80_u90_0020,1983,2177.667200,1548.281200,1504.394400,2109.956800,1504.258400,0.2405,0.0180,0.2434,0.0791
grid,stability,stability,1,0.1,global,9,storm2,90,1.0,0.25,305,c09_storm2_w80_u90_0021,1983,1754.070800,1713.510400,1724.693600,1742.714000,1713.510400,0.2490,0.0000,0.2506,0.0265
grid,stability,stability,1,0.1,global,9,storm2,90,1.0,0.25,305,c09_storm2_w80_u90_0022,1983,1255.530000,1208.217200,1218.304800,1253.388800,1208.647600,0.2427,0.0032,0.2496,0.0095
grid,stability,stability,1,0.1,global,9,storm2,90,1.0,0.25,305,c09_storm2_w80_u90_0023,1983,1251.113600,1208.267600,1185.189600,1239.491200,1201.179200,0.2500,0.0093,0.2500,0.0187
grid,stability,stability,1,0.1,global,9,storm2,90,1.0,0.25,305,c09_storm2_w80_u90_0024,1983,2040.184000,1512.336800,1434.189200,1771.247200,1453.674000,0.2458,0.0730,0.2500,0.0505
grid,stability,stability,1,0.1,global,9,storm2,90,1.0,0.25,305,c09_storm2_w80_u90_0025,1983,1653.087600,1565.888000,1550.068000,1608.928000,1565.888000,0.2402,0.0033,0.2500,0.0257
grid,stability,stability,1,0.1,global,9,storm2,90,1.0,0.25,305,c09_storm2_w80_u90_0026,1983,1769.389600,1282.497600,1308.659600,1604.776000,1287.877200,0.2506,0.0031,0.2504,0.0625
grid,stability,stability,1,0.1,global,9,storm2,90,1.0,0.25,305,c09_storm2_w80_u90_0027,1983,1752.833600,865.140400,803.994000,1329.065600,815.146000,0.2453,0.0183,0.2487,0.1057
grid,stability,stability,1,0.1,global,9,storm2,90,1.0,0.25,305,c09_storm2_w80_u90_0028,1983,804.369600,704.967600,730.334800,773.954400,704.597200,0.2498,0.0067,0.2502,0.0400
grid,stability,stability,1,0.1,global,9,storm2,90,1.0,0.25,305,c09_storm2_w80_u90_0029,1983,3061.778400,2852.458800,2856.388000,3016.184000,2846.915200,0.2400,0.0151,0.2502,0.0292
grid,stability,stability,1,0.1,global,9,storm2,90,1.0,0.25,308,c09_storm2_w80_u90_0020,1983,2177.667200,1484.259600,1504.394400,2105.427200,1501.172400,0.2416,0.0143,0.2498,0.0664
grid,stability,stability,1,0.1,global,9,storm2,90,1.0,0.25,308,c09_storm2_w80_u90_0021,1983,1754.070800,1715.984000,1724.693600,1743.372000,1715.984000,0.2440,0.0000,0.2506,0.0298
grid,stability,stability,1,0.1,global,9,storm2,90,1.0,0.25,308,c09_storm2_w80_u90_0022,1983,1255.530000,1203.300400,1218.304800,1245.832800,1204.582000,0.2455,0.0032,0.2468,0.0096
grid,stability,stability,1,0.1,global,9,storm2,90,1.0,0.25,308,c09_storm2_w80_u90_0023,1983,1251.113600,1202.736800,1185.189600,1239.491200,1197.956000,0.2506,0.0093,0.2500,0.0187
grid,stability,stability,1,0.1,global,9,storm2,90,1.0,0.25,308,c09_storm2_w80_u90_0024,1983,2040.184000,1516.838400,1434.189200,1867.310000,1468.896000,0.2452,0.0705,0.2500,0.0532
grid,stability,stability,1,0.1,global,9,storm2,90,1.0,0.25,308,c09_storm2_w80_u90_0025,1983,1653.087600,1580.957200,1550.068000,1582.301200,1574.809600,0.2452,0.0098,0.2492,0.0355
grid,stability,stability,1,0.1,global,9,storm2,90,1.0,0.25,308,c09_storm2_w80_u90_0026,1983,1769.389600,1298.487600,1308.659600,1492.202800,1298.487600,0.2395,0.0000,0.2504,0.0625
grid,stability,stability,1,0.1,global,9,storm2,90,1.0,0.25,308,c09_storm2_w80_u90_0027,1983,1752.833600,833.873600,803.994000,1245.847200,816.501600,0.2453,0.0183,0.2502,0.1051
grid,stability,stability,1,0.1,global,9,storm2,90,1.0,0.25,308,c09_storm2_w80_u90_0028,1983,804.369600,698.045200,730.334800,765.754000,699.861200,0.2498,0.0100,0.2502,0.0433
grid,stability,stability,1,0.1,global,9,storm2,90,1.0,0.25,308,c09_storm2_w80_u90_0029,1983,3061.778400,2810.961600,2856.388000,3035.441200,2823.564400,0.2379,0.0152,0.2502,0.0321
grid,stability,stability,1,0.1,global,9,storm2,90,1.0,0.25,307,c09_storm2_w80_u90_0020,1983,2177.667200,1621.609200,1504.394400,2134.046400,1612.110400,0.2298,0.0113,0.2496,0.0737
grid,stability,stability,1,0.1,global,9,storm2,90,1.0,0.25,307,c09_storm2_w80_u90_0021,1983,1754.070800,1711.099200,1724.693600,1743.372000,1711.099200,0.2490,0.0000,0.2506,0.0298
grid,stability,stability,1,0.1,global,9,storm2,90,1.0,0.25,307,c09_storm2_w80_u90_0022,1983,1255.530000,1206.079600,1218.304800,1245.832800,1206.079600,0.2500,0.0000,0.2492,0.0095
grid,stability,stability,1,0.1,global,9,storm2,90,1.0,0.25,307,c09_storm2_w80_u90_0023,1983,1251.113600,1207.122000,1185.189600,1239.491200,1214.344400,0.2506,0.0031,0.2500,0.0187
grid,stability,stability,1,0.1,global,9,storm2,90,1.0,0.25,307,c09_storm2_w80_u90_0024,1983,2040.184000,1456.029200,1434.189200,1720.608000,1457.022800,0.2505,0.0265,0.2500,0.0452
grid,stability,stability,1,0.1,global,9,storm2,90,1.0,0.25,307,c09_storm2_w80_u90_0025,1983,1653.087600,1575.712400,1550.068000,1582.301200,1573.777600,0.2504,0.0032,0.2500,0.0354
grid,stability,stability,1,0.1,global,9,storm2,90,1.0,0.25,307,c09_storm2_w80_u90_0026,1983,1769.389600,1277.367600,1308.659600,1530.868400,1277.367600,0.2379,0.0000,0.2504,0.0469
grid,stability,stability,1,0.1,global,9,storm2,90,1.0,0.25,307,c09_storm2_w80_u90_0027,1983,1752.833600,926.092000,803.994000,1345.096400,810.403200,0.2436,0.0123,0.2502,0.1021
grid,stability,stability,1,0.1,global,9,storm2,90,1.0,0.25,307,c09_storm2_w80_u90_0028,1983,804.369600,698.978800,730.334800,765.754000,698.978800,0.2500,0.0000,0.2502,0.0400
grid,stability,stability,1,0.1,global,9,storm2,90,1.0,0.25,307,c09_storm2_w80_u90_0029,1983,3061.778400,2841.632400,2856.388000,3038.162000,2820.172400,0.2411,0.0181,0.2502,0.0262
grid,stability,stability,1,0.1,global,9,storm2,90,1.0,0.25,309,c09_storm2_w80_u90_0020,1983,2177.667200,1735.140000,1504.394400,2149.583200,1590.706000,0.2370,0.0292,0.2496,0.0667
grid,stability,stability,1,0.1,global,9,storm2,90,1.0,0.25,309,c09_storm2_w80_u90_0021,1983,1754.070800,1690.130800,1724.693600,1741.065600,1715.090400,0.2483,0.0033,0.2506,0.0298
grid,stability,stability,1,0.1,global,9,storm2,90,1.0,0.25,309,c09_storm2_w80_u90_0022,1983,1255.530000,1202.504800,1218.304800,1255.809200,1202.504800,0.2451,0.0032,0.2459,0.0096
grid,stability,stability,1,0.1,global,9,storm2,90,1.0,0.25,309,c09_storm2_w80_u90_0023,1983,1251.113600,1195.785200,1185.189600,1270.096800,1195.794000,0.2506,0.0093,0.2500,0.0156
grid,stability,stability,1,0.1,global,9,storm2,90,1.0,0.25,309,c09_storm2_w80_u90_0024,1983,2040.184000,1533.354000,1434.189200,1890.939200,1521.153200,0.2292,0.0029,0.2500,0.0399
grid,stability,stability,1,0.1,global,9,storm2,90,1.0,0.25,309,c09_storm2_w80_u90_0025,1983,1653.087600,1566.410800,1550.068000,1582.301200,1566.410800,0.2466,0.0065,0.2500,0.0354
grid,stability,stability,1,0.1,global,9,storm2,90,1.0,0.25,309,c09_storm2_w80_u90_0026,1983,1769.389600,1279.866000,1308.659600,1697.770000,1279.866000,0.2502,0.0000,0.2504,0.0531
grid,stability,stability,1,0.1,global,9,storm2,90,1.0,0.25,309,c09_storm2_w80_u90_0027,1983,1752.833600,1144.457600,803.994000,1320.275600,924.868000,0.2466,0.0243,0.2487,0.0997
grid,stability,stability,1,0.1,global,9,storm2,90,1.0,0.25,309,c09_storm2_w80_u90_0028,1983,804.369600,706.362000,730.334800,774.585200,708.241200,0.2506,0.0033,0.2502,0.0400
grid,stability,stability,1,0.1,global,9,storm2,90,1.0,0.25,309,c09_storm2_w80_u90_0029,1983,3061.778400,2893.474000,2856.388000,3022.974400,2873.513600,0.2397,0.0212,0.2502,0.0292
grid,stability,stability,1,0.1,global,9,storm2,90,1.0,0.25,310,c09_storm2_w80_u90_0020,1983,2177.667200,1517.391600,1504.394400,2116.313600,1484.555600,0.2426,0.0143,0.2500,0.0490
grid,stability,stability,1,0.1,global,9,storm2,90,1.0,0.25,310,c09_storm2_w80_u90_0021,1983,1754.070800,1711.435200,1724.693600,1743.372000,1711.435200,0.2473,0.0000,0.2506,0.0298
grid,stability,stability,1,0.1,global,9,storm2,90,1.0,0.25,310,c09_storm2_w80_u90_0022,1983,1255.530000,1206.872400,1218.304800,1253.819200,1206.898000,0.2496,0.0063,0.2480,0.0127
grid,stability,stability,1,0.1,global,9,storm2,90,1.0,0.25,310,c09_storm2_w80_u90_0023,1983,1251.113600,1201.063600,1185.189600,1239.491200,1201.793200,0.2498,0.0062,0.2500,0.0156
grid,stability,stability,1,0.1,global,9,storm2,90,1.0,0.25,310,c09_storm2_w80_u90_0024,1983,2040.184000,1444.457200,1434.189200,1894.101200,1443.904400,0.2505,0.0027,0.2500,0.0532
grid,stability,stability,1,0.1,global,9,storm2,90,1.0,0.25,310,c09_storm2_w80_u90_0025,1983,1653.087600,1567.820800,1550.068000,1582.301200,1572.672800,0.2506,0.0064,0.2500,0.0322
grid,stability,stability,1,0.1,global,9,storm2,90,1.0,0.25,310,c09_storm2_w80_u90_0026,1983,1769.389600,1282.246800,1308.659600,1551.708400,1293.331200,0.2377,0.0033,0.2504,0.0469
grid,stability,stability,1,0.1,global,9,storm2,90,1.0,0.25,310,c09_storm2_w80_u90_0027,1983,1752.833600,886.376000,803.994000,1284.348400,847.508800,0.2446,0.0215,0.2502,0.1021
grid,stability,stability,1,0.1,global,9,storm2,90,1.0,0.25,310,c09_storm2_w80_u90_0028,1983,804.369600,715.692400,730.334800,768.925600,715.692400,0.2498,0.0000,0.2502,0.0367
grid,stability,stability,1,0.1,global,9,storm2,90,1.0,0.25,310,c09_storm2_w80_u90_0029,1983,3061.778400,2846.492400,2856.388000,3005.869200,2857.570400,0.2433,0.0149,0.2502,0.0292
grid,targeted,targeted,1,0.1,global,9,storm2,90,1.0,0.25,301,c09_storm2_w80_u90_0020,1983,2177.667200,1513.364800,1504.394400,2154.681600,1449.988000,0.2504,0.0311,0.2502,0.0315
grid,targeted,targeted,1,0.1,global,9,storm2,90,1.0,0.25,301,c09_storm2_w80_u90_0021,1983,1754.070800,1722.569600,1724.693600,1719.228400,1722.569600,0.2483,0.0000,0.2496,0.0199
grid,targeted,targeted,1,0.1,global,9,storm2,90,1.0,0.25,301,c09_storm2_w80_u90_0022,1983,1255.530000,1203.969200,1218.304800,1245.562400,1203.453200,0.2484,0.0063,0.2492,0.0158
grid,targeted,targeted,1,0.1,global,9,storm2,90,1.0,0.25,301,c09_storm2_w80_u90_0023,1983,1251.113600,1200.153200,1185.189600,1242.408800,1196.483600,0.2492,0.0125,0.2490,0.0281
grid,targeted,targeted,1,0.1,global,9,storm2,90,1.0,0.25,301,c09_storm2_w80_u90_0024,1983,2040.184000,1449.267200,1434.189200,1727.396400,1443.778000,0.2505,0.0133,0.2500,0.0505
grid,targeted,targeted,1,0.1,global,9,storm2,90,1.0,0.25,301,c09_storm2_w80_u90_0025,1983,1653.087600,1564.376800,1550.068000,1621.426000,1564.444000,0.2486,0.0032,0.2492,0.0097
grid,targeted,targeted,1,0.1,global,9,storm2,90,1.0,0.25,301,c09_storm2_w80_u90_0026,1983,1769.389600,1281.745200,1308.659600,1655.275200,1295.158800,0.2453,0.0063,0.2504,0.0250
grid,targeted,targeted,1,0.1,global,9,storm2,90,1.0,0.25,301,c09_storm2_w80_u90_0027,1983,1752.833600,847.072000,803.994000,1041.454800,831.795200,0.2498,0.0150,0.2502,0.0991
grid,targeted,targeted,1,0.1,global,9,storm2,90,1.0,0.25,301,c09_storm2_w80_u90_0028,1983,804.369600,706.732400,730.334800,778.310000,717.930800,0.2490,0.0101,0.2494,0.0301
grid,targeted,targeted,1,0.1,global,9,storm2,90,1.0,0.25,301,c09_storm2_w80_u90_0029,1983,3061.778400,2826.913200,2856.388000,3003.177600,2826.913200,0.2498,0.0000,0.2504,0.0262
grid,targeted,targeted,1,0.1,global,9,storm2,90,1.0,0.25,302,c09_storm2_w80_u90_0020,1983,2177.667200,1493.385600,1504.394400,2154.681600,1463.656400,0.2470,0.0386,0.2502,0.0315
grid,targeted,targeted,1,0.1,global,9,storm2,90,1.0,0.25,302,c09_storm2_w80_u90_0021,1983,1754.070800,1718.476000,1724.693600,1719.228400,1717.668800,0.2473,0.0033,0.2496,0.0199
grid,targeted,targeted,1,0.1,global,9,storm2,90,1.0,0.25,302,c09_storm2_w80_u90_0022,1983,1255.530000,1206.266000,1218.304800,1245.562400,1207.543600,0.2498,0.0063,0.2492,0.0158
grid,targeted,targeted,1,0.1,global,9,storm2,90,1.0,0.25,302,c09_storm2_w80_u90_0023,1983,1251.113600,1200.482000,1185.189600,1242.408800,1192.744400,0.2486,0.0125,0.2490,0.0281
grid,targeted,targeted,1,0.1,global,9,storm2,90,1.0,0.25,302,c09_storm2_w80_u90_0024,1983,2040.184000,1447.058800,1434.189200,1727.396400,1442.233200,0.2505,0.0080,0.2500,0.0505
grid,targeted,targeted,1,0.1,global,9,storm2,90,1.0,0.25,302,c09_storm2_w80_u90_0025,1983,1653.087600,1563.629600,1550.068000,1621.426000,1562.467200,0.2490,0.0032,0.2492,0.0097
grid,targeted,targeted,1,0.1,global,9,storm2,90,1.0,0.25,302,c09_storm2_w80_u90_0026,1983,1769.389600,1321.201600,1308.659600,1655.275200,1302.747600,0.2439,0.0096,0.2504,0.0250
grid,targeted,targeted,1,0.1,global,9,storm2,90,1.0,0.25,302,c09_storm2_w80_u90_0027,1983,1752.833600,892.704400,803.994000,1041.454800,837.863600,0.2498,0.0150,0.2502,0.0991
grid,targeted,targeted,1,0.1,global,9,storm2,90,1.0,0.25,302,c09_storm2_w80_u90_0028,1983,804.369600,689.928400,730.334800,778.310000,700.072400,0.2490,0.0067,0.2494,0.0301
grid,targeted,targeted,1,0.1,global,9,storm2,90,1.0,0.25,302,c09_storm2_w80_u90_0029,1983,3061.778400,2799.801200,2856.388000,3003.177600,2821.855600,0.2478,0.0088,0.2504,0.0262
grid,targeted,targeted,1,0.1,global,9,storm2,90,1.0,0.25,303,c09_storm2_w80_u90_0020,1983,2177.667200,1499.202400,1504.394400,2154.681600,1478.926800,0.2476,0.0490,0.2502,0.0315
grid,targeted,targeted,1,0.1,global,9,storm2,90,1.0,0.25,303,c09_storm2_w80_u90_0021,1983,1754.070800,1718.289600,1724.693600,1719.228400,1717.756000,0.2483,0.0033,0.2496,0.0199
grid,targeted,targeted,1,0.1,global,9,storm2,90,1.0,0.25,303,c09_storm2_w80_u90_0022,1983,1255.530000,1206.050400,1218.304800,1245.562400,1201.843200,0.2498,0.0031,0.2492,0.0158
grid,targeted,targeted,1,0.1,global,9,storm2,90,1.0,0.25,303,c09_storm2_w80_u90_0023,1983,1251.113600,1209.068800,1185.189600,1242.408800,1198.596800,0.2484,0.0187,0.2490,0.0281
grid,targeted,targeted,1,0.1,global,9,storm2,90,1.0,0.25,303,c09_storm2_w80_u90_0024,1983,2040.184000,1467.362800,1434.189200,1727.396400,1443.900400,0.2505,0.0265,0.2500,0.0505
grid,targeted,targeted,1,0.1,global,9,storm2,90,1.0,0.25,303,c09_storm2_w80_u90_0025,1983,1653.087600,1576.471600,1550.068000,1621.426000,1578.943600,0.2490,0.0065,0.2492,0.0097
grid,targeted,targeted,1,0.1,global,9,storm2,90,1.0,0.25,303,c09_storm2_w80_u90_0026,1983,1769.389600,1288.979200,1308.659600,1655.275200,1286.745600,0.2395,0.0033,0.2504,0.0250
grid,targeted,targeted,1,0.1,global,9,storm2,90,1.0,0.25,303,c09_storm2_w80_u90_0027,1983,1752.833600,913.860000,803.994000,1041.454800,829.219600,0.2496,0.0210,0.2502,0.0991
grid,targeted,targeted,1,0.1,global,9,storm2,90,1.0,0.25,303,c09_storm2_w80_u90_0028,1983,804.369600,702.048400,730.334800,778.310000,698.532400,0.2487,0.0034,0.2494,0.0301
grid,targeted,targeted,1,0.1,global,9,storm2,90,1.0,0.25,303,c09_storm2_w80_u90_0029,1983,3061.778400,2779.853600,2856.388000,3003.177600,2783.290400,0.2476,0.0058,0.2504,0.0262
grid,targeted,targeted,1,0.1,global,9,storm2,90,1.0,0.25,304,c09_storm2_w80_u90_0020,1983,2177.667200,1499.963200,1504.394400,2154.681600,1481.134800,0.2470,0.0350,0.2502,0.0315
grid,targeted,targeted,1,0.1,global,9,storm2,90,1.0,0.25,304,c09_storm2_w80_u90_0021,1983,1754.070800,1689.016400,1724.693600,1719.228400,1688.872400,0.2477,0.0033,0.2496,0.0199
grid,targeted,targeted,1,0.1,global,9,storm2,90,1.0,0.25,304,c09_storm2_w80_u90_0022,1983,1255.530000,1204.538000,1218.304800,1245.562400,1204.538000,0.2492,0.0000,0.2492,0.0158
grid,targeted,targeted,1,0.1,global,9,storm2,90,1.0,0.25,304,c09_storm2_w80_u90_0023,1983,1251.113600,1221.948400,1185.189600,1242.408800,1196.779600,0.2483,0.0156,0.2490,0.0281
grid,targeted,targeted,1,0.1,global,9,storm2,90,1.0,0.25,304,c09_storm2_w80_u90_0024,1983,2040.184000,1447.895200,1434.189200,1727.396400,1450.203600,0.2505,0.0106,0.2500,0.0505
grid,targeted,targeted,1,0.1,global,9,storm2,90,1.0,0.25,304,c09_storm2_w80_u90_0025,1983,1653.087600,1566.116800,1550.068000,1621.426000,1578.058400,0.2492,0.0032,0.2492,0.0097
grid,targeted,targeted,1,0.1,global,9,storm2,90,1.0,0.25,304,c09_storm2_w80_u90_0026,1983,1769.389600,1269.147200,1308.659600,1655.275200,1269.147200,0.2410,0.0000,0.2504,0.0250
grid,targeted,targeted,1,0.1,global,9,storm2,90,1.0,0.25,304,c09_storm2_w80_u90_0027,1983,1752.833600,918.948000,803.994000,1041.454800,801.223200,0.2502,0.0240,0.2502,0.0991
grid,targeted,targeted,1,0.1,global,9,storm2,90,1.0,0.25,304,c09_storm2_w80_u90_0028,1983,804.369600,697.269200,730.334800,778.310000,697.499600,0.2492,0.0033,0.2494,0.0301
grid,targeted,targeted,1,0.1,global,9,storm2,90,1.0,0.25,304,c09_storm2_w80_u90_0029,1983,3061.778400,2738.974000,2856.388000,3003.177600,2738.799600,0.2491,0.0058,0.2504,0.0262
grid,targeted,targeted,1,0.1,global,9,storm2,90,1.0,0.25,305,c09_storm2_w80_u90_0020,1983,2177.667200,1530.365600,1504.394400,2154.681600,1467.041600,0.2476,0.0594,0.2502,0.0315
grid,targeted,targeted,1,0.1,global,9,storm2,90,1.0,0.25,305,c09_storm2_w80_u90_0021,1983,1754.070800,1712.914400,1724.693600,1719.228400,1712.914400,0.2481,0.0000,0.2496,0.0199
grid,targeted,targeted,1,0.1,global,9,storm2,90,1.0,0.25,305,c09_storm2_w80_u90_0022,1983,1255.530000,1208.228400,1218.304800,1245.562400,1205.018800,0.2500,0.0031,0.2492,0.0158
grid,targeted,targeted,1,0.1,global,9,storm2,90,1.0,0.25,305,c09_storm2_w80_u90_0023,1983,1251.113600,1244.112000,1185.189600,1242.408800,1224.057200,0.2492,0.0218,0.2490,0.0281
grid,targeted,targeted,1,0.1,global,9,storm2,90,1.0,0.25,305,c09_storm2_w80_u90_0024,1983,2040.184000,1475.248800,1434.189200,1727.396400,1456.416800,0.2505,0.0318,0.2500,0.0505
grid,targeted,targeted,1,0.1,global,9,storm2,90,1.0,0.25,305,c09_storm2_w80_u90_0025,1983,1653.087600,1569.311600,1550.068000,1621.426000,1572.366000,0.2490,0.0032,0.2492,0.0097
grid,targeted,targeted,1,0.1,global,9,storm2,90,1.0,0.25,305,c09_storm2_w80_u90_0026,1983,1769.389600,1327.169600,1308.659600,1655.275200,1286.297600,0.2461,0.0222,0.2504,0.0250
grid,targeted,targeted,1,0.1,global,9,storm2,90,1.0,0.25,305,c09_storm2_w80_u90_0027,1983,1752.833600,982.654000,803.994000,1041.454800,843.222000,0.2496,0.0450,0.2502,0.0991
grid,targeted,targeted,1,0.1,global,9,storm2,90,1.0,0.25,305,c09_storm2_w80_u90_0028,1983,804.369600,698.290000,730.334800,778.310000,702.534800,0.2498,0.0033,0.2494,0.0301
grid,targeted,targeted,1,0.1,global,9,storm2,90,1.0,0.25,305,c09_storm2_w80_u90_0029,1983,3061.778400,2810.906000,2856.388000,3003.177600,2836.540400,0.2475,0.0088,0.2504,0.0262
grid,targeted,targeted,1,0.1,global,9,storm2,90,1.0,0.25,307,c09_storm2_w80_u90_0020,1983,2177.667200,1581.540000,1504.394400,2154.681600,1487.466000,0.2470,0.0456,0.2502,0.0315
grid,targeted,targeted,1,0.1,global,9,storm2,90,1.0,0.25,307,c09_storm2_w80_u90_0021,1983,1754.070800,1717.260000,1724.693600,1719.228400,1717.220800,0.2481,0.0033,0.2496,0.0199
grid,targeted,targeted,1,0.1,global,9,storm2,90,1.0,0.25,307,c09_storm2_w80_u90_0022,1983,1255.530000,1207.711600,1218.304800,1245.562400,1209.388400,0.2498,0.0031,0.2492,0.0158
grid,targeted,targeted,1,0.1,global,9,storm2,90,1.0,0.25,307,c09_storm2_w80_u90_0023,1983,1251.113600,1206.388000,1185.189600,1242.408800,1198.056000,0.2486,0.0094,0.2490,0.0281
grid,targeted,targeted,1,0.1,global,9,storm2,90,1.0,0.25,307,c09_storm2_w80_u90_0024,1983,2040.184000,1488.281600,1434.189200,1727.396400,1485.043600,0.2505,0.0239,0.2500,0.0505
grid,targeted,targeted,1,0.1,global,9,storm2,90,1.0,0.25,307,c09_storm2_w80_u90_0025,1983,1653.087600,1567.950800,1550.068000,1621.426000,1579.892400,0.2490,0.0032,0.2492,0.0097
grid,targeted,targeted,1,0.1,global,9,storm2,90,1.0,0.25,307,c09_storm2_w80_u90_0026,1983,1769.389600,1288.258800,1308.659600,1655.275200,1288.004800,0.2498,0.0063,0.2504,0.0250
grid,targeted,targeted,1,0.1,global,9,storm2,90,1.0,0.25,307,c09_storm2_w80_u90_0027,1983,1752.833600,910.015200,803.994000,1041.454800,819.354000,0.2498,0.0330,0.2502,0.0991
grid,targeted,targeted,1,0.1,global,9,storm2,90,1.0,0.25,307,c09_storm2_w80_u90_0028,1983,804.369600,691.676000,730.334800,778.310000,691.676000,0.2494,0.0033,0.2494,0.0301
grid,targeted,targeted,1,0.1,global,9,storm2,90,1.0,0.25,307,c09_storm2_w80_u90_0029,1983,3061.778400,2816.811200,2856.388000,3003.177600,2825.448400,0.2482,0.0146,0.2504,0.0262
grid,targeted,targeted,1,0.1,global,9,storm2,90,1.0,0.25,308,c09_storm2_w80_u90_0020,1983,2177.667200,1643.328400,1504.394400,2154.681600,1505.664800,0.2478,0.0524,0.2502,0.0315
grid,targeted,targeted,1,0.1,global,9,storm2,90,1.0,0.25,308,c09_storm2_w80_u90_0021,1983,1754.070800,1718.558400,1724.693600,1719.228400,1718.660800,0.2490,0.0066,0.2496,0.0199
grid,targeted,targeted,1,0.1,global,9,storm2,90,1.0,0.25,308,c09_storm2_w80_u90_0022,1983,1255.530000,1201.917200,1218.304800,1245.562400,1201.917200,0.2494,0.0000,0.2492,0.0158
grid,targeted,targeted,1,0.1,global,9,storm2,90,1.0,0.25,308,c09_storm2_w80_u90_0023,1983,1251.113600,1192.017200,1185.189600,1242.408800,1194.964400,0.2500,0.0093,0.2490,0.0281
grid,targeted,targeted,1,0.1,global,9,storm2,90,1.0,0.25,308,c09_storm2_w80_u90_0024,1983,2040.184000,1446.643200,1434.189200,1727.396400,1451.455200,0.2503,0.0212,0.2500,0.0505
grid,targeted,targeted,1,0.1,global,9,storm2,90,1.0,0.25,308,c09_storm2_w80_u90_0025,1983,1653.087600,1564.237200,1550.068000,1621.426000,1570.882800,0.2490,0.0065,0.2492,0.0097
grid,targeted,targeted,1,0.1,global,9,storm2,90,1.0,0.25,308,c09_storm2_w80_u90_0026,1983,1769.389600,1288.946400,1308.659600,1655.275200,1283.928000,0.2420,0.0129,0.2504,0.0250
grid,targeted,targeted,1,0.1,global,9,storm2,90,1.0,0.25,308,c09_storm2_w80_u90_0027,1983,1752.833600,933.400800,803.994000,1041.454800,826.873200,0.2470,0.0512,0.2502,0.0991
grid,targeted,targeted,1,0.1,global,9,storm2,90,1.0,0.25,308,c09_storm2_w80_u90_0028,1983,804.369600,697.982800,730.334800,778.310000,718.196400,0.2502,0.0167,0.2494,0.0301
grid,targeted,targeted,1,0.1,global,9,storm2,90,1.0,0.25,308,c09_storm2_w80_u90_0029,1983,3061.778400,2830.633600,2856.388000,3003.177600,2815.446000,0.2480,0.0029,0.2504,0.0262
grid,targeted,targeted,1,0.1,global,9,storm2,90,1.0,0.25,306,c09_storm2_w80_u90_0020,1983,2177.667200,1649.534800,1504.394400,2154.681600,1496.712000,0.2494,0.0417,0.2502,0.0315
grid,targeted,targeted,1,0.1,global,9,storm2,90,1.0,0.25,306,c09_storm2_w80_u90_0021,1983,1754.070800,1715.192000,1724.693600,1719.228400,1712.160800,0.2473,0.0033,0.2496,0.0199
grid,targeted,targeted,1,0.1,global,9,storm2,90,1.0,0.25,306,c09_storm2_w80_u90_0022,1983,1255.530000,1204.771600,1218.304800,1245.562400,1208.029200,0.2486,0.0095,0.2492,0.0158
grid,targeted,targeted,1,0.1,global,9,storm2,90,1.0,0.25,306,c09_storm2_w80_u90_0023,1983,1251.113600,1200.963600,1185.189600,1242.408800,1214.741200,0.2490,0.0156,0.2490,0.0281
grid,targeted,targeted,1,0.1,global,9,storm2,90,1.0,0.25,306,c09_storm2_w80_u90_0024,1983,2040.184000,1446.804400,1434.189200,1727.396400,1440.974400,0.2505,0.0133,0.2500,0.0505
grid,targeted,targeted,1,0.1,global,9,storm2,90,1.0,0.25,306,c09_storm2_w80_u90_0025,1983,1653.087600,1571.875600,1550.068000,1621.426000,1571.875600,0.2490,0.0000,0.2492,0.0097
grid,targeted,targeted,1,0.1,global,9,storm2,90,1.0,0.25,306,c09_storm2_w80_u90_0026,1983,1769.389600,1294.183600,1308.659600,1655.275200,1287.379200,0.2393,0.0163,0.2504,0.0250
grid,targeted,targeted,1,0.1,global,9,storm2,90,1.0,0.25,306,c09_storm2_w80_u90_0027,1983,1752.833600,886.959600,803.994000,1041.454800,824.880400,0.2496,0.0208,0.2502,0.0991
grid,targeted,targeted,1,0.1,global,9,storm2,90,1.0,0.25,306,c09_storm2_w80_u90_0028,1983,804.369600,695.125200,730.334800,778.310000,705.527600,0.2490,0.0067,0.2494,0.0301
grid,targeted,targeted,1,0.1,global,9,storm2,90,1.0,0.25,306,c09_storm2_w80_u90_0029,1983,3061.778400,2908.718400,2856.388000,3003.177600,2907.277200,0.2502,0.0058,0.2504,0.0262
grid,targeted,targeted,1,0.1,global,9,storm2,90,1.0,0.25,309,c09_storm2_w80_u90_0020,1983,2177.667200,1522.797600,1504.394400,2154.681600,1448.229600,0.2455,0.0387,0.2502,0.0315
grid,targeted,targeted,1,0.1,global,9,storm2,90,1.0,0.25,309,c09_storm2_w80_u90_0021,1983,1754.070800,1709.658400,1724.693600,1719.228400,1711.632800,0.2481,0.0033,0.2496,0.0199
grid,targeted,targeted,1,0.1,global,9,storm2,90,1.0,0.25,309,c09_storm2_w80_u90_0022,1983,1255.530000,1209.488400,1218.304800,1245.562400,1209.488400,0.2492,0.0000,0.2492,0.0158
grid,targeted,targeted,1,0.1,global,9,storm2,90,1.0,0.25,309,c09_storm2_w80_u90_0023,1983,1251.113600,1220.088800,1185.189600,1242.408800,1215.904800,0.2484,0.0187,0.2490,0.0281
grid,targeted,targeted,1,0.1,global,9,storm2,90,1.0,0.25,309,c09_storm2_w80_u90_0024,1983,2040.184000,1429.006000,1434.189200,1727.396400,1433.023200,0.2498,0.0027,0.2500,0.0505
grid,targeted,targeted,1,0.1,global,9,storm2,90,1.0,0.25,309,c09_storm2_w80_u90_0025,1983,1653.087600,1579.140000,1550.068000,1621.426000,1580.457600,0.2492,0.0032,0.2492,0.0097
grid,targeted,targeted,1,0.1,global,9,storm2,90,1.0,0.25,309,c09_storm2_w80_u90_0026,1983,1769.389600,1282.853200,1308.659600,1655.275200,1287.352000,0.2416,0.0129,0.2504,0.0250
grid,targeted,targeted,1,0.1,global,9,storm2,90,1.0,0.25,309,c09_storm2_w80_u90_0027,1983,1752.833600,925.815200,803.994000,1041.454800,818.326000,0.2496,0.0300,0.2502,0.0991
grid,targeted,targeted,1,0.1,global,9,storm2,90,1.0,0.25,309,c09_storm2_w80_u90_0028,1983,804.369600,700.546400,730.334800,778.310000,727.913200,0.2490,0.0201,0.2494,0.0301
grid,targeted,targeted,1,0.1,global,9,storm2,90,1.0,0.25,309,c09_storm2_w80_u90_0029,1983,3061.778400,2805.490000,2856.388000,3003.177600,2808.116000,0.2486,0.0058,0.2504,0.0262
grid,targeted,targeted,1,0.1,global,9,storm2,90,1.0,0.25,310,c09_storm2_w80_u90_0020,1983,2177.667200,1569.311600,1504.394400,2154.681600,1475.118800,0.2485,0.0314,0.2502,0.0315
grid,targeted,targeted,1,0.1,global,9,storm2,90,1.0,0.25,310,c09_storm2_w80_u90_0021,1983,1754.070800,1714.782400,1724.693600,1719.228400,1715.813600,0.2473,0.0100,0.2496,0.0199
grid,targeted,targeted,1,0.1,global,9,storm2,90,1.0,0.25,310,c09_storm2_w80_u90_0022,1983,1255.530000,1208.307600,1218.304800,1245.562400,1209.141200,0.2494,0.0063,0.2492,0.0158
grid,targeted,targeted,1,0.1,global,9,storm2,90,1.0,0.25,310,c09_storm2_w80_u90_0023,1983,1251.113600,1200.825600,1185.189600,1242.408800,1184.985600,0.2488,0.0156,0.2490,0.0281
grid,targeted,targeted,1,0.1,global,9,storm2,90,1.0,0.25,310,c09_storm2_w80_u90_0024,1983,2040.184000,1450.068400,1434.189200,1727.396400,1444.257200,0.2505,0.0080,0.2500,0.0505
grid,targeted,targeted,1,0.1,global,9,storm2,90,1.0,0.25,310,c09_storm2_w80_u90_0025,1983,1653.087600,1570.370400,1550.068000,1621.426000,1570.370400,0.2488,0.0000,0.2492,0.0097
grid,targeted,targeted,1,0.1,global,9,storm2,90,1.0,0.25,310,c09_storm2_w80_u90_0026,1983,1769.389600,1290.610000,1308.659600,1655.275200,1289.474800,0.2447,0.0160,0.2504,0.0250
grid,targeted,targeted,1,0.1,global,9,storm2,90,1.0,0.25,310,c09_storm2_w80_u90_0027,1983,1752.833600,1003.672400,803.994000,1041.454800,812.202400,0.2500,0.0210,0.2502,0.0991
grid,targeted,targeted,1,0.1,global,9,storm2,90,1.0,0.25,310,c09_storm2_w80_u90_0028,1983,804.369600,692.795600,730.334800,778.310000,703.536400,0.2490,0.0067,0.2494,0.0301
grid,targeted,targeted,1,0.1,global,9,storm2,90,1.0,0.25,310,c09_storm2_w80_u90_0029,1983,3061.778400,2838.494800,2856.388000,3003.177600,2799.749600,0.2491,0.0146,0.2504,0.0262
grid,stability,stability,1,0.1,global,9,storm2,90,1.0,0.5,302,c09_storm2_w80_u90_0020,1983,2177.667200,1666.592800,1504.394400,2091.160000,1537.219600,0.4935,0.0193,0.4843,0.0487
grid,stability,stability,1,0.1,global,9,storm2,90,1.0,0.5,302,c09_storm2_w80_u90_0021,1983,1754.070800,1709.499200,1724.693600,1724.218800,1708.478400,0.4971,0.0033,0.4946,0.0151
grid,stability,stability,1,0.1,global,9,storm2,90,1.0,0.5,302,c09_storm2_w80_u90_0022,1983,1255.530000,1207.673200,1218.304800,1246.263200,1208.103600,0.5000,0.0031,0.5000,0.0063
grid,stability,stability,1,0.1,global,9,storm2,90,1.0,0.5,302,c09_storm2_w80_u90_0023,1983,1251.113600,1198.241200,1185.189600,1255.439200,1199.650000,0.4996,0.0062,0.5000,0.0202
grid,stability,stability,1,0.1,global,9,storm2,90,1.0,0.5,302,c09_storm2_w80_u90_0024,1983,2040.184000,1454.574400,1434.189200,1719.188800,1452.964800,0.4864,0.0437,0.4973,0.0615
grid,stability,stability,1,0.1,global,9,storm2,90,1.0,0.5,302,c09_storm2_w80_u90_0025,1983,1653.087600,1578.635200,1550.068000,1596.589600,1573.499200,0.5004,0.0064,0.5000,0.0161
grid,stability,stability,1,0.1,global,9,storm2,90,1.0,0.5,302,c09_storm2_w80_u90_0026,1983,1769.389600,1295.276400,1308.659600,1571.448400,1279.392400,0.5004,0.0062,0.4992,0.0455
grid,stability,stability,1,0.1,global,9,storm2,90,1.0,0.5,302,c09_storm2_w80_u90_0027,1983,1752.833600,980.677600,803.994000,1307.212000,855.529200,0.4884,0.0138,0.4996,0.0556
grid,stability,stability,1,0.1,global,9,storm2,90,1.0,0.5,302,c09_storm2_w80_u90_0028,1983,804.369600,691.363600,730.334800,757.488400,691.363600,0.4996,0.0000,0.4996,0.0200
grid,stability,stability,1,0.1,global,9,storm2,90,1.0,0.5,302,c09_storm2_w80_u90_0029,1983,3061.778400,2833.510400,2856.388000,2937.089600,2819.612400,0.4895,0.0089,0.4996,0.0336
grid,stability,stability,1,0.1,global,9,storm2,90,1.0,0.5,303,c09_storm2_w80_u90_0020,1983,2177.667200,1667.287200,1504.394400,2076.198400,1546.028400,0.4918,0.0070,0.4913,0.0445
grid,stability,stability,1,0.1,global,9,storm2,90,1.0,0.5,303,c09_storm2_w80_u90_0021,1983,1754.070800,1712.239200,1724.693600,1724.218800,1712.239200,0.4963,0.0000,0.4946,0.0151
grid,stability,stability,1,0.1,global,9,storm2,90,1.0,0.5,303,c09_storm2_w80_u90_0022,1983,1255.530000,1203.570800,1218.304800,1246.263200,1204.001200,0.5000,0.0016,0.5000,0.0063
grid,stability,stability,1,0.1,global,9,storm2,90,1.0,0.5,303,c09_storm2_w80_u90_0023,1983,1251.113600,1198.552800,1185.189600,1255.439200,1200.048800,0.5000,0.0016,0.5000,0.0140
grid,stability,stability,1,0.1,global,9,storm2,90,1.0,0.5,303,c09_storm2_w80_u90_0024,1983,2040.184000,1440.610400,1434.189200,1716.402400,1433.293200,0.5003,0.0040,0.4947,0.0632
grid,stability,stability,1,0.1,global,9,storm2,90,1.0,0.5,303,c09_storm2_w80_u90_0025,1983,1653.087600,1572.242800,1550.068000,1596.589600,1568.596800,0.5004,0.0064,0.5000,0.0161
grid,stability,stability,1,0.1,global,9,storm2,90,1.0,0.5,303,c09_storm2_w80_u90_0026,1983,1769.389600,1285.881600,1308.659600,1558.075200,1281.530400,0.4965,0.0063,0.4984,0.0392
grid,stability,stability,1,0.1,global,9,storm2,90,1.0,0.5,303,c09_storm2_w80_u90_0027,1983,1752.833600,885.024000,803.994000,1096.715200,819.669200,0.4876,0.0154,0.4921,0.0565
grid,stability,stability,1,0.1,global,9,storm2,90,1.0,0.5,303,c09_storm2_w80_u90_0028,1983,804.369600,713.622000,730.334800,766.292800,702.449200,0.4987,0.0033,0.4996,0.0200
grid,stability,stability,1,0.1,global,9,storm2,90,1.0,0.5,303,c09_storm2_w80_u90_0029,1983,3061.778400,2866.306800,2856.388000,2937.089600,2833.667600,0.4928,0.0103,0.5004,0.0335
grid,stability,stability,1,0.1,global,9,storm2,90,1.0,0.5,301,c09_storm2_w80_u90_0020,1983,2177.667200,1734.473200,1504.394400,2092.608000,1557.065200,0.4866,0.0267,0.4895,0.0446
grid,stability,stability,1,0.1,global,9,storm2,90,1.0,0.5,301,c09_storm2_w80_u90_0021,1983,1754.070800,1716.709600,1724.693600,1724.218800,1716.873600,0.4859,0.0034,0.4921,0.0152
grid,stability,stability,1,0.1,global,9,storm2,90,1.0,0.5,301,c09_storm2_w80_u90_0022,1983,1255.530000,1205.880400,1218.304800,1246.263200,1206.310800,0.4992,0.0047,0.4992,0.0063
grid,stability,stability,1,0.1,global,9,storm2,90,1.0,0.5,301,c09_storm2_w80_u90_0023,1983,1251.113600,1210.384000,1185.189600,1260.631600,1210.384000,0.4996,0.0031,0.5000,0.0202
grid,stability,stability,1,0.1,global,9,storm2,90,1.0,0.5,301,c09_storm2_w80_u90_0024,1983,2040.184000,1518.985600,1434.189200,1719.188800,1456.038000,0.5003,0.0425,0.4953,0.0617
grid,stability,stability,1,0.1,global,9,storm2,90,1.0,0.5,301,c09_storm2_w80_u90_0025,1983,1653.087600,1572.993600,1550.068000,1596.589600,1563.096800,0.5004,0.0048,0.5000,0.0161
grid,stability,stability,1,0.1,global,9,storm2,90,1.0,0.5,301,c09_storm2_w80_u90_0026,1983,1769.389600,1299.257600,1308.659600,1557.613200,1293.001200,0.4992,0.0125,0.4953,0.0458
grid,stability,stability,1,0.1,global,9,storm2,90,1.0,0.5,301,c09_storm2_w80_u90_0027,1983,1752.833600,1043.568000,803.994000,1079.414000,872.917200,0.4816,0.0218,0.4899,0.0552
grid,stability,stability,1,0.1,global,9,storm2,90,1.0,0.5,301,c09_storm2_w80_u90_0028,1983,804.369600,707.506800,730.334800,745.092800,707.506800,0.4996,0.0100,0.4996,0.0217
grid,stability,stability,1,0.1,global,9,storm2,90,1.0,0.5,301,c09_storm2_w80_u90_0029,1983,3061.778400,2894.861600,2856.388000,2937.089600,2819.216800,0.4938,0.0191,0.4996,0.0336
grid,stability,stability,1,0.1,global,9,storm2,90,1.0,0.5,305,c09_storm2_w80_u90_0020,1983,2177.667200,1573.929200,1504.394400,2116.273200,1511.500400,0.4905,0.0071,0.4913,0.0427
grid,stability,stability,1,0.1,global,9,storm2,90,1.0,0.5,305,c09_storm2_w80_u90_0021,1983,1754.070800,1711.944800,1724.693600,1724.218800,1711.944800,0.4955,0.0000,0.4913,0.0152
grid,stability,stability,1,0.1,global,9,storm2,90,1.0,0.5,305,c09_storm2_w80_u90_0022,1983,1255.530000,1207.842000,1218.304800,1245.992800,1208.272400,0.4996,0.0016,0.5000,0.0079
grid,stability,stability,1,0.1,global,9,storm2,90,1.0,0.5,305,c09_storm2_w80_u90_0023,1983,1251.113600,1200.144000,1185.189600,1255.439200,1212.829600,0.5000,0.0078,0.5000,0.0140
grid,stability,stability,1,0.1,global,9,storm2,90,1.0,0.5,305,c09_storm2_w80_u90_0024,1983,2040.184000,1435.984400,1434.189200,1716.713600,1435.363600,0.5003,0.0027,0.4953,0.0617
grid,stability,stability,1,0.1,global,9,storm2,90,1.0,0.5,305,c09_storm2_w80_u90_0025,1983,1653.087600,1580.918000,1550.068000,1596.589600,1575.575200,0.5004,0.0032,0.5000,0.0161
grid,stability,stability,1,0.1,global,9,storm2,90,1.0,0.5,305,c09_storm2_w80_u90_0026,1983,1769.389600,1275.070400,1308.659600,1571.448400,1275.664800,0.4988,0.0016,0.4992,0.0439
grid,stability,stability,1,0.1,global,9,storm2,90,1.0,0.5,305,c09_storm2_w80_u90_0027,1983,1752.833600,957.742000,803.994000,1114.205200,875.142000,0.4854,0.0185,0.4929,0.0579
grid,stability,stability,1,0.1,global,9,storm2,90,1.0,0.5,305,c09_storm2_w80_u90_0028,1983,804.369600,700.011200,730.334800,757.488400,709.011200,0.4992,0.0050,0.4996,0.0217
grid,stability,stability,1,0.1,global,9,storm2,90,1.0,0.5,305,c09_storm2_w80_u90_0029,1983,3061.778400,2826.474400,2856.388000,2937.089600,2780.380000,0.4931,0.0074,0.4996,0.0336
grid,stability,stability,1,0.1,global,9,storm2,90,1.0,0.5,307,c09_storm2_w80_u90_0020,1983,2177.667200,1662.216800,1504.394400,2091.160000,1578.176000,0.4853,0.0071,0.4930,0.0443
grid,stability,stability,1,0.1,global,9,storm2,90,1.0,0.5,307,c09_storm2_w80_u90_0021,1983,1754.070800,1710.602400,1724.693600,1724.218800,1710.602400,0.4963,0.0000,0.4929,0.0152
grid,stability,stability,1,0.1,global,9,storm2,90,1.0,0.5,307,c09_storm2_w80_u90_0022,1983,1255.530000,1202.013600,1218.304800,1245.992800,1202.013600,0.4996,0.0000,0.4992,0.0079
grid,stability,stability,1,0.1,global,9,storm2,90,1.0,0.5,307,c09_storm2_w80_u90_0023,1983,1251.113600,1215.813600,1185.189600,1265.488800,1198.501200,0.5000,0.0031,0.5000,0.0248
grid,stability,stability,1,0.1,global,9,storm2,90,1.0,0.5,307,c09_storm2_w80_u90_0024,1983,2040.184000,1466.112000,1434.189200,1715.191200,1430.421600,0.5000,0.0093,0.5000,0.0519
grid,stability,stability,1,0.1,global,9,storm2,90,1.0,0.5,307,c09_storm2_w80_u90_0025,1983,1653.087600,1574.277600,1550.068000,1596.589600,1571.264000,0.5000,0.0032,0.5000,0.0145
grid,stability,stability,1,0.1,global,9,storm2,90,1.0,0.5,307,c09_storm2_w80_u90_0026,1983,1769.389600,1281.403600,1308.659600,1571.448400,1273.995600,0.4992,0.0016,0.4992,0.0455
grid,stability,stability,1,0.1,global,9,storm2,90,1.0,0.5,307,c09_storm2_w80_u90_0027,1983,1752.833600,1004.620800,803.994000,1094.253600,881.715600,0.4888,0.0245,0.4921,0.0580
grid,stability,stability,1,0.1,global,9,storm2,90,1.0,0.5,307,c09_storm2_w80_u90_0028,1983,804.369600,704.625200,730.334800,765.727600,710.717200,0.4996,0.0033,0.4996,0.0217
grid,stability,stability,1,0.1,global,9,storm2,90,1.0,0.5,307,c09_storm2_w80_u90_0029,1983,3061.778400,2874.735600,2856.388000,2938.208400,2853.436800,0.4902,0.0118,0.5000,0.0350
grid,stability,stability,1,0.1,global,9,storm2,90,1.0,0.5,304,c09_storm2_w80_u90_0020,1983,2177.667200,1652.553200,1504.394400,2087.882000,1550.412800,0.4874,0.0213,0.4886,0.0429
grid,stability,stability,1,0.1,global,9,storm2,90,1.0,0.5,304,c09_storm2_w80_u90_0021,1983,1754.070800,1713.868000,1724.693600,1724.218800,1713.868000,0.4843,0.0017,0.4905,0.0152
grid,stability,stability,1,0.1,global,9,storm2,90,1.0,0.5,304,c09_storm2_w80_u90_0022,1983,1255.530000,1208.342000,1218.304800,1245.992800,1208.772400,0.4992,0.0016,0.4992,0.0079
grid,stability,stability,1,0.1,global,9,storm2,90,1.0,0.5,304,c09_storm2_w80_u90_0023,1983,1251.113600,1212.215200,1185.189600,1265.488800,1207.102400,0.4996,0.0031,0.5000,0.0248
grid,stability,stability,1,0.1,global,9,storm2,90,1.0,0.5,304,c09_storm2_w80_u90_0024,1983,2040.184000,1494.779600,1434.189200,1719.188800,1428.703600,0.4910,0.0135,0.4973,0.0615
grid,stability,stability,1,0.1,global,9,storm2,90,1.0,0.5,304,c09_storm2_w80_u90_0025,1983,1653.087600,1575.404000,1550.068000,1596.589600,1568.998400,0.4775,0.0067,0.5000,0.0145
grid,stability,stability,1,0.1,global,9,storm2,90,1.0,0.5,304,c09_storm2_w80_u90_0026,1983,1769.389600,1280.072800,1308.659600,1557.613200,1279.636800,0.4907,0.0063,0.4984,0.0455
grid,stability,stability,1,0.1,global,9,storm2,90,1.0,0.5,304,c09_storm2_w80_u90_0027,1983,1752.833600,998.077600,803.994000,1115.525200,859.522000,0.4910,0.0183,0.4929,0.0579
grid,stability,stability,1,0.1,global,9,storm2,90,1.0,0.5,304,c09_storm2_w80_u90_0028,1983,804.369600,690.955600,730.334800,757.488400,694.201200,0.5000,0.0033,0.4996,0.0217
grid,stability,stability,1,0.1,global,9,storm2,90,1.0,0.5,304,c09_storm2_w80_u90_0029,1983,3061.778400,2830.365200,2856.388000,2937.141600,2814.922400,0.4837,0.0090,0.4996,0.0336
grid,stability,stability,1,0.1,global,9,storm2,90,1.0,0.5,308,c09_storm2_w80_u90_0020,1983,2177.667200,1624.033200,1504.394400,2092.608000,1480.225600,0.4913,0.0123,0.4965,0.0458
grid,stability,stability,1,0.1,global,9,storm2,90,1.0,0.5,308,c09_storm2_w80_u90_0021,1983,1754.070800,1722.506400,1724.693600,1724.218800,1722.506400,0.4955,0.0017,0.4929,0.0152
grid,stability,stability,1,0.1,global,9,storm2,90,1.0,0.5,308,c09_storm2_w80_u90_0022,1983,1255.530000,1213.204400,1218.304800,1245.992800,1214.493200,0.5000,0.0016,0.5000,0.0079
grid,stability,stability,1,0.1,global,9,storm2,90,1.0,0.5,308,c09_storm2_w80_u90_0023,1983,1251.113600,1202.372400,1185.189600,1255.439200,1190.554000,0.5004,0.0062,0.5000,0.0140
grid,stability,stability,1,0.1,global,9,storm2,90,1.0,0.5,308,c09_storm2_w80_u90_0024,1983,2040.184000,1480.262000,1434.189200,1729.268400,1429.949200,0.5000,0.0159,0.4980,0.0614
grid,stability,stability,1,0.1,global,9,storm2,90,1.0,0.5,308,c09_storm2_w80_u90_0025,1983,1653.087600,1574.690800,1550.068000,1596.589600,1572.214000,0.5004,0.0048,0.5000,0.0145
grid,stability,stability,1,0.1,global,9,storm2,90,1.0,0.5,308,c09_storm2_w80_u90_0026,1983,1769.389600,1284.195200,1308.659600,1621.701200,1284.100800,0.4965,0.0016,0.5000,0.0423
grid,stability,stability,1,0.1,global,9,storm2,90,1.0,0.5,308,c09_storm2_w80_u90_0027,1983,1752.833600,864.222400,803.994000,1300.832400,850.602800,0.4884,0.0184,0.4996,0.0541
grid,stability,stability,1,0.1,global,9,storm2,90,1.0,0.5,308,c09_storm2_w80_u90_0028,1983,804.369600,755.620000,730.334800,757.488400,695.544400,0.4996,0.0033,0.4996,0.0217
grid,stability,stability,1,0.1,global,9,storm2,90,1.0,0.5,308,c09_storm2_w80_u90_0029,1983,3061.778400,2791.250000,2856.388000,2926.365600,2805.592000,0.4870,0.0089,0.4996,0.0307
grid,stability,stability,1,0.1,global,9,storm2,90,1.0,0.5,310,c09_storm2_w80_u90_0020,1983,2177.667200,1500.446400,1504.394400,2097.978800,1478.165600,0.4909,0.0035,0.4991,0.0455
grid,stability,stability,1,0.1,global,9,storm2,90,1.0,0.5,310,c09_storm2_w80_u90_0021,1983,1754.070800,1714.735200,1724.693600,1724.218800,1714.611200,0.4864,0.0017,0.4905,0.0152
grid,stability,stability,1,0.1,global,9,storm2,90,1.0,0.5,310,c09_storm2_w80_u90_0022,1983,1255.530000,1207.078000,1218.304800,1245.992800,1206.645200,0.5004,0.0016,0.5000,0.0079
grid,stability,stability,1,0.1,global,9,storm2,90,1.0,0.5,310,c09_storm2_w80_u90_0023,1983,1251.113600,1215.696800,1185.189600,1255.439200,1214.490400,0.4996,0.0093,0.5000,0.0140
grid,stability,stability,1,0.1,global,9,storm2,90,1.0,0.5,310,c09_storm2_w80_u90_0024,1983,2040.184000,1434.378800,1434.189200,1718.962000,1433.821200,0.5000,0.0252,0.5003,0.0345
grid,stability,stability,1,0.1,global,9,storm2,90,1.0,0.5,310,c09_storm2_w80_u90_0025,1983,1653.087600,1581.429200,1550.068000,1596.589600,1580.657200,0.5004,0.0287,0.5000,0.0161
grid,stability,stability,1,0.1,global,9,storm2,90,1.0,0.5,310,c09_storm2_w80_u90_0026,1983,1769.389600,1287.385600,1308.659600,1557.613200,1285.058000,0.4883,0.0048,0.4984,0.0455
grid,stability,stability,1,0.1,global,9,storm2,90,1.0,0.5,310,c09_storm2_w80_u90_0027,1983,1752.833600,937.237600,803.994000,1147.277600,876.063200,0.4858,0.0201,0.4921,0.0595
grid,stability,stability,1,0.1,global,9,storm2,90,1.0,0.5,310,c09_storm2_w80_u90_0028,1983,804.369600,695.792400,730.334800,748.853600,685.894000,0.4996,0.0067,0.4996,0.0184
grid,stability,stability,1,0.1,global,9,storm2,90,1.0,0.5,310,c09_storm2_w80_u90_0029,1983,3061.778400,2798.043600,2856.388000,2944.837600,2807.081200,0.4924,0.0029,0.5000,0.0277
grid,stability,stability,1,0.1,global,9,storm2,90,1.0,0.5,309,c09_storm2_w80_u90_0020,1983,2177.667200,1563.778800,1504.394400,2091.160000,1482.920000,0.4705,0.0092,0.4860,0.0450
grid,stability,stability,1,0.1,global,9,storm2,90,1.0,0.5,309,c09_storm2_w80_u90_0021,1983,1754.070800,1722.807200,1724.693600,1724.218800,1722.807200,0.4921,0.0000,0.4896,0.0153
grid,stability,stability,1,0.1,global,9,storm2,90,1.0,0.5,309,c09_storm2_w80_u90_0022,1983,1255.530000,1209.237200,1218.304800,1245.992800,1208.846800,0.5000,0.0016,0.5000,0.0079
grid,stability,stability,1,0.1,global,9,storm2,90,1.0,0.5,309,c09_storm2_w80_u90_0023,1983,1251.113600,1211.232400,1185.189600,1255.439200,1212.539600,0.4996,0.0047,0.5000,0.0202
grid,stability,stability,1,0.1,global,9,storm2,90,1.0,0.5,309,c09_storm2_w80_u90_0024,1983,2040.184000,1447.789600,1434.189200,1719.188800,1447.615600,0.4963,0.0388,0.5000,0.0612
grid,stability,stability,1,0.1,global,9,storm2,90,1.0,0.5,309,c09_storm2_w80_u90_0025,1983,1653.087600,1573.740400,1550.068000,1596.589600,1564.162400,0.4867,0.0050,0.5000,0.0161
grid,stability,stability,1,0.1,global,9,storm2,90,1.0,0.5,309,c09_storm2_w80_u90_0026,1983,1769.389600,1289.958800,1308.659600,1574.370400,1290.178000,0.4965,0.0079,0.4992,0.0423
grid,stability,stability,1,0.1,global,9,storm2,90,1.0,0.5,309,c09_storm2_w80_u90_0027,1983,1752.833600,893.154000,803.994000,1120.038400,873.498000,0.4906,0.0107,0.4929,0.0595
grid,stability,stability,1,0.1,global,9,storm2,90,1.0,0.5,309,c09_storm2_w80_u90_0028,1983,804.369600,696.366000,730.334800,757.726000,696.366000,0.4996,0.0000,0.4996,0.0200
grid,stability,stability,1,0.1,global,9,storm2,90,1.0,0.5,309,c09_storm2_w80_u90_0029,1983,3061.778400,2810.430400,2856.388000,2937.089600,2825.828000,0.4866,0.0119,0.4996,0.0336
grid,stability,stability,1,0.1,global,9,storm2,90,1.0,0.5,306,c09_storm2_w80_u90_0020,1983,2177.667200,1533.627600,1504.394400,2091.160000,1483.969200,0.4931,0.0176,0.4843,0.0487
grid,stability,stability,1,0.1,global,9,storm2,90,1.0,0.5,306,c09_storm2_w80_u90_0021,1983,1754.070800,1717.124800,1724.693600,1724.218800,1715.437600,0.4996,0.0017,0.4888,0.0153
grid,stability,stability,1,0.1,global,9,storm2,90,1.0,0.5,306,c09_storm2_w80_u90_0022,1983,1255.530000,1201.023600,1218.304800,1246.263200,1201.023600,0.4988,0.0016,0.4992,0.0063
grid,stability,stability,1,0.1,global,9,storm2,90,1.0,0.5,306,c09_storm2_w80_u90_0023,1983,1251.113600,1192.018800,1185.189600,1255.439200,1192.250800,0.4996,0.0047,0.4992,0.0202
grid,stability,stability,1,0.1,global,9,storm2,90,1.0,0.5,306,c09_storm2_w80_u90_0024,1983,2040.184000,1453.100000,1434.189200,1719.188800,1452.182000,0.4910,0.0528,0.4973,0.0615
grid,stability,stability,1,0.1,global,9,storm2,90,1.0,0.5,306,c09_storm2_w80_u90_0025,1983,1653.087600,1573.615600,1550.068000,1596.589600,1564.916800,0.4924,0.0065,0.5000,0.0161
grid,stability,stability,1,0.1,global,9,storm2,90,1.0,0.5,306,c09_storm2_w80_u90_0026,1983,1769.389600,1300.017600,1308.659600,1557.613200,1291.698400,0.4980,0.0314,0.4977,0.0456
grid,stability,stability,1,0.1,global,9,storm2,90,1.0,0.5,306,c09_storm2_w80_u90_0027,1983,1752.833600,967.973200,803.994000,1307.212000,890.625600,0.4884,0.0092,0.4989,0.0557
grid,stability,stability,1,0.1,global,9,storm2,90,1.0,0.5,306,c09_storm2_w80_u90_0028,1983,804.369600,693.278800,730.334800,757.488400,699.930800,0.4946,0.0017,0.4996,0.0217
grid,stability,stability,1,0.1,global,9,storm2,90,1.0,0.5,306,c09_storm2_w80_u90_0029,1983,3061.778400,2813.226000,2856.388000,2938.156400,2829.422000,0.4927,0.0118,0.5000,0.0380
grid,targeted,targeted,1,0.1,global,9,storm2,90,1.0,0.5,301,c09_storm2_w80_u90_0020,1983,2177.667200,1615.885200,1504.394400,2052.880800,1475.823600,0.5000,0.0260,0.4983,0.0421
grid,targeted,targeted,1,0.1,global,9,storm2,90,1.0,0.5,301,c09_storm2_w80_u90_0021,1983,1754.070800,1715.802400,1724.693600,1720.000800,1716.168800,0.4988,0.0017,0.4992,0.0116
grid,targeted,targeted,1,0.1,global,9,storm2,90,1.0,0.5,301,c09_storm2_w80_u90_0022,1983,1255.530000,1202.470400,1218.304800,1245.562400,1202.470400,0.4925,0.0000,0.4976,0.0079
grid,targeted,targeted,1,0.1,global,9,storm2,90,1.0,0.5,301,c09_storm2_w80_u90_0023,1983,1251.113600,1222.864800,1185.189600,1256.374000,1224.555200,0.4942,0.0141,0.4973,0.0188
grid,targeted,targeted,1,0.1,global,9,storm2,90,1.0,0.5,301,c09_storm2_w80_u90_0024,1983,2040.184000,1475.162000,1434.189200,1775.115600,1432.873600,0.4973,0.0107,0.5000,0.0319
grid,targeted,targeted,1,0.1,global,9,storm2,90,1.0,0.5,301,c09_storm2_w80_u90_0025,1983,1653.087600,1571.798800,1550.068000,1621.426000,1575.477200,0.4968,0.0049,0.4984,0.0049
grid,targeted,targeted,1,0.1,global,9,storm2,90,1.0,0.5,301,c09_storm2_w80_u90_0026,1983,1769.389600,1287.028800,1308.659600,1633.993200,1277.226800,0.4934,0.0079,0.5000,0.0329
grid,targeted,targeted,1,0.1,global,9,storm2,90,1.0,0.5,301,c09_storm2_w80_u90_0027,1983,1752.833600,913.109600,803.994000,1209.530400,818.458400,0.4996,0.0240,0.4959,0.0530
grid,targeted,targeted,1,0.1,global,9,storm2,90,1.0,0.5,301,c09_storm2_w80_u90_0028,1983,804.369600,691.253600,730.334800,763.020000,725.320800,0.4958,0.0067,0.4979,0.0201
grid,targeted,targeted,1,0.1,global,9,storm2,90,1.0,0.5,301,c09_storm2_w80_u90_0029,1983,3061.778400,2825.644800,2856.388000,2983.985200,2839.073600,0.4996,0.0058,0.5000,0.0277
grid,targeted,targeted,1,0.1,global,9,storm2,90,1.0,0.5,302,c09_storm2_w80_u90_0020,1983,2177.667200,1505.531600,1504.394400,2052.880800,1493.517600,0.5000,0.0173,0.4983,0.0421
grid,targeted,targeted,1,0.1,global,9,storm2,90,1.0,0.5,302,c09_storm2_w80_u90_0021,1983,1754.070800,1712.520800,1724.693600,1720.000800,1712.179200,0.4979,0.0017,0.4992,0.0116
grid,targeted,targeted,1,0.1,global,9,storm2,90,1.0,0.5,302,c09_storm2_w80_u90_0022,1983,1255.530000,1203.836400,1218.304800,1245.562400,1208.774800,0.4976,0.0063,0.4976,0.0079
grid,targeted,targeted,1,0.1,global,9,storm2,90,1.0,0.5,302,c09_storm2_w80_u90_0023,1983,1251.113600,1213.826400,1185.189600,1256.374000,1215.820800,0.4973,0.0109,0.4973,0.0188
grid,targeted,targeted,1,0.1,global,9,storm2,90,1.0,0.5,302,c09_storm2_w80_u90_0024,1983,2040.184000,1461.896800,1434.189200,1775.115600,1453.120000,0.5003,0.0106,0.5000,0.0319
grid,targeted,targeted,1,0.1,global,9,storm2,90,1.0,0.5,302,c09_storm2_w80_u90_0025,1983,1653.087600,1573.991600,1550.068000,1621.426000,1582.226000,0.4980,0.0049,0.4984,0.0049
grid,targeted,targeted,1,0.1,global,9,storm2,90,1.0,0.5,302,c09_storm2_w80_u90_0026,1983,1769.389600,1287.830800,1308.659600,1633.993200,1280.710400,0.4891,0.0032,0.5000,0.0329
grid,targeted,targeted,1,0.1,global,9,storm2,90,1.0,0.5,302,c09_storm2_w80_u90_0027,1983,1752.833600,917.610400,803.994000,1209.530400,812.113600,0.4996,0.0150,0.4959,0.0530
grid,targeted,targeted,1,0.1,global,9,storm2,90,1.0,0.5,302,c09_storm2_w80_u90_0028,1983,804.369600,693.288400,730.334800,763.020000,712.438000,0.4979,0.0034,0.4979,0.0201
grid,targeted,targeted,1,0.1,global,9,storm2,90,1.0,0.5,302,c09_storm2_w80_u90_0029,1983,3061.778400,2798.859600,2856.388000,2983.985200,2801.846400,0.5000,0.0044,0.5000,0.0277
grid,targeted,targeted,1,0.1,global,9,storm2,90,1.0,0.5,305,c09_storm2_w80_u90_0020,1983,2177.667200,1509.715200,1504.394400,2052.880800,1471.405200,0.5000,0.0277,0.4983,0.0421
grid,targeted,targeted,1,0.1,global,9,storm2,90,1.0,0.5,305,c09_storm2_w80_u90_0021,1983,1754.070800,1713.132000,1724.693600,1720.000800,1711.960800,0.4971,0.0017,0.4992,0.0116
grid,targeted,targeted,1,0.1,global,9,storm2,90,1.0,0.5,305,c09_storm2_w80_u90_0022,1983,1255.530000,1204.559600,1218.304800,1245.562400,1204.990000,0.4969,0.0016,0.4976,0.0079
grid,targeted,targeted,1,0.1,global,9,storm2,90,1.0,0.5,305,c09_storm2_w80_u90_0023,1983,1251.113600,1191.936400,1185.189600,1256.374000,1189.765600,0.4969,0.0125,0.4973,0.0188
grid,targeted,targeted,1,0.1,global,9,storm2,90,1.0,0.5,305,c09_storm2_w80_u90_0024,1983,2040.184000,1435.503600,1434.189200,1775.115600,1441.149600,0.4987,0.0080,0.5000,0.0319
grid,targeted,targeted,1,0.1,global,9,storm2,90,1.0,0.5,305,c09_storm2_w80_u90_0025,1983,1653.087600,1567.877600,1550.068000,1621.426000,1576.248800,0.4980,0.0048,0.4984,0.0049
grid,targeted,targeted,1,0.1,global,9,storm2,90,1.0,0.5,305,c09_storm2_w80_u90_0026,1983,1769.389600,1284.331600,1308.659600,1633.993200,1278.074400,0.4934,0.0032,0.5000,0.0329
grid,targeted,targeted,1,0.1,global,9,storm2,90,1.0,0.5,305,c09_storm2_w80_u90_0027,1983,1752.833600,880.318800,803.994000,1209.530400,819.392000,0.5000,0.0210,0.4959,0.0530
grid,targeted,targeted,1,0.1,global,9,storm2,90,1.0,0.5,305,c09_storm2_w80_u90_0028,1983,804.369600,690.375600,730.334800,763.020000,697.300400,0.4967,0.0017,0.4979,0.0201
grid,targeted,targeted,1,0.1,global,9,storm2,90,1.0,0.5,305,c09_storm2_w80_u90_0029,1983,3061.778400,2844.752000,2856.388000,2983.985200,2853.007200,0.4993,0.0058,0.5000,0.0277
grid,targeted,targeted,1,0.1,global,9,storm2,90,1.0,0.5,304,c09_storm2_w80_u90_0020,1983,2177.667200,1699.368800,1504.394400,2052.880800,1493.421200,0.5004,0.0208,0.4983,0.0421
grid,targeted,targeted,1,0.1,global,9,storm2,90,1.0,0.5,304,c09_storm2_w80_u90_0021,1983,1754.070800,1716.740000,1724.693600,1720.000800,1716.740000,0.4992,0.0000,0.4992,0.0116
grid,targeted,targeted,1,0.1,global,9,storm2,90,1.0,0.5,304,c09_storm2_w80_u90_0022,1983,1255.530000,1207.787200,1218.304800,1245.562400,1207.787200,0.4957,0.0000,0.4976,0.0079
grid,targeted,targeted,1,0.1,global,9,storm2,90,1.0,0.5,304,c09_storm2_w80_u90_0023,1983,1251.113600,1213.411200,1185.189600,1256.374000,1191.401600,0.4961,0.0094,0.4973,0.0188
grid,targeted,targeted,1,0.1,global,9,storm2,90,1.0,0.5,304,c09_storm2_w80_u90_0024,1983,2040.184000,1430.357200,1434.189200,1775.115600,1425.386800,0.4980,0.0133,0.5000,0.0319
grid,targeted,targeted,1,0.1,global,9,storm2,90,1.0,0.5,304,c09_storm2_w80_u90_0025,1983,1653.087600,1574.211200,1550.068000,1621.426000,1574.211200,0.4984,0.0000,0.4984,0.0049
grid,targeted,targeted,1,0.1,global,9,storm2,90,1.0,0.5,304,c09_storm2_w80_u90_0026,1983,1769.389600,1286.060800,1308.659600,1633.993200,1284.824000,0.4934,0.0032,0.5000,0.0329
grid,targeted,targeted,1,0.1,global,9,storm2,90,1.0,0.5,304,c09_storm2_w80_u90_0027,1983,1752.833600,954.232800,803.994000,1209.530400,822.179200,0.4996,0.0165,0.4959,0.0530
grid,targeted,targeted,1,0.1,global,9,storm2,90,1.0,0.5,304,c09_storm2_w80_u90_0028,1983,804.369600,690.371600,730.334800,763.020000,699.166000,0.4967,0.0017,0.4979,0.0201
grid,targeted,targeted,1,0.1,global,9,storm2,90,1.0,0.5,304,c09_storm2_w80_u90_0029,1983,3061.778400,2843.692800,2856.388000,2983.985200,2844.748800,0.5004,0.0058,0.5000,0.0277
grid,targeted,targeted,1,0.1,global,9,storm2,90,1.0,0.5,303,c09_storm2_w80_u90_0020,1983,2177.667200,1591.790000,1504.394400,2052.880800,1459.724400,0.4991,0.0226,0.4983,0.0421
grid,targeted,targeted,1,0.1,global,9,storm2,90,1.0,0.5,303,c09_storm2_w80_u90_0021,1983,1754.070800,1715.077600,1724.693600,1720.000800,1715.882400,0.4946,0.0017,0.4992,0.0116
grid,targeted,targeted,1,0.1,global,9,storm2,90,1.0,0.5,303,c09_storm2_w80_u90_0022,1983,1255.530000,1203.265600,1218.304800,1245.562400,1203.265600,0.4941,0.0000,0.4976,0.0079
grid,targeted,targeted,1,0.1,global,9,storm2,90,1.0,0.5,303,c09_storm2_w80_u90_0023,1983,1251.113600,1201.973600,1185.189600,1256.374000,1181.014400,0.4942,0.0110,0.4973,0.0188
grid,targeted,targeted,1,0.1,global,9,storm2,90,1.0,0.5,303,c09_storm2_w80_u90_0024,1983,2040.184000,1435.166800,1434.189200,1775.115600,1420.714800,0.5003,0.0093,0.5000,0.0319
grid,targeted,targeted,1,0.1,global,9,storm2,90,1.0,0.5,303,c09_storm2_w80_u90_0025,1983,1653.087600,1580.398000,1550.068000,1621.426000,1582.870000,0.4976,0.0032,0.4984,0.0049
grid,targeted,targeted,1,0.1,global,9,storm2,90,1.0,0.5,303,c09_storm2_w80_u90_0026,1983,1769.389600,1313.604400,1308.659600,1633.993200,1287.820000,0.4934,0.0063,0.5000,0.0329
grid,targeted,targeted,1,0.1,global,9,storm2,90,1.0,0.5,303,c09_storm2_w80_u90_0027,1983,1752.833600,942.702400,803.994000,1209.530400,806.792400,0.4996,0.0180,0.4959,0.0530
grid,targeted,targeted,1,0.1,global,9,storm2,90,1.0,0.5,303,c09_storm2_w80_u90_0028,1983,804.369600,709.608400,730.334800,763.020000,712.890800,0.4971,0.0034,0.4979,0.0201
grid,targeted,targeted,1,0.1,global,9,storm2,90,1.0,0.5,303,c09_storm2_w80_u90_0029,1983,3061.778400,2783.522800,2856.388000,2983.985200,2802.823200,0.4967,0.0073,0.5000,0.0277
grid,targeted,targeted,1,0.1,global,9,storm2,90,1.0,0.5,309,c09_storm2_w80_u90_0020,1983,2177.667200,1550.756000,1504.394400,2052.880800,1477.678000,0.5000,0.0191,0.4983,0.0421
grid,targeted,targeted,1,0.1,global,9,storm2,90,1.0,0.5,309,c09_storm2_w80_u90_0021,1983,1754.070800,1712.234400,1724.693600,1720.000800,1712.234400,0.4992,0.0000,0.4992,0.0116
grid,targeted,targeted,1,0.1,global,9,storm2,90,1.0,0.5,309,c09_storm2_w80_u90_0022,1983,1255.530000,1203.638000,1218.304800,1245.562400,1205.394000,0.4965,0.0032,0.4976,0.0079
grid,targeted,targeted,1,0.1,global,9,storm2,90,1.0,0.5,309,c09_storm2_w80_u90_0023,1983,1251.113600,1223.215200,1185.189600,1256.374000,1209.243200,0.4965,0.0156,0.4973,0.0188
grid,targeted,targeted,1,0.1,global,9,storm2,90,1.0,0.5,309,c09_storm2_w80_u90_0024,1983,2040.184000,1429.738800,1434.189200,1775.115600,1423.996800,0.4983,0.0067,0.5000,0.0319
grid,targeted,targeted,1,0.1,global,9,storm2,90,1.0,0.5,309,c09_storm2_w80_u90_0025,1983,1653.087600,1572.385200,1550.068000,1621.426000,1572.385200,0.4972,0.0000,0.4984,0.0049
grid,targeted,targeted,1,0.1,global,9,storm2,90,1.0,0.5,309,c09_storm2_w80_u90_0026,1983,1769.389600,1288.389600,1308.659600,1633.993200,1295.494400,0.4926,0.0016,0.5000,0.0329
grid,targeted,targeted,1,0.1,global,9,storm2,90,1.0,0.5,309,c09_storm2_w80_u90_0027,1983,1752.833600,935.968400,803.994000,1209.530400,840.251600,0.5000,0.0180,0.4959,0.0530
grid,targeted,targeted,1,0.1,global,9,storm2,90,1.0,0.5,309,c09_storm2_w80_u90_0028,1983,804.369600,687.846800,730.334800,763.020000,704.288400,0.4967,0.0050,0.4979,0.0201
grid,targeted,targeted,1,0.1,global,9,storm2,90,1.0,0.5,309,c09_storm2_w80_u90_0029,1983,3061.778400,2814.588800,2856.388000,2983.985200,2845.396400,0.5000,0.0058,0.5000,0.0277
grid,targeted,targeted,1,0.1,global,9,storm2,90,1.0,0.5,307,c09_storm2_w80_u90_0020,1983,2177.667200,1582.673200,1504.394400,2052.880800,1478.381200,0.4991,0.0226,0.4983,0.0421
grid,targeted,targeted,1,0.1,global,9,storm2,90,1.0,0.5,307,c09_storm2_w80_u90_0021,1983,1754.070800,1715.703200,1724.693600,1720.000800,1714.260800,0.4955,0.0033,0.4992,0.0116
grid,targeted,targeted,1,0.1,global,9,storm2,90,1.0,0.5,307,c09_storm2_w80_u90_0022,1983,1255.530000,1203.812400,1218.304800,1245.562400,1204.242800,0.4973,0.0016,0.4976,0.0079
grid,targeted,targeted,1,0.1,global,9,storm2,90,1.0,0.5,307,c09_storm2_w80_u90_0023,1983,1251.113600,1223.349600,1185.189600,1256.374000,1203.000800,0.4965,0.0250,0.4973,0.0188
grid,targeted,targeted,1,0.1,global,9,storm2,90,1.0,0.5,307,c09_storm2_w80_u90_0024,1983,2040.184000,1447.915600,1434.189200,1775.115600,1443.828400,0.5003,0.0239,0.5000,0.0319
grid,targeted,targeted,1,0.1,global,9,storm2,90,1.0,0.5,307,c09_storm2_w80_u90_0025,1983,1653.087600,1574.882000,1550.068000,1621.426000,1577.154800,0.4972,0.0065,0.4984,0.0049
grid,targeted,targeted,1,0.1,global,9,storm2,90,1.0,0.5,307,c09_storm2_w80_u90_0026,1983,1769.389600,1284.651200,1308.659600,1633.993200,1282.886400,0.4848,0.0097,0.5000,0.0329
grid,targeted,targeted,1,0.1,global,9,storm2,90,1.0,0.5,307,c09_storm2_w80_u90_0027,1983,1752.833600,970.218000,803.994000,1209.530400,820.748800,0.4996,0.0210,0.4959,0.0530
grid,targeted,targeted,1,0.1,global,9,storm2,90,1.0,0.5,307,c09_storm2_w80_u90_0028,1983,804.369600,705.465600,730.334800,763.020000,714.732400,0.4979,0.0101,0.4979,0.0201
grid,targeted,targeted,1,0.1,global,9,storm2,90,1.0,0.5,307,c09_storm2_w80_u90_0029,1983,3061.778400,2861.471200,2856.388000,2983.985200,2832.451200,0.4978,0.0073,0.5000,0.0277
grid,targeted,targeted,1,0.1,global,9,storm2,90,1.0,0.5,308,c09_storm2_w80_u90_0020,1983,2177.667200,1616.187600,1504.394400,2052.880800,1468.928400,0.5000,0.0451,0.4983,0.0421
grid,targeted,targeted,1,0.1,global,9,storm2,90,1.0,0.5,308,c09_storm2_w80_u90_0021,1983,1754.070800,1708.203200,1724.693600,1720.000800,1709.285600,0.4979,0.0033,0.4992,0.0116
grid,targeted,targeted,1,0.1,global,9,storm2,90,1.0,0.5,308,c09_storm2_w80_u90_0022,1983,1255.530000,1208.879600,1218.304800,1245.562400,1210.219600,0.4976,0.0047,0.4976,0.0079
grid,targeted,targeted,1,0.1,global,9,storm2,90,1.0,0.5,308,c09_storm2_w80_u90_0023,1983,1251.113600,1196.102000,1185.189600,1256.374000,1212.248000,0.4973,0.0187,0.4973,0.0188
grid,targeted,targeted,1,0.1,global,9,storm2,90,1.0,0.5,308,c09_storm2_w80_u90_0024,1983,2040.184000,1493.158400,1434.189200,1775.115600,1443.387200,0.5003,0.0199,0.5000,0.0319
grid,targeted,targeted,1,0.1,global,9,storm2,90,1.0,0.5,308,c09_storm2_w80_u90_0025,1983,1653.087600,1575.298800,1550.068000,1621.426000,1583.533200,0.4980,0.0049,0.4984,0.0049
grid,targeted,targeted,1,0.1,global,9,storm2,90,1.0,0.5,308,c09_storm2_w80_u90_0026,1983,1769.389600,1291.594000,1308.659600,1633.993200,1279.501200,0.4859,0.0080,0.5000,0.0329
grid,targeted,targeted,1,0.1,global,9,storm2,90,1.0,0.5,308,c09_storm2_w80_u90_0027,1983,1752.833600,1006.233600,803.994000,1209.530400,835.847200,0.4996,0.0255,0.4959,0.0530
grid,targeted,targeted,1,0.1,global,9,storm2,90,1.0,0.5,308,c09_storm2_w80_u90_0028,1983,804.369600,697.658800,730.334800,763.020000,700.934000,0.4979,0.0084,0.4979,0.0201
grid,targeted,targeted,1,0.1,global,9,storm2,90,1.0,0.5,308,c09_storm2_w80_u90_0029,1983,3061.778400,2850.088000,2856.388000,2983.985200,2824.100800,0.5000,0.0116,0.5000,0.0277
grid,targeted,targeted,1,0.1,global,9,storm2,90,1.0,0.5,306,c09_storm2_w80_u90_0020,1983,2177.667200,1549.797200,1504.394400,2052.880800,1491.257200,0.5000,0.0312,0.4983,0.0421
grid,targeted,targeted,1,0.1,global,9,storm2,90,1.0,0.5,306,c09_storm2_w80_u90_0021,1983,1754.070800,1718.984000,1724.693600,1720.000800,1718.398400,0.4996,0.0017,0.4992,0.0116
grid,targeted,targeted,1,0.1,global,9,storm2,90,1.0,0.5,306,c09_storm2_w80_u90_0022,1983,1255.530000,1208.891600,1218.304800,1245.562400,1209.518800,0.4925,0.0016,0.4976,0.0079
grid,targeted,targeted,1,0.1,global,9,storm2,90,1.0,0.5,306,c09_storm2_w80_u90_0023,1983,1251.113600,1191.792400,1185.189600,1256.374000,1195.156000,0.4938,0.0188,0.4973,0.0188
grid,targeted,targeted,1,0.1,global,9,storm2,90,1.0,0.5,306,c09_storm2_w80_u90_0024,1983,2040.184000,1429.624400,1434.189200,1775.115600,1434.754000,0.4973,0.0107,0.5000,0.0319
grid,targeted,targeted,1,0.1,global,9,storm2,90,1.0,0.5,306,c09_storm2_w80_u90_0025,1983,1653.087600,1578.300400,1550.068000,1621.426000,1578.300400,0.4972,0.0000,0.4984,0.0049
grid,targeted,targeted,1,0.1,global,9,storm2,90,1.0,0.5,306,c09_storm2_w80_u90_0026,1983,1769.389600,1288.878800,1308.659600,1633.993200,1286.651200,0.4910,0.0048,0.5000,0.0329
grid,targeted,targeted,1,0.1,global,9,storm2,90,1.0,0.5,306,c09_storm2_w80_u90_0027,1983,1752.833600,865.060800,803.994000,1209.530400,830.306800,0.4996,0.0165,0.4959,0.0530
grid,targeted,targeted,1,0.1,global,9,storm2,90,1.0,0.5,306,c09_storm2_w80_u90_0028,1983,804.369600,689.378000,730.334800,763.020000,699.499600,0.4971,0.0034,0.4979,0.0201
grid,targeted,targeted,1,0.1,global,9,storm2,90,1.0,0.5,306,c09_storm2_w80_u90_0029,1983,3061.778400,2810.434400,2856.388000,2983.985200,2829.589600,0.5004,0.0087,0.5000,0.0277
grid,targeted,targeted,1,0.1,global,9,storm2,90,1.0,0.5,310,c09_storm2_w80_u90_0020,1983,2177.667200,1598.658000,1504.394400,2052.880800,1499.831600,0.5004,0.0225,0.4983,0.0421
grid,targeted,targeted,1,0.1,global,9,storm2,90,1.0,0.5,310,c09_storm2_w80_u90_0021,1983,1754.070800,1716.686400,1724.693600,1720.000800,1716.686400,0.4955,0.0000,0.4992,0.0116
grid,targeted,targeted,1,0.1,global,9,storm2,90,1.0,0.5,310,c09_storm2_w80_u90_0022,1983,1255.530000,1206.296400,1218.304800,1245.562400,1206.726800,0.4945,0.0016,0.4976,0.0079
grid,targeted,targeted,1,0.1,global,9,storm2,90,1.0,0.5,310,c09_storm2_w80_u90_0023,1983,1251.113600,1227.305600,1185.189600,1256.374000,1225.920800,0.4942,0.0094,0.4973,0.0188
grid,targeted,targeted,1,0.1,global,9,storm2,90,1.0,0.5,310,c09_storm2_w80_u90_0024,1983,2040.184000,1429.563600,1434.189200,1775.115600,1425.574400,0.4990,0.0120,0.5000,0.0319
grid,targeted,targeted,1,0.1,global,9,storm2,90,1.0,0.5,310,c09_storm2_w80_u90_0025,1983,1653.087600,1586.500000,1550.068000,1621.426000,1586.500000,0.4972,0.0000,0.4984,0.0049
grid,targeted,targeted,1,0.1,global,9,storm2,90,1.0,0.5,310,c09_storm2_w80_u90_0026,1983,1769.389600,1290.871200,1308.659600,1633.993200,1286.861200,0.4895,0.0032,0.5000,0.0329
grid,targeted,targeted,1,0.1,global,9,storm2,90,1.0,0.5,310,c09_storm2_w80_u90_0027,1983,1752.833600,912.900400,803.994000,1209.530400,818.864800,0.4996,0.0240,0.4959,0.0530
grid,targeted,targeted,1,0.1,global,9,storm2,90,1.0,0.5,310,c09_storm2_w80_u90_0028,1983,804.369600,696.897600,730.334800,763.020000,696.570400,0.4946,0.0017,0.4979,0.0201
grid,targeted,targeted,1,0.1,global,9,storm2,90,1.0,0.5,310,c09_storm2_w80_u90_0029,1983,3061.778400,2826.924400,2856.388000,2983.985200,2825.839600,0.4993,0.0044,0.5000,0.0277
grid,stability,stability,1,0.1,global,9,storm2,100,0.75,0.25,301,c09_storm2_w80_u100_0020,2253,1970.798400,1627.260000,1483.052800,1768.790400,1494.141600,0.2500,0.0502,0.2500,0.1005
grid,stability,stability,1,0.1,global,9,storm2,100,0.75,0.25,301,c09_storm2_w80_u100_0021,2253,2264.009600,1966.218800,1971.832800,2233.574800,1940.088800,0.2505,0.0134,0.2502,0.0755
grid,stability,stability,1,0.1,global,9,storm2,100,0.75,0.25,301,c09_storm2_w80_u100_0022,2253,1037.825200,932.688000,943.385600,975.746000,933.411200,0.2469,0.0160,0.2423,0.0276
grid,stability,stability,1,0.1,global,9,storm2,100,0.75,0.25,301,c09_storm2_w80_u100_0023,2253,5139.423200,3010.768400,2455.561600,3468.972000,2835.380800,0.2455,0.1048,0.2479,0.2043
grid,stability,stability,1,0.1,global,9,storm2,100,0.75,0.25,301,c09_storm2_w80_u100_0024,2253,3391.733200,1879.629600,1671.604000,2158.225200,1798.954800,0.2309,0.0438,0.2438,0.1192
grid,stability,stability,1,0.1,global,9,storm2,100,0.75,0.25,301,c09_storm2_w80_u100_0025,2253,5774.884000,3099.481200,2693.900800,4818.159600,3036.108800,0.2402,0.0211,0.2448,0.1264
grid,stability,stability,1,0.1,global,9,storm2,100,0.75,0.25,301,c09_storm2_w80_u100_0026,2253,3948.285600,1931.151200,1935.640400,2689.310400,1938.973200,0.2501,0.0141,0.2503,0.1318
grid,stability,stability,1,0.1,global,9,storm2,100,0.75,0.25,301,c09_storm2_w80_u100_0027,2253,2795.221600,2002.570400,1847.675600,2207.232800,1855.544000,0.2470,0.0231,0.2483,0.0969
grid,stability,stability,1,0.1,global,9,storm2,100,0.75,0.25,301,c09_storm2_w80_u100_0028,2253,1959.486400,1494.566800,1501.540800,1871.776800,1496.100800,0.2505,0.0025,0.2505,0.0633
grid,stability,stability,1,0.1,global,9,storm2,100,0.75,0.25,301,c09_storm2_w80_u100_0029,2253,4020.284800,1706.720400,1393.838000,2408.842000,1583.637600,0.2393,0.0255,0.2446,0.1111
grid,stability,stability,1,0.1,global,9,storm2,100,0.75,0.25,302,c09_storm2_w80_u100_0020,2253,1970.798400,1566.996800,1483.052800,1763.721600,1454.959200,0.2479,0.0337,0.2482,0.1060
grid,stability,stability,1,0.1,global,9,storm2,100,0.75,0.25,302,c09_storm2_w80_u100_0021,2253,2264.009600,1969.628000,1971.832800,2232.127600,1932.019200,0.2505,0.0135,0.2502,0.0782
grid,stability,stability,1,0.1,global,9,storm2,100,0.75,0.25,302,c09_storm2_w80_u100_0022,2253,1037.825200,915.188800,943.385600,977.579600,920.961600,0.2447,0.0162,0.2410,0.0278
grid,stability,stability,1,0.1,global,9,storm2,100,0.75,0.25,302,c09_storm2_w80_u100_0023,2253,5139.423200,2957.618800,2455.561600,3577.098000,2896.736000,0.2428,0.0889,0.2468,0.1838
grid,stability,stability,1,0.1,global,9,storm2,100,0.75,0.25,302,c09_storm2_w80_u100_0024,2253,3391.733200,1991.396800,1671.604000,2219.862800,1778.504800,0.2368,0.0346,0.2438,0.1036
grid,stability,stability,1,0.1,global,9,storm2,100,0.75,0.25,302,c09_storm2_w80_u100_0025,2253,5774.884000,3112.622800,2693.900800,4585.360400,2942.642800,0.2418,0.0279,0.2409,0.1355
grid,stability,stability,1,0.1,global,9,storm2,100,0.75,0.25,302,c09_storm2_w80_u100_0026,2253,3948.285600,1909.438800,1935.640400,3190.577200,1898.210000,0.2496,0.0165,0.2503,0.1153
grid,stability,stability,1,0.1,global,9,storm2,100,0.75,0.25,302,c09_storm2_w80_u100_0027,2253,2795.221600,1992.178400,1847.675600,2253.844800,1871.402000,0.2389,0.0186,0.2483,0.1020
grid,stability,stability,1,0.1,global,9,storm2,100,0.75,0.25,302,c09_storm2_w80_u100_0028,2253,1959.486400,1500.805200,1501.540800,1869.996000,1493.474800,0.2502,0.0051,0.2502,0.0633
grid,stability,stability,1,0.1,global,9,storm2,100,0.75,0.25,302,c09_storm2_w80_u100_0029,2253,4020.284800,1994.466000,1393.838000,3039.721200,1651.404400,0.2378,0.0372,0.2435,0.0979
grid,stability,stability,1,0.1,global,9,storm2,100,0.75,0.25,303,c09_storm2_w80_u100_0020,2253,1970.798400,1598.557600,1483.052800,1789.010800,1488.617200,0.2500,0.0598,0.2500,0.0957
grid,stability,stability,1,0.1,global,9,storm2,100,0.75,0.25,303,c09_storm2_w80_u100_0021,2253,2264.009600,1951.667200,1971.832800,2233.348800,1927.084800,0.2502,0.0108,0.2502,0.0647
grid,stability,stability,1,0.1,global,9,storm2,100,0.75,0.25,303,c09_storm2_w80_u100_0022,2253,1037.825200,963.318400,943.385600,977.579600,947.871600,0.2462,0.0161,0.2423,0.0276
grid,stability,stability,1,0.1,global,9,storm2,100,0.75,0.25,303,c09_storm2_w80_u100_0023,2253,5139.423200,2923.250400,2455.561600,3672.964000,2796.888000,0.2427,0.0867,0.2473,0.1833
grid,stability,stability,1,0.1,global,9,storm2,100,0.75,0.25,303,c09_storm2_w80_u100_0024,2253,3391.733200,1971.740400,1671.604000,2452.743600,1798.122800,0.2387,0.0475,0.2432,0.0935
grid,stability,stability,1,0.1,global,9,storm2,100,0.75,0.25,303,c09_storm2_w80_u100_0025,2253,5774.884000,3294.050800,2693.900800,4428.646400,3170.903600,0.2418,0.0372,0.2425,0.1531
grid,stability,stability,1,0.1,global,9,storm2,100,0.75,0.25,303,c09_storm2_w80_u100_0026,2253,3948.285600,2005.568400,1935.640400,2889.886800,1969.346400,0.2500,0.0235,0.2503,0.1224
grid,stability,stability,1,0.1,global,9,storm2,100,0.75,0.25,303,c09_storm2_w80_u100_0027,2253,2795.221600,1904.486400,1847.675600,2170.252400,1860.982400,0.2464,0.0257,0.2483,0.0918
grid,stability,stability,1,0.1,global,9,storm2,100,0.75,0.25,303,c09_storm2_w80_u100_0028,2253,1959.486400,1510.372800,1501.540800,1872.909600,1509.205600,0.2503,0.0051,0.2502,0.0658
grid,stability,stability,1,0.1,global,9,storm2,100,0.75,0.25,303,c09_storm2_w80_u100_0029,2253,4020.284800,2096.902000,1393.838000,2959.519200,1933.056800,0.2485,0.0335,0.2418,0.0986
grid,stability,stability,1,0.1,global,9,storm2,100,0.75,0.25,304,c09_storm2_w80_u100_0020,2253,1970.798400,1611.893600,1483.052800,1811.143200,1487.825200,0.2499,0.0431,0.2476,0.0870
grid,stability,stability,1,0.1,global,9,storm2,100,0.75,0.25,304,c09_storm2_w80_u100_0021,2253,2264.009600,2054.720400,1971.832800,2250.728000,1954.284000,0.2502,0.0243,0.2502,0.0863
grid,stability,stability,1,0.1,global,9,storm2,100,0.75,0.25,304,c09_storm2_w80_u100_0022,2253,1037.825200,924.898400,943.385600,974.630800,914.982400,0.2472,0.0133,0.2423,0.0276
grid,stability,stability,1,0.1,global,9,storm2,100,0.75,0.25,304,c09_storm2_w80_u100_0023,2253,5139.423200,3507.569600,2455.561600,3455.273600,3018.420400,0.2461,0.0664,0.2479,0.1900
grid,stability,stability,1,0.1,global,9,storm2,100,0.75,0.25,304,c09_storm2_w80_u100_0024,2253,3391.733200,2333.448800,1671.604000,2530.889600,1920.691600,0.2317,0.0436,0.2457,0.0925
grid,stability,stability,1,0.1,global,9,storm2,100,0.75,0.25,304,c09_storm2_w80_u100_0025,2253,5774.884000,3458.873600,2693.900800,4412.646800,3033.342000,0.2435,0.0370,0.2414,0.1678
grid,stability,stability,1,0.1,global,9,storm2,100,0.75,0.25,304,c09_storm2_w80_u100_0026,2253,3948.285600,2174.433200,1935.640400,2717.088800,1986.312800,0.2503,0.0565,0.2503,0.1200
grid,stability,stability,1,0.1,global,9,storm2,100,0.75,0.25,304,c09_storm2_w80_u100_0027,2253,2795.221600,2171.217200,1847.675600,2177.575200,2002.596800,0.2451,0.0336,0.2476,0.0895
grid,stability,stability,1,0.1,global,9,storm2,100,0.75,0.25,304,c09_storm2_w80_u100_0028,2253,1959.486400,1574.784000,1501.540800,1877.757600,1560.883600,0.2505,0.0202,0.2502,0.0532
grid,stability,stability,1,0.1,global,9,storm2,100,0.75,0.25,304,c09_storm2_w80_u100_0029,2253,4020.284800,2407.678800,1393.838000,2688.933200,1869.674000,0.2424,0.0343,0.2390,0.1044
grid,stability,stability,1,0.1,global,9,storm2,100,0.75,0.25,308,c09_storm2_w80_u100_0020,2253,1970.798400,1608.942000,1483.052800,1784.527200,1495.358400,0.2493,0.0384,0.2500,0.0981
grid,stability,stability,1,0.1,global,9,storm2,100,0.75,0.25,308,c09_storm2_w80_u100_0021,2253,2264.009600,2014.158400,1971.832800,2249.695200,1982.710400,0.2505,0.0081,0.2502,0.0728
grid,stability,stability,1,0.1,global,9,storm2,100,0.75,0.25,308,c09_storm2_w80_u100_0022,2253,1037.825200,944.851200,943.385600,1002.902800,922.332000,0.2462,0.0188,0.2423,0.0221
grid,stability,stability,1,0.1,global,9,storm2,100,0.75,0.25,308,c09_storm2_w80_u100_0023,2253,5139.423200,2915.763200,2455.561600,3352.297600,2706.987200,0.2463,0.0594,0.2473,0.1929
grid,stability,stability,1,0.1,global,9,storm2,100,0.75,0.25,308,c09_storm2_w80_u100_0024,2253,3391.733200,1903.687600,1671.604000,2122.598000,1843.796800,0.2450,0.0359,0.2438,0.1114
grid,stability,stability,1,0.1,global,9,storm2,100,0.75,0.25,308,c09_storm2_w80_u100_0025,2253,5774.884000,3218.898800,2693.900800,4221.464800,3052.019200,0.2420,0.0326,0.2431,0.1111
grid,stability,stability,1,0.1,global,9,storm2,100,0.75,0.25,308,c09_storm2_w80_u100_0026,2253,3948.285600,1941.944800,1935.640400,2350.900800,1925.188000,0.2501,0.0094,0.2503,0.1224
grid,stability,stability,1,0.1,global,9,storm2,100,0.75,0.25,308,c09_storm2_w80_u100_0027,2253,2795.221600,1903.929600,1847.675600,2356.828400,1894.777600,0.2502,0.0127,0.2483,0.0842
grid,stability,stability,1,0.1,global,9,storm2,100,0.75,0.25,308,c09_storm2_w80_u100_0028,2253,1959.486400,1496.802800,1501.540800,1882.724400,1497.424400,0.2505,0.0051,0.2505,0.0633
grid,stability,stability,1,0.1,global,9,storm2,100,0.75,0.25,308,c09_storm2_w80_u100_0029,2253,4020.284800,1958.812800,1393.838000,1771.221600,1775.968800,0.2479,0.0291,0.2451,0.1086
grid,stability,stability,1,0.1,global,9,storm2,100,0.75,0.25,306,c09_storm2_w80_u100_0020,2253,1970.798400,1570.675600,1483.052800,1780.051600,1459.515600,0.2470,0.0411,0.2482,0.1060
grid,stability,stability,1,0.1,global,9,storm2,100,0.75,0.25,306,c09_storm2_w80_u100_0021,2253,2264.009600,1953.793200,1971.832800,2234.355600,1929.274400,0.2503,0.0189,0.2502,0.0593
grid,stability,stability,1,0.1,global,9,storm2,100,0.75,0.25,306,c09_storm2_w80_u100_0022,2253,1037.825200,938.844400,943.385600,977.579600,909.697600,0.2449,0.0243,0.2423,0.0249
grid,stability,stability,1,0.1,global,9,storm2,100,0.75,0.25,306,c09_storm2_w80_u100_0023,2253,5139.423200,2812.303600,2455.561600,3505.997200,2688.300400,0.2433,0.0986,0.2468,0.2029
grid,stability,stability,1,0.1,global,9,storm2,100,0.75,0.25,306,c09_storm2_w80_u100_0024,2253,3391.733200,1829.028400,1671.604000,2439.658800,1768.604800,0.2329,0.0299,0.2401,0.1158
grid,stability,stability,1,0.1,global,9,storm2,100,0.75,0.25,306,c09_storm2_w80_u100_0025,2253,5774.884000,3088.412000,2693.900800,4759.099200,2821.040400,0.2350,0.0239,0.2414,0.1538
grid,stability,stability,1,0.1,global,9,storm2,100,0.75,0.25,306,c09_storm2_w80_u100_0026,2253,3948.285600,1916.948000,1935.640400,3181.508000,1929.528800,0.2504,0.0188,0.2503,0.1129
grid,stability,stability,1,0.1,global,9,storm2,100,0.75,0.25,306,c09_storm2_w80_u100_0027,2253,2795.221600,2001.874000,1847.675600,2342.392400,1893.386000,0.2500,0.0127,0.2457,0.1108
grid,stability,stability,1,0.1,global,9,storm2,100,0.75,0.25,306,c09_storm2_w80_u100_0028,2253,1959.486400,1520.520400,1501.540800,1870.597600,1517.200800,0.2505,0.0025,0.2502,0.0608
grid,stability,stability,1,0.1,global,9,storm2,100,0.75,0.25,306,c09_storm2_w80_u100_0029,2253,4020.284800,1732.709600,1393.838000,2382.801600,1495.311200,0.2420,0.0320,0.2413,0.1057
grid,stability,stability,1,0.1,global,9,storm2,100,0.75,0.25,305,c09_storm2_w80_u100_0020,2253,1970.798400,1639.405200,1483.052800,1765.261200,1463.930000,0.2501,0.0310,0.2500,0.1029
grid,stability,stability,1,0.1,global,9,storm2,100,0.75,0.25,305,c09_storm2_w80_u100_0021,2253,2264.009600,1989.210400,1971.832800,2232.082000,1940.582800,0.2502,0.0027,0.2502,0.0782
grid,stability,stability,1,0.1,global,9,storm2,100,0.75,0.25,305,c09_storm2_w80_u100_0022,2253,1037.825200,942.505600,943.385600,994.186800,922.765600,0.2469,0.0134,0.2403,0.0223
grid,stability,stability,1,0.1,global,9,storm2,100,0.75,0.25,305,c09_storm2_w80_u100_0023,2253,5139.423200,2841.517600,2455.561600,3412.695200,2771.814000,0.2462,0.0806,0.2473,0.1976
grid,stability,stability,1,0.1,global,9,storm2,100,0.75,0.25,305,c09_storm2_w80_u100_0024,2253,3391.733200,1915.344800,1671.604000,1945.817200,1756.072000,0.2408,0.0421,0.2407,0.1155
grid,stability,stability,1,0.1,global,9,storm2,100,0.75,0.25,305,c09_storm2_w80_u100_0025,2253,5774.884000,3109.337600,2693.900800,3752.142400,2945.893600,0.2435,0.0231,0.2414,0.1562
grid,stability,stability,1,0.1,global,9,storm2,100,0.75,0.25,305,c09_storm2_w80_u100_0026,2253,3948.285600,2069.614000,1935.640400,2830.550800,1960.844000,0.2501,0.0471,0.2503,0.1200
grid,stability,stability,1,0.1,global,9,storm2,100,0.75,0.25,305,c09_storm2_w80_u100_0027,2253,2795.221600,1978.322800,1847.675600,2305.563600,1857.286400,0.2503,0.0177,0.2476,0.0921
grid,stability,stability,1,0.1,global,9,storm2,100,0.75,0.25,305,c09_storm2_w80_u100_0028,2253,1959.486400,1518.542000,1501.540800,1870.597600,1512.537200,0.2500,0.0076,0.2502,0.0608
grid,stability,stability,1,0.1,global,9,storm2,100,0.75,0.25,305,c09_storm2_w80_u100_0029,2253,4020.284800,1775.817600,1393.838000,2230.671600,1748.872400,0.2501,0.0222,0.2418,0.1078
grid,targeted,targeted,1,0.1,global,9,storm2,100,0.75,0.25,302,c09_storm2_w80_u100_0020,2253,1970.798400,1531.499600,1483.052800,1805.723200,1463.360000,0.2473,0.0313,0.2494,0.0983
grid,targeted,targeted,1,0.1,global,9,storm2,100,0.75,0.25,302,c09_storm2_w80_u100_0021,2253,2264.009600,2023.197600,1971.832800,2217.445200,1915.654000,0.2453,0.0165,0.2502,0.0755
grid,targeted,targeted,1,0.1,global,9,storm2,100,0.75,0.25,302,c09_storm2_w80_u100_0022,2253,1037.825200,966.475200,943.385600,987.404800,939.771200,0.2475,0.0080,0.2502,0.0321
grid,targeted,targeted,1,0.1,global,9,storm2,100,0.75,0.25,302,c09_storm2_w80_u100_0023,2253,5139.423200,2852.098000,2455.561600,3876.339600,2568.925200,0.2500,0.0701,0.2501,0.1647
grid,targeted,targeted,1,0.1,global,9,storm2,100,0.75,0.25,302,c09_storm2_w80_u100_0024,2253,3391.733200,2074.795600,1671.604000,2317.194000,1674.124400,0.2505,0.0401,0.2502,0.0934
grid,targeted,targeted,1,0.1,global,9,storm2,100,0.75,0.25,302,c09_storm2_w80_u100_0025,2253,5774.884000,3438.160800,2693.900800,3581.575200,2947.426400,0.2499,0.0563,0.2499,0.1622
grid,targeted,targeted,1,0.1,global,9,storm2,100,0.75,0.25,302,c09_storm2_w80_u100_0026,2253,3948.285600,2152.016000,1935.640400,3328.996800,2014.081600,0.2406,0.0343,0.2503,0.1082
grid,targeted,targeted,1,0.1,global,9,storm2,100,0.75,0.25,302,c09_storm2_w80_u100_0027,2253,2795.221600,1934.125600,1847.675600,2275.049600,1839.876400,0.2465,0.0334,0.2489,0.0840
grid,targeted,targeted,1,0.1,global,9,storm2,100,0.75,0.25,302,c09_storm2_w80_u100_0028,2253,1959.486400,1556.789200,1501.540800,1812.686400,1493.002400,0.2429,0.0130,0.2498,0.0635
grid,targeted,targeted,1,0.1,global,9,storm2,100,0.75,0.25,302,c09_storm2_w80_u100_0029,2253,4020.284800,1950.453600,1393.838000,2058.041600,1520.631200,0.2490,0.0422,0.2485,0.1027
grid,stability,stability,1,0.1,global,9,storm2,100,0.75,0.25,310,c09_storm2_w80_u100_0020,2253,1970.798400,1585.829600,1483.052800,1781.286000,1448.300800,0.2503,0.0358,0.2464,0.0995
grid,stability,stability,1,0.1,global,9,storm2,100,0.75,0.25,310,c09_storm2_w80_u100_0021,2253,2264.009600,2071.898400,1971.832800,2261.960000,1982.409600,0.2500,0.0323,0.2502,0.0782
grid,stability,stability,1,0.1,global,9,storm2,100,0.75,0.25,310,c09_storm2_w80_u100_0022,2253,1037.825200,973.046800,943.385600,994.186800,947.624000,0.2460,0.0134,0.2416,0.0249
grid,stability,stability,1,0.1,global,9,storm2,100,0.75,0.25,310,c09_storm2_w80_u100_0023,2253,5139.423200,3257.115600,2455.561600,3673.156800,2994.022000,0.2420,0.1063,0.2485,0.1991
grid,stability,stability,1,0.1,global,9,storm2,100,0.75,0.25,310,c09_storm2_w80_u100_0024,2253,3391.733200,1907.407600,1671.604000,2264.580400,1847.548000,0.2356,0.0214,0.2419,0.1044
grid,stability,stability,1,0.1,global,9,storm2,100,0.75,0.25,310,c09_storm2_w80_u100_0025,2253,5774.884000,3753.574000,2693.900800,4815.551200,3168.660000,0.2418,0.0442,0.2431,0.1435
grid,stability,stability,1,0.1,global,9,storm2,100,0.75,0.25,310,c09_storm2_w80_u100_0026,2253,3948.285600,2007.310000,1935.640400,3372.832800,1955.700400,0.2497,0.0212,0.2503,0.0988
grid,stability,stability,1,0.1,global,9,storm2,100,0.75,0.25,310,c09_storm2_w80_u100_0027,2253,2795.221600,1928.658400,1847.675600,2357.563600,1897.202000,0.2386,0.0159,0.2483,0.0842
grid,stability,stability,1,0.1,global,9,storm2,100,0.75,0.25,310,c09_storm2_w80_u100_0028,2253,1959.486400,1521.754400,1501.540800,1870.462000,1503.582400,0.2503,0.0101,0.2502,0.0608
grid,stability,stability,1,0.1,global,9,storm2,100,0.75,0.25,310,c09_storm2_w80_u100_0029,2253,4020.284800,2227.478400,1393.838000,2641.522400,1974.630000,0.2381,0.0513,0.2429,0.1073
grid,targeted,targeted,1,0.1,global,9,storm2,100,0.75,0.25,301,c09_storm2_w80_u100_0020,2253,1970.798400,1528.513200,1483.052800,1805.723200,1459.614000,0.2473,0.0290,0.2494,0.0983
grid,targeted,targeted,1,0.1,global,9,storm2,100,0.75,0.25,301,c09_storm2_w80_u100_0021,2253,2264.009600,2013.273600,1971.832800,2217.445200,1924.508000,0.2481,0.0217,0.2502,0.0755
grid,targeted,targeted,1,0.1,global,9,storm2,100,0.75,0.25,301,c09_storm2_w80_u100_0022,2253,1037.825200,935.029200,943.385600,987.404800,917.733600,0.2474,0.0107,0.2502,0.0321
grid,targeted,targeted,1,0.1,global,9,storm2,100,0.75,0.25,301,c09_storm2_w80_u100_0023,2253,5139.423200,3241.920000,2455.561600,3876.339600,2728.264400,0.2481,0.0755,0.2501,0.1647
grid,targeted,targeted,1,0.1,global,9,storm2,100,0.75,0.25,301,c09_storm2_w80_u100_0024,2253,3391.733200,2330.418000,1671.604000,2317.194000,1739.318000,0.2503,0.0530,0.2502,0.0934
grid,targeted,targeted,1,0.1,global,9,storm2,100,0.75,0.25,301,c09_storm2_w80_u100_0025,2253,5774.884000,3699.185200,2693.900800,3581.575200,2863.474000,0.2503,0.0876,0.2499,0.1622
grid,targeted,targeted,1,0.1,global,9,storm2,100,0.75,0.25,301,c09_storm2_w80_u100_0026,2253,3948.285600,2247.015200,1935.640400,3328.996800,2076.450800,0.2422,0.0462,0.2503,0.1082
grid,targeted,targeted,1,0.1,global,9,storm2,100,0.75,0.25,301,c09_storm2_w80_u100_0027,2253,2795.221600,2081.340000,1847.675600,2275.049600,1863.772000,0.2489,0.0483,0.2489,0.0840
grid,targeted,targeted,1,0.1,global,9,storm2,100,0.75,0.25,301,c09_storm2_w80_u100_0028,2253,1959.486400,1528.352800,1501.540800,1812.686400,1501.944400,0.2462,0.0206,0.2498,0.0635
grid,targeted,targeted,1,0.1,global,9,storm2,100,0.75,0.25,301,c09_storm2_w80_u100_0029,2253,4020.284800,2173.706400,1393.838000,2058.041600,1700.541200,0.2485,0.0603,0.2485,0.1027
grid,stability,stability,1,0.1,global,9,storm2,100,0.75,0.25,307,c09_storm2_w80_u100_0020,2253,1970.798400,1636.084400,1483.052800,1836.403600,1476.786000,0.2493,0.0336,0.2440,0.0956
grid,stability,stability,1,0.1,global,9,storm2,100,0.75,0.25,307,c09_storm2_w80_u100_0021,2253,2264.009600,2002.190800,1971.832800,2232.450800,1963.975200,0.2505,0.0188,0.2502,0.0728
grid,stability,stability,1,0.1,global,9,storm2,100,0.75,0.25,307,c09_storm2_w80_u100_0022,2253,1037.825200,951.245600,943.385600,1002.902800,939.720400,0.2469,0.0080,0.2403,0.0195
grid,stability,stability,1,0.1,global,9,storm2,100,0.75,0.25,307,c09_storm2_w80_u100_0023,2253,5139.423200,3273.461200,2455.561600,3678.461600,3073.810800,0.2453,0.0690,0.2444,0.1976
grid,stability,stability,1,0.1,global,9,storm2,100,0.75,0.25,307,c09_storm2_w80_u100_0024,2253,3391.733200,2171.354000,1671.604000,1927.196400,1910.616000,0.2356,0.0430,0.2457,0.1183
grid,stability,stability,1,0.1,global,9,storm2,100,0.75,0.25,307,c09_storm2_w80_u100_0025,2253,5774.884000,3202.058000,2693.900800,4634.801600,2978.080400,0.2418,0.0209,0.2425,0.1439
grid,stability,stability,1,0.1,global,9,storm2,100,0.75,0.25,307,c09_storm2_w80_u100_0026,2253,3948.285600,2109.957200,1935.640400,2696.919600,1935.533600,0.2500,0.0212,0.2503,0.1294
grid,stability,stability,1,0.1,global,9,storm2,100,0.75,0.25,307,c09_storm2_w80_u100_0027,2253,2795.221600,2066.657600,1847.675600,2171.540400,1975.120400,0.2395,0.0238,0.2483,0.0969
grid,stability,stability,1,0.1,global,9,storm2,100,0.75,0.25,307,c09_storm2_w80_u100_0028,2253,1959.486400,1505.988000,1501.540800,1874.750000,1503.858000,0.2500,0.0025,0.2502,0.0684
grid,stability,stability,1,0.1,global,9,storm2,100,0.75,0.25,307,c09_storm2_w80_u100_0029,2253,4020.284800,2159.865600,1393.838000,2588.581600,1971.061600,0.2463,0.0293,0.2407,0.1060
grid,stability,stability,1,0.1,global,9,storm2,100,0.75,0.25,309,c09_storm2_w80_u100_0020,2253,1970.798400,1718.184000,1483.052800,1753.778000,1503.947200,0.2503,0.0644,0.2500,0.1100
grid,stability,stability,1,0.1,global,9,storm2,100,0.75,0.25,309,c09_storm2_w80_u100_0021,2253,2264.009600,2016.259200,1971.832800,2231.707200,1975.710800,0.2502,0.0296,0.2502,0.0701
grid,stability,stability,1,0.1,global,9,storm2,100,0.75,0.25,309,c09_storm2_w80_u100_0022,2253,1037.825200,929.966400,943.385600,984.184800,940.667200,0.2436,0.0136,0.2416,0.0249
grid,stability,stability,1,0.1,global,9,storm2,100,0.75,0.25,309,c09_storm2_w80_u100_0023,2253,5139.423200,2967.322800,2455.561600,3447.027200,2813.677600,0.2443,0.0742,0.2473,0.2167
grid,stability,stability,1,0.1,global,9,storm2,100,0.75,0.25,309,c09_storm2_w80_u100_0024,2253,3391.733200,2370.796000,1671.604000,2531.793200,1919.445200,0.2271,0.0278,0.2457,0.0951
grid,stability,stability,1,0.1,global,9,storm2,100,0.75,0.25,309,c09_storm2_w80_u100_0025,2253,5774.884000,2972.556800,2693.900800,4529.194400,2957.529600,0.2420,0.0233,0.2425,0.1508
grid,stability,stability,1,0.1,global,9,storm2,100,0.75,0.25,309,c09_storm2_w80_u100_0026,2253,3948.285600,2020.985200,1935.640400,3372.832800,1914.321600,0.2500,0.0471,0.2503,0.0988
grid,stability,stability,1,0.1,global,9,storm2,100,0.75,0.25,309,c09_storm2_w80_u100_0027,2253,2795.221600,2287.842000,1847.675600,2342.036800,1949.535600,0.2502,0.0329,0.2476,0.0844
grid,stability,stability,1,0.1,global,9,storm2,100,0.75,0.25,309,c09_storm2_w80_u100_0028,2253,1959.486400,1498.296400,1501.540800,1866.801600,1500.440400,0.2505,0.0101,0.2502,0.0633
grid,stability,stability,1,0.1,global,9,storm2,100,0.75,0.25,309,c09_storm2_w80_u100_0029,2253,4020.284800,2094.046000,1393.838000,2515.087600,1681.068000,0.2371,0.0328,0.2396,0.1134
grid,targeted,targeted,1,0.1,global,9,storm2,100,0.75,0.25,303,c09_storm2_w80_u100_0020,2253,1970.798400,1599.850800,1483.052800,1805.723200,1462.527200,0.2491,0.0504,0.2494,0.0983
grid,targeted,targeted,1,0.1,global,9,storm2,100,0.75,0.25,303,c09_storm2_w80_u100_0021,2253,2264.009600,2009.874000,1971.832800,2217.445200,1930.854400,0.2448,0.0247,0.2502,0.0755
grid,targeted,targeted,1,0.1,global,9,storm2,100,0.75,0.25,303,c09_storm2_w80_u100_0022,2253,1037.825200,985.690000,943.385600,987.404800,937.362400,0.2493,0.0133,0.2502,0.0321
grid,targeted,targeted,1,0.1,global,9,storm2,100,0.75,0.25,303,c09_storm2_w80_u100_0023,2253,5139.423200,3617.485200,2455.561600,3876.339600,2632.745200,0.2497,0.0937,0.2501,0.1647
grid,targeted,targeted,1,0.1,global,9,storm2,100,0.75,0.25,303,c09_storm2_w80_u100_0024,2253,3391.733200,2579.052400,1671.604000,2317.194000,1730.456000,0.2505,0.0785,0.2502,0.0934
grid,targeted,targeted,1,0.1,global,9,storm2,100,0.75,0.25,303,c09_storm2_w80_u100_0025,2253,5774.884000,4205.372000,2693.900800,3581.575200,2964.223200,0.2501,0.0831,0.2499,0.1622
grid,targeted,targeted,1,0.1,global,9,storm2,100,0.75,0.25,303,c09_storm2_w80_u100_0026,2253,3948.285600,2178.107200,1935.640400,3328.996800,1989.513600,0.2407,0.0538,0.2503,0.1082
grid,targeted,targeted,1,0.1,global,9,storm2,100,0.75,0.25,303,c09_storm2_w80_u100_0027,2253,2795.221600,2228.173600,1847.675600,2275.049600,1842.797200,0.2502,0.0709,0.2489,0.0840
grid,targeted,targeted,1,0.1,global,9,storm2,100,0.75,0.25,303,c09_storm2_w80_u100_0028,2253,1959.486400,1542.738000,1501.540800,1812.686400,1503.353200,0.2440,0.0234,0.2498,0.0635
grid,targeted,targeted,1,0.1,global,9,storm2,100,0.75,0.25,303,c09_storm2_w80_u100_0029,2253,4020.284800,2702.219600,1393.838000,2058.041600,1839.324400,0.2482,0.0692,0.2485,0.1027
grid,targeted,targeted,1,0.1,global,9,storm2,100,0.75,0.25,305,c09_storm2_w80_u100_0020,2253,1970.798400,1604.639600,1483.052800,1805.723200,1458.816000,0.2470,0.0387,0.2494,0.0983
grid,targeted,targeted,1,0.1,global,9,storm2,100,0.75,0.25,305,c09_storm2_w80_u100_0021,2253,2264.009600,2002.905200,1971.832800,2217.445200,1926.488800,0.2451,0.0110,0.2502,0.0755
grid,targeted,targeted,1,0.1,global,9,storm2,100,0.75,0.25,305,c09_storm2_w80_u100_0022,2253,1037.825200,966.850800,943.385600,987.404800,941.943200,0.2487,0.0133,0.2502,0.0321
grid,targeted,targeted,1,0.1,global,9,storm2,100,0.75,0.25,305,c09_storm2_w80_u100_0023,2253,5139.423200,2823.105200,2455.561600,3876.339600,2595.836400,0.2501,0.0629,0.2501,0.1647
grid,targeted,targeted,1,0.1,global,9,storm2,100,0.75,0.25,305,c09_storm2_w80_u100_0024,2253,3391.733200,2281.128400,1671.604000,2317.194000,1683.884400,0.2505,0.0504,0.2502,0.0934
grid,targeted,targeted,1,0.1,global,9,storm2,100,0.75,0.25,305,c09_storm2_w80_u100_0025,2253,5774.884000,3192.572400,2693.900800,3581.575200,2774.809600,0.2499,0.0608,0.2499,0.1622
grid,targeted,targeted,1,0.1,global,9,storm2,100,0.75,0.25,305,c09_storm2_w80_u100_0026,2253,3948.285600,2273.000000,1935.640400,3328.996800,2149.779600,0.2412,0.0463,0.2503,0.1082
grid,targeted,targeted,1,0.1,global,9,storm2,100,0.75,0.25,305,c09_storm2_w80_u100_0027,2253,2795.221600,2010.838000,1847.675600,2275.049600,1847.458800,0.2484,0.0332,0.2489,0.0840
grid,targeted,targeted,1,0.1,global,9,storm2,100,0.75,0.25,305,c09_storm2_w80_u100_0028,2253,1959.486400,1550.817200,1501.540800,1812.686400,1492.771200,0.2432,0.0156,0.2498,0.0635
grid,targeted,targeted,1,0.1,global,9,storm2,100,0.75,0.25,305,c09_storm2_w80_u100_0029,2253,4020.284800,2072.442800,1393.838000,2058.041600,1457.344800,0.2486,0.0557,0.2485,0.1027
grid,targeted,targeted,1,0.1,global,9,storm2,100,0.75,0.25,304,c09_storm2_w80_u100_0020,2253,1970.798400,1549.532800,1483.052800,1805.723200,1450.482000,0.2461,0.0363,0.2494,0.0983
grid,targeted,targeted,1,0.1,global,9,storm2,100,0.75,0.25,304,c09_storm2_w80_u100_0021,2253,2264.009600,2008.131200,1971.832800,2217.445200,1918.589600,0.2424,0.0222,0.2502,0.0755
grid,targeted,targeted,1,0.1,global,9,storm2,100,0.75,0.25,304,c09_storm2_w80_u100_0022,2253,1037.825200,1043.531600,943.385600,987.404800,968.212400,0.2490,0.0398,0.2502,0.0321
grid,targeted,targeted,1,0.1,global,9,storm2,100,0.75,0.25,304,c09_storm2_w80_u100_0023,2253,5139.423200,2904.686800,2455.561600,3876.339600,2541.599200,0.2500,0.0771,0.2501,0.1647
grid,targeted,targeted,1,0.1,global,9,storm2,100,0.75,0.25,304,c09_storm2_w80_u100_0024,2253,3391.733200,2149.406800,1671.604000,2317.194000,1731.635600,0.2500,0.0554,0.2502,0.0934
grid,targeted,targeted,1,0.1,global,9,storm2,100,0.75,0.25,304,c09_storm2_w80_u100_0025,2253,5774.884000,3548.282400,2693.900800,3581.575200,2859.023200,0.2501,0.0674,0.2499,0.1622
grid,targeted,targeted,1,0.1,global,9,storm2,100,0.75,0.25,304,c09_storm2_w80_u100_0026,2253,3948.285600,2129.508000,1935.640400,3328.996800,1991.826800,0.2397,0.0441,0.2503,0.1082
grid,targeted,targeted,1,0.1,global,9,storm2,100,0.75,0.25,304,c09_storm2_w80_u100_0027,2253,2795.221600,2014.597600,1847.675600,2275.049600,1896.348400,0.2475,0.0357,0.2489,0.0840
grid,targeted,targeted,1,0.1,global,9,storm2,100,0.75,0.25,304,c09_storm2_w80_u100_0028,2253,1959.486400,1561.926000,1501.540800,1812.686400,1512.078000,0.2426,0.0208,0.2498,0.0635
grid,targeted,targeted,1,0.1,global,9,storm2,100,0.75,0.25,304,c09_storm2_w80_u100_0029,2253,4020.284800,2079.900800,1393.838000,2058.041600,1669.316000,0.2493,0.0622,0.2485,0.1027
grid,targeted,targeted,1,0.1,global,9,storm2,100,0.75,0.25,309,c09_storm2_w80_u100_0020,2253,1970.798400,1604.276800,1483.052800,1805.723200,1472.314400,0.2485,0.0409,0.2494,0.0983
grid,targeted,targeted,1,0.1,global,9,storm2,100,0.75,0.25,309,c09_storm2_w80_u100_0021,2253,2264.009600,2041.209200,1971.832800,2217.445200,1976.942000,0.2498,0.0458,0.2502,0.0755
grid,targeted,targeted,1,0.1,global,9,storm2,100,0.75,0.25,309,c09_storm2_w80_u100_0022,2253,1037.825200,947.481600,943.385600,987.404800,915.913600,0.2472,0.0240,0.2502,0.0321
grid,targeted,targeted,1,0.1,global,9,storm2,100,0.75,0.25,309,c09_storm2_w80_u100_0023,2253,5139.423200,2972.439600,2455.561600,3876.339600,2514.896800,0.2491,0.0962,0.2501,0.1647
grid,targeted,targeted,1,0.1,global,9,storm2,100,0.75,0.25,309,c09_storm2_w80_u100_0024,2253,3391.733200,2142.552000,1671.604000,2317.194000,1677.134800,0.2503,0.0630,0.2502,0.0934
grid,targeted,targeted,1,0.1,global,9,storm2,100,0.75,0.25,309,c09_storm2_w80_u100_0025,2253,5774.884000,3725.436800,2693.900800,3581.575200,2826.818800,0.2499,0.0923,0.2499,0.1622
grid,targeted,targeted,1,0.1,global,9,storm2,100,0.75,0.25,309,c09_storm2_w80_u100_0026,2253,3948.285600,2404.698800,1935.640400,3328.996800,1971.216800,0.2400,0.0419,0.2503,0.1082
grid,targeted,targeted,1,0.1,global,9,storm2,100,0.75,0.25,309,c09_storm2_w80_u100_0027,2253,2795.221600,2111.189200,1847.675600,2275.049600,1901.250800,0.2475,0.0459,0.2489,0.0840
grid,targeted,targeted,1,0.1,global,9,storm2,100,0.75,0.25,309,c09_storm2_w80_u100_0028,2253,1959.486400,1605.518800,1501.540800,1812.686400,1510.965600,0.2486,0.0383,0.2498,0.0635
grid,targeted,targeted,1,0.1,global,9,storm2,100,0.75,0.25,309,c09_storm2_w80_u100_0029,2253,4020.284800,2166.122000,1393.838000,2058.041600,1584.371200,0.2493,0.0578,0.2485,0.1027
grid,targeted,targeted,1,0.1,global,9,storm2,100,0.75,0.25,306,c09_storm2_w80_u100_0020,2253,1970.798400,1566.576400,1483.052800,1805.723200,1441.298400,0.2473,0.0290,0.2494,0.0983
grid,targeted,targeted,1,0.1,global,9,storm2,100,0.75,0.25,306,c09_storm2_w80_u100_0021,2253,2264.009600,2009.086800,1971.832800,2217.445200,1940.415200,0.2399,0.0112,0.2502,0.0755
grid,targeted,targeted,1,0.1,global,9,storm2,100,0.75,0.25,306,c09_storm2_w80_u100_0022,2253,1037.825200,946.315600,943.385600,987.404800,913.557200,0.2479,0.0133,0.2502,0.0321
grid,targeted,targeted,1,0.1,global,9,storm2,100,0.75,0.25,306,c09_storm2_w80_u100_0023,2253,5139.423200,2732.443600,2455.561600,3876.339600,2608.354400,0.2503,0.0514,0.2501,0.1647
grid,targeted,targeted,1,0.1,global,9,storm2,100,0.75,0.25,306,c09_storm2_w80_u100_0024,2253,3391.733200,2077.110800,1671.604000,2317.194000,1683.986800,0.2500,0.0481,0.2502,0.0934
grid,targeted,targeted,1,0.1,global,9,storm2,100,0.75,0.25,306,c09_storm2_w80_u100_0025,2253,5774.884000,3119.751200,2693.900800,3581.575200,2809.227200,0.2503,0.0674,0.2499,0.1622
grid,targeted,targeted,1,0.1,global,9,storm2,100,0.75,0.25,306,c09_storm2_w80_u100_0026,2253,3948.285600,2163.906800,1935.640400,3328.996800,2026.946800,0.2398,0.0442,0.2503,0.1082
grid,targeted,targeted,1,0.1,global,9,storm2,100,0.75,0.25,306,c09_storm2_w80_u100_0027,2253,2795.221600,1960.068400,1847.675600,2275.049600,1816.802800,0.2487,0.0279,0.2489,0.0840
grid,targeted,targeted,1,0.1,global,9,storm2,100,0.75,0.25,306,c09_storm2_w80_u100_0028,2253,1959.486400,1523.939200,1501.540800,1812.686400,1501.575600,0.2400,0.0185,0.2498,0.0635
grid,targeted,targeted,1,0.1,global,9,storm2,100,0.75,0.25,306,c09_storm2_w80_u100_0029,2253,4020.284800,1966.696800,1393.838000,2058.041600,1569.916800,0.2492,0.0556,0.2485,0.1027
grid,targeted,targeted,1,0.1,global,9,storm2,100,0.75,0.25,308,c09_storm2_w80_u100_0020,2253,1970.798400,1586.334000,1483.052800,1805.723200,1462.972400,0.2473,0.0362,0.2494,0.0983
grid,targeted,targeted,1,0.1,global,9,storm2,100,0.75,0.25,308,c09_storm2_w80_u100_0021,2253,2264.009600,2032.502400,1971.832800,2217.445200,1947.095200,0.2465,0.0301,0.2502,0.0755
grid,targeted,targeted,1,0.1,global,9,storm2,100,0.75,0.25,308,c09_storm2_w80_u100_0022,2253,1037.825200,942.300000,943.385600,987.404800,908.575200,0.2488,0.0160,0.2502,0.0321
grid,targeted,targeted,1,0.1,global,9,storm2,100,0.75,0.25,308,c09_storm2_w80_u100_0023,2253,5139.423200,3050.742000,2455.561600,3876.339600,2689.304400,0.2491,0.0800,0.2501,0.1647
grid,targeted,targeted,1,0.1,global,9,storm2,100,0.75,0.25,308,c09_storm2_w80_u100_0024,2253,3391.733200,2244.509600,1671.604000,2317.194000,1715.679200,0.2503,0.0479,0.2502,0.0934
grid,targeted,targeted,1,0.1,global,9,storm2,100,0.75,0.25,308,c09_storm2_w80_u100_0025,2253,5774.884000,3545.755600,2693.900800,3581.575200,2921.242800,0.2503,0.0809,0.2499,0.1622
grid,targeted,targeted,1,0.1,global,9,storm2,100,0.75,0.25,308,c09_storm2_w80_u100_0026,2253,3948.285600,2220.098800,1935.640400,3328.996800,2016.274000,0.2401,0.0320,0.2503,0.1082
grid,targeted,targeted,1,0.1,global,9,storm2,100,0.75,0.25,308,c09_storm2_w80_u100_0027,2253,2795.221600,2216.038800,1847.675600,2275.049600,1877.850800,0.2502,0.0354,0.2489,0.0840
grid,targeted,targeted,1,0.1,global,9,storm2,100,0.75,0.25,308,c09_storm2_w80_u100_0028,2253,1959.486400,1551.308800,1501.540800,1812.686400,1518.952800,0.2445,0.0285,0.2498,0.0635
grid,targeted,targeted,1,0.1,global,9,storm2,100,0.75,0.25,308,c09_storm2_w80_u100_0029,2253,4020.284800,2084.735600,1393.838000,2058.041600,1524.681600,0.2486,0.0536,0.2485,0.1027
grid,targeted,targeted,1,0.1,global,9,storm2,100,0.75,0.25,307,c09_storm2_w80_u100_0020,2253,1970.798400,1622.251600,1483.052800,1805.723200,1475.171600,0.2494,0.0552,0.2494,0.0983
grid,targeted,targeted,1,0.1,global,9,storm2,100,0.75,0.25,307,c09_storm2_w80_u100_0021,2253,2264.009600,1980.942800,1971.832800,2217.445200,1927.613600,0.2424,0.0361,0.2502,0.0755
grid,targeted,targeted,1,0.1,global,9,storm2,100,0.75,0.25,307,c09_storm2_w80_u100_0022,2253,1037.825200,1020.233600,943.385600,987.404800,1005.978800,0.2493,0.0185,0.2502,0.0321
grid,targeted,targeted,1,0.1,global,9,storm2,100,0.75,0.25,307,c09_storm2_w80_u100_0023,2253,5139.423200,3347.177200,2455.561600,3876.339600,2647.876800,0.2496,0.0632,0.2501,0.1647
grid,targeted,targeted,1,0.1,global,9,storm2,100,0.75,0.25,307,c09_storm2_w80_u100_0024,2253,3391.733200,2391.805600,1671.604000,2317.194000,1707.451200,0.2503,0.0528,0.2502,0.0934
grid,targeted,targeted,1,0.1,global,9,storm2,100,0.75,0.25,307,c09_storm2_w80_u100_0025,2253,5774.884000,4002.336400,2693.900800,3581.575200,2838.334000,0.2499,0.0698,0.2499,0.1622
grid,targeted,targeted,1,0.1,global,9,storm2,100,0.75,0.25,307,c09_storm2_w80_u100_0026,2253,3948.285600,2260.746800,1935.640400,3328.996800,2027.154800,0.2419,0.0512,0.2503,0.1082
grid,targeted,targeted,1,0.1,global,9,storm2,100,0.75,0.25,307,c09_storm2_w80_u100_0027,2253,2795.221600,2308.402400,1847.675600,2275.049600,1837.868800,0.2490,0.0560,0.2489,0.0840
grid,targeted,targeted,1,0.1,global,9,storm2,100,0.75,0.25,307,c09_storm2_w80_u100_0028,2253,1959.486400,1553.349200,1501.540800,1812.686400,1497.948000,0.2454,0.0206,0.2498,0.0635
grid,targeted,targeted,1,0.1,global,9,storm2,100,0.75,0.25,307,c09_storm2_w80_u100_0029,2253,4020.284800,2696.587200,1393.838000,2058.041600,1553.336400,0.2486,0.0536,0.2485,0.1027
grid,targeted,targeted,1,0.1,global,9,storm2,100,0.75,0.25,310,c09_storm2_w80_u100_0020,2253,1970.798400,1488.248400,1483.052800,1805.723200,1453.378400,0.2473,0.0337,0.2494,0.0983
grid,targeted,targeted,1,0.1,global,9,storm2,100,0.75,0.25,310,c09_storm2_w80_u100_0021,2253,2264.009600,1950.942400,1971.832800,2217.445200,1925.496400,0.2470,0.0082,0.2502,0.0755
grid,targeted,targeted,1,0.1,global,9,storm2,100,0.75,0.25,310,c09_storm2_w80_u100_0022,2253,1037.825200,925.375200,943.385600,987.404800,931.152000,0.2454,0.0108,0.2502,0.0321
grid,targeted,targeted,1,0.1,global,9,storm2,100,0.75,0.25,310,c09_storm2_w80_u100_0023,2253,5139.423200,3001.291600,2455.561600,3876.339600,2554.707200,0.2490,0.0751,0.2501,0.1647
grid,targeted,targeted,1,0.1,global,9,storm2,100,0.75,0.25,310,c09_storm2_w80_u100_0024,2253,3391.733200,2097.301600,1671.604000,2317.194000,1644.431600,0.2502,0.0551,0.2502,0.0934
grid,targeted,targeted,1,0.1,global,9,storm2,100,0.75,0.25,310,c09_storm2_w80_u100_0025,2253,5774.884000,3528.621600,2693.900800,3581.575200,2807.668000,0.2501,0.0719,0.2499,0.1622
grid,targeted,targeted,1,0.1,global,9,storm2,100,0.75,0.25,310,c09_storm2_w80_u100_0026,2253,3948.285600,2171.087200,1935.640400,3328.996800,2056.312000,0.2437,0.0386,0.2503,0.1082
grid,targeted,targeted,1,0.1,global,9,storm2,100,0.75,0.25,310,c09_storm2_w80_u100_0027,2253,2795.221600,1933.503200,1847.675600,2275.049600,1842.627200,0.2491,0.0254,0.2489,0.0840
grid,targeted,targeted,1,0.1,global,9,storm2,100,0.75,0.25,310,c09_storm2_w80_u100_0028,2253,1959.486400,1529.585200,1501.540800,1812.686400,1500.178400,0.2462,0.0181,0.2498,0.0635
grid,targeted,targeted,1,0.1,global,9,storm2,100,0.75,0.25,310,c09_storm2_w80_u100_0029,2253,4020.284800,2001.142800,1393.838000,2058.041600,1652.672000,0.2485,0.0402,0.2485,0.1027
grid,stability,stability,1,0.1,global,9,storm2,100,0.75,0.5,301,c09_storm2_w80_u100_0020,2253,1970.798400,1583.920400,1483.052800,1771.033600,1441.377200,0.4994,0.0251,0.5000,0.0622
grid,stability,stability,1,0.1,global,9,storm2,100,0.75,0.5,301,c09_storm2_w80_u100_0021,2253,2264.009600,2002.706800,1971.832800,2138.308800,1913.781600,0.5003,0.0256,0.5003,0.0606
grid,stability,stability,1,0.1,global,9,storm2,100,0.75,0.5,301,c09_storm2_w80_u100_0022,2253,1037.825200,995.110000,943.385600,986.323200,921.547200,0.4980,0.0212,0.4967,0.0189
grid,stability,stability,1,0.1,global,9,storm2,100,0.75,0.5,301,c09_storm2_w80_u100_0023,2253,5139.423200,3137.777200,2455.561600,3167.962800,2565.338400,0.4898,0.0741,0.4950,0.1165
grid,stability,stability,1,0.1,global,9,storm2,100,0.75,0.5,301,c09_storm2_w80_u100_0024,2253,3391.733200,2433.986400,1671.604000,1860.933200,1713.890400,0.4814,0.0328,0.4915,0.0668
grid,stability,stability,1,0.1,global,9,storm2,100,0.75,0.5,301,c09_storm2_w80_u100_0025,2253,5774.884000,3562.985200,2693.900800,3464.511200,2769.483200,0.4843,0.0430,0.4862,0.0914
grid,stability,stability,1,0.1,global,9,storm2,100,0.75,0.5,301,c09_storm2_w80_u100_0026,2253,3948.285600,2182.080400,1935.640400,2131.246800,1952.162800,0.4994,0.0200,0.5000,0.1095
grid,stability,stability,1,0.1,global,9,storm2,100,0.75,0.5,301,c09_storm2_w80_u100_0027,2253,2795.221600,2046.531200,1847.675600,2164.780000,1884.254000,0.4972,0.0140,0.4965,0.0574
grid,stability,stability,1,0.1,global,9,storm2,100,0.75,0.5,301,c09_storm2_w80_u100_0028,2253,1959.486400,1638.442800,1501.540800,1843.104800,1516.866000,0.4997,0.0140,0.4997,0.0482
grid,stability,stability,1,0.1,global,9,storm2,100,0.75,0.5,301,c09_storm2_w80_u100_0029,2253,4020.284800,2095.577600,1393.838000,1616.938400,1521.348800,0.4881,0.0443,0.4903,0.0701
grid,stability,stability,1,0.1,global,9,storm2,100,0.75,0.5,303,c09_storm2_w80_u100_0020,2253,1970.798400,1607.185200,1483.052800,1691.027600,1480.522400,0.5000,0.0407,0.5000,0.0837
grid,stability,stability,1,0.1,global,9,storm2,100,0.75,0.5,303,c09_storm2_w80_u100_0021,2253,2264.009600,2026.083200,1971.832800,2097.706400,1915.002400,0.5003,0.0256,0.5003,0.0593
grid,stability,stability,1,0.1,global,9,storm2,100,0.75,0.5,303,c09_storm2_w80_u100_0022,2253,1037.825200,971.277200,943.385600,981.760800,944.228400,0.4983,0.0053,0.4953,0.0244
grid,stability,stability,1,0.1,global,9,storm2,100,0.75,0.5,303,c09_storm2_w80_u100_0023,2253,5139.423200,3187.659200,2455.561600,3239.080400,2639.500400,0.4856,0.0786,0.4950,0.1141
grid,stability,stability,1,0.1,global,9,storm2,100,0.75,0.5,303,c09_storm2_w80_u100_0024,2253,3391.733200,2329.734000,1671.604000,1860.933200,1682.988800,0.4757,0.0292,0.4915,0.0694
grid,stability,stability,1,0.1,global,9,storm2,100,0.75,0.5,303,c09_storm2_w80_u100_0025,2253,5774.884000,3484.649600,2693.900800,3464.965200,2767.415600,0.4865,0.0451,0.4862,0.0926
grid,stability,stability,1,0.1,global,9,storm2,100,0.75,0.5,303,c09_storm2_w80_u100_0026,2253,3948.285600,2286.773200,1935.640400,2255.200800,2017.676800,0.4994,0.0365,0.5000,0.1025
grid,stability,stability,1,0.1,global,9,storm2,100,0.75,0.5,303,c09_storm2_w80_u100_0027,2253,2795.221600,2061.994400,1847.675600,2165.526400,1843.842800,0.4965,0.0319,0.4959,0.0562
grid,stability,stability,1,0.1,global,9,storm2,100,0.75,0.5,303,c09_storm2_w80_u100_0028,2253,1959.486400,1576.429200,1501.540800,1820.246800,1490.183600,0.5000,0.0139,0.5003,0.0456
grid,stability,stability,1,0.1,global,9,storm2,100,0.75,0.5,303,c09_storm2_w80_u100_0029,2253,4020.284800,2180.035600,1393.838000,1630.493200,1526.807200,0.4842,0.0401,0.4875,0.0683
grid,stability,stability,1,0.1,global,9,storm2,100,0.75,0.5,302,c09_storm2_w80_u100_0020,2253,1970.798400,1749.104800,1483.052800,1685.605200,1505.232800,0.5000,0.0335,0.5000,0.0754
grid,stability,stability,1,0.1,global,9,storm2,100,0.75,0.5,302,c09_storm2_w80_u100_0021,2253,2264.009600,2027.187200,1971.832800,2138.308800,1921.564800,0.5003,0.0148,0.5003,0.0606
grid,stability,stability,1,0.1,global,9,storm2,100,0.75,0.5,302,c09_storm2_w80_u100_0022,2253,1037.825200,1021.397600,943.385600,993.248000,961.887600,0.4947,0.0094,0.4946,0.0230
grid,stability,stability,1,0.1,global,9,storm2,100,0.75,0.5,302,c09_storm2_w80_u100_0023,2253,5139.423200,3102.034400,2455.561600,3207.240000,2541.687600,0.4877,0.0540,0.4950,0.1094
grid,stability,stability,1,0.1,global,9,storm2,100,0.75,0.5,302,c09_storm2_w80_u100_0024,2253,3391.733200,2623.158800,1671.604000,1860.933200,1758.373200,0.4789,0.0303,0.4915,0.0668
grid,stability,stability,1,0.1,global,9,storm2,100,0.75,0.5,302,c09_storm2_w80_u100_0025,2253,5774.884000,3326.531600,2693.900800,3464.486000,2717.803600,0.4840,0.0407,0.4851,0.0928
grid,stability,stability,1,0.1,global,9,storm2,100,0.75,0.5,302,c09_storm2_w80_u100_0026,2253,3948.285600,2150.253600,1935.640400,2330.603600,1934.592000,0.4994,0.0189,0.5000,0.1048
grid,stability,stability,1,0.1,global,9,storm2,100,0.75,0.5,302,c09_storm2_w80_u100_0027,2253,2795.221600,2163.405600,1847.675600,2165.526400,1883.625200,0.4972,0.0229,0.4959,0.0562
grid,stability,stability,1,0.1,global,9,storm2,100,0.75,0.5,302,c09_storm2_w80_u100_0028,2253,1959.486400,1639.044800,1501.540800,1820.246800,1503.903600,0.5000,0.0177,0.5003,0.0456
grid,stability,stability,1,0.1,global,9,storm2,100,0.75,0.5,302,c09_storm2_w80_u100_0029,2253,4020.284800,2110.550800,1393.838000,1641.202800,1433.023600,0.4886,0.0386,0.4892,0.0703
grid,stability,stability,1,0.1,global,9,storm2,100,0.75,0.5,305,c09_storm2_w80_u100_0020,2253,1970.798400,1680.584800,1483.052800,1658.568000,1473.732400,0.4997,0.0514,0.5000,0.0813
grid,stability,stability,1,0.1,global,9,storm2,100,0.75,0.5,305,c09_storm2_w80_u100_0021,2253,2264.009600,2046.812800,1971.832800,2146.583600,1928.731200,0.5000,0.0243,0.5003,0.0606
grid,stability,stability,1,0.1,global,9,storm2,100,0.75,0.5,305,c09_storm2_w80_u100_0022,2253,1037.825200,996.630000,943.385600,981.760800,927.220000,0.4960,0.0093,0.4953,0.0244
grid,stability,stability,1,0.1,global,9,storm2,100,0.75,0.5,305,c09_storm2_w80_u100_0023,2253,5139.423200,3492.082000,2455.561600,3241.649200,3106.294000,0.4819,0.0800,0.4950,0.1141
grid,stability,stability,1,0.1,global,9,storm2,100,0.75,0.5,305,c09_storm2_w80_u100_0024,2253,3391.733200,2242.506000,1671.604000,1860.933200,1698.848000,0.4776,0.0251,0.4915,0.0681
grid,stability,stability,1,0.1,global,9,storm2,100,0.75,0.5,305,c09_storm2_w80_u100_0025,2253,5774.884000,3198.940400,2693.900800,3277.421600,2752.420800,0.4862,0.0358,0.4885,0.0933
grid,stability,stability,1,0.1,global,9,storm2,100,0.75,0.5,305,c09_storm2_w80_u100_0026,2253,3948.285600,3301.302000,1935.640400,2454.444800,2032.884000,0.4994,0.0400,0.5000,0.1013
grid,stability,stability,1,0.1,global,9,storm2,100,0.75,0.5,305,c09_storm2_w80_u100_0027,2253,2795.221600,2167.592400,1847.675600,2164.780000,1850.134400,0.4972,0.0280,0.4959,0.0575
grid,stability,stability,1,0.1,global,9,storm2,100,0.75,0.5,305,c09_storm2_w80_u100_0028,2253,1959.486400,1629.484800,1501.540800,1820.246800,1524.147200,0.4908,0.0284,0.5003,0.0468
grid,stability,stability,1,0.1,global,9,storm2,100,0.75,0.5,305,c09_storm2_w80_u100_0029,2253,4020.284800,2044.552000,1393.838000,1656.282000,1471.892000,0.4786,0.0324,0.4920,0.0710
grid,stability,stability,1,0.1,global,9,storm2,100,0.75,0.5,304,c09_storm2_w80_u100_0020,2253,1970.798400,1629.249600,1483.052800,1691.180000,1485.370800,0.4979,0.0456,0.5000,0.0849
grid,stability,stability,1,0.1,global,9,storm2,100,0.75,0.5,304,c09_storm2_w80_u100_0021,2253,2264.009600,2010.367200,1971.832800,2095.864000,1928.567600,0.4990,0.0135,0.5003,0.0606
grid,stability,stability,1,0.1,global,9,storm2,100,0.75,0.5,304,c09_storm2_w80_u100_0022,2253,1037.825200,1002.021600,943.385600,983.925200,950.342400,0.4964,0.0120,0.4953,0.0244
grid,stability,stability,1,0.1,global,9,storm2,100,0.75,0.5,304,c09_storm2_w80_u100_0023,2253,5139.423200,3353.439200,2455.561600,3187.144400,2769.561600,0.4909,0.0550,0.4932,0.1169
grid,stability,stability,1,0.1,global,9,storm2,100,0.75,0.5,304,c09_storm2_w80_u100_0024,2253,3391.733200,2355.369600,1671.604000,1860.933200,1766.066000,0.4782,0.0344,0.4915,0.0694
grid,stability,stability,1,0.1,global,9,storm2,100,0.75,0.5,304,c09_storm2_w80_u100_0025,2253,5774.884000,3901.162800,2693.900800,3368.993600,2811.786000,0.4848,0.0464,0.4879,0.0923
grid,stability,stability,1,0.1,global,9,storm2,100,0.75,0.5,304,c09_storm2_w80_u100_0026,2253,3948.285600,2172.038800,1935.640400,2151.314400,1987.764800,0.4994,0.0200,0.5000,0.1037
grid,stability,stability,1,0.1,global,9,storm2,100,0.75,0.5,304,c09_storm2_w80_u100_0027,2253,2795.221600,2180.373600,1847.675600,2165.526400,1880.558000,0.4972,0.0280,0.4959,0.0562
grid,stability,stability,1,0.1,global,9,storm2,100,0.75,0.5,304,c09_storm2_w80_u100_0028,2253,1959.486400,1582.478400,1501.540800,1843.104800,1500.600400,0.5003,0.0241,0.5003,0.0481
grid,stability,stability,1,0.1,global,9,storm2,100,0.75,0.5,304,c09_storm2_w80_u100_0029,2253,4020.284800,2475.444400,1393.838000,1611.408800,1404.858400,0.4920,0.0462,0.4897,0.0747
grid,stability,stability,1,0.1,global,9,storm2,100,0.75,0.5,308,c09_storm2_w80_u100_0020,2253,1970.798400,1690.264800,1483.052800,1724.614000,1490.396400,0.4988,0.0264,0.5000,0.0658
grid,stability,stability,1,0.1,global,9,storm2,100,0.75,0.5,308,c09_storm2_w80_u100_0021,2253,2264.009600,2054.616000,1971.832800,2095.678000,1940.008000,0.5003,0.0135,0.5003,0.0606
grid,stability,stability,1,0.1,global,9,storm2,100,0.75,0.5,308,c09_storm2_w80_u100_0022,2253,1037.825200,976.907600,943.385600,993.248000,912.944800,0.4974,0.0146,0.4940,0.0231
grid,stability,stability,1,0.1,global,9,storm2,100,0.75,0.5,308,c09_storm2_w80_u100_0023,2253,5139.423200,3380.153200,2455.561600,3244.591200,2610.072800,0.4844,0.0667,0.4932,0.1122
grid,stability,stability,1,0.1,global,9,storm2,100,0.75,0.5,308,c09_storm2_w80_u100_0024,2253,3391.733200,2395.399200,1671.604000,1860.933200,1740.635600,0.4820,0.0327,0.4915,0.0668
grid,stability,stability,1,0.1,global,9,storm2,100,0.75,0.5,308,c09_storm2_w80_u100_0025,2253,5774.884000,3517.932400,2693.900800,3358.663600,2829.449200,0.4837,0.0407,0.4868,0.0960
grid,stability,stability,1,0.1,global,9,storm2,100,0.75,0.5,308,c09_storm2_w80_u100_0026,2253,3948.285600,2260.774000,1935.640400,2298.636400,2001.787200,0.4991,0.0247,0.5000,0.1048
grid,stability,stability,1,0.1,global,9,storm2,100,0.75,0.5,308,c09_storm2_w80_u100_0027,2253,2795.221600,2211.498400,1847.675600,2164.780000,1839.380800,0.4968,0.0204,0.4959,0.0575
grid,stability,stability,1,0.1,global,9,storm2,100,0.75,0.5,308,c09_storm2_w80_u100_0028,2253,1959.486400,1610.189200,1501.540800,1820.246800,1512.755600,0.4991,0.0152,0.4997,0.0456
grid,stability,stability,1,0.1,global,9,storm2,100,0.75,0.5,308,c09_storm2_w80_u100_0029,2253,4020.284800,2241.351600,1393.838000,1637.164800,1426.144000,0.4878,0.0330,0.4842,0.0653
grid,stability,stability,1,0.1,global,9,storm2,100,0.75,0.5,306,c09_storm2_w80_u100_0020,2253,1970.798400,1693.282000,1483.052800,1674.564400,1506.029600,0.4988,0.0503,0.5000,0.0742
grid,stability,stability,1,0.1,global,9,storm2,100,0.75,0.5,306,c09_storm2_w80_u100_0021,2253,2264.009600,2017.636000,1971.832800,2138.308800,1923.633600,0.5003,0.0121,0.5003,0.0606
grid,stability,stability,1,0.1,global,9,storm2,100,0.75,0.5,306,c09_storm2_w80_u100_0022,2253,1037.825200,1027.661600,943.385600,981.760800,935.720000,0.4944,0.0147,0.4946,0.0257
grid,stability,stability,1,0.1,global,9,storm2,100,0.75,0.5,306,c09_storm2_w80_u100_0023,2253,5139.423200,3143.172400,2455.561600,3246.610800,2529.516800,0.4847,0.0717,0.4950,0.1046
grid,stability,stability,1,0.1,global,9,storm2,100,0.75,0.5,306,c09_storm2_w80_u100_0024,2253,3391.733200,2552.330800,1671.604000,1860.933200,1689.361600,0.4813,0.0277,0.4915,0.0681
grid,stability,stability,1,0.1,global,9,storm2,100,0.75,0.5,306,c09_storm2_w80_u100_0025,2253,5774.884000,3580.852000,2693.900800,3416.513600,2775.001600,0.4862,0.0451,0.4856,0.0904
grid,stability,stability,1,0.1,global,9,storm2,100,0.75,0.5,306,c09_storm2_w80_u100_0026,2253,3948.285600,2201.193200,1935.640400,2242.662400,1920.176400,0.4991,0.0542,0.5000,0.1001
grid,stability,stability,1,0.1,global,9,storm2,100,0.75,0.5,306,c09_storm2_w80_u100_0027,2253,2795.221600,2275.001200,1847.675600,2164.780000,1829.726000,0.4972,0.0242,0.4959,0.0575
grid,stability,stability,1,0.1,global,9,storm2,100,0.75,0.5,306,c09_storm2_w80_u100_0028,2253,1959.486400,1656.849200,1501.540800,1807.685600,1503.664800,0.5000,0.0139,0.5003,0.0494
grid,stability,stability,1,0.1,global,9,storm2,100,0.75,0.5,306,c09_storm2_w80_u100_0029,2253,4020.284800,2349.471200,1393.838000,1657.731600,1428.159200,0.4809,0.0381,0.4903,0.0701
grid,stability,stability,1,0.1,global,9,storm2,100,0.75,0.5,307,c09_storm2_w80_u100_0020,2253,1970.798400,1578.091600,1483.052800,1656.445600,1459.912800,0.4970,0.0288,0.5000,0.0825
grid,stability,stability,1,0.1,global,9,storm2,100,0.75,0.5,307,c09_storm2_w80_u100_0021,2253,2264.009600,2029.872000,1971.832800,2135.229600,1929.190400,0.5003,0.0175,0.5003,0.0593
grid,stability,stability,1,0.1,global,9,storm2,100,0.75,0.5,307,c09_storm2_w80_u100_0022,2253,1037.825200,1003.344800,943.385600,981.760800,946.780800,0.4937,0.0147,0.4946,0.0244
grid,stability,stability,1,0.1,global,9,storm2,100,0.75,0.5,307,c09_storm2_w80_u100_0023,2253,5139.423200,3176.274800,2455.561600,3153.456800,2602.321600,0.4818,0.0693,0.4944,0.1167
grid,stability,stability,1,0.1,global,9,storm2,100,0.75,0.5,307,c09_storm2_w80_u100_0024,2253,3391.733200,2352.436000,1671.604000,1860.933200,1680.732000,0.4722,0.0335,0.4915,0.0681
grid,stability,stability,1,0.1,global,9,storm2,100,0.75,0.5,307,c09_storm2_w80_u100_0025,2253,5774.884000,3444.160800,2693.900800,3307.313600,2735.462000,0.4876,0.0415,0.4862,0.0961
grid,stability,stability,1,0.1,global,9,storm2,100,0.75,0.5,307,c09_storm2_w80_u100_0026,2253,3948.285600,2074.317600,1935.640400,2156.813200,1957.748000,0.4994,0.0212,0.5000,0.1025
grid,stability,stability,1,0.1,global,9,storm2,100,0.75,0.5,307,c09_storm2_w80_u100_0027,2253,2795.221600,2023.958400,1847.675600,2164.780000,1866.558000,0.4839,0.0196,0.4959,0.0575
grid,stability,stability,1,0.1,global,9,storm2,100,0.75,0.5,307,c09_storm2_w80_u100_0028,2253,1959.486400,1576.519600,1501.540800,1843.104800,1494.222000,0.4997,0.0102,0.5003,0.0481
grid,stability,stability,1,0.1,global,9,storm2,100,0.75,0.5,307,c09_storm2_w80_u100_0029,2253,4020.284800,2187.505200,1393.838000,1541.174800,1567.513200,0.4878,0.0432,0.4864,0.0775
grid,stability,stability,1,0.1,global,9,storm2,100,0.75,0.5,309,c09_storm2_w80_u100_0020,2253,1970.798400,1615.446800,1483.052800,1697.472400,1476.234000,0.4997,0.0191,0.5000,0.0682
grid,stability,stability,1,0.1,global,9,storm2,100,0.75,0.5,309,c09_storm2_w80_u100_0021,2253,2264.009600,2053.570800,1971.832800,2097.693200,1958.130000,0.5000,0.0242,0.5003,0.0580
grid,stability,stability,1,0.1,global,9,storm2,100,0.75,0.5,309,c09_storm2_w80_u100_0022,2253,1037.825200,959.352800,943.385600,982.876000,930.355200,0.4937,0.0120,0.4946,0.0244
grid,stability,stability,1,0.1,global,9,storm2,100,0.75,0.5,309,c09_storm2_w80_u100_0023,2253,5139.423200,3234.723600,2455.561600,3139.214000,2553.448800,0.4851,0.0747,0.4944,0.1143
grid,stability,stability,1,0.1,global,9,storm2,100,0.75,0.5,309,c09_storm2_w80_u100_0024,2253,3391.733200,2297.702000,1671.604000,1860.933200,1735.682800,0.4663,0.0284,0.4915,0.0694
grid,stability,stability,1,0.1,global,9,storm2,100,0.75,0.5,309,c09_storm2_w80_u100_0025,2253,5774.884000,3405.417600,2693.900800,3402.710800,2699.975200,0.4859,0.0417,0.4879,0.0888
grid,stability,stability,1,0.1,global,9,storm2,100,0.75,0.5,309,c09_storm2_w80_u100_0026,2253,3948.285600,2230.421200,1935.640400,2232.570400,2009.394800,0.4994,0.0319,0.5000,0.0989
grid,stability,stability,1,0.1,global,9,storm2,100,0.75,0.5,309,c09_storm2_w80_u100_0027,2253,2795.221600,2193.482800,1847.675600,2164.780000,1856.336400,0.4946,0.0154,0.4959,0.0575
grid,stability,stability,1,0.1,global,9,storm2,100,0.75,0.5,309,c09_storm2_w80_u100_0028,2253,1959.486400,1602.492400,1501.540800,1820.066000,1498.625600,0.4997,0.0114,0.5003,0.0481
grid,stability,stability,1,0.1,global,9,storm2,100,0.75,0.5,309,c09_storm2_w80_u100_0029,2253,4020.284800,2181.372000,1393.838000,1634.235200,1436.598800,0.4917,0.0349,0.4875,0.0671
grid,targeted,targeted,1,0.1,global,9,storm2,100,0.75,0.5,301,c09_storm2_w80_u100_0020,2253,1970.798400,1510.529600,1483.052800,1680.348400,1446.446000,0.4934,0.0230,0.4976,0.0721
grid,targeted,targeted,1,0.1,global,9,storm2,100,0.75,0.5,301,c09_storm2_w80_u100_0021,2253,2264.009600,1957.510400,1971.832800,2169.965200,1959.048400,0.4822,0.0154,0.5003,0.0512
grid,targeted,targeted,1,0.1,global,9,storm2,100,0.75,0.5,301,c09_storm2_w80_u100_0022,2253,1037.825200,945.102800,943.385600,998.911600,917.607200,0.4977,0.0080,0.5003,0.0267
grid,targeted,targeted,1,0.1,global,9,storm2,100,0.75,0.5,301,c09_storm2_w80_u100_0023,2253,5139.423200,2907.793200,2455.561600,3249.190400,2530.455600,0.4974,0.0388,0.4997,0.1131
grid,targeted,targeted,1,0.1,global,9,storm2,100,0.75,0.5,301,c09_storm2_w80_u100_0024,2253,3391.733200,2134.746800,1671.604000,2130.513200,1658.249200,0.4984,0.0341,0.5003,0.0543
grid,targeted,targeted,1,0.1,global,9,storm2,100,0.75,0.5,301,c09_storm2_w80_u100_0025,2253,5774.884000,3402.996800,2693.900800,3255.178400,2706.814000,0.4997,0.0427,0.5000,0.0911
grid,targeted,targeted,1,0.1,global,9,storm2,100,0.75,0.5,301,c09_storm2_w80_u100_0026,2253,3948.285600,2104.566400,1935.640400,2375.843200,1987.316400,0.4768,0.0185,0.4876,0.0833
grid,targeted,targeted,1,0.1,global,9,storm2,100,0.75,0.5,301,c09_storm2_w80_u100_0027,2253,2795.221600,2086.956800,1847.675600,2233.856800,1866.886400,0.4927,0.0283,0.4997,0.0507
grid,targeted,targeted,1,0.1,global,9,storm2,100,0.75,0.5,301,c09_storm2_w80_u100_0028,2253,1959.486400,1562.016400,1501.540800,1875.970000,1500.631200,0.4854,0.0118,0.4984,0.0407
grid,targeted,targeted,1,0.1,global,9,storm2,100,0.75,0.5,301,c09_storm2_w80_u100_0029,2253,4020.284800,2095.768800,1393.838000,1554.053600,1390.850800,0.4945,0.0348,0.4986,0.0756
grid,stability,stability,1,0.1,global,9,storm2,100,0.75,0.5,310,c09_storm2_w80_u100_0020,2253,1970.798400,1730.466800,1483.052800,1682.204800,1509.206400,0.4964,0.0337,0.4988,0.0839
grid,stability,stability,1,0.1,global,9,storm2,100,0.75,0.5,310,c09_storm2_w80_u100_0021,2253,2264.009600,1994.741600,1971.832800,2138.308800,1932.723600,0.4990,0.0149,0.5003,0.0606
grid,stability,stability,1,0.1,global,9,storm2,100,0.75,0.5,310,c09_storm2_w80_u100_0022,2253,1037.825200,951.489600,943.385600,982.876000,956.005200,0.4977,0.0080,0.4946,0.0244
grid,stability,stability,1,0.1,global,9,storm2,100,0.75,0.5,310,c09_storm2_w80_u100_0023,2253,5139.423200,2829.473600,2455.561600,3201.541600,2591.720800,0.4848,0.0615,0.4938,0.1144
grid,stability,stability,1,0.1,global,9,storm2,100,0.75,0.5,310,c09_storm2_w80_u100_0024,2253,3391.733200,2125.919200,1671.604000,1860.933200,1686.547600,0.4788,0.0251,0.4915,0.0668
grid,stability,stability,1,0.1,global,9,storm2,100,0.75,0.5,310,c09_storm2_w80_u100_0025,2253,5774.884000,3103.721200,2693.900800,3296.657200,2713.515200,0.4859,0.0382,0.4868,0.0913
grid,stability,stability,1,0.1,global,9,storm2,100,0.75,0.5,310,c09_storm2_w80_u100_0026,2253,3948.285600,2088.188800,1935.640400,2370.726400,1933.256400,0.4991,0.0142,0.5000,0.1037
grid,stability,stability,1,0.1,global,9,storm2,100,0.75,0.5,310,c09_storm2_w80_u100_0027,2253,2795.221600,2224.341200,1847.675600,2164.780000,1864.423600,0.4972,0.0217,0.4959,0.0575
grid,stability,stability,1,0.1,global,9,storm2,100,0.75,0.5,310,c09_storm2_w80_u100_0028,2253,1959.486400,1539.655200,1501.540800,1820.246800,1491.684800,0.4997,0.0165,0.5003,0.0456
grid,stability,stability,1,0.1,global,9,storm2,100,0.75,0.5,310,c09_storm2_w80_u100_0029,2253,4020.284800,2117.208400,1393.838000,1636.559600,1476.874400,0.4947,0.0382,0.4870,0.0718
grid,targeted,targeted,1,0.1,global,9,storm2,100,0.75,0.5,302,c09_storm2_w80_u100_0020,2253,1970.798400,1679.968400,1483.052800,1680.348400,1472.425200,0.4943,0.0302,0.4976,0.0721
grid,targeted,targeted,1,0.1,global,9,storm2,100,0.75,0.5,302,c09_storm2_w80_u100_0021,2253,2264.009600,1996.863200,1971.832800,2169.965200,1936.018400,0.4946,0.0163,0.5003,0.0512
grid,targeted,targeted,1,0.1,global,9,storm2,100,0.75,0.5,302,c09_storm2_w80_u100_0022,2253,1037.825200,973.642400,943.385600,998.911600,932.742800,0.5000,0.0079,0.5003,0.0267
grid,targeted,targeted,1,0.1,global,9,storm2,100,0.75,0.5,302,c09_storm2_w80_u100_0023,2253,5139.423200,2900.439600,2455.561600,3249.190400,2566.589200,0.5000,0.0704,0.4997,0.1131
grid,targeted,targeted,1,0.1,global,9,storm2,100,0.75,0.5,302,c09_storm2_w80_u100_0024,2253,3391.733200,2310.530800,1671.604000,2130.513200,1676.384000,0.5000,0.0327,0.5003,0.0543
grid,targeted,targeted,1,0.1,global,9,storm2,100,0.75,0.5,302,c09_storm2_w80_u100_0025,2253,5774.884000,3298.940000,2693.900800,3255.178400,2787.528800,0.4994,0.0462,0.5000,0.0911
grid,targeted,targeted,1,0.1,global,9,storm2,100,0.75,0.5,302,c09_storm2_w80_u100_0026,2253,3948.285600,2463.380800,1935.640400,2375.843200,2085.477200,0.4779,0.0468,0.4876,0.0833
grid,targeted,targeted,1,0.1,global,9,storm2,100,0.75,0.5,302,c09_storm2_w80_u100_0027,2253,2795.221600,2038.896400,1847.675600,2233.856800,1849.260000,0.4928,0.0204,0.4997,0.0507
grid,targeted,targeted,1,0.1,global,9,storm2,100,0.75,0.5,302,c09_storm2_w80_u100_0028,2253,1959.486400,1584.400800,1501.540800,1875.970000,1504.400400,0.4934,0.0141,0.4984,0.0407
grid,targeted,targeted,1,0.1,global,9,storm2,100,0.75,0.5,302,c09_storm2_w80_u100_0029,2253,4020.284800,1997.194000,1393.838000,1554.053600,1383.636800,0.4986,0.0356,0.4986,0.0756
grid,targeted,targeted,1,0.1,global,9,storm2,100,0.75,0.5,305,c09_storm2_w80_u100_0020,2253,1970.798400,1636.382000,1483.052800,1680.348400,1499.389200,0.4955,0.0314,0.4976,0.0721
grid,targeted,targeted,1,0.1,global,9,storm2,100,0.75,0.5,305,c09_storm2_w80_u100_0021,2253,2264.009600,1970.967200,1971.832800,2169.965200,1941.733600,0.4929,0.0205,0.5003,0.0512
grid,targeted,targeted,1,0.1,global,9,storm2,100,0.75,0.5,305,c09_storm2_w80_u100_0022,2253,1037.825200,951.282800,943.385600,998.911600,913.894400,0.4993,0.0146,0.5003,0.0267
grid,targeted,targeted,1,0.1,global,9,storm2,100,0.75,0.5,305,c09_storm2_w80_u100_0023,2253,5139.423200,3168.191200,2455.561600,3249.190400,2699.063600,0.5000,0.0632,0.4997,0.1131
grid,targeted,targeted,1,0.1,global,9,storm2,100,0.75,0.5,305,c09_storm2_w80_u100_0024,2253,3391.733200,2444.820800,1671.604000,2130.513200,1720.035600,0.5003,0.0303,0.5003,0.0543
grid,targeted,targeted,1,0.1,global,9,storm2,100,0.75,0.5,305,c09_storm2_w80_u100_0025,2253,5774.884000,3524.451600,2693.900800,3255.178400,2752.284800,0.4997,0.0473,0.5000,0.0911
grid,targeted,targeted,1,0.1,global,9,storm2,100,0.75,0.5,305,c09_storm2_w80_u100_0026,2253,3948.285600,2475.982800,1935.640400,2375.843200,2071.202800,0.4823,0.0476,0.4876,0.0833
grid,targeted,targeted,1,0.1,global,9,storm2,100,0.75,0.5,305,c09_storm2_w80_u100_0027,2253,2795.221600,2240.076400,1847.675600,2233.856800,1851.866400,0.4962,0.0294,0.4997,0.0507
grid,targeted,targeted,1,0.1,global,9,storm2,100,0.75,0.5,305,c09_storm2_w80_u100_0028,2253,1959.486400,1560.974000,1501.540800,1875.970000,1499.882400,0.4933,0.0154,0.4984,0.0407
grid,targeted,targeted,1,0.1,global,9,storm2,100,0.75,0.5,305,c09_storm2_w80_u100_0029,2253,4020.284800,2086.726400,1393.838000,1554.053600,1393.807200,0.4986,0.0367,0.4986,0.0756
grid,stability,stability,1,0.1,global,9,storm2,100,1.0,0.25,301,c09_storm2_w80_u100_0020,2253,2113.920800,1662.214000,1660.290800,1989.608000,1641.936400,0.2482,0.0193,0.2470,0.0630
grid,stability,stability,1,0.1,global,9,storm2,100,1.0,0.25,301,c09_storm2_w80_u100_0021,2253,2468.501600,2133.593600,2178.691200,2461.676400,2169.487200,0.2502,0.0216,0.2502,0.0863
grid,stability,stability,1,0.1,global,9,storm2,100,1.0,0.25,301,c09_storm2_w80_u100_0022,2253,1216.011200,1061.432000,991.862400,1106.802400,1034.048000,0.2469,0.0080,0.2443,0.0219
grid,stability,stability,1,0.1,global,9,storm2,100,1.0,0.25,301,c09_storm2_w80_u100_0023,2253,5676.362400,2745.140000,2621.206400,3931.730000,2679.192000,0.2434,0.0889,0.2456,0.1583
grid,stability,stability,1,0.1,global,9,storm2,100,1.0,0.25,301,c09_storm2_w80_u100_0024,2253,4396.206800,2051.387600,1996.894800,3047.573600,1986.388000,0.2454,0.0180,0.2342,0.1541
grid,stability,stability,1,0.1,global,9,storm2,100,1.0,0.25,301,c09_storm2_w80_u100_0025,2253,6411.756400,2647.924000,2533.840800,4093.412000,2574.288800,0.2424,0.0186,0.2392,0.1624
grid,stability,stability,1,0.1,global,9,storm2,100,1.0,0.25,301,c09_storm2_w80_u100_0026,2253,5006.202000,1948.698400,1938.243600,3770.215600,1935.583200,0.2496,0.0142,0.2497,0.1415
grid,stability,stability,1,0.1,global,9,storm2,100,1.0,0.25,301,c09_storm2_w80_u100_0027,2253,2535.368000,1667.889200,1685.882800,1976.170000,1661.704400,0.2483,0.0051,0.2451,0.0749
grid,stability,stability,1,0.1,global,9,storm2,100,1.0,0.25,301,c09_storm2_w80_u100_0028,2253,2083.722400,1310.053200,1316.495200,2057.079600,1310.324400,0.2498,0.0076,0.2498,0.0685
grid,stability,stability,1,0.1,global,9,storm2,100,1.0,0.25,301,c09_storm2_w80_u100_0029,2253,4540.255600,1433.496400,1226.778800,2220.143200,1294.924800,0.2436,0.0159,0.2396,0.1250
grid,stability,stability,1,0.1,global,9,storm2,100,1.0,0.25,302,c09_storm2_w80_u100_0020,2253,2113.920800,1645.401200,1660.290800,1962.843200,1645.472000,0.2448,0.0049,0.2488,0.0601
grid,stability,stability,1,0.1,global,9,storm2,100,1.0,0.25,302,c09_storm2_w80_u100_0021,2253,2468.501600,2138.176000,2178.691200,2422.290000,2139.761600,0.2502,0.0081,0.2495,0.0892
grid,stability,stability,1,0.1,global,9,storm2,100,1.0,0.25,302,c09_storm2_w80_u100_0022,2253,1216.011200,1046.453200,991.862400,1052.708800,1025.108000,0.2460,0.0081,0.2483,0.0270
grid,stability,stability,1,0.1,global,9,storm2,100,1.0,0.25,302,c09_storm2_w80_u100_0023,2253,5676.362400,2834.931200,2621.206400,4365.714400,2665.379600,0.2412,0.0243,0.2485,0.1611
grid,stability,stability,1,0.1,global,9,storm2,100,1.0,0.25,302,c09_storm2_w80_u100_0024,2253,4396.206800,2106.081600,1996.894800,3306.802800,2039.139600,0.2453,0.0284,0.2407,0.1417
grid,stability,stability,1,0.1,global,9,storm2,100,1.0,0.25,302,c09_storm2_w80_u100_0025,2253,6411.756400,2845.075200,2533.840800,4332.501200,2706.324000,0.2428,0.0208,0.2442,0.1544
grid,stability,stability,1,0.1,global,9,storm2,100,1.0,0.25,302,c09_storm2_w80_u100_0026,2253,5006.202000,1942.794400,1938.243600,3899.965600,1937.586800,0.2499,0.0118,0.2491,0.1348
grid,stability,stability,1,0.1,global,9,storm2,100,1.0,0.25,302,c09_storm2_w80_u100_0027,2253,2535.368000,1659.712400,1685.882800,1956.946000,1658.242800,0.2478,0.0076,0.2476,0.0742
grid,stability,stability,1,0.1,global,9,storm2,100,1.0,0.25,302,c09_storm2_w80_u100_0028,2253,2083.722400,1314.971200,1316.495200,2030.835200,1317.278400,0.2500,0.0101,0.2498,0.0584
grid,stability,stability,1,0.1,global,9,storm2,100,1.0,0.25,302,c09_storm2_w80_u100_0029,2253,4540.255600,1541.305200,1226.778800,2498.454000,1409.329600,0.2416,0.0115,0.2440,0.1273
grid,stability,stability,1,0.1,global,9,storm2,100,1.0,0.25,303,c09_storm2_w80_u100_0020,2253,2113.920800,1635.444000,1660.290800,1989.224400,1646.896000,0.2457,0.0170,0.2488,0.0769
grid,stability,stability,1,0.1,global,9,storm2,100,1.0,0.25,303,c09_storm2_w80_u100_0021,2253,2468.501600,2129.132800,2178.691200,2381.196800,2134.196800,0.2502,0.0054,0.2495,0.1000
grid,stability,stability,1,0.1,global,9,storm2,100,1.0,0.25,303,c09_storm2_w80_u100_0022,2253,1216.011200,1025.750000,991.862400,1106.802400,1022.044400,0.2417,0.0110,0.2430,0.0220
grid,stability,stability,1,0.1,global,9,storm2,100,1.0,0.25,303,c09_storm2_w80_u100_0023,2253,5676.362400,2834.243600,2621.206400,3961.600400,2858.916800,0.2346,0.0150,0.2456,0.1487
grid,stability,stability,1,0.1,global,9,storm2,100,1.0,0.25,303,c09_storm2_w80_u100_0024,2253,4396.206800,2156.990000,1996.894800,2718.562000,2032.996400,0.2393,0.0184,0.2451,0.1443
grid,stability,stability,1,0.1,global,9,storm2,100,1.0,0.25,303,c09_storm2_w80_u100_0025,2253,6411.756400,2680.523200,2533.840800,4161.250000,2590.730800,0.2433,0.0254,0.2409,0.1986
grid,stability,stability,1,0.1,global,9,storm2,100,1.0,0.25,303,c09_storm2_w80_u100_0026,2253,5006.202000,2002.479200,1938.243600,3852.322400,1961.290400,0.2493,0.0142,0.2491,0.1253
grid,stability,stability,1,0.1,global,9,storm2,100,1.0,0.25,303,c09_storm2_w80_u100_0027,2253,2535.368000,1693.357600,1685.882800,1945.946400,1666.589600,0.2478,0.0102,0.2476,0.0742
grid,stability,stability,1,0.1,global,9,storm2,100,1.0,0.25,303,c09_storm2_w80_u100_0028,2253,2083.722400,1307.949200,1316.495200,2087.302800,1308.960000,0.2497,0.0025,0.2498,0.0609
grid,stability,stability,1,0.1,global,9,storm2,100,1.0,0.25,303,c09_storm2_w80_u100_0029,2253,4540.255600,1337.338800,1226.778800,3182.406400,1282.085600,0.2461,0.0135,0.2424,0.1076
grid,stability,stability,1,0.1,global,9,storm2,100,1.0,0.25,304,c09_storm2_w80_u100_0020,2253,2113.920800,1654.302800,1660.290800,1967.157200,1632.951600,0.2464,0.0073,0.2464,0.0631
grid,stability,stability,1,0.1,global,9,storm2,100,1.0,0.25,304,c09_storm2_w80_u100_0021,2253,2468.501600,2142.552400,2178.691200,2479.036000,2148.757200,0.2495,0.0027,0.2495,0.0784
grid,stability,stability,1,0.1,global,9,storm2,100,1.0,0.25,304,c09_storm2_w80_u100_0022,2253,1216.011200,1031.386400,991.862400,1106.365600,998.741200,0.2455,0.0081,0.2450,0.0273
grid,stability,stability,1,0.1,global,9,storm2,100,1.0,0.25,304,c09_storm2_w80_u100_0023,2253,5676.362400,2644.319200,2621.206400,4065.187200,2648.410800,0.2404,0.0219,0.2479,0.1805
grid,stability,stability,1,0.1,global,9,storm2,100,1.0,0.25,304,c09_storm2_w80_u100_0024,2253,4396.206800,2041.123200,1996.894800,2856.425200,1988.881200,0.2457,0.0180,0.2399,0.1478
grid,stability,stability,1,0.1,global,9,storm2,100,1.0,0.25,304,c09_storm2_w80_u100_0025,2253,6411.756400,2742.531200,2533.840800,4213.293200,2606.375600,0.2430,0.0231,0.2459,0.1991
grid,stability,stability,1,0.1,global,9,storm2,100,1.0,0.25,304,c09_storm2_w80_u100_0026,2253,5006.202000,1950.398400,1938.243600,3559.820000,1944.805200,0.2500,0.0024,0.2491,0.1608
grid,stability,stability,1,0.1,global,9,storm2,100,1.0,0.25,304,c09_storm2_w80_u100_0027,2253,2535.368000,1671.977200,1685.882800,2148.890400,1669.597200,0.2478,0.0051,0.2457,0.0696
grid,stability,stability,1,0.1,global,9,storm2,100,1.0,0.25,304,c09_storm2_w80_u100_0028,2253,2083.722400,1333.567200,1316.495200,2071.262400,1306.519600,0.2500,0.0127,0.2498,0.0761
grid,stability,stability,1,0.1,global,9,storm2,100,1.0,0.25,304,c09_storm2_w80_u100_0029,2253,4540.255600,1421.690000,1226.778800,1963.802800,1292.119600,0.2451,0.0204,0.2407,0.1244
grid,stability,stability,1,0.1,global,9,storm2,100,1.0,0.25,305,c09_storm2_w80_u100_0020,2253,2113.920800,1687.339600,1660.290800,1945.309600,1654.745600,0.2460,0.0122,0.2470,0.0847
grid,stability,stability,1,0.1,global,9,storm2,100,1.0,0.25,305,c09_storm2_w80_u100_0021,2253,2468.501600,2167.706000,2178.691200,2401.340400,2155.435600,0.2497,0.0081,0.2502,0.0916
grid,stability,stability,1,0.1,global,9,storm2,100,1.0,0.25,305,c09_storm2_w80_u100_0022,2253,1216.011200,979.780800,991.862400,1079.529600,990.899600,0.2469,0.0107,0.2463,0.0326
grid,stability,stability,1,0.1,global,9,storm2,100,1.0,0.25,305,c09_storm2_w80_u100_0023,2253,5676.362400,2912.408000,2621.206400,4236.025600,2740.786800,0.2424,0.0169,0.2479,0.1900
grid,stability,stability,1,0.1,global,9,storm2,100,1.0,0.25,305,c09_storm2_w80_u100_0024,2253,4396.206800,2227.938800,1996.894800,2745.493200,2000.528000,0.2457,0.0308,0.2411,0.1522
grid,stability,stability,1,0.1,global,9,storm2,100,1.0,0.25,305,c09_storm2_w80_u100_0025,2253,6411.756400,3011.688800,2533.840800,4260.826400,2644.328000,0.2431,0.0416,0.2442,0.1820
grid,stability,stability,1,0.1,global,9,storm2,100,1.0,0.25,305,c09_storm2_w80_u100_0026,2253,5006.202000,1932.425600,1938.243600,3815.059200,1927.994800,0.2496,0.0071,0.2503,0.1388
grid,stability,stability,1,0.1,global,9,storm2,100,1.0,0.25,305,c09_storm2_w80_u100_0027,2253,2535.368000,1763.667600,1685.882800,1957.127600,1679.811200,0.2479,0.0102,0.2457,0.0747
grid,stability,stability,1,0.1,global,9,storm2,100,1.0,0.25,305,c09_storm2_w80_u100_0028,2253,2083.722400,1302.610800,1316.495200,2074.703200,1302.812000,0.2495,0.0025,0.2498,0.0609
grid,stability,stability,1,0.1,global,9,storm2,100,1.0,0.25,305,c09_storm2_w80_u100_0029,2253,4540.255600,1602.656400,1226.778800,2277.511600,1293.582000,0.2463,0.0225,0.2407,0.1267
grid,stability,stability,1,0.1,global,9,storm2,100,1.0,0.25,306,c09_storm2_w80_u100_0020,2253,2113.920800,1637.214000,1660.290800,1938.882800,1631.944000,0.2460,0.0073,0.2488,0.0745
grid,stability,stability,1,0.1,global,9,storm2,100,1.0,0.25,306,c09_storm2_w80_u100_0021,2253,2468.501600,2122.112000,2178.691200,2406.374400,2127.051200,0.2502,0.0081,0.2495,0.0892
grid,stability,stability,1,0.1,global,9,storm2,100,1.0,0.25,306,c09_storm2_w80_u100_0022,2253,1216.011200,999.727600,991.862400,1067.651600,1014.558000,0.2470,0.0107,0.2436,0.0357
grid,stability,stability,1,0.1,global,9,storm2,100,1.0,0.25,306,c09_storm2_w80_u100_0023,2253,5676.362400,2676.596400,2621.206400,3977.015200,2654.529200,0.2370,0.0148,0.2438,0.1449
grid,stability,stability,1,0.1,global,9,storm2,100,1.0,0.25,306,c09_storm2_w80_u100_0024,2253,4396.206800,1994.439600,1996.894800,2837.560000,1993.407200,0.2440,0.0078,0.2394,0.1530
grid,stability,stability,1,0.1,global,9,storm2,100,1.0,0.25,306,c09_storm2_w80_u100_0025,2253,6411.756400,2567.503600,2533.840800,4154.037600,2556.257200,0.2427,0.0185,0.2380,0.1489
grid,stability,stability,1,0.1,global,9,storm2,100,1.0,0.25,306,c09_storm2_w80_u100_0026,2253,5006.202000,1942.093600,1938.243600,3725.027200,1944.025200,0.2499,0.0071,0.2491,0.1395
grid,stability,stability,1,0.1,global,9,storm2,100,1.0,0.25,306,c09_storm2_w80_u100_0027,2253,2535.368000,1658.120000,1685.882800,1976.170000,1649.478400,0.2481,0.0051,0.2457,0.0747
grid,stability,stability,1,0.1,global,9,storm2,100,1.0,0.25,306,c09_storm2_w80_u100_0028,2253,2083.722400,1310.148400,1316.495200,2057.867600,1307.424800,0.2503,0.0025,0.2498,0.0584
grid,stability,stability,1,0.1,global,9,storm2,100,1.0,0.25,306,c09_storm2_w80_u100_0029,2253,4540.255600,1287.253600,1226.778800,2050.631200,1226.072800,0.2428,0.0137,0.2446,0.1293
grid,stability,stability,1,0.1,global,9,storm2,100,1.0,0.25,307,c09_storm2_w80_u100_0020,2253,2113.920800,1727.444400,1660.290800,1995.532800,1654.013200,0.2491,0.0072,0.2488,0.0721
grid,stability,stability,1,0.1,global,9,storm2,100,1.0,0.25,307,c09_storm2_w80_u100_0021,2253,2468.501600,2125.804800,2178.691200,2423.732000,2139.589600,0.2502,0.0162,0.2495,0.0919
grid,stability,stability,1,0.1,global,9,storm2,100,1.0,0.25,307,c09_storm2_w80_u100_0022,2253,1216.011200,983.424000,991.862400,1079.529600,1002.170400,0.2470,0.0187,0.2470,0.0298
grid,stability,stability,1,0.1,global,9,storm2,100,1.0,0.25,307,c09_storm2_w80_u100_0023,2253,5676.362400,3043.381200,2621.206400,4260.423600,2822.165600,0.2421,0.0894,0.2497,0.1509
grid,stability,stability,1,0.1,global,9,storm2,100,1.0,0.25,307,c09_storm2_w80_u100_0024,2253,4396.206800,2384.073200,1996.894800,2978.795200,2104.560000,0.2370,0.0133,0.2394,0.1504
grid,stability,stability,1,0.1,global,9,storm2,100,1.0,0.25,307,c09_storm2_w80_u100_0025,2253,6411.756400,2789.251600,2533.840800,4793.904000,2611.430800,0.2424,0.0185,0.2482,0.1542
grid,stability,stability,1,0.1,global,9,storm2,100,1.0,0.25,307,c09_storm2_w80_u100_0026,2253,5006.202000,1986.022800,1938.243600,4124.246400,2018.035600,0.2496,0.0094,0.2491,0.1135
grid,stability,stability,1,0.1,global,9,storm2,100,1.0,0.25,307,c09_storm2_w80_u100_0027,2253,2535.368000,1923.381600,1685.882800,1962.326800,1748.293200,0.2399,0.0158,0.2476,0.0767
grid,stability,stability,1,0.1,global,9,storm2,100,1.0,0.25,307,c09_storm2_w80_u100_0028,2253,2083.722400,1351.280400,1316.495200,2052.586800,1313.063600,0.2500,0.0076,0.2498,0.0609
grid,stability,stability,1,0.1,global,9,storm2,100,1.0,0.25,307,c09_storm2_w80_u100_0029,2253,4540.255600,1623.372000,1226.778800,2117.863600,1409.257600,0.2410,0.0276,0.2396,0.1366
grid,stability,stability,1,0.1,global,9,storm2,100,1.0,0.25,308,c09_storm2_w80_u100_0020,2253,2113.920800,1644.811200,1660.290800,2005.954800,1646.297200,0.2464,0.0146,0.2482,0.0723
grid,stability,stability,1,0.1,global,9,storm2,100,1.0,0.25,308,c09_storm2_w80_u100_0021,2253,2468.501600,2143.686400,2178.691200,2391.641200,2138.748800,0.2502,0.0135,0.2495,0.1054
grid,stability,stability,1,0.1,global,9,storm2,100,1.0,0.25,308,c09_storm2_w80_u100_0022,2253,1216.011200,996.220400,991.862400,1080.275600,996.655600,0.2465,0.0081,0.2430,0.0248
grid,stability,stability,1,0.1,global,9,storm2,100,1.0,0.25,308,c09_storm2_w80_u100_0023,2253,5676.362400,2733.806800,2621.206400,4485.866800,2682.705200,0.2409,0.0291,0.2479,0.1734
grid,stability,stability,1,0.1,global,9,storm2,100,1.0,0.25,308,c09_storm2_w80_u100_0024,2253,4396.206800,2092.911200,1996.894800,2776.347200,2012.249600,0.2418,0.0183,0.2407,0.1496
grid,stability,stability,1,0.1,global,9,storm2,100,1.0,0.25,308,c09_storm2_w80_u100_0025,2253,6411.756400,2781.422800,2533.840800,4224.396400,2636.245600,0.2424,0.0185,0.2448,0.1747
grid,stability,stability,1,0.1,global,9,storm2,100,1.0,0.25,308,c09_storm2_w80_u100_0026,2253,5006.202000,1952.998000,1938.243600,3366.528000,1946.782800,0.2496,0.0118,0.2491,0.1466
grid,stability,stability,1,0.1,global,9,storm2,100,1.0,0.25,308,c09_storm2_w80_u100_0027,2253,2535.368000,1684.480400,1685.882800,1945.946400,1674.284800,0.2476,0.0077,0.2457,0.0747
grid,stability,stability,1,0.1,global,9,storm2,100,1.0,0.25,308,c09_storm2_w80_u100_0028,2253,2083.722400,1301.372400,1316.495200,2085.114000,1299.884800,0.2497,0.0051,0.2498,0.0660
grid,stability,stability,1,0.1,global,9,storm2,100,1.0,0.25,308,c09_storm2_w80_u100_0029,2253,4540.255600,1476.704400,1226.778800,2888.933600,1270.389200,0.2488,0.0178,0.2446,0.1111
grid,stability,stability,1,0.1,global,9,storm2,100,1.0,0.25,309,c09_storm2_w80_u100_0020,2253,2113.920800,1667.326000,1660.290800,1985.323200,1641.488800,0.2458,0.0097,0.2458,0.0608
grid,stability,stability,1,0.1,global,9,storm2,100,1.0,0.25,309,c09_storm2_w80_u100_0021,2253,2468.501600,2132.402400,2178.691200,2418.034000,2169.236800,0.2502,0.0189,0.2502,0.0997
grid,stability,stability,1,0.1,global,9,storm2,100,1.0,0.25,309,c09_storm2_w80_u100_0022,2253,1216.011200,1054.614000,991.862400,1123.364400,1048.344800,0.2411,0.0137,0.2436,0.0247
grid,stability,stability,1,0.1,global,9,storm2,100,1.0,0.25,309,c09_storm2_w80_u100_0023,2253,5676.362400,2688.950400,2621.206400,4404.770400,2594.122400,0.2380,0.0344,0.2473,0.1857
grid,stability,stability,1,0.1,global,9,storm2,100,1.0,0.25,309,c09_storm2_w80_u100_0024,2253,4396.206800,2166.195600,1996.894800,3247.367200,2030.147200,0.2396,0.0237,0.2413,0.1440
grid,stability,stability,1,0.1,global,9,storm2,100,1.0,0.25,309,c09_storm2_w80_u100_0025,2253,6411.756400,2955.944400,2533.840800,5422.514800,2858.162000,0.2423,0.0162,0.2448,0.1310
grid,stability,stability,1,0.1,global,9,storm2,100,1.0,0.25,309,c09_storm2_w80_u100_0026,2253,5006.202000,1956.263600,1938.243600,4026.543600,1959.604400,0.2494,0.0071,0.2497,0.1179
grid,stability,stability,1,0.1,global,9,storm2,100,1.0,0.25,309,c09_storm2_w80_u100_0027,2253,2535.368000,1694.498800,1685.882800,2034.187600,1655.651200,0.2388,0.0080,0.2470,0.0744
grid,stability,stability,1,0.1,global,9,storm2,100,1.0,0.25,309,c09_storm2_w80_u100_0028,2253,2083.722400,1312.154800,1316.495200,2087.126400,1312.322800,0.2495,0.0076,0.2498,0.0660
grid,stability,stability,1,0.1,global,9,storm2,100,1.0,0.25,309,c09_storm2_w80_u100_0029,2253,4540.255600,1661.499600,1226.778800,2820.195600,1475.024000,0.2424,0.0320,0.2418,0.1193
grid,stability,stability,1,0.1,global,9,storm2,100,1.0,0.25,310,c09_storm2_w80_u100_0020,2253,2113.920800,1619.766000,1660.290800,1965.184000,1611.634800,0.2470,0.0073,0.2488,0.0577
grid,stability,stability,1,0.1,global,9,storm2,100,1.0,0.25,310,c09_storm2_w80_u100_0021,2253,2468.501600,2128.392800,2178.691200,2381.709200,2128.240000,0.2495,0.0108,0.2495,0.0919
grid,stability,stability,1,0.1,global,9,storm2,100,1.0,0.25,310,c09_storm2_w80_u100_0022,2253,1216.011200,1005.686400,991.862400,1052.708800,1005.850000,0.2425,0.0191,0.2456,0.0272
grid,stability,stability,1,0.1,global,9,storm2,100,1.0,0.25,310,c09_storm2_w80_u100_0023,2253,5676.362400,2571.264400,2621.206400,3906.636400,2559.788400,0.2459,0.0546,0.2468,0.1742
grid,stability,stability,1,0.1,global,9,storm2,100,1.0,0.25,310,c09_storm2_w80_u100_0024,2253,4396.206800,1970.135600,1996.894800,2961.105200,1959.469600,0.2459,0.0129,0.2413,0.1518
grid,stability,stability,1,0.1,global,9,storm2,100,1.0,0.25,310,c09_storm2_w80_u100_0025,2253,6411.756400,2502.724400,2533.840800,3997.834800,2487.271600,0.2424,0.0162,0.2442,0.1567
grid,stability,stability,1,0.1,global,9,storm2,100,1.0,0.25,310,c09_storm2_w80_u100_0026,2253,5006.202000,1972.286800,1938.243600,3451.780800,1961.832000,0.2490,0.0213,0.2491,0.1608
grid,stability,stability,1,0.1,global,9,storm2,100,1.0,0.25,310,c09_storm2_w80_u100_0027,2253,2535.368000,1667.519600,1685.882800,1957.127600,1665.898800,0.2478,0.0026,0.2476,0.0742
grid,stability,stability,1,0.1,global,9,storm2,100,1.0,0.25,310,c09_storm2_w80_u100_0028,2253,2083.722400,1300.363200,1316.495200,1971.005600,1298.847200,0.2498,0.0102,0.2498,0.0761
grid,stability,stability,1,0.1,global,9,storm2,100,1.0,0.25,310,c09_storm2_w80_u100_0029,2253,4540.255600,1240.308800,1226.778800,2127.659200,1229.893200,0.2402,0.0139,0.2451,0.1290
grid,targeted,targeted,1,0.1,global,9,storm2,100,1.0,0.25,301,c09_storm2_w80_u100_0020,2253,2113.920800,1705.296800,1660.290800,1974.308800,1646.351200,0.2488,0.0287,0.2494,0.0815
grid,targeted,targeted,1,0.1,global,9,storm2,100,1.0,0.25,301,c09_storm2_w80_u100_0021,2253,2468.501600,2129.525600,2178.691200,2425.110000,2132.057600,0.2468,0.0137,0.2495,0.0757
grid,targeted,targeted,1,0.1,global,9,storm2,100,1.0,0.25,301,c09_storm2_w80_u100_0022,2253,1216.011200,991.394800,991.862400,1099.216000,1001.297200,0.2487,0.0107,0.2503,0.0267
grid,targeted,targeted,1,0.1,global,9,storm2,100,1.0,0.25,301,c09_storm2_w80_u100_0023,2253,5676.362400,2751.927200,2621.206400,4018.612400,2623.245600,0.2503,0.0724,0.2496,0.1415
grid,targeted,targeted,1,0.1,global,9,storm2,100,1.0,0.25,301,c09_storm2_w80_u100_0024,2253,4396.206800,2160.714400,1996.894800,2834.593600,2034.744400,0.2502,0.0379,0.2502,0.1162
grid,targeted,targeted,1,0.1,global,9,storm2,100,1.0,0.25,301,c09_storm2_w80_u100_0025,2253,6411.756400,2842.301200,2533.840800,4054.931600,2568.472800,0.2503,0.0607,0.2503,0.1551
grid,targeted,targeted,1,0.1,global,9,storm2,100,1.0,0.25,301,c09_storm2_w80_u100_0026,2253,5006.202000,2044.161200,1938.243600,4109.313600,1979.317200,0.2424,0.0316,0.2497,0.1297
grid,targeted,targeted,1,0.1,global,9,storm2,100,1.0,0.25,301,c09_storm2_w80_u100_0027,2253,2535.368000,1667.023600,1685.882800,2061.197200,1666.741600,0.2464,0.0077,0.2476,0.0844
grid,targeted,targeted,1,0.1,global,9,storm2,100,1.0,0.25,301,c09_storm2_w80_u100_0028,2253,2083.722400,1304.364800,1316.495200,2021.848800,1307.809200,0.2441,0.0078,0.2498,0.0533
grid,targeted,targeted,1,0.1,global,9,storm2,100,1.0,0.25,301,c09_storm2_w80_u100_0029,2253,4540.255600,1635.764400,1226.778800,2328.602400,1461.329600,0.2490,0.0423,0.2490,0.1091
grid,targeted,targeted,1,0.1,global,9,storm2,100,1.0,0.25,302,c09_storm2_w80_u100_0020,2253,2113.920800,1686.369600,1660.290800,1974.308800,1645.637200,0.2487,0.0168,0.2494,0.0815
grid,targeted,targeted,1,0.1,global,9,storm2,100,1.0,0.25,302,c09_storm2_w80_u100_0021,2253,2468.501600,2143.474400,2178.691200,2425.110000,2154.743200,0.2448,0.0083,0.2495,0.0757
grid,targeted,targeted,1,0.1,global,9,storm2,100,1.0,0.25,302,c09_storm2_w80_u100_0022,2253,1216.011200,1012.576800,991.862400,1099.216000,993.112400,0.2495,0.0159,0.2503,0.0267
grid,targeted,targeted,1,0.1,global,9,storm2,100,1.0,0.25,302,c09_storm2_w80_u100_0023,2253,5676.362400,2788.920000,2621.206400,4018.612400,2659.667200,0.2494,0.0539,0.2496,0.1415
grid,targeted,targeted,1,0.1,global,9,storm2,100,1.0,0.25,302,c09_storm2_w80_u100_0024,2253,4396.206800,2129.714400,1996.894800,2834.593600,1981.246800,0.2503,0.0403,0.2502,0.1162
grid,targeted,targeted,1,0.1,global,9,storm2,100,1.0,0.25,302,c09_storm2_w80_u100_0025,2253,6411.756400,2921.529600,2533.840800,4054.931600,2578.314000,0.2503,0.0697,0.2503,0.1551
grid,targeted,targeted,1,0.1,global,9,storm2,100,1.0,0.25,302,c09_storm2_w80_u100_0026,2253,5006.202000,2620.949600,1938.243600,4109.313600,2446.720400,0.2454,0.0528,0.2497,0.1297
grid,targeted,targeted,1,0.1,global,9,storm2,100,1.0,0.25,302,c09_storm2_w80_u100_0027,2253,2535.368000,1663.718400,1685.882800,2061.197200,1659.725600,0.2438,0.0052,0.2476,0.0844
grid,targeted,targeted,1,0.1,global,9,storm2,100,1.0,0.25,302,c09_storm2_w80_u100_0028,2253,2083.722400,1301.282000,1316.495200,2021.848800,1301.282000,0.2443,0.0000,0.2498,0.0533
grid,targeted,targeted,1,0.1,global,9,storm2,100,1.0,0.25,302,c09_storm2_w80_u100_0029,2253,4540.255600,1455.172400,1226.778800,2328.602400,1248.370800,0.2493,0.0378,0.2490,0.1091
grid,targeted,targeted,1,0.1,global,9,storm2,100,1.0,0.25,303,c09_storm2_w80_u100_0020,2253,2113.920800,1713.514400,1660.290800,1974.308800,1633.641200,0.2469,0.0169,0.2494,0.0815
grid,targeted,targeted,1,0.1,global,9,storm2,100,1.0,0.25,303,c09_storm2_w80_u100_0021,2253,2468.501600,2166.081600,2178.691200,2425.110000,2150.045600,0.2460,0.0082,0.2495,0.0757
grid,targeted,targeted,1,0.1,global,9,storm2,100,1.0,0.25,303,c09_storm2_w80_u100_0022,2253,1216.011200,1013.880400,991.862400,1099.216000,1023.891600,0.2490,0.0053,0.2503,0.0267
grid,targeted,targeted,1,0.1,global,9,storm2,100,1.0,0.25,303,c09_storm2_w80_u100_0023,2253,5676.362400,2902.482800,2621.206400,4018.612400,2600.163200,0.2503,0.0561,0.2496,0.1415
grid,targeted,targeted,1,0.1,global,9,storm2,100,1.0,0.25,303,c09_storm2_w80_u100_0024,2253,4396.206800,2120.180400,1996.894800,2834.593600,1974.700800,0.2503,0.0480,0.2502,0.1162
grid,targeted,targeted,1,0.1,global,9,storm2,100,1.0,0.25,303,c09_storm2_w80_u100_0025,2253,6411.756400,3062.284000,2533.840800,4054.931600,2547.770000,0.2503,0.0493,0.2503,0.1551
grid,targeted,targeted,1,0.1,global,9,storm2,100,1.0,0.25,303,c09_storm2_w80_u100_0026,2253,5006.202000,2130.156000,1938.243600,4109.313600,2059.488800,0.2440,0.0434,0.2497,0.1297
grid,targeted,targeted,1,0.1,global,9,storm2,100,1.0,0.25,303,c09_storm2_w80_u100_0027,2253,2535.368000,1677.717200,1685.882800,2061.197200,1671.442400,0.2452,0.0181,0.2476,0.0844
grid,targeted,targeted,1,0.1,global,9,storm2,100,1.0,0.25,303,c09_storm2_w80_u100_0028,2253,2083.722400,1298.673600,1316.495200,2021.848800,1298.673600,0.2438,0.0000,0.2498,0.0533
grid,targeted,targeted,1,0.1,global,9,storm2,100,1.0,0.25,303,c09_storm2_w80_u100_0029,2253,4540.255600,1613.398800,1226.778800,2328.602400,1359.171200,0.2493,0.0356,0.2490,0.1091
grid,targeted,targeted,1,0.1,global,9,storm2,100,1.0,0.25,304,c09_storm2_w80_u100_0020,2253,2113.920800,1663.550800,1660.290800,1974.308800,1634.154000,0.2467,0.0169,0.2494,0.0815
grid,targeted,targeted,1,0.1,global,9,storm2,100,1.0,0.25,304,c09_storm2_w80_u100_0021,2253,2468.501600,2130.479200,2178.691200,2425.110000,2135.921600,0.2461,0.0110,0.2495,0.0757
grid,targeted,targeted,1,0.1,global,9,storm2,100,1.0,0.25,304,c09_storm2_w80_u100_0022,2253,1216.011200,985.412800,991.862400,1099.216000,995.898400,0.2485,0.0053,0.2503,0.0267
grid,targeted,targeted,1,0.1,global,9,storm2,100,1.0,0.25,304,c09_storm2_w80_u100_0023,2253,5676.362400,2770.326800,2621.206400,4018.612400,2680.760400,0.2504,0.0678,0.2496,0.1415
grid,targeted,targeted,1,0.1,global,9,storm2,100,1.0,0.25,304,c09_storm2_w80_u100_0024,2253,4396.206800,2387.463600,1996.894800,2834.593600,1995.397600,0.2502,0.0455,0.2502,0.1162
grid,targeted,targeted,1,0.1,global,9,storm2,100,1.0,0.25,304,c09_storm2_w80_u100_0025,2253,6411.756400,2884.793200,2533.840800,4054.931600,2590.756000,0.2503,0.0562,0.2503,0.1551
grid,targeted,targeted,1,0.1,global,9,storm2,100,1.0,0.25,304,c09_storm2_w80_u100_0026,2253,5006.202000,2082.670000,1938.243600,4109.313600,2062.568400,0.2444,0.0289,0.2497,0.1297
grid,targeted,targeted,1,0.1,global,9,storm2,100,1.0,0.25,304,c09_storm2_w80_u100_0027,2253,2535.368000,1741.481200,1685.882800,2061.197200,1675.054000,0.2441,0.0259,0.2476,0.0844
grid,targeted,targeted,1,0.1,global,9,storm2,100,1.0,0.25,304,c09_storm2_w80_u100_0028,2253,2083.722400,1304.361200,1316.495200,2021.848800,1304.361200,0.2454,0.0000,0.2498,0.0533
grid,targeted,targeted,1,0.1,global,9,storm2,100,1.0,0.25,304,c09_storm2_w80_u100_0029,2253,4540.255600,1693.413200,1226.778800,2328.602400,1269.810400,0.2492,0.0468,0.2490,0.1091
grid,targeted,targeted,1,0.1,global,9,storm2,100,1.0,0.25,305,c09_storm2_w80_u100_0020,2253,2113.920800,1668.138800,1660.290800,1974.308800,1627.955600,0.2488,0.0144,0.2494,0.0815
grid,targeted,targeted,1,0.1,global,9,storm2,100,1.0,0.25,305,c09_storm2_w80_u100_0021,2253,2468.501600,2146.860000,2178.691200,2425.110000,2141.760000,0.2476,0.0163,0.2495,0.0757
grid,targeted,targeted,1,0.1,global,9,storm2,100,1.0,0.25,305,c09_storm2_w80_u100_0022,2253,1216.011200,1020.959600,991.862400,1099.216000,1021.998800,0.2498,0.0027,0.2503,0.0267
grid,targeted,targeted,1,0.1,global,9,storm2,100,1.0,0.25,305,c09_storm2_w80_u100_0023,2253,5676.362400,2736.334400,2621.206400,4018.612400,2652.023200,0.2501,0.0631,0.2496,0.1415
grid,targeted,targeted,1,0.1,global,9,storm2,100,1.0,0.25,305,c09_storm2_w80_u100_0024,2253,4396.206800,2115.673600,1996.894800,2834.593600,1985.596000,0.2502,0.0404,0.2502,0.1162
grid,targeted,targeted,1,0.1,global,9,storm2,100,1.0,0.25,305,c09_storm2_w80_u100_0025,2253,6411.756400,2673.173600,2533.840800,4054.931600,2548.412800,0.2500,0.0698,0.2503,0.1551
grid,targeted,targeted,1,0.1,global,9,storm2,100,1.0,0.25,305,c09_storm2_w80_u100_0026,2253,5006.202000,2218.987600,1938.243600,4109.313600,2084.376000,0.2444,0.0458,0.2497,0.1297
grid,targeted,targeted,1,0.1,global,9,storm2,100,1.0,0.25,305,c09_storm2_w80_u100_0027,2253,2535.368000,1764.165200,1685.882800,2061.197200,1673.538800,0.2445,0.0130,0.2476,0.0844
grid,targeted,targeted,1,0.1,global,9,storm2,100,1.0,0.25,305,c09_storm2_w80_u100_0028,2253,2083.722400,1313.565200,1316.495200,2021.848800,1308.994800,0.2462,0.0077,0.2498,0.0533
grid,targeted,targeted,1,0.1,global,9,storm2,100,1.0,0.25,305,c09_storm2_w80_u100_0029,2253,4540.255600,1391.541200,1226.778800,2328.602400,1244.909600,0.2494,0.0333,0.2490,0.1091
grid,targeted,targeted,1,0.1,global,9,storm2,100,1.0,0.25,306,c09_storm2_w80_u100_0020,2253,2113.920800,1676.466400,1660.290800,1974.308800,1624.010000,0.2476,0.0048,0.2494,0.0815
grid,targeted,targeted,1,0.1,global,9,storm2,100,1.0,0.25,306,c09_storm2_w80_u100_0021,2253,2468.501600,2163.905600,2178.691200,2425.110000,2130.260000,0.2434,0.0083,0.2495,0.0757
grid,targeted,targeted,1,0.1,global,9,storm2,100,1.0,0.25,306,c09_storm2_w80_u100_0022,2253,1216.011200,1038.491200,991.862400,1099.216000,988.693600,0.2490,0.0160,0.2503,0.0267
grid,targeted,targeted,1,0.1,global,9,storm2,100,1.0,0.25,306,c09_storm2_w80_u100_0023,2253,5676.362400,2968.922400,2621.206400,4018.612400,2633.104000,0.2501,0.0631,0.2496,0.1415
grid,targeted,targeted,1,0.1,global,9,storm2,100,1.0,0.25,306,c09_storm2_w80_u100_0024,2253,4396.206800,2180.825200,1996.894800,2834.593600,2012.342000,0.2500,0.0379,0.2502,0.1162
grid,targeted,targeted,1,0.1,global,9,storm2,100,1.0,0.25,306,c09_storm2_w80_u100_0025,2253,6411.756400,3138.474800,2533.840800,4054.931600,2635.314800,0.2503,0.0831,0.2503,0.1551
grid,targeted,targeted,1,0.1,global,9,storm2,100,1.0,0.25,306,c09_storm2_w80_u100_0026,2253,5006.202000,1946.808400,1938.243600,4109.313600,1938.950400,0.2413,0.0244,0.2497,0.1297
grid,targeted,targeted,1,0.1,global,9,storm2,100,1.0,0.25,306,c09_storm2_w80_u100_0027,2253,2535.368000,1742.105600,1685.882800,2061.197200,1671.209200,0.2454,0.0103,0.2476,0.0844
grid,targeted,targeted,1,0.1,global,9,storm2,100,1.0,0.25,306,c09_storm2_w80_u100_0028,2253,2083.722400,1301.703200,1316.495200,2021.848800,1306.412400,0.2441,0.0026,0.2498,0.0533
grid,targeted,targeted,1,0.1,global,9,storm2,100,1.0,0.25,306,c09_storm2_w80_u100_0029,2253,4540.255600,1778.137200,1226.778800,2328.602400,1404.070800,0.2490,0.0512,0.2490,0.1091
grid,targeted,targeted,1,0.1,global,9,storm2,100,1.0,0.25,307,c09_storm2_w80_u100_0020,2253,2113.920800,1657.240000,1660.290800,1974.308800,1638.947600,0.2491,0.0144,0.2494,0.0815
grid,targeted,targeted,1,0.1,global,9,storm2,100,1.0,0.25,307,c09_storm2_w80_u100_0021,2253,2468.501600,2127.234400,2178.691200,2425.110000,2131.294400,0.2465,0.0055,0.2495,0.0757
grid,targeted,targeted,1,0.1,global,9,storm2,100,1.0,0.25,307,c09_storm2_w80_u100_0022,2253,1216.011200,1049.648000,991.862400,1099.216000,1037.553200,0.2485,0.0107,0.2503,0.0267
grid,targeted,targeted,1,0.1,global,9,storm2,100,1.0,0.25,307,c09_storm2_w80_u100_0023,2253,5676.362400,2936.581600,2621.206400,4018.612400,2818.485200,0.2504,0.0678,0.2496,0.1415
grid,targeted,targeted,1,0.1,global,9,storm2,100,1.0,0.25,307,c09_storm2_w80_u100_0024,2253,4396.206800,2457.105200,1996.894800,2834.593600,2041.726000,0.2503,0.0532,0.2502,0.1162
grid,targeted,targeted,1,0.1,global,9,storm2,100,1.0,0.25,307,c09_storm2_w80_u100_0025,2253,6411.756400,3136.482800,2533.840800,4054.931600,2764.397600,0.2503,0.0674,0.2503,0.1551
grid,targeted,targeted,1,0.1,global,9,storm2,100,1.0,0.25,307,c09_storm2_w80_u100_0026,2253,5006.202000,2910.970800,1938.243600,4109.313600,2599.986400,0.2457,0.0598,0.2497,0.1297
grid,targeted,targeted,1,0.1,global,9,storm2,100,1.0,0.25,307,c09_storm2_w80_u100_0027,2253,2535.368000,1714.268400,1685.882800,2061.197200,1661.381200,0.2451,0.0284,0.2476,0.0844
grid,targeted,targeted,1,0.1,global,9,storm2,100,1.0,0.25,307,c09_storm2_w80_u100_0028,2253,2083.722400,1305.128400,1316.495200,2021.848800,1305.128400,0.2462,0.0051,0.2498,0.0533
grid,targeted,targeted,1,0.1,global,9,storm2,100,1.0,0.25,307,c09_storm2_w80_u100_0029,2253,4540.255600,1857.731600,1226.778800,2328.602400,1563.220400,0.2492,0.0444,0.2490,0.1091
grid,targeted,targeted,1,0.1,global,9,storm2,100,1.0,0.25,308,c09_storm2_w80_u100_0020,2253,2113.920800,1667.142800,1660.290800,1974.308800,1648.430800,0.2452,0.0244,0.2494,0.0815
grid,targeted,targeted,1,0.1,global,9,storm2,100,1.0,0.25,308,c09_storm2_w80_u100_0021,2253,2468.501600,2134.795200,2178.691200,2425.110000,2134.795200,0.2448,0.0110,0.2495,0.0757
grid,targeted,targeted,1,0.1,global,9,storm2,100,1.0,0.25,308,c09_storm2_w80_u100_0022,2253,1216.011200,987.084000,991.862400,1099.216000,1011.512800,0.2485,0.0133,0.2503,0.0267
grid,targeted,targeted,1,0.1,global,9,storm2,100,1.0,0.25,308,c09_storm2_w80_u100_0023,2253,5676.362400,2835.168800,2621.206400,4018.612400,2712.423200,0.2501,0.0584,0.2496,0.1415
grid,targeted,targeted,1,0.1,global,9,storm2,100,1.0,0.25,308,c09_storm2_w80_u100_0024,2253,4396.206800,2160.917600,1996.894800,2834.593600,1969.649600,0.2503,0.0530,0.2502,0.1162
grid,targeted,targeted,1,0.1,global,9,storm2,100,1.0,0.25,308,c09_storm2_w80_u100_0025,2253,6411.756400,2909.652800,2533.840800,4054.931600,2563.056400,0.2503,0.0719,0.2503,0.1551
grid,targeted,targeted,1,0.1,global,9,storm2,100,1.0,0.25,308,c09_storm2_w80_u100_0026,2253,5006.202000,1921.485600,1938.243600,4109.313600,1921.485600,0.2390,0.0074,0.2497,0.1297
grid,targeted,targeted,1,0.1,global,9,storm2,100,1.0,0.25,308,c09_storm2_w80_u100_0027,2253,2535.368000,1774.982800,1685.882800,2061.197200,1687.217600,0.2440,0.0208,0.2476,0.0844
grid,targeted,targeted,1,0.1,global,9,storm2,100,1.0,0.25,308,c09_storm2_w80_u100_0028,2253,2083.722400,1306.886000,1316.495200,2021.848800,1307.273600,0.2416,0.0026,0.2498,0.0533
grid,targeted,targeted,1,0.1,global,9,storm2,100,1.0,0.25,308,c09_storm2_w80_u100_0029,2253,4540.255600,1710.010800,1226.778800,2328.602400,1239.205200,0.2479,0.0447,0.2490,0.1091
grid,targeted,targeted,1,0.1,global,9,storm2,100,1.0,0.25,309,c09_storm2_w80_u100_0020,2253,2113.920800,1676.842000,1660.290800,1974.308800,1661.126000,0.2455,0.0170,0.2494,0.0815
grid,targeted,targeted,1,0.1,global,9,storm2,100,1.0,0.25,309,c09_storm2_w80_u100_0021,2253,2468.501600,2132.595200,2178.691200,2425.110000,2131.956000,0.2468,0.0027,0.2495,0.0757
grid,targeted,targeted,1,0.1,global,9,storm2,100,1.0,0.25,309,c09_storm2_w80_u100_0022,2253,1216.011200,995.988400,991.862400,1099.216000,995.665200,0.2488,0.0106,0.2503,0.0267
grid,targeted,targeted,1,0.1,global,9,storm2,100,1.0,0.25,309,c09_storm2_w80_u100_0023,2253,5676.362400,2567.510000,2621.206400,4018.612400,2563.408400,0.2504,0.0210,0.2496,0.1415
grid,targeted,targeted,1,0.1,global,9,storm2,100,1.0,0.25,309,c09_storm2_w80_u100_0024,2253,4396.206800,1971.350000,1996.894800,2834.593600,1963.058400,0.2500,0.0150,0.2502,0.1162
grid,targeted,targeted,1,0.1,global,9,storm2,100,1.0,0.25,309,c09_storm2_w80_u100_0025,2253,6411.756400,2544.779600,2533.840800,4054.931600,2499.418400,0.2499,0.0270,0.2503,0.1551
grid,targeted,targeted,1,0.1,global,9,storm2,100,1.0,0.25,309,c09_storm2_w80_u100_0026,2253,5006.202000,2182.351200,1938.243600,4109.313600,2032.793200,0.2425,0.0483,0.2497,0.1297
grid,targeted,targeted,1,0.1,global,9,storm2,100,1.0,0.25,309,c09_storm2_w80_u100_0027,2253,2535.368000,1672.316400,1685.882800,2061.197200,1664.201200,0.2448,0.0052,0.2476,0.0844
grid,targeted,targeted,1,0.1,global,9,storm2,100,1.0,0.25,309,c09_storm2_w80_u100_0028,2253,2083.722400,1296.974000,1316.495200,2021.848800,1296.974000,0.2448,0.0026,0.2498,0.0533
grid,targeted,targeted,1,0.1,global,9,storm2,100,1.0,0.25,309,c09_storm2_w80_u100_0029,2253,4540.255600,1238.053600,1226.778800,2328.602400,1229.961600,0.2489,0.0223,0.2490,0.1091
grid,targeted,targeted,1,0.1,global,9,storm2,100,1.0,0.25,310,c09_storm2_w80_u100_0020,2253,2113.920800,1667.586000,1660.290800,1974.308800,1651.644000,0.2482,0.0217,0.2494,0.0815
grid,targeted,targeted,1,0.1,global,9,storm2,100,1.0,0.25,310,c09_storm2_w80_u100_0021,2253,2468.501600,2127.496800,2178.691200,2425.110000,2121.915200,0.2421,0.0111,0.2495,0.0757
grid,targeted,targeted,1,0.1,global,9,storm2,100,1.0,0.25,310,c09_storm2_w80_u100_0022,2253,1216.011200,1005.930400,991.862400,1099.216000,992.808000,0.2492,0.0133,0.2503,0.0267
grid,targeted,targeted,1,0.1,global,9,storm2,100,1.0,0.25,310,c09_storm2_w80_u100_0023,2253,5676.362400,3097.488800,2621.206400,4018.612400,2860.976000,0.2497,0.0609,0.2496,0.1415
grid,targeted,targeted,1,0.1,global,9,storm2,100,1.0,0.25,310,c09_storm2_w80_u100_0024,2253,4396.206800,2742.808000,1996.894800,2834.593600,2193.053600,0.2500,0.0657,0.2502,0.1162
grid,targeted,targeted,1,0.1,global,9,storm2,100,1.0,0.25,310,c09_storm2_w80_u100_0025,2253,6411.756400,3381.978000,2533.840800,4054.931600,2701.841200,0.2501,0.0764,0.2503,0.1551
grid,targeted,targeted,1,0.1,global,9,storm2,100,1.0,0.25,310,c09_storm2_w80_u100_0026,2253,5006.202000,2019.015200,1938.243600,4109.313600,1978.267600,0.2419,0.0292,0.2497,0.1297
grid,targeted,targeted,1,0.1,global,9,storm2,100,1.0,0.25,310,c09_storm2_w80_u100_0027,2253,2535.368000,1725.056000,1685.882800,2061.197200,1659.762000,0.2478,0.0357,0.2476,0.0844
grid,targeted,targeted,1,0.1,global,9,storm2,100,1.0,0.25,310,c09_storm2_w80_u100_0028,2253,2083.722400,1304.830400,1316.495200,2021.848800,1304.830400,0.2441,0.0000,0.2498,0.0533
grid,targeted,targeted,1,0.1,global,9,storm2,100,1.0,0.25,310,c09_storm2_w80_u100_0029,2253,4540.255600,2231.475200,1226.778800,2328.602400,1592.478000,0.2492,0.0646,0.2490,0.1091
grid,targeted,targeted,1,0.1,global,9,storm2,100,0.75,0.5,304,c09_storm2_w80_u100_0020,2253,1970.798400,1562.982000,1483.052800,1680.348400,1450.216800,0.4904,0.0292,0.4976,0.0721
grid,targeted,targeted,1,0.1,global,9,storm2,100,0.75,0.5,304,c09_storm2_w80_u100_0021,2253,2264.009600,1965.153200,1971.832800,2169.965200,1923.357600,0.4785,0.0183,0.5003,0.0512
grid,targeted,targeted,1,0.1,global,9,storm2,100,0.75,0.5,304,c09_storm2_w80_u100_0022,2253,1037.825200,1020.223200,943.385600,998.911600,957.317200,0.4964,0.0120,0.5003,0.0267
grid,targeted,targeted,1,0.1,global,9,storm2,100,0.75,0.5,304,c09_storm2_w80_u100_0023,2253,5139.423200,3181.388800,2455.561600,3249.190400,2593.664000,0.5000,0.0468,0.4997,0.1131
grid,targeted,targeted,1,0.1,global,9,storm2,100,0.75,0.5,304,c09_storm2_w80_u100_0024,2253,3391.733200,2388.174000,1671.604000,2130.513200,1689.580000,0.5000,0.0338,0.5003,0.0543
grid,targeted,targeted,1,0.1,global,9,storm2,100,0.75,0.5,304,c09_storm2_w80_u100_0025,2253,5774.884000,3751.332400,2693.900800,3255.178400,2747.655200,0.4992,0.0473,0.5000,0.0911
grid,targeted,targeted,1,0.1,global,9,storm2,100,0.75,0.5,304,c09_storm2_w80_u100_0026,2253,3948.285600,2142.944000,1935.640400,2375.843200,2019.912400,0.4782,0.0283,0.4876,0.0833
grid,targeted,targeted,1,0.1,global,9,storm2,100,0.75,0.5,304,c09_storm2_w80_u100_0027,2253,2795.221600,2189.908800,1847.675600,2233.856800,1867.954000,0.4990,0.0254,0.4997,0.0507
grid,targeted,targeted,1,0.1,global,9,storm2,100,0.75,0.5,304,c09_storm2_w80_u100_0028,2253,1959.486400,1583.426000,1501.540800,1875.970000,1504.025200,0.4858,0.0130,0.4984,0.0407
grid,targeted,targeted,1,0.1,global,9,storm2,100,0.75,0.5,304,c09_storm2_w80_u100_0029,2253,4020.284800,2378.741600,1393.838000,1554.053600,1409.794000,0.4978,0.0425,0.4986,0.0756
grid,targeted,targeted,1,0.1,global,9,storm2,100,0.75,0.5,306,c09_storm2_w80_u100_0020,2253,1970.798400,1562.227600,1483.052800,1680.348400,1453.479600,0.4916,0.0267,0.4976,0.0721
grid,targeted,targeted,1,0.1,global,9,storm2,100,0.75,0.5,306,c09_storm2_w80_u100_0021,2253,2264.009600,2024.926000,1971.832800,2169.965200,1933.210000,0.4892,0.0083,0.5003,0.0512
grid,targeted,targeted,1,0.1,global,9,storm2,100,0.75,0.5,306,c09_storm2_w80_u100_0022,2253,1037.825200,946.115600,943.385600,998.911600,935.247200,0.4993,0.0093,0.5003,0.0267
grid,targeted,targeted,1,0.1,global,9,storm2,100,0.75,0.5,306,c09_storm2_w80_u100_0023,2253,5139.423200,3245.830800,2455.561600,3249.190400,2642.496400,0.4988,0.0646,0.4997,0.1131
grid,targeted,targeted,1,0.1,global,9,storm2,100,0.75,0.5,306,c09_storm2_w80_u100_0024,2253,3391.733200,2144.404400,1671.604000,2130.513200,1685.666400,0.5000,0.0377,0.5003,0.0543
grid,targeted,targeted,1,0.1,global,9,storm2,100,0.75,0.5,306,c09_storm2_w80_u100_0025,2253,5774.884000,3423.525200,2693.900800,3255.178400,2719.846800,0.5003,0.0405,0.5000,0.0911
grid,targeted,targeted,1,0.1,global,9,storm2,100,0.75,0.5,306,c09_storm2_w80_u100_0026,2253,3948.285600,2303.151600,1935.640400,2375.843200,1994.188400,0.4809,0.0355,0.4876,0.0833
grid,targeted,targeted,1,0.1,global,9,storm2,100,0.75,0.5,306,c09_storm2_w80_u100_0027,2253,2795.221600,1975.336800,1847.675600,2233.856800,1856.580800,0.4940,0.0205,0.4997,0.0507
grid,targeted,targeted,1,0.1,global,9,storm2,100,0.75,0.5,306,c09_storm2_w80_u100_0028,2253,1959.486400,1531.166800,1501.540800,1875.970000,1492.385600,0.4845,0.0144,0.4984,0.0407
grid,targeted,targeted,1,0.1,global,9,storm2,100,0.75,0.5,306,c09_storm2_w80_u100_0029,2253,4020.284800,2120.311200,1393.838000,1554.053600,1380.288800,0.4981,0.0378,0.4986,0.0756
grid,targeted,targeted,1,0.1,global,9,storm2,100,0.75,0.5,303,c09_storm2_w80_u100_0020,2253,1970.798400,1541.922000,1483.052800,1680.348400,1462.438400,0.4910,0.0341,0.4976,0.0721
grid,targeted,targeted,1,0.1,global,9,storm2,100,0.75,0.5,303,c09_storm2_w80_u100_0021,2253,2264.009600,2061.313600,1971.832800,2169.965200,1922.133200,0.4973,0.0244,0.5003,0.0512
grid,targeted,targeted,1,0.1,global,9,storm2,100,0.75,0.5,303,c09_storm2_w80_u100_0022,2253,1037.825200,1042.341200,943.385600,998.911600,939.138000,0.5000,0.0172,0.5003,0.0267
grid,targeted,targeted,1,0.1,global,9,storm2,100,0.75,0.5,303,c09_storm2_w80_u100_0023,2253,5139.423200,3259.141200,2455.561600,3249.190400,2592.751600,0.4988,0.0610,0.4997,0.1131
grid,targeted,targeted,1,0.1,global,9,storm2,100,0.75,0.5,303,c09_storm2_w80_u100_0024,2253,3391.733200,2222.311200,1671.604000,2130.513200,1683.508400,0.5000,0.0314,0.5003,0.0543
grid,targeted,targeted,1,0.1,global,9,storm2,100,0.75,0.5,303,c09_storm2_w80_u100_0025,2253,5774.884000,3718.445200,2693.900800,3255.178400,2763.613200,0.4983,0.0485,0.5000,0.0911
grid,targeted,targeted,1,0.1,global,9,storm2,100,0.75,0.5,303,c09_storm2_w80_u100_0026,2253,3948.285600,2673.414000,1935.640400,2375.843200,2032.918000,0.4812,0.0379,0.4876,0.0833
grid,targeted,targeted,1,0.1,global,9,storm2,100,0.75,0.5,303,c09_storm2_w80_u100_0027,2253,2795.221600,2177.039200,1847.675600,2233.856800,1866.541200,0.4959,0.0243,0.4997,0.0507
grid,targeted,targeted,1,0.1,global,9,storm2,100,0.75,0.5,303,c09_storm2_w80_u100_0028,2253,1959.486400,1543.416000,1501.540800,1875.970000,1495.730800,0.4949,0.0257,0.4984,0.0407
grid,targeted,targeted,1,0.1,global,9,storm2,100,0.75,0.5,303,c09_storm2_w80_u100_0029,2253,4020.284800,2124.571200,1393.838000,1554.053600,1388.066800,0.4981,0.0379,0.4986,0.0756
grid,targeted,targeted,1,0.1,global,9,storm2,100,0.75,0.5,307,c09_storm2_w80_u100_0020,2253,1970.798400,1799.586000,1483.052800,1680.348400,1455.450400,0.4940,0.0375,0.4976,0.0721
grid,targeted,targeted,1,0.1,global,9,storm2,100,0.75,0.5,307,c09_storm2_w80_u100_0021,2253,2264.009600,2029.079200,1971.832800,2169.965200,1956.056000,0.4956,0.0204,0.5003,0.0512
grid,targeted,targeted,1,0.1,global,9,storm2,100,0.75,0.5,307,c09_storm2_w80_u100_0022,2253,1037.825200,977.957200,943.385600,998.911600,919.721200,0.4987,0.0173,0.5003,0.0267
grid,targeted,targeted,1,0.1,global,9,storm2,100,0.75,0.5,307,c09_storm2_w80_u100_0023,2253,5139.423200,3275.519600,2455.561600,3249.190400,2574.807200,0.5000,0.0646,0.4997,0.1131
grid,targeted,targeted,1,0.1,global,9,storm2,100,0.75,0.5,307,c09_storm2_w80_u100_0024,2253,3391.733200,2603.298400,1671.604000,2130.513200,1739.635200,0.5003,0.0367,0.5003,0.0543
grid,targeted,targeted,1,0.1,global,9,storm2,100,0.75,0.5,307,c09_storm2_w80_u100_0025,2253,5774.884000,3707.626800,2693.900800,3255.178400,2746.337200,0.5000,0.0439,0.5000,0.0911
grid,targeted,targeted,1,0.1,global,9,storm2,100,0.75,0.5,307,c09_storm2_w80_u100_0026,2253,3948.285600,2544.830400,1935.640400,2375.843200,2114.706400,0.4826,0.0476,0.4876,0.0833
grid,targeted,targeted,1,0.1,global,9,storm2,100,0.75,0.5,307,c09_storm2_w80_u100_0027,2253,2795.221600,2216.994800,1847.675600,2233.856800,1850.976000,0.4927,0.0257,0.4997,0.0507
grid,targeted,targeted,1,0.1,global,9,storm2,100,0.75,0.5,307,c09_storm2_w80_u100_0028,2253,1959.486400,1716.915200,1501.540800,1875.970000,1506.844800,0.4933,0.0219,0.4984,0.0407
grid,targeted,targeted,1,0.1,global,9,storm2,100,0.75,0.5,307,c09_storm2_w80_u100_0029,2253,4020.284800,2290.788000,1393.838000,1554.053600,1502.854400,0.4994,0.0322,0.4986,0.0756
grid,targeted,targeted,1,0.1,global,9,storm2,100,0.75,0.5,308,c09_storm2_w80_u100_0020,2253,1970.798400,1697.055600,1483.052800,1680.348400,1472.134800,0.4958,0.0349,0.4976,0.0721
grid,targeted,targeted,1,0.1,global,9,storm2,100,0.75,0.5,308,c09_storm2_w80_u100_0021,2253,2264.009600,2032.526800,1971.832800,2169.965200,1961.283600,0.4922,0.0137,0.5003,0.0512
grid,targeted,targeted,1,0.1,global,9,storm2,100,0.75,0.5,308,c09_storm2_w80_u100_0022,2253,1037.825200,975.678800,943.385600,998.911600,928.473600,0.5003,0.0106,0.5003,0.0267
grid,targeted,targeted,1,0.1,global,9,storm2,100,0.75,0.5,308,c09_storm2_w80_u100_0023,2253,5139.423200,3340.062400,2455.561600,3249.190400,2597.814000,0.4994,0.0551,0.4997,0.1131
grid,targeted,targeted,1,0.1,global,9,storm2,100,0.75,0.5,308,c09_storm2_w80_u100_0024,2253,3391.733200,2507.465200,1671.604000,2130.513200,1678.868000,0.5000,0.0302,0.5003,0.0543
grid,targeted,targeted,1,0.1,global,9,storm2,100,0.75,0.5,308,c09_storm2_w80_u100_0025,2253,5774.884000,3359.888000,2693.900800,3255.178400,2759.690800,0.5000,0.0462,0.5000,0.0911
grid,targeted,targeted,1,0.1,global,9,storm2,100,0.75,0.5,308,c09_storm2_w80_u100_0026,2253,3948.285600,2320.830400,1935.640400,2375.843200,2034.918000,0.4829,0.0183,0.4876,0.0833
grid,targeted,targeted,1,0.1,global,9,storm2,100,0.75,0.5,308,c09_storm2_w80_u100_0027,2253,2795.221600,2311.562000,1847.675600,2233.856800,1868.438000,0.4937,0.0205,0.4997,0.0507
grid,targeted,targeted,1,0.1,global,9,storm2,100,0.75,0.5,308,c09_storm2_w80_u100_0028,2253,1959.486400,1586.704800,1501.540800,1875.970000,1499.490400,0.4914,0.0143,0.4984,0.0407
grid,targeted,targeted,1,0.1,global,9,storm2,100,0.75,0.5,308,c09_storm2_w80_u100_0029,2253,4020.284800,2189.169600,1393.838000,1554.053600,1392.983200,0.4981,0.0412,0.4986,0.0756
grid,targeted,targeted,1,0.1,global,9,storm2,100,0.75,0.5,309,c09_storm2_w80_u100_0020,2253,1970.798400,1556.207200,1483.052800,1680.348400,1448.230000,0.4875,0.0404,0.4976,0.0721
grid,targeted,targeted,1,0.1,global,9,storm2,100,0.75,0.5,309,c09_storm2_w80_u100_0021,2253,2264.009600,1961.438400,1971.832800,2169.965200,1909.235200,0.4916,0.0151,0.5003,0.0512
grid,targeted,targeted,1,0.1,global,9,storm2,100,0.75,0.5,309,c09_storm2_w80_u100_0022,2253,1037.825200,936.724800,943.385600,998.911600,917.747200,0.4977,0.0120,0.5003,0.0267
grid,targeted,targeted,1,0.1,global,9,storm2,100,0.75,0.5,309,c09_storm2_w80_u100_0023,2253,5139.423200,3234.202400,2455.561600,3249.190400,2506.227200,0.4988,0.0610,0.4997,0.1131
grid,targeted,targeted,1,0.1,global,9,storm2,100,0.75,0.5,309,c09_storm2_w80_u100_0024,2253,3391.733200,2425.756800,1671.604000,2130.513200,1678.432000,0.5003,0.0315,0.5003,0.0543
grid,targeted,targeted,1,0.1,global,9,storm2,100,0.75,0.5,309,c09_storm2_w80_u100_0025,2253,5774.884000,3658.898400,2693.900800,3255.178400,2780.500800,0.4997,0.0416,0.5000,0.0911
grid,targeted,targeted,1,0.1,global,9,storm2,100,0.75,0.5,309,c09_storm2_w80_u100_0026,2253,3948.285600,2265.957600,1935.640400,2375.843200,2014.126400,0.4826,0.0330,0.4876,0.0833
grid,targeted,targeted,1,0.1,global,9,storm2,100,0.75,0.5,309,c09_storm2_w80_u100_0027,2253,2795.221600,2143.281200,1847.675600,2233.856800,1846.918400,0.4940,0.0256,0.4997,0.0507
grid,targeted,targeted,1,0.1,global,9,storm2,100,0.75,0.5,309,c09_storm2_w80_u100_0028,2253,1959.486400,1531.471600,1501.540800,1875.970000,1498.576800,0.4896,0.0090,0.4984,0.0407
grid,targeted,targeted,1,0.1,global,9,storm2,100,0.75,0.5,309,c09_storm2_w80_u100_0029,2253,4020.284800,2427.623200,1393.838000,1554.053600,1381.632000,0.4981,0.0412,0.4986,0.0756
grid,targeted,targeted,1,0.1,global,9,storm2,100,0.75,0.5,310,c09_storm2_w80_u100_0020,2253,1970.798400,1636.522400,1483.052800,1680.348400,1479.459200,0.4964,0.0385,0.4976,0.0721
grid,targeted,targeted,1,0.1,global,9,storm2,100,0.75,0.5,310,c09_storm2_w80_u100_0021,2253,2264.009600,1987.931200,1971.832800,2169.965200,1925.272800,0.4939,0.0191,0.5003,0.0512
grid,targeted,targeted,1,0.1,global,9,storm2,100,0.75,0.5,310,c09_storm2_w80_u100_0022,2253,1037.825200,939.715600,943.385600,998.911600,928.400000,0.5003,0.0172,0.5003,0.0267
grid,targeted,targeted,1,0.1,global,9,storm2,100,0.75,0.5,310,c09_storm2_w80_u100_0023,2253,5139.423200,3233.132000,2455.561600,3249.190400,2548.624400,0.5000,0.0621,0.4997,0.1131
grid,targeted,targeted,1,0.1,global,9,storm2,100,0.75,0.5,310,c09_storm2_w80_u100_0024,2253,3391.733200,2700.449600,1671.604000,2130.513200,1651.431200,0.5000,0.0405,0.5003,0.0543
grid,targeted,targeted,1,0.1,global,9,storm2,100,0.75,0.5,310,c09_storm2_w80_u100_0025,2253,5774.884000,3583.226400,2693.900800,3255.178400,2743.713200,0.5003,0.0416,0.5000,0.0911
grid,targeted,targeted,1,0.1,global,9,storm2,100,0.75,0.5,310,c09_storm2_w80_u100_0026,2253,3948.285600,2639.396000,1935.640400,2375.843200,2101.106400,0.4809,0.0477,0.4876,0.0833
grid,targeted,targeted,1,0.1,global,9,storm2,100,0.75,0.5,310,c09_storm2_w80_u100_0027,2253,2795.221600,2254.256400,1847.675600,2233.856800,1888.036400,0.4930,0.0257,0.4997,0.0507
grid,targeted,targeted,1,0.1,global,9,storm2,100,0.75,0.5,310,c09_storm2_w80_u100_0028,2253,1959.486400,1570.004000,1501.540800,1875.970000,1490.231200,0.4908,0.0168,0.4984,0.0407
grid,targeted,targeted,1,0.1,global,9,storm2,100,0.75,0.5,310,c09_storm2_w80_u100_0029,2253,4020.284800,2190.429200,1393.838000,1554.053600,1510.450000,0.4992,0.0300,0.4986,0.0756
grid,stability,stability,1,0.1,global,9,storm2,100,1.0,0.5,302,c09_storm2_w80_u100_0020,2253,2113.920800,1666.039600,1660.290800,1891.944800,1643.970800,0.4958,0.0084,0.4982,0.0684
grid,stability,stability,1,0.1,global,9,storm2,100,1.0,0.5,302,c09_storm2_w80_u100_0021,2253,2468.501600,2136.280000,2178.691200,2286.235200,2127.552800,0.4990,0.0108,0.4997,0.0553
grid,stability,stability,1,0.1,global,9,storm2,100,1.0,0.5,302,c09_storm2_w80_u100_0022,2253,1216.011200,983.295600,991.862400,1062.854000,997.898800,0.4944,0.0080,0.4973,0.0135
grid,stability,stability,1,0.1,global,9,storm2,100,1.0,0.5,302,c09_storm2_w80_u100_0023,2253,5676.362400,2788.402800,2621.206400,3387.826400,2669.283200,0.4854,0.0675,0.4897,0.1418
grid,stability,stability,1,0.1,global,9,storm2,100,1.0,0.5,302,c09_storm2_w80_u100_0024,2253,4396.206800,2118.254400,1996.894800,2466.018000,1998.718800,0.4814,0.0144,0.4908,0.0785
grid,stability,stability,1,0.1,global,9,storm2,100,1.0,0.5,302,c09_storm2_w80_u100_0025,2253,6411.756400,2711.446800,2533.840800,3650.020800,2523.089600,0.4862,0.0370,0.4893,0.1069
grid,stability,stability,1,0.1,global,9,storm2,100,1.0,0.5,302,c09_storm2_w80_u100_0026,2253,5006.202000,2164.822800,1938.243600,3039.632000,2091.622000,0.4997,0.0330,0.5000,0.1237
grid,stability,stability,1,0.1,global,9,storm2,100,1.0,0.5,302,c09_storm2_w80_u100_0027,2253,2535.368000,1673.254400,1685.882800,1962.473200,1670.639600,0.4975,0.0064,0.4953,0.0448
grid,stability,stability,1,0.1,global,9,storm2,100,1.0,0.5,302,c09_storm2_w80_u100_0028,2253,2083.722400,1302.626000,1316.495200,2071.525600,1302.626000,0.4997,0.0000,0.4997,0.0470
grid,stability,stability,1,0.1,global,9,storm2,100,1.0,0.5,302,c09_storm2_w80_u100_0029,2253,4540.255600,1602.163200,1226.778800,1449.160000,1228.033600,0.4889,0.0443,0.4897,0.0804
grid,stability,stability,1,0.1,global,9,storm2,100,1.0,0.5,301,c09_storm2_w80_u100_0020,2253,2113.920800,1680.227600,1660.290800,1905.517200,1638.555600,0.4970,0.0084,0.4988,0.0516
grid,stability,stability,1,0.1,global,9,storm2,100,1.0,0.5,301,c09_storm2_w80_u100_0021,2253,2468.501600,2128.722400,2178.691200,2286.235200,2128.616800,0.4997,0.0108,0.4997,0.0553
grid,stability,stability,1,0.1,global,9,storm2,100,1.0,0.5,301,c09_storm2_w80_u100_0022,2253,1216.011200,986.653600,991.862400,1053.871600,994.134800,0.4957,0.0107,0.4966,0.0162
grid,stability,stability,1,0.1,global,9,storm2,100,1.0,0.5,301,c09_storm2_w80_u100_0023,2253,5676.362400,2639.436400,2621.206400,3474.407600,2639.303200,0.4924,0.0570,0.4903,0.1261
grid,stability,stability,1,0.1,global,9,storm2,100,1.0,0.5,301,c09_storm2_w80_u100_0024,2253,4396.206800,2003.307600,1996.894800,2485.107200,1969.790400,0.4852,0.0169,0.4908,0.0837
grid,stability,stability,1,0.1,global,9,storm2,100,1.0,0.5,301,c09_storm2_w80_u100_0025,2253,6411.756400,2539.062800,2533.840800,3663.849600,2494.842400,0.4851,0.0174,0.4899,0.1068
grid,stability,stability,1,0.1,global,9,storm2,100,1.0,0.5,301,c09_storm2_w80_u100_0026,2253,5006.202000,2036.600000,1938.243600,3007.291600,1980.988000,0.4997,0.0177,0.5000,0.1249
grid,stability,stability,1,0.1,global,9,storm2,100,1.0,0.5,301,c09_storm2_w80_u100_0027,2253,2535.368000,1761.848400,1685.882800,1960.710000,1664.278000,0.4953,0.0064,0.4953,0.0460
grid,stability,stability,1,0.1,global,9,storm2,100,1.0,0.5,301,c09_storm2_w80_u100_0028,2253,2083.722400,1302.994400,1316.495200,2069.366800,1302.769200,0.4997,0.0013,0.4997,0.0482
grid,stability,stability,1,0.1,global,9,storm2,100,1.0,0.5,301,c09_storm2_w80_u100_0029,2253,4540.255600,1273.185200,1226.778800,1432.689600,1222.839600,0.4920,0.0237,0.4920,0.0789
grid,stability,stability,1,0.1,global,9,storm2,100,1.0,0.5,304,c09_storm2_w80_u100_0020,2253,2113.920800,1791.236000,1660.290800,1901.528000,1634.040400,0.4976,0.0433,0.4982,0.0576
grid,stability,stability,1,0.1,global,9,storm2,100,1.0,0.5,304,c09_storm2_w80_u100_0021,2253,2468.501600,2177.558400,2178.691200,2286.235200,2125.554400,0.4997,0.0054,0.4990,0.0554
grid,stability,stability,1,0.1,global,9,storm2,100,1.0,0.5,304,c09_storm2_w80_u100_0022,2253,1216.011200,1003.177200,991.862400,1064.610800,1013.235600,0.4937,0.0054,0.4980,0.0148
grid,stability,stability,1,0.1,global,9,storm2,100,1.0,0.5,304,c09_storm2_w80_u100_0023,2253,5676.362400,3100.840000,2621.206400,3630.436400,2630.424000,0.4906,0.0536,0.4832,0.1194
grid,stability,stability,1,0.1,global,9,storm2,100,1.0,0.5,304,c09_storm2_w80_u100_0024,2253,4396.206800,2340.972400,1996.894800,2699.113200,1987.738000,0.4908,0.0142,0.4896,0.0735
grid,stability,stability,1,0.1,global,9,storm2,100,1.0,0.5,304,c09_storm2_w80_u100_0025,2253,6411.756400,2960.683200,2533.840800,3679.474000,2510.296800,0.4896,0.0230,0.4882,0.1175
grid,stability,stability,1,0.1,global,9,storm2,100,1.0,0.5,304,c09_storm2_w80_u100_0026,2253,5006.202000,2079.859600,1938.243600,3525.557200,1963.052400,0.4988,0.0236,0.5000,0.1154
grid,stability,stability,1,0.1,global,9,storm2,100,1.0,0.5,304,c09_storm2_w80_u100_0027,2253,2535.368000,1801.208400,1685.882800,1962.473200,1671.484400,0.4959,0.0077,0.4953,0.0448
grid,stability,stability,1,0.1,global,9,storm2,100,1.0,0.5,304,c09_storm2_w80_u100_0028,2253,2083.722400,1302.882400,1316.495200,2069.366800,1302.882400,0.4994,0.0000,0.4997,0.0482
grid,stability,stability,1,0.1,global,9,storm2,100,1.0,0.5,304,c09_storm2_w80_u100_0029,2253,4540.255600,1621.951200,1226.778800,1662.410800,1229.706800,0.4942,0.0247,0.4936,0.0787
grid,stability,stability,1,0.1,global,9,storm2,100,1.0,0.5,303,c09_storm2_w80_u100_0020,2253,2113.920800,1667.992000,1660.290800,1905.585600,1657.778800,0.4970,0.0193,0.4982,0.0528
grid,stability,stability,1,0.1,global,9,storm2,100,1.0,0.5,303,c09_storm2_w80_u100_0021,2253,2468.501600,2129.457600,2178.691200,2286.222000,2121.687200,0.4997,0.0081,0.4997,0.0540
grid,stability,stability,1,0.1,global,9,storm2,100,1.0,0.5,303,c09_storm2_w80_u100_0022,2253,1216.011200,982.314400,991.862400,1062.854000,993.768400,0.4934,0.0054,0.4953,0.0135
grid,stability,stability,1,0.1,global,9,storm2,100,1.0,0.5,303,c09_storm2_w80_u100_0023,2253,5676.362400,2960.295600,2621.206400,3252.552000,2713.445200,0.4889,0.0610,0.4909,0.1415
grid,stability,stability,1,0.1,global,9,storm2,100,1.0,0.5,303,c09_storm2_w80_u100_0024,2253,4396.206800,2477.513200,1996.894800,2485.107200,2016.795200,0.4877,0.0246,0.4908,0.0837
grid,stability,stability,1,0.1,global,9,storm2,100,1.0,0.5,303,c09_storm2_w80_u100_0025,2253,6411.756400,3220.278800,2533.840800,3681.977200,2508.369600,0.4857,0.0382,0.4910,0.0962
grid,stability,stability,1,0.1,global,9,storm2,100,1.0,0.5,303,c09_storm2_w80_u100_0026,2253,5006.202000,2038.594800,1938.243600,2660.702000,2009.858800,0.4997,0.0224,0.5000,0.1201
grid,stability,stability,1,0.1,global,9,storm2,100,1.0,0.5,303,c09_storm2_w80_u100_0027,2253,2535.368000,1701.305200,1685.882800,1962.473200,1671.739200,0.4959,0.0153,0.4953,0.0448
grid,stability,stability,1,0.1,global,9,storm2,100,1.0,0.5,303,c09_storm2_w80_u100_0028,2253,2083.722400,1307.380000,1316.495200,2030.961600,1302.310800,0.4997,0.0038,0.4997,0.0457
grid,stability,stability,1,0.1,global,9,storm2,100,1.0,0.5,303,c09_storm2_w80_u100_0029,2253,4540.255600,1961.778000,1226.778800,1455.522800,1243.940800,0.4936,0.0326,0.4936,0.0787
grid,stability,stability,1,0.1,global,9,storm2,100,1.0,0.5,305,c09_storm2_w80_u100_0020,2253,2113.920800,1652.964800,1660.290800,1911.983200,1645.656800,0.4943,0.0084,0.4982,0.0468
grid,stability,stability,1,0.1,global,9,storm2,100,1.0,0.5,305,c09_storm2_w80_u100_0021,2253,2468.501600,2131.716800,2178.691200,2286.235200,2123.509600,0.4997,0.0121,0.4997,0.0553
grid,stability,stability,1,0.1,global,9,storm2,100,1.0,0.5,305,c09_storm2_w80_u100_0022,2253,1216.011200,980.868400,991.862400,1062.854000,984.901600,0.4930,0.0108,0.4960,0.0135
grid,stability,stability,1,0.1,global,9,storm2,100,1.0,0.5,305,c09_storm2_w80_u100_0023,2253,5676.362400,2742.885600,2621.206400,3254.588800,2596.698400,0.4871,0.0492,0.4885,0.1446
grid,stability,stability,1,0.1,global,9,storm2,100,1.0,0.5,305,c09_storm2_w80_u100_0024,2253,4396.206800,2222.571200,1996.894800,2485.107200,1992.078800,0.4889,0.0129,0.4908,0.0837
grid,stability,stability,1,0.1,global,9,storm2,100,1.0,0.5,305,c09_storm2_w80_u100_0025,2253,6411.756400,2509.194800,2533.840800,3583.619600,2529.854000,0.4834,0.0151,0.4843,0.1185
grid,stability,stability,1,0.1,global,9,storm2,100,1.0,0.5,305,c09_storm2_w80_u100_0026,2253,5006.202000,1982.472000,1938.243600,3290.202800,1944.650400,0.4982,0.0071,0.5000,0.1237
grid,stability,stability,1,0.1,global,9,storm2,100,1.0,0.5,305,c09_storm2_w80_u100_0027,2253,2535.368000,1778.010000,1685.882800,1972.558000,1658.215600,0.4956,0.0064,0.4953,0.0448
grid,stability,stability,1,0.1,global,9,storm2,100,1.0,0.5,305,c09_storm2_w80_u100_0028,2253,2083.722400,1305.870000,1316.495200,2069.366800,1305.870000,0.4997,0.0000,0.4997,0.0482
grid,stability,stability,1,0.1,global,9,storm2,100,1.0,0.5,305,c09_storm2_w80_u100_0029,2253,4540.255600,1265.382400,1226.778800,1431.098400,1223.471200,0.4920,0.0225,0.4897,0.0793
grid,stability,stability,1,0.1,global,9,storm2,100,1.0,0.5,306,c09_storm2_w80_u100_0020,2253,2113.920800,1729.987200,1660.290800,1912.025600,1646.240400,0.4970,0.0156,0.4982,0.0576
grid,stability,stability,1,0.1,global,9,storm2,100,1.0,0.5,306,c09_storm2_w80_u100_0021,2253,2468.501600,2156.900000,2178.691200,2286.235200,2122.567200,0.4990,0.0122,0.4997,0.0553
grid,stability,stability,1,0.1,global,9,storm2,100,1.0,0.5,306,c09_storm2_w80_u100_0022,2253,1216.011200,985.139200,991.862400,1064.610800,1001.677600,0.4967,0.0120,0.4940,0.0149
grid,stability,stability,1,0.1,global,9,storm2,100,1.0,0.5,306,c09_storm2_w80_u100_0023,2253,5676.362400,3183.178000,2621.206400,3558.593600,2895.668400,0.4854,0.0627,0.4897,0.1334
grid,stability,stability,1,0.1,global,9,storm2,100,1.0,0.5,306,c09_storm2_w80_u100_0024,2253,4396.206800,2670.860800,1996.894800,2467.370000,2046.690400,0.4908,0.0335,0.4908,0.0759
grid,stability,stability,1,0.1,global,9,storm2,100,1.0,0.5,306,c09_storm2_w80_u100_0025,2253,6411.756400,3358.596400,2533.840800,3652.807600,2658.380800,0.4845,0.0441,0.4871,0.1074
grid,stability,stability,1,0.1,global,9,storm2,100,1.0,0.5,306,c09_storm2_w80_u100_0026,2253,5006.202000,1991.456000,1938.243600,3374.090400,1966.907200,0.4997,0.0224,0.5000,0.1331
grid,stability,stability,1,0.1,global,9,storm2,100,1.0,0.5,306,c09_storm2_w80_u100_0027,2253,2535.368000,1814.884000,1685.882800,1962.473200,1670.806000,0.4953,0.0141,0.4953,0.0448
grid,stability,stability,1,0.1,global,9,storm2,100,1.0,0.5,306,c09_storm2_w80_u100_0028,2253,2083.722400,1299.270400,1316.495200,2071.525600,1299.877200,0.4997,0.0038,0.4997,0.0470
grid,stability,stability,1,0.1,global,9,storm2,100,1.0,0.5,306,c09_storm2_w80_u100_0029,2253,4540.255600,2089.126000,1226.778800,1698.416400,1225.659600,0.4886,0.0488,0.4886,0.0829
grid,stability,stability,1,0.1,global,9,storm2,100,1.0,0.5,307,c09_storm2_w80_u100_0020,2253,2113.920800,1663.505200,1660.290800,1905.517200,1638.260400,0.4970,0.0096,0.4982,0.0552
grid,stability,stability,1,0.1,global,9,storm2,100,1.0,0.5,307,c09_storm2_w80_u100_0021,2253,2468.501600,2124.004000,2178.691200,2286.235200,2123.950400,0.4997,0.0013,0.4997,0.0553
grid,stability,stability,1,0.1,global,9,storm2,100,1.0,0.5,307,c09_storm2_w80_u100_0022,2253,1216.011200,1109.954800,991.862400,1052.114800,1083.180400,0.4940,0.0081,0.4987,0.0148
grid,stability,stability,1,0.1,global,9,storm2,100,1.0,0.5,307,c09_storm2_w80_u100_0023,2253,5676.362400,2625.012000,2621.206400,3104.369200,2589.393200,0.4857,0.0145,0.4915,0.1425
grid,stability,stability,1,0.1,global,9,storm2,100,1.0,0.5,307,c09_storm2_w80_u100_0024,2253,4396.206800,2030.446000,1996.894800,2481.121600,1992.880400,0.4899,0.0142,0.4921,0.0796
grid,stability,stability,1,0.1,global,9,storm2,100,1.0,0.5,307,c09_storm2_w80_u100_0025,2253,6411.756400,2683.137600,2533.840800,3679.788800,2510.852800,0.4820,0.0233,0.4916,0.0973
grid,stability,stability,1,0.1,global,9,storm2,100,1.0,0.5,307,c09_storm2_w80_u100_0026,2253,5006.202000,1971.829200,1938.243600,3092.574800,1914.695200,0.4991,0.0295,0.5000,0.1178
grid,stability,stability,1,0.1,global,9,storm2,100,1.0,0.5,307,c09_storm2_w80_u100_0027,2253,2535.368000,1760.834400,1685.882800,1955.538800,1658.796800,0.4959,0.0077,0.4953,0.0460
grid,stability,stability,1,0.1,global,9,storm2,100,1.0,0.5,307,c09_storm2_w80_u100_0028,2253,2083.722400,1307.512000,1316.495200,2028.802800,1299.964800,0.4997,0.0038,0.4997,0.0470
grid,stability,stability,1,0.1,global,9,storm2,100,1.0,0.5,307,c09_storm2_w80_u100_0029,2253,4540.255600,1319.887200,1226.778800,1435.741600,1229.775200,0.4892,0.0136,0.4953,0.0795
grid,stability,stability,1,0.1,global,9,storm2,100,1.0,0.5,308,c09_storm2_w80_u100_0020,2253,2113.920800,1783.951600,1660.290800,1908.895200,1634.949200,0.5000,0.0335,0.4988,0.0504
grid,stability,stability,1,0.1,global,9,storm2,100,1.0,0.5,308,c09_storm2_w80_u100_0021,2253,2468.501600,2177.766800,2178.691200,2286.235200,2127.803200,0.5003,0.0148,0.5003,0.0553
grid,stability,stability,1,0.1,global,9,storm2,100,1.0,0.5,308,c09_storm2_w80_u100_0022,2253,1216.011200,986.724000,991.862400,1062.854000,990.191600,0.4927,0.0081,0.4966,0.0135
grid,stability,stability,1,0.1,global,9,storm2,100,1.0,0.5,308,c09_storm2_w80_u100_0023,2253,5676.362400,3389.112800,2621.206400,3339.203200,2811.158400,0.4857,0.0711,0.4885,0.1422
grid,stability,stability,1,0.1,global,9,storm2,100,1.0,0.5,308,c09_storm2_w80_u100_0024,2253,4396.206800,2581.730000,1996.894800,2500.598000,2031.663200,0.4814,0.0236,0.4896,0.0839
grid,stability,stability,1,0.1,global,9,storm2,100,1.0,0.5,308,c09_storm2_w80_u100_0025,2253,6411.756400,3260.719200,2533.840800,3652.810800,2574.601600,0.4865,0.0451,0.4876,0.1153
grid,stability,stability,1,0.1,global,9,storm2,100,1.0,0.5,308,c09_storm2_w80_u100_0026,2253,5006.202000,2277.302800,1938.243600,3516.332000,2033.389200,0.5003,0.0471,0.5000,0.1166
grid,stability,stability,1,0.1,global,9,storm2,100,1.0,0.5,308,c09_storm2_w80_u100_0027,2253,2535.368000,1884.796400,1685.882800,1960.710000,1684.830800,0.4953,0.0166,0.4953,0.0460
grid,stability,stability,1,0.1,global,9,storm2,100,1.0,0.5,308,c09_storm2_w80_u100_0028,2253,2083.722400,1329.262000,1316.495200,2071.525600,1301.642000,0.4997,0.0063,0.4997,0.0470
grid,stability,stability,1,0.1,global,9,storm2,100,1.0,0.5,308,c09_storm2_w80_u100_0029,2253,4540.255600,1964.316400,1226.778800,1718.417600,1238.452400,0.4814,0.0380,0.4809,0.0784
grid,targeted,targeted,1,0.1,global,9,storm2,100,1.0,0.5,301,c09_storm2_w80_u100_0020,2253,2113.920800,1724.982000,1660.290800,1925.698400,1649.385200,0.4904,0.0232,0.4982,0.0516
grid,targeted,targeted,1,0.1,global,9,storm2,100,1.0,0.5,301,c09_storm2_w80_u100_0021,2253,2468.501600,2125.092800,2178.691200,2287.978400,2118.682400,0.4889,0.0124,0.4990,0.0541
grid,targeted,targeted,1,0.1,global,9,storm2,100,1.0,0.5,301,c09_storm2_w80_u100_0022,2253,1216.011200,1020.761200,991.862400,1046.292800,998.021600,0.4977,0.0027,0.5000,0.0174
grid,targeted,targeted,1,0.1,global,9,storm2,100,1.0,0.5,301,c09_storm2_w80_u100_0023,2253,5676.362400,3005.895600,2621.206400,3296.743200,2649.928000,0.5000,0.0433,0.4997,0.1107
grid,targeted,targeted,1,0.1,global,9,storm2,100,1.0,0.5,301,c09_storm2_w80_u100_0024,2253,4396.206800,2683.592400,1996.894800,2436.832800,2042.113600,0.4984,0.0317,0.4991,0.0658
grid,targeted,targeted,1,0.1,global,9,storm2,100,1.0,0.5,301,c09_storm2_w80_u100_0025,2253,6411.756400,3403.112000,2533.840800,3809.539200,2537.238400,0.5000,0.0416,0.5000,0.0967
grid,targeted,targeted,1,0.1,global,9,storm2,100,1.0,0.5,301,c09_storm2_w80_u100_0026,2253,5006.202000,2125.707200,1938.243600,3621.872800,2068.092400,0.4850,0.0231,0.4982,0.1017
grid,targeted,targeted,1,0.1,global,9,storm2,100,1.0,0.5,301,c09_storm2_w80_u100_0027,2253,2535.368000,1800.352000,1685.882800,1956.480400,1671.833200,0.4918,0.0168,0.4997,0.0520
grid,targeted,targeted,1,0.1,global,9,storm2,100,1.0,0.5,301,c09_storm2_w80_u100_0028,2253,2083.722400,1308.318000,1316.495200,2002.667600,1304.699200,0.4876,0.0052,0.4990,0.0496
grid,targeted,targeted,1,0.1,global,9,storm2,100,1.0,0.5,301,c09_storm2_w80_u100_0029,2253,4540.255600,1979.057200,1226.778800,1649.243600,1333.088800,0.4975,0.0312,0.4964,0.0771
grid,targeted,targeted,1,0.1,global,9,storm2,100,1.0,0.5,302,c09_storm2_w80_u100_0020,2253,2113.920800,1745.221600,1660.290800,1925.698400,1643.717200,0.4880,0.0123,0.4982,0.0516
grid,targeted,targeted,1,0.1,global,9,storm2,100,1.0,0.5,302,c09_storm2_w80_u100_0021,2253,2468.501600,2144.080000,2178.691200,2287.978400,2128.860800,0.4842,0.0070,0.4990,0.0541
grid,targeted,targeted,1,0.1,global,9,storm2,100,1.0,0.5,302,c09_storm2_w80_u100_0022,2253,1216.011200,992.491600,991.862400,1046.292800,999.127200,0.4970,0.0107,0.5000,0.0174
grid,targeted,targeted,1,0.1,global,9,storm2,100,1.0,0.5,302,c09_storm2_w80_u100_0023,2253,5676.362400,2663.679200,2621.206400,3296.743200,2602.590400,0.4980,0.0376,0.4997,0.1107
grid,targeted,targeted,1,0.1,global,9,storm2,100,1.0,0.5,302,c09_storm2_w80_u100_0024,2253,4396.206800,2258.246000,1996.894800,2436.832800,1986.480800,0.4965,0.0178,0.4991,0.0658
grid,targeted,targeted,1,0.1,global,9,storm2,100,1.0,0.5,302,c09_storm2_w80_u100_0025,2253,6411.756400,2962.739600,2533.840800,3809.539200,2547.018800,0.5003,0.0270,0.5000,0.0967
grid,targeted,targeted,1,0.1,global,9,storm2,100,1.0,0.5,302,c09_storm2_w80_u100_0026,2253,5006.202000,1998.978800,1938.243600,3621.872800,1956.375600,0.4832,0.0402,0.4982,0.1017
grid,targeted,targeted,1,0.1,global,9,storm2,100,1.0,0.5,302,c09_storm2_w80_u100_0027,2253,2535.368000,1769.245600,1685.882800,1956.480400,1676.760000,0.4927,0.0051,0.4997,0.0520
grid,targeted,targeted,1,0.1,global,9,storm2,100,1.0,0.5,302,c09_storm2_w80_u100_0028,2253,2083.722400,1299.036400,1316.495200,2002.667600,1303.740800,0.4851,0.0026,0.4990,0.0496
grid,targeted,targeted,1,0.1,global,9,storm2,100,1.0,0.5,302,c09_storm2_w80_u100_0029,2253,4540.255600,1370.501600,1226.778800,1649.243600,1232.802000,0.4906,0.0238,0.4964,0.0771
grid,stability,stability,1,0.1,global,9,storm2,100,1.0,0.5,309,c09_storm2_w80_u100_0020,2253,2113.920800,1666.576000,1660.290800,1909.766400,1635.370000,0.4940,0.0145,0.4982,0.0468
grid,stability,stability,1,0.1,global,9,storm2,100,1.0,0.5,309,c09_storm2_w80_u100_0021,2253,2468.501600,2120.124000,2178.691200,2286.235200,2119.809600,0.4997,0.0013,0.4997,0.0553
grid,stability,stability,1,0.1,global,9,storm2,100,1.0,0.5,309,c09_storm2_w80_u100_0022,2253,1216.011200,990.305200,991.862400,1064.610800,991.738000,0.4934,0.0013,0.4980,0.0148
grid,stability,stability,1,0.1,global,9,storm2,100,1.0,0.5,309,c09_storm2_w80_u100_0023,2253,5676.362400,2801.782800,2621.206400,3369.334400,2675.328000,0.4901,0.0549,0.4903,0.1417
grid,stability,stability,1,0.1,global,9,storm2,100,1.0,0.5,309,c09_storm2_w80_u100_0024,2253,4396.206800,2228.230000,1996.894800,2481.121600,2020.311200,0.4845,0.0131,0.4908,0.0798
grid,stability,stability,1,0.1,global,9,storm2,100,1.0,0.5,309,c09_storm2_w80_u100_0025,2253,6411.756400,2761.703200,2533.840800,3674.625600,2602.838400,0.4834,0.0267,0.4904,0.0917
grid,stability,stability,1,0.1,global,9,storm2,100,1.0,0.5,309,c09_storm2_w80_u100_0026,2253,5006.202000,2050.099600,1938.243600,2888.511600,1964.319600,0.4985,0.0142,0.5000,0.1284
grid,stability,stability,1,0.1,global,9,storm2,100,1.0,0.5,309,c09_storm2_w80_u100_0027,2253,2535.368000,1748.726400,1685.882800,1960.710000,1664.859200,0.4965,0.0089,0.4953,0.0460
grid,stability,stability,1,0.1,global,9,storm2,100,1.0,0.5,309,c09_storm2_w80_u100_0028,2253,2083.722400,1359.316000,1316.495200,2071.525600,1300.288800,0.4990,0.0064,0.4997,0.0470
grid,stability,stability,1,0.1,global,9,storm2,100,1.0,0.5,309,c09_storm2_w80_u100_0029,2253,4540.255600,1517.131600,1226.778800,1658.943200,1279.346400,0.4898,0.0328,0.4925,0.0777
grid,stability,stability,1,0.1,global,9,storm2,100,1.0,0.5,310,c09_storm2_w80_u100_0020,2253,2113.920800,1708.374800,1660.290800,1911.180000,1661.262000,0.4958,0.0410,0.4982,0.0516
grid,stability,stability,1,0.1,global,9,storm2,100,1.0,0.5,310,c09_storm2_w80_u100_0021,2253,2468.501600,2185.337200,2178.691200,2286.235200,2136.618400,0.4990,0.0135,0.4997,0.0553
grid,stability,stability,1,0.1,global,9,storm2,100,1.0,0.5,310,c09_storm2_w80_u100_0022,2253,1216.011200,990.702400,991.862400,1062.854000,987.866800,0.4907,0.0041,0.4973,0.0135
grid,stability,stability,1,0.1,global,9,storm2,100,1.0,0.5,310,c09_storm2_w80_u100_0023,2253,5676.362400,3089.784400,2621.206400,3273.137600,2690.621600,0.4895,0.0597,0.4897,0.1394
grid,stability,stability,1,0.1,global,9,storm2,100,1.0,0.5,310,c09_storm2_w80_u100_0024,2253,4396.206800,2635.204000,1996.894800,2502.284000,2013.498000,0.4839,0.0312,0.4915,0.0835
grid,stability,stability,1,0.1,global,9,storm2,100,1.0,0.5,310,c09_storm2_w80_u100_0025,2253,6411.756400,3567.694000,2533.840800,3818.792800,2619.734000,0.4879,0.0495,0.4865,0.1133
grid,stability,stability,1,0.1,global,9,storm2,100,1.0,0.5,310,c09_storm2_w80_u100_0026,2253,5006.202000,1995.024800,1938.243600,3278.668000,1987.896000,0.5000,0.0165,0.5000,0.1296
grid,stability,stability,1,0.1,global,9,storm2,100,1.0,0.5,310,c09_storm2_w80_u100_0027,2253,2535.368000,1797.753600,1685.882800,1972.558000,1699.232800,0.4962,0.0230,0.4953,0.0448
grid,stability,stability,1,0.1,global,9,storm2,100,1.0,0.5,310,c09_storm2_w80_u100_0028,2253,2083.722400,1315.914000,1316.495200,2069.366800,1301.125200,0.5000,0.0025,0.4997,0.0482
grid,stability,stability,1,0.1,global,9,storm2,100,1.0,0.5,310,c09_storm2_w80_u100_0029,2253,4540.255600,2122.366400,1226.778800,1722.410800,1536.724000,0.4908,0.0351,0.4953,0.0817
grid,targeted,targeted,1,0.1,global,9,storm2,100,1.0,0.5,303,c09_storm2_w80_u100_0020,2253,2113.920800,1662.395200,1660.290800,1925.698400,1630.458000,0.4928,0.0133,0.4982,0.0516
grid,targeted,targeted,1,0.1,global,9,storm2,100,1.0,0.5,303,c09_storm2_w80_u100_0021,2253,2468.501600,2138.189200,2178.691200,2287.978400,2153.034400,0.4949,0.0068,0.4990,0.0541
grid,targeted,targeted,1,0.1,global,9,storm2,100,1.0,0.5,303,c09_storm2_w80_u100_0022,2253,1216.011200,993.400000,991.862400,1046.292800,991.538800,0.5000,0.0093,0.5000,0.0174
grid,targeted,targeted,1,0.1,global,9,storm2,100,1.0,0.5,303,c09_storm2_w80_u100_0023,2253,5676.362400,2637.388000,2621.206400,3296.743200,2617.810800,0.4994,0.0468,0.4997,0.1107
grid,targeted,targeted,1,0.1,global,9,storm2,100,1.0,0.5,303,c09_storm2_w80_u100_0024,2253,4396.206800,2035.760000,1996.894800,2436.832800,1970.587200,0.4994,0.0152,0.4991,0.0658
grid,targeted,targeted,1,0.1,global,9,storm2,100,1.0,0.5,303,c09_storm2_w80_u100_0025,2253,6411.756400,2702.892000,2533.840800,3809.539200,2539.075600,0.5003,0.0360,0.5000,0.0967
grid,targeted,targeted,1,0.1,global,9,storm2,100,1.0,0.5,303,c09_storm2_w80_u100_0026,2253,5006.202000,2840.483200,1938.243600,3621.872800,2508.448800,0.4900,0.0612,0.4982,0.1017
grid,targeted,targeted,1,0.1,global,9,storm2,100,1.0,0.5,303,c09_storm2_w80_u100_0027,2253,2535.368000,1755.169600,1685.882800,1956.480400,1673.885600,0.4943,0.0038,0.4997,0.0520
grid,targeted,targeted,1,0.1,global,9,storm2,100,1.0,0.5,303,c09_storm2_w80_u100_0028,2253,2083.722400,1302.791200,1316.495200,2002.667600,1301.567600,0.4933,0.0116,0.4990,0.0496
grid,targeted,targeted,1,0.1,global,9,storm2,100,1.0,0.5,303,c09_storm2_w80_u100_0029,2253,4540.255600,1402.081200,1226.778800,1649.243600,1223.917200,0.4964,0.0156,0.4964,0.0771
grid,targeted,targeted,1,0.1,global,9,storm2,100,1.0,0.5,304,c09_storm2_w80_u100_0020,2253,2113.920800,1697.934400,1660.290800,1925.698400,1636.560400,0.4940,0.0133,0.4982,0.0516
grid,targeted,targeted,1,0.1,global,9,storm2,100,1.0,0.5,304,c09_storm2_w80_u100_0021,2253,2468.501600,2126.899200,2178.691200,2287.978400,2136.434400,0.4909,0.0082,0.4990,0.0541
grid,targeted,targeted,1,0.1,global,9,storm2,100,1.0,0.5,304,c09_storm2_w80_u100_0022,2253,1216.011200,982.222800,991.862400,1046.292800,995.335600,0.5000,0.0119,0.5000,0.0174
grid,targeted,targeted,1,0.1,global,9,storm2,100,1.0,0.5,304,c09_storm2_w80_u100_0023,2253,5676.362400,2871.936000,2621.206400,3296.743200,2629.100800,0.4997,0.0504,0.4997,0.1107
grid,targeted,targeted,1,0.1,global,9,storm2,100,1.0,0.5,304,c09_storm2_w80_u100_0024,2253,4396.206800,2400.821600,1996.894800,2436.832800,1965.625600,0.4984,0.0241,0.4991,0.0658
grid,targeted,targeted,1,0.1,global,9,storm2,100,1.0,0.5,304,c09_storm2_w80_u100_0025,2253,6411.756400,2983.875200,2533.840800,3809.539200,2543.412400,0.5003,0.0449,0.5000,0.0967
grid,targeted,targeted,1,0.1,global,9,storm2,100,1.0,0.5,304,c09_storm2_w80_u100_0026,2253,5006.202000,2215.733600,1938.243600,3621.872800,2088.111200,0.4844,0.0279,0.4982,0.1017
grid,targeted,targeted,1,0.1,global,9,storm2,100,1.0,0.5,304,c09_storm2_w80_u100_0027,2253,2535.368000,1696.584800,1685.882800,1956.480400,1671.444800,0.4943,0.0064,0.4997,0.0520
grid,targeted,targeted,1,0.1,global,9,storm2,100,1.0,0.5,304,c09_storm2_w80_u100_0028,2253,2083.722400,1305.127600,1316.495200,2002.667600,1301.572000,0.4914,0.0077,0.4990,0.0496
grid,targeted,targeted,1,0.1,global,9,storm2,100,1.0,0.5,304,c09_storm2_w80_u100_0029,2253,4540.255600,1715.070400,1226.778800,1649.243600,1222.521600,0.4947,0.0325,0.4964,0.0771
grid,targeted,targeted,1,0.1,global,9,storm2,100,1.0,0.5,305,c09_storm2_w80_u100_0020,2253,2113.920800,1657.094000,1660.290800,1925.698400,1666.348000,0.4931,0.0097,0.4982,0.0516
grid,targeted,targeted,1,0.1,global,9,storm2,100,1.0,0.5,305,c09_storm2_w80_u100_0021,2253,2468.501600,2130.354400,2178.691200,2287.978400,2138.447200,0.4916,0.0055,0.4990,0.0541
grid,targeted,targeted,1,0.1,global,9,storm2,100,1.0,0.5,305,c09_storm2_w80_u100_0022,2253,1216.011200,995.312800,991.862400,1046.292800,999.182800,0.4967,0.0053,0.5000,0.0174
grid,targeted,targeted,1,0.1,global,9,storm2,100,1.0,0.5,305,c09_storm2_w80_u100_0023,2253,5676.362400,2610.393200,2621.206400,3296.743200,2588.795600,0.5003,0.0292,0.4997,0.1107
grid,targeted,targeted,1,0.1,global,9,storm2,100,1.0,0.5,305,c09_storm2_w80_u100_0024,2253,4396.206800,2010.578800,1996.894800,2436.832800,1962.408800,0.4972,0.0165,0.4991,0.0658
grid,targeted,targeted,1,0.1,global,9,storm2,100,1.0,0.5,305,c09_storm2_w80_u100_0025,2253,6411.756400,2730.011600,2533.840800,3809.539200,2556.870000,0.5000,0.0405,0.5000,0.0967
grid,targeted,targeted,1,0.1,global,9,storm2,100,1.0,0.5,305,c09_storm2_w80_u100_0026,2253,5006.202000,2038.439600,1938.243600,3621.872800,1977.380800,0.4823,0.0208,0.4982,0.1017
grid,targeted,targeted,1,0.1,global,9,storm2,100,1.0,0.5,305,c09_storm2_w80_u100_0027,2253,2535.368000,1672.794400,1685.882800,1956.480400,1671.039600,0.4892,0.0065,0.4997,0.0520
grid,targeted,targeted,1,0.1,global,9,storm2,100,1.0,0.5,305,c09_storm2_w80_u100_0028,2253,2083.722400,1306.352000,1316.495200,2002.667600,1306.352000,0.4914,0.0026,0.4990,0.0496
grid,targeted,targeted,1,0.1,global,9,storm2,100,1.0,0.5,305,c09_storm2_w80_u100_0029,2253,4540.255600,1376.969600,1226.778800,1649.243600,1219.212000,0.4964,0.0123,0.4964,0.0771
grid,targeted,targeted,1,0.1,global,9,storm2,100,1.0,0.5,306,c09_storm2_w80_u100_0020,2253,2113.920800,1705.257600,1660.290800,1925.698400,1662.423200,0.4902,0.0182,0.4982,0.0516
grid,targeted,targeted,1,0.1,global,9,storm2,100,1.0,0.5,306,c09_storm2_w80_u100_0021,2253,2468.501600,2132.046400,2178.691200,2287.978400,2128.824000,0.4909,0.0069,0.4990,0.0541
grid,targeted,targeted,1,0.1,global,9,storm2,100,1.0,0.5,306,c09_storm2_w80_u100_0022,2253,1216.011200,988.482400,991.862400,1046.292800,999.258800,0.4960,0.0067,0.5000,0.0174
grid,targeted,targeted,1,0.1,global,9,storm2,100,1.0,0.5,306,c09_storm2_w80_u100_0023,2253,5676.362400,2815.772400,2621.206400,3296.743200,2582.561600,0.4994,0.0479,0.4997,0.1107
grid,targeted,targeted,1,0.1,global,9,storm2,100,1.0,0.5,306,c09_storm2_w80_u100_0024,2253,4396.206800,2459.254400,1996.894800,2436.832800,2042.404800,0.4987,0.0317,0.4991,0.0658
grid,targeted,targeted,1,0.1,global,9,storm2,100,1.0,0.5,306,c09_storm2_w80_u100_0025,2253,6411.756400,3029.407600,2533.840800,3809.539200,2494.130000,0.5000,0.0304,0.5000,0.0967
grid,targeted,targeted,1,0.1,global,9,storm2,100,1.0,0.5,306,c09_storm2_w80_u100_0026,2253,5006.202000,2000.356000,1938.243600,3621.872800,1962.209200,0.4826,0.0110,0.4982,0.1017
grid,targeted,targeted,1,0.1,global,9,storm2,100,1.0,0.5,306,c09_storm2_w80_u100_0027,2253,2535.368000,1833.240400,1685.882800,1956.480400,1659.204800,0.4909,0.0167,0.4997,0.0520
grid,targeted,targeted,1,0.1,global,9,storm2,100,1.0,0.5,306,c09_storm2_w80_u100_0028,2253,2083.722400,1307.287600,1316.495200,2002.667600,1305.794400,0.4908,0.0026,0.4990,0.0496
grid,targeted,targeted,1,0.1,global,9,storm2,100,1.0,0.5,306,c09_storm2_w80_u100_0029,2253,4540.255600,1697.520800,1226.778800,1649.243600,1284.846800,0.4942,0.0247,0.4964,0.0771
grid,targeted,targeted,1,0.1,global,9,storm2,100,1.0,0.5,307,c09_storm2_w80_u100_0020,2253,2113.920800,1698.238000,1660.290800,1925.698400,1658.705200,0.4878,0.0110,0.4982,0.0516
grid,targeted,targeted,1,0.1,global,9,storm2,100,1.0,0.5,307,c09_storm2_w80_u100_0021,2253,2468.501600,2126.241600,2178.691200,2287.978400,2132.332800,0.4889,0.0055,0.4990,0.0541
grid,targeted,targeted,1,0.1,global,9,storm2,100,1.0,0.5,307,c09_storm2_w80_u100_0022,2253,1216.011200,1021.445200,991.862400,1046.292800,1022.193200,0.5000,0.0040,0.5000,0.0174
grid,targeted,targeted,1,0.1,global,9,storm2,100,1.0,0.5,307,c09_storm2_w80_u100_0023,2253,5676.362400,2845.202000,2621.206400,3296.743200,2615.893200,0.4997,0.0433,0.4997,0.1107
grid,targeted,targeted,1,0.1,global,9,storm2,100,1.0,0.5,307,c09_storm2_w80_u100_0024,2253,4396.206800,2330.769200,1996.894800,2436.832800,1998.987600,0.4994,0.0253,0.4991,0.0658
grid,targeted,targeted,1,0.1,global,9,storm2,100,1.0,0.5,307,c09_storm2_w80_u100_0025,2253,6411.756400,2849.354000,2533.840800,3809.539200,2482.418400,0.5003,0.0427,0.5000,0.0967
grid,targeted,targeted,1,0.1,global,9,storm2,100,1.0,0.5,307,c09_storm2_w80_u100_0026,2253,5006.202000,2451.393200,1938.243600,3621.872800,2266.958800,0.4876,0.0422,0.4982,0.1017
grid,targeted,targeted,1,0.1,global,9,storm2,100,1.0,0.5,307,c09_storm2_w80_u100_0027,2253,2535.368000,1756.336400,1685.882800,1956.480400,1669.556000,0.4940,0.0102,0.4997,0.0520
grid,targeted,targeted,1,0.1,global,9,storm2,100,1.0,0.5,307,c09_storm2_w80_u100_0028,2253,2083.722400,1310.653600,1316.495200,2002.667600,1308.625600,0.4914,0.0039,0.4990,0.0496
grid,targeted,targeted,1,0.1,global,9,storm2,100,1.0,0.5,307,c09_storm2_w80_u100_0029,2253,4540.255600,1627.645200,1226.778800,1649.243600,1234.333600,0.4950,0.0280,0.4964,0.0771
grid,targeted,targeted,1,0.1,global,9,storm2,100,1.0,0.5,309,c09_storm2_w80_u100_0020,2253,2113.920800,1674.004800,1660.290800,1925.698400,1637.060400,0.4916,0.0170,0.4982,0.0516
grid,targeted,targeted,1,0.1,global,9,storm2,100,1.0,0.5,309,c09_storm2_w80_u100_0021,2253,2468.501600,2129.844000,2178.691200,2287.978400,2131.377600,0.4794,0.0042,0.4990,0.0541
grid,targeted,targeted,1,0.1,global,9,storm2,100,1.0,0.5,309,c09_storm2_w80_u100_0022,2253,1216.011200,1000.048000,991.862400,1046.292800,998.018400,0.4944,0.0080,0.5000,0.0174
grid,targeted,targeted,1,0.1,global,9,storm2,100,1.0,0.5,309,c09_storm2_w80_u100_0023,2253,5676.362400,2675.741200,2621.206400,3296.743200,2550.858800,0.4956,0.0248,0.4997,0.1107
grid,targeted,targeted,1,0.1,global,9,storm2,100,1.0,0.5,309,c09_storm2_w80_u100_0024,2253,4396.206800,2142.680400,1996.894800,2436.832800,1978.389200,0.4987,0.0278,0.4991,0.0658
grid,targeted,targeted,1,0.1,global,9,storm2,100,1.0,0.5,309,c09_storm2_w80_u100_0025,2253,6411.756400,2818.718800,2533.840800,3809.539200,2490.943600,0.5003,0.0236,0.5000,0.0967
grid,targeted,targeted,1,0.1,global,9,storm2,100,1.0,0.5,309,c09_storm2_w80_u100_0026,2253,5006.202000,1973.218400,1938.243600,3621.872800,1937.322800,0.4815,0.0403,0.4982,0.1017
grid,targeted,targeted,1,0.1,global,9,storm2,100,1.0,0.5,309,c09_storm2_w80_u100_0027,2253,2535.368000,1761.364000,1685.882800,1956.480400,1674.510000,0.4886,0.0065,0.4997,0.0520
grid,targeted,targeted,1,0.1,global,9,storm2,100,1.0,0.5,309,c09_storm2_w80_u100_0028,2253,2083.722400,1305.250800,1316.495200,2002.667600,1305.250800,0.4848,0.0013,0.4990,0.0496
grid,targeted,targeted,1,0.1,global,9,storm2,100,1.0,0.5,309,c09_storm2_w80_u100_0029,2253,4540.255600,1505.232000,1226.778800,1649.243600,1222.735200,0.4878,0.0216,0.4964,0.0771
grid,targeted,targeted,1,0.1,global,9,storm2,100,1.0,0.5,308,c09_storm2_w80_u100_0020,2253,2113.920800,1685.792800,1660.290800,1925.698400,1652.314800,0.4895,0.0134,0.4982,0.0516
grid,targeted,targeted,1,0.1,global,9,storm2,100,1.0,0.5,308,c09_storm2_w80_u100_0021,2253,2468.501600,2128.960800,2178.691200,2287.978400,2137.779200,0.4909,0.0055,0.4990,0.0541
grid,targeted,targeted,1,0.1,global,9,storm2,100,1.0,0.5,308,c09_storm2_w80_u100_0022,2253,1216.011200,1072.792400,991.862400,1046.292800,1044.977200,0.4950,0.0054,0.5000,0.0174
grid,targeted,targeted,1,0.1,global,9,storm2,100,1.0,0.5,308,c09_storm2_w80_u100_0023,2253,5676.362400,2732.816000,2621.206400,3296.743200,2593.526400,0.5000,0.0293,0.4997,0.1107
grid,targeted,targeted,1,0.1,global,9,storm2,100,1.0,0.5,308,c09_storm2_w80_u100_0024,2253,4396.206800,2097.233600,1996.894800,2436.832800,2018.461600,0.4972,0.0228,0.4991,0.0658
grid,targeted,targeted,1,0.1,global,9,storm2,100,1.0,0.5,308,c09_storm2_w80_u100_0025,2253,6411.756400,2856.889200,2533.840800,3809.539200,2547.465600,0.4997,0.0337,0.5000,0.0967
grid,targeted,targeted,1,0.1,global,9,storm2,100,1.0,0.5,308,c09_storm2_w80_u100_0026,2253,5006.202000,1972.984000,1938.243600,3621.872800,1957.818800,0.4823,0.0305,0.4982,0.1017
grid,targeted,targeted,1,0.1,global,9,storm2,100,1.0,0.5,308,c09_storm2_w80_u100_0027,2253,2535.368000,1763.977600,1685.882800,1956.480400,1677.244000,0.4902,0.0078,0.4997,0.0520
grid,targeted,targeted,1,0.1,global,9,storm2,100,1.0,0.5,308,c09_storm2_w80_u100_0028,2253,2083.722400,1301.945600,1316.495200,2002.667600,1298.202000,0.4848,0.0013,0.4990,0.0496
grid,targeted,targeted,1,0.1,global,9,storm2,100,1.0,0.5,308,c09_storm2_w80_u100_0029,2253,4540.255600,1575.624400,1226.778800,1649.243600,1232.266000,0.4964,0.0324,0.4964,0.0771
grid,targeted,targeted,1,0.1,global,9,storm2,100,1.0,0.5,310,c09_storm2_w80_u100_0020,2253,2113.920800,1673.238800,1660.290800,1925.698400,1672.199600,0.4904,0.0122,0.4982,0.0516
grid,targeted,targeted,1,0.1,global,9,storm2,100,1.0,0.5,310,c09_storm2_w80_u100_0021,2253,2468.501600,2122.528000,2178.691200,2287.978400,2127.283200,0.4916,0.0082,0.4990,0.0541
grid,targeted,targeted,1,0.1,global,9,storm2,100,1.0,0.5,310,c09_storm2_w80_u100_0022,2253,1216.011200,1016.927200,991.862400,1046.292800,1001.668400,0.4987,0.0119,0.5000,0.0174
grid,targeted,targeted,1,0.1,global,9,storm2,100,1.0,0.5,310,c09_storm2_w80_u100_0023,2253,5676.362400,2668.608800,2621.206400,3296.743200,2562.605600,0.5000,0.0175,0.4997,0.1107
grid,targeted,targeted,1,0.1,global,9,storm2,100,1.0,0.5,310,c09_storm2_w80_u100_0024,2253,4396.206800,2168.666400,1996.894800,2436.832800,1995.084800,0.4991,0.0139,0.4991,0.0658
grid,targeted,targeted,1,0.1,global,9,storm2,100,1.0,0.5,310,c09_storm2_w80_u100_0025,2253,6411.756400,2559.731600,2533.840800,3809.539200,2499.883600,0.5003,0.0135,0.5000,0.0967
grid,targeted,targeted,1,0.1,global,9,storm2,100,1.0,0.5,310,c09_storm2_w80_u100_0026,2253,5006.202000,2023.132400,1938.243600,3621.872800,1969.989200,0.4818,0.0329,0.4982,0.1017
grid,targeted,targeted,1,0.1,global,9,storm2,100,1.0,0.5,310,c09_storm2_w80_u100_0027,2253,2535.368000,1718.507600,1685.882800,1956.480400,1667.096000,0.4915,0.0052,0.4997,0.0520
grid,targeted,targeted,1,0.1,global,9,storm2,100,1.0,0.5,310,c09_storm2_w80_u100_0028,2253,2083.722400,1302.412800,1316.495200,2002.667600,1303.589600,0.4889,0.0013,0.4990,0.0496
grid,targeted,targeted,1,0.1,global,9,storm2,100,1.0,0.5,310,c09_storm2_w80_u100_0029,2253,4540.255600,1239.917200,1226.778800,1649.243600,1227.990400,0.4972,0.0123,0.4964,0.0771
