t_bh,wo,n_cand,recorded_class,s_hat,s_lo,s_hi,c_hat,c_hat_lo,c_hat_hi,interval_width,margin,rival,verdict,c_star_eval_only
2.1605,W69,2,4,-0.47175994515419006,-0.7620037496089935,-0.1815161406993866,4.0,4.0,4.0,0.0,3.0054369845047994e-14,W70,automate,4
3.0854,W86,4,4,-0.006446893326938152,-0.2966906977817416,0.2837969111278653,4.0,3.7162030888721347,4.0,0.2837969111278653,-1.1157145889306959e-19,W85,refer,4
3.2756,W94,6,2,-0.006446893326938152,-0.2966906977817416,0.2837969111278653,2.006446893326938,1.7162030888721347,2.2966906977817416,0.5804876089096069,-0.08869002825155085,W96,refer,2
3.3731,W96,6,2,-0.006446893326938152,-0.2966906977817416,0.2837969111278653,2.006446893326938,1.7162030888721347,2.2966906977817416,0.5804876089096069,0.0008658715609860411,W85,automate,2
3.4261999999999997,W85,5,4,-0.006446893326938152,-0.2966906977817416,0.2837969111278653,4.0,3.7162030888721347,4.0,0.2837969111278653,-1.4361395364884496e-15,W100,refer,4
3.4497,W100,4,4,-0.006446893326938152,-0.2966906977817416,0.2837969111278653,4.0,3.7162030888721347,4.0,0.2837969111278653,-2.0624594781274406e-13,W88,refer,4
3.4586,W88,3,4,-0.006446893326938152,-0.2966906977817416,0.2837969111278653,4.0,3.7162030888721347,4.0,0.2837969111278653,-7.526053974300271e-12,W87,refer,4
3.4828,W101,3,4,-0.006446893326938152,-0.2966906977817416,0.2837969111278653,4.0,3.7162030888721347,4.0,0.2837969111278653,-6.793658199291708e-13,W87,refer,4
3.5085999999999995,W87,2,4,-0.006446893326938152,-0.2966906977817416,0.2837969111278653,4.0,3.7162030888721347,4.0,0.2837969111278653,-3.598445782734764e-11,W95,refer,4
3.6376,W104,2,4,-0.006446893326938152,-0.2966906977817416,0.2837969111278653,4.0,3.7162030888721347,4.0,0.2837969111278653,-9.662949162739601e-15,W95,refer,4
3.6966,W109,3,4,-0.006446893326938152,-0.2966906977817416,0.2837969111278653,4.0,3.7162030888721347,4.0,0.2837969111278653,-8.185193664034459e-23,W107,refer,4
3.8890000000000002,W115,7,4,-0.006446893326938152,-0.2966906977817416,0.2837969111278653,4.0,3.7162030888721347,4.0,0.2837969111278653,-7.333613092370006e-12,W107,refer,4
4.0053,W107,6,4,-0.006446893326938152,-0.2966906977817416,0.2837969111278653,4.0,3.7162030888721347,4.0,0.2837969111278653,-1.394062717176629e-10,W111,refer,4
4.0840000000000005,W111,5,4,-0.006446893326938152,-0.2966906977817416,0.2837969111278653,4.0,3.7162030888721347,4.0,0.2837969111278653,-1.6893776089293397e-09,W113,refer,4
4.3994,W113,5,4,-0.006446893326938152,-0.2966906977817416,0.2837969111278653,4.0,3.7162030888721347,4.0,0.2837969111278653,-5.465080642517509e-09,W121,refer,4
4.6411,W129,2,2,-0.26823559403419495,-0.5584793984889984,0.02200821042060852,2.268235594034195,1.9779917895793915,2.5584793984889984,0.5804876089096069,7.274314601661685e-15,W124,automate,3
4.7731,W125,8,4,-0.006446893326938152,-0.2966906977817416,0.2837969111278653,4.0,3.7162030888721347,4.0,0.2837969111278653,-1.5399098941448237e-10,W132,refer,4
4.8278,W132,7,4,-0.006446893326938152,-0.2966906977817416,0.2837969111278653,4.0,3.7162030888721347,4.0,0.2837969111278653,-8.777921582213509e-10,W127,refer,4
4.9037,W127,6,4,-0.006446893326938152,-0.2966906977817416,0.2837969111278653,4.0,3.7162030888721347,4.0,0.2837969111278653,-4.7659947392923085e-09,W121,refer,4
5.030200000000001,W121,5,4,-0.006446893326938152,-0.2966906977817416,0.2837969111278653,4.0,3.7162030888721347,4.0,0.2837969111278653,-3.545737917629338e-08,W95,refer,4
5.0882,W95,4,4,-0.006446893326938152,-0.2966906977817416,0.2837969111278653,4.0,3.7162030888721347,4.0,0.2837969111278653,-1.5449122370900154e-07,W112,refer,4
5.138999999999999,W133,2,4,-0.26349031925201416,-0.5537341237068176,0.026753485202789307,4.0,3.9732465147972107,4.0,0.026753485202789307,8.181085059333428e-50,W137,automate,4
5.1869,W139,4,4,-0.006446893326938152,-0.2966906977817416,0.2837969111278653,4.0,3.7162030888721347,4.0,0.2837969111278653,-6.143676086577327e-08,W112,refer,4
5.3136,W112,4,4,-0.006446893326938152,-0.2966906977817416,0.2837969111278653,4.0,3.7162030888721347,4.0,0.2837969111278653,-6.877690964514493e-07,W130,refer,4
5.9268,W156,15,2,-0.006446893326938152,-0.2966906977817416,0.2837969111278653,2.006446893326938,1.7162030888721347,2.2966906977817416,0.5804876089096069,0.000527940516527602,W162,automate,2
5.9566,W162,15,4,-0.006446893326938152,-0.2966906977817416,0.2837969111278653,4.0,3.7162030888721347,4.0,0.2837969111278653,-2.5770171612477158e-14,W159,refer,4
6.0351,W159,14,4,-0.006446893326938152,-0.2966906977817416,0.2837969111278653,4.0,3.7162030888721347,4.0,0.2837969111278653,-1.5420343957026667e-13,W151,refer,4
6.0465,W163,2,2,-0.006446893326938152,-0.2966906977817416,0.2837969111278653,2.006446893326938,1.7162030888721347,2.2966906977817416,0.5804876089096069,7.091083133357912e-20,W144,automate,2
6.061800000000001,W151,13,4,-0.006446893326938152,-0.2966906977817416,0.2837969111278653,4.0,3.7162030888721347,4.0,0.2837969111278653,-7.690235515795792e-13,W148,refer,4
6.1645,W148,12,4,-0.006446893326938152,-0.2966906977817416,0.2837969111278653,4.0,3.7162030888721347,4.0,0.2837969111278653,-3.3685490194334352e-12,W150,refer,4
6.2591,W150,13,4,-0.006446893326938152,-0.2966906977817416,0.2837969111278653,4.0,3.7162030888721347,4.0,0.2837969111278653,-9.860177494001745e-13,W172,refer,4
6.3625,W176,13,2,-0.006446893326938152,-0.2966906977817416,0.2837969111278653,2.006446893326938,1.7162030888721347,2.2966906977817416,0.5804876089096069,0.001593310177873252,W172,automate,2
6.513199999999999,W179,14,4,-0.006446893326938152,-0.2966906977817416,0.2837969111278653,4.0,3.7162030888721347,4.0,0.2837969111278653,-1.4533477951486566e-13,W178,refer,4
6.570499999999999,W178,13,4,-0.006446893326938152,-0.2966906977817416,0.2837969111278653,4.0,3.7162030888721347,4.0,0.2837969111278653,-8.437053649065912e-13,W172,refer,4
6.6096,W172,13,4,-0.006446893326938152,-0.2966906977817416,0.2837969111278653,4.0,3.7162030888721347,4.0,0.2837969111278653,-1.7828480090975676e-11,W155,refer,4
6.6534,W187,13,4,-0.006446893326938152,-0.2966906977817416,0.2837969111278653,4.0,3.7162030888721347,4.0,0.2837969111278653,-1.2699857638056325e-11,W155,refer,4
6.6967,W188,3,2,-0.006446893326938152,-0.2966906977817416,0.2837969111278653,2.006446893326938,1.7162030888721347,2.2966906977817416,0.5804876089096069,-0.04169379328860633,W184,refer,2
6.718000000000001,W155,12,4,-0.006446893326938152,-0.2966906977817416,0.2837969111278653,4.0,3.7162030888721347,4.0,0.2837969111278653,-6.209072846930835e-11,W160,refer,4
6.724399999999999,W184,3,2,-0.006446893326938152,-0.2966906977817416,0.2837969111278653,2.006446893326938,1.7162030888721347,2.2966906977817416,0.5804876089096069,0.004409861258363076,W183,automate,2
6.755699999999999,W160,11,4,-0.006446893326938152,-0.2966906977817416,0.2837969111278653,4.0,3.7162030888721347,4.0,0.2837969111278653,-2.3454420713867466e-10,W170,refer,4
6.7672,W183,2,4,-0.006446893326938152,-0.2966906977817416,0.2837969111278653,4.0,3.7162030888721347,4.0,0.2837969111278653,-7.071440238520974e-15,W189,refer,4
6.897200000000001,W170,11,4,-0.006446893326938152,-0.2966906977817416,0.2837969111278653,4.0,3.7162030888721347,4.0,0.2837969111278653,-2.3377364273871254e-10,W145,refer,4
7.0007,W145,10,4,-0.006446893326938152,-0.2966906977817416,0.2837969111278653,4.0,3.7162030888721347,4.0,0.2837969111278653,-8.270482009708612e-10,W154,refer,4
7.0897,W197,12,2,-0.006446893326938152,-0.2966906977817416,0.2837969111278653,2.006446893326938,1.7162030888721347,2.2966906977817416,0.5804876089096069,0.003909332266258854,W199,automate,2
7.1563,W199,11,4,-0.006446893326938152,-0.2966906977817416,0.2837969111278653,4.0,3.7162030888721347,4.0,0.2837969111278653,-1.1891140963557538e-10,W196,refer,4
7.211399999999999,W202,12,4,-0.006446893326938152,-0.2966906977817416,0.2837969111278653,4.0,3.7162030888721347,4.0,0.2837969111278653,-3.016987876407631e-11,W196,refer,4
7.3553,W204,12,2,-0.006446893326938152,-0.2966906977817416,0.2837969111278653,2.006446893326938,1.7162030888721347,2.2966906977817416,0.5804876089096069,0.0038245425644743763,W196,automate,2
7.361500000000001,W196,11,4,-0.006446893326938152,-0.2966906977817416,0.2837969111278653,4.0,3.7162030888721347,4.0,0.2837969111278653,-1.6235214046601015e-10,W154,refer,4
7.374,W201,10,4,-0.006446893326938152,-0.2966906977817416,0.2837969111278653,4.0,3.7162030888721347,4.0,0.2837969111278653,-7.092002119827166e-10,W154,refer,4
7.456,W154,11,4,-0.006446893326938152,-0.2966906977817416,0.2837969111278653,4.0,3.7162030888721347,4.0,0.2837969111278653,-3.591737330413773e-10,W191,refer,4
7.6003,W191,10,4,-0.006446893326938152,-0.2966906977817416,0.2837969111278653,4.0,3.7162030888721347,4.0,0.2837969111278653,-8.804589461954874e-10,W206,refer,4
7.739500000000001,W211,10,2,-0.006446893326938152,-0.2966906977817416,0.2837969111278653,2.006446893326938,1.7162030888721347,2.2966906977817416,0.5804876089096069,0.006577873032231269,W206,automate,2
7.946899999999999,W213,11,1,-0.006446893326938152,-0.2966906977817416,0.2837969111278653,1.0064468933269382,1.0,1.2966906977817416,0.2966906977817416,0.48582452864909337,W206,automate,1
8.022400000000001,W161,10,4,-0.006446893326938152,-0.2966906977817416,0.2837969111278653,4.0,3.7162030888721347,4.0,0.2837969111278653,-8.97476219231484e-10,W206,refer,4
8.0924,W214,2,1,-0.006446893326938152,-0.2966906977817416,0.2837969111278653,1.0064468933269382,1.0,1.2966906977817416,0.2966906977817416,0.00806413961559838,W215,automate,1
8.1566,W206,9,4,-0.006446893326938152,-0.2966906977817416,0.2837969111278653,4.0,3.7162030888721347,4.0,0.2837969111278653,-2.420910892972526e-09,W164,refer,4
8.1634,W164,8,4,-0.006446893326938152,-0.2966906977817416,0.2837969111278653,4.0,3.7162030888721347,4.0,0.2837969111278653,-9.324224822797224e-09,W216,refer,4
8.285400000000001,W216,7,4,-0.006446893326938152,-0.2966906977817416,0.2837969111278653,4.0,3.7162030888721347,4.0,0.2837969111278653,-2.5247255437145693e-08,W205,refer,4
8.7085,W236,9,4,-0.006446893326938152,-0.2966906977817416,0.2837969111278653,4.0,3.7162030888721347,4.0,0.2837969111278653,-9.909620845951432e-08,W205,refer,4
8.7303,W205,9,4,-0.006446893326938152,-0.2966906977817416,0.2837969111278653,4.0,3.7162030888721347,4.0,0.2837969111278653,-1.4129573692552412e-07,W143,refer,4
8.7466,W143,9,4,-0.006446893326938152,-0.2966906977817416,0.2837969111278653,4.0,3.7162030888721347,4.0,0.2837969111278653,-1.8210500860518345e-07,W130,refer,4
8.8954,W239,8,4,-0.006446893326938152,-0.2966906977817416,0.2837969111278653,4.0,3.7162030888721347,4.0,0.2837969111278653,-3.31904865615757e-07,W130,refer,4
9.022,W243,9,4,-0.006446893326938152,-0.2966906977817416,0.2837969111278653,4.0,3.7162030888721347,4.0,0.2837969111278653,-1.01428516176417e-07,W245,refer,4
9.0778,W245,8,4,-0.006446893326938152,-0.2966906977817416,0.2837969111278653,4.0,3.7162030888721347,4.0,0.2837969111278653,-1.6706677373902923e-07,W130,refer,4
9.230500000000001,W250,9,2,-0.006446893326938152,-0.2966906977817416,0.2837969111278653,2.006446893326938,1.7162030888721347,2.2966906977817416,0.5804876089096069,0.017486995313431605,W251,automate,3
9.3008,W251,8,4,-0.006446893326938152,-0.2966906977817416,0.2837969111278653,4.0,3.7162030888721347,4.0,0.2837969111278653,-1.6341546973447102e-07,W130,refer,4
9.4683,W261,4,2,-0.006446893326938152,-0.2966906977817416,0.2837969111278653,2.006446893326938,1.7162030888721347,2.2966906977817416,0.5804876089096069,0.007611736799428928,W260,automate,2
9.554599999999999,W262,9,2,-0.006446893326938152,-0.2966906977817416,0.2837969111278653,2.006446893326938,1.7162030888721347,2.2966906977817416,0.5804876089096069,0.019341922567994094,W254,automate,3
9.6006,W254,9,4,-0.006446893326938152,-0.2966906977817416,0.2837969111278653,4.0,3.7162030888721347,4.0,0.2837969111278653,-1.333180194333023e-07,W264,refer,4
9.691600000000001,W264,9,4,-0.006446893326938152,-0.2966906977817416,0.2837969111278653,4.0,3.7162030888721347,4.0,0.2837969111278653,-1.2812335071395016e-07,W130,refer,4
9.7596,W130,8,4,-0.006446893326938152,-0.2966906977817416,0.2837969111278653,4.0,3.7162030888721347,4.0,0.2837969111278653,-5.244391301147237e-07,W240,refer,4
9.765,W240,7,4,-0.006446893326938152,-0.2966906977817416,0.2837969111278653,4.0,3.7162030888721347,4.0,0.2837969111278653,-8.214333906124769e-07,W142,refer,4
9.8097,W267,8,4,-0.006446893326938152,-0.2966906977817416,0.2837969111278653,4.0,3.7162030888721347,4.0,0.2837969111278653,-2.2064592209941844e-07,W114,refer,4
9.8277,W268,7,4,-0.006446893326938152,-0.2966906977817416,0.2837969111278653,4.0,3.7162030888721347,4.0,0.2837969111278653,-6.852687647652585e-07,W142,refer,4
9.910400000000001,W271,8,4,-0.006446893326938152,-0.2966906977817416,0.2837969111278653,4.0,3.7162030888721347,4.0,0.2837969111278653,-2.992915428712497e-07,W114,refer,4
9.9306,W260,4,4,-0.006446893326938152,-0.2966906977817416,0.2837969111278653,4.0,3.7162030888721347,4.0,0.2837969111278653,-3.236901441778405e-09,W258,refer,4
10.0139,W142,7,4,-0.006446893326938152,-0.2966906977817416,0.2837969111278653,4.0,3.7162030888721347,4.0,0.2837969111278653,-8.609220978680859e-07,W114,refer,4
10.068000000000001,W185,7,4,-0.006446893326938152,-0.2966906977817416,0.2837969111278653,4.0,3.7162030888721347,4.0,0.2837969111278653,-1.809921365515406e-06,W114,refer,4
10.224599999999999,W274,5,2,-0.006446893326938152,-0.2966906977817416,0.2837969111278653,2.006446893326938,1.7162030888721347,2.2966906977817416,0.5804876089096069,0.011055703785379284,W273,automate,2
10.3489,W276,8,4,-0.006446893326938152,-0.2966906977817416,0.2837969111278653,4.0,3.7162030888721347,4.0,0.2837969111278653,-2.441930464972403e-07,W278,refer,4
10.4153,W273,5,4,-0.006446893326938152,-0.2966906977817416,0.2837969111278653,4.0,3.7162030888721347,4.0,0.2837969111278653,-3.6489411613745186e-05,W258,refer,4
10.4166,W258,4,4,-0.006446893326938152,-0.2966906977817416,0.2837969111278653,4.0,3.7162030888721347,4.0,0.2837969111278653,-8.103732000814783e-05,W263,refer,4
10.4537,W263,3,4,-0.006446893326938152,-0.2966906977817416,0.2837969111278653,4.0,3.7162030888721347,4.0,0.2837969111278653,-0.00020670614587408332,W259,refer,4
10.714899999999998,W286,4,4,-0.006446893326938152,-0.2966906977817416,0.2837969111278653,4.0,3.7162030888721347,4.0,0.2837969111278653,-0.00011018927025527515,W259,refer,4
10.9199,W285,12,2,-0.006446893326938152,-0.2966906977817416,0.2837969111278653,2.006446893326938,1.7162030888721347,2.2966906977817416,0.5804876089096069,0.0602522930851346,W290,automate,3
11.0245,W290,11,3,-0.006446893326938152,-0.2966906977817416,0.2837969111278653,3.006446893326938,2.7162030888721347,3.2966906977817416,0.5804876089096069,6.329410135280612e-06,W278,automate,4
11.088000000000001,W291,6,4,-0.006446893326938152,-0.2966906977817416,0.2837969111278653,4.0,3.7162030888721347,4.0,0.2837969111278653,-0.001997577885204515,W300,refer,4
11.1145,W278,11,4,-0.006446893326938152,-0.2966906977817416,0.2837969111278653,4.0,3.7162030888721347,4.0,0.2837969111278653,-9.66683416228595e-08,W280,refer,4
11.2239,W300,5,4,-0.006446893326938152,-0.2966906977817416,0.2837969111278653,4.0,3.7162030888721347,4.0,0.2837969111278653,0.0007621037651253286,W259,automate,4
11.369299999999999,W259,4,4,-0.006446893326938152,-0.2966906977817416,0.2837969111278653,4.0,3.7162030888721347,4.0,0.2837969111278653,-0.002913027947835873,W281,refer,4
11.3824,W281,3,4,-0.006446893326938152,-0.2966906977817416,0.2837969111278653,4.0,3.7162030888721347,4.0,0.2837969111278653,-0.0009262067980205331,W279,refer,4
11.4539,W280,11,4,-0.006446893326938152,-0.2966906977817416,0.2837969111278653,4.0,3.7162030888721347,4.0,0.2837969111278653,-3.780864808886183e-07,W114,refer,4
11.577499999999999,W114,11,4,-0.006446893326938152,-0.2966906977817416,0.2837969111278653,4.0,3.7162030888721347,4.0,0.2837969111278653,-4.3563718548017923e-07,W301,refer,4
11.5951,W310,3,4,-0.006446893326938152,-0.2966906977817416,0.2837969111278653,4.0,3.7162030888721347,4.0,0.2837969111278653,0.00020450894137682106,W279,automate,4
11.855500000000001,W318,14,4,-0.006446893326938152,-0.2966906977817416,0.2837969111278653,4.0,3.7162030888721347,4.0,0.2837969111278653,-1.6921868503290654e-08,W319,refer,4
11.8945,W321,14,4,-0.006446893326938152,-0.2966906977817416,0.2837969111278653,4.0,3.7162030888721347,4.0,0.2837969111278653,-2.062505265679034e-08,W319,refer,4
12.099200000000002,W324,7,2,-0.006446893326938152,-0.2966906977817416,0.2837969111278653,2.006446893326938,1.7162030888721347,2.2966906977817416,0.5804876089096069,-0.8775446860843058,W316,refer,2
12.1132,W316,6,2,-0.006446893326938152,-0.2966906977817416,0.2837969111278653,2.006446893326938,1.7162030888721347,2.2966906977817416,0.5804876089096069,-0.569465526023517,W314,refer,2
12.168199999999999,W314,6,2,-0.006446893326938152,-0.2966906977817416,0.2837969111278653,2.006446893326938,1.7162030888721347,2.2966906977817416,0.5804876089096069,0.29502549451391863,W312,automate,2
12.221400000000001,W336,17,4,-0.006446893326938152,-0.2966906977817416,0.2837969111278653,4.0,3.7162030888721347,4.0,0.2837969111278653,-2.5856771067757743e-09,W335,refer,4
12.2647,W337,17,4,-0.006446893326938152,-0.2966906977817416,0.2837969111278653,4.0,3.7162030888721347,4.0,0.2837969111278653,-3.168455948159268e-09,W335,refer,4
12.296,W335,16,4,-0.006446893326938152,-0.2966906977817416,0.2837969111278653,4.0,3.7162030888721347,4.0,0.2837969111278653,-6.2482589269621785e-09,W329,refer,4
12.338799999999999,W312,6,4,-0.006446893326938152,-0.2966906977817416,0.2837969111278653,4.0,3.7162030888721347,4.0,0.2837969111278653,-0.007856555417854908,W323,refer,4
12.369800000000001,W323,5,4,-0.006446893326938152,-0.2966906977817416,0.2837969111278653,4.0,3.7162030888721347,4.0,0.2837969111278653,0.003676838501934415,W330,automate,4
12.406,W340,16,4,-0.006446893326938152,-0.2966906977817416,0.2837969111278653,4.0,3.7162030888721347,4.0,0.2837969111278653,-5.410564288581061e-09,W329,refer,4
12.4425,W329,15,4,-0.006446893326938152,-0.2966906977817416,0.2837969111278653,4.0,3.7162030888721347,4.0,0.2837969111278653,-1.4159443269687269e-08,W334,refer,4
12.4863,W334,14,4,-0.006446893326938152,-0.2966906977817416,0.2837969111278653,4.0,3.7162030888721347,4.0,0.2837969111278653,-2.715350243865334e-08,W319,refer,4
12.6145,W327,2,4,-0.006446893326938152,-0.2966906977817416,0.2837969111278653,4.0,3.7162030888721347,4.0,0.2837969111278653,-1.5428465775965815e-07,W322,refer,2
12.645700000000001,W319,14,4,-0.006446893326938152,-0.2966906977817416,0.2837969111278653,4.0,3.7162030888721347,4.0,0.2837969111278653,-1.237132423222624e-07,W301,refer,4
12.722100000000001,W348,9,4,-0.006446893326938152,-0.2966906977817416,0.2837969111278653,4.0,3.7162030888721347,4.0,0.2837969111278653,-0.0014910687154919213,W345,refer,4
12.8131,W352,14,4,-0.006446893326938152,-0.2966906977817416,0.2837969111278653,4.0,3.7162030888721347,4.0,0.2837969111278653,-9.413598102863805e-08,W301,refer,4
12.86,W350,10,4,-0.006446893326938152,-0.2966906977817416,0.2837969111278653,4.0,3.7162030888721347,4.0,0.2837969111278653,-0.0008449027209377678,W345,refer,4
12.8766,W354,10,2,-0.006446893326938152,-0.2966906977817416,0.2837969111278653,2.006446893326938,1.7162030888721347,2.2966906977817416,0.5804876089096069,0.08161448680636037,W345,automate,3
12.893,W345,9,4,-0.006446893326938152,-0.2966906977817416,0.2837969111278653,4.0,3.7162030888721347,4.0,0.2837969111278653,-0.000934682457316258,W330,refer,4
12.904,W355,14,4,-0.006446893326938152,-0.2966906977817416,0.2837969111278653,4.0,3.7162030888721347,4.0,0.2837969111278653,-7.765251127620099e-08,W301,refer,4
12.940299999999999,W301,13,4,-0.006446893326938152,-0.2966906977817416,0.2837969111278653,4.0,3.7162030888721347,4.0,0.2837969111278653,-2.432597704997333e-07,W269,refer,4
12.971099999999998,W330,9,4,-0.006446893326938152,-0.2966906977817416,0.2837969111278653,4.0,3.7162030888721347,4.0,0.2837969111278653,-0.003760596125716051,W338,refer,4
13.1139,W359,14,4,-0.006446893326938152,-0.2966906977817416,0.2837969111278653,4.0,3.7162030888721347,4.0,0.2837969111278653,-1.1778621410145488e-07,W269,refer,4
13.131,W269,13,4,-0.006446893326938152,-0.2966906977817416,0.2837969111278653,4.0,3.7162030888721347,4.0,0.2837969111278653,-3.0475643899246155e-07,W309,refer,4
13.199300000000001,W317,5,1,-0.006446893326938152,-0.2966906977817416,0.2837969111278653,1.0064468933269382,1.0,1.2966906977817416,0.2966906977817416,0.30614322159852425,W299,automate,1
13.309,W309,13,4,-0.006446893326938152,-0.2966906977817416,0.2837969111278653,4.0,3.7162030888721347,4.0,0.2837969111278653,-3.2309478927964853e-07,W282,refer,4
13.3201,W362,9,4,-0.006446893326938152,-0.2966906977817416,0.2837969111278653,4.0,3.7162030888721347,4.0,0.2837969111278653,-0.001428519661712026,W338,refer,4
13.4379,W338,8,4,-0.006446893326938152,-0.2966906977817416,0.2837969111278653,4.0,3.7162030888721347,4.0,0.2837969111278653,-0.005043605539069195,W344,refer,4
13.4488,W368,8,2,-0.006446893326938152,-0.2966906977817416,0.2837969111278653,2.006446893326938,1.7162030888721347,2.2966906977817416,0.5804876089096069,0.8046684518404068,W344,automate,2
13.5927,W282,13,4,-0.006446893326938152,-0.2966906977817416,0.2837969111278653,4.0,3.7162030888721347,4.0,0.2837969111278653,-3.0801475969967264e-07,W266,refer,4
13.629,W234,12,4,-0.01509900949895382,-0.3053428139537573,0.27514479495584965,4.0,3.7248552050441504,4.0,0.27514479495584965,-4.5474863218008427e-07,W266,refer,4
13.7019,W266,11,4,-0.006446893326938152,-0.2966906977817416,0.2837969111278653,4.0,3.7162030888721347,4.0,0.2837969111278653,-4.5703086985331014e-07,W320,refer,4
13.8034,W371,10,2,-0.006446893326938152,-0.2966906977817416,0.2837969111278653,2.006446893326938,1.7162030888721347,2.2966906977817416,0.5804876089096069,0.3677198485225421,W376,automate,2
13.8212,W320,10,4,-0.006446893326938152,-0.2966906977817416,0.2837969111278653,4.0,3.7162030888721347,4.0,0.2837969111278653,-5.990304150178179e-07,W369,refer,4
13.827,W369,9,4,-0.006446893326938152,-0.2966906977817416,0.2837969111278653,4.0,3.7162030888721347,4.0,0.2837969111278653,-9.229883568363389e-07,W228,refer,4
13.841099999999999,W376,9,4,-0.006446893326938152,-0.2966906977817416,0.2837969111278653,4.0,3.7162030888721347,4.0,0.2837969111278653,0.003476892563301785,W344,automate,4
13.897,W299,5,4,-0.006446893326938152,-0.2966906977817416,0.2837969111278653,4.0,3.7162030888721347,4.0,0.2837969111278653,-2.0860796600161506e-19,W357,refer,4
13.9222,W344,8,4,-0.006446893326938152,-0.2966906977817416,0.2837969111278653,4.0,3.7162030888721347,4.0,0.2837969111278653,-0.003404034652666585,W372,refer,4
14.020600000000002,W372,7,4,-0.006446893326938152,-0.2966906977817416,0.2837969111278653,4.0,3.7162030888721347,4.0,0.2837969111278653,-0.005471199383062444,W349,refer,4
14.1565,W349,6,4,-0.006446893326938152,-0.2966906977817416,0.2837969111278653,4.0,3.7162030888721347,4.0,0.2837969111278653,-0.0028655564618400697,W346,refer,4
14.1721,W346,5,4,-0.006446893326938152,-0.2966906977817416,0.2837969111278653,4.0,3.7162030888721347,4.0,0.2837969111278653,-0.0019827242807201615,W342,refer,4
14.432400000000001,W380,6,2,-0.006446893326938152,-0.2966906977817416,0.2837969111278653,2.006446893326938,1.7162030888721347,2.2966906977817416,0.5804876089096069,0.3094001349911922,W390,automate,2
14.501100000000001,W378,16,2,-0.006446893326938152,-0.2966906977817416,0.2837969111278653,2.006446893326938,1.7162030888721347,2.2966906977817416,0.5804876089096069,0.006776494251877864,W382,automate,3
14.5052,W391,6,4,-0.006446893326938152,-0.2966906977817416,0.2837969111278653,4.0,3.7162030888721347,4.0,0.2837969111278653,0.0029116376295771906,W390,automate,4
14.561699999999998,W390,5,4,-0.006446893326938152,-0.2966906977817416,0.2837969111278653,4.0,3.7162030888721347,4.0,0.2837969111278653,0.006949516792960171,W342,automate,4
14.611799999999999,W382,15,4,-0.006446893326938152,-0.2966906977817416,0.2837969111278653,4.0,3.7162030888721347,4.0,0.2837969111278653,-5.22985339836855e-09,W386,refer,4
14.6806,W342,4,4,-0.006446893326938152,-0.2966906977817416,0.2837969111278653,4.0,3.7162030888721347,4.0,0.2837969111278653,-0.0030215104937780634,W279,refer,4
14.807400000000001,W386,15,4,-0.006446893326938152,-0.2966906977817416,0.2837969111278653,4.0,3.7162030888721347,4.0,0.2837969111278653,-1.074670011689942e-08,W389,refer,4
14.920499999999999,W397,4,4,-0.006446893326938152,-0.2966906977817416,0.2837969111278653,4.0,3.7162030888721347,4.0,0.2837969111278653,0.0822854980291336,W279,automate,4
14.9259,W279,3,4,-0.006446893326938152,-0.2966906977817416,0.2837969111278653,4.0,3.7162030888721347,4.0,0.2837969111278653,-0.0010547647764346914,W356,refer,4
15.213299999999998,W389,16,4,-0.006446893326938152,-0.2966906977817416,0.2837969111278653,4.0,3.7162030888721347,4.0,0.2837969111278653,-5.26645968292026e-09,W384,refer,4
15.2742,W357,5,4,-0.006446893326938152,-0.2966906977817416,0.2837969111278653,4.0,3.7162030888721347,4.0,0.2837969111278653,-9.521113656364285e-17,W328,refer,4
15.423200000000001,W384,15,4,-0.006446893326938152,-0.2966906977817416,0.2837969111278653,4.0,3.7162030888721347,4.0,0.2837969111278653,-1.3379284425687081e-08,W388,refer,4
15.4818,W388,14,4,-0.006446893326938152,-0.2966906977817416,0.2837969111278653,4.0,3.7162030888721347,4.0,0.2837969111278653,-3.4025965298398546e-08,W403,refer,4
15.536499999999998,W412,7,2,-0.006446893326938152,-0.2966906977817416,0.2837969111278653,2.006446893326938,1.7162030888721347,2.2966906977817416,0.5804876089096069,1.9336452581608676,W415,automate,2
15.5777,W415,6,2,-0.006446893326938152,-0.2966906977817416,0.2837969111278653,2.006446893326938,1.7162030888721347,2.2966906977817416,0.5804876089096069,0.2561372943488223,W409,automate,2
15.5781,W403,13,4,-0.006446893326938152,-0.2966906977817416,0.2837969111278653,4.0,3.7162030888721347,4.0,0.2837969111278653,-6.184322510474346e-08,W377,refer,4
15.6284,W417,6,4,-0.006446893326938152,-0.2966906977817416,0.2837969111278653,4.0,3.7162030888721347,4.0,0.2837969111278653,0.004223849111502842,W409,automate,4
15.876399999999999,W420,16,4,-0.006446893326938152,-0.2966906977817416,0.2837969111278653,4.0,3.7162030888721347,4.0,0.2837969111278653,-3.6918410364414874e-08,W419,refer,4
15.949799999999998,W428,10,2,-0.006446893326938152,-0.2966906977817416,0.2837969111278653,2.006446893326938,1.7162030888721347,2.2966906977817416,0.5804876089096069,-0.3675531539640002,W421,refer,2
15.9898,W418,3,4,0.2788804769515991,-0.011363327503204346,0.5691242814064026,3.721119523048401,3.4308757185935974,4.0,0.5691242814064026,-2.3731713223155243e-09,W422,refer,2
16.0086,W419,15,4,-0.006446893326938152,-0.2966906977817416,0.2837969111278653,4.0,3.7162030888721347,4.0,0.2837969111278653,-7.360772548714116e-08,W377,refer,4
16.1191,W421,10,2,-0.006446893326938152,-0.2966906977817416,0.2837969111278653,2.006446893326938,1.7162030888721347,2.2966906977817416,0.5804876089096069,0.18754026875837584,W430,automate,2
16.191000000000003,W377,14,4,-0.006446893326938152,-0.2966906977817416,0.2837969111278653,4.0,3.7162030888721347,4.0,0.2837969111278653,-1.6613358917485686e-07,W400,refer,4
16.193299999999997,W400,13,4,-0.006446893326938152,-0.2966906977817416,0.2837969111278653,4.0,3.7162030888721347,4.0,0.2837969111278653,-2.5939877882977975e-07,W228,refer,4
16.2846,W432,7,4,-0.006446893326938152,-0.2966906977817416,0.2837969111278653,4.0,3.7162030888721347,4.0,0.2837969111278653,-8.827690842249282e-15,W328,refer,4
16.3359,W438,16,2,-0.006446893326938152,-0.2966906977817416,0.2837969111278653,2.006446893326938,1.7162030888721347,2.2966906977817416,0.5804876089096069,0.018272724976223016,W440,automate,2
16.392599999999998,W430,12,4,-0.006446893326938152,-0.2966906977817416,0.2837969111278653,4.0,3.7162030888721347,4.0,0.2837969111278653,-0.0005860469823413257,W444,refer,4
16.405,W443,5,2,-0.4432324171066284,-0.7334762215614319,-0.15298861265182495,2.4432324171066284,2.152988612651825,2.733476221561432,0.5804876089096069,6.901145460226469e-08,W439,automate,3
16.4173,W440,16,4,-0.006446893326938152,-0.2966906977817416,0.2837969111278653,4.0,3.7162030888721347,4.0,0.2837969111278653,-4.356041855492712e-08,W445,refer,3
16.4346,W445,15,4,-0.006446893326938152,-0.2966906977817416,0.2837969111278653,4.0,3.7162030888721347,4.0,0.2837969111278653,-9.769187878627356e-08,W442,refer,4
16.4439,W442,14,4,-0.006446893326938152,-0.2966906977817416,0.2837969111278653,4.0,3.7162030888721347,4.0,0.2837969111278653,-1.7666054296266316e-07,W228,refer,4
16.4498,W411,6,4,-0.006446893326938152,-0.2966906977817416,0.2837969111278653,4.0,3.7162030888721347,4.0,0.2837969111278653,-4.83922183142921e-13,W328,refer,4
16.4574,W444,12,4,-0.006446893326938152,-0.2966906977817416,0.2837969111278653,4.0,3.7162030888721347,4.0,0.2837969111278653,-0.002318532684571078,W409,refer,4
16.4852,W409,11,4,-0.006446893326938152,-0.2966906977817416,0.2837969111278653,4.0,3.7162030888721347,4.0,0.2837969111278653,-0.002879374106094273,W433,refer,4
16.500500000000002,W228,13,4,-0.006446893326938152,-0.2966906977817416,0.2837969111278653,4.0,3.7162030888721347,4.0,0.2837969111278653,-3.232812329155662e-07,W379,refer,4
16.5897,W433,10,4,-0.006446893326938152,-0.2966906977817416,0.2837969111278653,4.0,3.7162030888721347,4.0,0.2837969111278653,-0.0025776637374408952,W427,refer,4
16.617900000000002,W449,8,2,-0.006446893326938152,-0.2966906977817416,0.2837969111278653,2.006446893326938,1.7162030888721347,2.2966906977817416,0.5804876089096069,0.0005006344099302011,W328,automate,2
16.735200000000003,W454,15,2,-0.006446893326938152,-0.2966906977817416,0.2837969111278653,2.006446893326938,1.7162030888721347,2.2966906977817416,0.5804876089096069,0.0615072987312335,W275,automate,2
16.7423,W453,10,4,-0.006446893326938152,-0.2966906977817416,0.2837969111278653,4.0,3.7162030888721347,4.0,0.2837969111278653,-0.0029299926846546136,W427,refer,4
16.759800000000002,W439,5,3,-0.4022321105003357,-0.6924759149551392,-0.11198830604553223,3.4022321105003357,3.1119883060455322,3.692475914955139,0.5804876089096069,1.7956515830771744e-15,W434,automate,4
16.7827,W427,9,4,-0.006446893326938152,-0.2966906977817416,0.2837969111278653,4.0,3.7162030888721347,4.0,0.2837969111278653,-0.0022456640329773505,W425,refer,4
16.8039,W434,4,4,-0.40277665853500366,-0.6930204629898071,-0.1125328540802002,4.0,4.0,4.0,0.0,8.325653906208225e-18,W422,automate,4
16.8262,W459,15,4,-0.006446893326938152,-0.2966906977817416,0.2837969111278653,4.0,3.7162030888721347,4.0,0.2837969111278653,-3.0604955192379483e-08,W275,refer,4
16.8494,W294,14,4,-0.014630105346441269,-0.30487390980124474,0.2756136991083622,4.0,3.724386300891638,4.0,0.2756136991083622,-8.543176631704703e-08,W311,refer,4
17.015,W463,16,4,-0.006446893326938152,-0.2966906977817416,0.2837969111278653,4.0,3.7162030888721347,4.0,0.2837969111278653,-3.104713263831713e-08,W275,refer,4
17.1279,W328,7,4,-0.006446893326938152,-0.2966906977817416,0.2837969111278653,4.0,3.7162030888721347,4.0,0.2837969111278653,-1.501864126694184e-13,W373,refer,4
17.212600000000002,W471,19,4,-0.006446893326938152,-0.2966906977817416,0.2837969111278653,4.0,3.7162030888721347,4.0,0.2837969111278653,-5.66938656765817e-09,W467,refer,4
17.244300000000003,W475,19,4,-0.006446893326938152,-0.2966906977817416,0.2837969111278653,4.0,3.7162030888721347,4.0,0.2837969111278653,-5.534361906067556e-09,W467,refer,4
17.2816,W467,18,4,-0.006446893326938152,-0.2966906977817416,0.2837969111278653,4.0,3.7162030888721347,4.0,0.2837969111278653,-1.1380797686650631e-08,W466,refer,4
17.336699999999997,W477,13,2,-0.006446893326938152,-0.2966906977817416,0.2837969111278653,2.006446893326938,1.7162030888721347,2.2966906977817416,0.5804876089096069,0.2696949885426141,W462,automate,2
17.357100000000003,W373,6,4,-0.006446893326938152,-0.2966906977817416,0.2837969111278653,4.0,3.7162030888721347,4.0,0.2837969111278653,-5.917177780038064e-13,W326,refer,4
17.3959,W476,18,4,-0.006446893326938152,-0.2966906977817416,0.2837969111278653,4.0,3.7162030888721347,4.0,0.2837969111278653,-1.1767702205359163e-08,W466,refer,4
17.4273,W462,13,4,-0.006446893326938152,-0.2966906977817416,0.2837969111278653,4.0,3.7162030888721347,4.0,0.2837969111278653,-0.01715800385624737,W468,refer,4
17.465,W484,7,2,-0.49344149231910706,-0.7836852967739105,-0.2031976878643036,2.493441492319107,2.2031976878643036,2.7836852967739105,0.5804876089096069,5.120527092070592e-07,W464,automate,3
17.496899999999997,W468,12,4,-0.006446893326938152,-0.2966906977817416,0.2837969111278653,4.0,3.7162030888721347,4.0,0.2837969111278653,0.010539209012576791,W482,automate,4
17.726599999999998,W489,12,4,-0.006446893326938152,-0.2966906977817416,0.2837969111278653,4.0,3.7162030888721347,4.0,0.2837969111278653,0.00023974558248673027,W482,automate,4
17.7271,W491,21,1,-0.006446893326938152,-0.2966906977817416,0.2837969111278653,1.0064468933269382,1.0,1.2966906977817416,0.2966906977817416,1.9002906735444534,W485,automate,1
17.744699999999998,W485,20,4,-0.006446893326938152,-0.2966906977817416,0.2837969111278653,4.0,3.7162030888721347,4.0,0.2837969111278653,-1.344523440149573e-08,W466,refer,3
17.753100000000003,W466,19,4,-0.006446893326938152,-0.2966906977817416,0.2837969111278653,4.0,3.7162030888721347,4.0,0.2837969111278653,-2.8782637745933954e-08,W472,refer,4
17.7911,W472,18,4,-0.006446893326938152,-0.2966906977817416,0.2837969111278653,4.0,3.7162030888721347,4.0,0.2837969111278653,-3.753343590778284e-08,W275,refer,4
17.798500000000004,W311,17,4,-0.006446893326938152,-0.2966906977817416,0.2837969111278653,4.0,3.7162030888721347,4.0,0.2837969111278653,-7.435825859609903e-08,W275,refer,4
17.857000000000003,W275,16,4,-0.006446893326938152,-0.2966906977817416,0.2837969111278653,4.0,3.7162030888721347,4.0,0.2837969111278653,-7.143309751203402e-08,W379,refer,4
17.858099999999997,W482,11,4,-0.006446893326938152,-0.2966906977817416,0.2837969111278653,4.0,3.7162030888721347,4.0,0.2837969111278653,-0.0022940873438349043,W425,refer,4
17.8857,W358,15,4,-0.006446893326938152,-0.2966906977817416,0.2837969111278653,4.0,3.7162030888721347,4.0,0.2837969111278653,-3.0134763682057285e-08,W379,refer,4
17.948900000000002,W492,15,4,-0.006446893326938152,-0.2966906977817416,0.2837969111278653,4.0,3.7162030888721347,4.0,0.2837969111278653,-1.4159875054666928e-08,W306,refer,4
17.956599999999998,W379,14,4,-0.006446893326938152,-0.2966906977817416,0.2837969111278653,4.0,3.7162030888721347,4.0,0.2837969111278653,-3.444724152931817e-08,W365,refer,4
18.073700000000002,W464,7,4,-0.38994914293289185,-0.6801929473876953,-0.09970533847808838,4.0,4.0,4.0,0.0,1.7542887953990049e-19,W488,automate,4
18.1201,W499,14,4,-0.006446893326938152,-0.2966906977817416,0.2837969111278653,4.0,3.7162030888721347,4.0,0.2837969111278653,-2.1772722873987352e-08,W306,refer,4
18.1433,W501,7,4,0.26185640692710876,-0.028387397527694702,0.5521002113819122,3.7381435930728912,3.4478997886180878,4.0,0.5521002113819122,-8.696240623264619e-14,W488,refer,2
18.357300000000002,W509,2,4,-0.006446893326938152,-0.2966906977817416,0.2837969111278653,4.0,3.7162030888721347,4.0,0.2837969111278653,-3.5536969731786868e-12,W504,refer,3
18.4587,W507,15,1,-0.006446893326938152,-0.2966906977817416,0.2837969111278653,1.0064468933269382,1.0,1.2966906977817416,0.2966906977817416,1.9106617879956282,W395,automate,1
18.470499999999998,W395,14,4,-0.006446893326938152,-0.2966906977817416,0.2837969111278653,4.0,3.7162030888721347,4.0,0.2837969111278653,-2.773603994338618e-07,W365,refer,4
18.531100000000002,W506,9,2,-0.40677815675735474,-0.6970219612121582,-0.11653435230255127,2.4067781567573547,2.1165343523025513,2.697021961212158,0.5804876089096069,1.7617651294679806e-05,W505,automate,3
18.5485,W365,13,4,-0.006446893326938152,-0.2966906977817416,0.2837969111278653,4.0,3.7162030888721347,4.0,0.2837969111278653,-4.2372894554179116e-07,W456,refer,4
18.553400000000003,W456,12,4,-0.006446893326938152,-0.2966906977817416,0.2837969111278653,4.0,3.7162030888721347,4.0,0.2837969111278653,-5.684262540698572e-07,W426,refer,4
18.6338,W514,17,2,-0.006446893326938152,-0.2966906977817416,0.2837969111278653,2.006446893326938,1.7162030888721347,2.2966906977817416,0.5804876089096069,0.13131776416819008,W513,automate,2
18.700100000000003,W326,5,4,-0.006446893326938152,-0.2966906977817416,0.2837969111278653,4.0,3.7162030888721347,4.0,0.2837969111278653,-6.491833217220166e-12,W450,refer,4
18.7382,W426,12,4,-0.006446893326938152,-0.2966906977817416,0.2837969111278653,4.0,3.7162030888721347,4.0,0.2837969111278653,-6.024003149972408e-07,W483,refer,4
18.7564,W450,4,4,-0.006446893326938152,-0.2966906977817416,0.2837969111278653,4.0,3.7162030888721347,4.0,0.2837969111278653,-3.4345418479387773e-12,W452,refer,4
18.834600000000002,W483,11,4,-0.006446893326938152,-0.2966906977817416,0.2837969111278653,4.0,3.7162030888721347,4.0,0.2837969111278653,-9.72107786406393e-07,W306,refer,4
18.8808,W522,10,4,0.2788804769515991,-0.011363327503204346,0.5691242814064026,3.721119523048401,3.4308757185935974,4.0,0.5691242814064026,-2.924117731199636e-10,W505,refer,2
18.9692,W516,20,2,-0.006446893326938152,-0.2966906977817416,0.2837969111278653,2.006446893326938,1.7162030888721347,2.2966906977817416,0.5804876089096069,0.17000464165927764,W526,automate,2
19.008499999999998,W526,19,2,-0.006446893326938152,-0.2966906977817416,0.2837969111278653,2.006446893326938,1.7162030888721347,2.2966906977817416,0.5804876089096069,-0.32051857336886713,W513,refer,2
19.019599999999997,W513,18,2,-0.006446893326938152,-0.2966906977817416,0.2837969111278653,2.006446893326938,1.7162030888721347,2.2966906977817416,0.5804876089096069,0.1425057881586165,W495,automate,2
19.0262,W495,17,4,-0.006446893326938152,-0.2966906977817416,0.2837969111278653,4.0,3.7162030888721347,4.0,0.2837969111278653,-0.0013283834353617634,W511,refer,4
19.049999999999997,W530,17,4,-0.006446893326938152,-0.2966906977817416,0.2837969111278653,4.0,3.7162030888721347,4.0,0.2837969111278653,-0.0014737382146569763,W511,refer,4
19.1704,W511,16,4,-0.006446893326938152,-0.2966906977817416,0.2837969111278653,4.0,3.7162030888721347,4.0,0.2837969111278653,-0.0015965601712164897,W518,refer,4
19.2318,W518,15,4,-0.006446893326938152,-0.2966906977817416,0.2837969111278653,4.0,3.7162030888721347,4.0,0.2837969111278653,-0.0018782633780135697,W524,refer,4
19.2698,W524,14,4,-0.006446893326938152,-0.2966906977817416,0.2837969111278653,4.0,3.7162030888721347,4.0,0.2837969111278653,-0.002192851980215725,W498,refer,4
19.318,W536,14,4,-0.006446893326938152,-0.2966906977817416,0.2837969111278653,4.0,3.7162030888721347,4.0,0.2837969111278653,-0.0018160981485649437,W498,refer,4
19.3531,W505,13,4,0.2526058852672577,-0.037637919187545776,0.5428496897220612,3.7473941147327423,3.457150310277939,4.0,0.5428496897220612,-7.419017608220725e-18,W510,refer,2
19.3641,W529,13,2,-0.09879010915756226,-0.3890339136123657,0.1914536952972412,2.0987901091575623,1.8085463047027588,2.3890339136123657,0.5804876089096069,0.015411546662846385,W534,automate,2
19.4897,W540,13,3,-0.006446893326938152,-0.2966906977817416,0.2837969111278653,3.006446893326938,2.7162030888721347,3.2966906977817416,0.5804876089096069,3.1640625758228466e-05,W534,automate,3
19.5339,W538,14,4,-0.006446893326938152,-0.2966906977817416,0.2837969111278653,4.0,3.7162030888721347,4.0,0.2837969111278653,-0.0016426282522727664,W498,refer,4
19.6734,W498,13,4,-0.006446893326938152,-0.2966906977817416,0.2837969111278653,4.0,3.7162030888721347,4.0,0.2837969111278653,-0.0018250641923369384,W425,refer,4
19.833000000000002,W542,13,2,-0.006446893326938152,-0.2966906977817416,0.2837969111278653,2.006446893326938,1.7162030888721347,2.2966906977817416,0.5804876089096069,0.6579598293626253,W425,automate,2
19.8553,W452,4,4,-0.006446893326938152,-0.2966906977817416,0.2837969111278653,4.0,3.7162030888721347,4.0,0.2837969111278653,-8.787238469017428e-12,W398,refer,4
19.8617,W425,12,4,-0.006446893326938152,-0.2966906977817416,0.2837969111278653,4.0,3.7162030888721347,4.0,0.2837969111278653,-0.002290236102441258,W410,refer,4
19.8797,W510,13,4,-0.3825222849845886,-0.6727660894393921,-0.09227848052978516,4.0,4.0,4.0,0.0,1.6282296886396712e-26,W422,automate,4
20.0633,W422,12,4,-0.4645558297634125,-0.7547996342182159,-0.174312025308609,4.0,4.0,4.0,0.0,6.777421206679855e-24,W488,automate,4
20.0667,W488,11,4,-0.39125970005989075,-0.6815035045146942,-0.10101589560508728,4.0,4.0,4.0,0.0,2.2676339296454777e-24,W431,automate,4
20.1337,W551,12,4,-0.006446893326938152,-0.2966906977817416,0.2837969111278653,4.0,3.7162030888721347,4.0,0.2837969111278653,0.00045530921386565185,W410,automate,4
20.1509,W543,17,2,-0.006446893326938152,-0.2966906977817416,0.2837969111278653,2.006446893326938,1.7162030888721347,2.2966906977817416,0.5804876089096069,0.03291466458371584,W545,automate,2
20.2883,W553,13,2,-0.006446893326938152,-0.2966906977817416,0.2837969111278653,2.006446893326938,1.7162030888721347,2.2966906977817416,0.5804876089096069,0.19186831771299134,W554,automate,2
20.4359,W517,11,4,-0.3854272961616516,-0.6756711006164551,-0.09518349170684814,4.0,4.0,4.0,0.0,5.988279192949126e-22,W469,automate,4
20.548799999999996,W561,14,4,-0.006446893326938152,-0.2966906977817416,0.2837969111278653,4.0,3.7162030888721347,4.0,0.2837969111278653,-0.0029222757780618105,W556,refer,4
20.622500000000002,W560,12,4,0.2788804769515991,-0.011363327503204346,0.5691242814064026,3.721119523048401,3.4308757185935974,4.0,0.5691242814064026,-3.1029389842188876e-17,W469,refer,2
20.6808,W469,11,4,-0.40020284056663513,-0.6904466450214386,-0.10995903611183167,4.0,4.0,4.0,0.0,1.2049954102907294e-19,W532,automate,4
20.788,W556,14,4,-0.006446893326938152,-0.2966906977817416,0.2837969111278653,4.0,3.7162030888721347,4.0,0.2837969111278653,-0.001982063761075766,W554,refer,4
20.8096,W554,13,4,-0.006446893326938152,-0.2966906977817416,0.2837969111278653,4.0,3.7162030888721347,4.0,0.2837969111278653,-0.0014977169712199771,W566,refer,4
20.8307,W566,12,4,-0.006446893326938152,-0.2966906977817416,0.2837969111278653,4.0,3.7162030888721347,4.0,0.2837969111278653,-0.002305480443508529,W410,refer,4
20.832400000000003,W559,21,2,-0.006446893326938152,-0.2966906977817416,0.2837969111278653,2.006446893326938,1.7162030888721347,2.2966906977817416,0.5804876089096069,0.031356995777095734,W545,automate,2
20.9221,W567,11,1,-0.38107746839523315,-0.6713212728500366,-0.09083366394042969,1.3810774683952332,1.0908336639404297,1.6713212728500366,0.5804876089096069,0.11149548049025307,W431,automate,2
20.929699999999997,W545,20,4,-0.006446893326938152,-0.2966906977817416,0.2837969111278653,4.0,3.7162030888721347,4.0,0.2837969111278653,-2.6489588202584998e-08,W546,refer,3
21.0661,W546,20,4,-0.006446893326938152,-0.2966906977817416,0.2837969111278653,4.0,3.7162030888721347,4.0,0.2837969111278653,-2.61020159410855e-08,W534,refer,4
21.0858,W532,10,4,-0.3869486451148987,-0.6771924495697021,-0.09670484066009521,4.0,4.0,4.0,0.0,9.325425409799315e-19,W528,automate,4
21.114700000000003,W534,19,4,-0.006446893326938152,-0.2966906977817416,0.2837969111278653,4.0,3.7162030888721347,4.0,0.2837969111278653,-3.6854770558005765e-08,W541,refer,4
21.1874,W541,18,4,-0.006446893326938152,-0.2966906977817416,0.2837969111278653,4.0,3.7162030888721347,4.0,0.2837969111278653,-6.54678470663404e-08,W568,refer,4
21.2002,W571,14,4,-0.006446893326938152,-0.2966906977817416,0.2837969111278653,4.0,3.7162030888721347,4.0,0.2837969111278653,-0.001744182221241554,W577,refer,4
21.2449,W548,6,2,-0.006446893326938152,-0.2966906977817416,0.2837969111278653,2.006446893326938,1.7162030888721347,2.2966906977817416,0.5804876089096069,0.0028120325988918566,W398,automate,2
21.298399999999997,W568,18,4,-0.006446893326938152,-0.2966906977817416,0.2837969111278653,4.0,3.7162030888721347,4.0,0.2837969111278653,-6.842444012538876e-08,W306,refer,4
21.303599999999996,W569,17,4,-0.006446893326938152,-0.2966906977817416,0.2837969111278653,4.0,3.7162030888721347,4.0,0.2837969111278653,-1.2568865362616804e-07,W306,refer,4
21.3773,W580,16,4,-0.006446893326938152,-0.2966906977817416,0.2837969111278653,4.0,3.7162030888721347,4.0,0.2837969111278653,-2.313140119753493e-07,W306,refer,4
21.383,W574,15,4,-0.006446893326938152,-0.2966906977817416,0.2837969111278653,4.0,3.7162030888721347,4.0,0.2837969111278653,-4.303214489353453e-07,W306,refer,4
21.385,W577,13,4,-0.006446893326938152,-0.2966906977817416,0.2837969111278653,4.0,3.7162030888721347,4.0,0.2837969111278653,-0.002197757994964652,W410,refer,4
21.4337,W575,11,4,0.2788804769515991,-0.011363327503204346,0.5691242814064026,3.721119523048401,3.4308757185935974,4.0,0.5691242814064026,-6.864886619407975e-09,W579,refer,2
21.4867,W410,13,4,-0.006446893326938152,-0.2966906977817416,0.2837969111278653,4.0,3.7162030888721347,4.0,0.2837969111278653,-0.0024356588565234657,W435,refer,4
21.540499999999998,W582,15,4,-0.006446893326938152,-0.2966906977817416,0.2837969111278653,4.0,3.7162030888721347,4.0,0.2837969111278653,-3.6835581655593373e-07,W306,refer,4
21.583099999999998,W584,13,4,-0.006446893326938152,-0.2966906977817416,0.2837969111278653,4.0,3.7162030888721347,4.0,0.2837969111278653,0.00047489220175369554,W435,automate,4
21.6162,W306,15,4,-0.006446893326938152,-0.2966906977817416,0.2837969111278653,4.0,3.7162030888721347,4.0,0.2837969111278653,-4.4902943242272185e-07,W441,refer,4
21.635500000000004,W398,5,4,-0.006446893326938152,-0.2966906977817416,0.2837969111278653,4.0,3.7162030888721347,4.0,0.2837969111278653,-1.2244975323830194e-11,W414,refer,4
21.7712,W586,11,4,0.2788804769515991,-0.011363327503204346,0.5691242814064026,3.721119523048401,3.4308757185935974,4.0,0.5691242814064026,-7.846627005886342e-09,W579,refer,2
21.787,W579,10,4,0.2585412263870239,-0.03170257806777954,0.5487850308418274,3.741458773612976,3.4512149691581726,4.0,0.5487850308418274,-2.392484601905106e-12,W528,refer,2
21.790900000000004,W591,17,1,-0.006446893326938152,-0.2966906977817416,0.2837969111278653,1.0064468933269382,1.0,1.2966906977817416,0.2966906977817416,0.8069709459106688,W590,automate,1
21.808799999999998,W587,14,4,-0.006446893326938152,-0.2966906977817416,0.2837969111278653,4.0,3.7162030888721347,4.0,0.2837969111278653,-0.002986657812303047,W589,refer,4
21.832800000000002,W589,13,4,-0.006446893326938152,-0.2966906977817416,0.2837969111278653,4.0,3.7162030888721347,4.0,0.2837969111278653,-0.0003298426508854171,W435,refer,4
21.8949,W593,13,4,-0.006446893326938152,-0.2966906977817416,0.2837969111278653,4.0,3.7162030888721347,4.0,0.2837969111278653,-0.0010328651949114416,W435,refer,4
21.9021,W528,9,4,-0.39052051305770874,-0.6807643175125122,-0.10027670860290527,4.0,4.0,4.0,0.0,1.3284201164219757e-17,W431,automate,4
21.913,W590,16,2,-0.006446893326938152,-0.2966906977817416,0.2837969111278653,2.006446893326938,1.7162030888721347,2.2966906977817416,0.5804876089096069,0.05288346347698485,W347,automate,2
21.976300000000002,W594,14,4,-0.006446893326938152,-0.2966906977817416,0.2837969111278653,4.0,3.7162030888721347,4.0,0.2837969111278653,-0.0010674040912316447,W595,refer,4
21.9768,W595,13,4,-0.006446893326938152,-0.2966906977817416,0.2837969111278653,4.0,3.7162030888721347,4.0,0.2837969111278653,-0.0024183311221072606,W435,refer,4
22.1003,W431,9,4,-0.47648346424102783,-0.7667272686958313,-0.18623965978622437,4.0,4.0,4.0,0.0,3.1572963939608213e-18,W597,automate,4
22.1719,W441,15,4,-0.006691002286970615,-0.2969348067417741,0.28355280216783285,4.0,3.716447197832167,4.0,0.28355280216783285,-2.033926500623773e-07,W347,refer,4
22.180699999999998,W599,13,4,-0.006446893326938152,-0.2966906977817416,0.2837969111278653,4.0,3.7162030888721347,4.0,0.2837969111278653,-0.00043120164347666733,W435,refer,4
22.214899999999997,W347,14,4,-0.006446893326938152,-0.2966906977817416,0.2837969111278653,4.0,3.7162030888721347,4.0,0.2837969111278653,-2.5932410761805516e-07,W519,refer,4
22.2514,W455,13,4,-0.03246727213263512,-0.3227110765874386,0.25777653232216835,4.0,3.7422234676778316,4.0,0.25777653232216835,-1.262984945086838e-07,W519,refer,4
22.299300000000002,W519,12,4,-0.006446893326938152,-0.2966906977817416,0.2837969111278653,4.0,3.7162030888721347,4.0,0.2837969111278653,-1.735938387734537e-07,W565,refer,4
22.391,W603,14,4,-0.006446893326938152,-0.2966906977817416,0.2837969111278653,4.0,3.7162030888721347,4.0,0.2837969111278653,0.0056175689858243135,W602,automate,4
22.4502,W565,12,4,-0.006446893326938152,-0.2966906977817416,0.2837969111278653,4.0,3.7162030888721347,4.0,0.2837969111278653,-1.48941571316165e-07,W585,refer,4
22.4515,W605,14,2,-0.006446893326938152,-0.2966906977817416,0.2837969111278653,2.006446893326938,1.7162030888721347,2.2966906977817416,0.5804876089096069,0.5150319988011954,W602,automate,2
22.573999999999995,W585,11,4,-0.006446893326938152,-0.2966906977817416,0.2837969111278653,4.0,3.7162030888721347,4.0,0.2837969111278653,-2.953210833660087e-07,W563,refer,4
22.647000000000002,W563,10,4,-0.006446893326938152,-0.2966906977817416,0.2837969111278653,4.0,3.7162030888721347,4.0,0.2837969111278653,-5.819342689063609e-07,W604,refer,4
22.6508,W608,16,2,-0.006446893326938152,-0.2966906977817416,0.2837969111278653,2.006446893326938,1.7162030888721347,2.2966906977817416,0.5804876089096069,0.09975280868102548,W609,automate,2
22.6785,W460,9,4,-0.09241019934415817,-0.38265400379896164,0.1978336051106453,4.0,3.8021663948893547,4.0,0.1978336051106453,-1.2476232285492031e-06,W604,refer,4
22.6863,W609,15,2,-0.006446893326938152,-0.2966906977817416,0.2837969111278653,2.006446893326938,1.7162030888721347,2.2966906977817416,0.5804876089096069,0.16812099971724925,W602,automate,2
22.7301,W597,9,4,-0.3994170129299164,-0.6896608173847198,-0.10917320847511292,4.0,4.0,4.0,0.0,3.170910846108634e-18,W448,automate,4
22.7533,W604,8,4,-0.006446893326938152,-0.2966906977817416,0.2837969111278653,4.0,3.7162030888721347,4.0,0.2837969111278653,-1.7520485878875064e-06,W588,refer,4
22.813299999999998,W552,3,4,0.22160997986793518,-0.06863382458686829,0.5118537843227386,3.778390020132065,3.4881462156772614,4.0,0.5118537843227386,-4.204629070204641e-08,W578,refer,3
22.8161,W602,14,4,-0.006446893326938152,-0.2966906977817416,0.2837969111278653,4.0,3.7162030888721347,4.0,0.2837969111278653,-0.001808551075596026,W435,refer,4
22.913300000000003,W613,8,4,-0.006446893326938152,-0.2966906977817416,0.2837969111278653,4.0,3.7162030888721347,4.0,0.2837969111278653,-8.803636195813091e-07,W588,refer,4
22.9138,W614,14,2,-0.006446893326938152,-0.2966906977817416,0.2837969111278653,2.006446893326938,1.7162030888721347,2.2966906977817416,0.5804876089096069,1.0073932582845782,W435,automate,2
23.074599999999997,W435,13,4,-0.006446893326938152,-0.2966906977817416,0.2837969111278653,4.0,3.7162030888721347,4.0,0.2837969111278653,-0.0018525925367701358,W493,refer,4
23.1176,W625,13,2,-0.3850003182888031,-0.6752441227436066,-0.09475651383399963,2.385000318288803,2.0947565138339996,2.6752441227436066,0.5804876089096069,3.7061559355118617e-06,W448,automate,3
23.1546,W617,12,4,-0.3942517340183258,-0.6844955384731293,-0.10400792956352234,4.0,4.0,4.0,0.0,1.4938963303741057e-18,W448,automate,4
23.2685,W627,13,2,-0.006446893326938152,-0.2966906977817416,0.2837969111278653,2.006446893326938,1.7162030888721347,2.2966906977817416,0.5804876089096069,0.3506087608302055,W493,automate,2
23.3175,W630,12,4,0.27780088782310486,-0.012442916631698608,0.5680446922779083,3.722199112176895,3.4319553077220917,4.0,0.5680446922779083,-1.3595800377356557e-11,W537,refer,2
23.457500000000003,W622,11,4,-0.006446893326938152,-0.2966906977817416,0.2837969111278653,4.0,3.7162030888721347,4.0,0.2837969111278653,-9.00853158054357e-08,W626,refer,3
23.470200000000002,W493,13,4,-0.006446893326938152,-0.2966906977817416,0.2837969111278653,4.0,3.7162030888721347,4.0,0.2837969111278653,-0.0023601440430411984,W607,refer,4
23.517599999999998,W537,11,4,-0.3944891393184662,-0.6847329437732697,-0.10424533486366272,4.0,4.0,4.0,0.0,3.812735287492653e-17,W448,automate,4
23.5509,W626,10,4,-0.006446893326938152,-0.2966906977817416,0.2837969111278653,4.0,3.7162030888721347,4.0,0.2837969111278653,-2.5765553661874147e-07,W623,refer,4
23.558600000000002,W623,9,4,-0.006446893326938152,-0.2966906977817416,0.2837969111278653,4.0,3.7162030888721347,4.0,0.2837969111278653,-5.46765018031908e-07,W618,refer,4
23.5939,W448,10,4,-0.6110101342201233,-0.9012539386749268,-0.3207663297653198,4.0,4.0,4.0,0.0,4.065397225380761e-17,W525,automate,4
23.619,W619,3,4,-0.006446893326938152,-0.2966906977817416,0.2837969111278653,4.0,3.7162030888721347,4.0,0.2837969111278653,-1.0002029037231526e-19,W578,refer,3
23.6817,W633,14,4,-0.006446893326938152,-0.2966906977817416,0.2837969111278653,4.0,3.7162030888721347,4.0,0.2837969111278653,-0.004405446300978439,W634,refer,4
23.719000000000005,W637,9,4,-0.006446893326938152,-0.2966906977817416,0.2837969111278653,4.0,3.7162030888721347,4.0,0.2837969111278653,-6.923193430823541e-07,W618,refer,4
23.818099999999998,W639,16,2,-0.006446893326938152,-0.2966906977817416,0.2837969111278653,2.006446893326938,1.7162030888721347,2.2966906977817416,0.5804876089096069,0.5828764534510862,W641,automate,2
23.8281,W641,15,4,-0.006446893326938152,-0.2966906977817416,0.2837969111278653,4.0,3.7162030888721347,4.0,0.2837969111278653,0.013971609540796764,W634,automate,4
23.917399999999997,W634,14,4,-0.006446893326938152,-0.2966906977817416,0.2837969111278653,4.0,3.7162030888721347,4.0,0.2837969111278653,-0.0008263821896065176,W638,refer,4
23.941700000000004,W638,13,4,-0.006446893326938152,-0.2966906977817416,0.2837969111278653,4.0,3.7162030888721347,4.0,0.2837969111278653,-0.0018728821697953008,W607,refer,4
24.0353,W607,12,4,-0.006446893326938152,-0.2966906977817416,0.2837969111278653,4.0,3.7162030888721347,4.0,0.2837969111278653,-0.0026776969408035707,W408,refer,4
24.2258,W642,11,4,-0.006446893326938152,-0.2966906977817416,0.2837969111278653,4.0,3.7162030888721347,4.0,0.2837969111278653,-1.98254752190938e-07,W429,refer,4
24.229300000000002,W408,11,4,-0.006446893326938152,-0.2966906977817416,0.2837969111278653,4.0,3.7162030888721347,4.0,0.2837969111278653,-0.002641595515705206,W500,refer,4
24.2453,W578,4,4,-0.006446893326938152,-0.2966906977817416,0.2837969111278653,4.0,3.7162030888721347,4.0,0.2837969111278653,-1.3167550498864214e-06,W611,refer,3
24.2768,W600,12,2,-0.006446893326938152,-0.2966906977817416,0.2837969111278653,2.006446893326938,1.7162030888721347,2.2966906977817416,0.5804876089096069,-0.04166081104940643,W610,refer,2
24.312300000000004,W610,11,2,-0.006446893326938152,-0.2966906977817416,0.2837969111278653,2.006446893326938,1.7162030888721347,2.2966906977817416,0.5804876089096069,0.0001810031510804491,W414,automate,2
24.3314,W649,11,4,-0.006446893326938152,-0.2966906977817416,0.2837969111278653,4.0,3.7162030888721347,4.0,0.2837969111278653,0.0013255704557963667,W500,automate,3
24.3521,W611,3,4,-0.006446893326938152,-0.2966906977817416,0.2837969111278653,4.0,3.7162030888721347,4.0,0.2837969111278653,-8.776331105840066e-06,W647,refer,3
24.4417,W652,11,4,-0.006446893326938152,-0.2966906977817416,0.2837969111278653,4.0,3.7162030888721347,4.0,0.2837969111278653,0.0024902023335018238,W500,automate,3
24.4976,W651,11,2,-0.4742327630519867,-0.7644765675067902,-0.18398895859718323,2.4742327630519867,2.1839889585971832,2.76447656750679,0.5804876089096069,9.619915633816689e-07,W525,automate,4
24.5653,W465,10,4,-0.09683222323656082,-0.3870760276913643,0.19341158121824265,4.0,3.8065884187817574,4.0,0.19341158121824265,-5.315710683089854e-07,W618,refer,4
24.5953,W654,12,2,-0.006446893326938152,-0.2966906977817416,0.2837969111278653,2.006446893326938,1.7162030888721347,2.2966906977817416,0.5804876089096069,3.017395777017726,W500,automate,1
24.599999999999994,W618,9,4,-0.006446893326938152,-0.2966906977817416,0.2837969111278653,4.0,3.7162030888721347,4.0,0.2837969111278653,-6.167516351283534e-07,W429,refer,4
24.637999999999998,W525,10,4,-0.4029907286167145,-0.6932345330715179,-0.11274692416191101,4.0,4.0,4.0,0.0,8.182697979383948e-17,W481,automate,4
24.647100000000002,W655,9,4,-0.006446893326938152,-0.2966906977817416,0.2837969111278653,4.0,3.7162030888721347,4.0,0.2837969111278653,-5.257277191604969e-07,W429,refer,4
24.699900000000003,W656,12,4,-0.006446893326938152,-0.2966906977817416,0.2837969111278653,4.0,3.7162030888721347,4.0,0.2837969111278653,-0.002808297392786303,W500,refer,3
24.705800000000004,W481,9,4,-0.6639588475227356,-0.9542026519775391,-0.37371504306793213,4.0,4.0,4.0,0.0,9.991118130219386e-17,W527,automate,4
24.7133,W527,8,4,-0.4291991591453552,-0.7194429636001587,-0.13895535469055176,4.0,4.0,4.0,0.0,3.7459708981055165e-17,W620,automate,4
24.972800000000003,W663,10,4,-0.006446893326938152,-0.2966906977817416,0.2837969111278653,4.0,3.7162030888721347,4.0,0.2837969111278653,-3.054569558454418e-07,W429,refer,4
25.0013,W664,13,2,-0.006446893326938152,-0.2966906977817416,0.2837969111278653,2.006446893326938,1.7162030888721347,2.2966906977817416,0.5804876089096069,1.121061156334496,W661,automate,1
25.0073,W429,11,4,-0.006446893326938152,-0.2966906977817416,0.2837969111278653,4.0,3.7162030888721347,4.0,0.2837969111278653,-2.109340434191061e-07,W588,refer,4
25.0634,W620,8,4,-0.38856637477874756,-0.678810179233551,-0.09832257032394409,4.0,4.0,4.0,0.0,-4.3394884727396917e-13,W659,refer,4
25.076400000000003,W588,11,4,-0.006446893326938152,-0.2966906977817416,0.2837969111278653,4.0,3.7162030888721347,4.0,0.2837969111278653,-7.887434806177009e-08,W667,refer,4
25.2457,W674,13,2,-0.006446893326938152,-0.2966906977817416,0.2837969111278653,2.006446893326938,1.7162030888721347,2.2966906977817416,0.5804876089096069,0.013546134160861544,W677,automate,3
25.254299999999997,W661,13,4,-0.006446893326938152,-0.2966906977817416,0.2837969111278653,4.0,3.7162030888721347,4.0,0.2837969111278653,-0.005099473657805453,W678,refer,3
25.296799999999998,W678,12,4,-0.006446893326938152,-0.2966906977817416,0.2837969111278653,4.0,3.7162030888721347,4.0,0.2837969111278653,0.00030410026029258075,W500,automate,3
25.421100000000006,W677,14,4,-0.006446893326938152,-0.2966906977817416,0.2837969111278653,4.0,3.7162030888721347,4.0,0.2837969111278653,-1.2237246354331264e-08,W675,refer,4
25.5067,W675,13,4,-0.006446893326938152,-0.2966906977817416,0.2837969111278653,4.0,3.7162030888721347,4.0,0.2837969111278653,-2.317666616232195e-08,W667,refer,4
25.5283,W557,9,4,-0.5971119999885559,-0.8873558044433594,-0.30686819553375244,4.0,4.0,4.0,0.0,-1.061400585537119e-12,W659,refer,4
25.5494,W486,12,4,-0.08799351006746292,-0.3782373145222664,0.20225029438734055,4.0,3.7977497056126595,4.0,0.20225029438734055,-6.593086439139567e-08,W667,refer,4
25.570300000000003,W662,11,2,-0.006446893326938152,-0.2966906977817416,0.2837969111278653,2.006446893326938,1.7162030888721347,2.2966906977817416,0.5804876089096069,0.00017579323681223,W414,automate,3
25.6296,W684,13,4,-0.006446893326938152,-0.2966906977817416,0.2837969111278653,4.0,3.7162030888721347,4.0,0.2837969111278653,-0.0015537484208183842,W682,refer,3
25.7395,W414,10,4,-0.006446893326938152,-0.2966906977817416,0.2837969111278653,4.0,3.7162030888721347,4.0,0.2837969111278653,-5.963565894645207e-16,W612,refer,4
25.7515,W682,12,4,-0.006446893326938152,-0.2966906977817416,0.2837969111278653,4.0,3.7162030888721347,4.0,0.2837969111278653,-0.00032289092764317337,W500,refer,3
25.8209,W694,12,2,-0.475464791059494,-0.7657085955142975,-0.18522098660469055,2.475464791059494,2.1852209866046906,2.7657085955142975,0.5804876089096069,1.519316744005542e-06,W659,automate,4
25.8506,W688,11,4,-0.42751601338386536,-0.7177598178386688,-0.1372722089290619,4.0,4.0,4.0,0.0,-1.2433007238771859e-14,W659,refer,4
25.872500000000002,W699,13,4,-0.006446893326938152,-0.2966906977817416,0.2837969111278653,4.0,3.7162030888721347,4.0,0.2837969111278653,-4.6578600667767575e-09,W692,refer,4
25.8756,W696,13,4,-0.006446893326938152,-0.2966906977817416,0.2837969111278653,4.0,3.7162030888721347,4.0,0.2837969111278653,0.00911578037824062,W695,automate,3
25.8901,W695,12,4,-0.006446893326938152,-0.2966906977817416,0.2837969111278653,4.0,3.7162030888721347,4.0,0.2837969111278653,-0.0027665634109849046,W500,refer,3
25.898000000000007,W692,12,4,-0.006446893326938152,-0.2966906977817416,0.2837969111278653,4.0,3.7162030888721347,4.0,0.2837969111278653,-1.1003397457344453e-08,W667,refer,4
25.931700000000003,W687,10,4,-0.43107208609580994,-0.7213158905506134,-0.14082828164100647,4.0,4.0,4.0,0.0,-1.0580836558782274e-13,W659,refer,4
25.980000000000004,W547,10,4,-0.006446893326938152,-0.2966906977817416,0.2837969111278653,4.0,3.7162030888721347,4.0,0.2837969111278653,-2.233329030071726e-21,W558,refer,4
25.987499999999997,W564,9,4,-0.6214048862457275,-0.911648690700531,-0.3311610817909241,4.0,4.0,4.0,0.0,-9.579045660772734e-13,W659,refer,4
26.0183,W702,12,2,-0.006446893326938152,-0.2966906977817416,0.2837969111278653,2.006446893326938,1.7162030888721347,2.2966906977817416,0.5804876089096069,4.146028288070907,W500,automate,1
26.0277,W500,11,4,-0.006446893326938152,-0.2966906977817416,0.2837969111278653,4.0,3.7162030888721347,4.0,0.2837969111278653,-0.0036438046573719707,W576,refer,4
26.138800000000003,W700,15,4,-0.006446893326938152,-0.2966906977817416,0.2837969111278653,4.0,3.7162030888721347,4.0,0.2837969111278653,-6.793506782414891e-09,W706,refer,4
26.156799999999997,W576,10,4,-0.006446893326938152,-0.2966906977817416,0.2837969111278653,4.0,3.7162030888721347,4.0,0.2837969111278653,-0.002734656182325652,W473,refer,4
26.1903,W473,9,4,-0.006446893326938152,-0.2966906977817416,0.2837969111278653,4.0,3.7162030888721347,4.0,0.2837969111278653,-0.003822600279378142,W474,refer,4
26.220000000000002,W706,15,4,-0.006446893326938152,-0.2966906977817416,0.2837969111278653,4.0,3.7162030888721347,4.0,0.2837969111278653,-6.146507810261386e-09,W707,refer,4
26.2958,W708,10,1,-0.006446893326938152,-0.2966906977817416,0.2837969111278653,1.0064468933269382,1.0,1.2966906977817416,0.2966906977817416,1.849040841577775,W709,automate,1
26.3127,W709,9,4,-0.006446893326938152,-0.2966906977817416,0.2837969111278653,4.0,3.7162030888721347,4.0,0.2837969111278653,0.0006742750852155588,W474,automate,3
26.3167,W665,4,2,-0.6467475891113281,-0.9369913935661316,-0.35650378465652466,2.646747589111328,2.3565037846565247,2.9369913935661316,0.5804876089096069,0.0025514950609574166,W647,automate,2
26.4292,W601,8,4,-0.4397110939025879,-0.7299548983573914,-0.14946728944778442,4.0,4.0,4.0,0.0,-6.802014728783459e-13,W659,refer,4
26.4346,W647,3,4,-0.006446893326938152,-0.2966906977817416,0.2837969111278653,4.0,3.7162030888721347,4.0,0.2837969111278653,2.6197277567822446e-06,W691,automate,4
26.4458,W621,7,4,-0.45457732677459717,-0.7448211312294006,-0.1643335223197937,4.0,4.0,4.0,0.0,-1.6685462505232837e-12,W659,refer,4
26.4652,W474,8,4,-0.006446893326938152,-0.2966906977817416,0.2837969111278653,4.0,3.7162030888721347,4.0,0.2837969111278653,-0.003968730678787681,W446,refer,4
26.481199999999998,W446,7,4,-0.006446893326938152,-0.2966906977817416,0.2837969111278653,4.0,3.7162030888721347,4.0,0.2837969111278653,-0.004239124645071775,W581,refer,4
26.4832,W508,14,4,-0.09894769638776779,-0.38919150084257126,0.19129610806703568,4.0,3.8087038919329643,4.0,0.19129610806703568,-1.6550296464681002e-08,W707,refer,4
26.5266,W581,6,4,-0.006446893326938152,-0.2966906977817416,0.2837969111278653,4.0,3.7162030888721347,4.0,0.2837969111278653,-0.004688762446862018,W629,refer,4
26.559000000000005,W711,7,2,-0.12361394613981247,-0.41385775059461594,0.166629858314991,2.1236139461398125,1.833370141685009,2.413857750594616,0.5804876089096069,0.0015599516704682878,W659,automate,1
26.633499999999998,W713,6,4,-0.006446893326938152,-0.2966906977817416,0.2837969111278653,4.0,3.7162030888721347,4.0,0.2837969111278653,0.0010106445712528295,W629,automate,3
26.644900000000003,W712,14,4,-0.006446893326938152,-0.2966906977817416,0.2837969111278653,4.0,3.7162030888721347,4.0,0.2837969111278653,-1.9184613960936748e-10,W667,refer,4
26.674199999999995,W535,14,4,-0.08815187960863113,-0.3783956840634346,0.20209192484617233,4.0,3.7979080751538277,4.0,0.20209192484617233,-3.8436524747128315e-10,W714,refer,4
26.692700000000002,W650,6,4,-0.4872896075248718,-0.7775334119796753,-0.19704580307006836,4.0,4.0,4.0,0.0,-4.610611469108276e-12,W659,refer,4
26.7087,W679,5,4,-0.4924634099006653,-0.7827072143554688,-0.20221960544586182,4.0,4.0,4.0,0.0,-3.5376437271845156e-11,W659,refer,4
26.750000000000004,W549,14,4,-0.0893407016992569,-0.37958450615406036,0.20090310275554657,4.0,3.7990968972444534,4.0,0.20090310275554657,-1.1043763649212075e-10,W714,refer,4
26.7683,W714,13,4,-0.006446893326938152,-0.2966906977817416,0.2837969111278653,4.0,3.7162030888721347,4.0,0.2837969111278653,-2.939879383927387e-11,W667,refer,4
26.7738,W715,6,4,-0.006446893326938152,-0.2966906977817416,0.2837969111278653,4.0,3.7162030888721347,4.0,0.2837969111278653,0.0245462552907718,W629,automate,3
26.8434,W667,13,4,-0.006446893326938152,-0.2966906977817416,0.2837969111278653,4.0,3.7162030888721347,4.0,0.2837969111278653,-7.23907598708588e-11,W707,refer,4
26.869000000000003,W707,12,4,-0.006446893326938152,-0.2966906977817416,0.2837969111278653,4.0,3.7162030888721347,4.0,0.2837969111278653,-1.4575986744890735e-10,W644,refer,4
27.02230000000001,W644,11,4,-0.006446893326938152,-0.2966906977817416,0.2837969111278653,4.0,3.7162030888721347,4.0,0.2837969111278653,-3.734564059116279e-10,W646,refer,4
27.0268,W718,8,4,-0.006446893326938152,-0.2966906977817416,0.2837969111278653,4.0,3.7162030888721347,4.0,0.2837969111278653,-0.0005941976899419173,W724,refer,3
27.0476,W724,8,4,-0.006446893326938152,-0.2966906977817416,0.2837969111278653,4.0,3.7162030888721347,4.0,0.2837969111278653,-0.005794412124090694,W722,refer,3
27.121800000000004,W558,9,4,-0.006446893326938152,-0.2966906977817416,0.2837969111278653,4.0,3.7162030888721347,4.0,0.2837969111278653,-2.719783161847034e-21,W592,refer,4
27.1642,W646,11,4,-0.006446893326938152,-0.2966906977817416,0.2837969111278653,4.0,3.7162030888721347,4.0,0.2837969111278653,-1.8462186995736854e-10,W683,refer,4
27.1762,W727,8,4,-0.006446893326938152,-0.2966906977817416,0.2837969111278653,4.0,3.7162030888721347,4.0,0.2837969111278653,0.000894730025338011,W722,automate,3
27.198800000000002,W729,7,1,-0.5840805172920227,-0.8743243217468262,-0.29383671283721924,1.5840805172920227,1.2938367128372192,1.8743243217468262,0.5804876089096069,0.08338753028036779,W728,automate,3
27.419499999999996,W733,10,2,-0.006446893326938152,-0.2966906977817416,0.2837969111278653,2.006446893326938,1.7162030888721347,2.2966906977817416,0.5804876089096069,0.03926025545477006,W741,automate,2
27.433500000000002,W592,8,4,-0.006446893326938152,-0.2966906977817416,0.2837969111278653,4.0,3.7162030888721347,4.0,0.2837969111278653,-1.0121626216773795e-20,W612,refer,4
27.564500000000002,W743,10,1,-0.006446893326938152,-0.2966906977817416,0.2837969111278653,1.0064468933269382,1.0,1.2966906977817416,0.2966906977817416,0.7818180494614156,W741,automate,1
27.715000000000003,W748,19,4,-0.006446893326938152,-0.2966906977817416,0.2837969111278653,4.0,3.7162030888721347,4.0,0.2837969111278653,-1.0391593885411124e-11,W734,refer,4
27.7354,W734,18,4,-0.006446893326938152,-0.2966906977817416,0.2837969111278653,4.0,3.7162030888721347,4.0,0.2837969111278653,-1.734171470519419e-11,W683,refer,4
27.802300000000002,W737,10,1,-0.44037333130836487,-0.7306171357631683,-0.1501295268535614,1.4403733313083649,1.1501295268535614,1.7306171357631683,0.5804876089096069,0.2989007709408738,W746,automate,3
28.005300000000002,W741,12,4,-0.006446893326938152,-0.2966906977817416,0.2837969111278653,4.0,3.7162030888721347,4.0,0.2837969111278653,0.00474851727240619,W740,automate,3
28.030499999999996,W740,11,4,-0.006446893326938152,-0.2966906977817416,0.2837969111278653,4.0,3.7162030888721347,4.0,0.2837969111278653,0.00048188526740962183,W757,automate,3
28.1959,W612,7,4,-0.006446893326938152,-0.2966906977817416,0.2837969111278653,4.0,3.7162030888721347,4.0,0.2837969111278653,-2.383310126079401e-19,W598,refer,4
28.263100000000005,W766,21,1,-0.006446893326938152,-0.2966906977817416,0.2837969111278653,1.0064468933269382,1.0,1.2966906977817416,0.2966906977817416,0.8110906827593276,W759,automate,2
28.272300000000005,W598,6,4,-0.006446893326938152,-0.2966906977817416,0.2837969111278653,4.0,3.7162030888721347,4.0,0.2837969111278653,-1.5908433808318928e-17,W555,refer,4
28.305600000000005,W758,11,2,-0.37444931268692017,-0.6646931171417236,-0.0842055082321167,2.37444931268692,2.0842055082321167,2.6646931171417236,0.5804876089096069,-0.018212649656736676,W746,refer,1
28.323400000000003,W746,10,2,-0.47006064653396606,-0.7603044509887695,-0.1798168420791626,2.470060646533966,2.1798168420791626,2.7603044509887695,0.5804876089096069,-0.0016667200319075536,W728,refer,4
28.325400000000002,W762,12,4,-0.006446893326938152,-0.2966906977817416,0.2837969111278653,4.0,3.7162030888721347,4.0,0.2837969111278653,-0.002688823073870505,W771,refer,3
28.393400000000003,W759,21,4,-0.006446893326938152,-0.2966906977817416,0.2837969111278653,4.0,3.7162030888721347,4.0,0.2837969111278653,-4.6215311505636344e-10,W769,refer,4
28.409899999999997,W769,20,4,-0.006446893326938152,-0.2966906977817416,0.2837969111278653,4.0,3.7162030888721347,4.0,0.2837969111278653,-8.516026640913671e-10,W731,refer,4
28.4583,W728,10,2,-0.6306111812591553,-0.9208549857139587,-0.3403673768043518,2.6306111812591553,2.340367376804352,2.9208549857139587,0.5804876089096069,5.388011245282966e-06,W659,automate,4
28.5212,W777,20,4,-0.006446893326938152,-0.2966906977817416,0.2837969111278653,4.0,3.7162030888721347,4.0,0.2837969111278653,-7.818771215847795e-10,W731,refer,4
28.524500000000003,W615,9,4,-0.36659640073776245,-0.6568402051925659,-0.07635259628295898,4.0,4.0,4.0,0.0,-4.544610750964121e-12,W659,refer,4
28.536,W673,8,4,-0.5290353298187256,-0.819279134273529,-0.23879152536392212,4.0,4.0,4.0,0.0,-2.1110601191498545e-12,W659,refer,4
28.544500000000003,W773,13,4,-0.006446893326938152,-0.2966906977817416,0.2837969111278653,4.0,3.7162030888721347,4.0,0.2837969111278653,0.008998393601477854,W771,automate,3
28.549999999999997,W771,12,4,-0.006446893326938152,-0.2966906977817416,0.2837969111278653,4.0,3.7162030888721347,4.0,0.2837969111278653,-0.001100243337072375,W757,refer,3
28.564200000000003,W768,7,4,-0.4669686555862427,-0.7572124600410461,-0.1767248511314392,4.0,4.0,4.0,0.0,-3.3242028788829768e-12,W659,refer,4
28.601200000000002,W731,19,4,-0.006446893326938152,-0.2966906977817416,0.2837969111278653,4.0,3.7162030888721347,4.0,0.2837969111278653,-1.9307463264620478e-09,W683,refer,4
28.6349,W774,7,4,-0.4671748876571655,-0.757418692111969,-0.17693108320236206,4.0,4.0,4.0,0.0,-5.072497009015493e-11,W659,refer,4
28.720200000000002,W555,5,4,-0.006446893326938152,-0.2966906977817416,0.2837969111278653,4.0,3.7162030888721347,4.0,0.2837969111278653,-5.846972286299183e-16,W698,refer,4
28.738,W683,18,4,-0.006446893326938152,-0.2966906977817416,0.2837969111278653,4.0,3.7162030888721347,4.0,0.2837969111278653,-3.3549143063746427e-09,W738,refer,4
28.765600000000003,W781,12,4,-0.006446893326938152,-0.2966906977817416,0.2837969111278653,4.0,3.7162030888721347,4.0,0.2837969111278653,-0.0026934697651091596,W757,refer,3
28.803000000000004,W757,11,4,-0.006446893326938152,-0.2966906977817416,0.2837969111278653,4.0,3.7162030888721347,4.0,0.2837969111278653,-0.0047796775661022,W760,refer,3
28.8821,W760,10,4,-0.006446893326938152,-0.2966906977817416,0.2837969111278653,4.0,3.7162030888721347,4.0,0.2837969111278653,-0.005165270780839116,W722,refer,3
28.978099999999998,W776,7,2,-0.5476769804954529,-0.8379207849502563,-0.2574331760406494,2.547676980495453,2.2574331760406494,2.8379207849502563,0.5804876089096069,0.000884132776271518,W725,automate,2
28.9928,W783,19,4,-0.006446893326938152,-0.2966906977817416,0.2837969111278653,4.0,3.7162030888721347,4.0,0.2837969111278653,-1.7401326580460283e-09,W782,refer,4
29.047300000000003,W722,9,4,-0.006446893326938152,-0.2966906977817416,0.2837969111278653,4.0,3.7162030888721347,4.0,0.2837969111278653,-0.0019363316590470725,W775,refer,3
29.066000000000003,W786,20,2,-0.006446893326938152,-0.2966906977817416,0.2837969111278653,2.006446893326938,1.7162030888721347,2.2966906977817416,0.5804876089096069,0.00865209995844928,W782,automate,3
29.111100000000004,W698,4,4,-0.006446893326938152,-0.2966906977817416,0.2837969111278653,4.0,3.7162030888721347,4.0,0.2837969111278653,-5.93591851134899e-19,W645,refer,4
29.172699999999995,W782,20,4,-0.006446893326938152,-0.2966906977817416,0.2837969111278653,4.0,3.7162030888721347,4.0,0.2837969111278653,-2.244857429835999e-09,W791,refer,4
29.1902,W787,11,4,-0.006446893326938152,-0.2966906977817416,0.2837969111278653,4.0,3.7162030888721347,4.0,0.2837969111278653,-0.0011943428434255717,W775,refer,3
29.193299999999997,W792,8,2,-0.4359807074069977,-0.7262245118618011,-0.1457369029521942,2.4359807074069977,2.145736902952194,2.726224511861801,0.5804876089096069,6.089007530981258e-05,W659,automate,4
29.212500000000006,W775,10,4,-0.006446893326938152,-0.2966906977817416,0.2837969111278653,4.0,3.7162030888721347,4.0,0.2837969111278653,-0.0036688797121912607,W726,refer,3
29.2633,W726,9,4,-0.006446893326938152,-0.2966906977817416,0.2837969111278653,4.0,3.7162030888721347,4.0,0.2837969111278653,-0.0030082689144994403,W793,refer,3
29.276299999999996,W793,8,4,-0.006446893326938152,-0.2966906977817416,0.2837969111278653,4.0,3.7162030888721347,4.0,0.2837969111278653,-0.003597724821228673,W629,refer,4
29.488799999999998,W791,21,4,-0.006446893326938152,-0.2966906977817416,0.2837969111278653,4.0,3.7162030888721347,4.0,0.2837969111278653,-1.6993280535579478e-09,W738,refer,4
29.545600000000004,W645,3,4,-0.006446893326938152,-0.2966906977817416,0.2837969111278653,4.0,3.7162030888721347,4.0,0.2837969111278653,-1.8599173687985145e-15,W640,refer,4
29.5812,W629,7,4,-0.006446893326938152,-0.2966906977817416,0.2837969111278653,4.0,3.7162030888721347,4.0,0.2837969111278653,-0.0040844251533201,W789,refer,4
29.594,W790,10,4,-0.44153663516044617,-0.7317804396152496,-0.1512928307056427,4.0,4.0,4.0,0.0,-5.438623363528918e-10,W659,refer,4
29.72800000000001,W800,23,4,-0.006446893326938152,-0.2966906977817416,0.2837969111278653,4.0,3.7162030888721347,4.0,0.2837969111278653,-7.837997281282075e-10,W738,refer,4
29.746999999999996,W806,23,4,-0.006446893326938152,-0.2966906977817416,0.2837969111278653,4.0,3.7162030888721347,4.0,0.2837969111278653,-7.554189625771052e-10,W738,refer,4
29.775600000000004,W797,9,4,-0.4547865390777588,-0.7450303435325623,-0.16454273462295532,4.0,4.0,4.0,0.0,-2.6778377378353277e-09,W659,refer,4
29.850199999999997,W720,8,4,-0.49439266324043274,-0.7846364676952362,-0.20414885878562927,4.0,4.0,4.0,0.0,-1.2421762687660426e-08,W659,refer,4
29.857200000000006,W811,25,4,-0.006446893326938152,-0.2966906977817416,0.2837969111278653,4.0,3.7162030888721347,4.0,0.2837969111278653,-2.992878106648377e-10,W657,refer,4
29.890299999999996,W745,7,4,-0.5030436515808105,-0.793287456035614,-0.21279984712600708,4.0,4.0,4.0,0.0,-4.4060163070151376e-08,W659,refer,4
30.012,W813,10,2,-0.006446893326938152,-0.2966906977817416,0.2837969111278653,2.006446893326938,1.7162030888721347,2.2966906977817416,0.5804876089096069,2.72686989548116,W810,automate,1
30.0641,W815,27,4,-0.006446893326938152,-0.2966906977817416,0.2837969111278653,4.0,3.7162030888721347,4.0,0.2837969111278653,-1.2231967912595994e-10,W657,refer,4
30.098200000000002,W657,26,4,-0.006446893326938152,-0.2966906977817416,0.2837969111278653,4.0,3.7162030888721347,4.0,0.2837969111278653,-2.401468191245872e-10,W738,refer,4
30.1043,W810,9,4,-0.006446893326938152,-0.2966906977817416,0.2837969111278653,4.0,3.7162030888721347,4.0,0.2837969111278653,0.011582569147364996,W804,automate,3
30.112299999999998,W738,25,4,-0.006446893326938152,-0.2966906977817416,0.2837969111278653,4.0,3.7162030888721347,4.0,0.2837969111278653,-2.3687137695202827e-10,W668,refer,4
30.1697,W668,25,4,-0.006446893326938152,-0.2966906977817416,0.2837969111278653,4.0,3.7162030888721347,4.0,0.2837969111278653,-2.2858836887863502e-10,W802,refer,4
30.281,W804,8,4,-0.006446893326938152,-0.2966906977817416,0.2837969111278653,4.0,3.7162030888721347,4.0,0.2837969111278653,0.04476971716360111,W789,automate,3
30.3483,W789,7,4,-0.006446893326938152,-0.2966906977817416,0.2837969111278653,4.0,3.7162030888721347,4.0,0.2837969111278653,-0.002762258314156537,W756,refer,4
30.367600000000003,W820,11,2,-0.15968745946884155,-0.449931263923645,0.13055634498596191,2.1596874594688416,1.869443655014038,2.449931263923645,0.5804876089096069,-0.034790792813041684,W823,refer,1
30.3735,W823,10,2,-0.5478084683418274,-0.8380522727966309,-0.2575646638870239,2.5478084683418274,2.257564663887024,2.838052272796631,0.5804876089096069,0.0007593723800666955,W659,automate,4
30.4512,W437,6,4,-0.0992414578795433,-0.38948526233434677,0.19100234657526016,4.0,3.80899765342474,4.0,0.19100234657526016,-0.003499178749833516,W756,refer,4
30.522700000000004,W799,5,2,-0.006446893326938152,-0.2966906977817416,0.2837969111278653,2.006446893326938,1.7162030888721347,2.2966906977817416,0.5804876089096069,0.00010836183340780247,W640,automate,3
30.6003,W705,26,4,-0.006446893326938152,-0.2966906977817416,0.2837969111278653,4.0,3.7162030888721347,4.0,0.2837969111278653,-7.88360167198837e-11,W802,refer,4
30.605100000000007,W802,25,4,-0.006446893326938152,-0.2966906977817416,0.2837969111278653,4.0,3.7162030888721347,4.0,0.2837969111278653,-9.431661299480337e-11,W671,refer,4
30.6587,W833,6,4,-0.006446893326938152,-0.2966906977817416,0.2837969111278653,4.0,3.7162030888721347,4.0,0.2837969111278653,0.01316398971801042,W756,automate,3
30.701999999999995,W830,24,4,-0.006446893326938152,-0.2966906977817416,0.2837969111278653,4.0,3.7162030888721347,4.0,0.2837969111278653,-1.6777953239329507e-10,W671,refer,4
30.768400000000003,W832,10,2,-0.29528987407684326,-0.5855336785316467,-0.005046069622039795,2.2952898740768433,2.00504606962204,2.5855336785316467,0.5804876089096069,0.003508017548227371,W659,automate,1
30.791200000000003,W671,23,4,-0.006446893326938152,-0.2966906977817416,0.2837969111278653,4.0,3.7162030888721347,4.0,0.2837969111278653,-3.171929977673261e-10,W735,refer,4
30.827400000000008,W735,22,4,-0.006446893326938152,-0.2966906977817416,0.2837969111278653,4.0,3.7162030888721347,4.0,0.2837969111278653,-2.803222314836655e-10,W742,refer,4
30.8859,W816,21,4,-0.006446893326938152,-0.2966906977817416,0.2837969111278653,4.0,3.7162030888721347,4.0,0.2837969111278653,-4.1284658362909104e-10,W742,refer,4
30.932,W835,7,4,-0.006446893326938152,-0.2966906977817416,0.2837969111278653,4.0,3.7162030888721347,4.0,0.2837969111278653,-0.0002576950023984795,W756,refer,3
31.038700000000002,W689,10,4,-0.5529643893241882,-0.8432081937789917,-0.26272058486938477,4.0,4.0,4.0,0.0,-4.649423642295254e-08,W659,refer,4
31.108700000000002,W840,8,4,-0.006446893326938152,-0.2966906977817416,0.2837969111278653,4.0,3.7162030888721347,4.0,0.2837969111278653,0.005955944800235202,W838,automate,3
31.123,W805,7,4,-0.006446893326938152,-0.2966906977817416,0.2837969111278653,4.0,3.7162030888721347,4.0,0.2837969111278653,-2.794525907767184e-07,W725,refer,4
31.359099999999998,W844,7,4,-0.006446893326938152,-0.2966906977817416,0.2837969111278653,4.0,3.7162030888721347,4.0,0.2837969111278653,-2.347012936526252e-07,W725,refer,4
31.361,W640,6,4,-0.006446893326938152,-0.2966906977817416,0.2837969111278653,4.0,3.7162030888721347,4.0,0.2837969111278653,-7.657290398932918e-07,W826,refer,4
31.508499999999998,W851,8,4,-0.006446893326938152,-0.2966906977817416,0.2837969111278653,4.0,3.7162030888721347,4.0,0.2837969111278653,0.0037925615199213576,W838,automate,3
31.5614,W725,6,4,-0.006446893326938152,-0.2966906977817416,0.2837969111278653,4.0,3.7162030888721347,4.0,0.2837969111278653,-1.3971382572440619e-06,W778,refer,4
31.5731,W685,5,4,-0.006446893326938152,-0.2966906977817416,0.2837969111278653,4.0,3.7162030888721347,4.0,0.2837969111278653,-1.241165020285814e-08,W739,refer,4
31.5979,W855,8,1,-0.006446893326938152,-0.2966906977817416,0.2837969111278653,1.0064468933269382,1.0,1.2966906977817416,0.2966906977817416,1.2141652994035073,W838,automate,1
31.6052,W854,27,2,-0.006446893326938152,-0.2966906977817416,0.2837969111278653,2.006446893326938,1.7162030888721347,2.2966906977817416,0.5804876089096069,-0.13228115575325067,W850,refer,3
31.6455,W853,11,2,-0.09421319514513016,-0.3844569995999336,0.1960306093096733,2.09421319514513,1.8039693906903267,2.3844569995999336,0.5804876089096069,0.007836265493133833,W659,automate,1
31.678099999999993,W850,27,2,-0.006446893326938152,-0.2966906977817416,0.2837969111278653,2.006446893326938,1.7162030888721347,2.2966906977817416,0.5804876089096069,0.0025543027964818666,W852,automate,3
31.681800000000003,W852,26,4,-0.006446893326938152,-0.2966906977817416,0.2837969111278653,4.0,3.7162030888721347,4.0,0.2837969111278653,-3.497221352372579e-11,W856,refer,4
31.754800000000007,W856,26,4,-0.006446893326938152,-0.2966906977817416,0.2837969111278653,4.0,3.7162030888721347,4.0,0.2837969111278653,-4.0093632407906435e-11,W845,refer,4
31.7979,W845,25,4,-0.006446893326938152,-0.2966906977817416,0.2837969111278653,4.0,3.7162030888721347,4.0,0.2837969111278653,-7.787198481975291e-11,W742,refer,4
31.8239,W778,5,4,-0.006446893326938152,-0.2966906977817416,0.2837969111278653,4.0,3.7162030888721347,4.0,0.2837969111278653,4.506175270219498e-07,W691,automate,4
31.878599999999995,W843,10,4,-0.45075953006744385,-0.7410033345222473,-0.16051572561264038,4.0,4.0,4.0,0.0,-2.5761804261833044e-08,W659,refer,4
31.953100000000003,W826,6,4,-0.006446893326938152,-0.2966906977817416,0.2837969111278653,4.0,3.7162030888721347,4.0,0.2837969111278653,-1.8613144097904894e-06,W824,refer,4
31.9651,W691,4,4,-0.6368727087974548,-0.9271165132522583,-0.34662890434265137,4.0,4.0,4.0,0.0,6.162275026825969e-08,W719,automate,4
31.998400000000004,W867,25,4,-0.006446893326938152,-0.2966906977817416,0.2837969111278653,4.0,3.7162030888721347,4.0,0.2837969111278653,-6.861664070195608e-11,W742,refer,4
32.0549,W859,11,4,-0.006446893326938152,-0.2966906977817416,0.2837969111278653,4.0,3.7162030888721347,4.0,0.2837969111278653,-0.005799165870681312,W862,refer,3
32.1073,W870,25,4,0.29779770970344543,0.007553905248641968,0.5880415141582489,3.7022022902965546,3.411958485841751,3.992446094751358,0.5804876089096069,-9.433164044775848e-11,W742,refer,2
32.1409,W742,24,4,-0.006446893326938152,-0.2966906977817416,0.2837969111278653,4.0,3.7162030888721347,4.0,0.2837969111278653,-1.5914660046541955e-10,W744,refer,4
32.2222,W864,10,2,-0.5617007613182068,-0.8519445657730103,-0.2714569568634033,2.561700761318207,2.2714569568634033,2.8519445657730103,0.5804876089096069,0.00055648138637101,W659,automate,4
32.2391,W839,9,4,-0.47553861141204834,-0.7657824158668518,-0.18529480695724487,4.0,4.0,4.0,0.0,-9.767027601827527e-08,W659,refer,4
32.2732,W873,12,2,0.013056269846856594,-0.2771875346079469,0.30330007430166006,1.9869437301531434,1.69669992569834,2.277187534607947,0.5804876089096069,1.3607193218013542,W872,automate,1
32.3449,W876,25,4,0.31201183795928955,0.021768033504486084,0.602255642414093,3.6879881620407104,3.397744357585907,3.978231966495514,0.5804876089096069,-8.615134128153727e-09,W875,refer,2
32.406200000000005,W875,24,4,0.32627230882644653,0.036028504371643066,0.61651611328125,3.6737276911735535,3.38348388671875,3.963971495628357,0.5804876089096069,-2.4849504873469443e-10,W744,refer,2
32.499,W879,14,2,-0.006446893326938152,-0.2966906977817416,0.2837969111278653,2.006446893326938,1.7162030888721347,2.2966906977817416,0.5804876089096069,0.06096647059392542,W877,automate,1
32.5228,W744,23,4,-0.006446893326938152,-0.2966906977817416,0.2837969111278653,4.0,3.7162030888721347,4.0,0.2837969111278653,-2.2691926137150223e-10,W717,refer,4
32.603,W825,9,4,-0.4858661890029907,-0.7761099934577942,-0.19562238454818726,4.0,4.0,4.0,0.0,-1.0645549761176068e-07,W659,refer,4
32.617000000000004,W877,14,2,-0.017173107713460922,-0.3074169121682644,0.27307069674134254,2.017173107713461,1.7269293032586575,2.3074169121682644,0.5804876089096069,0.05522826067639311,W872,automate,1
32.6308,W872,13,4,0.023442979902029037,-0.26680082455277443,0.3136867843568325,3.976557020097971,3.6863132156431675,4.0,0.3136867843568325,-0.003920447823721689,W862,refer,2
32.638799999999996,W717,22,4,-0.006446893326938152,-0.2966906977817416,0.2837969111278653,4.0,3.7162030888721347,4.0,0.2837969111278653,-3.17740967418241e-10,W681,refer,4
32.6719,W868,4,2,-0.006446893326938152,-0.2966906977817416,0.2837969111278653,2.006446893326938,1.7162030888721347,2.2966906977817416,0.5804876089096069,0.2896190180138523,W719,automate,2
32.6983,W880,8,4,-0.47624868154525757,-0.766492486000061,-0.1860048770904541,4.0,4.0,4.0,0.0,-3.222203741846042e-07,W659,refer,4
32.741,W882,15,2,0.049891602247953415,-0.24035220220685005,0.3401354067027569,1.9501083977520466,1.6598645932972431,2.24035220220685,0.5804876089096069,0.0997929692497695,W884,automate,1
32.797200000000004,W824,5,4,-0.006446893326938152,-0.2966906977817416,0.2837969111278653,4.0,3.7162030888721347,4.0,0.2837969111278653,-9.979057943534233e-06,W632,refer,4
32.8035,W719,3,4,-0.5347761511802673,-0.8250199556350708,-0.24453234672546387,4.0,4.0,4.0,0.0,1.6395072656330806e-06,W772,automate,4
32.803999999999995,W888,9,2,-0.541509747505188,-0.8317535519599915,-0.2512659430503845,2.541509747505188,2.2512659430503845,2.8317535519599915,0.5804876089096069,0.0010608678156148457,W659,automate,2
32.85560000000001,W883,22,4,0.22617146372795105,-0.06407234072685242,0.5164152681827545,3.773828536272049,3.4835847318172455,4.0,0.5164152681827545,-2.067397209638342e-10,W681,refer,2
32.919900000000005,W632,4,4,-0.006446893326938152,-0.2966906977817416,0.2837969111278653,4.0,3.7162030888721347,4.0,0.2837969111278653,-2.1797353568538767e-05,W849,refer,4
33.030300000000004,W890,25,4,0.3115141987800598,0.021270394325256348,0.6017580032348633,3.68848580121994,3.3982419967651367,3.9787296056747437,0.5804876089096069,-4.777601575218709e-09,W895,refer,2
33.0487,W895,25,4,0.31593382358551025,0.025690019130706787,0.6061776280403137,3.6840661764144897,3.3938223719596863,3.974309980869293,0.5804876089096069,-3.6911646070625555e-09,W891,refer,2
33.0522,W829,5,4,-0.006446893326938152,-0.2966906977817416,0.2837969111278653,4.0,3.7162030888721347,4.0,0.2837969111278653,-4.431274388772744e-07,W739,refer,4
33.079800000000006,W884,15,4,0.020816583186388016,-0.26942722126841545,0.3110603876411915,3.979183416813612,3.6889396123588085,4.0,0.3110603876411915,-0.0025794009325479567,W862,refer,2
33.08,W862,14,4,-0.006446893326938152,-0.2966906977817416,0.2837969111278653,4.0,3.7162030888721347,4.0,0.2837969111278653,-0.004232701231802577,W881,refer,3
33.1201,W898,13,4,0.2788804769515991,-0.011363327503204346,0.5691242814064026,3.721119523048401,3.4308757185935974,4.0,0.5691242814064026,-1.716513426769034e-07,W659,refer,2
33.1636,W772,3,4,-0.6480762362480164,-0.9383200407028198,-0.3578324317932129,4.0,4.0,4.0,0.0,-0.0019299858412891516,W892,refer,4
33.1643,W892,2,4,0.272479772567749,-0.017764031887054443,0.5627235770225525,3.727520227432251,3.4372764229774475,4.0,0.5627235770225525,-0.0013368153984367624,W648,refer,2
33.1936,W900,4,2,-0.006446893326938152,-0.2966906977817416,0.2837969111278653,2.006446893326938,1.7162030888721347,2.2966906977817416,0.5804876089096069,0.07291869139355261,W849,automate,1
33.1944,W903,14,4,0.019255157560110092,-0.2709886468946934,0.30949896201491356,3.98074484243989,3.6905010379850864,4.0,0.30949896201491356,-0.0026302136799720545,W881,refer,2
33.225300000000004,W891,25,4,0.31873828172683716,0.02849447727203369,0.6089820861816406,3.681261718273163,3.3910179138183594,3.9715055227279663,0.5804876089096069,-2.472466912803551e-09,W899,refer,2
33.27270000000001,W904,14,4,-0.39237135648727417,-0.6826151609420776,-0.1021275520324707,4.0,4.0,4.0,0.0,-4.255773131623595e-09,W659,refer,4
33.28979999999999,W899,24,4,0.24166259169578552,-0.048581212759017944,0.531906396150589,3.7583374083042145,3.468093603849411,4.0,0.531906396150589,-2.1470135571428935e-09,W893,refer,2
33.3163,W893,23,4,0.23314709961414337,-0.057096704840660095,0.5233909040689468,3.7668529003858566,3.476609095931053,4.0,0.5233909040689468,-2.561442057253002e-09,W907,refer,2
33.3489,W881,14,4,0.008013789542019367,-0.2822300149127841,0.29825759399682283,3.9919862104579806,3.701742406003177,4.0,0.29825759399682283,-0.003720465203985074,W869,refer,2
33.4116,W907,22,4,0.22057384252548218,-0.06966996192932129,0.5108176469802856,3.779426157474518,3.4891823530197144,4.0,0.5108176469802856,-2.3628018287015885e-10,W681,refer,2
33.5572,W912,15,2,0.005945414304733276,-0.2842983901500702,0.29618921875953674,1.9940545856952667,1.7038107812404633,2.28429839015007,0.5804876089096069,0.4185597546982326,W869,automate,1
33.6185,W659,16,4,-0.10363363474607468,-0.39387743920087814,0.1866101697087288,4.0,3.813389830291271,4.0,0.1866101697087288,-1.4361095631896358e-09,W755,refer,3
33.7661,W917,22,4,0.22641819715499878,-0.06382560729980469,0.5166620016098022,3.773581802845001,3.4833379983901978,4.0,0.5166620016098022,-2.385973959769389e-10,W681,refer,2
33.790800000000004,W909,16,4,-0.4449245035648346,-0.7351683080196381,-0.15468069911003113,4.0,4.0,4.0,0.0,-3.412570389169459e-10,W755,refer,4
33.80610000000001,W919,22,4,0.25631269812583923,-0.03393110632896423,0.5465565025806427,3.7436873018741608,3.4534434974193573,4.0,0.5465565025806427,-1.9608347233632378e-10,W681,refer,2
33.842600000000004,W918,15,4,-0.4414651393890381,-0.7317089438438416,-0.15122133493423462,4.0,4.0,4.0,0.0,-8.269745422176254e-10,W755,refer,4
33.88689999999999,W921,22,4,0.2481154501438141,-0.04212835431098938,0.5383592545986176,3.751884549856186,3.4616407454013824,4.0,0.5383592545986176,-2.09210749362967e-10,W681,refer,2
33.962199999999996,W869,14,4,-0.006446893326938152,-0.2966906977817416,0.2837969111278653,4.0,3.7162030888721347,4.0,0.2837969111278653,-0.0035227004734273027,W914,refer,3
34.0989,W923,22,4,0.31155264377593994,0.021308839321136475,0.6017964482307434,3.68844735622406,3.3982035517692566,3.9786911606788635,0.5804876089096069,-2.858217976657256e-10,W681,refer,2
34.12810000000001,W927,22,2,0.19666272401809692,-0.09358108043670654,0.4869065284729004,1.803337275981903,1.5130934715270996,2.0935810804367065,0.5804876089096069,0.02060904174980811,W681,automate,1
34.1329,W914,15,4,-0.006446893326938152,-0.2966906977817416,0.2837969111278653,4.0,3.7162030888721347,4.0,0.2837969111278653,-0.0032744010922700064,W908,refer,3
34.1728,W849,3,4,-0.006446893326938152,-0.2966906977817416,0.2837969111278653,4.0,3.7162030888721347,4.0,0.2837969111278653,-0.0001054910575885412,W865,refer,4
34.199000000000005,W930,15,4,0.2788804769515991,-0.011363327503204346,0.5691242814064026,3.721119523048401,3.4308757185935974,4.0,0.5691242814064026,-5.925408407563543e-09,W755,refer,2
34.2019,W905,14,4,-0.46260231733322144,-0.7528461217880249,-0.17235851287841797,4.0,4.0,4.0,0.0,-2.2133364597640555e-09,W755,refer,4
34.206100000000006,W908,14,4,-0.006446893326938152,-0.2966906977817416,0.2837969111278653,4.0,3.7162030888721347,4.0,0.2837969111278653,-0.0033943126640783735,W886,refer,3
34.207300000000004,W929,22,4,0.23858043551445007,-0.051663368940353394,0.5288242399692535,3.76141956448555,3.4711757600307465,4.0,0.5288242399692535,-2.34469870867158e-10,W681,refer,2
34.35639999999999,W935,25,4,0.2535601258277893,-0.03668367862701416,0.5438039302825928,3.7464398741722107,3.4561960697174072,4.0,0.5438039302825928,-3.485215369940823e-09,W934,refer,2
34.3671,W932,14,2,-0.006446893326938152,-0.2966906977817416,0.2837969111278653,2.006446893326938,1.7162030888721347,2.2966906977817416,0.5804876089096069,0.24762950457012448,W886,automate,1
34.383,W934,24,4,0.3171064257621765,0.026862621307373047,0.60735023021698,3.6828935742378235,3.39264976978302,3.973137378692627,0.5804876089096069,-6.707697619696979e-09,W931,refer,2
34.384100000000004,W936,14,2,0.019326288253068924,-0.27091751620173454,0.3095700927078724,1.980673711746931,1.6904299072921276,2.2709175162017345,0.5804876089096069,0.91144277423501,W886,automate,1
34.388600000000004,W886,13,4,-0.006446893326938152,-0.2966906977817416,0.2837969111278653,4.0,3.7162030888721347,4.0,0.2837969111278653,-0.003960580254916376,W860,refer,3
34.4005,W931,23,4,0.3188322186470032,0.028588414192199707,0.6090760231018066,3.681167781352997,3.3909239768981934,3.9714115858078003,0.5804876089096069,-8.560959932590096e-09,W933,refer,2
34.5082,W933,23,4,0.2439224123954773,-0.04632139205932617,0.5341662168502808,3.7560775876045227,3.4658337831497192,4.0,0.5341662168502808,-8.74199295511587e-09,W939,refer,2
34.5657,W939,23,4,0.31999075412750244,0.029746949672698975,0.6102345585823059,3.6800092458724976,3.389765441417694,3.970253050327301,0.5804876089096069,-6.3307719311548345e-09,W940,refer,2
34.7104,W945,24,4,0.3151308298110962,0.024887025356292725,0.6053746342658997,3.684869170188904,3.3946253657341003,3.9751129746437073,0.5804876089096069,-9.890906965396907e-09,W940,refer,2
34.726199999999984,W940,24,4,0.23525793850421906,-0.05498586595058441,0.5255017429590225,3.764742061495781,3.4744982570409775,4.0,0.5255017429590225,-5.5175325110836396e-09,W948,refer,2
34.8558,W887,14,4,-0.4707460105419159,-0.7609898149967194,-0.18050220608711243,4.0,4.0,4.0,0.0,-2.5178842477791968e-09,W755,refer,4
34.8644,W780,13,4,-0.6288373470306396,-0.9190811514854431,-0.3385935425758362,4.0,4.0,4.0,0.0,-5.896021881769949e-09,W755,refer,4
34.869200000000006,W950,24,4,0.3116939961910248,0.021450191736221313,0.6019378006458282,3.688306003808975,3.3980621993541718,3.9785498082637787,0.5804876089096069,-6.665865543069967e-09,W948,refer,2
34.9122,W948,23,4,0.22651390731334686,-0.0637298971414566,0.5167577117681503,3.773486092686653,3.4832422882318497,4.0,0.5167577117681503,-5.328249896384667e-10,W681,refer,2
35.059400000000004,W956,23,4,0.2519753873348236,-0.03826841711997986,0.5422191917896271,3.7480246126651764,3.457780808210373,4.0,0.5422191917896271,-4.660566104435603e-10,W681,refer,2
35.1252,W957,13,4,0.2788804769515991,-0.011363327503204346,0.5691242814064026,3.721119523048401,3.4308757185935974,4.0,0.5691242814064026,-2.8840499565904266e-08,W817,refer,2
35.164,W915,5,4,-0.006446893326938152,-0.2966906977817416,0.2837969111278653,4.0,3.7162030888721347,4.0,0.2837969111278653,-3.428735484161094e-07,W739,refer,3
35.1673,W959,23,4,0.3182598948478699,0.028016090393066406,0.6085036993026733,3.68174010515213,3.3914963006973267,3.9719839096069336,0.5804876089096069,-7.656994056454378e-10,W681,refer,2
35.199999999999996,W953,19,2,0.02135452628135681,-0.26888927817344666,0.3115983307361603,1.9786454737186432,1.6884016692638397,2.2688892781734467,0.5804876089096069,0.7477928725571928,W942,automate,1
35.2867,W944,12,4,-0.47175121307373047,-0.7619950175285339,-0.181507408618927,4.0,4.0,4.0,0.0,-7.045779018253647e-09,W755,refer,4
35.358399999999996,W755,11,4,-0.10686234384775162,-0.3971061483025551,0.18338146060705185,4.0,3.816618539392948,4.0,0.18338146060705185,-1.8297475272353092e-08,W817,refer,3
35.4538,W681,22,4,-0.006446893326938152,-0.2966906977817416,0.2837969111278653,4.0,3.7162030888721347,4.0,0.2837969111278653,-1.0577260274648607e-09,W827,refer,4
35.4575,W827,21,4,-0.006446893326938152,-0.2966906977817416,0.2837969111278653,4.0,3.7162030888721347,4.0,0.2837969111278653,-8.197101480104498e-10,W857,refer,4
35.46089999999998,W857,20,4,-0.006446893326938152,-0.2966906977817416,0.2837969111278653,4.0,3.7162030888721347,4.0,0.2837969111278653,-1.4977613717835215e-09,W809,refer,4
35.473,W809,19,4,-0.006446893326938152,-0.2966906977817416,0.2837969111278653,4.0,3.7162030888721347,4.0,0.2837969111278653,-2.829575039391133e-09,W842,refer,4
35.502500000000005,W967,11,4,-0.45951515436172485,-0.7497589588165283,-0.1692713499069214,4.0,4.0,4.0,0.0,-3.529140268376489e-09,W817,refer,4
35.583200000000005,W962,23,2,-0.006446893326938152,-0.2966906977817416,0.2837969111278653,2.006446893326938,1.7162030888721347,2.2966906977817416,0.5804876089096069,0.2783856492709534,W963,automate,1
35.6393,W963,22,4,0.021587762981653214,-0.26865604147315025,0.3118315674364567,3.978412237018347,3.6881684325635433,4.0,0.3118315674364567,-0.003189236273088096,W942,refer,2
35.6507,W973,22,4,0.028355702757835388,-0.2618881016969681,0.31859950721263885,3.9716442972421646,3.681400492787361,4.0,0.31859950721263885,-0.00383001114078833,W942,refer,2
35.854099999999995,W975,21,2,0.24254097044467926,-0.04770283401012421,0.5327847748994827,1.7574590295553207,1.4672152251005173,2.047702834010124,0.5804876089096069,0.12309780889285125,W978,automate,1
35.862500000000004,W978,20,4,0.2538719177246094,-0.03637188673019409,0.5441157221794128,3.7461280822753906,3.455884277820587,4.0,0.5441157221794128,-1.6034944794557013e-08,W971,refer,2
35.8911,W977,22,2,-0.006446893326938152,-0.2966906977817416,0.2837969111278653,2.006446893326938,1.7162030888721347,2.2966906977817416,0.5804876089096069,0.20841339147622956,W942,automate,1
36.119699999999995,W974,2,4,0.037494808435440063,-0.2527489960193634,0.32773861289024353,3.96250519156456,3.6722613871097565,4.0,0.32773861289024353,-3.557390702624778e-05,W986,refer,2
36.226800000000004,W984,24,2,0.23654624819755554,-0.053697556257247925,0.526790052652359,1.7634537518024445,1.473209947347641,2.053697556257248,0.5804876089096069,-0.6249618015705525,W980,refer,1
36.25770000000001,W980,23,2,0.23249340057373047,-0.057750403881073,0.5227372050285339,1.7675065994262695,1.477262794971466,2.057750403881073,0.5804876089096069,0.07597882107925649,W985,automate,1
36.2719,W964,5,2,-0.006446893326938152,-0.2966906977817416,0.2837969111278653,2.006446893326938,1.7162030888721347,2.2966906977817416,0.5804876089096069,0.05021401835446507,W989,automate,1
36.2738,W979,11,2,-0.5811851024627686,-0.871428906917572,-0.2909412980079651,2.5811851024627686,2.290941298007965,2.871428906917572,0.5804876089096069,0.00017198095025138836,W817,automate,2
36.338499999999996,W993,26,2,0.010341898538172245,-0.2799019059166312,0.3005857029929757,1.9896581014618278,1.6994142970070243,2.279901905916631,0.5804876089096069,0.9375635035020535,W996,automate,1
36.393800000000006,W985,22,4,0.31858938932418823,0.028345584869384766,0.6088331937789917,3.6814106106758118,3.3911668062210083,3.9716544151306152,0.5804876089096069,-1.1279564354855178e-08,W983,refer,2
36.4243,W739,4,4,-0.006446893326938152,-0.2966906977817416,0.2837969111278653,4.0,3.7162030888721347,4.0,0.2837969111278653,-2.6307222348067612e-06,W686,refer,4
36.4285,W996,25,2,0.09540696442127228,-0.1948368400335312,0.38565076887607574,1.9045930355787277,1.6143492311239243,2.194836840033531,0.5804876089096069,0.10273350712226141,W995,automate,1
36.43319999999999,W983,21,4,0.23136359453201294,-0.05888020992279053,0.5216073989868164,3.768636405467987,3.4783926010131836,4.0,0.5216073989868164,-1.155947440549015e-08,W981,refer,2
36.477199999999996,W981,21,4,0.2242680788040161,-0.06597572565078735,0.5145118832588196,3.775731921195984,3.4854881167411804,4.0,0.5145118832588196,-1.1589854145897137e-08,W971,refer,2
36.519499999999994,W942,26,4,0.025512762367725372,-0.2647310420870781,0.31575656682252884,3.9744872376322746,3.684243433177471,4.0,0.31575656682252884,-0.002391697760952545,W995,refer,2
36.53649999999998,W1001,22,4,0.3257084786891937,0.03546467423439026,0.6159522831439972,3.6742915213108063,3.384047716856003,3.9645353257656097,0.5804876089096069,-1.303288358042079e-08,W1000,refer,2
36.543499999999995,W995,25,4,0.028428807854652405,-0.26181499660015106,0.31867261230945587,3.9715711921453476,3.681327387690544,4.0,0.31867261230945587,-0.0014012412497686195,W998,refer,2
36.575300000000006,W972,2,4,-0.006446893326938152,-0.2966906977817416,0.2837969111278653,4.0,3.7162030888721347,4.0,0.2837969111278653,-6.385766768522785e-14,W938,refer,2
36.642,W1000,22,4,0.2274574637413025,-0.06278634071350098,0.517701268196106,3.7725425362586975,3.482298731803894,4.0,0.517701268196106,-6.427415988129952e-09,W999,refer,2
36.7196,W997,11,4,0.2788804769515991,-0.011363327503204346,0.5691242814064026,3.721119523048401,3.4308757185935974,4.0,0.5691242814064026,-1.3019115806819144e-08,W817,refer,2
36.727,W982,2,4,0.17331960797309875,-0.11692419648170471,0.4635634124279022,3.8266803920269012,3.536436587572098,4.0,0.4635634124279022,-4.698505622226659e-15,W937,refer,2
36.76010000000001,W910,10,4,-0.5136646628379822,-0.8039084672927856,-0.2234208583831787,4.0,4.0,4.0,0.0,-1.2855216413873067e-08,W817,refer,4
36.7814,W1009,27,2,-0.006446893326938152,-0.2966906977817416,0.2837969111278653,2.006446893326938,1.7162030888721347,2.2966906977817416,0.5804876089096069,0.20472082885915685,W998,automate,1
36.7837,W999,21,4,0.23244693875312805,-0.057796865701675415,0.5226907432079315,3.767553061246872,3.4773092567920685,4.0,0.5226907432079315,-1.231131083415714e-08,W971,refer,2
36.7923,W901,9,4,-0.545676052570343,-0.8359198570251465,-0.25543224811553955,4.0,4.0,4.0,0.0,-3.0554768286407294e-08,W817,refer,4
36.8735,W1014,29,2,-0.006446893326938152,-0.2966906977817416,0.2837969111278653,2.006446893326938,1.7162030888721347,2.2966906977817416,0.5804876089096069,0.21278860144947107,W1015,automate,1
36.8999,W1015,28,4,0.0007938030175864697,-0.289450001437217,0.29103760747238994,3.9992061969824135,3.70896239252761,4.0,0.29103760747238994,0.0001713134722374067,W998,automate,2
36.932900000000004,W1013,22,4,0.3128529191017151,0.02260911464691162,0.6030967235565186,3.687147080898285,3.3969032764434814,3.9773908853530884,0.5804876089096069,-1.502625688115828e-08,W1018,refer,2
36.9649,W1018,21,4,0.24526286125183105,-0.04498094320297241,0.5355066657066345,3.754737138748169,3.4644933342933655,4.0,0.5355066657066345,-1.0681333080624748e-08,W971,refer,2
36.9719,W971,20,4,0.22071442008018494,-0.06952938437461853,0.5109582245349884,3.779285579919815,3.4890417754650116,4.0,0.5109582245349884,-2.0796698740970973e-08,W1005,refer,2
36.997699999999995,W1020,30,4,0.016862384974956512,-0.27338141947984695,0.30710618942976,3.9831376150250435,3.69289381057024,4.0,0.30710618942976,-0.0011399755106045245,W1021,refer,2
37.0,W1021,29,4,0.028448455035686493,-0.261795349419117,0.31869225949048996,3.9715515449643135,3.68130774050951,4.0,0.31869225949048996,-0.000922410347162783,W998,refer,2
37.00330000000001,W296,28,4,-0.1243661493062973,-0.41460995376110077,0.16587765514850616,4.0,3.834122344851494,4.0,0.16587765514850616,-0.0012355448197008815,W998,refer,4
37.055400000000006,W1005,19,4,0.22228550910949707,-0.0679582953453064,0.5125293135643005,3.777714490890503,3.4874706864356995,4.0,0.5125293135643005,-3.1454314645757256e-09,W842,refer,2
37.257299999999994,W1031,20,4,0.2955467700958252,0.0053029656410217285,0.5857905745506287,3.704453229904175,3.4142094254493713,3.9946970343589783,0.5804876089096069,-2.1735440781056076e-08,W1027,refer,2
37.3304,W1027,19,4,0.2227669060230255,-0.06747689843177795,0.513010710477829,3.7772330939769745,3.486989289522171,4.0,0.513010710477829,-3.2600768817375677e-09,W842,refer,2
37.4762,W842,18,4,-0.006446893326938152,-0.2966906977817416,0.2837969111278653,4.0,3.7162030888721347,4.0,0.2837969111278653,-6.860178037643517e-09,W861,refer,4
37.4895,W1035,18,4,0.319441556930542,0.029197752475738525,0.6096853613853455,3.680558443069458,3.3903146386146545,3.9708022475242615,0.5804876089096069,-9.33119082618358e-09,W861,refer,2
37.519800000000004,W1026,32,4,0.017205219715833664,-0.2730385847389698,0.30744902417063713,3.9827947802841663,3.692550975829363,4.0,0.30744902417063713,-0.0006659764848411921,W1034,refer,2
37.5604,W1036,19,4,0.24513080716133118,-0.04511299729347229,0.5353746116161346,3.754869192838669,3.4646253883838654,4.0,0.5353746116161346,-1.121591281342636e-07,W861,refer,2
37.5695,W1034,31,4,0.02103312313556671,-0.26921068131923676,0.3112769275903702,3.9789668768644333,3.68872307240963,4.0,0.3112769275903702,-0.0004990972054357853,W356,refer,2
37.6852,W1044,34,2,0.029003575444221497,-0.26124022901058197,0.31924737989902496,1.9709964245557785,1.680752620100975,2.261240229010582,0.5804876089096069,0.280874335588951,W356,automate,1
37.7636,W1048,14,2,0.2788804769515991,-0.011363327503204346,0.5691242814064026,1.7211195230484009,1.4308757185935974,2.0113633275032043,0.5804876089096069,-0.02500970765204373,W1045,refer,1
37.889,W1042,33,4,0.028638504445552826,-0.26160530000925064,0.3188823089003563,3.971361495554447,3.6811176910996437,4.0,0.3188823089003563,-0.0005552898101175306,W356,refer,2
37.9363,W1043,24,4,0.25459790229797363,-0.035645902156829834,0.5448417067527771,3.7454020977020264,3.455158293247223,4.0,0.5448417067527771,-2.6034853509476806e-07,W1051,refer,2
37.9759,W1040,2,2,1.0596386194229126,0.7693948149681091,1.349882423877716,1.0,1.0,1.2306051850318909,0.23060518503189087,0.8815006142667043,W1053,automate,1
38.0333,W356,32,4,-0.006446893326938152,-0.2966906977817416,0.2837969111278653,4.0,3.7162030888721347,4.0,0.2837969111278653,-0.0003937848996146819,W1047,refer,4
38.064699999999995,W1051,27,4,0.31183743476867676,0.02159363031387329,0.6020812392234802,3.6881625652313232,3.3979187607765198,3.9784063696861267,0.5804876089096069,-1.1762606099157714e-07,W1058,refer,2
38.0876,W1058,26,4,0.3122491240501404,0.022005319595336914,0.6024929285049438,3.6877508759498596,3.397507071495056,3.977994680404663,0.5804876089096069,-1.584223451925216e-07,W1056,refer,2
38.10620000000001,W1056,25,4,0.31400495767593384,0.02376115322113037,0.6042487621307373,3.685995042324066,3.3957512378692627,3.9762388467788696,0.5804876089096069,-1.888134845431604e-07,W1062,refer,2
38.1255,W1062,24,4,0.2840883433818817,-0.006155461072921753,0.5743321478366852,3.7159116566181183,3.425667852163315,4.0,0.5743321478366852,-2.5652450553214676e-07,W1049,refer,2
38.1579,W1066,24,4,0.31269967555999756,0.022455871105194092,0.602943480014801,3.6873003244400024,3.397056519985199,3.977544128894806,0.5804876089096069,-2.669238149305932e-07,W1049,refer,2
38.3685,W1068,25,4,0.316858172416687,0.026614367961883545,0.6071019768714905,3.683141827583313,3.3928980231285095,3.9733856320381165,0.5804876089096069,-2.1126737501447838e-07,W1067,refer,2
38.442800000000005,W1067,25,4,0.28895556926727295,-0.0012882351875305176,0.5791993737220764,3.711044430732727,3.4208006262779236,4.0,0.5791993737220764,-2.093870660014234e-07,W1075,refer,2
38.468999999999994,W1072,35,4,0.02827583998441696,-0.2619679644703865,0.31851964443922043,3.971724160015583,3.6814803555607796,4.0,0.31851964443922043,-0.0001262975077239148,W860,refer,2
38.5042,W998,35,4,-0.006446893326938152,-0.2966906977817416,0.2837969111278653,4.0,3.7162030888721347,4.0,0.2837969111278653,-0.00016955567757864868,W1047,refer,3
38.55579999999999,W1075,24,4,0.31780996918678284,0.02756616473197937,0.6080537736415863,3.682190030813217,3.3919462263584137,3.9724338352680206,0.5804876089096069,-3.0935373477783596e-07,W1049,refer,2
38.56179999999999,W1079,35,4,-0.006446893326938152,-0.2966906977817416,0.2837969111278653,4.0,3.7162030888721347,4.0,0.2837969111278653,-4.05386302724907e-05,W1047,refer,2
38.566100000000006,W1006,6,2,-0.006446893326938152,-0.2966906977817416,0.2837969111278653,2.006446893326938,1.7162030888721347,2.2966906977817416,0.5804876089096069,0.05319905697229315,W989,automate,1
38.573,W989,5,4,-0.006446893326938152,-0.2966906977817416,0.2837969111278653,4.0,3.7162030888721347,4.0,0.2837969111278653,-1.1888837121227753e-06,W1032,refer,2
38.577400000000004,W1047,34,4,-0.006446893326938152,-0.2966906977817416,0.2837969111278653,4.0,3.7162030888721347,4.0,0.2837969111278653,-0.00019499425217409547,W860,refer,3
38.601800000000004,W1049,23,4,0.3221735954284668,0.03192979097366333,0.6124173998832703,3.677826404571533,3.3875826001167297,3.9680702090263367,0.5804876089096069,-3.613226877849485e-07,W1064,refer,2
38.6203,W1045,17,2,-0.42666590213775635,-0.7169097065925598,-0.13642209768295288,2.4266659021377563,2.136422097682953,2.71690970659256,0.5804876089096069,-0.041369036740925014,W1060,refer,2
38.7633,W1085,27,1,0.31779417395591736,0.02755036950111389,0.6080379784107208,1.0,1.0,1.0,0.0,1.688716080722937,W1080,automate,1
38.773900000000005,W1084,34,2,-0.006446893326938152,-0.2966906977817416,0.2837969111278653,2.006446893326938,1.7162030888721347,2.2966906977817416,0.5804876089096069,0.07388515347961762,W860,automate,1
38.794000000000004,W1032,4,4,-0.006446893326938152,-0.2966906977817416,0.2837969111278653,4.0,3.7162030888721347,4.0,0.2837969111278653,-1.1151973267299636e-05,W987,refer,2
38.8771,W987,3,4,-0.006446893326938152,-0.2966906977817416,0.2837969111278653,4.0,3.7162030888721347,4.0,0.2837969111278653,-8.291602894177557e-05,W865,refer,3
38.8895,W1089,34,4,0.022683262825012207,-0.26756054162979126,0.3129270672798157,3.977316737174988,3.6870729327201843,4.0,0.3129270672798157,-0.00016743556097298514,W860,refer,2
38.90330000000001,W1083,18,2,0.2788804769515991,-0.011363327503204346,0.5691242814064026,1.7211195230484009,1.4308757185935974,2.0113633275032043,0.5804876089096069,0.011639516541276852,W1060,automate,1
38.9273,W860,33,4,-0.006446893326938152,-0.2966906977817416,0.2837969111278653,4.0,3.7162030888721347,4.0,0.2837969111278653,-0.00022592169832624733,W1007,refer,3
38.9825,W1007,32,4,-0.006446893326938152,-0.2966906977817416,0.2837969111278653,4.0,3.7162030888721347,4.0,0.2837969111278653,-0.00024908520491377477,W1065,refer,3
39.06799999999999,W1065,32,4,-0.006446893326938152,-0.2966906977817416,0.2837969111278653,4.0,3.7162030888721347,4.0,0.2837969111278653,-0.00026382836943452255,W941,refer,3
39.1377,W1060,17,2,-0.4643074572086334,-0.7545512616634369,-0.17406365275382996,2.4643074572086334,2.17406365275383,2.754551261663437,0.5804876089096069,-0.03819410599847453,W1082,refer,2
39.242399999999996,W1082,16,2,-0.47027844190597534,-0.7605222463607788,-0.18003463745117188,2.4702784419059753,2.180034637451172,2.760522246360779,0.5804876089096069,-0.03813469706432647,W1077,refer,2
39.293400000000005,W1077,15,2,-0.482865571975708,-0.7731093764305115,-0.19262176752090454,2.482865571975708,2.1926217675209045,2.7731093764305115,0.5804876089096069,0.0006267590376044982,W1037,automate,2
39.36550000000001,W1096,34,2,0.25526463985443115,-0.034979164600372314,0.5455084443092346,1.7447353601455688,1.4544915556907654,2.0349791646003723,0.5804876089096069,-0.39147109473403585,W1091,refer,1
39.378,W1037,14,4,0.2788804769515991,-0.011363327503204346,0.5691242814064026,3.721119523048401,3.4308757185935974,4.0,0.5691242814064026,-5.904028291694186e-07,W1073,refer,2
39.3947,W1100,33,2,0.31122446060180664,0.020980656147003174,0.6014682650566101,1.6887755393981934,1.39853173494339,1.9790193438529968,0.5804876089096069,-0.5156848944112914,W1091,refer,1
39.46789999999999,W1091,34,2,0.22469568252563477,-0.0655481219291687,0.5149394869804382,1.7753043174743652,1.4850605130195618,2.0655481219291687,0.5804876089096069,0.06411996537009994,W1092,automate,1
39.4745,W1073,13,4,0.2788804769515991,-0.011363327503204346,0.5691242814064026,3.721119523048401,3.4308757185935974,4.0,0.5691242814064026,-1.0384977570712474e-08,W817,refer,2
39.533500000000004,W1092,33,4,0.2520497441291809,-0.03819406032562256,0.5422935485839844,3.747950255870819,3.4577064514160156,4.0,0.5422935485839844,-4.050084068714623e-08,W1080,refer,2
39.651399999999995,W1080,33,4,0.255287766456604,-0.03495603799819946,0.5455315709114075,3.744712233543396,3.4544684290885925,4.0,0.5455315709114075,-1.448634019598141e-07,W1104,refer,2
39.6639,W1097,37,4,0.017310455441474915,-0.27293334901332855,0.3075542598962784,3.982689544558525,3.6924457401037216,4.0,0.3075542598962784,-0.0003841247914280959,W1113,refer,2
39.6665,W1104,34,4,0.24989718198776245,-0.040346622467041016,0.5401409864425659,3.7501028180122375,3.459859013557434,4.0,0.5401409864425659,-1.173810003026428e-07,W1081,refer,2
39.685,W1081,34,4,0.3148212432861328,0.024577438831329346,0.6050650477409363,3.685178756713867,3.3949349522590637,3.9754225611686707,0.5804876089096069,-1.2220210999746864e-07,W1115,refer,2
39.705500000000015,W1115,33,4,0.3122309446334839,0.02198714017868042,0.6024747490882874,3.687769055366516,3.3975252509117126,3.9780128598213196,0.5804876089096069,-1.4874676555888544e-07,W1088,refer,2
39.7244,W1088,32,4,0.3166627883911133,0.026418983936309814,0.6069065928459167,3.6833372116088867,3.3930934071540833,3.97358101606369,0.5804876089096069,-1.832933752261911e-07,W1099,refer,2
39.742900000000006,W1099,31,4,0.24033001065254211,-0.04991379380226135,0.5305738151073456,3.759669989347458,3.4694261848926544,4.0,0.5305738151073456,-2.1718642609376947e-07,W1064,refer,2
39.7625,W865,2,4,-0.006446893326938152,-0.2966906977817416,0.2837969111278653,4.0,3.7162030888721347,4.0,0.2837969111278653,-0.00018403794362460425,W836,refer,4
39.8166,W1064,30,4,0.3258344233036041,0.03559061884880066,0.6160782277584076,3.674165576696396,3.3839217722415924,3.9644093811511993,0.5804876089096069,-3.1633658781267146e-07,W1054,refer,2
39.833800000000004,W1113,36,4,0.019195500761270523,-0.27104830369353294,0.309439305216074,3.9808044992387295,3.690560694783926,4.0,0.309439305216074,-0.00015823220588412058,W941,refer,2
39.88659999999998,W1054,30,4,0.26081666350364685,-0.029427140951156616,0.5510604679584503,3.739183336496353,3.4489395320415497,4.0,0.5510604679584503,-3.2836887157885586e-07,W1106,refer,2
39.933699999999995,W941,35,4,-0.006446893326938152,-0.2966906977817416,0.2837969111278653,4.0,3.7162030888721347,4.0,0.2837969111278653,-0.00022570741856118404,W949,refer,3
39.99099999999999,W1106,29,4,0.27224159240722656,-0.018002212047576904,0.56248539686203,3.7277584075927734,3.43751460313797,4.0,0.56248539686203,-4.658422859165408e-07,W1063,refer,2
40.1026,W1063,28,4,0.2303464263677597,-0.05989737808704376,0.5205902308225632,3.7696535736322403,3.479409769177437,4.0,0.5205902308225632,-6.603211326214762e-07,W1116,refer,2
40.1214,W686,3,4,-0.006446893326938152,-0.2966906977817416,0.2837969111278653,4.0,3.7162030888721347,4.0,0.2837969111278653,-7.4066382413959215e-06,W841,refer,4
40.2915,W1125,35,2,-0.006446893326938152,-0.2966906977817416,0.2837969111278653,2.006446893326938,1.7162030888721347,2.2966906977817416,0.5804876089096069,0.1586027565194158,W949,automate,2
40.332699999999996,W949,34,4,-0.006446893326938152,-0.2966906977817416,0.2837969111278653,4.0,3.7162030888721347,4.0,0.2837969111278653,-0.00023962920461540347,W1019,refer,3
40.3475,W1116,28,4,0.32118213176727295,0.030938327312469482,0.6114259362220764,3.678817868232727,3.3885740637779236,3.9690616726875305,0.5804876089096069,-9.197680947191335e-07,W1087,refer,2
40.367700000000006,W1087,28,4,0.32739168405532837,0.0371478796005249,0.6176354885101318,3.6726083159446716,3.382364511489868,3.962852120399475,0.5804876089096069,-7.283527859020422e-07,W1108,refer,2
40.38049999999999,W1019,33,4,-0.006446893326938152,-0.2966906977817416,0.2837969111278653,4.0,3.7162030888721347,4.0,0.2837969111278653,-0.0002673496684201705,W1030,refer,3
40.4229,W1030,32,4,-0.006446893326938152,-0.2966906977817416,0.2837969111278653,4.0,3.7162030888721347,4.0,0.2837969111278653,-0.0002665102047831233,W990,refer,3
40.45589999999999,W1108,27,4,0.3280732035636902,0.03782939910888672,0.6183170080184937,3.67192679643631,3.3816829919815063,3.9621706008911133,0.5804876089096069,-7.566178195786938e-07,W1110,refer,2
40.4624,W1124,19,4,0.3780645430088043,0.08782073855400085,0.6683083474636078,3.6219354569911957,3.331691652536392,3.912179261445999,0.5804876089096069,-6.169498888663665e-08,W1112,refer,2
40.595,W990,31,4,-0.006446893326938152,-0.2966906977817416,0.2837969111278653,4.0,3.7162030888721347,4.0,0.2837969111278653,-0.0003097387981899847,W1103,refer,3
40.653499999999994,W1131,19,4,0.37483954429626465,0.08459573984146118,0.6650833487510681,3.6251604557037354,3.334916651248932,3.915404260158539,0.5804876089096069,-6.754838047100611e-08,W1112,refer,2
40.65859999999999,W1110,27,4,0.3296360373497009,0.03939223289489746,0.6198798418045044,3.670363962650299,3.3801201581954956,3.9606077671051025,0.5804876089096069,-5.892168898445298e-07,W1119,refer,2
40.7283,W1134,32,4,-0.006446893326938152,-0.2966906977817416,0.2837969111278653,4.0,3.7162030888721347,4.0,0.2837969111278653,-0.0002946184832125545,W1133,refer,4
40.7357,W1119,26,4,0.3298228681087494,0.03957906365394592,0.6200666725635529,3.6701771318912506,3.379933327436447,3.960420936346054,0.5804876089096069,-5.389839403321455e-07,W1086,refer,2
40.755199999999995,W1133,31,4,-0.006446893326938152,-0.2966906977817416,0.2837969111278653,4.0,3.7162030888721347,4.0,0.2837969111278653,-0.00023389014596999802,W958,refer,4
40.7715,W1103,30,4,-0.006446893326938152,-0.2966906977817416,0.2837969111278653,4.0,3.7162030888721347,4.0,0.2837969111278653,-0.0003519762806134463,W958,refer,3
40.8404,W1135,20,4,0.4980728030204773,0.20782899856567383,0.7883166074752808,3.5019271969795227,3.2116833925247192,3.792171001434326,0.5804876089096069,-1.4454389269370302e-07,W1112,refer,2
40.864000000000004,W1086,25,4,0.22347354888916016,-0.06677025556564331,0.5137173533439636,3.77652645111084,3.4862826466560364,4.0,0.5137173533439636,-5.195917421757387e-07,W1061,refer,2
40.8913,W1136,31,4,-0.006446893326938152,-0.2966906977817416,0.2837969111278653,4.0,3.7162030888721347,4.0,0.2837969111278653,-6.922249297147356e-05,W958,refer,4
40.89730000000001,W1112,19,4,0.2788804769515991,-0.011363327503204346,0.5691242814064026,3.721119523048401,3.4308757185935974,4.0,0.5691242814064026,-2.826303654330511e-08,W1118,refer,2
40.9219,W958,30,4,-0.006446893326938152,-0.2966906977817416,0.2837969111278653,4.0,3.7162030888721347,4.0,0.2837969111278653,-0.00038863928153802014,W992,refer,3
40.9508,W1061,26,4,0.21968446671962738,-0.07055933773517609,0.5099282711744308,3.7803155332803726,3.490071728825569,4.0,0.5099282711744308,-6.861980829095532e-07,W1117,refer,2
41.023900000000005,W1141,31,4,-0.006446893326938152,-0.2966906977817416,0.2837969111278653,4.0,3.7162030888721347,4.0,0.2837969111278653,-0.00024361536002662348,W992,refer,4
41.09979999999998,W1117,26,4,0.224594384431839,-0.06564942002296448,0.5148381888866425,3.775405615568161,3.4851618111133575,4.0,0.5148381888866425,-1.9602298665616044e-07,W861,refer,2
41.12050000000001,W1146,32,4,-0.006446893326938152,-0.2966906977817416,0.2837969111278653,4.0,3.7162030888721347,4.0,0.2837969111278653,-0.00029225181897423396,W1148,refer,4
41.14950000000002,W861,25,4,-0.006446893326938152,-0.2966906977817416,0.2837969111278653,4.0,3.7162030888721347,4.0,0.2837969111278653,-2.803631039489775e-07,W822,refer,4
41.154199999999996,W1149,20,2,0.39729514718055725,0.10705134272575378,0.6875389516353607,1.6027048528194427,1.3124610483646393,1.8929486572742462,0.5804876089096069,0.06321545511132722,W1118,automate,1
41.16610000000001,W1118,19,4,0.2788804769515991,-0.011363327503204346,0.5691242814064026,3.721119523048401,3.4308757185935974,4.0,0.5691242814064026,-8.218910425435835e-11,W817,refer,2
41.23029999999999,W822,25,4,-0.006446893326938152,-0.2966906977817416,0.2837969111278653,4.0,3.7162030888721347,4.0,0.2837969111278653,-2.581940249519277e-07,W812,refer,4
41.236,W1148,32,4,-0.006446893326938152,-0.2966906977817416,0.2837969111278653,4.0,3.7162030888721347,4.0,0.2837969111278653,-0.00029397276485072343,W992,refer,4
41.330099999999995,W992,31,4,-0.006446893326938152,-0.2966906977817416,0.2837969111278653,4.0,3.7162030888721347,4.0,0.2837969111278653,-0.00035350413887328655,W1008,refer,3
41.34140000000001,W812,24,4,-0.006446893326938152,-0.2966906977817416,0.2837969111278653,4.0,3.7162030888721347,4.0,0.2837969111278653,-3.7912550654166575e-07,W818,refer,4
41.415400000000005,W818,23,4,-0.006446893326938152,-0.2966906977817416,0.2837969111278653,4.0,3.7162030888721347,4.0,0.2837969111278653,-5.405851631725076e-07,W764,refer,4
41.5117,W1008,31,4,-0.006446893326938152,-0.2966906977817416,0.2837969111278653,4.0,3.7162030888721347,4.0,0.2837969111278653,-0.0003812383866487186,W878,refer,3
41.6786,W764,22,4,-0.006446893326938152,-0.2966906977817416,0.2837969111278653,4.0,3.7162030888721347,4.0,0.2837969111278653,-7.402290377992536e-07,W736,refer,4
41.7007,W1156,31,4,-0.006446893326938152,-0.2966906977817416,0.2837969111278653,4.0,3.7162030888721347,4.0,0.2837969111278653,-3.487498229800385e-05,W878,refer,4
41.76469999999999,W878,30,4,-0.006446893326938152,-0.2966906977817416,0.2837969111278653,4.0,3.7162030888721347,4.0,0.2837969111278653,-0.00040648664762168627,W1028,refer,3
41.8068,W1028,29,4,-0.006446893326938152,-0.2966906977817416,0.2837969111278653,4.0,3.7162030888721347,4.0,0.2837969111278653,-0.00044806562955152694,W1070,refer,3
41.8836,W736,22,4,-0.006446893326938152,-0.2966906977817416,0.2837969111278653,4.0,3.7162030888721347,4.0,0.2837969111278653,-6.464119052912821e-07,W801,refer,4
41.929199999999994,W1070,28,4,-0.006446893326938152,-0.2966906977817416,0.2837969111278653,4.0,3.7162030888721347,4.0,0.2837969111278653,-0.00044823746630585795,W925,refer,3
42.071600000000004,W796,23,4,-0.006446893326938152,-0.2966906977817416,0.2837969111278653,4.0,3.7162030888721347,4.0,0.2837969111278653,-3.0623199950254397e-07,W801,refer,4
42.09039999999998,W801,22,4,-0.006446893326938152,-0.2966906977817416,0.2837969111278653,4.0,3.7162030888721347,4.0,0.2837969111278653,-4.0943340338445983e-07,W794,refer,4
42.315300000000015,W1175,23,2,-0.006446893326938152,-0.2966906977817416,0.2837969111278653,2.006446893326938,1.7162030888721347,2.2966906977817416,0.5804876089096069,0.04897461976224869,W794,automate,2
42.4633,W1173,34,2,-0.006446893326938152,-0.2966906977817416,0.2837969111278653,2.006446893326938,1.7162030888721347,2.2966906977817416,0.5804876089096069,-0.23997319498138736,W1166,refer,2
42.544,W1166,34,2,-0.006446893326938152,-0.2966906977817416,0.2837969111278653,2.006446893326938,1.7162030888721347,2.2966906977817416,0.5804876089096069,-0.24067197761256554,W1180,refer,2
42.682100000000005,W1184,35,2,-0.006446893326938152,-0.2966906977817416,0.2837969111278653,2.006446893326938,1.7162030888721347,2.2966906977817416,0.5804876089096069,-0.4097998338919019,W1182,refer,2
42.715,W1182,34,2,-0.006446893326938152,-0.2966906977817416,0.2837969111278653,2.006446893326938,1.7162030888721347,2.2966906977817416,0.5804876089096069,-0.21635098520488788,W1180,refer,2
42.76100000000001,W1180,34,2,-0.006446893326938152,-0.2966906977817416,0.2837969111278653,2.006446893326938,1.7162030888721347,2.2966906977817416,0.5804876089096069,-0.21914517343318993,W1177,refer,2
42.81009999999999,W1179,26,2,-0.006446893326938152,-0.2966906977817416,0.2837969111278653,2.006446893326938,1.7162030888721347,2.2966906977817416,0.5804876089096069,0.024424110829113208,W947,automate,2
42.931799999999996,W716,26,4,-0.006446893326938152,-0.2966906977817416,0.2837969111278653,4.0,3.7162030888721347,4.0,0.2837969111278653,-7.661308279393866e-08,W947,refer,4
43.115800000000014,W947,27,4,0.0896516814827919,-0.20059212297201157,0.37989548593759537,3.910348318517208,3.6201045140624046,4.0,0.37989548593759537,-2.9552103086154363e-08,W794,refer,3
43.14260000000001,W701,26,4,-0.006446893326938152,-0.2966906977817416,0.2837969111278653,4.0,3.7162030888721347,4.0,0.2837969111278653,-2.24568175969334e-08,W794,refer,4
43.190200000000004,W765,26,4,-0.19819211959838867,-0.48843592405319214,0.0920516848564148,4.0,3.907948315143585,4.0,0.0920516848564148,-8.38186273996792e-09,W794,refer,4
43.210800000000006,W1197,26,2,-0.006446893326938152,-0.2966906977817416,0.2837969111278653,2.006446893326938,1.7162030888721347,2.2966906977817416,0.5804876089096069,0.007030035967338045,W749,automate,2
43.3299,W1177,35,2,-0.006446893326938152,-0.2966906977817416,0.2837969111278653,2.006446893326938,1.7162030888721347,2.2966906977817416,0.5804876089096069,0.07009060122866786,W1191,automate,3
43.3347,W1191,34,4,-0.006446893326938152,-0.2966906977817416,0.2837969111278653,4.0,3.7162030888721347,4.0,0.2837969111278653,-0.00030332154499646046,W1162,refer,4
43.385299999999994,W1153,23,2,0.4563118815422058,0.16606807708740234,0.7465556859970093,1.5436881184577942,1.2534443140029907,1.8339319229125977,0.5804876089096069,0.13545128232101905,W1200,automate,1
43.7744,W1205,35,4,-0.006446893326938152,-0.2966906977817416,0.2837969111278653,4.0,3.7162030888721347,4.0,0.2837969111278653,-0.0004623529104497988,W1207,refer,4
43.87059999999999,W1207,34,4,-0.006446893326938152,-0.2966906977817416,0.2837969111278653,4.0,3.7162030888721347,4.0,0.2837969111278653,-0.0006090135808272778,W1162,refer,4
43.917699999999996,W1202,26,4,0.5677686929702759,0.2775248885154724,0.8580124974250793,3.432231307029724,3.1419875025749207,3.7224751114845276,0.5804876089096069,-6.514105214000052e-08,W1200,refer,2
43.9261,W1162,34,4,-0.006446893326938152,-0.2966906977817416,0.2837969111278653,4.0,3.7162030888721347,4.0,0.2837969111278653,-0.0006016032517145959,W1170,refer,4
43.945299999999996,W1170,33,4,-0.006446893326938152,-0.2966906977817416,0.2837969111278653,4.0,3.7162030888721347,4.0,0.2837969111278653,-0.00021939202407825027,W1192,refer,4
43.9597,W1192,32,4,-0.006446893326938152,-0.2966906977817416,0.2837969111278653,4.0,3.7162030888721347,4.0,0.2837969111278653,-0.0003636291301797973,W1214,refer,4
43.9672,W1214,31,4,-0.006446893326938152,-0.2966906977817416,0.2837969111278653,4.0,3.7162030888721347,4.0,0.2837969111278653,-0.000397212035027792,W925,refer,4
43.973000000000006,W749,29,4,-0.006446893326938152,-0.2966906977817416,0.2837969111278653,4.0,3.7162030888721347,4.0,0.2837969111278653,-1.656916007007701e-10,W750,refer,4
44.0098,W925,30,4,-0.006446893326938152,-0.2966906977817416,0.2837969111278653,4.0,3.7162030888721347,4.0,0.2837969111278653,-0.0004304999966559636,W838,refer,3
44.01619999999999,W750,29,4,-0.006446893326938152,-0.2966906977817416,0.2837969111278653,4.0,3.7162030888721347,4.0,0.2837969111278653,-6.904387056144672e-11,W794,refer,4
44.04260000000001,W794,28,4,-0.006446893326938152,-0.2966906977817416,0.2837969111278653,4.0,3.7162030888721347,4.0,0.2837969111278653,-3.6859152687685776e-11,W785,refer,4
44.054500000000004,W785,27,4,-0.006446893326938152,-0.2966906977817416,0.2837969111278653,4.0,3.7162030888721347,4.0,0.2837969111278653,-2.708198820941744e-11,W858,refer,4
44.184,W1200,26,4,0.3982395827770233,0.10799577832221985,0.6884833872318268,3.6017604172229767,3.311516612768173,3.89200422167778,0.5804876089096069,-1.812353286461866e-08,W1188,refer,4
44.269099999999995,W858,26,4,-0.006446893326938152,-0.2966906977817416,0.2837969111278653,4.0,3.7162030888721347,4.0,0.2837969111278653,-8.42075582330261e-12,W1185,refer,4
44.37849999999998,W1041,27,4,-1.024603247642517,-1.3148470520973206,-0.7343594431877136,4.0,4.0,4.0,0.0,-2.1525972552911246e-12,W1185,refer,3
44.3924,W1227,27,2,-0.006446893326938152,-0.2966906977817416,0.2837969111278653,2.006446893326938,1.7162030888721347,2.2966906977817416,0.5804876089096069,0.00013594826168185695,W1164,automate,2
44.4112,W1218,32,2,-0.006446893326938152,-0.2966906977817416,0.2837969111278653,2.006446893326938,1.7162030888721347,2.2966906977817416,0.5804876089096069,-0.23774442948922148,W1219,refer,2
44.473800000000004,W1219,31,2,-0.006446893326938152,-0.2966906977817416,0.2837969111278653,2.006446893326938,1.7162030888721347,2.2966906977817416,0.5804876089096069,0.12436809801227122,W1217,automate,2
44.80459999999999,W1232,36,1,-0.006446893326938152,-0.2966906977817416,0.2837969111278653,1.0064468933269382,1.0,1.2966906977817416,0.2966906977817416,0.2653601150096526,W1164,automate,1
44.808099999999996,W1217,32,4,-0.006446893326938152,-0.2966906977817416,0.2837969111278653,4.0,3.7162030888721347,4.0,0.2837969111278653,4.80068140646196e-05,W1235,automate,4
44.8998,W1114,36,4,-0.9372971653938293,-1.2275409698486328,-0.6470533609390259,4.0,4.0,4.0,0.0,-7.929279907792386e-16,W1164,refer,3
44.923,W1164,35,4,-0.006446893326938152,-0.2966906977817416,0.2837969111278653,4.0,3.7162030888721347,4.0,0.2837969111278653,-4.585244949627042e-18,W1185,refer,4
44.9626,W1235,31,4,-0.006446893326938152,-0.2966906977817416,0.2837969111278653,4.0,3.7162030888721347,4.0,0.2837969111278653,-0.00037044716526398944,W1245,refer,4
45.00029999999999,W1245,30,4,-0.006446893326938152,-0.2966906977817416,0.2837969111278653,4.0,3.7162030888721347,4.0,0.2837969111278653,-0.00041714599578907257,W838,refer,4
45.183099999999996,W1251,30,2,0.17186641693115234,-0.11837738752365112,0.4621102213859558,1.8281335830688477,1.5378897786140442,2.118377387523651,0.5804876089096069,0.050335824350899415,W1188,automate,1
45.2624,W1260,33,2,-0.006446893326938152,-0.2966906977817416,0.2837969111278653,2.006446893326938,1.7162030888721347,2.2966906977817416,0.5804876089096069,-0.19377858074353638,W1257,refer,2
45.2966,W1257,32,2,-0.006446893326938152,-0.2966906977817416,0.2837969111278653,2.006446893326938,1.7162030888721347,2.2966906977817416,0.5804876089096069,0.13083263386507687,W1254,automate,2
45.4028,W1254,31,4,-0.006446893326938152,-0.2966906977817416,0.2837969111278653,4.0,3.7162030888721347,4.0,0.2837969111278653,-0.00028051397658159405,W1252,refer,4
45.447,W1185,38,4,-0.006446893326938152,-0.2966906977817416,0.2837969111278653,4.0,3.7162030888721347,4.0,0.2837969111278653,-5.404137755784607e-17,W1129,refer,4
45.45920000000001,W1261,31,2,0.38037165999412537,0.0901278555393219,0.6706154644489288,1.6196283400058746,1.3293845355510712,1.909872144460678,0.5804876089096069,0.04245837816324833,W1188,automate,1
45.6813,W1266,31,4,-0.006446893326938152,-0.2966906977817416,0.2837969111278653,4.0,3.7162030888721347,4.0,0.2837969111278653,-0.0005857018869550022,W1252,refer,4
45.86879999999999,W1252,30,4,-0.006446893326938152,-0.2966906977817416,0.2837969111278653,4.0,3.7162030888721347,4.0,0.2837969111278653,-0.0003594031236251222,W838,refer,4
45.8922,W1267,40,2,-0.006446893326938152,-0.2966906977817416,0.2837969111278653,2.006446893326938,1.7162030888721347,2.2966906977817416,0.5804876089096069,0.0001227651140140605,W1129,automate,2
45.9393,W838,29,4,-0.006446893326938152,-0.2966906977817416,0.2837969111278653,4.0,3.7162030888721347,4.0,0.2837969111278653,-0.0005069324623725517,W1143,refer,3
46.047999999999995,W1143,28,4,-0.006446893326938152,-0.2966906977817416,0.2837969111278653,4.0,3.7162030888721347,4.0,0.2837969111278653,-0.0005033217447965065,W653,refer,4
46.1406,W1279,28,4,-0.006446893326938152,-0.2966906977817416,0.2837969111278653,4.0,3.7162030888721347,4.0,0.2837969111278653,-0.00043648043902253485,W653,refer,4
46.4787,W1287,31,4,-0.006446893326938152,-0.2966906977817416,0.2837969111278653,4.0,3.7162030888721347,4.0,0.2837969111278653,-0.0002226366090764406,W1284,refer,4
46.48729999999999,W1284,30,4,-0.006446893326938152,-0.2966906977817416,0.2837969111278653,4.0,3.7162030888721347,4.0,0.2837969111278653,-0.0004489976678751934,W653,refer,4
46.5172,W1277,37,2,-0.2683432996273041,-0.5585871040821075,0.02190050482749939,2.268343299627304,1.9780994951725006,2.5585871040821075,0.5804876089096069,-0.14172468823581416,W1270,refer,3
46.525000000000006,W1293,44,1,-0.006446893326938152,-0.2966906977817416,0.2837969111278653,1.0064468933269382,1.0,1.2966906977817416,0.2966906977817416,1.9468152927076177,W1294,automate,1
46.64960000000001,W1296,45,2,-0.006446893326938152,-0.2966906977817416,0.2837969111278653,2.006446893326938,1.7162030888721347,2.2966906977817416,0.5804876089096069,-0.03617390720664818,W1294,refer,2
46.64979999999999,W1294,44,2,-0.006446893326938152,-0.2966906977817416,0.2837969111278653,2.006446893326938,1.7162030888721347,2.2966906977817416,0.5804876089096069,0.00013249184289869644,W1129,automate,2
46.6717,W1299,33,4,-0.006446893326938152,-0.2966906977817416,0.2837969111278653,4.0,3.7162030888721347,4.0,0.2837969111278653,3.171987613794462e-05,W653,automate,4
46.7292,W653,32,4,-0.006446893326938152,-0.2966906977817416,0.2837969111278653,4.0,3.7162030888721347,4.0,0.2837969111278653,-0.0003653753254166017,W965,refer,4
46.80049999999999,W1129,43,4,-0.006446893326938152,-0.2966906977817416,0.2837969111278653,4.0,3.7162030888721347,4.0,0.2837969111278653,-1.7324466644383194e-15,W1211,refer,4
46.9269,W841,4,4,-0.006446893326938152,-0.2966906977817416,0.2837969111278653,4.0,3.7162030888721347,4.0,0.2837969111278653,-5.957557528960515e-07,W866,refer,4
46.928200000000004,W1270,38,2,-0.28344953060150146,-0.5736933350563049,0.006794273853302002,2.2834495306015015,1.993205726146698,2.573693335056305,0.5804876089096069,-0.028373838506084038,W1300,refer,3
46.9617,W965,32,4,-0.006446893326938152,-0.2966906977817416,0.2837969111278653,4.0,3.7162030888721347,4.0,0.2837969111278653,-0.0002585776972119812,W756,refer,3
47.01129999999999,W1309,38,2,-0.30321964621543884,-0.5934634506702423,-0.012975841760635376,2.303219646215439,2.0129758417606354,2.5934634506702423,0.5804876089096069,-0.029376825753017328,W1300,refer,3
47.115500000000004,W1300,37,2,-0.3963991701602936,-0.686642974615097,-0.10615536570549011,2.3963991701602936,2.10615536570549,2.686642974615097,0.5804876089096069,0.00018159435742135793,W1269,automate,3
47.120000000000005,W1278,2,2,-0.006446893326938152,-0.2966906977817416,0.2837969111278653,2.006446893326938,1.7162030888721347,2.2966906977817416,0.5804876089096069,9.888662446522521e-07,W1280,automate,2
47.2258,W1313,34,2,-0.006446893326938152,-0.2966906977817416,0.2837969111278653,2.006446893326938,1.7162030888721347,2.2966906977817416,0.5804876089096069,0.12646563487724907,W1094,automate,2
47.2398,W1094,33,4,-0.006446893326938152,-0.2966906977817416,0.2837969111278653,4.0,3.7162030888721347,4.0,0.2837969111278653,-0.00031972439007361573,W926,refer,3
47.2915,W1316,33,2,-0.006446893326938152,-0.2966906977817416,0.2837969111278653,2.006446893326938,1.7162030888721347,2.2966906977817416,0.5804876089096069,0.123565821318319,W926,automate,2
47.3182,W926,32,4,-0.006446893326938152,-0.2966906977817416,0.2837969111278653,4.0,3.7162030888721347,4.0,0.2837969111278653,-0.00034661158067496415,W889,refer,3
47.33690000000001,W1269,38,4,0.6270719170570374,0.3368281126022339,0.9173157215118408,3.3729280829429626,3.082684278488159,3.663171887397766,0.5804876089096069,-2.338980150019654e-07,W1301,refer,2
47.414899999999996,W1319,34,2,-0.006446893326938152,-0.2966906977817416,0.2837969111278653,2.006446893326938,1.7162030888721347,2.2966906977817416,0.5804876089096069,0.13336457067173252,W1317,automate,2
47.498000000000005,W1151,45,4,-0.006446893326938152,-0.2966906977817416,0.2837969111278653,4.0,3.7162030888721347,4.0,0.2837969111278653,-5.137595326536331e-16,W1211,refer,4
47.627,W1317,34,4,-0.006446893326938152,-0.2966906977817416,0.2837969111278653,4.0,3.7162030888721347,4.0,0.2837969111278653,-0.00024228803750460037,W1318,refer,4
47.6399,W1318,33,4,-0.006446893326938152,-0.2966906977817416,0.2837969111278653,4.0,3.7162030888721347,4.0,0.2837969111278653,-0.00029043942534140264,W889,refer,4
47.6495,W1323,40,2,-0.041895750910043716,-0.3321395553648472,0.24834805354475975,2.0418957509100437,1.7516519464552402,2.332139555364847,0.5804876089096069,0.018203245546582682,W1320,automate,3
47.79579999999999,W1211,46,4,-0.006446893326938152,-0.2966906977817416,0.2837969111278653,4.0,3.7162030888721347,4.0,0.2837969111278653,-3.562674357828575e-16,W1195,refer,4
47.83820000000001,W1195,46,4,-0.006446893326938152,-0.2966906977817416,0.2837969111278653,4.0,3.7162030888721347,4.0,0.2837969111278653,-6.030319836123387e-16,W1194,refer,4
47.87179999999999,W1331,33,2,-0.006446893326938152,-0.2966906977817416,0.2837969111278653,2.006446893326938,1.7162030888721347,2.2966906977817416,0.5804876089096069,0.3888717920138671,W756,automate,2
47.8842,W1335,40,2,-0.5010770559310913,-0.7913208603858948,-0.21083325147628784,2.5010770559310913,2.210833251476288,2.7913208603858948,0.5804876089096069,3.337704534327182e-05,W1320,automate,4
47.90189999999999,W1320,39,4,0.56302410364151,0.27278029918670654,0.8532679080963135,3.43697589635849,3.1467320919036865,3.7272197008132935,0.5804876089096069,-1.8992978299977838e-07,W1301,refer,2
47.962,W1327,2,2,-0.006446893326938152,-0.2966906977817416,0.2837969111278653,2.006446893326938,1.7162030888721347,2.2966906977817416,0.5804876089096069,5.887525815596213e-08,W1280,automate,2
47.997499999999995,W889,32,4,-0.006446893326938152,-0.2966906977817416,0.2837969111278653,4.0,3.7162030888721347,4.0,0.2837969111278653,-0.0003308391363410934,W756,refer,3
48.099399999999996,W1194,46,4,-0.006446893326938152,-0.2966906977817416,0.2837969111278653,4.0,3.7162030888721347,4.0,0.2837969111278653,-1.7321867526684976e-15,W1229,refer,4
48.136799999999994,W1301,38,4,0.4788314700126648,0.18858766555786133,0.7690752744674683,3.521168529987335,3.2309247255325317,3.8114123344421387,0.5804876089096069,-4.4842997546382145e-08,W1188,refer,2
48.159,W1229,46,4,-0.006446893326938152,-0.2966906977817416,0.2837969111278653,4.0,3.7162030888721347,4.0,0.2837969111278653,-1.5234842856657868e-15,W1238,refer,4
48.23979999999999,W1342,34,2,-0.006446893326938152,-0.2966906977817416,0.2837969111278653,2.006446893326938,1.7162030888721347,2.2966906977817416,0.5804876089096069,0.3536042358466741,W1339,automate,2
48.26429999999999,W1238,46,4,-0.006446893326938152,-0.2966906977817416,0.2837969111278653,4.0,3.7162030888721347,4.0,0.2837969111278653,-1.5441048807030209e-15,W1132,refer,4
48.2643,W1339,33,4,-0.006446893326938152,-0.2966906977817416,0.2837969111278653,4.0,3.7162030888721347,4.0,0.2837969111278653,-0.0003539146728838339,W1340,refer,4
48.267100000000006,W1132,45,4,-0.006446893326938152,-0.2966906977817416,0.2837969111278653,4.0,3.7162030888721347,4.0,0.2837969111278653,-2.6725463581549583e-15,W1216,refer,4
48.28949999999999,W1216,44,4,-0.006446893326938152,-0.2966906977817416,0.2837969111278653,4.0,3.7162030888721347,4.0,0.2837969111278653,-2.737516958464563e-15,W1206,refer,4
48.413500000000006,W1188,37,4,0.3852059543132782,0.09496214985847473,0.6754497587680817,3.614794045686722,3.3245502412319183,3.9050378501415253,0.5804876089096069,-1.2727280810784017e-08,W1204,refer,2
48.452200000000005,W1353,50,2,-0.006446893326938152,-0.2966906977817416,0.2837969111278653,2.006446893326938,1.7162030888721347,2.2966906977817416,0.5804876089096069,0.000408055334976212,W1206,automate,3
48.51650000000001,W1206,49,4,-0.006446893326938152,-0.2966906977817416,0.2837969111278653,4.0,3.7162030888721347,4.0,0.2837969111278653,-6.581537438825666e-15,W1189,refer,4
48.53780000000001,W1189,48,4,-0.006446893326938152,-0.2966906977817416,0.2837969111278653,4.0,3.7162030888721347,4.0,0.2837969111278653,-9.843024608717862e-15,W1178,refer,4
48.549899999999994,W1178,47,4,-0.006446893326938152,-0.2966906977817416,0.2837969111278653,4.0,3.7162030888721347,4.0,0.2837969111278653,-1.4426898724292234e-14,W1157,refer,4
48.6448,W1361,48,4,-0.006446893326938152,-0.2966906977817416,0.2837969111278653,4.0,3.7162030888721347,4.0,0.2837969111278653,-8.126915978531957e-15,W1157,refer,4
48.6566,W1321,2,4,-0.006446893326938152,-0.2966906977817416,0.2837969111278653,4.0,3.7162030888721347,4.0,0.2837969111278653,-8.711027972348655e-46,W1348,refer,4
48.695299999999996,W1359,36,2,-0.006446893326938152,-0.2966906977817416,0.2837969111278653,2.006446893326938,1.7162030888721347,2.2966906977817416,0.5804876089096069,0.2226787771456249,W1340,automate,2
48.7184,W1340,35,4,-0.006446893326938152,-0.2966906977817416,0.2837969111278653,4.0,3.7162030888721347,4.0,0.2837969111278653,-0.00039095372568187,W1360,refer,4
48.743399999999994,W1157,47,4,-0.006446893326938152,-0.2966906977817416,0.2837969111278653,4.0,3.7162030888721347,4.0,0.2837969111278653,-1.504108717899138e-14,W1165,refer,4
48.751099999999994,W1165,46,4,-0.006446893326938152,-0.2966906977817416,0.2837969111278653,4.0,3.7162030888721347,4.0,0.2837969111278653,-1.8945656863224794e-14,W1306,refer,4
48.7842,W1360,34,4,-0.006446893326938152,-0.2966906977817416,0.2837969111278653,4.0,3.7162030888721347,4.0,0.2837969111278653,-0.0002819357111240023,W1346,refer,4
48.7996,W1306,47,4,-0.006446893326938152,-0.2966906977817416,0.2837969111278653,4.0,3.7162030888721347,4.0,0.2837969111278653,-1.4486351869312014e-14,W1126,refer,4
48.8061,W1193,46,4,-0.006446893326938152,-0.2966906977817416,0.2837969111278653,4.0,3.7162030888721347,4.0,0.2837969111278653,-2.5113512201601162e-14,W1126,refer,4
48.91649999999999,W1126,48,4,-0.006446893326938152,-0.2966906977817416,0.2837969111278653,4.0,3.7162030888721347,4.0,0.2837969111278653,-1.653831544954297e-14,W1347,refer,4
48.9868,W1142,47,4,-0.006446893326938152,-0.2966906977817416,0.2837969111278653,4.0,3.7162030888721347,4.0,0.2837969111278653,-9.881501685317052e-15,W1347,refer,4
49.0574,W1204,36,4,0.38750898838043213,0.09726518392562866,0.6777527928352356,3.612491011619568,3.3222472071647644,3.9027348160743713,0.5804876089096069,-6.134660564091248e-09,W1212,refer,2
49.1446,W1212,35,4,0.3772083520889282,0.08696454763412476,0.6674521565437317,3.6227916479110718,3.3325478434562683,3.9130354523658752,0.5804876089096069,-4.0159463397651446e-10,W1273,refer,2
49.1558,W1145,46,4,-0.006446893326938152,-0.2966906977817416,0.2837969111278653,4.0,3.7162030888721347,4.0,0.2837969111278653,-7.723931636441759e-15,W1347,refer,4
49.166399999999996,W1370,36,4,-0.006446893326938152,-0.2966906977817416,0.2837969111278653,4.0,3.7162030888721347,4.0,0.2837969111278653,-0.0003424944629401242,W1371,refer,4
49.26460000000001,W1140,45,4,-0.006446893326938152,-0.2966906977817416,0.2837969111278653,4.0,3.7162030888721347,4.0,0.2837969111278653,-2.357045693701201e-15,W1171,refer,4
49.267100000000006,W1171,44,4,-0.006446893326938152,-0.2966906977817416,0.2837969111278653,4.0,3.7162030888721347,4.0,0.2837969111278653,-8.866268150547157e-16,W1347,refer,4
49.45430000000001,W1347,44,4,-0.006446893326938152,-0.2966906977817416,0.2837969111278653,4.0,3.7162030888721347,4.0,0.2837969111278653,-8.859126560231255e-16,W1263,refer,4
49.51339999999999,W1375,36,1,-0.006446893326938152,-0.2966906977817416,0.2837969111278653,1.0064468933269382,1.0,1.2966906977817416,0.2966906977817416,0.5607392335925442,W1371,automate,2
49.67209999999999,W1380,44,2,-0.006446893326938152,-0.2966906977817416,0.2837969111278653,2.006446893326938,1.7162030888721347,2.2966906977817416,0.5804876089096069,0.00012920249190841672,W1285,automate,3
49.68719999999999,W1382,37,4,-0.006446893326938152,-0.2966906977817416,0.2837969111278653,4.0,3.7162030888721347,4.0,0.2837969111278653,-0.0004406714350306397,W1379,refer,4
49.723000000000006,W1379,36,4,-0.006446893326938152,-0.2966906977817416,0.2837969111278653,4.0,3.7162030888721347,4.0,0.2837969111278653,-0.00035309110313269925,W1371,refer,4
49.74440000000001,W1285,44,4,-0.006446893326938152,-0.2966906977817416,0.2837969111278653,4.0,3.7162030888721347,4.0,0.2837969111278653,-1.1404063880758233e-15,W1263,refer,4
49.8343,W1386,36,2,-0.006446893326938152,-0.2966906977817416,0.2837969111278653,2.006446893326938,1.7162030888721347,2.2966906977817416,0.5804876089096069,0.10027510583621582,W1371,automate,2
49.8414,W1263,45,4,-0.006446893326938152,-0.2966906977817416,0.2837969111278653,4.0,3.7162030888721347,4.0,0.2837969111278653,-1.349449637330482e-15,W1181,refer,4
49.977999999999994,W1389,37,2,-0.006446893326938152,-0.2966906977817416,0.2837969111278653,2.006446893326938,1.7162030888721347,2.2966906977817416,0.5804876089096069,1.8063966577160087,W1391,automate,2
50.0176,W1391,36,4,-0.006446893326938152,-0.2966906977817416,0.2837969111278653,4.0,3.7162030888721347,4.0,0.2837969111278653,-7.636860977060624e-05,W1371,refer,4
50.01989999999999,W1371,35,4,-0.006446893326938152,-0.2966906977817416,0.2837969111278653,4.0,3.7162030888721347,4.0,0.2837969111278653,-0.00025095710085319185,W1372,refer,4
50.07659999999999,W1268,46,4,-0.006446893326938152,-0.2966906977817416,0.2837969111278653,4.0,3.7162030888721347,4.0,0.2837969111278653,-8.421255349152069e-15,W1258,refer,4
50.15319999999999,W1258,45,4,-0.006446893326938152,-0.2966906977817416,0.2837969111278653,4.0,3.7162030888721347,4.0,0.2837969111278653,-1.3423698809610286e-14,W1247,refer,4
50.186299999999996,W1372,35,4,-0.006446893326938152,-0.2966906977817416,0.2837969111278653,4.0,3.7162030888721347,4.0,0.2837969111278653,-0.00033902247070102803,W1346,refer,4
50.191500000000005,W1341,44,4,-0.006446893326938152,-0.2966906977817416,0.2837969111278653,4.0,3.7162030888721347,4.0,0.2837969111278653,-2.0576514724033968e-14,W1247,refer,4
50.2388,W1346,34,4,-0.006446893326938152,-0.2966906977817416,0.2837969111278653,4.0,3.7162030888721347,4.0,0.2837969111278653,-0.0002779208144001779,W756,refer,4
50.2834,W756,33,4,-0.006446893326938152,-0.2966906977817416,0.2837969111278653,4.0,3.7162030888721347,4.0,0.2837969111278653,-0.0003254505785227634,W1098,refer,4
50.28809999999999,W1098,32,4,-0.006446893326938152,-0.2966906977817416,0.2837969111278653,4.0,3.7162030888721347,4.0,0.2837969111278653,-0.00027532699753511744,W1002,refer,3
50.368000000000016,W1247,46,4,-0.006446893326938152,-0.2966906977817416,0.2837969111278653,4.0,3.7162030888721347,4.0,0.2837969111278653,-1.0416932846712546e-13,W1308,refer,4
50.5491,W1002,33,4,-0.006446893326938152,-0.2966906977817416,0.2837969111278653,4.0,3.7162030888721347,4.0,0.2837969111278653,-0.0002808561192917274,W1105,refer,3
50.5977,W1308,45,4,-0.006446893326938152,-0.2966906977817416,0.2837969111278653,4.0,3.7162030888721347,4.0,0.2837969111278653,-1.5667929397826006e-13,W1223,refer,4
50.6067,W1105,32,4,-0.006446893326938152,-0.2966906977817416,0.2837969111278653,4.0,3.7162030888721347,4.0,0.2837969111278653,-0.0002949864612305524,W1291,refer,3
50.671,W1223,45,4,-0.006446893326938152,-0.2966906977817416,0.2837969111278653,4.0,3.7162030888721347,4.0,0.2837969111278653,-1.580795118135612e-13,W1225,refer,4
50.6787,W1291,31,4,-0.006446893326938152,-0.2966906977817416,0.2837969111278653,4.0,3.7162030888721347,4.0,0.2837969111278653,-0.00031647013937449503,W1298,refer,4
50.7639,W1298,31,4,-0.006446893326938152,-0.2966906977817416,0.2837969111278653,4.0,3.7162030888721347,4.0,0.2837969111278653,-0.00030939884167119325,W808,refer,4
50.7692,W1150,30,4,-0.006446893326938152,-0.2966906977817416,0.2837969111278653,4.0,3.7162030888721347,4.0,0.2837969111278653,-0.00034202896274222933,W1033,refer,4
50.7992,W1390,41,2,0.2788804769515991,-0.011363327503204346,0.5691242814064026,1.7211195230484009,1.4308757185935974,2.0113633275032043,0.5804876089096069,-0.02598500485961011,W1407,refer,1
50.8482,W1033,29,4,-0.006446893326938152,-0.2966906977817416,0.2837969111278653,4.0,3.7162030888721347,4.0,0.2837969111278653,-0.00036992809585511085,W1186,refer,3
50.86769999999999,W1225,45,4,-0.006446893326938152,-0.2966906977817416,0.2837969111278653,4.0,3.7162030888721347,4.0,0.2837969111278653,-2.3546774357108874e-13,W1181,refer,4
50.8833,W1407,40,2,-0.2877836227416992,-0.5780274271965027,0.002460181713104248,2.287783622741699,1.9975398182868958,2.5780274271965027,0.5804876089096069,-0.012218407113796988,W1392,refer,3
51.049600000000005,W1181,46,4,-0.006446893326938152,-0.2966906977817416,0.2837969111278653,4.0,3.7162030888721347,4.0,0.2837969111278653,-1.315590506892234e-13,W1203,refer,4
51.061899999999994,W1203,46,4,-0.006446893326938152,-0.2966906977817416,0.2837969111278653,4.0,3.7162030888721347,4.0,0.2837969111278653,-6.354030847360989e-14,W1344,refer,4
51.220000000000006,W1417,46,3,-0.006446893326938152,-0.2966906977817416,0.2837969111278653,3.006446893326938,2.7162030888721347,3.2966906977817416,0.5804876089096069,1.4373058661365528e-10,W1344,automate,4
51.29150000000001,W1392,40,2,-0.38947683572769165,-0.6797206401824951,-0.09923303127288818,2.3894768357276917,2.099233031272888,2.679720640182495,0.5804876089096069,1.2772314837813024e-05,W1273,automate,3
51.29429999999999,W1416,31,4,-0.006446893326938152,-0.2966906977817416,0.2837969111278653,4.0,3.7162030888721347,4.0,0.2837969111278653,0.00030376982759205566,W808,automate,4
51.356200000000015,W1344,45,4,-0.006446893326938152,-0.2966906977817416,0.2837969111278653,4.0,3.7162030888721347,4.0,0.2837969111278653,-7.320298440814506e-14,W1413,refer,4
51.36050000000001,W808,30,4,-0.006446893326938152,-0.2966906977817416,0.2837969111278653,4.0,3.7162030888721347,4.0,0.2837969111278653,-0.0003061210361879249,W1186,refer,4
51.567699999999995,W946,30,4,-0.037034984678030014,-0.3272787891328335,0.25320881977677345,4.0,3.7467911802232265,4.0,0.25320881977677345,-0.00021678038583359516,W834,refer,3
51.57759999999999,W834,29,4,-0.006446893326938152,-0.2966906977817416,0.2837969111278653,4.0,3.7162030888721347,4.0,0.2837969111278653,-0.00010902143504170645,W954,refer,4
51.81940000000001,W1422,47,2,-0.006446893326938152,-0.2966906977817416,0.2837969111278653,2.006446893326938,1.7162030888721347,2.2966906977817416,0.5804876089096069,0.0005413623225320729,W1413,automate,3
51.8775,W1429,41,2,-0.4399181008338928,-0.7301619052886963,-0.14967429637908936,2.439918100833893,2.1496742963790894,2.7301619052886963,0.5804876089096069,-0.00014415756330765937,W1425,refer,3
51.88050000000001,W1413,46,4,-0.006446893326938152,-0.2966906977817416,0.2837969111278653,4.0,3.7162030888721347,4.0,0.2837969111278653,-1.1883985617464116e-13,W1427,refer,4
51.92909999999999,W1427,46,4,-0.006446893326938152,-0.2966906977817416,0.2837969111278653,4.0,3.7162030888721347,4.0,0.2837969111278653,-6.8589178260446855e-12,W1244,refer,4
51.9581,W1350,45,4,-0.006446893326938152,-0.2966906977817416,0.2837969111278653,4.0,3.7162030888721347,4.0,0.2837969111278653,-1.1416669324395945e-11,W1244,refer,4
51.9656,W1434,33,4,-0.006446893326938152,-0.2966906977817416,0.2837969111278653,4.0,3.7162030888721347,4.0,0.2837969111278653,-0.00010935389554510569,W1435,refer,4
51.967999999999996,W1244,44,4,-0.006446893326938152,-0.2966906977817416,0.2837969111278653,4.0,3.7162030888721347,4.0,0.2837969111278653,-1.7304268092693704e-11,W1262,refer,4
52.167400000000015,W1262,44,4,-0.006446893326938152,-0.2966906977817416,0.2837969111278653,4.0,3.7162030888721347,4.0,0.2837969111278653,-2.997376938116657e-11,W1322,refer,4
52.174699999999994,W1322,43,4,-0.006446893326938152,-0.2966906977817416,0.2837969111278653,4.0,3.7162030888721347,4.0,0.2837969111278653,-3.812726709368971e-11,W1367,refer,4
52.18339999999999,W1367,42,4,-0.006446893326938152,-0.2966906977817416,0.2837969111278653,4.0,3.7162030888721347,4.0,0.2837969111278653,-5.640819510931897e-11,W1286,refer,4
52.3013,W1435,34,4,-0.006446893326938152,-0.2966906977817416,0.2837969111278653,4.0,3.7162030888721347,4.0,0.2837969111278653,-0.00011095805045293347,W1426,refer,4
52.319900000000004,W1439,42,1,0.2788804769515991,-0.011363327503204346,0.5691242814064026,1.0,1.0,1.0113633275032043,0.011363327503204346,0.7478886891241676,W1445,automate,1
52.3518,W1426,34,4,-0.006446893326938152,-0.2966906977817416,0.2837969111278653,4.0,3.7162030888721347,4.0,0.2837969111278653,-9.16483777078159e-05,W1428,refer,4
52.3557,W1428,33,4,-0.006446893326938152,-0.2966906977817416,0.2837969111278653,4.0,3.7162030888721347,4.0,0.2837969111278653,-6.330411919186828e-05,W1430,refer,4
52.51580000000001,W1445,42,2,0.2788804769515991,-0.011363327503204346,0.5691242814064026,1.7211195230484009,1.4308757185935974,2.0113633275032043,0.5804876089096069,0.024969926768305003,W1425,automate,1
52.535399999999996,W1430,32,4,-0.006446893326938152,-0.2966906977817416,0.2837969111278653,4.0,3.7162030888721347,4.0,0.2837969111278653,-5.985520292585986e-05,W969,refer,4
52.6379,W1286,45,4,-0.006446893326938152,-0.2966906977817416,0.2837969111278653,4.0,3.7162030888721347,4.0,0.2837969111278653,-2.0093731372233968e-11,W1243,refer,4
52.70469999999999,W1243,44,4,-0.006446893326938152,-0.2966906977817416,0.2837969111278653,4.0,3.7162030888721347,4.0,0.2837969111278653,-2.7505865157356938e-11,W1228,refer,4
52.713,W1450,34,4,-0.006446893326938152,-0.2966906977817416,0.2837969111278653,4.0,3.7162030888721347,4.0,0.2837969111278653,-4.6377546089772957e-05,W1454,refer,4
52.88279999999999,W1228,45,4,-0.006446893326938152,-0.2966906977817416,0.2837969111278653,4.0,3.7162030888721347,4.0,0.2837969111278653,-1.667886511035413e-11,W1365,refer,4
52.883199999999995,W1365,44,4,-0.006446893326938152,-0.2966906977817416,0.2837969111278653,4.0,3.7162030888721347,4.0,0.2837969111278653,-1.9460889317112282e-11,W1239,refer,4
52.9139,W1454,34,4,-0.006446893326938152,-0.2966906977817416,0.2837969111278653,4.0,3.7162030888721347,4.0,0.2837969111278653,-4.792059149084463e-05,W969,refer,4
52.9703,W866,4,4,-0.006446893326938152,-0.2966906977817416,0.2837969111278653,4.0,3.7162030888721347,4.0,0.2837969111278653,-6.431186697900043e-08,W1274,refer,4
53.003800000000005,W1461,34,2,-0.006446893326938152,-0.2966906977817416,0.2837969111278653,2.006446893326938,1.7162030888721347,2.2966906977817416,0.5804876089096069,0.08148317106743667,W969,automate,2
53.053799999999995,W1443,43,4,-0.006446893326938152,-0.2966906977817416,0.2837969111278653,4.0,3.7162030888721347,4.0,0.2837969111278653,-3.048681480229627e-11,W1329,refer,4
53.1232,W1463,35,4,-0.006446893326938152,-0.2966906977817416,0.2837969111278653,4.0,3.7162030888721347,4.0,0.2837969111278653,-4.552642294804079e-05,W969,refer,4
53.2256,W1462,43,2,-0.463937908411026,-0.7541817128658295,-0.17369410395622253,2.463937908411026,2.1736941039562225,2.7541817128658295,0.5804876089096069,-0.0002469711218531773,W1425,refer,4
53.433099999999996,W1468,46,2,-0.006446893326938152,-0.2966906977817416,0.2837969111278653,2.006446893326938,1.7162030888721347,2.2966906977817416,0.5804876089096069,0.0025732289667667035,W1239,automate,3
53.478699999999996,W1448,4,2,-0.006446893326938152,-0.2966906977817416,0.2837969111278653,2.006446893326938,1.7162030888721347,2.2966906977817416,0.5804876089096069,0.00019099873142315002,W1423,automate,2
53.5346,W1329,45,4,-0.006446893326938152,-0.2966906977817416,0.2837969111278653,4.0,3.7162030888721347,4.0,0.2837969111278653,-2.6203264230298583e-11,W1239,refer,4
53.56000000000002,W1239,44,4,-0.006446893326938152,-0.2966906977817416,0.2837969111278653,4.0,3.7162030888721347,4.0,0.2837969111278653,-3.6214628673425346e-11,W1215,refer,4
53.57040000000001,W1215,43,4,-0.006446893326938152,-0.2966906977817416,0.2837969111278653,4.0,3.7162030888721347,4.0,0.2837969111278653,-4.1380684713930634e-11,W1328,refer,4
53.5995,W1465,36,4,-0.006446893326938152,-0.2966906977817416,0.2837969111278653,4.0,3.7162030888721347,4.0,0.2837969111278653,4.141433570129011e-06,W969,automate,4
53.6166,W1328,42,4,-0.006446893326938152,-0.2966906977817416,0.2837969111278653,4.0,3.7162030888721347,4.0,0.2837969111278653,-4.441316406324083e-11,W1349,refer,4
53.670100000000005,W1349,41,4,-0.006446893326938152,-0.2966906977817416,0.2837969111278653,4.0,3.7162030888721347,4.0,0.2837969111278653,-6.406109965670174e-11,W1411,refer,4
53.772,W954,37,4,-0.006446893326938152,-0.2966906977817416,0.2837969111278653,4.0,3.7162030888721347,4.0,0.2837969111278653,-3.7884802226576305e-05,W969,refer,3
53.8453,W1411,44,4,-0.006446893326938152,-0.2966906977817416,0.2837969111278653,4.0,3.7162030888721347,4.0,0.2837969111278653,-4.441089609457947e-11,W1383,refer,4
53.91629999999999,W969,37,4,0.01298812497407198,-0.2772556794807315,0.30323192942887545,3.987011875025928,3.6967680705711246,4.0,0.30323192942887545,-3.0669452698761975e-05,W968,refer,3
53.9471,W1425,45,3,0.2788804769515991,-0.011363327503204346,0.5691242814064026,2.721119523048401,2.4308757185935974,3.0113633275032043,0.5804876089096069,3.982372425016089e-07,W1273,automate,1
54.0331,W968,36,4,-0.006446893326938152,-0.2966906977817416,0.2837969111278653,4.0,3.7162030888721347,4.0,0.2837969111278653,-2.401395531412408e-05,W1046,refer,3
54.267199999999995,W1423,4,4,-0.006446893326938152,-0.2966906977817416,0.2837969111278653,4.0,3.7162030888721347,4.0,0.2837969111278653,-1.0774991479556806e-16,W1483,refer,4
54.419200000000004,W1496,49,2,-0.006446893326938152,-0.2966906977817416,0.2837969111278653,2.006446893326938,1.7162030888721347,2.2966906977817416,0.5804876089096069,0.0058151350628961465,W1383,automate,3
54.4343,W1497,36,4,-0.006446893326938152,-0.2966906977817416,0.2837969111278653,4.0,3.7162030888721347,4.0,0.2837969111278653,-1.8254060436766274e-05,W1046,refer,4
54.476,W1012,35,4,-0.006446893326938152,-0.2966906977817416,0.2837969111278653,4.0,3.7162030888721347,4.0,0.2837969111278653,-2.2918855545859733e-05,W1046,refer,3
54.4946,W1383,49,4,-0.006446893326938152,-0.2966906977817416,0.2837969111278653,4.0,3.7162030888721347,4.0,0.2837969111278653,-4.338607790407799e-11,W1236,refer,4
54.497399999999985,W1405,48,4,-0.006446893326938152,-0.2966906977817416,0.2837969111278653,4.0,3.7162030888721347,4.0,0.2837969111278653,-6.17040134767243e-11,W1236,refer,4
54.504999999999995,W1236,47,4,-0.006446893326938152,-0.2966906977817416,0.2837969111278653,4.0,3.7162030888721347,4.0,0.2837969111278653,-8.518510246616467e-11,W1292,refer,4
54.5894,W1504,37,1,-0.006446893326938152,-0.2966906977817416,0.2837969111278653,1.0064468933269382,1.0,1.2966906977817416,0.2966906977817416,1.612783658829435,W1502,automate,1
54.6011,W1292,46,4,-0.006446893326938152,-0.2966906977817416,0.2837969111278653,4.0,3.7162030888721347,4.0,0.2837969111278653,-9.238604951398677e-11,W1237,refer,4
54.6049,W1502,36,4,-0.006446893326938152,-0.2966906977817416,0.2837969111278653,4.0,3.7162030888721347,4.0,0.2837969111278653,-1.5511572337638018e-05,W1046,refer,4
54.664699999999996,W1237,45,4,-0.006446893326938152,-0.2966906977817416,0.2837969111278653,4.0,3.7162030888721347,4.0,0.2837969111278653,-1.069353541899101e-10,W1387,refer,4
54.6909,W1046,35,4,0.019657045602798462,-0.270586758852005,0.30990085005760193,3.9803429543972015,3.690099149942398,4.0,0.30990085005760193,-1.7704904802904077e-05,W1069,refer,3
54.7112,W1387,45,4,-0.006446893326938152,-0.2966906977817416,0.2837969111278653,4.0,3.7162030888721347,4.0,0.2837969111278653,-1.816219812416384e-10,W1363,refer,4
54.84989999999999,W1363,46,4,-0.006446893326938152,-0.2966906977817416,0.2837969111278653,4.0,3.7162030888721347,4.0,0.2837969111278653,-1.3820545372683268e-10,W1456,refer,4
54.85359999999999,W1489,48,2,-0.181165874004364,-0.4714096784591675,0.10907793045043945,2.181165874004364,1.8909220695495605,2.4714096784591675,0.5804876089096069,-0.0036601917871294807,W1491,refer,3
54.857800000000005,W1491,47,2,-0.46315306425094604,-0.7533968687057495,-0.17290925979614258,2.463153064250946,2.1729092597961426,2.7533968687057495,0.5804876089096069,5.368988732069323e-06,W1273,automate,4
54.944500000000005,W1456,47,4,-0.006446893326938152,-0.2966906977817416,0.2837969111278653,4.0,3.7162030888721347,4.0,0.2837969111278653,-1.0898433083296522e-10,W1412,refer,4
55.13809999999999,W1412,46,4,-0.006446893326938152,-0.2966906977817416,0.2837969111278653,4.0,3.7162030888721347,4.0,0.2837969111278653,-1.5939869597846418e-10,W1486,refer,4
55.1612,W1517,36,2,-0.006446893326938152,-0.2966906977817416,0.2837969111278653,2.006446893326938,1.7162030888721347,2.2966906977817416,0.5804876089096069,0.08898266562550489,W1069,automate,2
55.2354,W1273,48,4,0.2113398313522339,-0.07890397310256958,0.5015836358070374,3.788660168647766,3.4984163641929626,4.0,0.5015836358070374,-6.216684962290416e-10,W1505,refer,2
55.2392,W1486,47,4,-0.006446893326938152,-0.2966906977817416,0.2837969111278653,4.0,3.7162030888721347,4.0,0.2837969111278653,-3.2582177236768533e-10,W1509,refer,4
55.264300000000006,W1069,36,4,-0.006446893326938152,-0.2966906977817416,0.2837969111278653,4.0,3.7162030888721347,4.0,0.2837969111278653,-1.6277658658536668e-05,W1453,refer,3
55.2786,W1505,47,4,0.31375306844711304,0.02350926399230957,0.6039968729019165,3.686246931552887,3.3960031270980835,3.9764907360076904,0.5804876089096069,-5.0112385426311836e-11,W1515,refer,2
55.41949999999999,W1515,46,4,0.2788804769515991,-0.011363327503204346,0.5691242814064026,3.721119523048401,3.4308757185935974,4.0,0.5691242814064026,-3.650008888709763e-11,W1449,refer,2
55.4553,W1522,38,2,-0.006446893326938152,-0.2966906977817416,0.2837969111278653,2.006446893326938,1.7162030888721347,2.2966906977817416,0.5804876089096069,0.12620586607683942,W1523,automate,2
55.46999999999999,W1449,45,4,0.2788804769515991,-0.011363327503204346,0.5691242814064026,3.721119523048401,3.4308757185935974,4.0,0.5691242814064026,-2.7898594933014273e-12,W1472,refer,2
55.47920000000002,W1509,47,4,-0.006446893326938152,-0.2966906977817416,0.2837969111278653,4.0,3.7162030888721347,4.0,0.2837969111278653,-4.154243846085986e-10,W1332,refer,4
55.528000000000006,W1332,46,4,-0.006446893326938152,-0.2966906977817416,0.2837969111278653,4.0,3.7162030888721347,4.0,0.2837969111278653,-6.007919970866329e-10,W1368,refer,4
55.5376,W1527,40,2,-0.006446893326938152,-0.2966906977817416,0.2837969111278653,2.006446893326938,1.7162030888721347,2.2966906977817416,0.5804876089096069,0.14614478395471808,W1528,automate,2
55.6182,W1368,45,4,-0.006446893326938152,-0.2966906977817416,0.2837969111278653,4.0,3.7162030888721347,4.0,0.2837969111278653,-7.330304453191009e-10,W1451,refer,4
55.6376,W1451,44,4,-0.006446893326938152,-0.2966906977817416,0.2837969111278653,4.0,3.7162030888721347,4.0,0.2837969111278653,-9.313060524583563e-10,W1246,refer,4
55.7178,W1528,39,2,-0.006446893326938152,-0.2966906977817416,0.2837969111278653,2.006446893326938,1.7162030888721347,2.2966906977817416,0.5804876089096069,0.0417888291571143,W1523,automate,3
55.7515,W1246,43,4,-0.006446893326938152,-0.2966906977817416,0.2837969111278653,4.0,3.7162030888721347,4.0,0.2837969111278653,-1.2970259286033536e-09,W1467,refer,4
55.7649,W1523,38,4,-0.006446893326938152,-0.2966906977817416,0.2837969111278653,4.0,3.7162030888721347,4.0,0.2837969111278653,-2.7948963947684502e-05,W1453,refer,4
55.95379999999999,W1534,46,2,-0.006446893326938152,-0.2966906977817416,0.2837969111278653,2.006446893326938,1.7162030888721347,2.2966906977817416,0.5804876089096069,-0.11790647184019275,W1538,refer,3
55.95810000000002,W1538,45,2,-0.006446893326938152,-0.2966906977817416,0.2837969111278653,2.006446893326938,1.7162030888721347,2.2966906977817416,0.5804876089096069,0.0034577273707993373,W1250,automate,3
56.0656,W1545,47,2,-0.006446893326938152,-0.2966906977817416,0.2837969111278653,2.006446893326938,1.7162030888721347,2.2966906977817416,0.5804876089096069,-0.1118099766979686,W1549,refer,3
56.06849999999999,W1549,46,2,-0.030414357781410217,-0.3206581622362137,0.25982944667339325,2.03041435778141,1.7401705533266068,2.3206581622362137,0.5804876089096069,0.0023928924316159875,W1544,automate,2
56.0794,W1542,41,2,-0.006446893326938152,-0.2966906977817416,0.2837969111278653,2.006446893326938,1.7162030888721347,2.2966906977817416,0.5804876089096069,-0.6325785872926122,W1548,refer,2
56.163999999999994,W1483,6,4,-0.006446893326938152,-0.2966906977817416,0.2837969111278653,4.0,3.7162030888721347,4.0,0.2837969111278653,-4.399587254436883e-16,W1418,refer,4
56.272600000000004,W1544,45,4,-0.006446893326938152,-0.2966906977817416,0.2837969111278653,4.0,3.7162030888721347,4.0,0.2837969111278653,-3.9118321753104936e-10,W1250,refer,4
56.362100000000005,W1530,47,3,-0.45633772015571594,-0.7465815246105194,-0.16609391570091248,3.456337720155716,3.1660939157009125,3.7465815246105194,0.5804876089096069,-2.75915903799832e-12,W1472,refer,4
56.36769999999999,W1550,43,2,-0.006446893326938152,-0.2966906977817416,0.2837969111278653,2.006446893326938,1.7162030888721347,2.2966906977817416,0.5804876089096069,-0.5593767877064978,W1548,refer,2
56.371199999999995,W1548,42,2,-0.006446893326938152,-0.2966906977817416,0.2837969111278653,2.006446893326938,1.7162030888721347,2.2966906977817416,0.5804876089096069,-0.16085530460090292,W1543,refer,2
56.390299999999996,W1543,41,2,-0.006446893326938152,-0.2966906977817416,0.2837969111278653,2.006446893326938,1.7162030888721347,2.2966906977817416,0.5804876089096069,0.04019084256582282,W1551,automate,3
56.4182,W1552,45,4,-0.006446893326938152,-0.2966906977817416,0.2837969111278653,4.0,3.7162030888721347,4.0,0.2837969111278653,-3.94261085712564e-10,W1250,refer,3
56.505900000000004,W1250,44,4,-0.006446893326938152,-0.2966906977817416,0.2837969111278653,4.0,3.7162030888721347,4.0,0.2837969111278653,-6.068608823957324e-10,W1467,refer,4
56.564,W1557,41,2,-0.006446893326938152,-0.2966906977817416,0.2837969111278653,2.006446893326938,1.7162030888721347,2.2966906977817416,0.5804876089096069,0.13656988333645337,W1551,automate,2
56.57949999999999,W1467,43,4,-0.006446893326938152,-0.2966906977817416,0.2837969111278653,4.0,3.7162030888721347,4.0,0.2837969111278653,-3.343073741833648e-10,W1356,refer,4
56.592,W1356,42,4,-0.006446893326938152,-0.2966906977817416,0.2837969111278653,4.0,3.7162030888721347,4.0,0.2837969111278653,-4.768932062083121e-10,W1398,refer,4
56.763999999999996,W1564,41,2,-0.006446893326938152,-0.2966906977817416,0.2837969111278653,2.006446893326938,1.7162030888721347,2.2966906977817416,0.5804876089096069,0.1057130136532686,W1551,automate,2
56.780300000000004,W1551,40,4,-0.006446893326938152,-0.2966906977817416,0.2837969111278653,4.0,3.7162030888721347,4.0,0.2837969111278653,-2.5140304358517535e-05,W1453,refer,4
56.833400000000005,W1472,49,4,0.2788804769515991,-0.011363327503204346,0.5691242814064026,3.721119523048401,3.4308757185935974,4.0,0.5691242814064026,-8.105000786946168e-13,W1540,refer,2
56.956799999999994,W1418,7,4,-0.006446893326938152,-0.2966906977817416,0.2837969111278653,4.0,3.7162030888721347,4.0,0.2837969111278653,-1.1792028910448634e-12,W1458,refer,4
56.99209999999999,W1567,48,2,-0.006446893326938152,-0.2966906977817416,0.2837969111278653,2.006446893326938,1.7162030888721347,2.2966906977817416,0.5804876089096069,0.00524750377056035,W1576,automate,2
57.1203,W1576,47,4,-0.006446893326938152,-0.2966906977817416,0.2837969111278653,4.0,3.7162030888721347,4.0,0.2837969111278653,-4.285262767248927e-10,W1561,refer,3
57.1686,W1573,47,1,-0.006446893326938152,-0.2966906977817416,0.2837969111278653,1.0064468933269382,1.0,1.2966906977817416,0.2966906977817416,-0.05418921871381033,W1570,refer,1
57.1716,W1570,46,2,-0.006446893326938152,-0.2966906977817416,0.2837969111278653,2.006446893326938,1.7162030888721347,2.2966906977817416,0.5804876089096069,-0.33067056021180097,W1580,refer,2
57.30649999999999,W1580,47,2,-0.006446893326938152,-0.2966906977817416,0.2837969111278653,2.006446893326938,1.7162030888721347,2.2966906977817416,0.5804876089096069,-0.3574009272908968,W1585,refer,2
57.31870000000001,W1581,48,4,-0.006446893326938152,-0.2966906977817416,0.2837969111278653,4.0,3.7162030888721347,4.0,0.2837969111278653,-2.825288115015285e-10,W1561,refer,3
57.33610000000001,W1561,47,4,-0.006446893326938152,-0.2966906977817416,0.2837969111278653,4.0,3.7162030888721347,4.0,0.2837969111278653,-4.35597617664928e-10,W1583,refer,3
57.33679999999999,W1583,46,4,-0.006446893326938152,-0.2966906977817416,0.2837969111278653,4.0,3.7162030888721347,4.0,0.2837969111278653,-4.508855134435384e-10,W1398,refer,3
57.36469999999999,W1585,48,2,-0.006446893326938152,-0.2966906977817416,0.2837969111278653,2.006446893326938,1.7162030888721347,2.2966906977817416,0.5804876089096069,-0.27118061699316975,W1578,refer,2
57.3878,W1398,45,4,-0.006446893326938152,-0.2966906977817416,0.2837969111278653,4.0,3.7162030888721347,4.0,0.2837969111278653,-6.859550603963584e-10,W1364,refer,4
57.443099999999994,W1364,44,4,-0.006446893326938152,-0.2966906977817416,0.2837969111278653,4.0,3.7162030888721347,4.0,0.2837969111278653,-8.624832182668701e-10,W1272,refer,4
57.57320000000001,W1369,43,4,-0.006446893326938152,-0.2966906977817416,0.2837969111278653,4.0,3.7162030888721347,4.0,0.2837969111278653,-1.046714965237437e-09,W1272,refer,4
57.60679999999999,W1272,42,4,-0.006446893326938152,-0.2966906977817416,0.2837969111278653,4.0,3.7162030888721347,4.0,0.2837969111278653,-1.207826239569699e-09,W1376,refer,4
57.62360000000001,W1376,41,4,-0.006446893326938152,-0.2966906977817416,0.2837969111278653,4.0,3.7162030888721347,4.0,0.2837969111278653,-7.20894024052669e-10,W1400,refer,4
57.667,W798,48,4,-0.12909770011901855,-0.419341504573822,0.1611461043357849,4.0,3.838853895664215,4.0,0.1611461043357849,-4.321575806541578e-13,W1540,refer,3
57.6767,W1578,48,2,-0.006446893326938152,-0.2966906977817416,0.2837969111278653,2.006446893326938,1.7162030888721347,2.2966906977817416,0.5804876089096069,0.048567958067229626,W1568,automate,2
57.687900000000006,W1568,47,4,-0.006446893326938152,-0.2966906977817416,0.2837969111278653,4.0,3.7162030888721347,4.0,0.2837969111278653,-2.572593943109531e-05,W1453,refer,4
57.893299999999996,W1458,7,4,-0.006446893326938152,-0.2966906977817416,0.2837969111278653,4.0,3.7162030888721347,4.0,0.2837969111278653,-1.8166465122802528e-14,W1572,refer,4
57.9808,W1592,49,4,-0.006446893326938152,-0.2966906977817416,0.2837969111278653,4.0,3.7162030888721347,4.0,0.2837969111278653,-1.9686989337023703e-05,W1453,refer,4
57.9813,W1453,48,4,-0.006446893326938152,-0.2966906977817416,0.2837969111278653,4.0,3.7162030888721347,4.0,0.2837969111278653,-2.2682919821027397e-05,W1169,refer,4
58.0566,W1540,49,4,0.2788804769515991,-0.011363327503204346,0.5691242814064026,3.721119523048401,3.4308757185935974,4.0,0.5691242814064026,-1.1086115086753762e-14,W1282,refer,2
58.13219999999999,W1400,44,4,-0.006446893326938152,-0.2966906977817416,0.2837969111278653,4.0,3.7162030888721347,4.0,0.2837969111278653,-4.2868694336105983e-10,W1302,refer,4
58.299899999999994,W1601,49,1,-0.006446893326938152,-0.2966906977817416,0.2837969111278653,1.0064468933269382,1.0,1.2966906977817416,0.2966906977817416,0.3392679278708498,W1602,automate,1
58.3387,W1572,6,4,-0.006446893326938152,-0.2966906977817416,0.2837969111278653,4.0,3.7162030888721347,4.0,0.2837969111278653,-4.4179938223722763e-14,W1503,refer,4
58.5017,W1602,48,2,-0.006446893326938152,-0.2966906977817416,0.2837969111278653,2.006446893326938,1.7162030888721347,2.2966906977817416,0.5804876089096069,0.0389315552327814,W1169,automate,2
58.620599999999996,W1604,50,2,-0.006446893326938152,-0.2966906977817416,0.2837969111278653,2.006446893326938,1.7162030888721347,2.2966906977817416,0.5804876089096069,-0.6546891394460413,W1611,refer,1
58.6583,W1615,48,2,-0.006446893326938152,-0.2966906977817416,0.2837969111278653,2.006446893326938,1.7162030888721347,2.2966906977817416,0.5804876089096069,0.10676681107627749,W1169,automate,2
58.8173,W1621,49,4,-0.006446893326938152,-0.2966906977817416,0.2837969111278653,4.0,3.7162030888721347,4.0,0.2837969111278653,-1.9421628512081057e-05,W1169,refer,4
58.8182,W1611,51,2,-0.006446893326938152,-0.2966906977817416,0.2837969111278653,2.006446893326938,1.7162030888721347,2.2966906977817416,0.5804876089096069,0.01335480509567385,W1623,automate,1
58.8442,W1169,48,4,-0.006446893326938152,-0.2966906977817416,0.2837969111278653,4.0,3.7162030888721347,4.0,0.2837969111278653,-2.4125549772696528e-05,W1186,refer,4
58.888,W1623,53,3,-0.006446893326938152,-0.2966906977817416,0.2837969111278653,3.006446893326938,2.7162030888721347,3.2966906977817416,0.5804876089096069,1.217945307456461e-07,W1302,automate,3
59.0065,W1584,5,4,-0.006446893326938152,-0.2966906977817416,0.2837969111278653,4.0,3.7162030888721347,4.0,0.2837969111278653,-2.1951858147364456e-12,W1503,refer,4
59.13030000000002,W1637,56,2,-0.006446893326938152,-0.2966906977817416,0.2837969111278653,2.006446893326938,1.7162030888721347,2.2966906977817416,0.5804876089096069,0.004222829461998626,W1302,automate,2
59.159299999999995,W1302,55,4,-0.006446893326938152,-0.2966906977817416,0.2837969111278653,4.0,3.7162030888721347,4.0,0.2837969111278653,-2.967518194181473e-10,W1452,refer,4
59.1903,W1630,50,4,-0.006446893326938152,-0.2966906977817416,0.2837969111278653,4.0,3.7162030888721347,4.0,0.2837969111278653,-9.498472365732322e-06,W1640,refer,4
59.2552,W1436,54,4,-0.10238602012395859,-0.39262982457876205,0.18785778433084488,4.0,3.812142215669155,4.0,0.18785778433084488,-2.0412262713123103e-10,W1338,refer,4
59.3199,W1635,61,2,-0.38134628534317017,-0.6715900897979736,-0.0911024808883667,2.38134628534317,2.0911024808883667,2.6715900897979736,0.5804876089096069,1.204464632499537e-06,W1618,automate,3
59.34819999999999,W1338,54,4,-0.006446893326938152,-0.2966906977817416,0.2837969111278653,4.0,3.7162030888721347,4.0,0.2837969111278653,-2.2210950242601455e-11,W1385,refer,4
59.4069,W1650,53,4,-0.006446893326938152,-0.2966906977817416,0.2837969111278653,4.0,3.7162030888721347,4.0,0.2837969111278653,-1.3221047757102275e-05,W1076,refer,4
59.43560000000001,W1385,53,4,-0.006446893326938152,-0.2966906977817416,0.2837969111278653,4.0,3.7162030888721347,4.0,0.2837969111278653,-2.0080650610296373e-11,W1355,refer,4
59.449299999999994,W1355,52,4,-0.006446893326938152,-0.2966906977817416,0.2837969111278653,4.0,3.7162030888721347,4.0,0.2837969111278653,-2.1715642184956362e-11,W1452,refer,4
59.4906,W1274,3,4,-0.006446893326938152,-0.2966906977817416,0.2837969111278653,4.0,3.7162030888721347,4.0,0.2837969111278653,-8.271337639045857e-09,W1290,refer,4
59.566600000000015,W1653,62,2,0.2788804769515991,-0.011363327503204346,0.5691242814064026,1.7211195230484009,1.4308757185935974,2.0113633275032043,0.5804876089096069,0.007150864801853719,W1618,automate,1
59.568599999999996,W1452,54,4,-0.006446893326938152,-0.2966906977817416,0.2837969111278653,4.0,3.7162030888721347,4.0,0.2837969111278653,-1.0880796656294437e-11,W1352,refer,4
59.610600000000005,W1658,54,2,-0.006446893326938152,-0.2966906977817416,0.2837969111278653,2.006446893326938,1.7162030888721347,2.2966906977817416,0.5804876089096069,-0.17064117509374732,W1656,refer,2
59.63980000000001,W1352,54,4,-0.006446893326938152,-0.2966906977817416,0.2837969111278653,4.0,3.7162030888721347,4.0,0.2837969111278653,-9.285496049017292e-12,W1441,refer,4
59.64820000000001,W1441,53,4,-0.006446893326938152,-0.2966906977817416,0.2837969111278653,4.0,3.7162030888721347,4.0,0.2837969111278653,-5.096799723425882e-12,W1469,refer,4
59.6875,W1646,6,2,-0.006446893326938152,-0.2966906977817416,0.2837969111278653,2.006446893326938,1.7162030888721347,2.2966906977817416,0.5804876089096069,0.0007948763162248686,W1503,automate,2
59.834199999999996,W1656,53,2,-0.006446893326938152,-0.2966906977817416,0.2837969111278653,2.006446893326938,1.7162030888721347,2.2966906977817416,0.5804876089096069,0.0346093371053544,W1640,automate,2
59.83969999999999,W1618,61,3,-0.46071308851242065,-0.7509568929672241,-0.1704692840576172,3.4607130885124207,3.170469284057617,3.750956892967224,0.5804876089096069,-1.7907016682927534e-13,W1624,refer,4
59.84449999999999,W1469,53,4,-0.006446893326938152,-0.2966906977817416,0.2837969111278653,4.0,3.7162030888721347,4.0,0.2837969111278653,-5.0857748597516815e-12,W1393,refer,4
59.84870000000001,W821,60,4,-0.14555664360523224,-0.4358004480600357,0.14468716084957123,4.0,3.8553128391504288,4.0,0.14468716084957123,-1.7041520135365659e-13,W1624,refer,3
59.852000000000004,W1503,5,4,-0.006446893326938152,-0.2966906977817416,0.2837969111278653,4.0,3.7162030888721347,4.0,0.2837969111278653,-2.3727151277295692e-12,W1508,refer,4
59.89739999999999,W795,59,4,-0.11357852816581726,-0.4038223326206207,0.1766652762889862,4.0,3.823334723711014,4.0,0.1766652762889862,-3.823092955246312e-14,W1624,refer,3
60.0736,W817,60,4,-0.09012933820486069,-0.38037314265966415,0.20011446624994278,4.0,3.799885533750057,4.0,0.20011446624994278,-1.071426814823147e-13,W1624,refer,3
60.21639999999999,W1508,5,4,-0.006446893326938152,-0.2966906977817416,0.2837969111278653,4.0,3.7162030888721347,4.0,0.2837969111278653,-5.595434764528166e-13,W1644,refer,4
60.2463,W1667,55,4,-0.006446893326938152,-0.2966906977817416,0.2837969111278653,4.0,3.7162030888721347,4.0,0.2837969111278653,-8.876943844987845e-12,W1482,refer,3
60.3613,W1665,55,2,-0.006446893326938152,-0.2966906977817416,0.2837969111278653,2.006446893326938,1.7162030888721347,2.2966906977817416,0.5804876089096069,0.03691260798064217,W1076,automate,2
60.4919,W1393,57,4,-0.006446893326938152,-0.2966906977817416,0.2837969111278653,4.0,3.7162030888721347,4.0,0.2837969111278653,-5.111628982091956e-12,W1482,refer,4
60.5408,W1076,55,4,-0.006446893326938152,-0.2966906977817416,0.2837969111278653,4.0,3.7162030888721347,4.0,0.2837969111278653,-1.4175933747667302e-05,W1640,refer,3
60.62160000000002,W1460,56,4,-0.006446893326938152,-0.2966906977817416,0.2837969111278653,4.0,3.7162030888721347,4.0,0.2837969111278653,-4.487710929085203e-12,W1482,refer,4
60.678,W1689,56,2,-0.006446893326938152,-0.2966906977817416,0.2837969111278653,2.006446893326938,1.7162030888721347,2.2966906977817416,0.5804876089096069,0.0015228071905392861,W1408,automate,2
60.88879999999999,W1388,57,4,-0.006446893326938152,-0.2966906977817416,0.2837969111278653,4.0,3.7162030888721347,4.0,0.2837969111278653,-3.1465198107491835e-12,W1408,refer,4
60.9306,W1687,6,2,-0.006446893326938152,-0.2966906977817416,0.2837969111278653,2.006446893326938,1.7162030888721347,2.2966906977817416,0.5804876089096069,0.005163765479186903,W1644,automate,2
60.97369999999998,W1408,56,4,-0.006446893326938152,-0.2966906977817416,0.2837969111278653,4.0,3.7162030888721347,4.0,0.2837969111278653,-2.2699300655302496e-12,W1399,refer,4
61.01259999999999,W1690,55,2,-0.006446893326938152,-0.2966906977817416,0.2837969111278653,2.006446893326938,1.7162030888721347,2.2966906977817416,0.5804876089096069,0.03509280634123288,W1111,automate,2
61.02579999999999,W1111,54,4,-0.006446893326938152,-0.2966906977817416,0.2837969111278653,4.0,3.7162030888721347,4.0,0.2837969111278653,-1.2433474538033462e-05,W1186,refer,3
61.03550000000001,W1697,56,2,-0.006446893326938152,-0.2966906977817416,0.2837969111278653,2.006446893326938,1.7162030888721347,2.2966906977817416,0.5804876089096069,0.0008887664869070657,W1399,automate,2
61.285399999999996,W1703,55,2,-0.006446893326938152,-0.2966906977817416,0.2837969111278653,2.006446893326938,1.7162030888721347,2.2966906977817416,0.5804876089096069,0.03305028057558141,W1701,automate,2
61.582800000000006,W1482,59,4,-0.006446893326938152,-0.2966906977817416,0.2837969111278653,4.0,3.7162030888721347,4.0,0.2837969111278653,-5.2028855949368846e-12,W1537,refer,4
61.620900000000006,W1644,8,4,-0.006446893326938152,-0.2966906977817416,0.2837969111278653,4.0,3.7162030888721347,4.0,0.2837969111278653,-7.283707230497314e-11,W1709,refer,4
61.84890000000001,W1716,58,2,-0.006446893326938152,-0.2966906977817416,0.2837969111278653,2.006446893326938,1.7162030888721347,2.2966906977817416,0.5804876089096069,-0.2639596338387282,W1711,refer,2
61.8641,W1719,62,1,-0.006446893326938152,-0.2966906977817416,0.2837969111278653,1.0064468933269382,1.0,1.2966906977817416,0.2966906977817416,0.41003172844975583,W1713,automate,1
61.931599999999996,W1709,7,4,-0.006446893326938152,-0.2966906977817416,0.2837969111278653,4.0,3.7162030888721347,4.0,0.2837969111278653,-5.377098749988501e-10,W1521,refer,4
62.027500000000025,W1713,62,2,-0.04943393915891647,-0.33967774361371994,0.240809865295887,2.0494339391589165,1.759190134704113,2.33967774361372,0.5804876089096069,0.0007001140626565603,W1537,automate,2
62.04959999999999,W1693,70,1,-0.3904089331626892,-0.6806527376174927,-0.10016512870788574,1.3904089331626892,1.1001651287078857,1.6806527376174927,0.5804876089096069,0.07417489743299961,W1714,automate,2
62.05160000000001,W1714,69,2,-0.3858269155025482,-0.6760707199573517,-0.09558311104774475,2.385826915502548,2.0955831110477448,2.6760707199573517,0.5804876089096069,2.2821207056720895e-06,W1624,automate,3
62.063399999999994,W1624,68,4,0.2788804769515991,-0.011363327503204346,0.5691242814064026,3.721119523048401,3.4308757185935974,4.0,0.5691242814064026,-2.400043905319082e-13,W1649,refer,2
62.26680000000001,W1733,69,2,-0.5103843808174133,-0.8006281852722168,-0.22014057636260986,2.5103843808174133,2.22014057636261,2.800628185272217,0.5804876089096069,-3.013403606067157e-05,W1734,refer,3
62.43280000000001,W1521,8,4,-0.006446893326938152,-0.2966906977817416,0.2837969111278653,4.0,3.7162030888721347,4.0,0.2837969111278653,-2.9026138908522445e-10,W1674,refer,4
62.48949999999999,W1674,7,4,-0.006446893326938152,-0.2966906977817416,0.2837969111278653,4.0,3.7162030888721347,4.0,0.2837969111278653,-4.5446058711447907e-10,W1702,refer,4
62.558499999999995,W1737,2,4,-0.006446893326938152,-0.2966906977817416,0.2837969111278653,4.0,3.7162030888721347,4.0,0.2837969111278653,-5.260347021562311e-14,W1742,refer,4
62.685500000000005,W1537,68,4,-0.006446893326938152,-0.2966906977817416,0.2837969111278653,4.0,3.7162030888721347,4.0,0.2837969111278653,-6.438026146839254e-12,W1399,refer,4
62.77949999999999,W1399,68,4,-0.006446893326938152,-0.2966906977817416,0.2837969111278653,4.0,3.7162030888721347,4.0,0.2837969111278653,-6.274170004265406e-12,W1512,refer,4
62.78780000000001,W1512,67,4,-0.006446893326938152,-0.2966906977817416,0.2837969111278653,4.0,3.7162030888721347,4.0,0.2837969111278653,-2.822414525769713e-12,W1481,refer,4
62.814600000000006,W1711,64,2,-0.006446893326938152,-0.2966906977817416,0.2837969111278653,2.006446893326938,1.7162030888721347,2.2966906977817416,0.5804876089096069,-0.15550015528916694,W1723,refer,2
62.8291,W1723,63,2,-0.19817468523979187,-0.48841848969459534,0.0920691192150116,2.198174685239792,1.9079308807849884,2.4884184896945953,0.5804876089096069,0.012882609478679977,W1701,automate,2
62.87349999999999,W1739,71,2,-0.38946032524108887,-0.6797041296958923,-0.0992165207862854,2.389460325241089,2.0992165207862854,2.6797041296958923,0.5804876089096069,-2.6322823630701147e-05,W1734,refer,3
62.9724,W1290,3,4,-0.006446893326938152,-0.2966906977817416,0.2837969111278653,4.0,3.7162030888721347,4.0,0.2837969111278653,-9.474810756279161e-12,W1395,refer,4
62.994099999999996,W1759,68,2,-0.006446893326938152,-0.2966906977817416,0.2837969111278653,2.006446893326938,1.7162030888721347,2.2966906977817416,0.5804876089096069,0.0012651315033488585,W1481,automate,2
63.15829999999999,W1762,72,2,-0.431530237197876,-0.7217740416526794,-0.1412864327430725,2.431530237197876,2.1412864327430725,2.7217740416526794,0.5804876089096069,-0.0009366014786463184,W1764,refer,3
63.4042,W1481,70,4,-0.006446893326938152,-0.2966906977817416,0.2837969111278653,4.0,3.7162030888721347,4.0,0.2837969111278653,-1.6834724894585223e-12,W1498,refer,4
63.45430000000001,W1768,70,2,-0.006446893326938152,-0.2966906977817416,0.2837969111278653,2.006446893326938,1.7162030888721347,2.2966906977817416,0.5804876089096069,-0.3964843722622201,W1758,refer,2
63.4853,W1498,69,4,-0.006446893326938152,-0.2966906977817416,0.2837969111278653,4.0,3.7162030888721347,4.0,0.2837969111278653,-1.9502311463556487e-12,W1431,refer,4
63.5114,W1778,2,2,-0.3070262372493744,-0.5972700417041779,-0.016782432794570923,2.3070262372493744,2.016782432794571,2.597270041704178,0.5804876089096069,0.028513276916127393,W1751,automate,2
63.552099999999996,W1758,70,2,-0.006446893326938152,-0.2966906977817416,0.2837969111278653,2.006446893326938,1.7162030888721347,2.2966906977817416,0.5804876089096069,0.056177351494351976,W1701,automate,2
63.5952,W1701,69,4,-0.006446893326938152,-0.2966906977817416,0.2837969111278653,4.0,3.7162030888721347,4.0,0.2837969111278653,-1.158012094884412e-05,W1186,refer,4
63.63929999999998,W1691,68,4,-0.006446893326938152,-0.2966906977817416,0.2837969111278653,4.0,3.7162030888721347,4.0,0.2837969111278653,-2.3956049916397276e-12,W1431,refer,3
63.6566,W1478,67,4,-0.006446893326938152,-0.2966906977817416,0.2837969111278653,4.0,3.7162030888721347,4.0,0.2837969111278653,-3.3435606131447282e-12,W1431,refer,4
63.686299999999996,W1777,7,2,-0.006446893326938152,-0.2966906977817416,0.2837969111278653,2.006446893326938,1.7162030888721347,2.2966906977817416,0.5804876089096069,0.00829459413777934,W1702,automate,2
63.69599999999999,W1702,6,4,-0.006446893326938152,-0.2966906977817416,0.2837969111278653,4.0,3.7162030888721347,4.0,0.2837969111278653,-3.011214505982674e-09,W1555,refer,4
63.7051,W1186,68,4,-0.006446893326938152,-0.2966906977817416,0.2837969111278653,4.0,3.7162030888721347,4.0,0.2837969111278653,-1.5186146667321136e-05,W1640,refer,4
63.763700000000014,W1431,67,4,-0.006446893326938152,-0.2966906977817416,0.2837969111278653,4.0,3.7162030888721347,4.0,0.2837969111278653,-2.989175031076378e-12,W1500,refer,4
63.9327,W1786,70,2,-0.006446893326938152,-0.2966906977817416,0.2837969111278653,2.006446893326938,1.7162030888721347,2.2966906977817416,0.5804876089096069,0.07474332450896377,W1640,automate,2
63.95869999999998,W1791,68,2,-0.006446893326938152,-0.2966906977817416,0.2837969111278653,2.006446893326938,1.7162030888721347,2.2966906977817416,0.5804876089096069,0.00154368567678232,W1500,automate,2
63.9944,W1500,67,4,-0.006446893326938152,-0.2966906977817416,0.2837969111278653,4.0,3.7162030888721347,4.0,0.2837969111278653,-2.5822540341872016e-12,W1438,refer,4
64.1426,W1562,66,4,-0.006446893326938152,-0.2966906977817416,0.2837969111278653,4.0,3.7162030888721347,4.0,0.2837969111278653,-3.122232026186194e-12,W1438,refer,4
64.223,W1640,70,4,-0.006446893326938152,-0.2966906977817416,0.2837969111278653,4.0,3.7162030888721347,4.0,0.2837969111278653,-1.4355105721236667e-05,W1138,refer,4
64.2842,W1438,67,4,-0.006446893326938152,-0.2966906977817416,0.2837969111278653,4.0,3.7162030888721347,4.0,0.2837969111278653,-2.2815743178253504e-12,W1536,refer,4
64.5125,W1804,73,2,-0.006446893326938152,-0.2966906977817416,0.2837969111278653,2.006446893326938,1.7162030888721347,2.2966906977817416,0.5804876089096069,0.09814180848513827,W1138,automate,1
64.66510000000001,W1773,86,2,0.2789510190486908,-0.011292785406112671,0.5691948235034943,1.7210489809513092,1.4308051764965057,2.0112927854061127,0.5804876089096069,-0.1348948025928028,W1781,refer,1
64.6821,W1781,85,2,0.2788804769515991,-0.011363327503204346,0.5691242814064026,1.7211195230484009,1.4308757185935974,2.0113633275032043,0.5804876089096069,0.002858101894190403,W1772,automate,1
64.7338,W1783,6,2,-0.006446893326938152,-0.2966906977817416,0.2837969111278653,2.006446893326938,1.7162030888721347,2.2966906977817416,0.5804876089096069,0.014666428460997818,W1555,automate,2
64.75169999999999,W1536,69,4,-0.006446893326938152,-0.2966906977817416,0.2837969111278653,4.0,3.7162030888721347,4.0,0.2837969111278653,-1.584026981476781e-12,W1466,refer,4
64.76290000000002,W1772,84,2,-0.3907185196876526,-0.680962324142456,-0.10047471523284912,2.3907185196876526,2.100474715232849,2.680962324142456,0.5804876089096069,-0.0034660688573767686,W1789,refer,3
64.8309,W1466,68,4,-0.006446893326938152,-0.2966906977817416,0.2837969111278653,4.0,3.7162030888721347,4.0,0.2837969111278653,-1.9147287090487362e-12,W1606,refer,4
64.87130000000002,W1789,83,2,-0.40057721734046936,-0.6908210217952728,-0.1103334128856659,2.4005772173404694,2.110333412885666,2.690821021795273,0.5804876089096069,-0.003268429569598305,W1803,refer,3
64.88119999999999,W1730,5,4,-0.006446893326938152,-0.2966906977817416,0.2837969111278653,4.0,3.7162030888721347,4.0,0.2837969111278653,-3.039508029542849e-08,W1738,refer,4
64.9016,W1606,67,4,-0.006446893326938152,-0.2966906977817416,0.2837969111278653,4.0,3.7162030888721347,4.0,0.2837969111278653,-1.755988292983956e-12,W1511,refer,4
65.0093,W1511,69,4,-0.006446893326938152,-0.2966906977817416,0.2837969111278653,4.0,3.7162030888721347,4.0,0.2837969111278653,-1.5776144127953201e-12,W1766,refer,4
65.0244,W1818,83,2,-0.1384693831205368,-0.42871318757534027,0.15177442133426666,2.138469383120537,1.8482255786657333,2.4287131875753403,0.5804876089096069,-0.004358798300655228,W1803,refer,1
65.05900000000001,W1738,4,4,-0.006446893326938152,-0.2966906977817416,0.2837969111278653,4.0,3.7162030888721347,4.0,0.2837969111278653,-2.491281780917488e-07,W1555,refer,4
65.1826,W1803,82,2,-0.43533754348754883,-0.7255813479423523,-0.14509373903274536,2.435337543487549,2.1450937390327454,2.7255813479423523,0.5804876089096069,-0.0023691958264109927,W1764,refer,4
65.2783,W1138,76,4,-0.006446893326938152,-0.2966906977817416,0.2837969111278653,4.0,3.7162030888721347,4.0,0.2837969111278653,-1.4535736264356708e-05,W1154,refer,4
65.2826,W1833,72,2,-0.006446893326938152,-0.2966906977817416,0.2837969111278653,2.006446893326938,1.7162030888721347,2.2966906977817416,0.5804876089096069,0.0005823066711868007,W1510,automate,3
65.29539999999999,W1510,71,4,-0.006446893326938152,-0.2966906977817416,0.2837969111278653,4.0,3.7162030888721347,4.0,0.2837969111278653,-1.0922902852879609e-12,W1766,refer,4
65.33489999999999,W1766,70,4,-0.006446893326938152,-0.2966906977817416,0.2837969111278653,4.0,3.7162030888721347,4.0,0.2837969111278653,-1.150760968349434e-12,W1480,refer,3
65.3645,W1154,76,4,-0.006446893326938152,-0.2966906977817416,0.2837969111278653,4.0,3.7162030888721347,4.0,0.2837969111278653,-1.2328956111292897e-05,W1474,refer,4
65.4664,W1480,72,4,-0.006446893326938152,-0.2966906977817416,0.2837969111278653,4.0,3.7162030888721347,4.0,0.2837969111278653,-1.0608642457537023e-12,W1660,refer,4
65.50950000000003,W1840,72,2,-0.006446893326938152,-0.2966906977817416,0.2837969111278653,2.006446893326938,1.7162030888721347,2.2966906977817416,0.5804876089096069,0.0005560195047744469,W1660,automate,3
65.58600000000001,W1660,72,4,-0.006446893326938152,-0.2966906977817416,0.2837969111278653,4.0,3.7162030888721347,4.0,0.2837969111278653,-8.877539740007803e-13,W1591,refer,4
65.5906,W1591,71,4,-0.006446893326938152,-0.2966906977817416,0.2837969111278653,4.0,3.7162030888721347,4.0,0.2837969111278653,-1.1674356066872641e-12,W1490,refer,4
65.59820000000002,W1764,83,2,-0.4329715669155121,-0.7232153713703156,-0.14272776246070862,2.432971566915512,2.1427277624607086,2.7232153713703156,0.5804876089096069,-0.0005858410356064903,W1802,refer,3
65.6405,W1636,70,4,-0.006446893326938152,-0.2966906977817416,0.2837969111278653,4.0,3.7162030888721347,4.0,0.2837969111278653,-1.4754743742962697e-12,W1490,refer,4
65.73859999999999,W1751,2,4,0.016940206289291382,-0.2733035981655121,0.30718401074409485,3.9830597937107086,3.692815989255905,4.0,0.30718401074409485,0.006051828520958929,W1817,automate,3
65.851,W1850,77,2,-0.006446893326938152,-0.2966906977817416,0.2837969111278653,2.006446893326938,1.7162030888721347,2.2966906977817416,0.5804876089096069,0.027542481248647614,W1295,automate,1
65.8703,W1802,83,2,-0.5157310366630554,-0.8059748411178589,-0.22548723220825195,2.5157310366630554,2.225487232208252,2.805974841117859,0.5804876089096069,-0.0005395927337930476,W1851,refer,4
65.92229999999998,W1848,72,2,-0.006446893326938152,-0.2966906977817416,0.2837969111278653,2.006446893326938,1.7162030888721347,2.2966906977817416,0.5804876089096069,0.000962857478185995,W1490,automate,3
65.9897,W1849,4,2,-0.006446893326938152,-0.2966906977817416,0.2837969111278653,2.006446893326938,1.7162030888721347,2.2966906977817416,0.5804876089096069,0.2184721822290327,W1555,automate,2
66.0206,W1295,76,4,-0.006446893326938152,-0.2966906977817416,0.2837969111278653,4.0,3.7162030888721347,4.0,0.2837969111278653,-1.0904916098095612e-05,W1474,refer,4
66.05069999999999,W1474,75,4,-0.006446893326938152,-0.2966906977817416,0.2837969111278653,4.0,3.7162030888721347,4.0,0.2837969111278653,-1.1175956177974435e-05,W1476,refer,4
66.06519999999999,W1853,83,2,-0.4568367600440979,-0.7470805644989014,-0.16659295558929443,2.456836760044098,2.1665929555892944,2.7470805644989014,0.5804876089096069,-0.0009561873699086475,W1851,refer,1
66.10940000000002,W1851,82,2,-0.5042005181312561,-0.7944443225860596,-0.21395671367645264,2.504200518131256,2.2139567136764526,2.7944443225860596,0.5804876089096069,-0.00012195066585895716,W1734,refer,4
66.1569,W1555,3,4,-0.006446893326938152,-0.2966906977817416,0.2837969111278653,4.0,3.7162030888721347,4.0,0.2837969111278653,-2.328079603384874e-06,W1698,refer,4
66.19130000000001,W1854,73,2,-0.006446893326938152,-0.2966906977817416,0.2837969111278653,2.006446893326938,1.7162030888721347,2.2966906977817416,0.5804876089096069,0.0045495123206090605,W1490,automate,2
66.37120000000002,W1490,73,4,-0.006446893326938152,-0.2966906977817416,0.2837969111278653,4.0,3.7162030888721347,4.0,0.2837969111278653,-8.560937549773494e-13,W1488,refer,4
66.3835,W1488,72,4,-0.006446893326938152,-0.2966906977817416,0.2837969111278653,4.0,3.7162030888721347,4.0,0.2837969111278653,-7.078254959541724e-13,W1493,refer,4
66.4169,W1698,2,4,-0.006446893326938152,-0.2966906977817416,0.2837969111278653,4.0,3.7162030888721347,4.0,0.2837969111278653,-1.4008896002770464e-06,W1695,refer,4
66.4803,W1855,75,2,-0.006446893326938152,-0.2966906977817416,0.2837969111278653,2.006446893326938,1.7162030888721347,2.2966906977817416,0.5804876089096069,0.04544047799639653,W1476,automate,1
66.5388,W1668,5,4,-0.006446893326938152,-0.2966906977817416,0.2837969111278653,4.0,3.7162030888721347,4.0,0.2837969111278653,-3.013847112048397e-08,W1395,refer,4
66.57419999999999,W1734,84,2,-0.6609637141227722,-0.9512075185775757,-0.37071990966796875,2.660963714122772,2.3707199096679688,2.9512075185775757,0.5804876089096069,-1.2001600268861533e-07,W1861,refer,3
66.583,W1493,73,4,-0.006446893326938152,-0.2966906977817416,0.2837969111278653,4.0,3.7162030888721347,4.0,0.2837969111278653,-4.064615806691352e-13,W1525,refer,4
66.82719999999999,W1525,72,4,-0.006446893326938152,-0.2966906977817416,0.2837969111278653,4.0,3.7162030888721347,4.0,0.2837969111278653,-3.262350445613678e-13,W1682,refer,4
66.9829,W1395,4,4,-0.006446893326938152,-0.2966906977817416,0.2837969111278653,4.0,3.7162030888721347,4.0,0.2837969111278653,-1.9792938491142994e-07,W1774,refer,4
66.9892,W1822,7,1,-0.006446893326938152,-0.2966906977817416,0.2837969111278653,1.0064468933269382,1.0,1.2966906977817416,0.2966906977817416,1.5829661154435826,W1874,automate,1
67.12069999999999,W1883,74,2,-0.006446893326938152,-0.2966906977817416,0.2837969111278653,2.006446893326938,1.7162030888721347,2.2966906977817416,0.5804876089096069,0.0010619176247529687,W1507,automate,2
67.14359999999999,W1868,84,1,-0.006446893326938152,-0.2966906977817416,0.2837969111278653,1.0064468933269382,1.0,1.2966906977817416,0.2966906977817416,1.355528597472588,W1176,automate,1
67.1801,W1861,85,3,-0.11541987955570221,-0.4056636840105057,0.17482392489910126,3.115419879555702,2.8251760751008987,3.4056636840105057,0.5804876089096069,-3.3411138111468664e-11,W1649,refer,2
67.24459999999999,W1176,83,4,-0.006446893326938152,-0.2966906977817416,0.2837969111278653,4.0,3.7162030888721347,4.0,0.2837969111278653,-8.164998551592983e-06,W1476,refer,4
67.25120000000001,W1476,82,4,-0.006446893326938152,-0.2966906977817416,0.2837969111278653,4.0,3.7162030888721347,4.0,0.2837969111278653,-7.362475633281169e-06,W1311,refer,4
67.25439999999999,W1507,74,4,-0.006446893326938152,-0.2966906977817416,0.2837969111278653,4.0,3.7162030888721347,4.0,0.2837969111278653,-1.9536554934628257e-13,W1682,refer,4
67.44669999999999,W1457,81,4,-0.006446893326938152,-0.2966906977817416,0.2837969111278653,4.0,3.7162030888721347,4.0,0.2837969111278653,-8.022554795081026e-06,W1311,refer,4
67.50559999999999,W1311,82,4,-0.006446893326938152,-0.2966906977817416,0.2837969111278653,4.0,3.7162030888721347,4.0,0.2837969111278653,-7.534854188304534e-06,W1324,refer,4
67.57900000000001,W1682,75,4,-0.006446893326938152,-0.2966906977817416,0.2837969111278653,4.0,3.7162030888721347,4.0,0.2837969111278653,-3.110450032083353e-13,W1683,refer,4
67.582,W1324,82,4,-0.006446893326938152,-0.2966906977817416,0.2837969111278653,4.0,3.7162030888721347,4.0,0.2837969111278653,-4.379647746202366e-06,W1310,refer,4
67.62419999999999,W1683,75,4,-0.006446893326938152,-0.2966906977817416,0.2837969111278653,4.0,3.7162030888721347,4.0,0.2837969111278653,-6.291902598969936e-13,W1610,refer,4
67.65060000000003,W896,84,4,-0.5768981575965881,-0.8671419620513916,-0.28665435314178467,4.0,4.0,4.0,0.0,-3.9309122601773645e-11,W1649,refer,4
67.8257,W1708,77,4,-0.006446893326938152,-0.2966906977817416,0.2837969111278653,4.0,3.7162030888721347,4.0,0.2837969111278653,-4.159968837629393e-12,W1610,refer,4
67.84100000000001,W897,83,4,-0.5828915238380432,-0.8731353282928467,-0.29264771938323975,4.0,4.0,4.0,0.0,-3.862981552830476e-11,W1649,refer,4
67.8532,W1874,7,4,0.3722113370895386,0.08196753263473511,0.662455141544342,3.6277886629104614,3.337544858455658,3.918032467365265,0.5804876089096069,-7.710906817368565e-06,W1829,refer,4
67.8625,W902,82,4,-0.6279629468917847,-0.9182067513465881,-0.3377191424369812,4.0,4.0,4.0,0.0,-3.634193594209524e-11,W1649,refer,4
67.8807,W1610,76,4,-0.006446893326938152,-0.2966906977817416,0.2837969111278653,4.0,3.7162030888721347,4.0,0.2837969111278653,-5.386031774082163e-12,W1659,refer,4
68.03140000000003,W1659,76,4,-0.006446893326938152,-0.2966906977817416,0.2837969111278653,4.0,3.7162030888721347,4.0,0.2837969111278653,-1.0809871674030847e-11,W1724,refer,4
68.03469999999999,W1897,83,2,-0.006446893326938152,-0.2966906977817416,0.2837969111278653,2.006446893326938,1.7162030888721347,2.2966906977817416,0.5804876089096069,0.03143663617499177,W1310,automate,1
68.0995,W1649,83,4,0.2745493948459625,-0.015694409608840942,0.564793199300766,3.7254506051540375,3.435206800699234,4.0,0.564793199300766,-2.937058821134875e-11,W1613,refer,2
68.11890000000002,W916,82,4,-0.5564209222793579,-0.8466647267341614,-0.26617711782455444,4.0,4.0,4.0,0.0,-1.8142285304059785e-11,W1613,refer,4
68.1372,W1724,77,4,-0.006446893326938152,-0.2966906977817416,0.2837969111278653,4.0,3.7162030888721347,4.0,0.2837969111278653,-1.0583309192327222e-11,W1639,refer,4
68.18879999999999,W1639,76,4,-0.006446893326938152,-0.2966906977817416,0.2837969111278653,4.0,3.7162030888721347,4.0,0.2837969111278653,-1.388652726254227e-11,W1617,refer,4
68.2583,W1899,7,1,-0.006446893326938152,-0.2966906977817416,0.2837969111278653,1.0064468933269382,1.0,1.2966906977817416,0.2966906977817416,0.687464822032861,W1870,automate,1
68.2922,W1617,75,4,-0.006446893326938152,-0.2966906977817416,0.2837969111278653,4.0,3.7162030888721347,4.0,0.2837969111278653,-1.6273052725685732e-11,W1595,refer,4
68.5406,W1916,78,4,-0.006446893326938152,-0.2966906977817416,0.2837969111278653,4.0,3.7162030888721347,4.0,0.2837969111278653,-1.051859908445479e-11,W1595,refer,4
68.6079,W1595,77,4,-0.006446893326938152,-0.2966906977817416,0.2837969111278653,4.0,3.7162030888721347,4.0,0.2837969111278653,-1.2670612604199263e-11,W1520,refer,4
68.6598,W1520,76,4,-0.006446893326938152,-0.2966906977817416,0.2837969111278653,4.0,3.7162030888721347,4.0,0.2837969111278653,-1.4752467697063157e-11,W1519,refer,4
68.7192,W1870,7,4,0.19624876976013184,-0.09399503469467163,0.4864925742149353,3.803751230239868,3.5135074257850647,4.0,0.4864925742149353,-2.177533071118689e-08,W1829,refer,4
68.7497,W1923,91,2,-0.006446893326938152,-0.2966906977817416,0.2837969111278653,2.006446893326938,1.7162030888721347,2.2966906977817416,0.5804876089096069,0.2372466797703831,W1917,automate,1
68.77820000000003,W1519,75,4,-0.006446893326938152,-0.2966906977817416,0.2837969111278653,4.0,3.7162030888721347,4.0,0.2837969111278653,-1.193498873208078e-11,W1566,refer,4
68.8104,W1566,75,4,-0.006446893326938152,-0.2966906977817416,0.2837969111278653,4.0,3.7162030888721347,4.0,0.2837969111278653,-7.522681666380193e-12,W1680,refer,4
68.92339999999999,W1680,75,4,-0.006446893326938152,-0.2966906977817416,0.2837969111278653,4.0,3.7162030888721347,4.0,0.2837969111278653,-5.590609609117392e-12,W1597,refer,4
68.94539999999999,W1829,7,4,-0.006446893326938152,-0.2966906977817416,0.2837969111278653,4.0,3.7162030888721347,4.0,0.2837969111278653,-6.574820635298219e-13,W1835,refer,3
68.97739999999999,W1799,74,4,-0.006446893326938152,-0.2966906977817416,0.2837969111278653,4.0,3.7162030888721347,4.0,0.2837969111278653,-6.9760804184772945e-12,W1597,refer,4
69.0418,W1907,4,4,-0.006446893326938152,-0.2966906977817416,0.2837969111278653,4.0,3.7162030888721347,4.0,0.2837969111278653,-0.004344320234018995,W1890,refer,4
69.06509999999999,W1597,74,4,-0.006446893326938152,-0.2966906977817416,0.2837969111278653,4.0,3.7162030888721347,4.0,0.2837969111278653,-7.06689004610766e-12,W1831,refer,4
69.0694,W1917,90,4,-0.006446893326938152,-0.2966906977817416,0.2837969111278653,4.0,3.7162030888721347,4.0,0.2837969111278653,-3.8131245974430966e-06,W1310,refer,3
69.0848,W1310,89,4,-0.006446893326938152,-0.2966906977817416,0.2837969111278653,4.0,3.7162030888721347,4.0,0.2837969111278653,-4.181491282732957e-06,W1477,refer,4
69.22999999999999,W1297,89,4,-0.006446893326938152,-0.2966906977817416,0.2837969111278653,4.0,3.7162030888721347,4.0,0.2837969111278653,-3.829581965826856e-06,W1305,refer,4
69.25389999999999,W1831,74,4,-0.006446893326938152,-0.2966906977817416,0.2837969111278653,4.0,3.7162030888721347,4.0,0.2837969111278653,-5.820774490786758e-12,W1736,refer,4
69.26370000000001,W1305,88,4,-0.006446893326938152,-0.2966906977817416,0.2837969111278653,4.0,3.7162030888721347,4.0,0.2837969111278653,-3.678274079144933e-06,W1409,refer,4
69.2785,W1835,6,4,-0.006446893326938152,-0.2966906977817416,0.2837969111278653,4.0,3.7162030888721347,4.0,0.2837969111278653,-1.6659815077817743e-11,W1918,refer,3
69.2958,W1613,85,4,0.2521355152130127,-0.03810828924179077,0.5423793196678162,3.7478644847869873,3.457620680332184,4.0,0.5423793196678162,-2.1109888444886002e-11,W1675,refer,2
69.38119999999999,W1936,6,2,-0.006446893326938152,-0.2966906977817416,0.2837969111278653,2.006446893326938,1.7162030888721347,2.2966906977817416,0.5804876089096069,0.002777808662316433,W1918,automate,2
69.4395,W1937,76,2,-0.006446893326938152,-0.2966906977817416,0.2837969111278653,2.006446893326938,1.7162030888721347,2.2966906977817416,0.5804876089096069,0.0009186572182250881,W1736,automate,3
69.5219,W1409,88,4,-0.006446893326938152,-0.2966906977817416,0.2837969111278653,4.0,3.7162030888721347,4.0,0.2837969111278653,-3.275394532690725e-06,W1420,refer,4
69.65159999999999,W1569,78,4,-0.06571409106254578,-0.35595789551734924,0.2245297133922577,4.0,3.7754702866077423,4.0,0.2245297133922577,-6.895189114863299e-12,W1736,refer,4
69.679,W1890,4,4,-0.006446893326938152,-0.2966906977817416,0.2837969111278653,4.0,3.7162030888721347,4.0,0.2837969111278653,-0.003636081406561436,W1930,refer,4
69.7148,W1420,88,4,-0.006446893326938152,-0.2966906977817416,0.2837969111278653,4.0,3.7162030888721347,4.0,0.2837969111278653,-3.0725185140288976e-06,W1477,refer,4
69.71690000000001,W1575,77,4,-0.08801592886447906,-0.37825973331928253,0.2022278755903244,4.0,3.7977721244096756,4.0,0.2022278755903244,-6.07632265618054e-12,W1736,refer,4
69.902,W1736,78,4,-0.006446893326938152,-0.2966906977817416,0.2837969111278653,4.0,3.7162030888721347,4.0,0.2837969111278653,-4.35050465251072e-12,W1654,refer,4
69.91329999999999,W1654,77,4,-0.006446893326938152,-0.2966906977817416,0.2837969111278653,4.0,3.7162030888721347,4.0,0.2837969111278653,-5.385459742658437e-12,W1743,refer,4
69.94469999999998,W1524,91,4,-0.006446893326938152,-0.2966906977817416,0.2837969111278653,4.0,3.7162030888721347,4.0,0.2837969111278653,-2.3417616544517644e-06,W1288,refer,4
69.98769999999999,W1743,76,4,-0.006446893326938152,-0.2966906977817416,0.2837969111278653,4.0,3.7162030888721347,4.0,0.2837969111278653,-5.949653298491123e-12,W1664,refer,4
70.0606,W1947,9,4,-0.006446893326938152,-0.2966906977817416,0.2837969111278653,4.0,3.7162030888721347,4.0,0.2837969111278653,-9.029916684764227e-12,W1918,refer,3
70.0987,W1288,93,4,-0.006446893326938152,-0.2966906977817416,0.2837969111278653,4.0,3.7162030888721347,4.0,0.2837969111278653,-9.084135926463168e-07,W1362,refer,4
70.1198,W1362,92,4,-0.006446893326938152,-0.2966906977817416,0.2837969111278653,4.0,3.7162030888721347,4.0,0.2837969111278653,-7.422095884207731e-07,W1477,refer,4
70.14509999999999,W1948,89,2,-0.4597427546977997,-0.7499865591526031,-0.16949895024299622,2.4597427546977997,2.169498950242996,2.749986559152603,0.5804876089096069,-0.002329927142166436,W1951,refer,4
70.2239,W1965,82,2,-0.006446893326938152,-0.2966906977817416,0.2837969111278653,2.006446893326938,1.7162030888721347,2.2966906977817416,0.5804876089096069,-0.15052343078422842,W1973,refer,2
70.2277,W1918,9,4,-0.006446893326938152,-0.2966906977817416,0.2837969111278653,4.0,3.7162030888721347,4.0,0.2837969111278653,-2.432552694483178e-11,W1896,refer,3
70.28960000000001,W1477,91,4,-0.006446893326938152,-0.2966906977817416,0.2837969111278653,4.0,3.7162030888721347,4.0,0.2837969111278653,-7.014010774717053e-07,W1424,refer,4
70.3282,W1973,85,2,-0.006446893326938152,-0.2966906977817416,0.2837969111278653,2.006446893326938,1.7162030888721347,2.2966906977817416,0.5804876089096069,0.0015263718972023993,W1664,automate,3
70.34949999999999,W1930,4,4,-0.006446893326938152,-0.2966906977817416,0.2837969111278653,4.0,3.7162030888721347,4.0,0.2837969111278653,0.007886916476339871,W1817,automate,4
70.47980000000003,W1983,89,2,-0.14861518144607544,-0.4388589859008789,0.14162862300872803,2.1486151814460754,1.858371376991272,2.438858985900879,0.5804876089096069,-0.0034474938594116706,W1951,refer,1
70.51639999999999,W1985,9,1,0.21870651841163635,-0.07153728604316711,0.5089503228664398,1.0,1.0,1.0715372860431671,0.07153728604316711,0.6892843929551086,W1946,automate,1
70.6749,W1986,89,2,-0.006446893326938152,-0.2966906977817416,0.2837969111278653,2.006446893326938,1.7162030888721347,2.2966906977817416,0.5804876089096069,0.0008781297955979333,W1664,automate,3
70.7188,W1951,89,2,-0.4602202773094177,-0.7504640817642212,-0.16997647285461426,2.4602202773094177,2.1699764728546143,2.750464081764221,0.5804876089096069,-0.002331362159349748,W1935,refer,4
70.7595,W1594,90,4,-0.04544440284371376,-0.3356882072985172,0.2447994016110897,4.0,3.7552005983889103,4.0,0.2447994016110897,-2.6615361902754937e-12,W1664,refer,4
70.7748,W1873,3,4,-0.2752138078212738,-0.5654576122760773,0.015029996633529663,4.0,3.9849700033664703,4.0,0.015029996633529663,0.0022673261801056865,W1817,automate,4
70.78439999999999,W1424,95,4,-0.006446893326938152,-0.2966906977817416,0.2837969111278653,4.0,3.7162030888721347,4.0,0.2837969111278653,-6.702010912161502e-07,W1414,refer,4
70.78660000000002,W1935,88,2,-0.4698646068572998,-0.7601084113121033,-0.17962080240249634,2.4698646068573,2.1796208024024963,2.7601084113121033,0.5804876089096069,1.101306579883666e-06,W1675,automate,4
70.82669999999999,W1664,90,4,-0.006446893326938152,-0.2966906977817416,0.2837969111278653,4.0,3.7162030888721347,4.0,0.2837969111278653,-2.413104721417135e-12,W1692,refer,4
70.8498,W1942,3,2,-0.006446893326938152,-0.2966906977817416,0.2837969111278653,2.006446893326938,1.7162030888721347,2.2966906977817416,0.5804876089096069,5.041384444065831e-17,W1920,automate,3
70.8825,W1896,8,4,-0.006446893326938152,-0.2966906977817416,0.2837969111278653,4.0,3.7162030888721347,4.0,0.2837969111278653,-2.1558333194292886e-10,W1946,refer,4
70.9305,W1774,3,4,-0.006446893326938152,-0.2966906977817416,0.2837969111278653,4.0,3.7162030888721347,4.0,0.2837969111278653,-3.1952553581754996e-07,W1816,refer,4
71.1261,W1997,89,2,-0.6019057631492615,-0.8921495676040649,-0.311661958694458,2.6019057631492615,2.311661958694458,2.892149567604065,0.5804876089096069,1.0103394519114855e-07,W1675,automate,4
71.1597,W1603,91,4,-0.021964989602565765,-0.31220879405736923,0.2682788148522377,4.0,3.7317211851477623,4.0,0.2682788148522377,-1.7899895368169171e-12,W1692,refer,4
71.1954,W1692,91,4,-0.006446893326938152,-0.2966906977817416,0.2837969111278653,4.0,3.7162030888721347,4.0,0.2837969111278653,-2.0023647650311128e-12,W1651,refer,4
71.22409999999998,W1675,88,4,0.2788804769515991,-0.011363327503204346,0.5691242814064026,3.721119523048401,3.4308757185935974,4.0,0.5691242814064026,-2.176183854366176e-11,W1699,refer,2
71.23709999999998,W1651,91,4,-0.006446893326938152,-0.2966906977817416,0.2837969111278653,4.0,3.7162030888721347,4.0,0.2837969111278653,-1.792214195698053e-12,W1746,refer,4
71.3815,W1939,3,4,-0.006446893326938152,-0.2966906977817416,0.2837969111278653,4.0,3.7162030888721347,4.0,0.2837969111278653,-1.21775899163624e-53,W1920,refer,4
71.4246,W1029,87,4,-0.4457464814186096,-0.7359902858734131,-0.15550267696380615,4.0,4.0,4.0,0.0,-1.6128361311937506e-11,W1699,refer,4
71.45599999999999,W2004,8,1,0.25042325258255005,-0.03982055187225342,0.5406670570373535,1.0,1.0,1.0398205518722534,0.03982055187225342,0.6791380372243891,W1946,automate,1
71.467,W2015,4,4,-0.006446893326938152,-0.2966906977817416,0.2837969111278653,4.0,3.7162030888721347,4.0,0.2837969111278653,0.005910518572306584,W1817,automate,4
71.5612,W1946,7,4,-0.006446893326938152,-0.2966906977817416,0.2837969111278653,4.0,3.7162030888721347,4.0,0.2837969111278653,-8.657710931609717e-10,W1957,refer,4
71.5772,W1920,2,4,-0.006446893326938152,-0.2966906977817416,0.2837969111278653,4.0,3.7162030888721347,4.0,0.2837969111278653,-4.826559114408944e-41,W2000,refer,4
71.7045,W2016,97,2,-0.006446893326938152,-0.2966906977817416,0.2837969111278653,2.006446893326938,1.7162030888721347,2.2966906977817416,0.5804876089096069,0.006973589562451682,W1746,automate,2
71.80630000000001,W1052,88,4,-0.4352426826953888,-0.7254864871501923,-0.14499887824058533,4.0,4.0,4.0,0.0,-2.564174569681544e-11,W1699,refer,4
71.8292,W1746,98,4,-0.006446893326938152,-0.2966906977817416,0.2837969111278653,4.0,3.7162030888721347,4.0,0.2837969111278653,-1.0227720896782433e-12,W1657,refer,4
71.8881,W1612,98,4,-0.09442928433418274,-0.3846730887889862,0.19581452012062073,4.0,3.8041854798793793,4.0,0.19581452012062073,-1.0971320899708565e-12,W1657,refer,4
71.9031,W2005,3,4,-0.6005492806434631,-0.8907930850982666,-0.31030547618865967,4.0,4.0,4.0,0.0,-0.00021643146860995856,W1817,refer,4
72.05340000000002,W1699,88,4,0.2788804769515991,-0.011363327503204346,0.5691242814064026,3.721119523048401,3.4308757185935974,4.0,0.5691242814064026,-3.00474234751916e-11,W1669,refer,2
72.06339999999999,W2001,105,2,-0.006446893326938152,-0.2966906977817416,0.2837969111278653,2.006446893326938,1.7162030888721347,2.2966906977817416,0.5804876089096069,-0.15246567113728307,W2030,refer,1
72.1582,W1957,6,4,-0.006446893326938152,-0.2966906977817416,0.2837969111278653,4.0,3.7162030888721347,4.0,0.2837969111278653,-5.758616265136733e-09,W1925,refer,4
72.3865,W2030,106,2,-0.006446893326938152,-0.2966906977817416,0.2837969111278653,2.006446893326938,1.7162030888721347,2.2966906977817416,0.5804876089096069,-0.21608319488421618,W2029,refer,1
72.5,W2041,90,2,0.2788804769515991,-0.011363327503204346,0.5691242814064026,1.7211195230484009,1.4308757185935974,2.0113633275032043,0.5804876089096069,0.009169218313554614,W2033,automate,1
72.5161,W2039,100,2,0.24181316792964935,-0.048430636525154114,0.5320569723844528,1.7581868320703506,1.4679430276155472,2.048430636525154,0.5804876089096069,0.026511861710629546,W2038,automate,1
72.53659999999999,W2038,99,4,0.25951409339904785,-0.030729711055755615,0.5497578978538513,3.740485906600952,3.4502421021461487,4.0,0.5497578978538513,-1.482428454870026e-11,W2034,refer,2
72.546,W2034,98,4,0.23793494701385498,-0.052308857440948486,0.5281787514686584,3.762065052986145,3.4718212485313416,4.0,0.5281787514686584,-8.506268617662766e-13,W1657,refer,2
72.5821,W2033,90,2,-0.48823100328445435,-0.7784748077392578,-0.19798719882965088,2.4882310032844543,2.197987198829651,2.778474807739258,0.5804876089096069,6.75431004197264e-07,W2035,automate,2
72.6355,W1925,5,4,-0.006446893326938152,-0.2966906977817416,0.2837969111278653,4.0,3.7162030888721347,4.0,0.2837969111278653,-3.925543717805147e-08,W1843,refer,4
72.69200000000001,W2029,106,2,0.02013876661658287,-0.2701050378382206,0.31038257107138634,1.9798612333834171,1.6896174289286137,2.2701050378382206,0.5804876089096069,0.02200360016263858,W1969,automate,1
72.7345,W2045,98,2,0.31720712780952454,0.02696332335472107,0.607450932264328,1.6827928721904755,1.392549067735672,1.973036676645279,0.5804876089096069,0.023622490338357453,W1657,automate,1
72.7556,W2035,89,3,-0.45959484577178955,-0.749838650226593,-0.16935104131698608,3.4595948457717896,3.169351041316986,3.749838650226593,0.5804876089096069,-3.6424863232329855e-11,W1669,refer,3
72.7987,W2050,99,4,0.307742178440094,0.017498373985290527,0.5979859828948975,3.692257821559906,3.4020140171051025,3.9825016260147095,0.5804876089096069,-9.815657315655676e-12,W2048,refer,2
72.8051,W2048,98,4,0.22634649276733398,-0.06389731168746948,0.5165902972221375,3.773653507232666,3.4834097027778625,4.0,0.5165902972221375,-9.265709971112635e-13,W1657,refer,2
72.8565,W1967,4,4,-0.006446893326938152,-0.2966906977817416,0.2837969111278653,4.0,3.7162030888721347,4.0,0.2837969111278653,-2.6555693491584654e-07,W1843,refer,4
72.9089,W1969,107,4,-0.006446893326938152,-0.2966906977817416,0.2837969111278653,4.0,3.7162030888721347,4.0,0.2837969111278653,-1.4950249563890102e-06,W1596,refer,3
72.91469999999998,W1596,106,4,-0.006446893326938152,-0.2966906977817416,0.2837969111278653,4.0,3.7162030888721347,4.0,0.2837969111278653,-1.6392724058749769e-06,W1446,refer,4
72.9506,W1446,105,4,-0.006446893326938152,-0.2966906977817416,0.2837969111278653,4.0,3.7162030888721347,4.0,0.2837969111278653,-1.7622014923807514e-06,W1414,refer,4
72.9989,W1414,105,4,-0.006446893326938152,-0.2966906977817416,0.2837969111278653,4.0,3.7162030888721347,4.0,0.2837969111278653,-1.6294901248674145e-06,W1943,refer,4
73.0912,W1816,2,4,-0.006446893326938152,-0.2966906977817416,0.2837969111278653,4.0,3.7162030888721347,4.0,0.2837969111278653,-6.3721721041964636e-06,W1793,refer,4
73.11009999999999,W2057,100,4,0.3279972970485687,0.03775349259376526,0.6182411015033722,3.6720027029514313,3.381758898496628,3.9622465074062347,0.5804876089096069,-6.813636911479307e-12,W1975,refer,2
73.1105,W1943,106,4,-0.006446893326938152,-0.2966906977817416,0.2837969111278653,4.0,3.7162030888721347,4.0,0.2837969111278653,-2.3413251206595007e-06,W1795,refer,3
73.2218,W2061,101,4,0.3203023076057434,0.03005850315093994,0.6105461120605469,3.6796976923942566,3.389453887939453,3.96994149684906,0.5804876089096069,-8.11545490131408e-12,W1975,refer,2
73.31060000000001,W1795,106,4,-0.006446893326938152,-0.2966906977817416,0.2837969111278653,4.0,3.7162030888721347,4.0,0.2837969111278653,-2.4904108185418757e-06,W1620,refer,3
73.3449,W2062,101,4,0.2538210451602936,-0.03642275929450989,0.544064849615097,3.7461789548397064,3.455935150384903,4.0,0.544064849615097,-7.279772580733654e-12,W1975,refer,2
73.35479999999998,W1975,100,4,-0.006446893326938152,-0.2966906977817416,0.2837969111278653,4.0,3.7162030888721347,4.0,0.2837969111278653,-8.345256466241889e-12,W1904,refer,4
73.39639999999999,W2066,101,4,0.3214808404445648,0.031237035989761353,0.6117246448993683,3.678519159555435,3.3882753551006317,3.9687629640102386,0.5804876089096069,-1.868528789710328e-10,W1904,refer,2
73.42200000000003,W2067,101,1,0.24710947275161743,-0.043134331703186035,0.5373532772064209,1.0,1.0,1.043134331703186,0.043134331703186035,3.9022735008299136,W1904,automate,1
73.4534,W2064,89,2,-0.39798271656036377,-0.6882265210151672,-0.1077389121055603,2.3979827165603638,2.1077389121055603,2.6882265210151672,0.5804876089096069,4.722134859780017e-06,W1669,automate,2
73.5192,W1843,3,4,-0.006446893326938152,-0.2966906977817416,0.2837969111278653,4.0,3.7162030888721347,4.0,0.2837969111278653,-1.8899320833438644e-06,W1858,refer,4
73.53339999999999,W2065,100,4,-0.793793261051178,-1.0840370655059814,-0.5035494565963745,4.0,4.0,4.0,0.0,-1.9418809532909212e-10,W1904,refer,3
73.5625,W1858,2,4,-0.006446893326938152,-0.2966906977817416,0.2837969111278653,4.0,3.7162030888721347,4.0,0.2837969111278653,-3.0609326380544335e-06,W1961,refer,4
73.5637,W2068,106,4,-0.006446893326938152,-0.2966906977817416,0.2837969111278653,4.0,3.7162030888721347,4.0,0.2837969111278653,-2.412809254493974e-06,W1620,refer,2
73.5977,W1976,2,4,-0.7318107485771179,-1.0220545530319214,-0.44156694412231445,4.0,4.0,4.0,0.0,-0.002891843198809381,W1817,refer,4
73.7512,W2073,101,4,0.25512173771858215,-0.035122066736221313,0.5453655421733856,3.744878262281418,3.4546344578266144,4.0,0.5453655421733856,-7.267266572159752e-11,W2072,refer,2
73.7663,W1620,105,4,-0.006446893326938152,-0.2966906977817416,0.2837969111278653,4.0,3.7162030888721347,4.0,0.2837969111278653,-2.8562193213553235e-06,W1554,refer,4
73.91070000000002,W2074,102,4,0.32145634293556213,0.031212538480758667,0.6117001473903656,3.678543657064438,3.3882998526096344,3.9687874615192413,0.5804876089096069,-8.9540209416057e-11,W2075,refer,2
74.0143,W1669,89,4,0.25241172313690186,-0.03783208131790161,0.5426555275917053,3.747588276863098,3.4573444724082947,4.0,0.5426555275917053,-4.30442408130782e-11,W1282,refer,2
74.022,W1050,88,4,-0.46692579984664917,-0.7571696043014526,-0.1766819953918457,4.0,4.0,4.0,0.0,-1.824522178603588e-11,W1282,refer,4
74.0392,W1554,106,4,-0.006446893326938152,-0.2966906977817416,0.2837969111278653,4.0,3.7162030888721347,4.0,0.2837969111278653,-2.9248961108148773e-06,W1535,refer,4
74.1288,W2082,105,4,0.2569424510002136,-0.033301353454589844,0.5471862554550171,3.7430575489997864,3.452813744544983,4.0,0.5471862554550171,-1.3067654104609657e-10,W2080,refer,2
74.16520000000001,W2088,106,1,-0.03118690475821495,-0.3214307092130184,0.2590568996965885,1.031186904758215,1.0,1.3214307092130184,0.3214307092130184,0.17105160305994657,W1810,automate,1
74.1889,W2080,106,4,0.3186265230178833,0.028382718563079834,0.6088703274726868,3.6813734769821167,3.3911296725273132,3.97161728143692,0.5804876089096069,-2.7301105437902767e-10,W2089,refer,2
74.2728,W2086,88,2,0.2788804769515991,-0.011363327503204346,0.5691242814064026,1.7211195230484009,1.4308757185935974,2.0113633275032043,0.5804876089096069,0.01133956873275247,W1282,automate,1
74.3636,W1282,87,4,-0.006446893326938152,-0.2966906977817416,0.2837969111278653,4.0,3.7162030888721347,4.0,0.2837969111278653,-1.8333306806753305e-11,W1775,refer,4
74.3649,W2092,106,2,0.3277267813682556,0.03748297691345215,0.6179705858230591,1.6722732186317444,1.382029414176941,1.9625170230865479,0.5804876089096069,0.026725330746729302,W2089,automate,1
74.4401,W2093,107,2,0.3116509020328522,0.021407097578048706,0.6018947064876556,1.6883490979671478,1.3981052935123444,1.9785929024219513,0.5804876089096069,0.04133018376517471,W2095,automate,1
74.50099999999998,W1535,106,4,-0.006446893326938152,-0.2966906977817416,0.2837969111278653,4.0,3.7162030888721347,4.0,0.2837969111278653,-3.1826787694400696e-06,W1810,refer,4
74.5093,W1810,105,4,-0.006446893326938152,-0.2966906977817416,0.2837969111278653,4.0,3.7162030888721347,4.0,0.2837969111278653,-3.3832409337758993e-06,W1574,refer,3
74.5138,W2099,87,2,-0.5236797332763672,-0.8139235377311707,-0.23343592882156372,2.523679733276367,2.2334359288215637,2.8139235377311707,0.5804876089096069,2.702465207582562e-07,W1775,automate,2
74.5195,W1123,86,4,-0.2816668152809143,-0.5719106197357178,0.00857698917388916,4.0,3.991423010826111,4.0,0.00857698917388916,-2.445931428717756e-11,W1775,refer,4
74.5372,W2096,2,4,0.46008971333503723,0.16984590888023376,0.7503335177898407,3.5399102866649628,3.2496664822101593,3.8301540911197662,0.5804876089096069,-5.970901155589711e-11,W1961,refer,2
74.54299999999999,W2095,108,4,0.3119150996208191,0.021671295166015625,0.6021589040756226,3.688084900379181,3.3978410959243774,3.9783287048339844,0.5804876089096069,-2.4655890883611756e-10,W2089,refer,2
74.55930000000001,W1574,104,4,-0.006446893326938152,-0.2966906977817416,0.2837969111278653,4.0,3.7162030888721347,4.0,0.2837969111278653,-3.6723933327525284e-06,W1402,refer,4
74.74010000000001,W1815,105,4,-0.006446893326938152,-0.2966906977817416,0.2837969111278653,4.0,3.7162030888721347,4.0,0.2837969111278653,-6.4016301339393195e-06,W1402,refer,3
74.75829999999999,W2102,109,4,0.312248170375824,0.022004365921020508,0.6024919748306274,3.687751829624176,3.3975080251693726,3.9779956340789795,0.5804876089096069,-2.2375682177332772e-10,W2089,refer,2
74.8422,W2107,105,2,-0.006446893326938152,-0.2966906977817416,0.2837969111278653,2.006446893326938,1.7162030888721347,2.2966906977817416,0.5804876089096069,0.040630727379458255,W1402,automate,1
74.9462,W2111,106,1,0.0199623703956604,-0.27028143405914307,0.31020617485046387,1.0,1.0,1.270281434059143,0.27028143405914307,2.158460838721293,W1588,automate,1
74.9521,W2089,109,4,0.32178789377212524,0.03154408931732178,0.6120316982269287,3.6782121062278748,3.3879683017730713,3.9684559106826782,0.5804876089096069,-2.043349322328211e-10,W2098,refer,2
74.9789,W2108,2,4,0.5060195326805115,0.215775728225708,0.7962633371353149,3.4939804673194885,3.203736662864685,3.784224271774292,0.5804876089096069,-2.5962065553456153e-06,W1961,refer,2
75.1302,W1588,107,4,-0.006446893326938152,-0.2966906977817416,0.2837969111278653,4.0,3.7162030888721347,4.0,0.2837969111278653,-1.0749632520053326e-05,W1402,refer,4
75.2263,W1127,87,4,-0.2945035994052887,-0.5847474038600922,-0.0042597949504852295,4.0,4.0,4.0,0.0,-3.736750004414079e-11,W1775,refer,4
75.3291,W2118,107,2,-0.006446893326938152,-0.2966906977817416,0.2837969111278653,2.006446893326938,1.7162030888721347,2.2966906977817416,0.5804876089096069,0.03645340126100975,W1402,automate,1
75.3842,W1147,88,4,-0.28260311484336853,-0.572846919298172,0.0076406896114349365,4.0,3.992359310388565,4.0,0.0076406896114349365,-8.442987533134599e-11,W1775,refer,4
75.3916,W1402,106,4,-0.006446893326938152,-0.2966906977817416,0.2837969111278653,4.0,3.7162030888721347,4.0,0.2837969111278653,-1.1644962649846722e-05,W1642,refer,4
75.3954,W1642,105,4,-0.006446893326938152,-0.2966906977817416,0.2837969111278653,4.0,3.7162030888721347,4.0,0.2837969111278653,-1.0914794627622038e-05,W1501,refer,4
75.6463,W2054,105,4,-0.006446893326938152,-0.2966906977817416,0.2837969111278653,4.0,3.7162030888721347,4.0,0.2837969111278653,-1.3551157176168656e-05,W1953,refer,2
75.6737,W2098,112,4,0.32389920949935913,0.033655405044555664,0.6141430139541626,3.676100790500641,3.3858569860458374,3.9663445949554443,0.5804876089096069,-1.5669045623818406e-10,W2120,refer,2
75.68700000000001,W1953,104,4,-0.006446893326938152,-0.2966906977817416,0.2837969111278653,4.0,3.7162030888721347,4.0,0.2837969111278653,-1.45792958429796e-05,W1501,refer,3
75.8242,W2120,113,4,0.32171210646629333,0.03146830201148987,0.6119559109210968,3.6782878935337067,3.388044089078903,3.96853169798851,0.5804876089096069,-2.2387285694090975e-10,W2130,refer,2
75.95419999999999,W2130,112,4,0.3192056715488434,0.028961867094039917,0.6094494760036469,3.6807943284511566,3.390550523996353,3.97103813290596,0.5804876089096069,-2.1617634778254425e-10,W2117,refer,2
76.0084,W2145,112,4,0.25258752703666687,-0.0376562774181366,0.5428313314914703,3.747412472963333,3.4571686685085297,4.0,0.5428313314914703,-1.8866097686999648e-10,W2134,refer,2
76.02679999999998,W2146,112,2,0.31130319833755493,0.021059393882751465,0.6015470027923584,1.688696801662445,1.3984529972076416,1.9789406061172485,0.5804876089096069,0.04018488070628654,W2117,automate,1
76.03910000000002,W2139,105,1,-0.006446893326938152,-0.2966906977817416,0.2837969111278653,1.0064468933269382,1.0,1.2966906977817416,0.2966906977817416,0.09720693959526827,W2142,automate,1
76.04029999999999,W2135,93,2,0.2788804769515991,-0.011363327503204346,0.5691242814064026,1.7211195230484009,1.4308757185935974,2.0113633275032043,0.5804876089096069,0.014035773405437374,W1775,automate,2
76.0986,W1775,92,4,0.2788804769515991,-0.011363327503204346,0.5691242814064026,3.721119523048401,3.4308757185935974,4.0,0.5691242814064026,-1.2898506960406803e-10,W1792,refer,2
76.1896,W2142,105,2,0.021141525357961655,-0.2691022790968418,0.3113853298127651,1.9788584746420383,1.6886146701872349,2.269102279096842,0.5804876089096069,0.11383664218561532,W1501,automate,1
76.198,W1501,104,4,-0.006446893326938152,-0.2966906977817416,0.2837969111278653,4.0,3.7162030888721347,4.0,0.2837969111278653,-1.5353141334586833e-05,W2037,refer,4
76.1995,W1871,103,4,-0.006446893326938152,-0.2966906977817416,0.2837969111278653,4.0,3.7162030888721347,4.0,0.2837969111278653,-1.6142899716688324e-05,W2037,refer,3
76.2041,W2149,113,2,0.31604865193367004,0.025804847478866577,0.6062924563884735,1.68395134806633,1.3937075436115265,1.9741951525211334,0.5804876089096069,0.03223291002532589,W2134,automate,1
76.25939999999999,W2150,92,2,-0.45302462577819824,-0.7432684302330017,-0.16278082132339478,2.4530246257781982,2.1627808213233948,2.7432684302330017,0.5804876089096069,2.106836710030817e-06,W1792,automate,2
76.27730000000001,W2134,113,4,0.32802993059158325,0.037786126136779785,0.6182737350463867,3.6719700694084167,3.3817262649536133,3.96221387386322,0.5804876089096069,-1.960276968786266e-10,W2117,refer,2
76.33319999999999,W1828,103,4,-0.006446893326938152,-0.2966906977817416,0.2837969111278653,4.0,3.7162030888721347,4.0,0.2837969111278653,-1.7172510243497533e-05,W2037,refer,3
76.38539999999999,W2037,103,4,0.011681941337883472,-0.27856186311692,0.30192574579268694,3.9883180586621165,3.698074254207313,4.0,0.30192574579268694,-1.7373550844787225e-05,W1735,refer,2
76.3955,W2151,112,4,0.316464900970459,0.026221096515655518,0.6067087054252625,3.683535099029541,3.3932912945747375,3.9737789034843445,0.5804876089096069,-1.8204581398210814e-10,W2117,refer,2
76.402,W2117,111,4,0.2901291251182556,-0.00011467933654785156,0.5803729295730591,3.7098708748817444,3.419627070426941,4.0,0.5803729295730591,-1.8730461030700568e-10,W2085,refer,2
76.43260000000001,W1735,103,4,-0.006446893326938152,-0.2966906977817416,0.2837969111278653,4.0,3.7162030888721347,4.0,0.2837969111278653,-1.6956510345753835e-05,W1577,refer,4
76.53730000000002,W2085,111,4,0.27626094222068787,-0.0139828622341156,0.5665047466754913,3.723739057779312,3.4334952533245087,4.0,0.5665047466754913,-2.2734769198462187e-10,W2112,refer,2
76.6109,W2112,111,4,0.24326080083847046,-0.04698300361633301,0.5335046052932739,3.7567391991615295,3.466495394706726,4.0,0.5335046052932739,-2.5281463205962257e-10,W2160,refer,2
76.62500000000001,W2157,103,2,0.029117915779352188,-0.2611258886754513,0.31936172023415565,1.9708820842206478,1.6806382797658443,2.2611258886754513,0.5804876089096069,0.0875290617937906,W1577,automate,1
76.74889999999999,W2105,3,2,0.21724224090576172,-0.07300156354904175,0.5074860453605652,1.7827577590942383,1.4925139546394348,2.0730015635490417,0.5804876089096069,0.502316377726963,W2127,automate,1
76.83399999999997,W2169,104,2,-0.006446893326938152,-0.2966906977817416,0.2837969111278653,2.006446893326938,1.7162030888721347,2.2966906977817416,0.5804876089096069,0.037247113921552985,W1577,automate,1
76.8412,W2154,2,4,0.4196813106536865,0.12943750619888306,0.70992511510849,3.5803186893463135,3.29007488489151,3.870562493801117,0.5804876089096069,-2.3481575324161763e-05,W2126,refer,2
76.8554,W2158,93,2,-0.5136021375656128,-0.8038459420204163,-0.22335833311080933,2.513602137565613,2.2233583331108093,2.8038459420204163,0.5804876089096069,8.469291156699446e-07,W1792,automate,2
76.90769999999999,W2161,113,2,0.3143429458141327,0.024099141359329224,0.6045867502689362,1.6856570541858673,1.3954132497310638,1.9759008586406708,0.5804876089096069,0.03831147985769297,W2163,automate,1
76.9339,W1577,103,4,-0.006446893326938152,-0.2966906977817416,0.2837969111278653,4.0,3.7162030888721347,4.0,0.2837969111278653,-1.8173435638954113e-05,W1440,refer,4
77.05069999999999,W1648,103,4,-0.006446893326938152,-0.2966906977817416,0.2837969111278653,4.0,3.7162030888721347,4.0,0.2837969111278653,-1.8735944053600128e-05,W1440,refer,4
77.1158,W1440,102,4,-0.006446893326938152,-0.2966906977817416,0.2837969111278653,4.0,3.7162030888721347,4.0,0.2837969111278653,-1.989689935792661e-05,W1763,refer,4
77.1754,W2163,115,4,0.31159791350364685,0.021354109048843384,0.6018417179584503,3.688402086496353,3.3981582820415497,3.9786458909511566,0.5804876089096069,-2.2682650539654945e-10,W2166,refer,2
77.22120000000001,W2177,102,2,-0.006446893326938152,-0.2966906977817416,0.2837969111278653,2.006446893326938,1.7162030888721347,2.2966906977817416,0.5804876089096069,0.050287381931172485,W1763,automate,1
77.2411,W1763,102,4,-0.006446893326938152,-0.2966906977817416,0.2837969111278653,4.0,3.7162030888721347,4.0,0.2837969111278653,-1.9354579695034747e-05,W1745,refer,4
77.2635,W1745,101,4,-0.006446893326938152,-0.2966906977817416,0.2837969111278653,4.0,3.7162030888721347,4.0,0.2837969111278653,-2.0580574906239994e-05,W1396,refer,4
77.28670000000002,W2182,94,2,-0.44798585772514343,-0.7382296621799469,-0.15774205327033997,2.4479858577251434,2.15774205327034,2.738229662179947,0.5804876089096069,2.4882024791162192e-06,W1792,automate,2
77.3173,W1761,100,4,-0.006446893326938152,-0.2966906977817416,0.2837969111278653,4.0,3.7162030888721347,4.0,0.2837969111278653,-2.2014875247707186e-05,W1396,refer,4
77.37569999999998,W2166,119,4,0.3132811188697815,0.023037314414978027,0.603524923324585,3.6867188811302185,3.396475076675415,3.976962685585022,0.5804876089096069,-6.242681962571003e-10,W2160,refer,2
77.42919999999998,W1792,93,4,0.2788804769515991,-0.011363327503204346,0.5691242814064026,3.721119523048401,3.4308757185935974,4.0,0.5691242814064026,-1.2239029771314592e-10,W1769,refer,2
77.4519,W2127,2,4,0.19696088135242462,-0.09328292310237885,0.4872046858072281,3.8030391186475754,3.512795314192772,4.0,0.4872046858072281,0.002146119308406411,W1817,automate,2
77.4672,W2193,4,4,0.05209409445524216,-0.2381497099995613,0.3423378989100456,3.947905905544758,3.6576621010899544,4.0,0.3423378989100456,-0.00026703577422468913,W2184,refer,2
77.5175,W1396,101,4,-0.006446893326938152,-0.2966906977817416,0.2837969111278653,4.0,3.7162030888721347,4.0,0.2837969111278653,-2.1718324575653976e-05,W1484,refer,4
77.52640000000001,W2184,3,4,0.28787416219711304,-0.0023696422576904297,0.5781179666519165,3.712125837802887,3.4218820333480835,4.0,0.5781179666519165,-0.0014609221070403613,W2126,refer,2
77.56729999999999,W1484,101,4,-0.006446893326938152,-0.2966906977817416,0.2837969111278653,4.0,3.7162030888721347,4.0,0.2837969111278653,-2.0606479603667567e-05,W1938,refer,4
77.6305,W2160,121,4,0.32521480321884155,0.034970998764038086,0.615458607673645,3.6747851967811584,3.384541392326355,3.965029001235962,0.5804876089096069,-6.718371637926724e-10,W2183,refer,2
77.6418,W1938,100,4,-0.006446893326938152,-0.2966906977817416,0.2837969111278653,4.0,3.7162030888721347,4.0,0.2837969111278653,-2.1100535381985182e-05,W1731,refer,3
77.6866,W2200,121,2,0.29200369119644165,0.0017598867416381836,0.5822474956512451,1.7079963088035583,1.4177525043487549,1.9982401132583618,0.5804876089096069,0.04724053457026861,W2183,automate,1
77.6934,W1731,99,4,-0.006446893326938152,-0.2966906977817416,0.2837969111278653,4.0,3.7162030888721347,4.0,0.2837969111278653,-2.130486907591719e-05,W1464,refer,4
77.78670000000001,W2183,120,4,0.3201119303703308,0.029868125915527344,0.6103557348251343,3.679888069629669,3.3896442651748657,3.9701318740844727,0.5804876089096069,-6.469057908408298e-10,W2190,refer,2
78.07260000000001,W1464,103,4,-0.006446893326938152,-0.2966906977817416,0.2837969111278653,4.0,3.7162030888721347,4.0,0.2837969111278653,-2.099000484951848e-05,W1686,refer,4
78.0817,W2179,122,4,0.24628618359565735,-0.04395762085914612,0.5365299880504608,3.7537138164043427,3.463470011949539,4.0,0.5365299880504608,-1.2759025285409481e-09,W2075,refer,2
78.10730000000001,W2075,121,4,0.23279576003551483,-0.057448044419288635,0.5230395644903183,3.767204239964485,3.4769604355096817,4.0,0.5230395644903183,-1.4584508254443493e-09,W2190,refer,2
78.1187,W2205,94,2,-0.4625667631626129,-0.7528105676174164,-0.17232295870780945,2.462566763162613,2.1723229587078094,2.7528105676174164,0.5804876089096069,-0.0010138556274581396,W2199,refer,2
78.2242,W1686,104,4,-0.006446893326938152,-0.2966906977817416,0.2837969111278653,4.0,3.7162030888721347,4.0,0.2837969111278653,-2.1951250241116908e-05,W1845,refer,4
78.247,W2077,4,4,-0.006446893326938152,-0.2966906977817416,0.2837969111278653,4.0,3.7162030888721347,4.0,0.2837969111278653,-4.705788597396346e-08,W2094,refer,3
78.24789999999999,W2190,120,4,0.32073837518692017,0.0304945707321167,0.6109821796417236,3.67926162481308,3.3890178203582764,3.9695054292678833,0.5804876089096069,-1.6493315625466418e-09,W2174,refer,2
78.3248,W2217,122,2,0.2284780889749527,-0.06176571547985077,0.5187218934297562,1.7715219110250473,1.4812781065702438,2.0617657154798508,0.5804876089096069,0.038431570823058425,W2219,automate,1
78.39070000000002,W2199,96,2,-0.5173958539962769,-0.8076396584510803,-0.2271520495414734,2.517395853996277,2.2271520495414734,2.8076396584510803,0.5804876089096069,7.32306932184781e-07,W1769,automate,2
78.39930000000001,W2195,4,2,-0.006446893326938152,-0.2966906977817416,0.2837969111278653,2.006446893326938,1.7162030888721347,2.2966906977817416,0.5804876089096069,-9.468636857761543e-05,W2197,refer,1
78.4907,W2219,122,4,0.2592152953147888,-0.03102850914001465,0.5494590997695923,3.740784704685211,3.4505409002304077,4.0,0.5494590997695923,-1.4228735998929264e-09,W2186,refer,2
78.5095,W2094,3,4,-0.006446893326938152,-0.2966906977817416,0.2837969111278653,4.0,3.7162030888721347,4.0,0.2837969111278653,-1.0124458869838527e-06,W1793,refer,3
78.53399999999999,W2222,3,4,0.34776782989501953,0.057524025440216064,0.638011634349823,3.6522321701049805,3.361988365650177,3.942475974559784,0.5804876089096069,-0.0013446159534957723,W2126,refer,2
78.55409999999999,W2186,121,4,0.32414692640304565,0.03390312194824219,0.6143907308578491,3.6758530735969543,3.385609269142151,3.966096878051758,0.5804876089096069,-1.6770863698452968e-09,W2174,refer,2
78.5653,W1213,95,4,-0.2637147009372711,-0.5539585053920746,0.02652910351753235,4.0,3.9734708964824677,4.0,0.02652910351753235,-1.3138236565672922e-10,W1769,refer,4
78.58279999999999,W2198,120,4,0.3209461271762848,0.030702322721481323,0.6111899316310883,3.679053872823715,3.3888100683689117,3.9692976772785187,0.5804876089096069,-1.6610896073720896e-09,W2174,refer,2
78.5863,W2174,119,4,0.2447763979434967,-0.04546740651130676,0.5350202023983002,3.7552236020565033,3.4649797976017,4.0,0.5350202023983002,-1.6277368867191397e-09,W2191,refer,2
78.61440000000002,W1845,104,4,-0.006446893326938152,-0.2966906977817416,0.2837969111278653,4.0,3.7162030888721347,4.0,0.2837969111278653,-2.2238110471004793e-05,W1404,refer,3
78.6374,W1404,103,4,-0.006446893326938152,-0.2966906977817416,0.2837969111278653,4.0,3.7162030888721347,4.0,0.2837969111278653,-2.3260609678100557e-05,W2011,refer,4
78.6998,W2191,119,4,0.3264926075935364,0.03624880313873291,0.6167364120483398,3.6735073924064636,3.38326358795166,3.963751196861267,0.5804876089096069,-1.6666365800711074e-09,W2101,refer,2
78.7641,W2101,119,4,0.23420193791389465,-0.056041866540908813,0.5244457423686981,3.7657980620861053,3.475554257631302,4.0,0.5244457423686981,-1.6013377001261286e-09,W2106,refer,2
78.86070000000001,W2226,103,2,0.02291996404528618,-0.2673238404095173,0.31316376850008965,1.9770800359547138,1.6868362314999104,2.2673238404095173,0.5804876089096069,0.11893675096848788,W1645,automate,1
78.89800000000001,W2106,118,4,0.23479029536247253,-0.05545350909233093,0.525034099817276,3.7652097046375275,3.474965900182724,4.0,0.525034099817276,-1.7827309234032267e-09,W2097,refer,2
78.93199999999997,W2173,117,4,0.2825125753879547,-0.007731229066848755,0.5727563798427582,3.7174874246120453,3.427243620157242,4.0,0.5727563798427582,-2.0432253864433162e-09,W2097,refer,2
78.976,W2097,116,4,0.23246321082115173,-0.05778059363365173,0.5227070152759552,3.7675367891788483,3.477292984724045,4.0,0.5227070152759552,-2.2206149576633554e-09,W2201,refer,2
78.9974,W1078,94,4,-0.5268511772155762,-0.8170949816703796,-0.2366073727607727,4.0,4.0,4.0,0.0,-1.7173282156502932e-10,W1769,refer,4
79.02170000000001,W1793,2,4,-0.006446893326938152,-0.2966906977817416,0.2837969111278653,4.0,3.7162030888721347,4.0,0.2837969111278653,-2.0189953028387096e-05,W2069,refer,4
79.0221,W2011,102,4,-0.006446893326938152,-0.2966906977817416,0.2837969111278653,4.0,3.7162030888721347,4.0,0.2837969111278653,-2.161753538878049e-05,W1645,refer,3
79.0517,W1645,101,4,-0.006446893326938152,-0.2966906977817416,0.2837969111278653,4.0,3.7162030888721347,4.0,0.2837969111278653,-2.2819721123772935e-05,W1598,refer,4
79.06769999999999,W2230,94,2,-0.3945823311805725,-0.684826135635376,-0.10433852672576904,2.3945823311805725,2.104338526725769,2.684826135635376,0.5804876089096069,8.712356169247772e-06,W1769,automate,2
79.10650000000003,W1598,100,4,-0.006446893326938152,-0.2966906977817416,0.2837969111278653,4.0,3.7162030888721347,4.0,0.2837969111278653,-2.3368973339280005e-05,W2019,refer,4
79.12049999999999,W2229,117,4,0.3130910396575928,0.022847235202789307,0.6033348441123962,3.6869089603424072,3.3966651558876038,3.9771527647972107,0.5804876089096069,-2.270334899349314e-09,W2201,refer,2
79.1217,W2126,2,4,0.40290382504463196,0.11266002058982849,0.6931476294994354,3.597096174955368,3.3068523705005646,3.8873399794101715,0.5804876089096069,-0.00455851641084537,W2192,refer,2
79.12740000000001,W2197,4,2,-0.006446893326938152,-0.2966906977817416,0.2837969111278653,2.006446893326938,1.7162030888721347,2.2966906977817416,0.5804876089096069,1.4761652920138153e-07,W2181,automate,1
79.1529,W2194,3,4,-0.006446893326938152,-0.2966906977817416,0.2837969111278653,4.0,3.7162030888721347,4.0,0.2837969111278653,-3.5275266218539547e-28,W2181,refer,2
79.21809999999999,W2201,119,4,0.32427525520324707,0.034031450748443604,0.6145190596580505,3.675724744796753,3.3854809403419495,3.9659685492515564,0.5804876089096069,-2.833345317811285e-09,W2221,refer,2
79.36030000000001,W1160,93,4,-0.3005838096141815,-0.590827614068985,-0.010340005159378052,4.0,4.0,4.0,0.0,-1.8457110769545263e-10,W1769,refer,4
79.3641,W2019,100,4,-0.006446893326938152,-0.2966906977817416,0.2837969111278653,4.0,3.7162030888721347,4.0,0.2837969111278653,-3.967116332294303e-05,W2078,refer,3
79.4188,W1769,92,4,0.2579265236854553,-0.032317280769348145,0.5481703281402588,3.7420734763145447,3.451829671859741,4.0,0.5481703281402588,-4.612036316733798e-11,W2044,refer,2
79.45689999999999,W2078,99,4,0.017867878079414368,-0.2723759263753891,0.30811168253421783,3.9821321219205856,3.691888317465782,4.0,0.30811168253421783,-4.403651497764344e-05,W2055,refer,2
79.5226,W2237,122,2,0.32111814618110657,0.0308743417263031,0.61136195063591,1.6788818538188934,1.38863804936409,1.969125658273697,0.5804876089096069,0.043551149815731424,W2221,automate,1
79.60119999999999,W2055,99,4,0.019459441304206848,-0.2707843631505966,0.3097032457590103,3.980540558695793,3.6902967542409897,4.0,0.3097032457590103,-4.379331140263402e-05,W2155,refer,2
79.60549999999999,W1122,93,4,-0.3977486789226532,-0.6879924833774567,-0.10750487446784973,4.0,4.0,4.0,0.0,-2.656378278998552e-11,W2044,refer,4
79.6387,W1906,98,4,-0.006446893326938152,-0.2966906977817416,0.2837969111278653,4.0,3.7162030888721347,4.0,0.2837969111278653,-4.706278635034168e-05,W2155,refer,3
79.64320000000001,W2221,121,4,0.3189229369163513,0.02867913246154785,0.6091667413711548,3.6810770630836487,3.390833258628845,3.971320867538452,0.5804876089096069,-2.4987189566194553e-09,W2220,refer,2
79.6592,W2181,4,4,-0.006446893326938152,-0.2966906977817416,0.2837969111278653,4.0,3.7162030888721347,4.0,0.2837969111278653,-3.6396504225179935e-14,W2228,refer,2
79.7744,W2220,120,4,0.32063180208206177,0.0303879976272583,0.6108756065368652,3.6793681979179382,3.3891243934631348,3.9696120023727417,0.5804876089096069,-2.6160277886476478e-09,W2072,refer,2
79.77449999999999,W1908,98,4,-0.006446893326938152,-0.2966906977817416,0.2837969111278653,4.0,3.7162030888721347,4.0,0.2837969111278653,-4.871314320578259e-05,W2155,refer,3
79.7795,W2155,97,4,0.0151932118460536,-0.27505059260874987,0.30543701630085707,3.9848067881539464,3.694562983699143,4.0,0.30543701630085707,-5.1136223194333566e-05,W2049,refer,2
79.9296,W1231,92,4,-0.28232014179229736,-0.5725639462471008,0.007923662662506104,4.0,3.992076337337494,4.0,0.007923662662506104,-2.964310744297343e-11,W2044,refer,4
80.018,W1966,97,4,-0.006446893326938152,-0.2966906977817416,0.2837969111278653,4.0,3.7162030888721347,4.0,0.2837969111278653,-5.325219486202339e-05,W2049,refer,3
80.08160000000001,W2249,121,1,0.3185514807701111,0.028307676315307617,0.6087952852249146,1.0,1.0,1.0,0.0,1.3746527526863463,W2208,automate,1
80.15940000000002,W2049,96,4,0.021678127348423004,-0.26856567710638046,0.31192193180322647,3.978321872651577,3.6880780681967735,4.0,0.31192193180322647,-5.491534604881887e-05,W1960,refer,2
80.19719999999998,W2208,120,4,0.32976242899894714,0.03951862454414368,0.6200062334537506,3.670237571001053,3.3799937665462494,3.9604813754558563,0.5804876089096069,-2.6776039085940636e-09,W2072,refer,2
80.21060000000001,W2072,119,4,0.22722752392292023,-0.06301628053188324,0.5174713283777237,3.7727724760770798,3.4825286716222763,4.0,0.5174713283777237,-2.3520538925207292e-09,W2231,refer,2
80.2274,W1121,91,4,-0.5643067955970764,-0.8545506000518799,-0.27406299114227295,4.0,4.0,4.0,0.0,-3.7523380936417654e-11,W2044,refer,4
80.26790000000001,W2228,3,4,-0.006446893326938152,-0.2966906977817416,0.2837969111278653,4.0,3.7162030888721347,4.0,0.2837969111278653,-6.091611442487272e-12,W2246,refer,2
80.3221,W1960,95,4,-0.006446893326938152,-0.2966906977817416,0.2837969111278653,4.0,3.7162030888721347,4.0,0.2837969111278653,-5.8678562814230804e-05,W1875,refer,3
80.43069999999999,W1875,94,4,-0.006446893326938152,-0.2966906977817416,0.2837969111278653,4.0,3.7162030888721347,4.0,0.2837969111278653,-6.309125762248004e-05,W1931,refer,3
80.46409999999999,W1137,90,4,-0.4315313398838043,-0.7217751443386078,-0.14128753542900085,4.0,4.0,4.0,0.0,-3.5536073432723817e-11,W2044,refer,4
80.51830000000001,W1931,93,4,-0.006446893326938152,-0.2966906977817416,0.2837969111278653,4.0,3.7162030888721347,4.0,0.2837969111278653,-6.47764464799145e-05,W1647,refer,3
80.5298,W2246,2,4,-0.006446893326938152,-0.2966906977817416,0.2837969111278653,4.0,3.7162030888721347,4.0,0.2837969111278653,-1.2968979602551305e-10,W2245,refer,2
80.5577,W1647,92,4,-0.006446893326938152,-0.2966906977817416,0.2837969111278653,4.0,3.7162030888721347,4.0,0.2837969111278653,-6.855219556654537e-05,W2185,refer,4
80.60640000000002,W1220,89,4,-0.3378625214099884,-0.6281063258647919,-0.047618716955184937,4.0,4.0,4.0,0.0,-3.6101065547535376e-11,W2044,refer,4
80.6417,W1256,88,4,-0.3201647102832794,-0.6104085147380829,-0.029920905828475952,4.0,4.0,4.0,0.0,-4.1031102409769535e-11,W2044,refer,4
80.6561,W2231,118,4,0.3177019953727722,0.02745819091796875,0.6079457998275757,3.682298004627228,3.3920542001724243,3.9725418090820312,0.5804876089096069,-2.8436346534979353e-09,W2178,refer,2
80.7053,W2185,91,4,0.018201611936092377,-0.2720421925187111,0.30844541639089584,3.9817983880639076,3.691554583609104,4.0,0.30844541639089584,-7.10792436156669e-05,W1444,refer,2
80.7113,W1444,90,4,-0.006446893326938152,-0.2966906977817416,0.2837969111278653,4.0,3.7162030888721347,4.0,0.2837969111278653,-7.386296646268105e-05,W2051,refer,4
80.7247,W1950,89,4,-0.006446893326938152,-0.2966906977817416,0.2837969111278653,4.0,3.7162030888721347,4.0,0.2837969111278653,-7.107614656407409e-05,W2051,refer,3
80.73920000000001,W1174,87,4,-0.48160451650619507,-0.7718483209609985,-0.1913607120513916,4.0,4.0,4.0,0.0,-4.823716588426159e-11,W2044,refer,4
80.7648,W2178,117,4,0.24015375971794128,-0.05009004473686218,0.5303975641727448,3.7598462402820587,3.4696024358272552,4.0,0.5303975641727448,-2.9628166935725557e-09,W2227,refer,2
80.80949999999999,W2051,88,4,0.02745027467608452,-0.26279352977871895,0.317694079130888,3.9725497253239155,3.682305920869112,4.0,0.317694079130888,-7.742272727539986e-05,W2114,refer,2
80.8897,W2227,116,4,0.32216984033584595,0.03192603588104248,0.6124136447906494,3.677830159664154,3.3875863552093506,3.9680739641189575,0.5804876089096069,-3.377400223354631e-09,W2238,refer,2
81.0,W1234,86,4,-0.34331420063972473,-0.6335580050945282,-0.053070396184921265,4.0,4.0,4.0,0.0,-4.8500969490797184e-11,W2044,refer,4
81.13109999999999,W2238,115,4,0.3172449767589569,0.027001172304153442,0.6074887812137604,3.682755023241043,3.3925112187862396,3.9729988276958466,0.5804876089096069,-3.5316669889522237e-09,W2252,refer,2
81.13470000000001,W2252,114,4,0.3140864372253418,0.02384263277053833,0.6043302416801453,3.685913562774658,3.3956697583198547,3.9761573672294617,0.5804876089096069,-3.5937257981628592e-09,W2234,refer,2
81.17509999999999,W2209,4,2,0.2056708186864853,-0.08457298576831818,0.49591462314128876,1.7943291813135147,1.5040853768587112,2.084572985768318,0.5804876089096069,0.04291414583472161,W2203,automate,1
81.2057,W1836,87,4,-0.006446893326938152,-0.2966906977817416,0.2837969111278653,4.0,3.7162030888721347,4.0,0.2837969111278653,-8.36354580883e-05,W2114,refer,3
81.23920000000003,W1275,85,4,-0.32147714495658875,-0.6117209494113922,-0.03123334050178528,4.0,4.0,4.0,0.0,-5.7429914006427547e-11,W2044,refer,4
81.33569999999999,W2114,86,4,0.02393246814608574,-0.2663113363087177,0.3141762726008892,3.9760675318539143,3.685823727399111,4.0,0.3141762726008892,-8.821611751629475e-05,W1980,refer,2
81.3933,W2234,113,4,0.320621132850647,0.030377328395843506,0.6108649373054504,3.679378867149353,3.3891350626945496,3.9696226716041565,0.5804876089096069,-4.041490864542333e-09,W2084,refer,2
81.397,W1980,85,4,-0.006446893326938152,-0.2966906977817416,0.2837969111278653,4.0,3.7162030888721347,4.0,0.2837969111278653,-9.322223590587832e-05,W1991,refer,3
81.4044,W1224,84,4,-0.4091366231441498,-0.6993804275989532,-0.11889281868934631,4.0,4.0,4.0,0.0,-6.869681857696687e-11,W2044,refer,4
81.52680000000002,W1991,84,4,-0.006446893326938152,-0.2966906977817416,0.2837969111278653,4.0,3.7162030888721347,4.0,0.2837969111278653,-0.00010105500201572387,W1866,refer,3
81.5663,W1312,83,4,-0.3097820281982422,-0.6000258326530457,-0.01953822374343872,4.0,4.0,4.0,0.0,-7.303628534013452e-11,W2044,refer,4
81.6231,W2084,112,4,0.2248283326625824,-0.06541547179222107,0.5150721371173859,3.7751716673374176,3.484927862882614,4.0,0.5150721371173859,-4.048509430946028e-09,W2233,refer,2
81.6906,W1265,82,4,-0.3721958100795746,-0.662439614534378,-0.08195200562477112,4.0,4.0,4.0,0.0,-8.786410792791482e-11,W2044,refer,4
81.7115,W1866,83,4,-0.006446893326938152,-0.2966906977817416,0.2837969111278653,4.0,3.7162030888721347,4.0,0.2837969111278653,-0.00010711103230697678,W1887,refer,3
81.80090000000001,W1887,82,4,-0.006446893326938152,-0.2966906977817416,0.2837969111278653,4.0,3.7162030888721347,4.0,0.2837969111278653,-0.00011592804179778364,W2204,refer,3
81.8282,W2204,81,4,0.021351821720600128,-0.26889198273420334,0.3115956261754036,3.9786481782794,3.6884043738245964,4.0,0.3115956261754036,-0.00012606584901034816,W2113,refer,2
81.83439999999997,W2113,80,4,0.026438452303409576,-0.2638053521513939,0.31668225675821304,3.9735615476965904,3.683317743241787,4.0,0.31668225675821304,-0.0001312429831642872,W1678,refer,2
81.83480000000002,W1289,81,4,-0.3451492190361023,-0.6353930234909058,-0.05490541458129883,4.0,4.0,4.0,0.0,-9.864002222506697e-11,W2044,refer,4
81.8973,W2233,111,4,0.32560670375823975,0.03536289930343628,0.6158505082130432,3.6743932962417603,3.384149491786957,3.9646371006965637,0.5804876089096069,-4.666965080252142e-09,W2240,refer,2
81.96,W2203,3,4,0.20634594559669495,-0.08389785885810852,0.4965897500514984,3.793654054403305,3.5034102499485016,4.0,0.4965897500514984,-5.582430526635907e-12,W2214,refer,2
82.03240000000001,W2063,5,4,-0.006446893326938152,-0.2966906977817416,0.2837969111278653,4.0,3.7162030888721347,4.0,0.2837969111278653,-1.409533672819273e-13,W2132,refer,3
82.06129999999999,W1678,79,4,-0.006446893326938152,-0.2966906977817416,0.2837969111278653,4.0,3.7162030888721347,4.0,0.2837969111278653,-0.000138559383136836,W2148,refer,4
82.0971,W2240,110,4,0.32325461506843567,0.0330108106136322,0.6134984195232391,3.6767453849315643,3.386501580476761,3.966989189386368,0.5804876089096069,-4.407179208076565e-09,W2156,refer,2
82.11390000000002,W1518,78,4,-0.006446893326938152,-0.2966906977817416,0.2837969111278653,4.0,3.7162030888721347,4.0,0.2837969111278653,-0.00014591791459169732,W2148,refer,4
82.1584,W1721,77,4,-0.006446893326938152,-0.2966906977817416,0.2837969111278653,4.0,3.7162030888721347,4.0,0.2837969111278653,-0.00014791065588919136,W2148,refer,4
82.19829999999999,W2156,109,4,0.2982251048088074,0.007981300354003906,0.5884689092636108,3.7017748951911926,3.411531090736389,3.992018699645996,0.5804876089096069,-4.403481920667475e-09,W2147,refer,3
82.2753,W2147,108,4,0.22921423614025116,-0.06102956831455231,0.5194580405950546,3.770785763859749,3.4805419594049454,4.0,0.5194580405950546,-3.952839237171331e-09,W2225,refer,2
82.2844,W2225,107,4,0.23915141820907593,-0.05109238624572754,0.5293952226638794,3.760848581790924,3.4706047773361206,4.0,0.5293952226638794,-3.074318834148699e-09,W2175,refer,2
82.2868,W2044,80,4,0.2788804769515991,-0.011363327503204346,0.5691242814064026,3.721119523048401,3.4308757185935974,4.0,0.5691242814064026,-8.63429645200119e-11,W2123,refer,2
82.30090000000003,W1384,79,4,-0.2835712432861328,-0.5738150477409363,0.006672561168670654,4.0,3.9933274388313293,4.0,0.006672561168670654,-5.3658342321495466e-11,W2123,refer,4
82.30949999999999,W2175,106,4,0.22362717986106873,-0.06661662459373474,0.5138709843158722,3.7763728201389313,3.486129015684128,4.0,0.5138709843158722,-3.1023596013832113e-09,W2235,refer,2
82.33489999999999,W2148,76,4,0.02614583820104599,-0.2640979662537575,0.31638964265584946,3.973854161798954,3.6836103573441505,4.0,0.31638964265584946,-0.00015524559261492616,W1889,refer,2
82.33519999999999,W1889,75,4,-0.006446893326938152,-0.2966906977817416,0.2837969111278653,4.0,3.7162030888721347,4.0,0.2837969111278653,-0.0001586234616207299,W1780,refer,3
82.5167,W1315,78,4,-0.4180164039134979,-0.7082602083683014,-0.12777259945869446,4.0,4.0,4.0,0.0,-6.601514277014402e-11,W2123,refer,4
82.5467,W1780,74,4,-0.006446893326938152,-0.2966906977817416,0.2837969111278653,4.0,3.7162030888721347,4.0,0.2837969111278653,-0.00016858202389297177,W2215,refer,4
82.6077,W2235,105,4,0.22959119081497192,-0.06065261363983154,0.5198349952697754,3.770408809185028,3.4801650047302246,4.0,0.5198349952697754,-1.5679199022099808e-09,W1904,refer,2
82.60879999999997,W1415,77,4,-0.19954408705234528,-0.48978789150714874,0.09069971740245819,4.0,3.909300282597542,4.0,0.09069971740245819,-6.825624107359776e-11,W2123,refer,4
82.616,W1381,76,4,-0.3825429677963257,-0.6727867722511292,-0.09229916334152222,4.0,4.0,4.0,0.0,-8.239587047870183e-11,W2123,refer,4
82.64659999999999,W1921,73,4,-0.006446893326938152,-0.2966906977817416,0.2837969111278653,4.0,3.7162030888721347,4.0,0.2837969111278653,-0.00018104085518009163,W2215,refer,3
82.74459999999999,W1904,104,4,-0.006446893326938152,-0.2966906977817416,0.2837969111278653,4.0,3.7162030888721347,4.0,0.2837969111278653,-1.4606576421775898e-09,W1753,refer,4
82.7806,W1753,103,4,-0.006446893326938152,-0.2966906977817416,0.2837969111278653,4.0,3.7162030888721347,4.0,0.2837969111278653,-1.7347593375206302e-09,W1909,refer,4
82.78800000000003,W1959,72,4,-0.006446893326938152,-0.2966906977817416,0.2837969111278653,4.0,3.7162030888721347,4.0,0.2837969111278653,-0.0001978133602925517,W2215,refer,3
82.82390000000001,W2132,4,4,-0.006446893326938152,-0.2966906977817416,0.2837969111278653,4.0,3.7162030888721347,4.0,0.2837969111278653,-8.058913279192912e-12,W2115,refer,4
82.8765,W2215,71,4,0.025261282920837402,-0.26498252153396606,0.31550508737564087,3.9747387170791626,3.684494912624359,4.0,0.31550508737564087,-0.00021152788888366474,W1902,refer,2
82.9341,W1909,102,4,-0.006446893326938152,-0.2966906977817416,0.2837969111278653,4.0,3.7162030888721347,4.0,0.2837969111278653,-1.9004601590398714e-09,W2006,refer,4
82.93969999999999,W1560,75,4,-0.38697105646133423,-0.6772148609161377,-0.09672725200653076,4.0,4.0,4.0,0.0,-1.0143101686650008e-10,W2123,refer,4
83.02459999999999,W2006,101,4,-0.006446893326938152,-0.2966906977817416,0.2837969111278653,4.0,3.7162030888721347,4.0,0.2837969111278653,-2.241334990348006e-09,W1821,refer,4
83.14160000000001,W1326,74,4,-0.4426746964454651,-0.7329185009002686,-0.15243089199066162,4.0,4.0,4.0,0.0,-1.3644661526885714e-10,W2123,refer,4
83.1507,W1821,100,4,-0.006446893326938152,-0.2966906977817416,0.2837969111278653,4.0,3.7162030888721347,4.0,0.2837969111278653,-2.721210620635499e-09,W1712,refer,4
83.15979999999999,W1712,99,4,-0.006446893326938152,-0.2966906977817416,0.2837969111278653,4.0,3.7162030888721347,4.0,0.2837969111278653,-3.0503096066988306e-09,W1670,refer,4
83.1715,W1902,70,4,-0.006446893326938152,-0.2966906977817416,0.2837969111278653,4.0,3.7162030888721347,4.0,0.2837969111278653,-0.00022330560503115287,W1805,refer,3
83.17639999999999,W2123,73,4,0.2788804769515991,-0.011363327503204346,0.5691242814064026,3.721119523048401,3.4308757185935974,4.0,0.5691242814064026,-1.1093547575494577e-10,W2116,refer,2
83.2124,W1805,69,4,-0.006446893326938152,-0.2966906977817416,0.2837969111278653,4.0,3.7162030888721347,4.0,0.2837969111278653,-0.00023408010808103984,W1526,refer,3
83.25869999999999,W1670,98,4,-0.006446893326938152,-0.2966906977817416,0.2837969111278653,4.0,3.7162030888721347,4.0,0.2837969111278653,-3.3660689686572446e-09,W1657,refer,4
83.2823,W1852,97,4,-0.006446893326938152,-0.2966906977817416,0.2837969111278653,4.0,3.7162030888721347,4.0,0.2837969111278653,-3.6158005234190767e-09,W1657,refer,4
83.28610000000003,W1377,72,4,-0.46223294734954834,-0.7524767518043518,-0.17198914289474487,4.0,4.0,4.0,0.0,-4.592519698496377e-11,W2116,refer,4
83.31140000000002,W1526,68,4,-0.006446893326938152,-0.2966906977817416,0.2837969111278653,4.0,3.7162030888721347,4.0,0.2837969111278653,-0.0002488107216945113,W1869,refer,4
83.3133,W2116,71,4,0.2788804769515991,-0.011363327503204346,0.5691242814064026,3.721119523048401,3.4308757185935974,4.0,0.5691242814064026,-4.516759996716235e-11,W2124,refer,4
83.32509999999999,W1657,96,4,-0.006446893326938152,-0.2966906977817416,0.2837969111278653,4.0,3.7162030888721347,4.0,0.2837969111278653,-4.174089150284907e-09,W1846,refer,4
83.41009999999997,W2124,70,4,0.2788804769515991,-0.011363327503204346,0.5691242814064026,3.721119523048401,3.4308757185935974,4.0,0.5691242814064026,-3.350936361287791e-11,W2143,refer,2
83.47399999999999,W1846,95,4,-0.006446893326938152,-0.2966906977817416,0.2837969111278653,4.0,3.7162030888721347,4.0,0.2837969111278653,-4.476607599334872e-09,W1944,refer,4
83.5296,W2143,69,4,0.2788804769515991,-0.011363327503204346,0.5691242814064026,3.721119523048401,3.4308757185935974,4.0,0.5691242814064026,-1.99076875240396e-11,W2162,refer,2
83.53930000000001,W1406,68,4,-0.474408894777298,-0.7646526992321014,-0.1841650903224945,4.0,4.0,4.0,0.0,-1.3690344426364101e-11,W2162,refer,4
83.54,W2162,67,4,0.2788804769515991,-0.011363327503204346,0.5691242814064026,3.721119523048401,3.4308757185935974,4.0,0.5691242814064026,-8.917565860380379e-12,W2223,refer,2
83.58289999999997,W1869,67,4,-0.006446893326938152,-0.2966906977817416,0.2837969111278653,4.0,3.7162030888721347,4.0,0.2837969111278653,-0.0002524590482792537,W1752,refer,3
83.62870000000001,W1944,94,4,-0.006446893326938152,-0.2966906977817416,0.2837969111278653,4.0,3.7162030888721347,4.0,0.2837969111278653,-5.327999799550352e-09,W1857,refer,4
83.7385,W1857,93,4,-0.006446893326938152,-0.2966906977817416,0.2837969111278653,4.0,3.7162030888721347,4.0,0.2837969111278653,-6.386586347952558e-09,W1826,refer,4
83.8238,W1455,66,4,-0.4504101276397705,-0.740653932094574,-0.16016632318496704,4.0,4.0,4.0,0.0,-6.370099794908314e-12,W2223,refer,4
83.84,W1752,66,4,-0.006446893326938152,-0.2966906977817416,0.2837969111278653,4.0,3.7162030888721347,4.0,0.2837969111278653,-0.0002621210583996542,W1760,refer,4
83.8504,W1760,65,4,-0.006446893326938152,-0.2966906977817416,0.2837969111278653,4.0,3.7162030888721347,4.0,0.2837969111278653,-0.00025781070643060664,W1881,refer,4
83.86240000000001,W1881,64,4,-0.006446893326938152,-0.2966906977817416,0.2837969111278653,4.0,3.7162030888721347,4.0,0.2837969111278653,-0.00026723285814945466,W1571,refer,3
83.8662,W1826,92,4,-0.006446893326938152,-0.2966906977817416,0.2837969111278653,4.0,3.7162030888721347,4.0,0.2837969111278653,-7.555524579883201e-09,W1894,refer,4
83.8926,W1894,91,4,-0.006446893326938152,-0.2966906977817416,0.2837969111278653,4.0,3.7162030888721347,4.0,0.2837969111278653,-8.824932728496436e-09,W1770,refer,4
83.9418,W2214,2,4,-0.12683889269828796,-0.41708269715309143,0.1634049117565155,4.0,3.8365950882434845,4.0,0.1634049117565155,-6.51086235369209e-20,W2212,refer,2
83.94260000000001,W1770,90,4,-0.006446893326938152,-0.2966906977817416,0.2837969111278653,4.0,3.7162030888721347,4.0,0.2837969111278653,-1.0531796458519591e-08,W2025,refer,4
84.0002,W2025,89,4,-0.006446893326938152,-0.2966906977817416,0.2837969111278653,4.0,3.7162030888721347,4.0,0.2837969111278653,-1.2066727889605335e-08,W1784,refer,4
84.05829999999999,W1589,63,4,-0.006446893326938152,-0.2966906977817416,0.2837969111278653,4.0,3.7162030888721347,4.0,0.2837969111278653,-0.00028718278900529337,W1571,refer,4
84.14390000000002,W1571,62,4,-0.006446893326938152,-0.2966906977817416,0.2837969111278653,4.0,3.7162030888721347,4.0,0.2837969111278653,-0.0002833217856055352,W1767,refer,4
84.1508,W1767,61,4,-0.006446893326938152,-0.2966906977817416,0.2837969111278653,4.0,3.7162030888721347,4.0,0.2837969111278653,-0.0002797666397887802,W1587,refer,4
84.1895,W1784,88,4,-0.006446893326938152,-0.2966906977817416,0.2837969111278653,4.0,3.7162030888721347,4.0,0.2837969111278653,-1.4911315108307295e-08,W1838,refer,4
84.28920000000001,W1838,87,4,-0.006446893326938152,-0.2966906977817416,0.2837969111278653,4.0,3.7162030888721347,4.0,0.2837969111278653,-1.6626006627302666e-08,W1865,refer,4
84.35430000000001,W2115,3,4,-0.006446893326938152,-0.2966906977817416,0.2837969111278653,4.0,3.7162030888721347,4.0,0.2837969111278653,-2.3737468988414703e-10,W2109,refer,4
84.37109999999998,W1865,86,4,-0.006446893326938152,-0.2966906977817416,0.2837969111278653,4.0,3.7162030888721347,4.0,0.2837969111278653,-1.9489004203906064e-08,W1884,refer,4
84.3892,W1884,85,4,-0.006446893326938152,-0.2966906977817416,0.2837969111278653,4.0,3.7162030888721347,4.0,0.2837969111278653,-2.1402320854408594e-08,W1798,refer,4
84.432,W1628,84,4,-0.04342417046427727,-0.33366797491908073,0.2468196339905262,4.0,3.753180366009474,4.0,0.2468196339905262,-2.552449662575582e-08,W1798,refer,4
84.482,W1587,60,4,-0.006446893326938152,-0.2966906977817416,0.2837969111278653,4.0,3.7162030888721347,4.0,0.2837969111278653,-0.0002847534564752215,W1516,refer,4
84.52539999999999,W1516,59,4,-0.006446893326938152,-0.2966906977817416,0.2837969111278653,4.0,3.7162030888721347,4.0,0.2837969111278653,-0.00028735937287094305,W2040,refer,4
84.59209999999999,W1798,83,4,-0.006446893326938152,-0.2966906977817416,0.2837969111278653,4.0,3.7162030888721347,4.0,0.2837969111278653,-2.529314606716357e-08,W1732,refer,4
84.7029,W1638,82,4,-0.044474080204963684,-0.33471788465976715,0.24576972424983978,4.0,3.75423027575016,4.0,0.24576972424983978,-2.9478962028025806e-08,W1732,refer,4
84.7764,W1485,65,4,-0.326565146446228,-0.6168089509010315,-0.03632134199142456,4.0,4.0,4.0,0.0,-8.960299146694826e-12,W2223,refer,4
84.94279999999999,W2040,58,4,-0.006446893326938152,-0.2966906977817416,0.2837969111278653,4.0,3.7162030888721347,4.0,0.2837969111278653,-0.0002775676084448062,W1832,refer,3
85.0137,W1634,81,4,-0.05516828969120979,-0.34541209414601326,0.23507551476359367,4.0,3.7649244852364063,4.0,0.23507551476359367,-3.1068157382017455e-08,W1732,refer,4
85.04950000000001,W1732,80,4,-0.006446893326938152,-0.2966906977817416,0.2837969111278653,4.0,3.7162030888721347,4.0,0.2837969111278653,-3.0921633569775144e-08,W1837,refer,4
85.08959999999999,W1837,79,4,-0.006446893326938152,-0.2966906977817416,0.2837969111278653,4.0,3.7162030888721347,4.0,0.2837969111278653,-3.389559417995634e-08,W1971,refer,4
85.10150000000002,W1971,78,4,-0.006446893326938152,-0.2966906977817416,0.2837969111278653,4.0,3.7162030888721347,4.0,0.2837969111278653,-3.9300055966807054e-08,W1755,refer,4
85.11590000000001,W1974,77,4,-0.006446893326938152,-0.2966906977817416,0.2837969111278653,4.0,3.7162030888721347,4.0,0.2837969111278653,-4.734963641851372e-08,W1755,refer,4
85.18090000000002,W1832,57,4,-0.006446893326938152,-0.2966906977817416,0.2837969111278653,4.0,3.7162030888721347,4.0,0.2837969111278653,-0.000296664345314795,W1882,refer,3
85.1926,W1882,56,4,-0.006446893326938152,-0.2966906977817416,0.2837969111278653,4.0,3.7162030888721347,4.0,0.2837969111278653,-0.00030776581553201875,W1666,refer,3
85.22210000000004,W1514,64,4,-0.22994212806224823,-0.5201859325170517,0.06030167639255524,4.0,3.9396983236074448,4.0,0.06030167639255524,-1.2030121069464277e-11,W2223,refer,4
85.2285,W1928,76,4,-0.006446893326938152,-0.2966906977817416,0.2837969111278653,4.0,3.7162030888721347,4.0,0.2837969111278653,-5.784128965887834e-08,W1755,refer,4
85.2782,W1755,75,4,-0.006446893326938152,-0.2966906977817416,0.2837969111278653,4.0,3.7162030888721347,4.0,0.2837969111278653,-6.916693790629653e-08,W1765,refer,4
85.2955,W1506,63,4,-0.2731459438800812,-0.5633897483348846,0.01709786057472229,4.0,3.9829021394252777,4.0,0.01709786057472229,-1.5425332748215194e-11,W2223,refer,4
85.31549999999999,W1765,74,4,-0.006446893326938152,-0.2966906977817416,0.2837969111278653,4.0,3.7162030888721347,4.0,0.2837969111278653,-7.386443659996193e-08,W1814,refer,4
85.50959999999999,W2020,55,4,-0.006446893326938152,-0.2966906977817416,0.2837969111278653,4.0,3.7162030888721347,4.0,0.2837969111278653,-0.00033150785839006734,W1666,refer,3
85.61020000000002,W1614,73,4,-0.09734053909778595,-0.3875843435525894,0.19290326535701752,4.0,3.8070967346429825,4.0,0.19290326535701752,-8.740353528848737e-08,W1814,refer,4
85.62540000000001,W1814,72,4,-0.006446893326938152,-0.2966906977817416,0.2837969111278653,4.0,3.7162030888721347,4.0,0.2837969111278653,-8.45201576683818e-08,W2013,refer,4
85.72200000000001,W2223,62,4,0.2788804769515991,-0.011363327503204346,0.5691242814064026,3.721119523048401,3.4308757185935974,4.0,0.5691242814064026,-1.0719020539147239e-13,W1862,refer,2
85.7238,W2013,71,4,-0.006446893326938152,-0.2966906977817416,0.2837969111278653,4.0,3.7162030888721347,4.0,0.2837969111278653,-9.929581827052687e-08,W1926,refer,4
85.77669999999999,W1926,70,4,-0.006446893326938152,-0.2966906977817416,0.2837969111278653,4.0,3.7162030888721347,4.0,0.2837969111278653,-1.1896332158502402e-07,W1912,refer,4
85.8489,W1912,69,4,-0.006446893326938152,-0.2966906977817416,0.2837969111278653,4.0,3.7162030888721347,4.0,0.2837969111278653,-1.37511685373301e-07,W1715,refer,4
85.85539999999999,W1475,61,4,-0.4562942683696747,-0.7465380728244781,-0.16605046391487122,4.0,4.0,4.0,0.0,-4.0619156002978236e-14,W1862,refer,4
85.9088,W1895,54,4,-0.006446893326938152,-0.2966906977817416,0.2837969111278653,4.0,3.7162030888721347,4.0,0.2837969111278653,-0.00036193968252429574,W1666,refer,3
86.04480000000001,W1593,60,4,-0.38717010617256165,-0.6774139106273651,-0.09692630171775818,4.0,4.0,4.0,0.0,-5.652761701216778e-14,W1862,refer,4
86.09100000000004,W1641,59,4,-0.38137954473495483,-0.6716233491897583,-0.09113574028015137,4.0,4.0,4.0,0.0,-7.830509229080846e-14,W1862,refer,4
86.1244,W2008,68,4,-0.006446893326938152,-0.2966906977817416,0.2837969111278653,4.0,3.7162030888721347,4.0,0.2837969111278653,-1.6973518146049828e-07,W1715,refer,4
86.165,W1632,58,4,-0.3826051950454712,-0.6728489995002747,-0.09236139059066772,4.0,4.0,4.0,0.0,-1.150371237488568e-13,W1862,refer,4
86.1791,W1992,53,4,-0.006446893326938152,-0.2966906977817416,0.2837969111278653,4.0,3.7162030888721347,4.0,0.2837969111278653,-0.00038956391561748645,W1863,refer,3
86.2256,W1715,67,4,-0.006446893326938152,-0.2966906977817416,0.2837969111278653,4.0,3.7162030888721347,4.0,0.2837969111278653,-2.0562045935674869e-07,W1933,refer,4
86.2355,W1968,52,4,-0.006446893326938152,-0.2966906977817416,0.2837969111278653,4.0,3.7162030888721347,4.0,0.2837969111278653,-0.00041932302878468274,W1863,refer,3
86.2586,W1673,57,4,-0.3995073735713959,-0.6897511780261993,-0.10926356911659241,4.0,4.0,4.0,0.0,-1.6709401301576255e-13,W1862,refer,4
86.49199999999999,W1933,66,4,-0.006446893326938152,-0.2966906977817416,0.2837969111278653,4.0,3.7162030888721347,4.0,0.2837969111278653,-2.2802559992188438e-07,W2021,refer,4
86.54969999999999,W1863,51,4,-0.006446893326938152,-0.2966906977817416,0.2837969111278653,4.0,3.7162030888721347,4.0,0.2837969111278653,-0.00044966672757057723,W1666,refer,3
86.60170000000004,W1563,56,4,-0.3967961072921753,-0.6870399117469788,-0.10655230283737183,4.0,4.0,4.0,0.0,-2.7272786300930997e-13,W1862,refer,4
86.6396,W2021,65,4,-0.006446893326938152,-0.2966906977817416,0.2837969111278653,4.0,3.7162030888721347,4.0,0.2837969111278653,-2.641742255094897e-07,W1892,refer,4
86.6842,W1622,55,4,-0.38683462142944336,-0.6770784258842468,-0.09659081697463989,4.0,4.0,4.0,0.0,-3.7106120556185977e-13,W1862,refer,4
86.696,W2018,64,4,-0.006446893326938152,-0.2966906977817416,0.2837969111278653,4.0,3.7162030888721347,4.0,0.2837969111278653,-3.257821047427576e-07,W1892,refer,4
86.72380000000001,W1565,54,4,-0.40097305178642273,-0.6912168562412262,-0.11072924733161926,4.0,4.0,4.0,0.0,-5.385994855557163e-13,W1862,refer,4
86.7536,W1754,53,4,-0.3940540552139282,-0.6842978596687317,-0.10381025075912476,4.0,4.0,4.0,0.0,-7.297101973661217e-13,W1862,refer,4
86.77099999999997,W1666,50,4,-0.006446893326938152,-0.2966906977817416,0.2837969111278653,4.0,3.7162030888721347,4.0,0.2837969111278653,-0.00046999298722759115,W1740,refer,4
86.7796,W1740,49,4,-0.006446893326938152,-0.2966906977817416,0.2837969111278653,4.0,3.7162030888721347,4.0,0.2837969111278653,-0.00048093522563851985,W1867,refer,4
86.8116,W1867,48,4,-0.006446893326938152,-0.2966906977817416,0.2837969111278653,4.0,3.7162030888721347,4.0,0.2837969111278653,-0.0004839527431876369,W1728,refer,3
86.81280000000001,W1892,63,4,-0.006446893326938152,-0.2966906977817416,0.2837969111278653,4.0,3.7162030888721347,4.0,0.2837969111278653,-3.9049073852030733e-07,W1963,refer,4
86.89269999999999,W1963,62,4,-0.006446893326938152,-0.2966906977817416,0.2837969111278653,4.0,3.7162030888721347,4.0,0.2837969111278653,-4.577109009816833e-07,W1934,refer,4
86.93299999999999,W1934,61,4,-0.006446893326938152,-0.2966906977817416,0.2837969111278653,4.0,3.7162030888721347,4.0,0.2837969111278653,-5.55095230100696e-07,W1876,refer,4
86.9372,W1876,60,4,-0.006446893326938152,-0.2966906977817416,0.2837969111278653,4.0,3.7162030888721347,4.0,0.2837969111278653,-6.395829188235648e-07,W1847,refer,4
86.95370000000001,W1847,59,4,-0.006446893326938152,-0.2966906977817416,0.2837969111278653,4.0,3.7162030888721347,4.0,0.2837969111278653,-7.412197151262058e-07,W1750,refer,4
87.1143,W1619,52,4,-0.3936897814273834,-0.6839335858821869,-0.10344597697257996,4.0,4.0,4.0,0.0,-1.185128790511235e-12,W1862,refer,4
87.20210000000002,W2109,2,4,-0.006446893326938152,-0.2966906977817416,0.2837969111278653,4.0,3.7162030888721347,4.0,0.2837969111278653,-7.623084278425523e-10,W2136,refer,4
87.2242,W1750,58,4,-0.006446893326938152,-0.2966906977817416,0.2837969111278653,4.0,3.7162030888721347,4.0,0.2837969111278653,-8.644528460375324e-07,W1880,refer,4
87.26709999999999,W1880,57,4,-0.006446893326938152,-0.2966906977817416,0.2837969111278653,4.0,3.7162030888721347,4.0,0.2837969111278653,-9.535104931628114e-07,W1748,refer,4
87.3003,W1553,51,4,-0.4209611713886261,-0.7112049758434296,-0.13071736693382263,4.0,4.0,4.0,0.0,-1.667192759966735e-12,W1862,refer,4
87.3287,W1748,56,4,-0.006446893326938152,-0.2966906977817416,0.2837969111278653,4.0,3.7162030888721347,4.0,0.2837969111278653,-1.1196400278949001e-06,W1809,refer,4
87.3815,W1727,50,4,-0.3911265730857849,-0.6813703775405884,-0.10088276863098145,4.0,4.0,4.0,0.0,-1.9767729390168105e-12,W1862,refer,4
87.38870000000001,W1728,47,4,-0.006446893326938152,-0.2966906977817416,0.2837969111278653,4.0,3.7162030888721347,4.0,0.2837969111278653,-0.0005298856099010573,W1729,refer,4
87.5482,W1608,49,4,-0.401605486869812,-0.6918492913246155,-0.11136168241500854,4.0,4.0,4.0,0.0,-3.1603753956801257e-12,W1862,refer,4
87.67580000000004,W1607,48,4,-0.40254461765289307,-0.6927884221076965,-0.1123008131980896,4.0,4.0,4.0,0.0,-4.176971613935456e-12,W1862,refer,4
87.698,W1809,55,4,-0.006446893326938152,-0.2966906977817416,0.2837969111278653,4.0,3.7162030888721347,4.0,0.2837969111278653,-1.2817252078845466e-06,W2003,refer,4
87.83500000000001,W2003,54,4,-0.006446893326938152,-0.2966906977817416,0.2837969111278653,4.0,3.7162030888721347,4.0,0.2837969111278653,-1.4363828279837339e-06,W1924,refer,4
87.8463,W1924,53,4,-0.006446893326938152,-0.2966906977817416,0.2837969111278653,4.0,3.7162030888721347,4.0,0.2837969111278653,-1.7324077406029935e-06,W1824,refer,4
87.8681,W1705,47,4,-0.3935135304927826,-0.6837573349475861,-0.10326972603797913,4.0,4.0,4.0,0.0,-6.056222011677258e-12,W1862,refer,4
87.8697,W2224,46,4,-0.006446893326938152,-0.2966906977817416,0.2837969111278653,4.0,3.7162030888721347,4.0,0.2837969111278653,-0.0005604999127585256,W1729,refer,3
87.87780000000001,W1824,52,4,-0.006446893326938152,-0.2966906977817416,0.2837969111278653,4.0,3.7162030888721347,4.0,0.2837969111278653,-2.059803386614331e-06,W1970,refer,4
87.97980000000001,W1627,46,4,-0.4178926348686218,-0.7081364393234253,-0.12764883041381836,4.0,4.0,4.0,0.0,-8.607277443421155e-12,W1862,refer,4
88.0627,W1599,45,4,-0.6110332012176514,-0.9012770056724548,-0.3207893967628479,4.0,4.0,4.0,0.0,-1.0863957497484142e-11,W1862,refer,4
88.1196,W1970,51,4,-0.006446893326938152,-0.2966906977817416,0.2837969111278653,4.0,3.7162030888721347,4.0,0.2837969111278653,-2.356585054936231e-06,W2232,refer,4
88.148,W2210,45,4,-0.006446893326938152,-0.2966906977817416,0.2837969111278653,4.0,3.7162030888721347,4.0,0.2837969111278653,-0.0006161061227986486,W1729,refer,3
88.16680000000001,W1652,44,4,-0.42804408073425293,-0.7182878851890564,-0.13780027627944946,4.0,4.0,4.0,0.0,-1.0220231884575908e-11,W1862,refer,4
88.1996,W2232,50,4,0.19583936035633087,-0.0944044440984726,0.48608316481113434,3.804160639643669,3.5139168351888657,4.0,0.48608316481113434,-2.886409820796731e-06,W1860,refer,3
88.2431,W2206,44,4,-0.006446893326938152,-0.2966906977817416,0.2837969111278653,4.0,3.7162030888721347,4.0,0.2837969111278653,-0.0006737916411761063,W1729,refer,3
88.2526,W1801,43,4,-0.4313594400882721,-0.7216032445430756,-0.14111563563346863,4.0,4.0,4.0,0.0,-1.2062659982227229e-11,W1862,refer,4
88.38849999999996,W1776,42,4,-0.3926747441291809,-0.6829185485839844,-0.10243093967437744,4.0,4.0,4.0,0.0,-1.9207141406214526e-11,W1862,refer,4
88.51440000000001,W1860,49,4,-0.006446893326938152,-0.2966906977817416,0.2837969111278653,4.0,3.7162030888721347,4.0,0.2837969111278653,-2.6706890700603994e-06,W1788,refer,4
88.56119999999999,W1729,43,4,-0.006446893326938152,-0.2966906977817416,0.2837969111278653,4.0,3.7162030888721347,4.0,0.2837969111278653,-0.000717713453329327,W1877,refer,4
88.5724,W1629,48,4,-0.0879635214805603,-0.37820732593536377,0.20228028297424316,4.0,3.797719717025757,4.0,0.20228028297424316,-3.135696946832783e-06,W1788,refer,4
88.64199999999998,W1788,47,4,-0.006446893326938152,-0.2966906977817416,0.2837969111278653,4.0,3.7162030888721347,4.0,0.2837969111278653,-2.869298680479674e-06,W1823,refer,4
88.6466,W1823,46,4,-0.006446893326938152,-0.2966906977817416,0.2837969111278653,4.0,3.7162030888721347,4.0,0.2837969111278653,-3.1274116126309588e-06,W1841,refer,4
88.70920000000001,W1841,45,4,-0.006446893326938152,-0.2966906977817416,0.2837969111278653,4.0,3.7162030888721347,4.0,0.2837969111278653,-3.606957628217124e-06,W1932,refer,4
88.75330000000001,W1877,42,4,-0.006446893326938152,-0.2966906977817416,0.2837969111278653,4.0,3.7162030888721347,4.0,0.2837969111278653,-0.0007405110600971916,W2060,refer,3
88.8089,W2060,41,4,-0.006446893326938152,-0.2966906977817416,0.2837969111278653,4.0,3.7162030888721347,4.0,0.2837969111278653,-0.000776224175588816,W1984,refer,3
88.8096,W1631,41,4,-0.6038891673088074,-0.8941329717636108,-0.3136453628540039,4.0,4.0,4.0,0.0,-2.984052441801554e-11,W1862,refer,4
88.83309999999999,W1927,40,4,-0.4016096591949463,-0.6918534636497498,-0.11136585474014282,4.0,4.0,4.0,0.0,-2.8853119554512725e-11,W1862,refer,4
88.8335,W1694,39,4,-0.4236510694026947,-0.7138948738574982,-0.13340726494789124,4.0,4.0,4.0,0.0,-4.7375562881125577e-11,W1862,refer,4
88.8839,W1842,38,4,-0.435386061668396,-0.7256298661231995,-0.14514225721359253,4.0,4.0,4.0,0.0,-5.811257374375474e-11,W1862,refer,4
89.00430000000004,W1796,37,4,-0.4532316029071808,-0.7434754073619843,-0.16298779845237732,4.0,4.0,4.0,0.0,-9.19642360232349e-11,W1862,refer,4
89.05,W1932,44,4,-0.006446893326938152,-0.2966906977817416,0.2837969111278653,4.0,3.7162030888721347,4.0,0.2837969111278653,-4.116393233753001e-06,W2059,refer,4
89.12629999999999,W1672,36,4,-0.6407232880592346,-0.9309670925140381,-0.35047948360443115,4.0,4.0,4.0,0.0,-1.4247195529539726e-10,W1862,refer,4
89.16179999999999,W1685,35,4,-0.634762704372406,-0.9250065088272095,-0.34451889991760254,4.0,4.0,4.0,0.0,-1.3473636040435906e-10,W1862,refer,4
89.18730000000001,W1747,43,4,-0.07779692858457565,-0.3680407330393791,0.2124468758702278,4.0,3.787553124129772,4.0,0.2124468758702278,-5.00191037096095e-06,W2059,refer,4
89.1979,W1984,40,4,-0.006446893326938152,-0.2966906977817416,0.2837969111278653,4.0,3.7162030888721347,4.0,0.2837969111278653,-0.0008368952889195517,W1996,refer,3
89.29749999999997,W1717,34,4,-0.47196000814437866,-0.7622038125991821,-0.1817162036895752,4.0,4.0,4.0,0.0,-1.2886136372807179e-10,W1862,refer,4
89.532,W1996,39,4,-0.006446893326938152,-0.2966906977817416,0.2837969111278653,4.0,3.7162030888721347,4.0,0.2837969111278653,-0.0009021626088897188,W1888,refer,3
89.5723,W1901,33,4,-0.43517792224884033,-0.7254217267036438,-0.14493411779403687,4.0,4.0,4.0,0.0,-1.5848943941945412e-10,W1862,refer,4
89.59180000000002,W1888,38,4,-0.006446893326938152,-0.2966906977817416,0.2837969111278653,4.0,3.7162030888721347,4.0,0.2837969111278653,-0.0009458842743960908,W1785,refer,3
89.7015,W2009,42,4,-0.006446893326938152,-0.2966906977817416,0.2837969111278653,4.0,3.7162030888721347,4.0,0.2837969111278653,-5.598242402677833e-06,W2059,refer,4
89.7452,W2059,41,4,0.12242039293050766,-0.1678234115242958,0.4126641973853111,3.8775796070694923,3.587335802614689,4.0,0.4126641973853111,-6.738937060113188e-06,W1972,refer,3
89.75070000000001,W1741,32,4,-0.5343902111053467,-0.8246340155601501,-0.2441464066505432,4.0,4.0,4.0,0.0,-2.687405381387957e-10,W1862,refer,4
89.76830000000001,W2244,37,4,-0.006446893326938152,-0.2966906977817416,0.2837969111278653,4.0,3.7162030888721347,4.0,0.2837969111278653,-0.0010251054617020105,W2247,refer,3
89.77480000000003,W1972,40,4,-0.006446893326938152,-0.2966906977817416,0.2837969111278653,4.0,3.7162030888721347,4.0,0.2837969111278653,-6.345068719793975e-06,W1839,refer,4
89.86120000000001,W1839,39,4,-0.006446893326938152,-0.2966906977817416,0.2837969111278653,4.0,3.7162030888721347,4.0,0.2837969111278653,-7.649657172842336e-06,W1825,refer,4
89.9444,W1726,31,4,-0.6111370921134949,-0.9013808965682983,-0.3208932876586914,4.0,4.0,4.0,0.0,-3.0761437757103454e-10,W1862,refer,4
89.96430000000001,W2247,36,4,-0.006446893326938152,-0.2966906977817416,0.2837969111278653,4.0,3.7162030888721347,4.0,0.2837969111278653,-0.0011408735218850171,W2152,refer,3
89.9693,W1825,38,4,-0.006446893326938152,-0.2966906977817416,0.2837969111278653,4.0,3.7162030888721347,4.0,0.2837969111278653,-8.74740805381183e-06,W1979,refer,4
89.97080000000004,W1834,30,4,-0.49209678173065186,-0.7823405861854553,-0.2018529772758484,4.0,4.0,4.0,0.0,-3.148343285922217e-10,W1862,refer,4
90.04950000000002,W2152,35,4,-0.006446893326938152,-0.2966906977817416,0.2837969111278653,4.0,3.7162030888721347,4.0,0.2837969111278653,-0.0012583278662008468,W2103,refer,3
90.12420000000002,W1787,29,4,-0.6374356746673584,-0.9276794791221619,-0.34719187021255493,4.0,4.0,4.0,0.0,-4.4156617784822385e-10,W1862,refer,4
90.1838,W2103,34,4,-0.006446893326938152,-0.2966906977817416,0.2837969111278653,4.0,3.7162030888721347,4.0,0.2837969111278653,-0.001330782374403218,W1785,refer,3
90.2577,W1878,28,4,-0.552415668964386,-0.8426594734191895,-0.2621718645095825,4.0,4.0,4.0,0.0,-4.3041544407225974e-10,W1862,refer,3
90.3503,W1979,37,4,-0.006446893326938152,-0.2966906977817416,0.2837969111278653,4.0,3.7162030888721347,4.0,0.2837969111278653,-1.0286348338224372e-05,W2026,refer,4
90.40589999999999,W1785,33,4,-0.006446893326938152,-0.2966906977817416,0.2837969111278653,4.0,3.7162030888721347,4.0,0.2837969111278653,-0.0014491128092759245,W1922,refer,4
90.52199999999999,W2026,36,4,-0.006446893326938152,-0.2966906977817416,0.2837969111278653,4.0,3.7162030888721347,4.0,0.2837969111278653,-1.2843491153801458e-05,W1977,refer,4
90.70870000000001,W1794,27,4,-0.6195696592330933,-0.9098134636878967,-0.3293258547782898,4.0,4.0,4.0,0.0,-1.1694533938207877e-11,W1862,refer,4
90.7736,W1922,32,4,-0.006446893326938152,-0.2966906977817416,0.2837969111278653,4.0,3.7162030888721347,4.0,0.2837969111278653,-0.0015347960362246935,W2251,refer,3
90.8352,W2251,31,4,-0.006446893326938152,-0.2966906977817416,0.2837969111278653,4.0,3.7162030888721347,4.0,0.2837969111278653,-0.0016480634458722588,W2090,refer,3
90.93809999999999,W2090,30,4,-0.006446893326938152,-0.2966906977817416,0.2837969111278653,4.0,3.7162030888721347,4.0,0.2837969111278653,-0.001799323000529967,W2170,refer,3
91.0104,W1977,35,4,-0.006446893326938152,-0.2966906977817416,0.2837969111278653,4.0,3.7162030888721347,4.0,0.2837969111278653,-1.6301795913251367e-05,W1993,refer,4
91.0115,W1993,34,4,-0.006446893326938152,-0.2966906977817416,0.2837969111278653,4.0,3.7162030888721347,4.0,0.2837969111278653,-1.9607038596966176e-05,W1982,refer,4
91.019,W1982,33,4,-0.006446893326938152,-0.2966906977817416,0.2837969111278653,4.0,3.7162030888721347,4.0,0.2837969111278653,-2.4206781611216235e-05,W2023,refer,4
91.1777,W1813,26,4,-0.5647850632667542,-0.8550288677215576,-0.2745412588119507,4.0,4.0,4.0,0.0,-9.081792473880741e-12,W1862,refer,4
91.24800000000002,W2170,29,4,-0.006446893326938152,-0.2966906977817416,0.2837969111278653,4.0,3.7162030888721347,4.0,0.2837969111278653,-0.0019038062845589134,W1782,refer,3
91.2507,W1782,28,4,-0.006446893326938152,-0.2966906977817416,0.2837969111278653,4.0,3.7162030888721347,4.0,0.2837969111278653,-0.0019264983571945613,W1756,refer,4
91.2849,W2165,27,4,-0.006446893326938152,-0.2966906977817416,0.2837969111278653,4.0,3.7162030888721347,4.0,0.2837969111278653,-0.0020920606312791632,W2180,refer,3
91.29589999999999,W2180,26,4,-0.006446893326938152,-0.2966906977817416,0.2837969111278653,4.0,3.7162030888721347,4.0,0.2837969111278653,-0.0022981728409741456,W2153,refer,3
91.34860000000003,W2023,32,4,-0.006446893326938152,-0.2966906977817416,0.2837969111278653,4.0,3.7162030888721347,4.0,0.2837969111278653,-2.8665198360824122e-05,W1812,refer,4
91.37739999999998,W1706,31,4,-0.08912613242864609,-0.37936993688344955,0.20111767202615738,4.0,3.7988823279738426,4.0,0.20111767202615738,-3.5793305212423275e-05,W1812,refer,4
91.58559999999997,W1879,25,4,-0.5233210325241089,-0.8135648369789124,-0.23307722806930542,4.0,4.0,4.0,0.0,-8.810936753073958e-12,W1862,refer,4
91.71180000000004,W1856,24,4,-0.11324755847454071,-0.4034913629293442,0.17699624598026276,4.0,3.8230037540197372,4.0,0.17699624598026276,-9.78489647228224e-12,W1862,refer,3
91.7847,W2153,25,4,-0.006446893326938152,-0.2966906977817416,0.2837969111278653,4.0,3.7162030888721347,4.0,0.2837969111278653,-0.0025200840564948085,W2188,refer,3
91.8632,W1862,23,4,-0.1018340140581131,-0.39207781851291656,0.18840979039669037,4.0,3.8115902096033096,4.0,0.18840979039669037,-1.5422193907622282e-12,W1929,refer,3
91.87939999999999,W2188,24,4,-0.006446893326938152,-0.2966906977817416,0.2837969111278653,4.0,3.7162030888721347,4.0,0.2837969111278653,-0.002731116107009696,W2079,refer,3
91.9391,W1812,30,4,-0.006446893326938152,-0.2966906977817416,0.2837969111278653,4.0,3.7162030888721347,4.0,0.2837969111278653,-3.67125420150045e-05,W1994,refer,4
91.99770000000001,W1994,29,4,-0.006446893326938152,-0.2966906977817416,0.2837969111278653,4.0,3.7162030888721347,4.0,0.2837969111278653,-4.050777921293052e-05,W1903,refer,4
92.34540000000001,W1915,22,4,-0.49037620425224304,-0.7806200087070465,-0.20013239979743958,4.0,4.0,4.0,0.0,-5.176042283274438e-13,W1929,refer,4
92.48749999999998,W1910,21,4,-0.5060550570487976,-0.7962988615036011,-0.21581125259399414,4.0,4.0,4.0,0.0,-7.50442561981004e-13,W1929,refer,4
92.50659999999999,W1900,20,4,-0.6004724502563477,-0.8907162547111511,-0.3102286458015442,4.0,4.0,4.0,0.0,-9.015009040375808e-13,W1929,refer,4
92.53400000000002,W2079,23,4,-0.006446893326938152,-0.2966906977817416,0.2837969111278653,4.0,3.7162030888721347,4.0,0.2837969111278653,-0.003049483064564817,W1756,refer,3
92.54489999999998,W1989,19,4,-0.4753170311450958,-0.7655608355998993,-0.18507322669029236,4.0,4.0,4.0,0.0,-5.042158429090257e-13,W1929,refer,4
92.63250000000001,W1677,28,4,-0.08135456591844559,-0.37159837037324905,0.20888923853635788,4.0,3.791110761463642,4.0,0.20888923853635788,-5.2730048508608024e-05,W1903,refer,4
92.6712,W1903,27,4,-0.006446893326938152,-0.2966906977817416,0.2837969111278653,4.0,3.7162030888721347,4.0,0.2837969111278653,-5.190788037516579e-05,W1988,refer,4
92.67739999999999,W1756,22,4,-0.006446893326938152,-0.2966906977817416,0.2837969111278653,4.0,3.7162030888721347,4.0,0.2837969111278653,-0.0031728854778162786,W1990,refer,4
92.6868,W1988,26,4,-0.006446893326938152,-0.2966906977817416,0.2837969111278653,4.0,3.7162030888721347,4.0,0.2837969111278653,-5.839094424431775e-05,W1952,refer,4
92.789,W1952,25,4,-0.006446893326938152,-0.2966906977817416,0.2837969111278653,4.0,3.7162030888721347,4.0,0.2837969111278653,-6.661841298537609e-05,W1995,refer,4
92.891,W1990,21,4,-0.006446893326938152,-0.2966906977817416,0.2837969111278653,4.0,3.7162030888721347,4.0,0.2837969111278653,-0.003369380267995866,W2196,refer,3
92.92160000000003,W1995,24,4,-0.006446893326938152,-0.2966906977817416,0.2837969111278653,4.0,3.7162030888721347,4.0,0.2837969111278653,-7.87904530395685e-05,W1964,refer,4
92.9543,W1700,23,4,-0.07069838792085648,-0.36094219237565994,0.219545416533947,4.0,3.780454583466053,4.0,0.219545416533947,-9.807956181066818e-05,W1964,refer,4
93.0603,W1929,18,4,-0.09280712902545929,-0.38305093348026276,0.19743667542934418,4.0,3.802563324570656,4.0,0.19743667542934418,-7.253407210401689e-13,W1956,refer,3
93.0617,W1964,22,4,-0.006446893326938152,-0.2966906977817416,0.2837969111278653,4.0,3.7162030888721347,4.0,0.2837969111278653,-9.44427578985884e-05,W1911,refer,4
93.0854,W2196,20,4,-0.006446893326938152,-0.2966906977817416,0.2837969111278653,4.0,3.7162030888721347,4.0,0.2837969111278653,-0.003491557287342279,W1586,refer,3
93.2498,W1586,19,4,-0.006446893326938152,-0.2966906977817416,0.2837969111278653,4.0,3.7162030888721347,4.0,0.2837969111278653,-0.0038473659090362895,W1905,refer,4
93.4368,W1905,18,4,-0.006446893326938152,-0.2966906977817416,0.2837969111278653,4.0,3.7162030888721347,4.0,0.2837969111278653,-0.003981631863714214,W1914,refer,3
93.4384,W1911,21,4,-0.006446893326938152,-0.2966906977817416,0.2837969111278653,4.0,3.7162030888721347,4.0,0.2837969111278653,-0.00011752416202360433,W1886,refer,4
93.47430000000001,W1956,17,4,-0.1023966446518898,-0.39264044910669327,0.18784715980291367,4.0,3.8121528401970863,4.0,0.18784715980291367,-4.44256502344535e-14,W1962,refer,3
93.76070000000003,W2202,17,4,-0.006446893326938152,-0.2966906977817416,0.2837969111278653,4.0,3.7162030888721347,4.0,0.2837969111278653,-0.004353892759501408,W1914,refer,3
93.8219,W1914,16,4,-0.006446893326938152,-0.2966906977817416,0.2837969111278653,4.0,3.7162030888721347,4.0,0.2837969111278653,-0.004611324249812332,W2028,refer,3
93.91979999999998,W1962,16,4,-0.14515846967697144,-0.4354022741317749,0.14508533477783203,4.0,3.854914665222168,4.0,0.14508533477783203,6.658831835879088e-18,W1998,automate,3
93.96809999999996,W1998,15,4,-0.5122120380401611,-0.8024558424949646,-0.22196823358535767,4.0,4.0,4.0,0.0,4.882837607249112e-19,W2024,automate,4
94.0464,W2024,14,4,-0.5304495096206665,-0.82069331407547,-0.24020570516586304,4.0,4.0,4.0,0.0,3.298003411833842e-20,W2022,automate,4
94.0707,W1886,20,4,-0.006446893326938152,-0.2966906977817416,0.2837969111278653,4.0,3.7162030888721347,4.0,0.2837969111278653,-0.00013312320836441076,W1940,refer,4
94.1163,W2022,13,4,-0.6374762058258057,-0.9277200102806091,-0.3472324013710022,4.0,4.0,4.0,0.0,6.1518642651267904e-21,W2031,automate,4
94.17880000000001,W2028,15,4,-0.006446893326938152,-0.2966906977817416,0.2837969111278653,4.0,3.7162030888721347,4.0,0.2837969111278653,-0.004709838083870923,W2027,refer,3
94.20089999999999,W2027,14,4,-0.006446893326938152,-0.2966906977817416,0.2837969111278653,4.0,3.7162030888721347,4.0,0.2837969111278653,-0.004830177820929493,W1827,refer,3
94.2472,W1827,13,4,-0.006446893326938152,-0.2966906977817416,0.2837969111278653,4.0,3.7162030888721347,4.0,0.2837969111278653,-0.004757533141606999,W1800,refer,4
94.3143,W2043,12,4,-0.006446893326938152,-0.2966906977817416,0.2837969111278653,4.0,3.7162030888721347,4.0,0.2837969111278653,-0.0054337343532072785,W1800,refer,3
94.3366,W2031,12,4,-0.5220756530761719,-0.8123194575309753,-0.2318318486213684,4.0,4.0,4.0,0.0,5.68374290684583e-22,W2122,automate,4
94.53129999999999,W2122,11,4,-0.40800389647483826,-0.6982477009296417,-0.11776009202003479,4.0,4.0,4.0,0.0,1.6038851289023578e-23,W2071,automate,4
94.58100000000002,W1800,11,4,-0.006446893326938152,-0.2966906977817416,0.2837969111278653,4.0,3.7162030888721347,4.0,0.2837969111278653,-0.004728407011186741,W2058,refer,4
94.67949999999998,W2058,10,4,0.1437722146511078,-0.14647158980369568,0.43401601910591125,3.856227785348892,3.5659839808940887,4.0,0.43401601910591125,-0.007012243257496463,W2211,refer,3
94.9499,W1725,19,4,-0.0758531242609024,-0.36609692871570587,0.21439068019390106,4.0,3.785609319806099,4.0,0.21439068019390106,-0.00016931822447171355,W1954,refer,4
95.1101,W1954,18,4,-0.006446893326938152,-0.2966906977817416,0.2837969111278653,4.0,3.7162030888721347,4.0,0.2837969111278653,-0.0001664114167831729,W1940,refer,4
95.19429999999998,W2138,10,4,-0.40558433532714844,-0.6958281397819519,-0.11534053087234497,4.0,4.0,4.0,0.0,1.3930437790914025e-22,W2100,automate,4
95.20570000000001,W1940,17,4,-0.006446893326938152,-0.2966906977817416,0.2837969111278653,4.0,3.7162030888721347,4.0,0.2837969111278653,-0.00019542941254479607,W1891,refer,4
95.37270000000002,W2211,9,4,-0.006446893326938152,-0.2966906977817416,0.2837969111278653,4.0,3.7162030888721347,4.0,0.2837969111278653,-0.005394913573236583,W2128,refer,3
95.37850000000002,W2128,8,4,-0.004800679162144661,-0.2950444836169481,0.2854431252926588,4.0,3.714556874707341,4.0,0.2854431252926588,-0.005614641408550022,W2213,refer,3
95.4383,W1891,16,4,-0.006446893326938152,-0.2966906977817416,0.2837969111278653,4.0,3.7162030888721347,4.0,0.2837969111278653,-0.00022364296208685864,W2017,refer,4
95.4759,W2017,15,4,-0.006446893326938152,-0.2966906977817416,0.2837969111278653,4.0,3.7162030888721347,4.0,0.2837969111278653,-0.00026003348069553086,W2007,refer,4
95.5151,W2007,14,4,-0.006446893326938152,-0.2966906977817416,0.2837969111278653,4.0,3.7162030888721347,4.0,0.2837969111278653,-0.0003228715591217252,W1981,refer,4
95.5166,W2213,7,4,-0.0016620061360299587,-0.2919058105908334,0.2885817983187735,4.0,3.7114182016812265,4.0,0.2885817983187735,-0.004924595424673852,W2010,refer,3
95.63760000000002,W1981,13,4,-0.006446893326938152,-0.2966906977817416,0.2837969111278653,4.0,3.7162030888721347,4.0,0.2837969111278653,-0.0003872432988920786,W1898,refer,4
95.75129999999999,W2010,6,4,-0.006446893326938152,-0.2966906977817416,0.2837969111278653,4.0,3.7162030888721347,4.0,0.2837969111278653,-0.0053637917355547834,W2014,refer,4
95.83399999999999,W2100,9,4,-0.45266222953796387,-0.7429060339927673,-0.1624184250831604,4.0,4.0,4.0,0.0,1.979608114811586e-21,W2071,automate,4
95.88149999999999,W2071,8,4,-0.5034346580505371,-0.7936784625053406,-0.21319085359573364,4.0,4.0,4.0,0.0,1.0106104515925621e-19,W2137,automate,4
96.06799999999998,W2014,5,4,-0.006446893326938152,-0.2966906977817416,0.2837969111278653,4.0,3.7162030888721347,4.0,0.2837969111278653,-0.0037258876197327198,W2104,refer,4
96.12859999999996,W2137,7,4,-0.46787208318710327,-0.7581158876419067,-0.1776282787322998,4.0,4.0,4.0,0.0,1.9374963784645318e-20,W2131,automate,4
96.13119999999999,W1771,4,4,-0.2270505726337433,-0.5172943770885468,0.06319323182106018,4.0,3.93680676817894,4.0,0.06319323182106018,-0.005611743399587397,W2104,refer,4
96.1939,W1898,12,4,-0.006446893326938152,-0.2966906977817416,0.2837969111278653,4.0,3.7162030888721347,4.0,0.2837969111278653,-0.0004971732589680453,W1885,refer,4
96.54689999999998,W1885,11,4,-0.006446893326938152,-0.2966906977817416,0.2837969111278653,4.0,3.7162030888721347,4.0,0.2837969111278653,-0.0005982363177204678,W1941,refer,4
96.57950000000001,W2131,6,4,-0.511437177658081,-0.8016809821128845,-0.2211933732032776,4.0,4.0,4.0,0.0,2.2829558222038317e-20,W2171,automate,4
96.6456,W2171,5,4,-0.4523823857307434,-0.7426261901855469,-0.16213858127593994,4.0,4.0,4.0,0.0,3.884931704975163e-20,W2218,automate,4
96.6703,W2104,3,4,0.03810327127575874,-0.2521405331790447,0.3283470757305622,3.9618967287242413,3.671652924269438,4.0,0.3283470757305622,-0.003613369825009328,W2110,refer,3
96.7009,W2242,4,4,-0.44321995973587036,-0.7334637641906738,-0.1529761552810669,4.0,4.0,4.0,0.0,1.0358975900167558e-20,W2218,automate,4
96.7706,W2110,2,4,-0.03425770625472069,-0.32450151070952415,0.2559860982000828,4.0,3.744013901799917,4.0,0.2559860982000828,-0.003726995288046925,W2236,refer,3
96.999,W2218,3,4,-0.4955796003341675,-0.785823404788971,-0.205335795879364,4.0,4.0,4.0,0.0,1.662096510081133e-17,W2216,automate,4
97.2068,W1978,10,4,-0.006446893326938152,-0.2966906977817416,0.2837969111278653,4.0,3.7162030888721347,4.0,0.2837969111278653,-0.0007339194544391466,W1941,refer,4
97.50449999999996,W2216,2,4,-0.5108239054679871,-0.8010677099227905,-0.2205801010131836,4.0,4.0,4.0,0.0,8.761136221724256e-16,W2239,automate,4
98.2647,W1941,9,4,-0.006446893326938152,-0.2966906977817416,0.2837969111278653,4.0,3.7162030888721347,4.0,0.2837969111278653,-0.0009804499288962867,W2012,refer,4
98.9149,W2012,8,4,-0.006446893326938152,-0.2966906977817416,0.2837969111278653,4.0,3.7162030888721347,4.0,0.2837969111278653,-4.534487751778506e-05,W1893,refer,4
99.1242,W2133,7,4,-0.613403856754303,-0.9036476612091064,-0.3231600522994995,4.0,4.0,4.0,0.0,-0.00023507551256969161,W1893,refer,3
99.449,W2053,6,4,-0.7960638403892517,-1.0863076448440552,-0.5058200359344482,4.0,4.0,4.0,0.0,-0.0003069214671681006,W1893,refer,3
99.5019,W2087,5,4,-0.929852306842804,-1.2200961112976074,-0.6396085023880005,4.0,4.0,4.0,0.0,-0.0005042573051483464,W1893,refer,3
99.7951,W2052,4,4,-0.9441890120506287,-1.2344328165054321,-0.6539452075958252,4.0,4.0,4.0,0.0,-0.0006038223389876213,W1893,refer,3
100.3186,W1893,3,4,-0.16795215010643005,-0.4581959545612335,0.12229165434837341,4.0,3.8777083456516266,4.0,0.12229165434837341,9.473719259364384e-05,W2207,automate,4
100.36230000000002,W2207,2,4,-0.9397627711296082,-1.2300065755844116,-0.6495189666748047,4.0,4.0,4.0,0.0,0.00040250407086918686,W2187,automate,3
