cell,tag,arm,policy,split_fit,alpha,band_mode,campus,u,beta,rho,eps,seed,inst_id,rule,rule_sup,m0_alone,m0_sup,oracle,rule_sup_revfrac,rule_sup_orr,m0_sup_revfrac,m0_sup_orr
c9_storm2_u100_b0.20_r0.25_eps0.00,A,stability,stability,1,0.1,global,9,100,0.2,0.25,0.0,301,c09_storm2_w80_u100_0020,1473.651200,1293.675600,1331.697600,1278.104400,1177.979600,0.247460,0.084541,0.248062,0.050481
c9_storm2_u100_b0.20_r0.25_eps0.00,A,stability,stability,1,0.1,global,9,100,0.2,0.25,0.0,301,c09_storm2_w80_u100_0021,1519.953200,1424.252000,1486.274800,1453.879600,1348.460800,0.250169,0.070081,0.242751,0.025000
c9_storm2_u100_b0.20_r0.25_eps0.00,A,stability,stability,1,0.1,global,9,100,0.2,0.25,0.0,301,c09_storm2_w80_u100_0022,936.385600,897.884000,919.544400,876.917600,873.416000,0.240964,0.025000,0.248016,0.016000
c9_storm2_u100_b0.20_r0.25_eps0.00,A,stability,stability,1,0.1,global,9,100,0.2,0.25,0.0,301,c09_storm2_w80_u100_0023,4099.384400,2996.902000,3796.668400,2789.253200,2308.195200,0.250294,0.122353,0.247513,0.120567
c9_storm2_u100_b0.20_r0.25_eps0.00,A,stability,stability,1,0.1,global,9,100,0.2,0.25,0.0,301,c09_storm2_w80_u100_0024,1943.420000,1305.984000,1834.832800,1346.593600,1285.333600,0.250158,0.073232,0.241292,0.044619
c9_storm2_u100_b0.20_r0.25_eps0.00,A,stability,stability,1,0.1,global,9,100,0.2,0.25,0.0,301,c09_storm2_w80_u100_0025,3707.412000,3088.642000,3368.303600,2590.143200,1896.992800,0.243669,0.080831,0.235791,0.052506
c9_storm2_u100_b0.20_r0.25_eps0.00,A,stability,stability,1,0.1,global,9,100,0.2,0.25,0.0,301,c09_storm2_w80_u100_0026,3150.937600,2380.612000,2939.158400,2789.612400,1851.407200,0.250147,0.077647,0.250147,0.035377
c9_storm2_u100_b0.20_r0.25_eps0.00,A,stability,stability,1,0.1,global,9,100,0.2,0.25,0.0,301,c09_storm2_w80_u100_0027,1808.482000,1455.190800,1581.956800,1416.051600,1322.403200,0.250000,0.075949,0.248258,0.035714
c9_storm2_u100_b0.20_r0.25_eps0.00,A,stability,stability,1,0.1,global,9,100,0.2,0.25,0.0,301,c09_storm2_w80_u100_0028,1488.968400,1420.974400,1450.867600,1299.694000,1174.773600,0.250158,0.050633,0.250000,0.025381
c9_storm2_u100_b0.20_r0.25_eps0.00,A,stability,stability,1,0.1,global,9,100,0.2,0.25,0.0,301,c09_storm2_w80_u100_0029,2294.863600,1568.089200,1965.966400,1235.599200,1059.860800,0.250139,0.062084,0.243483,0.056948
c9_storm2_u100_b0.20_r0.25_eps0.00,A,stability,stability,1,0.1,global,9,100,0.2,0.25,0.0,302,c09_storm2_w80_u100_0020,1473.651200,1373.229600,1438.440800,1317.812000,1177.979600,0.250448,0.069212,0.247767,0.055288
c9_storm2_u100_b0.20_r0.25_eps0.00,A,stability,stability,1,0.1,global,9,100,0.2,0.25,0.0,302,c09_storm2_w80_u100_0021,1519.953200,1430.172400,1516.465200,1442.282000,1348.460800,0.250169,0.070081,0.249663,0.024324
c9_storm2_u100_b0.20_r0.25_eps0.00,A,stability,stability,1,0.1,global,9,100,0.2,0.25,0.0,302,c09_storm2_w80_u100_0022,936.385600,914.501600,921.178000,889.944800,873.416000,0.243641,0.024725,0.246032,0.029570
c9_storm2_u100_b0.20_r0.25_eps0.00,A,stability,stability,1,0.1,global,9,100,0.2,0.25,0.0,302,c09_storm2_w80_u100_0023,4099.384400,3138.447600,3469.346800,2866.627200,2308.195200,0.250294,0.117647,0.244600,0.088305
c9_storm2_u100_b0.20_r0.25_eps0.00,A,stability,stability,1,0.1,global,9,100,0.2,0.25,0.0,302,c09_storm2_w80_u100_0024,1943.420000,1302.274800,1786.092000,1365.542800,1285.333600,0.250158,0.068182,0.233438,0.054054
c9_storm2_u100_b0.20_r0.25_eps0.00,A,stability,stability,1,0.1,global,9,100,0.2,0.25,0.0,302,c09_storm2_w80_u100_0025,3707.412000,3088.422800,3339.629200,2608.666800,1896.992800,0.244795,0.087356,0.241282,0.069930
c9_storm2_u100_b0.20_r0.25_eps0.00,A,stability,stability,1,0.1,global,9,100,0.2,0.25,0.0,302,c09_storm2_w80_u100_0026,3150.937600,2363.479600,2914.312400,2149.560400,1851.407200,0.250147,0.072941,0.249558,0.052009
c9_storm2_u100_b0.20_r0.25_eps0.00,A,stability,stability,1,0.1,global,9,100,0.2,0.25,0.0,302,c09_storm2_w80_u100_0027,1808.482000,1469.575200,1623.751600,1415.533600,1322.403200,0.250158,0.053165,0.231353,0.043716
c9_storm2_u100_b0.20_r0.25_eps0.00,A,stability,stability,1,0.1,global,9,100,0.2,0.25,0.0,302,c09_storm2_w80_u100_0028,1488.968400,1429.062400,1410.827200,1331.232000,1174.773600,0.250000,0.045570,0.250158,0.025316
c9_storm2_u100_b0.20_r0.25_eps0.00,A,stability,stability,1,0.1,global,9,100,0.2,0.25,0.0,302,c09_storm2_w80_u100_0029,2294.863600,1545.375600,2057.401600,1431.827600,1059.860800,0.250139,0.057650,0.240997,0.066667
c9_storm2_u100_b0.20_r0.25_eps0.00,A,stability,stability,1,0.1,global,9,100,0.2,0.25,0.0,303,c09_storm2_w80_u100_0020,1473.651200,1305.044000,1455.614800,1214.231200,1177.979600,0.250448,0.097852,0.249552,0.052632
c9_storm2_u100_b0.20_r0.25_eps0.00,A,stability,stability,1,0.1,global,9,100,0.2,0.25,0.0,303,c09_storm2_w80_u100_0021,1519.953200,1428.235600,1504.715600,1490.221200,1348.460800,0.250169,0.072776,0.250000,0.024259
c9_storm2_u100_b0.20_r0.25_eps0.00,A,stability,stability,1,0.1,global,9,100,0.2,0.25,0.0,303,c09_storm2_w80_u100_0022,936.385600,897.884000,921.286400,917.158000,873.416000,0.241633,0.024931,0.247361,0.016000
c9_storm2_u100_b0.20_r0.25_eps0.00,A,stability,stability,1,0.1,global,9,100,0.2,0.25,0.0,303,c09_storm2_w80_u100_0023,4099.384400,3086.792000,3167.057600,2636.028400,2308.195200,0.250147,0.105882,0.244587,0.069378
c9_storm2_u100_b0.20_r0.25_eps0.00,A,stability,stability,1,0.1,global,9,100,0.2,0.25,0.0,303,c09_storm2_w80_u100_0024,1943.420000,1285.437600,1794.770800,1415.813200,1285.333600,0.250158,0.073232,0.239899,0.044737
c9_storm2_u100_b0.20_r0.25_eps0.00,A,stability,stability,1,0.1,global,9,100,0.2,0.25,0.0,303,c09_storm2_w80_u100_0025,3707.412000,3138.310000,3372.256800,2178.078400,1896.992800,0.243106,0.076389,0.241031,0.060465
c9_storm2_u100_b0.20_r0.25_eps0.00,A,stability,stability,1,0.1,global,9,100,0.2,0.25,0.0,303,c09_storm2_w80_u100_0026,3150.937600,2382.559200,2562.582800,2173.548800,1851.407200,0.250147,0.080000,0.250000,0.051765
c9_storm2_u100_b0.20_r0.25_eps0.00,A,stability,stability,1,0.1,global,9,100,0.2,0.25,0.0,303,c09_storm2_w80_u100_0027,1808.482000,1452.584000,1606.835200,1555.948400,1322.403200,0.250158,0.063291,0.237224,0.018617
c9_storm2_u100_b0.20_r0.25_eps0.00,A,stability,stability,1,0.1,global,9,100,0.2,0.25,0.0,303,c09_storm2_w80_u100_0028,1488.968400,1448.066800,1322.822800,1266.687200,1174.773600,0.250158,0.050633,0.250474,0.012626
c9_storm2_u100_b0.20_r0.25_eps0.00,A,stability,stability,1,0.1,global,9,100,0.2,0.25,0.0,303,c09_storm2_w80_u100_0029,2294.863600,1211.713600,1770.715600,1290.910400,1059.860800,0.250139,0.066519,0.242123,0.057078
c9_storm2_u100_b0.20_r0.25_eps0.00,A,stability,stability,1,0.1,global,9,100,0.2,0.25,0.0,304,c09_storm2_w80_u100_0020,1473.651200,1422.421200,1412.990800,1265.013600,1177.979600,0.250448,0.073986,0.249852,0.052257
c9_storm2_u100_b0.20_r0.25_eps0.00,A,stability,stability,1,0.1,global,9,100,0.2,0.25,0.0,304,c09_storm2_w80_u100_0021,1519.953200,1429.084800,1510.915200,1475.392400,1348.460800,0.250169,0.075472,0.248151,0.021680
c9_storm2_u100_b0.20_r0.25_eps0.00,A,stability,stability,1,0.1,global,9,100,0.2,0.25,0.0,304,c09_storm2_w80_u100_0022,936.385600,914.501600,928.192400,897.210400,873.416000,0.241633,0.019391,0.247694,0.018617
c9_storm2_u100_b0.20_r0.25_eps0.00,A,stability,stability,1,0.1,global,9,100,0.2,0.25,0.0,304,c09_storm2_w80_u100_0023,4099.384400,3088.536000,3112.944800,2735.220000,2308.195200,0.249706,0.120283,0.245470,0.097619
c9_storm2_u100_b0.20_r0.25_eps0.00,A,stability,stability,1,0.1,global,9,100,0.2,0.25,0.0,304,c09_storm2_w80_u100_0024,1943.420000,1308.082800,1733.918000,1311.668000,1285.333600,0.250158,0.063131,0.246358,0.046272
c9_storm2_u100_b0.20_r0.25_eps0.00,A,stability,stability,1,0.1,global,9,100,0.2,0.25,0.0,304,c09_storm2_w80_u100_0025,3707.412000,3134.430400,3323.580400,2758.913600,1896.992800,0.243669,0.076212,0.237829,0.047059
c9_storm2_u100_b0.20_r0.25_eps0.00,A,stability,stability,1,0.1,global,9,100,0.2,0.25,0.0,304,c09_storm2_w80_u100_0026,3150.937600,2379.743600,3150.868000,2385.162800,1851.407200,0.250147,0.084706,0.250000,0.056604
c9_storm2_u100_b0.20_r0.25_eps0.00,A,stability,stability,1,0.1,global,9,100,0.2,0.25,0.0,304,c09_storm2_w80_u100_0027,1808.482000,1475.096400,1486.768800,1403.752400,1322.403200,0.250158,0.065823,0.239748,0.031579
c9_storm2_u100_b0.20_r0.25_eps0.00,A,stability,stability,1,0.1,global,9,100,0.2,0.25,0.0,304,c09_storm2_w80_u100_0028,1488.968400,1430.067200,1481.488800,1381.574000,1174.773600,0.250000,0.045570,0.250314,0.025126
c9_storm2_u100_b0.20_r0.25_eps0.00,A,stability,stability,1,0.1,global,9,100,0.2,0.25,0.0,304,c09_storm2_w80_u100_0029,2294.863600,1248.440000,2024.676800,1317.254800,1059.860800,0.250139,0.068736,0.240443,0.055300
c9_storm2_u100_b0.20_r0.25_eps0.00,A,stability,stability,1,0.1,global,9,100,0.2,0.25,0.0,305,c09_storm2_w80_u100_0020,1473.651200,1303.112000,1366.762400,1289.072000,1177.979600,0.247460,0.086957,0.246273,0.048426
c9_storm2_u100_b0.20_r0.25_eps0.00,A,stability,stability,1,0.1,global,9,100,0.2,0.25,0.0,305,c09_storm2_w80_u100_0021,1519.953200,1430.172400,1511.531600,1448.045600,1348.460800,0.250169,0.070081,0.250337,0.029650
c9_storm2_u100_b0.20_r0.25_eps0.00,A,stability,stability,1,0.1,global,9,100,0.2,0.25,0.0,305,c09_storm2_w80_u100_0022,936.385600,897.884000,919.465600,885.971200,873.416000,0.242972,0.027548,0.243207,0.027248
c9_storm2_u100_b0.20_r0.25_eps0.00,A,stability,stability,1,0.1,global,9,100,0.2,0.25,0.0,305,c09_storm2_w80_u100_0023,4099.384400,3127.943600,3411.670000,2597.524800,2308.195200,0.250147,0.110588,0.244874,0.110048
c9_storm2_u100_b0.20_r0.25_eps0.00,A,stability,stability,1,0.1,global,9,100,0.2,0.25,0.0,305,c09_storm2_w80_u100_0024,1943.420000,1339.647200,1739.838400,1334.938800,1285.333600,0.250158,0.063131,0.241619,0.052356
c9_storm2_u100_b0.20_r0.25_eps0.00,A,stability,stability,1,0.1,global,9,100,0.2,0.25,0.0,305,c09_storm2_w80_u100_0025,3707.412000,3074.056400,3228.522000,2509.169200,1896.992800,0.241981,0.079070,0.245653,0.057078
c9_storm2_u100_b0.20_r0.25_eps0.00,A,stability,stability,1,0.1,global,9,100,0.2,0.25,0.0,305,c09_storm2_w80_u100_0026,3150.937600,2388.758400,2514.316400,2154.688800,1851.407200,0.250147,0.077647,0.250294,0.047059
c9_storm2_u100_b0.20_r0.25_eps0.00,A,stability,stability,1,0.1,global,9,100,0.2,0.25,0.0,305,c09_storm2_w80_u100_0027,1808.482000,1472.288000,1540.838800,1350.985600,1322.403200,0.250000,0.063291,0.249054,0.027848
c9_storm2_u100_b0.20_r0.25_eps0.00,A,stability,stability,1,0.1,global,9,100,0.2,0.25,0.0,305,c09_storm2_w80_u100_0028,1488.968400,1436.464000,1378.743600,1299.723600,1174.773600,0.250158,0.050633,0.249842,0.025316
c9_storm2_u100_b0.20_r0.25_eps0.00,A,stability,stability,1,0.1,global,9,100,0.2,0.25,0.0,305,c09_storm2_w80_u100_0029,2294.863600,1576.931200,2083.114000,1689.559600,1059.860800,0.250139,0.059867,0.241417,0.052752
c9_storm2_u100_b0.20_r0.25_eps0.00,A,stability,stability,1,0.1,global,9,100,0.2,0.25,0.0,306,c09_storm2_w80_u100_0020,1473.651200,1323.603600,1343.666400,1273.856800,1177.979600,0.250448,0.078759,0.249851,0.047733
c9_storm2_u100_b0.20_r0.25_eps0.00,A,stability,stability,1,0.1,global,9,100,0.2,0.25,0.0,306,c09_storm2_w80_u100_0021,1519.953200,1418.492000,1567.167200,1461.795600,1348.460800,0.250169,0.064690,0.250168,0.026882
c9_storm2_u100_b0.20_r0.25_eps0.00,A,stability,stability,1,0.1,global,9,100,0.2,0.25,0.0,306,c09_storm2_w80_u100_0022,936.385600,897.884000,965.911200,952.427600,873.416000,0.242972,0.024793,0.248353,0.018568
c9_storm2_u100_b0.20_r0.25_eps0.00,A,stability,stability,1,0.1,global,9,100,0.2,0.25,0.0,306,c09_storm2_w80_u100_0023,4099.384400,3036.788000,3476.906000,2716.497200,2308.195200,0.250147,0.098824,0.247368,0.092199
c9_storm2_u100_b0.20_r0.25_eps0.00,A,stability,stability,1,0.1,global,9,100,0.2,0.25,0.0,306,c09_storm2_w80_u100_0024,1943.420000,1300.542000,1882.231600,1373.349200,1285.333600,0.249526,0.081013,0.240881,0.049608
c9_storm2_u100_b0.20_r0.25_eps0.00,A,stability,stability,1,0.1,global,9,100,0.2,0.25,0.0,306,c09_storm2_w80_u100_0025,3707.412000,3170.261600,3462.468800,2382.563600,1896.992800,0.244795,0.089655,0.244681,0.068650
c9_storm2_u100_b0.20_r0.25_eps0.00,A,stability,stability,1,0.1,global,9,100,0.2,0.25,0.0,306,c09_storm2_w80_u100_0026,3150.937600,2607.580400,2461.547200,2227.046800,1851.407200,0.250147,0.075294,0.250000,0.040189
c9_storm2_u100_b0.20_r0.25_eps0.00,A,stability,stability,1,0.1,global,9,100,0.2,0.25,0.0,306,c09_storm2_w80_u100_0027,1808.482000,1472.288000,1633.786000,1453.827600,1322.403200,0.250000,0.063291,0.249052,0.022843
c9_storm2_u100_b0.20_r0.25_eps0.00,A,stability,stability,1,0.1,global,9,100,0.2,0.25,0.0,306,c09_storm2_w80_u100_0028,1488.968400,1425.985200,1377.058400,1282.192400,1174.773600,0.250158,0.048101,0.250000,0.020202
c9_storm2_u100_b0.20_r0.25_eps0.00,A,stability,stability,1,0.1,global,9,100,0.2,0.25,0.0,306,c09_storm2_w80_u100_0029,2294.863600,1566.582400,2054.460000,1269.227600,1059.860800,0.250139,0.059867,0.240443,0.041475
c9_storm2_u100_b0.20_r0.25_eps0.00,A,stability,stability,1,0.1,global,9,100,0.2,0.25,0.0,307,c09_storm2_w80_u100_0020,1473.651200,1290.578800,1516.602000,1344.385600,1177.979600,0.250448,0.083532,0.246264,0.050971
c9_storm2_u100_b0.20_r0.25_eps0.00,A,stability,stability,1,0.1,global,9,100,0.2,0.25,0.0,307,c09_storm2_w80_u100_0021,1519.953200,1424.399200,1591.637600,1472.749200,1348.460800,0.250169,0.072776,0.250337,0.035040
c9_storm2_u100_b0.20_r0.25_eps0.00,A,stability,stability,1,0.1,global,9,100,0.2,0.25,0.0,307,c09_storm2_w80_u100_0022,936.385600,897.884000,988.463600,961.757200,873.416000,0.244311,0.027397,0.248011,0.024064
c9_storm2_u100_b0.20_r0.25_eps0.00,A,stability,stability,1,0.1,global,9,100,0.2,0.25,0.0,307,c09_storm2_w80_u100_0023,4099.384400,3105.758400,3467.310000,2868.946400,2308.195200,0.250147,0.108235,0.245902,0.128571
c9_storm2_u100_b0.20_r0.25_eps0.00,A,stability,stability,1,0.1,global,9,100,0.2,0.25,0.0,307,c09_storm2_w80_u100_0024,1943.420000,1282.702000,1841.789600,1390.672000,1285.333600,0.250158,0.075758,0.242099,0.054830
c9_storm2_u100_b0.20_r0.25_eps0.00,A,stability,stability,1,0.1,global,9,100,0.2,0.25,0.0,307,c09_storm2_w80_u100_0025,3707.412000,3209.560400,3393.323600,2785.206000,1896.992800,0.241418,0.069930,0.240223,0.055814
c9_storm2_u100_b0.20_r0.25_eps0.00,A,stability,stability,1,0.1,global,9,100,0.2,0.25,0.0,307,c09_storm2_w80_u100_0026,3150.937600,2273.497200,2904.103200,2327.834400,1851.407200,0.250294,0.080000,0.250000,0.061033
c9_storm2_u100_b0.20_r0.25_eps0.00,A,stability,stability,1,0.1,global,9,100,0.2,0.25,0.0,307,c09_storm2_w80_u100_0027,1808.482000,1453.708800,1682.726400,1469.219600,1322.403200,0.250158,0.070886,0.250000,0.050633
c9_storm2_u100_b0.20_r0.25_eps0.00,A,stability,stability,1,0.1,global,9,100,0.2,0.25,0.0,307,c09_storm2_w80_u100_0028,1488.968400,1442.273600,1394.021600,1257.050400,1174.773600,0.250000,0.043038,0.250158,0.040404
c9_storm2_u100_b0.20_r0.25_eps0.00,A,stability,stability,1,0.1,global,9,100,0.2,0.25,0.0,307,c09_storm2_w80_u100_0029,2294.863600,1678.303600,1904.484400,1274.992800,1059.860800,0.250139,0.055432,0.250276,0.055188
c9_storm2_u100_b0.20_r0.25_eps0.00,A,stability,stability,1,0.1,global,9,100,0.2,0.25,0.0,308,c09_storm2_w80_u100_0020,1473.651200,1329.806000,1399.322800,1245.522800,1177.979600,0.245666,0.080292,0.246714,0.060533
c9_storm2_u100_b0.20_r0.25_eps0.00,A,stability,stability,1,0.1,global,9,100,0.2,0.25,0.0,308,c09_storm2_w80_u100_0021,1519.953200,1424.607600,1550.918800,1493.311200,1348.460800,0.250169,0.070081,0.250168,0.034946
c9_storm2_u100_b0.20_r0.25_eps0.00,A,stability,stability,1,0.1,global,9,100,0.2,0.25,0.0,308,c09_storm2_w80_u100_0022,936.385600,897.884000,954.361600,906.184800,873.416000,0.240295,0.025070,0.246195,0.024194
c9_storm2_u100_b0.20_r0.25_eps0.00,A,stability,stability,1,0.1,global,9,100,0.2,0.25,0.0,308,c09_storm2_w80_u100_0023,4099.384400,2974.997200,3571.515200,2725.833200,2308.195200,0.250147,0.124706,0.246199,0.123515
c9_storm2_u100_b0.20_r0.25_eps0.00,A,stability,stability,1,0.1,global,9,100,0.2,0.25,0.0,308,c09_storm2_w80_u100_0024,1943.420000,1288.061600,1932.814800,1429.522400,1285.333600,0.250158,0.070707,0.240858,0.060209
c9_storm2_u100_b0.20_r0.25_eps0.00,A,stability,stability,1,0.1,global,9,100,0.2,0.25,0.0,308,c09_storm2_w80_u100_0025,3707.412000,3186.304400,3375.679600,2434.394000,1896.992800,0.243669,0.078522,0.244094,0.071429
c9_storm2_u100_b0.20_r0.25_eps0.00,A,stability,stability,1,0.1,global,9,100,0.2,0.25,0.0,308,c09_storm2_w80_u100_0026,3150.937600,2365.750800,2760.458400,2314.968000,1851.407200,0.250147,0.077647,0.250443,0.054245
c9_storm2_u100_b0.20_r0.25_eps0.00,A,stability,stability,1,0.1,global,9,100,0.2,0.25,0.0,308,c09_storm2_w80_u100_0027,1808.482000,1455.801600,1635.892400,1339.558400,1322.403200,0.250000,0.068354,0.242424,0.046875
c9_storm2_u100_b0.20_r0.25_eps0.00,A,stability,stability,1,0.1,global,9,100,0.2,0.25,0.0,308,c09_storm2_w80_u100_0028,1488.968400,1430.067200,1330.636000,1331.769200,1174.773600,0.250000,0.045570,0.250316,0.025253
c9_storm2_u100_b0.20_r0.25_eps0.00,A,stability,stability,1,0.1,global,9,100,0.2,0.25,0.0,308,c09_storm2_w80_u100_0029,2294.863600,1208.974800,2188.066800,1355.014400,1059.860800,0.250139,0.062084,0.239756,0.055427
c9_storm2_u100_b0.20_r0.25_eps0.00,A,stability,stability,1,0.1,global,9,100,0.2,0.25,0.0,309,c09_storm2_w80_u100_0020,1473.651200,1321.646800,1432.326400,1248.252000,1177.979600,0.246862,0.082324,0.249851,0.045346
c9_storm2_u100_b0.20_r0.25_eps0.00,A,stability,stability,1,0.1,global,9,100,0.2,0.25,0.0,309,c09_storm2_w80_u100_0021,1519.953200,1442.522000,1715.589600,1597.859600,1348.460800,0.250169,0.064690,0.250505,0.026882
c9_storm2_u100_b0.20_r0.25_eps0.00,A,stability,stability,1,0.1,global,9,100,0.2,0.25,0.0,309,c09_storm2_w80_u100_0022,936.385600,897.884000,974.080800,932.568000,873.416000,0.242303,0.027624,0.248684,0.021164
c9_storm2_u100_b0.20_r0.25_eps0.00,A,stability,stability,1,0.1,global,9,100,0.2,0.25,0.0,309,c09_storm2_w80_u100_0023,4099.384400,2995.451200,3653.999600,2664.506000,2308.195200,0.250147,0.120000,0.248098,0.115566
c9_storm2_u100_b0.20_r0.25_eps0.00,A,stability,stability,1,0.1,global,9,100,0.2,0.25,0.0,309,c09_storm2_w80_u100_0024,1943.420000,1302.835200,1900.879200,1392.444000,1285.333600,0.250158,0.070707,0.242443,0.046753
c9_storm2_u100_b0.20_r0.25_eps0.00,A,stability,stability,1,0.1,global,9,100,0.2,0.25,0.0,309,c09_storm2_w80_u100_0025,3707.412000,3104.368400,3319.077600,2422.898000,1896.992800,0.243106,0.076389,0.241031,0.055814
c9_storm2_u100_b0.20_r0.25_eps0.00,A,stability,stability,1,0.1,global,9,100,0.2,0.25,0.0,309,c09_storm2_w80_u100_0026,3150.937600,2391.564400,2703.650800,2206.548000,1851.407200,0.250294,0.077647,0.250147,0.054245
c9_storm2_u100_b0.20_r0.25_eps0.00,A,stability,stability,1,0.1,global,9,100,0.2,0.25,0.0,309,c09_storm2_w80_u100_0027,1808.482000,1470.869200,1527.429200,1374.056400,1322.403200,0.250158,0.060759,0.250000,0.027848
c9_storm2_u100_b0.20_r0.25_eps0.00,A,stability,stability,1,0.1,global,9,100,0.2,0.25,0.0,309,c09_storm2_w80_u100_0028,1488.968400,1430.067200,1506.272800,1426.837600,1174.773600,0.250000,0.045570,0.250316,0.017677
c9_storm2_u100_b0.20_r0.25_eps0.00,A,stability,stability,1,0.1,global,9,100,0.2,0.25,0.0,309,c09_storm2_w80_u100_0029,2294.863600,1575.504400,1844.144400,1337.784000,1059.860800,0.250139,0.059867,0.240199,0.048276
c9_storm2_u100_b0.20_r0.25_eps0.00,A,stability,stability,1,0.1,global,9,100,0.2,0.25,0.0,310,c09_storm2_w80_u100_0020,1473.651200,1342.049200,1355.818000,1291.993600,1177.979600,0.246264,0.080097,0.246429,0.038647
c9_storm2_u100_b0.20_r0.25_eps0.00,A,stability,stability,1,0.1,global,9,100,0.2,0.25,0.0,310,c09_storm2_w80_u100_0021,1519.953200,1425.260000,1469.584400,1405.528400,1348.460800,0.250169,0.075472,0.248993,0.016173
c9_storm2_u100_b0.20_r0.25_eps0.00,A,stability,stability,1,0.1,global,9,100,0.2,0.25,0.0,310,c09_storm2_w80_u100_0022,936.385600,897.884000,957.247600,913.755200,873.416000,0.240964,0.025000,0.246530,0.021448
c9_storm2_u100_b0.20_r0.25_eps0.00,A,stability,stability,1,0.1,global,9,100,0.2,0.25,0.0,310,c09_storm2_w80_u100_0023,4099.384400,3071.893600,3618.127600,2558.913200,2308.195200,0.250147,0.120000,0.250439,0.116822
c9_storm2_u100_b0.20_r0.25_eps0.00,A,stability,stability,1,0.1,global,9,100,0.2,0.25,0.0,310,c09_storm2_w80_u100_0024,1943.420000,1345.712400,1786.740400,1399.180400,1285.333600,0.250158,0.083333,0.250315,0.070529
c9_storm2_u100_b0.20_r0.25_eps0.00,A,stability,stability,1,0.1,global,9,100,0.2,0.25,0.0,310,c09_storm2_w80_u100_0025,3707.412000,3050.174000,3402.316800,2610.382800,1896.992800,0.243106,0.076389,0.244955,0.057208
c9_storm2_u100_b0.20_r0.25_eps0.00,A,stability,stability,1,0.1,global,9,100,0.2,0.25,0.0,310,c09_storm2_w80_u100_0026,3150.937600,2609.772800,2569.594000,2154.467200,1851.407200,0.250147,0.075294,0.250147,0.049296
c9_storm2_u100_b0.20_r0.25_eps0.00,A,stability,stability,1,0.1,global,9,100,0.2,0.25,0.0,310,c09_storm2_w80_u100_0027,1808.482000,1455.801600,1552.674000,1484.677600,1322.403200,0.250000,0.068354,0.250000,0.045340
c9_storm2_u100_b0.20_r0.25_eps0.00,A,stability,stability,1,0.1,global,9,100,0.2,0.25,0.0,310,c09_storm2_w80_u100_0028,1488.968400,1446.582400,1326.755200,1284.474000,1174.773600,0.250000,0.040506,0.250000,0.017677
c9_storm2_u100_b0.20_r0.25_eps0.00,A,stability,stability,1,0.1,global,9,100,0.2,0.25,0.0,310,c09_storm2_w80_u100_0029,2294.863600,1566.371200,2152.568400,1203.347200,1059.860800,0.250139,0.062084,0.250276,0.061810
c9_storm2_u100_b0.20_r0.25_eps0.25,B,stability,stability,1,0.1,global,9,100,0.2,0.25,0.25,301,c09_storm2_w80_u100_0020,1473.651200,1389.902800,1561.333600,1417.812400,1177.979600,0.247010,0.171913,0.247490,0.183771
c9_storm2_u100_b0.20_r0.25_eps0.25,B,stability,stability,1,0.1,global,9,100,0.2,0.25,0.25,301,c09_storm2_w80_u100_0021,1519.953200,1447.764000,1556.515600,1516.394400,1348.460800,0.250169,0.148248,0.248489,0.148649
c9_storm2_u100_b0.20_r0.25_eps0.25,B,stability,stability,1,0.1,global,9,100,0.2,0.25,0.25,301,c09_storm2_w80_u100_0022,936.385600,882.161600,975.062000,927.832800,873.416000,0.241472,0.110803,0.237344,0.113573
c9_storm2_u100_b0.20_r0.25_eps0.25,B,stability,stability,1,0.1,global,9,100,0.2,0.25,0.25,301,c09_storm2_w80_u100_0023,4099.384400,3140.272800,3916.174800,3257.143200,2308.195200,0.250441,0.293427,0.245911,0.289786
c9_storm2_u100_b0.20_r0.25_eps0.25,B,stability,stability,1,0.1,global,9,100,0.2,0.25,0.25,301,c09_storm2_w80_u100_0024,1943.420000,1446.506400,1779.473600,1338.289200,1285.333600,0.248580,0.187817,0.240379,0.170604
c9_storm2_u100_b0.20_r0.25_eps0.25,B,stability,stability,1,0.1,global,9,100,0.2,0.25,0.25,301,c09_storm2_w80_u100_0025,3707.412000,2944.162400,3526.136400,2877.738000,1896.992800,0.237479,0.177725,0.234078,0.164678
c9_storm2_u100_b0.20_r0.25_eps0.25,B,stability,stability,1,0.1,global,9,100,0.2,0.25,0.25,301,c09_storm2_w80_u100_0026,3150.937600,2471.747600,3017.416400,2489.065200,1851.407200,0.247793,0.161520,0.250145,0.183721
c9_storm2_u100_b0.20_r0.25_eps0.25,B,stability,stability,1,0.1,global,9,100,0.2,0.25,0.25,301,c09_storm2_w80_u100_0027,1808.482000,1492.587600,1632.307200,1355.928000,1322.403200,0.250158,0.167089,0.247481,0.165394
c9_storm2_u100_b0.20_r0.25_eps0.25,B,stability,stability,1,0.1,global,9,100,0.2,0.25,0.25,301,c09_storm2_w80_u100_0028,1488.968400,1476.922400,1496.790800,1374.404800,1174.773600,0.249365,0.150127,0.250158,0.161209
c9_storm2_u100_b0.20_r0.25_eps0.25,B,stability,stability,1,0.1,global,9,100,0.2,0.25,0.25,301,c09_storm2_w80_u100_0029,2294.863600,1715.280000,2030.284000,1565.526000,1059.860800,0.250000,0.150442,0.237017,0.149184
c9_storm2_u100_b0.20_r0.25_eps0.25,B,stability,stability,1,0.1,global,9,100,0.2,0.25,0.25,302,c09_storm2_w80_u100_0020,1473.651200,1385.658000,1420.102400,1294.908000,1177.979600,0.246862,0.179177,0.250297,0.154394
c9_storm2_u100_b0.20_r0.25_eps0.25,B,stability,stability,1,0.1,global,9,100,0.2,0.25,0.25,302,c09_storm2_w80_u100_0021,1519.953200,1443.399200,1634.168800,1577.608800,1348.460800,0.250169,0.134771,0.250000,0.115591
c9_storm2_u100_b0.20_r0.25_eps0.25,B,stability,stability,1,0.1,global,9,100,0.2,0.25,0.25,302,c09_storm2_w80_u100_0022,936.385600,886.586400,979.569200,928.420000,873.416000,0.237683,0.128852,0.248362,0.129288
c9_storm2_u100_b0.20_r0.25_eps0.25,B,stability,stability,1,0.1,global,9,100,0.2,0.25,0.25,302,c09_storm2_w80_u100_0023,4099.384400,3213.512400,4104.649200,3337.793600,2308.195200,0.249706,0.205189,0.245338,0.216152
c9_storm2_u100_b0.20_r0.25_eps0.25,B,stability,stability,1,0.1,global,9,100,0.2,0.25,0.25,302,c09_storm2_w80_u100_0024,1943.420000,1305.143600,1914.659600,1376.569200,1285.333600,0.249843,0.168342,0.243327,0.163265
c9_storm2_u100_b0.20_r0.25_eps0.25,B,stability,stability,1,0.1,global,9,100,0.2,0.25,0.25,302,c09_storm2_w80_u100_0025,3707.412000,2918.703200,3431.227600,2911.033200,1896.992800,0.240314,0.191589,0.234209,0.183771
c9_storm2_u100_b0.20_r0.25_eps0.25,B,stability,stability,1,0.1,global,9,100,0.2,0.25,0.25,302,c09_storm2_w80_u100_0026,3150.937600,2473.723600,3193.463600,2468.508800,1851.407200,0.250442,0.160000,0.250289,0.159353
c9_storm2_u100_b0.20_r0.25_eps0.25,B,stability,stability,1,0.1,global,9,100,0.2,0.25,0.25,302,c09_storm2_w80_u100_0027,1808.482000,1359.984400,1555.028000,1360.643600,1322.403200,0.250158,0.174684,0.250000,0.170854
c9_storm2_u100_b0.20_r0.25_eps0.25,B,stability,stability,1,0.1,global,9,100,0.2,0.25,0.25,302,c09_storm2_w80_u100_0028,1488.968400,1454.037200,1531.997600,1420.364400,1174.773600,0.250315,0.143577,0.250157,0.115288
c9_storm2_u100_b0.20_r0.25_eps0.25,B,stability,stability,1,0.1,global,9,100,0.2,0.25,0.25,302,c09_storm2_w80_u100_0029,2294.863600,1501.248800,2042.655200,1255.222800,1059.860800,0.250000,0.219512,0.242558,0.225000
c9_storm2_u100_b0.20_r0.25_eps0.25,B,stability,stability,1,0.1,global,9,100,0.2,0.25,0.25,303,c09_storm2_w80_u100_0020,1473.651200,1431.337600,1474.562800,1226.039200,1177.979600,0.219964,0.182065,0.250000,0.175355
c9_storm2_u100_b0.20_r0.25_eps0.25,B,stability,stability,1,0.1,global,9,100,0.2,0.25,0.25,303,c09_storm2_w80_u100_0021,1519.953200,1459.299600,1468.594400,1423.190400,1348.460800,0.250000,0.172507,0.232371,0.179191
c9_storm2_u100_b0.20_r0.25_eps0.25,B,stability,stability,1,0.1,global,9,100,0.2,0.25,0.25,303,c09_storm2_w80_u100_0022,936.385600,900.228000,939.048800,889.105600,873.416000,0.237968,0.109551,0.239031,0.112329
c9_storm2_u100_b0.20_r0.25_eps0.25,B,stability,stability,1,0.1,global,9,100,0.2,0.25,0.25,303,c09_storm2_w80_u100_0023,4099.384400,3178.195600,4110.538400,3244.021200,2308.195200,0.250294,0.178824,0.225278,0.189610
c9_storm2_u100_b0.20_r0.25_eps0.25,B,stability,stability,1,0.1,global,9,100,0.2,0.25,0.25,303,c09_storm2_w80_u100_0024,1943.420000,1371.090400,1746.354000,1372.206000,1285.333600,0.250315,0.148615,0.238184,0.140992
c9_storm2_u100_b0.20_r0.25_eps0.25,B,stability,stability,1,0.1,global,9,100,0.2,0.25,0.25,303,c09_storm2_w80_u100_0025,3707.412000,2661.575200,3257.843600,2991.210400,1896.992800,0.235096,0.186603,0.241495,0.147806
c9_storm2_u100_b0.20_r0.25_eps0.25,B,stability,stability,1,0.1,global,9,100,0.2,0.25,0.25,303,c09_storm2_w80_u100_0026,3150.937600,2701.249600,3317.718800,2265.464400,1851.407200,0.250146,0.177156,0.250144,0.207852
c9_storm2_u100_b0.20_r0.25_eps0.25,B,stability,stability,1,0.1,global,9,100,0.2,0.25,0.25,303,c09_storm2_w80_u100_0027,1808.482000,1440.066800,1676.566800,1479.773600,1322.403200,0.250000,0.169192,0.238994,0.173684
c9_storm2_u100_b0.20_r0.25_eps0.25,B,stability,stability,1,0.1,global,9,100,0.2,0.25,0.25,303,c09_storm2_w80_u100_0028,1488.968400,1451.864400,1459.020400,1252.271600,1174.773600,0.250316,0.098485,0.250156,0.107500
c9_storm2_u100_b0.20_r0.25_eps0.25,B,stability,stability,1,0.1,global,9,100,0.2,0.25,0.25,303,c09_storm2_w80_u100_0029,2294.863600,1786.134800,2135.791200,1365.072000,1059.860800,0.250139,0.186253,0.242274,0.166287
c9_storm2_u100_b0.20_r0.25_eps0.25,B,stability,stability,1,0.1,global,9,100,0.2,0.25,0.25,304,c09_storm2_w80_u100_0020,1473.651200,1374.879600,1457.566800,1305.409200,1177.979600,0.245215,0.182927,0.246264,0.145631
c9_storm2_u100_b0.20_r0.25_eps0.25,B,stability,stability,1,0.1,global,9,100,0.2,0.25,0.25,304,c09_storm2_w80_u100_0021,1519.953200,1468.364400,1519.954000,1487.657200,1348.460800,0.250169,0.180593,0.250000,0.160858
c9_storm2_u100_b0.20_r0.25_eps0.25,B,stability,stability,1,0.1,global,9,100,0.2,0.25,0.25,304,c09_storm2_w80_u100_0022,936.385600,896.586800,996.699200,938.528400,873.416000,0.242667,0.153846,0.240212,0.171271
c9_storm2_u100_b0.20_r0.25_eps0.25,B,stability,stability,1,0.1,global,9,100,0.2,0.25,0.25,304,c09_storm2_w80_u100_0023,4099.384400,3399.634800,3497.285200,2879.594400,2308.195200,0.249117,0.229314,0.249854,0.236534
c9_storm2_u100_b0.20_r0.25_eps0.25,B,stability,stability,1,0.1,global,9,100,0.2,0.25,0.25,304,c09_storm2_w80_u100_0024,1943.420000,1472.202400,1915.879600,1372.471200,1285.333600,0.246368,0.189744,0.250472,0.180905
c9_storm2_u100_b0.20_r0.25_eps0.25,B,stability,stability,1,0.1,global,9,100,0.2,0.25,0.25,304,c09_storm2_w80_u100_0025,3707.412000,2614.168800,3501.627200,2912.700000,1896.992800,0.243669,0.193995,0.248330,0.197309
c9_storm2_u100_b0.20_r0.25_eps0.25,B,stability,stability,1,0.1,global,9,100,0.2,0.25,0.25,304,c09_storm2_w80_u100_0026,3150.937600,2501.582400,2671.138400,2296.779200,1851.407200,0.250000,0.171362,0.250147,0.150943
c9_storm2_u100_b0.20_r0.25_eps0.25,B,stability,stability,1,0.1,global,9,100,0.2,0.25,0.25,304,c09_storm2_w80_u100_0027,1808.482000,1444.584800,1727.570400,1395.741600,1322.403200,0.250158,0.182278,0.250158,0.156171
c9_storm2_u100_b0.20_r0.25_eps0.25,B,stability,stability,1,0.1,global,9,100,0.2,0.25,0.25,304,c09_storm2_w80_u100_0028,1488.968400,1463.382400,1462.262400,1363.963600,1174.773600,0.249526,0.154430,0.250471,0.152882
c9_storm2_u100_b0.20_r0.25_eps0.25,B,stability,stability,1,0.1,global,9,100,0.2,0.25,0.25,304,c09_storm2_w80_u100_0029,2294.863600,1300.927600,2050.959200,1192.592400,1059.860800,0.250416,0.165929,0.250000,0.176211
c9_storm2_u100_b0.20_r0.25_eps0.25,B,stability,stability,1,0.1,global,9,100,0.2,0.25,0.25,305,c09_storm2_w80_u100_0020,1473.651200,1364.278400,1428.566800,1293.197600,1177.979600,0.247460,0.198068,0.250149,0.190931
c9_storm2_u100_b0.20_r0.25_eps0.25,B,stability,stability,1,0.1,global,9,100,0.2,0.25,0.25,305,c09_storm2_w80_u100_0021,1519.953200,1458.325200,1512.149200,1530.687600,1348.460800,0.250000,0.161725,0.231544,0.124638
c9_storm2_u100_b0.20_r0.25_eps0.25,B,stability,stability,1,0.1,global,9,100,0.2,0.25,0.25,305,c09_storm2_w80_u100_0022,936.385600,896.522400,895.608800,929.117600,873.416000,0.238159,0.134454,0.244911,0.147453
c9_storm2_u100_b0.20_r0.25_eps0.25,B,stability,stability,1,0.1,global,9,100,0.2,0.25,0.25,305,c09_storm2_w80_u100_0023,4099.384400,3261.440800,3964.327200,3470.519200,2308.195200,0.250000,0.202353,0.250000,0.207944
c9_storm2_u100_b0.20_r0.25_eps0.25,B,stability,stability,1,0.1,global,9,100,0.2,0.25,0.25,305,c09_storm2_w80_u100_0024,1943.420000,1412.326000,1725.618400,1369.106000,1285.333600,0.250314,0.140704,0.243614,0.143223
c9_storm2_u100_b0.20_r0.25_eps0.25,B,stability,stability,1,0.1,global,9,100,0.2,0.25,0.25,305,c09_storm2_w80_u100_0025,3707.412000,3043.355600,3600.644800,3185.885200,1896.992800,0.236353,0.211905,0.242897,0.192661
c9_storm2_u100_b0.20_r0.25_eps0.25,B,stability,stability,1,0.1,global,9,100,0.2,0.25,0.25,305,c09_storm2_w80_u100_0026,3150.937600,2359.398400,3364.716800,2484.358800,1851.407200,0.250000,0.169014,0.238676,0.170316
c9_storm2_u100_b0.20_r0.25_eps0.25,B,stability,stability,1,0.1,global,9,100,0.2,0.25,0.25,305,c09_storm2_w80_u100_0027,1808.482000,1355.711600,1610.448000,1375.683200,1322.403200,0.250000,0.169620,0.247631,0.163265
c9_storm2_u100_b0.20_r0.25_eps0.25,B,stability,stability,1,0.1,global,9,100,0.2,0.25,0.25,305,c09_storm2_w80_u100_0028,1488.968400,1459.271200,1570.846400,1571.228000,1174.773600,0.250316,0.191919,0.219573,0.154286
c9_storm2_u100_b0.20_r0.25_eps0.25,B,stability,stability,1,0.1,global,9,100,0.2,0.25,0.25,305,c09_storm2_w80_u100_0029,2294.863600,1683.388400,2120.793200,1277.014800,1059.860800,0.250000,0.170732,0.238962,0.177829
c9_storm2_u100_b0.20_r0.25_eps0.25,B,stability,stability,1,0.1,global,9,100,0.2,0.25,0.25,306,c09_storm2_w80_u100_0020,1473.651200,1432.460400,1545.586400,1358.941200,1177.979600,0.245666,0.199513,0.250297,0.185273
c9_storm2_u100_b0.20_r0.25_eps0.25,B,stability,stability,1,0.1,global,9,100,0.2,0.25,0.25,306,c09_storm2_w80_u100_0021,1519.953200,1489.172400,1583.998000,1573.020000,1348.460800,0.250169,0.183288,0.250336,0.171582
c9_storm2_u100_b0.20_r0.25_eps0.25,B,stability,stability,1,0.1,global,9,100,0.2,0.25,0.25,306,c09_storm2_w80_u100_0022,936.385600,900.641200,984.826400,958.414800,873.416000,0.245661,0.157609,0.232084,0.150142
c9_storm2_u100_b0.20_r0.25_eps0.25,B,stability,stability,1,0.1,global,9,100,0.2,0.25,0.25,306,c09_storm2_w80_u100_0023,4099.384400,3340.304000,4350.782400,3772.479600,2308.195200,0.250441,0.220657,0.235053,0.231920
c9_storm2_u100_b0.20_r0.25_eps0.25,B,stability,stability,1,0.1,global,9,100,0.2,0.25,0.25,306,c09_storm2_w80_u100_0024,1943.420000,1337.502400,1801.219600,1285.918000,1285.333600,0.250000,0.178841,0.244403,0.145038
c9_storm2_u100_b0.20_r0.25_eps0.25,B,stability,stability,1,0.1,global,9,100,0.2,0.25,0.25,306,c09_storm2_w80_u100_0025,3707.412000,2692.458000,3211.802000,2753.488800,1896.992800,0.248451,0.199546,0.235987,0.182898
c9_storm2_u100_b0.20_r0.25_eps0.25,B,stability,stability,1,0.1,global,9,100,0.2,0.25,0.25,306,c09_storm2_w80_u100_0026,3150.937600,2652.821600,3290.782800,2502.924800,1851.407200,0.250441,0.161972,0.248112,0.166276
c9_storm2_u100_b0.20_r0.25_eps0.25,B,stability,stability,1,0.1,global,9,100,0.2,0.25,0.25,306,c09_storm2_w80_u100_0027,1808.482000,1473.994000,1589.657600,1312.825200,1322.403200,0.250000,0.139241,0.250158,0.143577
c9_storm2_u100_b0.20_r0.25_eps0.25,B,stability,stability,1,0.1,global,9,100,0.2,0.25,0.25,306,c09_storm2_w80_u100_0028,1488.968400,1410.344000,1405.430400,1360.492000,1174.773600,0.250000,0.165394,0.250157,0.140704
c9_storm2_u100_b0.20_r0.25_eps0.25,B,stability,stability,1,0.1,global,9,100,0.2,0.25,0.25,306,c09_storm2_w80_u100_0029,2294.863600,1299.436000,1986.183200,1180.685200,1059.860800,0.250139,0.217295,0.250274,0.199561
c9_storm2_u100_b0.20_r0.25_eps0.25,B,stability,stability,1,0.1,global,9,100,0.2,0.25,0.25,307,c09_storm2_w80_u100_0020,1473.651200,1452.242400,1599.175600,1469.306000,1177.979600,0.248804,0.177885,0.250444,0.184397
c9_storm2_u100_b0.20_r0.25_eps0.25,B,stability,stability,1,0.1,global,9,100,0.2,0.25,0.25,307,c09_storm2_w80_u100_0021,1519.953200,1510.926400,1610.601600,1576.199200,1348.460800,0.250000,0.142857,0.250336,0.150134
c9_storm2_u100_b0.20_r0.25_eps0.25,B,stability,stability,1,0.1,global,9,100,0.2,0.25,0.25,307,c09_storm2_w80_u100_0022,936.385600,890.113600,951.995200,908.730400,873.416000,0.242686,0.147945,0.243386,0.165761
c9_storm2_u100_b0.20_r0.25_eps0.25,B,stability,stability,1,0.1,global,9,100,0.2,0.25,0.25,307,c09_storm2_w80_u100_0023,4099.384400,3378.880800,4477.589600,3465.404400,2308.195200,0.250147,0.251765,0.238543,0.258621
c9_storm2_u100_b0.20_r0.25_eps0.25,B,stability,stability,1,0.1,global,9,100,0.2,0.25,0.25,307,c09_storm2_w80_u100_0024,1943.420000,1348.024800,1846.092000,1386.022400,1285.333600,0.250157,0.175439,0.246259,0.146835
c9_storm2_u100_b0.20_r0.25_eps0.25,B,stability,stability,1,0.1,global,9,100,0.2,0.25,0.25,307,c09_storm2_w80_u100_0025,3707.412000,3089.064800,3578.194000,2709.260400,1896.992800,0.230726,0.204878,0.250000,0.216518
c9_storm2_u100_b0.20_r0.25_eps0.25,B,stability,stability,1,0.1,global,9,100,0.2,0.25,0.25,307,c09_storm2_w80_u100_0026,3150.937600,2682.156400,3364.959200,2953.843600,1851.407200,0.250440,0.170960,0.250000,0.175234
c9_storm2_u100_b0.20_r0.25_eps0.25,B,stability,stability,1,0.1,global,9,100,0.2,0.25,0.25,307,c09_storm2_w80_u100_0027,1808.482000,1475.976400,1610.814400,1391.704000,1322.403200,0.250000,0.156962,0.250158,0.161616
c9_storm2_u100_b0.20_r0.25_eps0.25,B,stability,stability,1,0.1,global,9,100,0.2,0.25,0.25,307,c09_storm2_w80_u100_0028,1488.968400,1465.660000,1647.179600,1621.302400,1174.773600,0.250316,0.154040,0.244500,0.177378
c9_storm2_u100_b0.20_r0.25_eps0.25,B,stability,stability,1,0.1,global,9,100,0.2,0.25,0.25,307,c09_storm2_w80_u100_0029,2294.863600,1754.117200,2391.759200,1357.869600,1059.860800,0.250277,0.146018,0.250138,0.161148
c9_storm2_u100_b0.20_r0.25_eps0.25,B,stability,stability,1,0.1,global,9,100,0.2,0.25,0.25,308,c09_storm2_w80_u100_0020,1473.651200,1393.080000,1436.618400,1273.132000,1177.979600,0.245666,0.182482,0.247024,0.190361
c9_storm2_u100_b0.20_r0.25_eps0.25,B,stability,stability,1,0.1,global,9,100,0.2,0.25,0.25,308,c09_storm2_w80_u100_0021,1519.953200,1450.968000,1460.793600,1484.586400,1348.460800,0.250336,0.155914,0.250000,0.203753
c9_storm2_u100_b0.20_r0.25_eps0.25,B,stability,stability,1,0.1,global,9,100,0.2,0.25,0.25,308,c09_storm2_w80_u100_0022,936.385600,911.499200,904.772400,896.768800,873.416000,0.242000,0.137741,0.242167,0.132075
c9_storm2_u100_b0.20_r0.25_eps0.25,B,stability,stability,1,0.1,global,9,100,0.2,0.25,0.25,308,c09_storm2_w80_u100_0023,4099.384400,3418.099600,4251.184000,3076.586400,2308.195200,0.250294,0.235294,0.245470,0.295238
c9_storm2_u100_b0.20_r0.25_eps0.25,B,stability,stability,1,0.1,global,9,100,0.2,0.25,0.25,308,c09_storm2_w80_u100_0024,1943.420000,1411.230000,1873.680800,1461.848400,1285.333600,0.250158,0.151515,0.241294,0.131443
c9_storm2_u100_b0.20_r0.25_eps0.25,B,stability,stability,1,0.1,global,9,100,0.2,0.25,0.25,308,c09_storm2_w80_u100_0025,3707.412000,2819.740400,3199.996000,2349.853600,1896.992800,0.241981,0.200000,0.233817,0.193317
c9_storm2_u100_b0.20_r0.25_eps0.25,B,stability,stability,1,0.1,global,9,100,0.2,0.25,0.25,308,c09_storm2_w80_u100_0026,3150.937600,2421.023600,3077.668800,2391.330400,1851.407200,0.250000,0.192037,0.250000,0.197216
c9_storm2_u100_b0.20_r0.25_eps0.25,B,stability,stability,1,0.1,global,9,100,0.2,0.25,0.25,308,c09_storm2_w80_u100_0027,1808.482000,1550.036000,1624.588400,1381.817200,1322.403200,0.248577,0.165394,0.244486,0.149485
c9_storm2_u100_b0.20_r0.25_eps0.25,B,stability,stability,1,0.1,global,9,100,0.2,0.25,0.25,308,c09_storm2_w80_u100_0028,1488.968400,1431.640800,1404.614800,1349.571200,1174.773600,0.249526,0.149367,0.250157,0.135338
c9_storm2_u100_b0.20_r0.25_eps0.25,B,stability,stability,1,0.1,global,9,100,0.2,0.25,0.25,308,c09_storm2_w80_u100_0029,2294.863600,1585.910800,2058.393200,1189.193600,1059.860800,0.250139,0.172949,0.247947,0.181015
c9_storm2_u100_b0.20_r0.25_eps0.25,B,stability,stability,1,0.1,global,9,100,0.2,0.25,0.25,309,c09_storm2_w80_u100_0020,1473.651200,1448.955200,1391.613200,1272.304800,1177.979600,0.247305,0.205811,0.246445,0.168269
c9_storm2_u100_b0.20_r0.25_eps0.25,B,stability,stability,1,0.1,global,9,100,0.2,0.25,0.25,309,c09_storm2_w80_u100_0021,1519.953200,1453.181600,1543.886400,1458.375600,1348.460800,0.250169,0.156334,0.250336,0.158177
c9_storm2_u100_b0.20_r0.25_eps0.25,B,stability,stability,1,0.1,global,9,100,0.2,0.25,0.25,309,c09_storm2_w80_u100_0022,936.385600,869.997600,1000.102800,929.502000,873.416000,0.242848,0.147945,0.245880,0.171582
c9_storm2_u100_b0.20_r0.25_eps0.25,B,stability,stability,1,0.1,global,9,100,0.2,0.25,0.25,309,c09_storm2_w80_u100_0023,4099.384400,3245.544000,4078.412800,3146.120000,2308.195200,0.250000,0.221176,0.246503,0.267139
c9_storm2_u100_b0.20_r0.25_eps0.25,B,stability,stability,1,0.1,global,9,100,0.2,0.25,0.25,309,c09_storm2_w80_u100_0024,1943.420000,1480.601600,1669.436400,1316.132400,1285.333600,0.250157,0.148241,0.242405,0.168798
c9_storm2_u100_b0.20_r0.25_eps0.25,B,stability,stability,1,0.1,global,9,100,0.2,0.25,0.25,309,c09_storm2_w80_u100_0025,3707.412000,3080.222000,3321.247200,2410.064400,1896.992800,0.233408,0.207229,0.239057,0.232394
c9_storm2_u100_b0.20_r0.25_eps0.25,B,stability,stability,1,0.1,global,9,100,0.2,0.25,0.25,309,c09_storm2_w80_u100_0026,3150.937600,2732.674000,3315.767200,2367.591600,1851.407200,0.250000,0.147887,0.250146,0.172494
c9_storm2_u100_b0.20_r0.25_eps0.25,B,stability,stability,1,0.1,global,9,100,0.2,0.25,0.25,309,c09_storm2_w80_u100_0027,1808.482000,1448.028400,1534.126400,1299.875600,1322.403200,0.250158,0.197468,0.236958,0.167109
c9_storm2_u100_b0.20_r0.25_eps0.25,B,stability,stability,1,0.1,global,9,100,0.2,0.25,0.25,309,c09_storm2_w80_u100_0028,1488.968400,1473.310400,1334.122400,1231.477600,1174.773600,0.250316,0.159091,0.250000,0.135338
c9_storm2_u100_b0.20_r0.25_eps0.25,B,stability,stability,1,0.1,global,9,100,0.2,0.25,0.25,309,c09_storm2_w80_u100_0029,2294.863600,1692.516400,1999.184400,1375.678800,1059.860800,0.250416,0.161504,0.243569,0.175281
c9_storm2_u100_b0.20_r0.25_eps0.25,B,stability,stability,1,0.1,global,9,100,0.2,0.25,0.25,310,c09_storm2_w80_u100_0020,1473.651200,1478.138000,1493.707200,1383.110000,1177.979600,0.246264,0.172330,0.245823,0.174757
c9_storm2_u100_b0.20_r0.25_eps0.25,B,stability,stability,1,0.1,global,9,100,0.2,0.25,0.25,310,c09_storm2_w80_u100_0021,1519.953200,1443.528800,1500.613600,1447.493200,1348.460800,0.248146,0.141304,0.249832,0.126344
c9_storm2_u100_b0.20_r0.25_eps0.25,B,stability,stability,1,0.1,global,9,100,0.2,0.25,0.25,310,c09_storm2_w80_u100_0022,936.385600,872.012000,973.052800,910.158000,873.416000,0.239174,0.136490,0.240814,0.119891
c9_storm2_u100_b0.20_r0.25_eps0.25,B,stability,stability,1,0.1,global,9,100,0.2,0.25,0.25,310,c09_storm2_w80_u100_0023,4099.384400,3168.417600,3643.908000,3032.347600,2308.195200,0.250147,0.209412,0.244587,0.220096
c9_storm2_u100_b0.20_r0.25_eps0.25,B,stability,stability,1,0.1,global,9,100,0.2,0.25,0.25,310,c09_storm2_w80_u100_0024,1943.420000,1357.276800,1706.808800,1317.465600,1285.333600,0.250473,0.173804,0.243429,0.159383
c9_storm2_u100_b0.20_r0.25_eps0.25,B,stability,stability,1,0.1,global,9,100,0.2,0.25,0.25,310,c09_storm2_w80_u100_0025,3707.412000,2629.993200,3275.176400,2588.651600,1896.992800,0.243106,0.201389,0.250000,0.175947
c9_storm2_u100_b0.20_r0.25_eps0.25,B,stability,stability,1,0.1,global,9,100,0.2,0.25,0.25,310,c09_storm2_w80_u100_0026,3150.937600,2684.245600,2822.179600,2436.646800,1851.407200,0.250147,0.166667,0.250000,0.171694
c9_storm2_u100_b0.20_r0.25_eps0.25,B,stability,stability,1,0.1,global,9,100,0.2,0.25,0.25,310,c09_storm2_w80_u100_0027,1808.482000,1442.664800,1551.176000,1362.834000,1322.403200,0.250158,0.166667,0.250158,0.178841
c9_storm2_u100_b0.20_r0.25_eps0.25,B,stability,stability,1,0.1,global,9,100,0.2,0.25,0.25,310,c09_storm2_w80_u100_0028,1488.968400,1425.101600,1413.212000,1297.062800,1174.773600,0.250000,0.164557,0.250000,0.117500
c9_storm2_u100_b0.20_r0.25_eps0.25,B,stability,stability,1,0.1,global,9,100,0.2,0.25,0.25,310,c09_storm2_w80_u100_0029,2294.863600,1554.602000,2159.294400,1395.087200,1059.860800,0.249446,0.173333,0.250275,0.171429
c9_storm2_u100_b0.25_r0.25_eps0.00,C,stability,stability,1,0.1,global,9,100,0.25,0.25,0.0,301,c09_storm2_w80_u100_0020,1496.278800,1354.974000,1410.344000,1271.935600,1173.754800,0.246264,0.084951,0.249702,0.047733
c9_storm2_u100_b0.25_r0.25_eps0.00,C,stability,stability,1,0.1,global,9,100,0.25,0.25,0.0,301,c09_storm2_w80_u100_0021,1480.727600,1398.364400,1517.978800,1298.340400,1302.063600,0.250169,0.064690,0.244624,0.030220
c9_storm2_u100_b0.25_r0.25_eps0.00,C,stability,stability,1,0.1,global,9,100,0.25,0.25,0.0,301,c09_storm2_w80_u100_0022,973.188800,936.001600,993.919200,1005.334000,902.748000,0.243641,0.021978,0.247361,0.018667
c9_storm2_u100_b0.25_r0.25_eps0.00,C,stability,stability,1,0.1,global,9,100,0.25,0.25,0.0,301,c09_storm2_w80_u100_0023,3998.716800,3016.550000,3348.243600,2485.424400,2221.794800,0.250294,0.120000,0.239041,0.107579
c9_storm2_u100_b0.25_r0.25_eps0.00,C,stability,stability,1,0.1,global,9,100,0.25,0.25,0.0,301,c09_storm2_w80_u100_0024,2138.638000,1404.876800,2062.527600,1446.161600,1383.825600,0.249526,0.075949,0.234591,0.053619
c9_storm2_u100_b0.25_r0.25_eps0.00,C,stability,stability,1,0.1,global,9,100,0.25,0.25,0.0,301,c09_storm2_w80_u100_0025,3867.258000,3312.320000,3434.658800,2499.235600,1955.086800,0.244232,0.096774,0.241457,0.071926
c9_storm2_u100_b0.25_r0.25_eps0.00,C,stability,stability,1,0.1,global,9,100,0.25,0.25,0.0,301,c09_storm2_w80_u100_0026,3123.791600,2277.875200,2772.642000,2135.807600,1884.976800,0.250294,0.080000,0.250146,0.053864
c9_storm2_u100_b0.25_r0.25_eps0.00,C,stability,stability,1,0.1,global,9,100,0.25,0.25,0.0,301,c09_storm2_w80_u100_0027,1923.480400,1561.211200,1637.219200,1425.315200,1443.802000,0.250158,0.073418,0.239748,0.028947
c9_storm2_u100_b0.25_r0.25_eps0.00,C,stability,stability,1,0.1,global,9,100,0.25,0.25,0.0,301,c09_storm2_w80_u100_0028,1599.898800,1540.688800,1484.098000,1417.771600,1218.803200,0.250158,0.053165,0.249842,0.020253
c9_storm2_u100_b0.25_r0.25_eps0.00,C,stability,stability,1,0.1,global,9,100,0.25,0.25,0.0,301,c09_storm2_w80_u100_0029,2274.121200,1370.535600,1754.788400,1282.073200,1117.632800,0.250139,0.059867,0.238411,0.050926
c9_storm2_u100_b0.25_r0.25_eps0.00,C,stability,stability,1,0.1,global,9,100,0.25,0.25,0.0,302,c09_storm2_w80_u100_0020,1496.278800,1355.191600,1491.578800,1315.929600,1173.754800,0.245666,0.072993,0.248815,0.047619
c9_storm2_u100_b0.25_r0.25_eps0.00,C,stability,stability,1,0.1,global,9,100,0.25,0.25,0.0,302,c09_storm2_w80_u100_0021,1480.727600,1403.798000,1486.508400,1360.478000,1302.063600,0.250169,0.070081,0.250505,0.021505
c9_storm2_u100_b0.25_r0.25_eps0.00,C,stability,stability,1,0.1,global,9,100,0.25,0.25,0.0,302,c09_storm2_w80_u100_0022,973.188800,936.001600,1027.952400,989.627200,902.748000,0.240295,0.025070,0.248509,0.026667
c9_storm2_u100_b0.25_r0.25_eps0.00,C,stability,stability,1,0.1,global,9,100,0.25,0.25,0.0,302,c09_storm2_w80_u100_0023,3998.716800,2812.106800,2937.254800,2479.940400,2221.794800,0.250147,0.129412,0.244587,0.071770
c9_storm2_u100_b0.25_r0.25_eps0.00,C,stability,stability,1,0.1,global,9,100,0.25,0.25,0.0,302,c09_storm2_w80_u100_0024,2138.638000,1395.666800,1954.896000,1476.051600,1383.825600,0.250158,0.073232,0.250315,0.050378
c9_storm2_u100_b0.25_r0.25_eps0.00,C,stability,stability,1,0.1,global,9,100,0.25,0.25,0.0,302,c09_storm2_w80_u100_0025,3867.258000,2818.380000,3087.988800,2449.534800,1955.086800,0.241981,0.109302,0.243806,0.048499
c9_storm2_u100_b0.25_r0.25_eps0.00,C,stability,stability,1,0.1,global,9,100,0.25,0.25,0.0,302,c09_storm2_w80_u100_0026,3123.791600,2165.166000,2300.347200,2029.831200,1884.976800,0.250294,0.084706,0.250000,0.049528
c9_storm2_u100_b0.25_r0.25_eps0.00,C,stability,stability,1,0.1,global,9,100,0.25,0.25,0.0,302,c09_storm2_w80_u100_0027,1923.480400,1551.911200,1671.764000,1493.480800,1443.802000,0.250158,0.070886,0.250158,0.027778
c9_storm2_u100_b0.25_r0.25_eps0.00,C,stability,stability,1,0.1,global,9,100,0.25,0.25,0.0,302,c09_storm2_w80_u100_0028,1599.898800,1533.916400,1392.041600,1297.396000,1218.803200,0.250158,0.050633,0.249842,0.017722
c9_storm2_u100_b0.25_r0.25_eps0.00,C,stability,stability,1,0.1,global,9,100,0.25,0.25,0.0,302,c09_storm2_w80_u100_0029,2274.121200,1618.112000,1895.190800,1510.714400,1117.632800,0.250139,0.059867,0.250277,0.033186
c9_storm2_u100_b0.25_r0.25_eps0.00,C,stability,stability,1,0.1,global,9,100,0.25,0.25,0.0,303,c09_storm2_w80_u100_0020,1496.278800,1350.169200,1463.596000,1273.834400,1173.754800,0.246264,0.077670,0.247914,0.062500
c9_storm2_u100_b0.25_r0.25_eps0.00,C,stability,stability,1,0.1,global,9,100,0.25,0.25,0.0,303,c09_storm2_w80_u100_0021,1480.727600,1405.456000,1550.282800,1324.336400,1302.063600,0.250169,0.064690,0.250168,0.016129
c9_storm2_u100_b0.25_r0.25_eps0.00,C,stability,stability,1,0.1,global,9,100,0.25,0.25,0.0,303,c09_storm2_w80_u100_0022,973.188800,952.619200,1091.226400,1031.349600,902.748000,0.241633,0.027701,0.249174,0.026525
c9_storm2_u100_b0.25_r0.25_eps0.00,C,stability,stability,1,0.1,global,9,100,0.25,0.25,0.0,303,c09_storm2_w80_u100_0023,3998.716800,2874.323600,3069.474000,2604.049200,2221.794800,0.250147,0.129412,0.250147,0.072770
c9_storm2_u100_b0.25_r0.25_eps0.00,C,stability,stability,1,0.1,global,9,100,0.25,0.25,0.0,303,c09_storm2_w80_u100_0024,2138.638000,1406.893600,1895.166000,1464.525200,1383.825600,0.250158,0.078283,0.250315,0.060453
c9_storm2_u100_b0.25_r0.25_eps0.00,C,stability,stability,1,0.1,global,9,100,0.25,0.25,0.0,303,c09_storm2_w80_u100_0025,3867.258000,2802.402400,3222.564400,2600.493600,1955.086800,0.241418,0.107226,0.235129,0.062053
c9_storm2_u100_b0.25_r0.25_eps0.00,C,stability,stability,1,0.1,global,9,100,0.25,0.25,0.0,303,c09_storm2_w80_u100_0026,3123.791600,2278.541200,2351.327200,2144.732400,1884.976800,0.250294,0.080000,0.249706,0.044811
c9_storm2_u100_b0.25_r0.25_eps0.00,C,stability,stability,1,0.1,global,9,100,0.25,0.25,0.0,303,c09_storm2_w80_u100_0027,1923.480400,1563.149200,1656.385200,1457.877600,1443.802000,0.250158,0.070886,0.250158,0.032746
c9_storm2_u100_b0.25_r0.25_eps0.00,C,stability,stability,1,0.1,global,9,100,0.25,0.25,0.0,303,c09_storm2_w80_u100_0028,1599.898800,1528.325600,1436.227600,1365.317200,1218.803200,0.250158,0.050633,0.250000,0.012658
c9_storm2_u100_b0.25_r0.25_eps0.00,C,stability,stability,1,0.1,global,9,100,0.25,0.25,0.0,303,c09_storm2_w80_u100_0029,2274.121200,1486.671200,1683.711600,1274.089600,1117.632800,0.250139,0.062084,0.249862,0.048565
c9_storm2_u100_b0.25_r0.25_eps0.00,C,stability,stability,1,0.1,global,9,100,0.25,0.25,0.0,304,c09_storm2_w80_u100_0020,1496.278800,1354.813600,1350.572800,1260.606400,1173.754800,0.245666,0.080292,0.246420,0.053269
c9_storm2_u100_b0.25_r0.25_eps0.00,C,stability,stability,1,0.1,global,9,100,0.25,0.25,0.0,304,c09_storm2_w80_u100_0021,1480.727600,1395.028800,1551.339200,1373.520000,1302.063600,0.250169,0.072776,0.250505,0.037634
c9_storm2_u100_b0.25_r0.25_eps0.00,C,stability,stability,1,0.1,global,9,100,0.25,0.25,0.0,304,c09_storm2_w80_u100_0022,973.188800,936.001600,1060.599600,1006.300800,902.748000,0.240964,0.025000,0.245880,0.021448
c9_storm2_u100_b0.25_r0.25_eps0.00,C,stability,stability,1,0.1,global,9,100,0.25,0.25,0.0,304,c09_storm2_w80_u100_0023,3998.716800,2911.579200,3101.757600,2676.014000,2221.794800,0.250294,0.120000,0.235088,0.101990
c9_storm2_u100_b0.25_r0.25_eps0.00,C,stability,stability,1,0.1,global,9,100,0.25,0.25,0.0,304,c09_storm2_w80_u100_0024,2138.638000,1386.300400,1949.126000,1624.607600,1383.825600,0.250158,0.070707,0.237374,0.045213
c9_storm2_u100_b0.25_r0.25_eps0.00,C,stability,stability,1,0.1,global,9,100,0.25,0.25,0.0,304,c09_storm2_w80_u100_0025,3867.258000,3278.973600,3436.549200,2526.219600,1955.086800,0.241981,0.088372,0.244955,0.077803
c9_storm2_u100_b0.25_r0.25_eps0.00,C,stability,stability,1,0.1,global,9,100,0.25,0.25,0.0,304,c09_storm2_w80_u100_0026,3123.791600,2237.378400,2345.930400,2126.753200,1884.976800,0.250294,0.082353,0.250295,0.054245
c9_storm2_u100_b0.25_r0.25_eps0.00,C,stability,stability,1,0.1,global,9,100,0.25,0.25,0.0,304,c09_storm2_w80_u100_0027,1923.480400,1571.193600,1690.851600,1547.249200,1443.802000,0.250000,0.065823,0.239722,0.031662
c9_storm2_u100_b0.25_r0.25_eps0.00,C,stability,stability,1,0.1,global,9,100,0.25,0.25,0.0,304,c09_storm2_w80_u100_0028,1599.898800,1489.774000,1402.690800,1315.951600,1218.803200,0.250158,0.050633,0.250316,0.022727
c9_storm2_u100_b0.25_r0.25_eps0.00,C,stability,stability,1,0.1,global,9,100,0.25,0.25,0.0,304,c09_storm2_w80_u100_0029,2274.121200,1333.738000,1603.197600,1232.829200,1117.632800,0.250139,0.059867,0.239359,0.034642
c9_storm2_u100_b0.25_r0.25_eps0.00,C,stability,stability,1,0.1,global,9,100,0.25,0.25,0.0,305,c09_storm2_w80_u100_0020,1496.278800,1398.912000,1342.760800,1224.318400,1173.754800,0.250448,0.078759,0.248812,0.059666
c9_storm2_u100_b0.25_r0.25_eps0.00,C,stability,stability,1,0.1,global,9,100,0.25,0.25,0.0,305,c09_storm2_w80_u100_0021,1480.727600,1393.833200,1477.502800,1371.520800,1302.063600,0.250169,0.067385,0.250168,0.032258
c9_storm2_u100_b0.25_r0.25_eps0.00,C,stability,stability,1,0.1,global,9,100,0.25,0.25,0.0,305,c09_storm2_w80_u100_0022,973.188800,952.619200,1003.867600,988.766000,902.748000,0.240295,0.022284,0.246702,0.021390
c9_storm2_u100_b0.25_r0.25_eps0.00,C,stability,stability,1,0.1,global,9,100,0.25,0.25,0.0,305,c09_storm2_w80_u100_0023,3998.716800,2919.548000,3255.916800,2745.860800,2221.794800,0.250147,0.122353,0.246343,0.090261
c9_storm2_u100_b0.25_r0.25_eps0.00,C,stability,stability,1,0.1,global,9,100,0.25,0.25,0.0,305,c09_storm2_w80_u100_0024,2138.638000,1388.086800,1952.886400,1412.966800,1383.825600,0.248263,0.073791,0.241117,0.057895
c9_storm2_u100_b0.25_r0.25_eps0.00,C,stability,stability,1,0.1,global,9,100,0.25,0.25,0.0,305,c09_storm2_w80_u100_0025,3867.258000,2878.254000,3306.982400,2515.190000,1955.086800,0.243106,0.106481,0.244795,0.075862
c9_storm2_u100_b0.25_r0.25_eps0.00,C,stability,stability,1,0.1,global,9,100,0.25,0.25,0.0,305,c09_storm2_w80_u100_0026,3123.791600,2547.945200,2824.830000,2188.916400,1884.976800,0.250294,0.075294,0.250000,0.070755
c9_storm2_u100_b0.25_r0.25_eps0.00,C,stability,stability,1,0.1,global,9,100,0.25,0.25,0.0,305,c09_storm2_w80_u100_0027,1923.480400,1564.600400,1674.664400,1463.819600,1443.802000,0.250158,0.065823,0.243995,0.049223
c9_storm2_u100_b0.25_r0.25_eps0.00,C,stability,stability,1,0.1,global,9,100,0.25,0.25,0.0,305,c09_storm2_w80_u100_0028,1599.898800,1538.349600,1379.294000,1362.523600,1218.803200,0.250158,0.048101,0.250000,0.020253
c9_storm2_u100_b0.25_r0.25_eps0.00,C,stability,stability,1,0.1,global,9,100,0.25,0.25,0.0,305,c09_storm2_w80_u100_0029,2274.121200,1626.466000,1709.734400,1232.745200,1117.632800,0.250139,0.055432,0.239311,0.048724
c9_storm2_u100_b0.25_r0.25_eps0.00,C,stability,stability,1,0.1,global,9,100,0.25,0.25,0.0,306,c09_storm2_w80_u100_0020,1496.278800,1348.066800,1379.224000,1238.926000,1173.754800,0.250448,0.088305,0.249702,0.038186
c9_storm2_u100_b0.25_r0.25_eps0.00,C,stability,stability,1,0.1,global,9,100,0.25,0.25,0.0,306,c09_storm2_w80_u100_0021,1480.727600,1394.279600,1479.164000,1359.792000,1302.063600,0.250169,0.061995,0.250000,0.032345
c9_storm2_u100_b0.25_r0.25_eps0.00,C,stability,stability,1,0.1,global,9,100,0.25,0.25,0.0,306,c09_storm2_w80_u100_0022,973.188800,952.619200,971.370000,922.283200,902.748000,0.241633,0.022161,0.244224,0.018919
c9_storm2_u100_b0.25_r0.25_eps0.00,C,stability,stability,1,0.1,global,9,100,0.25,0.25,0.0,306,c09_storm2_w80_u100_0023,3998.716800,3044.551600,3436.292000,2805.806400,2221.794800,0.250294,0.138824,0.250000,0.067916
c9_storm2_u100_b0.25_r0.25_eps0.00,C,stability,stability,1,0.1,global,9,100,0.25,0.25,0.0,306,c09_storm2_w80_u100_0024,2138.638000,1403.570400,2157.444400,1596.360400,1383.825600,0.250158,0.080808,0.240530,0.062992
c9_storm2_u100_b0.25_r0.25_eps0.00,C,stability,stability,1,0.1,global,9,100,0.25,0.25,0.0,306,c09_storm2_w80_u100_0025,3867.258000,3107.953600,3721.444400,2661.035600,1955.086800,0.245920,0.112128,0.246629,0.068337
c9_storm2_u100_b0.25_r0.25_eps0.00,C,stability,stability,1,0.1,global,9,100,0.25,0.25,0.0,306,c09_storm2_w80_u100_0026,3123.791600,2208.558400,2383.099200,2127.229200,1884.976800,0.250294,0.077647,0.250442,0.054118
c9_storm2_u100_b0.25_r0.25_eps0.00,C,stability,stability,1,0.1,global,9,100,0.25,0.25,0.0,306,c09_storm2_w80_u100_0027,1923.480400,1583.957200,1836.062800,1719.729200,1443.802000,0.250000,0.060759,0.250158,0.030303
c9_storm2_u100_b0.25_r0.25_eps0.00,C,stability,stability,1,0.1,global,9,100,0.25,0.25,0.0,306,c09_storm2_w80_u100_0028,1599.898800,1529.724000,1420.688400,1357.810400,1218.803200,0.250158,0.050633,0.250000,0.022785
c9_storm2_u100_b0.25_r0.25_eps0.00,C,stability,stability,1,0.1,global,9,100,0.25,0.25,0.0,306,c09_storm2_w80_u100_0029,2274.121200,1716.804800,2096.555600,1642.260000,1117.632800,0.250139,0.062084,0.250000,0.059867
c9_storm2_u100_b0.25_r0.25_eps0.00,C,stability,stability,1,0.1,global,9,100,0.25,0.25,0.0,307,c09_storm2_w80_u100_0020,1496.278800,1298.582400,1369.608400,1244.478800,1173.754800,0.245666,0.090024,0.249552,0.045455
c9_storm2_u100_b0.25_r0.25_eps0.00,C,stability,stability,1,0.1,global,9,100,0.25,0.25,0.0,307,c09_storm2_w80_u100_0021,1480.727600,1399.430400,1511.544800,1357.419200,1302.063600,0.250169,0.064690,0.250336,0.021505
c9_storm2_u100_b0.25_r0.25_eps0.00,C,stability,stability,1,0.1,global,9,100,0.25,0.25,0.0,307,c09_storm2_w80_u100_0022,973.188800,936.001600,968.772000,931.599600,902.748000,0.240295,0.027855,0.242404,0.019074
c9_storm2_u100_b0.25_r0.25_eps0.00,C,stability,stability,1,0.1,global,9,100,0.25,0.25,0.0,307,c09_storm2_w80_u100_0023,3998.716800,2822.216800,3050.351600,2472.564400,2221.794800,0.250147,0.129412,0.240328,0.063415
c9_storm2_u100_b0.25_r0.25_eps0.00,C,stability,stability,1,0.1,global,9,100,0.25,0.25,0.0,307,c09_storm2_w80_u100_0024,2138.638000,1394.968400,1854.598800,1540.271200,1383.825600,0.250158,0.075758,0.238665,0.044855
c9_storm2_u100_b0.25_r0.25_eps0.00,C,stability,stability,1,0.1,global,9,100,0.25,0.25,0.0,307,c09_storm2_w80_u100_0025,3867.258000,2889.515600,3173.749600,2649.511600,1955.086800,0.243106,0.111111,0.244094,0.039171
c9_storm2_u100_b0.25_r0.25_eps0.00,C,stability,stability,1,0.1,global,9,100,0.25,0.25,0.0,307,c09_storm2_w80_u100_0026,3123.791600,2290.345200,2195.008800,2081.367600,1884.976800,0.250294,0.084706,0.249706,0.030588
c9_storm2_u100_b0.25_r0.25_eps0.00,C,stability,stability,1,0.1,global,9,100,0.25,0.25,0.0,307,c09_storm2_w80_u100_0027,1923.480400,1563.997600,1693.860800,1554.843600,1443.802000,0.250158,0.060759,0.238815,0.026385
c9_storm2_u100_b0.25_r0.25_eps0.00,C,stability,stability,1,0.1,global,9,100,0.25,0.25,0.0,307,c09_storm2_w80_u100_0028,1599.898800,1529.566800,1457.749200,1433.952800,1218.803200,0.250158,0.053165,0.250000,0.017812
c9_storm2_u100_b0.25_r0.25_eps0.00,C,stability,stability,1,0.1,global,9,100,0.25,0.25,0.0,307,c09_storm2_w80_u100_0029,2274.121200,1620.862800,1692.023200,1452.070400,1117.632800,0.250139,0.057650,0.239046,0.030162
c9_storm2_u100_b0.25_r0.25_eps0.00,C,stability,stability,1,0.1,global,9,100,0.25,0.25,0.0,308,c09_storm2_w80_u100_0020,1496.278800,1389.024800,1368.629200,1266.862800,1173.754800,0.245666,0.072993,0.246420,0.060533
c9_storm2_u100_b0.25_r0.25_eps0.00,C,stability,stability,1,0.1,global,9,100,0.25,0.25,0.0,308,c09_storm2_w80_u100_0021,1480.727600,1404.017600,1461.705200,1376.322800,1302.063600,0.250169,0.064690,0.250336,0.024194
c9_storm2_u100_b0.25_r0.25_eps0.00,C,stability,stability,1,0.1,global,9,100,0.25,0.25,0.0,308,c09_storm2_w80_u100_0022,973.188800,936.001600,959.450000,957.780800,902.748000,0.241633,0.027701,0.241700,0.016484
c9_storm2_u100_b0.25_r0.25_eps0.00,C,stability,stability,1,0.1,global,9,100,0.25,0.25,0.0,308,c09_storm2_w80_u100_0023,3998.716800,2954.841200,2929.884400,2486.736800,2221.794800,0.250147,0.131765,0.244431,0.110312
c9_storm2_u100_b0.25_r0.25_eps0.00,C,stability,stability,1,0.1,global,9,100,0.25,0.25,0.0,308,c09_storm2_w80_u100_0024,2138.638000,1381.624800,2059.629200,1463.772000,1383.825600,0.250158,0.075758,0.243980,0.059740
c9_storm2_u100_b0.25_r0.25_eps0.00,C,stability,stability,1,0.1,global,9,100,0.25,0.25,0.0,308,c09_storm2_w80_u100_0025,3867.258000,2941.380400,3150.069600,2727.821200,1955.086800,0.241418,0.111888,0.244382,0.052874
c9_storm2_u100_b0.25_r0.25_eps0.00,C,stability,stability,1,0.1,global,9,100,0.25,0.25,0.0,308,c09_storm2_w80_u100_0026,3123.791600,2240.005600,2389.051600,2104.685200,1884.976800,0.250294,0.075294,0.250000,0.061033
c9_storm2_u100_b0.25_r0.25_eps0.00,C,stability,stability,1,0.1,global,9,100,0.25,0.25,0.0,308,c09_storm2_w80_u100_0027,1923.480400,1573.466400,1735.491600,1547.662400,1443.802000,0.250000,0.068354,0.248577,0.043257
c9_storm2_u100_b0.25_r0.25_eps0.00,C,stability,stability,1,0.1,global,9,100,0.25,0.25,0.0,308,c09_storm2_w80_u100_0028,1599.898800,1543.323200,1373.628800,1321.905600,1218.803200,0.250158,0.053165,0.249842,0.017722
c9_storm2_u100_b0.25_r0.25_eps0.00,C,stability,stability,1,0.1,global,9,100,0.25,0.25,0.0,308,c09_storm2_w80_u100_0029,2274.121200,1493.913200,1663.734000,1394.349200,1117.632800,0.250139,0.053215,0.239601,0.037037
c9_storm2_u100_b0.25_r0.25_eps0.00,C,stability,stability,1,0.1,global,9,100,0.25,0.25,0.0,309,c09_storm2_w80_u100_0020,1496.278800,1302.299200,1452.839600,1257.659200,1173.754800,0.245666,0.085158,0.245069,0.048780
c9_storm2_u100_b0.25_r0.25_eps0.00,C,stability,stability,1,0.1,global,9,100,0.25,0.25,0.0,309,c09_storm2_w80_u100_0021,1480.727600,1387.861600,1534.069600,1359.824000,1302.063600,0.250169,0.072776,0.250000,0.032345
c9_storm2_u100_b0.25_r0.25_eps0.00,C,stability,stability,1,0.1,global,9,100,0.25,0.25,0.0,309,c09_storm2_w80_u100_0022,973.188800,936.001600,1014.528000,1001.616400,902.748000,0.243641,0.024725,0.249835,0.013228
c9_storm2_u100_b0.25_r0.25_eps0.00,C,stability,stability,1,0.1,global,9,100,0.25,0.25,0.0,309,c09_storm2_w80_u100_0023,3998.716800,2874.136000,3291.287200,2695.809200,2221.794800,0.250147,0.131765,0.250000,0.093677
c9_storm2_u100_b0.25_r0.25_eps0.00,C,stability,stability,1,0.1,global,9,100,0.25,0.25,0.0,309,c09_storm2_w80_u100_0024,2138.638000,1408.901600,1902.371200,1433.687600,1383.825600,0.250158,0.070707,0.250474,0.050505
c9_storm2_u100_b0.25_r0.25_eps0.00,C,stability,stability,1,0.1,global,9,100,0.25,0.25,0.0,309,c09_storm2_w80_u100_0025,3867.258000,2912.613600,3274.628400,2554.412400,1955.086800,0.243106,0.115741,0.250421,0.062780
c9_storm2_u100_b0.25_r0.25_eps0.00,C,stability,stability,1,0.1,global,9,100,0.25,0.25,0.0,309,c09_storm2_w80_u100_0026,3123.791600,2382.356000,2791.071200,2600.808400,1884.976800,0.250294,0.082353,0.250442,0.035294
c9_storm2_u100_b0.25_r0.25_eps0.00,C,stability,stability,1,0.1,global,9,100,0.25,0.25,0.0,309,c09_storm2_w80_u100_0027,1923.480400,1561.528000,1837.814800,1472.821200,1443.802000,0.250000,0.060759,0.250000,0.048101
c9_storm2_u100_b0.25_r0.25_eps0.00,C,stability,stability,1,0.1,global,9,100,0.25,0.25,0.0,309,c09_storm2_w80_u100_0028,1599.898800,1553.923200,1503.273600,1436.676000,1218.803200,0.250000,0.045570,0.250000,0.030380
c9_storm2_u100_b0.25_r0.25_eps0.00,C,stability,stability,1,0.1,global,9,100,0.25,0.25,0.0,309,c09_storm2_w80_u100_0029,2274.121200,1695.408800,1808.375200,1463.326800,1117.632800,0.250139,0.050998,0.250138,0.042035
c9_storm2_u100_b0.25_r0.25_eps0.00,C,stability,stability,1,0.1,global,9,100,0.25,0.25,0.0,310,c09_storm2_w80_u100_0020,1496.278800,1291.732400,1358.240000,1229.831600,1173.754800,0.246862,0.087167,0.249552,0.055024
c9_storm2_u100_b0.25_r0.25_eps0.00,C,stability,stability,1,0.1,global,9,100,0.25,0.25,0.0,310,c09_storm2_w80_u100_0021,1480.727600,1390.920800,1520.145200,1418.228800,1302.063600,0.250169,0.075472,0.242934,0.022161
c9_storm2_u100_b0.25_r0.25_eps0.00,C,stability,stability,1,0.1,global,9,100,0.25,0.25,0.0,310,c09_storm2_w80_u100_0022,973.188800,936.001600,1017.481600,993.946800,902.748000,0.239625,0.025140,0.248180,0.016000
c9_storm2_u100_b0.25_r0.25_eps0.00,C,stability,stability,1,0.1,global,9,100,0.25,0.25,0.0,310,c09_storm2_w80_u100_0023,3998.716800,2915.974400,3171.945200,2487.686800,2221.794800,0.250294,0.117647,0.243275,0.096154
c9_storm2_u100_b0.25_r0.25_eps0.00,C,stability,stability,1,0.1,global,9,100,0.25,0.25,0.0,310,c09_storm2_w80_u100_0024,2138.638000,1381.949200,2000.576400,1497.116400,1383.825600,0.249526,0.073418,0.242271,0.046875
c9_storm2_u100_b0.25_r0.25_eps0.00,C,stability,stability,1,0.1,global,9,100,0.25,0.25,0.0,310,c09_storm2_w80_u100_0025,3867.258000,2978.527200,3353.777200,2396.209200,1955.086800,0.245357,0.103211,0.242560,0.078704
c9_storm2_u100_b0.25_r0.25_eps0.00,C,stability,stability,1,0.1,global,9,100,0.25,0.25,0.0,310,c09_storm2_w80_u100_0026,3123.791600,2387.862000,2793.631600,2208.352800,1884.976800,0.250294,0.075294,0.250000,0.044917
c9_storm2_u100_b0.25_r0.25_eps0.00,C,stability,stability,1,0.1,global,9,100,0.25,0.25,0.0,310,c09_storm2_w80_u100_0027,1923.480400,1565.126800,1784.113200,1440.257600,1443.802000,0.250158,0.068354,0.238457,0.053050
c9_storm2_u100_b0.25_r0.25_eps0.00,C,stability,stability,1,0.1,global,9,100,0.25,0.25,0.0,310,c09_storm2_w80_u100_0028,1599.898800,1544.602000,1482.633200,1382.031200,1218.803200,0.250158,0.050633,0.250476,0.020253
c9_storm2_u100_b0.25_r0.25_eps0.00,C,stability,stability,1,0.1,global,9,100,0.25,0.25,0.0,310,c09_storm2_w80_u100_0029,2274.121200,1629.451600,1701.969600,1408.316400,1117.632800,0.250139,0.059867,0.239179,0.027842
c9_storm2_u100_b0.20_r0.25_eps0.00,A,targeted_split,targeted,1,0.1,global,9,100,0.2,0.25,0.0,301,c09_storm2_w80_u100_0020,1473.651200,1454.358400,1376.866800,1250.838000,1177.979600,0.249253,0.059952,0.248958,0.052632
c9_storm2_u100_b0.20_r0.25_eps0.00,A,targeted_split,targeted,1,0.1,global,9,100,0.2,0.25,0.0,301,c09_storm2_w80_u100_0021,1519.953200,1430.714400,1486.243200,1374.246000,1348.460800,0.248820,0.059621,0.246465,0.043716
c9_storm2_u100_b0.20_r0.25_eps0.00,A,targeted_split,targeted,1,0.1,global,9,100,0.2,0.25,0.0,301,c09_storm2_w80_u100_0022,936.385600,926.554400,930.191200,899.161600,873.416000,0.249833,0.016043,0.250000,0.018519
c9_storm2_u100_b0.20_r0.25_eps0.00,A,targeted_split,targeted,1,0.1,global,9,100,0.2,0.25,0.0,301,c09_storm2_w80_u100_0023,4099.384400,3015.776000,3269.812400,2716.654000,2308.195200,0.244850,0.139423,0.250000,0.100703
c9_storm2_u100_b0.20_r0.25_eps0.00,A,targeted_split,targeted,1,0.1,global,9,100,0.2,0.25,0.0,301,c09_storm2_w80_u100_0024,1943.420000,1499.359600,1679.479200,1294.375600,1285.333600,0.247631,0.061224,0.250000,0.052897
c9_storm2_u100_b0.20_r0.25_eps0.00,A,targeted_split,targeted,1,0.1,global,9,100,0.2,0.25,0.0,301,c09_storm2_w80_u100_0025,3707.412000,2500.523200,3184.714800,2330.191600,1896.992800,0.250422,0.112360,0.250281,0.083146
c9_storm2_u100_b0.20_r0.25_eps0.00,A,targeted_split,targeted,1,0.1,global,9,100,0.2,0.25,0.0,301,c09_storm2_w80_u100_0026,3150.937600,2109.815200,2640.558000,2092.543200,1851.407200,0.242049,0.099757,0.241765,0.075426
c9_storm2_u100_b0.20_r0.25_eps0.00,A,targeted_split,targeted,1,0.1,global,9,100,0.2,0.25,0.0,301,c09_storm2_w80_u100_0027,1808.482000,1479.807600,1588.810400,1352.620400,1322.403200,0.245092,0.056848,0.250000,0.035443
c9_storm2_u100_b0.20_r0.25_eps0.00,A,targeted_split,targeted,1,0.1,global,9,100,0.2,0.25,0.0,301,c09_storm2_w80_u100_0028,1488.968400,1362.670800,1428.622800,1279.598800,1174.773600,0.249207,0.050891,0.247944,0.035714
c9_storm2_u100_b0.20_r0.25_eps0.00,A,targeted_split,targeted,1,0.1,global,9,100,0.2,0.25,0.0,301,c09_storm2_w80_u100_0029,2294.863600,1370.337600,2067.642000,1074.650800,1059.860800,0.241265,0.075862,0.241398,0.052874
c9_storm2_u100_b0.20_r0.25_eps0.00,A,targeted_split,targeted,1,0.1,global,9,100,0.2,0.25,0.0,302,c09_storm2_w80_u100_0020,1473.651200,1454.358400,1416.384400,1227.301200,1177.979600,0.249253,0.059952,0.249106,0.047847
c9_storm2_u100_b0.20_r0.25_eps0.00,A,targeted_split,targeted,1,0.1,global,9,100,0.2,0.25,0.0,302,c09_storm2_w80_u100_0021,1519.953200,1430.714400,1453.212000,1384.236400,1348.460800,0.248820,0.059621,0.246299,0.030055
c9_storm2_u100_b0.20_r0.25_eps0.00,A,targeted_split,targeted,1,0.1,global,9,100,0.2,0.25,0.0,302,c09_storm2_w80_u100_0022,936.385600,926.554400,919.365600,913.761200,873.416000,0.249833,0.016043,0.249007,0.021277
c9_storm2_u100_b0.20_r0.25_eps0.00,A,targeted_split,targeted,1,0.1,global,9,100,0.2,0.25,0.0,302,c09_storm2_w80_u100_0023,4099.384400,3015.776000,3210.518000,2483.469600,2308.195200,0.244850,0.139423,0.248389,0.115566
c9_storm2_u100_b0.20_r0.25_eps0.00,A,targeted_split,targeted,1,0.1,global,9,100,0.2,0.25,0.0,302,c09_storm2_w80_u100_0024,1943.420000,1499.359600,1643.704800,1341.846400,1285.333600,0.247631,0.061224,0.249685,0.055556
c9_storm2_u100_b0.20_r0.25_eps0.00,A,targeted_split,targeted,1,0.1,global,9,100,0.2,0.25,0.0,302,c09_storm2_w80_u100_0025,3707.412000,2500.523200,3199.489200,2334.617600,1896.992800,0.250422,0.112360,0.249297,0.067720
c9_storm2_u100_b0.20_r0.25_eps0.00,A,targeted_split,targeted,1,0.1,global,9,100,0.2,0.25,0.0,302,c09_storm2_w80_u100_0026,3150.937600,2109.815200,2355.332000,1958.167600,1851.407200,0.242049,0.099757,0.242638,0.053398
c9_storm2_u100_b0.20_r0.25_eps0.00,A,targeted_split,targeted,1,0.1,global,9,100,0.2,0.25,0.0,302,c09_storm2_w80_u100_0027,1808.482000,1479.807600,1576.572800,1323.742400,1322.403200,0.245092,0.056848,0.248267,0.045685
c9_storm2_u100_b0.20_r0.25_eps0.00,A,targeted_split,targeted,1,0.1,global,9,100,0.2,0.25,0.0,302,c09_storm2_w80_u100_0028,1488.968400,1362.670800,1334.844400,1274.030000,1174.773600,0.249207,0.050891,0.247305,0.023077
c9_storm2_u100_b0.20_r0.25_eps0.00,A,targeted_split,targeted,1,0.1,global,9,100,0.2,0.25,0.0,302,c09_storm2_w80_u100_0029,2294.863600,1370.337600,1973.794400,1212.668800,1059.860800,0.241265,0.075862,0.248896,0.062084
c9_storm2_u100_b0.20_r0.25_eps0.00,A,targeted_split,targeted,1,0.1,global,9,100,0.2,0.25,0.0,303,c09_storm2_w80_u100_0020,1473.651200,1454.358400,1349.922000,1255.866800,1177.979600,0.249253,0.059952,0.245530,0.029126
c9_storm2_u100_b0.20_r0.25_eps0.00,A,targeted_split,targeted,1,0.1,global,9,100,0.2,0.25,0.0,303,c09_storm2_w80_u100_0021,1519.953200,1430.714400,1486.085200,1388.763600,1348.460800,0.248820,0.059621,0.246972,0.032698
c9_storm2_u100_b0.20_r0.25_eps0.00,A,targeted_split,targeted,1,0.1,global,9,100,0.2,0.25,0.0,303,c09_storm2_w80_u100_0022,936.385600,926.554400,962.853600,875.089600,873.416000,0.249833,0.016043,0.248031,0.023810
c9_storm2_u100_b0.20_r0.25_eps0.00,A,targeted_split,targeted,1,0.1,global,9,100,0.2,0.25,0.0,303,c09_storm2_w80_u100_0023,4099.384400,3015.776000,3105.806800,2539.155600,2308.195200,0.244850,0.139423,0.248829,0.082353
c9_storm2_u100_b0.20_r0.25_eps0.00,A,targeted_split,targeted,1,0.1,global,9,100,0.2,0.25,0.0,303,c09_storm2_w80_u100_0024,1943.420000,1499.359600,1806.858800,1300.780800,1285.333600,0.247631,0.061224,0.249526,0.040506
c9_storm2_u100_b0.20_r0.25_eps0.00,A,targeted_split,targeted,1,0.1,global,9,100,0.2,0.25,0.0,303,c09_storm2_w80_u100_0025,3707.412000,2500.523200,3502.790000,2249.204400,1896.992800,0.250422,0.112360,0.250141,0.083146
c9_storm2_u100_b0.20_r0.25_eps0.00,A,targeted_split,targeted,1,0.1,global,9,100,0.2,0.25,0.0,303,c09_storm2_w80_u100_0026,3150.937600,2109.815200,2655.018000,2031.763200,1851.407200,0.242049,0.099757,0.241784,0.082524
c9_storm2_u100_b0.20_r0.25_eps0.00,A,targeted_split,targeted,1,0.1,global,9,100,0.2,0.25,0.0,303,c09_storm2_w80_u100_0027,1808.482000,1479.807600,1594.987600,1318.284000,1322.403200,0.245092,0.056848,0.245271,0.035990
c9_storm2_u100_b0.20_r0.25_eps0.00,A,targeted_split,targeted,1,0.1,global,9,100,0.2,0.25,0.0,303,c09_storm2_w80_u100_0028,1488.968400,1362.670800,1391.008400,1206.955200,1174.773600,0.249207,0.050891,0.246819,0.030928
c9_storm2_u100_b0.20_r0.25_eps0.00,A,targeted_split,targeted,1,0.1,global,9,100,0.2,0.25,0.0,303,c09_storm2_w80_u100_0029,2294.863600,1370.337600,2008.090800,1183.905200,1059.860800,0.241265,0.075862,0.247508,0.062640
c9_storm2_u100_b0.20_r0.25_eps0.00,A,targeted_split,targeted,1,0.1,global,9,100,0.2,0.25,0.0,304,c09_storm2_w80_u100_0020,1473.651200,1454.358400,1463.969600,1284.887200,1177.979600,0.249253,0.059952,0.247164,0.048309
c9_storm2_u100_b0.20_r0.25_eps0.00,A,targeted_split,targeted,1,0.1,global,9,100,0.2,0.25,0.0,304,c09_storm2_w80_u100_0021,1519.953200,1430.714400,1490.392000,1348.044000,1348.460800,0.248820,0.059621,0.248489,0.040541
c9_storm2_u100_b0.20_r0.25_eps0.00,A,targeted_split,targeted,1,0.1,global,9,100,0.2,0.25,0.0,304,c09_storm2_w80_u100_0022,936.385600,926.554400,949.714400,892.096000,873.416000,0.249833,0.016043,0.250330,0.023747
c9_storm2_u100_b0.20_r0.25_eps0.00,A,targeted_split,targeted,1,0.1,global,9,100,0.2,0.25,0.0,304,c09_storm2_w80_u100_0023,4099.384400,3015.776000,3129.662000,2591.221600,2308.195200,0.244850,0.139423,0.241642,0.109223
c9_storm2_u100_b0.20_r0.25_eps0.00,A,targeted_split,targeted,1,0.1,global,9,100,0.2,0.25,0.0,304,c09_storm2_w80_u100_0024,1943.420000,1499.359600,1662.560800,1314.332400,1285.333600,0.247631,0.061224,0.244486,0.051546
c9_storm2_u100_b0.20_r0.25_eps0.00,A,targeted_split,targeted,1,0.1,global,9,100,0.2,0.25,0.0,304,c09_storm2_w80_u100_0025,3707.412000,2500.523200,3131.150000,2213.954000,1896.992800,0.250422,0.112360,0.250421,0.076233
c9_storm2_u100_b0.20_r0.25_eps0.00,A,targeted_split,targeted,1,0.1,global,9,100,0.2,0.25,0.0,304,c09_storm2_w80_u100_0026,3150.937600,2109.815200,2639.421600,2120.252800,1851.407200,0.242049,0.099757,0.244131,0.081731
c9_storm2_u100_b0.20_r0.25_eps0.00,A,targeted_split,targeted,1,0.1,global,9,100,0.2,0.25,0.0,304,c09_storm2_w80_u100_0027,1808.482000,1479.807600,1629.925200,1394.247600,1322.403200,0.245092,0.056848,0.243020,0.041775
c9_storm2_u100_b0.20_r0.25_eps0.00,A,targeted_split,targeted,1,0.1,global,9,100,0.2,0.25,0.0,304,c09_storm2_w80_u100_0028,1488.968400,1362.670800,1333.686800,1216.897600,1174.773600,0.249207,0.050891,0.248577,0.027990
c9_storm2_u100_b0.20_r0.25_eps0.00,A,targeted_split,targeted,1,0.1,global,9,100,0.2,0.25,0.0,304,c09_storm2_w80_u100_0029,2294.863600,1370.337600,1858.112000,1178.420000,1059.860800,0.241265,0.075862,0.243767,0.050000
c9_storm2_u100_b0.20_r0.25_eps0.00,A,targeted_split,targeted,1,0.1,global,9,100,0.2,0.25,0.0,305,c09_storm2_w80_u100_0020,1473.651200,1454.358400,1400.022000,1271.664000,1177.979600,0.249253,0.059952,0.248807,0.052758
c9_storm2_u100_b0.20_r0.25_eps0.00,A,targeted_split,targeted,1,0.1,global,9,100,0.2,0.25,0.0,305,c09_storm2_w80_u100_0021,1519.953200,1430.714400,1468.286000,1379.770000,1348.460800,0.248820,0.059621,0.247811,0.032609
c9_storm2_u100_b0.20_r0.25_eps0.00,A,targeted_split,targeted,1,0.1,global,9,100,0.2,0.25,0.0,305,c09_storm2_w80_u100_0022,936.385600,926.554400,940.993600,888.950000,873.416000,0.249833,0.016043,0.250331,0.031746
c9_storm2_u100_b0.20_r0.25_eps0.00,A,targeted_split,targeted,1,0.1,global,9,100,0.2,0.25,0.0,305,c09_storm2_w80_u100_0023,4099.384400,3015.776000,3213.488800,2590.588800,2308.195200,0.244850,0.139423,0.250000,0.100703
c9_storm2_u100_b0.20_r0.25_eps0.00,A,targeted_split,targeted,1,0.1,global,9,100,0.2,0.25,0.0,305,c09_storm2_w80_u100_0024,1943.420000,1499.359600,1807.818800,1319.253600,1285.333600,0.247631,0.061224,0.249842,0.050633
c9_storm2_u100_b0.20_r0.25_eps0.00,A,targeted_split,targeted,1,0.1,global,9,100,0.2,0.25,0.0,305,c09_storm2_w80_u100_0025,3707.412000,2500.523200,3130.150000,2170.860000,1896.992800,0.250422,0.112360,0.250281,0.071910
c9_storm2_u100_b0.20_r0.25_eps0.00,A,targeted_split,targeted,1,0.1,global,9,100,0.2,0.25,0.0,305,c09_storm2_w80_u100_0026,3150.937600,2109.815200,2431.215200,2035.589600,1851.407200,0.242049,0.099757,0.241035,0.065854
c9_storm2_u100_b0.20_r0.25_eps0.00,A,targeted_split,targeted,1,0.1,global,9,100,0.2,0.25,0.0,305,c09_storm2_w80_u100_0027,1808.482000,1479.807600,1587.136800,1315.214000,1322.403200,0.245092,0.056848,0.250158,0.035264
c9_storm2_u100_b0.20_r0.25_eps0.00,A,targeted_split,targeted,1,0.1,global,9,100,0.2,0.25,0.0,305,c09_storm2_w80_u100_0028,1488.968400,1362.670800,1343.231600,1205.778800,1174.773600,0.249207,0.050891,0.247298,0.035990
c9_storm2_u100_b0.20_r0.25_eps0.00,A,targeted_split,targeted,1,0.1,global,9,100,0.2,0.25,0.0,305,c09_storm2_w80_u100_0029,2294.863600,1370.337600,1888.251200,1181.840800,1059.860800,0.241265,0.075862,0.248475,0.060268
c9_storm2_u100_b0.20_r0.25_eps0.00,A,targeted_split,targeted,1,0.1,global,9,100,0.2,0.25,0.0,306,c09_storm2_w80_u100_0020,1473.651200,1454.358400,1408.152800,1259.800400,1177.979600,0.249253,0.059952,0.247460,0.057971
c9_storm2_u100_b0.20_r0.25_eps0.00,A,targeted_split,targeted,1,0.1,global,9,100,0.2,0.25,0.0,306,c09_storm2_w80_u100_0021,1519.953200,1430.714400,1546.158000,1359.789600,1348.460800,0.248820,0.059621,0.247811,0.027174
c9_storm2_u100_b0.20_r0.25_eps0.00,A,targeted_split,targeted,1,0.1,global,9,100,0.2,0.25,0.0,306,c09_storm2_w80_u100_0022,936.385600,926.554400,941.694000,907.542800,873.416000,0.249833,0.016043,0.250330,0.013193
c9_storm2_u100_b0.20_r0.25_eps0.00,A,targeted_split,targeted,1,0.1,global,9,100,0.2,0.25,0.0,306,c09_storm2_w80_u100_0023,4099.384400,3015.776000,3201.863600,2547.414400,2308.195200,0.244850,0.139423,0.243988,0.088942
c9_storm2_u100_b0.20_r0.25_eps0.00,A,targeted_split,targeted,1,0.1,global,9,100,0.2,0.25,0.0,306,c09_storm2_w80_u100_0024,1943.420000,1499.359600,1669.044400,1301.370400,1285.333600,0.247631,0.061224,0.246368,0.043590
c9_storm2_u100_b0.20_r0.25_eps0.00,A,targeted_split,targeted,1,0.1,global,9,100,0.2,0.25,0.0,306,c09_storm2_w80_u100_0025,3707.412000,2500.523200,3159.473600,2150.628000,1896.992800,0.250422,0.112360,0.245368,0.066362
c9_storm2_u100_b0.20_r0.25_eps0.00,A,targeted_split,targeted,1,0.1,global,9,100,0.2,0.25,0.0,306,c09_storm2_w80_u100_0026,3150.937600,2109.815200,2444.671600,2053.550800,1851.407200,0.242049,0.099757,0.243227,0.050847
c9_storm2_u100_b0.20_r0.25_eps0.00,A,targeted_split,targeted,1,0.1,global,9,100,0.2,0.25,0.0,306,c09_storm2_w80_u100_0027,1808.482000,1479.807600,1633.566800,1311.094400,1322.403200,0.245092,0.056848,0.244164,0.036176
c9_storm2_u100_b0.20_r0.25_eps0.00,A,targeted_split,targeted,1,0.1,global,9,100,0.2,0.25,0.0,306,c09_storm2_w80_u100_0028,1488.968400,1362.670800,1395.117200,1249.255200,1174.773600,0.249207,0.050891,0.246992,0.020513
c9_storm2_u100_b0.20_r0.25_eps0.00,A,targeted_split,targeted,1,0.1,global,9,100,0.2,0.25,0.0,306,c09_storm2_w80_u100_0029,2294.863600,1370.337600,1739.106800,1049.768800,1059.860800,0.241265,0.075862,0.241971,0.050343
c9_storm2_u100_b0.20_r0.25_eps0.00,A,targeted_split,targeted,1,0.1,global,9,100,0.2,0.25,0.0,307,c09_storm2_w80_u100_0020,1473.651200,1454.358400,1299.395600,1233.264400,1177.979600,0.249253,0.059952,0.247914,0.048077
c9_storm2_u100_b0.20_r0.25_eps0.00,A,targeted_split,targeted,1,0.1,global,9,100,0.2,0.25,0.0,307,c09_storm2_w80_u100_0021,1519.953200,1430.714400,1523.126400,1376.401600,1348.460800,0.248820,0.059621,0.250505,0.037634
c9_storm2_u100_b0.20_r0.25_eps0.00,A,targeted_split,targeted,1,0.1,global,9,100,0.2,0.25,0.0,307,c09_storm2_w80_u100_0022,936.385600,926.554400,971.780800,917.552000,873.416000,0.249833,0.016043,0.250000,0.034301
c9_storm2_u100_b0.20_r0.25_eps0.00,A,targeted_split,targeted,1,0.1,global,9,100,0.2,0.25,0.0,307,c09_storm2_w80_u100_0023,4099.384400,3015.776000,3421.761200,2737.288000,2308.195200,0.244850,0.139423,0.250000,0.119438
c9_storm2_u100_b0.20_r0.25_eps0.00,A,targeted_split,targeted,1,0.1,global,9,100,0.2,0.25,0.0,307,c09_storm2_w80_u100_0024,1943.420000,1499.359600,1673.570000,1320.164800,1285.333600,0.247631,0.061224,0.250000,0.050251
c9_storm2_u100_b0.20_r0.25_eps0.00,A,targeted_split,targeted,1,0.1,global,9,100,0.2,0.25,0.0,307,c09_storm2_w80_u100_0025,3707.412000,2500.523200,3165.061200,2275.978000,1896.992800,0.250422,0.112360,0.249154,0.072398
c9_storm2_u100_b0.20_r0.25_eps0.00,A,targeted_split,targeted,1,0.1,global,9,100,0.2,0.25,0.0,307,c09_storm2_w80_u100_0026,3150.937600,2109.815200,2725.651200,1940.406400,1851.407200,0.242049,0.099757,0.242068,0.072816
c9_storm2_u100_b0.20_r0.25_eps0.00,A,targeted_split,targeted,1,0.1,global,9,100,0.2,0.25,0.0,307,c09_storm2_w80_u100_0027,1808.482000,1479.807600,1600.900800,1314.855200,1322.403200,0.245092,0.056848,0.242731,0.036458
c9_storm2_u100_b0.20_r0.25_eps0.00,A,targeted_split,targeted,1,0.1,global,9,100,0.2,0.25,0.0,307,c09_storm2_w80_u100_0028,1488.968400,1362.670800,1359.453200,1299.979200,1174.773600,0.249207,0.050891,0.246992,0.030769
c9_storm2_u100_b0.20_r0.25_eps0.00,A,targeted_split,targeted,1,0.1,global,9,100,0.2,0.25,0.0,307,c09_storm2_w80_u100_0029,2294.863600,1370.337600,1889.461600,1088.251200,1059.860800,0.241265,0.075862,0.247920,0.053691
c9_storm2_u100_b0.20_r0.25_eps0.00,A,targeted_split,targeted,1,0.1,global,9,100,0.2,0.25,0.0,308,c09_storm2_w80_u100_0020,1473.651200,1454.358400,1420.016000,1258.287600,1177.979600,0.249253,0.059952,0.246722,0.043478
c9_storm2_u100_b0.20_r0.25_eps0.00,A,targeted_split,targeted,1,0.1,global,9,100,0.2,0.25,0.0,308,c09_storm2_w80_u100_0021,1519.953200,1430.714400,1427.249200,1349.996000,1348.460800,0.248820,0.059621,0.247978,0.032609
c9_storm2_u100_b0.20_r0.25_eps0.00,A,targeted_split,targeted,1,0.1,global,9,100,0.2,0.25,0.0,308,c09_storm2_w80_u100_0022,936.385600,926.554400,943.426000,887.863200,873.416000,0.249833,0.016043,0.248517,0.029178
c9_storm2_u100_b0.20_r0.25_eps0.00,A,targeted_split,targeted,1,0.1,global,9,100,0.2,0.25,0.0,308,c09_storm2_w80_u100_0023,4099.384400,3015.776000,3237.102000,2604.058800,2308.195200,0.244850,0.139423,0.249854,0.096019
c9_storm2_u100_b0.20_r0.25_eps0.00,A,targeted_split,targeted,1,0.1,global,9,100,0.2,0.25,0.0,308,c09_storm2_w80_u100_0024,1943.420000,1499.359600,1847.148400,1324.637200,1285.333600,0.247631,0.061224,0.249054,0.048101
c9_storm2_u100_b0.20_r0.25_eps0.00,A,targeted_split,targeted,1,0.1,global,9,100,0.2,0.25,0.0,308,c09_storm2_w80_u100_0025,3707.412000,2500.523200,2993.080000,2078.751200,1896.992800,0.250422,0.112360,0.249298,0.067568
c9_storm2_u100_b0.20_r0.25_eps0.00,A,targeted_split,targeted,1,0.1,global,9,100,0.2,0.25,0.0,308,c09_storm2_w80_u100_0026,3150.937600,2109.815200,2460.139600,2052.671600,1851.407200,0.242049,0.099757,0.243974,0.065060
c9_storm2_u100_b0.20_r0.25_eps0.00,A,targeted_split,targeted,1,0.1,global,9,100,0.2,0.25,0.0,308,c09_storm2_w80_u100_0027,1808.482000,1479.807600,1581.286400,1327.986000,1322.403200,0.245092,0.056848,0.240834,0.031496
c9_storm2_u100_b0.20_r0.25_eps0.00,A,targeted_split,targeted,1,0.1,global,9,100,0.2,0.25,0.0,308,c09_storm2_w80_u100_0028,1488.968400,1362.670800,1388.177600,1254.936000,1174.773600,0.249207,0.050891,0.247319,0.030612
c9_storm2_u100_b0.20_r0.25_eps0.00,A,targeted_split,targeted,1,0.1,global,9,100,0.2,0.25,0.0,308,c09_storm2_w80_u100_0029,2294.863600,1370.337600,1843.360000,1231.523200,1059.860800,0.241265,0.075862,0.249724,0.048673
c9_storm2_u100_b0.20_r0.25_eps0.00,A,targeted_split,targeted,1,0.1,global,9,100,0.2,0.25,0.0,309,c09_storm2_w80_u100_0020,1473.651200,1454.358400,1358.858000,1231.845600,1177.979600,0.249253,0.059952,0.247619,0.067308
c9_storm2_u100_b0.20_r0.25_eps0.00,A,targeted_split,targeted,1,0.1,global,9,100,0.2,0.25,0.0,309,c09_storm2_w80_u100_0021,1519.953200,1430.714400,1471.951600,1374.214400,1348.460800,0.248820,0.059621,0.247978,0.046196
c9_storm2_u100_b0.20_r0.25_eps0.00,A,targeted_split,targeted,1,0.1,global,9,100,0.2,0.25,0.0,309,c09_storm2_w80_u100_0022,936.385600,926.554400,899.107200,888.949200,873.416000,0.249833,0.016043,0.249835,0.007937
c9_storm2_u100_b0.20_r0.25_eps0.00,A,targeted_split,targeted,1,0.1,global,9,100,0.2,0.25,0.0,309,c09_storm2_w80_u100_0023,4099.384400,3015.776000,3483.378400,2526.175200,2308.195200,0.244850,0.139423,0.250147,0.112941
c9_storm2_u100_b0.20_r0.25_eps0.00,A,targeted_split,targeted,1,0.1,global,9,100,0.2,0.25,0.0,309,c09_storm2_w80_u100_0024,1943.420000,1499.359600,1747.343200,1325.422000,1285.333600,0.247631,0.061224,0.249842,0.037975
c9_storm2_u100_b0.20_r0.25_eps0.00,A,targeted_split,targeted,1,0.1,global,9,100,0.2,0.25,0.0,309,c09_storm2_w80_u100_0025,3707.412000,2500.523200,3320.274400,2288.321200,1896.992800,0.250422,0.112360,0.250281,0.087640
c9_storm2_u100_b0.20_r0.25_eps0.00,A,targeted_split,targeted,1,0.1,global,9,100,0.2,0.25,0.0,309,c09_storm2_w80_u100_0026,3150.937600,2109.815200,2547.420800,2111.306000,1851.407200,0.242049,0.099757,0.242012,0.068460
c9_storm2_u100_b0.20_r0.25_eps0.00,A,targeted_split,targeted,1,0.1,global,9,100,0.2,0.25,0.0,309,c09_storm2_w80_u100_0027,1808.482000,1479.807600,1579.851600,1319.768800,1322.403200,0.245092,0.056848,0.249842,0.035443
c9_storm2_u100_b0.20_r0.25_eps0.00,A,targeted_split,targeted,1,0.1,global,9,100,0.2,0.25,0.0,309,c09_storm2_w80_u100_0028,1488.968400,1362.670800,1370.809600,1204.527200,1174.773600,0.249207,0.050891,0.247155,0.030691
c9_storm2_u100_b0.20_r0.25_eps0.00,A,targeted_split,targeted,1,0.1,global,9,100,0.2,0.25,0.0,309,c09_storm2_w80_u100_0029,2294.863600,1370.337600,1976.129200,1315.120000,1059.860800,0.241265,0.075862,0.249584,0.066667
c9_storm2_u100_b0.20_r0.25_eps0.00,A,targeted_split,targeted,1,0.1,global,9,100,0.2,0.25,0.0,310,c09_storm2_w80_u100_0020,1473.651200,1454.358400,1430.691600,1220.922800,1177.979600,0.249253,0.059952,0.247171,0.057831
c9_storm2_u100_b0.20_r0.25_eps0.00,A,targeted_split,targeted,1,0.1,global,9,100,0.2,0.25,0.0,310,c09_storm2_w80_u100_0021,1519.953200,1430.714400,1453.173200,1363.946800,1348.460800,0.248820,0.059621,0.248318,0.037940
c9_storm2_u100_b0.20_r0.25_eps0.00,A,targeted_split,targeted,1,0.1,global,9,100,0.2,0.25,0.0,310,c09_storm2_w80_u100_0022,936.385600,926.554400,939.986800,893.985600,873.416000,0.249833,0.016043,0.250329,0.020997
c9_storm2_u100_b0.20_r0.25_eps0.00,A,targeted_split,targeted,1,0.1,global,9,100,0.2,0.25,0.0,310,c09_storm2_w80_u100_0023,4099.384400,3015.776000,3256.076000,2606.062400,2308.195200,0.244850,0.139423,0.245327,0.109524
c9_storm2_u100_b0.20_r0.25_eps0.00,A,targeted_split,targeted,1,0.1,global,9,100,0.2,0.25,0.0,310,c09_storm2_w80_u100_0024,1943.420000,1499.359600,1602.372400,1282.690400,1285.333600,0.247631,0.061224,0.244782,0.041344
c9_storm2_u100_b0.20_r0.25_eps0.00,A,targeted_split,targeted,1,0.1,global,9,100,0.2,0.25,0.0,310,c09_storm2_w80_u100_0025,3707.412000,2500.523200,3198.483200,2251.261200,1896.992800,0.250422,0.112360,0.246361,0.075000
c9_storm2_u100_b0.20_r0.25_eps0.00,A,targeted_split,targeted,1,0.1,global,9,100,0.2,0.25,0.0,310,c09_storm2_w80_u100_0026,3150.937600,2109.815200,2592.222400,2107.108800,1851.407200,0.242049,0.099757,0.240492,0.070560
c9_storm2_u100_b0.20_r0.25_eps0.00,A,targeted_split,targeted,1,0.1,global,9,100,0.2,0.25,0.0,310,c09_storm2_w80_u100_0027,1808.482000,1479.807600,1471.588800,1296.069200,1322.403200,0.245092,0.056848,0.244962,0.025707
c9_storm2_u100_b0.20_r0.25_eps0.00,A,targeted_split,targeted,1,0.1,global,9,100,0.2,0.25,0.0,310,c09_storm2_w80_u100_0028,1488.968400,1362.670800,1322.074000,1201.371600,1174.773600,0.249207,0.050891,0.247475,0.038265
c9_storm2_u100_b0.20_r0.25_eps0.00,A,targeted_split,targeted,1,0.1,global,9,100,0.2,0.25,0.0,310,c09_storm2_w80_u100_0029,2294.863600,1370.337600,1861.713200,1237.480400,1059.860800,0.241265,0.075862,0.244481,0.056433
c9_storm2_u100_b0.20_r0.25_eps0.25,B,targeted_split,targeted,1,0.1,global,9,100,0.2,0.25,0.25,301,c09_storm2_w80_u100_0020,1473.651200,1481.237600,1579.286800,1495.034400,1177.979600,0.249253,0.172662,0.248067,0.153477
c9_storm2_u100_b0.20_r0.25_eps0.25,B,targeted_split,targeted,1,0.1,global,9,100,0.2,0.25,0.25,301,c09_storm2_w80_u100_0021,1519.953200,1463.768400,1518.953200,1456.874400,1348.460800,0.249158,0.164865,0.248485,0.159892
c9_storm2_u100_b0.20_r0.25_eps0.25,B,targeted_split,targeted,1,0.1,global,9,100,0.2,0.25,0.25,301,c09_storm2_w80_u100_0022,936.385600,918.010400,942.512000,891.073600,873.416000,0.250498,0.108753,0.250000,0.118734
c9_storm2_u100_b0.20_r0.25_eps0.25,B,targeted_split,targeted,1,0.1,global,9,100,0.2,0.25,0.25,301,c09_storm2_w80_u100_0023,4099.384400,2957.268800,3561.712800,2949.069600,2308.195200,0.245006,0.304556,0.242407,0.272289
c9_storm2_u100_b0.20_r0.25_eps0.25,B,targeted_split,targeted,1,0.1,global,9,100,0.2,0.25,0.25,301,c09_storm2_w80_u100_0024,1943.420000,1392.458400,1716.730400,1394.223200,1285.333600,0.246212,0.192308,0.245117,0.169666
c9_storm2_u100_b0.20_r0.25_eps0.25,B,targeted_split,targeted,1,0.1,global,9,100,0.2,0.25,0.25,301,c09_storm2_w80_u100_0025,3707.412000,2619.715600,3276.947600,2367.364800,1896.992800,0.250141,0.193694,0.248036,0.185520
c9_storm2_u100_b0.20_r0.25_eps0.25,B,targeted_split,targeted,1,0.1,global,9,100,0.2,0.25,0.25,301,c09_storm2_w80_u100_0026,3150.937600,2233.247200,2848.997200,2154.312400,1851.407200,0.242353,0.194175,0.241259,0.169082
c9_storm2_u100_b0.20_r0.25_eps0.25,B,targeted_split,targeted,1,0.1,global,9,100,0.2,0.25,0.25,301,c09_storm2_w80_u100_0027,1808.482000,1511.080000,1639.792800,1371.008800,1322.403200,0.245558,0.173127,0.244641,0.164948
c9_storm2_u100_b0.20_r0.25_eps0.25,B,targeted_split,targeted,1,0.1,global,9,100,0.2,0.25,0.25,301,c09_storm2_w80_u100_0028,1488.968400,1434.598400,1422.104400,1281.720000,1174.773600,0.250000,0.175573,0.246506,0.167526
c9_storm2_u100_b0.20_r0.25_eps0.25,B,targeted_split,targeted,1,0.1,global,9,100,0.2,0.25,0.25,301,c09_storm2_w80_u100_0029,2294.863600,1282.497200,1881.741200,1232.190800,1059.860800,0.242391,0.157534,0.242105,0.153318
c9_storm2_u100_b0.20_r0.25_eps0.25,B,targeted_split,targeted,1,0.1,global,9,100,0.2,0.25,0.25,302,c09_storm2_w80_u100_0020,1473.651200,1422.817200,1491.784800,1391.050000,1177.979600,0.249851,0.177033,0.246429,0.159420
c9_storm2_u100_b0.20_r0.25_eps0.25,B,targeted_split,targeted,1,0.1,global,9,100,0.2,0.25,0.25,302,c09_storm2_w80_u100_0021,1519.953200,1459.531200,1447.163600,1383.689200,1348.460800,0.249494,0.140541,0.247984,0.119241
c9_storm2_u100_b0.20_r0.25_eps0.25,B,targeted_split,targeted,1,0.1,global,9,100,0.2,0.25,0.25,302,c09_storm2_w80_u100_0022,936.385600,886.426400,975.769200,978.735600,873.416000,0.250000,0.131016,0.250331,0.105820
c9_storm2_u100_b0.20_r0.25_eps0.25,B,targeted_split,targeted,1,0.1,global,9,100,0.2,0.25,0.25,302,c09_storm2_w80_u100_0023,4099.384400,3267.851200,3602.411600,2833.945200,2308.195200,0.246769,0.242857,0.239626,0.234146
c9_storm2_u100_b0.20_r0.25_eps0.25,B,targeted_split,targeted,1,0.1,global,9,100,0.2,0.25,0.25,302,c09_storm2_w80_u100_0024,1943.420000,1468.635200,1739.392800,1347.318400,1285.333600,0.248737,0.164975,0.247325,0.145038
c9_storm2_u100_b0.20_r0.25_eps0.25,B,targeted_split,targeted,1,0.1,global,9,100,0.2,0.25,0.25,302,c09_storm2_w80_u100_0025,3707.412000,2608.940800,3097.943200,2319.396000,1896.992800,0.250000,0.200450,0.250140,0.200893
c9_storm2_u100_b0.20_r0.25_eps0.25,B,targeted_split,targeted,1,0.1,global,9,100,0.2,0.25,0.25,302,c09_storm2_w80_u100_0026,3150.937600,2208.205200,2956.913600,2111.083600,1851.407200,0.242941,0.196126,0.242020,0.184652
c9_storm2_u100_b0.20_r0.25_eps0.25,B,targeted_split,targeted,1,0.1,global,9,100,0.2,0.25,0.25,302,c09_storm2_w80_u100_0027,1808.482000,1490.126000,1574.354400,1310.621600,1322.403200,0.246992,0.176923,0.247170,0.152672
c9_storm2_u100_b0.20_r0.25_eps0.25,B,targeted_split,targeted,1,0.1,global,9,100,0.2,0.25,0.25,302,c09_storm2_w80_u100_0028,1488.968400,1392.945200,1392.294400,1207.471600,1174.773600,0.250000,0.136709,0.246203,0.136247
c9_storm2_u100_b0.20_r0.25_eps0.25,B,targeted_split,targeted,1,0.1,global,9,100,0.2,0.25,0.25,302,c09_storm2_w80_u100_0029,2294.863600,1442.120000,1808.365600,1437.570000,1059.860800,0.240710,0.218894,0.242944,0.223235
c9_storm2_u100_b0.20_r0.25_eps0.25,B,targeted_split,targeted,1,0.1,global,9,100,0.2,0.25,0.25,303,c09_storm2_w80_u100_0020,1473.651200,1470.824000,1561.014400,1387.970800,1177.979600,0.248804,0.182692,0.250149,0.173810
c9_storm2_u100_b0.20_r0.25_eps0.25,B,targeted_split,targeted,1,0.1,global,9,100,0.2,0.25,0.25,303,c09_storm2_w80_u100_0021,1519.953200,1516.909600,1483.186000,1391.746000,1348.460800,0.249663,0.183784,0.250000,0.166220
c9_storm2_u100_b0.20_r0.25_eps0.25,B,targeted_split,targeted,1,0.1,global,9,100,0.2,0.25,0.25,303,c09_storm2_w80_u100_0022,936.385600,901.945600,913.439200,903.892800,873.416000,0.250502,0.122995,0.250329,0.102362
c9_storm2_u100_b0.20_r0.25_eps0.25,B,targeted_split,targeted,1,0.1,global,9,100,0.2,0.25,0.25,303,c09_storm2_w80_u100_0023,4099.384400,3228.067200,4066.795200,3072.417200,2308.195200,0.247204,0.228571,0.248829,0.207059
c9_storm2_u100_b0.20_r0.25_eps0.25,B,targeted_split,targeted,1,0.1,global,9,100,0.2,0.25,0.25,303,c09_storm2_w80_u100_0024,1943.420000,1420.084000,1686.742800,1360.724800,1285.333600,0.246047,0.156812,0.244975,0.133333
c9_storm2_u100_b0.20_r0.25_eps0.25,B,targeted_split,targeted,1,0.1,global,9,100,0.2,0.25,0.25,303,c09_storm2_w80_u100_0025,3707.412000,2598.037200,3403.964000,2305.173200,1896.992800,0.249859,0.200450,0.246067,0.180365
c9_storm2_u100_b0.20_r0.25_eps0.25,B,targeted_split,targeted,1,0.1,global,9,100,0.2,0.25,0.25,303,c09_storm2_w80_u100_0026,3150.937600,2282.309200,3353.626800,2176.723200,1851.407200,0.244431,0.184652,0.250000,0.197674
c9_storm2_u100_b0.20_r0.25_eps0.25,B,targeted_split,targeted,1,0.1,global,9,100,0.2,0.25,0.25,303,c09_storm2_w80_u100_0027,1808.482000,1581.037600,1556.302000,1314.333200,1322.403200,0.246358,0.172237,0.245747,0.151282
c9_storm2_u100_b0.20_r0.25_eps0.25,B,targeted_split,targeted,1,0.1,global,9,100,0.2,0.25,0.25,303,c09_storm2_w80_u100_0028,1488.968400,1307.956000,1559.906800,1256.968000,1174.773600,0.247944,0.132653,0.250315,0.123426
c9_storm2_u100_b0.20_r0.25_eps0.25,B,targeted_split,targeted,1,0.1,global,9,100,0.2,0.25,0.25,303,c09_storm2_w80_u100_0029,2294.863600,1419.021200,2039.995600,1380.726000,1059.860800,0.242239,0.176201,0.243916,0.176871
c9_storm2_u100_b0.20_r0.25_eps0.25,B,targeted_split,targeted,1,0.1,global,9,100,0.2,0.25,0.25,304,c09_storm2_w80_u100_0020,1473.651200,1408.813200,1502.020000,1324.946400,1177.979600,0.248804,0.173077,0.247017,0.171498
c9_storm2_u100_b0.20_r0.25_eps0.25,B,targeted_split,targeted,1,0.1,global,9,100,0.2,0.25,0.25,304,c09_storm2_w80_u100_0021,1519.953200,1471.347600,1375.070000,1340.251200,1348.460800,0.248820,0.200542,0.248318,0.162602
c9_storm2_u100_b0.20_r0.25_eps0.25,B,targeted_split,targeted,1,0.1,global,9,100,0.2,0.25,0.25,304,c09_storm2_w80_u100_0022,936.385600,892.444800,919.658000,913.500000,873.416000,0.250000,0.152406,0.249340,0.156085
c9_storm2_u100_b0.20_r0.25_eps0.25,B,targeted_split,targeted,1,0.1,global,9,100,0.2,0.25,0.25,304,c09_storm2_w80_u100_0023,4099.384400,3241.008400,3855.362400,3005.678800,2308.195200,0.246326,0.257757,0.242815,0.251208
c9_storm2_u100_b0.20_r0.25_eps0.25,B,targeted_split,targeted,1,0.1,global,9,100,0.2,0.25,0.25,304,c09_storm2_w80_u100_0024,1943.420000,1469.018400,1722.660400,1476.911600,1285.333600,0.247950,0.185751,0.250000,0.166667
c9_storm2_u100_b0.20_r0.25_eps0.25,B,targeted_split,targeted,1,0.1,global,9,100,0.2,0.25,0.25,304,c09_storm2_w80_u100_0025,3707.412000,2626.412800,3394.880400,2387.792800,1896.992800,0.250000,0.229730,0.248040,0.205418
c9_storm2_u100_b0.20_r0.25_eps0.25,B,targeted_split,targeted,1,0.1,global,9,100,0.2,0.25,0.25,304,c09_storm2_w80_u100_0026,3150.937600,2110.042800,2680.118400,2111.337200,1851.407200,0.242798,0.203390,0.240536,0.174334
c9_storm2_u100_b0.20_r0.25_eps0.25,B,targeted_split,targeted,1,0.1,global,9,100,0.2,0.25,0.25,304,c09_storm2_w80_u100_0027,1808.482000,1486.798800,1610.228800,1334.190000,1322.403200,0.245403,0.162791,0.248897,0.162025
c9_storm2_u100_b0.20_r0.25_eps0.25,B,targeted_split,targeted,1,0.1,global,9,100,0.2,0.25,0.25,304,c09_storm2_w80_u100_0028,1488.968400,1451.334400,1482.233200,1240.689600,1174.773600,0.249367,0.149746,0.247793,0.155216
c9_storm2_u100_b0.20_r0.25_eps0.25,B,targeted_split,targeted,1,0.1,global,9,100,0.2,0.25,0.25,304,c09_storm2_w80_u100_0029,2294.863600,1212.709200,2215.735600,1383.535600,1059.860800,0.241265,0.181609,0.248896,0.177384
c9_storm2_u100_b0.20_r0.25_eps0.25,B,targeted_split,targeted,1,0.1,global,9,100,0.2,0.25,0.25,305,c09_storm2_w80_u100_0020,1473.651200,1491.924000,1424.086800,1292.173600,1177.979600,0.249551,0.172662,0.248210,0.182692
c9_storm2_u100_b0.20_r0.25_eps0.25,B,targeted_split,targeted,1,0.1,global,9,100,0.2,0.25,0.25,305,c09_storm2_w80_u100_0021,1519.953200,1485.355600,1447.010400,1420.248000,1348.460800,0.249158,0.145946,0.247984,0.140921
c9_storm2_u100_b0.20_r0.25_eps0.25,B,targeted_split,targeted,1,0.1,global,9,100,0.2,0.25,0.25,305,c09_storm2_w80_u100_0022,936.385600,877.132800,936.320000,915.686000,873.416000,0.250167,0.152406,0.249506,0.147757
c9_storm2_u100_b0.20_r0.25_eps0.25,B,targeted_split,targeted,1,0.1,global,9,100,0.2,0.25,0.25,305,c09_storm2_w80_u100_0023,4099.384400,3296.060800,3820.536400,2819.170800,2308.195200,0.248381,0.244076,0.250000,0.238318
c9_storm2_u100_b0.20_r0.25_eps0.25,B,targeted_split,targeted,1,0.1,global,9,100,0.2,0.25,0.25,305,c09_storm2_w80_u100_0024,1943.420000,1422.750000,1772.524000,1326.346800,1285.333600,0.248577,0.145038,0.250000,0.139303
c9_storm2_u100_b0.20_r0.25_eps0.25,B,targeted_split,targeted,1,0.1,global,9,100,0.2,0.25,0.25,305,c09_storm2_w80_u100_0025,3707.412000,2629.866800,3463.300000,2520.205600,1896.992800,0.250141,0.242697,0.249581,0.219239
c9_storm2_u100_b0.20_r0.25_eps0.25,B,targeted_split,targeted,1,0.1,global,9,100,0.2,0.25,0.25,305,c09_storm2_w80_u100_0026,3150.937600,2146.195200,2614.634800,2068.516400,1851.407200,0.242335,0.192214,0.243448,0.172249
c9_storm2_u100_b0.20_r0.25_eps0.25,B,targeted_split,targeted,1,0.1,global,9,100,0.2,0.25,0.25,305,c09_storm2_w80_u100_0027,1808.482000,1447.580000,1733.590400,1410.319600,1322.403200,0.245881,0.172680,0.246532,0.150895
c9_storm2_u100_b0.20_r0.25_eps0.25,B,targeted_split,targeted,1,0.1,global,9,100,0.2,0.25,0.25,305,c09_storm2_w80_u100_0028,1488.968400,1394.362000,1391.863600,1246.606800,1174.773600,0.249684,0.179747,0.247625,0.168798
c9_storm2_u100_b0.20_r0.25_eps0.25,B,targeted_split,targeted,1,0.1,global,9,100,0.2,0.25,0.25,305,c09_storm2_w80_u100_0029,2294.863600,1329.380800,1961.879600,1414.395200,1059.860800,0.242643,0.173913,0.246825,0.165548
c9_storm2_u100_b0.20_r0.25_eps0.25,B,targeted_split,targeted,1,0.1,global,9,100,0.2,0.25,0.25,306,c09_storm2_w80_u100_0020,1473.651200,1395.614000,1628.140000,1370.653600,1177.979600,0.249851,0.196172,0.247017,0.210145
c9_storm2_u100_b0.20_r0.25_eps0.25,B,targeted_split,targeted,1,0.1,global,9,100,0.2,0.25,0.25,306,c09_storm2_w80_u100_0021,1519.953200,1486.928400,1533.229600,1413.222000,1348.460800,0.249831,0.172973,0.249163,0.180108
c9_storm2_u100_b0.20_r0.25_eps0.25,B,targeted_split,targeted,1,0.1,global,9,100,0.2,0.25,0.25,306,c09_storm2_w80_u100_0022,936.385600,913.620000,896.517200,896.406000,873.416000,0.250333,0.130319,0.250165,0.129288
c9_storm2_u100_b0.20_r0.25_eps0.25,B,targeted_split,targeted,1,0.1,global,9,100,0.2,0.25,0.25,306,c09_storm2_w80_u100_0023,4099.384400,3253.243600,3827.144000,3099.702800,2308.195200,0.245294,0.242206,0.250000,0.262295
c9_storm2_u100_b0.20_r0.25_eps0.25,B,targeted_split,targeted,1,0.1,global,9,100,0.2,0.25,0.25,306,c09_storm2_w80_u100_0024,1943.420000,1433.761200,1697.574400,1345.972000,1285.333600,0.248263,0.167939,0.245932,0.145038
c9_storm2_u100_b0.20_r0.25_eps0.25,B,targeted_split,targeted,1,0.1,global,9,100,0.2,0.25,0.25,306,c09_storm2_w80_u100_0025,3707.412000,2523.856800,3764.293600,2700.018800,1896.992800,0.250422,0.213483,0.250139,0.220490
c9_storm2_u100_b0.20_r0.25_eps0.25,B,targeted_split,targeted,1,0.1,global,9,100,0.2,0.25,0.25,306,c09_storm2_w80_u100_0026,3150.937600,2256.832400,3229.662000,2192.713200,1851.407200,0.243673,0.195652,0.246942,0.193396
c9_storm2_u100_b0.20_r0.25_eps0.25,B,targeted_split,targeted,1,0.1,global,9,100,0.2,0.25,0.25,306,c09_storm2_w80_u100_0027,1808.482000,1546.740400,1624.020000,1413.178400,1322.403200,0.247625,0.145780,0.250158,0.133501
c9_storm2_u100_b0.20_r0.25_eps0.25,B,targeted_split,targeted,1,0.1,global,9,100,0.2,0.25,0.25,306,c09_storm2_w80_u100_0028,1488.968400,1451.138400,1631.442400,1378.165600,1174.773600,0.249209,0.170051,0.249059,0.178841
c9_storm2_u100_b0.20_r0.25_eps0.25,B,targeted_split,targeted,1,0.1,global,9,100,0.2,0.25,0.25,306,c09_storm2_w80_u100_0029,2294.863600,1465.667200,2190.245600,1294.448400,1059.860800,0.242778,0.215103,0.247929,0.213808
c9_storm2_u100_b0.20_r0.25_eps0.25,B,targeted_split,targeted,1,0.1,global,9,100,0.2,0.25,0.25,307,c09_storm2_w80_u100_0020,1473.651200,1473.434000,1426.284800,1348.236800,1177.979600,0.249851,0.188995,0.248958,0.160287
c9_storm2_u100_b0.20_r0.25_eps0.25,B,targeted_split,targeted,1,0.1,global,9,100,0.2,0.25,0.25,307,c09_storm2_w80_u100_0021,1519.953200,1446.660400,1469.801600,1410.731600,1348.460800,0.249494,0.148649,0.250336,0.139410
c9_storm2_u100_b0.20_r0.25_eps0.25,B,targeted_split,targeted,1,0.1,global,9,100,0.2,0.25,0.25,307,c09_storm2_w80_u100_0022,936.385600,902.618400,970.320000,900.414400,873.416000,0.250334,0.149333,0.249508,0.139474
c9_storm2_u100_b0.20_r0.25_eps0.25,B,targeted_split,targeted,1,0.1,global,9,100,0.2,0.25,0.25,307,c09_storm2_w80_u100_0023,4099.384400,3051.132400,3872.594000,2910.484800,2308.195200,0.246326,0.245823,0.244288,0.290168
c9_storm2_u100_b0.20_r0.25_eps0.25,B,targeted_split,targeted,1,0.1,global,9,100,0.2,0.25,0.25,307,c09_storm2_w80_u100_0024,1943.420000,1319.920400,1842.791200,1409.290400,1285.333600,0.247631,0.155612,0.250158,0.143577
c9_storm2_u100_b0.20_r0.25_eps0.25,B,targeted_split,targeted,1,0.1,global,9,100,0.2,0.25,0.25,307,c09_storm2_w80_u100_0025,3707.412000,2851.730000,3508.469200,2449.346400,1896.992800,0.250422,0.217978,0.250139,0.207127
c9_storm2_u100_b0.20_r0.25_eps0.25,B,targeted_split,targeted,1,0.1,global,9,100,0.2,0.25,0.25,307,c09_storm2_w80_u100_0026,3150.937600,2267.264000,3114.484800,2281.263200,1851.407200,0.248824,0.203310,0.244030,0.200477
c9_storm2_u100_b0.20_r0.25_eps0.25,B,targeted_split,targeted,1,0.1,global,9,100,0.2,0.25,0.25,307,c09_storm2_w80_u100_0027,1808.482000,1444.228800,1624.323600,1430.404000,1322.403200,0.244289,0.174026,0.244010,0.152455
c9_storm2_u100_b0.20_r0.25_eps0.25,B,targeted_split,targeted,1,0.1,global,9,100,0.2,0.25,0.25,307,c09_storm2_w80_u100_0028,1488.968400,1402.696400,1442.178800,1274.874800,1174.773600,0.249209,0.177665,0.248276,0.181818
c9_storm2_u100_b0.20_r0.25_eps0.25,B,targeted_split,targeted,1,0.1,global,9,100,0.2,0.25,0.25,307,c09_storm2_w80_u100_0029,2294.863600,1382.174800,1980.889200,1328.370400,1059.860800,0.242239,0.173913,0.249034,0.146341
c9_storm2_u100_b0.20_r0.25_eps0.25,B,targeted_split,targeted,1,0.1,global,9,100,0.2,0.25,0.25,308,c09_storm2_w80_u100_0020,1473.651200,1421.951200,1443.116800,1284.510800,1177.979600,0.249402,0.165468,0.249255,0.181818
c9_storm2_u100_b0.20_r0.25_eps0.25,B,targeted_split,targeted,1,0.1,global,9,100,0.2,0.25,0.25,308,c09_storm2_w80_u100_0021,1519.953200,1463.770800,1518.060800,1385.398800,1348.460800,0.248820,0.168022,0.249497,0.174731
c9_storm2_u100_b0.20_r0.25_eps0.25,B,targeted_split,targeted,1,0.1,global,9,100,0.2,0.25,0.25,308,c09_storm2_w80_u100_0022,936.385600,870.674400,895.888400,906.109600,873.416000,0.249833,0.131016,0.248185,0.138298
c9_storm2_u100_b0.20_r0.25_eps0.25,B,targeted_split,targeted,1,0.1,global,9,100,0.2,0.25,0.25,308,c09_storm2_w80_u100_0023,4099.384400,3116.875600,3872.748000,3000.631200,2308.195200,0.246027,0.282297,0.250293,0.257611
c9_storm2_u100_b0.20_r0.25_eps0.25,B,targeted_split,targeted,1,0.1,global,9,100,0.2,0.25,0.25,308,c09_storm2_w80_u100_0024,1943.420000,1380.993200,1697.536400,1349.956800,1285.333600,0.248263,0.167939,0.250315,0.161209
c9_storm2_u100_b0.20_r0.25_eps0.25,B,targeted_split,targeted,1,0.1,global,9,100,0.2,0.25,0.25,308,c09_storm2_w80_u100_0025,3707.412000,2554.314000,3508.568800,2520.464400,1896.992800,0.250141,0.211712,0.250000,0.209354
c9_storm2_u100_b0.20_r0.25_eps0.25,B,targeted_split,targeted,1,0.1,global,9,100,0.2,0.25,0.25,308,c09_storm2_w80_u100_0026,3150.937600,2266.039600,3097.514000,2214.358400,1851.407200,0.243974,0.212048,0.241056,0.223844
c9_storm2_u100_b0.20_r0.25_eps0.25,B,targeted_split,targeted,1,0.1,global,9,100,0.2,0.25,0.25,308,c09_storm2_w80_u100_0027,1808.482000,1568.313600,1631.412400,1417.316400,1322.403200,0.247625,0.161125,0.246688,0.153453
c9_storm2_u100_b0.20_r0.25_eps0.25,B,targeted_split,targeted,1,0.1,global,9,100,0.2,0.25,0.25,308,c09_storm2_w80_u100_0028,1488.968400,1404.362000,1422.438000,1378.590000,1174.773600,0.248734,0.152672,0.249057,0.151515
c9_storm2_u100_b0.20_r0.25_eps0.25,B,targeted_split,targeted,1,0.1,global,9,100,0.2,0.25,0.25,308,c09_storm2_w80_u100_0029,2294.863600,1242.564400,2295.681200,1398.196000,1059.860800,0.240289,0.187067,0.247514,0.169643
c9_storm2_u100_b0.20_r0.25_eps0.25,B,targeted_split,targeted,1,0.1,global,9,100,0.2,0.25,0.25,309,c09_storm2_w80_u100_0020,1473.651200,1464.782000,1401.729200,1387.632400,1177.979600,0.249701,0.194245,0.248507,0.177885
c9_storm2_u100_b0.20_r0.25_eps0.25,B,targeted_split,targeted,1,0.1,global,9,100,0.2,0.25,0.25,309,c09_storm2_w80_u100_0021,1519.953200,1395.287200,1532.838000,1452.060000,1348.460800,0.249832,0.150943,0.248826,0.148248
c9_storm2_u100_b0.20_r0.25_eps0.25,B,targeted_split,targeted,1,0.1,global,9,100,0.2,0.25,0.25,309,c09_storm2_w80_u100_0022,936.385600,906.820000,931.258400,917.122400,873.416000,0.249833,0.126005,0.249836,0.131234
c9_storm2_u100_b0.20_r0.25_eps0.25,B,targeted_split,targeted,1,0.1,global,9,100,0.2,0.25,0.25,309,c09_storm2_w80_u100_0023,4099.384400,3273.260000,4357.606800,3446.684400,2308.195200,0.248531,0.234043,0.250292,0.264019
c9_storm2_u100_b0.20_r0.25_eps0.25,B,targeted_split,targeted,1,0.1,global,9,100,0.2,0.25,0.25,309,c09_storm2_w80_u100_0024,1943.420000,1455.202800,1683.324400,1293.422400,1285.333600,0.248892,0.160305,0.250156,0.139303
c9_storm2_u100_b0.20_r0.25_eps0.25,B,targeted_split,targeted,1,0.1,global,9,100,0.2,0.25,0.25,309,c09_storm2_w80_u100_0025,3707.412000,2606.683600,3477.897200,2555.210800,1896.992800,0.250000,0.238739,0.250000,0.206278
c9_storm2_u100_b0.20_r0.25_eps0.25,B,targeted_split,targeted,1,0.1,global,9,100,0.2,0.25,0.25,309,c09_storm2_w80_u100_0026,3150.937600,2336.220000,3107.722400,2315.620800,1851.407200,0.244862,0.189448,0.244328,0.185714
c9_storm2_u100_b0.20_r0.25_eps0.25,B,targeted_split,targeted,1,0.1,global,9,100,0.2,0.25,0.25,309,c09_storm2_w80_u100_0027,1808.482000,1509.149200,1617.720400,1520.407200,1322.403200,0.247625,0.181586,0.249842,0.181818
c9_storm2_u100_b0.20_r0.25_eps0.25,B,targeted_split,targeted,1,0.1,global,9,100,0.2,0.25,0.25,309,c09_storm2_w80_u100_0028,1488.968400,1475.154400,1498.118000,1365.292400,1174.773600,0.249054,0.167089,0.250000,0.167089
c9_storm2_u100_b0.20_r0.25_eps0.25,B,targeted_split,targeted,1,0.1,global,9,100,0.2,0.25,0.25,309,c09_storm2_w80_u100_0029,2294.863600,1465.436000,2069.611600,1174.432000,1059.860800,0.242374,0.178490,0.247111,0.171492
c9_storm2_u100_b0.20_r0.25_eps0.25,B,targeted_split,targeted,1,0.1,global,9,100,0.2,0.25,0.25,310,c09_storm2_w80_u100_0020,1473.651200,1436.658800,1368.846400,1349.092400,1177.979600,0.248804,0.182692,0.248062,0.149038
c9_storm2_u100_b0.20_r0.25_eps0.25,B,targeted_split,targeted,1,0.1,global,9,100,0.2,0.25,0.25,310,c09_storm2_w80_u100_0021,1519.953200,1474.062000,1508.617200,1437.510000,1348.460800,0.248820,0.151762,0.248823,0.135135
c9_storm2_u100_b0.20_r0.25_eps0.25,B,targeted_split,targeted,1,0.1,global,9,100,0.2,0.25,0.25,310,c09_storm2_w80_u100_0022,936.385600,913.969600,935.644800,905.562800,873.416000,0.250335,0.133690,0.249669,0.124668
c9_storm2_u100_b0.20_r0.25_eps0.25,B,targeted_split,targeted,1,0.1,global,9,100,0.2,0.25,0.25,310,c09_storm2_w80_u100_0023,4099.384400,3353.736000,3984.020000,3096.957200,2308.195200,0.246616,0.233890,0.250292,0.261682
c9_storm2_u100_b0.20_r0.25_eps0.25,B,targeted_split,targeted,1,0.1,global,9,100,0.2,0.25,0.25,310,c09_storm2_w80_u100_0024,1943.420000,1399.412000,1895.769200,1472.342000,1285.333600,0.250000,0.179747,0.250156,0.164589
c9_storm2_u100_b0.20_r0.25_eps0.25,B,targeted_split,targeted,1,0.1,global,9,100,0.2,0.25,0.25,310,c09_storm2_w80_u100_0025,3707.412000,2664.364400,3446.148000,2415.846000,1896.992800,0.250422,0.226966,0.250278,0.211111
c9_storm2_u100_b0.20_r0.25_eps0.25,B,targeted_split,targeted,1,0.1,global,9,100,0.2,0.25,0.25,310,c09_storm2_w80_u100_0026,3150.937600,2079.231600,3131.469600,2177.317600,1851.407200,0.241520,0.198547,0.244496,0.187204
c9_storm2_u100_b0.20_r0.25_eps0.25,B,targeted_split,targeted,1,0.1,global,9,100,0.2,0.25,0.25,310,c09_storm2_w80_u100_0027,1808.482000,1536.926400,1516.587600,1313.069600,1322.403200,0.245725,0.185567,0.250000,0.168342
c9_storm2_u100_b0.20_r0.25_eps0.25,B,targeted_split,targeted,1,0.1,global,9,100,0.2,0.25,0.25,310,c09_storm2_w80_u100_0028,1488.968400,1399.347200,1406.840400,1276.124000,1174.773600,0.248889,0.160714,0.247481,0.150127
c9_storm2_u100_b0.20_r0.25_eps0.25,B,targeted_split,targeted,1,0.1,global,9,100,0.2,0.25,0.25,310,c09_storm2_w80_u100_0029,2294.863600,1451.906800,2019.292000,1317.526800,1059.860800,0.243632,0.186364,0.249309,0.184035
c9_storm2_u100_b0.25_r0.25_eps0.00,C,targeted_split,targeted,1,0.1,global,9,100,0.25,0.25,0.0,301,c09_storm2_w80_u100_0020,1496.278800,1388.594000,1302.735600,1208.196400,1173.754800,0.249253,0.067146,0.247171,0.045783
c9_storm2_u100_b0.25_r0.25_eps0.00,C,targeted_split,targeted,1,0.1,global,9,100,0.25,0.25,0.0,301,c09_storm2_w80_u100_0021,1480.727600,1389.310800,1500.868400,1286.919200,1302.063600,0.249494,0.062162,0.247984,0.029810
c9_storm2_u100_b0.25_r0.25_eps0.00,C,targeted_split,targeted,1,0.1,global,9,100,0.25,0.25,0.0,301,c09_storm2_w80_u100_0022,973.188800,950.078000,982.979200,916.367200,902.748000,0.250501,0.024000,0.250165,0.021108
c9_storm2_u100_b0.25_r0.25_eps0.00,C,targeted_split,targeted,1,0.1,global,9,100,0.25,0.25,0.0,301,c09_storm2_w80_u100_0023,3998.716800,2724.678400,2982.723200,2419.884400,2221.794800,0.243673,0.144928,0.244444,0.093301
c9_storm2_u100_b0.25_r0.25_eps0.00,C,targeted_split,targeted,1,0.1,global,9,100,0.25,0.25,0.0,301,c09_storm2_w80_u100_0024,2138.638000,1618.044400,1733.885200,1419.619600,1383.825600,0.248263,0.068702,0.249527,0.042929
c9_storm2_u100_b0.25_r0.25_eps0.00,C,targeted_split,targeted,1,0.1,global,9,100,0.25,0.25,0.0,301,c09_storm2_w80_u100_0025,3867.258000,2592.105200,3341.782400,2266.345600,1955.086800,0.250422,0.112360,0.248171,0.070295
c9_storm2_u100_b0.25_r0.25_eps0.00,C,targeted_split,targeted,1,0.1,global,9,100,0.25,0.25,0.0,301,c09_storm2_w80_u100_0026,3123.791600,2043.364400,2312.914000,2038.308000,1884.976800,0.240872,0.090465,0.242513,0.065375
c9_storm2_u100_b0.25_r0.25_eps0.00,C,targeted_split,targeted,1,0.1,global,9,100,0.25,0.25,0.0,301,c09_storm2_w80_u100_0027,1923.480400,1595.092400,1680.998400,1402.126800,1443.802000,0.245092,0.056848,0.249842,0.035443
c9_storm2_u100_b0.25_r0.25_eps0.00,C,targeted_split,targeted,1,0.1,global,9,100,0.25,0.25,0.0,301,c09_storm2_w80_u100_0028,1599.898800,1469.293600,1335.708400,1266.556000,1218.803200,0.249207,0.055980,0.247312,0.033248
c9_storm2_u100_b0.25_r0.25_eps0.00,C,targeted_split,targeted,1,0.1,global,9,100,0.25,0.25,0.0,301,c09_storm2_w80_u100_0029,2274.121200,1259.008800,1682.721200,1250.060800,1117.632800,0.240710,0.073733,0.244321,0.047619
c9_storm2_u100_b0.25_r0.25_eps0.00,C,targeted_split,targeted,1,0.1,global,9,100,0.25,0.25,0.0,302,c09_storm2_w80_u100_0020,1496.278800,1388.594000,1342.796800,1284.454400,1173.754800,0.249253,0.067146,0.248807,0.050360
c9_storm2_u100_b0.25_r0.25_eps0.00,C,targeted_split,targeted,1,0.1,global,9,100,0.25,0.25,0.0,302,c09_storm2_w80_u100_0021,1480.727600,1389.310800,1529.248000,1324.634000,1302.063600,0.249494,0.062162,0.248991,0.051351
c9_storm2_u100_b0.25_r0.25_eps0.00,C,targeted_split,targeted,1,0.1,global,9,100,0.25,0.25,0.0,302,c09_storm2_w80_u100_0022,973.188800,950.078000,988.836800,938.865600,902.748000,0.250501,0.024000,0.250497,0.034392
c9_storm2_u100_b0.25_r0.25_eps0.00,C,targeted_split,targeted,1,0.1,global,9,100,0.25,0.25,0.0,302,c09_storm2_w80_u100_0023,3998.716800,2724.678400,2937.061600,2397.586800,2221.794800,0.243673,0.144928,0.246921,0.087886
c9_storm2_u100_b0.25_r0.25_eps0.00,C,targeted_split,targeted,1,0.1,global,9,100,0.25,0.25,0.0,302,c09_storm2_w80_u100_0024,2138.638000,1618.044400,1871.946400,1417.472400,1383.825600,0.248263,0.068702,0.250315,0.045340
c9_storm2_u100_b0.25_r0.25_eps0.00,C,targeted_split,targeted,1,0.1,global,9,100,0.25,0.25,0.0,302,c09_storm2_w80_u100_0025,3867.258000,2592.105200,3178.818800,2261.751600,1955.086800,0.250422,0.112360,0.250421,0.076233
c9_storm2_u100_b0.25_r0.25_eps0.00,C,targeted_split,targeted,1,0.1,global,9,100,0.25,0.25,0.0,302,c09_storm2_w80_u100_0026,3123.791600,2043.364400,2248.722000,1942.575200,1884.976800,0.240872,0.090465,0.242781,0.055825
c9_storm2_u100_b0.25_r0.25_eps0.00,C,targeted_split,targeted,1,0.1,global,9,100,0.25,0.25,0.0,302,c09_storm2_w80_u100_0027,1923.480400,1595.092400,1651.443200,1409.988400,1443.802000,0.245092,0.056848,0.239419,0.029024
c9_storm2_u100_b0.25_r0.25_eps0.00,C,targeted_split,targeted,1,0.1,global,9,100,0.25,0.25,0.0,302,c09_storm2_w80_u100_0028,1599.898800,1469.293600,1419.159200,1271.519200,1218.803200,0.249207,0.055980,0.248254,0.028133
c9_storm2_u100_b0.25_r0.25_eps0.00,C,targeted_split,targeted,1,0.1,global,9,100,0.25,0.25,0.0,302,c09_storm2_w80_u100_0029,2274.121200,1259.008800,1672.297200,1130.760000,1117.632800,0.240710,0.073733,0.243753,0.050114
c9_storm2_u100_b0.25_r0.25_eps0.00,C,targeted_split,targeted,1,0.1,global,9,100,0.25,0.25,0.0,303,c09_storm2_w80_u100_0020,1496.278800,1388.594000,1377.009200,1256.328400,1173.754800,0.249253,0.067146,0.248214,0.052758
c9_storm2_u100_b0.25_r0.25_eps0.00,C,targeted_split,targeted,1,0.1,global,9,100,0.25,0.25,0.0,303,c09_storm2_w80_u100_0021,1480.727600,1389.310800,1384.978000,1285.688800,1302.063600,0.249494,0.062162,0.247645,0.035326
c9_storm2_u100_b0.25_r0.25_eps0.00,C,targeted_split,targeted,1,0.1,global,9,100,0.25,0.25,0.0,303,c09_storm2_w80_u100_0022,973.188800,950.078000,991.300400,922.668800,902.748000,0.250501,0.024000,0.250165,0.026455
c9_storm2_u100_b0.25_r0.25_eps0.00,C,targeted_split,targeted,1,0.1,global,9,100,0.25,0.25,0.0,303,c09_storm2_w80_u100_0023,3998.716800,2724.678400,3170.742800,2506.865600,2221.794800,0.243673,0.144928,0.243575,0.098321
c9_storm2_u100_b0.25_r0.25_eps0.00,C,targeted_split,targeted,1,0.1,global,9,100,0.25,0.25,0.0,303,c09_storm2_w80_u100_0024,2138.638000,1618.044400,1802.252400,1406.935200,1383.825600,0.248263,0.068702,0.243243,0.049096
c9_storm2_u100_b0.25_r0.25_eps0.00,C,targeted_split,targeted,1,0.1,global,9,100,0.25,0.25,0.0,303,c09_storm2_w80_u100_0025,3867.258000,2592.105200,3158.979600,2236.981600,1955.086800,0.250422,0.112360,0.246344,0.066210
c9_storm2_u100_b0.25_r0.25_eps0.00,C,targeted_split,targeted,1,0.1,global,9,100,0.25,0.25,0.0,303,c09_storm2_w80_u100_0026,3123.791600,2043.364400,2335.595600,1951.198000,1884.976800,0.240872,0.090465,0.239553,0.066339
c9_storm2_u100_b0.25_r0.25_eps0.00,C,targeted_split,targeted,1,0.1,global,9,100,0.25,0.25,0.0,303,c09_storm2_w80_u100_0027,1923.480400,1595.092400,1693.184000,1449.836800,1443.802000,0.245092,0.056848,0.243533,0.033679
c9_storm2_u100_b0.25_r0.25_eps0.00,C,targeted_split,targeted,1,0.1,global,9,100,0.25,0.25,0.0,303,c09_storm2_w80_u100_0028,1599.898800,1469.293600,1391.875200,1257.105200,1218.803200,0.249207,0.055980,0.247625,0.035806
c9_storm2_u100_b0.25_r0.25_eps0.00,C,targeted_split,targeted,1,0.1,global,9,100,0.25,0.25,0.0,303,c09_storm2_w80_u100_0029,2274.121200,1259.008800,2035.460000,1244.287600,1117.632800,0.240710,0.073733,0.244038,0.054545
c9_storm2_u100_b0.25_r0.25_eps0.00,C,targeted_split,targeted,1,0.1,global,9,100,0.25,0.25,0.0,304,c09_storm2_w80_u100_0020,1496.278800,1388.594000,1407.405600,1277.101600,1173.754800,0.249253,0.067146,0.247613,0.043373
c9_storm2_u100_b0.25_r0.25_eps0.00,C,targeted_split,targeted,1,0.1,global,9,100,0.25,0.25,0.0,304,c09_storm2_w80_u100_0021,1480.727600,1389.310800,1485.391200,1296.812400,1302.063600,0.249494,0.062162,0.247645,0.043478
c9_storm2_u100_b0.25_r0.25_eps0.00,C,targeted_split,targeted,1,0.1,global,9,100,0.25,0.25,0.0,304,c09_storm2_w80_u100_0022,973.188800,950.078000,966.959600,904.223200,902.748000,0.250501,0.024000,0.250496,0.036939
c9_storm2_u100_b0.25_r0.25_eps0.00,C,targeted_split,targeted,1,0.1,global,9,100,0.25,0.25,0.0,304,c09_storm2_w80_u100_0023,3998.716800,2724.678400,3062.027600,2575.406400,2221.794800,0.243673,0.144928,0.250146,0.093677
c9_storm2_u100_b0.25_r0.25_eps0.00,C,targeted_split,targeted,1,0.1,global,9,100,0.25,0.25,0.0,304,c09_storm2_w80_u100_0024,2138.638000,1618.044400,1917.190000,1414.064400,1383.825600,0.248263,0.068702,0.250314,0.047739
c9_storm2_u100_b0.25_r0.25_eps0.00,C,targeted_split,targeted,1,0.1,global,9,100,0.25,0.25,0.0,304,c09_storm2_w80_u100_0025,3867.258000,2592.105200,3161.159200,2223.545200,1955.086800,0.250422,0.112360,0.250281,0.065169
c9_storm2_u100_b0.25_r0.25_eps0.00,C,targeted_split,targeted,1,0.1,global,9,100,0.25,0.25,0.0,304,c09_storm2_w80_u100_0026,3123.791600,2043.364400,2448.989200,2056.274400,1884.976800,0.240872,0.090465,0.243371,0.070218
c9_storm2_u100_b0.25_r0.25_eps0.00,C,targeted_split,targeted,1,0.1,global,9,100,0.25,0.25,0.0,304,c09_storm2_w80_u100_0027,1923.480400,1595.092400,1660.775200,1432.334400,1443.802000,0.245092,0.056848,0.244937,0.043928
c9_storm2_u100_b0.25_r0.25_eps0.00,C,targeted_split,targeted,1,0.1,global,9,100,0.25,0.25,0.0,304,c09_storm2_w80_u100_0028,1599.898800,1469.293600,1330.027200,1245.776000,1218.803200,0.249207,0.055980,0.247312,0.025575
c9_storm2_u100_b0.25_r0.25_eps0.00,C,targeted_split,targeted,1,0.1,global,9,100,0.25,0.25,0.0,304,c09_storm2_w80_u100_0029,2274.121200,1259.008800,1750.327200,1134.802400,1117.632800,0.240710,0.073733,0.250277,0.055432
c9_storm2_u100_b0.25_r0.25_eps0.00,C,targeted_split,targeted,1,0.1,global,9,100,0.25,0.25,0.0,305,c09_storm2_w80_u100_0020,1496.278800,1388.594000,1338.197200,1263.126000,1173.754800,0.249253,0.067146,0.247909,0.050602
c9_storm2_u100_b0.25_r0.25_eps0.00,C,targeted_split,targeted,1,0.1,global,9,100,0.25,0.25,0.0,305,c09_storm2_w80_u100_0021,1480.727600,1389.310800,1324.429200,1289.530400,1302.063600,0.249494,0.062162,0.247978,0.024457
c9_storm2_u100_b0.25_r0.25_eps0.00,C,targeted_split,targeted,1,0.1,global,9,100,0.25,0.25,0.0,305,c09_storm2_w80_u100_0022,973.188800,950.078000,1002.874400,928.775200,902.748000,0.250501,0.024000,0.248175,0.037433
c9_storm2_u100_b0.25_r0.25_eps0.00,C,targeted_split,targeted,1,0.1,global,9,100,0.25,0.25,0.0,305,c09_storm2_w80_u100_0023,3998.716800,2724.678400,3327.990000,2436.739200,2221.794800,0.243673,0.144928,0.244587,0.107656
c9_storm2_u100_b0.25_r0.25_eps0.00,C,targeted_split,targeted,1,0.1,global,9,100,0.25,0.25,0.0,305,c09_storm2_w80_u100_0024,2138.638000,1618.044400,1860.310400,1466.618000,1383.825600,0.248263,0.068702,0.250314,0.050251
c9_storm2_u100_b0.25_r0.25_eps0.00,C,targeted_split,targeted,1,0.1,global,9,100,0.25,0.25,0.0,305,c09_storm2_w80_u100_0025,3867.258000,2592.105200,3078.948000,2199.836800,1955.086800,0.250422,0.112360,0.250000,0.067416
c9_storm2_u100_b0.25_r0.25_eps0.00,C,targeted_split,targeted,1,0.1,global,9,100,0.25,0.25,0.0,305,c09_storm2_w80_u100_0026,3123.791600,2043.364400,2403.039200,2026.448800,1884.976800,0.240872,0.090465,0.241014,0.078240
c9_storm2_u100_b0.25_r0.25_eps0.00,C,targeted_split,targeted,1,0.1,global,9,100,0.25,0.25,0.0,305,c09_storm2_w80_u100_0027,1923.480400,1595.092400,1665.298800,1434.944000,1443.802000,0.245092,0.056848,0.244304,0.036269
c9_storm2_u100_b0.25_r0.25_eps0.00,C,targeted_split,targeted,1,0.1,global,9,100,0.25,0.25,0.0,305,c09_storm2_w80_u100_0028,1599.898800,1469.293600,1373.452000,1226.912000,1218.803200,0.249207,0.055980,0.247148,0.030769
c9_storm2_u100_b0.25_r0.25_eps0.00,C,targeted_split,targeted,1,0.1,global,9,100,0.25,0.25,0.0,305,c09_storm2_w80_u100_0029,2274.121200,1259.008800,1758.626400,1234.585200,1117.632800,0.240710,0.073733,0.241017,0.048165
c9_storm2_u100_b0.25_r0.25_eps0.00,C,targeted_split,targeted,1,0.1,global,9,100,0.25,0.25,0.0,306,c09_storm2_w80_u100_0020,1496.278800,1388.594000,1344.493600,1227.008400,1173.754800,0.249253,0.067146,0.249106,0.052632
c9_storm2_u100_b0.25_r0.25_eps0.00,C,targeted_split,targeted,1,0.1,global,9,100,0.25,0.25,0.0,306,c09_storm2_w80_u100_0021,1480.727600,1389.310800,1442.596400,1294.218400,1302.063600,0.249494,0.062162,0.247645,0.027174
c9_storm2_u100_b0.25_r0.25_eps0.00,C,targeted_split,targeted,1,0.1,global,9,100,0.25,0.25,0.0,306,c09_storm2_w80_u100_0022,973.188800,950.078000,1003.748800,947.090800,902.748000,0.250501,0.024000,0.250166,0.023873
c9_storm2_u100_b0.25_r0.25_eps0.00,C,targeted_split,targeted,1,0.1,global,9,100,0.25,0.25,0.0,306,c09_storm2_w80_u100_0023,3998.716800,2724.678400,3167.736400,2467.120400,2221.794800,0.243673,0.144928,0.247653,0.106635
c9_storm2_u100_b0.25_r0.25_eps0.00,C,targeted_split,targeted,1,0.1,global,9,100,0.25,0.25,0.0,306,c09_storm2_w80_u100_0024,2138.638000,1618.044400,1897.920000,1449.724800,1383.825600,0.248263,0.068702,0.249211,0.043038
c9_storm2_u100_b0.25_r0.25_eps0.00,C,targeted_split,targeted,1,0.1,global,9,100,0.25,0.25,0.0,306,c09_storm2_w80_u100_0025,3867.258000,2592.105200,3389.486400,2373.087600,1955.086800,0.250422,0.112360,0.250281,0.083146
c9_storm2_u100_b0.25_r0.25_eps0.00,C,targeted_split,targeted,1,0.1,global,9,100,0.25,0.25,0.0,306,c09_storm2_w80_u100_0026,3123.791600,2043.364400,2313.592400,2004.652400,1884.976800,0.240872,0.090465,0.243371,0.075061
c9_storm2_u100_b0.25_r0.25_eps0.00,C,targeted_split,targeted,1,0.1,global,9,100,0.25,0.25,0.0,306,c09_storm2_w80_u100_0027,1923.480400,1595.092400,1585.588000,1401.417600,1443.802000,0.245092,0.056848,0.247788,0.035714
c9_storm2_u100_b0.25_r0.25_eps0.00,C,targeted_split,targeted,1,0.1,global,9,100,0.25,0.25,0.0,306,c09_storm2_w80_u100_0028,1599.898800,1469.293600,1397.667200,1248.153200,1218.803200,0.249207,0.055980,0.246827,0.030848
c9_storm2_u100_b0.25_r0.25_eps0.00,C,targeted_split,targeted,1,0.1,global,9,100,0.25,0.25,0.0,306,c09_storm2_w80_u100_0029,2274.121200,1259.008800,1843.702000,1209.266000,1117.632800,0.240710,0.073733,0.243063,0.054795
c9_storm2_u100_b0.25_r0.25_eps0.00,C,targeted_split,targeted,1,0.1,global,9,100,0.25,0.25,0.0,307,c09_storm2_w80_u100_0020,1496.278800,1388.594000,1386.864000,1269.203600,1173.754800,0.249253,0.067146,0.247909,0.069880
c9_storm2_u100_b0.25_r0.25_eps0.00,C,targeted_split,targeted,1,0.1,global,9,100,0.25,0.25,0.0,307,c09_storm2_w80_u100_0021,1480.727600,1389.310800,1429.078800,1288.141600,1302.063600,0.249494,0.062162,0.250505,0.034946
c9_storm2_u100_b0.25_r0.25_eps0.00,C,targeted_split,targeted,1,0.1,global,9,100,0.25,0.25,0.0,307,c09_storm2_w80_u100_0022,973.188800,950.078000,956.826800,932.154800,902.748000,0.250501,0.024000,0.249009,0.015915
c9_storm2_u100_b0.25_r0.25_eps0.00,C,targeted_split,targeted,1,0.1,global,9,100,0.25,0.25,0.0,307,c09_storm2_w80_u100_0023,3998.716800,2724.678400,3295.791600,2567.468800,2221.794800,0.243673,0.144928,0.249413,0.105882
c9_storm2_u100_b0.25_r0.25_eps0.00,C,targeted_split,targeted,1,0.1,global,9,100,0.25,0.25,0.0,307,c09_storm2_w80_u100_0024,2138.638000,1618.044400,1875.110400,1441.008000,1383.825600,0.248263,0.068702,0.250316,0.050505
c9_storm2_u100_b0.25_r0.25_eps0.00,C,targeted_split,targeted,1,0.1,global,9,100,0.25,0.25,0.0,307,c09_storm2_w80_u100_0025,3867.258000,2592.105200,3083.798000,2262.062000,1955.086800,0.250422,0.112360,0.248594,0.063348
c9_storm2_u100_b0.25_r0.25_eps0.00,C,targeted_split,targeted,1,0.1,global,9,100,0.25,0.25,0.0,307,c09_storm2_w80_u100_0026,3123.791600,2043.364400,2888.789600,2055.280800,1884.976800,0.240872,0.090465,0.241765,0.075426
c9_storm2_u100_b0.25_r0.25_eps0.00,C,targeted_split,targeted,1,0.1,global,9,100,0.25,0.25,0.0,307,c09_storm2_w80_u100_0027,1923.480400,1595.092400,1649.662000,1472.547600,1443.802000,0.245092,0.056848,0.246835,0.038462
c9_storm2_u100_b0.25_r0.25_eps0.00,C,targeted_split,targeted,1,0.1,global,9,100,0.25,0.25,0.0,307,c09_storm2_w80_u100_0028,1599.898800,1469.293600,1418.573200,1315.548000,1218.803200,0.249207,0.055980,0.247468,0.033248
c9_storm2_u100_b0.25_r0.25_eps0.00,C,targeted_split,targeted,1,0.1,global,9,100,0.25,0.25,0.0,307,c09_storm2_w80_u100_0029,2274.121200,1259.008800,1761.717600,1223.931200,1117.632800,0.240710,0.073733,0.249029,0.037862
c9_storm2_u100_b0.25_r0.25_eps0.00,C,targeted_split,targeted,1,0.1,global,9,100,0.25,0.25,0.0,308,c09_storm2_w80_u100_0020,1496.278800,1388.594000,1451.557600,1242.696000,1173.754800,0.249253,0.067146,0.247312,0.055556
c9_storm2_u100_b0.25_r0.25_eps0.00,C,targeted_split,targeted,1,0.1,global,9,100,0.25,0.25,0.0,308,c09_storm2_w80_u100_0021,1480.727600,1389.310800,1438.004000,1280.355200,1302.063600,0.249494,0.062162,0.245118,0.019231
c9_storm2_u100_b0.25_r0.25_eps0.00,C,targeted_split,targeted,1,0.1,global,9,100,0.25,0.25,0.0,308,c09_storm2_w80_u100_0022,973.188800,950.078000,1026.663600,989.841200,902.748000,0.250501,0.024000,0.248185,0.023936
c9_storm2_u100_b0.25_r0.25_eps0.00,C,targeted_split,targeted,1,0.1,global,9,100,0.25,0.25,0.0,308,c09_storm2_w80_u100_0023,3998.716800,2724.678400,2887.904400,2518.521200,2221.794800,0.243673,0.144928,0.242087,0.077482
c9_storm2_u100_b0.25_r0.25_eps0.00,C,targeted_split,targeted,1,0.1,global,9,100,0.25,0.25,0.0,308,c09_storm2_w80_u100_0024,2138.638000,1618.044400,1792.737600,1431.436000,1383.825600,0.248263,0.068702,0.240775,0.044156
c9_storm2_u100_b0.25_r0.25_eps0.00,C,targeted_split,targeted,1,0.1,global,9,100,0.25,0.25,0.0,308,c09_storm2_w80_u100_0025,3867.258000,2592.105200,3076.382000,2120.729600,1955.086800,0.250422,0.112360,0.247614,0.065760
c9_storm2_u100_b0.25_r0.25_eps0.00,C,targeted_split,targeted,1,0.1,global,9,100,0.25,0.25,0.0,308,c09_storm2_w80_u100_0026,3123.791600,2043.364400,2507.100000,1989.608400,1884.976800,0.240872,0.090465,0.238656,0.076543
c9_storm2_u100_b0.25_r0.25_eps0.00,C,targeted_split,targeted,1,0.1,global,9,100,0.25,0.25,0.0,308,c09_storm2_w80_u100_0027,1923.480400,1595.092400,1604.578000,1432.823600,1443.802000,0.245092,0.056848,0.243825,0.025974
c9_storm2_u100_b0.25_r0.25_eps0.00,C,targeted_split,targeted,1,0.1,global,9,100,0.25,0.25,0.0,308,c09_storm2_w80_u100_0028,1599.898800,1469.293600,1416.779200,1259.241200,1218.803200,0.249207,0.055980,0.245902,0.030769
c9_storm2_u100_b0.25_r0.25_eps0.00,C,targeted_split,targeted,1,0.1,global,9,100,0.25,0.25,0.0,308,c09_storm2_w80_u100_0029,2274.121200,1259.008800,1635.394400,1136.612000,1117.632800,0.240710,0.073733,0.246401,0.033708
c9_storm2_u100_b0.25_r0.25_eps0.00,C,targeted_split,targeted,1,0.1,global,9,100,0.25,0.25,0.0,309,c09_storm2_w80_u100_0020,1496.278800,1388.594000,1414.880400,1310.717200,1173.754800,0.249253,0.067146,0.245970,0.050971
c9_storm2_u100_b0.25_r0.25_eps0.00,C,targeted_split,targeted,1,0.1,global,9,100,0.25,0.25,0.0,309,c09_storm2_w80_u100_0021,1480.727600,1389.310800,1386.243200,1282.593200,1302.063600,0.249494,0.062162,0.243590,0.024931
c9_storm2_u100_b0.25_r0.25_eps0.00,C,targeted_split,targeted,1,0.1,global,9,100,0.25,0.25,0.0,309,c09_storm2_w80_u100_0022,973.188800,950.078000,1015.572800,918.983200,902.748000,0.250501,0.024000,0.242564,0.021798
c9_storm2_u100_b0.25_r0.25_eps0.00,C,targeted_split,targeted,1,0.1,global,9,100,0.25,0.25,0.0,309,c09_storm2_w80_u100_0023,3998.716800,2724.678400,3222.041200,2594.469600,2221.794800,0.243673,0.144928,0.239461,0.083130
c9_storm2_u100_b0.25_r0.25_eps0.00,C,targeted_split,targeted,1,0.1,global,9,100,0.25,0.25,0.0,309,c09_storm2_w80_u100_0024,2138.638000,1618.044400,1883.865200,1384.418800,1383.825600,0.248263,0.068702,0.241509,0.052083
c9_storm2_u100_b0.25_r0.25_eps0.00,C,targeted_split,targeted,1,0.1,global,9,100,0.25,0.25,0.0,309,c09_storm2_w80_u100_0025,3867.258000,2592.105200,3522.906000,2363.834800,1955.086800,0.250422,0.112360,0.245929,0.082192
c9_storm2_u100_b0.25_r0.25_eps0.00,C,targeted_split,targeted,1,0.1,global,9,100,0.25,0.25,0.0,309,c09_storm2_w80_u100_0026,3123.791600,2043.364400,2421.462000,1927.654400,1884.976800,0.240872,0.090465,0.237816,0.061728
c9_storm2_u100_b0.25_r0.25_eps0.00,C,targeted_split,targeted,1,0.1,global,9,100,0.25,0.25,0.0,309,c09_storm2_w80_u100_0027,1923.480400,1595.092400,1654.653600,1487.557600,1443.802000,0.245092,0.056848,0.244164,0.038760
c9_storm2_u100_b0.25_r0.25_eps0.00,C,targeted_split,targeted,1,0.1,global,9,100,0.25,0.25,0.0,309,c09_storm2_w80_u100_0028,1599.898800,1469.293600,1498.616800,1324.273200,1218.803200,0.249207,0.055980,0.242424,0.041667
c9_storm2_u100_b0.25_r0.25_eps0.00,C,targeted_split,targeted,1,0.1,global,9,100,0.25,0.25,0.0,309,c09_storm2_w80_u100_0029,2274.121200,1259.008800,1864.831600,1207.666000,1117.632800,0.240710,0.073733,0.236595,0.053738
c9_storm2_u100_b0.25_r0.25_eps0.00,C,targeted_split,targeted,1,0.1,global,9,100,0.25,0.25,0.0,310,c09_storm2_w80_u100_0020,1496.278800,1388.594000,1354.774400,1230.220800,1173.754800,0.249253,0.067146,0.247010,0.053269
c9_storm2_u100_b0.25_r0.25_eps0.00,C,targeted_split,targeted,1,0.1,global,9,100,0.25,0.25,0.0,310,c09_storm2_w80_u100_0021,1480.727600,1389.310800,1480.108400,1303.799200,1302.063600,0.249494,0.062162,0.247978,0.038043
c9_storm2_u100_b0.25_r0.25_eps0.00,C,targeted_split,targeted,1,0.1,global,9,100,0.25,0.25,0.0,310,c09_storm2_w80_u100_0022,973.188800,950.078000,945.968000,913.666400,902.748000,0.250501,0.024000,0.250165,0.031746
c9_storm2_u100_b0.25_r0.25_eps0.00,C,targeted_split,targeted,1,0.1,global,9,100,0.25,0.25,0.0,310,c09_storm2_w80_u100_0023,3998.716800,2724.678400,3151.364000,2545.480000,2221.794800,0.243673,0.144928,0.249415,0.079812
c9_storm2_u100_b0.25_r0.25_eps0.00,C,targeted_split,targeted,1,0.1,global,9,100,0.25,0.25,0.0,310,c09_storm2_w80_u100_0024,2138.638000,1618.044400,1931.677200,1388.766800,1383.825600,0.248263,0.068702,0.250000,0.045226
c9_storm2_u100_b0.25_r0.25_eps0.00,C,targeted_split,targeted,1,0.1,global,9,100,0.25,0.25,0.0,310,c09_storm2_w80_u100_0025,3867.258000,2592.105200,3136.884400,2159.562400,1955.086800,0.250422,0.112360,0.250141,0.065169
c9_storm2_u100_b0.25_r0.25_eps0.00,C,targeted_split,targeted,1,0.1,global,9,100,0.25,0.25,0.0,310,c09_storm2_w80_u100_0026,3123.791600,2043.364400,2418.683600,2085.169600,1884.976800,0.240872,0.090465,0.244994,0.064904
c9_storm2_u100_b0.25_r0.25_eps0.00,C,targeted_split,targeted,1,0.1,global,9,100,0.25,0.25,0.0,310,c09_storm2_w80_u100_0027,1923.480400,1595.092400,1721.778400,1433.894000,1443.802000,0.245092,0.056848,0.246835,0.025641
c9_storm2_u100_b0.25_r0.25_eps0.00,C,targeted_split,targeted,1,0.1,global,9,100,0.25,0.25,0.0,310,c09_storm2_w80_u100_0028,1599.898800,1469.293600,1348.077600,1269.448400,1218.803200,0.249207,0.055980,0.247155,0.030691
c9_storm2_u100_b0.25_r0.25_eps0.00,C,targeted_split,targeted,1,0.1,global,9,100,0.25,0.25,0.0,310,c09_storm2_w80_u100_0029,2274.121200,1259.008800,1714.519600,1260.860800,1117.632800,0.240710,0.073733,0.250000,0.030973
