campus,cell,inst_id,sigma_s,beta,wtag,twt_rule,twt_oracle
9,storm150_a300_c80,c09_storm_150_a300_c80_0000,1.0,0.5,w8421,0.0000,0.0000
9,storm150_a300_c80,c09_storm_150_a300_c80_0000,1.0,0.5,w16421,0.0000,0.0000
9,storm150_a300_c80,c09_storm_150_a300_c80_0000,1.0,0.5,w27931,0.0000,0.0000
9,storm150_a300_c80,c09_storm_150_a300_c80_0000,1.0,0.75,w8421,0.0000,0.0000
9,storm150_a300_c80,c09_storm_150_a300_c80_0000,1.0,0.75,w16421,0.0000,0.0000
9,storm150_a300_c80,c09_storm_150_a300_c80_0000,1.0,0.75,w27931,0.0000,0.0000
9,storm150_a300_c80,c09_storm_150_a300_c80_0000,1.0,1.0,w8421,0.0000,0.0000
9,storm150_a300_c80,c09_storm_150_a300_c80_0000,1.0,1.0,w16421,0.0000,0.0000
9,storm150_a300_c80,c09_storm_150_a300_c80_0000,1.0,1.0,w27931,0.0000,0.0000
9,storm150_a300_c80,c09_storm_150_a300_c80_0000,2.0,0.5,w8421,0.0000,0.0000
9,storm150_a300_c80,c09_storm_150_a300_c80_0000,2.0,0.5,w16421,0.0000,0.0000
9,storm150_a300_c80,c09_storm_150_a300_c80_0000,2.0,0.5,w27931,0.0000,0.0000
9,storm150_a300_c80,c09_storm_150_a300_c80_0000,2.0,0.75,w8421,0.0000,0.0000
9,storm150_a300_c80,c09_storm_150_a300_c80_0000,2.0,0.75,w16421,0.0000,0.0000
9,storm150_a300_c80,c09_storm_150_a300_c80_0000,2.0,0.75,w27931,0.0000,0.0000
9,storm150_a300_c80,c09_storm_150_a300_c80_0000,2.0,1.0,w8421,0.0000,0.0000
9,storm150_a300_c80,c09_storm_150_a300_c80_0000,2.0,1.0,w16421,0.0000,0.0000
9,storm150_a300_c80,c09_storm_150_a300_c80_0000,2.0,1.0,w27931,0.0000,0.0000
9,storm150_a300_c80,c09_storm_150_a300_c80_0001,1.0,0.5,w8421,308.0208,308.0208
9,storm150_a300_c80,c09_storm_150_a300_c80_0001,1.0,0.5,w16421,616.0416,616.0416
9,storm150_a300_c80,c09_storm_150_a300_c80_0001,1.0,0.5,w27931,1039.5702,1039.5702
9,storm150_a300_c80,c09_storm_150_a300_c80_0001,1.0,0.75,w8421,308.0208,308.0208
9,storm150_a300_c80,c09_storm_150_a300_c80_0001,1.0,0.75,w16421,616.0416,616.0416
9,storm150_a300_c80,c09_storm_150_a300_c80_0001,1.0,0.75,w27931,1039.5702,1039.5702
9,storm150_a300_c80,c09_storm_150_a300_c80_0001,1.0,1.0,w8421,308.0208,308.0208
9,storm150_a300_c80,c09_storm_150_a300_c80_0001,1.0,1.0,w16421,616.0416,616.0416
9,storm150_a300_c80,c09_storm_150_a300_c80_0001,1.0,1.0,w27931,1039.5702,1039.5702
9,storm150_a300_c80,c09_storm_150_a300_c80_0001,2.0,0.5,w8421,154.0104,154.0104
9,storm150_a300_c80,c09_storm_150_a300_c80_0001,2.0,0.5,w16421,154.0104,154.0104
9,storm150_a300_c80,c09_storm_150_a300_c80_0001,2.0,0.5,w27931,346.5234,346.5234
9,storm150_a300_c80,c09_storm_150_a300_c80_0001,2.0,0.75,w8421,154.0104,154.0104
9,storm150_a300_c80,c09_storm_150_a300_c80_0001,2.0,0.75,w16421,154.0104,154.0104
9,storm150_a300_c80,c09_storm_150_a300_c80_0001,2.0,0.75,w27931,346.5234,346.5234
9,storm150_a300_c80,c09_storm_150_a300_c80_0001,2.0,1.0,w8421,308.0208,308.0208
9,storm150_a300_c80,c09_storm_150_a300_c80_0001,2.0,1.0,w16421,616.0416,616.0416
9,storm150_a300_c80,c09_storm_150_a300_c80_0001,2.0,1.0,w27931,1039.5702,1039.5702
9,storm150_a300_c80,c09_storm_150_a300_c80_0002,1.0,0.5,w8421,275.5566,275.5566
9,storm150_a300_c80,c09_storm_150_a300_c80_0002,1.0,0.5,w16421,546.9102,546.9102
9,storm150_a300_c80,c09_storm_150_a300_c80_0002,1.0,0.5,w27931,922.1229,922.1229
9,storm150_a300_c80,c09_storm_150_a300_c80_0002,1.0,0.75,w8421,275.5566,275.5566
9,storm150_a300_c80,c09_storm_150_a300_c80_0002,1.0,0.75,w16421,546.9102,546.9102
9,storm150_a300_c80,c09_storm_150_a300_c80_0002,1.0,0.75,w27931,922.1229,922.1229
9,storm150_a300_c80,c09_storm_150_a300_c80_0002,1.0,1.0,w8421,275.5566,275.5566
9,storm150_a300_c80,c09_storm_150_a300_c80_0002,1.0,1.0,w16421,546.9102,546.9102
9,storm150_a300_c80,c09_storm_150_a300_c80_0002,1.0,1.0,w27931,922.1229,922.1229
9,storm150_a300_c80,c09_storm_150_a300_c80_0002,2.0,0.5,w8421,273.4551,273.4551
9,storm150_a300_c80,c09_storm_150_a300_c80_0002,2.0,0.5,w16421,544.8087,544.8087
9,storm150_a300_c80,c09_storm_150_a300_c80_0002,2.0,0.5,w27931,917.9199,917.9199
9,storm150_a300_c80,c09_storm_150_a300_c80_0002,2.0,0.75,w8421,273.4551,273.4551
9,storm150_a300_c80,c09_storm_150_a300_c80_0002,2.0,0.75,w16421,544.8087,544.8087
9,storm150_a300_c80,c09_storm_150_a300_c80_0002,2.0,0.75,w27931,917.9199,917.9199
9,storm150_a300_c80,c09_storm_150_a300_c80_0002,2.0,1.0,w8421,273.4551,273.4551
9,storm150_a300_c80,c09_storm_150_a300_c80_0002,2.0,1.0,w16421,544.8087,544.8087
9,storm150_a300_c80,c09_storm_150_a300_c80_0002,2.0,1.0,w27931,917.9199,917.9199
9,storm150_a300_c80,c09_storm_150_a300_c80_0003,1.0,0.5,w8421,53.7256,53.7256
9,storm150_a300_c80,c09_storm_150_a300_c80_0003,1.0,0.5,w16421,107.4512,107.4512
9,storm150_a300_c80,c09_storm_150_a300_c80_0003,1.0,0.5,w27931,181.3239,181.3239
9,storm150_a300_c80,c09_storm_150_a300_c80_0003,1.0,0.75,w8421,53.7256,53.7256
9,storm150_a300_c80,c09_storm_150_a300_c80_0003,1.0,0.75,w16421,107.4512,107.4512
9,storm150_a300_c80,c09_storm_150_a300_c80_0003,1.0,0.75,w27931,181.3239,181.3239
9,storm150_a300_c80,c09_storm_150_a300_c80_0003,1.0,1.0,w8421,53.7256,53.7256
9,storm150_a300_c80,c09_storm_150_a300_c80_0003,1.0,1.0,w16421,107.4512,107.4512
9,storm150_a300_c80,c09_storm_150_a300_c80_0003,1.0,1.0,w27931,181.3239,181.3239
9,storm150_a300_c80,c09_storm_150_a300_c80_0003,2.0,0.5,w8421,53.7256,53.7256
9,storm150_a300_c80,c09_storm_150_a300_c80_0003,2.0,0.5,w16421,107.4512,107.4512
9,storm150_a300_c80,c09_storm_150_a300_c80_0003,2.0,0.5,w27931,181.3239,181.3239
9,storm150_a300_c80,c09_storm_150_a300_c80_0003,2.0,0.75,w8421,53.7256,53.7256
9,storm150_a300_c80,c09_storm_150_a300_c80_0003,2.0,0.75,w16421,107.4512,107.4512
9,storm150_a300_c80,c09_storm_150_a300_c80_0003,2.0,0.75,w27931,181.3239,181.3239
9,storm150_a300_c80,c09_storm_150_a300_c80_0003,2.0,1.0,w8421,53.7256,53.7256
9,storm150_a300_c80,c09_storm_150_a300_c80_0003,2.0,1.0,w16421,107.4512,107.4512
9,storm150_a300_c80,c09_storm_150_a300_c80_0003,2.0,1.0,w27931,181.3239,181.3239
9,storm150_a300_c80,c09_storm_150_a300_c80_0004,1.0,0.5,w8421,11.8968,11.8968
9,storm150_a300_c80,c09_storm_150_a300_c80_0004,1.0,0.5,w16421,23.7936,23.7936
9,storm150_a300_c80,c09_storm_150_a300_c80_0004,1.0,0.5,w27931,40.1517,40.1517
9,storm150_a300_c80,c09_storm_150_a300_c80_0004,1.0,0.75,w8421,11.8968,11.8968
9,storm150_a300_c80,c09_storm_150_a300_c80_0004,1.0,0.75,w16421,23.7936,23.7936
9,storm150_a300_c80,c09_storm_150_a300_c80_0004,1.0,0.75,w27931,40.1517,40.1517
9,storm150_a300_c80,c09_storm_150_a300_c80_0004,1.0,1.0,w8421,11.8968,11.8968
9,storm150_a300_c80,c09_storm_150_a300_c80_0004,1.0,1.0,w16421,23.7936,23.7936
9,storm150_a300_c80,c09_storm_150_a300_c80_0004,1.0,1.0,w27931,40.1517,40.1517
9,storm150_a300_c80,c09_storm_150_a300_c80_0004,2.0,0.5,w8421,11.8968,11.8968
9,storm150_a300_c80,c09_storm_150_a300_c80_0004,2.0,0.5,w16421,23.7936,23.7936
9,storm150_a300_c80,c09_storm_150_a300_c80_0004,2.0,0.5,w27931,40.1517,40.1517
9,storm150_a300_c80,c09_storm_150_a300_c80_0004,2.0,0.75,w8421,11.8968,11.8968
9,storm150_a300_c80,c09_storm_150_a300_c80_0004,2.0,0.75,w16421,23.7936,23.7936
9,storm150_a300_c80,c09_storm_150_a300_c80_0004,2.0,0.75,w27931,40.1517,40.1517
9,storm150_a300_c80,c09_storm_150_a300_c80_0004,2.0,1.0,w8421,11.8968,11.8968
9,storm150_a300_c80,c09_storm_150_a300_c80_0004,2.0,1.0,w16421,23.7936,23.7936
9,storm150_a300_c80,c09_storm_150_a300_c80_0004,2.0,1.0,w27931,40.1517,40.1517
9,storm150_a300_c80,c09_storm_150_a300_c80_0005,1.0,0.5,w8421,0.0000,0.0000
9,storm150_a300_c80,c09_storm_150_a300_c80_0005,1.0,0.5,w16421,0.0000,0.0000
9,storm150_a300_c80,c09_storm_150_a300_c80_0005,1.0,0.5,w27931,0.0000,0.0000
9,storm150_a300_c80,c09_storm_150_a300_c80_0005,1.0,0.75,w8421,0.0000,0.0000
9,storm150_a300_c80,c09_storm_150_a300_c80_0005,1.0,0.75,w16421,0.0000,0.0000
9,storm150_a300_c80,c09_storm_150_a300_c80_0005,1.0,0.75,w27931,0.0000,0.0000
9,storm150_a300_c80,c09_storm_150_a300_c80_0005,1.0,1.0,w8421,0.0000,0.0000
9,storm150_a300_c80,c09_storm_150_a300_c80_0005,1.0,1.0,w16421,0.0000,0.0000
9,storm150_a300_c80,c09_storm_150_a300_c80_0005,1.0,1.0,w27931,0.0000,0.0000
9,storm150_a300_c80,c09_storm_150_a300_c80_0005,2.0,0.5,w8421,0.0000,0.0000
9,storm150_a300_c80,c09_storm_150_a300_c80_0005,2.0,0.5,w16421,0.0000,0.0000
9,storm150_a300_c80,c09_storm_150_a300_c80_0005,2.0,0.5,w27931,0.0000,0.0000
9,storm150_a300_c80,c09_storm_150_a300_c80_0005,2.0,0.75,w8421,0.0000,0.0000
9,storm150_a300_c80,c09_storm_150_a300_c80_0005,2.0,0.75,w16421,0.0000,0.0000
9,storm150_a300_c80,c09_storm_150_a300_c80_0005,2.0,0.75,w27931,0.0000,0.0000
9,storm150_a300_c80,c09_storm_150_a300_c80_0005,2.0,1.0,w8421,0.0000,0.0000
9,storm150_a300_c80,c09_storm_150_a300_c80_0005,2.0,1.0,w16421,0.0000,0.0000
9,storm150_a300_c80,c09_storm_150_a300_c80_0005,2.0,1.0,w27931,0.0000,0.0000
9,storm150_a300_c80,c09_storm_150_a300_c80_0006,1.0,0.5,w8421,0.0000,0.0000
9,storm150_a300_c80,c09_storm_150_a300_c80_0006,1.0,0.5,w16421,0.0000,0.0000
9,storm150_a300_c80,c09_storm_150_a300_c80_0006,1.0,0.5,w27931,0.0000,0.0000
9,storm150_a300_c80,c09_storm_150_a300_c80_0006,1.0,0.75,w8421,0.0000,0.0000
9,storm150_a300_c80,c09_storm_150_a300_c80_0006,1.0,0.75,w16421,0.0000,0.0000
9,storm150_a300_c80,c09_storm_150_a300_c80_0006,1.0,0.75,w27931,0.0000,0.0000
9,storm150_a300_c80,c09_storm_150_a300_c80_0006,1.0,1.0,w8421,0.0000,0.0000
9,storm150_a300_c80,c09_storm_150_a300_c80_0006,1.0,1.0,w16421,0.0000,0.0000
9,storm150_a300_c80,c09_storm_150_a300_c80_0006,1.0,1.0,w27931,0.0000,0.0000
9,storm150_a300_c80,c09_storm_150_a300_c80_0006,2.0,0.5,w8421,0.0000,0.0000
9,storm150_a300_c80,c09_storm_150_a300_c80_0006,2.0,0.5,w16421,0.0000,0.0000
9,storm150_a300_c80,c09_storm_150_a300_c80_0006,2.0,0.5,w27931,0.0000,0.0000
9,storm150_a300_c80,c09_storm_150_a300_c80_0006,2.0,0.75,w8421,0.0000,0.0000
9,storm150_a300_c80,c09_storm_150_a300_c80_0006,2.0,0.75,w16421,0.0000,0.0000
9,storm150_a300_c80,c09_storm_150_a300_c80_0006,2.0,0.75,w27931,0.0000,0.0000
9,storm150_a300_c80,c09_storm_150_a300_c80_0006,2.0,1.0,w8421,0.0000,0.0000
9,storm150_a300_c80,c09_storm_150_a300_c80_0006,2.0,1.0,w16421,0.0000,0.0000
9,storm150_a300_c80,c09_storm_150_a300_c80_0006,2.0,1.0,w27931,0.0000,0.0000
9,storm150_a300_c80,c09_storm_150_a300_c80_0007,1.0,0.5,w8421,147.8474,147.8474
9,storm150_a300_c80,c09_storm_150_a300_c80_0007,1.0,0.5,w16421,256.9258,256.9258
9,storm150_a300_c80,c09_storm_150_a300_c80_0007,1.0,0.5,w27931,426.2931,426.2931
9,storm150_a300_c80,c09_storm_150_a300_c80_0007,1.0,0.75,w8421,147.8474,147.8474
9,storm150_a300_c80,c09_storm_150_a300_c80_0007,1.0,0.75,w16421,256.9258,256.9258
9,storm150_a300_c80,c09_storm_150_a300_c80_0007,1.0,0.75,w27931,426.2931,426.2931
9,storm150_a300_c80,c09_storm_150_a300_c80_0007,1.0,1.0,w8421,147.8474,147.8474
9,storm150_a300_c80,c09_storm_150_a300_c80_0007,1.0,1.0,w16421,256.9258,256.9258
9,storm150_a300_c80,c09_storm_150_a300_c80_0007,1.0,1.0,w27931,426.2931,426.2931
9,storm150_a300_c80,c09_storm_150_a300_c80_0007,2.0,0.5,w8421,128.4629,128.4629
9,storm150_a300_c80,c09_storm_150_a300_c80_0007,2.0,0.5,w16421,237.5413,237.5413
9,storm150_a300_c80,c09_storm_150_a300_c80_0007,2.0,0.5,w27931,387.5241,387.5241
9,storm150_a300_c80,c09_storm_150_a300_c80_0007,2.0,0.75,w8421,128.4629,128.4629
9,storm150_a300_c80,c09_storm_150_a300_c80_0007,2.0,0.75,w16421,237.5413,237.5413
9,storm150_a300_c80,c09_storm_150_a300_c80_0007,2.0,0.75,w27931,387.5241,387.5241
9,storm150_a300_c80,c09_storm_150_a300_c80_0007,2.0,1.0,w8421,128.4629,128.4629
9,storm150_a300_c80,c09_storm_150_a300_c80_0007,2.0,1.0,w16421,237.5413,237.5413
9,storm150_a300_c80,c09_storm_150_a300_c80_0007,2.0,1.0,w27931,387.5241,387.5241
9,storm150_a300_c80,c09_storm_150_a300_c80_0008,1.0,0.5,w8421,267.8152,267.8152
9,storm150_a300_c80,c09_storm_150_a300_c80_0008,1.0,0.5,w16421,535.6304,535.6304
9,storm150_a300_c80,c09_storm_150_a300_c80_0008,1.0,0.5,w27931,903.8763,903.8763
9,storm150_a300_c80,c09_storm_150_a300_c80_0008,1.0,0.75,w8421,267.8152,267.8152
9,storm150_a300_c80,c09_storm_150_a300_c80_0008,1.0,0.75,w16421,535.6304,535.6304
9,storm150_a300_c80,c09_storm_150_a300_c80_0008,1.0,0.75,w27931,903.8763,903.8763
9,storm150_a300_c80,c09_storm_150_a300_c80_0008,1.0,1.0,w8421,267.8152,267.8152
9,storm150_a300_c80,c09_storm_150_a300_c80_0008,1.0,1.0,w16421,535.6304,535.6304
9,storm150_a300_c80,c09_storm_150_a300_c80_0008,1.0,1.0,w27931,903.8763,903.8763
9,storm150_a300_c80,c09_storm_150_a300_c80_0008,2.0,0.5,w8421,267.8152,267.8152
9,storm150_a300_c80,c09_storm_150_a300_c80_0008,2.0,0.5,w16421,535.6304,535.6304
9,storm150_a300_c80,c09_storm_150_a300_c80_0008,2.0,0.5,w27931,903.8763,903.8763
9,storm150_a300_c80,c09_storm_150_a300_c80_0008,2.0,0.75,w8421,267.8152,267.8152
9,storm150_a300_c80,c09_storm_150_a300_c80_0008,2.0,0.75,w16421,535.6304,535.6304
9,storm150_a300_c80,c09_storm_150_a300_c80_0008,2.0,0.75,w27931,903.8763,903.8763
9,storm150_a300_c80,c09_storm_150_a300_c80_0008,2.0,1.0,w8421,264.7352,264.7352
9,storm150_a300_c80,c09_storm_150_a300_c80_0008,2.0,1.0,w16421,526.3904,526.3904
9,storm150_a300_c80,c09_storm_150_a300_c80_0008,2.0,1.0,w27931,890.0163,890.0163
9,storm150_a300_c80,c09_storm_150_a300_c80_0009,1.0,0.5,w8421,0.0000,0.0000
9,storm150_a300_c80,c09_storm_150_a300_c80_0009,1.0,0.5,w16421,0.0000,0.0000
9,storm150_a300_c80,c09_storm_150_a300_c80_0009,1.0,0.5,w27931,0.0000,0.0000
9,storm150_a300_c80,c09_storm_150_a300_c80_0009,1.0,0.75,w8421,0.0000,0.0000
9,storm150_a300_c80,c09_storm_150_a300_c80_0009,1.0,0.75,w16421,0.0000,0.0000
9,storm150_a300_c80,c09_storm_150_a300_c80_0009,1.0,0.75,w27931,0.0000,0.0000
9,storm150_a300_c80,c09_storm_150_a300_c80_0009,1.0,1.0,w8421,0.0000,0.0000
9,storm150_a300_c80,c09_storm_150_a300_c80_0009,1.0,1.0,w16421,0.0000,0.0000
9,storm150_a300_c80,c09_storm_150_a300_c80_0009,1.0,1.0,w27931,0.0000,0.0000
9,storm150_a300_c80,c09_storm_150_a300_c80_0009,2.0,0.5,w8421,0.0000,0.0000
9,storm150_a300_c80,c09_storm_150_a300_c80_0009,2.0,0.5,w16421,0.0000,0.0000
9,storm150_a300_c80,c09_storm_150_a300_c80_0009,2.0,0.5,w27931,0.0000,0.0000
9,storm150_a300_c80,c09_storm_150_a300_c80_0009,2.0,0.75,w8421,0.0000,0.0000
9,storm150_a300_c80,c09_storm_150_a300_c80_0009,2.0,0.75,w16421,0.0000,0.0000
9,storm150_a300_c80,c09_storm_150_a300_c80_0009,2.0,0.75,w27931,0.0000,0.0000
9,storm150_a300_c80,c09_storm_150_a300_c80_0009,2.0,1.0,w8421,0.0000,0.0000
9,storm150_a300_c80,c09_storm_150_a300_c80_0009,2.0,1.0,w16421,0.0000,0.0000
9,storm150_a300_c80,c09_storm_150_a300_c80_0009,2.0,1.0,w27931,0.0000,0.0000
9,storm150_a300_c80,c09_storm_150_a300_c80_0010,1.0,0.5,w8421,96.8944,96.8944
9,storm150_a300_c80,c09_storm_150_a300_c80_0010,1.0,0.5,w16421,96.8944,96.8944
9,storm150_a300_c80,c09_storm_150_a300_c80_0010,1.0,0.5,w27931,218.0124,218.0124
9,storm150_a300_c80,c09_storm_150_a300_c80_0010,1.0,0.75,w8421,96.8944,96.8944
9,storm150_a300_c80,c09_storm_150_a300_c80_0010,1.0,0.75,w16421,96.8944,96.8944
9,storm150_a300_c80,c09_storm_150_a300_c80_0010,1.0,0.75,w27931,218.0124,218.0124
9,storm150_a300_c80,c09_storm_150_a300_c80_0010,1.0,1.0,w8421,48.4472,48.4472
9,storm150_a300_c80,c09_storm_150_a300_c80_0010,1.0,1.0,w16421,48.4472,48.4472
9,storm150_a300_c80,c09_storm_150_a300_c80_0010,1.0,1.0,w27931,72.6708,72.6708
9,storm150_a300_c80,c09_storm_150_a300_c80_0010,2.0,0.5,w8421,96.8944,96.8944
9,storm150_a300_c80,c09_storm_150_a300_c80_0010,2.0,0.5,w16421,96.8944,96.8944
9,storm150_a300_c80,c09_storm_150_a300_c80_0010,2.0,0.5,w27931,218.0124,218.0124
9,storm150_a300_c80,c09_storm_150_a300_c80_0010,2.0,0.75,w8421,48.4472,48.4472
9,storm150_a300_c80,c09_storm_150_a300_c80_0010,2.0,0.75,w16421,48.4472,48.4472
9,storm150_a300_c80,c09_storm_150_a300_c80_0010,2.0,0.75,w27931,72.6708,72.6708
9,storm150_a300_c80,c09_storm_150_a300_c80_0010,2.0,1.0,w8421,48.4472,48.4472
9,storm150_a300_c80,c09_storm_150_a300_c80_0010,2.0,1.0,w16421,48.4472,48.4472
9,storm150_a300_c80,c09_storm_150_a300_c80_0010,2.0,1.0,w27931,72.6708,72.6708
9,storm150_a300_c80,c09_storm_150_a300_c80_0011,1.0,0.5,w8421,51.2004,51.2004
9,storm150_a300_c80,c09_storm_150_a300_c80_0011,1.0,0.5,w16421,69.5300,69.5300
9,storm150_a300_c80,c09_storm_150_a300_c80_0011,1.0,0.5,w27931,135.8217,135.8217
9,storm150_a300_c80,c09_storm_150_a300_c80_0011,1.0,0.75,w8421,51.2004,51.2004
9,storm150_a300_c80,c09_storm_150_a300_c80_0011,1.0,0.75,w16421,69.5300,69.5300
9,storm150_a300_c80,c09_storm_150_a300_c80_0011,1.0,0.75,w27931,135.8217,135.8217
9,storm150_a300_c80,c09_storm_150_a300_c80_0011,1.0,1.0,w8421,51.2004,51.2004
9,storm150_a300_c80,c09_storm_150_a300_c80_0011,1.0,1.0,w16421,69.5300,69.5300
9,storm150_a300_c80,c09_storm_150_a300_c80_0011,1.0,1.0,w27931,135.8217,135.8217
9,storm150_a300_c80,c09_storm_150_a300_c80_0011,2.0,0.5,w8421,34.7650,34.7650
9,storm150_a300_c80,c09_storm_150_a300_c80_0011,2.0,0.5,w16421,53.0946,53.0946
9,storm150_a300_c80,c09_storm_150_a300_c80_0011,2.0,0.5,w27931,86.5155,86.5155
9,storm150_a300_c80,c09_storm_150_a300_c80_0011,2.0,0.75,w8421,34.7650,34.7650
9,storm150_a300_c80,c09_storm_150_a300_c80_0011,2.0,0.75,w16421,53.0946,53.0946
9,storm150_a300_c80,c09_storm_150_a300_c80_0011,2.0,0.75,w27931,86.5155,86.5155
9,storm150_a300_c80,c09_storm_150_a300_c80_0011,2.0,1.0,w8421,51.2004,51.2004
9,storm150_a300_c80,c09_storm_150_a300_c80_0011,2.0,1.0,w16421,69.5300,69.5300
9,storm150_a300_c80,c09_storm_150_a300_c80_0011,2.0,1.0,w27931,135.8217,135.8217
9,storm150_a300_c80,c09_storm_150_a300_c80_0012,1.0,0.5,w8421,70.8592,70.8592
9,storm150_a300_c80,c09_storm_150_a300_c80_0012,1.0,0.5,w16421,141.7184,141.7184
9,storm150_a300_c80,c09_storm_150_a300_c80_0012,1.0,0.5,w27931,239.1498,239.1498
9,storm150_a300_c80,c09_storm_150_a300_c80_0012,1.0,0.75,w8421,70.8592,70.8592
9,storm150_a300_c80,c09_storm_150_a300_c80_0012,1.0,0.75,w16421,141.7184,141.7184
9,storm150_a300_c80,c09_storm_150_a300_c80_0012,1.0,0.75,w27931,239.1498,239.1498
9,storm150_a300_c80,c09_storm_150_a300_c80_0012,1.0,1.0,w8421,70.8592,70.8592
9,storm150_a300_c80,c09_storm_150_a300_c80_0012,1.0,1.0,w16421,141.7184,141.7184
9,storm150_a300_c80,c09_storm_150_a300_c80_0012,1.0,1.0,w27931,239.1498,239.1498
9,storm150_a300_c80,c09_storm_150_a300_c80_0012,2.0,0.5,w8421,70.8592,70.8592
9,storm150_a300_c80,c09_storm_150_a300_c80_0012,2.0,0.5,w16421,141.7184,141.7184
9,storm150_a300_c80,c09_storm_150_a300_c80_0012,2.0,0.5,w27931,239.1498,239.1498
9,storm150_a300_c80,c09_storm_150_a300_c80_0012,2.0,0.75,w8421,70.8592,70.8592
9,storm150_a300_c80,c09_storm_150_a300_c80_0012,2.0,0.75,w16421,141.7184,141.7184
9,storm150_a300_c80,c09_storm_150_a300_c80_0012,2.0,0.75,w27931,239.1498,239.1498
9,storm150_a300_c80,c09_storm_150_a300_c80_0012,2.0,1.0,w8421,70.8592,70.8592
9,storm150_a300_c80,c09_storm_150_a300_c80_0012,2.0,1.0,w16421,141.7184,141.7184
9,storm150_a300_c80,c09_storm_150_a300_c80_0012,2.0,1.0,w27931,239.1498,239.1498
9,storm150_a300_c80,c09_storm_150_a300_c80_0013,1.0,0.5,w8421,0.0000,0.0000
9,storm150_a300_c80,c09_storm_150_a300_c80_0013,1.0,0.5,w16421,0.0000,0.0000
9,storm150_a300_c80,c09_storm_150_a300_c80_0013,1.0,0.5,w27931,0.0000,0.0000
9,storm150_a300_c80,c09_storm_150_a300_c80_0013,1.0,0.75,w8421,0.0000,0.0000
9,storm150_a300_c80,c09_storm_150_a300_c80_0013,1.0,0.75,w16421,0.0000,0.0000
9,storm150_a300_c80,c09_storm_150_a300_c80_0013,1.0,0.75,w27931,0.0000,0.0000
9,storm150_a300_c80,c09_storm_150_a300_c80_0013,1.0,1.0,w8421,0.0000,0.0000
9,storm150_a300_c80,c09_storm_150_a300_c80_0013,1.0,1.0,w16421,0.0000,0.0000
9,storm150_a300_c80,c09_storm_150_a300_c80_0013,1.0,1.0,w27931,0.0000,0.0000
9,storm150_a300_c80,c09_storm_150_a300_c80_0013,2.0,0.5,w8421,0.0000,0.0000
9,storm150_a300_c80,c09_storm_150_a300_c80_0013,2.0,0.5,w16421,0.0000,0.0000
9,storm150_a300_c80,c09_storm_150_a300_c80_0013,2.0,0.5,w27931,0.0000,0.0000
9,storm150_a300_c80,c09_storm_150_a300_c80_0013,2.0,0.75,w8421,0.0000,0.0000
9,storm150_a300_c80,c09_storm_150_a300_c80_0013,2.0,0.75,w16421,0.0000,0.0000
9,storm150_a300_c80,c09_storm_150_a300_c80_0013,2.0,0.75,w27931,0.0000,0.0000
9,storm150_a300_c80,c09_storm_150_a300_c80_0013,2.0,1.0,w8421,0.0000,0.0000
9,storm150_a300_c80,c09_storm_150_a300_c80_0013,2.0,1.0,w16421,0.0000,0.0000
9,storm150_a300_c80,c09_storm_150_a300_c80_0013,2.0,1.0,w27931,0.0000,0.0000
9,storm150_a300_c80,c09_storm_150_a300_c80_0014,1.0,0.5,w8421,0.0000,0.0000
9,storm150_a300_c80,c09_storm_150_a300_c80_0014,1.0,0.5,w16421,0.0000,0.0000
9,storm150_a300_c80,c09_storm_150_a300_c80_0014,1.0,0.5,w27931,0.0000,0.0000
9,storm150_a300_c80,c09_storm_150_a300_c80_0014,1.0,0.75,w8421,0.0000,0.0000
9,storm150_a300_c80,c09_storm_150_a300_c80_0014,1.0,0.75,w16421,0.0000,0.0000
9,storm150_a300_c80,c09_storm_150_a300_c80_0014,1.0,0.75,w27931,0.0000,0.0000
9,storm150_a300_c80,c09_storm_150_a300_c80_0014,1.0,1.0,w8421,0.0000,0.0000
9,storm150_a300_c80,c09_storm_150_a300_c80_0014,1.0,1.0,w16421,0.0000,0.0000
9,storm150_a300_c80,c09_storm_150_a300_c80_0014,1.0,1.0,w27931,0.0000,0.0000
9,storm150_a300_c80,c09_storm_150_a300_c80_0014,2.0,0.5,w8421,0.0000,0.0000
9,storm150_a300_c80,c09_storm_150_a300_c80_0014,2.0,0.5,w16421,0.0000,0.0000
9,storm150_a300_c80,c09_storm_150_a300_c80_0014,2.0,0.5,w27931,0.0000,0.0000
9,storm150_a300_c80,c09_storm_150_a300_c80_0014,2.0,0.75,w8421,0.0000,0.0000
9,storm150_a300_c80,c09_storm_150_a300_c80_0014,2.0,0.75,w16421,0.0000,0.0000
9,storm150_a300_c80,c09_storm_150_a300_c80_0014,2.0,0.75,w27931,0.0000,0.0000
9,storm150_a300_c80,c09_storm_150_a300_c80_0014,2.0,1.0,w8421,0.0000,0.0000
9,storm150_a300_c80,c09_storm_150_a300_c80_0014,2.0,1.0,w16421,0.0000,0.0000
9,storm150_a300_c80,c09_storm_150_a300_c80_0014,2.0,1.0,w27931,0.0000,0.0000
9,storm150_a300_c80,c09_storm_150_a300_c80_0015,1.0,0.5,w8421,0.0000,0.0000
9,storm150_a300_c80,c09_storm_150_a300_c80_0015,1.0,0.5,w16421,0.0000,0.0000
9,storm150_a300_c80,c09_storm_150_a300_c80_0015,1.0,0.5,w27931,0.0000,0.0000
9,storm150_a300_c80,c09_storm_150_a300_c80_0015,1.0,0.75,w8421,0.0000,0.0000
9,storm150_a300_c80,c09_storm_150_a300_c80_0015,1.0,0.75,w16421,0.0000,0.0000
9,storm150_a300_c80,c09_storm_150_a300_c80_0015,1.0,0.75,w27931,0.0000,0.0000
9,storm150_a300_c80,c09_storm_150_a300_c80_0015,1.0,1.0,w8421,0.0000,0.0000
9,storm150_a300_c80,c09_storm_150_a300_c80_0015,1.0,1.0,w16421,0.0000,0.0000
9,storm150_a300_c80,c09_storm_150_a300_c80_0015,1.0,1.0,w27931,0.0000,0.0000
9,storm150_a300_c80,c09_storm_150_a300_c80_0015,2.0,0.5,w8421,0.0000,0.0000
9,storm150_a300_c80,c09_storm_150_a300_c80_0015,2.0,0.5,w16421,0.0000,0.0000
9,storm150_a300_c80,c09_storm_150_a300_c80_0015,2.0,0.5,w27931,0.0000,0.0000
9,storm150_a300_c80,c09_storm_150_a300_c80_0015,2.0,0.75,w8421,0.0000,0.0000
9,storm150_a300_c80,c09_storm_150_a300_c80_0015,2.0,0.75,w16421,0.0000,0.0000
9,storm150_a300_c80,c09_storm_150_a300_c80_0015,2.0,0.75,w27931,0.0000,0.0000
9,storm150_a300_c80,c09_storm_150_a300_c80_0015,2.0,1.0,w8421,0.0000,0.0000
9,storm150_a300_c80,c09_storm_150_a300_c80_0015,2.0,1.0,w16421,0.0000,0.0000
9,storm150_a300_c80,c09_storm_150_a300_c80_0015,2.0,1.0,w27931,0.0000,0.0000
9,storm150_a300_c80,c09_storm_150_a300_c80_0016,1.0,0.5,w8421,111.0000,111.0000
9,storm150_a300_c80,c09_storm_150_a300_c80_0016,1.0,0.5,w16421,111.0000,111.0000
9,storm150_a300_c80,c09_storm_150_a300_c80_0016,1.0,0.5,w27931,249.7500,249.7500
9,storm150_a300_c80,c09_storm_150_a300_c80_0016,1.0,0.75,w8421,111.0000,111.0000
9,storm150_a300_c80,c09_storm_150_a300_c80_0016,1.0,0.75,w16421,111.0000,111.0000
9,storm150_a300_c80,c09_storm_150_a300_c80_0016,1.0,0.75,w27931,249.7500,249.7500
9,storm150_a300_c80,c09_storm_150_a300_c80_0016,1.0,1.0,w8421,222.0000,222.0000
9,storm150_a300_c80,c09_storm_150_a300_c80_0016,1.0,1.0,w16421,444.0000,444.0000
9,storm150_a300_c80,c09_storm_150_a300_c80_0016,1.0,1.0,w27931,749.2500,749.2500
9,storm150_a300_c80,c09_storm_150_a300_c80_0016,2.0,0.5,w8421,55.5000,55.5000
9,storm150_a300_c80,c09_storm_150_a300_c80_0016,2.0,0.5,w16421,55.5000,55.5000
9,storm150_a300_c80,c09_storm_150_a300_c80_0016,2.0,0.5,w27931,83.2500,83.2500
9,storm150_a300_c80,c09_storm_150_a300_c80_0016,2.0,0.75,w8421,111.0000,111.0000
9,storm150_a300_c80,c09_storm_150_a300_c80_0016,2.0,0.75,w16421,111.0000,111.0000
9,storm150_a300_c80,c09_storm_150_a300_c80_0016,2.0,0.75,w27931,249.7500,249.7500
9,storm150_a300_c80,c09_storm_150_a300_c80_0016,2.0,1.0,w8421,222.0000,222.0000
9,storm150_a300_c80,c09_storm_150_a300_c80_0016,2.0,1.0,w16421,444.0000,444.0000
9,storm150_a300_c80,c09_storm_150_a300_c80_0016,2.0,1.0,w27931,749.2500,749.2500
9,storm150_a300_c80,c09_storm_150_a300_c80_0017,1.0,0.5,w8421,49.9782,49.9782
9,storm150_a300_c80,c09_storm_150_a300_c80_0017,1.0,0.5,w16421,88.7030,88.7030
9,storm150_a300_c80,c09_storm_150_a300_c80_0017,1.0,0.5,w27931,147.5763,147.5763
9,storm150_a300_c80,c09_storm_150_a300_c80_0017,1.0,0.75,w8421,61.2316,61.2316
9,storm150_a300_c80,c09_storm_150_a300_c80_0017,1.0,0.75,w16421,99.9564,99.9564
9,storm150_a300_c80,c09_storm_150_a300_c80_0017,1.0,0.75,w27931,181.3365,181.3365
9,storm150_a300_c80,c09_storm_150_a300_c80_0017,1.0,1.0,w8421,61.2316,61.2316
9,storm150_a300_c80,c09_storm_150_a300_c80_0017,1.0,1.0,w16421,99.9564,99.9564
9,storm150_a300_c80,c09_storm_150_a300_c80_0017,1.0,1.0,w27931,181.3365,181.3365
9,storm150_a300_c80,c09_storm_150_a300_c80_0017,2.0,0.5,w8421,29.0703,29.0703
9,storm150_a300_c80,c09_storm_150_a300_c80_0017,2.0,0.5,w16421,37.2327,37.2327
9,storm150_a300_c80,c09_storm_150_a300_c80_0017,2.0,0.5,w27931,67.5575,67.5575
9,storm150_a300_c80,c09_storm_150_a300_c80_0017,2.0,0.75,w8421,49.9782,49.9782
9,storm150_a300_c80,c09_storm_150_a300_c80_0017,2.0,0.75,w16421,88.7030,88.7030
9,storm150_a300_c80,c09_storm_150_a300_c80_0017,2.0,0.75,w27931,147.5763,147.5763
9,storm150_a300_c80,c09_storm_150_a300_c80_0017,2.0,1.0,w8421,57.1504,57.1504
9,storm150_a300_c80,c09_storm_150_a300_c80_0017,2.0,1.0,w16421,87.7128,87.7128
9,storm150_a300_c80,c09_storm_150_a300_c80_0017,2.0,1.0,w27931,162.9711,162.9711
9,storm150_a300_c80,c09_storm_150_a300_c80_0018,1.0,0.5,w8421,157.3488,157.3488
9,storm150_a300_c80,c09_storm_150_a300_c80_0018,1.0,0.5,w16421,314.6976,314.6976
9,storm150_a300_c80,c09_storm_150_a300_c80_0018,1.0,0.5,w27931,531.0522,531.0522
9,storm150_a300_c80,c09_storm_150_a300_c80_0018,1.0,0.75,w8421,157.3488,157.3488
9,storm150_a300_c80,c09_storm_150_a300_c80_0018,1.0,0.75,w16421,314.6976,314.6976
9,storm150_a300_c80,c09_storm_150_a300_c80_0018,1.0,0.75,w27931,531.0522,531.0522
9,storm150_a300_c80,c09_storm_150_a300_c80_0018,1.0,1.0,w8421,157.3488,157.3488
9,storm150_a300_c80,c09_storm_150_a300_c80_0018,1.0,1.0,w16421,314.6976,314.6976
9,storm150_a300_c80,c09_storm_150_a300_c80_0018,1.0,1.0,w27931,531.0522,531.0522
9,storm150_a300_c80,c09_storm_150_a300_c80_0018,2.0,0.5,w8421,157.3488,157.3488
9,storm150_a300_c80,c09_storm_150_a300_c80_0018,2.0,0.5,w16421,314.6976,314.6976
9,storm150_a300_c80,c09_storm_150_a300_c80_0018,2.0,0.5,w27931,531.0522,531.0522
9,storm150_a300_c80,c09_storm_150_a300_c80_0018,2.0,0.75,w8421,157.3488,157.3488
9,storm150_a300_c80,c09_storm_150_a300_c80_0018,2.0,0.75,w16421,314.6976,314.6976
9,storm150_a300_c80,c09_storm_150_a300_c80_0018,2.0,0.75,w27931,531.0522,531.0522
9,storm150_a300_c80,c09_storm_150_a300_c80_0018,2.0,1.0,w8421,157.3488,157.3488
9,storm150_a300_c80,c09_storm_150_a300_c80_0018,2.0,1.0,w16421,314.6976,314.6976
9,storm150_a300_c80,c09_storm_150_a300_c80_0018,2.0,1.0,w27931,531.0522,531.0522
9,storm150_a300_c80,c09_storm_150_a300_c80_0019,1.0,0.5,w8421,0.0000,0.0000
9,storm150_a300_c80,c09_storm_150_a300_c80_0019,1.0,0.5,w16421,0.0000,0.0000
9,storm150_a300_c80,c09_storm_150_a300_c80_0019,1.0,0.5,w27931,0.0000,0.0000
9,storm150_a300_c80,c09_storm_150_a300_c80_0019,1.0,0.75,w8421,0.0000,0.0000
9,storm150_a300_c80,c09_storm_150_a300_c80_0019,1.0,0.75,w16421,0.0000,0.0000
9,storm150_a300_c80,c09_storm_150_a300_c80_0019,1.0,0.75,w27931,0.0000,0.0000
9,storm150_a300_c80,c09_storm_150_a300_c80_0019,1.0,1.0,w8421,0.0000,0.0000
9,storm150_a300_c80,c09_storm_150_a300_c80_0019,1.0,1.0,w16421,0.0000,0.0000
9,storm150_a300_c80,c09_storm_150_a300_c80_0019,1.0,1.0,w27931,0.0000,0.0000
9,storm150_a300_c80,c09_storm_150_a300_c80_0019,2.0,0.5,w8421,0.0000,0.0000
9,storm150_a300_c80,c09_storm_150_a300_c80_0019,2.0,0.5,w16421,0.0000,0.0000
9,storm150_a300_c80,c09_storm_150_a300_c80_0019,2.0,0.5,w27931,0.0000,0.0000
9,storm150_a300_c80,c09_storm_150_a300_c80_0019,2.0,0.75,w8421,0.0000,0.0000
9,storm150_a300_c80,c09_storm_150_a300_c80_0019,2.0,0.75,w16421,0.0000,0.0000
9,storm150_a300_c80,c09_storm_150_a300_c80_0019,2.0,0.75,w27931,0.0000,0.0000
9,storm150_a300_c80,c09_storm_150_a300_c80_0019,2.0,1.0,w8421,0.0000,0.0000
9,storm150_a300_c80,c09_storm_150_a300_c80_0019,2.0,1.0,w16421,0.0000,0.0000
9,storm150_a300_c80,c09_storm_150_a300_c80_0019,2.0,1.0,w27931,0.0000,0.0000
9,storm150_a300_c80,c09_storm_150_a300_c80_0020,1.0,0.5,w8421,0.0000,0.0000
9,storm150_a300_c80,c09_storm_150_a300_c80_0020,1.0,0.5,w16421,0.0000,0.0000
9,storm150_a300_c80,c09_storm_150_a300_c80_0020,1.0,0.5,w27931,0.0000,0.0000
9,storm150_a300_c80,c09_storm_150_a300_c80_0020,1.0,0.75,w8421,0.0000,0.0000
9,storm150_a300_c80,c09_storm_150_a300_c80_0020,1.0,0.75,w16421,0.0000,0.0000
9,storm150_a300_c80,c09_storm_150_a300_c80_0020,1.0,0.75,w27931,0.0000,0.0000
9,storm150_a300_c80,c09_storm_150_a300_c80_0020,1.0,1.0,w8421,0.0000,0.0000
9,storm150_a300_c80,c09_storm_150_a300_c80_0020,1.0,1.0,w16421,0.0000,0.0000
9,storm150_a300_c80,c09_storm_150_a300_c80_0020,1.0,1.0,w27931,0.0000,0.0000
9,storm150_a300_c80,c09_storm_150_a300_c80_0020,2.0,0.5,w8421,0.0000,0.0000
9,storm150_a300_c80,c09_storm_150_a300_c80_0020,2.0,0.5,w16421,0.0000,0.0000
9,storm150_a300_c80,c09_storm_150_a300_c80_0020,2.0,0.5,w27931,0.0000,0.0000
9,storm150_a300_c80,c09_storm_150_a300_c80_0020,2.0,0.75,w8421,0.0000,0.0000
9,storm150_a300_c80,c09_storm_150_a300_c80_0020,2.0,0.75,w16421,0.0000,0.0000
9,storm150_a300_c80,c09_storm_150_a300_c80_0020,2.0,0.75,w27931,0.0000,0.0000
9,storm150_a300_c80,c09_storm_150_a300_c80_0020,2.0,1.0,w8421,0.0000,0.0000
9,storm150_a300_c80,c09_storm_150_a300_c80_0020,2.0,1.0,w16421,0.0000,0.0000
9,storm150_a300_c80,c09_storm_150_a300_c80_0020,2.0,1.0,w27931,0.0000,0.0000
9,storm150_a300_c80,c09_storm_150_a300_c80_0021,1.0,0.5,w8421,19.8226,19.8226
9,storm150_a300_c80,c09_storm_150_a300_c80_0021,1.0,0.5,w16421,19.8226,19.8226
9,storm150_a300_c80,c09_storm_150_a300_c80_0021,1.0,0.5,w27931,19.8226,19.8226
9,storm150_a300_c80,c09_storm_150_a300_c80_0021,1.0,0.75,w8421,19.8226,19.8226
9,storm150_a300_c80,c09_storm_150_a300_c80_0021,1.0,0.75,w16421,19.8226,19.8226
9,storm150_a300_c80,c09_storm_150_a300_c80_0021,1.0,0.75,w27931,19.8226,19.8226
9,storm150_a300_c80,c09_storm_150_a300_c80_0021,1.0,1.0,w8421,39.6452,39.6452
9,storm150_a300_c80,c09_storm_150_a300_c80_0021,1.0,1.0,w16421,39.6452,39.6452
9,storm150_a300_c80,c09_storm_150_a300_c80_0021,1.0,1.0,w27931,59.4678,59.4678
9,storm150_a300_c80,c09_storm_150_a300_c80_0021,2.0,0.5,w8421,19.8226,19.8226
9,storm150_a300_c80,c09_storm_150_a300_c80_0021,2.0,0.5,w16421,19.8226,19.8226
9,storm150_a300_c80,c09_storm_150_a300_c80_0021,2.0,0.5,w27931,19.8226,19.8226
9,storm150_a300_c80,c09_storm_150_a300_c80_0021,2.0,0.75,w8421,19.8226,19.8226
9,storm150_a300_c80,c09_storm_150_a300_c80_0021,2.0,0.75,w16421,19.8226,19.8226
9,storm150_a300_c80,c09_storm_150_a300_c80_0021,2.0,0.75,w27931,19.8226,19.8226
9,storm150_a300_c80,c09_storm_150_a300_c80_0021,2.0,1.0,w8421,19.8226,19.8226
9,storm150_a300_c80,c09_storm_150_a300_c80_0021,2.0,1.0,w16421,19.8226,19.8226
9,storm150_a300_c80,c09_storm_150_a300_c80_0021,2.0,1.0,w27931,19.8226,19.8226
9,storm150_a300_c80,c09_storm_150_a300_c80_0022,1.0,0.5,w8421,199.0744,199.0744
9,storm150_a300_c80,c09_storm_150_a300_c80_0022,1.0,0.5,w16421,398.1488,398.1488
9,storm150_a300_c80,c09_storm_150_a300_c80_0022,1.0,0.5,w27931,671.8761,671.8761
9,storm150_a300_c80,c09_storm_150_a300_c80_0022,1.0,0.75,w8421,199.0744,199.0744
9,storm150_a300_c80,c09_storm_150_a300_c80_0022,1.0,0.75,w16421,398.1488,398.1488
9,storm150_a300_c80,c09_storm_150_a300_c80_0022,1.0,0.75,w27931,671.8761,671.8761
9,storm150_a300_c80,c09_storm_150_a300_c80_0022,1.0,1.0,w8421,199.0744,199.0744
9,storm150_a300_c80,c09_storm_150_a300_c80_0022,1.0,1.0,w16421,398.1488,398.1488
9,storm150_a300_c80,c09_storm_150_a300_c80_0022,1.0,1.0,w27931,671.8761,671.8761
9,storm150_a300_c80,c09_storm_150_a300_c80_0022,2.0,0.5,w8421,199.0744,199.0744
9,storm150_a300_c80,c09_storm_150_a300_c80_0022,2.0,0.5,w16421,398.1488,398.1488
9,storm150_a300_c80,c09_storm_150_a300_c80_0022,2.0,0.5,w27931,671.8761,671.8761
9,storm150_a300_c80,c09_storm_150_a300_c80_0022,2.0,0.75,w8421,199.0744,199.0744
9,storm150_a300_c80,c09_storm_150_a300_c80_0022,2.0,0.75,w16421,398.1488,398.1488
9,storm150_a300_c80,c09_storm_150_a300_c80_0022,2.0,0.75,w27931,671.8761,671.8761
9,storm150_a300_c80,c09_storm_150_a300_c80_0022,2.0,1.0,w8421,199.0744,199.0744
9,storm150_a300_c80,c09_storm_150_a300_c80_0022,2.0,1.0,w16421,398.1488,398.1488
9,storm150_a300_c80,c09_storm_150_a300_c80_0022,2.0,1.0,w27931,671.8761,671.8761
9,storm150_a300_c80,c09_storm_150_a300_c80_0023,1.0,0.5,w8421,0.0000,0.0000
9,storm150_a300_c80,c09_storm_150_a300_c80_0023,1.0,0.5,w16421,0.0000,0.0000
9,storm150_a300_c80,c09_storm_150_a300_c80_0023,1.0,0.5,w27931,0.0000,0.0000
9,storm150_a300_c80,c09_storm_150_a300_c80_0023,1.0,0.75,w8421,0.0000,0.0000
9,storm150_a300_c80,c09_storm_150_a300_c80_0023,1.0,0.75,w16421,0.0000,0.0000
9,storm150_a300_c80,c09_storm_150_a300_c80_0023,1.0,0.75,w27931,0.0000,0.0000
9,storm150_a300_c80,c09_storm_150_a300_c80_0023,1.0,1.0,w8421,0.0000,0.0000
9,storm150_a300_c80,c09_storm_150_a300_c80_0023,1.0,1.0,w16421,0.0000,0.0000
9,storm150_a300_c80,c09_storm_150_a300_c80_0023,1.0,1.0,w27931,0.0000,0.0000
9,storm150_a300_c80,c09_storm_150_a300_c80_0023,2.0,0.5,w8421,0.0000,0.0000
9,storm150_a300_c80,c09_storm_150_a300_c80_0023,2.0,0.5,w16421,0.0000,0.0000
9,storm150_a300_c80,c09_storm_150_a300_c80_0023,2.0,0.5,w27931,0.0000,0.0000
9,storm150_a300_c80,c09_storm_150_a300_c80_0023,2.0,0.75,w8421,0.0000,0.0000
9,storm150_a300_c80,c09_storm_150_a300_c80_0023,2.0,0.75,w16421,0.0000,0.0000
9,storm150_a300_c80,c09_storm_150_a300_c80_0023,2.0,0.75,w27931,0.0000,0.0000
9,storm150_a300_c80,c09_storm_150_a300_c80_0023,2.0,1.0,w8421,0.0000,0.0000
9,storm150_a300_c80,c09_storm_150_a300_c80_0023,2.0,1.0,w16421,0.0000,0.0000
9,storm150_a300_c80,c09_storm_150_a300_c80_0023,2.0,1.0,w27931,0.0000,0.0000
9,storm150_a300_c80,c09_storm_150_a300_c80_0024,1.0,0.5,w8421,0.0000,0.0000
9,storm150_a300_c80,c09_storm_150_a300_c80_0024,1.0,0.5,w16421,0.0000,0.0000
9,storm150_a300_c80,c09_storm_150_a300_c80_0024,1.0,0.5,w27931,0.0000,0.0000
9,storm150_a300_c80,c09_storm_150_a300_c80_0024,1.0,0.75,w8421,0.0000,0.0000
9,storm150_a300_c80,c09_storm_150_a300_c80_0024,1.0,0.75,w16421,0.0000,0.0000
9,storm150_a300_c80,c09_storm_150_a300_c80_0024,1.0,0.75,w27931,0.0000,0.0000
9,storm150_a300_c80,c09_storm_150_a300_c80_0024,1.0,1.0,w8421,0.0000,0.0000
9,storm150_a300_c80,c09_storm_150_a300_c80_0024,1.0,1.0,w16421,0.0000,0.0000
9,storm150_a300_c80,c09_storm_150_a300_c80_0024,1.0,1.0,w27931,0.0000,0.0000
9,storm150_a300_c80,c09_storm_150_a300_c80_0024,2.0,0.5,w8421,0.0000,0.0000
9,storm150_a300_c80,c09_storm_150_a300_c80_0024,2.0,0.5,w16421,0.0000,0.0000
9,storm150_a300_c80,c09_storm_150_a300_c80_0024,2.0,0.5,w27931,0.0000,0.0000
9,storm150_a300_c80,c09_storm_150_a300_c80_0024,2.0,0.75,w8421,0.0000,0.0000
9,storm150_a300_c80,c09_storm_150_a300_c80_0024,2.0,0.75,w16421,0.0000,0.0000
9,storm150_a300_c80,c09_storm_150_a300_c80_0024,2.0,0.75,w27931,0.0000,0.0000
9,storm150_a300_c80,c09_storm_150_a300_c80_0024,2.0,1.0,w8421,0.0000,0.0000
9,storm150_a300_c80,c09_storm_150_a300_c80_0024,2.0,1.0,w16421,0.0000,0.0000
9,storm150_a300_c80,c09_storm_150_a300_c80_0024,2.0,1.0,w27931,0.0000,0.0000
9,storm150_a300_c80,c09_storm_150_a300_c80_0025,1.0,0.5,w8421,0.0000,0.0000
9,storm150_a300_c80,c09_storm_150_a300_c80_0025,1.0,0.5,w16421,0.0000,0.0000
9,storm150_a300_c80,c09_storm_150_a300_c80_0025,1.0,0.5,w27931,0.0000,0.0000
9,storm150_a300_c80,c09_storm_150_a300_c80_0025,1.0,0.75,w8421,0.0000,0.0000
9,storm150_a300_c80,c09_storm_150_a300_c80_0025,1.0,0.75,w16421,0.0000,0.0000
9,storm150_a300_c80,c09_storm_150_a300_c80_0025,1.0,0.75,w27931,0.0000,0.0000
9,storm150_a300_c80,c09_storm_150_a300_c80_0025,1.0,1.0,w8421,0.0000,0.0000
9,storm150_a300_c80,c09_storm_150_a300_c80_0025,1.0,1.0,w16421,0.0000,0.0000
9,storm150_a300_c80,c09_storm_150_a300_c80_0025,1.0,1.0,w27931,0.0000,0.0000
9,storm150_a300_c80,c09_storm_150_a300_c80_0025,2.0,0.5,w8421,0.0000,0.0000
9,storm150_a300_c80,c09_storm_150_a300_c80_0025,2.0,0.5,w16421,0.0000,0.0000
9,storm150_a300_c80,c09_storm_150_a300_c80_0025,2.0,0.5,w27931,0.0000,0.0000
9,storm150_a300_c80,c09_storm_150_a300_c80_0025,2.0,0.75,w8421,0.0000,0.0000
9,storm150_a300_c80,c09_storm_150_a300_c80_0025,2.0,0.75,w16421,0.0000,0.0000
9,storm150_a300_c80,c09_storm_150_a300_c80_0025,2.0,0.75,w27931,0.0000,0.0000
9,storm150_a300_c80,c09_storm_150_a300_c80_0025,2.0,1.0,w8421,0.0000,0.0000
9,storm150_a300_c80,c09_storm_150_a300_c80_0025,2.0,1.0,w16421,0.0000,0.0000
9,storm150_a300_c80,c09_storm_150_a300_c80_0025,2.0,1.0,w27931,0.0000,0.0000
9,storm150_a300_c80,c09_storm_150_a300_c80_0026,1.0,0.5,w8421,0.0000,0.0000
9,storm150_a300_c80,c09_storm_150_a300_c80_0026,1.0,0.5,w16421,0.0000,0.0000
9,storm150_a300_c80,c09_storm_150_a300_c80_0026,1.0,0.5,w27931,0.0000,0.0000
9,storm150_a300_c80,c09_storm_150_a300_c80_0026,1.0,0.75,w8421,0.0000,0.0000
9,storm150_a300_c80,c09_storm_150_a300_c80_0026,1.0,0.75,w16421,0.0000,0.0000
9,storm150_a300_c80,c09_storm_150_a300_c80_0026,1.0,0.75,w27931,0.0000,0.0000
9,storm150_a300_c80,c09_storm_150_a300_c80_0026,1.0,1.0,w8421,0.0000,0.0000
9,storm150_a300_c80,c09_storm_150_a300_c80_0026,1.0,1.0,w16421,0.0000,0.0000
9,storm150_a300_c80,c09_storm_150_a300_c80_0026,1.0,1.0,w27931,0.0000,0.0000
9,storm150_a300_c80,c09_storm_150_a300_c80_0026,2.0,0.5,w8421,0.0000,0.0000
9,storm150_a300_c80,c09_storm_150_a300_c80_0026,2.0,0.5,w16421,0.0000,0.0000
9,storm150_a300_c80,c09_storm_150_a300_c80_0026,2.0,0.5,w27931,0.0000,0.0000
9,storm150_a300_c80,c09_storm_150_a300_c80_0026,2.0,0.75,w8421,0.0000,0.0000
9,storm150_a300_c80,c09_storm_150_a300_c80_0026,2.0,0.75,w16421,0.0000,0.0000
9,storm150_a300_c80,c09_storm_150_a300_c80_0026,2.0,0.75,w27931,0.0000,0.0000
9,storm150_a300_c80,c09_storm_150_a300_c80_0026,2.0,1.0,w8421,0.0000,0.0000
9,storm150_a300_c80,c09_storm_150_a300_c80_0026,2.0,1.0,w16421,0.0000,0.0000
9,storm150_a300_c80,c09_storm_150_a300_c80_0026,2.0,1.0,w27931,0.0000,0.0000
9,storm150_a300_c80,c09_storm_150_a300_c80_0027,1.0,0.5,w8421,111.0000,111.0000
9,storm150_a300_c80,c09_storm_150_a300_c80_0027,1.0,0.5,w16421,111.0000,111.0000
9,storm150_a300_c80,c09_storm_150_a300_c80_0027,1.0,0.5,w27931,249.7500,249.7500
9,storm150_a300_c80,c09_storm_150_a300_c80_0027,1.0,0.75,w8421,222.0000,222.0000
9,storm150_a300_c80,c09_storm_150_a300_c80_0027,1.0,0.75,w16421,444.0000,444.0000
9,storm150_a300_c80,c09_storm_150_a300_c80_0027,1.0,0.75,w27931,749.2500,749.2500
9,storm150_a300_c80,c09_storm_150_a300_c80_0027,1.0,1.0,w8421,222.0000,222.0000
9,storm150_a300_c80,c09_storm_150_a300_c80_0027,1.0,1.0,w16421,444.0000,444.0000
9,storm150_a300_c80,c09_storm_150_a300_c80_0027,1.0,1.0,w27931,749.2500,749.2500
9,storm150_a300_c80,c09_storm_150_a300_c80_0027,2.0,0.5,w8421,222.0000,222.0000
9,storm150_a300_c80,c09_storm_150_a300_c80_0027,2.0,0.5,w16421,444.0000,444.0000
9,storm150_a300_c80,c09_storm_150_a300_c80_0027,2.0,0.5,w27931,749.2500,749.2500
9,storm150_a300_c80,c09_storm_150_a300_c80_0027,2.0,0.75,w8421,222.0000,222.0000
9,storm150_a300_c80,c09_storm_150_a300_c80_0027,2.0,0.75,w16421,444.0000,444.0000
9,storm150_a300_c80,c09_storm_150_a300_c80_0027,2.0,0.75,w27931,749.2500,749.2500
9,storm150_a300_c80,c09_storm_150_a300_c80_0027,2.0,1.0,w8421,222.0000,222.0000
9,storm150_a300_c80,c09_storm_150_a300_c80_0027,2.0,1.0,w16421,444.0000,444.0000
9,storm150_a300_c80,c09_storm_150_a300_c80_0027,2.0,1.0,w27931,749.2500,749.2500
9,storm150_a300_c80,c09_storm_150_a300_c80_0028,1.0,0.5,w8421,161.1756,161.1756
9,storm150_a300_c80,c09_storm_150_a300_c80_0028,1.0,0.5,w16421,317.3380,317.3380
9,storm150_a300_c80,c09_storm_150_a300_c80_0028,1.0,0.5,w27931,538.3278,538.3278
9,storm150_a300_c80,c09_storm_150_a300_c80_0028,1.0,0.75,w8421,161.1756,161.1756
9,storm150_a300_c80,c09_storm_150_a300_c80_0028,1.0,0.75,w16421,317.3380,317.3380
9,storm150_a300_c80,c09_storm_150_a300_c80_0028,1.0,0.75,w27931,538.3278,538.3278
9,storm150_a300_c80,c09_storm_150_a300_c80_0028,1.0,1.0,w8421,161.1756,161.1756
9,storm150_a300_c80,c09_storm_150_a300_c80_0028,1.0,1.0,w16421,317.3380,317.3380
9,storm150_a300_c80,c09_storm_150_a300_c80_0028,1.0,1.0,w27931,538.3278,538.3278
9,storm150_a300_c80,c09_storm_150_a300_c80_0028,2.0,0.5,w8421,166.1888,166.1888
9,storm150_a300_c80,c09_storm_150_a300_c80_0028,2.0,0.5,w16421,332.3776,332.3776
9,storm150_a300_c80,c09_storm_150_a300_c80_0028,2.0,0.5,w27931,560.8872,560.8872
9,storm150_a300_c80,c09_storm_150_a300_c80_0028,2.0,0.75,w8421,166.1888,166.1888
9,storm150_a300_c80,c09_storm_150_a300_c80_0028,2.0,0.75,w16421,332.3776,332.3776
9,storm150_a300_c80,c09_storm_150_a300_c80_0028,2.0,0.75,w27931,560.8872,560.8872
9,storm150_a300_c80,c09_storm_150_a300_c80_0028,2.0,1.0,w8421,161.1756,161.1756
9,storm150_a300_c80,c09_storm_150_a300_c80_0028,2.0,1.0,w16421,317.3380,317.3380
9,storm150_a300_c80,c09_storm_150_a300_c80_0028,2.0,1.0,w27931,538.3278,538.3278
9,storm150_a300_c80,c09_storm_150_a300_c80_0029,1.0,0.5,w8421,102.7656,102.7656
9,storm150_a300_c80,c09_storm_150_a300_c80_0029,1.0,0.5,w16421,205.5312,205.5312
9,storm150_a300_c80,c09_storm_150_a300_c80_0029,1.0,0.5,w27931,346.8339,346.8339
9,storm150_a300_c80,c09_storm_150_a300_c80_0029,1.0,0.75,w8421,102.7656,102.7656
9,storm150_a300_c80,c09_storm_150_a300_c80_0029,1.0,0.75,w16421,205.5312,205.5312
9,storm150_a300_c80,c09_storm_150_a300_c80_0029,1.0,0.75,w27931,346.8339,346.8339
9,storm150_a300_c80,c09_storm_150_a300_c80_0029,1.0,1.0,w8421,102.7656,102.7656
9,storm150_a300_c80,c09_storm_150_a300_c80_0029,1.0,1.0,w16421,205.5312,205.5312
9,storm150_a300_c80,c09_storm_150_a300_c80_0029,1.0,1.0,w27931,346.8339,346.8339
9,storm150_a300_c80,c09_storm_150_a300_c80_0029,2.0,0.5,w8421,102.7656,102.7656
9,storm150_a300_c80,c09_storm_150_a300_c80_0029,2.0,0.5,w16421,205.5312,205.5312
9,storm150_a300_c80,c09_storm_150_a300_c80_0029,2.0,0.5,w27931,346.8339,346.8339
9,storm150_a300_c80,c09_storm_150_a300_c80_0029,2.0,0.75,w8421,102.7656,102.7656
9,storm150_a300_c80,c09_storm_150_a300_c80_0029,2.0,0.75,w16421,205.5312,205.5312
9,storm150_a300_c80,c09_storm_150_a300_c80_0029,2.0,0.75,w27931,346.8339,346.8339
9,storm150_a300_c80,c09_storm_150_a300_c80_0029,2.0,1.0,w8421,102.7656,102.7656
9,storm150_a300_c80,c09_storm_150_a300_c80_0029,2.0,1.0,w16421,205.5312,205.5312
9,storm150_a300_c80,c09_storm_150_a300_c80_0029,2.0,1.0,w27931,346.8339,346.8339
9,storm150_a200_c80,c09_storm_150_a200_c80_0000,1.0,0.5,w8421,0.0000,0.0000
9,storm150_a200_c80,c09_storm_150_a200_c80_0000,1.0,0.5,w16421,0.0000,0.0000
9,storm150_a200_c80,c09_storm_150_a200_c80_0000,1.0,0.5,w27931,0.0000,0.0000
9,storm150_a200_c80,c09_storm_150_a200_c80_0000,1.0,0.75,w8421,0.0000,0.0000
9,storm150_a200_c80,c09_storm_150_a200_c80_0000,1.0,0.75,w16421,0.0000,0.0000
9,storm150_a200_c80,c09_storm_150_a200_c80_0000,1.0,0.75,w27931,0.0000,0.0000
9,storm150_a200_c80,c09_storm_150_a200_c80_0000,1.0,1.0,w8421,0.0000,0.0000
9,storm150_a200_c80,c09_storm_150_a200_c80_0000,1.0,1.0,w16421,0.0000,0.0000
9,storm150_a200_c80,c09_storm_150_a200_c80_0000,1.0,1.0,w27931,0.0000,0.0000
9,storm150_a200_c80,c09_storm_150_a200_c80_0000,2.0,0.5,w8421,0.0000,0.0000
9,storm150_a200_c80,c09_storm_150_a200_c80_0000,2.0,0.5,w16421,0.0000,0.0000
9,storm150_a200_c80,c09_storm_150_a200_c80_0000,2.0,0.5,w27931,0.0000,0.0000
9,storm150_a200_c80,c09_storm_150_a200_c80_0000,2.0,0.75,w8421,0.0000,0.0000
9,storm150_a200_c80,c09_storm_150_a200_c80_0000,2.0,0.75,w16421,0.0000,0.0000
9,storm150_a200_c80,c09_storm_150_a200_c80_0000,2.0,0.75,w27931,0.0000,0.0000
9,storm150_a200_c80,c09_storm_150_a200_c80_0000,2.0,1.0,w8421,0.0000,0.0000
9,storm150_a200_c80,c09_storm_150_a200_c80_0000,2.0,1.0,w16421,0.0000,0.0000
9,storm150_a200_c80,c09_storm_150_a200_c80_0000,2.0,1.0,w27931,0.0000,0.0000
9,storm150_a200_c80,c09_storm_150_a200_c80_0001,1.0,0.5,w8421,0.0000,0.0000
9,storm150_a200_c80,c09_storm_150_a200_c80_0001,1.0,0.5,w16421,0.0000,0.0000
9,storm150_a200_c80,c09_storm_150_a200_c80_0001,1.0,0.5,w27931,0.0000,0.0000
9,storm150_a200_c80,c09_storm_150_a200_c80_0001,1.0,0.75,w8421,0.0000,0.0000
9,storm150_a200_c80,c09_storm_150_a200_c80_0001,1.0,0.75,w16421,0.0000,0.0000
9,storm150_a200_c80,c09_storm_150_a200_c80_0001,1.0,0.75,w27931,0.0000,0.0000
9,storm150_a200_c80,c09_storm_150_a200_c80_0001,1.0,1.0,w8421,0.0000,0.0000
9,storm150_a200_c80,c09_storm_150_a200_c80_0001,1.0,1.0,w16421,0.0000,0.0000
9,storm150_a200_c80,c09_storm_150_a200_c80_0001,1.0,1.0,w27931,0.0000,0.0000
9,storm150_a200_c80,c09_storm_150_a200_c80_0001,2.0,0.5,w8421,0.0000,0.0000
9,storm150_a200_c80,c09_storm_150_a200_c80_0001,2.0,0.5,w16421,0.0000,0.0000
9,storm150_a200_c80,c09_storm_150_a200_c80_0001,2.0,0.5,w27931,0.0000,0.0000
9,storm150_a200_c80,c09_storm_150_a200_c80_0001,2.0,0.75,w8421,0.0000,0.0000
9,storm150_a200_c80,c09_storm_150_a200_c80_0001,2.0,0.75,w16421,0.0000,0.0000
9,storm150_a200_c80,c09_storm_150_a200_c80_0001,2.0,0.75,w27931,0.0000,0.0000
9,storm150_a200_c80,c09_storm_150_a200_c80_0001,2.0,1.0,w8421,0.0000,0.0000
9,storm150_a200_c80,c09_storm_150_a200_c80_0001,2.0,1.0,w16421,0.0000,0.0000
9,storm150_a200_c80,c09_storm_150_a200_c80_0001,2.0,1.0,w27931,0.0000,0.0000
9,storm150_a200_c80,c09_storm_150_a200_c80_0002,1.0,0.5,w8421,34.7594,34.7594
9,storm150_a200_c80,c09_storm_150_a200_c80_0002,1.0,0.5,w16421,34.7594,34.7594
9,storm150_a200_c80,c09_storm_150_a200_c80_0002,1.0,0.5,w27931,64.2539,64.2539
9,storm150_a200_c80,c09_storm_150_a200_c80_0002,1.0,0.75,w8421,34.7594,34.7594
9,storm150_a200_c80,c09_storm_150_a200_c80_0002,1.0,0.75,w16421,34.7594,34.7594
9,storm150_a200_c80,c09_storm_150_a200_c80_0002,1.0,0.75,w27931,64.2539,64.2539
9,storm150_a200_c80,c09_storm_150_a200_c80_0002,1.0,1.0,w8421,69.5188,69.5188
9,storm150_a200_c80,c09_storm_150_a200_c80_0002,1.0,1.0,w16421,116.7100,116.7100
9,storm150_a200_c80,c09_storm_150_a200_c80_0002,1.0,1.0,w27931,192.7617,192.7617
9,storm150_a200_c80,c09_storm_150_a200_c80_0002,2.0,0.5,w8421,34.7594,34.7594
9,storm150_a200_c80,c09_storm_150_a200_c80_0002,2.0,0.5,w16421,34.7594,34.7594
9,storm150_a200_c80,c09_storm_150_a200_c80_0002,2.0,0.5,w27931,64.2539,64.2539
9,storm150_a200_c80,c09_storm_150_a200_c80_0002,2.0,0.75,w8421,58.3550,58.3550
9,storm150_a200_c80,c09_storm_150_a200_c80_0002,2.0,0.75,w16421,105.5462,105.5462
9,storm150_a200_c80,c09_storm_150_a200_c80_0002,2.0,0.75,w27931,170.4341,170.4341
9,storm150_a200_c80,c09_storm_150_a200_c80_0002,2.0,1.0,w8421,58.3550,58.3550
9,storm150_a200_c80,c09_storm_150_a200_c80_0002,2.0,1.0,w16421,105.5462,105.5462
9,storm150_a200_c80,c09_storm_150_a200_c80_0002,2.0,1.0,w27931,170.4341,170.4341
9,storm150_a200_c80,c09_storm_150_a200_c80_0003,1.0,0.5,w8421,0.0000,0.0000
9,storm150_a200_c80,c09_storm_150_a200_c80_0003,1.0,0.5,w16421,0.0000,0.0000
9,storm150_a200_c80,c09_storm_150_a200_c80_0003,1.0,0.5,w27931,0.0000,0.0000
9,storm150_a200_c80,c09_storm_150_a200_c80_0003,1.0,0.75,w8421,0.0000,0.0000
9,storm150_a200_c80,c09_storm_150_a200_c80_0003,1.0,0.75,w16421,0.0000,0.0000
9,storm150_a200_c80,c09_storm_150_a200_c80_0003,1.0,0.75,w27931,0.0000,0.0000
9,storm150_a200_c80,c09_storm_150_a200_c80_0003,1.0,1.0,w8421,0.0000,0.0000
9,storm150_a200_c80,c09_storm_150_a200_c80_0003,1.0,1.0,w16421,0.0000,0.0000
9,storm150_a200_c80,c09_storm_150_a200_c80_0003,1.0,1.0,w27931,0.0000,0.0000
9,storm150_a200_c80,c09_storm_150_a200_c80_0003,2.0,0.5,w8421,0.0000,0.0000
9,storm150_a200_c80,c09_storm_150_a200_c80_0003,2.0,0.5,w16421,0.0000,0.0000
9,storm150_a200_c80,c09_storm_150_a200_c80_0003,2.0,0.5,w27931,0.0000,0.0000
9,storm150_a200_c80,c09_storm_150_a200_c80_0003,2.0,0.75,w8421,0.0000,0.0000
9,storm150_a200_c80,c09_storm_150_a200_c80_0003,2.0,0.75,w16421,0.0000,0.0000
9,storm150_a200_c80,c09_storm_150_a200_c80_0003,2.0,0.75,w27931,0.0000,0.0000
9,storm150_a200_c80,c09_storm_150_a200_c80_0003,2.0,1.0,w8421,0.0000,0.0000
9,storm150_a200_c80,c09_storm_150_a200_c80_0003,2.0,1.0,w16421,0.0000,0.0000
9,storm150_a200_c80,c09_storm_150_a200_c80_0003,2.0,1.0,w27931,0.0000,0.0000
9,storm150_a200_c80,c09_storm_150_a200_c80_0004,1.0,0.5,w8421,44.3792,44.3792
9,storm150_a200_c80,c09_storm_150_a200_c80_0004,1.0,0.5,w16421,44.3792,44.3792
9,storm150_a200_c80,c09_storm_150_a200_c80_0004,1.0,0.5,w27931,99.8532,99.8532
9,storm150_a200_c80,c09_storm_150_a200_c80_0004,1.0,0.75,w8421,44.3792,44.3792
9,storm150_a200_c80,c09_storm_150_a200_c80_0004,1.0,0.75,w16421,44.3792,44.3792
9,storm150_a200_c80,c09_storm_150_a200_c80_0004,1.0,0.75,w27931,99.8532,99.8532
9,storm150_a200_c80,c09_storm_150_a200_c80_0004,1.0,1.0,w8421,44.3792,44.3792
9,storm150_a200_c80,c09_storm_150_a200_c80_0004,1.0,1.0,w16421,44.3792,44.3792
9,storm150_a200_c80,c09_storm_150_a200_c80_0004,1.0,1.0,w27931,99.8532,99.8532
9,storm150_a200_c80,c09_storm_150_a200_c80_0004,2.0,0.5,w8421,44.3792,44.3792
9,storm150_a200_c80,c09_storm_150_a200_c80_0004,2.0,0.5,w16421,44.3792,44.3792
9,storm150_a200_c80,c09_storm_150_a200_c80_0004,2.0,0.5,w27931,99.8532,99.8532
9,storm150_a200_c80,c09_storm_150_a200_c80_0004,2.0,0.75,w8421,44.3792,44.3792
9,storm150_a200_c80,c09_storm_150_a200_c80_0004,2.0,0.75,w16421,44.3792,44.3792
9,storm150_a200_c80,c09_storm_150_a200_c80_0004,2.0,0.75,w27931,99.8532,99.8532
9,storm150_a200_c80,c09_storm_150_a200_c80_0004,2.0,1.0,w8421,44.3792,44.3792
9,storm150_a200_c80,c09_storm_150_a200_c80_0004,2.0,1.0,w16421,44.3792,44.3792
9,storm150_a200_c80,c09_storm_150_a200_c80_0004,2.0,1.0,w27931,99.8532,99.8532
9,storm150_a200_c80,c09_storm_150_a200_c80_0005,1.0,0.5,w8421,0.0000,0.0000
9,storm150_a200_c80,c09_storm_150_a200_c80_0005,1.0,0.5,w16421,0.0000,0.0000
9,storm150_a200_c80,c09_storm_150_a200_c80_0005,1.0,0.5,w27931,0.0000,0.0000
9,storm150_a200_c80,c09_storm_150_a200_c80_0005,1.0,0.75,w8421,0.0000,0.0000
9,storm150_a200_c80,c09_storm_150_a200_c80_0005,1.0,0.75,w16421,0.0000,0.0000
9,storm150_a200_c80,c09_storm_150_a200_c80_0005,1.0,0.75,w27931,0.0000,0.0000
9,storm150_a200_c80,c09_storm_150_a200_c80_0005,1.0,1.0,w8421,0.0000,0.0000
9,storm150_a200_c80,c09_storm_150_a200_c80_0005,1.0,1.0,w16421,0.0000,0.0000
9,storm150_a200_c80,c09_storm_150_a200_c80_0005,1.0,1.0,w27931,0.0000,0.0000
9,storm150_a200_c80,c09_storm_150_a200_c80_0005,2.0,0.5,w8421,0.0000,0.0000
9,storm150_a200_c80,c09_storm_150_a200_c80_0005,2.0,0.5,w16421,0.0000,0.0000
9,storm150_a200_c80,c09_storm_150_a200_c80_0005,2.0,0.5,w27931,0.0000,0.0000
9,storm150_a200_c80,c09_storm_150_a200_c80_0005,2.0,0.75,w8421,0.0000,0.0000
9,storm150_a200_c80,c09_storm_150_a200_c80_0005,2.0,0.75,w16421,0.0000,0.0000
9,storm150_a200_c80,c09_storm_150_a200_c80_0005,2.0,0.75,w27931,0.0000,0.0000
9,storm150_a200_c80,c09_storm_150_a200_c80_0005,2.0,1.0,w8421,0.0000,0.0000
9,storm150_a200_c80,c09_storm_150_a200_c80_0005,2.0,1.0,w16421,0.0000,0.0000
9,storm150_a200_c80,c09_storm_150_a200_c80_0005,2.0,1.0,w27931,0.0000,0.0000
9,storm150_a200_c80,c09_storm_150_a200_c80_0006,1.0,0.5,w8421,6.8272,6.8272
9,storm150_a200_c80,c09_storm_150_a200_c80_0006,1.0,0.5,w16421,6.8272,6.8272
9,storm150_a200_c80,c09_storm_150_a200_c80_0006,1.0,0.5,w27931,15.3612,15.3612
9,storm150_a200_c80,c09_storm_150_a200_c80_0006,1.0,0.75,w8421,6.8272,6.8272
9,storm150_a200_c80,c09_storm_150_a200_c80_0006,1.0,0.75,w16421,6.8272,6.8272
9,storm150_a200_c80,c09_storm_150_a200_c80_0006,1.0,0.75,w27931,15.3612,15.3612
9,storm150_a200_c80,c09_storm_150_a200_c80_0006,1.0,1.0,w8421,6.8272,6.8272
9,storm150_a200_c80,c09_storm_150_a200_c80_0006,1.0,1.0,w16421,6.8272,6.8272
9,storm150_a200_c80,c09_storm_150_a200_c80_0006,1.0,1.0,w27931,15.3612,15.3612
9,storm150_a200_c80,c09_storm_150_a200_c80_0006,2.0,0.5,w8421,6.8272,6.8272
9,storm150_a200_c80,c09_storm_150_a200_c80_0006,2.0,0.5,w16421,6.8272,6.8272
9,storm150_a200_c80,c09_storm_150_a200_c80_0006,2.0,0.5,w27931,15.3612,15.3612
9,storm150_a200_c80,c09_storm_150_a200_c80_0006,2.0,0.75,w8421,6.8272,6.8272
9,storm150_a200_c80,c09_storm_150_a200_c80_0006,2.0,0.75,w16421,6.8272,6.8272
9,storm150_a200_c80,c09_storm_150_a200_c80_0006,2.0,0.75,w27931,15.3612,15.3612
9,storm150_a200_c80,c09_storm_150_a200_c80_0006,2.0,1.0,w8421,6.8272,6.8272
9,storm150_a200_c80,c09_storm_150_a200_c80_0006,2.0,1.0,w16421,6.8272,6.8272
9,storm150_a200_c80,c09_storm_150_a200_c80_0006,2.0,1.0,w27931,15.3612,15.3612
9,storm150_a200_c80,c09_storm_150_a200_c80_0007,1.0,0.5,w8421,0.0000,0.0000
9,storm150_a200_c80,c09_storm_150_a200_c80_0007,1.0,0.5,w16421,0.0000,0.0000
9,storm150_a200_c80,c09_storm_150_a200_c80_0007,1.0,0.5,w27931,0.0000,0.0000
9,storm150_a200_c80,c09_storm_150_a200_c80_0007,1.0,0.75,w8421,0.0000,0.0000
9,storm150_a200_c80,c09_storm_150_a200_c80_0007,1.0,0.75,w16421,0.0000,0.0000
9,storm150_a200_c80,c09_storm_150_a200_c80_0007,1.0,0.75,w27931,0.0000,0.0000
9,storm150_a200_c80,c09_storm_150_a200_c80_0007,1.0,1.0,w8421,0.0000,0.0000
9,storm150_a200_c80,c09_storm_150_a200_c80_0007,1.0,1.0,w16421,0.0000,0.0000
9,storm150_a200_c80,c09_storm_150_a200_c80_0007,1.0,1.0,w27931,0.0000,0.0000
9,storm150_a200_c80,c09_storm_150_a200_c80_0007,2.0,0.5,w8421,0.0000,0.0000
9,storm150_a200_c80,c09_storm_150_a200_c80_0007,2.0,0.5,w16421,0.0000,0.0000
9,storm150_a200_c80,c09_storm_150_a200_c80_0007,2.0,0.5,w27931,0.0000,0.0000
9,storm150_a200_c80,c09_storm_150_a200_c80_0007,2.0,0.75,w8421,0.0000,0.0000
9,storm150_a200_c80,c09_storm_150_a200_c80_0007,2.0,0.75,w16421,0.0000,0.0000
9,storm150_a200_c80,c09_storm_150_a200_c80_0007,2.0,0.75,w27931,0.0000,0.0000
9,storm150_a200_c80,c09_storm_150_a200_c80_0007,2.0,1.0,w8421,0.0000,0.0000
9,storm150_a200_c80,c09_storm_150_a200_c80_0007,2.0,1.0,w16421,0.0000,0.0000
9,storm150_a200_c80,c09_storm_150_a200_c80_0007,2.0,1.0,w27931,0.0000,0.0000
9,storm150_a200_c80,c09_storm_150_a200_c80_0008,1.0,0.5,w8421,336.7176,336.7176
9,storm150_a200_c80,c09_storm_150_a200_c80_0008,1.0,0.5,w16421,673.4352,673.4352
9,storm150_a200_c80,c09_storm_150_a200_c80_0008,1.0,0.5,w27931,1136.4219,1136.4219
9,storm150_a200_c80,c09_storm_150_a200_c80_0008,1.0,0.75,w8421,336.7176,336.7176
9,storm150_a200_c80,c09_storm_150_a200_c80_0008,1.0,0.75,w16421,673.4352,673.4352
9,storm150_a200_c80,c09_storm_150_a200_c80_0008,1.0,0.75,w27931,1136.4219,1136.4219
9,storm150_a200_c80,c09_storm_150_a200_c80_0008,1.0,1.0,w8421,336.7176,336.7176
9,storm150_a200_c80,c09_storm_150_a200_c80_0008,1.0,1.0,w16421,673.4352,673.4352
9,storm150_a200_c80,c09_storm_150_a200_c80_0008,1.0,1.0,w27931,1136.4219,1136.4219
9,storm150_a200_c80,c09_storm_150_a200_c80_0008,2.0,0.5,w8421,336.7176,336.7176
9,storm150_a200_c80,c09_storm_150_a200_c80_0008,2.0,0.5,w16421,673.4352,673.4352
9,storm150_a200_c80,c09_storm_150_a200_c80_0008,2.0,0.5,w27931,1136.4219,1136.4219
9,storm150_a200_c80,c09_storm_150_a200_c80_0008,2.0,0.75,w8421,336.7176,336.7176
9,storm150_a200_c80,c09_storm_150_a200_c80_0008,2.0,0.75,w16421,673.4352,673.4352
9,storm150_a200_c80,c09_storm_150_a200_c80_0008,2.0,0.75,w27931,1136.4219,1136.4219
9,storm150_a200_c80,c09_storm_150_a200_c80_0008,2.0,1.0,w8421,336.7176,336.7176
9,storm150_a200_c80,c09_storm_150_a200_c80_0008,2.0,1.0,w16421,673.4352,673.4352
9,storm150_a200_c80,c09_storm_150_a200_c80_0008,2.0,1.0,w27931,1136.4219,1136.4219
9,storm150_a200_c80,c09_storm_150_a200_c80_0009,1.0,0.5,w8421,109.9072,109.9072
9,storm150_a200_c80,c09_storm_150_a200_c80_0009,1.0,0.5,w16421,141.4368,141.4368
9,storm150_a200_c80,c09_storm_150_a200_c80_0009,1.0,0.5,w27931,282.7620,282.7620
9,storm150_a200_c80,c09_storm_150_a200_c80_0009,1.0,0.75,w8421,188.2848,188.2848
9,storm150_a200_c80,c09_storm_150_a200_c80_0009,1.0,0.75,w16421,376.5696,376.5696
9,storm150_a200_c80,c09_storm_150_a200_c80_0009,1.0,0.75,w27931,635.4612,635.4612
9,storm150_a200_c80,c09_storm_150_a200_c80_0009,1.0,1.0,w8421,188.2848,188.2848
9,storm150_a200_c80,c09_storm_150_a200_c80_0009,1.0,1.0,w16421,376.5696,376.5696
9,storm150_a200_c80,c09_storm_150_a200_c80_0009,1.0,1.0,w27931,635.4612,635.4612
9,storm150_a200_c80,c09_storm_150_a200_c80_0009,2.0,0.5,w8421,109.9072,109.9072
9,storm150_a200_c80,c09_storm_150_a200_c80_0009,2.0,0.5,w16421,141.4368,141.4368
9,storm150_a200_c80,c09_storm_150_a200_c80_0009,2.0,0.5,w27931,282.7620,282.7620
9,storm150_a200_c80,c09_storm_150_a200_c80_0009,2.0,0.75,w8421,109.9072,109.9072
9,storm150_a200_c80,c09_storm_150_a200_c80_0009,2.0,0.75,w16421,141.4368,141.4368
9,storm150_a200_c80,c09_storm_150_a200_c80_0009,2.0,0.75,w27931,282.7620,282.7620
9,storm150_a200_c80,c09_storm_150_a200_c80_0009,2.0,1.0,w8421,188.2848,188.2848
9,storm150_a200_c80,c09_storm_150_a200_c80_0009,2.0,1.0,w16421,376.5696,376.5696
9,storm150_a200_c80,c09_storm_150_a200_c80_0009,2.0,1.0,w27931,635.4612,635.4612
9,storm150_a200_c80,c09_storm_150_a200_c80_0010,1.0,0.5,w8421,26.1740,26.1740
9,storm150_a200_c80,c09_storm_150_a200_c80_0010,1.0,0.5,w16421,26.1740,26.1740
9,storm150_a200_c80,c09_storm_150_a200_c80_0010,1.0,0.5,w27931,58.8915,58.8915
9,storm150_a200_c80,c09_storm_150_a200_c80_0010,1.0,0.75,w8421,52.3480,52.3480
9,storm150_a200_c80,c09_storm_150_a200_c80_0010,1.0,0.75,w16421,104.6960,104.6960
9,storm150_a200_c80,c09_storm_150_a200_c80_0010,1.0,0.75,w27931,176.6745,176.6745
9,storm150_a200_c80,c09_storm_150_a200_c80_0010,1.0,1.0,w8421,52.3480,52.3480
9,storm150_a200_c80,c09_storm_150_a200_c80_0010,1.0,1.0,w16421,104.6960,104.6960
9,storm150_a200_c80,c09_storm_150_a200_c80_0010,1.0,1.0,w27931,176.6745,176.6745
9,storm150_a200_c80,c09_storm_150_a200_c80_0010,2.0,0.5,w8421,26.1740,26.1740
9,storm150_a200_c80,c09_storm_150_a200_c80_0010,2.0,0.5,w16421,26.1740,26.1740
9,storm150_a200_c80,c09_storm_150_a200_c80_0010,2.0,0.5,w27931,58.8915,58.8915
9,storm150_a200_c80,c09_storm_150_a200_c80_0010,2.0,0.75,w8421,52.3480,52.3480
9,storm150_a200_c80,c09_storm_150_a200_c80_0010,2.0,0.75,w16421,104.6960,104.6960
9,storm150_a200_c80,c09_storm_150_a200_c80_0010,2.0,0.75,w27931,176.6745,176.6745
9,storm150_a200_c80,c09_storm_150_a200_c80_0010,2.0,1.0,w8421,52.3480,52.3480
9,storm150_a200_c80,c09_storm_150_a200_c80_0010,2.0,1.0,w16421,104.6960,104.6960
9,storm150_a200_c80,c09_storm_150_a200_c80_0010,2.0,1.0,w27931,176.6745,176.6745
9,storm150_a200_c80,c09_storm_150_a200_c80_0011,1.0,0.5,w8421,60.9300,60.9300
9,storm150_a200_c80,c09_storm_150_a200_c80_0011,1.0,0.5,w16421,60.9300,60.9300
9,storm150_a200_c80,c09_storm_150_a200_c80_0011,1.0,0.5,w27931,137.0925,137.0925
9,storm150_a200_c80,c09_storm_150_a200_c80_0011,1.0,0.75,w8421,121.8600,121.8600
9,storm150_a200_c80,c09_storm_150_a200_c80_0011,1.0,0.75,w16421,243.7200,243.7200
9,storm150_a200_c80,c09_storm_150_a200_c80_0011,1.0,0.75,w27931,411.2775,411.2775
9,storm150_a200_c80,c09_storm_150_a200_c80_0011,1.0,1.0,w8421,121.8600,121.8600
9,storm150_a200_c80,c09_storm_150_a200_c80_0011,1.0,1.0,w16421,243.7200,243.7200
9,storm150_a200_c80,c09_storm_150_a200_c80_0011,1.0,1.0,w27931,411.2775,411.2775
9,storm150_a200_c80,c09_storm_150_a200_c80_0011,2.0,0.5,w8421,121.8600,121.8600
9,storm150_a200_c80,c09_storm_150_a200_c80_0011,2.0,0.5,w16421,243.7200,243.7200
9,storm150_a200_c80,c09_storm_150_a200_c80_0011,2.0,0.5,w27931,411.2775,411.2775
9,storm150_a200_c80,c09_storm_150_a200_c80_0011,2.0,0.75,w8421,121.8600,121.8600
9,storm150_a200_c80,c09_storm_150_a200_c80_0011,2.0,0.75,w16421,243.7200,243.7200
9,storm150_a200_c80,c09_storm_150_a200_c80_0011,2.0,0.75,w27931,411.2775,411.2775
9,storm150_a200_c80,c09_storm_150_a200_c80_0011,2.0,1.0,w8421,121.8600,121.8600
9,storm150_a200_c80,c09_storm_150_a200_c80_0011,2.0,1.0,w16421,243.7200,243.7200
9,storm150_a200_c80,c09_storm_150_a200_c80_0011,2.0,1.0,w27931,411.2775,411.2775
9,storm150_a200_c80,c09_storm_150_a200_c80_0012,1.0,0.5,w8421,0.0000,0.0000
9,storm150_a200_c80,c09_storm_150_a200_c80_0012,1.0,0.5,w16421,0.0000,0.0000
9,storm150_a200_c80,c09_storm_150_a200_c80_0012,1.0,0.5,w27931,0.0000,0.0000
9,storm150_a200_c80,c09_storm_150_a200_c80_0012,1.0,0.75,w8421,0.0000,0.0000
9,storm150_a200_c80,c09_storm_150_a200_c80_0012,1.0,0.75,w16421,0.0000,0.0000
9,storm150_a200_c80,c09_storm_150_a200_c80_0012,1.0,0.75,w27931,0.0000,0.0000
9,storm150_a200_c80,c09_storm_150_a200_c80_0012,1.0,1.0,w8421,0.0000,0.0000
9,storm150_a200_c80,c09_storm_150_a200_c80_0012,1.0,1.0,w16421,0.0000,0.0000
9,storm150_a200_c80,c09_storm_150_a200_c80_0012,1.0,1.0,w27931,0.0000,0.0000
9,storm150_a200_c80,c09_storm_150_a200_c80_0012,2.0,0.5,w8421,0.0000,0.0000
9,storm150_a200_c80,c09_storm_150_a200_c80_0012,2.0,0.5,w16421,0.0000,0.0000
9,storm150_a200_c80,c09_storm_150_a200_c80_0012,2.0,0.5,w27931,0.0000,0.0000
9,storm150_a200_c80,c09_storm_150_a200_c80_0012,2.0,0.75,w8421,0.0000,0.0000
9,storm150_a200_c80,c09_storm_150_a200_c80_0012,2.0,0.75,w16421,0.0000,0.0000
9,storm150_a200_c80,c09_storm_150_a200_c80_0012,2.0,0.75,w27931,0.0000,0.0000
9,storm150_a200_c80,c09_storm_150_a200_c80_0012,2.0,1.0,w8421,0.0000,0.0000
9,storm150_a200_c80,c09_storm_150_a200_c80_0012,2.0,1.0,w16421,0.0000,0.0000
9,storm150_a200_c80,c09_storm_150_a200_c80_0012,2.0,1.0,w27931,0.0000,0.0000
9,storm150_a200_c80,c09_storm_150_a200_c80_0013,1.0,0.5,w8421,7.2116,7.2116
9,storm150_a200_c80,c09_storm_150_a200_c80_0013,1.0,0.5,w16421,7.2116,7.2116
9,storm150_a200_c80,c09_storm_150_a200_c80_0013,1.0,0.5,w27931,16.2261,16.2261
9,storm150_a200_c80,c09_storm_150_a200_c80_0013,1.0,0.75,w8421,7.2116,7.2116
9,storm150_a200_c80,c09_storm_150_a200_c80_0013,1.0,0.75,w16421,7.2116,7.2116
9,storm150_a200_c80,c09_storm_150_a200_c80_0013,1.0,0.75,w27931,16.2261,16.2261
9,storm150_a200_c80,c09_storm_150_a200_c80_0013,1.0,1.0,w8421,14.4232,14.4232
9,storm150_a200_c80,c09_storm_150_a200_c80_0013,1.0,1.0,w16421,28.8464,28.8464
9,storm150_a200_c80,c09_storm_150_a200_c80_0013,1.0,1.0,w27931,48.6783,48.6783
9,storm150_a200_c80,c09_storm_150_a200_c80_0013,2.0,0.5,w8421,3.6058,3.6058
9,storm150_a200_c80,c09_storm_150_a200_c80_0013,2.0,0.5,w16421,3.6058,3.6058
9,storm150_a200_c80,c09_storm_150_a200_c80_0013,2.0,0.5,w27931,5.4087,5.4087
9,storm150_a200_c80,c09_storm_150_a200_c80_0013,2.0,0.75,w8421,3.6058,3.6058
9,storm150_a200_c80,c09_storm_150_a200_c80_0013,2.0,0.75,w16421,3.6058,3.6058
9,storm150_a200_c80,c09_storm_150_a200_c80_0013,2.0,0.75,w27931,5.4087,5.4087
9,storm150_a200_c80,c09_storm_150_a200_c80_0013,2.0,1.0,w8421,7.2116,7.2116
9,storm150_a200_c80,c09_storm_150_a200_c80_0013,2.0,1.0,w16421,7.2116,7.2116
9,storm150_a200_c80,c09_storm_150_a200_c80_0013,2.0,1.0,w27931,16.2261,16.2261
9,storm150_a200_c80,c09_storm_150_a200_c80_0014,1.0,0.5,w8421,156.0444,156.0444
9,storm150_a200_c80,c09_storm_150_a200_c80_0014,1.0,0.5,w16421,288.3708,288.3708
9,storm150_a200_c80,c09_storm_150_a200_c80_0014,1.0,0.5,w27931,499.9671,499.9671
9,storm150_a200_c80,c09_storm_150_a200_c80_0014,1.0,0.75,w8421,144.1854,144.1854
9,storm150_a200_c80,c09_storm_150_a200_c80_0014,1.0,0.75,w16421,276.5118,276.5118
9,storm150_a200_c80,c09_storm_150_a200_c80_0014,1.0,0.75,w27931,464.3901,464.3901
9,storm150_a200_c80,c09_storm_150_a200_c80_0014,1.0,1.0,w8421,144.1854,144.1854
9,storm150_a200_c80,c09_storm_150_a200_c80_0014,1.0,1.0,w16421,276.5118,276.5118
9,storm150_a200_c80,c09_storm_150_a200_c80_0014,1.0,1.0,w27931,464.3901,464.3901
9,storm150_a200_c80,c09_storm_150_a200_c80_0014,2.0,0.5,w8421,144.1854,144.1854
9,storm150_a200_c80,c09_storm_150_a200_c80_0014,2.0,0.5,w16421,276.5118,276.5118
9,storm150_a200_c80,c09_storm_150_a200_c80_0014,2.0,0.5,w27931,464.3901,464.3901
9,storm150_a200_c80,c09_storm_150_a200_c80_0014,2.0,0.75,w8421,144.1854,144.1854
9,storm150_a200_c80,c09_storm_150_a200_c80_0014,2.0,0.75,w16421,276.5118,276.5118
9,storm150_a200_c80,c09_storm_150_a200_c80_0014,2.0,0.75,w27931,464.3901,464.3901
9,storm150_a200_c80,c09_storm_150_a200_c80_0014,2.0,1.0,w8421,138.2559,138.2559
9,storm150_a200_c80,c09_storm_150_a200_c80_0014,2.0,1.0,w16421,270.5823,270.5823
9,storm150_a200_c80,c09_storm_150_a200_c80_0014,2.0,1.0,w27931,452.5311,452.5311
9,storm150_a200_c80,c09_storm_150_a200_c80_0015,1.0,0.5,w8421,5.0520,5.0520
9,storm150_a200_c80,c09_storm_150_a200_c80_0015,1.0,0.5,w16421,5.0520,5.0520
9,storm150_a200_c80,c09_storm_150_a200_c80_0015,1.0,0.5,w27931,11.3670,11.3670
9,storm150_a200_c80,c09_storm_150_a200_c80_0015,1.0,0.75,w8421,2.5260,2.5260
9,storm150_a200_c80,c09_storm_150_a200_c80_0015,1.0,0.75,w16421,2.5260,2.5260
9,storm150_a200_c80,c09_storm_150_a200_c80_0015,1.0,0.75,w27931,3.7890,3.7890
9,storm150_a200_c80,c09_storm_150_a200_c80_0015,1.0,1.0,w8421,1.2630,1.2630
9,storm150_a200_c80,c09_storm_150_a200_c80_0015,1.0,1.0,w16421,1.2630,1.2630
9,storm150_a200_c80,c09_storm_150_a200_c80_0015,1.0,1.0,w27931,1.2630,1.2630
9,storm150_a200_c80,c09_storm_150_a200_c80_0015,2.0,0.5,w8421,2.5260,2.5260
9,storm150_a200_c80,c09_storm_150_a200_c80_0015,2.0,0.5,w16421,2.5260,2.5260
9,storm150_a200_c80,c09_storm_150_a200_c80_0015,2.0,0.5,w27931,3.7890,3.7890
9,storm150_a200_c80,c09_storm_150_a200_c80_0015,2.0,0.75,w8421,1.2630,1.2630
9,storm150_a200_c80,c09_storm_150_a200_c80_0015,2.0,0.75,w16421,1.2630,1.2630
9,storm150_a200_c80,c09_storm_150_a200_c80_0015,2.0,0.75,w27931,1.2630,1.2630
9,storm150_a200_c80,c09_storm_150_a200_c80_0015,2.0,1.0,w8421,1.2630,1.2630
9,storm150_a200_c80,c09_storm_150_a200_c80_0015,2.0,1.0,w16421,1.2630,1.2630
9,storm150_a200_c80,c09_storm_150_a200_c80_0015,2.0,1.0,w27931,1.2630,1.2630
9,storm150_a200_c80,c09_storm_150_a200_c80_0016,1.0,0.5,w8421,0.0000,0.0000
9,storm150_a200_c80,c09_storm_150_a200_c80_0016,1.0,0.5,w16421,0.0000,0.0000
9,storm150_a200_c80,c09_storm_150_a200_c80_0016,1.0,0.5,w27931,0.0000,0.0000
9,storm150_a200_c80,c09_storm_150_a200_c80_0016,1.0,0.75,w8421,0.0000,0.0000
9,storm150_a200_c80,c09_storm_150_a200_c80_0016,1.0,0.75,w16421,0.0000,0.0000
9,storm150_a200_c80,c09_storm_150_a200_c80_0016,1.0,0.75,w27931,0.0000,0.0000
9,storm150_a200_c80,c09_storm_150_a200_c80_0016,1.0,1.0,w8421,0.0000,0.0000
9,storm150_a200_c80,c09_storm_150_a200_c80_0016,1.0,1.0,w16421,0.0000,0.0000
9,storm150_a200_c80,c09_storm_150_a200_c80_0016,1.0,1.0,w27931,0.0000,0.0000
9,storm150_a200_c80,c09_storm_150_a200_c80_0016,2.0,0.5,w8421,0.0000,0.0000
9,storm150_a200_c80,c09_storm_150_a200_c80_0016,2.0,0.5,w16421,0.0000,0.0000
9,storm150_a200_c80,c09_storm_150_a200_c80_0016,2.0,0.5,w27931,0.0000,0.0000
9,storm150_a200_c80,c09_storm_150_a200_c80_0016,2.0,0.75,w8421,0.0000,0.0000
9,storm150_a200_c80,c09_storm_150_a200_c80_0016,2.0,0.75,w16421,0.0000,0.0000
9,storm150_a200_c80,c09_storm_150_a200_c80_0016,2.0,0.75,w27931,0.0000,0.0000
9,storm150_a200_c80,c09_storm_150_a200_c80_0016,2.0,1.0,w8421,0.0000,0.0000
9,storm150_a200_c80,c09_storm_150_a200_c80_0016,2.0,1.0,w16421,0.0000,0.0000
9,storm150_a200_c80,c09_storm_150_a200_c80_0016,2.0,1.0,w27931,0.0000,0.0000
9,storm150_a200_c80,c09_storm_150_a200_c80_0017,1.0,0.5,w8421,0.0000,0.0000
9,storm150_a200_c80,c09_storm_150_a200_c80_0017,1.0,0.5,w16421,0.0000,0.0000
9,storm150_a200_c80,c09_storm_150_a200_c80_0017,1.0,0.5,w27931,0.0000,0.0000
9,storm150_a200_c80,c09_storm_150_a200_c80_0017,1.0,0.75,w8421,0.0000,0.0000
9,storm150_a200_c80,c09_storm_150_a200_c80_0017,1.0,0.75,w16421,0.0000,0.0000
9,storm150_a200_c80,c09_storm_150_a200_c80_0017,1.0,0.75,w27931,0.0000,0.0000
9,storm150_a200_c80,c09_storm_150_a200_c80_0017,1.0,1.0,w8421,0.0000,0.0000
9,storm150_a200_c80,c09_storm_150_a200_c80_0017,1.0,1.0,w16421,0.0000,0.0000
9,storm150_a200_c80,c09_storm_150_a200_c80_0017,1.0,1.0,w27931,0.0000,0.0000
9,storm150_a200_c80,c09_storm_150_a200_c80_0017,2.0,0.5,w8421,0.0000,0.0000
9,storm150_a200_c80,c09_storm_150_a200_c80_0017,2.0,0.5,w16421,0.0000,0.0000
9,storm150_a200_c80,c09_storm_150_a200_c80_0017,2.0,0.5,w27931,0.0000,0.0000
9,storm150_a200_c80,c09_storm_150_a200_c80_0017,2.0,0.75,w8421,0.0000,0.0000
9,storm150_a200_c80,c09_storm_150_a200_c80_0017,2.0,0.75,w16421,0.0000,0.0000
9,storm150_a200_c80,c09_storm_150_a200_c80_0017,2.0,0.75,w27931,0.0000,0.0000
9,storm150_a200_c80,c09_storm_150_a200_c80_0017,2.0,1.0,w8421,0.0000,0.0000
9,storm150_a200_c80,c09_storm_150_a200_c80_0017,2.0,1.0,w16421,0.0000,0.0000
9,storm150_a200_c80,c09_storm_150_a200_c80_0017,2.0,1.0,w27931,0.0000,0.0000
9,storm150_a200_c80,c09_storm_150_a200_c80_0018,1.0,0.5,w8421,91.1112,91.1112
9,storm150_a200_c80,c09_storm_150_a200_c80_0018,1.0,0.5,w16421,91.1112,91.1112
9,storm150_a200_c80,c09_storm_150_a200_c80_0018,1.0,0.5,w27931,205.0002,205.0002
9,storm150_a200_c80,c09_storm_150_a200_c80_0018,1.0,0.75,w8421,91.1112,91.1112
9,storm150_a200_c80,c09_storm_150_a200_c80_0018,1.0,0.75,w16421,91.1112,91.1112
9,storm150_a200_c80,c09_storm_150_a200_c80_0018,1.0,0.75,w27931,205.0002,205.0002
9,storm150_a200_c80,c09_storm_150_a200_c80_0018,1.0,1.0,w8421,91.1112,91.1112
9,storm150_a200_c80,c09_storm_150_a200_c80_0018,1.0,1.0,w16421,91.1112,91.1112
9,storm150_a200_c80,c09_storm_150_a200_c80_0018,1.0,1.0,w27931,205.0002,205.0002
9,storm150_a200_c80,c09_storm_150_a200_c80_0018,2.0,0.5,w8421,45.5556,45.5556
9,storm150_a200_c80,c09_storm_150_a200_c80_0018,2.0,0.5,w16421,45.5556,45.5556
9,storm150_a200_c80,c09_storm_150_a200_c80_0018,2.0,0.5,w27931,68.3334,68.3334
9,storm150_a200_c80,c09_storm_150_a200_c80_0018,2.0,0.75,w8421,45.5556,45.5556
9,storm150_a200_c80,c09_storm_150_a200_c80_0018,2.0,0.75,w16421,45.5556,45.5556
9,storm150_a200_c80,c09_storm_150_a200_c80_0018,2.0,0.75,w27931,68.3334,68.3334
9,storm150_a200_c80,c09_storm_150_a200_c80_0018,2.0,1.0,w8421,45.5556,45.5556
9,storm150_a200_c80,c09_storm_150_a200_c80_0018,2.0,1.0,w16421,45.5556,45.5556
9,storm150_a200_c80,c09_storm_150_a200_c80_0018,2.0,1.0,w27931,68.3334,68.3334
9,storm150_a200_c80,c09_storm_150_a200_c80_0019,1.0,0.5,w8421,0.0000,0.0000
9,storm150_a200_c80,c09_storm_150_a200_c80_0019,1.0,0.5,w16421,0.0000,0.0000
9,storm150_a200_c80,c09_storm_150_a200_c80_0019,1.0,0.5,w27931,0.0000,0.0000
9,storm150_a200_c80,c09_storm_150_a200_c80_0019,1.0,0.75,w8421,0.0000,0.0000
9,storm150_a200_c80,c09_storm_150_a200_c80_0019,1.0,0.75,w16421,0.0000,0.0000
9,storm150_a200_c80,c09_storm_150_a200_c80_0019,1.0,0.75,w27931,0.0000,0.0000
9,storm150_a200_c80,c09_storm_150_a200_c80_0019,1.0,1.0,w8421,0.0000,0.0000
9,storm150_a200_c80,c09_storm_150_a200_c80_0019,1.0,1.0,w16421,0.0000,0.0000
9,storm150_a200_c80,c09_storm_150_a200_c80_0019,1.0,1.0,w27931,0.0000,0.0000
9,storm150_a200_c80,c09_storm_150_a200_c80_0019,2.0,0.5,w8421,0.0000,0.0000
9,storm150_a200_c80,c09_storm_150_a200_c80_0019,2.0,0.5,w16421,0.0000,0.0000
9,storm150_a200_c80,c09_storm_150_a200_c80_0019,2.0,0.5,w27931,0.0000,0.0000
9,storm150_a200_c80,c09_storm_150_a200_c80_0019,2.0,0.75,w8421,0.0000,0.0000
9,storm150_a200_c80,c09_storm_150_a200_c80_0019,2.0,0.75,w16421,0.0000,0.0000
9,storm150_a200_c80,c09_storm_150_a200_c80_0019,2.0,0.75,w27931,0.0000,0.0000
9,storm150_a200_c80,c09_storm_150_a200_c80_0019,2.0,1.0,w8421,0.0000,0.0000
9,storm150_a200_c80,c09_storm_150_a200_c80_0019,2.0,1.0,w16421,0.0000,0.0000
9,storm150_a200_c80,c09_storm_150_a200_c80_0019,2.0,1.0,w27931,0.0000,0.0000
9,storm150_a200_c80,c09_storm_150_a200_c80_0020,1.0,0.5,w8421,0.0000,0.0000
9,storm150_a200_c80,c09_storm_150_a200_c80_0020,1.0,0.5,w16421,0.0000,0.0000
9,storm150_a200_c80,c09_storm_150_a200_c80_0020,1.0,0.5,w27931,0.0000,0.0000
9,storm150_a200_c80,c09_storm_150_a200_c80_0020,1.0,0.75,w8421,0.0000,0.0000
9,storm150_a200_c80,c09_storm_150_a200_c80_0020,1.0,0.75,w16421,0.0000,0.0000
9,storm150_a200_c80,c09_storm_150_a200_c80_0020,1.0,0.75,w27931,0.0000,0.0000
9,storm150_a200_c80,c09_storm_150_a200_c80_0020,1.0,1.0,w8421,0.0000,0.0000
9,storm150_a200_c80,c09_storm_150_a200_c80_0020,1.0,1.0,w16421,0.0000,0.0000
9,storm150_a200_c80,c09_storm_150_a200_c80_0020,1.0,1.0,w27931,0.0000,0.0000
9,storm150_a200_c80,c09_storm_150_a200_c80_0020,2.0,0.5,w8421,0.0000,0.0000
9,storm150_a200_c80,c09_storm_150_a200_c80_0020,2.0,0.5,w16421,0.0000,0.0000
9,storm150_a200_c80,c09_storm_150_a200_c80_0020,2.0,0.5,w27931,0.0000,0.0000
9,storm150_a200_c80,c09_storm_150_a200_c80_0020,2.0,0.75,w8421,0.0000,0.0000
9,storm150_a200_c80,c09_storm_150_a200_c80_0020,2.0,0.75,w16421,0.0000,0.0000
9,storm150_a200_c80,c09_storm_150_a200_c80_0020,2.0,0.75,w27931,0.0000,0.0000
9,storm150_a200_c80,c09_storm_150_a200_c80_0020,2.0,1.0,w8421,0.0000,0.0000
9,storm150_a200_c80,c09_storm_150_a200_c80_0020,2.0,1.0,w16421,0.0000,0.0000
9,storm150_a200_c80,c09_storm_150_a200_c80_0020,2.0,1.0,w27931,0.0000,0.0000
9,storm150_a200_c80,c09_storm_150_a200_c80_0021,1.0,0.5,w8421,52.5114,52.5114
9,storm150_a200_c80,c09_storm_150_a200_c80_0021,1.0,0.5,w16421,52.5114,52.5114
9,storm150_a200_c80,c09_storm_150_a200_c80_0021,1.0,0.5,w27931,78.7671,78.7671
9,storm150_a200_c80,c09_storm_150_a200_c80_0021,1.0,0.75,w8421,52.5114,52.5114
9,storm150_a200_c80,c09_storm_150_a200_c80_0021,1.0,0.75,w16421,52.5114,52.5114
9,storm150_a200_c80,c09_storm_150_a200_c80_0021,1.0,0.75,w27931,78.7671,78.7671
9,storm150_a200_c80,c09_storm_150_a200_c80_0021,1.0,1.0,w8421,52.5114,52.5114
9,storm150_a200_c80,c09_storm_150_a200_c80_0021,1.0,1.0,w16421,52.5114,52.5114
9,storm150_a200_c80,c09_storm_150_a200_c80_0021,1.0,1.0,w27931,78.7671,78.7671
9,storm150_a200_c80,c09_storm_150_a200_c80_0021,2.0,0.5,w8421,26.2557,26.2557
9,storm150_a200_c80,c09_storm_150_a200_c80_0021,2.0,0.5,w16421,26.2557,26.2557
9,storm150_a200_c80,c09_storm_150_a200_c80_0021,2.0,0.5,w27931,26.2557,26.2557
9,storm150_a200_c80,c09_storm_150_a200_c80_0021,2.0,0.75,w8421,26.2557,26.2557
9,storm150_a200_c80,c09_storm_150_a200_c80_0021,2.0,0.75,w16421,26.2557,26.2557
9,storm150_a200_c80,c09_storm_150_a200_c80_0021,2.0,0.75,w27931,26.2557,26.2557
9,storm150_a200_c80,c09_storm_150_a200_c80_0021,2.0,1.0,w8421,26.2557,26.2557
9,storm150_a200_c80,c09_storm_150_a200_c80_0021,2.0,1.0,w16421,26.2557,26.2557
9,storm150_a200_c80,c09_storm_150_a200_c80_0021,2.0,1.0,w27931,26.2557,26.2557
9,storm150_a200_c80,c09_storm_150_a200_c80_0022,1.0,0.5,w8421,171.7224,171.7224
9,storm150_a200_c80,c09_storm_150_a200_c80_0022,1.0,0.5,w16421,343.4448,343.4448
9,storm150_a200_c80,c09_storm_150_a200_c80_0022,1.0,0.5,w27931,579.5631,579.5631
9,storm150_a200_c80,c09_storm_150_a200_c80_0022,1.0,0.75,w8421,171.7224,171.7224
9,storm150_a200_c80,c09_storm_150_a200_c80_0022,1.0,0.75,w16421,343.4448,343.4448
9,storm150_a200_c80,c09_storm_150_a200_c80_0022,1.0,0.75,w27931,579.5631,579.5631
9,storm150_a200_c80,c09_storm_150_a200_c80_0022,1.0,1.0,w8421,171.7224,171.7224
9,storm150_a200_c80,c09_storm_150_a200_c80_0022,1.0,1.0,w16421,343.4448,343.4448
9,storm150_a200_c80,c09_storm_150_a200_c80_0022,1.0,1.0,w27931,579.5631,579.5631
9,storm150_a200_c80,c09_storm_150_a200_c80_0022,2.0,0.5,w8421,171.7224,171.7224
9,storm150_a200_c80,c09_storm_150_a200_c80_0022,2.0,0.5,w16421,343.4448,343.4448
9,storm150_a200_c80,c09_storm_150_a200_c80_0022,2.0,0.5,w27931,579.5631,579.5631
9,storm150_a200_c80,c09_storm_150_a200_c80_0022,2.0,0.75,w8421,171.7224,171.7224
9,storm150_a200_c80,c09_storm_150_a200_c80_0022,2.0,0.75,w16421,343.4448,343.4448
9,storm150_a200_c80,c09_storm_150_a200_c80_0022,2.0,0.75,w27931,579.5631,579.5631
9,storm150_a200_c80,c09_storm_150_a200_c80_0022,2.0,1.0,w8421,171.7224,171.7224
9,storm150_a200_c80,c09_storm_150_a200_c80_0022,2.0,1.0,w16421,343.4448,343.4448
9,storm150_a200_c80,c09_storm_150_a200_c80_0022,2.0,1.0,w27931,579.5631,579.5631
9,storm150_a200_c80,c09_storm_150_a200_c80_0023,1.0,0.5,w8421,74.1940,74.1940
9,storm150_a200_c80,c09_storm_150_a200_c80_0023,1.0,0.5,w16421,74.1940,74.1940
9,storm150_a200_c80,c09_storm_150_a200_c80_0023,1.0,0.5,w27931,166.9365,166.9365
9,storm150_a200_c80,c09_storm_150_a200_c80_0023,1.0,0.75,w8421,37.0970,37.0970
9,storm150_a200_c80,c09_storm_150_a200_c80_0023,1.0,0.75,w16421,37.0970,37.0970
9,storm150_a200_c80,c09_storm_150_a200_c80_0023,1.0,0.75,w27931,55.6455,55.6455
9,storm150_a200_c80,c09_storm_150_a200_c80_0023,1.0,1.0,w8421,37.0970,37.0970
9,storm150_a200_c80,c09_storm_150_a200_c80_0023,1.0,1.0,w16421,37.0970,37.0970
9,storm150_a200_c80,c09_storm_150_a200_c80_0023,1.0,1.0,w27931,55.6455,55.6455
9,storm150_a200_c80,c09_storm_150_a200_c80_0023,2.0,0.5,w8421,37.0970,37.0970
9,storm150_a200_c80,c09_storm_150_a200_c80_0023,2.0,0.5,w16421,37.0970,37.0970
9,storm150_a200_c80,c09_storm_150_a200_c80_0023,2.0,0.5,w27931,55.6455,55.6455
9,storm150_a200_c80,c09_storm_150_a200_c80_0023,2.0,0.75,w8421,37.0970,37.0970
9,storm150_a200_c80,c09_storm_150_a200_c80_0023,2.0,0.75,w16421,37.0970,37.0970
9,storm150_a200_c80,c09_storm_150_a200_c80_0023,2.0,0.75,w27931,55.6455,55.6455
9,storm150_a200_c80,c09_storm_150_a200_c80_0023,2.0,1.0,w8421,18.5485,18.5485
9,storm150_a200_c80,c09_storm_150_a200_c80_0023,2.0,1.0,w16421,18.5485,18.5485
9,storm150_a200_c80,c09_storm_150_a200_c80_0023,2.0,1.0,w27931,18.5485,18.5485
9,storm150_a200_c80,c09_storm_150_a200_c80_0024,1.0,0.5,w8421,0.0000,0.0000
9,storm150_a200_c80,c09_storm_150_a200_c80_0024,1.0,0.5,w16421,0.0000,0.0000
9,storm150_a200_c80,c09_storm_150_a200_c80_0024,1.0,0.5,w27931,0.0000,0.0000
9,storm150_a200_c80,c09_storm_150_a200_c80_0024,1.0,0.75,w8421,0.0000,0.0000
9,storm150_a200_c80,c09_storm_150_a200_c80_0024,1.0,0.75,w16421,0.0000,0.0000
9,storm150_a200_c80,c09_storm_150_a200_c80_0024,1.0,0.75,w27931,0.0000,0.0000
9,storm150_a200_c80,c09_storm_150_a200_c80_0024,1.0,1.0,w8421,0.0000,0.0000
9,storm150_a200_c80,c09_storm_150_a200_c80_0024,1.0,1.0,w16421,0.0000,0.0000
9,storm150_a200_c80,c09_storm_150_a200_c80_0024,1.0,1.0,w27931,0.0000,0.0000
9,storm150_a200_c80,c09_storm_150_a200_c80_0024,2.0,0.5,w8421,0.0000,0.0000
9,storm150_a200_c80,c09_storm_150_a200_c80_0024,2.0,0.5,w16421,0.0000,0.0000
9,storm150_a200_c80,c09_storm_150_a200_c80_0024,2.0,0.5,w27931,0.0000,0.0000
9,storm150_a200_c80,c09_storm_150_a200_c80_0024,2.0,0.75,w8421,0.0000,0.0000
9,storm150_a200_c80,c09_storm_150_a200_c80_0024,2.0,0.75,w16421,0.0000,0.0000
9,storm150_a200_c80,c09_storm_150_a200_c80_0024,2.0,0.75,w27931,0.0000,0.0000
9,storm150_a200_c80,c09_storm_150_a200_c80_0024,2.0,1.0,w8421,0.0000,0.0000
9,storm150_a200_c80,c09_storm_150_a200_c80_0024,2.0,1.0,w16421,0.0000,0.0000
9,storm150_a200_c80,c09_storm_150_a200_c80_0024,2.0,1.0,w27931,0.0000,0.0000
9,storm150_a200_c80,c09_storm_150_a200_c80_0025,1.0,0.5,w8421,0.4208,0.4208
9,storm150_a200_c80,c09_storm_150_a200_c80_0025,1.0,0.5,w16421,0.8416,0.8416
9,storm150_a200_c80,c09_storm_150_a200_c80_0025,1.0,0.5,w27931,1.4202,1.4202
9,storm150_a200_c80,c09_storm_150_a200_c80_0025,1.0,0.75,w8421,0.4208,0.4208
9,storm150_a200_c80,c09_storm_150_a200_c80_0025,1.0,0.75,w16421,0.8416,0.8416
9,storm150_a200_c80,c09_storm_150_a200_c80_0025,1.0,0.75,w27931,1.4202,1.4202
9,storm150_a200_c80,c09_storm_150_a200_c80_0025,1.0,1.0,w8421,0.4208,0.4208
9,storm150_a200_c80,c09_storm_150_a200_c80_0025,1.0,1.0,w16421,0.8416,0.8416
9,storm150_a200_c80,c09_storm_150_a200_c80_0025,1.0,1.0,w27931,1.4202,1.4202
9,storm150_a200_c80,c09_storm_150_a200_c80_0025,2.0,0.5,w8421,0.4208,0.4208
9,storm150_a200_c80,c09_storm_150_a200_c80_0025,2.0,0.5,w16421,0.8416,0.8416
9,storm150_a200_c80,c09_storm_150_a200_c80_0025,2.0,0.5,w27931,1.4202,1.4202
9,storm150_a200_c80,c09_storm_150_a200_c80_0025,2.0,0.75,w8421,0.2104,0.2104
9,storm150_a200_c80,c09_storm_150_a200_c80_0025,2.0,0.75,w16421,0.2104,0.2104
9,storm150_a200_c80,c09_storm_150_a200_c80_0025,2.0,0.75,w27931,0.4734,0.4734
9,storm150_a200_c80,c09_storm_150_a200_c80_0025,2.0,1.0,w8421,0.2104,0.2104
9,storm150_a200_c80,c09_storm_150_a200_c80_0025,2.0,1.0,w16421,0.2104,0.2104
9,storm150_a200_c80,c09_storm_150_a200_c80_0025,2.0,1.0,w27931,0.4734,0.4734
9,storm150_a200_c80,c09_storm_150_a200_c80_0026,1.0,0.5,w8421,229.8256,229.8256
9,storm150_a200_c80,c09_storm_150_a200_c80_0026,1.0,0.5,w16421,459.6512,459.6512
9,storm150_a200_c80,c09_storm_150_a200_c80_0026,1.0,0.5,w27931,775.6614,775.6614
9,storm150_a200_c80,c09_storm_150_a200_c80_0026,1.0,0.75,w8421,118.8256,118.8256
9,storm150_a200_c80,c09_storm_150_a200_c80_0026,1.0,0.75,w16421,126.6512,126.6512
9,storm150_a200_c80,c09_storm_150_a200_c80_0026,1.0,0.75,w27931,276.1614,276.1614
9,storm150_a200_c80,c09_storm_150_a200_c80_0026,1.0,1.0,w8421,118.8256,118.8256
9,storm150_a200_c80,c09_storm_150_a200_c80_0026,1.0,1.0,w16421,126.6512,126.6512
9,storm150_a200_c80,c09_storm_150_a200_c80_0026,1.0,1.0,w27931,276.1614,276.1614
9,storm150_a200_c80,c09_storm_150_a200_c80_0026,2.0,0.5,w8421,229.8256,229.8256
9,storm150_a200_c80,c09_storm_150_a200_c80_0026,2.0,0.5,w16421,459.6512,459.6512
9,storm150_a200_c80,c09_storm_150_a200_c80_0026,2.0,0.5,w27931,775.6614,775.6614
9,storm150_a200_c80,c09_storm_150_a200_c80_0026,2.0,0.75,w8421,229.8256,229.8256
9,storm150_a200_c80,c09_storm_150_a200_c80_0026,2.0,0.75,w16421,459.6512,459.6512
9,storm150_a200_c80,c09_storm_150_a200_c80_0026,2.0,0.75,w27931,775.6614,775.6614
9,storm150_a200_c80,c09_storm_150_a200_c80_0026,2.0,1.0,w8421,118.8256,118.8256
9,storm150_a200_c80,c09_storm_150_a200_c80_0026,2.0,1.0,w16421,126.6512,126.6512
9,storm150_a200_c80,c09_storm_150_a200_c80_0026,2.0,1.0,w27931,276.1614,276.1614
9,storm150_a200_c80,c09_storm_150_a200_c80_0027,1.0,0.5,w8421,0.0000,0.0000
9,storm150_a200_c80,c09_storm_150_a200_c80_0027,1.0,0.5,w16421,0.0000,0.0000
9,storm150_a200_c80,c09_storm_150_a200_c80_0027,1.0,0.5,w27931,0.0000,0.0000
9,storm150_a200_c80,c09_storm_150_a200_c80_0027,1.0,0.75,w8421,0.0000,0.0000
9,storm150_a200_c80,c09_storm_150_a200_c80_0027,1.0,0.75,w16421,0.0000,0.0000
9,storm150_a200_c80,c09_storm_150_a200_c80_0027,1.0,0.75,w27931,0.0000,0.0000
9,storm150_a200_c80,c09_storm_150_a200_c80_0027,1.0,1.0,w8421,0.0000,0.0000
9,storm150_a200_c80,c09_storm_150_a200_c80_0027,1.0,1.0,w16421,0.0000,0.0000
9,storm150_a200_c80,c09_storm_150_a200_c80_0027,1.0,1.0,w27931,0.0000,0.0000
9,storm150_a200_c80,c09_storm_150_a200_c80_0027,2.0,0.5,w8421,0.0000,0.0000
9,storm150_a200_c80,c09_storm_150_a200_c80_0027,2.0,0.5,w16421,0.0000,0.0000
9,storm150_a200_c80,c09_storm_150_a200_c80_0027,2.0,0.5,w27931,0.0000,0.0000
9,storm150_a200_c80,c09_storm_150_a200_c80_0027,2.0,0.75,w8421,0.0000,0.0000
9,storm150_a200_c80,c09_storm_150_a200_c80_0027,2.0,0.75,w16421,0.0000,0.0000
9,storm150_a200_c80,c09_storm_150_a200_c80_0027,2.0,0.75,w27931,0.0000,0.0000
9,storm150_a200_c80,c09_storm_150_a200_c80_0027,2.0,1.0,w8421,0.0000,0.0000
9,storm150_a200_c80,c09_storm_150_a200_c80_0027,2.0,1.0,w16421,0.0000,0.0000
9,storm150_a200_c80,c09_storm_150_a200_c80_0027,2.0,1.0,w27931,0.0000,0.0000
9,storm150_a200_c80,c09_storm_150_a200_c80_0028,1.0,0.5,w8421,71.4424,71.4424
9,storm150_a200_c80,c09_storm_150_a200_c80_0028,1.0,0.5,w16421,142.8848,142.8848
9,storm150_a200_c80,c09_storm_150_a200_c80_0028,1.0,0.5,w27931,241.1181,241.1181
9,storm150_a200_c80,c09_storm_150_a200_c80_0028,1.0,0.75,w8421,71.4424,71.4424
9,storm150_a200_c80,c09_storm_150_a200_c80_0028,1.0,0.75,w16421,142.8848,142.8848
9,storm150_a200_c80,c09_storm_150_a200_c80_0028,1.0,0.75,w27931,241.1181,241.1181
9,storm150_a200_c80,c09_storm_150_a200_c80_0028,1.0,1.0,w8421,71.4424,71.4424
9,storm150_a200_c80,c09_storm_150_a200_c80_0028,1.0,1.0,w16421,142.8848,142.8848
9,storm150_a200_c80,c09_storm_150_a200_c80_0028,1.0,1.0,w27931,241.1181,241.1181
9,storm150_a200_c80,c09_storm_150_a200_c80_0028,2.0,0.5,w8421,71.4424,71.4424
9,storm150_a200_c80,c09_storm_150_a200_c80_0028,2.0,0.5,w16421,142.8848,142.8848
9,storm150_a200_c80,c09_storm_150_a200_c80_0028,2.0,0.5,w27931,241.1181,241.1181
9,storm150_a200_c80,c09_storm_150_a200_c80_0028,2.0,0.75,w8421,71.4424,71.4424
9,storm150_a200_c80,c09_storm_150_a200_c80_0028,2.0,0.75,w16421,142.8848,142.8848
9,storm150_a200_c80,c09_storm_150_a200_c80_0028,2.0,0.75,w27931,241.1181,241.1181
9,storm150_a200_c80,c09_storm_150_a200_c80_0028,2.0,1.0,w8421,71.4424,71.4424
9,storm150_a200_c80,c09_storm_150_a200_c80_0028,2.0,1.0,w16421,142.8848,142.8848
9,storm150_a200_c80,c09_storm_150_a200_c80_0028,2.0,1.0,w27931,241.1181,241.1181
9,storm150_a200_c80,c09_storm_150_a200_c80_0029,1.0,0.5,w8421,82.3856,82.3856
9,storm150_a200_c80,c09_storm_150_a200_c80_0029,1.0,0.5,w16421,164.7712,164.7712
9,storm150_a200_c80,c09_storm_150_a200_c80_0029,1.0,0.5,w27931,278.0514,278.0514
9,storm150_a200_c80,c09_storm_150_a200_c80_0029,1.0,0.75,w8421,82.3856,82.3856
9,storm150_a200_c80,c09_storm_150_a200_c80_0029,1.0,0.75,w16421,164.7712,164.7712
9,storm150_a200_c80,c09_storm_150_a200_c80_0029,1.0,0.75,w27931,278.0514,278.0514
9,storm150_a200_c80,c09_storm_150_a200_c80_0029,1.0,1.0,w8421,82.3856,82.3856
9,storm150_a200_c80,c09_storm_150_a200_c80_0029,1.0,1.0,w16421,164.7712,164.7712
9,storm150_a200_c80,c09_storm_150_a200_c80_0029,1.0,1.0,w27931,278.0514,278.0514
9,storm150_a200_c80,c09_storm_150_a200_c80_0029,2.0,0.5,w8421,82.3856,82.3856
9,storm150_a200_c80,c09_storm_150_a200_c80_0029,2.0,0.5,w16421,164.7712,164.7712
9,storm150_a200_c80,c09_storm_150_a200_c80_0029,2.0,0.5,w27931,278.0514,278.0514
9,storm150_a200_c80,c09_storm_150_a200_c80_0029,2.0,0.75,w8421,82.3856,82.3856
9,storm150_a200_c80,c09_storm_150_a200_c80_0029,2.0,0.75,w16421,164.7712,164.7712
9,storm150_a200_c80,c09_storm_150_a200_c80_0029,2.0,0.75,w27931,278.0514,278.0514
9,storm150_a200_c80,c09_storm_150_a200_c80_0029,2.0,1.0,w8421,82.3856,82.3856
9,storm150_a200_c80,c09_storm_150_a200_c80_0029,2.0,1.0,w16421,164.7712,164.7712
9,storm150_a200_c80,c09_storm_150_a200_c80_0029,2.0,1.0,w27931,278.0514,278.0514
9,pmmix150_p20_c60,c09_pmmix_150_p20_c60_0000,1.0,0.5,w8421,322.4624,322.4624
9,pmmix150_p20_c60,c09_pmmix_150_p20_c60_0000,1.0,0.5,w16421,602.3200,602.3200
9,pmmix150_p20_c60,c09_pmmix_150_p20_c60_0000,1.0,0.5,w27931,1040.3802,1040.3802
9,pmmix150_p20_c60,c09_pmmix_150_p20_c60_0000,1.0,0.75,w8421,322.4624,322.4624
9,pmmix150_p20_c60,c09_pmmix_150_p20_c60_0000,1.0,0.75,w16421,602.3200,602.3200
9,pmmix150_p20_c60,c09_pmmix_150_p20_c60_0000,1.0,0.75,w27931,1040.3802,1040.3802
9,pmmix150_p20_c60,c09_pmmix_150_p20_c60_0000,1.0,1.0,w8421,327.0244,327.0244
9,pmmix150_p20_c60,c09_pmmix_150_p20_c60_0000,1.0,1.0,w16421,616.0060,616.0060
9,pmmix150_p20_c60,c09_pmmix_150_p20_c60_0000,1.0,1.0,w27931,1060.9092,1060.9092
9,pmmix150_p20_c60,c09_pmmix_150_p20_c60_0000,2.0,0.5,w8421,236.1280,236.1280
9,pmmix150_p20_c60,c09_pmmix_150_p20_c60_0000,2.0,0.5,w16421,343.3168,343.3168
9,pmmix150_p20_c60,c09_pmmix_150_p20_c60_0000,2.0,0.5,w27931,651.8754,651.8754
9,pmmix150_p20_c60,c09_pmmix_150_p20_c60_0000,2.0,0.75,w8421,319.8140,319.8140
9,pmmix150_p20_c60,c09_pmmix_150_p20_c60_0000,2.0,0.75,w16421,594.3748,594.3748
9,pmmix150_p20_c60,c09_pmmix_150_p20_c60_0000,2.0,0.75,w27931,1028.4624,1028.4624
9,pmmix150_p20_c60,c09_pmmix_150_p20_c60_0000,2.0,1.0,w8421,337.0328,337.0328
9,pmmix150_p20_c60,c09_pmmix_150_p20_c60_0000,2.0,1.0,w16421,646.0312,646.0312
9,pmmix150_p20_c60,c09_pmmix_150_p20_c60_0000,2.0,1.0,w27931,1105.9470,1105.9470
9,pmmix150_p20_c60,c09_pmmix_150_p20_c60_0001,1.0,0.5,w8421,40.3964,40.3964
9,pmmix150_p20_c60,c09_pmmix_150_p20_c60_0001,1.0,0.5,w16421,40.3964,40.3964
9,pmmix150_p20_c60,c09_pmmix_150_p20_c60_0001,1.0,0.5,w27931,90.8919,90.8919
9,pmmix150_p20_c60,c09_pmmix_150_p20_c60_0001,1.0,0.75,w8421,40.3964,40.3964
9,pmmix150_p20_c60,c09_pmmix_150_p20_c60_0001,1.0,0.75,w16421,40.3964,40.3964
9,pmmix150_p20_c60,c09_pmmix_150_p20_c60_0001,1.0,0.75,w27931,90.8919,90.8919
9,pmmix150_p20_c60,c09_pmmix_150_p20_c60_0001,1.0,1.0,w8421,51.2480,51.2480
9,pmmix150_p20_c60,c09_pmmix_150_p20_c60_0001,1.0,1.0,w16421,72.9512,72.9512
9,pmmix150_p20_c60,c09_pmmix_150_p20_c60_0001,1.0,1.0,w27931,139.7241,139.7241
9,pmmix150_p20_c60,c09_pmmix_150_p20_c60_0001,2.0,0.5,w8421,34.9706,34.9706
9,pmmix150_p20_c60,c09_pmmix_150_p20_c60_0001,2.0,0.5,w16421,34.9706,34.9706
9,pmmix150_p20_c60,c09_pmmix_150_p20_c60_0001,2.0,0.5,w27931,74.6145,74.6145
9,pmmix150_p20_c60,c09_pmmix_150_p20_c60_0001,2.0,0.75,w8421,34.9706,34.9706
9,pmmix150_p20_c60,c09_pmmix_150_p20_c60_0001,2.0,0.75,w16421,34.9706,34.9706
9,pmmix150_p20_c60,c09_pmmix_150_p20_c60_0001,2.0,0.75,w27931,74.6145,74.6145
9,pmmix150_p20_c60,c09_pmmix_150_p20_c60_0001,2.0,1.0,w8421,40.3964,40.3964
9,pmmix150_p20_c60,c09_pmmix_150_p20_c60_0001,2.0,1.0,w16421,40.3964,40.3964
9,pmmix150_p20_c60,c09_pmmix_150_p20_c60_0001,2.0,1.0,w27931,90.8919,90.8919
9,pmmix150_p20_c60,c09_pmmix_150_p20_c60_0002,1.0,0.5,w8421,5.4124,5.4124
9,pmmix150_p20_c60,c09_pmmix_150_p20_c60_0002,1.0,0.5,w16421,5.4124,5.4124
9,pmmix150_p20_c60,c09_pmmix_150_p20_c60_0002,1.0,0.5,w27931,12.1779,12.1779
9,pmmix150_p20_c60,c09_pmmix_150_p20_c60_0002,1.0,0.75,w8421,5.4124,5.4124
9,pmmix150_p20_c60,c09_pmmix_150_p20_c60_0002,1.0,0.75,w16421,5.4124,5.4124
9,pmmix150_p20_c60,c09_pmmix_150_p20_c60_0002,1.0,0.75,w27931,12.1779,12.1779
9,pmmix150_p20_c60,c09_pmmix_150_p20_c60_0002,1.0,1.0,w8421,3.5986,3.5986
9,pmmix150_p20_c60,c09_pmmix_150_p20_c60_0002,1.0,1.0,w16421,3.5986,3.5986
9,pmmix150_p20_c60,c09_pmmix_150_p20_c60_0002,1.0,1.0,w27931,6.7365,6.7365
9,pmmix150_p20_c60,c09_pmmix_150_p20_c60_0002,2.0,0.5,w8421,10.8248,10.8248
9,pmmix150_p20_c60,c09_pmmix_150_p20_c60_0002,2.0,0.5,w16421,21.6496,21.6496
9,pmmix150_p20_c60,c09_pmmix_150_p20_c60_0002,2.0,0.5,w27931,36.5337,36.5337
9,pmmix150_p20_c60,c09_pmmix_150_p20_c60_0002,2.0,0.75,w8421,7.1972,7.1972
9,pmmix150_p20_c60,c09_pmmix_150_p20_c60_0002,2.0,0.75,w16421,10.7668,10.7668
9,pmmix150_p20_c60,c09_pmmix_150_p20_c60_0002,2.0,0.75,w27931,20.2095,20.2095
9,pmmix150_p20_c60,c09_pmmix_150_p20_c60_0002,2.0,1.0,w8421,2.6917,2.6917
9,pmmix150_p20_c60,c09_pmmix_150_p20_c60_0002,2.0,1.0,w16421,2.6917,2.6917
9,pmmix150_p20_c60,c09_pmmix_150_p20_c60_0002,2.0,1.0,w27931,4.9227,4.9227
9,pmmix150_p20_c60,c09_pmmix_150_p20_c60_0003,1.0,0.5,w8421,278.6896,278.6896
9,pmmix150_p20_c60,c09_pmmix_150_p20_c60_0003,1.0,0.5,w16421,557.3792,557.3792
9,pmmix150_p20_c60,c09_pmmix_150_p20_c60_0003,1.0,0.5,w27931,940.5774,940.5774
9,pmmix150_p20_c60,c09_pmmix_150_p20_c60_0003,1.0,0.75,w8421,278.6896,278.6896
9,pmmix150_p20_c60,c09_pmmix_150_p20_c60_0003,1.0,0.75,w16421,557.3792,557.3792
9,pmmix150_p20_c60,c09_pmmix_150_p20_c60_0003,1.0,0.75,w27931,940.5774,940.5774
9,pmmix150_p20_c60,c09_pmmix_150_p20_c60_0003,1.0,1.0,w8421,139.3448,139.3448
9,pmmix150_p20_c60,c09_pmmix_150_p20_c60_0003,1.0,1.0,w16421,139.3448,139.3448
9,pmmix150_p20_c60,c09_pmmix_150_p20_c60_0003,1.0,1.0,w27931,313.5258,313.5258
9,pmmix150_p20_c60,c09_pmmix_150_p20_c60_0003,2.0,0.5,w8421,278.6896,278.6896
9,pmmix150_p20_c60,c09_pmmix_150_p20_c60_0003,2.0,0.5,w16421,557.3792,557.3792
9,pmmix150_p20_c60,c09_pmmix_150_p20_c60_0003,2.0,0.5,w27931,940.5774,940.5774
9,pmmix150_p20_c60,c09_pmmix_150_p20_c60_0003,2.0,0.75,w8421,278.6896,278.6896
9,pmmix150_p20_c60,c09_pmmix_150_p20_c60_0003,2.0,0.75,w16421,557.3792,557.3792
9,pmmix150_p20_c60,c09_pmmix_150_p20_c60_0003,2.0,0.75,w27931,940.5774,940.5774
9,pmmix150_p20_c60,c09_pmmix_150_p20_c60_0003,2.0,1.0,w8421,167.6896,167.6896
9,pmmix150_p20_c60,c09_pmmix_150_p20_c60_0003,2.0,1.0,w16421,224.3792,224.3792
9,pmmix150_p20_c60,c09_pmmix_150_p20_c60_0003,2.0,1.0,w27931,441.0774,441.0774
9,pmmix150_p20_c60,c09_pmmix_150_p20_c60_0004,1.0,0.5,w8421,37.6270,37.6270
9,pmmix150_p20_c60,c09_pmmix_150_p20_c60_0004,1.0,0.5,w16421,74.3326,74.3326
9,pmmix150_p20_c60,c09_pmmix_150_p20_c60_0004,1.0,0.5,w27931,125.2635,125.2635
9,pmmix150_p20_c60,c09_pmmix_150_p20_c60_0004,1.0,0.75,w8421,37.6270,37.6270
9,pmmix150_p20_c60,c09_pmmix_150_p20_c60_0004,1.0,0.75,w16421,74.3326,74.3326
9,pmmix150_p20_c60,c09_pmmix_150_p20_c60_0004,1.0,0.75,w27931,125.2635,125.2635
9,pmmix150_p20_c60,c09_pmmix_150_p20_c60_0004,1.0,1.0,w8421,28.2834,28.2834
9,pmmix150_p20_c60,c09_pmmix_150_p20_c60_0004,1.0,1.0,w16421,46.3018,46.3018
9,pmmix150_p20_c60,c09_pmmix_150_p20_c60_0004,1.0,1.0,w27931,83.2173,83.2173
9,pmmix150_p20_c60,c09_pmmix_150_p20_c60_0004,2.0,0.5,w8421,37.1663,37.1663
9,pmmix150_p20_c60,c09_pmmix_150_p20_c60_0004,2.0,0.5,w16421,73.8719,73.8719
9,pmmix150_p20_c60,c09_pmmix_150_p20_c60_0004,2.0,0.5,w27931,124.3421,124.3421
9,pmmix150_p20_c60,c09_pmmix_150_p20_c60_0004,2.0,0.75,w8421,37.1663,37.1663
9,pmmix150_p20_c60,c09_pmmix_150_p20_c60_0004,2.0,0.75,w16421,73.8719,73.8719
9,pmmix150_p20_c60,c09_pmmix_150_p20_c60_0004,2.0,0.75,w27931,124.3421,124.3421
9,pmmix150_p20_c60,c09_pmmix_150_p20_c60_0004,2.0,1.0,w8421,27.8227,27.8227
9,pmmix150_p20_c60,c09_pmmix_150_p20_c60_0004,2.0,1.0,w16421,45.8411,45.8411
9,pmmix150_p20_c60,c09_pmmix_150_p20_c60_0004,2.0,1.0,w27931,82.2959,82.2959
9,pmmix150_p20_c60,c09_pmmix_150_p20_c60_0005,1.0,0.5,w8421,164.7762,164.7762
9,pmmix150_p20_c60,c09_pmmix_150_p20_c60_0005,1.0,0.5,w16421,315.0554,315.0554
9,pmmix150_p20_c60,c09_pmmix_150_p20_c60_0005,1.0,0.5,w27931,537.6339,537.6339
9,pmmix150_p20_c60,c09_pmmix_150_p20_c60_0005,1.0,0.75,w8421,164.7762,164.7762
9,pmmix150_p20_c60,c09_pmmix_150_p20_c60_0005,1.0,0.75,w16421,315.0554,315.0554
9,pmmix150_p20_c60,c09_pmmix_150_p20_c60_0005,1.0,0.75,w27931,537.6339,537.6339
9,pmmix150_p20_c60,c09_pmmix_150_p20_c60_0005,1.0,1.0,w8421,167.6784,167.6784
9,pmmix150_p20_c60,c09_pmmix_150_p20_c60_0005,1.0,1.0,w16421,317.9576,317.9576
9,pmmix150_p20_c60,c09_pmmix_150_p20_c60_0005,1.0,1.0,w27931,546.3405,546.3405
9,pmmix150_p20_c60,c09_pmmix_150_p20_c60_0005,2.0,0.5,w8421,157.5277,157.5277
9,pmmix150_p20_c60,c09_pmmix_150_p20_c60_0005,2.0,0.5,w16421,307.8069,307.8069
9,pmmix150_p20_c60,c09_pmmix_150_p20_c60_0005,2.0,0.5,w27931,517.3395,517.3395
9,pmmix150_p20_c60,c09_pmmix_150_p20_c60_0005,2.0,0.75,w8421,157.5277,157.5277
9,pmmix150_p20_c60,c09_pmmix_150_p20_c60_0005,2.0,0.75,w16421,307.8069,307.8069
9,pmmix150_p20_c60,c09_pmmix_150_p20_c60_0005,2.0,0.75,w27931,517.3395,517.3395
9,pmmix150_p20_c60,c09_pmmix_150_p20_c60_0005,2.0,1.0,w8421,164.7762,164.7762
9,pmmix150_p20_c60,c09_pmmix_150_p20_c60_0005,2.0,1.0,w16421,315.0554,315.0554
9,pmmix150_p20_c60,c09_pmmix_150_p20_c60_0005,2.0,1.0,w27931,537.6339,537.6339
9,pmmix150_p20_c60,c09_pmmix_150_p20_c60_0006,1.0,0.5,w8421,46.1440,46.1440
9,pmmix150_p20_c60,c09_pmmix_150_p20_c60_0006,1.0,0.5,w16421,61.1024,61.1024
9,pmmix150_p20_c60,c09_pmmix_150_p20_c60_0006,1.0,0.5,w27931,118.7928,118.7928
9,pmmix150_p20_c60,c09_pmmix_150_p20_c60_0006,1.0,0.75,w8421,48.6232,48.6232
9,pmmix150_p20_c60,c09_pmmix_150_p20_c60_0006,1.0,0.75,w16421,63.5816,63.5816
9,pmmix150_p20_c60,c09_pmmix_150_p20_c60_0006,1.0,0.75,w27931,126.2304,126.2304
9,pmmix150_p20_c60,c09_pmmix_150_p20_c60_0006,1.0,1.0,w8421,69.8504,69.8504
9,pmmix150_p20_c60,c09_pmmix_150_p20_c60_0006,1.0,1.0,w16421,127.2632,127.2632
9,pmmix150_p20_c60,c09_pmmix_150_p20_c60_0006,1.0,1.0,w27931,221.7528,221.7528
9,pmmix150_p20_c60,c09_pmmix_150_p20_c60_0006,2.0,0.5,w8421,46.1440,46.1440
9,pmmix150_p20_c60,c09_pmmix_150_p20_c60_0006,2.0,0.5,w16421,61.1024,61.1024
9,pmmix150_p20_c60,c09_pmmix_150_p20_c60_0006,2.0,0.5,w27931,118.7928,118.7928
9,pmmix150_p20_c60,c09_pmmix_150_p20_c60_0006,2.0,0.75,w8421,46.1440,46.1440
9,pmmix150_p20_c60,c09_pmmix_150_p20_c60_0006,2.0,0.75,w16421,61.1024,61.1024
9,pmmix150_p20_c60,c09_pmmix_150_p20_c60_0006,2.0,0.75,w27931,118.7928,118.7928
9,pmmix150_p20_c60,c09_pmmix_150_p20_c60_0006,2.0,1.0,w8421,38.6648,38.6648
9,pmmix150_p20_c60,c09_pmmix_150_p20_c60_0006,2.0,1.0,w16421,38.6648,38.6648
9,pmmix150_p20_c60,c09_pmmix_150_p20_c60_0006,2.0,1.0,w27931,85.1364,85.1364
9,pmmix150_p20_c60,c09_pmmix_150_p20_c60_0007,1.0,0.5,w8421,143.6080,143.6080
9,pmmix150_p20_c60,c09_pmmix_150_p20_c60_0007,1.0,0.5,w16421,287.2160,287.2160
9,pmmix150_p20_c60,c09_pmmix_150_p20_c60_0007,1.0,0.5,w27931,484.6770,484.6770
9,pmmix150_p20_c60,c09_pmmix_150_p20_c60_0007,1.0,0.75,w8421,143.6080,143.6080
9,pmmix150_p20_c60,c09_pmmix_150_p20_c60_0007,1.0,0.75,w16421,287.2160,287.2160
9,pmmix150_p20_c60,c09_pmmix_150_p20_c60_0007,1.0,0.75,w27931,484.6770,484.6770
9,pmmix150_p20_c60,c09_pmmix_150_p20_c60_0007,1.0,1.0,w8421,71.8040,71.8040
9,pmmix150_p20_c60,c09_pmmix_150_p20_c60_0007,1.0,1.0,w16421,71.8040,71.8040
9,pmmix150_p20_c60,c09_pmmix_150_p20_c60_0007,1.0,1.0,w27931,161.5590,161.5590
9,pmmix150_p20_c60,c09_pmmix_150_p20_c60_0007,2.0,0.5,w8421,143.6080,143.6080
9,pmmix150_p20_c60,c09_pmmix_150_p20_c60_0007,2.0,0.5,w16421,287.2160,287.2160
9,pmmix150_p20_c60,c09_pmmix_150_p20_c60_0007,2.0,0.5,w27931,484.6770,484.6770
9,pmmix150_p20_c60,c09_pmmix_150_p20_c60_0007,2.0,0.75,w8421,143.6080,143.6080
9,pmmix150_p20_c60,c09_pmmix_150_p20_c60_0007,2.0,0.75,w16421,287.2160,287.2160
9,pmmix150_p20_c60,c09_pmmix_150_p20_c60_0007,2.0,0.75,w27931,484.6770,484.6770
9,pmmix150_p20_c60,c09_pmmix_150_p20_c60_0007,2.0,1.0,w8421,71.8040,71.8040
9,pmmix150_p20_c60,c09_pmmix_150_p20_c60_0007,2.0,1.0,w16421,71.8040,71.8040
9,pmmix150_p20_c60,c09_pmmix_150_p20_c60_0007,2.0,1.0,w27931,161.5590,161.5590
9,pmmix150_p20_c60,c09_pmmix_150_p20_c60_0008,1.0,0.5,w8421,165.1024,165.1024
9,pmmix150_p20_c60,c09_pmmix_150_p20_c60_0008,1.0,0.5,w16421,307.2336,307.2336
9,pmmix150_p20_c60,c09_pmmix_150_p20_c60_0008,1.0,0.5,w27931,531.3780,531.3780
9,pmmix150_p20_c60,c09_pmmix_150_p20_c60_0008,1.0,0.75,w8421,165.1024,165.1024
9,pmmix150_p20_c60,c09_pmmix_150_p20_c60_0008,1.0,0.75,w16421,307.2336,307.2336
9,pmmix150_p20_c60,c09_pmmix_150_p20_c60_0008,1.0,0.75,w27931,531.3780,531.3780
9,pmmix150_p20_c60,c09_pmmix_150_p20_c60_0008,1.0,1.0,w8421,188.0736,188.0736
9,pmmix150_p20_c60,c09_pmmix_150_p20_c60_0008,1.0,1.0,w16421,376.1472,376.1472
9,pmmix150_p20_c60,c09_pmmix_150_p20_c60_0008,1.0,1.0,w27931,634.7484,634.7484
9,pmmix150_p20_c60,c09_pmmix_150_p20_c60_0008,2.0,0.5,w8421,153.6168,153.6168
9,pmmix150_p20_c60,c09_pmmix_150_p20_c60_0008,2.0,0.5,w16421,295.7480,295.7480
9,pmmix150_p20_c60,c09_pmmix_150_p20_c60_0008,2.0,0.5,w27931,496.9212,496.9212
9,pmmix150_p20_c60,c09_pmmix_150_p20_c60_0008,2.0,0.75,w8421,165.1024,165.1024
9,pmmix150_p20_c60,c09_pmmix_150_p20_c60_0008,2.0,0.75,w16421,307.2336,307.2336
9,pmmix150_p20_c60,c09_pmmix_150_p20_c60_0008,2.0,0.75,w27931,531.3780,531.3780
9,pmmix150_p20_c60,c09_pmmix_150_p20_c60_0008,2.0,1.0,w8421,154.9348,154.9348
9,pmmix150_p20_c60,c09_pmmix_150_p20_c60_0008,2.0,1.0,w16421,276.7308,276.7308
9,pmmix150_p20_c60,c09_pmmix_150_p20_c60_0008,2.0,1.0,w27931,485.6238,485.6238
9,pmmix150_p20_c60,c09_pmmix_150_p20_c60_0009,1.0,0.5,w8421,42.2096,42.2096
9,pmmix150_p20_c60,c09_pmmix_150_p20_c60_0009,1.0,0.5,w16421,42.2096,42.2096
9,pmmix150_p20_c60,c09_pmmix_150_p20_c60_0009,1.0,0.5,w27931,94.9716,94.9716
9,pmmix150_p20_c60,c09_pmmix_150_p20_c60_0009,1.0,0.75,w8421,42.2096,42.2096
9,pmmix150_p20_c60,c09_pmmix_150_p20_c60_0009,1.0,0.75,w16421,42.2096,42.2096
9,pmmix150_p20_c60,c09_pmmix_150_p20_c60_0009,1.0,0.75,w27931,94.9716,94.9716
9,pmmix150_p20_c60,c09_pmmix_150_p20_c60_0009,1.0,1.0,w8421,84.4192,84.4192
9,pmmix150_p20_c60,c09_pmmix_150_p20_c60_0009,1.0,1.0,w16421,168.8384,168.8384
9,pmmix150_p20_c60,c09_pmmix_150_p20_c60_0009,1.0,1.0,w27931,284.9148,284.9148
9,pmmix150_p20_c60,c09_pmmix_150_p20_c60_0009,2.0,0.5,w8421,21.1048,21.1048
9,pmmix150_p20_c60,c09_pmmix_150_p20_c60_0009,2.0,0.5,w16421,21.1048,21.1048
9,pmmix150_p20_c60,c09_pmmix_150_p20_c60_0009,2.0,0.5,w27931,31.6572,31.6572
9,pmmix150_p20_c60,c09_pmmix_150_p20_c60_0009,2.0,0.75,w8421,42.2096,42.2096
9,pmmix150_p20_c60,c09_pmmix_150_p20_c60_0009,2.0,0.75,w16421,42.2096,42.2096
9,pmmix150_p20_c60,c09_pmmix_150_p20_c60_0009,2.0,0.75,w27931,94.9716,94.9716
9,pmmix150_p20_c60,c09_pmmix_150_p20_c60_0009,2.0,1.0,w8421,84.4192,84.4192
9,pmmix150_p20_c60,c09_pmmix_150_p20_c60_0009,2.0,1.0,w16421,168.8384,168.8384
9,pmmix150_p20_c60,c09_pmmix_150_p20_c60_0009,2.0,1.0,w27931,284.9148,284.9148
9,pmmix150_p20_c60,c09_pmmix_150_p20_c60_0010,1.0,0.5,w8421,232.5062,232.5062
9,pmmix150_p20_c60,c09_pmmix_150_p20_c60_0010,1.0,0.5,w16421,297.8902,297.8902
9,pmmix150_p20_c60,c09_pmmix_150_p20_c60_0010,1.0,0.5,w27931,537.7419,537.7419
9,pmmix150_p20_c60,c09_pmmix_150_p20_c60_0010,1.0,0.75,w8421,288.0062,288.0062
9,pmmix150_p20_c60,c09_pmmix_150_p20_c60_0010,1.0,0.75,w16421,353.3902,353.3902
9,pmmix150_p20_c60,c09_pmmix_150_p20_c60_0010,1.0,0.75,w27931,704.2419,704.2419
9,pmmix150_p20_c60,c09_pmmix_150_p20_c60_0010,1.0,1.0,w8421,487.5230,487.5230
9,pmmix150_p20_c60,c09_pmmix_150_p20_c60_0010,1.0,1.0,w16421,951.9406,951.9406
9,pmmix150_p20_c60,c09_pmmix_150_p20_c60_0010,1.0,1.0,w27931,1602.0675,1602.0675
9,pmmix150_p20_c60,c09_pmmix_150_p20_c60_0010,2.0,0.5,w8421,116.2531,116.2531
9,pmmix150_p20_c60,c09_pmmix_150_p20_c60_0010,2.0,0.5,w16421,116.2531,116.2531
9,pmmix150_p20_c60,c09_pmmix_150_p20_c60_0010,2.0,0.5,w27931,179.2473,179.2473
9,pmmix150_p20_c60,c09_pmmix_150_p20_c60_0010,2.0,0.75,w8421,220.9535,220.9535
9,pmmix150_p20_c60,c09_pmmix_150_p20_c60_0010,2.0,0.75,w16421,286.3375,286.3375
9,pmmix150_p20_c60,c09_pmmix_150_p20_c60_0010,2.0,0.75,w27931,514.6365,514.6365
9,pmmix150_p20_c60,c09_pmmix_150_p20_c60_0010,2.0,1.0,w8421,475.9703,475.9703
9,pmmix150_p20_c60,c09_pmmix_150_p20_c60_0010,2.0,1.0,w16421,940.3879,940.3879
9,pmmix150_p20_c60,c09_pmmix_150_p20_c60_0010,2.0,1.0,w27931,1578.9621,1578.9621
9,pmmix150_p20_c60,c09_pmmix_150_p20_c60_0011,1.0,0.5,w8421,40.4624,40.4624
9,pmmix150_p20_c60,c09_pmmix_150_p20_c60_0011,1.0,0.5,w16421,80.9248,80.9248
9,pmmix150_p20_c60,c09_pmmix_150_p20_c60_0011,1.0,0.5,w27931,136.5606,136.5606
9,pmmix150_p20_c60,c09_pmmix_150_p20_c60_0011,1.0,0.75,w8421,40.4624,40.4624
9,pmmix150_p20_c60,c09_pmmix_150_p20_c60_0011,1.0,0.75,w16421,80.9248,80.9248
9,pmmix150_p20_c60,c09_pmmix_150_p20_c60_0011,1.0,0.75,w27931,136.5606,136.5606
9,pmmix150_p20_c60,c09_pmmix_150_p20_c60_0011,1.0,1.0,w8421,40.4624,40.4624
9,pmmix150_p20_c60,c09_pmmix_150_p20_c60_0011,1.0,1.0,w16421,80.9248,80.9248
9,pmmix150_p20_c60,c09_pmmix_150_p20_c60_0011,1.0,1.0,w27931,136.5606,136.5606
9,pmmix150_p20_c60,c09_pmmix_150_p20_c60_0011,2.0,0.5,w8421,40.4624,40.4624
9,pmmix150_p20_c60,c09_pmmix_150_p20_c60_0011,2.0,0.5,w16421,80.9248,80.9248
9,pmmix150_p20_c60,c09_pmmix_150_p20_c60_0011,2.0,0.5,w27931,136.5606,136.5606
9,pmmix150_p20_c60,c09_pmmix_150_p20_c60_0011,2.0,0.75,w8421,40.4624,40.4624
9,pmmix150_p20_c60,c09_pmmix_150_p20_c60_0011,2.0,0.75,w16421,80.9248,80.9248
9,pmmix150_p20_c60,c09_pmmix_150_p20_c60_0011,2.0,0.75,w27931,136.5606,136.5606
9,pmmix150_p20_c60,c09_pmmix_150_p20_c60_0011,2.0,1.0,w8421,40.4624,40.4624
9,pmmix150_p20_c60,c09_pmmix_150_p20_c60_0011,2.0,1.0,w16421,80.9248,80.9248
9,pmmix150_p20_c60,c09_pmmix_150_p20_c60_0011,2.0,1.0,w27931,136.5606,136.5606
9,pmmix150_p20_c60,c09_pmmix_150_p20_c60_0012,1.0,0.5,w8421,27.7918,27.7918
9,pmmix150_p20_c60,c09_pmmix_150_p20_c60_0012,1.0,0.5,w16421,27.7918,27.7918
9,pmmix150_p20_c60,c09_pmmix_150_p20_c60_0012,1.0,0.5,w27931,41.8365,41.8365
9,pmmix150_p20_c60,c09_pmmix_150_p20_c60_0012,1.0,0.75,w8421,27.7918,27.7918
9,pmmix150_p20_c60,c09_pmmix_150_p20_c60_0012,1.0,0.75,w16421,27.7918,27.7918
9,pmmix150_p20_c60,c09_pmmix_150_p20_c60_0012,1.0,0.75,w27931,41.8365,41.8365
9,pmmix150_p20_c60,c09_pmmix_150_p20_c60_0012,1.0,1.0,w8421,27.9902,27.9902
9,pmmix150_p20_c60,c09_pmmix_150_p20_c60_0012,1.0,1.0,w16421,28.3870,28.3870
9,pmmix150_p20_c60,c09_pmmix_150_p20_c60_0012,1.0,1.0,w27931,42.7293,42.7293
9,pmmix150_p20_c60,c09_pmmix_150_p20_c60_0012,2.0,0.5,w8421,13.8959,13.8959
9,pmmix150_p20_c60,c09_pmmix_150_p20_c60_0012,2.0,0.5,w16421,13.8959,13.8959
9,pmmix150_p20_c60,c09_pmmix_150_p20_c60_0012,2.0,0.5,w27931,13.9455,13.9455
9,pmmix150_p20_c60,c09_pmmix_150_p20_c60_0012,2.0,0.75,w8421,13.9951,13.9951
9,pmmix150_p20_c60,c09_pmmix_150_p20_c60_0012,2.0,0.75,w16421,13.9951,13.9951
9,pmmix150_p20_c60,c09_pmmix_150_p20_c60_0012,2.0,0.75,w27931,14.2431,14.2431
9,pmmix150_p20_c60,c09_pmmix_150_p20_c60_0012,2.0,1.0,w8421,14.1935,14.1935
9,pmmix150_p20_c60,c09_pmmix_150_p20_c60_0012,2.0,1.0,w16421,14.5903,14.5903
9,pmmix150_p20_c60,c09_pmmix_150_p20_c60_0012,2.0,1.0,w27931,15.1359,15.1359
9,pmmix150_p20_c60,c09_pmmix_150_p20_c60_0013,1.0,0.5,w8421,365.9672,365.9672
9,pmmix150_p20_c60,c09_pmmix_150_p20_c60_0013,1.0,0.5,w16421,580.3552,580.3552
9,pmmix150_p20_c60,c09_pmmix_150_p20_c60_0013,1.0,0.5,w27931,1052.3172,1052.3172
9,pmmix150_p20_c60,c09_pmmix_150_p20_c60_0013,1.0,0.75,w8421,365.9672,365.9672
9,pmmix150_p20_c60,c09_pmmix_150_p20_c60_0013,1.0,0.75,w16421,580.3552,580.3552
9,pmmix150_p20_c60,c09_pmmix_150_p20_c60_0013,1.0,0.75,w27931,1052.3172,1052.3172
9,pmmix150_p20_c60,c09_pmmix_150_p20_c60_0013,1.0,1.0,w8421,450.7804,450.7804
9,pmmix150_p20_c60,c09_pmmix_150_p20_c60_0013,1.0,1.0,w16421,834.7948,834.7948
9,pmmix150_p20_c60,c09_pmmix_150_p20_c60_0013,1.0,1.0,w27931,1433.9766,1433.9766
9,pmmix150_p20_c60,c09_pmmix_150_p20_c60_0013,2.0,0.5,w8421,312.3662,312.3662
9,pmmix150_p20_c60,c09_pmmix_150_p20_c60_0013,2.0,0.5,w16421,504.3654,504.3654
9,pmmix150_p20_c60,c09_pmmix_150_p20_c60_0013,2.0,0.5,w27931,874.7226,874.7226
9,pmmix150_p20_c60,c09_pmmix_150_p20_c60_0013,2.0,0.75,w8421,354.7728,354.7728
9,pmmix150_p20_c60,c09_pmmix_150_p20_c60_0013,2.0,0.75,w16421,546.7720,546.7720
9,pmmix150_p20_c60,c09_pmmix_150_p20_c60_0013,2.0,0.75,w27931,1001.9424,1001.9424
9,pmmix150_p20_c60,c09_pmmix_150_p20_c60_0013,2.0,1.0,w8421,340.7812,340.7812
9,pmmix150_p20_c60,c09_pmmix_150_p20_c60_0013,2.0,1.0,w16421,555.1692,555.1692
9,pmmix150_p20_c60,c09_pmmix_150_p20_c60_0013,2.0,1.0,w27931,976.7592,976.7592
9,pmmix150_p20_c60,c09_pmmix_150_p20_c60_0014,1.0,0.5,w8421,177.8192,177.8192
9,pmmix150_p20_c60,c09_pmmix_150_p20_c60_0014,1.0,0.5,w16421,180.6384,180.6384
9,pmmix150_p20_c60,c09_pmmix_150_p20_c60_0014,1.0,0.5,w27931,403.2648,403.2648
9,pmmix150_p20_c60,c09_pmmix_150_p20_c60_0014,1.0,0.75,w8421,177.8192,177.8192
9,pmmix150_p20_c60,c09_pmmix_150_p20_c60_0014,1.0,0.75,w16421,180.6384,180.6384
9,pmmix150_p20_c60,c09_pmmix_150_p20_c60_0014,1.0,0.75,w27931,403.2648,403.2648
9,pmmix150_p20_c60,c09_pmmix_150_p20_c60_0014,1.0,1.0,w8421,177.8192,177.8192
9,pmmix150_p20_c60,c09_pmmix_150_p20_c60_0014,1.0,1.0,w16421,180.6384,180.6384
9,pmmix150_p20_c60,c09_pmmix_150_p20_c60_0014,1.0,1.0,w27931,403.2648,403.2648
9,pmmix150_p20_c60,c09_pmmix_150_p20_c60_0014,2.0,0.5,w8421,90.3192,90.3192
9,pmmix150_p20_c60,c09_pmmix_150_p20_c60_0014,2.0,0.5,w16421,93.1384,93.1384
9,pmmix150_p20_c60,c09_pmmix_150_p20_c60_0014,2.0,0.5,w27931,140.7648,140.7648
9,pmmix150_p20_c60,c09_pmmix_150_p20_c60_0014,2.0,0.75,w8421,90.3192,90.3192
9,pmmix150_p20_c60,c09_pmmix_150_p20_c60_0014,2.0,0.75,w16421,93.1384,93.1384
9,pmmix150_p20_c60,c09_pmmix_150_p20_c60_0014,2.0,0.75,w27931,140.7648,140.7648
9,pmmix150_p20_c60,c09_pmmix_150_p20_c60_0014,2.0,1.0,w8421,177.8192,177.8192
9,pmmix150_p20_c60,c09_pmmix_150_p20_c60_0014,2.0,1.0,w16421,180.6384,180.6384
9,pmmix150_p20_c60,c09_pmmix_150_p20_c60_0014,2.0,1.0,w27931,403.2648,403.2648
9,pmmix150_p20_c60,c09_pmmix_150_p20_c60_0015,1.0,0.5,w8421,96.2200,96.2200
9,pmmix150_p20_c60,c09_pmmix_150_p20_c60_0015,1.0,0.5,w16421,192.4400,192.4400
9,pmmix150_p20_c60,c09_pmmix_150_p20_c60_0015,1.0,0.5,w27931,324.7425,324.7425
9,pmmix150_p20_c60,c09_pmmix_150_p20_c60_0015,1.0,0.75,w8421,96.2200,96.2200
9,pmmix150_p20_c60,c09_pmmix_150_p20_c60_0015,1.0,0.75,w16421,192.4400,192.4400
9,pmmix150_p20_c60,c09_pmmix_150_p20_c60_0015,1.0,0.75,w27931,324.7425,324.7425
9,pmmix150_p20_c60,c09_pmmix_150_p20_c60_0015,1.0,1.0,w8421,96.2200,96.2200
9,pmmix150_p20_c60,c09_pmmix_150_p20_c60_0015,1.0,1.0,w16421,192.4400,192.4400
9,pmmix150_p20_c60,c09_pmmix_150_p20_c60_0015,1.0,1.0,w27931,324.7425,324.7425
9,pmmix150_p20_c60,c09_pmmix_150_p20_c60_0015,2.0,0.5,w8421,96.2200,96.2200
9,pmmix150_p20_c60,c09_pmmix_150_p20_c60_0015,2.0,0.5,w16421,192.4400,192.4400
9,pmmix150_p20_c60,c09_pmmix_150_p20_c60_0015,2.0,0.5,w27931,324.7425,324.7425
9,pmmix150_p20_c60,c09_pmmix_150_p20_c60_0015,2.0,0.75,w8421,96.2200,96.2200
9,pmmix150_p20_c60,c09_pmmix_150_p20_c60_0015,2.0,0.75,w16421,192.4400,192.4400
9,pmmix150_p20_c60,c09_pmmix_150_p20_c60_0015,2.0,0.75,w27931,324.7425,324.7425
9,pmmix150_p20_c60,c09_pmmix_150_p20_c60_0015,2.0,1.0,w8421,96.2200,96.2200
9,pmmix150_p20_c60,c09_pmmix_150_p20_c60_0015,2.0,1.0,w16421,192.4400,192.4400
9,pmmix150_p20_c60,c09_pmmix_150_p20_c60_0015,2.0,1.0,w27931,324.7425,324.7425
9,pmmix150_p20_c60,c09_pmmix_150_p20_c60_0016,1.0,0.5,w8421,48.3392,48.3392
9,pmmix150_p20_c60,c09_pmmix_150_p20_c60_0016,1.0,0.5,w16421,96.6784,96.6784
9,pmmix150_p20_c60,c09_pmmix_150_p20_c60_0016,1.0,0.5,w27931,163.1448,163.1448
9,pmmix150_p20_c60,c09_pmmix_150_p20_c60_0016,1.0,0.75,w8421,48.3392,48.3392
9,pmmix150_p20_c60,c09_pmmix_150_p20_c60_0016,1.0,0.75,w16421,96.6784,96.6784
9,pmmix150_p20_c60,c09_pmmix_150_p20_c60_0016,1.0,0.75,w27931,163.1448,163.1448
9,pmmix150_p20_c60,c09_pmmix_150_p20_c60_0016,1.0,1.0,w8421,48.3392,48.3392
9,pmmix150_p20_c60,c09_pmmix_150_p20_c60_0016,1.0,1.0,w16421,96.6784,96.6784
9,pmmix150_p20_c60,c09_pmmix_150_p20_c60_0016,1.0,1.0,w27931,163.1448,163.1448
9,pmmix150_p20_c60,c09_pmmix_150_p20_c60_0016,2.0,0.5,w8421,48.3392,48.3392
9,pmmix150_p20_c60,c09_pmmix_150_p20_c60_0016,2.0,0.5,w16421,96.6784,96.6784
9,pmmix150_p20_c60,c09_pmmix_150_p20_c60_0016,2.0,0.5,w27931,163.1448,163.1448
9,pmmix150_p20_c60,c09_pmmix_150_p20_c60_0016,2.0,0.75,w8421,48.3392,48.3392
9,pmmix150_p20_c60,c09_pmmix_150_p20_c60_0016,2.0,0.75,w16421,96.6784,96.6784
9,pmmix150_p20_c60,c09_pmmix_150_p20_c60_0016,2.0,0.75,w27931,163.1448,163.1448
9,pmmix150_p20_c60,c09_pmmix_150_p20_c60_0016,2.0,1.0,w8421,48.3392,48.3392
9,pmmix150_p20_c60,c09_pmmix_150_p20_c60_0016,2.0,1.0,w16421,96.6784,96.6784
9,pmmix150_p20_c60,c09_pmmix_150_p20_c60_0016,2.0,1.0,w27931,163.1448,163.1448
9,pmmix150_p20_c60,c09_pmmix_150_p20_c60_0017,1.0,0.5,w8421,69.6968,69.6968
9,pmmix150_p20_c60,c09_pmmix_150_p20_c60_0017,1.0,0.5,w16421,139.3936,139.3936
9,pmmix150_p20_c60,c09_pmmix_150_p20_c60_0017,1.0,0.5,w27931,235.2267,235.2267
9,pmmix150_p20_c60,c09_pmmix_150_p20_c60_0017,1.0,0.75,w8421,69.6968,69.6968
9,pmmix150_p20_c60,c09_pmmix_150_p20_c60_0017,1.0,0.75,w16421,139.3936,139.3936
9,pmmix150_p20_c60,c09_pmmix_150_p20_c60_0017,1.0,0.75,w27931,235.2267,235.2267
9,pmmix150_p20_c60,c09_pmmix_150_p20_c60_0017,1.0,1.0,w8421,41.6448,41.6448
9,pmmix150_p20_c60,c09_pmmix_150_p20_c60_0017,1.0,1.0,w16421,55.2376,55.2376
9,pmmix150_p20_c60,c09_pmmix_150_p20_c60_0017,1.0,1.0,w27931,108.9927,108.9927
9,pmmix150_p20_c60,c09_pmmix_150_p20_c60_0017,2.0,0.5,w8421,69.6968,69.6968
9,pmmix150_p20_c60,c09_pmmix_150_p20_c60_0017,2.0,0.5,w16421,139.3936,139.3936
9,pmmix150_p20_c60,c09_pmmix_150_p20_c60_0017,2.0,0.5,w27931,235.2267,235.2267
9,pmmix150_p20_c60,c09_pmmix_150_p20_c60_0017,2.0,0.75,w8421,69.6968,69.6968
9,pmmix150_p20_c60,c09_pmmix_150_p20_c60_0017,2.0,0.75,w16421,139.3936,139.3936
9,pmmix150_p20_c60,c09_pmmix_150_p20_c60_0017,2.0,0.75,w27931,235.2267,235.2267
9,pmmix150_p20_c60,c09_pmmix_150_p20_c60_0017,2.0,1.0,w8421,41.6448,41.6448
9,pmmix150_p20_c60,c09_pmmix_150_p20_c60_0017,2.0,1.0,w16421,55.2376,55.2376
9,pmmix150_p20_c60,c09_pmmix_150_p20_c60_0017,2.0,1.0,w27931,108.9927,108.9927
9,pmmix150_p20_c60,c09_pmmix_150_p20_c60_0018,1.0,0.5,w8421,6.2544,6.2544
9,pmmix150_p20_c60,c09_pmmix_150_p20_c60_0018,1.0,0.5,w16421,6.2544,6.2544
9,pmmix150_p20_c60,c09_pmmix_150_p20_c60_0018,1.0,0.5,w27931,9.3816,9.3816
9,pmmix150_p20_c60,c09_pmmix_150_p20_c60_0018,1.0,0.75,w8421,6.2544,6.2544
9,pmmix150_p20_c60,c09_pmmix_150_p20_c60_0018,1.0,0.75,w16421,6.2544,6.2544
9,pmmix150_p20_c60,c09_pmmix_150_p20_c60_0018,1.0,0.75,w27931,9.3816,9.3816
9,pmmix150_p20_c60,c09_pmmix_150_p20_c60_0018,1.0,1.0,w8421,6.2544,6.2544
9,pmmix150_p20_c60,c09_pmmix_150_p20_c60_0018,1.0,1.0,w16421,6.2544,6.2544
9,pmmix150_p20_c60,c09_pmmix_150_p20_c60_0018,1.0,1.0,w27931,9.3816,9.3816
9,pmmix150_p20_c60,c09_pmmix_150_p20_c60_0018,2.0,0.5,w8421,6.2544,6.2544
9,pmmix150_p20_c60,c09_pmmix_150_p20_c60_0018,2.0,0.5,w16421,6.2544,6.2544
9,pmmix150_p20_c60,c09_pmmix_150_p20_c60_0018,2.0,0.5,w27931,9.3816,9.3816
9,pmmix150_p20_c60,c09_pmmix_150_p20_c60_0018,2.0,0.75,w8421,6.2544,6.2544
9,pmmix150_p20_c60,c09_pmmix_150_p20_c60_0018,2.0,0.75,w16421,6.2544,6.2544
9,pmmix150_p20_c60,c09_pmmix_150_p20_c60_0018,2.0,0.75,w27931,9.3816,9.3816
9,pmmix150_p20_c60,c09_pmmix_150_p20_c60_0018,2.0,1.0,w8421,3.1272,3.1272
9,pmmix150_p20_c60,c09_pmmix_150_p20_c60_0018,2.0,1.0,w16421,3.1272,3.1272
9,pmmix150_p20_c60,c09_pmmix_150_p20_c60_0018,2.0,1.0,w27931,3.1272,3.1272
9,pmmix150_p20_c60,c09_pmmix_150_p20_c60_0019,1.0,0.5,w8421,77.9640,77.9640
9,pmmix150_p20_c60,c09_pmmix_150_p20_c60_0019,1.0,0.5,w16421,155.9280,155.9280
9,pmmix150_p20_c60,c09_pmmix_150_p20_c60_0019,1.0,0.5,w27931,263.1285,263.1285
9,pmmix150_p20_c60,c09_pmmix_150_p20_c60_0019,1.0,0.75,w8421,77.9640,77.9640
9,pmmix150_p20_c60,c09_pmmix_150_p20_c60_0019,1.0,0.75,w16421,155.9280,155.9280
9,pmmix150_p20_c60,c09_pmmix_150_p20_c60_0019,1.0,0.75,w27931,263.1285,263.1285
9,pmmix150_p20_c60,c09_pmmix_150_p20_c60_0019,1.0,1.0,w8421,38.9820,38.9820
9,pmmix150_p20_c60,c09_pmmix_150_p20_c60_0019,1.0,1.0,w16421,38.9820,38.9820
9,pmmix150_p20_c60,c09_pmmix_150_p20_c60_0019,1.0,1.0,w27931,87.7095,87.7095
9,pmmix150_p20_c60,c09_pmmix_150_p20_c60_0019,2.0,0.5,w8421,77.9640,77.9640
9,pmmix150_p20_c60,c09_pmmix_150_p20_c60_0019,2.0,0.5,w16421,155.9280,155.9280
9,pmmix150_p20_c60,c09_pmmix_150_p20_c60_0019,2.0,0.5,w27931,263.1285,263.1285
9,pmmix150_p20_c60,c09_pmmix_150_p20_c60_0019,2.0,0.75,w8421,77.9640,77.9640
9,pmmix150_p20_c60,c09_pmmix_150_p20_c60_0019,2.0,0.75,w16421,155.9280,155.9280
9,pmmix150_p20_c60,c09_pmmix_150_p20_c60_0019,2.0,0.75,w27931,263.1285,263.1285
9,pmmix150_p20_c60,c09_pmmix_150_p20_c60_0019,2.0,1.0,w8421,38.9820,38.9820
9,pmmix150_p20_c60,c09_pmmix_150_p20_c60_0019,2.0,1.0,w16421,38.9820,38.9820
9,pmmix150_p20_c60,c09_pmmix_150_p20_c60_0019,2.0,1.0,w27931,87.7095,87.7095
9,pmmix150_p20_c60,c09_pmmix_150_p20_c60_0020,1.0,0.5,w8421,91.9736,91.9736
9,pmmix150_p20_c60,c09_pmmix_150_p20_c60_0020,1.0,0.5,w16421,182.3728,182.3728
9,pmmix150_p20_c60,c09_pmmix_150_p20_c60_0020,1.0,0.5,w27931,308.6397,308.6397
9,pmmix150_p20_c60,c09_pmmix_150_p20_c60_0020,1.0,0.75,w8421,91.9736,91.9736
9,pmmix150_p20_c60,c09_pmmix_150_p20_c60_0020,1.0,0.75,w16421,182.3728,182.3728
9,pmmix150_p20_c60,c09_pmmix_150_p20_c60_0020,1.0,0.75,w27931,308.6397,308.6397
9,pmmix150_p20_c60,c09_pmmix_150_p20_c60_0020,1.0,1.0,w8421,71.6948,71.6948
9,pmmix150_p20_c60,c09_pmmix_150_p20_c60_0020,1.0,1.0,w16421,123.1108,123.1108
9,pmmix150_p20_c60,c09_pmmix_150_p20_c60_0020,1.0,1.0,w27931,218.5659,218.5659
9,pmmix150_p20_c60,c09_pmmix_150_p20_c60_0020,2.0,0.5,w8421,91.9736,91.9736
9,pmmix150_p20_c60,c09_pmmix_150_p20_c60_0020,2.0,0.5,w16421,182.3728,182.3728
9,pmmix150_p20_c60,c09_pmmix_150_p20_c60_0020,2.0,0.5,w27931,308.6397,308.6397
9,pmmix150_p20_c60,c09_pmmix_150_p20_c60_0020,2.0,0.75,w8421,91.1864,91.1864
9,pmmix150_p20_c60,c09_pmmix_150_p20_c60_0020,2.0,0.75,w16421,181.5856,181.5856
9,pmmix150_p20_c60,c09_pmmix_150_p20_c60_0020,2.0,0.75,w27931,306.2781,306.2781
9,pmmix150_p20_c60,c09_pmmix_150_p20_c60_0020,2.0,1.0,w8421,71.6948,71.6948
9,pmmix150_p20_c60,c09_pmmix_150_p20_c60_0020,2.0,1.0,w16421,123.1108,123.1108
9,pmmix150_p20_c60,c09_pmmix_150_p20_c60_0020,2.0,1.0,w27931,218.5659,218.5659
9,pmmix150_p20_c60,c09_pmmix_150_p20_c60_0021,1.0,0.5,w8421,51.4336,51.4336
9,pmmix150_p20_c60,c09_pmmix_150_p20_c60_0021,1.0,0.5,w16421,102.8672,102.8672
9,pmmix150_p20_c60,c09_pmmix_150_p20_c60_0021,1.0,0.5,w27931,173.5884,173.5884
9,pmmix150_p20_c60,c09_pmmix_150_p20_c60_0021,1.0,0.75,w8421,51.4336,51.4336
9,pmmix150_p20_c60,c09_pmmix_150_p20_c60_0021,1.0,0.75,w16421,102.8672,102.8672
9,pmmix150_p20_c60,c09_pmmix_150_p20_c60_0021,1.0,0.75,w27931,173.5884,173.5884
9,pmmix150_p20_c60,c09_pmmix_150_p20_c60_0021,1.0,1.0,w8421,51.4336,51.4336
9,pmmix150_p20_c60,c09_pmmix_150_p20_c60_0021,1.0,1.0,w16421,102.8672,102.8672
9,pmmix150_p20_c60,c09_pmmix_150_p20_c60_0021,1.0,1.0,w27931,173.5884,173.5884
9,pmmix150_p20_c60,c09_pmmix_150_p20_c60_0021,2.0,0.5,w8421,51.4336,51.4336
9,pmmix150_p20_c60,c09_pmmix_150_p20_c60_0021,2.0,0.5,w16421,102.8672,102.8672
9,pmmix150_p20_c60,c09_pmmix_150_p20_c60_0021,2.0,0.5,w27931,173.5884,173.5884
9,pmmix150_p20_c60,c09_pmmix_150_p20_c60_0021,2.0,0.75,w8421,51.4336,51.4336
9,pmmix150_p20_c60,c09_pmmix_150_p20_c60_0021,2.0,0.75,w16421,102.8672,102.8672
9,pmmix150_p20_c60,c09_pmmix_150_p20_c60_0021,2.0,0.75,w27931,173.5884,173.5884
9,pmmix150_p20_c60,c09_pmmix_150_p20_c60_0021,2.0,1.0,w8421,51.4336,51.4336
9,pmmix150_p20_c60,c09_pmmix_150_p20_c60_0021,2.0,1.0,w16421,102.8672,102.8672
9,pmmix150_p20_c60,c09_pmmix_150_p20_c60_0021,2.0,1.0,w27931,173.5884,173.5884
9,pmmix150_p20_c60,c09_pmmix_150_p20_c60_0022,1.0,0.5,w8421,36.4872,36.4872
9,pmmix150_p20_c60,c09_pmmix_150_p20_c60_0022,1.0,0.5,w16421,72.9744,72.9744
9,pmmix150_p20_c60,c09_pmmix_150_p20_c60_0022,1.0,0.5,w27931,123.1443,123.1443
9,pmmix150_p20_c60,c09_pmmix_150_p20_c60_0022,1.0,0.75,w8421,36.4872,36.4872
9,pmmix150_p20_c60,c09_pmmix_150_p20_c60_0022,1.0,0.75,w16421,72.9744,72.9744
9,pmmix150_p20_c60,c09_pmmix_150_p20_c60_0022,1.0,0.75,w27931,123.1443,123.1443
9,pmmix150_p20_c60,c09_pmmix_150_p20_c60_0022,1.0,1.0,w8421,36.4872,36.4872
9,pmmix150_p20_c60,c09_pmmix_150_p20_c60_0022,1.0,1.0,w16421,72.9744,72.9744
9,pmmix150_p20_c60,c09_pmmix_150_p20_c60_0022,1.0,1.0,w27931,123.1443,123.1443
9,pmmix150_p20_c60,c09_pmmix_150_p20_c60_0022,2.0,0.5,w8421,36.4872,36.4872
9,pmmix150_p20_c60,c09_pmmix_150_p20_c60_0022,2.0,0.5,w16421,72.9744,72.9744
9,pmmix150_p20_c60,c09_pmmix_150_p20_c60_0022,2.0,0.5,w27931,123.1443,123.1443
9,pmmix150_p20_c60,c09_pmmix_150_p20_c60_0022,2.0,0.75,w8421,36.4872,36.4872
9,pmmix150_p20_c60,c09_pmmix_150_p20_c60_0022,2.0,0.75,w16421,72.9744,72.9744
9,pmmix150_p20_c60,c09_pmmix_150_p20_c60_0022,2.0,0.75,w27931,123.1443,123.1443
9,pmmix150_p20_c60,c09_pmmix_150_p20_c60_0022,2.0,1.0,w8421,36.4872,36.4872
9,pmmix150_p20_c60,c09_pmmix_150_p20_c60_0022,2.0,1.0,w16421,72.9744,72.9744
9,pmmix150_p20_c60,c09_pmmix_150_p20_c60_0022,2.0,1.0,w27931,123.1443,123.1443
9,pmmix150_p20_c60,c09_pmmix_150_p20_c60_0023,1.0,0.5,w8421,239.3984,239.3984
9,pmmix150_p20_c60,c09_pmmix_150_p20_c60_0023,1.0,0.5,w16421,283.3264,283.3264
9,pmmix150_p20_c60,c09_pmmix_150_p20_c60_0023,1.0,0.5,w27931,588.0654,588.0654
9,pmmix150_p20_c60,c09_pmmix_150_p20_c60_0023,1.0,0.75,w8421,239.3984,239.3984
9,pmmix150_p20_c60,c09_pmmix_150_p20_c60_0023,1.0,0.75,w16421,283.3264,283.3264
9,pmmix150_p20_c60,c09_pmmix_150_p20_c60_0023,1.0,0.75,w27931,588.0654,588.0654
9,pmmix150_p20_c60,c09_pmmix_150_p20_c60_0023,1.0,1.0,w8421,434.8688,434.8688
9,pmmix150_p20_c60,c09_pmmix_150_p20_c60_0023,1.0,1.0,w16421,869.7376,869.7376
9,pmmix150_p20_c60,c09_pmmix_150_p20_c60_0023,1.0,1.0,w27931,1467.6822,1467.6822
9,pmmix150_p20_c60,c09_pmmix_150_p20_c60_0023,2.0,0.5,w8421,141.6632,141.6632
9,pmmix150_p20_c60,c09_pmmix_150_p20_c60_0023,2.0,0.5,w16421,185.5912,185.5912
9,pmmix150_p20_c60,c09_pmmix_150_p20_c60_0023,2.0,0.5,w27931,294.8598,294.8598
9,pmmix150_p20_c60,c09_pmmix_150_p20_c60_0023,2.0,0.75,w8421,229.1632,229.1632
9,pmmix150_p20_c60,c09_pmmix_150_p20_c60_0023,2.0,0.75,w16421,273.0912,273.0912
9,pmmix150_p20_c60,c09_pmmix_150_p20_c60_0023,2.0,0.75,w27931,557.3598,557.3598
9,pmmix150_p20_c60,c09_pmmix_150_p20_c60_0023,2.0,1.0,w8421,414.3984,414.3984
9,pmmix150_p20_c60,c09_pmmix_150_p20_c60_0023,2.0,1.0,w16421,808.3264,808.3264
9,pmmix150_p20_c60,c09_pmmix_150_p20_c60_0023,2.0,1.0,w27931,1375.5654,1375.5654
9,pmmix150_p20_c60,c09_pmmix_150_p20_c60_0024,1.0,0.5,w8421,0.0000,0.0000
9,pmmix150_p20_c60,c09_pmmix_150_p20_c60_0024,1.0,0.5,w16421,0.0000,0.0000
9,pmmix150_p20_c60,c09_pmmix_150_p20_c60_0024,1.0,0.5,w27931,0.0000,0.0000
9,pmmix150_p20_c60,c09_pmmix_150_p20_c60_0024,1.0,0.75,w8421,0.0000,0.0000
9,pmmix150_p20_c60,c09_pmmix_150_p20_c60_0024,1.0,0.75,w16421,0.0000,0.0000
9,pmmix150_p20_c60,c09_pmmix_150_p20_c60_0024,1.0,0.75,w27931,0.0000,0.0000
9,pmmix150_p20_c60,c09_pmmix_150_p20_c60_0024,1.0,1.0,w8421,0.0000,0.0000
9,pmmix150_p20_c60,c09_pmmix_150_p20_c60_0024,1.0,1.0,w16421,0.0000,0.0000
9,pmmix150_p20_c60,c09_pmmix_150_p20_c60_0024,1.0,1.0,w27931,0.0000,0.0000
9,pmmix150_p20_c60,c09_pmmix_150_p20_c60_0024,2.0,0.5,w8421,0.0000,0.0000
9,pmmix150_p20_c60,c09_pmmix_150_p20_c60_0024,2.0,0.5,w16421,0.0000,0.0000
9,pmmix150_p20_c60,c09_pmmix_150_p20_c60_0024,2.0,0.5,w27931,0.0000,0.0000
9,pmmix150_p20_c60,c09_pmmix_150_p20_c60_0024,2.0,0.75,w8421,0.0000,0.0000
9,pmmix150_p20_c60,c09_pmmix_150_p20_c60_0024,2.0,0.75,w16421,0.0000,0.0000
9,pmmix150_p20_c60,c09_pmmix_150_p20_c60_0024,2.0,0.75,w27931,0.0000,0.0000
9,pmmix150_p20_c60,c09_pmmix_150_p20_c60_0024,2.0,1.0,w8421,0.0000,0.0000
9,pmmix150_p20_c60,c09_pmmix_150_p20_c60_0024,2.0,1.0,w16421,0.0000,0.0000
9,pmmix150_p20_c60,c09_pmmix_150_p20_c60_0024,2.0,1.0,w27931,0.0000,0.0000
9,pmmix150_p20_c60,c09_pmmix_150_p20_c60_0025,1.0,0.5,w8421,0.0000,0.0000
9,pmmix150_p20_c60,c09_pmmix_150_p20_c60_0025,1.0,0.5,w16421,0.0000,0.0000
9,pmmix150_p20_c60,c09_pmmix_150_p20_c60_0025,1.0,0.5,w27931,0.0000,0.0000
9,pmmix150_p20_c60,c09_pmmix_150_p20_c60_0025,1.0,0.75,w8421,0.0000,0.0000
9,pmmix150_p20_c60,c09_pmmix_150_p20_c60_0025,1.0,0.75,w16421,0.0000,0.0000
9,pmmix150_p20_c60,c09_pmmix_150_p20_c60_0025,1.0,0.75,w27931,0.0000,0.0000
9,pmmix150_p20_c60,c09_pmmix_150_p20_c60_0025,1.0,1.0,w8421,0.0000,0.0000
9,pmmix150_p20_c60,c09_pmmix_150_p20_c60_0025,1.0,1.0,w16421,0.0000,0.0000
9,pmmix150_p20_c60,c09_pmmix_150_p20_c60_0025,1.0,1.0,w27931,0.0000,0.0000
9,pmmix150_p20_c60,c09_pmmix_150_p20_c60_0025,2.0,0.5,w8421,0.0000,0.0000
9,pmmix150_p20_c60,c09_pmmix_150_p20_c60_0025,2.0,0.5,w16421,0.0000,0.0000
9,pmmix150_p20_c60,c09_pmmix_150_p20_c60_0025,2.0,0.5,w27931,0.0000,0.0000
9,pmmix150_p20_c60,c09_pmmix_150_p20_c60_0025,2.0,0.75,w8421,0.0000,0.0000
9,pmmix150_p20_c60,c09_pmmix_150_p20_c60_0025,2.0,0.75,w16421,0.0000,0.0000
9,pmmix150_p20_c60,c09_pmmix_150_p20_c60_0025,2.0,0.75,w27931,0.0000,0.0000
9,pmmix150_p20_c60,c09_pmmix_150_p20_c60_0025,2.0,1.0,w8421,0.0000,0.0000
9,pmmix150_p20_c60,c09_pmmix_150_p20_c60_0025,2.0,1.0,w16421,0.0000,0.0000
9,pmmix150_p20_c60,c09_pmmix_150_p20_c60_0025,2.0,1.0,w27931,0.0000,0.0000
9,pmmix150_p20_c60,c09_pmmix_150_p20_c60_0026,1.0,0.5,w8421,170.3300,170.3300
9,pmmix150_p20_c60,c09_pmmix_150_p20_c60_0026,1.0,0.5,w16421,331.8228,331.8228
9,pmmix150_p20_c60,c09_pmmix_150_p20_c60_0026,1.0,0.5,w27931,564.9219,564.9219
9,pmmix150_p20_c60,c09_pmmix_150_p20_c60_0026,1.0,0.75,w8421,170.3300,170.3300
9,pmmix150_p20_c60,c09_pmmix_150_p20_c60_0026,1.0,0.75,w16421,331.8228,331.8228
9,pmmix150_p20_c60,c09_pmmix_150_p20_c60_0026,1.0,0.75,w27931,564.9219,564.9219
9,pmmix150_p20_c60,c09_pmmix_150_p20_c60_0026,1.0,1.0,w8421,134.8876,134.8876
9,pmmix150_p20_c60,c09_pmmix_150_p20_c60_0026,1.0,1.0,w16421,225.4956,225.4956
9,pmmix150_p20_c60,c09_pmmix_150_p20_c60_0026,1.0,1.0,w27931,405.4311,405.4311
9,pmmix150_p20_c60,c09_pmmix_150_p20_c60_0026,2.0,0.5,w8421,168.6614,168.6614
9,pmmix150_p20_c60,c09_pmmix_150_p20_c60_0026,2.0,0.5,w16421,330.1542,330.1542
9,pmmix150_p20_c60,c09_pmmix_150_p20_c60_0026,2.0,0.5,w27931,559.9161,559.9161
9,pmmix150_p20_c60,c09_pmmix_150_p20_c60_0026,2.0,0.75,w8421,168.6614,168.6614
9,pmmix150_p20_c60,c09_pmmix_150_p20_c60_0026,2.0,0.75,w16421,330.1542,330.1542
9,pmmix150_p20_c60,c09_pmmix_150_p20_c60_0026,2.0,0.75,w27931,559.9161,559.9161
9,pmmix150_p20_c60,c09_pmmix_150_p20_c60_0026,2.0,1.0,w8421,134.8876,134.8876
9,pmmix150_p20_c60,c09_pmmix_150_p20_c60_0026,2.0,1.0,w16421,225.4956,225.4956
9,pmmix150_p20_c60,c09_pmmix_150_p20_c60_0026,2.0,1.0,w27931,405.4311,405.4311
9,pmmix150_p20_c60,c09_pmmix_150_p20_c60_0027,1.0,0.5,w8421,317.0816,317.0816
9,pmmix150_p20_c60,c09_pmmix_150_p20_c60_0027,1.0,0.5,w16421,634.1632,634.1632
9,pmmix150_p20_c60,c09_pmmix_150_p20_c60_0027,1.0,0.5,w27931,1070.1504,1070.1504
9,pmmix150_p20_c60,c09_pmmix_150_p20_c60_0027,1.0,0.75,w8421,317.0816,317.0816
9,pmmix150_p20_c60,c09_pmmix_150_p20_c60_0027,1.0,0.75,w16421,634.1632,634.1632
9,pmmix150_p20_c60,c09_pmmix_150_p20_c60_0027,1.0,0.75,w27931,1070.1504,1070.1504
9,pmmix150_p20_c60,c09_pmmix_150_p20_c60_0027,1.0,1.0,w8421,317.0816,317.0816
9,pmmix150_p20_c60,c09_pmmix_150_p20_c60_0027,1.0,1.0,w16421,634.1632,634.1632
9,pmmix150_p20_c60,c09_pmmix_150_p20_c60_0027,1.0,1.0,w27931,1070.1504,1070.1504
9,pmmix150_p20_c60,c09_pmmix_150_p20_c60_0027,2.0,0.5,w8421,317.0816,317.0816
9,pmmix150_p20_c60,c09_pmmix_150_p20_c60_0027,2.0,0.5,w16421,634.1632,634.1632
9,pmmix150_p20_c60,c09_pmmix_150_p20_c60_0027,2.0,0.5,w27931,1070.1504,1070.1504
9,pmmix150_p20_c60,c09_pmmix_150_p20_c60_0027,2.0,0.75,w8421,317.0816,317.0816
9,pmmix150_p20_c60,c09_pmmix_150_p20_c60_0027,2.0,0.75,w16421,634.1632,634.1632
9,pmmix150_p20_c60,c09_pmmix_150_p20_c60_0027,2.0,0.75,w27931,1070.1504,1070.1504
9,pmmix150_p20_c60,c09_pmmix_150_p20_c60_0027,2.0,1.0,w8421,317.0816,317.0816
9,pmmix150_p20_c60,c09_pmmix_150_p20_c60_0027,2.0,1.0,w16421,634.1632,634.1632
9,pmmix150_p20_c60,c09_pmmix_150_p20_c60_0027,2.0,1.0,w27931,1070.1504,1070.1504
9,pmmix150_p20_c60,c09_pmmix_150_p20_c60_0028,1.0,0.5,w8421,247.0980,247.0980
9,pmmix150_p20_c60,c09_pmmix_150_p20_c60_0028,1.0,0.5,w16421,307.4548,307.4548
9,pmmix150_p20_c60,c09_pmmix_150_p20_c60_0028,1.0,0.5,w27931,623.8719,623.8719
9,pmmix150_p20_c60,c09_pmmix_150_p20_c60_0028,1.0,0.75,w8421,247.0980,247.0980
9,pmmix150_p20_c60,c09_pmmix_150_p20_c60_0028,1.0,0.75,w16421,307.4548,307.4548
9,pmmix150_p20_c60,c09_pmmix_150_p20_c60_0028,1.0,0.75,w27931,623.8719,623.8719
9,pmmix150_p20_c60,c09_pmmix_150_p20_c60_0028,1.0,1.0,w8421,239.4212,239.4212
9,pmmix150_p20_c60,c09_pmmix_150_p20_c60_0028,1.0,1.0,w16421,299.7780,299.7780
9,pmmix150_p20_c60,c09_pmmix_150_p20_c60_0028,1.0,1.0,w27931,600.8415,600.8415
9,pmmix150_p20_c60,c09_pmmix_150_p20_c60_0028,2.0,0.5,w8421,229.1642,229.1642
9,pmmix150_p20_c60,c09_pmmix_150_p20_c60_0028,2.0,0.5,w16421,289.5210,289.5210
9,pmmix150_p20_c60,c09_pmmix_150_p20_c60_0028,2.0,0.5,w27931,570.0705,570.0705
9,pmmix150_p20_c60,c09_pmmix_150_p20_c60_0028,2.0,0.75,w8421,229.1642,229.1642
9,pmmix150_p20_c60,c09_pmmix_150_p20_c60_0028,2.0,0.75,w16421,289.5210,289.5210
9,pmmix150_p20_c60,c09_pmmix_150_p20_c60_0028,2.0,0.75,w27931,570.0705,570.0705
9,pmmix150_p20_c60,c09_pmmix_150_p20_c60_0028,2.0,1.0,w8421,229.1642,229.1642
9,pmmix150_p20_c60,c09_pmmix_150_p20_c60_0028,2.0,1.0,w16421,289.5210,289.5210
9,pmmix150_p20_c60,c09_pmmix_150_p20_c60_0028,2.0,1.0,w27931,570.0705,570.0705
9,pmmix150_p20_c60,c09_pmmix_150_p20_c60_0029,1.0,0.5,w8421,230.0304,230.0304
9,pmmix150_p20_c60,c09_pmmix_150_p20_c60_0029,1.0,0.5,w16421,460.0608,460.0608
9,pmmix150_p20_c60,c09_pmmix_150_p20_c60_0029,1.0,0.5,w27931,776.3526,776.3526
9,pmmix150_p20_c60,c09_pmmix_150_p20_c60_0029,1.0,0.75,w8421,172.8248,172.8248
9,pmmix150_p20_c60,c09_pmmix_150_p20_c60_0029,1.0,0.75,w16421,288.4440,288.4440
9,pmmix150_p20_c60,c09_pmmix_150_p20_c60_0029,1.0,0.75,w27931,518.9274,518.9274
9,pmmix150_p20_c60,c09_pmmix_150_p20_c60_0029,1.0,1.0,w8421,144.2220,144.2220
9,pmmix150_p20_c60,c09_pmmix_150_p20_c60_0029,1.0,1.0,w16421,259.8412,259.8412
9,pmmix150_p20_c60,c09_pmmix_150_p20_c60_0029,1.0,1.0,w27931,433.1190,433.1190
9,pmmix150_p20_c60,c09_pmmix_150_p20_c60_0029,2.0,0.5,w8421,230.0304,230.0304
9,pmmix150_p20_c60,c09_pmmix_150_p20_c60_0029,2.0,0.5,w16421,460.0608,460.0608
9,pmmix150_p20_c60,c09_pmmix_150_p20_c60_0029,2.0,0.5,w27931,776.3526,776.3526
9,pmmix150_p20_c60,c09_pmmix_150_p20_c60_0029,2.0,0.75,w8421,144.2220,144.2220
9,pmmix150_p20_c60,c09_pmmix_150_p20_c60_0029,2.0,0.75,w16421,259.8412,259.8412
9,pmmix150_p20_c60,c09_pmmix_150_p20_c60_0029,2.0,0.75,w27931,433.1190,433.1190
9,pmmix150_p20_c60,c09_pmmix_150_p20_c60_0029,2.0,1.0,w8421,144.2220,144.2220
9,pmmix150_p20_c60,c09_pmmix_150_p20_c60_0029,2.0,1.0,w16421,259.8412,259.8412
9,pmmix150_p20_c60,c09_pmmix_150_p20_c60_0029,2.0,1.0,w27931,433.1190,433.1190
12,storm150_a300_c80,c12_storm_150_a300_c80_0000,1.0,0.5,w8421,343.6608,343.6608
12,storm150_a300_c80,c12_storm_150_a300_c80_0000,1.0,0.5,w16421,519.8296,519.8296
12,storm150_a300_c80,c12_storm_150_a300_c80_0000,1.0,0.5,w27931,971.4267,971.4267
12,storm150_a300_c80,c12_storm_150_a300_c80_0000,1.0,0.75,w8421,325.5690,325.5690
12,storm150_a300_c80,c12_storm_150_a300_c80_0000,1.0,0.75,w16421,501.7378,501.7378
12,storm150_a300_c80,c12_storm_150_a300_c80_0000,1.0,0.75,w27931,917.1513,917.1513
12,storm150_a300_c80,c12_storm_150_a300_c80_0000,1.0,1.0,w8421,308.1674,308.1674
12,storm150_a300_c80,c12_storm_150_a300_c80_0000,1.0,1.0,w16421,449.5330,449.5330
12,storm150_a300_c80,c12_storm_150_a300_c80_0000,1.0,1.0,w27931,838.8441,838.8441
12,storm150_a300_c80,c12_storm_150_a300_c80_0000,2.0,0.5,w8421,268.6060,268.6060
12,storm150_a300_c80,c12_storm_150_a300_c80_0000,2.0,0.5,w16421,409.9716,409.9716
12,storm150_a300_c80,c12_storm_150_a300_c80_0000,2.0,0.5,w27931,720.1599,720.1599
12,storm150_a300_c80,c12_storm_150_a300_c80_0000,2.0,0.75,w8421,268.6060,268.6060
12,storm150_a300_c80,c12_storm_150_a300_c80_0000,2.0,0.75,w16421,409.9716,409.9716
12,storm150_a300_c80,c12_storm_150_a300_c80_0000,2.0,0.75,w27931,720.1599,720.1599
12,storm150_a300_c80,c12_storm_150_a300_c80_0000,2.0,1.0,w8421,211.2168,211.2168
12,storm150_a300_c80,c12_storm_150_a300_c80_0000,2.0,1.0,w16421,237.8040,237.8040
12,storm150_a300_c80,c12_storm_150_a300_c80_0000,2.0,1.0,w27931,461.9085,461.9085
12,storm150_a300_c80,c12_storm_150_a300_c80_0001,1.0,0.5,w8421,46.3392,46.3392
12,storm150_a300_c80,c12_storm_150_a300_c80_0001,1.0,0.5,w16421,77.3992,77.3992
12,storm150_a300_c80,c12_storm_150_a300_c80_0001,1.0,0.5,w27931,139.2057,139.2057
12,storm150_a300_c80,c12_storm_150_a300_c80_0001,1.0,0.75,w8421,46.3392,46.3392
12,storm150_a300_c80,c12_storm_150_a300_c80_0001,1.0,0.75,w16421,77.3992,77.3992
12,storm150_a300_c80,c12_storm_150_a300_c80_0001,1.0,0.75,w27931,139.2057,139.2057
12,storm150_a300_c80,c12_storm_150_a300_c80_0001,1.0,1.0,w8421,46.3392,46.3392
12,storm150_a300_c80,c12_storm_150_a300_c80_0001,1.0,1.0,w16421,77.3992,77.3992
12,storm150_a300_c80,c12_storm_150_a300_c80_0001,1.0,1.0,w27931,139.2057,139.2057
12,storm150_a300_c80,c12_storm_150_a300_c80_0001,2.0,0.5,w8421,38.6996,38.6996
12,storm150_a300_c80,c12_storm_150_a300_c80_0001,2.0,0.5,w16421,69.7596,69.7596
12,storm150_a300_c80,c12_storm_150_a300_c80_0001,2.0,0.5,w27931,116.2869,116.2869
12,storm150_a300_c80,c12_storm_150_a300_c80_0001,2.0,0.75,w8421,28.0816,28.0816
12,storm150_a300_c80,c12_storm_150_a300_c80_0001,2.0,0.75,w16421,37.9056,37.9056
12,storm150_a300_c80,c12_storm_150_a300_c80_0001,2.0,0.75,w27931,68.5059,68.5059
12,storm150_a300_c80,c12_storm_150_a300_c80_0001,2.0,1.0,w8421,30.8092,30.8092
12,storm150_a300_c80,c12_storm_150_a300_c80_0001,2.0,1.0,w16421,30.8092,30.8092
12,storm150_a300_c80,c12_storm_150_a300_c80_0001,2.0,1.0,w27931,69.3207,69.3207
12,storm150_a300_c80,c12_storm_150_a300_c80_0002,1.0,0.5,w8421,798.6260,798.6260
12,storm150_a300_c80,c12_storm_150_a300_c80_0002,1.0,0.5,w16421,1215.8940,1215.8940
12,storm150_a300_c80,c12_storm_150_a300_c80_0002,1.0,0.5,w27931,2148.7422,2148.7422
12,storm150_a300_c80,c12_storm_150_a300_c80_0002,1.0,0.75,w8421,798.6260,798.6260
12,storm150_a300_c80,c12_storm_150_a300_c80_0002,1.0,0.75,w16421,1215.8940,1215.8940
12,storm150_a300_c80,c12_storm_150_a300_c80_0002,1.0,0.75,w27931,2148.7422,2148.7422
12,storm150_a300_c80,c12_storm_150_a300_c80_0002,1.0,1.0,w8421,940.2228,940.2228
12,storm150_a300_c80,c12_storm_150_a300_c80_0002,1.0,1.0,w16421,1327.1036,1327.1036
12,storm150_a300_c80,c12_storm_150_a300_c80_0002,1.0,1.0,w27931,2550.7422,2550.7422
12,storm150_a300_c80,c12_storm_150_a300_c80_0002,2.0,0.5,w8421,792.9744,792.9744
12,storm150_a300_c80,c12_storm_150_a300_c80_0002,2.0,0.5,w16421,1198.9392,1198.9392
12,storm150_a300_c80,c12_storm_150_a300_c80_0002,2.0,0.5,w27931,2123.3100,2123.3100
12,storm150_a300_c80,c12_storm_150_a300_c80_0002,2.0,0.75,w8421,681.8188,681.8188
12,storm150_a300_c80,c12_storm_150_a300_c80_0002,2.0,0.75,w16421,1087.7836,1087.7836
12,storm150_a300_c80,c12_storm_150_a300_c80_0002,2.0,0.75,w27931,1789.8432,1789.8432
12,storm150_a300_c80,c12_storm_150_a300_c80_0002,2.0,1.0,w8421,658.5712,658.5712
12,storm150_a300_c80,c12_storm_150_a300_c80_0002,2.0,1.0,w16421,1018.0408,1018.0408
12,storm150_a300_c80,c12_storm_150_a300_c80_0002,2.0,1.0,w27931,1685.2290,1685.2290
12,storm150_a300_c80,c12_storm_150_a300_c80_0003,1.0,0.5,w8421,155.6056,155.6056
12,storm150_a300_c80,c12_storm_150_a300_c80_0003,1.0,0.5,w16421,264.1824,264.1824
12,storm150_a300_c80,c12_storm_150_a300_c80_0003,1.0,0.5,w27931,472.2615,472.2615
12,storm150_a300_c80,c12_storm_150_a300_c80_0003,1.0,0.75,w8421,155.6056,155.6056
12,storm150_a300_c80,c12_storm_150_a300_c80_0003,1.0,0.75,w16421,264.1824,264.1824
12,storm150_a300_c80,c12_storm_150_a300_c80_0003,1.0,0.75,w27931,472.2615,472.2615
12,storm150_a300_c80,c12_storm_150_a300_c80_0003,1.0,1.0,w8421,172.4920,172.4920
12,storm150_a300_c80,c12_storm_150_a300_c80_0003,1.0,1.0,w16421,314.8416,314.8416
12,storm150_a300_c80,c12_storm_150_a300_c80_0003,1.0,1.0,w27931,548.2503,548.2503
12,storm150_a300_c80,c12_storm_150_a300_c80_0003,2.0,0.5,w8421,126.9052,126.9052
12,storm150_a300_c80,c12_storm_150_a300_c80_0003,2.0,0.5,w16421,225.1100,225.1100
12,storm150_a300_c80,c12_storm_150_a300_c80_0003,2.0,0.5,w27931,378.3813,378.3813
12,storm150_a300_c80,c12_storm_150_a300_c80_0003,2.0,0.75,w8421,126.9052,126.9052
12,storm150_a300_c80,c12_storm_150_a300_c80_0003,2.0,0.75,w16421,225.1100,225.1100
12,storm150_a300_c80,c12_storm_150_a300_c80_0003,2.0,0.75,w27931,378.3813,378.3813
12,storm150_a300_c80,c12_storm_150_a300_c80_0003,2.0,1.0,w8421,150.4196,150.4196
12,storm150_a300_c80,c12_storm_150_a300_c80_0003,2.0,1.0,w16421,248.6244,248.6244
12,storm150_a300_c80,c12_storm_150_a300_c80_0003,2.0,1.0,w27931,448.9245,448.9245
12,storm150_a300_c80,c12_storm_150_a300_c80_0004,1.0,0.5,w8421,453.2296,453.2296
12,storm150_a300_c80,c12_storm_150_a300_c80_0004,1.0,0.5,w16421,680.9320,680.9320
12,storm150_a300_c80,c12_storm_150_a300_c80_0004,1.0,0.5,w27931,1275.9318,1275.9318
12,storm150_a300_c80,c12_storm_150_a300_c80_0004,1.0,0.75,w8421,453.2296,453.2296
12,storm150_a300_c80,c12_storm_150_a300_c80_0004,1.0,0.75,w16421,680.9320,680.9320
12,storm150_a300_c80,c12_storm_150_a300_c80_0004,1.0,0.75,w27931,1275.9318,1275.9318
12,storm150_a300_c80,c12_storm_150_a300_c80_0004,1.0,1.0,w8421,410.2216,410.2216
12,storm150_a300_c80,c12_storm_150_a300_c80_0004,1.0,1.0,w16421,551.9080,551.9080
12,storm150_a300_c80,c12_storm_150_a300_c80_0004,1.0,1.0,w27931,1082.3958,1082.3958
12,storm150_a300_c80,c12_storm_150_a300_c80_0004,2.0,0.5,w8421,340.4660,340.4660
12,storm150_a300_c80,c12_storm_150_a300_c80_0004,2.0,0.5,w16421,568.1684,568.1684
12,storm150_a300_c80,c12_storm_150_a300_c80_0004,2.0,0.5,w27931,937.6410,937.6410
12,storm150_a300_c80,c12_storm_150_a300_c80_0004,2.0,0.75,w8421,340.4660,340.4660
12,storm150_a300_c80,c12_storm_150_a300_c80_0004,2.0,0.75,w16421,568.1684,568.1684
12,storm150_a300_c80,c12_storm_150_a300_c80_0004,2.0,0.75,w27931,937.6410,937.6410
12,storm150_a300_c80,c12_storm_150_a300_c80_0004,2.0,1.0,w8421,297.4580,297.4580
12,storm150_a300_c80,c12_storm_150_a300_c80_0004,2.0,1.0,w16421,439.1444,439.1444
12,storm150_a300_c80,c12_storm_150_a300_c80_0004,2.0,1.0,w27931,744.1050,744.1050
12,storm150_a300_c80,c12_storm_150_a300_c80_0005,1.0,0.5,w8421,462.5624,462.5624
12,storm150_a300_c80,c12_storm_150_a300_c80_0005,1.0,0.5,w16421,769.7776,769.7776
12,storm150_a300_c80,c12_storm_150_a300_c80_0005,1.0,0.5,w27931,1299.9087,1299.9087
12,storm150_a300_c80,c12_storm_150_a300_c80_0005,1.0,0.75,w8421,451.7608,451.7608
12,storm150_a300_c80,c12_storm_150_a300_c80_0005,1.0,0.75,w16421,737.3728,737.3728
12,storm150_a300_c80,c12_storm_150_a300_c80_0005,1.0,0.75,w27931,1251.3015,1251.3015
12,storm150_a300_c80,c12_storm_150_a300_c80_0005,1.0,1.0,w8421,435.8184,435.8184
12,storm150_a300_c80,c12_storm_150_a300_c80_0005,1.0,1.0,w16421,689.5456,689.5456
12,storm150_a300_c80,c12_storm_150_a300_c80_0005,1.0,1.0,w27931,1179.5607,1179.5607
12,storm150_a300_c80,c12_storm_150_a300_c80_0005,2.0,0.5,w8421,403.1656,403.1656
12,storm150_a300_c80,c12_storm_150_a300_c80_0005,2.0,0.5,w16421,688.7776,688.7776
12,storm150_a300_c80,c12_storm_150_a300_c80_0005,2.0,0.5,w27931,1154.1111,1154.1111
12,storm150_a300_c80,c12_storm_150_a300_c80_0005,2.0,0.75,w8421,403.1656,403.1656
12,storm150_a300_c80,c12_storm_150_a300_c80_0005,2.0,0.75,w16421,688.7776,688.7776
12,storm150_a300_c80,c12_storm_150_a300_c80_0005,2.0,0.75,w27931,1154.1111,1154.1111
12,storm150_a300_c80,c12_storm_150_a300_c80_0005,2.0,1.0,w8421,363.2552,363.2552
12,storm150_a300_c80,c12_storm_150_a300_c80_0005,2.0,1.0,w16421,569.0464,569.0464
12,storm150_a300_c80,c12_storm_150_a300_c80_0005,2.0,1.0,w27931,974.5143,974.5143
12,storm150_a300_c80,c12_storm_150_a300_c80_0006,1.0,0.5,w8421,1027.9760,1027.9760
12,storm150_a300_c80,c12_storm_150_a300_c80_0006,1.0,0.5,w16421,1404.2368,1404.2368
12,storm150_a300_c80,c12_storm_150_a300_c80_0006,1.0,0.5,w27931,2736.2394,2736.2394
12,storm150_a300_c80,c12_storm_150_a300_c80_0006,1.0,0.75,w8421,1359.4352,1359.4352
12,storm150_a300_c80,c12_storm_150_a300_c80_0006,1.0,0.75,w16421,2398.6144,2398.6144
12,storm150_a300_c80,c12_storm_150_a300_c80_0006,1.0,0.75,w27931,4227.8058,4227.8058
12,storm150_a300_c80,c12_storm_150_a300_c80_0006,1.0,1.0,w8421,1359.4352,1359.4352
12,storm150_a300_c80,c12_storm_150_a300_c80_0006,1.0,1.0,w16421,2398.6144,2398.6144
12,storm150_a300_c80,c12_storm_150_a300_c80_0006,1.0,1.0,w27931,4227.8058,4227.8058
12,storm150_a300_c80,c12_storm_150_a300_c80_0006,2.0,0.5,w8421,867.8480,867.8480
12,storm150_a300_c80,c12_storm_150_a300_c80_0006,2.0,0.5,w16421,1244.1088,1244.1088
12,storm150_a300_c80,c12_storm_150_a300_c80_0006,2.0,0.5,w27931,2255.8554,2255.8554
12,storm150_a300_c80,c12_storm_150_a300_c80_0006,2.0,0.75,w8421,867.8480,867.8480
12,storm150_a300_c80,c12_storm_150_a300_c80_0006,2.0,0.75,w16421,1244.1088,1244.1088
12,storm150_a300_c80,c12_storm_150_a300_c80_0006,2.0,0.75,w27931,2255.8554,2255.8554
12,storm150_a300_c80,c12_storm_150_a300_c80_0006,2.0,1.0,w8421,1199.3072,1199.3072
12,storm150_a300_c80,c12_storm_150_a300_c80_0006,2.0,1.0,w16421,2238.4864,2238.4864
12,storm150_a300_c80,c12_storm_150_a300_c80_0006,2.0,1.0,w27931,3747.4218,3747.4218
12,storm150_a300_c80,c12_storm_150_a300_c80_0007,1.0,0.5,w8421,236.1492,236.1492
12,storm150_a300_c80,c12_storm_150_a300_c80_0007,1.0,0.5,w16421,262.8980,262.8980
12,storm150_a300_c80,c12_storm_150_a300_c80_0007,1.0,0.5,w27931,527.2605,527.2605
12,storm150_a300_c80,c12_storm_150_a300_c80_0007,1.0,0.75,w8421,236.1492,236.1492
12,storm150_a300_c80,c12_storm_150_a300_c80_0007,1.0,0.75,w16421,262.8980,262.8980
12,storm150_a300_c80,c12_storm_150_a300_c80_0007,1.0,0.75,w27931,527.2605,527.2605
12,storm150_a300_c80,c12_storm_150_a300_c80_0007,1.0,1.0,w8421,210.7204,210.7204
12,storm150_a300_c80,c12_storm_150_a300_c80_0007,1.0,1.0,w16421,237.4692,237.4692
12,storm150_a300_c80,c12_storm_150_a300_c80_0007,1.0,1.0,w27931,450.9741,450.9741
12,storm150_a300_c80,c12_storm_150_a300_c80_0007,2.0,0.5,w8421,228.9016,228.9016
12,storm150_a300_c80,c12_storm_150_a300_c80_0007,2.0,0.5,w16421,241.1552,241.1552
12,storm150_a300_c80,c12_storm_150_a300_c80_0007,2.0,0.5,w27931,494.6463,494.6463
12,storm150_a300_c80,c12_storm_150_a300_c80_0007,2.0,0.75,w8421,143.3582,143.3582
12,storm150_a300_c80,c12_storm_150_a300_c80_0007,2.0,0.75,w16421,155.6118,155.6118
12,storm150_a300_c80,c12_storm_150_a300_c80_0007,2.0,0.75,w27931,238.0161,238.0161
12,storm150_a300_c80,c12_storm_150_a300_c80_0007,2.0,1.0,w8421,177.0340,177.0340
12,storm150_a300_c80,c12_storm_150_a300_c80_0007,2.0,1.0,w16421,189.2876,189.2876
12,storm150_a300_c80,c12_storm_150_a300_c80_0007,2.0,1.0,w27931,365.4823,365.4823
12,storm150_a300_c80,c12_storm_150_a300_c80_0008,1.0,0.5,w8421,282.8240,282.8240
12,storm150_a300_c80,c12_storm_150_a300_c80_0008,1.0,0.5,w16421,565.6480,565.6480
12,storm150_a300_c80,c12_storm_150_a300_c80_0008,1.0,0.5,w27931,954.5310,954.5310
12,storm150_a300_c80,c12_storm_150_a300_c80_0008,1.0,0.75,w8421,149.0312,149.0312
12,storm150_a300_c80,c12_storm_150_a300_c80_0008,1.0,0.75,w16421,164.2696,164.2696
12,storm150_a300_c80,c12_storm_150_a300_c80_0008,1.0,0.75,w27931,352.4634,352.4634
12,storm150_a300_c80,c12_storm_150_a300_c80_0008,1.0,1.0,w8421,149.0312,149.0312
12,storm150_a300_c80,c12_storm_150_a300_c80_0008,1.0,1.0,w16421,164.2696,164.2696
12,storm150_a300_c80,c12_storm_150_a300_c80_0008,1.0,1.0,w27931,352.4634,352.4634
12,storm150_a300_c80,c12_storm_150_a300_c80_0008,2.0,0.5,w8421,149.0312,149.0312
12,storm150_a300_c80,c12_storm_150_a300_c80_0008,2.0,0.5,w16421,164.2696,164.2696
12,storm150_a300_c80,c12_storm_150_a300_c80_0008,2.0,0.5,w27931,352.4634,352.4634
12,storm150_a300_c80,c12_storm_150_a300_c80_0008,2.0,0.75,w8421,149.0312,149.0312
12,storm150_a300_c80,c12_storm_150_a300_c80_0008,2.0,0.75,w16421,164.2696,164.2696
12,storm150_a300_c80,c12_storm_150_a300_c80_0008,2.0,0.75,w27931,352.4634,352.4634
12,storm150_a300_c80,c12_storm_150_a300_c80_0008,2.0,1.0,w8421,76.1508,76.1508
12,storm150_a300_c80,c12_storm_150_a300_c80_0008,2.0,1.0,w16421,79.4212,79.4212
12,storm150_a300_c80,c12_storm_150_a300_c80_0008,2.0,1.0,w27931,124.8462,124.8462
12,storm150_a300_c80,c12_storm_150_a300_c80_0009,1.0,0.5,w8421,70.5040,70.5040
12,storm150_a300_c80,c12_storm_150_a300_c80_0009,1.0,0.5,w16421,80.6104,80.6104
12,storm150_a300_c80,c12_storm_150_a300_c80_0009,1.0,0.5,w27931,119.2731,119.2731
12,storm150_a300_c80,c12_storm_150_a300_c80_0009,1.0,0.75,w8421,81.3688,81.3688
12,storm150_a300_c80,c12_storm_150_a300_c80_0009,1.0,0.75,w16421,91.4752,91.4752
12,storm150_a300_c80,c12_storm_150_a300_c80_0009,1.0,0.75,w27931,141.0027,141.0027
12,storm150_a300_c80,c12_storm_150_a300_c80_0009,1.0,1.0,w8421,81.3688,81.3688
12,storm150_a300_c80,c12_storm_150_a300_c80_0009,1.0,1.0,w16421,91.4752,91.4752
12,storm150_a300_c80,c12_storm_150_a300_c80_0009,1.0,1.0,w27931,141.0027,141.0027
12,storm150_a300_c80,c12_storm_150_a300_c80_0009,2.0,0.5,w8421,45.7376,45.7376
12,storm150_a300_c80,c12_storm_150_a300_c80_0009,2.0,0.5,w16421,55.8440,55.8440
12,storm150_a300_c80,c12_storm_150_a300_c80_0009,2.0,0.5,w27931,69.7403,69.7403
12,storm150_a300_c80,c12_storm_150_a300_c80_0009,2.0,0.75,w8421,51.5492,51.5492
12,storm150_a300_c80,c12_storm_150_a300_c80_0009,2.0,0.75,w16421,51.5492,51.5492
12,storm150_a300_c80,c12_storm_150_a300_c80_0009,2.0,0.75,w27931,68.7305,68.7305
12,storm150_a300_c80,c12_storm_150_a300_c80_0009,2.0,1.0,w8421,98.0452,98.0452
12,storm150_a300_c80,c12_storm_150_a300_c80_0009,2.0,1.0,w16421,98.0452,98.0452
12,storm150_a300_c80,c12_storm_150_a300_c80_0009,2.0,1.0,w27931,183.4521,183.4521
12,storm150_a300_c80,c12_storm_150_a300_c80_0010,1.0,0.5,w8421,466.3654,466.3654
12,storm150_a300_c80,c12_storm_150_a300_c80_0010,1.0,0.5,w16421,842.1174,842.1174
12,storm150_a300_c80,c12_storm_150_a300_c80_0010,1.0,0.5,w27931,1411.3683,1411.3683
12,storm150_a300_c80,c12_storm_150_a300_c80_0010,1.0,0.75,w8421,538.1942,538.1942
12,storm150_a300_c80,c12_storm_150_a300_c80_0010,1.0,0.75,w16421,913.9462,913.9462
12,storm150_a300_c80,c12_storm_150_a300_c80_0010,1.0,0.75,w27931,1626.8547,1626.8547
12,storm150_a300_c80,c12_storm_150_a300_c80_0010,1.0,1.0,w8421,360.0318,360.0318
12,storm150_a300_c80,c12_storm_150_a300_c80_0010,1.0,1.0,w16421,379.4590,379.4590
12,storm150_a300_c80,c12_storm_150_a300_c80_0010,1.0,1.0,w27931,825.1239,825.1239
12,storm150_a300_c80,c12_storm_150_a300_c80_0010,2.0,0.5,w8421,371.4631,371.4631
12,storm150_a300_c80,c12_storm_150_a300_c80_0010,2.0,0.5,w16421,566.4815,566.4815
12,storm150_a300_c80,c12_storm_150_a300_c80_0010,2.0,0.5,w27931,995.6467,995.6467
12,storm150_a300_c80,c12_storm_150_a300_c80_0010,2.0,0.75,w8421,371.4631,371.4631
12,storm150_a300_c80,c12_storm_150_a300_c80_0010,2.0,0.75,w16421,566.4815,566.4815
12,storm150_a300_c80,c12_storm_150_a300_c80_0010,2.0,0.75,w27931,995.6467,995.6467
12,storm150_a300_c80,c12_storm_150_a300_c80_0010,2.0,1.0,w8421,228.7705,228.7705
12,storm150_a300_c80,c12_storm_150_a300_c80_0010,2.0,1.0,w16421,228.7705,228.7705
12,storm150_a300_c80,c12_storm_150_a300_c80_0010,2.0,1.0,w27931,421.3051,421.3051
12,storm150_a300_c80,c12_storm_150_a300_c80_0011,1.0,0.5,w8421,335.3692,335.3692
12,storm150_a300_c80,c12_storm_150_a300_c80_0011,1.0,0.5,w16421,637.2452,637.2452
12,storm150_a300_c80,c12_storm_150_a300_c80_0011,1.0,0.5,w27931,1094.1912,1094.1912
12,storm150_a300_c80,c12_storm_150_a300_c80_0011,1.0,0.75,w8421,335.3692,335.3692
12,storm150_a300_c80,c12_storm_150_a300_c80_0011,1.0,0.75,w16421,637.2452,637.2452
12,storm150_a300_c80,c12_storm_150_a300_c80_0011,1.0,0.75,w27931,1094.1912,1094.1912
12,storm150_a300_c80,c12_storm_150_a300_c80_0011,1.0,1.0,w8421,317.3360,317.3360
12,storm150_a300_c80,c12_storm_150_a300_c80_0011,1.0,1.0,w16421,583.1456,583.1456
12,storm150_a300_c80,c12_storm_150_a300_c80_0011,1.0,1.0,w27931,1013.0418,1013.0418
12,storm150_a300_c80,c12_storm_150_a300_c80_0011,2.0,0.5,w8421,318.6226,318.6226
12,storm150_a300_c80,c12_storm_150_a300_c80_0011,2.0,0.5,w16421,620.4986,620.4986
12,storm150_a300_c80,c12_storm_150_a300_c80_0011,2.0,0.5,w27931,1043.9514,1043.9514
12,storm150_a300_c80,c12_storm_150_a300_c80_0011,2.0,0.75,w8421,318.6226,318.6226
12,storm150_a300_c80,c12_storm_150_a300_c80_0011,2.0,0.75,w16421,620.4986,620.4986
12,storm150_a300_c80,c12_storm_150_a300_c80_0011,2.0,0.75,w27931,1043.9514,1043.9514
12,storm150_a300_c80,c12_storm_150_a300_c80_0011,2.0,1.0,w8421,317.3360,317.3360
12,storm150_a300_c80,c12_storm_150_a300_c80_0011,2.0,1.0,w16421,583.1456,583.1456
12,storm150_a300_c80,c12_storm_150_a300_c80_0011,2.0,1.0,w27931,1013.0418,1013.0418
12,storm150_a300_c80,c12_storm_150_a300_c80_0012,1.0,0.5,w8421,94.7668,94.7668
12,storm150_a300_c80,c12_storm_150_a300_c80_0012,1.0,0.5,w16421,144.0844,144.0844
12,storm150_a300_c80,c12_storm_150_a300_c80_0012,1.0,0.5,w27931,268.7076,268.7076
12,storm150_a300_c80,c12_storm_150_a300_c80_0012,1.0,0.75,w8421,94.7668,94.7668
12,storm150_a300_c80,c12_storm_150_a300_c80_0012,1.0,0.75,w16421,144.0844,144.0844
12,storm150_a300_c80,c12_storm_150_a300_c80_0012,1.0,0.75,w27931,268.7076,268.7076
12,storm150_a300_c80,c12_storm_150_a300_c80_0012,1.0,1.0,w8421,86.6296,86.6296
12,storm150_a300_c80,c12_storm_150_a300_c80_0012,1.0,1.0,w16421,119.6728,119.6728
12,storm150_a300_c80,c12_storm_150_a300_c80_0012,1.0,1.0,w27931,232.0902,232.0902
12,storm150_a300_c80,c12_storm_150_a300_c80_0012,2.0,0.5,w8421,94.7668,94.7668
12,storm150_a300_c80,c12_storm_150_a300_c80_0012,2.0,0.5,w16421,144.0844,144.0844
12,storm150_a300_c80,c12_storm_150_a300_c80_0012,2.0,0.5,w27931,268.7076,268.7076
12,storm150_a300_c80,c12_storm_150_a300_c80_0012,2.0,0.75,w8421,88.4164,88.4164
12,storm150_a300_c80,c12_storm_150_a300_c80_0012,2.0,0.75,w16421,125.0332,125.0332
12,storm150_a300_c80,c12_storm_150_a300_c80_0012,2.0,0.75,w27931,240.1308,240.1308
12,storm150_a300_c80,c12_storm_150_a300_c80_0012,2.0,1.0,w8421,70.1080,70.1080
12,storm150_a300_c80,c12_storm_150_a300_c80_0012,2.0,1.0,w16421,70.1080,70.1080
12,storm150_a300_c80,c12_storm_150_a300_c80_0012,2.0,1.0,w27931,157.7430,157.7430
12,storm150_a300_c80,c12_storm_150_a300_c80_0013,1.0,0.5,w8421,49.3560,49.3560
12,storm150_a300_c80,c12_storm_150_a300_c80_0013,1.0,0.5,w16421,98.7120,98.7120
12,storm150_a300_c80,c12_storm_150_a300_c80_0013,1.0,0.5,w27931,166.5765,166.5765
12,storm150_a300_c80,c12_storm_150_a300_c80_0013,1.0,0.75,w8421,49.3560,49.3560
12,storm150_a300_c80,c12_storm_150_a300_c80_0013,1.0,0.75,w16421,98.7120,98.7120
12,storm150_a300_c80,c12_storm_150_a300_c80_0013,1.0,0.75,w27931,166.5765,166.5765
12,storm150_a300_c80,c12_storm_150_a300_c80_0013,1.0,1.0,w8421,49.3560,49.3560
12,storm150_a300_c80,c12_storm_150_a300_c80_0013,1.0,1.0,w16421,98.7120,98.7120
12,storm150_a300_c80,c12_storm_150_a300_c80_0013,1.0,1.0,w27931,166.5765,166.5765
12,storm150_a300_c80,c12_storm_150_a300_c80_0013,2.0,0.5,w8421,49.3560,49.3560
12,storm150_a300_c80,c12_storm_150_a300_c80_0013,2.0,0.5,w16421,98.7120,98.7120
12,storm150_a300_c80,c12_storm_150_a300_c80_0013,2.0,0.5,w27931,166.5765,166.5765
12,storm150_a300_c80,c12_storm_150_a300_c80_0013,2.0,0.75,w8421,49.3560,49.3560
12,storm150_a300_c80,c12_storm_150_a300_c80_0013,2.0,0.75,w16421,98.7120,98.7120
12,storm150_a300_c80,c12_storm_150_a300_c80_0013,2.0,0.75,w27931,166.5765,166.5765
12,storm150_a300_c80,c12_storm_150_a300_c80_0013,2.0,1.0,w8421,24.6780,24.6780
12,storm150_a300_c80,c12_storm_150_a300_c80_0013,2.0,1.0,w16421,24.6780,24.6780
12,storm150_a300_c80,c12_storm_150_a300_c80_0013,2.0,1.0,w27931,55.5255,55.5255
12,storm150_a300_c80,c12_storm_150_a300_c80_0014,1.0,0.5,w8421,222.6072,222.6072
12,storm150_a300_c80,c12_storm_150_a300_c80_0014,1.0,0.5,w16421,431.0888,431.0888
12,storm150_a300_c80,c12_storm_150_a300_c80_0014,1.0,0.5,w27931,735.4080,735.4080
12,storm150_a300_c80,c12_storm_150_a300_c80_0014,1.0,0.75,w8421,222.6072,222.6072
12,storm150_a300_c80,c12_storm_150_a300_c80_0014,1.0,0.75,w16421,431.0888,431.0888
12,storm150_a300_c80,c12_storm_150_a300_c80_0014,1.0,0.75,w27931,735.4080,735.4080
12,storm150_a300_c80,c12_storm_150_a300_c80_0014,1.0,1.0,w8421,135.8628,135.8628
12,storm150_a300_c80,c12_storm_150_a300_c80_0014,1.0,1.0,w16421,170.8556,170.8556
12,storm150_a300_c80,c12_storm_150_a300_c80_0014,1.0,1.0,w27931,345.0582,345.0582
12,storm150_a300_c80,c12_storm_150_a300_c80_0014,2.0,0.5,w8421,222.6072,222.6072
12,storm150_a300_c80,c12_storm_150_a300_c80_0014,2.0,0.5,w16421,431.0888,431.0888
12,storm150_a300_c80,c12_storm_150_a300_c80_0014,2.0,0.5,w27931,735.4080,735.4080
12,storm150_a300_c80,c12_storm_150_a300_c80_0014,2.0,0.75,w8421,222.6072,222.6072
12,storm150_a300_c80,c12_storm_150_a300_c80_0014,2.0,0.75,w16421,431.0888,431.0888
12,storm150_a300_c80,c12_storm_150_a300_c80_0014,2.0,0.75,w27931,735.4080,735.4080
12,storm150_a300_c80,c12_storm_150_a300_c80_0014,2.0,1.0,w8421,92.4906,92.4906
12,storm150_a300_c80,c12_storm_150_a300_c80_0014,2.0,1.0,w16421,127.4834,127.4834
12,storm150_a300_c80,c12_storm_150_a300_c80_0014,2.0,1.0,w27931,214.9416,214.9416
12,storm150_a300_c80,c12_storm_150_a300_c80_0015,1.0,0.5,w8421,458.9556,458.9556
12,storm150_a300_c80,c12_storm_150_a300_c80_0015,1.0,0.5,w16421,740.2844,740.2844
12,storm150_a300_c80,c12_storm_150_a300_c80_0015,1.0,0.5,w27931,1349.1450,1349.1450
12,storm150_a300_c80,c12_storm_150_a300_c80_0015,1.0,0.75,w8421,458.9556,458.9556
12,storm150_a300_c80,c12_storm_150_a300_c80_0015,1.0,0.75,w16421,740.2844,740.2844
12,storm150_a300_c80,c12_storm_150_a300_c80_0015,1.0,0.75,w27931,1349.1450,1349.1450
12,storm150_a300_c80,c12_storm_150_a300_c80_0015,1.0,1.0,w8421,369.1288,369.1288
12,storm150_a300_c80,c12_storm_150_a300_c80_0015,1.0,1.0,w16421,594.4624,594.4624
12,storm150_a300_c80,c12_storm_150_a300_c80_0015,1.0,1.0,w27931,1037.6682,1037.6682
12,storm150_a300_c80,c12_storm_150_a300_c80_0015,2.0,0.5,w8421,431.9714,431.9714
12,storm150_a300_c80,c12_storm_150_a300_c80_0015,2.0,0.5,w16421,713.3002,713.3002
12,storm150_a300_c80,c12_storm_150_a300_c80_0015,2.0,0.5,w27931,1268.1924,1268.1924
12,storm150_a300_c80,c12_storm_150_a300_c80_0015,2.0,0.75,w8421,431.9714,431.9714
12,storm150_a300_c80,c12_storm_150_a300_c80_0015,2.0,0.75,w16421,713.3002,713.3002
12,storm150_a300_c80,c12_storm_150_a300_c80_0015,2.0,0.75,w27931,1268.1924,1268.1924
12,storm150_a300_c80,c12_storm_150_a300_c80_0015,2.0,1.0,w8421,331.9058,331.9058
12,storm150_a300_c80,c12_storm_150_a300_c80_0015,2.0,1.0,w16421,544.6226,544.6226
12,storm150_a300_c80,c12_storm_150_a300_c80_0015,2.0,1.0,w27931,947.4512,947.4512
12,storm150_a300_c80,c12_storm_150_a300_c80_0016,1.0,0.5,w8421,358.1552,358.1552
12,storm150_a300_c80,c12_storm_150_a300_c80_0016,1.0,0.5,w16421,464.5136,464.5136
12,storm150_a300_c80,c12_storm_150_a300_c80_0016,1.0,0.5,w27931,925.5024,925.5024
12,storm150_a300_c80,c12_storm_150_a300_c80_0016,1.0,0.75,w8421,420.8080,420.8080
12,storm150_a300_c80,c12_storm_150_a300_c80_0016,1.0,0.75,w16421,652.4720,652.4720
12,storm150_a300_c80,c12_storm_150_a300_c80_0016,1.0,0.75,w27931,1207.4400,1207.4400
12,storm150_a300_c80,c12_storm_150_a300_c80_0016,1.0,1.0,w8421,423.4532,423.4532
12,storm150_a300_c80,c12_storm_150_a300_c80_0016,1.0,1.0,w16421,660.4076,660.4076
12,storm150_a300_c80,c12_storm_150_a300_c80_0016,1.0,1.0,w27931,1219.3434,1219.3434
12,storm150_a300_c80,c12_storm_150_a300_c80_0016,2.0,0.5,w8421,292.1772,292.1772
12,storm150_a300_c80,c12_storm_150_a300_c80_0016,2.0,0.5,w16421,398.5356,398.5356
12,storm150_a300_c80,c12_storm_150_a300_c80_0016,2.0,0.5,w27931,727.5684,727.5684
12,storm150_a300_c80,c12_storm_150_a300_c80_0016,2.0,0.75,w8421,292.1772,292.1772
12,storm150_a300_c80,c12_storm_150_a300_c80_0016,2.0,0.75,w16421,398.5356,398.5356
12,storm150_a300_c80,c12_storm_150_a300_c80_0016,2.0,0.75,w27931,727.5684,727.5684
12,storm150_a300_c80,c12_storm_150_a300_c80_0016,2.0,1.0,w8421,411.7788,411.7788
12,storm150_a300_c80,c12_storm_150_a300_c80_0016,2.0,1.0,w16421,625.3844,625.3844
12,storm150_a300_c80,c12_storm_150_a300_c80_0016,2.0,1.0,w27931,1166.8086,1166.8086
12,storm150_a300_c80,c12_storm_150_a300_c80_0017,1.0,0.5,w8421,190.4632,190.4632
12,storm150_a300_c80,c12_storm_150_a300_c80_0017,1.0,0.5,w16421,227.5104,227.5104
12,storm150_a300_c80,c12_storm_150_a300_c80_0017,1.0,0.5,w27931,470.2203,470.2203
12,storm150_a300_c80,c12_storm_150_a300_c80_0017,1.0,0.75,w8421,190.4632,190.4632
12,storm150_a300_c80,c12_storm_150_a300_c80_0017,1.0,0.75,w16421,227.5104,227.5104
12,storm150_a300_c80,c12_storm_150_a300_c80_0017,1.0,0.75,w27931,470.2203,470.2203
12,storm150_a300_c80,c12_storm_150_a300_c80_0017,1.0,1.0,w8421,190.4632,190.4632
12,storm150_a300_c80,c12_storm_150_a300_c80_0017,1.0,1.0,w16421,227.5104,227.5104
12,storm150_a300_c80,c12_storm_150_a300_c80_0017,1.0,1.0,w27931,470.2203,470.2203
12,storm150_a300_c80,c12_storm_150_a300_c80_0017,2.0,0.5,w8421,113.7552,113.7552
12,storm150_a300_c80,c12_storm_150_a300_c80_0017,2.0,0.5,w16421,150.8024,150.8024
12,storm150_a300_c80,c12_storm_150_a300_c80_0017,2.0,0.5,w27931,240.0963,240.0963
12,storm150_a300_c80,c12_storm_150_a300_c80_0017,2.0,0.75,w8421,113.7552,113.7552
12,storm150_a300_c80,c12_storm_150_a300_c80_0017,2.0,0.75,w16421,150.8024,150.8024
12,storm150_a300_c80,c12_storm_150_a300_c80_0017,2.0,0.75,w27931,240.0963,240.0963
12,storm150_a300_c80,c12_storm_150_a300_c80_0017,2.0,1.0,w8421,113.7552,113.7552
12,storm150_a300_c80,c12_storm_150_a300_c80_0017,2.0,1.0,w16421,150.8024,150.8024
12,storm150_a300_c80,c12_storm_150_a300_c80_0017,2.0,1.0,w27931,240.0963,240.0963
12,storm150_a300_c80,c12_storm_150_a300_c80_0018,1.0,0.5,w8421,94.5372,94.5372
12,storm150_a300_c80,c12_storm_150_a300_c80_0018,1.0,0.5,w16421,145.8580,145.8580
12,storm150_a300_c80,c12_storm_150_a300_c80_0018,1.0,0.5,w27931,270.4446,270.4446
12,storm150_a300_c80,c12_storm_150_a300_c80_0018,1.0,0.75,w8421,90.2104,90.2104
12,storm150_a300_c80,c12_storm_150_a300_c80_0018,1.0,0.75,w16421,158.4872,158.4872
12,storm150_a300_c80,c12_storm_150_a300_c80_0018,1.0,0.75,w27931,270.1812,270.1812
12,storm150_a300_c80,c12_storm_150_a300_c80_0018,1.0,1.0,w8421,99.3392,99.3392
12,storm150_a300_c80,c12_storm_150_a300_c80_0018,1.0,1.0,w16421,185.8736,185.8736
12,storm150_a300_c80,c12_storm_150_a300_c80_0018,1.0,1.0,w27931,311.2608,311.2608
12,storm150_a300_c80,c12_storm_150_a300_c80_0018,2.0,0.5,w8421,85.6460,85.6460
12,storm150_a300_c80,c12_storm_150_a300_c80_0018,2.0,0.5,w16421,153.9228,153.9228
12,storm150_a300_c80,c12_storm_150_a300_c80_0018,2.0,0.5,w27931,256.4880,256.4880
12,storm150_a300_c80,c12_storm_150_a300_c80_0018,2.0,0.75,w8421,85.6460,85.6460
12,storm150_a300_c80,c12_storm_150_a300_c80_0018,2.0,0.75,w16421,153.9228,153.9228
12,storm150_a300_c80,c12_storm_150_a300_c80_0018,2.0,0.75,w27931,256.4880,256.4880
12,storm150_a300_c80,c12_storm_150_a300_c80_0018,2.0,1.0,w8421,83.8080,83.8080
12,storm150_a300_c80,c12_storm_150_a300_c80_0018,2.0,1.0,w16421,152.0848,152.0848
12,storm150_a300_c80,c12_storm_150_a300_c80_0018,2.0,1.0,w27931,257.3764,257.3764
12,storm150_a300_c80,c12_storm_150_a300_c80_0019,1.0,0.5,w8421,157.0660,157.0660
12,storm150_a300_c80,c12_storm_150_a300_c80_0019,1.0,0.5,w16421,228.8220,228.8220
12,storm150_a300_c80,c12_storm_150_a300_c80_0019,1.0,0.5,w27931,434.1240,434.1240
12,storm150_a300_c80,c12_storm_150_a300_c80_0019,1.0,0.75,w8421,157.0660,157.0660
12,storm150_a300_c80,c12_storm_150_a300_c80_0019,1.0,0.75,w16421,228.8220,228.8220
12,storm150_a300_c80,c12_storm_150_a300_c80_0019,1.0,0.75,w27931,434.1240,434.1240
12,storm150_a300_c80,c12_storm_150_a300_c80_0019,1.0,1.0,w8421,151.4440,151.4440
12,storm150_a300_c80,c12_storm_150_a300_c80_0019,1.0,1.0,w16421,211.9560,211.9560
12,storm150_a300_c80,c12_storm_150_a300_c80_0019,1.0,1.0,w27931,408.8250,408.8250
12,storm150_a300_c80,c12_storm_150_a300_c80_0019,2.0,0.5,w8421,99.3558,99.3558
12,storm150_a300_c80,c12_storm_150_a300_c80_0019,2.0,0.5,w16421,141.0014,141.0014
12,storm150_a300_c80,c12_storm_150_a300_c80_0019,2.0,0.5,w27931,238.4106,238.4106
12,storm150_a300_c80,c12_storm_150_a300_c80_0019,2.0,0.75,w8421,104.0724,104.0724
12,storm150_a300_c80,c12_storm_150_a300_c80_0019,2.0,0.75,w16421,145.7180,145.7180
12,storm150_a300_c80,c12_storm_150_a300_c80_0019,2.0,0.75,w27931,252.5604,252.5604
12,storm150_a300_c80,c12_storm_150_a300_c80_0019,2.0,1.0,w8421,104.0724,104.0724
12,storm150_a300_c80,c12_storm_150_a300_c80_0019,2.0,1.0,w16421,145.7180,145.7180
12,storm150_a300_c80,c12_storm_150_a300_c80_0019,2.0,1.0,w27931,252.5604,252.5604
12,storm150_a300_c80,c12_storm_150_a300_c80_0020,1.0,0.5,w8421,106.4678,106.4678
12,storm150_a300_c80,c12_storm_150_a300_c80_0020,1.0,0.5,w16421,197.3462,197.3462
12,storm150_a300_c80,c12_storm_150_a300_c80_0020,1.0,0.5,w27931,330.0987,330.0987
12,storm150_a300_c80,c12_storm_150_a300_c80_0020,1.0,0.75,w8421,106.4678,106.4678
12,storm150_a300_c80,c12_storm_150_a300_c80_0020,1.0,0.75,w16421,197.3462,197.3462
12,storm150_a300_c80,c12_storm_150_a300_c80_0020,1.0,0.75,w27931,330.0987,330.0987
12,storm150_a300_c80,c12_storm_150_a300_c80_0020,1.0,1.0,w8421,92.0906,92.0906
12,storm150_a300_c80,c12_storm_150_a300_c80_0020,1.0,1.0,w16421,154.2146,154.2146
12,storm150_a300_c80,c12_storm_150_a300_c80_0020,1.0,1.0,w27931,265.4013,265.4013
12,storm150_a300_c80,c12_storm_150_a300_c80_0020,2.0,0.5,w8421,98.6731,98.6731
12,storm150_a300_c80,c12_storm_150_a300_c80_0020,2.0,0.5,w16421,189.5515,189.5515
12,storm150_a300_c80,c12_storm_150_a300_c80_0020,2.0,0.5,w27931,314.5093,314.5093
12,storm150_a300_c80,c12_storm_150_a300_c80_0020,2.0,0.75,w8421,98.6731,98.6731
12,storm150_a300_c80,c12_storm_150_a300_c80_0020,2.0,0.75,w16421,189.5515,189.5515
12,storm150_a300_c80,c12_storm_150_a300_c80_0020,2.0,0.75,w27931,314.5093,314.5093
12,storm150_a300_c80,c12_storm_150_a300_c80_0020,2.0,1.0,w8421,70.5171,70.5171
12,storm150_a300_c80,c12_storm_150_a300_c80_0020,2.0,1.0,w16421,105.0835,105.0835
12,storm150_a300_c80,c12_storm_150_a300_c80_0020,2.0,1.0,w27931,187.8073,187.8073
12,storm150_a300_c80,c12_storm_150_a300_c80_0021,1.0,0.5,w8421,142.0204,142.0204
12,storm150_a300_c80,c12_storm_150_a300_c80_0021,1.0,0.5,w16421,195.7772,195.7772
12,storm150_a300_c80,c12_storm_150_a300_c80_0021,1.0,0.5,w27931,363.7251,363.7251
12,storm150_a300_c80,c12_storm_150_a300_c80_0021,1.0,0.75,w8421,142.0204,142.0204
12,storm150_a300_c80,c12_storm_150_a300_c80_0021,1.0,0.75,w16421,195.7772,195.7772
12,storm150_a300_c80,c12_storm_150_a300_c80_0021,1.0,0.75,w27931,363.7251,363.7251
12,storm150_a300_c80,c12_storm_150_a300_c80_0021,1.0,1.0,w8421,141.7728,141.7728
12,storm150_a300_c80,c12_storm_150_a300_c80_0021,1.0,1.0,w16421,216.7640,216.7640
12,storm150_a300_c80,c12_storm_150_a300_c80_0021,1.0,1.0,w27931,389.7729,389.7729
12,storm150_a300_c80,c12_storm_150_a300_c80_0021,2.0,0.5,w8421,108.7534,108.7534
12,storm150_a300_c80,c12_storm_150_a300_c80_0021,2.0,0.5,w16421,162.5102,162.5102
12,storm150_a300_c80,c12_storm_150_a300_c80_0021,2.0,0.5,w27931,263.9241,263.9241
12,storm150_a300_c80,c12_storm_150_a300_c80_0021,2.0,0.75,w8421,103.1972,103.1972
12,storm150_a300_c80,c12_storm_150_a300_c80_0021,2.0,0.75,w16421,156.9540,156.9540
12,storm150_a300_c80,c12_storm_150_a300_c80_0021,2.0,0.75,w27931,258.1203,258.1203
12,storm150_a300_c80,c12_storm_150_a300_c80_0021,2.0,1.0,w8421,131.1556,131.1556
12,storm150_a300_c80,c12_storm_150_a300_c80_0021,2.0,1.0,w16421,184.9124,184.9124
12,storm150_a300_c80,c12_storm_150_a300_c80_0021,2.0,1.0,w27931,341.9955,341.9955
12,storm150_a300_c80,c12_storm_150_a300_c80_0022,1.0,0.5,w8421,492.1796,492.1796
12,storm150_a300_c80,c12_storm_150_a300_c80_0022,1.0,0.5,w16421,559.7244,559.7244
12,storm150_a300_c80,c12_storm_150_a300_c80_0022,1.0,0.5,w27931,1183.3920,1183.3920
12,storm150_a300_c80,c12_storm_150_a300_c80_0022,1.0,0.75,w8421,738.9648,738.9648
12,storm150_a300_c80,c12_storm_150_a300_c80_0022,1.0,0.75,w16421,1300.0800,1300.0800
12,storm150_a300_c80,c12_storm_150_a300_c80_0022,1.0,0.75,w27931,2293.9254,2293.9254
12,storm150_a300_c80,c12_storm_150_a300_c80_0022,1.0,1.0,w8421,738.9648,738.9648
12,storm150_a300_c80,c12_storm_150_a300_c80_0022,1.0,1.0,w16421,1300.0800,1300.0800
12,storm150_a300_c80,c12_storm_150_a300_c80_0022,1.0,1.0,w27931,2293.9254,2293.9254
12,storm150_a300_c80,c12_storm_150_a300_c80_0022,2.0,0.5,w8421,401.7848,401.7848
12,storm150_a300_c80,c12_storm_150_a300_c80_0022,2.0,0.5,w16421,466.3896,466.3896
12,storm150_a300_c80,c12_storm_150_a300_c80_0022,2.0,0.5,w27931,910.0026,910.0026
12,storm150_a300_c80,c12_storm_150_a300_c80_0022,2.0,0.75,w8421,401.7848,401.7848
12,storm150_a300_c80,c12_storm_150_a300_c80_0022,2.0,0.75,w16421,466.3896,466.3896
12,storm150_a300_c80,c12_storm_150_a300_c80_0022,2.0,0.75,w27931,910.0026,910.0026
12,storm150_a300_c80,c12_storm_150_a300_c80_0022,2.0,1.0,w8421,648.5700,648.5700
12,storm150_a300_c80,c12_storm_150_a300_c80_0022,2.0,1.0,w16421,1206.7452,1206.7452
12,storm150_a300_c80,c12_storm_150_a300_c80_0022,2.0,1.0,w27931,2020.5360,2020.5360
12,storm150_a300_c80,c12_storm_150_a300_c80_0023,1.0,0.5,w8421,631.8388,631.8388
12,storm150_a300_c80,c12_storm_150_a300_c80_0023,1.0,0.5,w16421,1138.5540,1138.5540
12,storm150_a300_c80,c12_storm_150_a300_c80_0023,1.0,0.5,w27931,1991.6919,1991.6919
12,storm150_a300_c80,c12_storm_150_a300_c80_0023,1.0,0.75,w8421,662.0576,662.0576
12,storm150_a300_c80,c12_storm_150_a300_c80_0023,1.0,0.75,w16421,1229.2104,1229.2104
12,storm150_a300_c80,c12_storm_150_a300_c80_0023,1.0,0.75,w27931,2127.6765,2127.6765
12,storm150_a300_c80,c12_storm_150_a300_c80_0023,1.0,1.0,w8421,517.0846,517.0846
12,storm150_a300_c80,c12_storm_150_a300_c80_0023,1.0,1.0,w16421,843.0358,843.0358
12,storm150_a300_c80,c12_storm_150_a300_c80_0023,1.0,1.0,w27931,1511.8563,1511.8563
12,storm150_a300_c80,c12_storm_150_a300_c80_0023,2.0,0.5,w8421,565.5480,565.5480
12,storm150_a300_c80,c12_storm_150_a300_c80_0023,2.0,0.5,w16421,1016.0608,1016.0608
12,storm150_a300_c80,c12_storm_150_a300_c80_0023,2.0,0.5,w27931,1750.6677,1750.6677
12,storm150_a300_c80,c12_storm_150_a300_c80_0023,2.0,0.75,w8421,556.2852,556.2852
12,storm150_a300_c80,c12_storm_150_a300_c80_0023,2.0,0.75,w16421,1006.7980,1006.7980
12,storm150_a300_c80,c12_storm_150_a300_c80_0023,2.0,0.75,w27931,1722.8793,1722.8793
12,storm150_a300_c80,c12_storm_150_a300_c80_0023,2.0,1.0,w8421,466.9501,466.9501
12,storm150_a300_c80,c12_storm_150_a300_c80_0023,2.0,1.0,w16421,788.1085,788.1085
12,storm150_a300_c80,c12_storm_150_a300_c80_0023,2.0,1.0,w27931,1370.0443,1370.0443
12,storm150_a300_c80,c12_storm_150_a300_c80_0024,1.0,0.5,w8421,183.8494,183.8494
12,storm150_a300_c80,c12_storm_150_a300_c80_0024,1.0,0.5,w16421,230.1318,230.1318
12,storm150_a300_c80,c12_storm_150_a300_c80_0024,1.0,0.5,w27931,442.9536,442.9536
12,storm150_a300_c80,c12_storm_150_a300_c80_0024,1.0,0.75,w8421,183.8494,183.8494
12,storm150_a300_c80,c12_storm_150_a300_c80_0024,1.0,0.75,w16421,230.1318,230.1318
12,storm150_a300_c80,c12_storm_150_a300_c80_0024,1.0,0.75,w27931,442.9536,442.9536
12,storm150_a300_c80,c12_storm_150_a300_c80_0024,1.0,1.0,w8421,183.9946,183.9946
12,storm150_a300_c80,c12_storm_150_a300_c80_0024,1.0,1.0,w16421,274.7914,274.7914
12,storm150_a300_c80,c12_storm_150_a300_c80_0024,1.0,1.0,w27931,476.7750,476.7750
12,storm150_a300_c80,c12_storm_150_a300_c80_0024,2.0,0.5,w8421,158.3021,158.3021
12,storm150_a300_c80,c12_storm_150_a300_c80_0024,2.0,0.5,w16421,206.1141,206.1141
12,storm150_a300_c80,c12_storm_150_a300_c80_0024,2.0,0.5,w27931,382.6424,382.6424
12,storm150_a300_c80,c12_storm_150_a300_c80_0024,2.0,0.75,w8421,135.1609,135.3633
12,storm150_a300_c80,c12_storm_150_a300_c80_0024,2.0,0.75,w16421,136.6905,136.8929
12,storm150_a300_c80,c12_storm_150_a300_c80_0024,2.0,0.75,w27931,278.5070,278.9624
12,storm150_a300_c80,c12_storm_150_a300_c80_0024,2.0,1.0,w8421,145.5247,145.5247
12,storm150_a300_c80,c12_storm_150_a300_c80_0024,2.0,1.0,w16421,145.5247,145.5247
12,storm150_a300_c80,c12_storm_150_a300_c80_0024,2.0,1.0,w27931,308.4512,308.4512
12,storm150_a300_c80,c12_storm_150_a300_c80_0025,1.0,0.5,w8421,754.6668,754.6668
12,storm150_a300_c80,c12_storm_150_a300_c80_0025,1.0,0.5,w16421,1455.6316,1455.6316
12,storm150_a300_c80,c12_storm_150_a300_c80_0025,1.0,0.5,w27931,2486.5857,2486.5857
12,storm150_a300_c80,c12_storm_150_a300_c80_0025,1.0,0.75,w8421,754.6668,754.6668
12,storm150_a300_c80,c12_storm_150_a300_c80_0025,1.0,0.75,w16421,1455.6316,1455.6316
12,storm150_a300_c80,c12_storm_150_a300_c80_0025,1.0,0.75,w27931,2486.5857,2486.5857
12,storm150_a300_c80,c12_storm_150_a300_c80_0025,1.0,1.0,w8421,719.1996,719.1996
12,storm150_a300_c80,c12_storm_150_a300_c80_0025,1.0,1.0,w16421,1396.9532,1396.9532
12,storm150_a300_c80,c12_storm_150_a300_c80_0025,1.0,1.0,w27931,2362.7757,2362.7757
12,storm150_a300_c80,c12_storm_150_a300_c80_0025,2.0,0.5,w8421,762.5696,762.5696
12,storm150_a300_c80,c12_storm_150_a300_c80_0025,2.0,0.5,w16421,1494.1640,1494.1640
12,storm150_a300_c80,c12_storm_150_a300_c80_0025,2.0,0.5,w27931,2533.2663,2533.2663
12,storm150_a300_c80,c12_storm_150_a300_c80_0025,2.0,0.75,w8421,729.6704,729.6704
12,storm150_a300_c80,c12_storm_150_a300_c80_0025,2.0,0.75,w16421,1395.4664,1395.4664
12,storm150_a300_c80,c12_storm_150_a300_c80_0025,2.0,0.75,w27931,2385.2199,2385.2199
12,storm150_a300_c80,c12_storm_150_a300_c80_0025,2.0,1.0,w8421,693.1984,693.1984
12,storm150_a300_c80,c12_storm_150_a300_c80_0025,2.0,1.0,w16421,1342.8112,1342.8112
12,storm150_a300_c80,c12_storm_150_a300_c80_0025,2.0,1.0,w27931,2275.5973,2275.5973
12,storm150_a300_c80,c12_storm_150_a300_c80_0026,1.0,0.5,w8421,179.9448,179.9448
12,storm150_a300_c80,c12_storm_150_a300_c80_0026,1.0,0.5,w16421,310.3976,310.3976
12,storm150_a300_c80,c12_storm_150_a300_c80_0026,1.0,0.5,w27931,551.6352,551.6352
12,storm150_a300_c80,c12_storm_150_a300_c80_0026,1.0,0.75,w8421,179.9448,179.9448
12,storm150_a300_c80,c12_storm_150_a300_c80_0026,1.0,0.75,w16421,310.3976,310.3976
12,storm150_a300_c80,c12_storm_150_a300_c80_0026,1.0,0.75,w27931,551.6352,551.6352
12,storm150_a300_c80,c12_storm_150_a300_c80_0026,1.0,1.0,w8421,117.5736,117.5736
12,storm150_a300_c80,c12_storm_150_a300_c80_0026,1.0,1.0,w16421,123.2840,123.2840
12,storm150_a300_c80,c12_storm_150_a300_c80_0026,1.0,1.0,w27931,270.9648,270.9648
12,storm150_a300_c80,c12_storm_150_a300_c80_0026,2.0,0.5,w8421,155.1988,155.1988
12,storm150_a300_c80,c12_storm_150_a300_c80_0026,2.0,0.5,w16421,285.6516,285.6516
12,storm150_a300_c80,c12_storm_150_a300_c80_0026,2.0,0.5,w27931,477.3972,477.3972
12,storm150_a300_c80,c12_storm_150_a300_c80_0026,2.0,0.75,w8421,155.1988,155.1988
12,storm150_a300_c80,c12_storm_150_a300_c80_0026,2.0,0.75,w16421,285.6516,285.6516
12,storm150_a300_c80,c12_storm_150_a300_c80_0026,2.0,0.75,w27931,477.3972,477.3972
12,storm150_a300_c80,c12_storm_150_a300_c80_0026,2.0,1.0,w8421,117.5736,117.5736
12,storm150_a300_c80,c12_storm_150_a300_c80_0026,2.0,1.0,w16421,123.2840,123.2840
12,storm150_a300_c80,c12_storm_150_a300_c80_0026,2.0,1.0,w27931,270.9648,270.9648
12,storm150_a300_c80,c12_storm_150_a300_c80_0027,1.0,0.5,w8421,126.9202,126.9202
12,storm150_a300_c80,c12_storm_150_a300_c80_0027,1.0,0.5,w16421,212.8338,212.8338
12,storm150_a300_c80,c12_storm_150_a300_c80_0027,1.0,0.5,w27931,364.3686,364.3686
12,storm150_a300_c80,c12_storm_150_a300_c80_0027,1.0,0.75,w8421,126.9202,126.9202
12,storm150_a300_c80,c12_storm_150_a300_c80_0027,1.0,0.75,w16421,212.8338,212.8338
12,storm150_a300_c80,c12_storm_150_a300_c80_0027,1.0,0.75,w27931,364.3686,364.3686
12,storm150_a300_c80,c12_storm_150_a300_c80_0027,1.0,1.0,w8421,99.0898,99.0898
12,storm150_a300_c80,c12_storm_150_a300_c80_0027,1.0,1.0,w16421,129.3426,129.3426
12,storm150_a300_c80,c12_storm_150_a300_c80_0027,1.0,1.0,w27931,239.1318,239.1318
12,storm150_a300_c80,c12_storm_150_a300_c80_0027,2.0,0.5,w8421,118.3200,118.3200
12,storm150_a300_c80,c12_storm_150_a300_c80_0027,2.0,0.5,w16421,204.2336,204.2336
12,storm150_a300_c80,c12_storm_150_a300_c80_0027,2.0,0.5,w27931,338.5680,338.5680
12,storm150_a300_c80,c12_storm_150_a300_c80_0027,2.0,0.75,w8421,118.3200,118.3200
12,storm150_a300_c80,c12_storm_150_a300_c80_0027,2.0,0.75,w16421,204.2336,204.2336
12,storm150_a300_c80,c12_storm_150_a300_c80_0027,2.0,0.75,w27931,338.5680,338.5680
12,storm150_a300_c80,c12_storm_150_a300_c80_0027,2.0,1.0,w8421,87.1867,87.1867
12,storm150_a300_c80,c12_storm_150_a300_c80_0027,2.0,1.0,w16421,117.4395,117.4395
12,storm150_a300_c80,c12_storm_150_a300_c80_0027,2.0,1.0,w27931,215.3256,215.3256
12,storm150_a300_c80,c12_storm_150_a300_c80_0028,1.0,0.5,w8421,230.3882,230.3882
12,storm150_a300_c80,c12_storm_150_a300_c80_0028,1.0,0.5,w16421,452.4114,452.4114
12,storm150_a300_c80,c12_storm_150_a300_c80_0028,1.0,0.5,w27931,761.8758,761.8758
12,storm150_a300_c80,c12_storm_150_a300_c80_0028,1.0,0.75,w8421,238.7532,238.7532
12,storm150_a300_c80,c12_storm_150_a300_c80_0028,1.0,0.75,w16421,460.7764,460.7764
12,storm150_a300_c80,c12_storm_150_a300_c80_0028,1.0,0.75,w27931,786.9708,786.9708
12,storm150_a300_c80,c12_storm_150_a300_c80_0028,1.0,1.0,w8421,132.6740,132.6740
12,storm150_a300_c80,c12_storm_150_a300_c80_0028,1.0,1.0,w16421,142.5388,142.5388
12,storm150_a300_c80,c12_storm_150_a300_c80_0028,1.0,1.0,w27931,309.6144,309.6144
12,storm150_a300_c80,c12_storm_150_a300_c80_0028,2.0,0.5,w8421,124.3090,124.3090
12,storm150_a300_c80,c12_storm_150_a300_c80_0028,2.0,0.5,w16421,134.1738,134.1738
12,storm150_a300_c80,c12_storm_150_a300_c80_0028,2.0,0.5,w27931,284.5194,284.5194
12,storm150_a300_c80,c12_storm_150_a300_c80_0028,2.0,0.75,w8421,124.3090,124.3090
12,storm150_a300_c80,c12_storm_150_a300_c80_0028,2.0,0.75,w16421,134.1738,134.1738
12,storm150_a300_c80,c12_storm_150_a300_c80_0028,2.0,0.75,w27931,284.5194,284.5194
12,storm150_a300_c80,c12_storm_150_a300_c80_0028,2.0,1.0,w8421,79.6344,79.6344
12,storm150_a300_c80,c12_storm_150_a300_c80_0028,2.0,1.0,w16421,89.4992,89.4992
12,storm150_a300_c80,c12_storm_150_a300_c80_0028,2.0,1.0,w27931,150.4956,150.4956
12,storm150_a300_c80,c12_storm_150_a300_c80_0029,1.0,0.5,w8421,1307.1794,1307.1794
12,storm150_a300_c80,c12_storm_150_a300_c80_0029,1.0,0.5,w16421,2087.1146,2087.1146
12,storm150_a300_c80,c12_storm_150_a300_c80_0029,1.0,0.5,w27931,3788.4774,3788.4774
12,storm150_a300_c80,c12_storm_150_a300_c80_0029,1.0,0.75,w8421,1347.3172,1347.3172
12,storm150_a300_c80,c12_storm_150_a300_c80_0029,1.0,0.75,w16421,2127.2524,2127.2524
12,storm150_a300_c80,c12_storm_150_a300_c80_0029,1.0,0.75,w27931,3908.8908,3908.8908
12,storm150_a300_c80,c12_storm_150_a300_c80_0029,1.0,1.0,w8421,1284.1720,1284.1720
12,storm150_a300_c80,c12_storm_150_a300_c80_0029,1.0,1.0,w16421,1937.8168,1937.8168
12,storm150_a300_c80,c12_storm_150_a300_c80_0029,1.0,1.0,w27931,3624.7374,3624.7374
12,storm150_a300_c80,c12_storm_150_a300_c80_0029,2.0,0.5,w8421,1162.7854,1162.7854
12,storm150_a300_c80,c12_storm_150_a300_c80_0029,2.0,0.5,w16421,1809.5798,1809.5798
12,storm150_a300_c80,c12_storm_150_a300_c80_0029,2.0,0.5,w27931,3255.4398,3255.4398
12,storm150_a300_c80,c12_storm_150_a300_c80_0029,2.0,0.75,w8421,997.0558,997.0558
12,storm150_a300_c80,c12_storm_150_a300_c80_0029,2.0,0.75,w16421,1643.8502,1643.8502
12,storm150_a300_c80,c12_storm_150_a300_c80_0029,2.0,0.75,w27931,2758.2510,2758.2510
12,storm150_a300_c80,c12_storm_150_a300_c80_0029,2.0,1.0,w8421,1040.1754,1040.1754
12,storm150_a300_c80,c12_storm_150_a300_c80_0029,2.0,1.0,w16421,1686.9698,1686.9698
12,storm150_a300_c80,c12_storm_150_a300_c80_0029,2.0,1.0,w27931,2887.6098,2887.6098
12,storm150_a200_c80,c12_storm_150_a200_c80_0000,1.0,0.5,w8421,767.2354,767.2354
12,storm150_a200_c80,c12_storm_150_a200_c80_0000,1.0,0.5,w16421,1457.2250,1457.2250
12,storm150_a200_c80,c12_storm_150_a200_c80_0000,1.0,0.5,w27931,2467.5111,2467.5111
12,storm150_a200_c80,c12_storm_150_a200_c80_0000,1.0,0.75,w8421,751.7618,751.7618
12,storm150_a200_c80,c12_storm_150_a200_c80_0000,1.0,0.75,w16421,1410.8042,1410.8042
12,storm150_a200_c80,c12_storm_150_a200_c80_0000,1.0,0.75,w27931,2397.8799,2397.8799
12,storm150_a200_c80,c12_storm_150_a200_c80_0000,1.0,1.0,w8421,806.0208,806.0208
12,storm150_a200_c80,c12_storm_150_a200_c80_0000,1.0,1.0,w16421,1480.2296,1480.2296
12,storm150_a200_c80,c12_storm_150_a200_c80_0000,1.0,1.0,w27931,2572.0317,2572.0317
12,storm150_a200_c80,c12_storm_150_a200_c80_0000,2.0,0.5,w8421,436.0000,436.0000
12,storm150_a200_c80,c12_storm_150_a200_c80_0000,2.0,0.5,w16421,494.0888,494.0888
12,storm150_a200_c80,c12_storm_150_a200_c80_0000,2.0,0.5,w27931,999.8793,999.8793
12,storm150_a200_c80,c12_storm_150_a200_c80_0000,2.0,0.75,w8421,736.4768,736.4768
12,storm150_a200_c80,c12_storm_150_a200_c80_0000,2.0,0.75,w16421,1395.5192,1395.5192
12,storm150_a200_c80,c12_storm_150_a200_c80_0000,2.0,0.75,w27931,2352.0249,2352.0249
12,storm150_a200_c80,c12_storm_150_a200_c80_0000,2.0,1.0,w8421,726.2674,726.2674
12,storm150_a200_c80,c12_storm_150_a200_c80_0000,2.0,1.0,w16421,1334.3210,1334.3210
12,storm150_a200_c80,c12_storm_150_a200_c80_0000,2.0,1.0,w27931,2283.1551,2283.1551
12,storm150_a200_c80,c12_storm_150_a200_c80_0001,1.0,0.5,w8421,1589.9364,1589.9364
12,storm150_a200_c80,c12_storm_150_a200_c80_0001,1.0,0.5,w16421,3177.8332,3177.8332
12,storm150_a200_c80,c12_storm_150_a200_c80_0001,1.0,0.5,w27931,5363.7408,5363.7408
12,storm150_a200_c80,c12_storm_150_a200_c80_0001,1.0,0.75,w8421,1589.9364,1589.9364
12,storm150_a200_c80,c12_storm_150_a200_c80_0001,1.0,0.75,w16421,3177.8332,3177.8332
12,storm150_a200_c80,c12_storm_150_a200_c80_0001,1.0,0.75,w27931,5363.7408,5363.7408
12,storm150_a200_c80,c12_storm_150_a200_c80_0001,1.0,1.0,w8421,1492.2224,1492.2224
12,storm150_a200_c80,c12_storm_150_a200_c80_0001,1.0,1.0,w16421,2884.6912,2884.6912
12,storm150_a200_c80,c12_storm_150_a200_c80_0001,1.0,1.0,w27931,4924.0278,4924.0278
12,storm150_a200_c80,c12_storm_150_a200_c80_0001,2.0,0.5,w8421,1589.9364,1589.9364
12,storm150_a200_c80,c12_storm_150_a200_c80_0001,2.0,0.5,w16421,3177.8332,3177.8332
12,storm150_a200_c80,c12_storm_150_a200_c80_0001,2.0,0.5,w27931,5363.7408,5363.7408
12,storm150_a200_c80,c12_storm_150_a200_c80_0001,2.0,0.75,w8421,1589.9364,1589.9364
12,storm150_a200_c80,c12_storm_150_a200_c80_0001,2.0,0.75,w16421,3177.8332,3177.8332
12,storm150_a200_c80,c12_storm_150_a200_c80_0001,2.0,0.75,w27931,5363.7408,5363.7408
12,storm150_a200_c80,c12_storm_150_a200_c80_0001,2.0,1.0,w8421,1432.2180,1432.2180
12,storm150_a200_c80,c12_storm_150_a200_c80_0001,2.0,1.0,w16421,2804.4316,2804.4316
12,storm150_a200_c80,c12_storm_150_a200_c80_0001,2.0,1.0,w27931,4728.8232,4728.8232
12,storm150_a200_c80,c12_storm_150_a200_c80_0002,1.0,0.5,w8421,707.5908,707.5908
12,storm150_a200_c80,c12_storm_150_a200_c80_0002,1.0,0.5,w16421,1056.4420,1056.4420
12,storm150_a200_c80,c12_storm_150_a200_c80_0002,1.0,0.5,w27931,1970.9559,1970.9559
12,storm150_a200_c80,c12_storm_150_a200_c80_0002,1.0,0.75,w8421,707.5908,707.5908
12,storm150_a200_c80,c12_storm_150_a200_c80_0002,1.0,0.75,w16421,1056.4420,1056.4420
12,storm150_a200_c80,c12_storm_150_a200_c80_0002,1.0,0.75,w27931,1970.9559,1970.9559
12,storm150_a200_c80,c12_storm_150_a200_c80_0002,1.0,1.0,w8421,655.2728,655.2728
12,storm150_a200_c80,c12_storm_150_a200_c80_0002,1.0,1.0,w16421,899.4880,899.4880
12,storm150_a200_c80,c12_storm_150_a200_c80_0002,1.0,1.0,w27931,1735.5249,1735.5249
12,storm150_a200_c80,c12_storm_150_a200_c80_0002,2.0,0.5,w8421,579.8656,579.8656
12,storm150_a200_c80,c12_storm_150_a200_c80_0002,2.0,0.5,w16421,928.7168,928.7168
12,storm150_a200_c80,c12_storm_150_a200_c80_0002,2.0,0.5,w27931,1587.7803,1587.7803
12,storm150_a200_c80,c12_storm_150_a200_c80_0002,2.0,0.75,w8421,579.8656,579.8656
12,storm150_a200_c80,c12_storm_150_a200_c80_0002,2.0,0.75,w16421,928.7168,928.7168
12,storm150_a200_c80,c12_storm_150_a200_c80_0002,2.0,0.75,w27931,1587.7803,1587.7803
12,storm150_a200_c80,c12_storm_150_a200_c80_0002,2.0,1.0,w8421,479.0604,479.0604
12,storm150_a200_c80,c12_storm_150_a200_c80_0002,2.0,1.0,w16421,715.4188,715.4188
12,storm150_a200_c80,c12_storm_150_a200_c80_0002,2.0,1.0,w27931,1200.9951,1200.9951
12,storm150_a200_c80,c12_storm_150_a200_c80_0003,1.0,0.5,w8421,322.4752,322.4752
12,storm150_a200_c80,c12_storm_150_a200_c80_0003,1.0,0.5,w16421,424.7176,424.7176
12,storm150_a200_c80,c12_storm_150_a200_c80_0003,1.0,0.5,w27931,840.5919,840.5919
12,storm150_a200_c80,c12_storm_150_a200_c80_0003,1.0,0.75,w8421,301.4374,301.4374
12,storm150_a200_c80,c12_storm_150_a200_c80_0003,1.0,0.75,w16421,403.6798,403.6798
12,storm150_a200_c80,c12_storm_150_a200_c80_0003,1.0,0.75,w27931,777.4785,777.4785
12,storm150_a200_c80,c12_storm_150_a200_c80_0003,1.0,1.0,w8421,269.0502,269.0502
12,storm150_a200_c80,c12_storm_150_a200_c80_0003,1.0,1.0,w16421,306.5182,306.5182
12,storm150_a200_c80,c12_storm_150_a200_c80_0003,1.0,1.0,w27931,631.7361,631.7361
12,storm150_a200_c80,c12_storm_150_a200_c80_0003,2.0,0.5,w8421,218.8852,218.8852
12,storm150_a200_c80,c12_storm_150_a200_c80_0003,2.0,0.5,w16421,321.1276,321.1276
12,storm150_a200_c80,c12_storm_150_a200_c80_0003,2.0,0.5,w27931,529.8219,529.8219
12,storm150_a200_c80,c12_storm_150_a200_c80_0003,2.0,0.75,w8421,221.7258,221.7258
12,storm150_a200_c80,c12_storm_150_a200_c80_0003,2.0,0.75,w16421,323.9682,323.9682
12,storm150_a200_c80,c12_storm_150_a200_c80_0003,2.0,0.75,w27931,538.3437,538.3437
12,storm150_a200_c80,c12_storm_150_a200_c80_0003,2.0,1.0,w8421,176.0455,176.0455
12,storm150_a200_c80,c12_storm_150_a200_c80_0003,2.0,1.0,w16421,176.0455,176.0455
12,storm150_a200_c80,c12_storm_150_a200_c80_0003,2.0,1.0,w27931,335.1399,335.1399
12,storm150_a200_c80,c12_storm_150_a200_c80_0004,1.0,0.5,w8421,586.2842,586.2842
12,storm150_a200_c80,c12_storm_150_a200_c80_0004,1.0,0.5,w16421,772.2930,772.2930
12,storm150_a200_c80,c12_storm_150_a200_c80_0004,1.0,0.5,w27931,1387.0929,1387.0929
12,storm150_a200_c80,c12_storm_150_a200_c80_0004,1.0,0.75,w8421,586.2842,586.2842
12,storm150_a200_c80,c12_storm_150_a200_c80_0004,1.0,0.75,w16421,772.2930,772.2930
12,storm150_a200_c80,c12_storm_150_a200_c80_0004,1.0,0.75,w27931,1387.0929,1387.0929
12,storm150_a200_c80,c12_storm_150_a200_c80_0004,1.0,1.0,w8421,623.8334,623.8334
12,storm150_a200_c80,c12_storm_150_a200_c80_0004,1.0,1.0,w16421,809.8422,809.8422
12,storm150_a200_c80,c12_storm_150_a200_c80_0004,1.0,1.0,w27931,1499.7405,1499.7405
12,storm150_a200_c80,c12_storm_150_a200_c80_0004,2.0,0.5,w8421,471.7859,471.7859
12,storm150_a200_c80,c12_storm_150_a200_c80_0004,2.0,0.5,w16421,657.7947,657.7947
12,storm150_a200_c80,c12_storm_150_a200_c80_0004,2.0,0.5,w27931,1052.1629,1052.1629
12,storm150_a200_c80,c12_storm_150_a200_c80_0004,2.0,0.75,w8421,404.9211,404.9211
12,storm150_a200_c80,c12_storm_150_a200_c80_0004,2.0,0.75,w16421,590.9299,590.9299
12,storm150_a200_c80,c12_storm_150_a200_c80_0004,2.0,0.75,w27931,918.4333,918.4333
12,storm150_a200_c80,c12_storm_150_a200_c80_0004,2.0,1.0,w8421,439.1009,439.1009
12,storm150_a200_c80,c12_storm_150_a200_c80_0004,2.0,1.0,w16421,625.1097,625.1097
12,storm150_a200_c80,c12_storm_150_a200_c80_0004,2.0,1.0,w27931,1020.9727,1020.9727
12,storm150_a200_c80,c12_storm_150_a200_c80_0005,1.0,0.5,w8421,543.0474,543.0474
12,storm150_a200_c80,c12_storm_150_a200_c80_0005,1.0,0.5,w16421,918.8594,918.8594
12,storm150_a200_c80,c12_storm_150_a200_c80_0005,1.0,0.5,w27931,1614.7080,1614.7080
12,storm150_a200_c80,c12_storm_150_a200_c80_0005,1.0,0.75,w8421,648.9802,648.9802
12,storm150_a200_c80,c12_storm_150_a200_c80_0005,1.0,0.75,w16421,1236.6578,1236.6578
12,storm150_a200_c80,c12_storm_150_a200_c80_0005,1.0,0.75,w27931,2091.4056,2091.4056
12,storm150_a200_c80,c12_storm_150_a200_c80_0005,1.0,1.0,w8421,739.6426,739.6426
12,storm150_a200_c80,c12_storm_150_a200_c80_0005,1.0,1.0,w16421,1462.4610,1462.4610
12,storm150_a200_c80,c12_storm_150_a200_c80_0005,1.0,1.0,w27931,2464.7484,2464.7484
12,storm150_a200_c80,c12_storm_150_a200_c80_0005,2.0,0.5,w8421,532.5105,532.5105
12,storm150_a200_c80,c12_storm_150_a200_c80_0005,2.0,0.5,w16421,904.0729,904.0729
12,storm150_a200_c80,c12_storm_150_a200_c80_0005,2.0,0.5,w27931,1588.3222,1588.3222
12,storm150_a200_c80,c12_storm_150_a200_c80_0005,2.0,0.75,w8421,657.4505,657.4505
12,storm150_a200_c80,c12_storm_150_a200_c80_0005,2.0,0.75,w16421,1278.8929,1278.8929
12,storm150_a200_c80,c12_storm_150_a200_c80_0005,2.0,0.75,w27931,2150.5522,2150.5522
12,storm150_a200_c80,c12_storm_150_a200_c80_0005,2.0,1.0,w8421,680.5425,680.5425
12,storm150_a200_c80,c12_storm_150_a200_c80_0005,2.0,1.0,w16421,1301.9849,1301.9849
12,storm150_a200_c80,c12_storm_150_a200_c80_0005,2.0,1.0,w27931,2219.8282,2219.8282
12,storm150_a200_c80,c12_storm_150_a200_c80_0006,1.0,0.5,w8421,540.9672,540.9672
12,storm150_a200_c80,c12_storm_150_a200_c80_0006,1.0,0.5,w16421,1055.1904,1055.1904
12,storm150_a200_c80,c12_storm_150_a200_c80_0006,1.0,0.5,w27931,1775.6193,1775.6193
12,storm150_a200_c80,c12_storm_150_a200_c80_0006,1.0,0.75,w8421,478.3100,478.3100
12,storm150_a200_c80,c12_storm_150_a200_c80_0006,1.0,0.75,w16421,813.7308,813.7308
12,storm150_a200_c80,c12_storm_150_a200_c80_0006,1.0,0.75,w27931,1453.5459,1453.5459
12,storm150_a200_c80,c12_storm_150_a200_c80_0006,1.0,1.0,w8421,371.9452,371.9452
12,storm150_a200_c80,c12_storm_150_a200_c80_0006,1.0,1.0,w16421,494.6364,494.6364
12,storm150_a200_c80,c12_storm_150_a200_c80_0006,1.0,1.0,w27931,974.9043,974.9043
12,storm150_a200_c80,c12_storm_150_a200_c80_0006,2.0,0.5,w8421,451.5660,451.5660
12,storm150_a200_c80,c12_storm_150_a200_c80_0006,2.0,0.5,w16421,786.9868,786.9868
12,storm150_a200_c80,c12_storm_150_a200_c80_0006,2.0,0.5,w27931,1373.3139,1373.3139
12,storm150_a200_c80,c12_storm_150_a200_c80_0006,2.0,0.75,w8421,451.5660,451.5660
12,storm150_a200_c80,c12_storm_150_a200_c80_0006,2.0,0.75,w16421,786.9868,786.9868
12,storm150_a200_c80,c12_storm_150_a200_c80_0006,2.0,0.75,w27931,1373.3139,1373.3139
12,storm150_a200_c80,c12_storm_150_a200_c80_0006,2.0,1.0,w8421,327.2446,327.2446
12,storm150_a200_c80,c12_storm_150_a200_c80_0006,2.0,1.0,w16421,449.9358,449.9358
12,storm150_a200_c80,c12_storm_150_a200_c80_0006,2.0,1.0,w27931,840.8025,840.8025
12,storm150_a200_c80,c12_storm_150_a200_c80_0007,1.0,0.5,w8421,466.9004,466.9004
12,storm150_a200_c80,c12_storm_150_a200_c80_0007,1.0,0.5,w16421,624.3260,624.3260
12,storm150_a200_c80,c12_storm_150_a200_c80_0007,1.0,0.5,w27931,1227.6297,1227.6297
12,storm150_a200_c80,c12_storm_150_a200_c80_0007,1.0,0.75,w8421,389.3640,389.3640
12,storm150_a200_c80,c12_storm_150_a200_c80_0007,1.0,0.75,w16421,391.7168,391.7168
12,storm150_a200_c80,c12_storm_150_a200_c80_0007,1.0,0.75,w27931,878.7159,878.7159
12,storm150_a200_c80,c12_storm_150_a200_c80_0007,1.0,1.0,w8421,350.5958,350.5958
12,storm150_a200_c80,c12_storm_150_a200_c80_0007,1.0,1.0,w16421,352.9486,352.9486
12,storm150_a200_c80,c12_storm_150_a200_c80_0007,1.0,1.0,w27931,762.4113,762.4113
12,storm150_a200_c80,c12_storm_150_a200_c80_0007,2.0,0.5,w8421,734.3596,734.3596
12,storm150_a200_c80,c12_storm_150_a200_c80_0007,2.0,0.5,w16421,1426.7036,1426.7036
12,storm150_a200_c80,c12_storm_150_a200_c80_0007,2.0,0.5,w27931,2431.1961,2431.1961
12,storm150_a200_c80,c12_storm_150_a200_c80_0007,2.0,0.75,w8421,656.8232,656.8232
12,storm150_a200_c80,c12_storm_150_a200_c80_0007,2.0,0.75,w16421,1194.0944,1194.0944
12,storm150_a200_c80,c12_storm_150_a200_c80_0007,2.0,0.75,w27931,2082.2823,2082.2823
12,storm150_a200_c80,c12_storm_150_a200_c80_0007,2.0,1.0,w8421,616.8786,616.8786
12,storm150_a200_c80,c12_storm_150_a200_c80_0007,2.0,1.0,w16421,1151.7970,1151.7970
12,storm150_a200_c80,c12_storm_150_a200_c80_0007,2.0,1.0,w27931,1960.6839,1960.6839
12,storm150_a200_c80,c12_storm_150_a200_c80_0008,1.0,0.5,w8421,890.9676,890.9676
12,storm150_a200_c80,c12_storm_150_a200_c80_0008,1.0,0.5,w16421,1579.8196,1579.8196
12,storm150_a200_c80,c12_storm_150_a200_c80_0008,1.0,0.5,w27931,2772.4074,2772.4074
12,storm150_a200_c80,c12_storm_150_a200_c80_0008,1.0,0.75,w8421,873.0712,873.0712
12,storm150_a200_c80,c12_storm_150_a200_c80_0008,1.0,0.75,w16421,1526.1304,1526.1304
12,storm150_a200_c80,c12_storm_150_a200_c80_0008,1.0,0.75,w27931,2691.8736,2691.8736
12,storm150_a200_c80,c12_storm_150_a200_c80_0008,1.0,1.0,w8421,638.0924,638.0924
12,storm150_a200_c80,c12_storm_150_a200_c80_0008,1.0,1.0,w16421,821.1940,821.1940
12,storm150_a200_c80,c12_storm_150_a200_c80_0008,1.0,1.0,w27931,1634.4690,1634.4690
12,storm150_a200_c80,c12_storm_150_a200_c80_0008,2.0,0.5,w8421,822.1488,822.1488
12,storm150_a200_c80,c12_storm_150_a200_c80_0008,2.0,0.5,w16421,1475.2080,1475.2080
12,storm150_a200_c80,c12_storm_150_a200_c80_0008,2.0,0.5,w27931,2539.1064,2539.1064
12,storm150_a200_c80,c12_storm_150_a200_c80_0008,2.0,0.75,w8421,605.4552,605.4552
12,storm150_a200_c80,c12_storm_150_a200_c80_0008,2.0,0.75,w16421,825.1272,825.1272
12,storm150_a200_c80,c12_storm_150_a200_c80_0008,2.0,0.75,w27931,1563.9852,1563.9852
12,storm150_a200_c80,c12_storm_150_a200_c80_0008,2.0,1.0,w8421,449.2518,449.2518
12,storm150_a200_c80,c12_storm_150_a200_c80_0008,2.0,1.0,w16421,561.7374,561.7374
12,storm150_a200_c80,c12_storm_150_a200_c80_0008,2.0,1.0,w27931,1019.8040,1019.8040
12,storm150_a200_c80,c12_storm_150_a200_c80_0009,1.0,0.5,w8421,662.9692,662.9692
12,storm150_a200_c80,c12_storm_150_a200_c80_0009,1.0,0.5,w16421,1297.4836,1297.4836
12,storm150_a200_c80,c12_storm_150_a200_c80_0009,1.0,0.5,w27931,2205.5094,2205.5094
12,storm150_a200_c80,c12_storm_150_a200_c80_0009,1.0,0.75,w8421,648.7418,648.7418
12,storm150_a200_c80,c12_storm_150_a200_c80_0009,1.0,0.75,w16421,1283.2562,1283.2562
12,storm150_a200_c80,c12_storm_150_a200_c80_0009,1.0,0.75,w27931,2162.8272,2162.8272
12,storm150_a200_c80,c12_storm_150_a200_c80_0009,1.0,1.0,w8421,333.1042,333.1042
12,storm150_a200_c80,c12_storm_150_a200_c80_0009,1.0,1.0,w16421,336.3434,336.3434
12,storm150_a200_c80,c12_storm_150_a200_c80_0009,1.0,1.0,w27931,742.4580,742.4580
12,storm150_a200_c80,c12_storm_150_a200_c80_0009,2.0,0.5,w8421,648.7418,648.7418
12,storm150_a200_c80,c12_storm_150_a200_c80_0009,2.0,0.5,w16421,1283.2562,1283.2562
12,storm150_a200_c80,c12_storm_150_a200_c80_0009,2.0,0.5,w27931,2162.8272,2162.8272
12,storm150_a200_c80,c12_storm_150_a200_c80_0009,2.0,0.75,w8421,648.7418,648.7418
12,storm150_a200_c80,c12_storm_150_a200_c80_0009,2.0,0.75,w16421,1283.2562,1283.2562
12,storm150_a200_c80,c12_storm_150_a200_c80_0009,2.0,0.75,w27931,2162.8272,2162.8272
12,storm150_a200_c80,c12_storm_150_a200_c80_0009,2.0,1.0,w8421,175.2854,175.2854
12,storm150_a200_c80,c12_storm_150_a200_c80_0009,2.0,1.0,w16421,178.5246,178.5246
12,storm150_a200_c80,c12_storm_150_a200_c80_0009,2.0,1.0,w27931,269.0016,269.0016
12,storm150_a200_c80,c12_storm_150_a200_c80_0010,1.0,0.5,w8421,1062.1352,1062.1352
12,storm150_a200_c80,c12_storm_150_a200_c80_0010,1.0,0.5,w16421,2124.2704,2124.2704
12,storm150_a200_c80,c12_storm_150_a200_c80_0010,1.0,0.5,w27931,3584.7063,3584.7063
12,storm150_a200_c80,c12_storm_150_a200_c80_0010,1.0,0.75,w8421,886.5948,886.5948
12,storm150_a200_c80,c12_storm_150_a200_c80_0010,1.0,0.75,w16421,1597.6492,1597.6492
12,storm150_a200_c80,c12_storm_150_a200_c80_0010,1.0,0.75,w27931,2794.7745,2794.7745
12,storm150_a200_c80,c12_storm_150_a200_c80_0010,1.0,1.0,w8421,886.5948,886.5948
12,storm150_a200_c80,c12_storm_150_a200_c80_0010,1.0,1.0,w16421,1597.6492,1597.6492
12,storm150_a200_c80,c12_storm_150_a200_c80_0010,1.0,1.0,w27931,2794.7745,2794.7745
12,storm150_a200_c80,c12_storm_150_a200_c80_0010,2.0,0.5,w8421,870.4640,870.4640
12,storm150_a200_c80,c12_storm_150_a200_c80_0010,2.0,0.5,w16421,1549.2568,1549.2568
12,storm150_a200_c80,c12_storm_150_a200_c80_0010,2.0,0.5,w27931,2722.1859,2722.1859
12,storm150_a200_c80,c12_storm_150_a200_c80_0010,2.0,0.75,w8421,870.4640,870.4640
12,storm150_a200_c80,c12_storm_150_a200_c80_0010,2.0,0.75,w16421,1549.2568,1549.2568
12,storm150_a200_c80,c12_storm_150_a200_c80_0010,2.0,0.75,w27931,2722.1859,2722.1859
12,storm150_a200_c80,c12_storm_150_a200_c80_0010,2.0,1.0,w8421,782.6938,782.6938
12,storm150_a200_c80,c12_storm_150_a200_c80_0010,2.0,1.0,w16421,1461.4866,1461.4866
12,storm150_a200_c80,c12_storm_150_a200_c80_0010,2.0,1.0,w27931,2458.8753,2458.8753
12,storm150_a200_c80,c12_storm_150_a200_c80_0011,1.0,0.5,w8421,124.1116,124.1116
12,storm150_a200_c80,c12_storm_150_a200_c80_0011,1.0,0.5,w16421,144.4364,144.4364
12,storm150_a200_c80,c12_storm_150_a200_c80_0011,1.0,0.5,w27931,302.1165,302.1165
12,storm150_a200_c80,c12_storm_150_a200_c80_0011,1.0,0.75,w8421,124.1116,124.1116
12,storm150_a200_c80,c12_storm_150_a200_c80_0011,1.0,0.75,w16421,144.4364,144.4364
12,storm150_a200_c80,c12_storm_150_a200_c80_0011,1.0,0.75,w27931,302.1165,302.1165
12,storm150_a200_c80,c12_storm_150_a200_c80_0011,1.0,1.0,w8421,132.1212,132.1212
12,storm150_a200_c80,c12_storm_150_a200_c80_0011,1.0,1.0,w16421,168.4652,168.4652
12,storm150_a200_c80,c12_storm_150_a200_c80_0011,1.0,1.0,w27931,338.1597,338.1597
12,storm150_a200_c80,c12_storm_150_a200_c80_0011,2.0,0.5,w8421,76.2230,76.2230
12,storm150_a200_c80,c12_storm_150_a200_c80_0011,2.0,0.5,w16421,96.5478,96.5478
12,storm150_a200_c80,c12_storm_150_a200_c80_0011,2.0,0.5,w27931,158.4507,158.4507
12,storm150_a200_c80,c12_storm_150_a200_c80_0011,2.0,0.75,w8421,76.2230,76.2230
12,storm150_a200_c80,c12_storm_150_a200_c80_0011,2.0,0.75,w16421,96.5478,96.5478
12,storm150_a200_c80,c12_storm_150_a200_c80_0011,2.0,0.75,w27931,158.4507,158.4507
12,storm150_a200_c80,c12_storm_150_a200_c80_0011,2.0,1.0,w8421,77.8604,77.8604
12,storm150_a200_c80,c12_storm_150_a200_c80_0011,2.0,1.0,w16421,77.8604,77.8604
12,storm150_a200_c80,c12_storm_150_a200_c80_0011,2.0,1.0,w27931,148.1193,148.1193
12,storm150_a200_c80,c12_storm_150_a200_c80_0012,1.0,0.5,w8421,122.3832,122.3832
12,storm150_a200_c80,c12_storm_150_a200_c80_0012,1.0,0.5,w16421,242.2072,242.2072
12,storm150_a200_c80,c12_storm_150_a200_c80_0012,1.0,0.5,w27931,410.1642,410.1642
12,storm150_a200_c80,c12_storm_150_a200_c80_0012,1.0,0.75,w8421,122.3832,122.3832
12,storm150_a200_c80,c12_storm_150_a200_c80_0012,1.0,0.75,w16421,242.2072,242.2072
12,storm150_a200_c80,c12_storm_150_a200_c80_0012,1.0,0.75,w27931,410.1642,410.1642
12,storm150_a200_c80,c12_storm_150_a200_c80_0012,1.0,1.0,w8421,75.7148,75.7148
12,storm150_a200_c80,c12_storm_150_a200_c80_0012,1.0,1.0,w16421,102.2020,102.2020
12,storm150_a200_c80,c12_storm_150_a200_c80_0012,1.0,1.0,w27931,200.1564,200.1564
12,storm150_a200_c80,c12_storm_150_a200_c80_0012,2.0,0.5,w8421,121.1036,121.1036
12,storm150_a200_c80,c12_storm_150_a200_c80_0012,2.0,0.5,w16421,240.9276,240.9276
12,storm150_a200_c80,c12_storm_150_a200_c80_0012,2.0,0.5,w27931,406.3254,406.3254
12,storm150_a200_c80,c12_storm_150_a200_c80_0012,2.0,0.75,w8421,110.4192,110.4192
12,storm150_a200_c80,c12_storm_150_a200_c80_0012,2.0,0.75,w16421,208.8744,208.8744
12,storm150_a200_c80,c12_storm_150_a200_c80_0012,2.0,0.75,w27931,358.2456,358.2456
12,storm150_a200_c80,c12_storm_150_a200_c80_0012,2.0,1.0,w8421,62.4712,62.4712
12,storm150_a200_c80,c12_storm_150_a200_c80_0012,2.0,1.0,w16421,62.4712,62.4712
12,storm150_a200_c80,c12_storm_150_a200_c80_0012,2.0,1.0,w27931,140.5602,140.5602
12,storm150_a200_c80,c12_storm_150_a200_c80_0013,1.0,0.5,w8421,398.0040,398.0040
12,storm150_a200_c80,c12_storm_150_a200_c80_0013,1.0,0.5,w16421,398.0040,398.0040
12,storm150_a200_c80,c12_storm_150_a200_c80_0013,1.0,0.5,w27931,848.4417,848.4417
12,storm150_a200_c80,c12_storm_150_a200_c80_0013,1.0,0.75,w8421,792.2196,792.2196
12,storm150_a200_c80,c12_storm_150_a200_c80_0013,1.0,0.75,w16421,1455.1380,1455.1380
12,storm150_a200_c80,c12_storm_150_a200_c80_0013,1.0,0.75,w27931,2528.2773,2528.2773
12,storm150_a200_c80,c12_storm_150_a200_c80_0013,1.0,1.0,w8421,792.2196,792.2196
12,storm150_a200_c80,c12_storm_150_a200_c80_0013,1.0,1.0,w16421,1455.1380,1455.1380
12,storm150_a200_c80,c12_storm_150_a200_c80_0013,1.0,1.0,w27931,2528.2773,2528.2773
12,storm150_a200_c80,c12_storm_150_a200_c80_0013,2.0,0.5,w8421,398.0040,398.0040
12,storm150_a200_c80,c12_storm_150_a200_c80_0013,2.0,0.5,w16421,398.0040,398.0040
12,storm150_a200_c80,c12_storm_150_a200_c80_0013,2.0,0.5,w27931,848.4417,848.4417
12,storm150_a200_c80,c12_storm_150_a200_c80_0013,2.0,0.75,w8421,398.0040,398.0040
12,storm150_a200_c80,c12_storm_150_a200_c80_0013,2.0,0.75,w16421,398.0040,398.0040
12,storm150_a200_c80,c12_storm_150_a200_c80_0013,2.0,0.75,w27931,848.4417,848.4417
12,storm150_a200_c80,c12_storm_150_a200_c80_0013,2.0,1.0,w8421,729.4632,729.4632
12,storm150_a200_c80,c12_storm_150_a200_c80_0013,2.0,1.0,w16421,1392.3816,1392.3816
12,storm150_a200_c80,c12_storm_150_a200_c80_0013,2.0,1.0,w27931,2340.0081,2340.0081
12,storm150_a200_c80,c12_storm_150_a200_c80_0014,1.0,0.5,w8421,288.2306,288.2306
12,storm150_a200_c80,c12_storm_150_a200_c80_0014,1.0,0.5,w16421,566.2018,566.2018
12,storm150_a200_c80,c12_storm_150_a200_c80_0014,1.0,0.5,w27931,953.5419,953.5419
12,storm150_a200_c80,c12_storm_150_a200_c80_0014,1.0,0.75,w8421,149.2450,149.2450
12,storm150_a200_c80,c12_storm_150_a200_c80_0014,1.0,0.75,w16421,149.2450,149.2450
12,storm150_a200_c80,c12_storm_150_a200_c80_0014,1.0,0.75,w27931,328.1067,328.1067
12,storm150_a200_c80,c12_storm_150_a200_c80_0014,1.0,1.0,w8421,149.2450,149.2450
12,storm150_a200_c80,c12_storm_150_a200_c80_0014,1.0,1.0,w16421,149.2450,149.2450
12,storm150_a200_c80,c12_storm_150_a200_c80_0014,1.0,1.0,w27931,328.1067,328.1067
12,storm150_a200_c80,c12_storm_150_a200_c80_0014,2.0,0.5,w8421,159.5044,159.5044
12,storm150_a200_c80,c12_storm_150_a200_c80_0014,2.0,0.5,w16421,159.5044,159.5044
12,storm150_a200_c80,c12_storm_150_a200_c80_0014,2.0,0.5,w27931,358.8849,358.8849
12,storm150_a200_c80,c12_storm_150_a200_c80_0014,2.0,0.75,w8421,159.5044,159.5044
12,storm150_a200_c80,c12_storm_150_a200_c80_0014,2.0,0.75,w16421,159.5044,159.5044
12,storm150_a200_c80,c12_storm_150_a200_c80_0014,2.0,0.75,w27931,358.8849,358.8849
12,storm150_a200_c80,c12_storm_150_a200_c80_0014,2.0,1.0,w8421,90.0116,90.0116
12,storm150_a200_c80,c12_storm_150_a200_c80_0014,2.0,1.0,w16421,90.0116,90.0116
12,storm150_a200_c80,c12_storm_150_a200_c80_0014,2.0,1.0,w27931,150.4065,150.4065
12,storm150_a200_c80,c12_storm_150_a200_c80_0015,1.0,0.5,w8421,356.4645,356.4645
12,storm150_a200_c80,c12_storm_150_a200_c80_0015,1.0,0.5,w16421,679.6789,679.6789
12,storm150_a200_c80,c12_storm_150_a200_c80_0015,1.0,0.5,w27931,1132.1379,1132.1379
12,storm150_a200_c80,c12_storm_150_a200_c80_0015,1.0,0.75,w8421,356.4645,356.4645
12,storm150_a200_c80,c12_storm_150_a200_c80_0015,1.0,0.75,w16421,679.6789,679.6789
12,storm150_a200_c80,c12_storm_150_a200_c80_0015,1.0,0.75,w27931,1132.1379,1132.1379
12,storm150_a200_c80,c12_storm_150_a200_c80_0015,1.0,1.0,w8421,277.8714,277.8714
12,storm150_a200_c80,c12_storm_150_a200_c80_0015,1.0,1.0,w16421,409.5562,409.5562
12,storm150_a200_c80,c12_storm_150_a200_c80_0015,1.0,1.0,w27931,735.5397,735.5397
12,storm150_a200_c80,c12_storm_150_a200_c80_0015,2.0,0.5,w8421,348.4253,348.4253
12,storm150_a200_c80,c12_storm_150_a200_c80_0015,2.0,0.5,w16421,671.6397,671.6397
12,storm150_a200_c80,c12_storm_150_a200_c80_0015,2.0,0.5,w27931,1116.0595,1116.0595
12,storm150_a200_c80,c12_storm_150_a200_c80_0015,2.0,0.75,w8421,348.4253,348.4253
12,storm150_a200_c80,c12_storm_150_a200_c80_0015,2.0,0.75,w16421,671.6397,671.6397
12,storm150_a200_c80,c12_storm_150_a200_c80_0015,2.0,0.75,w27931,1116.0595,1116.0595
12,storm150_a200_c80,c12_storm_150_a200_c80_0015,2.0,1.0,w8421,228.2756,228.2756
12,storm150_a200_c80,c12_storm_150_a200_c80_0015,2.0,1.0,w16421,359.9604,359.9604
12,storm150_a200_c80,c12_storm_150_a200_c80_0015,2.0,1.0,w27931,594.7915,594.7915
12,storm150_a200_c80,c12_storm_150_a200_c80_0016,1.0,0.5,w8421,716.9866,716.9866
12,storm150_a200_c80,c12_storm_150_a200_c80_0016,1.0,0.5,w16421,1380.5570,1380.5570
12,storm150_a200_c80,c12_storm_150_a200_c80_0016,1.0,0.5,w27931,2334.0609,2334.0609
12,storm150_a200_c80,c12_storm_150_a200_c80_0016,1.0,0.75,w8421,732.7326,732.7326
12,storm150_a200_c80,c12_storm_150_a200_c80_0016,1.0,0.75,w16421,1396.3030,1396.3030
12,storm150_a200_c80,c12_storm_150_a200_c80_0016,1.0,0.75,w27931,2381.2989,2381.2989
12,storm150_a200_c80,c12_storm_150_a200_c80_0016,1.0,1.0,w8421,707.5362,707.5362
12,storm150_a200_c80,c12_storm_150_a200_c80_0016,1.0,1.0,w16421,1320.7138,1320.7138
12,storm150_a200_c80,c12_storm_150_a200_c80_0016,1.0,1.0,w27931,2267.9151,2267.9151
12,storm150_a200_c80,c12_storm_150_a200_c80_0016,2.0,0.5,w8421,503.7483,503.7483
12,storm150_a200_c80,c12_storm_150_a200_c80_0016,2.0,0.5,w16421,778.5123,778.5123
12,storm150_a200_c80,c12_storm_150_a200_c80_0016,2.0,0.5,w27931,1411.9853,1411.9853
12,storm150_a200_c80,c12_storm_150_a200_c80_0016,2.0,0.75,w8421,698.1515,698.1515
12,storm150_a200_c80,c12_storm_150_a200_c80_0016,2.0,0.75,w16421,1361.7219,1361.7219
12,storm150_a200_c80,c12_storm_150_a200_c80_0016,2.0,0.75,w27931,2286.7997,2286.7997
12,storm150_a200_c80,c12_storm_150_a200_c80_0016,2.0,1.0,w8421,694.8445,694.8445
12,storm150_a200_c80,c12_storm_150_a200_c80_0016,2.0,1.0,w16421,1301.1269,1301.1269
12,storm150_a200_c80,c12_storm_150_a200_c80_0016,2.0,1.0,w27931,2233.9127,2233.9127
12,storm150_a200_c80,c12_storm_150_a200_c80_0017,1.0,0.5,w8421,923.4412,923.4412
12,storm150_a200_c80,c12_storm_150_a200_c80_0017,1.0,0.5,w16421,1783.3660,1783.3660
12,storm150_a200_c80,c12_storm_150_a200_c80_0017,1.0,0.5,w27931,3031.5771,3031.5771
12,storm150_a200_c80,c12_storm_150_a200_c80_0017,1.0,0.75,w8421,923.4412,923.4412
12,storm150_a200_c80,c12_storm_150_a200_c80_0017,1.0,0.75,w16421,1783.3660,1783.3660
12,storm150_a200_c80,c12_storm_150_a200_c80_0017,1.0,0.75,w27931,3031.5771,3031.5771
12,storm150_a200_c80,c12_storm_150_a200_c80_0017,1.0,1.0,w8421,909.4444,909.4444
12,storm150_a200_c80,c12_storm_150_a200_c80_0017,1.0,1.0,w16421,1741.3756,1741.3756
12,storm150_a200_c80,c12_storm_150_a200_c80_0017,1.0,1.0,w27931,2968.5915,2968.5915
12,storm150_a200_c80,c12_storm_150_a200_c80_0017,2.0,0.5,w8421,830.8128,830.8128
12,storm150_a200_c80,c12_storm_150_a200_c80_0017,2.0,0.5,w16421,1529.7952,1529.7952
12,storm150_a200_c80,c12_storm_150_a200_c80_0017,2.0,0.5,w27931,2632.9851,2632.9851
12,storm150_a200_c80,c12_storm_150_a200_c80_0017,2.0,0.75,w8421,915.9380,915.9380
12,storm150_a200_c80,c12_storm_150_a200_c80_0017,2.0,0.75,w16421,1785.1708,1785.1708
12,storm150_a200_c80,c12_storm_150_a200_c80_0017,2.0,0.75,w27931,3016.0485,3016.0485
12,storm150_a200_c80,c12_storm_150_a200_c80_0017,2.0,1.0,w8421,928.0952,928.0952
12,storm150_a200_c80,c12_storm_150_a200_c80_0017,2.0,1.0,w16421,1797.3280,1797.3280
12,storm150_a200_c80,c12_storm_150_a200_c80_0017,2.0,1.0,w27931,3052.5201,3052.5201
12,storm150_a200_c80,c12_storm_150_a200_c80_0018,1.0,0.5,w8421,814.1096,814.1096
12,storm150_a200_c80,c12_storm_150_a200_c80_0018,1.0,0.5,w16421,1460.0528,1460.0528
12,storm150_a200_c80,c12_storm_150_a200_c80_0018,1.0,0.5,w27931,2533.1912,2533.1912
12,storm150_a200_c80,c12_storm_150_a200_c80_0018,1.0,0.75,w8421,837.1328,837.1328
12,storm150_a200_c80,c12_storm_150_a200_c80_0018,1.0,0.75,w16421,1529.1224,1529.1224
12,storm150_a200_c80,c12_storm_150_a200_c80_0018,1.0,0.75,w27931,2636.7956,2636.7956
12,storm150_a200_c80,c12_storm_150_a200_c80_0018,1.0,1.0,w8421,732.1763,732.1763
12,storm150_a200_c80,c12_storm_150_a200_c80_0018,1.0,1.0,w16421,1326.6555,1326.6555
12,storm150_a200_c80,c12_storm_150_a200_c80_0018,1.0,1.0,w27931,2242.5196,2242.5196
12,storm150_a200_c80,c12_storm_150_a200_c80_0018,2.0,0.5,w8421,813.5896,813.5896
12,storm150_a200_c80,c12_storm_150_a200_c80_0018,2.0,0.5,w16421,1458.4928,1458.4928
12,storm150_a200_c80,c12_storm_150_a200_c80_0018,2.0,0.5,w27931,2530.8512,2530.8512
12,storm150_a200_c80,c12_storm_150_a200_c80_0018,2.0,0.75,w8421,751.1146,751.1146
12,storm150_a200_c80,c12_storm_150_a200_c80_0018,2.0,0.75,w16421,1396.0178,1396.0178
12,storm150_a200_c80,c12_storm_150_a200_c80_0018,2.0,0.75,w27931,2343.4262,2343.4262
12,storm150_a200_c80,c12_storm_150_a200_c80_0018,2.0,1.0,w8421,694.6651,694.6651
12,storm150_a200_c80,c12_storm_150_a200_c80_0018,2.0,1.0,w16421,1289.1443,1289.1443
12,storm150_a200_c80,c12_storm_150_a200_c80_0018,2.0,1.0,w27931,2167.4972,2167.4972
12,storm150_a200_c80,c12_storm_150_a200_c80_0019,1.0,0.5,w8421,1007.3120,1007.3120
12,storm150_a200_c80,c12_storm_150_a200_c80_0019,1.0,0.5,w16421,1211.2976,1211.2976
12,storm150_a200_c80,c12_storm_150_a200_c80_0019,1.0,0.5,w27931,2495.9358,2495.9358
12,storm150_a200_c80,c12_storm_150_a200_c80_0019,1.0,0.75,w8421,1007.3120,1007.3120
12,storm150_a200_c80,c12_storm_150_a200_c80_0019,1.0,0.75,w16421,1211.2976,1211.2976
12,storm150_a200_c80,c12_storm_150_a200_c80_0019,1.0,0.75,w27931,2495.9358,2495.9358
12,storm150_a200_c80,c12_storm_150_a200_c80_0019,1.0,1.0,w8421,930.3144,930.3144
12,storm150_a200_c80,c12_storm_150_a200_c80_0019,1.0,1.0,w16421,991.0112,991.0112
12,storm150_a200_c80,c12_storm_150_a200_c80_0019,1.0,1.0,w27931,2157.4764,2157.4764
12,storm150_a200_c80,c12_storm_150_a200_c80_0019,2.0,0.5,w8421,1001.9588,1001.9588
12,storm150_a200_c80,c12_storm_150_a200_c80_0019,2.0,0.5,w16421,1205.9444,1205.9444
12,storm150_a200_c80,c12_storm_150_a200_c80_0019,2.0,0.5,w27931,2479.8762,2479.8762
12,storm150_a200_c80,c12_storm_150_a200_c80_0019,2.0,0.75,w8421,643.7044,643.7044
12,storm150_a200_c80,c12_storm_150_a200_c80_0019,2.0,0.75,w16421,704.4012,704.4012
12,storm150_a200_c80,c12_storm_150_a200_c80_0019,2.0,0.75,w27931,1297.6464,1297.6464
12,storm150_a200_c80,c12_storm_150_a200_c80_0019,2.0,1.0,w8421,607.8822,607.8822
12,storm150_a200_c80,c12_storm_150_a200_c80_0019,2.0,1.0,w16421,668.5790,668.5790
12,storm150_a200_c80,c12_storm_150_a200_c80_0019,2.0,1.0,w27931,1190.1798,1190.1798
12,storm150_a200_c80,c12_storm_150_a200_c80_0020,1.0,0.5,w8421,907.7020,907.7020
12,storm150_a200_c80,c12_storm_150_a200_c80_0020,1.0,0.5,w16421,1745.1044,1745.1044
12,storm150_a200_c80,c12_storm_150_a200_c80_0020,1.0,0.5,w27931,2984.4072,2984.4072
12,storm150_a200_c80,c12_storm_150_a200_c80_0020,1.0,0.75,w8421,840.8272,840.8272
12,storm150_a200_c80,c12_storm_150_a200_c80_0020,1.0,0.75,w16421,1544.4800,1544.4800
12,storm150_a200_c80,c12_storm_150_a200_c80_0020,1.0,0.75,w27931,2683.4706,2683.4706
12,storm150_a200_c80,c12_storm_150_a200_c80_0020,1.0,1.0,w8421,822.2080,822.2080
12,storm150_a200_c80,c12_storm_150_a200_c80_0020,1.0,1.0,w16421,1488.6224,1488.6224
12,storm150_a200_c80,c12_storm_150_a200_c80_0020,1.0,1.0,w27931,2599.6842,2599.6842
12,storm150_a200_c80,c12_storm_150_a200_c80_0020,2.0,0.5,w8421,806.5658,806.5658
12,storm150_a200_c80,c12_storm_150_a200_c80_0020,2.0,0.5,w16421,1510.2186,1510.2186
12,storm150_a200_c80,c12_storm_150_a200_c80_0020,2.0,0.5,w27931,2580.6864,2580.6864
12,storm150_a200_c80,c12_storm_150_a200_c80_0020,2.0,0.75,w8421,806.5658,806.5658
12,storm150_a200_c80,c12_storm_150_a200_c80_0020,2.0,0.75,w16421,1510.2186,1510.2186
12,storm150_a200_c80,c12_storm_150_a200_c80_0020,2.0,0.75,w27931,2580.6864,2580.6864
12,storm150_a200_c80,c12_storm_150_a200_c80_0020,2.0,1.0,w8421,806.9120,806.9120
12,storm150_a200_c80,c12_storm_150_a200_c80_0020,2.0,1.0,w16421,1442.7344,1442.7344
12,storm150_a200_c80,c12_storm_150_a200_c80_0020,2.0,1.0,w27931,2530.8522,2530.8522
12,storm150_a200_c80,c12_storm_150_a200_c80_0021,1.0,0.5,w8421,630.6472,630.6472
12,storm150_a200_c80,c12_storm_150_a200_c80_0021,1.0,0.5,w16421,1258.1072,1258.1072
12,storm150_a200_c80,c12_storm_150_a200_c80_0021,1.0,0.5,w27931,2124.8487,2124.8487
12,storm150_a200_c80,c12_storm_150_a200_c80_0021,1.0,0.75,w8421,630.1336,630.1336
12,storm150_a200_c80,c12_storm_150_a200_c80_0021,1.0,0.75,w16421,1256.5664,1256.5664
12,storm150_a200_c80,c12_storm_150_a200_c80_0021,1.0,0.75,w27931,2122.5375,2122.5375
12,storm150_a200_c80,c12_storm_150_a200_c80_0021,1.0,1.0,w8421,553.2832,553.2832
12,storm150_a200_c80,c12_storm_150_a200_c80_0021,1.0,1.0,w16421,1026.5288,1026.5288
12,storm150_a200_c80,c12_storm_150_a200_c80_0021,1.0,1.0,w27931,1777.0959,1777.0959
12,storm150_a200_c80,c12_storm_150_a200_c80_0021,2.0,0.5,w8421,628.5400,628.5400
12,storm150_a200_c80,c12_storm_150_a200_c80_0021,2.0,0.5,w16421,1254.9728,1254.9728
12,storm150_a200_c80,c12_storm_150_a200_c80_0021,2.0,0.5,w27931,2117.7567,2117.7567
12,storm150_a200_c80,c12_storm_150_a200_c80_0021,2.0,0.75,w8421,628.2832,628.2832
12,storm150_a200_c80,c12_storm_150_a200_c80_0021,2.0,0.75,w16421,1254.7160,1254.7160
12,storm150_a200_c80,c12_storm_150_a200_c80_0021,2.0,0.75,w27931,2116.9863,2116.9863
12,storm150_a200_c80,c12_storm_150_a200_c80_0021,2.0,1.0,w8421,550.0960,550.0960
12,storm150_a200_c80,c12_storm_150_a200_c80_0021,2.0,1.0,w16421,1016.9672,1016.9672
12,storm150_a200_c80,c12_storm_150_a200_c80_0021,2.0,1.0,w27931,1762.7535,1762.7535
12,storm150_a200_c80,c12_storm_150_a200_c80_0022,1.0,0.5,w8421,399.6347,399.6347
12,storm150_a200_c80,c12_storm_150_a200_c80_0022,1.0,0.5,w16421,787.2379,787.2379
12,storm150_a200_c80,c12_storm_150_a200_c80_0022,1.0,0.5,w27931,1329.5173,1329.5173
12,storm150_a200_c80,c12_storm_150_a200_c80_0022,1.0,0.75,w8421,404.2062,404.2062
12,storm150_a200_c80,c12_storm_150_a200_c80_0022,1.0,0.75,w16421,791.8094,791.8094
12,storm150_a200_c80,c12_storm_150_a200_c80_0022,1.0,0.75,w27931,1338.6603,1338.6603
12,storm150_a200_c80,c12_storm_150_a200_c80_0022,1.0,1.0,w8421,227.4794,227.4794
12,storm150_a200_c80,c12_storm_150_a200_c80_0022,1.0,1.0,w16421,261.6290,261.6290
12,storm150_a200_c80,c12_storm_150_a200_c80_0022,1.0,1.0,w27931,543.3897,543.3897
12,storm150_a200_c80,c12_storm_150_a200_c80_0022,2.0,0.5,w8421,254.2691,254.2691
12,storm150_a200_c80,c12_storm_150_a200_c80_0022,2.0,0.5,w16421,358.6011,358.6011
12,storm150_a200_c80,c12_storm_150_a200_c80_0022,2.0,0.5,w27931,680.9671,680.9671
12,storm150_a200_c80,c12_storm_150_a200_c80_0022,2.0,0.75,w8421,254.2691,254.2691
12,storm150_a200_c80,c12_storm_150_a200_c80_0022,2.0,0.75,w16421,358.6011,358.6011
12,storm150_a200_c80,c12_storm_150_a200_c80_0022,2.0,0.75,w27931,680.9671,680.9671
12,storm150_a200_c80,c12_storm_150_a200_c80_0022,2.0,1.0,w8421,210.4046,210.4046
12,storm150_a200_c80,c12_storm_150_a200_c80_0022,2.0,1.0,w16421,210.4046,210.4046
12,storm150_a200_c80,c12_storm_150_a200_c80_0022,2.0,1.0,w27931,466.5531,466.5531
12,storm150_a200_c80,c12_storm_150_a200_c80_0023,1.0,0.5,w8421,619.0808,619.0808
12,storm150_a200_c80,c12_storm_150_a200_c80_0023,1.0,0.5,w16421,1238.1616,1238.1616
12,storm150_a200_c80,c12_storm_150_a200_c80_0023,1.0,0.5,w27931,2089.3977,2089.3977
12,storm150_a200_c80,c12_storm_150_a200_c80_0023,1.0,0.75,w8421,619.0808,619.0808
12,storm150_a200_c80,c12_storm_150_a200_c80_0023,1.0,0.75,w16421,1238.1616,1238.1616
12,storm150_a200_c80,c12_storm_150_a200_c80_0023,1.0,0.75,w27931,2089.3977,2089.3977
12,storm150_a200_c80,c12_storm_150_a200_c80_0023,1.0,1.0,w8421,523.0880,523.0880
12,storm150_a200_c80,c12_storm_150_a200_c80_0023,1.0,1.0,w16421,950.1832,950.1832
12,storm150_a200_c80,c12_storm_150_a200_c80_0023,1.0,1.0,w27931,1657.4301,1657.4301
12,storm150_a200_c80,c12_storm_150_a200_c80_0023,2.0,0.5,w8421,619.0808,619.0808
12,storm150_a200_c80,c12_storm_150_a200_c80_0023,2.0,0.5,w16421,1238.1616,1238.1616
12,storm150_a200_c80,c12_storm_150_a200_c80_0023,2.0,0.5,w27931,2089.3977,2089.3977
12,storm150_a200_c80,c12_storm_150_a200_c80_0023,2.0,0.75,w8421,549.3200,549.3200
12,storm150_a200_c80,c12_storm_150_a200_c80_0023,2.0,0.75,w16421,1028.8792,1028.8792
12,storm150_a200_c80,c12_storm_150_a200_c80_0023,2.0,0.75,w27931,1775.4741,1775.4741
12,storm150_a200_c80,c12_storm_150_a200_c80_0023,2.0,1.0,w8421,488.2076,488.2076
12,storm150_a200_c80,c12_storm_150_a200_c80_0023,2.0,1.0,w16421,915.3028,915.3028
12,storm150_a200_c80,c12_storm_150_a200_c80_0023,2.0,1.0,w27931,1552.7889,1552.7889
12,storm150_a200_c80,c12_storm_150_a200_c80_0024,1.0,0.5,w8421,37.4890,37.4890
12,storm150_a200_c80,c12_storm_150_a200_c80_0024,1.0,0.5,w16421,37.4890,37.4890
12,storm150_a200_c80,c12_storm_150_a200_c80_0024,1.0,0.5,w27931,69.7893,69.7893
12,storm150_a200_c80,c12_storm_150_a200_c80_0024,1.0,0.75,w8421,41.3550,41.3550
12,storm150_a200_c80,c12_storm_150_a200_c80_0024,1.0,0.75,w16421,49.0870,49.0870
12,storm150_a200_c80,c12_storm_150_a200_c80_0024,1.0,0.75,w27931,87.1863,87.1863
12,storm150_a200_c80,c12_storm_150_a200_c80_0024,1.0,1.0,w8421,41.3550,41.3550
12,storm150_a200_c80,c12_storm_150_a200_c80_0024,1.0,1.0,w16421,49.0870,49.0870
12,storm150_a200_c80,c12_storm_150_a200_c80_0024,1.0,1.0,w27931,87.1863,87.1863
12,storm150_a200_c80,c12_storm_150_a200_c80_0024,2.0,0.5,w8421,20.6775,20.6775
12,storm150_a200_c80,c12_storm_150_a200_c80_0024,2.0,0.5,w16421,20.6775,20.6775
12,storm150_a200_c80,c12_storm_150_a200_c80_0024,2.0,0.5,w27931,29.0621,29.0621
12,storm150_a200_c80,c12_storm_150_a200_c80_0024,2.0,0.75,w8421,24.5435,24.5435
12,storm150_a200_c80,c12_storm_150_a200_c80_0024,2.0,0.75,w16421,32.2755,32.2755
12,storm150_a200_c80,c12_storm_150_a200_c80_0024,2.0,0.75,w27931,46.4591,46.4591
12,storm150_a200_c80,c12_storm_150_a200_c80_0024,2.0,1.0,w8421,31.6477,31.6477
12,storm150_a200_c80,c12_storm_150_a200_c80_0024,2.0,1.0,w16421,39.3797,39.3797
12,storm150_a200_c80,c12_storm_150_a200_c80_0024,2.0,1.0,w27931,67.7717,67.7717
12,storm150_a200_c80,c12_storm_150_a200_c80_0025,1.0,0.5,w8421,200.5012,200.5012
12,storm150_a200_c80,c12_storm_150_a200_c80_0025,1.0,0.5,w16421,342.9100,342.9100
12,storm150_a200_c80,c12_storm_150_a200_c80_0025,1.0,0.5,w27931,611.3376,611.3376
12,storm150_a200_c80,c12_storm_150_a200_c80_0025,1.0,0.75,w8421,171.4550,171.4550
12,storm150_a200_c80,c12_storm_150_a200_c80_0025,1.0,0.75,w16421,313.8638,313.8638
12,storm150_a200_c80,c12_storm_150_a200_c80_0025,1.0,0.75,w27931,524.1990,524.1990
12,storm150_a200_c80,c12_storm_150_a200_c80_0025,1.0,1.0,w8421,102.1778,102.1778
12,storm150_a200_c80,c12_storm_150_a200_c80_0025,1.0,1.0,w16421,106.0322,106.0322
12,storm150_a200_c80,c12_storm_150_a200_c80_0025,1.0,1.0,w27931,212.4516,212.4516
12,storm150_a200_c80,c12_storm_150_a200_c80_0025,2.0,0.5,w8421,171.4550,171.4550
12,storm150_a200_c80,c12_storm_150_a200_c80_0025,2.0,0.5,w16421,313.8638,313.8638
12,storm150_a200_c80,c12_storm_150_a200_c80_0025,2.0,0.5,w27931,524.1990,524.1990
12,storm150_a200_c80,c12_storm_150_a200_c80_0025,2.0,0.75,w8421,124.7598,124.7598
12,storm150_a200_c80,c12_storm_150_a200_c80_0025,2.0,0.75,w16421,173.7782,173.7782
12,storm150_a200_c80,c12_storm_150_a200_c80_0025,2.0,0.75,w27931,314.0706,314.0706
12,storm150_a200_c80,c12_storm_150_a200_c80_0025,2.0,1.0,w8421,102.1778,102.1778
12,storm150_a200_c80,c12_storm_150_a200_c80_0025,2.0,1.0,w16421,106.0322,106.0322
12,storm150_a200_c80,c12_storm_150_a200_c80_0025,2.0,1.0,w27931,212.4516,212.4516
12,storm150_a200_c80,c12_storm_150_a200_c80_0026,1.0,0.5,w8421,292.7223,292.7223
12,storm150_a200_c80,c12_storm_150_a200_c80_0026,1.0,0.5,w16421,477.0983,477.0983
12,storm150_a200_c80,c12_storm_150_a200_c80_0026,1.0,0.5,w27931,847.6798,847.6798
12,storm150_a200_c80,c12_storm_150_a200_c80_0026,1.0,0.75,w8421,332.6839,332.6839
12,storm150_a200_c80,c12_storm_150_a200_c80_0026,1.0,0.75,w16421,596.9831,596.9831
12,storm150_a200_c80,c12_storm_150_a200_c80_0026,1.0,0.75,w27931,1027.5070,1027.5070
12,storm150_a200_c80,c12_storm_150_a200_c80_0026,1.0,1.0,w8421,355.0772,355.0772
12,storm150_a200_c80,c12_storm_150_a200_c80_0026,1.0,1.0,w16421,638.3724,638.3724
12,storm150_a200_c80,c12_storm_150_a200_c80_0026,1.0,1.0,w27931,1094.2392,1094.2392
12,storm150_a200_c80,c12_storm_150_a200_c80_0026,2.0,0.5,w8421,272.6639,272.6639
12,storm150_a200_c80,c12_storm_150_a200_c80_0026,2.0,0.5,w16421,425.9671,425.9671
12,storm150_a200_c80,c12_storm_150_a200_c80_0026,2.0,0.5,w27931,764.2000,764.2000
12,storm150_a200_c80,c12_storm_150_a200_c80_0026,2.0,0.75,w8421,312.6255,312.6255
12,storm150_a200_c80,c12_storm_150_a200_c80_0026,2.0,0.75,w16421,545.8519,545.8519
12,storm150_a200_c80,c12_storm_150_a200_c80_0026,2.0,0.75,w27931,944.0272,944.0272
12,storm150_a200_c80,c12_storm_150_a200_c80_0026,2.0,1.0,w8421,315.3481,315.3481
12,storm150_a200_c80,c12_storm_150_a200_c80_0026,2.0,1.0,w16421,548.5745,548.5745
12,storm150_a200_c80,c12_storm_150_a200_c80_0026,2.0,1.0,w27931,952.1950,952.1950
12,storm150_a200_c80,c12_storm_150_a200_c80_0027,1.0,0.5,w8421,1179.5122,1179.5122
12,storm150_a200_c80,c12_storm_150_a200_c80_0027,1.0,0.5,w16421,2062.6186,2062.6186
12,storm150_a200_c80,c12_storm_150_a200_c80_0027,1.0,0.5,w27931,3552.9288,3552.9288
12,storm150_a200_c80,c12_storm_150_a200_c80_0027,1.0,0.75,w8421,848.0530,848.0530
12,storm150_a200_c80,c12_storm_150_a200_c80_0027,1.0,0.75,w16421,1068.2410,1068.2410
12,storm150_a200_c80,c12_storm_150_a200_c80_0027,1.0,0.75,w27931,2061.3624,2061.3624
12,storm150_a200_c80,c12_storm_150_a200_c80_0027,1.0,1.0,w8421,880.3918,880.3918
12,storm150_a200_c80,c12_storm_150_a200_c80_0027,1.0,1.0,w16421,1032.8166,1032.8166
12,storm150_a200_c80,c12_storm_150_a200_c80_0027,1.0,1.0,w27931,2107.5564,2107.5564
12,storm150_a200_c80,c12_storm_150_a200_c80_0027,2.0,0.5,w8421,1259.7698,1259.7698
12,storm150_a200_c80,c12_storm_150_a200_c80_0027,2.0,0.5,w16421,2303.3914,2303.3914
12,storm150_a200_c80,c12_storm_150_a200_c80_0027,2.0,0.5,w27931,3914.0880,3914.0880
12,storm150_a200_c80,c12_storm_150_a200_c80_0027,2.0,0.75,w8421,841.1726,841.1726
12,storm150_a200_c80,c12_storm_150_a200_c80_0027,2.0,0.75,w16421,1061.3606,1061.3606
12,storm150_a200_c80,c12_storm_150_a200_c80_0027,2.0,0.75,w27931,2047.6016,2047.6016
12,storm150_a200_c80,c12_storm_150_a200_c80_0027,2.0,1.0,w8421,533.3491,533.3491
12,storm150_a200_c80,c12_storm_150_a200_c80_0027,2.0,1.0,w16421,685.7739,685.7739
12,storm150_a200_c80,c12_storm_150_a200_c80_0027,2.0,1.0,w27931,1096.2970,1096.2970
12,storm150_a200_c80,c12_storm_150_a200_c80_0028,1.0,0.5,w8421,1173.6476,1173.6476
12,storm150_a200_c80,c12_storm_150_a200_c80_0028,1.0,0.5,w16421,1627.2148,1627.2148
12,storm150_a200_c80,c12_storm_150_a200_c80_0028,1.0,0.5,w27931,3131.9607,3131.9607
12,storm150_a200_c80,c12_storm_150_a200_c80_0028,1.0,0.75,w8421,860.2076,860.2076
12,storm150_a200_c80,c12_storm_150_a200_c80_0028,1.0,0.75,w16421,954.3540,954.3540
12,storm150_a200_c80,c12_storm_150_a200_c80_0028,1.0,0.75,w27931,1922.0751,1922.0751
12,storm150_a200_c80,c12_storm_150_a200_c80_0028,1.0,1.0,w8421,875.4152,875.4152
12,storm150_a200_c80,c12_storm_150_a200_c80_0028,1.0,1.0,w16421,969.5616,969.5616
12,storm150_a200_c80,c12_storm_150_a200_c80_0028,1.0,1.0,w27931,1952.4903,1952.4903
12,storm150_a200_c80,c12_storm_150_a200_c80_0028,2.0,0.5,w8421,641.5008,641.5008
12,storm150_a200_c80,c12_storm_150_a200_c80_0028,2.0,0.5,w16421,735.6472,735.6472
12,storm150_a200_c80,c12_storm_150_a200_c80_0028,2.0,0.5,w27931,1265.9547,1265.9547
12,storm150_a200_c80,c12_storm_150_a200_c80_0028,2.0,0.75,w8421,641.5008,641.5008
12,storm150_a200_c80,c12_storm_150_a200_c80_0028,2.0,0.75,w16421,735.6472,735.6472
12,storm150_a200_c80,c12_storm_150_a200_c80_0028,2.0,0.75,w27931,1265.9547,1265.9547
12,storm150_a200_c80,c12_storm_150_a200_c80_0028,2.0,1.0,w8421,491.9846,491.9846
12,storm150_a200_c80,c12_storm_150_a200_c80_0028,2.0,1.0,w16421,586.1310,586.1310
12,storm150_a200_c80,c12_storm_150_a200_c80_0028,2.0,1.0,w27931,884.2709,884.2709
12,storm150_a200_c80,c12_storm_150_a200_c80_0029,1.0,0.5,w8421,675.5328,675.5328
12,storm150_a200_c80,c12_storm_150_a200_c80_0029,1.0,0.5,w16421,1340.3736,1340.3736
12,storm150_a200_c80,c12_storm_150_a200_c80_0029,1.0,0.5,w27931,2267.8947,2267.8947
12,storm150_a200_c80,c12_storm_150_a200_c80_0029,1.0,0.75,w8421,675.5328,675.5328
12,storm150_a200_c80,c12_storm_150_a200_c80_0029,1.0,0.75,w16421,1340.3736,1340.3736
12,storm150_a200_c80,c12_storm_150_a200_c80_0029,1.0,0.75,w27931,2267.8947,2267.8947
12,storm150_a200_c80,c12_storm_150_a200_c80_0029,1.0,1.0,w8421,686.2248,686.2248
12,storm150_a200_c80,c12_storm_150_a200_c80_0029,1.0,1.0,w16421,1372.4496,1372.4496
12,storm150_a200_c80,c12_storm_150_a200_c80_0029,1.0,1.0,w27931,2316.0087,2316.0087
12,storm150_a200_c80,c12_storm_150_a200_c80_0029,2.0,0.5,w8421,674.5716,674.5716
12,storm150_a200_c80,c12_storm_150_a200_c80_0029,2.0,0.5,w16421,1337.4900,1337.4900
12,storm150_a200_c80,c12_storm_150_a200_c80_0029,2.0,0.5,w27931,2263.5693,2263.5693
12,storm150_a200_c80,c12_storm_150_a200_c80_0029,2.0,0.75,w8421,674.5716,674.5716
12,storm150_a200_c80,c12_storm_150_a200_c80_0029,2.0,0.75,w16421,1337.4900,1337.4900
12,storm150_a200_c80,c12_storm_150_a200_c80_0029,2.0,0.75,w27931,2263.5693,2263.5693
12,storm150_a200_c80,c12_storm_150_a200_c80_0029,2.0,1.0,w8421,674.5716,674.5716
12,storm150_a200_c80,c12_storm_150_a200_c80_0029,2.0,1.0,w16421,1337.4900,1337.4900
12,storm150_a200_c80,c12_storm_150_a200_c80_0029,2.0,1.0,w27931,2263.5693,2263.5693
12,pmmix150_p20_c60,c12_pmmix_150_p20_c60_0000,1.0,0.5,w8421,408.7316,408.7316
12,pmmix150_p20_c60,c12_pmmix_150_p20_c60_0000,1.0,0.5,w16421,779.1668,779.1668
12,pmmix150_p20_c60,c12_pmmix_150_p20_c60_0000,1.0,0.5,w27931,1336.3857,1336.3857
12,pmmix150_p20_c60,c12_pmmix_150_p20_c60_0000,1.0,0.75,w8421,408.7316,408.7316
12,pmmix150_p20_c60,c12_pmmix_150_p20_c60_0000,1.0,0.75,w16421,779.1668,779.1668
12,pmmix150_p20_c60,c12_pmmix_150_p20_c60_0000,1.0,0.75,w27931,1336.3857,1336.3857
12,pmmix150_p20_c60,c12_pmmix_150_p20_c60_0000,1.0,1.0,w8421,227.8152,227.8152
12,pmmix150_p20_c60,c12_pmmix_150_p20_c60_0000,1.0,1.0,w16421,236.4176,236.4176
12,pmmix150_p20_c60,c12_pmmix_150_p20_c60_0000,1.0,1.0,w27931,522.2619,522.2619
12,pmmix150_p20_c60,c12_pmmix_150_p20_c60_0000,2.0,0.5,w8421,367.5494,367.5494
12,pmmix150_p20_c60,c12_pmmix_150_p20_c60_0000,2.0,0.5,w16421,693.9166,693.9166
12,pmmix150_p20_c60,c12_pmmix_150_p20_c60_0000,2.0,0.5,w27931,1179.7881,1179.7881
12,pmmix150_p20_c60,c12_pmmix_150_p20_c60_0000,2.0,0.75,w8421,251.3718,251.3718
12,pmmix150_p20_c60,c12_pmmix_150_p20_c60_0000,2.0,0.75,w16421,345.3838,345.3838
12,pmmix150_p20_c60,c12_pmmix_150_p20_c60_0000,2.0,0.75,w27931,656.9889,656.9889
12,pmmix150_p20_c60,c12_pmmix_150_p20_c60_0000,2.0,1.0,w8421,189.8402,189.8402
12,pmmix150_p20_c60,c12_pmmix_150_p20_c60_0000,2.0,1.0,w16421,198.4426,198.4426
12,pmmix150_p20_c60,c12_pmmix_150_p20_c60_0000,2.0,1.0,w27931,408.3369,408.3369
12,pmmix150_p20_c60,c12_pmmix_150_p20_c60_0001,1.0,0.5,w8421,478.6804,478.6804
12,pmmix150_p20_c60,c12_pmmix_150_p20_c60_0001,1.0,0.5,w16421,787.0524,787.0524
12,pmmix150_p20_c60,c12_pmmix_150_p20_c60_0001,1.0,0.5,w27931,1402.9299,1402.9299
12,pmmix150_p20_c60,c12_pmmix_150_p20_c60_0001,1.0,0.75,w8421,383.2086,383.2086
12,pmmix150_p20_c60,c12_pmmix_150_p20_c60_0001,1.0,0.75,w16421,475.7326,475.7326
12,pmmix150_p20_c60,c12_pmmix_150_p20_c60_0001,1.0,0.75,w27931,954.6285,954.6285
12,pmmix150_p20_c60,c12_pmmix_150_p20_c60_0001,1.0,1.0,w8421,364.4408,364.4408
12,pmmix150_p20_c60,c12_pmmix_150_p20_c60_0001,1.0,1.0,w16421,416.8024,416.8024
12,pmmix150_p20_c60,c12_pmmix_150_p20_c60_0001,1.0,1.0,w27931,868.2033,868.2033
12,pmmix150_p20_c60,c12_pmmix_150_p20_c60_0001,2.0,0.5,w8421,299.6152,299.6152
12,pmmix150_p20_c60,c12_pmmix_150_p20_c60_0001,2.0,0.5,w16421,392.1392,392.1392
12,pmmix150_p20_c60,c12_pmmix_150_p20_c60_0001,2.0,0.5,w27931,703.8483,703.8483
12,pmmix150_p20_c60,c12_pmmix_150_p20_c60_0001,2.0,0.75,w8421,313.8756,313.8756
12,pmmix150_p20_c60,c12_pmmix_150_p20_c60_0001,2.0,0.75,w16421,406.3996,406.3996
12,pmmix150_p20_c60,c12_pmmix_150_p20_c60_0001,2.0,0.75,w27931,746.6295,746.6295
12,pmmix150_p20_c60,c12_pmmix_150_p20_c60_0001,2.0,1.0,w8421,250.9712,250.9712
12,pmmix150_p20_c60,c12_pmmix_150_p20_c60_0001,2.0,1.0,w16421,298.0792,298.0792
12,pmmix150_p20_c60,c12_pmmix_150_p20_c60_0001,2.0,1.0,w27931,523.8543,523.8543
12,pmmix150_p20_c60,c12_pmmix_150_p20_c60_0002,1.0,0.5,w8421,82.3700,82.3700
12,pmmix150_p20_c60,c12_pmmix_150_p20_c60_0002,1.0,0.5,w16421,110.9948,110.9948
12,pmmix150_p20_c60,c12_pmmix_150_p20_c60_0002,1.0,0.5,w27931,217.5354,217.5354
12,pmmix150_p20_c60,c12_pmmix_150_p20_c60_0002,1.0,0.75,w8421,82.3700,82.3700
12,pmmix150_p20_c60,c12_pmmix_150_p20_c60_0002,1.0,0.75,w16421,110.9948,110.9948
12,pmmix150_p20_c60,c12_pmmix_150_p20_c60_0002,1.0,0.75,w27931,217.5354,217.5354
12,pmmix150_p20_c60,c12_pmmix_150_p20_c60_0002,1.0,1.0,w8421,109.7812,109.7812
12,pmmix150_p20_c60,c12_pmmix_150_p20_c60_0002,1.0,1.0,w16421,193.2284,193.2284
12,pmmix150_p20_c60,c12_pmmix_150_p20_c60_0002,1.0,1.0,w27931,340.8858,340.8858
12,pmmix150_p20_c60,c12_pmmix_150_p20_c60_0002,2.0,0.5,w8421,53.6270,53.6270
12,pmmix150_p20_c60,c12_pmmix_150_p20_c60_0002,2.0,0.5,w16421,78.5110,78.5110
12,pmmix150_p20_c60,c12_pmmix_150_p20_c60_0002,2.0,0.5,w27931,128.5008,128.5008
12,pmmix150_p20_c60,c12_pmmix_150_p20_c60_0002,2.0,0.75,w8421,91.1618,91.1618
12,pmmix150_p20_c60,c12_pmmix_150_p20_c60_0002,2.0,0.75,w16421,166.0922,166.0922
12,pmmix150_p20_c60,c12_pmmix_150_p20_c60_0002,2.0,0.75,w27931,278.6400,278.6400
12,pmmix150_p20_c60,c12_pmmix_150_p20_c60_0002,2.0,1.0,w8421,105.5228,105.5228
12,pmmix150_p20_c60,c12_pmmix_150_p20_c60_0002,2.0,1.0,w16421,180.4532,180.4532
12,pmmix150_p20_c60,c12_pmmix_150_p20_c60_0002,2.0,1.0,w27931,321.7230,321.7230
12,pmmix150_p20_c60,c12_pmmix_150_p20_c60_0003,1.0,0.5,w8421,697.9664,697.9664
12,pmmix150_p20_c60,c12_pmmix_150_p20_c60_0003,1.0,0.5,w16421,1278.9400,1278.9400
12,pmmix150_p20_c60,c12_pmmix_150_p20_c60_0003,1.0,0.5,w27931,2224.0197,2224.0197
12,pmmix150_p20_c60,c12_pmmix_150_p20_c60_0003,1.0,0.75,w8421,562.5192,562.5192
12,pmmix150_p20_c60,c12_pmmix_150_p20_c60_0003,1.0,0.75,w16421,872.5984,872.5984
12,pmmix150_p20_c60,c12_pmmix_150_p20_c60_0003,1.0,0.75,w27931,1614.5073,1614.5073
12,pmmix150_p20_c60,c12_pmmix_150_p20_c60_0003,1.0,1.0,w8421,562.5192,562.5192
12,pmmix150_p20_c60,c12_pmmix_150_p20_c60_0003,1.0,1.0,w16421,872.5984,872.5984
12,pmmix150_p20_c60,c12_pmmix_150_p20_c60_0003,1.0,1.0,w27931,1614.5073,1614.5073
12,pmmix150_p20_c60,c12_pmmix_150_p20_c60_0003,2.0,0.5,w8421,504.0228,504.0228
12,pmmix150_p20_c60,c12_pmmix_150_p20_c60_0003,2.0,0.5,w16421,814.1020,814.1020
12,pmmix150_p20_c60,c12_pmmix_150_p20_c60_0003,2.0,0.5,w27931,1439.0181,1439.0181
12,pmmix150_p20_c60,c12_pmmix_150_p20_c60_0003,2.0,0.75,w8421,504.0228,504.0228
12,pmmix150_p20_c60,c12_pmmix_150_p20_c60_0003,2.0,0.75,w16421,814.1020,814.1020
12,pmmix150_p20_c60,c12_pmmix_150_p20_c60_0003,2.0,0.75,w27931,1439.0181,1439.0181
12,pmmix150_p20_c60,c12_pmmix_150_p20_c60_0003,2.0,1.0,w8421,451.7518,451.7518
12,pmmix150_p20_c60,c12_pmmix_150_p20_c60_0003,2.0,1.0,w16421,741.3742,741.3742
12,pmmix150_p20_c60,c12_pmmix_150_p20_c60_0003,2.0,1.0,w27931,1266.8625,1266.8625
12,pmmix150_p20_c60,c12_pmmix_150_p20_c60_0004,1.0,0.5,w8421,117.3286,117.3286
12,pmmix150_p20_c60,c12_pmmix_150_p20_c60_0004,1.0,0.5,w16421,206.8222,206.8222
12,pmmix150_p20_c60,c12_pmmix_150_p20_c60_0004,1.0,0.5,w27931,360.1179,360.1179
12,pmmix150_p20_c60,c12_pmmix_150_p20_c60_0004,1.0,0.75,w8421,117.3286,117.3286
12,pmmix150_p20_c60,c12_pmmix_150_p20_c60_0004,1.0,0.75,w16421,206.8222,206.8222
12,pmmix150_p20_c60,c12_pmmix_150_p20_c60_0004,1.0,0.75,w27931,360.1179,360.1179
12,pmmix150_p20_c60,c12_pmmix_150_p20_c60_0004,1.0,1.0,w8421,96.0426,96.0426
12,pmmix150_p20_c60,c12_pmmix_150_p20_c60_0004,1.0,1.0,w16421,142.9642,142.9642
12,pmmix150_p20_c60,c12_pmmix_150_p20_c60_0004,1.0,1.0,w27931,264.3309,264.3309
12,pmmix150_p20_c60,c12_pmmix_150_p20_c60_0004,2.0,0.5,w8421,102.2316,102.2316
12,pmmix150_p20_c60,c12_pmmix_150_p20_c60_0004,2.0,0.5,w16421,169.9668,169.9668
12,pmmix150_p20_c60,c12_pmmix_150_p20_c60_0004,2.0,0.5,w27931,298.5081,298.5081
12,pmmix150_p20_c60,c12_pmmix_150_p20_c60_0004,2.0,0.75,w8421,110.6634,110.6634
12,pmmix150_p20_c60,c12_pmmix_150_p20_c60_0004,2.0,0.75,w16421,200.1570,200.1570
12,pmmix150_p20_c60,c12_pmmix_150_p20_c60_0004,2.0,0.75,w27931,340.1223,340.1223
12,pmmix150_p20_c60,c12_pmmix_150_p20_c60_0004,2.0,1.0,w8421,86.3429,86.3429
12,pmmix150_p20_c60,c12_pmmix_150_p20_c60_0004,2.0,1.0,w16421,133.2645,133.2645
12,pmmix150_p20_c60,c12_pmmix_150_p20_c60_0004,2.0,1.0,w27931,238.2663,238.2663
12,pmmix150_p20_c60,c12_pmmix_150_p20_c60_0005,1.0,0.5,w8421,277.0668,277.0668
12,pmmix150_p20_c60,c12_pmmix_150_p20_c60_0005,1.0,0.5,w16421,503.8724,503.8724
12,pmmix150_p20_c60,c12_pmmix_150_p20_c60_0005,1.0,0.5,w27931,878.5566,878.5566
12,pmmix150_p20_c60,c12_pmmix_150_p20_c60_0005,1.0,0.75,w8421,259.9646,259.9646
12,pmmix150_p20_c60,c12_pmmix_150_p20_c60_0005,1.0,0.75,w16421,486.7702,486.7702
12,pmmix150_p20_c60,c12_pmmix_150_p20_c60_0005,1.0,0.75,w27931,827.2500,827.2500
12,pmmix150_p20_c60,c12_pmmix_150_p20_c60_0005,1.0,1.0,w8421,276.0214,276.0214
12,pmmix150_p20_c60,c12_pmmix_150_p20_c60_0005,1.0,1.0,w16421,534.9406,534.9406
12,pmmix150_p20_c60,c12_pmmix_150_p20_c60_0005,1.0,1.0,w27931,899.5056,899.5056
12,pmmix150_p20_c60,c12_pmmix_150_p20_c60_0005,2.0,0.5,w8421,149.5858,149.5858
12,pmmix150_p20_c60,c12_pmmix_150_p20_c60_0005,2.0,0.5,w16421,171.6906,171.6906
12,pmmix150_p20_c60,c12_pmmix_150_p20_c60_0005,2.0,0.5,w27931,342.5880,342.5880
12,pmmix150_p20_c60,c12_pmmix_150_p20_c60_0005,2.0,0.75,w8421,251.9362,251.9362
12,pmmix150_p20_c60,c12_pmmix_150_p20_c60_0005,2.0,0.75,w16421,478.7418,478.7418
12,pmmix150_p20_c60,c12_pmmix_150_p20_c60_0005,2.0,0.75,w27931,803.1648,803.1648
12,pmmix150_p20_c60,c12_pmmix_150_p20_c60_0005,2.0,1.0,w8421,251.4135,251.4135
12,pmmix150_p20_c60,c12_pmmix_150_p20_c60_0005,2.0,1.0,w16421,478.2191,478.2191
12,pmmix150_p20_c60,c12_pmmix_150_p20_c60_0005,2.0,1.0,w27931,810.1478,810.1478
12,pmmix150_p20_c60,c12_pmmix_150_p20_c60_0006,1.0,0.5,w8421,238.4008,238.4008
12,pmmix150_p20_c60,c12_pmmix_150_p20_c60_0006,1.0,0.5,w16421,462.7536,462.7536
12,pmmix150_p20_c60,c12_pmmix_150_p20_c60_0006,1.0,0.5,w27931,778.2627,778.2627
12,pmmix150_p20_c60,c12_pmmix_150_p20_c60_0006,1.0,0.75,w8421,238.4008,238.4008
12,pmmix150_p20_c60,c12_pmmix_150_p20_c60_0006,1.0,0.75,w16421,462.7536,462.7536
12,pmmix150_p20_c60,c12_pmmix_150_p20_c60_0006,1.0,0.75,w27931,778.2627,778.2627
12,pmmix150_p20_c60,c12_pmmix_150_p20_c60_0006,1.0,1.0,w8421,238.4008,238.4008
12,pmmix150_p20_c60,c12_pmmix_150_p20_c60_0006,1.0,1.0,w16421,462.7536,462.7536
12,pmmix150_p20_c60,c12_pmmix_150_p20_c60_0006,1.0,1.0,w27931,778.2627,778.2627
12,pmmix150_p20_c60,c12_pmmix_150_p20_c60_0006,2.0,0.5,w8421,217.8012,217.8012
12,pmmix150_p20_c60,c12_pmmix_150_p20_c60_0006,2.0,0.5,w16421,400.9548,400.9548
12,pmmix150_p20_c60,c12_pmmix_150_p20_c60_0006,2.0,0.5,w27931,685.5645,685.5645
12,pmmix150_p20_c60,c12_pmmix_150_p20_c60_0006,2.0,0.75,w8421,238.4008,238.4008
12,pmmix150_p20_c60,c12_pmmix_150_p20_c60_0006,2.0,0.75,w16421,462.7536,462.7536
12,pmmix150_p20_c60,c12_pmmix_150_p20_c60_0006,2.0,0.75,w27931,778.2627,778.2627
12,pmmix150_p20_c60,c12_pmmix_150_p20_c60_0006,2.0,1.0,w8421,146.8240,146.8240
12,pmmix150_p20_c60,c12_pmmix_150_p20_c60_0006,2.0,1.0,w16421,188.0232,188.0232
12,pmmix150_p20_c60,c12_pmmix_150_p20_c60_0006,2.0,1.0,w27931,366.1671,366.1671
12,pmmix150_p20_c60,c12_pmmix_150_p20_c60_0007,1.0,0.5,w8421,639.4536,639.4536
12,pmmix150_p20_c60,c12_pmmix_150_p20_c60_0007,1.0,0.5,w16421,1119.5048,1119.5048
12,pmmix150_p20_c60,c12_pmmix_150_p20_c60_0007,1.0,0.5,w27931,1978.8282,1978.8282
12,pmmix150_p20_c60,c12_pmmix_150_p20_c60_0007,1.0,0.75,w8421,580.1188,580.1188
12,pmmix150_p20_c60,c12_pmmix_150_p20_c60_0007,1.0,0.75,w16421,1060.1700,1060.1700
12,pmmix150_p20_c60,c12_pmmix_150_p20_c60_0007,1.0,0.75,w27931,1800.8238,1800.8238
12,pmmix150_p20_c60,c12_pmmix_150_p20_c60_0007,1.0,1.0,w8421,537.4616,537.4616
12,pmmix150_p20_c60,c12_pmmix_150_p20_c60_0007,1.0,1.0,w16421,932.1984,932.1984
12,pmmix150_p20_c60,c12_pmmix_150_p20_c60_0007,1.0,1.0,w27931,1608.8664,1608.8664
12,pmmix150_p20_c60,c12_pmmix_150_p20_c60_0007,2.0,0.5,w8421,328.1340,328.1340
12,pmmix150_p20_c60,c12_pmmix_150_p20_c60_0007,2.0,0.5,w16421,344.9484,344.9484
12,pmmix150_p20_c60,c12_pmmix_150_p20_c60_0007,2.0,0.5,w27931,697.4418,697.4418
12,pmmix150_p20_c60,c12_pmmix_150_p20_c60_0007,2.0,0.75,w8421,517.0952,517.0952
12,pmmix150_p20_c60,c12_pmmix_150_p20_c60_0007,2.0,0.75,w16421,911.8320,911.8320
12,pmmix150_p20_c60,c12_pmmix_150_p20_c60_0007,2.0,0.75,w27931,1547.7672,1547.7672
12,pmmix150_p20_c60,c12_pmmix_150_p20_c60_0007,2.0,1.0,w8421,537.4616,537.4616
12,pmmix150_p20_c60,c12_pmmix_150_p20_c60_0007,2.0,1.0,w16421,932.1984,932.1984
12,pmmix150_p20_c60,c12_pmmix_150_p20_c60_0007,2.0,1.0,w27931,1608.8664,1608.8664
12,pmmix150_p20_c60,c12_pmmix_150_p20_c60_0008,1.0,0.5,w8421,908.3664,908.3664
12,pmmix150_p20_c60,c12_pmmix_150_p20_c60_0008,1.0,0.5,w16421,1605.1600,1605.1600
12,pmmix150_p20_c60,c12_pmmix_150_p20_c60_0008,1.0,0.5,w27931,2811.4200,2811.4200
12,pmmix150_p20_c60,c12_pmmix_150_p20_c60_0008,1.0,0.75,w8421,813.4448,813.4448
12,pmmix150_p20_c60,c12_pmmix_150_p20_c60_0008,1.0,0.75,w16421,1510.2384,1510.2384
12,pmmix150_p20_c60,c12_pmmix_150_p20_c60_0008,1.0,0.75,w27931,2526.6552,2526.6552
12,pmmix150_p20_c60,c12_pmmix_150_p20_c60_0008,1.0,1.0,w8421,465.0480,465.0480
12,pmmix150_p20_c60,c12_pmmix_150_p20_c60_0008,1.0,1.0,w16421,465.0480,465.0480
12,pmmix150_p20_c60,c12_pmmix_150_p20_c60_0008,1.0,1.0,w27931,958.8696,958.8696
12,pmmix150_p20_c60,c12_pmmix_150_p20_c60_0008,2.0,0.5,w8421,813.4448,813.4448
12,pmmix150_p20_c60,c12_pmmix_150_p20_c60_0008,2.0,0.5,w16421,1510.2384,1510.2384
12,pmmix150_p20_c60,c12_pmmix_150_p20_c60_0008,2.0,0.5,w27931,2526.6552,2526.6552
12,pmmix150_p20_c60,c12_pmmix_150_p20_c60_0008,2.0,0.75,w8421,813.4448,813.4448
12,pmmix150_p20_c60,c12_pmmix_150_p20_c60_0008,2.0,0.75,w16421,1510.2384,1510.2384
12,pmmix150_p20_c60,c12_pmmix_150_p20_c60_0008,2.0,0.75,w27931,2526.6552,2526.6552
12,pmmix150_p20_c60,c12_pmmix_150_p20_c60_0008,2.0,1.0,w8421,265.1184,265.1184
12,pmmix150_p20_c60,c12_pmmix_150_p20_c60_0008,2.0,1.0,w16421,265.1184,265.1184
12,pmmix150_p20_c60,c12_pmmix_150_p20_c60_0008,2.0,1.0,w27931,406.5416,406.5416
12,pmmix150_p20_c60,c12_pmmix_150_p20_c60_0009,1.0,0.5,w8421,445.3638,445.3638
12,pmmix150_p20_c60,c12_pmmix_150_p20_c60_0009,1.0,0.5,w16421,833.5374,833.5374
12,pmmix150_p20_c60,c12_pmmix_150_p20_c60_0009,1.0,0.5,w27931,1432.9965,1432.9965
12,pmmix150_p20_c60,c12_pmmix_150_p20_c60_0009,1.0,0.75,w8421,306.1310,306.1310
12,pmmix150_p20_c60,c12_pmmix_150_p20_c60_0009,1.0,0.75,w16421,415.8390,415.8390
12,pmmix150_p20_c60,c12_pmmix_150_p20_c60_0009,1.0,0.75,w27931,806.4489,806.4489
12,pmmix150_p20_c60,c12_pmmix_150_p20_c60_0009,1.0,1.0,w8421,254.6474,254.6474
12,pmmix150_p20_c60,c12_pmmix_150_p20_c60_0009,1.0,1.0,w16421,261.3882,261.3882
12,pmmix150_p20_c60,c12_pmmix_150_p20_c60_0009,1.0,1.0,w27931,574.7727,574.7727
12,pmmix150_p20_c60,c12_pmmix_150_p20_c60_0009,2.0,0.5,w8421,381.8088,381.8088
12,pmmix150_p20_c60,c12_pmmix_150_p20_c60_0009,2.0,0.5,w16421,692.3728,692.3728
12,pmmix150_p20_c60,c12_pmmix_150_p20_c60_0009,2.0,0.5,w27931,1184.1243,1184.1243
12,pmmix150_p20_c60,c12_pmmix_150_p20_c60_0009,2.0,0.75,w8421,239.5642,239.5642
12,pmmix150_p20_c60,c12_pmmix_150_p20_c60_0009,2.0,0.75,w16421,271.6626,271.6626
12,pmmix150_p20_c60,c12_pmmix_150_p20_c60_0009,2.0,0.75,w27931,551.5531,551.5531
12,pmmix150_p20_c60,c12_pmmix_150_p20_c60_0009,2.0,1.0,w8421,178.6488,178.6488
12,pmmix150_p20_c60,c12_pmmix_150_p20_c60_0009,2.0,1.0,w16421,178.6488,178.6488
12,pmmix150_p20_c60,c12_pmmix_150_p20_c60_0009,2.0,1.0,w27931,344.7331,344.7331
12,pmmix150_p20_c60,c12_pmmix_150_p20_c60_0010,1.0,0.5,w8421,230.9056,230.9056
12,pmmix150_p20_c60,c12_pmmix_150_p20_c60_0010,1.0,0.5,w16421,427.2056,427.2056
12,pmmix150_p20_c60,c12_pmmix_150_p20_c60_0010,1.0,0.5,w27931,740.3751,740.3751
12,pmmix150_p20_c60,c12_pmmix_150_p20_c60_0010,1.0,0.75,w8421,230.9056,230.9056
12,pmmix150_p20_c60,c12_pmmix_150_p20_c60_0010,1.0,0.75,w16421,427.2056,427.2056
12,pmmix150_p20_c60,c12_pmmix_150_p20_c60_0010,1.0,0.75,w27931,740.3751,740.3751
12,pmmix150_p20_c60,c12_pmmix_150_p20_c60_0010,1.0,1.0,w8421,193.3980,193.3980
12,pmmix150_p20_c60,c12_pmmix_150_p20_c60_0010,1.0,1.0,w16421,314.6828,314.6828
12,pmmix150_p20_c60,c12_pmmix_150_p20_c60_0010,1.0,1.0,w27931,571.5909,571.5909
12,pmmix150_p20_c60,c12_pmmix_150_p20_c60_0010,2.0,0.5,w8421,176.0952,176.0952
12,pmmix150_p20_c60,c12_pmmix_150_p20_c60_0010,2.0,0.5,w16421,297.3800,297.3800
12,pmmix150_p20_c60,c12_pmmix_150_p20_c60_0010,2.0,0.5,w27931,519.6825,519.6825
12,pmmix150_p20_c60,c12_pmmix_150_p20_c60_0010,2.0,0.75,w8421,176.0952,176.0952
12,pmmix150_p20_c60,c12_pmmix_150_p20_c60_0010,2.0,0.75,w16421,297.3800,297.3800
12,pmmix150_p20_c60,c12_pmmix_150_p20_c60_0010,2.0,0.75,w27931,519.6825,519.6825
12,pmmix150_p20_c60,c12_pmmix_150_p20_c60_0010,2.0,1.0,w8421,190.6644,190.6644
12,pmmix150_p20_c60,c12_pmmix_150_p20_c60_0010,2.0,1.0,w16421,306.4820,306.4820
12,pmmix150_p20_c60,c12_pmmix_150_p20_c60_0010,2.0,1.0,w27931,559.2897,559.2897
12,pmmix150_p20_c60,c12_pmmix_150_p20_c60_0011,1.0,0.5,w8421,78.3520,78.3520
12,pmmix150_p20_c60,c12_pmmix_150_p20_c60_0011,1.0,0.5,w16421,156.7040,156.7040
12,pmmix150_p20_c60,c12_pmmix_150_p20_c60_0011,1.0,0.5,w27931,264.4380,264.4380
12,pmmix150_p20_c60,c12_pmmix_150_p20_c60_0011,1.0,0.75,w8421,78.3520,78.3520
12,pmmix150_p20_c60,c12_pmmix_150_p20_c60_0011,1.0,0.75,w16421,156.7040,156.7040
12,pmmix150_p20_c60,c12_pmmix_150_p20_c60_0011,1.0,0.75,w27931,264.4380,264.4380
12,pmmix150_p20_c60,c12_pmmix_150_p20_c60_0011,1.0,1.0,w8421,78.3520,78.3520
12,pmmix150_p20_c60,c12_pmmix_150_p20_c60_0011,1.0,1.0,w16421,156.7040,156.7040
12,pmmix150_p20_c60,c12_pmmix_150_p20_c60_0011,1.0,1.0,w27931,264.4380,264.4380
12,pmmix150_p20_c60,c12_pmmix_150_p20_c60_0011,2.0,0.5,w8421,78.3520,78.3520
12,pmmix150_p20_c60,c12_pmmix_150_p20_c60_0011,2.0,0.5,w16421,156.7040,156.7040
12,pmmix150_p20_c60,c12_pmmix_150_p20_c60_0011,2.0,0.5,w27931,264.4380,264.4380
12,pmmix150_p20_c60,c12_pmmix_150_p20_c60_0011,2.0,0.75,w8421,78.3520,78.3520
12,pmmix150_p20_c60,c12_pmmix_150_p20_c60_0011,2.0,0.75,w16421,156.7040,156.7040
12,pmmix150_p20_c60,c12_pmmix_150_p20_c60_0011,2.0,0.75,w27931,264.4380,264.4380
12,pmmix150_p20_c60,c12_pmmix_150_p20_c60_0011,2.0,1.0,w8421,78.3520,78.3520
12,pmmix150_p20_c60,c12_pmmix_150_p20_c60_0011,2.0,1.0,w16421,156.7040,156.7040
12,pmmix150_p20_c60,c12_pmmix_150_p20_c60_0011,2.0,1.0,w27931,264.4380,264.4380
12,pmmix150_p20_c60,c12_pmmix_150_p20_c60_0012,1.0,0.5,w8421,674.3356,674.3356
12,pmmix150_p20_c60,c12_pmmix_150_p20_c60_0012,1.0,0.5,w16421,950.0036,950.0036
12,pmmix150_p20_c60,c12_pmmix_150_p20_c60_0012,1.0,0.5,w27931,1827.3816,1827.3816
12,pmmix150_p20_c60,c12_pmmix_150_p20_c60_0012,1.0,0.75,w8421,700.0584,700.0584
12,pmmix150_p20_c60,c12_pmmix_150_p20_c60_0012,1.0,0.75,w16421,1027.1720,1027.1720
12,pmmix150_p20_c60,c12_pmmix_150_p20_c60_0012,1.0,0.75,w27931,1943.1342,1943.1342
12,pmmix150_p20_c60,c12_pmmix_150_p20_c60_0012,1.0,1.0,w8421,655.5060,655.5060
12,pmmix150_p20_c60,c12_pmmix_150_p20_c60_0012,1.0,1.0,w16421,893.5148,893.5148
12,pmmix150_p20_c60,c12_pmmix_150_p20_c60_0012,1.0,1.0,w27931,1742.6484,1742.6484
12,pmmix150_p20_c60,c12_pmmix_150_p20_c60_0012,2.0,0.5,w8421,475.7084,475.7084
12,pmmix150_p20_c60,c12_pmmix_150_p20_c60_0012,2.0,0.5,w16421,751.3764,751.3764
12,pmmix150_p20_c60,c12_pmmix_150_p20_c60_0012,2.0,0.5,w27931,1231.5000,1231.5000
12,pmmix150_p20_c60,c12_pmmix_150_p20_c60_0012,2.0,0.75,w8421,488.5698,488.5698
12,pmmix150_p20_c60,c12_pmmix_150_p20_c60_0012,2.0,0.75,w16421,764.2378,764.2378
12,pmmix150_p20_c60,c12_pmmix_150_p20_c60_0012,2.0,0.75,w27931,1270.0842,1270.0842
12,pmmix150_p20_c60,c12_pmmix_150_p20_c60_0012,2.0,1.0,w8421,488.3632,488.3632
12,pmmix150_p20_c60,c12_pmmix_150_p20_c60_0012,2.0,1.0,w16421,723.5456,723.5456
12,pmmix150_p20_c60,c12_pmmix_150_p20_c60_0012,2.0,1.0,w27931,1239.1002,1239.1002
12,pmmix150_p20_c60,c12_pmmix_150_p20_c60_0013,1.0,0.5,w8421,974.2288,974.2288
12,pmmix150_p20_c60,c12_pmmix_150_p20_c60_0013,1.0,0.5,w16421,1616.9984,1616.9984
12,pmmix150_p20_c60,c12_pmmix_150_p20_c60_0013,1.0,0.5,w27931,2915.1306,2915.1306
12,pmmix150_p20_c60,c12_pmmix_150_p20_c60_0013,1.0,0.75,w8421,974.2288,974.2288
12,pmmix150_p20_c60,c12_pmmix_150_p20_c60_0013,1.0,0.75,w16421,1616.9984,1616.9984
12,pmmix150_p20_c60,c12_pmmix_150_p20_c60_0013,1.0,0.75,w27931,2915.1306,2915.1306
12,pmmix150_p20_c60,c12_pmmix_150_p20_c60_0013,1.0,1.0,w8421,685.1476,685.1476
12,pmmix150_p20_c60,c12_pmmix_150_p20_c60_0013,1.0,1.0,w16421,749.7548,749.7548
12,pmmix150_p20_c60,c12_pmmix_150_p20_c60_0013,1.0,1.0,w27931,1614.2652,1614.2652
12,pmmix150_p20_c60,c12_pmmix_150_p20_c60_0013,2.0,0.5,w8421,777.2964,777.2964
12,pmmix150_p20_c60,c12_pmmix_150_p20_c60_0013,2.0,0.5,w16421,1357.6604,1357.6604
12,pmmix150_p20_c60,c12_pmmix_150_p20_c60_0013,2.0,0.5,w27931,2277.5292,2277.5292
12,pmmix150_p20_c60,c12_pmmix_150_p20_c60_0013,2.0,0.75,w8421,777.2964,777.2964
12,pmmix150_p20_c60,c12_pmmix_150_p20_c60_0013,2.0,0.75,w16421,1357.6604,1357.6604
12,pmmix150_p20_c60,c12_pmmix_150_p20_c60_0013,2.0,0.75,w27931,2277.5292,2277.5292
12,pmmix150_p20_c60,c12_pmmix_150_p20_c60_0013,2.0,1.0,w8421,390.4788,390.4788
12,pmmix150_p20_c60,c12_pmmix_150_p20_c60_0013,2.0,1.0,w16421,455.0860,455.0860
12,pmmix150_p20_c60,c12_pmmix_150_p20_c60_0013,2.0,1.0,w27931,730.2588,730.2588
12,pmmix150_p20_c60,c12_pmmix_150_p20_c60_0014,1.0,0.5,w8421,119.9180,119.9180
12,pmmix150_p20_c60,c12_pmmix_150_p20_c60_0014,1.0,0.5,w16421,219.1764,219.1764
12,pmmix150_p20_c60,c12_pmmix_150_p20_c60_0014,1.0,0.5,w27931,367.9002,367.9002
12,pmmix150_p20_c60,c12_pmmix_150_p20_c60_0014,1.0,0.75,w8421,119.9180,119.9180
12,pmmix150_p20_c60,c12_pmmix_150_p20_c60_0014,1.0,0.75,w16421,219.1764,219.1764
12,pmmix150_p20_c60,c12_pmmix_150_p20_c60_0014,1.0,0.75,w27931,367.9002,367.9002
12,pmmix150_p20_c60,c12_pmmix_150_p20_c60_0014,1.0,1.0,w8421,102.6036,102.6036
12,pmmix150_p20_c60,c12_pmmix_150_p20_c60_0014,1.0,1.0,w16421,167.2332,167.2332
12,pmmix150_p20_c60,c12_pmmix_150_p20_c60_0014,1.0,1.0,w27931,289.9854,289.9854
12,pmmix150_p20_c60,c12_pmmix_150_p20_c60_0014,2.0,0.5,w8421,115.0206,115.0206
12,pmmix150_p20_c60,c12_pmmix_150_p20_c60_0014,2.0,0.5,w16421,214.2790,214.2790
12,pmmix150_p20_c60,c12_pmmix_150_p20_c60_0014,2.0,0.5,w27931,353.2080,353.2080
12,pmmix150_p20_c60,c12_pmmix_150_p20_c60_0014,2.0,0.75,w8421,109.2470,109.2470
12,pmmix150_p20_c60,c12_pmmix_150_p20_c60_0014,2.0,0.75,w16421,196.9582,196.9582
12,pmmix150_p20_c60,c12_pmmix_150_p20_c60_0014,2.0,0.75,w27931,327.2268,327.2268
12,pmmix150_p20_c60,c12_pmmix_150_p20_c60_0014,2.0,1.0,w8421,84.0764,84.0764
12,pmmix150_p20_c60,c12_pmmix_150_p20_c60_0014,2.0,1.0,w16421,111.6516,111.6516
12,pmmix150_p20_c60,c12_pmmix_150_p20_c60_0014,2.0,1.0,w27931,206.6130,206.6130
12,pmmix150_p20_c60,c12_pmmix_150_p20_c60_0015,1.0,0.5,w8421,149.1688,149.1688
12,pmmix150_p20_c60,c12_pmmix_150_p20_c60_0015,1.0,0.5,w16421,207.0144,207.0144
12,pmmix150_p20_c60,c12_pmmix_150_p20_c60_0015,1.0,0.5,w27931,400.7061,400.7061
12,pmmix150_p20_c60,c12_pmmix_150_p20_c60_0015,1.0,0.75,w8421,149.1688,149.1688
12,pmmix150_p20_c60,c12_pmmix_150_p20_c60_0015,1.0,0.75,w16421,207.0144,207.0144
12,pmmix150_p20_c60,c12_pmmix_150_p20_c60_0015,1.0,0.75,w27931,400.7061,400.7061
12,pmmix150_p20_c60,c12_pmmix_150_p20_c60_0015,1.0,1.0,w8421,151.5336,151.5336
12,pmmix150_p20_c60,c12_pmmix_150_p20_c60_0015,1.0,1.0,w16421,214.1088,214.1088
12,pmmix150_p20_c60,c12_pmmix_150_p20_c60_0015,1.0,1.0,w27931,411.3477,411.3477
12,pmmix150_p20_c60,c12_pmmix_150_p20_c60_0015,2.0,0.5,w8421,125.7234,125.7234
12,pmmix150_p20_c60,c12_pmmix_150_p20_c60_0015,2.0,0.5,w16421,183.5690,183.5690
12,pmmix150_p20_c60,c12_pmmix_150_p20_c60_0015,2.0,0.5,w27931,330.3699,330.3699
12,pmmix150_p20_c60,c12_pmmix_150_p20_c60_0015,2.0,0.75,w8421,125.7234,125.7234
12,pmmix150_p20_c60,c12_pmmix_150_p20_c60_0015,2.0,0.75,w16421,183.5690,183.5690
12,pmmix150_p20_c60,c12_pmmix_150_p20_c60_0015,2.0,0.75,w27931,330.3699,330.3699
12,pmmix150_p20_c60,c12_pmmix_150_p20_c60_0015,2.0,1.0,w8421,149.1688,149.1688
12,pmmix150_p20_c60,c12_pmmix_150_p20_c60_0015,2.0,1.0,w16421,207.0144,207.0144
12,pmmix150_p20_c60,c12_pmmix_150_p20_c60_0015,2.0,1.0,w27931,400.7061,400.7061
12,pmmix150_p20_c60,c12_pmmix_150_p20_c60_0016,1.0,0.5,w8421,23.9320,23.9320
12,pmmix150_p20_c60,c12_pmmix_150_p20_c60_0016,1.0,0.5,w16421,23.9320,23.9320
12,pmmix150_p20_c60,c12_pmmix_150_p20_c60_0016,1.0,0.5,w27931,38.3469,38.3469
12,pmmix150_p20_c60,c12_pmmix_150_p20_c60_0016,1.0,0.75,w8421,23.9320,23.9320
12,pmmix150_p20_c60,c12_pmmix_150_p20_c60_0016,1.0,0.75,w16421,23.9320,23.9320
12,pmmix150_p20_c60,c12_pmmix_150_p20_c60_0016,1.0,0.75,w27931,38.3469,38.3469
12,pmmix150_p20_c60,c12_pmmix_150_p20_c60_0016,1.0,1.0,w8421,47.8640,47.8640
12,pmmix150_p20_c60,c12_pmmix_150_p20_c60_0016,1.0,1.0,w16421,54.3944,54.3944
12,pmmix150_p20_c60,c12_pmmix_150_p20_c60_0016,1.0,1.0,w27931,115.0407,115.0407
12,pmmix150_p20_c60,c12_pmmix_150_p20_c60_0016,2.0,0.5,w8421,11.9660,11.9660
12,pmmix150_p20_c60,c12_pmmix_150_p20_c60_0016,2.0,0.5,w16421,11.9660,11.9660
12,pmmix150_p20_c60,c12_pmmix_150_p20_c60_0016,2.0,0.5,w27931,12.7823,12.7823
12,pmmix150_p20_c60,c12_pmmix_150_p20_c60_0016,2.0,0.75,w8421,22.2994,22.2994
12,pmmix150_p20_c60,c12_pmmix_150_p20_c60_0016,2.0,0.75,w16421,22.2994,22.2994
12,pmmix150_p20_c60,c12_pmmix_150_p20_c60_0016,2.0,0.75,w27931,33.4491,33.4491
12,pmmix150_p20_c60,c12_pmmix_150_p20_c60_0016,2.0,1.0,w8421,85.9324,85.9324
12,pmmix150_p20_c60,c12_pmmix_150_p20_c60_0016,2.0,1.0,w16421,168.5996,168.5996
12,pmmix150_p20_c60,c12_pmmix_150_p20_c60_0016,2.0,1.0,w27931,286.3485,286.3485
12,pmmix150_p20_c60,c12_pmmix_150_p20_c60_0017,1.0,0.5,w8421,521.4654,521.4654
12,pmmix150_p20_c60,c12_pmmix_150_p20_c60_0017,1.0,0.5,w16421,873.2334,873.2334
12,pmmix150_p20_c60,c12_pmmix_150_p20_c60_0017,1.0,0.5,w27931,1568.2314,1568.2314
12,pmmix150_p20_c60,c12_pmmix_150_p20_c60_0017,1.0,0.75,w8421,522.5384,522.5384
12,pmmix150_p20_c60,c12_pmmix_150_p20_c60_0017,1.0,0.75,w16421,874.3064,874.3064
12,pmmix150_p20_c60,c12_pmmix_150_p20_c60_0017,1.0,0.75,w27931,1571.4504,1571.4504
12,pmmix150_p20_c60,c12_pmmix_150_p20_c60_0017,1.0,1.0,w8421,481.5992,481.5992
12,pmmix150_p20_c60,c12_pmmix_150_p20_c60_0017,1.0,1.0,w16421,751.4888,751.4888
12,pmmix150_p20_c60,c12_pmmix_150_p20_c60_0017,1.0,1.0,w27931,1387.2240,1387.2240
12,pmmix150_p20_c60,c12_pmmix_150_p20_c60_0017,2.0,0.5,w8421,344.8722,344.8722
12,pmmix150_p20_c60,c12_pmmix_150_p20_c60_0017,2.0,0.5,w16421,433.2562,433.2562
12,pmmix150_p20_c60,c12_pmmix_150_p20_c60_0017,2.0,0.5,w27931,840.9138,840.9138
12,pmmix150_p20_c60,c12_pmmix_150_p20_c60_0017,2.0,0.75,w8421,437.1532,437.1532
12,pmmix150_p20_c60,c12_pmmix_150_p20_c60_0017,2.0,0.75,w16421,788.9212,788.9212
12,pmmix150_p20_c60,c12_pmmix_150_p20_c60_0017,2.0,0.75,w27931,1315.2948,1315.2948
12,pmmix150_p20_c60,c12_pmmix_150_p20_c60_0017,2.0,1.0,w8421,395.1410,395.1410
12,pmmix150_p20_c60,c12_pmmix_150_p20_c60_0017,2.0,1.0,w16421,660.7386,660.7386
12,pmmix150_p20_c60,c12_pmmix_150_p20_c60_0017,2.0,1.0,w27931,1124.6304,1124.6304
12,pmmix150_p20_c60,c12_pmmix_150_p20_c60_0018,1.0,0.5,w8421,419.9432,419.9432
12,pmmix150_p20_c60,c12_pmmix_150_p20_c60_0018,1.0,0.5,w16421,751.2912,751.2912
12,pmmix150_p20_c60,c12_pmmix_150_p20_c60_0018,1.0,0.5,w27931,1304.0577,1304.0577
12,pmmix150_p20_c60,c12_pmmix_150_p20_c60_0018,1.0,0.75,w8421,254.2692,254.2692
12,pmmix150_p20_c60,c12_pmmix_150_p20_c60_0018,1.0,0.75,w16421,254.2692,254.2692
12,pmmix150_p20_c60,c12_pmmix_150_p20_c60_0018,1.0,0.75,w27931,558.5247,558.5247
12,pmmix150_p20_c60,c12_pmmix_150_p20_c60_0018,1.0,1.0,w8421,171.4322,171.4322
12,pmmix150_p20_c60,c12_pmmix_150_p20_c60_0018,1.0,1.0,w16421,171.4322,171.4322
12,pmmix150_p20_c60,c12_pmmix_150_p20_c60_0018,1.0,1.0,w27931,310.0137,310.0137
12,pmmix150_p20_c60,c12_pmmix_150_p20_c60_0018,2.0,0.5,w8421,381.0780,381.0780
12,pmmix150_p20_c60,c12_pmmix_150_p20_c60_0018,2.0,0.5,w16421,712.4260,712.4260
12,pmmix150_p20_c60,c12_pmmix_150_p20_c60_0018,2.0,0.5,w27931,1187.4621,1187.4621
12,pmmix150_p20_c60,c12_pmmix_150_p20_c60_0018,2.0,0.75,w8421,215.4040,215.4040
12,pmmix150_p20_c60,c12_pmmix_150_p20_c60_0018,2.0,0.75,w16421,215.4040,215.4040
12,pmmix150_p20_c60,c12_pmmix_150_p20_c60_0018,2.0,0.75,w27931,441.9291,441.9291
12,pmmix150_p20_c60,c12_pmmix_150_p20_c60_0018,2.0,1.0,w8421,91.1485,91.1485
12,pmmix150_p20_c60,c12_pmmix_150_p20_c60_0018,2.0,1.0,w16421,91.1485,91.1485
12,pmmix150_p20_c60,c12_pmmix_150_p20_c60_0018,2.0,1.0,w27931,110.5811,110.5811
12,pmmix150_p20_c60,c12_pmmix_150_p20_c60_0019,1.0,0.5,w8421,901.3966,901.3966
12,pmmix150_p20_c60,c12_pmmix_150_p20_c60_0019,1.0,0.5,w16421,1473.7006,1473.7006
12,pmmix150_p20_c60,c12_pmmix_150_p20_c60_0019,1.0,0.5,w27931,2632.6272,2632.6272
12,pmmix150_p20_c60,c12_pmmix_150_p20_c60_0019,1.0,0.75,w8421,901.3966,901.3966
12,pmmix150_p20_c60,c12_pmmix_150_p20_c60_0019,1.0,0.75,w16421,1473.7006,1473.7006
12,pmmix150_p20_c60,c12_pmmix_150_p20_c60_0019,1.0,0.75,w27931,2632.6272,2632.6272
12,pmmix150_p20_c60,c12_pmmix_150_p20_c60_0019,1.0,1.0,w8421,901.3966,901.3966
12,pmmix150_p20_c60,c12_pmmix_150_p20_c60_0019,1.0,1.0,w16421,1473.7006,1473.7006
12,pmmix150_p20_c60,c12_pmmix_150_p20_c60_0019,1.0,1.0,w27931,2632.6272,2632.6272
12,pmmix150_p20_c60,c12_pmmix_150_p20_c60_0019,2.0,0.5,w8421,761.3753,761.3753
12,pmmix150_p20_c60,c12_pmmix_150_p20_c60_0019,2.0,0.5,w16421,1333.6793,1333.6793
12,pmmix150_p20_c60,c12_pmmix_150_p20_c60_0019,2.0,0.5,w27931,2238.8014,2238.8014
12,pmmix150_p20_c60,c12_pmmix_150_p20_c60_0019,2.0,0.75,w8421,761.3753,761.3753
12,pmmix150_p20_c60,c12_pmmix_150_p20_c60_0019,2.0,0.75,w16421,1333.6793,1333.6793
12,pmmix150_p20_c60,c12_pmmix_150_p20_c60_0019,2.0,0.75,w27931,2238.8014,2238.8014
12,pmmix150_p20_c60,c12_pmmix_150_p20_c60_0019,2.0,1.0,w8421,751.1141,751.1141
12,pmmix150_p20_c60,c12_pmmix_150_p20_c60_0019,2.0,1.0,w16421,1302.8957,1302.8957
12,pmmix150_p20_c60,c12_pmmix_150_p20_c60_0019,2.0,1.0,w27931,2192.6260,2192.6260
12,pmmix150_p20_c60,c12_pmmix_150_p20_c60_0020,1.0,0.5,w8421,79.8148,79.8148
12,pmmix150_p20_c60,c12_pmmix_150_p20_c60_0020,1.0,0.5,w16421,95.3604,95.3604
12,pmmix150_p20_c60,c12_pmmix_150_p20_c60_0020,1.0,0.5,w27931,167.1939,167.1939
12,pmmix150_p20_c60,c12_pmmix_150_p20_c60_0020,1.0,0.75,w8421,79.8148,79.8148
12,pmmix150_p20_c60,c12_pmmix_150_p20_c60_0020,1.0,0.75,w16421,95.3604,95.3604
12,pmmix150_p20_c60,c12_pmmix_150_p20_c60_0020,1.0,0.75,w27931,167.1939,167.1939
12,pmmix150_p20_c60,c12_pmmix_150_p20_c60_0020,1.0,1.0,w8421,111.4896,111.4896
12,pmmix150_p20_c60,c12_pmmix_150_p20_c60_0020,1.0,1.0,w16421,190.3848,190.3848
12,pmmix150_p20_c60,c12_pmmix_150_p20_c60_0020,1.0,1.0,w27931,309.7305,309.7305
12,pmmix150_p20_c60,c12_pmmix_150_p20_c60_0020,2.0,0.5,w8421,57.2116,57.2116
12,pmmix150_p20_c60,c12_pmmix_150_p20_c60_0020,2.0,0.5,w16421,57.2116,57.2116
12,pmmix150_p20_c60,c12_pmmix_150_p20_c60_0020,2.0,0.5,w27931,87.7251,87.7251
12,pmmix150_p20_c60,c12_pmmix_150_p20_c60_0020,2.0,0.75,w8421,72.0420,72.0420
12,pmmix150_p20_c60,c12_pmmix_150_p20_c60_0020,2.0,0.75,w16421,72.0420,72.0420
12,pmmix150_p20_c60,c12_pmmix_150_p20_c60_0020,2.0,0.75,w27931,132.2163,132.2163
12,pmmix150_p20_c60,c12_pmmix_150_p20_c60_0020,2.0,1.0,w8421,123.4324,123.4324
12,pmmix150_p20_c60,c12_pmmix_150_p20_c60_0020,2.0,1.0,w16421,182.7540,182.7540
12,pmmix150_p20_c60,c12_pmmix_150_p20_c60_0020,2.0,1.0,w27931,330.8787,330.8787
12,pmmix150_p20_c60,c12_pmmix_150_p20_c60_0021,1.0,0.5,w8421,262.1116,262.1116
12,pmmix150_p20_c60,c12_pmmix_150_p20_c60_0021,1.0,0.5,w16421,467.1388,467.1388
12,pmmix150_p20_c60,c12_pmmix_150_p20_c60_0021,1.0,0.5,w27931,813.2565,813.2565
12,pmmix150_p20_c60,c12_pmmix_150_p20_c60_0021,1.0,0.75,w8421,262.1116,262.1116
12,pmmix150_p20_c60,c12_pmmix_150_p20_c60_0021,1.0,0.75,w16421,467.1388,467.1388
12,pmmix150_p20_c60,c12_pmmix_150_p20_c60_0021,1.0,0.75,w27931,813.2565,813.2565
12,pmmix150_p20_c60,c12_pmmix_150_p20_c60_0021,1.0,1.0,w8421,271.2824,271.2824
12,pmmix150_p20_c60,c12_pmmix_150_p20_c60_0021,1.0,1.0,w16421,475.5840,475.5840
12,pmmix150_p20_c60,c12_pmmix_150_p20_c60_0021,1.0,1.0,w27931,840.2247,840.2247
12,pmmix150_p20_c60,c12_pmmix_150_p20_c60_0021,2.0,0.5,w8421,238.3362,238.3362
12,pmmix150_p20_c60,c12_pmmix_150_p20_c60_0021,2.0,0.5,w16421,443.3634,443.3634
12,pmmix150_p20_c60,c12_pmmix_150_p20_c60_0021,2.0,0.5,w27931,741.9303,741.9303
12,pmmix150_p20_c60,c12_pmmix_150_p20_c60_0021,2.0,0.75,w8421,238.3362,238.3362
12,pmmix150_p20_c60,c12_pmmix_150_p20_c60_0021,2.0,0.75,w16421,443.3634,443.3634
12,pmmix150_p20_c60,c12_pmmix_150_p20_c60_0021,2.0,0.75,w27931,741.9303,741.9303
12,pmmix150_p20_c60,c12_pmmix_150_p20_c60_0021,2.0,1.0,w8421,266.2300,266.2300
12,pmmix150_p20_c60,c12_pmmix_150_p20_c60_0021,2.0,1.0,w16421,460.4268,460.4268
12,pmmix150_p20_c60,c12_pmmix_150_p20_c60_0021,2.0,1.0,w27931,817.4889,817.4889
12,pmmix150_p20_c60,c12_pmmix_150_p20_c60_0022,1.0,0.5,w8421,178.1488,178.1488
12,pmmix150_p20_c60,c12_pmmix_150_p20_c60_0022,1.0,0.5,w16421,256.2832,256.2832
12,pmmix150_p20_c60,c12_pmmix_150_p20_c60_0022,1.0,0.5,w27931,488.7360,488.7360
12,pmmix150_p20_c60,c12_pmmix_150_p20_c60_0022,1.0,0.75,w8421,178.1488,178.1488
12,pmmix150_p20_c60,c12_pmmix_150_p20_c60_0022,1.0,0.75,w16421,256.2832,256.2832
12,pmmix150_p20_c60,c12_pmmix_150_p20_c60_0022,1.0,0.75,w27931,488.7360,488.7360
12,pmmix150_p20_c60,c12_pmmix_150_p20_c60_0022,1.0,1.0,w8421,210.2412,210.2412
12,pmmix150_p20_c60,c12_pmmix_150_p20_c60_0022,1.0,1.0,w16421,352.5604,352.5604
12,pmmix150_p20_c60,c12_pmmix_150_p20_c60_0022,1.0,1.0,w27931,633.1518,633.1518
12,pmmix150_p20_c60,c12_pmmix_150_p20_c60_0022,2.0,0.5,w8421,162.1026,162.1026
12,pmmix150_p20_c60,c12_pmmix_150_p20_c60_0022,2.0,0.5,w16421,240.2370,240.2370
12,pmmix150_p20_c60,c12_pmmix_150_p20_c60_0022,2.0,0.5,w27931,440.5974,440.5974
12,pmmix150_p20_c60,c12_pmmix_150_p20_c60_0022,2.0,0.75,w8421,128.1416,128.1416
12,pmmix150_p20_c60,c12_pmmix_150_p20_c60_0022,2.0,0.75,w16421,206.2760,206.2760
12,pmmix150_p20_c60,c12_pmmix_150_p20_c60_0022,2.0,0.75,w27931,338.7144,338.7144
12,pmmix150_p20_c60,c12_pmmix_150_p20_c60_0022,2.0,1.0,w8421,144.1878,144.1878
12,pmmix150_p20_c60,c12_pmmix_150_p20_c60_0022,2.0,1.0,w16421,222.3222,222.3222
12,pmmix150_p20_c60,c12_pmmix_150_p20_c60_0022,2.0,1.0,w27931,386.8530,386.8530
12,pmmix150_p20_c60,c12_pmmix_150_p20_c60_0023,1.0,0.5,w8421,1329.4928,1329.4928
12,pmmix150_p20_c60,c12_pmmix_150_p20_c60_0023,1.0,0.5,w16421,2188.4496,2188.4496
12,pmmix150_p20_c60,c12_pmmix_150_p20_c60_0023,1.0,0.5,w27931,3857.3880,3857.3880
12,pmmix150_p20_c60,c12_pmmix_150_p20_c60_0023,1.0,0.75,w8421,1329.4928,1329.4928
12,pmmix150_p20_c60,c12_pmmix_150_p20_c60_0023,1.0,0.75,w16421,2188.4496,2188.4496
12,pmmix150_p20_c60,c12_pmmix_150_p20_c60_0023,1.0,0.75,w27931,3857.3880,3857.3880
12,pmmix150_p20_c60,c12_pmmix_150_p20_c60_0023,1.0,1.0,w8421,1141.6518,1141.6518
12,pmmix150_p20_c60,c12_pmmix_150_p20_c60_0023,1.0,1.0,w16421,1839.3070,1839.3070
12,pmmix150_p20_c60,c12_pmmix_150_p20_c60_0023,1.0,1.0,w27931,3239.7536,3239.7536
12,pmmix150_p20_c60,c12_pmmix_150_p20_c60_0023,2.0,0.5,w8421,1094.5096,1094.5096
12,pmmix150_p20_c60,c12_pmmix_150_p20_c60_0023,2.0,0.5,w16421,1820.3064,1820.3064
12,pmmix150_p20_c60,c12_pmmix_150_p20_c60_0023,2.0,0.5,w27931,3052.5684,3052.5684
12,pmmix150_p20_c60,c12_pmmix_150_p20_c60_0023,2.0,0.75,w8421,1094.2248,1094.2248
12,pmmix150_p20_c60,c12_pmmix_150_p20_c60_0023,2.0,0.75,w16421,1953.1816,1953.1816
12,pmmix150_p20_c60,c12_pmmix_150_p20_c60_0023,2.0,0.75,w27931,3218.4488,3218.4488
12,pmmix150_p20_c60,c12_pmmix_150_p20_c60_0023,2.0,1.0,w8421,961.9449,961.9449
12,pmmix150_p20_c60,c12_pmmix_150_p20_c60_0023,2.0,1.0,w16421,1659.6001,1659.6001
12,pmmix150_p20_c60,c12_pmmix_150_p20_c60_0023,2.0,1.0,w27931,2720.7956,2720.7956
12,pmmix150_p20_c60,c12_pmmix_150_p20_c60_0024,1.0,0.5,w8421,293.5616,293.5616
12,pmmix150_p20_c60,c12_pmmix_150_p20_c60_0024,1.0,0.5,w16421,587.1232,587.1232
12,pmmix150_p20_c60,c12_pmmix_150_p20_c60_0024,1.0,0.5,w27931,990.7704,990.7704
12,pmmix150_p20_c60,c12_pmmix_150_p20_c60_0024,1.0,0.75,w8421,293.5616,293.5616
12,pmmix150_p20_c60,c12_pmmix_150_p20_c60_0024,1.0,0.75,w16421,587.1232,587.1232
12,pmmix150_p20_c60,c12_pmmix_150_p20_c60_0024,1.0,0.75,w27931,990.7704,990.7704
12,pmmix150_p20_c60,c12_pmmix_150_p20_c60_0024,1.0,1.0,w8421,192.6244,192.6244
12,pmmix150_p20_c60,c12_pmmix_150_p20_c60_0024,1.0,1.0,w16421,284.3116,284.3116
12,pmmix150_p20_c60,c12_pmmix_150_p20_c60_0024,1.0,1.0,w27931,536.5530,536.5530
12,pmmix150_p20_c60,c12_pmmix_150_p20_c60_0024,2.0,0.5,w8421,293.5616,293.5616
12,pmmix150_p20_c60,c12_pmmix_150_p20_c60_0024,2.0,0.5,w16421,587.1232,587.1232
12,pmmix150_p20_c60,c12_pmmix_150_p20_c60_0024,2.0,0.5,w27931,990.7704,990.7704
12,pmmix150_p20_c60,c12_pmmix_150_p20_c60_0024,2.0,0.75,w8421,192.6244,192.6244
12,pmmix150_p20_c60,c12_pmmix_150_p20_c60_0024,2.0,0.75,w16421,284.3116,284.3116
12,pmmix150_p20_c60,c12_pmmix_150_p20_c60_0024,2.0,0.75,w27931,536.5530,536.5530
12,pmmix150_p20_c60,c12_pmmix_150_p20_c60_0024,2.0,1.0,w8421,142.1558,142.1558
12,pmmix150_p20_c60,c12_pmmix_150_p20_c60_0024,2.0,1.0,w16421,233.8430,233.8430
12,pmmix150_p20_c60,c12_pmmix_150_p20_c60_0024,2.0,1.0,w27931,385.1472,385.1472
12,pmmix150_p20_c60,c12_pmmix_150_p20_c60_0025,1.0,0.5,w8421,235.7516,235.7516
12,pmmix150_p20_c60,c12_pmmix_150_p20_c60_0025,1.0,0.5,w16421,402.2804,402.2804
12,pmmix150_p20_c60,c12_pmmix_150_p20_c60_0025,1.0,0.5,w27931,717.7860,717.7860
12,pmmix150_p20_c60,c12_pmmix_150_p20_c60_0025,1.0,0.75,w8421,235.7516,235.7516
12,pmmix150_p20_c60,c12_pmmix_150_p20_c60_0025,1.0,0.75,w16421,402.2804,402.2804
12,pmmix150_p20_c60,c12_pmmix_150_p20_c60_0025,1.0,0.75,w27931,717.7860,717.7860
12,pmmix150_p20_c60,c12_pmmix_150_p20_c60_0025,1.0,1.0,w8421,173.2204,173.2204
12,pmmix150_p20_c60,c12_pmmix_150_p20_c60_0025,1.0,1.0,w16421,214.6868,214.6868
12,pmmix150_p20_c60,c12_pmmix_150_p20_c60_0025,1.0,1.0,w27931,436.3956,436.3956
12,pmmix150_p20_c60,c12_pmmix_150_p20_c60_0025,2.0,0.5,w8421,203.7220,203.7220
12,pmmix150_p20_c60,c12_pmmix_150_p20_c60_0025,2.0,0.5,w16421,337.0980,337.0980
12,pmmix150_p20_c60,c12_pmmix_150_p20_c60_0025,2.0,0.5,w27931,596.8326,596.8326
12,pmmix150_p20_c60,c12_pmmix_150_p20_c60_0025,2.0,0.75,w8421,157.7672,157.7672
12,pmmix150_p20_c60,c12_pmmix_150_p20_c60_0025,2.0,0.75,w16421,199.2336,199.2336
12,pmmix150_p20_c60,c12_pmmix_150_p20_c60_0025,2.0,0.75,w27931,390.0360,390.0360
12,pmmix150_p20_c60,c12_pmmix_150_p20_c60_0025,2.0,1.0,w8421,163.2888,163.2888
12,pmmix150_p20_c60,c12_pmmix_150_p20_c60_0025,2.0,1.0,w16421,184.8920,184.8920
12,pmmix150_p20_c60,c12_pmmix_150_p20_c60_0025,2.0,1.0,w27931,391.7034,391.7034
12,pmmix150_p20_c60,c12_pmmix_150_p20_c60_0026,1.0,0.5,w8421,245.0626,245.0626
12,pmmix150_p20_c60,c12_pmmix_150_p20_c60_0026,1.0,0.5,w16421,432.5242,432.5242
12,pmmix150_p20_c60,c12_pmmix_150_p20_c60_0026,1.0,0.5,w27931,719.0844,719.0844
12,pmmix150_p20_c60,c12_pmmix_150_p20_c60_0026,1.0,0.75,w8421,245.0626,245.0626
12,pmmix150_p20_c60,c12_pmmix_150_p20_c60_0026,1.0,0.75,w16421,432.5242,432.5242
12,pmmix150_p20_c60,c12_pmmix_150_p20_c60_0026,1.0,0.75,w27931,719.0844,719.0844
12,pmmix150_p20_c60,c12_pmmix_150_p20_c60_0026,1.0,1.0,w8421,245.0626,245.0626
12,pmmix150_p20_c60,c12_pmmix_150_p20_c60_0026,1.0,1.0,w16421,432.5242,432.5242
12,pmmix150_p20_c60,c12_pmmix_150_p20_c60_0026,1.0,1.0,w27931,719.0844,719.0844
12,pmmix150_p20_c60,c12_pmmix_150_p20_c60_0026,2.0,0.5,w8421,216.2621,216.2621
12,pmmix150_p20_c60,c12_pmmix_150_p20_c60_0026,2.0,0.5,w16421,403.7237,403.7237
12,pmmix150_p20_c60,c12_pmmix_150_p20_c60_0026,2.0,0.5,w27931,661.4834,661.4834
12,pmmix150_p20_c60,c12_pmmix_150_p20_c60_0026,2.0,0.75,w8421,216.2621,216.2621
12,pmmix150_p20_c60,c12_pmmix_150_p20_c60_0026,2.0,0.75,w16421,403.7237,403.7237
12,pmmix150_p20_c60,c12_pmmix_150_p20_c60_0026,2.0,0.75,w27931,661.4834,661.4834
12,pmmix150_p20_c60,c12_pmmix_150_p20_c60_0026,2.0,1.0,w8421,216.2621,216.2621
12,pmmix150_p20_c60,c12_pmmix_150_p20_c60_0026,2.0,1.0,w16421,403.7237,403.7237
12,pmmix150_p20_c60,c12_pmmix_150_p20_c60_0026,2.0,1.0,w27931,661.4834,661.4834
12,pmmix150_p20_c60,c12_pmmix_150_p20_c60_0027,1.0,0.5,w8421,13.9588,13.9588
12,pmmix150_p20_c60,c12_pmmix_150_p20_c60_0027,1.0,0.5,w16421,13.9588,13.9588
12,pmmix150_p20_c60,c12_pmmix_150_p20_c60_0027,1.0,0.5,w27931,31.4073,31.4073
12,pmmix150_p20_c60,c12_pmmix_150_p20_c60_0027,1.0,0.75,w8421,13.9588,13.9588
12,pmmix150_p20_c60,c12_pmmix_150_p20_c60_0027,1.0,0.75,w16421,13.9588,13.9588
12,pmmix150_p20_c60,c12_pmmix_150_p20_c60_0027,1.0,0.75,w27931,31.4073,31.4073
12,pmmix150_p20_c60,c12_pmmix_150_p20_c60_0027,1.0,1.0,w8421,13.9588,13.9588
12,pmmix150_p20_c60,c12_pmmix_150_p20_c60_0027,1.0,1.0,w16421,13.9588,13.9588
12,pmmix150_p20_c60,c12_pmmix_150_p20_c60_0027,1.0,1.0,w27931,31.4073,31.4073
12,pmmix150_p20_c60,c12_pmmix_150_p20_c60_0027,2.0,0.5,w8421,13.9588,13.9588
12,pmmix150_p20_c60,c12_pmmix_150_p20_c60_0027,2.0,0.5,w16421,13.9588,13.9588
12,pmmix150_p20_c60,c12_pmmix_150_p20_c60_0027,2.0,0.5,w27931,31.4073,31.4073
12,pmmix150_p20_c60,c12_pmmix_150_p20_c60_0027,2.0,0.75,w8421,13.9588,13.9588
12,pmmix150_p20_c60,c12_pmmix_150_p20_c60_0027,2.0,0.75,w16421,13.9588,13.9588
12,pmmix150_p20_c60,c12_pmmix_150_p20_c60_0027,2.0,0.75,w27931,31.4073,31.4073
12,pmmix150_p20_c60,c12_pmmix_150_p20_c60_0027,2.0,1.0,w8421,13.9588,13.9588
12,pmmix150_p20_c60,c12_pmmix_150_p20_c60_0027,2.0,1.0,w16421,13.9588,13.9588
12,pmmix150_p20_c60,c12_pmmix_150_p20_c60_0027,2.0,1.0,w27931,31.4073,31.4073
12,pmmix150_p20_c60,c12_pmmix_150_p20_c60_0028,1.0,0.5,w8421,639.4880,639.4880
12,pmmix150_p20_c60,c12_pmmix_150_p20_c60_0028,1.0,0.5,w16421,1205.5672,1205.5672
12,pmmix150_p20_c60,c12_pmmix_150_p20_c60_0028,1.0,0.5,w27931,2075.6871,2075.6871
12,pmmix150_p20_c60,c12_pmmix_150_p20_c60_0028,1.0,0.75,w8421,453.7288,453.7288
12,pmmix150_p20_c60,c12_pmmix_150_p20_c60_0028,1.0,0.75,w16421,648.2896,648.2896
12,pmmix150_p20_c60,c12_pmmix_150_p20_c60_0028,1.0,0.75,w27931,1239.7707,1239.7707
12,pmmix150_p20_c60,c12_pmmix_150_p20_c60_0028,1.0,1.0,w8421,419.0940,419.0940
12,pmmix150_p20_c60,c12_pmmix_150_p20_c60_0028,1.0,1.0,w16421,544.3852,544.3852
12,pmmix150_p20_c60,c12_pmmix_150_p20_c60_0028,1.0,1.0,w27931,1083.9141,1083.9141
12,pmmix150_p20_c60,c12_pmmix_150_p20_c60_0028,2.0,0.5,w8421,382.3896,382.3896
12,pmmix150_p20_c60,c12_pmmix_150_p20_c60_0028,2.0,0.5,w16421,507.6808,507.6808
12,pmmix150_p20_c60,c12_pmmix_150_p20_c60_0028,2.0,0.5,w27931,973.8009,973.8009
12,pmmix150_p20_c60,c12_pmmix_150_p20_c60_0028,2.0,0.75,w8421,382.3896,382.3896
12,pmmix150_p20_c60,c12_pmmix_150_p20_c60_0028,2.0,0.75,w16421,507.6808,507.6808
12,pmmix150_p20_c60,c12_pmmix_150_p20_c60_0028,2.0,0.75,w27931,973.8009,973.8009
12,pmmix150_p20_c60,c12_pmmix_150_p20_c60_0028,2.0,1.0,w8421,289.5100,289.5100
12,pmmix150_p20_c60,c12_pmmix_150_p20_c60_0028,2.0,1.0,w16421,414.8012,414.8012
12,pmmix150_p20_c60,c12_pmmix_150_p20_c60_0028,2.0,1.0,w27931,695.1621,695.1621
12,pmmix150_p20_c60,c12_pmmix_150_p20_c60_0029,1.0,0.5,w8421,1400.8284,1400.8284
12,pmmix150_p20_c60,c12_pmmix_150_p20_c60_0029,1.0,0.5,w16421,2648.0108,2648.0108
12,pmmix150_p20_c60,c12_pmmix_150_p20_c60_0029,1.0,0.5,w27931,4554.9441,4554.9441
12,pmmix150_p20_c60,c12_pmmix_150_p20_c60_0029,1.0,0.75,w8421,1400.8284,1400.8284
12,pmmix150_p20_c60,c12_pmmix_150_p20_c60_0029,1.0,0.75,w16421,2648.0108,2648.0108
12,pmmix150_p20_c60,c12_pmmix_150_p20_c60_0029,1.0,0.75,w27931,4554.9441,4554.9441
12,pmmix150_p20_c60,c12_pmmix_150_p20_c60_0029,1.0,1.0,w8421,1165.4512,1165.4512
12,pmmix150_p20_c60,c12_pmmix_150_p20_c60_0029,1.0,1.0,w16421,1941.8792,1941.8792
12,pmmix150_p20_c60,c12_pmmix_150_p20_c60_0029,1.0,1.0,w27931,3495.7467,3495.7467
12,pmmix150_p20_c60,c12_pmmix_150_p20_c60_0029,2.0,0.5,w8421,1324.0054,1324.0054
12,pmmix150_p20_c60,c12_pmmix_150_p20_c60_0029,2.0,0.5,w16421,2571.1878,2571.1878
12,pmmix150_p20_c60,c12_pmmix_150_p20_c60_0029,2.0,0.5,w27931,4324.4751,4324.4751
12,pmmix150_p20_c60,c12_pmmix_150_p20_c60_0029,2.0,0.75,w8421,1109.1106,1109.1106
12,pmmix150_p20_c60,c12_pmmix_150_p20_c60_0029,2.0,0.75,w16421,1926.5034,1926.5034
12,pmmix150_p20_c60,c12_pmmix_150_p20_c60_0029,2.0,0.75,w27931,3357.4485,3357.4485
12,pmmix150_p20_c60,c12_pmmix_150_p20_c60_0029,2.0,1.0,w8421,981.1808,981.1808
12,pmmix150_p20_c60,c12_pmmix_150_p20_c60_0029,2.0,1.0,w16421,1757.6088,1757.6088
12,pmmix150_p20_c60,c12_pmmix_150_p20_c60_0029,2.0,1.0,w27931,2942.9355,2942.9355
5,storm150_a300_c80,c05_storm_150_a300_c80_0000,1.0,0.5,w8421,0.0000,0.0000
5,storm150_a300_c80,c05_storm_150_a300_c80_0000,1.0,0.5,w16421,0.0000,0.0000
5,storm150_a300_c80,c05_storm_150_a300_c80_0000,1.0,0.5,w27931,0.0000,0.0000
5,storm150_a300_c80,c05_storm_150_a300_c80_0000,1.0,0.75,w8421,0.0000,0.0000
5,storm150_a300_c80,c05_storm_150_a300_c80_0000,1.0,0.75,w16421,0.0000,0.0000
5,storm150_a300_c80,c05_storm_150_a300_c80_0000,1.0,0.75,w27931,0.0000,0.0000
5,storm150_a300_c80,c05_storm_150_a300_c80_0000,1.0,1.0,w8421,0.0000,0.0000
5,storm150_a300_c80,c05_storm_150_a300_c80_0000,1.0,1.0,w16421,0.0000,0.0000
5,storm150_a300_c80,c05_storm_150_a300_c80_0000,1.0,1.0,w27931,0.0000,0.0000
5,storm150_a300_c80,c05_storm_150_a300_c80_0000,2.0,0.5,w8421,0.0000,0.0000
5,storm150_a300_c80,c05_storm_150_a300_c80_0000,2.0,0.5,w16421,0.0000,0.0000
5,storm150_a300_c80,c05_storm_150_a300_c80_0000,2.0,0.5,w27931,0.0000,0.0000
5,storm150_a300_c80,c05_storm_150_a300_c80_0000,2.0,0.75,w8421,0.0000,0.0000
5,storm150_a300_c80,c05_storm_150_a300_c80_0000,2.0,0.75,w16421,0.0000,0.0000
5,storm150_a300_c80,c05_storm_150_a300_c80_0000,2.0,0.75,w27931,0.0000,0.0000
5,storm150_a300_c80,c05_storm_150_a300_c80_0000,2.0,1.0,w8421,0.0000,0.0000
5,storm150_a300_c80,c05_storm_150_a300_c80_0000,2.0,1.0,w16421,0.0000,0.0000
5,storm150_a300_c80,c05_storm_150_a300_c80_0000,2.0,1.0,w27931,0.0000,0.0000
5,storm150_a300_c80,c05_storm_150_a300_c80_0001,1.0,0.5,w8421,0.0000,0.0000
5,storm150_a300_c80,c05_storm_150_a300_c80_0001,1.0,0.5,w16421,0.0000,0.0000
5,storm150_a300_c80,c05_storm_150_a300_c80_0001,1.0,0.5,w27931,0.0000,0.0000
5,storm150_a300_c80,c05_storm_150_a300_c80_0001,1.0,0.75,w8421,0.0000,0.0000
5,storm150_a300_c80,c05_storm_150_a300_c80_0001,1.0,0.75,w16421,0.0000,0.0000
5,storm150_a300_c80,c05_storm_150_a300_c80_0001,1.0,0.75,w27931,0.0000,0.0000
5,storm150_a300_c80,c05_storm_150_a300_c80_0001,1.0,1.0,w8421,0.0000,0.0000
5,storm150_a300_c80,c05_storm_150_a300_c80_0001,1.0,1.0,w16421,0.0000,0.0000
5,storm150_a300_c80,c05_storm_150_a300_c80_0001,1.0,1.0,w27931,0.0000,0.0000
5,storm150_a300_c80,c05_storm_150_a300_c80_0001,2.0,0.5,w8421,0.0000,0.0000
5,storm150_a300_c80,c05_storm_150_a300_c80_0001,2.0,0.5,w16421,0.0000,0.0000
5,storm150_a300_c80,c05_storm_150_a300_c80_0001,2.0,0.5,w27931,0.0000,0.0000
5,storm150_a300_c80,c05_storm_150_a300_c80_0001,2.0,0.75,w8421,0.0000,0.0000
5,storm150_a300_c80,c05_storm_150_a300_c80_0001,2.0,0.75,w16421,0.0000,0.0000
5,storm150_a300_c80,c05_storm_150_a300_c80_0001,2.0,0.75,w27931,0.0000,0.0000
5,storm150_a300_c80,c05_storm_150_a300_c80_0001,2.0,1.0,w8421,0.0000,0.0000
5,storm150_a300_c80,c05_storm_150_a300_c80_0001,2.0,1.0,w16421,0.0000,0.0000
5,storm150_a300_c80,c05_storm_150_a300_c80_0001,2.0,1.0,w27931,0.0000,0.0000
5,storm150_a300_c80,c05_storm_150_a300_c80_0002,1.0,0.5,w8421,0.0000,0.0000
5,storm150_a300_c80,c05_storm_150_a300_c80_0002,1.0,0.5,w16421,0.0000,0.0000
5,storm150_a300_c80,c05_storm_150_a300_c80_0002,1.0,0.5,w27931,0.0000,0.0000
5,storm150_a300_c80,c05_storm_150_a300_c80_0002,1.0,0.75,w8421,0.0000,0.0000
5,storm150_a300_c80,c05_storm_150_a300_c80_0002,1.0,0.75,w16421,0.0000,0.0000
5,storm150_a300_c80,c05_storm_150_a300_c80_0002,1.0,0.75,w27931,0.0000,0.0000
5,storm150_a300_c80,c05_storm_150_a300_c80_0002,1.0,1.0,w8421,0.0000,0.0000
5,storm150_a300_c80,c05_storm_150_a300_c80_0002,1.0,1.0,w16421,0.0000,0.0000
5,storm150_a300_c80,c05_storm_150_a300_c80_0002,1.0,1.0,w27931,0.0000,0.0000
5,storm150_a300_c80,c05_storm_150_a300_c80_0002,2.0,0.5,w8421,0.0000,0.0000
5,storm150_a300_c80,c05_storm_150_a300_c80_0002,2.0,0.5,w16421,0.0000,0.0000
5,storm150_a300_c80,c05_storm_150_a300_c80_0002,2.0,0.5,w27931,0.0000,0.0000
5,storm150_a300_c80,c05_storm_150_a300_c80_0002,2.0,0.75,w8421,0.0000,0.0000
5,storm150_a300_c80,c05_storm_150_a300_c80_0002,2.0,0.75,w16421,0.0000,0.0000
5,storm150_a300_c80,c05_storm_150_a300_c80_0002,2.0,0.75,w27931,0.0000,0.0000
5,storm150_a300_c80,c05_storm_150_a300_c80_0002,2.0,1.0,w8421,0.0000,0.0000
5,storm150_a300_c80,c05_storm_150_a300_c80_0002,2.0,1.0,w16421,0.0000,0.0000
5,storm150_a300_c80,c05_storm_150_a300_c80_0002,2.0,1.0,w27931,0.0000,0.0000
5,storm150_a300_c80,c05_storm_150_a300_c80_0003,1.0,0.5,w8421,0.0000,0.0000
5,storm150_a300_c80,c05_storm_150_a300_c80_0003,1.0,0.5,w16421,0.0000,0.0000
5,storm150_a300_c80,c05_storm_150_a300_c80_0003,1.0,0.5,w27931,0.0000,0.0000
5,storm150_a300_c80,c05_storm_150_a300_c80_0003,1.0,0.75,w8421,0.0000,0.0000
5,storm150_a300_c80,c05_storm_150_a300_c80_0003,1.0,0.75,w16421,0.0000,0.0000
5,storm150_a300_c80,c05_storm_150_a300_c80_0003,1.0,0.75,w27931,0.0000,0.0000
5,storm150_a300_c80,c05_storm_150_a300_c80_0003,1.0,1.0,w8421,0.0000,0.0000
5,storm150_a300_c80,c05_storm_150_a300_c80_0003,1.0,1.0,w16421,0.0000,0.0000
5,storm150_a300_c80,c05_storm_150_a300_c80_0003,1.0,1.0,w27931,0.0000,0.0000
5,storm150_a300_c80,c05_storm_150_a300_c80_0003,2.0,0.5,w8421,0.0000,0.0000
5,storm150_a300_c80,c05_storm_150_a300_c80_0003,2.0,0.5,w16421,0.0000,0.0000
5,storm150_a300_c80,c05_storm_150_a300_c80_0003,2.0,0.5,w27931,0.0000,0.0000
5,storm150_a300_c80,c05_storm_150_a300_c80_0003,2.0,0.75,w8421,0.0000,0.0000
5,storm150_a300_c80,c05_storm_150_a300_c80_0003,2.0,0.75,w16421,0.0000,0.0000
5,storm150_a300_c80,c05_storm_150_a300_c80_0003,2.0,0.75,w27931,0.0000,0.0000
5,storm150_a300_c80,c05_storm_150_a300_c80_0003,2.0,1.0,w8421,0.0000,0.0000
5,storm150_a300_c80,c05_storm_150_a300_c80_0003,2.0,1.0,w16421,0.0000,0.0000
5,storm150_a300_c80,c05_storm_150_a300_c80_0003,2.0,1.0,w27931,0.0000,0.0000
5,storm150_a300_c80,c05_storm_150_a300_c80_0004,1.0,0.5,w8421,0.0000,0.0000
5,storm150_a300_c80,c05_storm_150_a300_c80_0004,1.0,0.5,w16421,0.0000,0.0000
5,storm150_a300_c80,c05_storm_150_a300_c80_0004,1.0,0.5,w27931,0.0000,0.0000
5,storm150_a300_c80,c05_storm_150_a300_c80_0004,1.0,0.75,w8421,0.0000,0.0000
5,storm150_a300_c80,c05_storm_150_a300_c80_0004,1.0,0.75,w16421,0.0000,0.0000
5,storm150_a300_c80,c05_storm_150_a300_c80_0004,1.0,0.75,w27931,0.0000,0.0000
5,storm150_a300_c80,c05_storm_150_a300_c80_0004,1.0,1.0,w8421,0.0000,0.0000
5,storm150_a300_c80,c05_storm_150_a300_c80_0004,1.0,1.0,w16421,0.0000,0.0000
5,storm150_a300_c80,c05_storm_150_a300_c80_0004,1.0,1.0,w27931,0.0000,0.0000
5,storm150_a300_c80,c05_storm_150_a300_c80_0004,2.0,0.5,w8421,0.0000,0.0000
5,storm150_a300_c80,c05_storm_150_a300_c80_0004,2.0,0.5,w16421,0.0000,0.0000
5,storm150_a300_c80,c05_storm_150_a300_c80_0004,2.0,0.5,w27931,0.0000,0.0000
5,storm150_a300_c80,c05_storm_150_a300_c80_0004,2.0,0.75,w8421,0.0000,0.0000
5,storm150_a300_c80,c05_storm_150_a300_c80_0004,2.0,0.75,w16421,0.0000,0.0000
5,storm150_a300_c80,c05_storm_150_a300_c80_0004,2.0,0.75,w27931,0.0000,0.0000
5,storm150_a300_c80,c05_storm_150_a300_c80_0004,2.0,1.0,w8421,0.0000,0.0000
5,storm150_a300_c80,c05_storm_150_a300_c80_0004,2.0,1.0,w16421,0.0000,0.0000
5,storm150_a300_c80,c05_storm_150_a300_c80_0004,2.0,1.0,w27931,0.0000,0.0000
5,storm150_a300_c80,c05_storm_150_a300_c80_0005,1.0,0.5,w8421,0.0000,0.0000
5,storm150_a300_c80,c05_storm_150_a300_c80_0005,1.0,0.5,w16421,0.0000,0.0000
5,storm150_a300_c80,c05_storm_150_a300_c80_0005,1.0,0.5,w27931,0.0000,0.0000
5,storm150_a300_c80,c05_storm_150_a300_c80_0005,1.0,0.75,w8421,0.0000,0.0000
5,storm150_a300_c80,c05_storm_150_a300_c80_0005,1.0,0.75,w16421,0.0000,0.0000
5,storm150_a300_c80,c05_storm_150_a300_c80_0005,1.0,0.75,w27931,0.0000,0.0000
5,storm150_a300_c80,c05_storm_150_a300_c80_0005,1.0,1.0,w8421,0.0000,0.0000
5,storm150_a300_c80,c05_storm_150_a300_c80_0005,1.0,1.0,w16421,0.0000,0.0000
5,storm150_a300_c80,c05_storm_150_a300_c80_0005,1.0,1.0,w27931,0.0000,0.0000
5,storm150_a300_c80,c05_storm_150_a300_c80_0005,2.0,0.5,w8421,0.0000,0.0000
5,storm150_a300_c80,c05_storm_150_a300_c80_0005,2.0,0.5,w16421,0.0000,0.0000
5,storm150_a300_c80,c05_storm_150_a300_c80_0005,2.0,0.5,w27931,0.0000,0.0000
5,storm150_a300_c80,c05_storm_150_a300_c80_0005,2.0,0.75,w8421,0.0000,0.0000
5,storm150_a300_c80,c05_storm_150_a300_c80_0005,2.0,0.75,w16421,0.0000,0.0000
5,storm150_a300_c80,c05_storm_150_a300_c80_0005,2.0,0.75,w27931,0.0000,0.0000
5,storm150_a300_c80,c05_storm_150_a300_c80_0005,2.0,1.0,w8421,0.0000,0.0000
5,storm150_a300_c80,c05_storm_150_a300_c80_0005,2.0,1.0,w16421,0.0000,0.0000
5,storm150_a300_c80,c05_storm_150_a300_c80_0005,2.0,1.0,w27931,0.0000,0.0000
5,storm150_a300_c80,c05_storm_150_a300_c80_0006,1.0,0.5,w8421,0.0000,0.0000
5,storm150_a300_c80,c05_storm_150_a300_c80_0006,1.0,0.5,w16421,0.0000,0.0000
5,storm150_a300_c80,c05_storm_150_a300_c80_0006,1.0,0.5,w27931,0.0000,0.0000
5,storm150_a300_c80,c05_storm_150_a300_c80_0006,1.0,0.75,w8421,0.0000,0.0000
5,storm150_a300_c80,c05_storm_150_a300_c80_0006,1.0,0.75,w16421,0.0000,0.0000
5,storm150_a300_c80,c05_storm_150_a300_c80_0006,1.0,0.75,w27931,0.0000,0.0000
5,storm150_a300_c80,c05_storm_150_a300_c80_0006,1.0,1.0,w8421,0.0000,0.0000
5,storm150_a300_c80,c05_storm_150_a300_c80_0006,1.0,1.0,w16421,0.0000,0.0000
5,storm150_a300_c80,c05_storm_150_a300_c80_0006,1.0,1.0,w27931,0.0000,0.0000
5,storm150_a300_c80,c05_storm_150_a300_c80_0006,2.0,0.5,w8421,0.0000,0.0000
5,storm150_a300_c80,c05_storm_150_a300_c80_0006,2.0,0.5,w16421,0.0000,0.0000
5,storm150_a300_c80,c05_storm_150_a300_c80_0006,2.0,0.5,w27931,0.0000,0.0000
5,storm150_a300_c80,c05_storm_150_a300_c80_0006,2.0,0.75,w8421,0.0000,0.0000
5,storm150_a300_c80,c05_storm_150_a300_c80_0006,2.0,0.75,w16421,0.0000,0.0000
5,storm150_a300_c80,c05_storm_150_a300_c80_0006,2.0,0.75,w27931,0.0000,0.0000
5,storm150_a300_c80,c05_storm_150_a300_c80_0006,2.0,1.0,w8421,0.0000,0.0000
5,storm150_a300_c80,c05_storm_150_a300_c80_0006,2.0,1.0,w16421,0.0000,0.0000
5,storm150_a300_c80,c05_storm_150_a300_c80_0006,2.0,1.0,w27931,0.0000,0.0000
5,storm150_a300_c80,c05_storm_150_a300_c80_0007,1.0,0.5,w8421,0.0000,0.0000
5,storm150_a300_c80,c05_storm_150_a300_c80_0007,1.0,0.5,w16421,0.0000,0.0000
5,storm150_a300_c80,c05_storm_150_a300_c80_0007,1.0,0.5,w27931,0.0000,0.0000
5,storm150_a300_c80,c05_storm_150_a300_c80_0007,1.0,0.75,w8421,0.0000,0.0000
5,storm150_a300_c80,c05_storm_150_a300_c80_0007,1.0,0.75,w16421,0.0000,0.0000
5,storm150_a300_c80,c05_storm_150_a300_c80_0007,1.0,0.75,w27931,0.0000,0.0000
5,storm150_a300_c80,c05_storm_150_a300_c80_0007,1.0,1.0,w8421,0.0000,0.0000
5,storm150_a300_c80,c05_storm_150_a300_c80_0007,1.0,1.0,w16421,0.0000,0.0000
5,storm150_a300_c80,c05_storm_150_a300_c80_0007,1.0,1.0,w27931,0.0000,0.0000
5,storm150_a300_c80,c05_storm_150_a300_c80_0007,2.0,0.5,w8421,0.0000,0.0000
5,storm150_a300_c80,c05_storm_150_a300_c80_0007,2.0,0.5,w16421,0.0000,0.0000
5,storm150_a300_c80,c05_storm_150_a300_c80_0007,2.0,0.5,w27931,0.0000,0.0000
5,storm150_a300_c80,c05_storm_150_a300_c80_0007,2.0,0.75,w8421,0.0000,0.0000
5,storm150_a300_c80,c05_storm_150_a300_c80_0007,2.0,0.75,w16421,0.0000,0.0000
5,storm150_a300_c80,c05_storm_150_a300_c80_0007,2.0,0.75,w27931,0.0000,0.0000
5,storm150_a300_c80,c05_storm_150_a300_c80_0007,2.0,1.0,w8421,0.0000,0.0000
5,storm150_a300_c80,c05_storm_150_a300_c80_0007,2.0,1.0,w16421,0.0000,0.0000
5,storm150_a300_c80,c05_storm_150_a300_c80_0007,2.0,1.0,w27931,0.0000,0.0000
5,storm150_a300_c80,c05_storm_150_a300_c80_0008,1.0,0.5,w8421,0.0000,0.0000
5,storm150_a300_c80,c05_storm_150_a300_c80_0008,1.0,0.5,w16421,0.0000,0.0000
5,storm150_a300_c80,c05_storm_150_a300_c80_0008,1.0,0.5,w27931,0.0000,0.0000
5,storm150_a300_c80,c05_storm_150_a300_c80_0008,1.0,0.75,w8421,0.0000,0.0000
5,storm150_a300_c80,c05_storm_150_a300_c80_0008,1.0,0.75,w16421,0.0000,0.0000
5,storm150_a300_c80,c05_storm_150_a300_c80_0008,1.0,0.75,w27931,0.0000,0.0000
5,storm150_a300_c80,c05_storm_150_a300_c80_0008,1.0,1.0,w8421,0.0000,0.0000
5,storm150_a300_c80,c05_storm_150_a300_c80_0008,1.0,1.0,w16421,0.0000,0.0000
5,storm150_a300_c80,c05_storm_150_a300_c80_0008,1.0,1.0,w27931,0.0000,0.0000
5,storm150_a300_c80,c05_storm_150_a300_c80_0008,2.0,0.5,w8421,0.0000,0.0000
5,storm150_a300_c80,c05_storm_150_a300_c80_0008,2.0,0.5,w16421,0.0000,0.0000
5,storm150_a300_c80,c05_storm_150_a300_c80_0008,2.0,0.5,w27931,0.0000,0.0000
5,storm150_a300_c80,c05_storm_150_a300_c80_0008,2.0,0.75,w8421,0.0000,0.0000
5,storm150_a300_c80,c05_storm_150_a300_c80_0008,2.0,0.75,w16421,0.0000,0.0000
5,storm150_a300_c80,c05_storm_150_a300_c80_0008,2.0,0.75,w27931,0.0000,0.0000
5,storm150_a300_c80,c05_storm_150_a300_c80_0008,2.0,1.0,w8421,0.0000,0.0000
5,storm150_a300_c80,c05_storm_150_a300_c80_0008,2.0,1.0,w16421,0.0000,0.0000
5,storm150_a300_c80,c05_storm_150_a300_c80_0008,2.0,1.0,w27931,0.0000,0.0000
5,storm150_a300_c80,c05_storm_150_a300_c80_0009,1.0,0.5,w8421,0.0000,0.0000
5,storm150_a300_c80,c05_storm_150_a300_c80_0009,1.0,0.5,w16421,0.0000,0.0000
5,storm150_a300_c80,c05_storm_150_a300_c80_0009,1.0,0.5,w27931,0.0000,0.0000
5,storm150_a300_c80,c05_storm_150_a300_c80_0009,1.0,0.75,w8421,0.0000,0.0000
5,storm150_a300_c80,c05_storm_150_a300_c80_0009,1.0,0.75,w16421,0.0000,0.0000
5,storm150_a300_c80,c05_storm_150_a300_c80_0009,1.0,0.75,w27931,0.0000,0.0000
5,storm150_a300_c80,c05_storm_150_a300_c80_0009,1.0,1.0,w8421,0.0000,0.0000
5,storm150_a300_c80,c05_storm_150_a300_c80_0009,1.0,1.0,w16421,0.0000,0.0000
5,storm150_a300_c80,c05_storm_150_a300_c80_0009,1.0,1.0,w27931,0.0000,0.0000
5,storm150_a300_c80,c05_storm_150_a300_c80_0009,2.0,0.5,w8421,0.0000,0.0000
5,storm150_a300_c80,c05_storm_150_a300_c80_0009,2.0,0.5,w16421,0.0000,0.0000
5,storm150_a300_c80,c05_storm_150_a300_c80_0009,2.0,0.5,w27931,0.0000,0.0000
5,storm150_a300_c80,c05_storm_150_a300_c80_0009,2.0,0.75,w8421,0.0000,0.0000
5,storm150_a300_c80,c05_storm_150_a300_c80_0009,2.0,0.75,w16421,0.0000,0.0000
5,storm150_a300_c80,c05_storm_150_a300_c80_0009,2.0,0.75,w27931,0.0000,0.0000
5,storm150_a300_c80,c05_storm_150_a300_c80_0009,2.0,1.0,w8421,0.0000,0.0000
5,storm150_a300_c80,c05_storm_150_a300_c80_0009,2.0,1.0,w16421,0.0000,0.0000
5,storm150_a300_c80,c05_storm_150_a300_c80_0009,2.0,1.0,w27931,0.0000,0.0000
5,storm150_a300_c80,c05_storm_150_a300_c80_0010,1.0,0.5,w8421,0.0000,0.0000
5,storm150_a300_c80,c05_storm_150_a300_c80_0010,1.0,0.5,w16421,0.0000,0.0000
5,storm150_a300_c80,c05_storm_150_a300_c80_0010,1.0,0.5,w27931,0.0000,0.0000
5,storm150_a300_c80,c05_storm_150_a300_c80_0010,1.0,0.75,w8421,0.0000,0.0000
5,storm150_a300_c80,c05_storm_150_a300_c80_0010,1.0,0.75,w16421,0.0000,0.0000
5,storm150_a300_c80,c05_storm_150_a300_c80_0010,1.0,0.75,w27931,0.0000,0.0000
5,storm150_a300_c80,c05_storm_150_a300_c80_0010,1.0,1.0,w8421,0.0000,0.0000
5,storm150_a300_c80,c05_storm_150_a300_c80_0010,1.0,1.0,w16421,0.0000,0.0000
5,storm150_a300_c80,c05_storm_150_a300_c80_0010,1.0,1.0,w27931,0.0000,0.0000
5,storm150_a300_c80,c05_storm_150_a300_c80_0010,2.0,0.5,w8421,0.0000,0.0000
5,storm150_a300_c80,c05_storm_150_a300_c80_0010,2.0,0.5,w16421,0.0000,0.0000
5,storm150_a300_c80,c05_storm_150_a300_c80_0010,2.0,0.5,w27931,0.0000,0.0000
5,storm150_a300_c80,c05_storm_150_a300_c80_0010,2.0,0.75,w8421,0.0000,0.0000
5,storm150_a300_c80,c05_storm_150_a300_c80_0010,2.0,0.75,w16421,0.0000,0.0000
5,storm150_a300_c80,c05_storm_150_a300_c80_0010,2.0,0.75,w27931,0.0000,0.0000
5,storm150_a300_c80,c05_storm_150_a300_c80_0010,2.0,1.0,w8421,0.0000,0.0000
5,storm150_a300_c80,c05_storm_150_a300_c80_0010,2.0,1.0,w16421,0.0000,0.0000
5,storm150_a300_c80,c05_storm_150_a300_c80_0010,2.0,1.0,w27931,0.0000,0.0000
5,storm150_a300_c80,c05_storm_150_a300_c80_0011,1.0,0.5,w8421,0.0000,0.0000
5,storm150_a300_c80,c05_storm_150_a300_c80_0011,1.0,0.5,w16421,0.0000,0.0000
5,storm150_a300_c80,c05_storm_150_a300_c80_0011,1.0,0.5,w27931,0.0000,0.0000
5,storm150_a300_c80,c05_storm_150_a300_c80_0011,1.0,0.75,w8421,0.0000,0.0000
5,storm150_a300_c80,c05_storm_150_a300_c80_0011,1.0,0.75,w16421,0.0000,0.0000
5,storm150_a300_c80,c05_storm_150_a300_c80_0011,1.0,0.75,w27931,0.0000,0.0000
5,storm150_a300_c80,c05_storm_150_a300_c80_0011,1.0,1.0,w8421,0.0000,0.0000
5,storm150_a300_c80,c05_storm_150_a300_c80_0011,1.0,1.0,w16421,0.0000,0.0000
5,storm150_a300_c80,c05_storm_150_a300_c80_0011,1.0,1.0,w27931,0.0000,0.0000
5,storm150_a300_c80,c05_storm_150_a300_c80_0011,2.0,0.5,w8421,0.0000,0.0000
5,storm150_a300_c80,c05_storm_150_a300_c80_0011,2.0,0.5,w16421,0.0000,0.0000
5,storm150_a300_c80,c05_storm_150_a300_c80_0011,2.0,0.5,w27931,0.0000,0.0000
5,storm150_a300_c80,c05_storm_150_a300_c80_0011,2.0,0.75,w8421,0.0000,0.0000
5,storm150_a300_c80,c05_storm_150_a300_c80_0011,2.0,0.75,w16421,0.0000,0.0000
5,storm150_a300_c80,c05_storm_150_a300_c80_0011,2.0,0.75,w27931,0.0000,0.0000
5,storm150_a300_c80,c05_storm_150_a300_c80_0011,2.0,1.0,w8421,0.0000,0.0000
5,storm150_a300_c80,c05_storm_150_a300_c80_0011,2.0,1.0,w16421,0.0000,0.0000
5,storm150_a300_c80,c05_storm_150_a300_c80_0011,2.0,1.0,w27931,0.0000,0.0000
5,storm150_a300_c80,c05_storm_150_a300_c80_0012,1.0,0.5,w8421,0.0000,0.0000
5,storm150_a300_c80,c05_storm_150_a300_c80_0012,1.0,0.5,w16421,0.0000,0.0000
5,storm150_a300_c80,c05_storm_150_a300_c80_0012,1.0,0.5,w27931,0.0000,0.0000
5,storm150_a300_c80,c05_storm_150_a300_c80_0012,1.0,0.75,w8421,0.0000,0.0000
5,storm150_a300_c80,c05_storm_150_a300_c80_0012,1.0,0.75,w16421,0.0000,0.0000
5,storm150_a300_c80,c05_storm_150_a300_c80_0012,1.0,0.75,w27931,0.0000,0.0000
5,storm150_a300_c80,c05_storm_150_a300_c80_0012,1.0,1.0,w8421,0.0000,0.0000
5,storm150_a300_c80,c05_storm_150_a300_c80_0012,1.0,1.0,w16421,0.0000,0.0000
5,storm150_a300_c80,c05_storm_150_a300_c80_0012,1.0,1.0,w27931,0.0000,0.0000
5,storm150_a300_c80,c05_storm_150_a300_c80_0012,2.0,0.5,w8421,0.0000,0.0000
5,storm150_a300_c80,c05_storm_150_a300_c80_0012,2.0,0.5,w16421,0.0000,0.0000
5,storm150_a300_c80,c05_storm_150_a300_c80_0012,2.0,0.5,w27931,0.0000,0.0000
5,storm150_a300_c80,c05_storm_150_a300_c80_0012,2.0,0.75,w8421,0.0000,0.0000
5,storm150_a300_c80,c05_storm_150_a300_c80_0012,2.0,0.75,w16421,0.0000,0.0000
5,storm150_a300_c80,c05_storm_150_a300_c80_0012,2.0,0.75,w27931,0.0000,0.0000
5,storm150_a300_c80,c05_storm_150_a300_c80_0012,2.0,1.0,w8421,0.0000,0.0000
5,storm150_a300_c80,c05_storm_150_a300_c80_0012,2.0,1.0,w16421,0.0000,0.0000
5,storm150_a300_c80,c05_storm_150_a300_c80_0012,2.0,1.0,w27931,0.0000,0.0000
5,storm150_a300_c80,c05_storm_150_a300_c80_0013,1.0,0.5,w8421,0.0000,0.0000
5,storm150_a300_c80,c05_storm_150_a300_c80_0013,1.0,0.5,w16421,0.0000,0.0000
5,storm150_a300_c80,c05_storm_150_a300_c80_0013,1.0,0.5,w27931,0.0000,0.0000
5,storm150_a300_c80,c05_storm_150_a300_c80_0013,1.0,0.75,w8421,0.0000,0.0000
5,storm150_a300_c80,c05_storm_150_a300_c80_0013,1.0,0.75,w16421,0.0000,0.0000
5,storm150_a300_c80,c05_storm_150_a300_c80_0013,1.0,0.75,w27931,0.0000,0.0000
5,storm150_a300_c80,c05_storm_150_a300_c80_0013,1.0,1.0,w8421,0.0000,0.0000
5,storm150_a300_c80,c05_storm_150_a300_c80_0013,1.0,1.0,w16421,0.0000,0.0000
5,storm150_a300_c80,c05_storm_150_a300_c80_0013,1.0,1.0,w27931,0.0000,0.0000
5,storm150_a300_c80,c05_storm_150_a300_c80_0013,2.0,0.5,w8421,0.0000,0.0000
5,storm150_a300_c80,c05_storm_150_a300_c80_0013,2.0,0.5,w16421,0.0000,0.0000
5,storm150_a300_c80,c05_storm_150_a300_c80_0013,2.0,0.5,w27931,0.0000,0.0000
5,storm150_a300_c80,c05_storm_150_a300_c80_0013,2.0,0.75,w8421,0.0000,0.0000
5,storm150_a300_c80,c05_storm_150_a300_c80_0013,2.0,0.75,w16421,0.0000,0.0000
5,storm150_a300_c80,c05_storm_150_a300_c80_0013,2.0,0.75,w27931,0.0000,0.0000
5,storm150_a300_c80,c05_storm_150_a300_c80_0013,2.0,1.0,w8421,0.0000,0.0000
5,storm150_a300_c80,c05_storm_150_a300_c80_0013,2.0,1.0,w16421,0.0000,0.0000
5,storm150_a300_c80,c05_storm_150_a300_c80_0013,2.0,1.0,w27931,0.0000,0.0000
5,storm150_a300_c80,c05_storm_150_a300_c80_0014,1.0,0.5,w8421,0.0000,0.0000
5,storm150_a300_c80,c05_storm_150_a300_c80_0014,1.0,0.5,w16421,0.0000,0.0000
5,storm150_a300_c80,c05_storm_150_a300_c80_0014,1.0,0.5,w27931,0.0000,0.0000
5,storm150_a300_c80,c05_storm_150_a300_c80_0014,1.0,0.75,w8421,0.0000,0.0000
5,storm150_a300_c80,c05_storm_150_a300_c80_0014,1.0,0.75,w16421,0.0000,0.0000
5,storm150_a300_c80,c05_storm_150_a300_c80_0014,1.0,0.75,w27931,0.0000,0.0000
5,storm150_a300_c80,c05_storm_150_a300_c80_0014,1.0,1.0,w8421,0.0000,0.0000
5,storm150_a300_c80,c05_storm_150_a300_c80_0014,1.0,1.0,w16421,0.0000,0.0000
5,storm150_a300_c80,c05_storm_150_a300_c80_0014,1.0,1.0,w27931,0.0000,0.0000
5,storm150_a300_c80,c05_storm_150_a300_c80_0014,2.0,0.5,w8421,0.0000,0.0000
5,storm150_a300_c80,c05_storm_150_a300_c80_0014,2.0,0.5,w16421,0.0000,0.0000
5,storm150_a300_c80,c05_storm_150_a300_c80_0014,2.0,0.5,w27931,0.0000,0.0000
5,storm150_a300_c80,c05_storm_150_a300_c80_0014,2.0,0.75,w8421,0.0000,0.0000
5,storm150_a300_c80,c05_storm_150_a300_c80_0014,2.0,0.75,w16421,0.0000,0.0000
5,storm150_a300_c80,c05_storm_150_a300_c80_0014,2.0,0.75,w27931,0.0000,0.0000
5,storm150_a300_c80,c05_storm_150_a300_c80_0014,2.0,1.0,w8421,0.0000,0.0000
5,storm150_a300_c80,c05_storm_150_a300_c80_0014,2.0,1.0,w16421,0.0000,0.0000
5,storm150_a300_c80,c05_storm_150_a300_c80_0014,2.0,1.0,w27931,0.0000,0.0000
5,storm150_a300_c80,c05_storm_150_a300_c80_0015,1.0,0.5,w8421,0.0000,0.0000
5,storm150_a300_c80,c05_storm_150_a300_c80_0015,1.0,0.5,w16421,0.0000,0.0000
5,storm150_a300_c80,c05_storm_150_a300_c80_0015,1.0,0.5,w27931,0.0000,0.0000
5,storm150_a300_c80,c05_storm_150_a300_c80_0015,1.0,0.75,w8421,0.0000,0.0000
5,storm150_a300_c80,c05_storm_150_a300_c80_0015,1.0,0.75,w16421,0.0000,0.0000
5,storm150_a300_c80,c05_storm_150_a300_c80_0015,1.0,0.75,w27931,0.0000,0.0000
5,storm150_a300_c80,c05_storm_150_a300_c80_0015,1.0,1.0,w8421,0.0000,0.0000
5,storm150_a300_c80,c05_storm_150_a300_c80_0015,1.0,1.0,w16421,0.0000,0.0000
5,storm150_a300_c80,c05_storm_150_a300_c80_0015,1.0,1.0,w27931,0.0000,0.0000
5,storm150_a300_c80,c05_storm_150_a300_c80_0015,2.0,0.5,w8421,0.0000,0.0000
5,storm150_a300_c80,c05_storm_150_a300_c80_0015,2.0,0.5,w16421,0.0000,0.0000
5,storm150_a300_c80,c05_storm_150_a300_c80_0015,2.0,0.5,w27931,0.0000,0.0000
5,storm150_a300_c80,c05_storm_150_a300_c80_0015,2.0,0.75,w8421,0.0000,0.0000
5,storm150_a300_c80,c05_storm_150_a300_c80_0015,2.0,0.75,w16421,0.0000,0.0000
5,storm150_a300_c80,c05_storm_150_a300_c80_0015,2.0,0.75,w27931,0.0000,0.0000
5,storm150_a300_c80,c05_storm_150_a300_c80_0015,2.0,1.0,w8421,0.0000,0.0000
5,storm150_a300_c80,c05_storm_150_a300_c80_0015,2.0,1.0,w16421,0.0000,0.0000
5,storm150_a300_c80,c05_storm_150_a300_c80_0015,2.0,1.0,w27931,0.0000,0.0000
5,storm150_a300_c80,c05_storm_150_a300_c80_0016,1.0,0.5,w8421,0.0000,0.0000
5,storm150_a300_c80,c05_storm_150_a300_c80_0016,1.0,0.5,w16421,0.0000,0.0000
5,storm150_a300_c80,c05_storm_150_a300_c80_0016,1.0,0.5,w27931,0.0000,0.0000
5,storm150_a300_c80,c05_storm_150_a300_c80_0016,1.0,0.75,w8421,0.0000,0.0000
5,storm150_a300_c80,c05_storm_150_a300_c80_0016,1.0,0.75,w16421,0.0000,0.0000
5,storm150_a300_c80,c05_storm_150_a300_c80_0016,1.0,0.75,w27931,0.0000,0.0000
5,storm150_a300_c80,c05_storm_150_a300_c80_0016,1.0,1.0,w8421,0.0000,0.0000
5,storm150_a300_c80,c05_storm_150_a300_c80_0016,1.0,1.0,w16421,0.0000,0.0000
5,storm150_a300_c80,c05_storm_150_a300_c80_0016,1.0,1.0,w27931,0.0000,0.0000
5,storm150_a300_c80,c05_storm_150_a300_c80_0016,2.0,0.5,w8421,0.0000,0.0000
5,storm150_a300_c80,c05_storm_150_a300_c80_0016,2.0,0.5,w16421,0.0000,0.0000
5,storm150_a300_c80,c05_storm_150_a300_c80_0016,2.0,0.5,w27931,0.0000,0.0000
5,storm150_a300_c80,c05_storm_150_a300_c80_0016,2.0,0.75,w8421,0.0000,0.0000
5,storm150_a300_c80,c05_storm_150_a300_c80_0016,2.0,0.75,w16421,0.0000,0.0000
5,storm150_a300_c80,c05_storm_150_a300_c80_0016,2.0,0.75,w27931,0.0000,0.0000
5,storm150_a300_c80,c05_storm_150_a300_c80_0016,2.0,1.0,w8421,0.0000,0.0000
5,storm150_a300_c80,c05_storm_150_a300_c80_0016,2.0,1.0,w16421,0.0000,0.0000
5,storm150_a300_c80,c05_storm_150_a300_c80_0016,2.0,1.0,w27931,0.0000,0.0000
5,storm150_a300_c80,c05_storm_150_a300_c80_0017,1.0,0.5,w8421,0.0000,0.0000
5,storm150_a300_c80,c05_storm_150_a300_c80_0017,1.0,0.5,w16421,0.0000,0.0000
5,storm150_a300_c80,c05_storm_150_a300_c80_0017,1.0,0.5,w27931,0.0000,0.0000
5,storm150_a300_c80,c05_storm_150_a300_c80_0017,1.0,0.75,w8421,0.0000,0.0000
5,storm150_a300_c80,c05_storm_150_a300_c80_0017,1.0,0.75,w16421,0.0000,0.0000
5,storm150_a300_c80,c05_storm_150_a300_c80_0017,1.0,0.75,w27931,0.0000,0.0000
5,storm150_a300_c80,c05_storm_150_a300_c80_0017,1.0,1.0,w8421,0.0000,0.0000
5,storm150_a300_c80,c05_storm_150_a300_c80_0017,1.0,1.0,w16421,0.0000,0.0000
5,storm150_a300_c80,c05_storm_150_a300_c80_0017,1.0,1.0,w27931,0.0000,0.0000
5,storm150_a300_c80,c05_storm_150_a300_c80_0017,2.0,0.5,w8421,0.0000,0.0000
5,storm150_a300_c80,c05_storm_150_a300_c80_0017,2.0,0.5,w16421,0.0000,0.0000
5,storm150_a300_c80,c05_storm_150_a300_c80_0017,2.0,0.5,w27931,0.0000,0.0000
5,storm150_a300_c80,c05_storm_150_a300_c80_0017,2.0,0.75,w8421,0.0000,0.0000
5,storm150_a300_c80,c05_storm_150_a300_c80_0017,2.0,0.75,w16421,0.0000,0.0000
5,storm150_a300_c80,c05_storm_150_a300_c80_0017,2.0,0.75,w27931,0.0000,0.0000
5,storm150_a300_c80,c05_storm_150_a300_c80_0017,2.0,1.0,w8421,0.0000,0.0000
5,storm150_a300_c80,c05_storm_150_a300_c80_0017,2.0,1.0,w16421,0.0000,0.0000
5,storm150_a300_c80,c05_storm_150_a300_c80_0017,2.0,1.0,w27931,0.0000,0.0000
5,storm150_a300_c80,c05_storm_150_a300_c80_0018,1.0,0.5,w8421,0.0000,0.0000
5,storm150_a300_c80,c05_storm_150_a300_c80_0018,1.0,0.5,w16421,0.0000,0.0000
5,storm150_a300_c80,c05_storm_150_a300_c80_0018,1.0,0.5,w27931,0.0000,0.0000
5,storm150_a300_c80,c05_storm_150_a300_c80_0018,1.0,0.75,w8421,0.0000,0.0000
5,storm150_a300_c80,c05_storm_150_a300_c80_0018,1.0,0.75,w16421,0.0000,0.0000
5,storm150_a300_c80,c05_storm_150_a300_c80_0018,1.0,0.75,w27931,0.0000,0.0000
5,storm150_a300_c80,c05_storm_150_a300_c80_0018,1.0,1.0,w8421,0.0000,0.0000
5,storm150_a300_c80,c05_storm_150_a300_c80_0018,1.0,1.0,w16421,0.0000,0.0000
5,storm150_a300_c80,c05_storm_150_a300_c80_0018,1.0,1.0,w27931,0.0000,0.0000
5,storm150_a300_c80,c05_storm_150_a300_c80_0018,2.0,0.5,w8421,0.0000,0.0000
5,storm150_a300_c80,c05_storm_150_a300_c80_0018,2.0,0.5,w16421,0.0000,0.0000
5,storm150_a300_c80,c05_storm_150_a300_c80_0018,2.0,0.5,w27931,0.0000,0.0000
5,storm150_a300_c80,c05_storm_150_a300_c80_0018,2.0,0.75,w8421,0.0000,0.0000
5,storm150_a300_c80,c05_storm_150_a300_c80_0018,2.0,0.75,w16421,0.0000,0.0000
5,storm150_a300_c80,c05_storm_150_a300_c80_0018,2.0,0.75,w27931,0.0000,0.0000
5,storm150_a300_c80,c05_storm_150_a300_c80_0018,2.0,1.0,w8421,0.0000,0.0000
5,storm150_a300_c80,c05_storm_150_a300_c80_0018,2.0,1.0,w16421,0.0000,0.0000
5,storm150_a300_c80,c05_storm_150_a300_c80_0018,2.0,1.0,w27931,0.0000,0.0000
5,storm150_a300_c80,c05_storm_150_a300_c80_0019,1.0,0.5,w8421,0.0000,0.0000
5,storm150_a300_c80,c05_storm_150_a300_c80_0019,1.0,0.5,w16421,0.0000,0.0000
5,storm150_a300_c80,c05_storm_150_a300_c80_0019,1.0,0.5,w27931,0.0000,0.0000
5,storm150_a300_c80,c05_storm_150_a300_c80_0019,1.0,0.75,w8421,0.0000,0.0000
5,storm150_a300_c80,c05_storm_150_a300_c80_0019,1.0,0.75,w16421,0.0000,0.0000
5,storm150_a300_c80,c05_storm_150_a300_c80_0019,1.0,0.75,w27931,0.0000,0.0000
5,storm150_a300_c80,c05_storm_150_a300_c80_0019,1.0,1.0,w8421,0.0000,0.0000
5,storm150_a300_c80,c05_storm_150_a300_c80_0019,1.0,1.0,w16421,0.0000,0.0000
5,storm150_a300_c80,c05_storm_150_a300_c80_0019,1.0,1.0,w27931,0.0000,0.0000
5,storm150_a300_c80,c05_storm_150_a300_c80_0019,2.0,0.5,w8421,0.0000,0.0000
5,storm150_a300_c80,c05_storm_150_a300_c80_0019,2.0,0.5,w16421,0.0000,0.0000
5,storm150_a300_c80,c05_storm_150_a300_c80_0019,2.0,0.5,w27931,0.0000,0.0000
5,storm150_a300_c80,c05_storm_150_a300_c80_0019,2.0,0.75,w8421,0.0000,0.0000
5,storm150_a300_c80,c05_storm_150_a300_c80_0019,2.0,0.75,w16421,0.0000,0.0000
5,storm150_a300_c80,c05_storm_150_a300_c80_0019,2.0,0.75,w27931,0.0000,0.0000
5,storm150_a300_c80,c05_storm_150_a300_c80_0019,2.0,1.0,w8421,0.0000,0.0000
5,storm150_a300_c80,c05_storm_150_a300_c80_0019,2.0,1.0,w16421,0.0000,0.0000
5,storm150_a300_c80,c05_storm_150_a300_c80_0019,2.0,1.0,w27931,0.0000,0.0000
5,storm150_a300_c80,c05_storm_150_a300_c80_0020,1.0,0.5,w8421,0.0000,0.0000
5,storm150_a300_c80,c05_storm_150_a300_c80_0020,1.0,0.5,w16421,0.0000,0.0000
5,storm150_a300_c80,c05_storm_150_a300_c80_0020,1.0,0.5,w27931,0.0000,0.0000
5,storm150_a300_c80,c05_storm_150_a300_c80_0020,1.0,0.75,w8421,0.0000,0.0000
5,storm150_a300_c80,c05_storm_150_a300_c80_0020,1.0,0.75,w16421,0.0000,0.0000
5,storm150_a300_c80,c05_storm_150_a300_c80_0020,1.0,0.75,w27931,0.0000,0.0000
5,storm150_a300_c80,c05_storm_150_a300_c80_0020,1.0,1.0,w8421,0.0000,0.0000
5,storm150_a300_c80,c05_storm_150_a300_c80_0020,1.0,1.0,w16421,0.0000,0.0000
5,storm150_a300_c80,c05_storm_150_a300_c80_0020,1.0,1.0,w27931,0.0000,0.0000
5,storm150_a300_c80,c05_storm_150_a300_c80_0020,2.0,0.5,w8421,0.0000,0.0000
5,storm150_a300_c80,c05_storm_150_a300_c80_0020,2.0,0.5,w16421,0.0000,0.0000
5,storm150_a300_c80,c05_storm_150_a300_c80_0020,2.0,0.5,w27931,0.0000,0.0000
5,storm150_a300_c80,c05_storm_150_a300_c80_0020,2.0,0.75,w8421,0.0000,0.0000
5,storm150_a300_c80,c05_storm_150_a300_c80_0020,2.0,0.75,w16421,0.0000,0.0000
5,storm150_a300_c80,c05_storm_150_a300_c80_0020,2.0,0.75,w27931,0.0000,0.0000
5,storm150_a300_c80,c05_storm_150_a300_c80_0020,2.0,1.0,w8421,0.0000,0.0000
5,storm150_a300_c80,c05_storm_150_a300_c80_0020,2.0,1.0,w16421,0.0000,0.0000
5,storm150_a300_c80,c05_storm_150_a300_c80_0020,2.0,1.0,w27931,0.0000,0.0000
5,storm150_a300_c80,c05_storm_150_a300_c80_0021,1.0,0.5,w8421,0.0000,0.0000
5,storm150_a300_c80,c05_storm_150_a300_c80_0021,1.0,0.5,w16421,0.0000,0.0000
5,storm150_a300_c80,c05_storm_150_a300_c80_0021,1.0,0.5,w27931,0.0000,0.0000
5,storm150_a300_c80,c05_storm_150_a300_c80_0021,1.0,0.75,w8421,0.0000,0.0000
5,storm150_a300_c80,c05_storm_150_a300_c80_0021,1.0,0.75,w16421,0.0000,0.0000
5,storm150_a300_c80,c05_storm_150_a300_c80_0021,1.0,0.75,w27931,0.0000,0.0000
5,storm150_a300_c80,c05_storm_150_a300_c80_0021,1.0,1.0,w8421,0.0000,0.0000
5,storm150_a300_c80,c05_storm_150_a300_c80_0021,1.0,1.0,w16421,0.0000,0.0000
5,storm150_a300_c80,c05_storm_150_a300_c80_0021,1.0,1.0,w27931,0.0000,0.0000
5,storm150_a300_c80,c05_storm_150_a300_c80_0021,2.0,0.5,w8421,0.0000,0.0000
5,storm150_a300_c80,c05_storm_150_a300_c80_0021,2.0,0.5,w16421,0.0000,0.0000
5,storm150_a300_c80,c05_storm_150_a300_c80_0021,2.0,0.5,w27931,0.0000,0.0000
5,storm150_a300_c80,c05_storm_150_a300_c80_0021,2.0,0.75,w8421,0.0000,0.0000
5,storm150_a300_c80,c05_storm_150_a300_c80_0021,2.0,0.75,w16421,0.0000,0.0000
5,storm150_a300_c80,c05_storm_150_a300_c80_0021,2.0,0.75,w27931,0.0000,0.0000
5,storm150_a300_c80,c05_storm_150_a300_c80_0021,2.0,1.0,w8421,0.0000,0.0000
5,storm150_a300_c80,c05_storm_150_a300_c80_0021,2.0,1.0,w16421,0.0000,0.0000
5,storm150_a300_c80,c05_storm_150_a300_c80_0021,2.0,1.0,w27931,0.0000,0.0000
5,storm150_a300_c80,c05_storm_150_a300_c80_0022,1.0,0.5,w8421,0.0000,0.0000
5,storm150_a300_c80,c05_storm_150_a300_c80_0022,1.0,0.5,w16421,0.0000,0.0000
5,storm150_a300_c80,c05_storm_150_a300_c80_0022,1.0,0.5,w27931,0.0000,0.0000
5,storm150_a300_c80,c05_storm_150_a300_c80_0022,1.0,0.75,w8421,0.0000,0.0000
5,storm150_a300_c80,c05_storm_150_a300_c80_0022,1.0,0.75,w16421,0.0000,0.0000
5,storm150_a300_c80,c05_storm_150_a300_c80_0022,1.0,0.75,w27931,0.0000,0.0000
5,storm150_a300_c80,c05_storm_150_a300_c80_0022,1.0,1.0,w8421,0.0000,0.0000
5,storm150_a300_c80,c05_storm_150_a300_c80_0022,1.0,1.0,w16421,0.0000,0.0000
5,storm150_a300_c80,c05_storm_150_a300_c80_0022,1.0,1.0,w27931,0.0000,0.0000
5,storm150_a300_c80,c05_storm_150_a300_c80_0022,2.0,0.5,w8421,0.0000,0.0000
5,storm150_a300_c80,c05_storm_150_a300_c80_0022,2.0,0.5,w16421,0.0000,0.0000
5,storm150_a300_c80,c05_storm_150_a300_c80_0022,2.0,0.5,w27931,0.0000,0.0000
5,storm150_a300_c80,c05_storm_150_a300_c80_0022,2.0,0.75,w8421,0.0000,0.0000
5,storm150_a300_c80,c05_storm_150_a300_c80_0022,2.0,0.75,w16421,0.0000,0.0000
5,storm150_a300_c80,c05_storm_150_a300_c80_0022,2.0,0.75,w27931,0.0000,0.0000
5,storm150_a300_c80,c05_storm_150_a300_c80_0022,2.0,1.0,w8421,0.0000,0.0000
5,storm150_a300_c80,c05_storm_150_a300_c80_0022,2.0,1.0,w16421,0.0000,0.0000
5,storm150_a300_c80,c05_storm_150_a300_c80_0022,2.0,1.0,w27931,0.0000,0.0000
5,storm150_a300_c80,c05_storm_150_a300_c80_0023,1.0,0.5,w8421,0.0000,0.0000
5,storm150_a300_c80,c05_storm_150_a300_c80_0023,1.0,0.5,w16421,0.0000,0.0000
5,storm150_a300_c80,c05_storm_150_a300_c80_0023,1.0,0.5,w27931,0.0000,0.0000
5,storm150_a300_c80,c05_storm_150_a300_c80_0023,1.0,0.75,w8421,0.0000,0.0000
5,storm150_a300_c80,c05_storm_150_a300_c80_0023,1.0,0.75,w16421,0.0000,0.0000
5,storm150_a300_c80,c05_storm_150_a300_c80_0023,1.0,0.75,w27931,0.0000,0.0000
5,storm150_a300_c80,c05_storm_150_a300_c80_0023,1.0,1.0,w8421,0.0000,0.0000
5,storm150_a300_c80,c05_storm_150_a300_c80_0023,1.0,1.0,w16421,0.0000,0.0000
5,storm150_a300_c80,c05_storm_150_a300_c80_0023,1.0,1.0,w27931,0.0000,0.0000
5,storm150_a300_c80,c05_storm_150_a300_c80_0023,2.0,0.5,w8421,0.0000,0.0000
5,storm150_a300_c80,c05_storm_150_a300_c80_0023,2.0,0.5,w16421,0.0000,0.0000
5,storm150_a300_c80,c05_storm_150_a300_c80_0023,2.0,0.5,w27931,0.0000,0.0000
5,storm150_a300_c80,c05_storm_150_a300_c80_0023,2.0,0.75,w8421,0.0000,0.0000
5,storm150_a300_c80,c05_storm_150_a300_c80_0023,2.0,0.75,w16421,0.0000,0.0000
5,storm150_a300_c80,c05_storm_150_a300_c80_0023,2.0,0.75,w27931,0.0000,0.0000
5,storm150_a300_c80,c05_storm_150_a300_c80_0023,2.0,1.0,w8421,0.0000,0.0000
5,storm150_a300_c80,c05_storm_150_a300_c80_0023,2.0,1.0,w16421,0.0000,0.0000
5,storm150_a300_c80,c05_storm_150_a300_c80_0023,2.0,1.0,w27931,0.0000,0.0000
5,storm150_a300_c80,c05_storm_150_a300_c80_0024,1.0,0.5,w8421,0.0000,0.0000
5,storm150_a300_c80,c05_storm_150_a300_c80_0024,1.0,0.5,w16421,0.0000,0.0000
5,storm150_a300_c80,c05_storm_150_a300_c80_0024,1.0,0.5,w27931,0.0000,0.0000
5,storm150_a300_c80,c05_storm_150_a300_c80_0024,1.0,0.75,w8421,0.0000,0.0000
5,storm150_a300_c80,c05_storm_150_a300_c80_0024,1.0,0.75,w16421,0.0000,0.0000
5,storm150_a300_c80,c05_storm_150_a300_c80_0024,1.0,0.75,w27931,0.0000,0.0000
5,storm150_a300_c80,c05_storm_150_a300_c80_0024,1.0,1.0,w8421,0.0000,0.0000
5,storm150_a300_c80,c05_storm_150_a300_c80_0024,1.0,1.0,w16421,0.0000,0.0000
5,storm150_a300_c80,c05_storm_150_a300_c80_0024,1.0,1.0,w27931,0.0000,0.0000
5,storm150_a300_c80,c05_storm_150_a300_c80_0024,2.0,0.5,w8421,0.0000,0.0000
5,storm150_a300_c80,c05_storm_150_a300_c80_0024,2.0,0.5,w16421,0.0000,0.0000
5,storm150_a300_c80,c05_storm_150_a300_c80_0024,2.0,0.5,w27931,0.0000,0.0000
5,storm150_a300_c80,c05_storm_150_a300_c80_0024,2.0,0.75,w8421,0.0000,0.0000
5,storm150_a300_c80,c05_storm_150_a300_c80_0024,2.0,0.75,w16421,0.0000,0.0000
5,storm150_a300_c80,c05_storm_150_a300_c80_0024,2.0,0.75,w27931,0.0000,0.0000
5,storm150_a300_c80,c05_storm_150_a300_c80_0024,2.0,1.0,w8421,0.0000,0.0000
5,storm150_a300_c80,c05_storm_150_a300_c80_0024,2.0,1.0,w16421,0.0000,0.0000
5,storm150_a300_c80,c05_storm_150_a300_c80_0024,2.0,1.0,w27931,0.0000,0.0000
5,storm150_a300_c80,c05_storm_150_a300_c80_0025,1.0,0.5,w8421,0.0000,0.0000
5,storm150_a300_c80,c05_storm_150_a300_c80_0025,1.0,0.5,w16421,0.0000,0.0000
5,storm150_a300_c80,c05_storm_150_a300_c80_0025,1.0,0.5,w27931,0.0000,0.0000
5,storm150_a300_c80,c05_storm_150_a300_c80_0025,1.0,0.75,w8421,0.0000,0.0000
5,storm150_a300_c80,c05_storm_150_a300_c80_0025,1.0,0.75,w16421,0.0000,0.0000
5,storm150_a300_c80,c05_storm_150_a300_c80_0025,1.0,0.75,w27931,0.0000,0.0000
5,storm150_a300_c80,c05_storm_150_a300_c80_0025,1.0,1.0,w8421,0.0000,0.0000
5,storm150_a300_c80,c05_storm_150_a300_c80_0025,1.0,1.0,w16421,0.0000,0.0000
5,storm150_a300_c80,c05_storm_150_a300_c80_0025,1.0,1.0,w27931,0.0000,0.0000
5,storm150_a300_c80,c05_storm_150_a300_c80_0025,2.0,0.5,w8421,0.0000,0.0000
5,storm150_a300_c80,c05_storm_150_a300_c80_0025,2.0,0.5,w16421,0.0000,0.0000
5,storm150_a300_c80,c05_storm_150_a300_c80_0025,2.0,0.5,w27931,0.0000,0.0000
5,storm150_a300_c80,c05_storm_150_a300_c80_0025,2.0,0.75,w8421,0.0000,0.0000
5,storm150_a300_c80,c05_storm_150_a300_c80_0025,2.0,0.75,w16421,0.0000,0.0000
5,storm150_a300_c80,c05_storm_150_a300_c80_0025,2.0,0.75,w27931,0.0000,0.0000
5,storm150_a300_c80,c05_storm_150_a300_c80_0025,2.0,1.0,w8421,0.0000,0.0000
5,storm150_a300_c80,c05_storm_150_a300_c80_0025,2.0,1.0,w16421,0.0000,0.0000
5,storm150_a300_c80,c05_storm_150_a300_c80_0025,2.0,1.0,w27931,0.0000,0.0000
5,storm150_a300_c80,c05_storm_150_a300_c80_0026,1.0,0.5,w8421,0.0000,0.0000
5,storm150_a300_c80,c05_storm_150_a300_c80_0026,1.0,0.5,w16421,0.0000,0.0000
5,storm150_a300_c80,c05_storm_150_a300_c80_0026,1.0,0.5,w27931,0.0000,0.0000
5,storm150_a300_c80,c05_storm_150_a300_c80_0026,1.0,0.75,w8421,0.0000,0.0000
5,storm150_a300_c80,c05_storm_150_a300_c80_0026,1.0,0.75,w16421,0.0000,0.0000
5,storm150_a300_c80,c05_storm_150_a300_c80_0026,1.0,0.75,w27931,0.0000,0.0000
5,storm150_a300_c80,c05_storm_150_a300_c80_0026,1.0,1.0,w8421,0.0000,0.0000
5,storm150_a300_c80,c05_storm_150_a300_c80_0026,1.0,1.0,w16421,0.0000,0.0000
5,storm150_a300_c80,c05_storm_150_a300_c80_0026,1.0,1.0,w27931,0.0000,0.0000
5,storm150_a300_c80,c05_storm_150_a300_c80_0026,2.0,0.5,w8421,0.0000,0.0000
5,storm150_a300_c80,c05_storm_150_a300_c80_0026,2.0,0.5,w16421,0.0000,0.0000
5,storm150_a300_c80,c05_storm_150_a300_c80_0026,2.0,0.5,w27931,0.0000,0.0000
5,storm150_a300_c80,c05_storm_150_a300_c80_0026,2.0,0.75,w8421,0.0000,0.0000
5,storm150_a300_c80,c05_storm_150_a300_c80_0026,2.0,0.75,w16421,0.0000,0.0000
5,storm150_a300_c80,c05_storm_150_a300_c80_0026,2.0,0.75,w27931,0.0000,0.0000
5,storm150_a300_c80,c05_storm_150_a300_c80_0026,2.0,1.0,w8421,0.0000,0.0000
5,storm150_a300_c80,c05_storm_150_a300_c80_0026,2.0,1.0,w16421,0.0000,0.0000
5,storm150_a300_c80,c05_storm_150_a300_c80_0026,2.0,1.0,w27931,0.0000,0.0000
5,storm150_a300_c80,c05_storm_150_a300_c80_0027,1.0,0.5,w8421,0.0000,0.0000
5,storm150_a300_c80,c05_storm_150_a300_c80_0027,1.0,0.5,w16421,0.0000,0.0000
5,storm150_a300_c80,c05_storm_150_a300_c80_0027,1.0,0.5,w27931,0.0000,0.0000
5,storm150_a300_c80,c05_storm_150_a300_c80_0027,1.0,0.75,w8421,0.0000,0.0000
5,storm150_a300_c80,c05_storm_150_a300_c80_0027,1.0,0.75,w16421,0.0000,0.0000
5,storm150_a300_c80,c05_storm_150_a300_c80_0027,1.0,0.75,w27931,0.0000,0.0000
5,storm150_a300_c80,c05_storm_150_a300_c80_0027,1.0,1.0,w8421,0.0000,0.0000
5,storm150_a300_c80,c05_storm_150_a300_c80_0027,1.0,1.0,w16421,0.0000,0.0000
5,storm150_a300_c80,c05_storm_150_a300_c80_0027,1.0,1.0,w27931,0.0000,0.0000
5,storm150_a300_c80,c05_storm_150_a300_c80_0027,2.0,0.5,w8421,0.0000,0.0000
5,storm150_a300_c80,c05_storm_150_a300_c80_0027,2.0,0.5,w16421,0.0000,0.0000
5,storm150_a300_c80,c05_storm_150_a300_c80_0027,2.0,0.5,w27931,0.0000,0.0000
5,storm150_a300_c80,c05_storm_150_a300_c80_0027,2.0,0.75,w8421,0.0000,0.0000
5,storm150_a300_c80,c05_storm_150_a300_c80_0027,2.0,0.75,w16421,0.0000,0.0000
5,storm150_a300_c80,c05_storm_150_a300_c80_0027,2.0,0.75,w27931,0.0000,0.0000
5,storm150_a300_c80,c05_storm_150_a300_c80_0027,2.0,1.0,w8421,0.0000,0.0000
5,storm150_a300_c80,c05_storm_150_a300_c80_0027,2.0,1.0,w16421,0.0000,0.0000
5,storm150_a300_c80,c05_storm_150_a300_c80_0027,2.0,1.0,w27931,0.0000,0.0000
5,storm150_a300_c80,c05_storm_150_a300_c80_0028,1.0,0.5,w8421,0.0000,0.0000
5,storm150_a300_c80,c05_storm_150_a300_c80_0028,1.0,0.5,w16421,0.0000,0.0000
5,storm150_a300_c80,c05_storm_150_a300_c80_0028,1.0,0.5,w27931,0.0000,0.0000
5,storm150_a300_c80,c05_storm_150_a300_c80_0028,1.0,0.75,w8421,0.0000,0.0000
5,storm150_a300_c80,c05_storm_150_a300_c80_0028,1.0,0.75,w16421,0.0000,0.0000
5,storm150_a300_c80,c05_storm_150_a300_c80_0028,1.0,0.75,w27931,0.0000,0.0000
5,storm150_a300_c80,c05_storm_150_a300_c80_0028,1.0,1.0,w8421,0.0000,0.0000
5,storm150_a300_c80,c05_storm_150_a300_c80_0028,1.0,1.0,w16421,0.0000,0.0000
5,storm150_a300_c80,c05_storm_150_a300_c80_0028,1.0,1.0,w27931,0.0000,0.0000
5,storm150_a300_c80,c05_storm_150_a300_c80_0028,2.0,0.5,w8421,0.0000,0.0000
5,storm150_a300_c80,c05_storm_150_a300_c80_0028,2.0,0.5,w16421,0.0000,0.0000
5,storm150_a300_c80,c05_storm_150_a300_c80_0028,2.0,0.5,w27931,0.0000,0.0000
5,storm150_a300_c80,c05_storm_150_a300_c80_0028,2.0,0.75,w8421,0.0000,0.0000
5,storm150_a300_c80,c05_storm_150_a300_c80_0028,2.0,0.75,w16421,0.0000,0.0000
5,storm150_a300_c80,c05_storm_150_a300_c80_0028,2.0,0.75,w27931,0.0000,0.0000
5,storm150_a300_c80,c05_storm_150_a300_c80_0028,2.0,1.0,w8421,0.0000,0.0000
5,storm150_a300_c80,c05_storm_150_a300_c80_0028,2.0,1.0,w16421,0.0000,0.0000
5,storm150_a300_c80,c05_storm_150_a300_c80_0028,2.0,1.0,w27931,0.0000,0.0000
5,storm150_a300_c80,c05_storm_150_a300_c80_0029,1.0,0.5,w8421,0.0000,0.0000
5,storm150_a300_c80,c05_storm_150_a300_c80_0029,1.0,0.5,w16421,0.0000,0.0000
5,storm150_a300_c80,c05_storm_150_a300_c80_0029,1.0,0.5,w27931,0.0000,0.0000
5,storm150_a300_c80,c05_storm_150_a300_c80_0029,1.0,0.75,w8421,0.0000,0.0000
5,storm150_a300_c80,c05_storm_150_a300_c80_0029,1.0,0.75,w16421,0.0000,0.0000
5,storm150_a300_c80,c05_storm_150_a300_c80_0029,1.0,0.75,w27931,0.0000,0.0000
5,storm150_a300_c80,c05_storm_150_a300_c80_0029,1.0,1.0,w8421,0.0000,0.0000
5,storm150_a300_c80,c05_storm_150_a300_c80_0029,1.0,1.0,w16421,0.0000,0.0000
5,storm150_a300_c80,c05_storm_150_a300_c80_0029,1.0,1.0,w27931,0.0000,0.0000
5,storm150_a300_c80,c05_storm_150_a300_c80_0029,2.0,0.5,w8421,0.0000,0.0000
5,storm150_a300_c80,c05_storm_150_a300_c80_0029,2.0,0.5,w16421,0.0000,0.0000
5,storm150_a300_c80,c05_storm_150_a300_c80_0029,2.0,0.5,w27931,0.0000,0.0000
5,storm150_a300_c80,c05_storm_150_a300_c80_0029,2.0,0.75,w8421,0.0000,0.0000
5,storm150_a300_c80,c05_storm_150_a300_c80_0029,2.0,0.75,w16421,0.0000,0.0000
5,storm150_a300_c80,c05_storm_150_a300_c80_0029,2.0,0.75,w27931,0.0000,0.0000
5,storm150_a300_c80,c05_storm_150_a300_c80_0029,2.0,1.0,w8421,0.0000,0.0000
5,storm150_a300_c80,c05_storm_150_a300_c80_0029,2.0,1.0,w16421,0.0000,0.0000
5,storm150_a300_c80,c05_storm_150_a300_c80_0029,2.0,1.0,w27931,0.0000,0.0000
5,storm150_a200_c80,c05_storm_150_a200_c80_0000,1.0,0.5,w8421,0.0000,0.0000
5,storm150_a200_c80,c05_storm_150_a200_c80_0000,1.0,0.5,w16421,0.0000,0.0000
5,storm150_a200_c80,c05_storm_150_a200_c80_0000,1.0,0.5,w27931,0.0000,0.0000
5,storm150_a200_c80,c05_storm_150_a200_c80_0000,1.0,0.75,w8421,0.0000,0.0000
5,storm150_a200_c80,c05_storm_150_a200_c80_0000,1.0,0.75,w16421,0.0000,0.0000
5,storm150_a200_c80,c05_storm_150_a200_c80_0000,1.0,0.75,w27931,0.0000,0.0000
5,storm150_a200_c80,c05_storm_150_a200_c80_0000,1.0,1.0,w8421,0.0000,0.0000
5,storm150_a200_c80,c05_storm_150_a200_c80_0000,1.0,1.0,w16421,0.0000,0.0000
5,storm150_a200_c80,c05_storm_150_a200_c80_0000,1.0,1.0,w27931,0.0000,0.0000
5,storm150_a200_c80,c05_storm_150_a200_c80_0000,2.0,0.5,w8421,0.0000,0.0000
5,storm150_a200_c80,c05_storm_150_a200_c80_0000,2.0,0.5,w16421,0.0000,0.0000
5,storm150_a200_c80,c05_storm_150_a200_c80_0000,2.0,0.5,w27931,0.0000,0.0000
5,storm150_a200_c80,c05_storm_150_a200_c80_0000,2.0,0.75,w8421,0.0000,0.0000
5,storm150_a200_c80,c05_storm_150_a200_c80_0000,2.0,0.75,w16421,0.0000,0.0000
5,storm150_a200_c80,c05_storm_150_a200_c80_0000,2.0,0.75,w27931,0.0000,0.0000
5,storm150_a200_c80,c05_storm_150_a200_c80_0000,2.0,1.0,w8421,0.0000,0.0000
5,storm150_a200_c80,c05_storm_150_a200_c80_0000,2.0,1.0,w16421,0.0000,0.0000
5,storm150_a200_c80,c05_storm_150_a200_c80_0000,2.0,1.0,w27931,0.0000,0.0000
5,storm150_a200_c80,c05_storm_150_a200_c80_0001,1.0,0.5,w8421,0.0000,0.0000
5,storm150_a200_c80,c05_storm_150_a200_c80_0001,1.0,0.5,w16421,0.0000,0.0000
5,storm150_a200_c80,c05_storm_150_a200_c80_0001,1.0,0.5,w27931,0.0000,0.0000
5,storm150_a200_c80,c05_storm_150_a200_c80_0001,1.0,0.75,w8421,0.0000,0.0000
5,storm150_a200_c80,c05_storm_150_a200_c80_0001,1.0,0.75,w16421,0.0000,0.0000
5,storm150_a200_c80,c05_storm_150_a200_c80_0001,1.0,0.75,w27931,0.0000,0.0000
5,storm150_a200_c80,c05_storm_150_a200_c80_0001,1.0,1.0,w8421,0.0000,0.0000
5,storm150_a200_c80,c05_storm_150_a200_c80_0001,1.0,1.0,w16421,0.0000,0.0000
5,storm150_a200_c80,c05_storm_150_a200_c80_0001,1.0,1.0,w27931,0.0000,0.0000
5,storm150_a200_c80,c05_storm_150_a200_c80_0001,2.0,0.5,w8421,0.0000,0.0000
5,storm150_a200_c80,c05_storm_150_a200_c80_0001,2.0,0.5,w16421,0.0000,0.0000
5,storm150_a200_c80,c05_storm_150_a200_c80_0001,2.0,0.5,w27931,0.0000,0.0000
5,storm150_a200_c80,c05_storm_150_a200_c80_0001,2.0,0.75,w8421,0.0000,0.0000
5,storm150_a200_c80,c05_storm_150_a200_c80_0001,2.0,0.75,w16421,0.0000,0.0000
5,storm150_a200_c80,c05_storm_150_a200_c80_0001,2.0,0.75,w27931,0.0000,0.0000
5,storm150_a200_c80,c05_storm_150_a200_c80_0001,2.0,1.0,w8421,0.0000,0.0000
5,storm150_a200_c80,c05_storm_150_a200_c80_0001,2.0,1.0,w16421,0.0000,0.0000
5,storm150_a200_c80,c05_storm_150_a200_c80_0001,2.0,1.0,w27931,0.0000,0.0000
5,storm150_a200_c80,c05_storm_150_a200_c80_0002,1.0,0.5,w8421,0.0000,0.0000
5,storm150_a200_c80,c05_storm_150_a200_c80_0002,1.0,0.5,w16421,0.0000,0.0000
5,storm150_a200_c80,c05_storm_150_a200_c80_0002,1.0,0.5,w27931,0.0000,0.0000
5,storm150_a200_c80,c05_storm_150_a200_c80_0002,1.0,0.75,w8421,0.0000,0.0000
5,storm150_a200_c80,c05_storm_150_a200_c80_0002,1.0,0.75,w16421,0.0000,0.0000
5,storm150_a200_c80,c05_storm_150_a200_c80_0002,1.0,0.75,w27931,0.0000,0.0000
5,storm150_a200_c80,c05_storm_150_a200_c80_0002,1.0,1.0,w8421,0.0000,0.0000
5,storm150_a200_c80,c05_storm_150_a200_c80_0002,1.0,1.0,w16421,0.0000,0.0000
5,storm150_a200_c80,c05_storm_150_a200_c80_0002,1.0,1.0,w27931,0.0000,0.0000
5,storm150_a200_c80,c05_storm_150_a200_c80_0002,2.0,0.5,w8421,0.0000,0.0000
5,storm150_a200_c80,c05_storm_150_a200_c80_0002,2.0,0.5,w16421,0.0000,0.0000
5,storm150_a200_c80,c05_storm_150_a200_c80_0002,2.0,0.5,w27931,0.0000,0.0000
5,storm150_a200_c80,c05_storm_150_a200_c80_0002,2.0,0.75,w8421,0.0000,0.0000
5,storm150_a200_c80,c05_storm_150_a200_c80_0002,2.0,0.75,w16421,0.0000,0.0000
5,storm150_a200_c80,c05_storm_150_a200_c80_0002,2.0,0.75,w27931,0.0000,0.0000
5,storm150_a200_c80,c05_storm_150_a200_c80_0002,2.0,1.0,w8421,0.0000,0.0000
5,storm150_a200_c80,c05_storm_150_a200_c80_0002,2.0,1.0,w16421,0.0000,0.0000
5,storm150_a200_c80,c05_storm_150_a200_c80_0002,2.0,1.0,w27931,0.0000,0.0000
5,storm150_a200_c80,c05_storm_150_a200_c80_0003,1.0,0.5,w8421,0.0000,0.0000
5,storm150_a200_c80,c05_storm_150_a200_c80_0003,1.0,0.5,w16421,0.0000,0.0000
5,storm150_a200_c80,c05_storm_150_a200_c80_0003,1.0,0.5,w27931,0.0000,0.0000
5,storm150_a200_c80,c05_storm_150_a200_c80_0003,1.0,0.75,w8421,0.0000,0.0000
5,storm150_a200_c80,c05_storm_150_a200_c80_0003,1.0,0.75,w16421,0.0000,0.0000
5,storm150_a200_c80,c05_storm_150_a200_c80_0003,1.0,0.75,w27931,0.0000,0.0000
5,storm150_a200_c80,c05_storm_150_a200_c80_0003,1.0,1.0,w8421,0.0000,0.0000
5,storm150_a200_c80,c05_storm_150_a200_c80_0003,1.0,1.0,w16421,0.0000,0.0000
5,storm150_a200_c80,c05_storm_150_a200_c80_0003,1.0,1.0,w27931,0.0000,0.0000
5,storm150_a200_c80,c05_storm_150_a200_c80_0003,2.0,0.5,w8421,0.0000,0.0000
5,storm150_a200_c80,c05_storm_150_a200_c80_0003,2.0,0.5,w16421,0.0000,0.0000
5,storm150_a200_c80,c05_storm_150_a200_c80_0003,2.0,0.5,w27931,0.0000,0.0000
5,storm150_a200_c80,c05_storm_150_a200_c80_0003,2.0,0.75,w8421,0.0000,0.0000
5,storm150_a200_c80,c05_storm_150_a200_c80_0003,2.0,0.75,w16421,0.0000,0.0000
5,storm150_a200_c80,c05_storm_150_a200_c80_0003,2.0,0.75,w27931,0.0000,0.0000
5,storm150_a200_c80,c05_storm_150_a200_c80_0003,2.0,1.0,w8421,0.0000,0.0000
5,storm150_a200_c80,c05_storm_150_a200_c80_0003,2.0,1.0,w16421,0.0000,0.0000
5,storm150_a200_c80,c05_storm_150_a200_c80_0003,2.0,1.0,w27931,0.0000,0.0000
5,storm150_a200_c80,c05_storm_150_a200_c80_0004,1.0,0.5,w8421,0.0000,0.0000
5,storm150_a200_c80,c05_storm_150_a200_c80_0004,1.0,0.5,w16421,0.0000,0.0000
5,storm150_a200_c80,c05_storm_150_a200_c80_0004,1.0,0.5,w27931,0.0000,0.0000
5,storm150_a200_c80,c05_storm_150_a200_c80_0004,1.0,0.75,w8421,0.0000,0.0000
5,storm150_a200_c80,c05_storm_150_a200_c80_0004,1.0,0.75,w16421,0.0000,0.0000
5,storm150_a200_c80,c05_storm_150_a200_c80_0004,1.0,0.75,w27931,0.0000,0.0000
5,storm150_a200_c80,c05_storm_150_a200_c80_0004,1.0,1.0,w8421,0.0000,0.0000
5,storm150_a200_c80,c05_storm_150_a200_c80_0004,1.0,1.0,w16421,0.0000,0.0000
5,storm150_a200_c80,c05_storm_150_a200_c80_0004,1.0,1.0,w27931,0.0000,0.0000
5,storm150_a200_c80,c05_storm_150_a200_c80_0004,2.0,0.5,w8421,0.0000,0.0000
5,storm150_a200_c80,c05_storm_150_a200_c80_0004,2.0,0.5,w16421,0.0000,0.0000
5,storm150_a200_c80,c05_storm_150_a200_c80_0004,2.0,0.5,w27931,0.0000,0.0000
5,storm150_a200_c80,c05_storm_150_a200_c80_0004,2.0,0.75,w8421,0.0000,0.0000
5,storm150_a200_c80,c05_storm_150_a200_c80_0004,2.0,0.75,w16421,0.0000,0.0000
5,storm150_a200_c80,c05_storm_150_a200_c80_0004,2.0,0.75,w27931,0.0000,0.0000
5,storm150_a200_c80,c05_storm_150_a200_c80_0004,2.0,1.0,w8421,0.0000,0.0000
5,storm150_a200_c80,c05_storm_150_a200_c80_0004,2.0,1.0,w16421,0.0000,0.0000
5,storm150_a200_c80,c05_storm_150_a200_c80_0004,2.0,1.0,w27931,0.0000,0.0000
5,storm150_a200_c80,c05_storm_150_a200_c80_0005,1.0,0.5,w8421,0.0000,0.0000
5,storm150_a200_c80,c05_storm_150_a200_c80_0005,1.0,0.5,w16421,0.0000,0.0000
5,storm150_a200_c80,c05_storm_150_a200_c80_0005,1.0,0.5,w27931,0.0000,0.0000
5,storm150_a200_c80,c05_storm_150_a200_c80_0005,1.0,0.75,w8421,0.0000,0.0000
5,storm150_a200_c80,c05_storm_150_a200_c80_0005,1.0,0.75,w16421,0.0000,0.0000
5,storm150_a200_c80,c05_storm_150_a200_c80_0005,1.0,0.75,w27931,0.0000,0.0000
5,storm150_a200_c80,c05_storm_150_a200_c80_0005,1.0,1.0,w8421,0.0000,0.0000
5,storm150_a200_c80,c05_storm_150_a200_c80_0005,1.0,1.0,w16421,0.0000,0.0000
5,storm150_a200_c80,c05_storm_150_a200_c80_0005,1.0,1.0,w27931,0.0000,0.0000
5,storm150_a200_c80,c05_storm_150_a200_c80_0005,2.0,0.5,w8421,0.0000,0.0000
5,storm150_a200_c80,c05_storm_150_a200_c80_0005,2.0,0.5,w16421,0.0000,0.0000
5,storm150_a200_c80,c05_storm_150_a200_c80_0005,2.0,0.5,w27931,0.0000,0.0000
5,storm150_a200_c80,c05_storm_150_a200_c80_0005,2.0,0.75,w8421,0.0000,0.0000
5,storm150_a200_c80,c05_storm_150_a200_c80_0005,2.0,0.75,w16421,0.0000,0.0000
5,storm150_a200_c80,c05_storm_150_a200_c80_0005,2.0,0.75,w27931,0.0000,0.0000
5,storm150_a200_c80,c05_storm_150_a200_c80_0005,2.0,1.0,w8421,0.0000,0.0000
5,storm150_a200_c80,c05_storm_150_a200_c80_0005,2.0,1.0,w16421,0.0000,0.0000
5,storm150_a200_c80,c05_storm_150_a200_c80_0005,2.0,1.0,w27931,0.0000,0.0000
5,storm150_a200_c80,c05_storm_150_a200_c80_0006,1.0,0.5,w8421,0.0000,0.0000
5,storm150_a200_c80,c05_storm_150_a200_c80_0006,1.0,0.5,w16421,0.0000,0.0000
5,storm150_a200_c80,c05_storm_150_a200_c80_0006,1.0,0.5,w27931,0.0000,0.0000
5,storm150_a200_c80,c05_storm_150_a200_c80_0006,1.0,0.75,w8421,0.0000,0.0000
5,storm150_a200_c80,c05_storm_150_a200_c80_0006,1.0,0.75,w16421,0.0000,0.0000
5,storm150_a200_c80,c05_storm_150_a200_c80_0006,1.0,0.75,w27931,0.0000,0.0000
5,storm150_a200_c80,c05_storm_150_a200_c80_0006,1.0,1.0,w8421,0.0000,0.0000
5,storm150_a200_c80,c05_storm_150_a200_c80_0006,1.0,1.0,w16421,0.0000,0.0000
5,storm150_a200_c80,c05_storm_150_a200_c80_0006,1.0,1.0,w27931,0.0000,0.0000
5,storm150_a200_c80,c05_storm_150_a200_c80_0006,2.0,0.5,w8421,0.0000,0.0000
5,storm150_a200_c80,c05_storm_150_a200_c80_0006,2.0,0.5,w16421,0.0000,0.0000
5,storm150_a200_c80,c05_storm_150_a200_c80_0006,2.0,0.5,w27931,0.0000,0.0000
5,storm150_a200_c80,c05_storm_150_a200_c80_0006,2.0,0.75,w8421,0.0000,0.0000
5,storm150_a200_c80,c05_storm_150_a200_c80_0006,2.0,0.75,w16421,0.0000,0.0000
5,storm150_a200_c80,c05_storm_150_a200_c80_0006,2.0,0.75,w27931,0.0000,0.0000
5,storm150_a200_c80,c05_storm_150_a200_c80_0006,2.0,1.0,w8421,0.0000,0.0000
5,storm150_a200_c80,c05_storm_150_a200_c80_0006,2.0,1.0,w16421,0.0000,0.0000
5,storm150_a200_c80,c05_storm_150_a200_c80_0006,2.0,1.0,w27931,0.0000,0.0000
5,storm150_a200_c80,c05_storm_150_a200_c80_0007,1.0,0.5,w8421,0.0000,0.0000
5,storm150_a200_c80,c05_storm_150_a200_c80_0007,1.0,0.5,w16421,0.0000,0.0000
5,storm150_a200_c80,c05_storm_150_a200_c80_0007,1.0,0.5,w27931,0.0000,0.0000
5,storm150_a200_c80,c05_storm_150_a200_c80_0007,1.0,0.75,w8421,0.0000,0.0000
5,storm150_a200_c80,c05_storm_150_a200_c80_0007,1.0,0.75,w16421,0.0000,0.0000
5,storm150_a200_c80,c05_storm_150_a200_c80_0007,1.0,0.75,w27931,0.0000,0.0000
5,storm150_a200_c80,c05_storm_150_a200_c80_0007,1.0,1.0,w8421,0.0000,0.0000
5,storm150_a200_c80,c05_storm_150_a200_c80_0007,1.0,1.0,w16421,0.0000,0.0000
5,storm150_a200_c80,c05_storm_150_a200_c80_0007,1.0,1.0,w27931,0.0000,0.0000
5,storm150_a200_c80,c05_storm_150_a200_c80_0007,2.0,0.5,w8421,0.0000,0.0000
5,storm150_a200_c80,c05_storm_150_a200_c80_0007,2.0,0.5,w16421,0.0000,0.0000
5,storm150_a200_c80,c05_storm_150_a200_c80_0007,2.0,0.5,w27931,0.0000,0.0000
5,storm150_a200_c80,c05_storm_150_a200_c80_0007,2.0,0.75,w8421,0.0000,0.0000
5,storm150_a200_c80,c05_storm_150_a200_c80_0007,2.0,0.75,w16421,0.0000,0.0000
5,storm150_a200_c80,c05_storm_150_a200_c80_0007,2.0,0.75,w27931,0.0000,0.0000
5,storm150_a200_c80,c05_storm_150_a200_c80_0007,2.0,1.0,w8421,0.0000,0.0000
5,storm150_a200_c80,c05_storm_150_a200_c80_0007,2.0,1.0,w16421,0.0000,0.0000
5,storm150_a200_c80,c05_storm_150_a200_c80_0007,2.0,1.0,w27931,0.0000,0.0000
5,storm150_a200_c80,c05_storm_150_a200_c80_0008,1.0,0.5,w8421,0.0000,0.0000
5,storm150_a200_c80,c05_storm_150_a200_c80_0008,1.0,0.5,w16421,0.0000,0.0000
5,storm150_a200_c80,c05_storm_150_a200_c80_0008,1.0,0.5,w27931,0.0000,0.0000
5,storm150_a200_c80,c05_storm_150_a200_c80_0008,1.0,0.75,w8421,0.0000,0.0000
5,storm150_a200_c80,c05_storm_150_a200_c80_0008,1.0,0.75,w16421,0.0000,0.0000
5,storm150_a200_c80,c05_storm_150_a200_c80_0008,1.0,0.75,w27931,0.0000,0.0000
5,storm150_a200_c80,c05_storm_150_a200_c80_0008,1.0,1.0,w8421,0.0000,0.0000
5,storm150_a200_c80,c05_storm_150_a200_c80_0008,1.0,1.0,w16421,0.0000,0.0000
5,storm150_a200_c80,c05_storm_150_a200_c80_0008,1.0,1.0,w27931,0.0000,0.0000
5,storm150_a200_c80,c05_storm_150_a200_c80_0008,2.0,0.5,w8421,0.0000,0.0000
5,storm150_a200_c80,c05_storm_150_a200_c80_0008,2.0,0.5,w16421,0.0000,0.0000
5,storm150_a200_c80,c05_storm_150_a200_c80_0008,2.0,0.5,w27931,0.0000,0.0000
5,storm150_a200_c80,c05_storm_150_a200_c80_0008,2.0,0.75,w8421,0.0000,0.0000
5,storm150_a200_c80,c05_storm_150_a200_c80_0008,2.0,0.75,w16421,0.0000,0.0000
5,storm150_a200_c80,c05_storm_150_a200_c80_0008,2.0,0.75,w27931,0.0000,0.0000
5,storm150_a200_c80,c05_storm_150_a200_c80_0008,2.0,1.0,w8421,0.0000,0.0000
5,storm150_a200_c80,c05_storm_150_a200_c80_0008,2.0,1.0,w16421,0.0000,0.0000
5,storm150_a200_c80,c05_storm_150_a200_c80_0008,2.0,1.0,w27931,0.0000,0.0000
5,storm150_a200_c80,c05_storm_150_a200_c80_0009,1.0,0.5,w8421,0.0000,0.0000
5,storm150_a200_c80,c05_storm_150_a200_c80_0009,1.0,0.5,w16421,0.0000,0.0000
5,storm150_a200_c80,c05_storm_150_a200_c80_0009,1.0,0.5,w27931,0.0000,0.0000
5,storm150_a200_c80,c05_storm_150_a200_c80_0009,1.0,0.75,w8421,0.0000,0.0000
5,storm150_a200_c80,c05_storm_150_a200_c80_0009,1.0,0.75,w16421,0.0000,0.0000
5,storm150_a200_c80,c05_storm_150_a200_c80_0009,1.0,0.75,w27931,0.0000,0.0000
5,storm150_a200_c80,c05_storm_150_a200_c80_0009,1.0,1.0,w8421,0.0000,0.0000
5,storm150_a200_c80,c05_storm_150_a200_c80_0009,1.0,1.0,w16421,0.0000,0.0000
5,storm150_a200_c80,c05_storm_150_a200_c80_0009,1.0,1.0,w27931,0.0000,0.0000
5,storm150_a200_c80,c05_storm_150_a200_c80_0009,2.0,0.5,w8421,0.0000,0.0000
5,storm150_a200_c80,c05_storm_150_a200_c80_0009,2.0,0.5,w16421,0.0000,0.0000
5,storm150_a200_c80,c05_storm_150_a200_c80_0009,2.0,0.5,w27931,0.0000,0.0000
5,storm150_a200_c80,c05_storm_150_a200_c80_0009,2.0,0.75,w8421,0.0000,0.0000
5,storm150_a200_c80,c05_storm_150_a200_c80_0009,2.0,0.75,w16421,0.0000,0.0000
5,storm150_a200_c80,c05_storm_150_a200_c80_0009,2.0,0.75,w27931,0.0000,0.0000
5,storm150_a200_c80,c05_storm_150_a200_c80_0009,2.0,1.0,w8421,0.0000,0.0000
5,storm150_a200_c80,c05_storm_150_a200_c80_0009,2.0,1.0,w16421,0.0000,0.0000
5,storm150_a200_c80,c05_storm_150_a200_c80_0009,2.0,1.0,w27931,0.0000,0.0000
5,storm150_a200_c80,c05_storm_150_a200_c80_0010,1.0,0.5,w8421,0.0000,0.0000
5,storm150_a200_c80,c05_storm_150_a200_c80_0010,1.0,0.5,w16421,0.0000,0.0000
5,storm150_a200_c80,c05_storm_150_a200_c80_0010,1.0,0.5,w27931,0.0000,0.0000
5,storm150_a200_c80,c05_storm_150_a200_c80_0010,1.0,0.75,w8421,0.0000,0.0000
5,storm150_a200_c80,c05_storm_150_a200_c80_0010,1.0,0.75,w16421,0.0000,0.0000
5,storm150_a200_c80,c05_storm_150_a200_c80_0010,1.0,0.75,w27931,0.0000,0.0000
5,storm150_a200_c80,c05_storm_150_a200_c80_0010,1.0,1.0,w8421,0.0000,0.0000
5,storm150_a200_c80,c05_storm_150_a200_c80_0010,1.0,1.0,w16421,0.0000,0.0000
5,storm150_a200_c80,c05_storm_150_a200_c80_0010,1.0,1.0,w27931,0.0000,0.0000
5,storm150_a200_c80,c05_storm_150_a200_c80_0010,2.0,0.5,w8421,0.0000,0.0000
5,storm150_a200_c80,c05_storm_150_a200_c80_0010,2.0,0.5,w16421,0.0000,0.0000
5,storm150_a200_c80,c05_storm_150_a200_c80_0010,2.0,0.5,w27931,0.0000,0.0000
5,storm150_a200_c80,c05_storm_150_a200_c80_0010,2.0,0.75,w8421,0.0000,0.0000
5,storm150_a200_c80,c05_storm_150_a200_c80_0010,2.0,0.75,w16421,0.0000,0.0000
5,storm150_a200_c80,c05_storm_150_a200_c80_0010,2.0,0.75,w27931,0.0000,0.0000
5,storm150_a200_c80,c05_storm_150_a200_c80_0010,2.0,1.0,w8421,0.0000,0.0000
5,storm150_a200_c80,c05_storm_150_a200_c80_0010,2.0,1.0,w16421,0.0000,0.0000
5,storm150_a200_c80,c05_storm_150_a200_c80_0010,2.0,1.0,w27931,0.0000,0.0000
5,storm150_a200_c80,c05_storm_150_a200_c80_0011,1.0,0.5,w8421,0.0000,0.0000
5,storm150_a200_c80,c05_storm_150_a200_c80_0011,1.0,0.5,w16421,0.0000,0.0000
5,storm150_a200_c80,c05_storm_150_a200_c80_0011,1.0,0.5,w27931,0.0000,0.0000
5,storm150_a200_c80,c05_storm_150_a200_c80_0011,1.0,0.75,w8421,0.0000,0.0000
5,storm150_a200_c80,c05_storm_150_a200_c80_0011,1.0,0.75,w16421,0.0000,0.0000
5,storm150_a200_c80,c05_storm_150_a200_c80_0011,1.0,0.75,w27931,0.0000,0.0000
5,storm150_a200_c80,c05_storm_150_a200_c80_0011,1.0,1.0,w8421,0.0000,0.0000
5,storm150_a200_c80,c05_storm_150_a200_c80_0011,1.0,1.0,w16421,0.0000,0.0000
5,storm150_a200_c80,c05_storm_150_a200_c80_0011,1.0,1.0,w27931,0.0000,0.0000
5,storm150_a200_c80,c05_storm_150_a200_c80_0011,2.0,0.5,w8421,0.0000,0.0000
5,storm150_a200_c80,c05_storm_150_a200_c80_0011,2.0,0.5,w16421,0.0000,0.0000
5,storm150_a200_c80,c05_storm_150_a200_c80_0011,2.0,0.5,w27931,0.0000,0.0000
5,storm150_a200_c80,c05_storm_150_a200_c80_0011,2.0,0.75,w8421,0.0000,0.0000
5,storm150_a200_c80,c05_storm_150_a200_c80_0011,2.0,0.75,w16421,0.0000,0.0000
5,storm150_a200_c80,c05_storm_150_a200_c80_0011,2.0,0.75,w27931,0.0000,0.0000
5,storm150_a200_c80,c05_storm_150_a200_c80_0011,2.0,1.0,w8421,0.0000,0.0000
5,storm150_a200_c80,c05_storm_150_a200_c80_0011,2.0,1.0,w16421,0.0000,0.0000
5,storm150_a200_c80,c05_storm_150_a200_c80_0011,2.0,1.0,w27931,0.0000,0.0000
5,storm150_a200_c80,c05_storm_150_a200_c80_0012,1.0,0.5,w8421,0.0000,0.0000
5,storm150_a200_c80,c05_storm_150_a200_c80_0012,1.0,0.5,w16421,0.0000,0.0000
5,storm150_a200_c80,c05_storm_150_a200_c80_0012,1.0,0.5,w27931,0.0000,0.0000
5,storm150_a200_c80,c05_storm_150_a200_c80_0012,1.0,0.75,w8421,0.0000,0.0000
5,storm150_a200_c80,c05_storm_150_a200_c80_0012,1.0,0.75,w16421,0.0000,0.0000
5,storm150_a200_c80,c05_storm_150_a200_c80_0012,1.0,0.75,w27931,0.0000,0.0000
5,storm150_a200_c80,c05_storm_150_a200_c80_0012,1.0,1.0,w8421,0.0000,0.0000
5,storm150_a200_c80,c05_storm_150_a200_c80_0012,1.0,1.0,w16421,0.0000,0.0000
5,storm150_a200_c80,c05_storm_150_a200_c80_0012,1.0,1.0,w27931,0.0000,0.0000
5,storm150_a200_c80,c05_storm_150_a200_c80_0012,2.0,0.5,w8421,0.0000,0.0000
5,storm150_a200_c80,c05_storm_150_a200_c80_0012,2.0,0.5,w16421,0.0000,0.0000
5,storm150_a200_c80,c05_storm_150_a200_c80_0012,2.0,0.5,w27931,0.0000,0.0000
5,storm150_a200_c80,c05_storm_150_a200_c80_0012,2.0,0.75,w8421,0.0000,0.0000
5,storm150_a200_c80,c05_storm_150_a200_c80_0012,2.0,0.75,w16421,0.0000,0.0000
5,storm150_a200_c80,c05_storm_150_a200_c80_0012,2.0,0.75,w27931,0.0000,0.0000
5,storm150_a200_c80,c05_storm_150_a200_c80_0012,2.0,1.0,w8421,0.0000,0.0000
5,storm150_a200_c80,c05_storm_150_a200_c80_0012,2.0,1.0,w16421,0.0000,0.0000
5,storm150_a200_c80,c05_storm_150_a200_c80_0012,2.0,1.0,w27931,0.0000,0.0000
5,storm150_a200_c80,c05_storm_150_a200_c80_0013,1.0,0.5,w8421,0.0000,0.0000
5,storm150_a200_c80,c05_storm_150_a200_c80_0013,1.0,0.5,w16421,0.0000,0.0000
5,storm150_a200_c80,c05_storm_150_a200_c80_0013,1.0,0.5,w27931,0.0000,0.0000
5,storm150_a200_c80,c05_storm_150_a200_c80_0013,1.0,0.75,w8421,0.0000,0.0000
5,storm150_a200_c80,c05_storm_150_a200_c80_0013,1.0,0.75,w16421,0.0000,0.0000
5,storm150_a200_c80,c05_storm_150_a200_c80_0013,1.0,0.75,w27931,0.0000,0.0000
5,storm150_a200_c80,c05_storm_150_a200_c80_0013,1.0,1.0,w8421,0.0000,0.0000
5,storm150_a200_c80,c05_storm_150_a200_c80_0013,1.0,1.0,w16421,0.0000,0.0000
5,storm150_a200_c80,c05_storm_150_a200_c80_0013,1.0,1.0,w27931,0.0000,0.0000
5,storm150_a200_c80,c05_storm_150_a200_c80_0013,2.0,0.5,w8421,0.0000,0.0000
5,storm150_a200_c80,c05_storm_150_a200_c80_0013,2.0,0.5,w16421,0.0000,0.0000
5,storm150_a200_c80,c05_storm_150_a200_c80_0013,2.0,0.5,w27931,0.0000,0.0000
5,storm150_a200_c80,c05_storm_150_a200_c80_0013,2.0,0.75,w8421,0.0000,0.0000
5,storm150_a200_c80,c05_storm_150_a200_c80_0013,2.0,0.75,w16421,0.0000,0.0000
5,storm150_a200_c80,c05_storm_150_a200_c80_0013,2.0,0.75,w27931,0.0000,0.0000
5,storm150_a200_c80,c05_storm_150_a200_c80_0013,2.0,1.0,w8421,0.0000,0.0000
5,storm150_a200_c80,c05_storm_150_a200_c80_0013,2.0,1.0,w16421,0.0000,0.0000
5,storm150_a200_c80,c05_storm_150_a200_c80_0013,2.0,1.0,w27931,0.0000,0.0000
5,storm150_a200_c80,c05_storm_150_a200_c80_0014,1.0,0.5,w8421,0.0000,0.0000
5,storm150_a200_c80,c05_storm_150_a200_c80_0014,1.0,0.5,w16421,0.0000,0.0000
5,storm150_a200_c80,c05_storm_150_a200_c80_0014,1.0,0.5,w27931,0.0000,0.0000
5,storm150_a200_c80,c05_storm_150_a200_c80_0014,1.0,0.75,w8421,0.0000,0.0000
5,storm150_a200_c80,c05_storm_150_a200_c80_0014,1.0,0.75,w16421,0.0000,0.0000
5,storm150_a200_c80,c05_storm_150_a200_c80_0014,1.0,0.75,w27931,0.0000,0.0000
5,storm150_a200_c80,c05_storm_150_a200_c80_0014,1.0,1.0,w8421,0.0000,0.0000
5,storm150_a200_c80,c05_storm_150_a200_c80_0014,1.0,1.0,w16421,0.0000,0.0000
5,storm150_a200_c80,c05_storm_150_a200_c80_0014,1.0,1.0,w27931,0.0000,0.0000
5,storm150_a200_c80,c05_storm_150_a200_c80_0014,2.0,0.5,w8421,0.0000,0.0000
5,storm150_a200_c80,c05_storm_150_a200_c80_0014,2.0,0.5,w16421,0.0000,0.0000
5,storm150_a200_c80,c05_storm_150_a200_c80_0014,2.0,0.5,w27931,0.0000,0.0000
5,storm150_a200_c80,c05_storm_150_a200_c80_0014,2.0,0.75,w8421,0.0000,0.0000
5,storm150_a200_c80,c05_storm_150_a200_c80_0014,2.0,0.75,w16421,0.0000,0.0000
5,storm150_a200_c80,c05_storm_150_a200_c80_0014,2.0,0.75,w27931,0.0000,0.0000
5,storm150_a200_c80,c05_storm_150_a200_c80_0014,2.0,1.0,w8421,0.0000,0.0000
5,storm150_a200_c80,c05_storm_150_a200_c80_0014,2.0,1.0,w16421,0.0000,0.0000
5,storm150_a200_c80,c05_storm_150_a200_c80_0014,2.0,1.0,w27931,0.0000,0.0000
5,storm150_a200_c80,c05_storm_150_a200_c80_0015,1.0,0.5,w8421,0.0000,0.0000
5,storm150_a200_c80,c05_storm_150_a200_c80_0015,1.0,0.5,w16421,0.0000,0.0000
5,storm150_a200_c80,c05_storm_150_a200_c80_0015,1.0,0.5,w27931,0.0000,0.0000
5,storm150_a200_c80,c05_storm_150_a200_c80_0015,1.0,0.75,w8421,0.0000,0.0000
5,storm150_a200_c80,c05_storm_150_a200_c80_0015,1.0,0.75,w16421,0.0000,0.0000
5,storm150_a200_c80,c05_storm_150_a200_c80_0015,1.0,0.75,w27931,0.0000,0.0000
5,storm150_a200_c80,c05_storm_150_a200_c80_0015,1.0,1.0,w8421,0.0000,0.0000
5,storm150_a200_c80,c05_storm_150_a200_c80_0015,1.0,1.0,w16421,0.0000,0.0000
5,storm150_a200_c80,c05_storm_150_a200_c80_0015,1.0,1.0,w27931,0.0000,0.0000
5,storm150_a200_c80,c05_storm_150_a200_c80_0015,2.0,0.5,w8421,0.0000,0.0000
5,storm150_a200_c80,c05_storm_150_a200_c80_0015,2.0,0.5,w16421,0.0000,0.0000
5,storm150_a200_c80,c05_storm_150_a200_c80_0015,2.0,0.5,w27931,0.0000,0.0000
5,storm150_a200_c80,c05_storm_150_a200_c80_0015,2.0,0.75,w8421,0.0000,0.0000
5,storm150_a200_c80,c05_storm_150_a200_c80_0015,2.0,0.75,w16421,0.0000,0.0000
5,storm150_a200_c80,c05_storm_150_a200_c80_0015,2.0,0.75,w27931,0.0000,0.0000
5,storm150_a200_c80,c05_storm_150_a200_c80_0015,2.0,1.0,w8421,0.0000,0.0000
5,storm150_a200_c80,c05_storm_150_a200_c80_0015,2.0,1.0,w16421,0.0000,0.0000
5,storm150_a200_c80,c05_storm_150_a200_c80_0015,2.0,1.0,w27931,0.0000,0.0000
5,storm150_a200_c80,c05_storm_150_a200_c80_0016,1.0,0.5,w8421,0.0000,0.0000
5,storm150_a200_c80,c05_storm_150_a200_c80_0016,1.0,0.5,w16421,0.0000,0.0000
5,storm150_a200_c80,c05_storm_150_a200_c80_0016,1.0,0.5,w27931,0.0000,0.0000
5,storm150_a200_c80,c05_storm_150_a200_c80_0016,1.0,0.75,w8421,0.0000,0.0000
5,storm150_a200_c80,c05_storm_150_a200_c80_0016,1.0,0.75,w16421,0.0000,0.0000
5,storm150_a200_c80,c05_storm_150_a200_c80_0016,1.0,0.75,w27931,0.0000,0.0000
5,storm150_a200_c80,c05_storm_150_a200_c80_0016,1.0,1.0,w8421,0.0000,0.0000
5,storm150_a200_c80,c05_storm_150_a200_c80_0016,1.0,1.0,w16421,0.0000,0.0000
5,storm150_a200_c80,c05_storm_150_a200_c80_0016,1.0,1.0,w27931,0.0000,0.0000
5,storm150_a200_c80,c05_storm_150_a200_c80_0016,2.0,0.5,w8421,0.0000,0.0000
5,storm150_a200_c80,c05_storm_150_a200_c80_0016,2.0,0.5,w16421,0.0000,0.0000
5,storm150_a200_c80,c05_storm_150_a200_c80_0016,2.0,0.5,w27931,0.0000,0.0000
5,storm150_a200_c80,c05_storm_150_a200_c80_0016,2.0,0.75,w8421,0.0000,0.0000
5,storm150_a200_c80,c05_storm_150_a200_c80_0016,2.0,0.75,w16421,0.0000,0.0000
5,storm150_a200_c80,c05_storm_150_a200_c80_0016,2.0,0.75,w27931,0.0000,0.0000
5,storm150_a200_c80,c05_storm_150_a200_c80_0016,2.0,1.0,w8421,0.0000,0.0000
5,storm150_a200_c80,c05_storm_150_a200_c80_0016,2.0,1.0,w16421,0.0000,0.0000
5,storm150_a200_c80,c05_storm_150_a200_c80_0016,2.0,1.0,w27931,0.0000,0.0000
5,storm150_a200_c80,c05_storm_150_a200_c80_0017,1.0,0.5,w8421,0.0000,0.0000
5,storm150_a200_c80,c05_storm_150_a200_c80_0017,1.0,0.5,w16421,0.0000,0.0000
5,storm150_a200_c80,c05_storm_150_a200_c80_0017,1.0,0.5,w27931,0.0000,0.0000
5,storm150_a200_c80,c05_storm_150_a200_c80_0017,1.0,0.75,w8421,0.0000,0.0000
5,storm150_a200_c80,c05_storm_150_a200_c80_0017,1.0,0.75,w16421,0.0000,0.0000
5,storm150_a200_c80,c05_storm_150_a200_c80_0017,1.0,0.75,w27931,0.0000,0.0000
5,storm150_a200_c80,c05_storm_150_a200_c80_0017,1.0,1.0,w8421,0.0000,0.0000
5,storm150_a200_c80,c05_storm_150_a200_c80_0017,1.0,1.0,w16421,0.0000,0.0000
5,storm150_a200_c80,c05_storm_150_a200_c80_0017,1.0,1.0,w27931,0.0000,0.0000
5,storm150_a200_c80,c05_storm_150_a200_c80_0017,2.0,0.5,w8421,0.0000,0.0000
5,storm150_a200_c80,c05_storm_150_a200_c80_0017,2.0,0.5,w16421,0.0000,0.0000
5,storm150_a200_c80,c05_storm_150_a200_c80_0017,2.0,0.5,w27931,0.0000,0.0000
5,storm150_a200_c80,c05_storm_150_a200_c80_0017,2.0,0.75,w8421,0.0000,0.0000
5,storm150_a200_c80,c05_storm_150_a200_c80_0017,2.0,0.75,w16421,0.0000,0.0000
5,storm150_a200_c80,c05_storm_150_a200_c80_0017,2.0,0.75,w27931,0.0000,0.0000
5,storm150_a200_c80,c05_storm_150_a200_c80_0017,2.0,1.0,w8421,0.0000,0.0000
5,storm150_a200_c80,c05_storm_150_a200_c80_0017,2.0,1.0,w16421,0.0000,0.0000
5,storm150_a200_c80,c05_storm_150_a200_c80_0017,2.0,1.0,w27931,0.0000,0.0000
5,storm150_a200_c80,c05_storm_150_a200_c80_0018,1.0,0.5,w8421,0.0000,0.0000
5,storm150_a200_c80,c05_storm_150_a200_c80_0018,1.0,0.5,w16421,0.0000,0.0000
5,storm150_a200_c80,c05_storm_150_a200_c80_0018,1.0,0.5,w27931,0.0000,0.0000
5,storm150_a200_c80,c05_storm_150_a200_c80_0018,1.0,0.75,w8421,0.0000,0.0000
5,storm150_a200_c80,c05_storm_150_a200_c80_0018,1.0,0.75,w16421,0.0000,0.0000
5,storm150_a200_c80,c05_storm_150_a200_c80_0018,1.0,0.75,w27931,0.0000,0.0000
5,storm150_a200_c80,c05_storm_150_a200_c80_0018,1.0,1.0,w8421,0.0000,0.0000
5,storm150_a200_c80,c05_storm_150_a200_c80_0018,1.0,1.0,w16421,0.0000,0.0000
5,storm150_a200_c80,c05_storm_150_a200_c80_0018,1.0,1.0,w27931,0.0000,0.0000
5,storm150_a200_c80,c05_storm_150_a200_c80_0018,2.0,0.5,w8421,0.0000,0.0000
5,storm150_a200_c80,c05_storm_150_a200_c80_0018,2.0,0.5,w16421,0.0000,0.0000
5,storm150_a200_c80,c05_storm_150_a200_c80_0018,2.0,0.5,w27931,0.0000,0.0000
5,storm150_a200_c80,c05_storm_150_a200_c80_0018,2.0,0.75,w8421,0.0000,0.0000
5,storm150_a200_c80,c05_storm_150_a200_c80_0018,2.0,0.75,w16421,0.0000,0.0000
5,storm150_a200_c80,c05_storm_150_a200_c80_0018,2.0,0.75,w27931,0.0000,0.0000
5,storm150_a200_c80,c05_storm_150_a200_c80_0018,2.0,1.0,w8421,0.0000,0.0000
5,storm150_a200_c80,c05_storm_150_a200_c80_0018,2.0,1.0,w16421,0.0000,0.0000
5,storm150_a200_c80,c05_storm_150_a200_c80_0018,2.0,1.0,w27931,0.0000,0.0000
5,storm150_a200_c80,c05_storm_150_a200_c80_0019,1.0,0.5,w8421,0.0000,0.0000
5,storm150_a200_c80,c05_storm_150_a200_c80_0019,1.0,0.5,w16421,0.0000,0.0000
5,storm150_a200_c80,c05_storm_150_a200_c80_0019,1.0,0.5,w27931,0.0000,0.0000
5,storm150_a200_c80,c05_storm_150_a200_c80_0019,1.0,0.75,w8421,0.0000,0.0000
5,storm150_a200_c80,c05_storm_150_a200_c80_0019,1.0,0.75,w16421,0.0000,0.0000
5,storm150_a200_c80,c05_storm_150_a200_c80_0019,1.0,0.75,w27931,0.0000,0.0000
5,storm150_a200_c80,c05_storm_150_a200_c80_0019,1.0,1.0,w8421,0.0000,0.0000
5,storm150_a200_c80,c05_storm_150_a200_c80_0019,1.0,1.0,w16421,0.0000,0.0000
5,storm150_a200_c80,c05_storm_150_a200_c80_0019,1.0,1.0,w27931,0.0000,0.0000
5,storm150_a200_c80,c05_storm_150_a200_c80_0019,2.0,0.5,w8421,0.0000,0.0000
5,storm150_a200_c80,c05_storm_150_a200_c80_0019,2.0,0.5,w16421,0.0000,0.0000
5,storm150_a200_c80,c05_storm_150_a200_c80_0019,2.0,0.5,w27931,0.0000,0.0000
5,storm150_a200_c80,c05_storm_150_a200_c80_0019,2.0,0.75,w8421,0.0000,0.0000
5,storm150_a200_c80,c05_storm_150_a200_c80_0019,2.0,0.75,w16421,0.0000,0.0000
5,storm150_a200_c80,c05_storm_150_a200_c80_0019,2.0,0.75,w27931,0.0000,0.0000
5,storm150_a200_c80,c05_storm_150_a200_c80_0019,2.0,1.0,w8421,0.0000,0.0000
5,storm150_a200_c80,c05_storm_150_a200_c80_0019,2.0,1.0,w16421,0.0000,0.0000
5,storm150_a200_c80,c05_storm_150_a200_c80_0019,2.0,1.0,w27931,0.0000,0.0000
5,storm150_a200_c80,c05_storm_150_a200_c80_0020,1.0,0.5,w8421,0.0000,0.0000
5,storm150_a200_c80,c05_storm_150_a200_c80_0020,1.0,0.5,w16421,0.0000,0.0000
5,storm150_a200_c80,c05_storm_150_a200_c80_0020,1.0,0.5,w27931,0.0000,0.0000
5,storm150_a200_c80,c05_storm_150_a200_c80_0020,1.0,0.75,w8421,0.0000,0.0000
5,storm150_a200_c80,c05_storm_150_a200_c80_0020,1.0,0.75,w16421,0.0000,0.0000
5,storm150_a200_c80,c05_storm_150_a200_c80_0020,1.0,0.75,w27931,0.0000,0.0000
5,storm150_a200_c80,c05_storm_150_a200_c80_0020,1.0,1.0,w8421,0.0000,0.0000
5,storm150_a200_c80,c05_storm_150_a200_c80_0020,1.0,1.0,w16421,0.0000,0.0000
5,storm150_a200_c80,c05_storm_150_a200_c80_0020,1.0,1.0,w27931,0.0000,0.0000
5,storm150_a200_c80,c05_storm_150_a200_c80_0020,2.0,0.5,w8421,0.0000,0.0000
5,storm150_a200_c80,c05_storm_150_a200_c80_0020,2.0,0.5,w16421,0.0000,0.0000
5,storm150_a200_c80,c05_storm_150_a200_c80_0020,2.0,0.5,w27931,0.0000,0.0000
5,storm150_a200_c80,c05_storm_150_a200_c80_0020,2.0,0.75,w8421,0.0000,0.0000
5,storm150_a200_c80,c05_storm_150_a200_c80_0020,2.0,0.75,w16421,0.0000,0.0000
5,storm150_a200_c80,c05_storm_150_a200_c80_0020,2.0,0.75,w27931,0.0000,0.0000
5,storm150_a200_c80,c05_storm_150_a200_c80_0020,2.0,1.0,w8421,0.0000,0.0000
5,storm150_a200_c80,c05_storm_150_a200_c80_0020,2.0,1.0,w16421,0.0000,0.0000
5,storm150_a200_c80,c05_storm_150_a200_c80_0020,2.0,1.0,w27931,0.0000,0.0000
5,storm150_a200_c80,c05_storm_150_a200_c80_0021,1.0,0.5,w8421,0.0000,0.0000
5,storm150_a200_c80,c05_storm_150_a200_c80_0021,1.0,0.5,w16421,0.0000,0.0000
5,storm150_a200_c80,c05_storm_150_a200_c80_0021,1.0,0.5,w27931,0.0000,0.0000
5,storm150_a200_c80,c05_storm_150_a200_c80_0021,1.0,0.75,w8421,0.0000,0.0000
5,storm150_a200_c80,c05_storm_150_a200_c80_0021,1.0,0.75,w16421,0.0000,0.0000
5,storm150_a200_c80,c05_storm_150_a200_c80_0021,1.0,0.75,w27931,0.0000,0.0000
5,storm150_a200_c80,c05_storm_150_a200_c80_0021,1.0,1.0,w8421,0.0000,0.0000
5,storm150_a200_c80,c05_storm_150_a200_c80_0021,1.0,1.0,w16421,0.0000,0.0000
5,storm150_a200_c80,c05_storm_150_a200_c80_0021,1.0,1.0,w27931,0.0000,0.0000
5,storm150_a200_c80,c05_storm_150_a200_c80_0021,2.0,0.5,w8421,0.0000,0.0000
5,storm150_a200_c80,c05_storm_150_a200_c80_0021,2.0,0.5,w16421,0.0000,0.0000
5,storm150_a200_c80,c05_storm_150_a200_c80_0021,2.0,0.5,w27931,0.0000,0.0000
5,storm150_a200_c80,c05_storm_150_a200_c80_0021,2.0,0.75,w8421,0.0000,0.0000
5,storm150_a200_c80,c05_storm_150_a200_c80_0021,2.0,0.75,w16421,0.0000,0.0000
5,storm150_a200_c80,c05_storm_150_a200_c80_0021,2.0,0.75,w27931,0.0000,0.0000
5,storm150_a200_c80,c05_storm_150_a200_c80_0021,2.0,1.0,w8421,0.0000,0.0000
5,storm150_a200_c80,c05_storm_150_a200_c80_0021,2.0,1.0,w16421,0.0000,0.0000
5,storm150_a200_c80,c05_storm_150_a200_c80_0021,2.0,1.0,w27931,0.0000,0.0000
5,storm150_a200_c80,c05_storm_150_a200_c80_0022,1.0,0.5,w8421,0.0000,0.0000
5,storm150_a200_c80,c05_storm_150_a200_c80_0022,1.0,0.5,w16421,0.0000,0.0000
5,storm150_a200_c80,c05_storm_150_a200_c80_0022,1.0,0.5,w27931,0.0000,0.0000
5,storm150_a200_c80,c05_storm_150_a200_c80_0022,1.0,0.75,w8421,0.0000,0.0000
5,storm150_a200_c80,c05_storm_150_a200_c80_0022,1.0,0.75,w16421,0.0000,0.0000
5,storm150_a200_c80,c05_storm_150_a200_c80_0022,1.0,0.75,w27931,0.0000,0.0000
5,storm150_a200_c80,c05_storm_150_a200_c80_0022,1.0,1.0,w8421,0.0000,0.0000
5,storm150_a200_c80,c05_storm_150_a200_c80_0022,1.0,1.0,w16421,0.0000,0.0000
5,storm150_a200_c80,c05_storm_150_a200_c80_0022,1.0,1.0,w27931,0.0000,0.0000
5,storm150_a200_c80,c05_storm_150_a200_c80_0022,2.0,0.5,w8421,0.0000,0.0000
5,storm150_a200_c80,c05_storm_150_a200_c80_0022,2.0,0.5,w16421,0.0000,0.0000
5,storm150_a200_c80,c05_storm_150_a200_c80_0022,2.0,0.5,w27931,0.0000,0.0000
5,storm150_a200_c80,c05_storm_150_a200_c80_0022,2.0,0.75,w8421,0.0000,0.0000
5,storm150_a200_c80,c05_storm_150_a200_c80_0022,2.0,0.75,w16421,0.0000,0.0000
5,storm150_a200_c80,c05_storm_150_a200_c80_0022,2.0,0.75,w27931,0.0000,0.0000
5,storm150_a200_c80,c05_storm_150_a200_c80_0022,2.0,1.0,w8421,0.0000,0.0000
5,storm150_a200_c80,c05_storm_150_a200_c80_0022,2.0,1.0,w16421,0.0000,0.0000
5,storm150_a200_c80,c05_storm_150_a200_c80_0022,2.0,1.0,w27931,0.0000,0.0000
5,storm150_a200_c80,c05_storm_150_a200_c80_0023,1.0,0.5,w8421,0.0000,0.0000
5,storm150_a200_c80,c05_storm_150_a200_c80_0023,1.0,0.5,w16421,0.0000,0.0000
5,storm150_a200_c80,c05_storm_150_a200_c80_0023,1.0,0.5,w27931,0.0000,0.0000
5,storm150_a200_c80,c05_storm_150_a200_c80_0023,1.0,0.75,w8421,0.0000,0.0000
5,storm150_a200_c80,c05_storm_150_a200_c80_0023,1.0,0.75,w16421,0.0000,0.0000
5,storm150_a200_c80,c05_storm_150_a200_c80_0023,1.0,0.75,w27931,0.0000,0.0000
5,storm150_a200_c80,c05_storm_150_a200_c80_0023,1.0,1.0,w8421,0.0000,0.0000
5,storm150_a200_c80,c05_storm_150_a200_c80_0023,1.0,1.0,w16421,0.0000,0.0000
5,storm150_a200_c80,c05_storm_150_a200_c80_0023,1.0,1.0,w27931,0.0000,0.0000
5,storm150_a200_c80,c05_storm_150_a200_c80_0023,2.0,0.5,w8421,0.0000,0.0000
5,storm150_a200_c80,c05_storm_150_a200_c80_0023,2.0,0.5,w16421,0.0000,0.0000
5,storm150_a200_c80,c05_storm_150_a200_c80_0023,2.0,0.5,w27931,0.0000,0.0000
5,storm150_a200_c80,c05_storm_150_a200_c80_0023,2.0,0.75,w8421,0.0000,0.0000
5,storm150_a200_c80,c05_storm_150_a200_c80_0023,2.0,0.75,w16421,0.0000,0.0000
5,storm150_a200_c80,c05_storm_150_a200_c80_0023,2.0,0.75,w27931,0.0000,0.0000
5,storm150_a200_c80,c05_storm_150_a200_c80_0023,2.0,1.0,w8421,0.0000,0.0000
5,storm150_a200_c80,c05_storm_150_a200_c80_0023,2.0,1.0,w16421,0.0000,0.0000
5,storm150_a200_c80,c05_storm_150_a200_c80_0023,2.0,1.0,w27931,0.0000,0.0000
5,storm150_a200_c80,c05_storm_150_a200_c80_0024,1.0,0.5,w8421,0.0000,0.0000
5,storm150_a200_c80,c05_storm_150_a200_c80_0024,1.0,0.5,w16421,0.0000,0.0000
5,storm150_a200_c80,c05_storm_150_a200_c80_0024,1.0,0.5,w27931,0.0000,0.0000
5,storm150_a200_c80,c05_storm_150_a200_c80_0024,1.0,0.75,w8421,0.0000,0.0000
5,storm150_a200_c80,c05_storm_150_a200_c80_0024,1.0,0.75,w16421,0.0000,0.0000
5,storm150_a200_c80,c05_storm_150_a200_c80_0024,1.0,0.75,w27931,0.0000,0.0000
5,storm150_a200_c80,c05_storm_150_a200_c80_0024,1.0,1.0,w8421,0.0000,0.0000
5,storm150_a200_c80,c05_storm_150_a200_c80_0024,1.0,1.0,w16421,0.0000,0.0000
5,storm150_a200_c80,c05_storm_150_a200_c80_0024,1.0,1.0,w27931,0.0000,0.0000
5,storm150_a200_c80,c05_storm_150_a200_c80_0024,2.0,0.5,w8421,0.0000,0.0000
5,storm150_a200_c80,c05_storm_150_a200_c80_0024,2.0,0.5,w16421,0.0000,0.0000
5,storm150_a200_c80,c05_storm_150_a200_c80_0024,2.0,0.5,w27931,0.0000,0.0000
5,storm150_a200_c80,c05_storm_150_a200_c80_0024,2.0,0.75,w8421,0.0000,0.0000
5,storm150_a200_c80,c05_storm_150_a200_c80_0024,2.0,0.75,w16421,0.0000,0.0000
5,storm150_a200_c80,c05_storm_150_a200_c80_0024,2.0,0.75,w27931,0.0000,0.0000
5,storm150_a200_c80,c05_storm_150_a200_c80_0024,2.0,1.0,w8421,0.0000,0.0000
5,storm150_a200_c80,c05_storm_150_a200_c80_0024,2.0,1.0,w16421,0.0000,0.0000
5,storm150_a200_c80,c05_storm_150_a200_c80_0024,2.0,1.0,w27931,0.0000,0.0000
5,storm150_a200_c80,c05_storm_150_a200_c80_0025,1.0,0.5,w8421,0.0000,0.0000
5,storm150_a200_c80,c05_storm_150_a200_c80_0025,1.0,0.5,w16421,0.0000,0.0000
5,storm150_a200_c80,c05_storm_150_a200_c80_0025,1.0,0.5,w27931,0.0000,0.0000
5,storm150_a200_c80,c05_storm_150_a200_c80_0025,1.0,0.75,w8421,0.0000,0.0000
5,storm150_a200_c80,c05_storm_150_a200_c80_0025,1.0,0.75,w16421,0.0000,0.0000
5,storm150_a200_c80,c05_storm_150_a200_c80_0025,1.0,0.75,w27931,0.0000,0.0000
5,storm150_a200_c80,c05_storm_150_a200_c80_0025,1.0,1.0,w8421,0.0000,0.0000
5,storm150_a200_c80,c05_storm_150_a200_c80_0025,1.0,1.0,w16421,0.0000,0.0000
5,storm150_a200_c80,c05_storm_150_a200_c80_0025,1.0,1.0,w27931,0.0000,0.0000
5,storm150_a200_c80,c05_storm_150_a200_c80_0025,2.0,0.5,w8421,0.0000,0.0000
5,storm150_a200_c80,c05_storm_150_a200_c80_0025,2.0,0.5,w16421,0.0000,0.0000
5,storm150_a200_c80,c05_storm_150_a200_c80_0025,2.0,0.5,w27931,0.0000,0.0000
5,storm150_a200_c80,c05_storm_150_a200_c80_0025,2.0,0.75,w8421,0.0000,0.0000
5,storm150_a200_c80,c05_storm_150_a200_c80_0025,2.0,0.75,w16421,0.0000,0.0000
5,storm150_a200_c80,c05_storm_150_a200_c80_0025,2.0,0.75,w27931,0.0000,0.0000
5,storm150_a200_c80,c05_storm_150_a200_c80_0025,2.0,1.0,w8421,0.0000,0.0000
5,storm150_a200_c80,c05_storm_150_a200_c80_0025,2.0,1.0,w16421,0.0000,0.0000
5,storm150_a200_c80,c05_storm_150_a200_c80_0025,2.0,1.0,w27931,0.0000,0.0000
5,storm150_a200_c80,c05_storm_150_a200_c80_0026,1.0,0.5,w8421,0.0000,0.0000
5,storm150_a200_c80,c05_storm_150_a200_c80_0026,1.0,0.5,w16421,0.0000,0.0000
5,storm150_a200_c80,c05_storm_150_a200_c80_0026,1.0,0.5,w27931,0.0000,0.0000
5,storm150_a200_c80,c05_storm_150_a200_c80_0026,1.0,0.75,w8421,0.0000,0.0000
5,storm150_a200_c80,c05_storm_150_a200_c80_0026,1.0,0.75,w16421,0.0000,0.0000
5,storm150_a200_c80,c05_storm_150_a200_c80_0026,1.0,0.75,w27931,0.0000,0.0000
5,storm150_a200_c80,c05_storm_150_a200_c80_0026,1.0,1.0,w8421,0.0000,0.0000
5,storm150_a200_c80,c05_storm_150_a200_c80_0026,1.0,1.0,w16421,0.0000,0.0000
5,storm150_a200_c80,c05_storm_150_a200_c80_0026,1.0,1.0,w27931,0.0000,0.0000
5,storm150_a200_c80,c05_storm_150_a200_c80_0026,2.0,0.5,w8421,0.0000,0.0000
5,storm150_a200_c80,c05_storm_150_a200_c80_0026,2.0,0.5,w16421,0.0000,0.0000
5,storm150_a200_c80,c05_storm_150_a200_c80_0026,2.0,0.5,w27931,0.0000,0.0000
5,storm150_a200_c80,c05_storm_150_a200_c80_0026,2.0,0.75,w8421,0.0000,0.0000
5,storm150_a200_c80,c05_storm_150_a200_c80_0026,2.0,0.75,w16421,0.0000,0.0000
5,storm150_a200_c80,c05_storm_150_a200_c80_0026,2.0,0.75,w27931,0.0000,0.0000
5,storm150_a200_c80,c05_storm_150_a200_c80_0026,2.0,1.0,w8421,0.0000,0.0000
5,storm150_a200_c80,c05_storm_150_a200_c80_0026,2.0,1.0,w16421,0.0000,0.0000
5,storm150_a200_c80,c05_storm_150_a200_c80_0026,2.0,1.0,w27931,0.0000,0.0000
5,storm150_a200_c80,c05_storm_150_a200_c80_0027,1.0,0.5,w8421,0.0000,0.0000
5,storm150_a200_c80,c05_storm_150_a200_c80_0027,1.0,0.5,w16421,0.0000,0.0000
5,storm150_a200_c80,c05_storm_150_a200_c80_0027,1.0,0.5,w27931,0.0000,0.0000
5,storm150_a200_c80,c05_storm_150_a200_c80_0027,1.0,0.75,w8421,0.0000,0.0000
5,storm150_a200_c80,c05_storm_150_a200_c80_0027,1.0,0.75,w16421,0.0000,0.0000
5,storm150_a200_c80,c05_storm_150_a200_c80_0027,1.0,0.75,w27931,0.0000,0.0000
5,storm150_a200_c80,c05_storm_150_a200_c80_0027,1.0,1.0,w8421,0.0000,0.0000
5,storm150_a200_c80,c05_storm_150_a200_c80_0027,1.0,1.0,w16421,0.0000,0.0000
5,storm150_a200_c80,c05_storm_150_a200_c80_0027,1.0,1.0,w27931,0.0000,0.0000
5,storm150_a200_c80,c05_storm_150_a200_c80_0027,2.0,0.5,w8421,0.0000,0.0000
5,storm150_a200_c80,c05_storm_150_a200_c80_0027,2.0,0.5,w16421,0.0000,0.0000
5,storm150_a200_c80,c05_storm_150_a200_c80_0027,2.0,0.5,w27931,0.0000,0.0000
5,storm150_a200_c80,c05_storm_150_a200_c80_0027,2.0,0.75,w8421,0.0000,0.0000
5,storm150_a200_c80,c05_storm_150_a200_c80_0027,2.0,0.75,w16421,0.0000,0.0000
5,storm150_a200_c80,c05_storm_150_a200_c80_0027,2.0,0.75,w27931,0.0000,0.0000
5,storm150_a200_c80,c05_storm_150_a200_c80_0027,2.0,1.0,w8421,0.0000,0.0000
5,storm150_a200_c80,c05_storm_150_a200_c80_0027,2.0,1.0,w16421,0.0000,0.0000
5,storm150_a200_c80,c05_storm_150_a200_c80_0027,2.0,1.0,w27931,0.0000,0.0000
5,storm150_a200_c80,c05_storm_150_a200_c80_0028,1.0,0.5,w8421,0.0000,0.0000
5,storm150_a200_c80,c05_storm_150_a200_c80_0028,1.0,0.5,w16421,0.0000,0.0000
5,storm150_a200_c80,c05_storm_150_a200_c80_0028,1.0,0.5,w27931,0.0000,0.0000
5,storm150_a200_c80,c05_storm_150_a200_c80_0028,1.0,0.75,w8421,0.0000,0.0000
5,storm150_a200_c80,c05_storm_150_a200_c80_0028,1.0,0.75,w16421,0.0000,0.0000
5,storm150_a200_c80,c05_storm_150_a200_c80_0028,1.0,0.75,w27931,0.0000,0.0000
5,storm150_a200_c80,c05_storm_150_a200_c80_0028,1.0,1.0,w8421,0.0000,0.0000
5,storm150_a200_c80,c05_storm_150_a200_c80_0028,1.0,1.0,w16421,0.0000,0.0000
5,storm150_a200_c80,c05_storm_150_a200_c80_0028,1.0,1.0,w27931,0.0000,0.0000
5,storm150_a200_c80,c05_storm_150_a200_c80_0028,2.0,0.5,w8421,0.0000,0.0000
5,storm150_a200_c80,c05_storm_150_a200_c80_0028,2.0,0.5,w16421,0.0000,0.0000
5,storm150_a200_c80,c05_storm_150_a200_c80_0028,2.0,0.5,w27931,0.0000,0.0000
5,storm150_a200_c80,c05_storm_150_a200_c80_0028,2.0,0.75,w8421,0.0000,0.0000
5,storm150_a200_c80,c05_storm_150_a200_c80_0028,2.0,0.75,w16421,0.0000,0.0000
5,storm150_a200_c80,c05_storm_150_a200_c80_0028,2.0,0.75,w27931,0.0000,0.0000
5,storm150_a200_c80,c05_storm_150_a200_c80_0028,2.0,1.0,w8421,0.0000,0.0000
5,storm150_a200_c80,c05_storm_150_a200_c80_0028,2.0,1.0,w16421,0.0000,0.0000
5,storm150_a200_c80,c05_storm_150_a200_c80_0028,2.0,1.0,w27931,0.0000,0.0000
5,storm150_a200_c80,c05_storm_150_a200_c80_0029,1.0,0.5,w8421,0.0000,0.0000
5,storm150_a200_c80,c05_storm_150_a200_c80_0029,1.0,0.5,w16421,0.0000,0.0000
5,storm150_a200_c80,c05_storm_150_a200_c80_0029,1.0,0.5,w27931,0.0000,0.0000
5,storm150_a200_c80,c05_storm_150_a200_c80_0029,1.0,0.75,w8421,0.0000,0.0000
5,storm150_a200_c80,c05_storm_150_a200_c80_0029,1.0,0.75,w16421,0.0000,0.0000
5,storm150_a200_c80,c05_storm_150_a200_c80_0029,1.0,0.75,w27931,0.0000,0.0000
5,storm150_a200_c80,c05_storm_150_a200_c80_0029,1.0,1.0,w8421,0.0000,0.0000
5,storm150_a200_c80,c05_storm_150_a200_c80_0029,1.0,1.0,w16421,0.0000,0.0000
5,storm150_a200_c80,c05_storm_150_a200_c80_0029,1.0,1.0,w27931,0.0000,0.0000
5,storm150_a200_c80,c05_storm_150_a200_c80_0029,2.0,0.5,w8421,0.0000,0.0000
5,storm150_a200_c80,c05_storm_150_a200_c80_0029,2.0,0.5,w16421,0.0000,0.0000
5,storm150_a200_c80,c05_storm_150_a200_c80_0029,2.0,0.5,w27931,0.0000,0.0000
5,storm150_a200_c80,c05_storm_150_a200_c80_0029,2.0,0.75,w8421,0.0000,0.0000
5,storm150_a200_c80,c05_storm_150_a200_c80_0029,2.0,0.75,w16421,0.0000,0.0000
5,storm150_a200_c80,c05_storm_150_a200_c80_0029,2.0,0.75,w27931,0.0000,0.0000
5,storm150_a200_c80,c05_storm_150_a200_c80_0029,2.0,1.0,w8421,0.0000,0.0000
5,storm150_a200_c80,c05_storm_150_a200_c80_0029,2.0,1.0,w16421,0.0000,0.0000
5,storm150_a200_c80,c05_storm_150_a200_c80_0029,2.0,1.0,w27931,0.0000,0.0000
5,pmmix150_p20_c60,c05_pmmix_150_p20_c60_0000,1.0,0.5,w8421,0.0000,0.0000
5,pmmix150_p20_c60,c05_pmmix_150_p20_c60_0000,1.0,0.5,w16421,0.0000,0.0000
5,pmmix150_p20_c60,c05_pmmix_150_p20_c60_0000,1.0,0.5,w27931,0.0000,0.0000
5,pmmix150_p20_c60,c05_pmmix_150_p20_c60_0000,1.0,0.75,w8421,0.0000,0.0000
5,pmmix150_p20_c60,c05_pmmix_150_p20_c60_0000,1.0,0.75,w16421,0.0000,0.0000
5,pmmix150_p20_c60,c05_pmmix_150_p20_c60_0000,1.0,0.75,w27931,0.0000,0.0000
5,pmmix150_p20_c60,c05_pmmix_150_p20_c60_0000,1.0,1.0,w8421,0.0000,0.0000
5,pmmix150_p20_c60,c05_pmmix_150_p20_c60_0000,1.0,1.0,w16421,0.0000,0.0000
5,pmmix150_p20_c60,c05_pmmix_150_p20_c60_0000,1.0,1.0,w27931,0.0000,0.0000
5,pmmix150_p20_c60,c05_pmmix_150_p20_c60_0000,2.0,0.5,w8421,0.0000,0.0000
5,pmmix150_p20_c60,c05_pmmix_150_p20_c60_0000,2.0,0.5,w16421,0.0000,0.0000
5,pmmix150_p20_c60,c05_pmmix_150_p20_c60_0000,2.0,0.5,w27931,0.0000,0.0000
5,pmmix150_p20_c60,c05_pmmix_150_p20_c60_0000,2.0,0.75,w8421,0.0000,0.0000
5,pmmix150_p20_c60,c05_pmmix_150_p20_c60_0000,2.0,0.75,w16421,0.0000,0.0000
5,pmmix150_p20_c60,c05_pmmix_150_p20_c60_0000,2.0,0.75,w27931,0.0000,0.0000
5,pmmix150_p20_c60,c05_pmmix_150_p20_c60_0000,2.0,1.0,w8421,0.0000,0.0000
5,pmmix150_p20_c60,c05_pmmix_150_p20_c60_0000,2.0,1.0,w16421,0.0000,0.0000
5,pmmix150_p20_c60,c05_pmmix_150_p20_c60_0000,2.0,1.0,w27931,0.0000,0.0000
5,pmmix150_p20_c60,c05_pmmix_150_p20_c60_0001,1.0,0.5,w8421,0.0000,0.0000
5,pmmix150_p20_c60,c05_pmmix_150_p20_c60_0001,1.0,0.5,w16421,0.0000,0.0000
5,pmmix150_p20_c60,c05_pmmix_150_p20_c60_0001,1.0,0.5,w27931,0.0000,0.0000
5,pmmix150_p20_c60,c05_pmmix_150_p20_c60_0001,1.0,0.75,w8421,0.0000,0.0000
5,pmmix150_p20_c60,c05_pmmix_150_p20_c60_0001,1.0,0.75,w16421,0.0000,0.0000
5,pmmix150_p20_c60,c05_pmmix_150_p20_c60_0001,1.0,0.75,w27931,0.0000,0.0000
5,pmmix150_p20_c60,c05_pmmix_150_p20_c60_0001,1.0,1.0,w8421,0.0000,0.0000
5,pmmix150_p20_c60,c05_pmmix_150_p20_c60_0001,1.0,1.0,w16421,0.0000,0.0000
5,pmmix150_p20_c60,c05_pmmix_150_p20_c60_0001,1.0,1.0,w27931,0.0000,0.0000
5,pmmix150_p20_c60,c05_pmmix_150_p20_c60_0001,2.0,0.5,w8421,0.0000,0.0000
5,pmmix150_p20_c60,c05_pmmix_150_p20_c60_0001,2.0,0.5,w16421,0.0000,0.0000
5,pmmix150_p20_c60,c05_pmmix_150_p20_c60_0001,2.0,0.5,w27931,0.0000,0.0000
5,pmmix150_p20_c60,c05_pmmix_150_p20_c60_0001,2.0,0.75,w8421,0.0000,0.0000
5,pmmix150_p20_c60,c05_pmmix_150_p20_c60_0001,2.0,0.75,w16421,0.0000,0.0000
5,pmmix150_p20_c60,c05_pmmix_150_p20_c60_0001,2.0,0.75,w27931,0.0000,0.0000
5,pmmix150_p20_c60,c05_pmmix_150_p20_c60_0001,2.0,1.0,w8421,0.0000,0.0000
5,pmmix150_p20_c60,c05_pmmix_150_p20_c60_0001,2.0,1.0,w16421,0.0000,0.0000
5,pmmix150_p20_c60,c05_pmmix_150_p20_c60_0001,2.0,1.0,w27931,0.0000,0.0000
5,pmmix150_p20_c60,c05_pmmix_150_p20_c60_0002,1.0,0.5,w8421,0.0000,0.0000
5,pmmix150_p20_c60,c05_pmmix_150_p20_c60_0002,1.0,0.5,w16421,0.0000,0.0000
5,pmmix150_p20_c60,c05_pmmix_150_p20_c60_0002,1.0,0.5,w27931,0.0000,0.0000
5,pmmix150_p20_c60,c05_pmmix_150_p20_c60_0002,1.0,0.75,w8421,0.0000,0.0000
5,pmmix150_p20_c60,c05_pmmix_150_p20_c60_0002,1.0,0.75,w16421,0.0000,0.0000
5,pmmix150_p20_c60,c05_pmmix_150_p20_c60_0002,1.0,0.75,w27931,0.0000,0.0000
5,pmmix150_p20_c60,c05_pmmix_150_p20_c60_0002,1.0,1.0,w8421,0.0000,0.0000
5,pmmix150_p20_c60,c05_pmmix_150_p20_c60_0002,1.0,1.0,w16421,0.0000,0.0000
5,pmmix150_p20_c60,c05_pmmix_150_p20_c60_0002,1.0,1.0,w27931,0.0000,0.0000
5,pmmix150_p20_c60,c05_pmmix_150_p20_c60_0002,2.0,0.5,w8421,0.0000,0.0000
5,pmmix150_p20_c60,c05_pmmix_150_p20_c60_0002,2.0,0.5,w16421,0.0000,0.0000
5,pmmix150_p20_c60,c05_pmmix_150_p20_c60_0002,2.0,0.5,w27931,0.0000,0.0000
5,pmmix150_p20_c60,c05_pmmix_150_p20_c60_0002,2.0,0.75,w8421,0.0000,0.0000
5,pmmix150_p20_c60,c05_pmmix_150_p20_c60_0002,2.0,0.75,w16421,0.0000,0.0000
5,pmmix150_p20_c60,c05_pmmix_150_p20_c60_0002,2.0,0.75,w27931,0.0000,0.0000
5,pmmix150_p20_c60,c05_pmmix_150_p20_c60_0002,2.0,1.0,w8421,0.0000,0.0000
5,pmmix150_p20_c60,c05_pmmix_150_p20_c60_0002,2.0,1.0,w16421,0.0000,0.0000
5,pmmix150_p20_c60,c05_pmmix_150_p20_c60_0002,2.0,1.0,w27931,0.0000,0.0000
5,pmmix150_p20_c60,c05_pmmix_150_p20_c60_0003,1.0,0.5,w8421,0.0000,0.0000
5,pmmix150_p20_c60,c05_pmmix_150_p20_c60_0003,1.0,0.5,w16421,0.0000,0.0000
5,pmmix150_p20_c60,c05_pmmix_150_p20_c60_0003,1.0,0.5,w27931,0.0000,0.0000
5,pmmix150_p20_c60,c05_pmmix_150_p20_c60_0003,1.0,0.75,w8421,0.0000,0.0000
5,pmmix150_p20_c60,c05_pmmix_150_p20_c60_0003,1.0,0.75,w16421,0.0000,0.0000
5,pmmix150_p20_c60,c05_pmmix_150_p20_c60_0003,1.0,0.75,w27931,0.0000,0.0000
5,pmmix150_p20_c60,c05_pmmix_150_p20_c60_0003,1.0,1.0,w8421,0.0000,0.0000
5,pmmix150_p20_c60,c05_pmmix_150_p20_c60_0003,1.0,1.0,w16421,0.0000,0.0000
5,pmmix150_p20_c60,c05_pmmix_150_p20_c60_0003,1.0,1.0,w27931,0.0000,0.0000
5,pmmix150_p20_c60,c05_pmmix_150_p20_c60_0003,2.0,0.5,w8421,0.0000,0.0000
5,pmmix150_p20_c60,c05_pmmix_150_p20_c60_0003,2.0,0.5,w16421,0.0000,0.0000
5,pmmix150_p20_c60,c05_pmmix_150_p20_c60_0003,2.0,0.5,w27931,0.0000,0.0000
5,pmmix150_p20_c60,c05_pmmix_150_p20_c60_0003,2.0,0.75,w8421,0.0000,0.0000
5,pmmix150_p20_c60,c05_pmmix_150_p20_c60_0003,2.0,0.75,w16421,0.0000,0.0000
5,pmmix150_p20_c60,c05_pmmix_150_p20_c60_0003,2.0,0.75,w27931,0.0000,0.0000
5,pmmix150_p20_c60,c05_pmmix_150_p20_c60_0003,2.0,1.0,w8421,0.0000,0.0000
5,pmmix150_p20_c60,c05_pmmix_150_p20_c60_0003,2.0,1.0,w16421,0.0000,0.0000
5,pmmix150_p20_c60,c05_pmmix_150_p20_c60_0003,2.0,1.0,w27931,0.0000,0.0000
5,pmmix150_p20_c60,c05_pmmix_150_p20_c60_0004,1.0,0.5,w8421,0.0000,0.0000
5,pmmix150_p20_c60,c05_pmmix_150_p20_c60_0004,1.0,0.5,w16421,0.0000,0.0000
5,pmmix150_p20_c60,c05_pmmix_150_p20_c60_0004,1.0,0.5,w27931,0.0000,0.0000
5,pmmix150_p20_c60,c05_pmmix_150_p20_c60_0004,1.0,0.75,w8421,0.0000,0.0000
5,pmmix150_p20_c60,c05_pmmix_150_p20_c60_0004,1.0,0.75,w16421,0.0000,0.0000
5,pmmix150_p20_c60,c05_pmmix_150_p20_c60_0004,1.0,0.75,w27931,0.0000,0.0000
5,pmmix150_p20_c60,c05_pmmix_150_p20_c60_0004,1.0,1.0,w8421,0.0000,0.0000
5,pmmix150_p20_c60,c05_pmmix_150_p20_c60_0004,1.0,1.0,w16421,0.0000,0.0000
5,pmmix150_p20_c60,c05_pmmix_150_p20_c60_0004,1.0,1.0,w27931,0.0000,0.0000
5,pmmix150_p20_c60,c05_pmmix_150_p20_c60_0004,2.0,0.5,w8421,0.0000,0.0000
5,pmmix150_p20_c60,c05_pmmix_150_p20_c60_0004,2.0,0.5,w16421,0.0000,0.0000
5,pmmix150_p20_c60,c05_pmmix_150_p20_c60_0004,2.0,0.5,w27931,0.0000,0.0000
5,pmmix150_p20_c60,c05_pmmix_150_p20_c60_0004,2.0,0.75,w8421,0.0000,0.0000
5,pmmix150_p20_c60,c05_pmmix_150_p20_c60_0004,2.0,0.75,w16421,0.0000,0.0000
5,pmmix150_p20_c60,c05_pmmix_150_p20_c60_0004,2.0,0.75,w27931,0.0000,0.0000
5,pmmix150_p20_c60,c05_pmmix_150_p20_c60_0004,2.0,1.0,w8421,0.0000,0.0000
5,pmmix150_p20_c60,c05_pmmix_150_p20_c60_0004,2.0,1.0,w16421,0.0000,0.0000
5,pmmix150_p20_c60,c05_pmmix_150_p20_c60_0004,2.0,1.0,w27931,0.0000,0.0000
5,pmmix150_p20_c60,c05_pmmix_150_p20_c60_0005,1.0,0.5,w8421,0.0000,0.0000
5,pmmix150_p20_c60,c05_pmmix_150_p20_c60_0005,1.0,0.5,w16421,0.0000,0.0000
5,pmmix150_p20_c60,c05_pmmix_150_p20_c60_0005,1.0,0.5,w27931,0.0000,0.0000
5,pmmix150_p20_c60,c05_pmmix_150_p20_c60_0005,1.0,0.75,w8421,0.0000,0.0000
5,pmmix150_p20_c60,c05_pmmix_150_p20_c60_0005,1.0,0.75,w16421,0.0000,0.0000
5,pmmix150_p20_c60,c05_pmmix_150_p20_c60_0005,1.0,0.75,w27931,0.0000,0.0000
5,pmmix150_p20_c60,c05_pmmix_150_p20_c60_0005,1.0,1.0,w8421,0.0000,0.0000
5,pmmix150_p20_c60,c05_pmmix_150_p20_c60_0005,1.0,1.0,w16421,0.0000,0.0000
5,pmmix150_p20_c60,c05_pmmix_150_p20_c60_0005,1.0,1.0,w27931,0.0000,0.0000
5,pmmix150_p20_c60,c05_pmmix_150_p20_c60_0005,2.0,0.5,w8421,0.0000,0.0000
5,pmmix150_p20_c60,c05_pmmix_150_p20_c60_0005,2.0,0.5,w16421,0.0000,0.0000
5,pmmix150_p20_c60,c05_pmmix_150_p20_c60_0005,2.0,0.5,w27931,0.0000,0.0000
5,pmmix150_p20_c60,c05_pmmix_150_p20_c60_0005,2.0,0.75,w8421,0.0000,0.0000
5,pmmix150_p20_c60,c05_pmmix_150_p20_c60_0005,2.0,0.75,w16421,0.0000,0.0000
5,pmmix150_p20_c60,c05_pmmix_150_p20_c60_0005,2.0,0.75,w27931,0.0000,0.0000
5,pmmix150_p20_c60,c05_pmmix_150_p20_c60_0005,2.0,1.0,w8421,0.0000,0.0000
5,pmmix150_p20_c60,c05_pmmix_150_p20_c60_0005,2.0,1.0,w16421,0.0000,0.0000
5,pmmix150_p20_c60,c05_pmmix_150_p20_c60_0005,2.0,1.0,w27931,0.0000,0.0000
5,pmmix150_p20_c60,c05_pmmix_150_p20_c60_0006,1.0,0.5,w8421,0.0000,0.0000
5,pmmix150_p20_c60,c05_pmmix_150_p20_c60_0006,1.0,0.5,w16421,0.0000,0.0000
5,pmmix150_p20_c60,c05_pmmix_150_p20_c60_0006,1.0,0.5,w27931,0.0000,0.0000
5,pmmix150_p20_c60,c05_pmmix_150_p20_c60_0006,1.0,0.75,w8421,0.0000,0.0000
5,pmmix150_p20_c60,c05_pmmix_150_p20_c60_0006,1.0,0.75,w16421,0.0000,0.0000
5,pmmix150_p20_c60,c05_pmmix_150_p20_c60_0006,1.0,0.75,w27931,0.0000,0.0000
5,pmmix150_p20_c60,c05_pmmix_150_p20_c60_0006,1.0,1.0,w8421,0.0000,0.0000
5,pmmix150_p20_c60,c05_pmmix_150_p20_c60_0006,1.0,1.0,w16421,0.0000,0.0000
5,pmmix150_p20_c60,c05_pmmix_150_p20_c60_0006,1.0,1.0,w27931,0.0000,0.0000
5,pmmix150_p20_c60,c05_pmmix_150_p20_c60_0006,2.0,0.5,w8421,0.0000,0.0000
5,pmmix150_p20_c60,c05_pmmix_150_p20_c60_0006,2.0,0.5,w16421,0.0000,0.0000
5,pmmix150_p20_c60,c05_pmmix_150_p20_c60_0006,2.0,0.5,w27931,0.0000,0.0000
5,pmmix150_p20_c60,c05_pmmix_150_p20_c60_0006,2.0,0.75,w8421,0.0000,0.0000
5,pmmix150_p20_c60,c05_pmmix_150_p20_c60_0006,2.0,0.75,w16421,0.0000,0.0000
5,pmmix150_p20_c60,c05_pmmix_150_p20_c60_0006,2.0,0.75,w27931,0.0000,0.0000
5,pmmix150_p20_c60,c05_pmmix_150_p20_c60_0006,2.0,1.0,w8421,0.0000,0.0000
5,pmmix150_p20_c60,c05_pmmix_150_p20_c60_0006,2.0,1.0,w16421,0.0000,0.0000
5,pmmix150_p20_c60,c05_pmmix_150_p20_c60_0006,2.0,1.0,w27931,0.0000,0.0000
5,pmmix150_p20_c60,c05_pmmix_150_p20_c60_0007,1.0,0.5,w8421,0.0000,0.0000
5,pmmix150_p20_c60,c05_pmmix_150_p20_c60_0007,1.0,0.5,w16421,0.0000,0.0000
5,pmmix150_p20_c60,c05_pmmix_150_p20_c60_0007,1.0,0.5,w27931,0.0000,0.0000
5,pmmix150_p20_c60,c05_pmmix_150_p20_c60_0007,1.0,0.75,w8421,0.0000,0.0000
5,pmmix150_p20_c60,c05_pmmix_150_p20_c60_0007,1.0,0.75,w16421,0.0000,0.0000
5,pmmix150_p20_c60,c05_pmmix_150_p20_c60_0007,1.0,0.75,w27931,0.0000,0.0000
5,pmmix150_p20_c60,c05_pmmix_150_p20_c60_0007,1.0,1.0,w8421,0.0000,0.0000
5,pmmix150_p20_c60,c05_pmmix_150_p20_c60_0007,1.0,1.0,w16421,0.0000,0.0000
5,pmmix150_p20_c60,c05_pmmix_150_p20_c60_0007,1.0,1.0,w27931,0.0000,0.0000
5,pmmix150_p20_c60,c05_pmmix_150_p20_c60_0007,2.0,0.5,w8421,0.0000,0.0000
5,pmmix150_p20_c60,c05_pmmix_150_p20_c60_0007,2.0,0.5,w16421,0.0000,0.0000
5,pmmix150_p20_c60,c05_pmmix_150_p20_c60_0007,2.0,0.5,w27931,0.0000,0.0000
5,pmmix150_p20_c60,c05_pmmix_150_p20_c60_0007,2.0,0.75,w8421,0.0000,0.0000
5,pmmix150_p20_c60,c05_pmmix_150_p20_c60_0007,2.0,0.75,w16421,0.0000,0.0000
5,pmmix150_p20_c60,c05_pmmix_150_p20_c60_0007,2.0,0.75,w27931,0.0000,0.0000
5,pmmix150_p20_c60,c05_pmmix_150_p20_c60_0007,2.0,1.0,w8421,0.0000,0.0000
5,pmmix150_p20_c60,c05_pmmix_150_p20_c60_0007,2.0,1.0,w16421,0.0000,0.0000
5,pmmix150_p20_c60,c05_pmmix_150_p20_c60_0007,2.0,1.0,w27931,0.0000,0.0000
5,pmmix150_p20_c60,c05_pmmix_150_p20_c60_0008,1.0,0.5,w8421,0.0000,0.0000
5,pmmix150_p20_c60,c05_pmmix_150_p20_c60_0008,1.0,0.5,w16421,0.0000,0.0000
5,pmmix150_p20_c60,c05_pmmix_150_p20_c60_0008,1.0,0.5,w27931,0.0000,0.0000
5,pmmix150_p20_c60,c05_pmmix_150_p20_c60_0008,1.0,0.75,w8421,0.0000,0.0000
5,pmmix150_p20_c60,c05_pmmix_150_p20_c60_0008,1.0,0.75,w16421,0.0000,0.0000
5,pmmix150_p20_c60,c05_pmmix_150_p20_c60_0008,1.0,0.75,w27931,0.0000,0.0000
5,pmmix150_p20_c60,c05_pmmix_150_p20_c60_0008,1.0,1.0,w8421,0.0000,0.0000
5,pmmix150_p20_c60,c05_pmmix_150_p20_c60_0008,1.0,1.0,w16421,0.0000,0.0000
5,pmmix150_p20_c60,c05_pmmix_150_p20_c60_0008,1.0,1.0,w27931,0.0000,0.0000
5,pmmix150_p20_c60,c05_pmmix_150_p20_c60_0008,2.0,0.5,w8421,0.0000,0.0000
5,pmmix150_p20_c60,c05_pmmix_150_p20_c60_0008,2.0,0.5,w16421,0.0000,0.0000
5,pmmix150_p20_c60,c05_pmmix_150_p20_c60_0008,2.0,0.5,w27931,0.0000,0.0000
5,pmmix150_p20_c60,c05_pmmix_150_p20_c60_0008,2.0,0.75,w8421,0.0000,0.0000
5,pmmix150_p20_c60,c05_pmmix_150_p20_c60_0008,2.0,0.75,w16421,0.0000,0.0000
5,pmmix150_p20_c60,c05_pmmix_150_p20_c60_0008,2.0,0.75,w27931,0.0000,0.0000
5,pmmix150_p20_c60,c05_pmmix_150_p20_c60_0008,2.0,1.0,w8421,0.0000,0.0000
5,pmmix150_p20_c60,c05_pmmix_150_p20_c60_0008,2.0,1.0,w16421,0.0000,0.0000
5,pmmix150_p20_c60,c05_pmmix_150_p20_c60_0008,2.0,1.0,w27931,0.0000,0.0000
5,pmmix150_p20_c60,c05_pmmix_150_p20_c60_0009,1.0,0.5,w8421,0.0000,0.0000
5,pmmix150_p20_c60,c05_pmmix_150_p20_c60_0009,1.0,0.5,w16421,0.0000,0.0000
5,pmmix150_p20_c60,c05_pmmix_150_p20_c60_0009,1.0,0.5,w27931,0.0000,0.0000
5,pmmix150_p20_c60,c05_pmmix_150_p20_c60_0009,1.0,0.75,w8421,0.0000,0.0000
5,pmmix150_p20_c60,c05_pmmix_150_p20_c60_0009,1.0,0.75,w16421,0.0000,0.0000
5,pmmix150_p20_c60,c05_pmmix_150_p20_c60_0009,1.0,0.75,w27931,0.0000,0.0000
5,pmmix150_p20_c60,c05_pmmix_150_p20_c60_0009,1.0,1.0,w8421,0.0000,0.0000
5,pmmix150_p20_c60,c05_pmmix_150_p20_c60_0009,1.0,1.0,w16421,0.0000,0.0000
5,pmmix150_p20_c60,c05_pmmix_150_p20_c60_0009,1.0,1.0,w27931,0.0000,0.0000
5,pmmix150_p20_c60,c05_pmmix_150_p20_c60_0009,2.0,0.5,w8421,0.0000,0.0000
5,pmmix150_p20_c60,c05_pmmix_150_p20_c60_0009,2.0,0.5,w16421,0.0000,0.0000
5,pmmix150_p20_c60,c05_pmmix_150_p20_c60_0009,2.0,0.5,w27931,0.0000,0.0000
5,pmmix150_p20_c60,c05_pmmix_150_p20_c60_0009,2.0,0.75,w8421,0.0000,0.0000
5,pmmix150_p20_c60,c05_pmmix_150_p20_c60_0009,2.0,0.75,w16421,0.0000,0.0000
5,pmmix150_p20_c60,c05_pmmix_150_p20_c60_0009,2.0,0.75,w27931,0.0000,0.0000
5,pmmix150_p20_c60,c05_pmmix_150_p20_c60_0009,2.0,1.0,w8421,0.0000,0.0000
5,pmmix150_p20_c60,c05_pmmix_150_p20_c60_0009,2.0,1.0,w16421,0.0000,0.0000
5,pmmix150_p20_c60,c05_pmmix_150_p20_c60_0009,2.0,1.0,w27931,0.0000,0.0000
5,pmmix150_p20_c60,c05_pmmix_150_p20_c60_0010,1.0,0.5,w8421,0.0000,0.0000
5,pmmix150_p20_c60,c05_pmmix_150_p20_c60_0010,1.0,0.5,w16421,0.0000,0.0000
5,pmmix150_p20_c60,c05_pmmix_150_p20_c60_0010,1.0,0.5,w27931,0.0000,0.0000
5,pmmix150_p20_c60,c05_pmmix_150_p20_c60_0010,1.0,0.75,w8421,0.0000,0.0000
5,pmmix150_p20_c60,c05_pmmix_150_p20_c60_0010,1.0,0.75,w16421,0.0000,0.0000
5,pmmix150_p20_c60,c05_pmmix_150_p20_c60_0010,1.0,0.75,w27931,0.0000,0.0000
5,pmmix150_p20_c60,c05_pmmix_150_p20_c60_0010,1.0,1.0,w8421,0.0000,0.0000
5,pmmix150_p20_c60,c05_pmmix_150_p20_c60_0010,1.0,1.0,w16421,0.0000,0.0000
5,pmmix150_p20_c60,c05_pmmix_150_p20_c60_0010,1.0,1.0,w27931,0.0000,0.0000
5,pmmix150_p20_c60,c05_pmmix_150_p20_c60_0010,2.0,0.5,w8421,0.0000,0.0000
5,pmmix150_p20_c60,c05_pmmix_150_p20_c60_0010,2.0,0.5,w16421,0.0000,0.0000
5,pmmix150_p20_c60,c05_pmmix_150_p20_c60_0010,2.0,0.5,w27931,0.0000,0.0000
5,pmmix150_p20_c60,c05_pmmix_150_p20_c60_0010,2.0,0.75,w8421,0.0000,0.0000
5,pmmix150_p20_c60,c05_pmmix_150_p20_c60_0010,2.0,0.75,w16421,0.0000,0.0000
5,pmmix150_p20_c60,c05_pmmix_150_p20_c60_0010,2.0,0.75,w27931,0.0000,0.0000
5,pmmix150_p20_c60,c05_pmmix_150_p20_c60_0010,2.0,1.0,w8421,0.0000,0.0000
5,pmmix150_p20_c60,c05_pmmix_150_p20_c60_0010,2.0,1.0,w16421,0.0000,0.0000
5,pmmix150_p20_c60,c05_pmmix_150_p20_c60_0010,2.0,1.0,w27931,0.0000,0.0000
5,pmmix150_p20_c60,c05_pmmix_150_p20_c60_0011,1.0,0.5,w8421,0.0000,0.0000
5,pmmix150_p20_c60,c05_pmmix_150_p20_c60_0011,1.0,0.5,w16421,0.0000,0.0000
5,pmmix150_p20_c60,c05_pmmix_150_p20_c60_0011,1.0,0.5,w27931,0.0000,0.0000
5,pmmix150_p20_c60,c05_pmmix_150_p20_c60_0011,1.0,0.75,w8421,0.0000,0.0000
5,pmmix150_p20_c60,c05_pmmix_150_p20_c60_0011,1.0,0.75,w16421,0.0000,0.0000
5,pmmix150_p20_c60,c05_pmmix_150_p20_c60_0011,1.0,0.75,w27931,0.0000,0.0000
5,pmmix150_p20_c60,c05_pmmix_150_p20_c60_0011,1.0,1.0,w8421,0.0000,0.0000
5,pmmix150_p20_c60,c05_pmmix_150_p20_c60_0011,1.0,1.0,w16421,0.0000,0.0000
5,pmmix150_p20_c60,c05_pmmix_150_p20_c60_0011,1.0,1.0,w27931,0.0000,0.0000
5,pmmix150_p20_c60,c05_pmmix_150_p20_c60_0011,2.0,0.5,w8421,0.0000,0.0000
5,pmmix150_p20_c60,c05_pmmix_150_p20_c60_0011,2.0,0.5,w16421,0.0000,0.0000
5,pmmix150_p20_c60,c05_pmmix_150_p20_c60_0011,2.0,0.5,w27931,0.0000,0.0000
5,pmmix150_p20_c60,c05_pmmix_150_p20_c60_0011,2.0,0.75,w8421,0.0000,0.0000
5,pmmix150_p20_c60,c05_pmmix_150_p20_c60_0011,2.0,0.75,w16421,0.0000,0.0000
5,pmmix150_p20_c60,c05_pmmix_150_p20_c60_0011,2.0,0.75,w27931,0.0000,0.0000
5,pmmix150_p20_c60,c05_pmmix_150_p20_c60_0011,2.0,1.0,w8421,0.0000,0.0000
5,pmmix150_p20_c60,c05_pmmix_150_p20_c60_0011,2.0,1.0,w16421,0.0000,0.0000
5,pmmix150_p20_c60,c05_pmmix_150_p20_c60_0011,2.0,1.0,w27931,0.0000,0.0000
5,pmmix150_p20_c60,c05_pmmix_150_p20_c60_0012,1.0,0.5,w8421,0.0000,0.0000
5,pmmix150_p20_c60,c05_pmmix_150_p20_c60_0012,1.0,0.5,w16421,0.0000,0.0000
5,pmmix150_p20_c60,c05_pmmix_150_p20_c60_0012,1.0,0.5,w27931,0.0000,0.0000
5,pmmix150_p20_c60,c05_pmmix_150_p20_c60_0012,1.0,0.75,w8421,0.0000,0.0000
5,pmmix150_p20_c60,c05_pmmix_150_p20_c60_0012,1.0,0.75,w16421,0.0000,0.0000
5,pmmix150_p20_c60,c05_pmmix_150_p20_c60_0012,1.0,0.75,w27931,0.0000,0.0000
5,pmmix150_p20_c60,c05_pmmix_150_p20_c60_0012,1.0,1.0,w8421,0.0000,0.0000
5,pmmix150_p20_c60,c05_pmmix_150_p20_c60_0012,1.0,1.0,w16421,0.0000,0.0000
5,pmmix150_p20_c60,c05_pmmix_150_p20_c60_0012,1.0,1.0,w27931,0.0000,0.0000
5,pmmix150_p20_c60,c05_pmmix_150_p20_c60_0012,2.0,0.5,w8421,0.0000,0.0000
5,pmmix150_p20_c60,c05_pmmix_150_p20_c60_0012,2.0,0.5,w16421,0.0000,0.0000
5,pmmix150_p20_c60,c05_pmmix_150_p20_c60_0012,2.0,0.5,w27931,0.0000,0.0000
5,pmmix150_p20_c60,c05_pmmix_150_p20_c60_0012,2.0,0.75,w8421,0.0000,0.0000
5,pmmix150_p20_c60,c05_pmmix_150_p20_c60_0012,2.0,0.75,w16421,0.0000,0.0000
5,pmmix150_p20_c60,c05_pmmix_150_p20_c60_0012,2.0,0.75,w27931,0.0000,0.0000
5,pmmix150_p20_c60,c05_pmmix_150_p20_c60_0012,2.0,1.0,w8421,0.0000,0.0000
5,pmmix150_p20_c60,c05_pmmix_150_p20_c60_0012,2.0,1.0,w16421,0.0000,0.0000
5,pmmix150_p20_c60,c05_pmmix_150_p20_c60_0012,2.0,1.0,w27931,0.0000,0.0000
5,pmmix150_p20_c60,c05_pmmix_150_p20_c60_0013,1.0,0.5,w8421,0.0000,0.0000
5,pmmix150_p20_c60,c05_pmmix_150_p20_c60_0013,1.0,0.5,w16421,0.0000,0.0000
5,pmmix150_p20_c60,c05_pmmix_150_p20_c60_0013,1.0,0.5,w27931,0.0000,0.0000
5,pmmix150_p20_c60,c05_pmmix_150_p20_c60_0013,1.0,0.75,w8421,0.0000,0.0000
5,pmmix150_p20_c60,c05_pmmix_150_p20_c60_0013,1.0,0.75,w16421,0.0000,0.0000
5,pmmix150_p20_c60,c05_pmmix_150_p20_c60_0013,1.0,0.75,w27931,0.0000,0.0000
5,pmmix150_p20_c60,c05_pmmix_150_p20_c60_0013,1.0,1.0,w8421,0.0000,0.0000
5,pmmix150_p20_c60,c05_pmmix_150_p20_c60_0013,1.0,1.0,w16421,0.0000,0.0000
5,pmmix150_p20_c60,c05_pmmix_150_p20_c60_0013,1.0,1.0,w27931,0.0000,0.0000
5,pmmix150_p20_c60,c05_pmmix_150_p20_c60_0013,2.0,0.5,w8421,0.0000,0.0000
5,pmmix150_p20_c60,c05_pmmix_150_p20_c60_0013,2.0,0.5,w16421,0.0000,0.0000
5,pmmix150_p20_c60,c05_pmmix_150_p20_c60_0013,2.0,0.5,w27931,0.0000,0.0000
5,pmmix150_p20_c60,c05_pmmix_150_p20_c60_0013,2.0,0.75,w8421,0.0000,0.0000
5,pmmix150_p20_c60,c05_pmmix_150_p20_c60_0013,2.0,0.75,w16421,0.0000,0.0000
5,pmmix150_p20_c60,c05_pmmix_150_p20_c60_0013,2.0,0.75,w27931,0.0000,0.0000
5,pmmix150_p20_c60,c05_pmmix_150_p20_c60_0013,2.0,1.0,w8421,0.0000,0.0000
5,pmmix150_p20_c60,c05_pmmix_150_p20_c60_0013,2.0,1.0,w16421,0.0000,0.0000
5,pmmix150_p20_c60,c05_pmmix_150_p20_c60_0013,2.0,1.0,w27931,0.0000,0.0000
5,pmmix150_p20_c60,c05_pmmix_150_p20_c60_0014,1.0,0.5,w8421,0.0000,0.0000
5,pmmix150_p20_c60,c05_pmmix_150_p20_c60_0014,1.0,0.5,w16421,0.0000,0.0000
5,pmmix150_p20_c60,c05_pmmix_150_p20_c60_0014,1.0,0.5,w27931,0.0000,0.0000
5,pmmix150_p20_c60,c05_pmmix_150_p20_c60_0014,1.0,0.75,w8421,0.0000,0.0000
5,pmmix150_p20_c60,c05_pmmix_150_p20_c60_0014,1.0,0.75,w16421,0.0000,0.0000
5,pmmix150_p20_c60,c05_pmmix_150_p20_c60_0014,1.0,0.75,w27931,0.0000,0.0000
5,pmmix150_p20_c60,c05_pmmix_150_p20_c60_0014,1.0,1.0,w8421,0.0000,0.0000
5,pmmix150_p20_c60,c05_pmmix_150_p20_c60_0014,1.0,1.0,w16421,0.0000,0.0000
5,pmmix150_p20_c60,c05_pmmix_150_p20_c60_0014,1.0,1.0,w27931,0.0000,0.0000
5,pmmix150_p20_c60,c05_pmmix_150_p20_c60_0014,2.0,0.5,w8421,0.0000,0.0000
5,pmmix150_p20_c60,c05_pmmix_150_p20_c60_0014,2.0,0.5,w16421,0.0000,0.0000
5,pmmix150_p20_c60,c05_pmmix_150_p20_c60_0014,2.0,0.5,w27931,0.0000,0.0000
5,pmmix150_p20_c60,c05_pmmix_150_p20_c60_0014,2.0,0.75,w8421,0.0000,0.0000
5,pmmix150_p20_c60,c05_pmmix_150_p20_c60_0014,2.0,0.75,w16421,0.0000,0.0000
5,pmmix150_p20_c60,c05_pmmix_150_p20_c60_0014,2.0,0.75,w27931,0.0000,0.0000
5,pmmix150_p20_c60,c05_pmmix_150_p20_c60_0014,2.0,1.0,w8421,0.0000,0.0000
5,pmmix150_p20_c60,c05_pmmix_150_p20_c60_0014,2.0,1.0,w16421,0.0000,0.0000
5,pmmix150_p20_c60,c05_pmmix_150_p20_c60_0014,2.0,1.0,w27931,0.0000,0.0000
5,pmmix150_p20_c60,c05_pmmix_150_p20_c60_0015,1.0,0.5,w8421,0.0000,0.0000
5,pmmix150_p20_c60,c05_pmmix_150_p20_c60_0015,1.0,0.5,w16421,0.0000,0.0000
5,pmmix150_p20_c60,c05_pmmix_150_p20_c60_0015,1.0,0.5,w27931,0.0000,0.0000
5,pmmix150_p20_c60,c05_pmmix_150_p20_c60_0015,1.0,0.75,w8421,0.0000,0.0000
5,pmmix150_p20_c60,c05_pmmix_150_p20_c60_0015,1.0,0.75,w16421,0.0000,0.0000
5,pmmix150_p20_c60,c05_pmmix_150_p20_c60_0015,1.0,0.75,w27931,0.0000,0.0000
5,pmmix150_p20_c60,c05_pmmix_150_p20_c60_0015,1.0,1.0,w8421,0.0000,0.0000
5,pmmix150_p20_c60,c05_pmmix_150_p20_c60_0015,1.0,1.0,w16421,0.0000,0.0000
5,pmmix150_p20_c60,c05_pmmix_150_p20_c60_0015,1.0,1.0,w27931,0.0000,0.0000
5,pmmix150_p20_c60,c05_pmmix_150_p20_c60_0015,2.0,0.5,w8421,0.0000,0.0000
5,pmmix150_p20_c60,c05_pmmix_150_p20_c60_0015,2.0,0.5,w16421,0.0000,0.0000
5,pmmix150_p20_c60,c05_pmmix_150_p20_c60_0015,2.0,0.5,w27931,0.0000,0.0000
5,pmmix150_p20_c60,c05_pmmix_150_p20_c60_0015,2.0,0.75,w8421,0.0000,0.0000
5,pmmix150_p20_c60,c05_pmmix_150_p20_c60_0015,2.0,0.75,w16421,0.0000,0.0000
5,pmmix150_p20_c60,c05_pmmix_150_p20_c60_0015,2.0,0.75,w27931,0.0000,0.0000
5,pmmix150_p20_c60,c05_pmmix_150_p20_c60_0015,2.0,1.0,w8421,0.0000,0.0000
5,pmmix150_p20_c60,c05_pmmix_150_p20_c60_0015,2.0,1.0,w16421,0.0000,0.0000
5,pmmix150_p20_c60,c05_pmmix_150_p20_c60_0015,2.0,1.0,w27931,0.0000,0.0000
5,pmmix150_p20_c60,c05_pmmix_150_p20_c60_0016,1.0,0.5,w8421,0.0000,0.0000
5,pmmix150_p20_c60,c05_pmmix_150_p20_c60_0016,1.0,0.5,w16421,0.0000,0.0000
5,pmmix150_p20_c60,c05_pmmix_150_p20_c60_0016,1.0,0.5,w27931,0.0000,0.0000
5,pmmix150_p20_c60,c05_pmmix_150_p20_c60_0016,1.0,0.75,w8421,0.0000,0.0000
5,pmmix150_p20_c60,c05_pmmix_150_p20_c60_0016,1.0,0.75,w16421,0.0000,0.0000
5,pmmix150_p20_c60,c05_pmmix_150_p20_c60_0016,1.0,0.75,w27931,0.0000,0.0000
5,pmmix150_p20_c60,c05_pmmix_150_p20_c60_0016,1.0,1.0,w8421,0.0000,0.0000
5,pmmix150_p20_c60,c05_pmmix_150_p20_c60_0016,1.0,1.0,w16421,0.0000,0.0000
5,pmmix150_p20_c60,c05_pmmix_150_p20_c60_0016,1.0,1.0,w27931,0.0000,0.0000
5,pmmix150_p20_c60,c05_pmmix_150_p20_c60_0016,2.0,0.5,w8421,0.0000,0.0000
5,pmmix150_p20_c60,c05_pmmix_150_p20_c60_0016,2.0,0.5,w16421,0.0000,0.0000
5,pmmix150_p20_c60,c05_pmmix_150_p20_c60_0016,2.0,0.5,w27931,0.0000,0.0000
5,pmmix150_p20_c60,c05_pmmix_150_p20_c60_0016,2.0,0.75,w8421,0.0000,0.0000
5,pmmix150_p20_c60,c05_pmmix_150_p20_c60_0016,2.0,0.75,w16421,0.0000,0.0000
5,pmmix150_p20_c60,c05_pmmix_150_p20_c60_0016,2.0,0.75,w27931,0.0000,0.0000
5,pmmix150_p20_c60,c05_pmmix_150_p20_c60_0016,2.0,1.0,w8421,0.0000,0.0000
5,pmmix150_p20_c60,c05_pmmix_150_p20_c60_0016,2.0,1.0,w16421,0.0000,0.0000
5,pmmix150_p20_c60,c05_pmmix_150_p20_c60_0016,2.0,1.0,w27931,0.0000,0.0000
5,pmmix150_p20_c60,c05_pmmix_150_p20_c60_0017,1.0,0.5,w8421,0.0000,0.0000
5,pmmix150_p20_c60,c05_pmmix_150_p20_c60_0017,1.0,0.5,w16421,0.0000,0.0000
5,pmmix150_p20_c60,c05_pmmix_150_p20_c60_0017,1.0,0.5,w27931,0.0000,0.0000
5,pmmix150_p20_c60,c05_pmmix_150_p20_c60_0017,1.0,0.75,w8421,0.0000,0.0000
5,pmmix150_p20_c60,c05_pmmix_150_p20_c60_0017,1.0,0.75,w16421,0.0000,0.0000
5,pmmix150_p20_c60,c05_pmmix_150_p20_c60_0017,1.0,0.75,w27931,0.0000,0.0000
5,pmmix150_p20_c60,c05_pmmix_150_p20_c60_0017,1.0,1.0,w8421,0.0000,0.0000
5,pmmix150_p20_c60,c05_pmmix_150_p20_c60_0017,1.0,1.0,w16421,0.0000,0.0000
5,pmmix150_p20_c60,c05_pmmix_150_p20_c60_0017,1.0,1.0,w27931,0.0000,0.0000
5,pmmix150_p20_c60,c05_pmmix_150_p20_c60_0017,2.0,0.5,w8421,0.0000,0.0000
5,pmmix150_p20_c60,c05_pmmix_150_p20_c60_0017,2.0,0.5,w16421,0.0000,0.0000
5,pmmix150_p20_c60,c05_pmmix_150_p20_c60_0017,2.0,0.5,w27931,0.0000,0.0000
5,pmmix150_p20_c60,c05_pmmix_150_p20_c60_0017,2.0,0.75,w8421,0.0000,0.0000
5,pmmix150_p20_c60,c05_pmmix_150_p20_c60_0017,2.0,0.75,w16421,0.0000,0.0000
5,pmmix150_p20_c60,c05_pmmix_150_p20_c60_0017,2.0,0.75,w27931,0.0000,0.0000
5,pmmix150_p20_c60,c05_pmmix_150_p20_c60_0017,2.0,1.0,w8421,0.0000,0.0000
5,pmmix150_p20_c60,c05_pmmix_150_p20_c60_0017,2.0,1.0,w16421,0.0000,0.0000
5,pmmix150_p20_c60,c05_pmmix_150_p20_c60_0017,2.0,1.0,w27931,0.0000,0.0000
5,pmmix150_p20_c60,c05_pmmix_150_p20_c60_0018,1.0,0.5,w8421,0.0000,0.0000
5,pmmix150_p20_c60,c05_pmmix_150_p20_c60_0018,1.0,0.5,w16421,0.0000,0.0000
5,pmmix150_p20_c60,c05_pmmix_150_p20_c60_0018,1.0,0.5,w27931,0.0000,0.0000
5,pmmix150_p20_c60,c05_pmmix_150_p20_c60_0018,1.0,0.75,w8421,0.0000,0.0000
5,pmmix150_p20_c60,c05_pmmix_150_p20_c60_0018,1.0,0.75,w16421,0.0000,0.0000
5,pmmix150_p20_c60,c05_pmmix_150_p20_c60_0018,1.0,0.75,w27931,0.0000,0.0000
5,pmmix150_p20_c60,c05_pmmix_150_p20_c60_0018,1.0,1.0,w8421,0.0000,0.0000
5,pmmix150_p20_c60,c05_pmmix_150_p20_c60_0018,1.0,1.0,w16421,0.0000,0.0000
5,pmmix150_p20_c60,c05_pmmix_150_p20_c60_0018,1.0,1.0,w27931,0.0000,0.0000
5,pmmix150_p20_c60,c05_pmmix_150_p20_c60_0018,2.0,0.5,w8421,0.0000,0.0000
5,pmmix150_p20_c60,c05_pmmix_150_p20_c60_0018,2.0,0.5,w16421,0.0000,0.0000
5,pmmix150_p20_c60,c05_pmmix_150_p20_c60_0018,2.0,0.5,w27931,0.0000,0.0000
5,pmmix150_p20_c60,c05_pmmix_150_p20_c60_0018,2.0,0.75,w8421,0.0000,0.0000
5,pmmix150_p20_c60,c05_pmmix_150_p20_c60_0018,2.0,0.75,w16421,0.0000,0.0000
5,pmmix150_p20_c60,c05_pmmix_150_p20_c60_0018,2.0,0.75,w27931,0.0000,0.0000
5,pmmix150_p20_c60,c05_pmmix_150_p20_c60_0018,2.0,1.0,w8421,0.0000,0.0000
5,pmmix150_p20_c60,c05_pmmix_150_p20_c60_0018,2.0,1.0,w16421,0.0000,0.0000
5,pmmix150_p20_c60,c05_pmmix_150_p20_c60_0018,2.0,1.0,w27931,0.0000,0.0000
5,pmmix150_p20_c60,c05_pmmix_150_p20_c60_0019,1.0,0.5,w8421,0.0000,0.0000
5,pmmix150_p20_c60,c05_pmmix_150_p20_c60_0019,1.0,0.5,w16421,0.0000,0.0000
5,pmmix150_p20_c60,c05_pmmix_150_p20_c60_0019,1.0,0.5,w27931,0.0000,0.0000
5,pmmix150_p20_c60,c05_pmmix_150_p20_c60_0019,1.0,0.75,w8421,0.0000,0.0000
5,pmmix150_p20_c60,c05_pmmix_150_p20_c60_0019,1.0,0.75,w16421,0.0000,0.0000
5,pmmix150_p20_c60,c05_pmmix_150_p20_c60_0019,1.0,0.75,w27931,0.0000,0.0000
5,pmmix150_p20_c60,c05_pmmix_150_p20_c60_0019,1.0,1.0,w8421,0.0000,0.0000
5,pmmix150_p20_c60,c05_pmmix_150_p20_c60_0019,1.0,1.0,w16421,0.0000,0.0000
5,pmmix150_p20_c60,c05_pmmix_150_p20_c60_0019,1.0,1.0,w27931,0.0000,0.0000
5,pmmix150_p20_c60,c05_pmmix_150_p20_c60_0019,2.0,0.5,w8421,0.0000,0.0000
5,pmmix150_p20_c60,c05_pmmix_150_p20_c60_0019,2.0,0.5,w16421,0.0000,0.0000
5,pmmix150_p20_c60,c05_pmmix_150_p20_c60_0019,2.0,0.5,w27931,0.0000,0.0000
5,pmmix150_p20_c60,c05_pmmix_150_p20_c60_0019,2.0,0.75,w8421,0.0000,0.0000
5,pmmix150_p20_c60,c05_pmmix_150_p20_c60_0019,2.0,0.75,w16421,0.0000,0.0000
5,pmmix150_p20_c60,c05_pmmix_150_p20_c60_0019,2.0,0.75,w27931,0.0000,0.0000
5,pmmix150_p20_c60,c05_pmmix_150_p20_c60_0019,2.0,1.0,w8421,0.0000,0.0000
5,pmmix150_p20_c60,c05_pmmix_150_p20_c60_0019,2.0,1.0,w16421,0.0000,0.0000
5,pmmix150_p20_c60,c05_pmmix_150_p20_c60_0019,2.0,1.0,w27931,0.0000,0.0000
5,pmmix150_p20_c60,c05_pmmix_150_p20_c60_0020,1.0,0.5,w8421,0.0000,0.0000
5,pmmix150_p20_c60,c05_pmmix_150_p20_c60_0020,1.0,0.5,w16421,0.0000,0.0000
5,pmmix150_p20_c60,c05_pmmix_150_p20_c60_0020,1.0,0.5,w27931,0.0000,0.0000
5,pmmix150_p20_c60,c05_pmmix_150_p20_c60_0020,1.0,0.75,w8421,0.0000,0.0000
5,pmmix150_p20_c60,c05_pmmix_150_p20_c60_0020,1.0,0.75,w16421,0.0000,0.0000
5,pmmix150_p20_c60,c05_pmmix_150_p20_c60_0020,1.0,0.75,w27931,0.0000,0.0000
5,pmmix150_p20_c60,c05_pmmix_150_p20_c60_0020,1.0,1.0,w8421,0.0000,0.0000
5,pmmix150_p20_c60,c05_pmmix_150_p20_c60_0020,1.0,1.0,w16421,0.0000,0.0000
5,pmmix150_p20_c60,c05_pmmix_150_p20_c60_0020,1.0,1.0,w27931,0.0000,0.0000
5,pmmix150_p20_c60,c05_pmmix_150_p20_c60_0020,2.0,0.5,w8421,0.0000,0.0000
5,pmmix150_p20_c60,c05_pmmix_150_p20_c60_0020,2.0,0.5,w16421,0.0000,0.0000
5,pmmix150_p20_c60,c05_pmmix_150_p20_c60_0020,2.0,0.5,w27931,0.0000,0.0000
5,pmmix150_p20_c60,c05_pmmix_150_p20_c60_0020,2.0,0.75,w8421,0.0000,0.0000
5,pmmix150_p20_c60,c05_pmmix_150_p20_c60_0020,2.0,0.75,w16421,0.0000,0.0000
5,pmmix150_p20_c60,c05_pmmix_150_p20_c60_0020,2.0,0.75,w27931,0.0000,0.0000
5,pmmix150_p20_c60,c05_pmmix_150_p20_c60_0020,2.0,1.0,w8421,0.0000,0.0000
5,pmmix150_p20_c60,c05_pmmix_150_p20_c60_0020,2.0,1.0,w16421,0.0000,0.0000
5,pmmix150_p20_c60,c05_pmmix_150_p20_c60_0020,2.0,1.0,w27931,0.0000,0.0000
5,pmmix150_p20_c60,c05_pmmix_150_p20_c60_0021,1.0,0.5,w8421,0.0000,0.0000
5,pmmix150_p20_c60,c05_pmmix_150_p20_c60_0021,1.0,0.5,w16421,0.0000,0.0000
5,pmmix150_p20_c60,c05_pmmix_150_p20_c60_0021,1.0,0.5,w27931,0.0000,0.0000
5,pmmix150_p20_c60,c05_pmmix_150_p20_c60_0021,1.0,0.75,w8421,0.0000,0.0000
5,pmmix150_p20_c60,c05_pmmix_150_p20_c60_0021,1.0,0.75,w16421,0.0000,0.0000
5,pmmix150_p20_c60,c05_pmmix_150_p20_c60_0021,1.0,0.75,w27931,0.0000,0.0000
5,pmmix150_p20_c60,c05_pmmix_150_p20_c60_0021,1.0,1.0,w8421,0.0000,0.0000
5,pmmix150_p20_c60,c05_pmmix_150_p20_c60_0021,1.0,1.0,w16421,0.0000,0.0000
5,pmmix150_p20_c60,c05_pmmix_150_p20_c60_0021,1.0,1.0,w27931,0.0000,0.0000
5,pmmix150_p20_c60,c05_pmmix_150_p20_c60_0021,2.0,0.5,w8421,0.0000,0.0000
5,pmmix150_p20_c60,c05_pmmix_150_p20_c60_0021,2.0,0.5,w16421,0.0000,0.0000
5,pmmix150_p20_c60,c05_pmmix_150_p20_c60_0021,2.0,0.5,w27931,0.0000,0.0000
5,pmmix150_p20_c60,c05_pmmix_150_p20_c60_0021,2.0,0.75,w8421,0.0000,0.0000
5,pmmix150_p20_c60,c05_pmmix_150_p20_c60_0021,2.0,0.75,w16421,0.0000,0.0000
5,pmmix150_p20_c60,c05_pmmix_150_p20_c60_0021,2.0,0.75,w27931,0.0000,0.0000
5,pmmix150_p20_c60,c05_pmmix_150_p20_c60_0021,2.0,1.0,w8421,0.0000,0.0000
5,pmmix150_p20_c60,c05_pmmix_150_p20_c60_0021,2.0,1.0,w16421,0.0000,0.0000
5,pmmix150_p20_c60,c05_pmmix_150_p20_c60_0021,2.0,1.0,w27931,0.0000,0.0000
5,pmmix150_p20_c60,c05_pmmix_150_p20_c60_0022,1.0,0.5,w8421,0.0000,0.0000
5,pmmix150_p20_c60,c05_pmmix_150_p20_c60_0022,1.0,0.5,w16421,0.0000,0.0000
5,pmmix150_p20_c60,c05_pmmix_150_p20_c60_0022,1.0,0.5,w27931,0.0000,0.0000
5,pmmix150_p20_c60,c05_pmmix_150_p20_c60_0022,1.0,0.75,w8421,0.0000,0.0000
5,pmmix150_p20_c60,c05_pmmix_150_p20_c60_0022,1.0,0.75,w16421,0.0000,0.0000
5,pmmix150_p20_c60,c05_pmmix_150_p20_c60_0022,1.0,0.75,w27931,0.0000,0.0000
5,pmmix150_p20_c60,c05_pmmix_150_p20_c60_0022,1.0,1.0,w8421,0.0000,0.0000
5,pmmix150_p20_c60,c05_pmmix_150_p20_c60_0022,1.0,1.0,w16421,0.0000,0.0000
5,pmmix150_p20_c60,c05_pmmix_150_p20_c60_0022,1.0,1.0,w27931,0.0000,0.0000
5,pmmix150_p20_c60,c05_pmmix_150_p20_c60_0022,2.0,0.5,w8421,0.0000,0.0000
5,pmmix150_p20_c60,c05_pmmix_150_p20_c60_0022,2.0,0.5,w16421,0.0000,0.0000
5,pmmix150_p20_c60,c05_pmmix_150_p20_c60_0022,2.0,0.5,w27931,0.0000,0.0000
5,pmmix150_p20_c60,c05_pmmix_150_p20_c60_0022,2.0,0.75,w8421,0.0000,0.0000
5,pmmix150_p20_c60,c05_pmmix_150_p20_c60_0022,2.0,0.75,w16421,0.0000,0.0000
5,pmmix150_p20_c60,c05_pmmix_150_p20_c60_0022,2.0,0.75,w27931,0.0000,0.0000
5,pmmix150_p20_c60,c05_pmmix_150_p20_c60_0022,2.0,1.0,w8421,0.0000,0.0000
5,pmmix150_p20_c60,c05_pmmix_150_p20_c60_0022,2.0,1.0,w16421,0.0000,0.0000
5,pmmix150_p20_c60,c05_pmmix_150_p20_c60_0022,2.0,1.0,w27931,0.0000,0.0000
5,pmmix150_p20_c60,c05_pmmix_150_p20_c60_0023,1.0,0.5,w8421,0.0000,0.0000
5,pmmix150_p20_c60,c05_pmmix_150_p20_c60_0023,1.0,0.5,w16421,0.0000,0.0000
5,pmmix150_p20_c60,c05_pmmix_150_p20_c60_0023,1.0,0.5,w27931,0.0000,0.0000
5,pmmix150_p20_c60,c05_pmmix_150_p20_c60_0023,1.0,0.75,w8421,0.0000,0.0000
5,pmmix150_p20_c60,c05_pmmix_150_p20_c60_0023,1.0,0.75,w16421,0.0000,0.0000
5,pmmix150_p20_c60,c05_pmmix_150_p20_c60_0023,1.0,0.75,w27931,0.0000,0.0000
5,pmmix150_p20_c60,c05_pmmix_150_p20_c60_0023,1.0,1.0,w8421,0.0000,0.0000
5,pmmix150_p20_c60,c05_pmmix_150_p20_c60_0023,1.0,1.0,w16421,0.0000,0.0000
5,pmmix150_p20_c60,c05_pmmix_150_p20_c60_0023,1.0,1.0,w27931,0.0000,0.0000
5,pmmix150_p20_c60,c05_pmmix_150_p20_c60_0023,2.0,0.5,w8421,0.0000,0.0000
5,pmmix150_p20_c60,c05_pmmix_150_p20_c60_0023,2.0,0.5,w16421,0.0000,0.0000
5,pmmix150_p20_c60,c05_pmmix_150_p20_c60_0023,2.0,0.5,w27931,0.0000,0.0000
5,pmmix150_p20_c60,c05_pmmix_150_p20_c60_0023,2.0,0.75,w8421,0.0000,0.0000
5,pmmix150_p20_c60,c05_pmmix_150_p20_c60_0023,2.0,0.75,w16421,0.0000,0.0000
5,pmmix150_p20_c60,c05_pmmix_150_p20_c60_0023,2.0,0.75,w27931,0.0000,0.0000
5,pmmix150_p20_c60,c05_pmmix_150_p20_c60_0023,2.0,1.0,w8421,0.0000,0.0000
5,pmmix150_p20_c60,c05_pmmix_150_p20_c60_0023,2.0,1.0,w16421,0.0000,0.0000
5,pmmix150_p20_c60,c05_pmmix_150_p20_c60_0023,2.0,1.0,w27931,0.0000,0.0000
5,pmmix150_p20_c60,c05_pmmix_150_p20_c60_0024,1.0,0.5,w8421,0.0000,0.0000
5,pmmix150_p20_c60,c05_pmmix_150_p20_c60_0024,1.0,0.5,w16421,0.0000,0.0000
5,pmmix150_p20_c60,c05_pmmix_150_p20_c60_0024,1.0,0.5,w27931,0.0000,0.0000
5,pmmix150_p20_c60,c05_pmmix_150_p20_c60_0024,1.0,0.75,w8421,0.0000,0.0000
5,pmmix150_p20_c60,c05_pmmix_150_p20_c60_0024,1.0,0.75,w16421,0.0000,0.0000
5,pmmix150_p20_c60,c05_pmmix_150_p20_c60_0024,1.0,0.75,w27931,0.0000,0.0000
5,pmmix150_p20_c60,c05_pmmix_150_p20_c60_0024,1.0,1.0,w8421,0.0000,0.0000
5,pmmix150_p20_c60,c05_pmmix_150_p20_c60_0024,1.0,1.0,w16421,0.0000,0.0000
5,pmmix150_p20_c60,c05_pmmix_150_p20_c60_0024,1.0,1.0,w27931,0.0000,0.0000
5,pmmix150_p20_c60,c05_pmmix_150_p20_c60_0024,2.0,0.5,w8421,0.0000,0.0000
5,pmmix150_p20_c60,c05_pmmix_150_p20_c60_0024,2.0,0.5,w16421,0.0000,0.0000
5,pmmix150_p20_c60,c05_pmmix_150_p20_c60_0024,2.0,0.5,w27931,0.0000,0.0000
5,pmmix150_p20_c60,c05_pmmix_150_p20_c60_0024,2.0,0.75,w8421,0.0000,0.0000
5,pmmix150_p20_c60,c05_pmmix_150_p20_c60_0024,2.0,0.75,w16421,0.0000,0.0000
5,pmmix150_p20_c60,c05_pmmix_150_p20_c60_0024,2.0,0.75,w27931,0.0000,0.0000
5,pmmix150_p20_c60,c05_pmmix_150_p20_c60_0024,2.0,1.0,w8421,0.0000,0.0000
5,pmmix150_p20_c60,c05_pmmix_150_p20_c60_0024,2.0,1.0,w16421,0.0000,0.0000
5,pmmix150_p20_c60,c05_pmmix_150_p20_c60_0024,2.0,1.0,w27931,0.0000,0.0000
5,pmmix150_p20_c60,c05_pmmix_150_p20_c60_0025,1.0,0.5,w8421,0.0000,0.0000
5,pmmix150_p20_c60,c05_pmmix_150_p20_c60_0025,1.0,0.5,w16421,0.0000,0.0000
5,pmmix150_p20_c60,c05_pmmix_150_p20_c60_0025,1.0,0.5,w27931,0.0000,0.0000
5,pmmix150_p20_c60,c05_pmmix_150_p20_c60_0025,1.0,0.75,w8421,0.0000,0.0000
5,pmmix150_p20_c60,c05_pmmix_150_p20_c60_0025,1.0,0.75,w16421,0.0000,0.0000
5,pmmix150_p20_c60,c05_pmmix_150_p20_c60_0025,1.0,0.75,w27931,0.0000,0.0000
5,pmmix150_p20_c60,c05_pmmix_150_p20_c60_0025,1.0,1.0,w8421,0.0000,0.0000
5,pmmix150_p20_c60,c05_pmmix_150_p20_c60_0025,1.0,1.0,w16421,0.0000,0.0000
5,pmmix150_p20_c60,c05_pmmix_150_p20_c60_0025,1.0,1.0,w27931,0.0000,0.0000
5,pmmix150_p20_c60,c05_pmmix_150_p20_c60_0025,2.0,0.5,w8421,0.0000,0.0000
5,pmmix150_p20_c60,c05_pmmix_150_p20_c60_0025,2.0,0.5,w16421,0.0000,0.0000
5,pmmix150_p20_c60,c05_pmmix_150_p20_c60_0025,2.0,0.5,w27931,0.0000,0.0000
5,pmmix150_p20_c60,c05_pmmix_150_p20_c60_0025,2.0,0.75,w8421,0.0000,0.0000
5,pmmix150_p20_c60,c05_pmmix_150_p20_c60_0025,2.0,0.75,w16421,0.0000,0.0000
5,pmmix150_p20_c60,c05_pmmix_150_p20_c60_0025,2.0,0.75,w27931,0.0000,0.0000
5,pmmix150_p20_c60,c05_pmmix_150_p20_c60_0025,2.0,1.0,w8421,0.0000,0.0000
5,pmmix150_p20_c60,c05_pmmix_150_p20_c60_0025,2.0,1.0,w16421,0.0000,0.0000
5,pmmix150_p20_c60,c05_pmmix_150_p20_c60_0025,2.0,1.0,w27931,0.0000,0.0000
5,pmmix150_p20_c60,c05_pmmix_150_p20_c60_0026,1.0,0.5,w8421,0.0000,0.0000
5,pmmix150_p20_c60,c05_pmmix_150_p20_c60_0026,1.0,0.5,w16421,0.0000,0.0000
5,pmmix150_p20_c60,c05_pmmix_150_p20_c60_0026,1.0,0.5,w27931,0.0000,0.0000
5,pmmix150_p20_c60,c05_pmmix_150_p20_c60_0026,1.0,0.75,w8421,0.0000,0.0000
5,pmmix150_p20_c60,c05_pmmix_150_p20_c60_0026,1.0,0.75,w16421,0.0000,0.0000
5,pmmix150_p20_c60,c05_pmmix_150_p20_c60_0026,1.0,0.75,w27931,0.0000,0.0000
5,pmmix150_p20_c60,c05_pmmix_150_p20_c60_0026,1.0,1.0,w8421,0.0000,0.0000
5,pmmix150_p20_c60,c05_pmmix_150_p20_c60_0026,1.0,1.0,w16421,0.0000,0.0000
5,pmmix150_p20_c60,c05_pmmix_150_p20_c60_0026,1.0,1.0,w27931,0.0000,0.0000
5,pmmix150_p20_c60,c05_pmmix_150_p20_c60_0026,2.0,0.5,w8421,0.0000,0.0000
5,pmmix150_p20_c60,c05_pmmix_150_p20_c60_0026,2.0,0.5,w16421,0.0000,0.0000
5,pmmix150_p20_c60,c05_pmmix_150_p20_c60_0026,2.0,0.5,w27931,0.0000,0.0000
5,pmmix150_p20_c60,c05_pmmix_150_p20_c60_0026,2.0,0.75,w8421,0.0000,0.0000
5,pmmix150_p20_c60,c05_pmmix_150_p20_c60_0026,2.0,0.75,w16421,0.0000,0.0000
5,pmmix150_p20_c60,c05_pmmix_150_p20_c60_0026,2.0,0.75,w27931,0.0000,0.0000
5,pmmix150_p20_c60,c05_pmmix_150_p20_c60_0026,2.0,1.0,w8421,0.0000,0.0000
5,pmmix150_p20_c60,c05_pmmix_150_p20_c60_0026,2.0,1.0,w16421,0.0000,0.0000
5,pmmix150_p20_c60,c05_pmmix_150_p20_c60_0026,2.0,1.0,w27931,0.0000,0.0000
5,pmmix150_p20_c60,c05_pmmix_150_p20_c60_0027,1.0,0.5,w8421,0.0000,0.0000
5,pmmix150_p20_c60,c05_pmmix_150_p20_c60_0027,1.0,0.5,w16421,0.0000,0.0000
5,pmmix150_p20_c60,c05_pmmix_150_p20_c60_0027,1.0,0.5,w27931,0.0000,0.0000
5,pmmix150_p20_c60,c05_pmmix_150_p20_c60_0027,1.0,0.75,w8421,0.0000,0.0000
5,pmmix150_p20_c60,c05_pmmix_150_p20_c60_0027,1.0,0.75,w16421,0.0000,0.0000
5,pmmix150_p20_c60,c05_pmmix_150_p20_c60_0027,1.0,0.75,w27931,0.0000,0.0000
5,pmmix150_p20_c60,c05_pmmix_150_p20_c60_0027,1.0,1.0,w8421,0.0000,0.0000
5,pmmix150_p20_c60,c05_pmmix_150_p20_c60_0027,1.0,1.0,w16421,0.0000,0.0000
5,pmmix150_p20_c60,c05_pmmix_150_p20_c60_0027,1.0,1.0,w27931,0.0000,0.0000
5,pmmix150_p20_c60,c05_pmmix_150_p20_c60_0027,2.0,0.5,w8421,0.0000,0.0000
5,pmmix150_p20_c60,c05_pmmix_150_p20_c60_0027,2.0,0.5,w16421,0.0000,0.0000
5,pmmix150_p20_c60,c05_pmmix_150_p20_c60_0027,2.0,0.5,w27931,0.0000,0.0000
5,pmmix150_p20_c60,c05_pmmix_150_p20_c60_0027,2.0,0.75,w8421,0.0000,0.0000
5,pmmix150_p20_c60,c05_pmmix_150_p20_c60_0027,2.0,0.75,w16421,0.0000,0.0000
5,pmmix150_p20_c60,c05_pmmix_150_p20_c60_0027,2.0,0.75,w27931,0.0000,0.0000
5,pmmix150_p20_c60,c05_pmmix_150_p20_c60_0027,2.0,1.0,w8421,0.0000,0.0000
5,pmmix150_p20_c60,c05_pmmix_150_p20_c60_0027,2.0,1.0,w16421,0.0000,0.0000
5,pmmix150_p20_c60,c05_pmmix_150_p20_c60_0027,2.0,1.0,w27931,0.0000,0.0000
5,pmmix150_p20_c60,c05_pmmix_150_p20_c60_0028,1.0,0.5,w8421,0.0000,0.0000
5,pmmix150_p20_c60,c05_pmmix_150_p20_c60_0028,1.0,0.5,w16421,0.0000,0.0000
5,pmmix150_p20_c60,c05_pmmix_150_p20_c60_0028,1.0,0.5,w27931,0.0000,0.0000
5,pmmix150_p20_c60,c05_pmmix_150_p20_c60_0028,1.0,0.75,w8421,0.0000,0.0000
5,pmmix150_p20_c60,c05_pmmix_150_p20_c60_0028,1.0,0.75,w16421,0.0000,0.0000
5,pmmix150_p20_c60,c05_pmmix_150_p20_c60_0028,1.0,0.75,w27931,0.0000,0.0000
5,pmmix150_p20_c60,c05_pmmix_150_p20_c60_0028,1.0,1.0,w8421,0.0000,0.0000
5,pmmix150_p20_c60,c05_pmmix_150_p20_c60_0028,1.0,1.0,w16421,0.0000,0.0000
5,pmmix150_p20_c60,c05_pmmix_150_p20_c60_0028,1.0,1.0,w27931,0.0000,0.0000
5,pmmix150_p20_c60,c05_pmmix_150_p20_c60_0028,2.0,0.5,w8421,0.0000,0.0000
5,pmmix150_p20_c60,c05_pmmix_150_p20_c60_0028,2.0,0.5,w16421,0.0000,0.0000
5,pmmix150_p20_c60,c05_pmmix_150_p20_c60_0028,2.0,0.5,w27931,0.0000,0.0000
5,pmmix150_p20_c60,c05_pmmix_150_p20_c60_0028,2.0,0.75,w8421,0.0000,0.0000
5,pmmix150_p20_c60,c05_pmmix_150_p20_c60_0028,2.0,0.75,w16421,0.0000,0.0000
5,pmmix150_p20_c60,c05_pmmix_150_p20_c60_0028,2.0,0.75,w27931,0.0000,0.0000
5,pmmix150_p20_c60,c05_pmmix_150_p20_c60_0028,2.0,1.0,w8421,0.0000,0.0000
5,pmmix150_p20_c60,c05_pmmix_150_p20_c60_0028,2.0,1.0,w16421,0.0000,0.0000
5,pmmix150_p20_c60,c05_pmmix_150_p20_c60_0028,2.0,1.0,w27931,0.0000,0.0000
5,pmmix150_p20_c60,c05_pmmix_150_p20_c60_0029,1.0,0.5,w8421,0.0000,0.0000
5,pmmix150_p20_c60,c05_pmmix_150_p20_c60_0029,1.0,0.5,w16421,0.0000,0.0000
5,pmmix150_p20_c60,c05_pmmix_150_p20_c60_0029,1.0,0.5,w27931,0.0000,0.0000
5,pmmix150_p20_c60,c05_pmmix_150_p20_c60_0029,1.0,0.75,w8421,0.0000,0.0000
5,pmmix150_p20_c60,c05_pmmix_150_p20_c60_0029,1.0,0.75,w16421,0.0000,0.0000
5,pmmix150_p20_c60,c05_pmmix_150_p20_c60_0029,1.0,0.75,w27931,0.0000,0.0000
5,pmmix150_p20_c60,c05_pmmix_150_p20_c60_0029,1.0,1.0,w8421,0.0000,0.0000
5,pmmix150_p20_c60,c05_pmmix_150_p20_c60_0029,1.0,1.0,w16421,0.0000,0.0000
5,pmmix150_p20_c60,c05_pmmix_150_p20_c60_0029,1.0,1.0,w27931,0.0000,0.0000
5,pmmix150_p20_c60,c05_pmmix_150_p20_c60_0029,2.0,0.5,w8421,0.0000,0.0000
5,pmmix150_p20_c60,c05_pmmix_150_p20_c60_0029,2.0,0.5,w16421,0.0000,0.0000
5,pmmix150_p20_c60,c05_pmmix_150_p20_c60_0029,2.0,0.5,w27931,0.0000,0.0000
5,pmmix150_p20_c60,c05_pmmix_150_p20_c60_0029,2.0,0.75,w8421,0.0000,0.0000
5,pmmix150_p20_c60,c05_pmmix_150_p20_c60_0029,2.0,0.75,w16421,0.0000,0.0000
5,pmmix150_p20_c60,c05_pmmix_150_p20_c60_0029,2.0,0.75,w27931,0.0000,0.0000
5,pmmix150_p20_c60,c05_pmmix_150_p20_c60_0029,2.0,1.0,w8421,0.0000,0.0000
5,pmmix150_p20_c60,c05_pmmix_150_p20_c60_0029,2.0,1.0,w16421,0.0000,0.0000
5,pmmix150_p20_c60,c05_pmmix_150_p20_c60_0029,2.0,1.0,w27931,0.0000,0.0000
10,storm150_a300_c80,c10_storm_150_a300_c80_0000,1.0,0.5,w8421,0.0000,0.0000
10,storm150_a300_c80,c10_storm_150_a300_c80_0000,1.0,0.5,w16421,0.0000,0.0000
10,storm150_a300_c80,c10_storm_150_a300_c80_0000,1.0,0.5,w27931,0.0000,0.0000
10,storm150_a300_c80,c10_storm_150_a300_c80_0000,1.0,0.75,w8421,0.0000,0.0000
10,storm150_a300_c80,c10_storm_150_a300_c80_0000,1.0,0.75,w16421,0.0000,0.0000
10,storm150_a300_c80,c10_storm_150_a300_c80_0000,1.0,0.75,w27931,0.0000,0.0000
10,storm150_a300_c80,c10_storm_150_a300_c80_0000,1.0,1.0,w8421,0.0000,0.0000
10,storm150_a300_c80,c10_storm_150_a300_c80_0000,1.0,1.0,w16421,0.0000,0.0000
10,storm150_a300_c80,c10_storm_150_a300_c80_0000,1.0,1.0,w27931,0.0000,0.0000
10,storm150_a300_c80,c10_storm_150_a300_c80_0000,2.0,0.5,w8421,0.0000,0.0000
10,storm150_a300_c80,c10_storm_150_a300_c80_0000,2.0,0.5,w16421,0.0000,0.0000
10,storm150_a300_c80,c10_storm_150_a300_c80_0000,2.0,0.5,w27931,0.0000,0.0000
10,storm150_a300_c80,c10_storm_150_a300_c80_0000,2.0,0.75,w8421,0.0000,0.0000
10,storm150_a300_c80,c10_storm_150_a300_c80_0000,2.0,0.75,w16421,0.0000,0.0000
10,storm150_a300_c80,c10_storm_150_a300_c80_0000,2.0,0.75,w27931,0.0000,0.0000
10,storm150_a300_c80,c10_storm_150_a300_c80_0000,2.0,1.0,w8421,0.0000,0.0000
10,storm150_a300_c80,c10_storm_150_a300_c80_0000,2.0,1.0,w16421,0.0000,0.0000
10,storm150_a300_c80,c10_storm_150_a300_c80_0000,2.0,1.0,w27931,0.0000,0.0000
10,storm150_a300_c80,c10_storm_150_a300_c80_0001,1.0,0.5,w8421,0.0000,0.0000
10,storm150_a300_c80,c10_storm_150_a300_c80_0001,1.0,0.5,w16421,0.0000,0.0000
10,storm150_a300_c80,c10_storm_150_a300_c80_0001,1.0,0.5,w27931,0.0000,0.0000
10,storm150_a300_c80,c10_storm_150_a300_c80_0001,1.0,0.75,w8421,0.0000,0.0000
10,storm150_a300_c80,c10_storm_150_a300_c80_0001,1.0,0.75,w16421,0.0000,0.0000
10,storm150_a300_c80,c10_storm_150_a300_c80_0001,1.0,0.75,w27931,0.0000,0.0000
10,storm150_a300_c80,c10_storm_150_a300_c80_0001,1.0,1.0,w8421,0.0000,0.0000
10,storm150_a300_c80,c10_storm_150_a300_c80_0001,1.0,1.0,w16421,0.0000,0.0000
10,storm150_a300_c80,c10_storm_150_a300_c80_0001,1.0,1.0,w27931,0.0000,0.0000
10,storm150_a300_c80,c10_storm_150_a300_c80_0001,2.0,0.5,w8421,0.0000,0.0000
10,storm150_a300_c80,c10_storm_150_a300_c80_0001,2.0,0.5,w16421,0.0000,0.0000
10,storm150_a300_c80,c10_storm_150_a300_c80_0001,2.0,0.5,w27931,0.0000,0.0000
10,storm150_a300_c80,c10_storm_150_a300_c80_0001,2.0,0.75,w8421,0.0000,0.0000
10,storm150_a300_c80,c10_storm_150_a300_c80_0001,2.0,0.75,w16421,0.0000,0.0000
10,storm150_a300_c80,c10_storm_150_a300_c80_0001,2.0,0.75,w27931,0.0000,0.0000
10,storm150_a300_c80,c10_storm_150_a300_c80_0001,2.0,1.0,w8421,0.0000,0.0000
10,storm150_a300_c80,c10_storm_150_a300_c80_0001,2.0,1.0,w16421,0.0000,0.0000
10,storm150_a300_c80,c10_storm_150_a300_c80_0001,2.0,1.0,w27931,0.0000,0.0000
10,storm150_a300_c80,c10_storm_150_a300_c80_0002,1.0,0.5,w8421,0.0000,0.0000
10,storm150_a300_c80,c10_storm_150_a300_c80_0002,1.0,0.5,w16421,0.0000,0.0000
10,storm150_a300_c80,c10_storm_150_a300_c80_0002,1.0,0.5,w27931,0.0000,0.0000
10,storm150_a300_c80,c10_storm_150_a300_c80_0002,1.0,0.75,w8421,0.0000,0.0000
10,storm150_a300_c80,c10_storm_150_a300_c80_0002,1.0,0.75,w16421,0.0000,0.0000
10,storm150_a300_c80,c10_storm_150_a300_c80_0002,1.0,0.75,w27931,0.0000,0.0000
10,storm150_a300_c80,c10_storm_150_a300_c80_0002,1.0,1.0,w8421,0.0000,0.0000
10,storm150_a300_c80,c10_storm_150_a300_c80_0002,1.0,1.0,w16421,0.0000,0.0000
10,storm150_a300_c80,c10_storm_150_a300_c80_0002,1.0,1.0,w27931,0.0000,0.0000
10,storm150_a300_c80,c10_storm_150_a300_c80_0002,2.0,0.5,w8421,0.0000,0.0000
10,storm150_a300_c80,c10_storm_150_a300_c80_0002,2.0,0.5,w16421,0.0000,0.0000
10,storm150_a300_c80,c10_storm_150_a300_c80_0002,2.0,0.5,w27931,0.0000,0.0000
10,storm150_a300_c80,c10_storm_150_a300_c80_0002,2.0,0.75,w8421,0.0000,0.0000
10,storm150_a300_c80,c10_storm_150_a300_c80_0002,2.0,0.75,w16421,0.0000,0.0000
10,storm150_a300_c80,c10_storm_150_a300_c80_0002,2.0,0.75,w27931,0.0000,0.0000
10,storm150_a300_c80,c10_storm_150_a300_c80_0002,2.0,1.0,w8421,0.0000,0.0000
10,storm150_a300_c80,c10_storm_150_a300_c80_0002,2.0,1.0,w16421,0.0000,0.0000
10,storm150_a300_c80,c10_storm_150_a300_c80_0002,2.0,1.0,w27931,0.0000,0.0000
10,storm150_a300_c80,c10_storm_150_a300_c80_0003,1.0,0.5,w8421,0.0000,0.0000
10,storm150_a300_c80,c10_storm_150_a300_c80_0003,1.0,0.5,w16421,0.0000,0.0000
10,storm150_a300_c80,c10_storm_150_a300_c80_0003,1.0,0.5,w27931,0.0000,0.0000
10,storm150_a300_c80,c10_storm_150_a300_c80_0003,1.0,0.75,w8421,0.0000,0.0000
10,storm150_a300_c80,c10_storm_150_a300_c80_0003,1.0,0.75,w16421,0.0000,0.0000
10,storm150_a300_c80,c10_storm_150_a300_c80_0003,1.0,0.75,w27931,0.0000,0.0000
10,storm150_a300_c80,c10_storm_150_a300_c80_0003,1.0,1.0,w8421,0.0000,0.0000
10,storm150_a300_c80,c10_storm_150_a300_c80_0003,1.0,1.0,w16421,0.0000,0.0000
10,storm150_a300_c80,c10_storm_150_a300_c80_0003,1.0,1.0,w27931,0.0000,0.0000
10,storm150_a300_c80,c10_storm_150_a300_c80_0003,2.0,0.5,w8421,0.0000,0.0000
10,storm150_a300_c80,c10_storm_150_a300_c80_0003,2.0,0.5,w16421,0.0000,0.0000
10,storm150_a300_c80,c10_storm_150_a300_c80_0003,2.0,0.5,w27931,0.0000,0.0000
10,storm150_a300_c80,c10_storm_150_a300_c80_0003,2.0,0.75,w8421,0.0000,0.0000
10,storm150_a300_c80,c10_storm_150_a300_c80_0003,2.0,0.75,w16421,0.0000,0.0000
10,storm150_a300_c80,c10_storm_150_a300_c80_0003,2.0,0.75,w27931,0.0000,0.0000
10,storm150_a300_c80,c10_storm_150_a300_c80_0003,2.0,1.0,w8421,0.0000,0.0000
10,storm150_a300_c80,c10_storm_150_a300_c80_0003,2.0,1.0,w16421,0.0000,0.0000
10,storm150_a300_c80,c10_storm_150_a300_c80_0003,2.0,1.0,w27931,0.0000,0.0000
10,storm150_a300_c80,c10_storm_150_a300_c80_0004,1.0,0.5,w8421,0.0000,0.0000
10,storm150_a300_c80,c10_storm_150_a300_c80_0004,1.0,0.5,w16421,0.0000,0.0000
10,storm150_a300_c80,c10_storm_150_a300_c80_0004,1.0,0.5,w27931,0.0000,0.0000
10,storm150_a300_c80,c10_storm_150_a300_c80_0004,1.0,0.75,w8421,0.0000,0.0000
10,storm150_a300_c80,c10_storm_150_a300_c80_0004,1.0,0.75,w16421,0.0000,0.0000
10,storm150_a300_c80,c10_storm_150_a300_c80_0004,1.0,0.75,w27931,0.0000,0.0000
10,storm150_a300_c80,c10_storm_150_a300_c80_0004,1.0,1.0,w8421,0.0000,0.0000
10,storm150_a300_c80,c10_storm_150_a300_c80_0004,1.0,1.0,w16421,0.0000,0.0000
10,storm150_a300_c80,c10_storm_150_a300_c80_0004,1.0,1.0,w27931,0.0000,0.0000
10,storm150_a300_c80,c10_storm_150_a300_c80_0004,2.0,0.5,w8421,0.0000,0.0000
10,storm150_a300_c80,c10_storm_150_a300_c80_0004,2.0,0.5,w16421,0.0000,0.0000
10,storm150_a300_c80,c10_storm_150_a300_c80_0004,2.0,0.5,w27931,0.0000,0.0000
10,storm150_a300_c80,c10_storm_150_a300_c80_0004,2.0,0.75,w8421,0.0000,0.0000
10,storm150_a300_c80,c10_storm_150_a300_c80_0004,2.0,0.75,w16421,0.0000,0.0000
10,storm150_a300_c80,c10_storm_150_a300_c80_0004,2.0,0.75,w27931,0.0000,0.0000
10,storm150_a300_c80,c10_storm_150_a300_c80_0004,2.0,1.0,w8421,0.0000,0.0000
10,storm150_a300_c80,c10_storm_150_a300_c80_0004,2.0,1.0,w16421,0.0000,0.0000
10,storm150_a300_c80,c10_storm_150_a300_c80_0004,2.0,1.0,w27931,0.0000,0.0000
10,storm150_a300_c80,c10_storm_150_a300_c80_0005,1.0,0.5,w8421,0.0000,0.0000
10,storm150_a300_c80,c10_storm_150_a300_c80_0005,1.0,0.5,w16421,0.0000,0.0000
10,storm150_a300_c80,c10_storm_150_a300_c80_0005,1.0,0.5,w27931,0.0000,0.0000
10,storm150_a300_c80,c10_storm_150_a300_c80_0005,1.0,0.75,w8421,0.0000,0.0000
10,storm150_a300_c80,c10_storm_150_a300_c80_0005,1.0,0.75,w16421,0.0000,0.0000
10,storm150_a300_c80,c10_storm_150_a300_c80_0005,1.0,0.75,w27931,0.0000,0.0000
10,storm150_a300_c80,c10_storm_150_a300_c80_0005,1.0,1.0,w8421,0.0000,0.0000
10,storm150_a300_c80,c10_storm_150_a300_c80_0005,1.0,1.0,w16421,0.0000,0.0000
10,storm150_a300_c80,c10_storm_150_a300_c80_0005,1.0,1.0,w27931,0.0000,0.0000
10,storm150_a300_c80,c10_storm_150_a300_c80_0005,2.0,0.5,w8421,0.0000,0.0000
10,storm150_a300_c80,c10_storm_150_a300_c80_0005,2.0,0.5,w16421,0.0000,0.0000
10,storm150_a300_c80,c10_storm_150_a300_c80_0005,2.0,0.5,w27931,0.0000,0.0000
10,storm150_a300_c80,c10_storm_150_a300_c80_0005,2.0,0.75,w8421,0.0000,0.0000
10,storm150_a300_c80,c10_storm_150_a300_c80_0005,2.0,0.75,w16421,0.0000,0.0000
10,storm150_a300_c80,c10_storm_150_a300_c80_0005,2.0,0.75,w27931,0.0000,0.0000
10,storm150_a300_c80,c10_storm_150_a300_c80_0005,2.0,1.0,w8421,0.0000,0.0000
10,storm150_a300_c80,c10_storm_150_a300_c80_0005,2.0,1.0,w16421,0.0000,0.0000
10,storm150_a300_c80,c10_storm_150_a300_c80_0005,2.0,1.0,w27931,0.0000,0.0000
10,storm150_a300_c80,c10_storm_150_a300_c80_0006,1.0,0.5,w8421,0.0000,0.0000
10,storm150_a300_c80,c10_storm_150_a300_c80_0006,1.0,0.5,w16421,0.0000,0.0000
10,storm150_a300_c80,c10_storm_150_a300_c80_0006,1.0,0.5,w27931,0.0000,0.0000
10,storm150_a300_c80,c10_storm_150_a300_c80_0006,1.0,0.75,w8421,0.0000,0.0000
10,storm150_a300_c80,c10_storm_150_a300_c80_0006,1.0,0.75,w16421,0.0000,0.0000
10,storm150_a300_c80,c10_storm_150_a300_c80_0006,1.0,0.75,w27931,0.0000,0.0000
10,storm150_a300_c80,c10_storm_150_a300_c80_0006,1.0,1.0,w8421,0.0000,0.0000
10,storm150_a300_c80,c10_storm_150_a300_c80_0006,1.0,1.0,w16421,0.0000,0.0000
10,storm150_a300_c80,c10_storm_150_a300_c80_0006,1.0,1.0,w27931,0.0000,0.0000
10,storm150_a300_c80,c10_storm_150_a300_c80_0006,2.0,0.5,w8421,0.0000,0.0000
10,storm150_a300_c80,c10_storm_150_a300_c80_0006,2.0,0.5,w16421,0.0000,0.0000
10,storm150_a300_c80,c10_storm_150_a300_c80_0006,2.0,0.5,w27931,0.0000,0.0000
10,storm150_a300_c80,c10_storm_150_a300_c80_0006,2.0,0.75,w8421,0.0000,0.0000
10,storm150_a300_c80,c10_storm_150_a300_c80_0006,2.0,0.75,w16421,0.0000,0.0000
10,storm150_a300_c80,c10_storm_150_a300_c80_0006,2.0,0.75,w27931,0.0000,0.0000
10,storm150_a300_c80,c10_storm_150_a300_c80_0006,2.0,1.0,w8421,0.0000,0.0000
10,storm150_a300_c80,c10_storm_150_a300_c80_0006,2.0,1.0,w16421,0.0000,0.0000
10,storm150_a300_c80,c10_storm_150_a300_c80_0006,2.0,1.0,w27931,0.0000,0.0000
10,storm150_a300_c80,c10_storm_150_a300_c80_0007,1.0,0.5,w8421,0.0000,0.0000
10,storm150_a300_c80,c10_storm_150_a300_c80_0007,1.0,0.5,w16421,0.0000,0.0000
10,storm150_a300_c80,c10_storm_150_a300_c80_0007,1.0,0.5,w27931,0.0000,0.0000
10,storm150_a300_c80,c10_storm_150_a300_c80_0007,1.0,0.75,w8421,0.0000,0.0000
10,storm150_a300_c80,c10_storm_150_a300_c80_0007,1.0,0.75,w16421,0.0000,0.0000
10,storm150_a300_c80,c10_storm_150_a300_c80_0007,1.0,0.75,w27931,0.0000,0.0000
10,storm150_a300_c80,c10_storm_150_a300_c80_0007,1.0,1.0,w8421,0.0000,0.0000
10,storm150_a300_c80,c10_storm_150_a300_c80_0007,1.0,1.0,w16421,0.0000,0.0000
10,storm150_a300_c80,c10_storm_150_a300_c80_0007,1.0,1.0,w27931,0.0000,0.0000
10,storm150_a300_c80,c10_storm_150_a300_c80_0007,2.0,0.5,w8421,0.0000,0.0000
10,storm150_a300_c80,c10_storm_150_a300_c80_0007,2.0,0.5,w16421,0.0000,0.0000
10,storm150_a300_c80,c10_storm_150_a300_c80_0007,2.0,0.5,w27931,0.0000,0.0000
10,storm150_a300_c80,c10_storm_150_a300_c80_0007,2.0,0.75,w8421,0.0000,0.0000
10,storm150_a300_c80,c10_storm_150_a300_c80_0007,2.0,0.75,w16421,0.0000,0.0000
10,storm150_a300_c80,c10_storm_150_a300_c80_0007,2.0,0.75,w27931,0.0000,0.0000
10,storm150_a300_c80,c10_storm_150_a300_c80_0007,2.0,1.0,w8421,0.0000,0.0000
10,storm150_a300_c80,c10_storm_150_a300_c80_0007,2.0,1.0,w16421,0.0000,0.0000
10,storm150_a300_c80,c10_storm_150_a300_c80_0007,2.0,1.0,w27931,0.0000,0.0000
10,storm150_a300_c80,c10_storm_150_a300_c80_0008,1.0,0.5,w8421,0.0000,0.0000
10,storm150_a300_c80,c10_storm_150_a300_c80_0008,1.0,0.5,w16421,0.0000,0.0000
10,storm150_a300_c80,c10_storm_150_a300_c80_0008,1.0,0.5,w27931,0.0000,0.0000
10,storm150_a300_c80,c10_storm_150_a300_c80_0008,1.0,0.75,w8421,0.0000,0.0000
10,storm150_a300_c80,c10_storm_150_a300_c80_0008,1.0,0.75,w16421,0.0000,0.0000
10,storm150_a300_c80,c10_storm_150_a300_c80_0008,1.0,0.75,w27931,0.0000,0.0000
10,storm150_a300_c80,c10_storm_150_a300_c80_0008,1.0,1.0,w8421,0.0000,0.0000
10,storm150_a300_c80,c10_storm_150_a300_c80_0008,1.0,1.0,w16421,0.0000,0.0000
10,storm150_a300_c80,c10_storm_150_a300_c80_0008,1.0,1.0,w27931,0.0000,0.0000
10,storm150_a300_c80,c10_storm_150_a300_c80_0008,2.0,0.5,w8421,0.0000,0.0000
10,storm150_a300_c80,c10_storm_150_a300_c80_0008,2.0,0.5,w16421,0.0000,0.0000
10,storm150_a300_c80,c10_storm_150_a300_c80_0008,2.0,0.5,w27931,0.0000,0.0000
10,storm150_a300_c80,c10_storm_150_a300_c80_0008,2.0,0.75,w8421,0.0000,0.0000
10,storm150_a300_c80,c10_storm_150_a300_c80_0008,2.0,0.75,w16421,0.0000,0.0000
10,storm150_a300_c80,c10_storm_150_a300_c80_0008,2.0,0.75,w27931,0.0000,0.0000
10,storm150_a300_c80,c10_storm_150_a300_c80_0008,2.0,1.0,w8421,0.0000,0.0000
10,storm150_a300_c80,c10_storm_150_a300_c80_0008,2.0,1.0,w16421,0.0000,0.0000
10,storm150_a300_c80,c10_storm_150_a300_c80_0008,2.0,1.0,w27931,0.0000,0.0000
10,storm150_a300_c80,c10_storm_150_a300_c80_0009,1.0,0.5,w8421,0.0000,0.0000
10,storm150_a300_c80,c10_storm_150_a300_c80_0009,1.0,0.5,w16421,0.0000,0.0000
10,storm150_a300_c80,c10_storm_150_a300_c80_0009,1.0,0.5,w27931,0.0000,0.0000
10,storm150_a300_c80,c10_storm_150_a300_c80_0009,1.0,0.75,w8421,0.0000,0.0000
10,storm150_a300_c80,c10_storm_150_a300_c80_0009,1.0,0.75,w16421,0.0000,0.0000
10,storm150_a300_c80,c10_storm_150_a300_c80_0009,1.0,0.75,w27931,0.0000,0.0000
10,storm150_a300_c80,c10_storm_150_a300_c80_0009,1.0,1.0,w8421,0.0000,0.0000
10,storm150_a300_c80,c10_storm_150_a300_c80_0009,1.0,1.0,w16421,0.0000,0.0000
10,storm150_a300_c80,c10_storm_150_a300_c80_0009,1.0,1.0,w27931,0.0000,0.0000
10,storm150_a300_c80,c10_storm_150_a300_c80_0009,2.0,0.5,w8421,0.0000,0.0000
10,storm150_a300_c80,c10_storm_150_a300_c80_0009,2.0,0.5,w16421,0.0000,0.0000
10,storm150_a300_c80,c10_storm_150_a300_c80_0009,2.0,0.5,w27931,0.0000,0.0000
10,storm150_a300_c80,c10_storm_150_a300_c80_0009,2.0,0.75,w8421,0.0000,0.0000
10,storm150_a300_c80,c10_storm_150_a300_c80_0009,2.0,0.75,w16421,0.0000,0.0000
10,storm150_a300_c80,c10_storm_150_a300_c80_0009,2.0,0.75,w27931,0.0000,0.0000
10,storm150_a300_c80,c10_storm_150_a300_c80_0009,2.0,1.0,w8421,0.0000,0.0000
10,storm150_a300_c80,c10_storm_150_a300_c80_0009,2.0,1.0,w16421,0.0000,0.0000
10,storm150_a300_c80,c10_storm_150_a300_c80_0009,2.0,1.0,w27931,0.0000,0.0000
10,storm150_a300_c80,c10_storm_150_a300_c80_0010,1.0,0.5,w8421,0.0000,0.0000
10,storm150_a300_c80,c10_storm_150_a300_c80_0010,1.0,0.5,w16421,0.0000,0.0000
10,storm150_a300_c80,c10_storm_150_a300_c80_0010,1.0,0.5,w27931,0.0000,0.0000
10,storm150_a300_c80,c10_storm_150_a300_c80_0010,1.0,0.75,w8421,0.0000,0.0000
10,storm150_a300_c80,c10_storm_150_a300_c80_0010,1.0,0.75,w16421,0.0000,0.0000
10,storm150_a300_c80,c10_storm_150_a300_c80_0010,1.0,0.75,w27931,0.0000,0.0000
10,storm150_a300_c80,c10_storm_150_a300_c80_0010,1.0,1.0,w8421,0.0000,0.0000
10,storm150_a300_c80,c10_storm_150_a300_c80_0010,1.0,1.0,w16421,0.0000,0.0000
10,storm150_a300_c80,c10_storm_150_a300_c80_0010,1.0,1.0,w27931,0.0000,0.0000
10,storm150_a300_c80,c10_storm_150_a300_c80_0010,2.0,0.5,w8421,0.0000,0.0000
10,storm150_a300_c80,c10_storm_150_a300_c80_0010,2.0,0.5,w16421,0.0000,0.0000
10,storm150_a300_c80,c10_storm_150_a300_c80_0010,2.0,0.5,w27931,0.0000,0.0000
10,storm150_a300_c80,c10_storm_150_a300_c80_0010,2.0,0.75,w8421,0.0000,0.0000
10,storm150_a300_c80,c10_storm_150_a300_c80_0010,2.0,0.75,w16421,0.0000,0.0000
10,storm150_a300_c80,c10_storm_150_a300_c80_0010,2.0,0.75,w27931,0.0000,0.0000
10,storm150_a300_c80,c10_storm_150_a300_c80_0010,2.0,1.0,w8421,0.0000,0.0000
10,storm150_a300_c80,c10_storm_150_a300_c80_0010,2.0,1.0,w16421,0.0000,0.0000
10,storm150_a300_c80,c10_storm_150_a300_c80_0010,2.0,1.0,w27931,0.0000,0.0000
10,storm150_a300_c80,c10_storm_150_a300_c80_0011,1.0,0.5,w8421,0.0000,0.0000
10,storm150_a300_c80,c10_storm_150_a300_c80_0011,1.0,0.5,w16421,0.0000,0.0000
10,storm150_a300_c80,c10_storm_150_a300_c80_0011,1.0,0.5,w27931,0.0000,0.0000
10,storm150_a300_c80,c10_storm_150_a300_c80_0011,1.0,0.75,w8421,0.0000,0.0000
10,storm150_a300_c80,c10_storm_150_a300_c80_0011,1.0,0.75,w16421,0.0000,0.0000
10,storm150_a300_c80,c10_storm_150_a300_c80_0011,1.0,0.75,w27931,0.0000,0.0000
10,storm150_a300_c80,c10_storm_150_a300_c80_0011,1.0,1.0,w8421,0.0000,0.0000
10,storm150_a300_c80,c10_storm_150_a300_c80_0011,1.0,1.0,w16421,0.0000,0.0000
10,storm150_a300_c80,c10_storm_150_a300_c80_0011,1.0,1.0,w27931,0.0000,0.0000
10,storm150_a300_c80,c10_storm_150_a300_c80_0011,2.0,0.5,w8421,0.0000,0.0000
10,storm150_a300_c80,c10_storm_150_a300_c80_0011,2.0,0.5,w16421,0.0000,0.0000
10,storm150_a300_c80,c10_storm_150_a300_c80_0011,2.0,0.5,w27931,0.0000,0.0000
10,storm150_a300_c80,c10_storm_150_a300_c80_0011,2.0,0.75,w8421,0.0000,0.0000
10,storm150_a300_c80,c10_storm_150_a300_c80_0011,2.0,0.75,w16421,0.0000,0.0000
10,storm150_a300_c80,c10_storm_150_a300_c80_0011,2.0,0.75,w27931,0.0000,0.0000
10,storm150_a300_c80,c10_storm_150_a300_c80_0011,2.0,1.0,w8421,0.0000,0.0000
10,storm150_a300_c80,c10_storm_150_a300_c80_0011,2.0,1.0,w16421,0.0000,0.0000
10,storm150_a300_c80,c10_storm_150_a300_c80_0011,2.0,1.0,w27931,0.0000,0.0000
10,storm150_a300_c80,c10_storm_150_a300_c80_0012,1.0,0.5,w8421,1.5608,1.5608
10,storm150_a300_c80,c10_storm_150_a300_c80_0012,1.0,0.5,w16421,3.1216,3.1216
10,storm150_a300_c80,c10_storm_150_a300_c80_0012,1.0,0.5,w27931,5.2677,5.2677
10,storm150_a300_c80,c10_storm_150_a300_c80_0012,1.0,0.75,w8421,1.5608,1.5608
10,storm150_a300_c80,c10_storm_150_a300_c80_0012,1.0,0.75,w16421,3.1216,3.1216
10,storm150_a300_c80,c10_storm_150_a300_c80_0012,1.0,0.75,w27931,5.2677,5.2677
10,storm150_a300_c80,c10_storm_150_a300_c80_0012,1.0,1.0,w8421,1.5608,1.5608
10,storm150_a300_c80,c10_storm_150_a300_c80_0012,1.0,1.0,w16421,3.1216,3.1216
10,storm150_a300_c80,c10_storm_150_a300_c80_0012,1.0,1.0,w27931,5.2677,5.2677
10,storm150_a300_c80,c10_storm_150_a300_c80_0012,2.0,0.5,w8421,1.5608,1.5608
10,storm150_a300_c80,c10_storm_150_a300_c80_0012,2.0,0.5,w16421,3.1216,3.1216
10,storm150_a300_c80,c10_storm_150_a300_c80_0012,2.0,0.5,w27931,5.2677,5.2677
10,storm150_a300_c80,c10_storm_150_a300_c80_0012,2.0,0.75,w8421,1.5608,1.5608
10,storm150_a300_c80,c10_storm_150_a300_c80_0012,2.0,0.75,w16421,3.1216,3.1216
10,storm150_a300_c80,c10_storm_150_a300_c80_0012,2.0,0.75,w27931,5.2677,5.2677
10,storm150_a300_c80,c10_storm_150_a300_c80_0012,2.0,1.0,w8421,1.5608,1.5608
10,storm150_a300_c80,c10_storm_150_a300_c80_0012,2.0,1.0,w16421,3.1216,3.1216
10,storm150_a300_c80,c10_storm_150_a300_c80_0012,2.0,1.0,w27931,5.2677,5.2677
10,storm150_a300_c80,c10_storm_150_a300_c80_0013,1.0,0.5,w8421,0.0000,0.0000
10,storm150_a300_c80,c10_storm_150_a300_c80_0013,1.0,0.5,w16421,0.0000,0.0000
10,storm150_a300_c80,c10_storm_150_a300_c80_0013,1.0,0.5,w27931,0.0000,0.0000
10,storm150_a300_c80,c10_storm_150_a300_c80_0013,1.0,0.75,w8421,0.0000,0.0000
10,storm150_a300_c80,c10_storm_150_a300_c80_0013,1.0,0.75,w16421,0.0000,0.0000
10,storm150_a300_c80,c10_storm_150_a300_c80_0013,1.0,0.75,w27931,0.0000,0.0000
10,storm150_a300_c80,c10_storm_150_a300_c80_0013,1.0,1.0,w8421,0.0000,0.0000
10,storm150_a300_c80,c10_storm_150_a300_c80_0013,1.0,1.0,w16421,0.0000,0.0000
10,storm150_a300_c80,c10_storm_150_a300_c80_0013,1.0,1.0,w27931,0.0000,0.0000
10,storm150_a300_c80,c10_storm_150_a300_c80_0013,2.0,0.5,w8421,0.0000,0.0000
10,storm150_a300_c80,c10_storm_150_a300_c80_0013,2.0,0.5,w16421,0.0000,0.0000
10,storm150_a300_c80,c10_storm_150_a300_c80_0013,2.0,0.5,w27931,0.0000,0.0000
10,storm150_a300_c80,c10_storm_150_a300_c80_0013,2.0,0.75,w8421,0.0000,0.0000
10,storm150_a300_c80,c10_storm_150_a300_c80_0013,2.0,0.75,w16421,0.0000,0.0000
10,storm150_a300_c80,c10_storm_150_a300_c80_0013,2.0,0.75,w27931,0.0000,0.0000
10,storm150_a300_c80,c10_storm_150_a300_c80_0013,2.0,1.0,w8421,0.0000,0.0000
10,storm150_a300_c80,c10_storm_150_a300_c80_0013,2.0,1.0,w16421,0.0000,0.0000
10,storm150_a300_c80,c10_storm_150_a300_c80_0013,2.0,1.0,w27931,0.0000,0.0000
10,storm150_a300_c80,c10_storm_150_a300_c80_0014,1.0,0.5,w8421,0.0000,0.0000
10,storm150_a300_c80,c10_storm_150_a300_c80_0014,1.0,0.5,w16421,0.0000,0.0000
10,storm150_a300_c80,c10_storm_150_a300_c80_0014,1.0,0.5,w27931,0.0000,0.0000
10,storm150_a300_c80,c10_storm_150_a300_c80_0014,1.0,0.75,w8421,0.0000,0.0000
10,storm150_a300_c80,c10_storm_150_a300_c80_0014,1.0,0.75,w16421,0.0000,0.0000
10,storm150_a300_c80,c10_storm_150_a300_c80_0014,1.0,0.75,w27931,0.0000,0.0000
10,storm150_a300_c80,c10_storm_150_a300_c80_0014,1.0,1.0,w8421,0.0000,0.0000
10,storm150_a300_c80,c10_storm_150_a300_c80_0014,1.0,1.0,w16421,0.0000,0.0000
10,storm150_a300_c80,c10_storm_150_a300_c80_0014,1.0,1.0,w27931,0.0000,0.0000
10,storm150_a300_c80,c10_storm_150_a300_c80_0014,2.0,0.5,w8421,0.0000,0.0000
10,storm150_a300_c80,c10_storm_150_a300_c80_0014,2.0,0.5,w16421,0.0000,0.0000
10,storm150_a300_c80,c10_storm_150_a300_c80_0014,2.0,0.5,w27931,0.0000,0.0000
10,storm150_a300_c80,c10_storm_150_a300_c80_0014,2.0,0.75,w8421,0.0000,0.0000
10,storm150_a300_c80,c10_storm_150_a300_c80_0014,2.0,0.75,w16421,0.0000,0.0000
10,storm150_a300_c80,c10_storm_150_a300_c80_0014,2.0,0.75,w27931,0.0000,0.0000
10,storm150_a300_c80,c10_storm_150_a300_c80_0014,2.0,1.0,w8421,0.0000,0.0000
10,storm150_a300_c80,c10_storm_150_a300_c80_0014,2.0,1.0,w16421,0.0000,0.0000
10,storm150_a300_c80,c10_storm_150_a300_c80_0014,2.0,1.0,w27931,0.0000,0.0000
10,storm150_a300_c80,c10_storm_150_a300_c80_0015,1.0,0.5,w8421,0.0000,0.0000
10,storm150_a300_c80,c10_storm_150_a300_c80_0015,1.0,0.5,w16421,0.0000,0.0000
10,storm150_a300_c80,c10_storm_150_a300_c80_0015,1.0,0.5,w27931,0.0000,0.0000
10,storm150_a300_c80,c10_storm_150_a300_c80_0015,1.0,0.75,w8421,0.0000,0.0000
10,storm150_a300_c80,c10_storm_150_a300_c80_0015,1.0,0.75,w16421,0.0000,0.0000
10,storm150_a300_c80,c10_storm_150_a300_c80_0015,1.0,0.75,w27931,0.0000,0.0000
10,storm150_a300_c80,c10_storm_150_a300_c80_0015,1.0,1.0,w8421,0.0000,0.0000
10,storm150_a300_c80,c10_storm_150_a300_c80_0015,1.0,1.0,w16421,0.0000,0.0000
10,storm150_a300_c80,c10_storm_150_a300_c80_0015,1.0,1.0,w27931,0.0000,0.0000
10,storm150_a300_c80,c10_storm_150_a300_c80_0015,2.0,0.5,w8421,0.0000,0.0000
10,storm150_a300_c80,c10_storm_150_a300_c80_0015,2.0,0.5,w16421,0.0000,0.0000
10,storm150_a300_c80,c10_storm_150_a300_c80_0015,2.0,0.5,w27931,0.0000,0.0000
10,storm150_a300_c80,c10_storm_150_a300_c80_0015,2.0,0.75,w8421,0.0000,0.0000
10,storm150_a300_c80,c10_storm_150_a300_c80_0015,2.0,0.75,w16421,0.0000,0.0000
10,storm150_a300_c80,c10_storm_150_a300_c80_0015,2.0,0.75,w27931,0.0000,0.0000
10,storm150_a300_c80,c10_storm_150_a300_c80_0015,2.0,1.0,w8421,0.0000,0.0000
10,storm150_a300_c80,c10_storm_150_a300_c80_0015,2.0,1.0,w16421,0.0000,0.0000
10,storm150_a300_c80,c10_storm_150_a300_c80_0015,2.0,1.0,w27931,0.0000,0.0000
10,storm150_a300_c80,c10_storm_150_a300_c80_0016,1.0,0.5,w8421,23.4132,23.4132
10,storm150_a300_c80,c10_storm_150_a300_c80_0016,1.0,0.5,w16421,23.4132,23.4132
10,storm150_a300_c80,c10_storm_150_a300_c80_0016,1.0,0.5,w27931,52.6797,52.6797
10,storm150_a300_c80,c10_storm_150_a300_c80_0016,1.0,0.75,w8421,46.8264,46.8264
10,storm150_a300_c80,c10_storm_150_a300_c80_0016,1.0,0.75,w16421,93.6528,93.6528
10,storm150_a300_c80,c10_storm_150_a300_c80_0016,1.0,0.75,w27931,158.0391,158.0391
10,storm150_a300_c80,c10_storm_150_a300_c80_0016,1.0,1.0,w8421,46.8264,46.8264
10,storm150_a300_c80,c10_storm_150_a300_c80_0016,1.0,1.0,w16421,93.6528,93.6528
10,storm150_a300_c80,c10_storm_150_a300_c80_0016,1.0,1.0,w27931,158.0391,158.0391
10,storm150_a300_c80,c10_storm_150_a300_c80_0016,2.0,0.5,w8421,11.7066,11.7066
10,storm150_a300_c80,c10_storm_150_a300_c80_0016,2.0,0.5,w16421,11.7066,11.7066
10,storm150_a300_c80,c10_storm_150_a300_c80_0016,2.0,0.5,w27931,17.5599,17.5599
10,storm150_a300_c80,c10_storm_150_a300_c80_0016,2.0,0.75,w8421,46.8264,46.8264
10,storm150_a300_c80,c10_storm_150_a300_c80_0016,2.0,0.75,w16421,93.6528,93.6528
10,storm150_a300_c80,c10_storm_150_a300_c80_0016,2.0,0.75,w27931,158.0391,158.0391
10,storm150_a300_c80,c10_storm_150_a300_c80_0016,2.0,1.0,w8421,46.8264,46.8264
10,storm150_a300_c80,c10_storm_150_a300_c80_0016,2.0,1.0,w16421,93.6528,93.6528
10,storm150_a300_c80,c10_storm_150_a300_c80_0016,2.0,1.0,w27931,158.0391,158.0391
10,storm150_a300_c80,c10_storm_150_a300_c80_0017,1.0,0.5,w8421,0.0000,0.0000
10,storm150_a300_c80,c10_storm_150_a300_c80_0017,1.0,0.5,w16421,0.0000,0.0000
10,storm150_a300_c80,c10_storm_150_a300_c80_0017,1.0,0.5,w27931,0.0000,0.0000
10,storm150_a300_c80,c10_storm_150_a300_c80_0017,1.0,0.75,w8421,0.0000,0.0000
10,storm150_a300_c80,c10_storm_150_a300_c80_0017,1.0,0.75,w16421,0.0000,0.0000
10,storm150_a300_c80,c10_storm_150_a300_c80_0017,1.0,0.75,w27931,0.0000,0.0000
10,storm150_a300_c80,c10_storm_150_a300_c80_0017,1.0,1.0,w8421,0.0000,0.0000
10,storm150_a300_c80,c10_storm_150_a300_c80_0017,1.0,1.0,w16421,0.0000,0.0000
10,storm150_a300_c80,c10_storm_150_a300_c80_0017,1.0,1.0,w27931,0.0000,0.0000
10,storm150_a300_c80,c10_storm_150_a300_c80_0017,2.0,0.5,w8421,0.0000,0.0000
10,storm150_a300_c80,c10_storm_150_a300_c80_0017,2.0,0.5,w16421,0.0000,0.0000
10,storm150_a300_c80,c10_storm_150_a300_c80_0017,2.0,0.5,w27931,0.0000,0.0000
10,storm150_a300_c80,c10_storm_150_a300_c80_0017,2.0,0.75,w8421,0.0000,0.0000
10,storm150_a300_c80,c10_storm_150_a300_c80_0017,2.0,0.75,w16421,0.0000,0.0000
10,storm150_a300_c80,c10_storm_150_a300_c80_0017,2.0,0.75,w27931,0.0000,0.0000
10,storm150_a300_c80,c10_storm_150_a300_c80_0017,2.0,1.0,w8421,0.0000,0.0000
10,storm150_a300_c80,c10_storm_150_a300_c80_0017,2.0,1.0,w16421,0.0000,0.0000
10,storm150_a300_c80,c10_storm_150_a300_c80_0017,2.0,1.0,w27931,0.0000,0.0000
10,storm150_a300_c80,c10_storm_150_a300_c80_0018,1.0,0.5,w8421,0.0000,0.0000
10,storm150_a300_c80,c10_storm_150_a300_c80_0018,1.0,0.5,w16421,0.0000,0.0000
10,storm150_a300_c80,c10_storm_150_a300_c80_0018,1.0,0.5,w27931,0.0000,0.0000
10,storm150_a300_c80,c10_storm_150_a300_c80_0018,1.0,0.75,w8421,0.0000,0.0000
10,storm150_a300_c80,c10_storm_150_a300_c80_0018,1.0,0.75,w16421,0.0000,0.0000
10,storm150_a300_c80,c10_storm_150_a300_c80_0018,1.0,0.75,w27931,0.0000,0.0000
10,storm150_a300_c80,c10_storm_150_a300_c80_0018,1.0,1.0,w8421,0.0000,0.0000
10,storm150_a300_c80,c10_storm_150_a300_c80_0018,1.0,1.0,w16421,0.0000,0.0000
10,storm150_a300_c80,c10_storm_150_a300_c80_0018,1.0,1.0,w27931,0.0000,0.0000
10,storm150_a300_c80,c10_storm_150_a300_c80_0018,2.0,0.5,w8421,0.0000,0.0000
10,storm150_a300_c80,c10_storm_150_a300_c80_0018,2.0,0.5,w16421,0.0000,0.0000
10,storm150_a300_c80,c10_storm_150_a300_c80_0018,2.0,0.5,w27931,0.0000,0.0000
10,storm150_a300_c80,c10_storm_150_a300_c80_0018,2.0,0.75,w8421,0.0000,0.0000
10,storm150_a300_c80,c10_storm_150_a300_c80_0018,2.0,0.75,w16421,0.0000,0.0000
10,storm150_a300_c80,c10_storm_150_a300_c80_0018,2.0,0.75,w27931,0.0000,0.0000
10,storm150_a300_c80,c10_storm_150_a300_c80_0018,2.0,1.0,w8421,0.0000,0.0000
10,storm150_a300_c80,c10_storm_150_a300_c80_0018,2.0,1.0,w16421,0.0000,0.0000
10,storm150_a300_c80,c10_storm_150_a300_c80_0018,2.0,1.0,w27931,0.0000,0.0000
10,storm150_a300_c80,c10_storm_150_a300_c80_0019,1.0,0.5,w8421,0.0000,0.0000
10,storm150_a300_c80,c10_storm_150_a300_c80_0019,1.0,0.5,w16421,0.0000,0.0000
10,storm150_a300_c80,c10_storm_150_a300_c80_0019,1.0,0.5,w27931,0.0000,0.0000
10,storm150_a300_c80,c10_storm_150_a300_c80_0019,1.0,0.75,w8421,0.0000,0.0000
10,storm150_a300_c80,c10_storm_150_a300_c80_0019,1.0,0.75,w16421,0.0000,0.0000
10,storm150_a300_c80,c10_storm_150_a300_c80_0019,1.0,0.75,w27931,0.0000,0.0000
10,storm150_a300_c80,c10_storm_150_a300_c80_0019,1.0,1.0,w8421,0.0000,0.0000
10,storm150_a300_c80,c10_storm_150_a300_c80_0019,1.0,1.0,w16421,0.0000,0.0000
10,storm150_a300_c80,c10_storm_150_a300_c80_0019,1.0,1.0,w27931,0.0000,0.0000
10,storm150_a300_c80,c10_storm_150_a300_c80_0019,2.0,0.5,w8421,0.0000,0.0000
10,storm150_a300_c80,c10_storm_150_a300_c80_0019,2.0,0.5,w16421,0.0000,0.0000
10,storm150_a300_c80,c10_storm_150_a300_c80_0019,2.0,0.5,w27931,0.0000,0.0000
10,storm150_a300_c80,c10_storm_150_a300_c80_0019,2.0,0.75,w8421,0.0000,0.0000
10,storm150_a300_c80,c10_storm_150_a300_c80_0019,2.0,0.75,w16421,0.0000,0.0000
10,storm150_a300_c80,c10_storm_150_a300_c80_0019,2.0,0.75,w27931,0.0000,0.0000
10,storm150_a300_c80,c10_storm_150_a300_c80_0019,2.0,1.0,w8421,0.0000,0.0000
10,storm150_a300_c80,c10_storm_150_a300_c80_0019,2.0,1.0,w16421,0.0000,0.0000
10,storm150_a300_c80,c10_storm_150_a300_c80_0019,2.0,1.0,w27931,0.0000,0.0000
10,storm150_a300_c80,c10_storm_150_a300_c80_0020,1.0,0.5,w8421,0.0000,0.0000
10,storm150_a300_c80,c10_storm_150_a300_c80_0020,1.0,0.5,w16421,0.0000,0.0000
10,storm150_a300_c80,c10_storm_150_a300_c80_0020,1.0,0.5,w27931,0.0000,0.0000
10,storm150_a300_c80,c10_storm_150_a300_c80_0020,1.0,0.75,w8421,0.0000,0.0000
10,storm150_a300_c80,c10_storm_150_a300_c80_0020,1.0,0.75,w16421,0.0000,0.0000
10,storm150_a300_c80,c10_storm_150_a300_c80_0020,1.0,0.75,w27931,0.0000,0.0000
10,storm150_a300_c80,c10_storm_150_a300_c80_0020,1.0,1.0,w8421,0.0000,0.0000
10,storm150_a300_c80,c10_storm_150_a300_c80_0020,1.0,1.0,w16421,0.0000,0.0000
10,storm150_a300_c80,c10_storm_150_a300_c80_0020,1.0,1.0,w27931,0.0000,0.0000
10,storm150_a300_c80,c10_storm_150_a300_c80_0020,2.0,0.5,w8421,0.0000,0.0000
10,storm150_a300_c80,c10_storm_150_a300_c80_0020,2.0,0.5,w16421,0.0000,0.0000
10,storm150_a300_c80,c10_storm_150_a300_c80_0020,2.0,0.5,w27931,0.0000,0.0000
10,storm150_a300_c80,c10_storm_150_a300_c80_0020,2.0,0.75,w8421,0.0000,0.0000
10,storm150_a300_c80,c10_storm_150_a300_c80_0020,2.0,0.75,w16421,0.0000,0.0000
10,storm150_a300_c80,c10_storm_150_a300_c80_0020,2.0,0.75,w27931,0.0000,0.0000
10,storm150_a300_c80,c10_storm_150_a300_c80_0020,2.0,1.0,w8421,0.0000,0.0000
10,storm150_a300_c80,c10_storm_150_a300_c80_0020,2.0,1.0,w16421,0.0000,0.0000
10,storm150_a300_c80,c10_storm_150_a300_c80_0020,2.0,1.0,w27931,0.0000,0.0000
10,storm150_a300_c80,c10_storm_150_a300_c80_0021,1.0,0.5,w8421,0.0000,0.0000
10,storm150_a300_c80,c10_storm_150_a300_c80_0021,1.0,0.5,w16421,0.0000,0.0000
10,storm150_a300_c80,c10_storm_150_a300_c80_0021,1.0,0.5,w27931,0.0000,0.0000
10,storm150_a300_c80,c10_storm_150_a300_c80_0021,1.0,0.75,w8421,0.0000,0.0000
10,storm150_a300_c80,c10_storm_150_a300_c80_0021,1.0,0.75,w16421,0.0000,0.0000
10,storm150_a300_c80,c10_storm_150_a300_c80_0021,1.0,0.75,w27931,0.0000,0.0000
10,storm150_a300_c80,c10_storm_150_a300_c80_0021,1.0,1.0,w8421,0.0000,0.0000
10,storm150_a300_c80,c10_storm_150_a300_c80_0021,1.0,1.0,w16421,0.0000,0.0000
10,storm150_a300_c80,c10_storm_150_a300_c80_0021,1.0,1.0,w27931,0.0000,0.0000
10,storm150_a300_c80,c10_storm_150_a300_c80_0021,2.0,0.5,w8421,0.0000,0.0000
10,storm150_a300_c80,c10_storm_150_a300_c80_0021,2.0,0.5,w16421,0.0000,0.0000
10,storm150_a300_c80,c10_storm_150_a300_c80_0021,2.0,0.5,w27931,0.0000,0.0000
10,storm150_a300_c80,c10_storm_150_a300_c80_0021,2.0,0.75,w8421,0.0000,0.0000
10,storm150_a300_c80,c10_storm_150_a300_c80_0021,2.0,0.75,w16421,0.0000,0.0000
10,storm150_a300_c80,c10_storm_150_a300_c80_0021,2.0,0.75,w27931,0.0000,0.0000
10,storm150_a300_c80,c10_storm_150_a300_c80_0021,2.0,1.0,w8421,0.0000,0.0000
10,storm150_a300_c80,c10_storm_150_a300_c80_0021,2.0,1.0,w16421,0.0000,0.0000
10,storm150_a300_c80,c10_storm_150_a300_c80_0021,2.0,1.0,w27931,0.0000,0.0000
10,storm150_a300_c80,c10_storm_150_a300_c80_0022,1.0,0.5,w8421,6.6976,6.6976
10,storm150_a300_c80,c10_storm_150_a300_c80_0022,1.0,0.5,w16421,13.3952,13.3952
10,storm150_a300_c80,c10_storm_150_a300_c80_0022,1.0,0.5,w27931,22.6044,22.6044
10,storm150_a300_c80,c10_storm_150_a300_c80_0022,1.0,0.75,w8421,6.6976,6.6976
10,storm150_a300_c80,c10_storm_150_a300_c80_0022,1.0,0.75,w16421,13.3952,13.3952
10,storm150_a300_c80,c10_storm_150_a300_c80_0022,1.0,0.75,w27931,22.6044,22.6044
10,storm150_a300_c80,c10_storm_150_a300_c80_0022,1.0,1.0,w8421,6.6976,6.6976
10,storm150_a300_c80,c10_storm_150_a300_c80_0022,1.0,1.0,w16421,13.3952,13.3952
10,storm150_a300_c80,c10_storm_150_a300_c80_0022,1.0,1.0,w27931,22.6044,22.6044
10,storm150_a300_c80,c10_storm_150_a300_c80_0022,2.0,0.5,w8421,6.6976,6.6976
10,storm150_a300_c80,c10_storm_150_a300_c80_0022,2.0,0.5,w16421,13.3952,13.3952
10,storm150_a300_c80,c10_storm_150_a300_c80_0022,2.0,0.5,w27931,22.6044,22.6044
10,storm150_a300_c80,c10_storm_150_a300_c80_0022,2.0,0.75,w8421,6.6976,6.6976
10,storm150_a300_c80,c10_storm_150_a300_c80_0022,2.0,0.75,w16421,13.3952,13.3952
10,storm150_a300_c80,c10_storm_150_a300_c80_0022,2.0,0.75,w27931,22.6044,22.6044
10,storm150_a300_c80,c10_storm_150_a300_c80_0022,2.0,1.0,w8421,6.6976,6.6976
10,storm150_a300_c80,c10_storm_150_a300_c80_0022,2.0,1.0,w16421,13.3952,13.3952
10,storm150_a300_c80,c10_storm_150_a300_c80_0022,2.0,1.0,w27931,22.6044,22.6044
10,storm150_a300_c80,c10_storm_150_a300_c80_0023,1.0,0.5,w8421,0.0000,0.0000
10,storm150_a300_c80,c10_storm_150_a300_c80_0023,1.0,0.5,w16421,0.0000,0.0000
10,storm150_a300_c80,c10_storm_150_a300_c80_0023,1.0,0.5,w27931,0.0000,0.0000
10,storm150_a300_c80,c10_storm_150_a300_c80_0023,1.0,0.75,w8421,0.0000,0.0000
10,storm150_a300_c80,c10_storm_150_a300_c80_0023,1.0,0.75,w16421,0.0000,0.0000
10,storm150_a300_c80,c10_storm_150_a300_c80_0023,1.0,0.75,w27931,0.0000,0.0000
10,storm150_a300_c80,c10_storm_150_a300_c80_0023,1.0,1.0,w8421,0.0000,0.0000
10,storm150_a300_c80,c10_storm_150_a300_c80_0023,1.0,1.0,w16421,0.0000,0.0000
10,storm150_a300_c80,c10_storm_150_a300_c80_0023,1.0,1.0,w27931,0.0000,0.0000
10,storm150_a300_c80,c10_storm_150_a300_c80_0023,2.0,0.5,w8421,0.0000,0.0000
10,storm150_a300_c80,c10_storm_150_a300_c80_0023,2.0,0.5,w16421,0.0000,0.0000
10,storm150_a300_c80,c10_storm_150_a300_c80_0023,2.0,0.5,w27931,0.0000,0.0000
10,storm150_a300_c80,c10_storm_150_a300_c80_0023,2.0,0.75,w8421,0.0000,0.0000
10,storm150_a300_c80,c10_storm_150_a300_c80_0023,2.0,0.75,w16421,0.0000,0.0000
10,storm150_a300_c80,c10_storm_150_a300_c80_0023,2.0,0.75,w27931,0.0000,0.0000
10,storm150_a300_c80,c10_storm_150_a300_c80_0023,2.0,1.0,w8421,0.0000,0.0000
10,storm150_a300_c80,c10_storm_150_a300_c80_0023,2.0,1.0,w16421,0.0000,0.0000
10,storm150_a300_c80,c10_storm_150_a300_c80_0023,2.0,1.0,w27931,0.0000,0.0000
10,storm150_a300_c80,c10_storm_150_a300_c80_0024,1.0,0.5,w8421,0.0000,0.0000
10,storm150_a300_c80,c10_storm_150_a300_c80_0024,1.0,0.5,w16421,0.0000,0.0000
10,storm150_a300_c80,c10_storm_150_a300_c80_0024,1.0,0.5,w27931,0.0000,0.0000
10,storm150_a300_c80,c10_storm_150_a300_c80_0024,1.0,0.75,w8421,0.0000,0.0000
10,storm150_a300_c80,c10_storm_150_a300_c80_0024,1.0,0.75,w16421,0.0000,0.0000
10,storm150_a300_c80,c10_storm_150_a300_c80_0024,1.0,0.75,w27931,0.0000,0.0000
10,storm150_a300_c80,c10_storm_150_a300_c80_0024,1.0,1.0,w8421,0.0000,0.0000
10,storm150_a300_c80,c10_storm_150_a300_c80_0024,1.0,1.0,w16421,0.0000,0.0000
10,storm150_a300_c80,c10_storm_150_a300_c80_0024,1.0,1.0,w27931,0.0000,0.0000
10,storm150_a300_c80,c10_storm_150_a300_c80_0024,2.0,0.5,w8421,0.0000,0.0000
10,storm150_a300_c80,c10_storm_150_a300_c80_0024,2.0,0.5,w16421,0.0000,0.0000
10,storm150_a300_c80,c10_storm_150_a300_c80_0024,2.0,0.5,w27931,0.0000,0.0000
10,storm150_a300_c80,c10_storm_150_a300_c80_0024,2.0,0.75,w8421,0.0000,0.0000
10,storm150_a300_c80,c10_storm_150_a300_c80_0024,2.0,0.75,w16421,0.0000,0.0000
10,storm150_a300_c80,c10_storm_150_a300_c80_0024,2.0,0.75,w27931,0.0000,0.0000
10,storm150_a300_c80,c10_storm_150_a300_c80_0024,2.0,1.0,w8421,0.0000,0.0000
10,storm150_a300_c80,c10_storm_150_a300_c80_0024,2.0,1.0,w16421,0.0000,0.0000
10,storm150_a300_c80,c10_storm_150_a300_c80_0024,2.0,1.0,w27931,0.0000,0.0000
10,storm150_a300_c80,c10_storm_150_a300_c80_0025,1.0,0.5,w8421,331.4592,331.4592
10,storm150_a300_c80,c10_storm_150_a300_c80_0025,1.0,0.5,w16421,331.4592,331.4592
10,storm150_a300_c80,c10_storm_150_a300_c80_0025,1.0,0.5,w27931,745.7832,745.7832
10,storm150_a300_c80,c10_storm_150_a300_c80_0025,1.0,0.75,w8421,662.9184,662.9184
10,storm150_a300_c80,c10_storm_150_a300_c80_0025,1.0,0.75,w16421,1325.8368,1325.8368
10,storm150_a300_c80,c10_storm_150_a300_c80_0025,1.0,0.75,w27931,2237.3496,2237.3496
10,storm150_a300_c80,c10_storm_150_a300_c80_0025,1.0,1.0,w8421,662.9184,662.9184
10,storm150_a300_c80,c10_storm_150_a300_c80_0025,1.0,1.0,w16421,1325.8368,1325.8368
10,storm150_a300_c80,c10_storm_150_a300_c80_0025,1.0,1.0,w27931,2237.3496,2237.3496
10,storm150_a300_c80,c10_storm_150_a300_c80_0025,2.0,0.5,w8421,331.4592,331.4592
10,storm150_a300_c80,c10_storm_150_a300_c80_0025,2.0,0.5,w16421,331.4592,331.4592
10,storm150_a300_c80,c10_storm_150_a300_c80_0025,2.0,0.5,w27931,745.7832,745.7832
10,storm150_a300_c80,c10_storm_150_a300_c80_0025,2.0,0.75,w8421,331.4592,331.4592
10,storm150_a300_c80,c10_storm_150_a300_c80_0025,2.0,0.75,w16421,331.4592,331.4592
10,storm150_a300_c80,c10_storm_150_a300_c80_0025,2.0,0.75,w27931,745.7832,745.7832
10,storm150_a300_c80,c10_storm_150_a300_c80_0025,2.0,1.0,w8421,662.9184,662.9184
10,storm150_a300_c80,c10_storm_150_a300_c80_0025,2.0,1.0,w16421,1325.8368,1325.8368
10,storm150_a300_c80,c10_storm_150_a300_c80_0025,2.0,1.0,w27931,2237.3496,2237.3496
10,storm150_a300_c80,c10_storm_150_a300_c80_0026,1.0,0.5,w8421,0.0000,0.0000
10,storm150_a300_c80,c10_storm_150_a300_c80_0026,1.0,0.5,w16421,0.0000,0.0000
10,storm150_a300_c80,c10_storm_150_a300_c80_0026,1.0,0.5,w27931,0.0000,0.0000
10,storm150_a300_c80,c10_storm_150_a300_c80_0026,1.0,0.75,w8421,0.0000,0.0000
10,storm150_a300_c80,c10_storm_150_a300_c80_0026,1.0,0.75,w16421,0.0000,0.0000
10,storm150_a300_c80,c10_storm_150_a300_c80_0026,1.0,0.75,w27931,0.0000,0.0000
10,storm150_a300_c80,c10_storm_150_a300_c80_0026,1.0,1.0,w8421,0.0000,0.0000
10,storm150_a300_c80,c10_storm_150_a300_c80_0026,1.0,1.0,w16421,0.0000,0.0000
10,storm150_a300_c80,c10_storm_150_a300_c80_0026,1.0,1.0,w27931,0.0000,0.0000
10,storm150_a300_c80,c10_storm_150_a300_c80_0026,2.0,0.5,w8421,0.0000,0.0000
10,storm150_a300_c80,c10_storm_150_a300_c80_0026,2.0,0.5,w16421,0.0000,0.0000
10,storm150_a300_c80,c10_storm_150_a300_c80_0026,2.0,0.5,w27931,0.0000,0.0000
10,storm150_a300_c80,c10_storm_150_a300_c80_0026,2.0,0.75,w8421,0.0000,0.0000
10,storm150_a300_c80,c10_storm_150_a300_c80_0026,2.0,0.75,w16421,0.0000,0.0000
10,storm150_a300_c80,c10_storm_150_a300_c80_0026,2.0,0.75,w27931,0.0000,0.0000
10,storm150_a300_c80,c10_storm_150_a300_c80_0026,2.0,1.0,w8421,0.0000,0.0000
10,storm150_a300_c80,c10_storm_150_a300_c80_0026,2.0,1.0,w16421,0.0000,0.0000
10,storm150_a300_c80,c10_storm_150_a300_c80_0026,2.0,1.0,w27931,0.0000,0.0000
10,storm150_a300_c80,c10_storm_150_a300_c80_0027,1.0,0.5,w8421,0.0000,0.0000
10,storm150_a300_c80,c10_storm_150_a300_c80_0027,1.0,0.5,w16421,0.0000,0.0000
10,storm150_a300_c80,c10_storm_150_a300_c80_0027,1.0,0.5,w27931,0.0000,0.0000
10,storm150_a300_c80,c10_storm_150_a300_c80_0027,1.0,0.75,w8421,0.0000,0.0000
10,storm150_a300_c80,c10_storm_150_a300_c80_0027,1.0,0.75,w16421,0.0000,0.0000
10,storm150_a300_c80,c10_storm_150_a300_c80_0027,1.0,0.75,w27931,0.0000,0.0000
10,storm150_a300_c80,c10_storm_150_a300_c80_0027,1.0,1.0,w8421,0.0000,0.0000
10,storm150_a300_c80,c10_storm_150_a300_c80_0027,1.0,1.0,w16421,0.0000,0.0000
10,storm150_a300_c80,c10_storm_150_a300_c80_0027,1.0,1.0,w27931,0.0000,0.0000
10,storm150_a300_c80,c10_storm_150_a300_c80_0027,2.0,0.5,w8421,0.0000,0.0000
10,storm150_a300_c80,c10_storm_150_a300_c80_0027,2.0,0.5,w16421,0.0000,0.0000
10,storm150_a300_c80,c10_storm_150_a300_c80_0027,2.0,0.5,w27931,0.0000,0.0000
10,storm150_a300_c80,c10_storm_150_a300_c80_0027,2.0,0.75,w8421,0.0000,0.0000
10,storm150_a300_c80,c10_storm_150_a300_c80_0027,2.0,0.75,w16421,0.0000,0.0000
10,storm150_a300_c80,c10_storm_150_a300_c80_0027,2.0,0.75,w27931,0.0000,0.0000
10,storm150_a300_c80,c10_storm_150_a300_c80_0027,2.0,1.0,w8421,0.0000,0.0000
10,storm150_a300_c80,c10_storm_150_a300_c80_0027,2.0,1.0,w16421,0.0000,0.0000
10,storm150_a300_c80,c10_storm_150_a300_c80_0027,2.0,1.0,w27931,0.0000,0.0000
10,storm150_a300_c80,c10_storm_150_a300_c80_0028,1.0,0.5,w8421,0.0000,0.0000
10,storm150_a300_c80,c10_storm_150_a300_c80_0028,1.0,0.5,w16421,0.0000,0.0000
10,storm150_a300_c80,c10_storm_150_a300_c80_0028,1.0,0.5,w27931,0.0000,0.0000
10,storm150_a300_c80,c10_storm_150_a300_c80_0028,1.0,0.75,w8421,0.0000,0.0000
10,storm150_a300_c80,c10_storm_150_a300_c80_0028,1.0,0.75,w16421,0.0000,0.0000
10,storm150_a300_c80,c10_storm_150_a300_c80_0028,1.0,0.75,w27931,0.0000,0.0000
10,storm150_a300_c80,c10_storm_150_a300_c80_0028,1.0,1.0,w8421,0.0000,0.0000
10,storm150_a300_c80,c10_storm_150_a300_c80_0028,1.0,1.0,w16421,0.0000,0.0000
10,storm150_a300_c80,c10_storm_150_a300_c80_0028,1.0,1.0,w27931,0.0000,0.0000
10,storm150_a300_c80,c10_storm_150_a300_c80_0028,2.0,0.5,w8421,0.0000,0.0000
10,storm150_a300_c80,c10_storm_150_a300_c80_0028,2.0,0.5,w16421,0.0000,0.0000
10,storm150_a300_c80,c10_storm_150_a300_c80_0028,2.0,0.5,w27931,0.0000,0.0000
10,storm150_a300_c80,c10_storm_150_a300_c80_0028,2.0,0.75,w8421,0.0000,0.0000
10,storm150_a300_c80,c10_storm_150_a300_c80_0028,2.0,0.75,w16421,0.0000,0.0000
10,storm150_a300_c80,c10_storm_150_a300_c80_0028,2.0,0.75,w27931,0.0000,0.0000
10,storm150_a300_c80,c10_storm_150_a300_c80_0028,2.0,1.0,w8421,0.0000,0.0000
10,storm150_a300_c80,c10_storm_150_a300_c80_0028,2.0,1.0,w16421,0.0000,0.0000
10,storm150_a300_c80,c10_storm_150_a300_c80_0028,2.0,1.0,w27931,0.0000,0.0000
10,storm150_a300_c80,c10_storm_150_a300_c80_0029,1.0,0.5,w8421,0.0000,0.0000
10,storm150_a300_c80,c10_storm_150_a300_c80_0029,1.0,0.5,w16421,0.0000,0.0000
10,storm150_a300_c80,c10_storm_150_a300_c80_0029,1.0,0.5,w27931,0.0000,0.0000
10,storm150_a300_c80,c10_storm_150_a300_c80_0029,1.0,0.75,w8421,0.0000,0.0000
10,storm150_a300_c80,c10_storm_150_a300_c80_0029,1.0,0.75,w16421,0.0000,0.0000
10,storm150_a300_c80,c10_storm_150_a300_c80_0029,1.0,0.75,w27931,0.0000,0.0000
10,storm150_a300_c80,c10_storm_150_a300_c80_0029,1.0,1.0,w8421,0.0000,0.0000
10,storm150_a300_c80,c10_storm_150_a300_c80_0029,1.0,1.0,w16421,0.0000,0.0000
10,storm150_a300_c80,c10_storm_150_a300_c80_0029,1.0,1.0,w27931,0.0000,0.0000
10,storm150_a300_c80,c10_storm_150_a300_c80_0029,2.0,0.5,w8421,0.0000,0.0000
10,storm150_a300_c80,c10_storm_150_a300_c80_0029,2.0,0.5,w16421,0.0000,0.0000
10,storm150_a300_c80,c10_storm_150_a300_c80_0029,2.0,0.5,w27931,0.0000,0.0000
10,storm150_a300_c80,c10_storm_150_a300_c80_0029,2.0,0.75,w8421,0.0000,0.0000
10,storm150_a300_c80,c10_storm_150_a300_c80_0029,2.0,0.75,w16421,0.0000,0.0000
10,storm150_a300_c80,c10_storm_150_a300_c80_0029,2.0,0.75,w27931,0.0000,0.0000
10,storm150_a300_c80,c10_storm_150_a300_c80_0029,2.0,1.0,w8421,0.0000,0.0000
10,storm150_a300_c80,c10_storm_150_a300_c80_0029,2.0,1.0,w16421,0.0000,0.0000
10,storm150_a300_c80,c10_storm_150_a300_c80_0029,2.0,1.0,w27931,0.0000,0.0000
10,storm150_a200_c80,c10_storm_150_a200_c80_0000,1.0,0.5,w8421,0.0000,0.0000
10,storm150_a200_c80,c10_storm_150_a200_c80_0000,1.0,0.5,w16421,0.0000,0.0000
10,storm150_a200_c80,c10_storm_150_a200_c80_0000,1.0,0.5,w27931,0.0000,0.0000
10,storm150_a200_c80,c10_storm_150_a200_c80_0000,1.0,0.75,w8421,0.0000,0.0000
10,storm150_a200_c80,c10_storm_150_a200_c80_0000,1.0,0.75,w16421,0.0000,0.0000
10,storm150_a200_c80,c10_storm_150_a200_c80_0000,1.0,0.75,w27931,0.0000,0.0000
10,storm150_a200_c80,c10_storm_150_a200_c80_0000,1.0,1.0,w8421,0.0000,0.0000
10,storm150_a200_c80,c10_storm_150_a200_c80_0000,1.0,1.0,w16421,0.0000,0.0000
10,storm150_a200_c80,c10_storm_150_a200_c80_0000,1.0,1.0,w27931,0.0000,0.0000
10,storm150_a200_c80,c10_storm_150_a200_c80_0000,2.0,0.5,w8421,0.0000,0.0000
10,storm150_a200_c80,c10_storm_150_a200_c80_0000,2.0,0.5,w16421,0.0000,0.0000
10,storm150_a200_c80,c10_storm_150_a200_c80_0000,2.0,0.5,w27931,0.0000,0.0000
10,storm150_a200_c80,c10_storm_150_a200_c80_0000,2.0,0.75,w8421,0.0000,0.0000
10,storm150_a200_c80,c10_storm_150_a200_c80_0000,2.0,0.75,w16421,0.0000,0.0000
10,storm150_a200_c80,c10_storm_150_a200_c80_0000,2.0,0.75,w27931,0.0000,0.0000
10,storm150_a200_c80,c10_storm_150_a200_c80_0000,2.0,1.0,w8421,0.0000,0.0000
10,storm150_a200_c80,c10_storm_150_a200_c80_0000,2.0,1.0,w16421,0.0000,0.0000
10,storm150_a200_c80,c10_storm_150_a200_c80_0000,2.0,1.0,w27931,0.0000,0.0000
10,storm150_a200_c80,c10_storm_150_a200_c80_0001,1.0,0.5,w8421,8.4572,8.4572
10,storm150_a200_c80,c10_storm_150_a200_c80_0001,1.0,0.5,w16421,8.4572,8.4572
10,storm150_a200_c80,c10_storm_150_a200_c80_0001,1.0,0.5,w27931,19.0287,19.0287
10,storm150_a200_c80,c10_storm_150_a200_c80_0001,1.0,0.75,w8421,8.4572,8.4572
10,storm150_a200_c80,c10_storm_150_a200_c80_0001,1.0,0.75,w16421,8.4572,8.4572
10,storm150_a200_c80,c10_storm_150_a200_c80_0001,1.0,0.75,w27931,19.0287,19.0287
10,storm150_a200_c80,c10_storm_150_a200_c80_0001,1.0,1.0,w8421,4.2286,4.2286
10,storm150_a200_c80,c10_storm_150_a200_c80_0001,1.0,1.0,w16421,4.2286,4.2286
10,storm150_a200_c80,c10_storm_150_a200_c80_0001,1.0,1.0,w27931,6.3429,6.3429
10,storm150_a200_c80,c10_storm_150_a200_c80_0001,2.0,0.5,w8421,8.4572,8.4572
10,storm150_a200_c80,c10_storm_150_a200_c80_0001,2.0,0.5,w16421,8.4572,8.4572
10,storm150_a200_c80,c10_storm_150_a200_c80_0001,2.0,0.5,w27931,19.0287,19.0287
10,storm150_a200_c80,c10_storm_150_a200_c80_0001,2.0,0.75,w8421,8.4572,8.4572
10,storm150_a200_c80,c10_storm_150_a200_c80_0001,2.0,0.75,w16421,8.4572,8.4572
10,storm150_a200_c80,c10_storm_150_a200_c80_0001,2.0,0.75,w27931,19.0287,19.0287
10,storm150_a200_c80,c10_storm_150_a200_c80_0001,2.0,1.0,w8421,2.1143,2.1143
10,storm150_a200_c80,c10_storm_150_a200_c80_0001,2.0,1.0,w16421,2.1143,2.1143
10,storm150_a200_c80,c10_storm_150_a200_c80_0001,2.0,1.0,w27931,2.1143,2.1143
10,storm150_a200_c80,c10_storm_150_a200_c80_0002,1.0,0.5,w8421,0.0000,0.0000
10,storm150_a200_c80,c10_storm_150_a200_c80_0002,1.0,0.5,w16421,0.0000,0.0000
10,storm150_a200_c80,c10_storm_150_a200_c80_0002,1.0,0.5,w27931,0.0000,0.0000
10,storm150_a200_c80,c10_storm_150_a200_c80_0002,1.0,0.75,w8421,0.0000,0.0000
10,storm150_a200_c80,c10_storm_150_a200_c80_0002,1.0,0.75,w16421,0.0000,0.0000
10,storm150_a200_c80,c10_storm_150_a200_c80_0002,1.0,0.75,w27931,0.0000,0.0000
10,storm150_a200_c80,c10_storm_150_a200_c80_0002,1.0,1.0,w8421,0.0000,0.0000
10,storm150_a200_c80,c10_storm_150_a200_c80_0002,1.0,1.0,w16421,0.0000,0.0000
10,storm150_a200_c80,c10_storm_150_a200_c80_0002,1.0,1.0,w27931,0.0000,0.0000
10,storm150_a200_c80,c10_storm_150_a200_c80_0002,2.0,0.5,w8421,0.0000,0.0000
10,storm150_a200_c80,c10_storm_150_a200_c80_0002,2.0,0.5,w16421,0.0000,0.0000
10,storm150_a200_c80,c10_storm_150_a200_c80_0002,2.0,0.5,w27931,0.0000,0.0000
10,storm150_a200_c80,c10_storm_150_a200_c80_0002,2.0,0.75,w8421,0.0000,0.0000
10,storm150_a200_c80,c10_storm_150_a200_c80_0002,2.0,0.75,w16421,0.0000,0.0000
10,storm150_a200_c80,c10_storm_150_a200_c80_0002,2.0,0.75,w27931,0.0000,0.0000
10,storm150_a200_c80,c10_storm_150_a200_c80_0002,2.0,1.0,w8421,0.0000,0.0000
10,storm150_a200_c80,c10_storm_150_a200_c80_0002,2.0,1.0,w16421,0.0000,0.0000
10,storm150_a200_c80,c10_storm_150_a200_c80_0002,2.0,1.0,w27931,0.0000,0.0000
10,storm150_a200_c80,c10_storm_150_a200_c80_0003,1.0,0.5,w8421,0.0000,0.0000
10,storm150_a200_c80,c10_storm_150_a200_c80_0003,1.0,0.5,w16421,0.0000,0.0000
10,storm150_a200_c80,c10_storm_150_a200_c80_0003,1.0,0.5,w27931,0.0000,0.0000
10,storm150_a200_c80,c10_storm_150_a200_c80_0003,1.0,0.75,w8421,0.0000,0.0000
10,storm150_a200_c80,c10_storm_150_a200_c80_0003,1.0,0.75,w16421,0.0000,0.0000
10,storm150_a200_c80,c10_storm_150_a200_c80_0003,1.0,0.75,w27931,0.0000,0.0000
10,storm150_a200_c80,c10_storm_150_a200_c80_0003,1.0,1.0,w8421,0.0000,0.0000
10,storm150_a200_c80,c10_storm_150_a200_c80_0003,1.0,1.0,w16421,0.0000,0.0000
10,storm150_a200_c80,c10_storm_150_a200_c80_0003,1.0,1.0,w27931,0.0000,0.0000
10,storm150_a200_c80,c10_storm_150_a200_c80_0003,2.0,0.5,w8421,0.0000,0.0000
10,storm150_a200_c80,c10_storm_150_a200_c80_0003,2.0,0.5,w16421,0.0000,0.0000
10,storm150_a200_c80,c10_storm_150_a200_c80_0003,2.0,0.5,w27931,0.0000,0.0000
10,storm150_a200_c80,c10_storm_150_a200_c80_0003,2.0,0.75,w8421,0.0000,0.0000
10,storm150_a200_c80,c10_storm_150_a200_c80_0003,2.0,0.75,w16421,0.0000,0.0000
10,storm150_a200_c80,c10_storm_150_a200_c80_0003,2.0,0.75,w27931,0.0000,0.0000
10,storm150_a200_c80,c10_storm_150_a200_c80_0003,2.0,1.0,w8421,0.0000,0.0000
10,storm150_a200_c80,c10_storm_150_a200_c80_0003,2.0,1.0,w16421,0.0000,0.0000
10,storm150_a200_c80,c10_storm_150_a200_c80_0003,2.0,1.0,w27931,0.0000,0.0000
10,storm150_a200_c80,c10_storm_150_a200_c80_0004,1.0,0.5,w8421,0.0000,0.0000
10,storm150_a200_c80,c10_storm_150_a200_c80_0004,1.0,0.5,w16421,0.0000,0.0000
10,storm150_a200_c80,c10_storm_150_a200_c80_0004,1.0,0.5,w27931,0.0000,0.0000
10,storm150_a200_c80,c10_storm_150_a200_c80_0004,1.0,0.75,w8421,0.0000,0.0000
10,storm150_a200_c80,c10_storm_150_a200_c80_0004,1.0,0.75,w16421,0.0000,0.0000
10,storm150_a200_c80,c10_storm_150_a200_c80_0004,1.0,0.75,w27931,0.0000,0.0000
10,storm150_a200_c80,c10_storm_150_a200_c80_0004,1.0,1.0,w8421,0.0000,0.0000
10,storm150_a200_c80,c10_storm_150_a200_c80_0004,1.0,1.0,w16421,0.0000,0.0000
10,storm150_a200_c80,c10_storm_150_a200_c80_0004,1.0,1.0,w27931,0.0000,0.0000
10,storm150_a200_c80,c10_storm_150_a200_c80_0004,2.0,0.5,w8421,0.0000,0.0000
10,storm150_a200_c80,c10_storm_150_a200_c80_0004,2.0,0.5,w16421,0.0000,0.0000
10,storm150_a200_c80,c10_storm_150_a200_c80_0004,2.0,0.5,w27931,0.0000,0.0000
10,storm150_a200_c80,c10_storm_150_a200_c80_0004,2.0,0.75,w8421,0.0000,0.0000
10,storm150_a200_c80,c10_storm_150_a200_c80_0004,2.0,0.75,w16421,0.0000,0.0000
10,storm150_a200_c80,c10_storm_150_a200_c80_0004,2.0,0.75,w27931,0.0000,0.0000
10,storm150_a200_c80,c10_storm_150_a200_c80_0004,2.0,1.0,w8421,0.0000,0.0000
10,storm150_a200_c80,c10_storm_150_a200_c80_0004,2.0,1.0,w16421,0.0000,0.0000
10,storm150_a200_c80,c10_storm_150_a200_c80_0004,2.0,1.0,w27931,0.0000,0.0000
10,storm150_a200_c80,c10_storm_150_a200_c80_0005,1.0,0.5,w8421,0.0000,0.0000
10,storm150_a200_c80,c10_storm_150_a200_c80_0005,1.0,0.5,w16421,0.0000,0.0000
10,storm150_a200_c80,c10_storm_150_a200_c80_0005,1.0,0.5,w27931,0.0000,0.0000
10,storm150_a200_c80,c10_storm_150_a200_c80_0005,1.0,0.75,w8421,0.0000,0.0000
10,storm150_a200_c80,c10_storm_150_a200_c80_0005,1.0,0.75,w16421,0.0000,0.0000
10,storm150_a200_c80,c10_storm_150_a200_c80_0005,1.0,0.75,w27931,0.0000,0.0000
10,storm150_a200_c80,c10_storm_150_a200_c80_0005,1.0,1.0,w8421,0.0000,0.0000
10,storm150_a200_c80,c10_storm_150_a200_c80_0005,1.0,1.0,w16421,0.0000,0.0000
10,storm150_a200_c80,c10_storm_150_a200_c80_0005,1.0,1.0,w27931,0.0000,0.0000
10,storm150_a200_c80,c10_storm_150_a200_c80_0005,2.0,0.5,w8421,0.0000,0.0000
10,storm150_a200_c80,c10_storm_150_a200_c80_0005,2.0,0.5,w16421,0.0000,0.0000
10,storm150_a200_c80,c10_storm_150_a200_c80_0005,2.0,0.5,w27931,0.0000,0.0000
10,storm150_a200_c80,c10_storm_150_a200_c80_0005,2.0,0.75,w8421,0.0000,0.0000
10,storm150_a200_c80,c10_storm_150_a200_c80_0005,2.0,0.75,w16421,0.0000,0.0000
10,storm150_a200_c80,c10_storm_150_a200_c80_0005,2.0,0.75,w27931,0.0000,0.0000
10,storm150_a200_c80,c10_storm_150_a200_c80_0005,2.0,1.0,w8421,0.0000,0.0000
10,storm150_a200_c80,c10_storm_150_a200_c80_0005,2.0,1.0,w16421,0.0000,0.0000
10,storm150_a200_c80,c10_storm_150_a200_c80_0005,2.0,1.0,w27931,0.0000,0.0000
10,storm150_a200_c80,c10_storm_150_a200_c80_0006,1.0,0.5,w8421,0.0000,0.0000
10,storm150_a200_c80,c10_storm_150_a200_c80_0006,1.0,0.5,w16421,0.0000,0.0000
10,storm150_a200_c80,c10_storm_150_a200_c80_0006,1.0,0.5,w27931,0.0000,0.0000
10,storm150_a200_c80,c10_storm_150_a200_c80_0006,1.0,0.75,w8421,0.0000,0.0000
10,storm150_a200_c80,c10_storm_150_a200_c80_0006,1.0,0.75,w16421,0.0000,0.0000
10,storm150_a200_c80,c10_storm_150_a200_c80_0006,1.0,0.75,w27931,0.0000,0.0000
10,storm150_a200_c80,c10_storm_150_a200_c80_0006,1.0,1.0,w8421,0.0000,0.0000
10,storm150_a200_c80,c10_storm_150_a200_c80_0006,1.0,1.0,w16421,0.0000,0.0000
10,storm150_a200_c80,c10_storm_150_a200_c80_0006,1.0,1.0,w27931,0.0000,0.0000
10,storm150_a200_c80,c10_storm_150_a200_c80_0006,2.0,0.5,w8421,0.0000,0.0000
10,storm150_a200_c80,c10_storm_150_a200_c80_0006,2.0,0.5,w16421,0.0000,0.0000
10,storm150_a200_c80,c10_storm_150_a200_c80_0006,2.0,0.5,w27931,0.0000,0.0000
10,storm150_a200_c80,c10_storm_150_a200_c80_0006,2.0,0.75,w8421,0.0000,0.0000
10,storm150_a200_c80,c10_storm_150_a200_c80_0006,2.0,0.75,w16421,0.0000,0.0000
10,storm150_a200_c80,c10_storm_150_a200_c80_0006,2.0,0.75,w27931,0.0000,0.0000
10,storm150_a200_c80,c10_storm_150_a200_c80_0006,2.0,1.0,w8421,0.0000,0.0000
10,storm150_a200_c80,c10_storm_150_a200_c80_0006,2.0,1.0,w16421,0.0000,0.0000
10,storm150_a200_c80,c10_storm_150_a200_c80_0006,2.0,1.0,w27931,0.0000,0.0000
10,storm150_a200_c80,c10_storm_150_a200_c80_0007,1.0,0.5,w8421,0.0000,0.0000
10,storm150_a200_c80,c10_storm_150_a200_c80_0007,1.0,0.5,w16421,0.0000,0.0000
10,storm150_a200_c80,c10_storm_150_a200_c80_0007,1.0,0.5,w27931,0.0000,0.0000
10,storm150_a200_c80,c10_storm_150_a200_c80_0007,1.0,0.75,w8421,0.0000,0.0000
10,storm150_a200_c80,c10_storm_150_a200_c80_0007,1.0,0.75,w16421,0.0000,0.0000
10,storm150_a200_c80,c10_storm_150_a200_c80_0007,1.0,0.75,w27931,0.0000,0.0000
10,storm150_a200_c80,c10_storm_150_a200_c80_0007,1.0,1.0,w8421,0.0000,0.0000
10,storm150_a200_c80,c10_storm_150_a200_c80_0007,1.0,1.0,w16421,0.0000,0.0000
10,storm150_a200_c80,c10_storm_150_a200_c80_0007,1.0,1.0,w27931,0.0000,0.0000
10,storm150_a200_c80,c10_storm_150_a200_c80_0007,2.0,0.5,w8421,0.0000,0.0000
10,storm150_a200_c80,c10_storm_150_a200_c80_0007,2.0,0.5,w16421,0.0000,0.0000
10,storm150_a200_c80,c10_storm_150_a200_c80_0007,2.0,0.5,w27931,0.0000,0.0000
10,storm150_a200_c80,c10_storm_150_a200_c80_0007,2.0,0.75,w8421,0.0000,0.0000
10,storm150_a200_c80,c10_storm_150_a200_c80_0007,2.0,0.75,w16421,0.0000,0.0000
10,storm150_a200_c80,c10_storm_150_a200_c80_0007,2.0,0.75,w27931,0.0000,0.0000
10,storm150_a200_c80,c10_storm_150_a200_c80_0007,2.0,1.0,w8421,0.0000,0.0000
10,storm150_a200_c80,c10_storm_150_a200_c80_0007,2.0,1.0,w16421,0.0000,0.0000
10,storm150_a200_c80,c10_storm_150_a200_c80_0007,2.0,1.0,w27931,0.0000,0.0000
10,storm150_a200_c80,c10_storm_150_a200_c80_0008,1.0,0.5,w8421,0.0000,0.0000
10,storm150_a200_c80,c10_storm_150_a200_c80_0008,1.0,0.5,w16421,0.0000,0.0000
10,storm150_a200_c80,c10_storm_150_a200_c80_0008,1.0,0.5,w27931,0.0000,0.0000
10,storm150_a200_c80,c10_storm_150_a200_c80_0008,1.0,0.75,w8421,0.0000,0.0000
10,storm150_a200_c80,c10_storm_150_a200_c80_0008,1.0,0.75,w16421,0.0000,0.0000
10,storm150_a200_c80,c10_storm_150_a200_c80_0008,1.0,0.75,w27931,0.0000,0.0000
10,storm150_a200_c80,c10_storm_150_a200_c80_0008,1.0,1.0,w8421,0.0000,0.0000
10,storm150_a200_c80,c10_storm_150_a200_c80_0008,1.0,1.0,w16421,0.0000,0.0000
10,storm150_a200_c80,c10_storm_150_a200_c80_0008,1.0,1.0,w27931,0.0000,0.0000
10,storm150_a200_c80,c10_storm_150_a200_c80_0008,2.0,0.5,w8421,0.0000,0.0000
10,storm150_a200_c80,c10_storm_150_a200_c80_0008,2.0,0.5,w16421,0.0000,0.0000
10,storm150_a200_c80,c10_storm_150_a200_c80_0008,2.0,0.5,w27931,0.0000,0.0000
10,storm150_a200_c80,c10_storm_150_a200_c80_0008,2.0,0.75,w8421,0.0000,0.0000
10,storm150_a200_c80,c10_storm_150_a200_c80_0008,2.0,0.75,w16421,0.0000,0.0000
10,storm150_a200_c80,c10_storm_150_a200_c80_0008,2.0,0.75,w27931,0.0000,0.0000
10,storm150_a200_c80,c10_storm_150_a200_c80_0008,2.0,1.0,w8421,0.0000,0.0000
10,storm150_a200_c80,c10_storm_150_a200_c80_0008,2.0,1.0,w16421,0.0000,0.0000
10,storm150_a200_c80,c10_storm_150_a200_c80_0008,2.0,1.0,w27931,0.0000,0.0000
10,storm150_a200_c80,c10_storm_150_a200_c80_0009,1.0,0.5,w8421,0.0000,0.0000
10,storm150_a200_c80,c10_storm_150_a200_c80_0009,1.0,0.5,w16421,0.0000,0.0000
10,storm150_a200_c80,c10_storm_150_a200_c80_0009,1.0,0.5,w27931,0.0000,0.0000
10,storm150_a200_c80,c10_storm_150_a200_c80_0009,1.0,0.75,w8421,0.0000,0.0000
10,storm150_a200_c80,c10_storm_150_a200_c80_0009,1.0,0.75,w16421,0.0000,0.0000
10,storm150_a200_c80,c10_storm_150_a200_c80_0009,1.0,0.75,w27931,0.0000,0.0000
10,storm150_a200_c80,c10_storm_150_a200_c80_0009,1.0,1.0,w8421,0.0000,0.0000
10,storm150_a200_c80,c10_storm_150_a200_c80_0009,1.0,1.0,w16421,0.0000,0.0000
10,storm150_a200_c80,c10_storm_150_a200_c80_0009,1.0,1.0,w27931,0.0000,0.0000
10,storm150_a200_c80,c10_storm_150_a200_c80_0009,2.0,0.5,w8421,0.0000,0.0000
10,storm150_a200_c80,c10_storm_150_a200_c80_0009,2.0,0.5,w16421,0.0000,0.0000
10,storm150_a200_c80,c10_storm_150_a200_c80_0009,2.0,0.5,w27931,0.0000,0.0000
10,storm150_a200_c80,c10_storm_150_a200_c80_0009,2.0,0.75,w8421,0.0000,0.0000
10,storm150_a200_c80,c10_storm_150_a200_c80_0009,2.0,0.75,w16421,0.0000,0.0000
10,storm150_a200_c80,c10_storm_150_a200_c80_0009,2.0,0.75,w27931,0.0000,0.0000
10,storm150_a200_c80,c10_storm_150_a200_c80_0009,2.0,1.0,w8421,0.0000,0.0000
10,storm150_a200_c80,c10_storm_150_a200_c80_0009,2.0,1.0,w16421,0.0000,0.0000
10,storm150_a200_c80,c10_storm_150_a200_c80_0009,2.0,1.0,w27931,0.0000,0.0000
10,storm150_a200_c80,c10_storm_150_a200_c80_0010,1.0,0.5,w8421,11.2600,11.2600
10,storm150_a200_c80,c10_storm_150_a200_c80_0010,1.0,0.5,w16421,22.5200,22.5200
10,storm150_a200_c80,c10_storm_150_a200_c80_0010,1.0,0.5,w27931,38.0025,38.0025
10,storm150_a200_c80,c10_storm_150_a200_c80_0010,1.0,0.75,w8421,11.2600,11.2600
10,storm150_a200_c80,c10_storm_150_a200_c80_0010,1.0,0.75,w16421,22.5200,22.5200
10,storm150_a200_c80,c10_storm_150_a200_c80_0010,1.0,0.75,w27931,38.0025,38.0025
10,storm150_a200_c80,c10_storm_150_a200_c80_0010,1.0,1.0,w8421,11.2600,11.2600
10,storm150_a200_c80,c10_storm_150_a200_c80_0010,1.0,1.0,w16421,22.5200,22.5200
10,storm150_a200_c80,c10_storm_150_a200_c80_0010,1.0,1.0,w27931,38.0025,38.0025
10,storm150_a200_c80,c10_storm_150_a200_c80_0010,2.0,0.5,w8421,11.2600,11.2600
10,storm150_a200_c80,c10_storm_150_a200_c80_0010,2.0,0.5,w16421,22.5200,22.5200
10,storm150_a200_c80,c10_storm_150_a200_c80_0010,2.0,0.5,w27931,38.0025,38.0025
10,storm150_a200_c80,c10_storm_150_a200_c80_0010,2.0,0.75,w8421,11.2600,11.2600
10,storm150_a200_c80,c10_storm_150_a200_c80_0010,2.0,0.75,w16421,22.5200,22.5200
10,storm150_a200_c80,c10_storm_150_a200_c80_0010,2.0,0.75,w27931,38.0025,38.0025
10,storm150_a200_c80,c10_storm_150_a200_c80_0010,2.0,1.0,w8421,11.2600,11.2600
10,storm150_a200_c80,c10_storm_150_a200_c80_0010,2.0,1.0,w16421,22.5200,22.5200
10,storm150_a200_c80,c10_storm_150_a200_c80_0010,2.0,1.0,w27931,38.0025,38.0025
10,storm150_a200_c80,c10_storm_150_a200_c80_0011,1.0,0.5,w8421,0.0000,0.0000
10,storm150_a200_c80,c10_storm_150_a200_c80_0011,1.0,0.5,w16421,0.0000,0.0000
10,storm150_a200_c80,c10_storm_150_a200_c80_0011,1.0,0.5,w27931,0.0000,0.0000
10,storm150_a200_c80,c10_storm_150_a200_c80_0011,1.0,0.75,w8421,0.0000,0.0000
10,storm150_a200_c80,c10_storm_150_a200_c80_0011,1.0,0.75,w16421,0.0000,0.0000
10,storm150_a200_c80,c10_storm_150_a200_c80_0011,1.0,0.75,w27931,0.0000,0.0000
10,storm150_a200_c80,c10_storm_150_a200_c80_0011,1.0,1.0,w8421,0.0000,0.0000
10,storm150_a200_c80,c10_storm_150_a200_c80_0011,1.0,1.0,w16421,0.0000,0.0000
10,storm150_a200_c80,c10_storm_150_a200_c80_0011,1.0,1.0,w27931,0.0000,0.0000
10,storm150_a200_c80,c10_storm_150_a200_c80_0011,2.0,0.5,w8421,0.0000,0.0000
10,storm150_a200_c80,c10_storm_150_a200_c80_0011,2.0,0.5,w16421,0.0000,0.0000
10,storm150_a200_c80,c10_storm_150_a200_c80_0011,2.0,0.5,w27931,0.0000,0.0000
10,storm150_a200_c80,c10_storm_150_a200_c80_0011,2.0,0.75,w8421,0.0000,0.0000
10,storm150_a200_c80,c10_storm_150_a200_c80_0011,2.0,0.75,w16421,0.0000,0.0000
10,storm150_a200_c80,c10_storm_150_a200_c80_0011,2.0,0.75,w27931,0.0000,0.0000
10,storm150_a200_c80,c10_storm_150_a200_c80_0011,2.0,1.0,w8421,0.0000,0.0000
10,storm150_a200_c80,c10_storm_150_a200_c80_0011,2.0,1.0,w16421,0.0000,0.0000
10,storm150_a200_c80,c10_storm_150_a200_c80_0011,2.0,1.0,w27931,0.0000,0.0000
10,storm150_a200_c80,c10_storm_150_a200_c80_0012,1.0,0.5,w8421,35.3060,35.3060
10,storm150_a200_c80,c10_storm_150_a200_c80_0012,1.0,0.5,w16421,35.3060,35.3060
10,storm150_a200_c80,c10_storm_150_a200_c80_0012,1.0,0.5,w27931,79.4385,79.4385
10,storm150_a200_c80,c10_storm_150_a200_c80_0012,1.0,0.75,w8421,70.6120,70.6120
10,storm150_a200_c80,c10_storm_150_a200_c80_0012,1.0,0.75,w16421,141.2240,141.2240
10,storm150_a200_c80,c10_storm_150_a200_c80_0012,1.0,0.75,w27931,238.3155,238.3155
10,storm150_a200_c80,c10_storm_150_a200_c80_0012,1.0,1.0,w8421,70.6120,70.6120
10,storm150_a200_c80,c10_storm_150_a200_c80_0012,1.0,1.0,w16421,141.2240,141.2240
10,storm150_a200_c80,c10_storm_150_a200_c80_0012,1.0,1.0,w27931,238.3155,238.3155
10,storm150_a200_c80,c10_storm_150_a200_c80_0012,2.0,0.5,w8421,17.6530,17.6530
10,storm150_a200_c80,c10_storm_150_a200_c80_0012,2.0,0.5,w16421,17.6530,17.6530
10,storm150_a200_c80,c10_storm_150_a200_c80_0012,2.0,0.5,w27931,26.4795,26.4795
10,storm150_a200_c80,c10_storm_150_a200_c80_0012,2.0,0.75,w8421,35.3060,35.3060
10,storm150_a200_c80,c10_storm_150_a200_c80_0012,2.0,0.75,w16421,35.3060,35.3060
10,storm150_a200_c80,c10_storm_150_a200_c80_0012,2.0,0.75,w27931,79.4385,79.4385
10,storm150_a200_c80,c10_storm_150_a200_c80_0012,2.0,1.0,w8421,70.6120,70.6120
10,storm150_a200_c80,c10_storm_150_a200_c80_0012,2.0,1.0,w16421,141.2240,141.2240
10,storm150_a200_c80,c10_storm_150_a200_c80_0012,2.0,1.0,w27931,238.3155,238.3155
10,storm150_a200_c80,c10_storm_150_a200_c80_0013,1.0,0.5,w8421,0.0000,0.0000
10,storm150_a200_c80,c10_storm_150_a200_c80_0013,1.0,0.5,w16421,0.0000,0.0000
10,storm150_a200_c80,c10_storm_150_a200_c80_0013,1.0,0.5,w27931,0.0000,0.0000
10,storm150_a200_c80,c10_storm_150_a200_c80_0013,1.0,0.75,w8421,0.0000,0.0000
10,storm150_a200_c80,c10_storm_150_a200_c80_0013,1.0,0.75,w16421,0.0000,0.0000
10,storm150_a200_c80,c10_storm_150_a200_c80_0013,1.0,0.75,w27931,0.0000,0.0000
10,storm150_a200_c80,c10_storm_150_a200_c80_0013,1.0,1.0,w8421,0.0000,0.0000
10,storm150_a200_c80,c10_storm_150_a200_c80_0013,1.0,1.0,w16421,0.0000,0.0000
10,storm150_a200_c80,c10_storm_150_a200_c80_0013,1.0,1.0,w27931,0.0000,0.0000
10,storm150_a200_c80,c10_storm_150_a200_c80_0013,2.0,0.5,w8421,0.0000,0.0000
10,storm150_a200_c80,c10_storm_150_a200_c80_0013,2.0,0.5,w16421,0.0000,0.0000
10,storm150_a200_c80,c10_storm_150_a200_c80_0013,2.0,0.5,w27931,0.0000,0.0000
10,storm150_a200_c80,c10_storm_150_a200_c80_0013,2.0,0.75,w8421,0.0000,0.0000
10,storm150_a200_c80,c10_storm_150_a200_c80_0013,2.0,0.75,w16421,0.0000,0.0000
10,storm150_a200_c80,c10_storm_150_a200_c80_0013,2.0,0.75,w27931,0.0000,0.0000
10,storm150_a200_c80,c10_storm_150_a200_c80_0013,2.0,1.0,w8421,0.0000,0.0000
10,storm150_a200_c80,c10_storm_150_a200_c80_0013,2.0,1.0,w16421,0.0000,0.0000
10,storm150_a200_c80,c10_storm_150_a200_c80_0013,2.0,1.0,w27931,0.0000,0.0000
10,storm150_a200_c80,c10_storm_150_a200_c80_0014,1.0,0.5,w8421,0.0000,0.0000
10,storm150_a200_c80,c10_storm_150_a200_c80_0014,1.0,0.5,w16421,0.0000,0.0000
10,storm150_a200_c80,c10_storm_150_a200_c80_0014,1.0,0.5,w27931,0.0000,0.0000
10,storm150_a200_c80,c10_storm_150_a200_c80_0014,1.0,0.75,w8421,0.0000,0.0000
10,storm150_a200_c80,c10_storm_150_a200_c80_0014,1.0,0.75,w16421,0.0000,0.0000
10,storm150_a200_c80,c10_storm_150_a200_c80_0014,1.0,0.75,w27931,0.0000,0.0000
10,storm150_a200_c80,c10_storm_150_a200_c80_0014,1.0,1.0,w8421,0.0000,0.0000
10,storm150_a200_c80,c10_storm_150_a200_c80_0014,1.0,1.0,w16421,0.0000,0.0000
10,storm150_a200_c80,c10_storm_150_a200_c80_0014,1.0,1.0,w27931,0.0000,0.0000
10,storm150_a200_c80,c10_storm_150_a200_c80_0014,2.0,0.5,w8421,0.0000,0.0000
10,storm150_a200_c80,c10_storm_150_a200_c80_0014,2.0,0.5,w16421,0.0000,0.0000
10,storm150_a200_c80,c10_storm_150_a200_c80_0014,2.0,0.5,w27931,0.0000,0.0000
10,storm150_a200_c80,c10_storm_150_a200_c80_0014,2.0,0.75,w8421,0.0000,0.0000
10,storm150_a200_c80,c10_storm_150_a200_c80_0014,2.0,0.75,w16421,0.0000,0.0000
10,storm150_a200_c80,c10_storm_150_a200_c80_0014,2.0,0.75,w27931,0.0000,0.0000
10,storm150_a200_c80,c10_storm_150_a200_c80_0014,2.0,1.0,w8421,0.0000,0.0000
10,storm150_a200_c80,c10_storm_150_a200_c80_0014,2.0,1.0,w16421,0.0000,0.0000
10,storm150_a200_c80,c10_storm_150_a200_c80_0014,2.0,1.0,w27931,0.0000,0.0000
10,storm150_a200_c80,c10_storm_150_a200_c80_0015,1.0,0.5,w8421,15.5048,15.5048
10,storm150_a200_c80,c10_storm_150_a200_c80_0015,1.0,0.5,w16421,31.0096,31.0096
10,storm150_a200_c80,c10_storm_150_a200_c80_0015,1.0,0.5,w27931,52.3287,52.3287
10,storm150_a200_c80,c10_storm_150_a200_c80_0015,1.0,0.75,w8421,15.5048,15.5048
10,storm150_a200_c80,c10_storm_150_a200_c80_0015,1.0,0.75,w16421,31.0096,31.0096
10,storm150_a200_c80,c10_storm_150_a200_c80_0015,1.0,0.75,w27931,52.3287,52.3287
10,storm150_a200_c80,c10_storm_150_a200_c80_0015,1.0,1.0,w8421,15.5048,15.5048
10,storm150_a200_c80,c10_storm_150_a200_c80_0015,1.0,1.0,w16421,31.0096,31.0096
10,storm150_a200_c80,c10_storm_150_a200_c80_0015,1.0,1.0,w27931,52.3287,52.3287
10,storm150_a200_c80,c10_storm_150_a200_c80_0015,2.0,0.5,w8421,15.5048,15.5048
10,storm150_a200_c80,c10_storm_150_a200_c80_0015,2.0,0.5,w16421,31.0096,31.0096
10,storm150_a200_c80,c10_storm_150_a200_c80_0015,2.0,0.5,w27931,52.3287,52.3287
10,storm150_a200_c80,c10_storm_150_a200_c80_0015,2.0,0.75,w8421,15.5048,15.5048
10,storm150_a200_c80,c10_storm_150_a200_c80_0015,2.0,0.75,w16421,31.0096,31.0096
10,storm150_a200_c80,c10_storm_150_a200_c80_0015,2.0,0.75,w27931,52.3287,52.3287
10,storm150_a200_c80,c10_storm_150_a200_c80_0015,2.0,1.0,w8421,15.5048,15.5048
10,storm150_a200_c80,c10_storm_150_a200_c80_0015,2.0,1.0,w16421,31.0096,31.0096
10,storm150_a200_c80,c10_storm_150_a200_c80_0015,2.0,1.0,w27931,52.3287,52.3287
10,storm150_a200_c80,c10_storm_150_a200_c80_0016,1.0,0.5,w8421,0.0000,0.0000
10,storm150_a200_c80,c10_storm_150_a200_c80_0016,1.0,0.5,w16421,0.0000,0.0000
10,storm150_a200_c80,c10_storm_150_a200_c80_0016,1.0,0.5,w27931,0.0000,0.0000
10,storm150_a200_c80,c10_storm_150_a200_c80_0016,1.0,0.75,w8421,0.0000,0.0000
10,storm150_a200_c80,c10_storm_150_a200_c80_0016,1.0,0.75,w16421,0.0000,0.0000
10,storm150_a200_c80,c10_storm_150_a200_c80_0016,1.0,0.75,w27931,0.0000,0.0000
10,storm150_a200_c80,c10_storm_150_a200_c80_0016,1.0,1.0,w8421,0.0000,0.0000
10,storm150_a200_c80,c10_storm_150_a200_c80_0016,1.0,1.0,w16421,0.0000,0.0000
10,storm150_a200_c80,c10_storm_150_a200_c80_0016,1.0,1.0,w27931,0.0000,0.0000
10,storm150_a200_c80,c10_storm_150_a200_c80_0016,2.0,0.5,w8421,0.0000,0.0000
10,storm150_a200_c80,c10_storm_150_a200_c80_0016,2.0,0.5,w16421,0.0000,0.0000
10,storm150_a200_c80,c10_storm_150_a200_c80_0016,2.0,0.5,w27931,0.0000,0.0000
10,storm150_a200_c80,c10_storm_150_a200_c80_0016,2.0,0.75,w8421,0.0000,0.0000
10,storm150_a200_c80,c10_storm_150_a200_c80_0016,2.0,0.75,w16421,0.0000,0.0000
10,storm150_a200_c80,c10_storm_150_a200_c80_0016,2.0,0.75,w27931,0.0000,0.0000
10,storm150_a200_c80,c10_storm_150_a200_c80_0016,2.0,1.0,w8421,0.0000,0.0000
10,storm150_a200_c80,c10_storm_150_a200_c80_0016,2.0,1.0,w16421,0.0000,0.0000
10,storm150_a200_c80,c10_storm_150_a200_c80_0016,2.0,1.0,w27931,0.0000,0.0000
10,storm150_a200_c80,c10_storm_150_a200_c80_0017,1.0,0.5,w8421,0.0000,0.0000
10,storm150_a200_c80,c10_storm_150_a200_c80_0017,1.0,0.5,w16421,0.0000,0.0000
10,storm150_a200_c80,c10_storm_150_a200_c80_0017,1.0,0.5,w27931,0.0000,0.0000
10,storm150_a200_c80,c10_storm_150_a200_c80_0017,1.0,0.75,w8421,0.0000,0.0000
10,storm150_a200_c80,c10_storm_150_a200_c80_0017,1.0,0.75,w16421,0.0000,0.0000
10,storm150_a200_c80,c10_storm_150_a200_c80_0017,1.0,0.75,w27931,0.0000,0.0000
10,storm150_a200_c80,c10_storm_150_a200_c80_0017,1.0,1.0,w8421,0.0000,0.0000
10,storm150_a200_c80,c10_storm_150_a200_c80_0017,1.0,1.0,w16421,0.0000,0.0000
10,storm150_a200_c80,c10_storm_150_a200_c80_0017,1.0,1.0,w27931,0.0000,0.0000
10,storm150_a200_c80,c10_storm_150_a200_c80_0017,2.0,0.5,w8421,0.0000,0.0000
10,storm150_a200_c80,c10_storm_150_a200_c80_0017,2.0,0.5,w16421,0.0000,0.0000
10,storm150_a200_c80,c10_storm_150_a200_c80_0017,2.0,0.5,w27931,0.0000,0.0000
10,storm150_a200_c80,c10_storm_150_a200_c80_0017,2.0,0.75,w8421,0.0000,0.0000
10,storm150_a200_c80,c10_storm_150_a200_c80_0017,2.0,0.75,w16421,0.0000,0.0000
10,storm150_a200_c80,c10_storm_150_a200_c80_0017,2.0,0.75,w27931,0.0000,0.0000
10,storm150_a200_c80,c10_storm_150_a200_c80_0017,2.0,1.0,w8421,0.0000,0.0000
10,storm150_a200_c80,c10_storm_150_a200_c80_0017,2.0,1.0,w16421,0.0000,0.0000
10,storm150_a200_c80,c10_storm_150_a200_c80_0017,2.0,1.0,w27931,0.0000,0.0000
10,storm150_a200_c80,c10_storm_150_a200_c80_0018,1.0,0.5,w8421,182.6720,182.6720
10,storm150_a200_c80,c10_storm_150_a200_c80_0018,1.0,0.5,w16421,365.3440,365.3440
10,storm150_a200_c80,c10_storm_150_a200_c80_0018,1.0,0.5,w27931,616.5180,616.5180
10,storm150_a200_c80,c10_storm_150_a200_c80_0018,1.0,0.75,w8421,182.6720,182.6720
10,storm150_a200_c80,c10_storm_150_a200_c80_0018,1.0,0.75,w16421,365.3440,365.3440
10,storm150_a200_c80,c10_storm_150_a200_c80_0018,1.0,0.75,w27931,616.5180,616.5180
10,storm150_a200_c80,c10_storm_150_a200_c80_0018,1.0,1.0,w8421,182.6720,182.6720
10,storm150_a200_c80,c10_storm_150_a200_c80_0018,1.0,1.0,w16421,365.3440,365.3440
10,storm150_a200_c80,c10_storm_150_a200_c80_0018,1.0,1.0,w27931,616.5180,616.5180
10,storm150_a200_c80,c10_storm_150_a200_c80_0018,2.0,0.5,w8421,182.6720,182.6720
10,storm150_a200_c80,c10_storm_150_a200_c80_0018,2.0,0.5,w16421,365.3440,365.3440
10,storm150_a200_c80,c10_storm_150_a200_c80_0018,2.0,0.5,w27931,616.5180,616.5180
10,storm150_a200_c80,c10_storm_150_a200_c80_0018,2.0,0.75,w8421,182.6720,182.6720
10,storm150_a200_c80,c10_storm_150_a200_c80_0018,2.0,0.75,w16421,365.3440,365.3440
10,storm150_a200_c80,c10_storm_150_a200_c80_0018,2.0,0.75,w27931,616.5180,616.5180
10,storm150_a200_c80,c10_storm_150_a200_c80_0018,2.0,1.0,w8421,182.6720,182.6720
10,storm150_a200_c80,c10_storm_150_a200_c80_0018,2.0,1.0,w16421,365.3440,365.3440
10,storm150_a200_c80,c10_storm_150_a200_c80_0018,2.0,1.0,w27931,616.5180,616.5180
10,storm150_a200_c80,c10_storm_150_a200_c80_0019,1.0,0.5,w8421,0.0000,0.0000
10,storm150_a200_c80,c10_storm_150_a200_c80_0019,1.0,0.5,w16421,0.0000,0.0000
10,storm150_a200_c80,c10_storm_150_a200_c80_0019,1.0,0.5,w27931,0.0000,0.0000
10,storm150_a200_c80,c10_storm_150_a200_c80_0019,1.0,0.75,w8421,0.0000,0.0000
10,storm150_a200_c80,c10_storm_150_a200_c80_0019,1.0,0.75,w16421,0.0000,0.0000
10,storm150_a200_c80,c10_storm_150_a200_c80_0019,1.0,0.75,w27931,0.0000,0.0000
10,storm150_a200_c80,c10_storm_150_a200_c80_0019,1.0,1.0,w8421,0.0000,0.0000
10,storm150_a200_c80,c10_storm_150_a200_c80_0019,1.0,1.0,w16421,0.0000,0.0000
10,storm150_a200_c80,c10_storm_150_a200_c80_0019,1.0,1.0,w27931,0.0000,0.0000
10,storm150_a200_c80,c10_storm_150_a200_c80_0019,2.0,0.5,w8421,0.0000,0.0000
10,storm150_a200_c80,c10_storm_150_a200_c80_0019,2.0,0.5,w16421,0.0000,0.0000
10,storm150_a200_c80,c10_storm_150_a200_c80_0019,2.0,0.5,w27931,0.0000,0.0000
10,storm150_a200_c80,c10_storm_150_a200_c80_0019,2.0,0.75,w8421,0.0000,0.0000
10,storm150_a200_c80,c10_storm_150_a200_c80_0019,2.0,0.75,w16421,0.0000,0.0000
10,storm150_a200_c80,c10_storm_150_a200_c80_0019,2.0,0.75,w27931,0.0000,0.0000
10,storm150_a200_c80,c10_storm_150_a200_c80_0019,2.0,1.0,w8421,0.0000,0.0000
10,storm150_a200_c80,c10_storm_150_a200_c80_0019,2.0,1.0,w16421,0.0000,0.0000
10,storm150_a200_c80,c10_storm_150_a200_c80_0019,2.0,1.0,w27931,0.0000,0.0000
10,storm150_a200_c80,c10_storm_150_a200_c80_0020,1.0,0.5,w8421,222.0544,222.0544
10,storm150_a200_c80,c10_storm_150_a200_c80_0020,1.0,0.5,w16421,222.0544,222.0544
10,storm150_a200_c80,c10_storm_150_a200_c80_0020,1.0,0.5,w27931,499.6224,499.6224
10,storm150_a200_c80,c10_storm_150_a200_c80_0020,1.0,0.75,w8421,444.1088,444.1088
10,storm150_a200_c80,c10_storm_150_a200_c80_0020,1.0,0.75,w16421,888.2176,888.2176
10,storm150_a200_c80,c10_storm_150_a200_c80_0020,1.0,0.75,w27931,1498.8672,1498.8672
10,storm150_a200_c80,c10_storm_150_a200_c80_0020,1.0,1.0,w8421,444.1088,444.1088
10,storm150_a200_c80,c10_storm_150_a200_c80_0020,1.0,1.0,w16421,888.2176,888.2176
10,storm150_a200_c80,c10_storm_150_a200_c80_0020,1.0,1.0,w27931,1498.8672,1498.8672
10,storm150_a200_c80,c10_storm_150_a200_c80_0020,2.0,0.5,w8421,222.0544,222.0544
10,storm150_a200_c80,c10_storm_150_a200_c80_0020,2.0,0.5,w16421,222.0544,222.0544
10,storm150_a200_c80,c10_storm_150_a200_c80_0020,2.0,0.5,w27931,499.6224,499.6224
10,storm150_a200_c80,c10_storm_150_a200_c80_0020,2.0,0.75,w8421,222.0544,222.0544
10,storm150_a200_c80,c10_storm_150_a200_c80_0020,2.0,0.75,w16421,222.0544,222.0544
10,storm150_a200_c80,c10_storm_150_a200_c80_0020,2.0,0.75,w27931,499.6224,499.6224
10,storm150_a200_c80,c10_storm_150_a200_c80_0020,2.0,1.0,w8421,444.1088,444.1088
10,storm150_a200_c80,c10_storm_150_a200_c80_0020,2.0,1.0,w16421,888.2176,888.2176
10,storm150_a200_c80,c10_storm_150_a200_c80_0020,2.0,1.0,w27931,1498.8672,1498.8672
10,storm150_a200_c80,c10_storm_150_a200_c80_0021,1.0,0.5,w8421,0.0000,0.0000
10,storm150_a200_c80,c10_storm_150_a200_c80_0021,1.0,0.5,w16421,0.0000,0.0000
10,storm150_a200_c80,c10_storm_150_a200_c80_0021,1.0,0.5,w27931,0.0000,0.0000
10,storm150_a200_c80,c10_storm_150_a200_c80_0021,1.0,0.75,w8421,0.0000,0.0000
10,storm150_a200_c80,c10_storm_150_a200_c80_0021,1.0,0.75,w16421,0.0000,0.0000
10,storm150_a200_c80,c10_storm_150_a200_c80_0021,1.0,0.75,w27931,0.0000,0.0000
10,storm150_a200_c80,c10_storm_150_a200_c80_0021,1.0,1.0,w8421,0.0000,0.0000
10,storm150_a200_c80,c10_storm_150_a200_c80_0021,1.0,1.0,w16421,0.0000,0.0000
10,storm150_a200_c80,c10_storm_150_a200_c80_0021,1.0,1.0,w27931,0.0000,0.0000
10,storm150_a200_c80,c10_storm_150_a200_c80_0021,2.0,0.5,w8421,0.0000,0.0000
10,storm150_a200_c80,c10_storm_150_a200_c80_0021,2.0,0.5,w16421,0.0000,0.0000
10,storm150_a200_c80,c10_storm_150_a200_c80_0021,2.0,0.5,w27931,0.0000,0.0000
10,storm150_a200_c80,c10_storm_150_a200_c80_0021,2.0,0.75,w8421,0.0000,0.0000
10,storm150_a200_c80,c10_storm_150_a200_c80_0021,2.0,0.75,w16421,0.0000,0.0000
10,storm150_a200_c80,c10_storm_150_a200_c80_0021,2.0,0.75,w27931,0.0000,0.0000
10,storm150_a200_c80,c10_storm_150_a200_c80_0021,2.0,1.0,w8421,0.0000,0.0000
10,storm150_a200_c80,c10_storm_150_a200_c80_0021,2.0,1.0,w16421,0.0000,0.0000
10,storm150_a200_c80,c10_storm_150_a200_c80_0021,2.0,1.0,w27931,0.0000,0.0000
10,storm150_a200_c80,c10_storm_150_a200_c80_0022,1.0,0.5,w8421,0.0000,0.0000
10,storm150_a200_c80,c10_storm_150_a200_c80_0022,1.0,0.5,w16421,0.0000,0.0000
10,storm150_a200_c80,c10_storm_150_a200_c80_0022,1.0,0.5,w27931,0.0000,0.0000
10,storm150_a200_c80,c10_storm_150_a200_c80_0022,1.0,0.75,w8421,0.0000,0.0000
10,storm150_a200_c80,c10_storm_150_a200_c80_0022,1.0,0.75,w16421,0.0000,0.0000
10,storm150_a200_c80,c10_storm_150_a200_c80_0022,1.0,0.75,w27931,0.0000,0.0000
10,storm150_a200_c80,c10_storm_150_a200_c80_0022,1.0,1.0,w8421,0.0000,0.0000
10,storm150_a200_c80,c10_storm_150_a200_c80_0022,1.0,1.0,w16421,0.0000,0.0000
10,storm150_a200_c80,c10_storm_150_a200_c80_0022,1.0,1.0,w27931,0.0000,0.0000
10,storm150_a200_c80,c10_storm_150_a200_c80_0022,2.0,0.5,w8421,0.0000,0.0000
10,storm150_a200_c80,c10_storm_150_a200_c80_0022,2.0,0.5,w16421,0.0000,0.0000
10,storm150_a200_c80,c10_storm_150_a200_c80_0022,2.0,0.5,w27931,0.0000,0.0000
10,storm150_a200_c80,c10_storm_150_a200_c80_0022,2.0,0.75,w8421,0.0000,0.0000
10,storm150_a200_c80,c10_storm_150_a200_c80_0022,2.0,0.75,w16421,0.0000,0.0000
10,storm150_a200_c80,c10_storm_150_a200_c80_0022,2.0,0.75,w27931,0.0000,0.0000
10,storm150_a200_c80,c10_storm_150_a200_c80_0022,2.0,1.0,w8421,0.0000,0.0000
10,storm150_a200_c80,c10_storm_150_a200_c80_0022,2.0,1.0,w16421,0.0000,0.0000
10,storm150_a200_c80,c10_storm_150_a200_c80_0022,2.0,1.0,w27931,0.0000,0.0000
10,storm150_a200_c80,c10_storm_150_a200_c80_0023,1.0,0.5,w8421,0.0000,0.0000
10,storm150_a200_c80,c10_storm_150_a200_c80_0023,1.0,0.5,w16421,0.0000,0.0000
10,storm150_a200_c80,c10_storm_150_a200_c80_0023,1.0,0.5,w27931,0.0000,0.0000
10,storm150_a200_c80,c10_storm_150_a200_c80_0023,1.0,0.75,w8421,0.0000,0.0000
10,storm150_a200_c80,c10_storm_150_a200_c80_0023,1.0,0.75,w16421,0.0000,0.0000
10,storm150_a200_c80,c10_storm_150_a200_c80_0023,1.0,0.75,w27931,0.0000,0.0000
10,storm150_a200_c80,c10_storm_150_a200_c80_0023,1.0,1.0,w8421,0.0000,0.0000
10,storm150_a200_c80,c10_storm_150_a200_c80_0023,1.0,1.0,w16421,0.0000,0.0000
10,storm150_a200_c80,c10_storm_150_a200_c80_0023,1.0,1.0,w27931,0.0000,0.0000
10,storm150_a200_c80,c10_storm_150_a200_c80_0023,2.0,0.5,w8421,0.0000,0.0000
10,storm150_a200_c80,c10_storm_150_a200_c80_0023,2.0,0.5,w16421,0.0000,0.0000
10,storm150_a200_c80,c10_storm_150_a200_c80_0023,2.0,0.5,w27931,0.0000,0.0000
10,storm150_a200_c80,c10_storm_150_a200_c80_0023,2.0,0.75,w8421,0.0000,0.0000
10,storm150_a200_c80,c10_storm_150_a200_c80_0023,2.0,0.75,w16421,0.0000,0.0000
10,storm150_a200_c80,c10_storm_150_a200_c80_0023,2.0,0.75,w27931,0.0000,0.0000
10,storm150_a200_c80,c10_storm_150_a200_c80_0023,2.0,1.0,w8421,0.0000,0.0000
10,storm150_a200_c80,c10_storm_150_a200_c80_0023,2.0,1.0,w16421,0.0000,0.0000
10,storm150_a200_c80,c10_storm_150_a200_c80_0023,2.0,1.0,w27931,0.0000,0.0000
10,storm150_a200_c80,c10_storm_150_a200_c80_0024,1.0,0.5,w8421,0.0000,0.0000
10,storm150_a200_c80,c10_storm_150_a200_c80_0024,1.0,0.5,w16421,0.0000,0.0000
10,storm150_a200_c80,c10_storm_150_a200_c80_0024,1.0,0.5,w27931,0.0000,0.0000
10,storm150_a200_c80,c10_storm_150_a200_c80_0024,1.0,0.75,w8421,0.0000,0.0000
10,storm150_a200_c80,c10_storm_150_a200_c80_0024,1.0,0.75,w16421,0.0000,0.0000
10,storm150_a200_c80,c10_storm_150_a200_c80_0024,1.0,0.75,w27931,0.0000,0.0000
10,storm150_a200_c80,c10_storm_150_a200_c80_0024,1.0,1.0,w8421,0.0000,0.0000
10,storm150_a200_c80,c10_storm_150_a200_c80_0024,1.0,1.0,w16421,0.0000,0.0000
10,storm150_a200_c80,c10_storm_150_a200_c80_0024,1.0,1.0,w27931,0.0000,0.0000
10,storm150_a200_c80,c10_storm_150_a200_c80_0024,2.0,0.5,w8421,0.0000,0.0000
10,storm150_a200_c80,c10_storm_150_a200_c80_0024,2.0,0.5,w16421,0.0000,0.0000
10,storm150_a200_c80,c10_storm_150_a200_c80_0024,2.0,0.5,w27931,0.0000,0.0000
10,storm150_a200_c80,c10_storm_150_a200_c80_0024,2.0,0.75,w8421,0.0000,0.0000
10,storm150_a200_c80,c10_storm_150_a200_c80_0024,2.0,0.75,w16421,0.0000,0.0000
10,storm150_a200_c80,c10_storm_150_a200_c80_0024,2.0,0.75,w27931,0.0000,0.0000
10,storm150_a200_c80,c10_storm_150_a200_c80_0024,2.0,1.0,w8421,0.0000,0.0000
10,storm150_a200_c80,c10_storm_150_a200_c80_0024,2.0,1.0,w16421,0.0000,0.0000
10,storm150_a200_c80,c10_storm_150_a200_c80_0024,2.0,1.0,w27931,0.0000,0.0000
10,storm150_a200_c80,c10_storm_150_a200_c80_0025,1.0,0.5,w8421,0.0000,0.0000
10,storm150_a200_c80,c10_storm_150_a200_c80_0025,1.0,0.5,w16421,0.0000,0.0000
10,storm150_a200_c80,c10_storm_150_a200_c80_0025,1.0,0.5,w27931,0.0000,0.0000
10,storm150_a200_c80,c10_storm_150_a200_c80_0025,1.0,0.75,w8421,0.0000,0.0000
10,storm150_a200_c80,c10_storm_150_a200_c80_0025,1.0,0.75,w16421,0.0000,0.0000
10,storm150_a200_c80,c10_storm_150_a200_c80_0025,1.0,0.75,w27931,0.0000,0.0000
10,storm150_a200_c80,c10_storm_150_a200_c80_0025,1.0,1.0,w8421,0.0000,0.0000
10,storm150_a200_c80,c10_storm_150_a200_c80_0025,1.0,1.0,w16421,0.0000,0.0000
10,storm150_a200_c80,c10_storm_150_a200_c80_0025,1.0,1.0,w27931,0.0000,0.0000
10,storm150_a200_c80,c10_storm_150_a200_c80_0025,2.0,0.5,w8421,0.0000,0.0000
10,storm150_a200_c80,c10_storm_150_a200_c80_0025,2.0,0.5,w16421,0.0000,0.0000
10,storm150_a200_c80,c10_storm_150_a200_c80_0025,2.0,0.5,w27931,0.0000,0.0000
10,storm150_a200_c80,c10_storm_150_a200_c80_0025,2.0,0.75,w8421,0.0000,0.0000
10,storm150_a200_c80,c10_storm_150_a200_c80_0025,2.0,0.75,w16421,0.0000,0.0000
10,storm150_a200_c80,c10_storm_150_a200_c80_0025,2.0,0.75,w27931,0.0000,0.0000
10,storm150_a200_c80,c10_storm_150_a200_c80_0025,2.0,1.0,w8421,0.0000,0.0000
10,storm150_a200_c80,c10_storm_150_a200_c80_0025,2.0,1.0,w16421,0.0000,0.0000
10,storm150_a200_c80,c10_storm_150_a200_c80_0025,2.0,1.0,w27931,0.0000,0.0000
10,storm150_a200_c80,c10_storm_150_a200_c80_0026,1.0,0.5,w8421,0.0000,0.0000
10,storm150_a200_c80,c10_storm_150_a200_c80_0026,1.0,0.5,w16421,0.0000,0.0000
10,storm150_a200_c80,c10_storm_150_a200_c80_0026,1.0,0.5,w27931,0.0000,0.0000
10,storm150_a200_c80,c10_storm_150_a200_c80_0026,1.0,0.75,w8421,0.0000,0.0000
10,storm150_a200_c80,c10_storm_150_a200_c80_0026,1.0,0.75,w16421,0.0000,0.0000
10,storm150_a200_c80,c10_storm_150_a200_c80_0026,1.0,0.75,w27931,0.0000,0.0000
10,storm150_a200_c80,c10_storm_150_a200_c80_0026,1.0,1.0,w8421,0.0000,0.0000
10,storm150_a200_c80,c10_storm_150_a200_c80_0026,1.0,1.0,w16421,0.0000,0.0000
10,storm150_a200_c80,c10_storm_150_a200_c80_0026,1.0,1.0,w27931,0.0000,0.0000
10,storm150_a200_c80,c10_storm_150_a200_c80_0026,2.0,0.5,w8421,0.0000,0.0000
10,storm150_a200_c80,c10_storm_150_a200_c80_0026,2.0,0.5,w16421,0.0000,0.0000
10,storm150_a200_c80,c10_storm_150_a200_c80_0026,2.0,0.5,w27931,0.0000,0.0000
10,storm150_a200_c80,c10_storm_150_a200_c80_0026,2.0,0.75,w8421,0.0000,0.0000
10,storm150_a200_c80,c10_storm_150_a200_c80_0026,2.0,0.75,w16421,0.0000,0.0000
10,storm150_a200_c80,c10_storm_150_a200_c80_0026,2.0,0.75,w27931,0.0000,0.0000
10,storm150_a200_c80,c10_storm_150_a200_c80_0026,2.0,1.0,w8421,0.0000,0.0000
10,storm150_a200_c80,c10_storm_150_a200_c80_0026,2.0,1.0,w16421,0.0000,0.0000
10,storm150_a200_c80,c10_storm_150_a200_c80_0026,2.0,1.0,w27931,0.0000,0.0000
10,storm150_a200_c80,c10_storm_150_a200_c80_0027,1.0,0.5,w8421,0.0000,0.0000
10,storm150_a200_c80,c10_storm_150_a200_c80_0027,1.0,0.5,w16421,0.0000,0.0000
10,storm150_a200_c80,c10_storm_150_a200_c80_0027,1.0,0.5,w27931,0.0000,0.0000
10,storm150_a200_c80,c10_storm_150_a200_c80_0027,1.0,0.75,w8421,0.0000,0.0000
10,storm150_a200_c80,c10_storm_150_a200_c80_0027,1.0,0.75,w16421,0.0000,0.0000
10,storm150_a200_c80,c10_storm_150_a200_c80_0027,1.0,0.75,w27931,0.0000,0.0000
10,storm150_a200_c80,c10_storm_150_a200_c80_0027,1.0,1.0,w8421,0.0000,0.0000
10,storm150_a200_c80,c10_storm_150_a200_c80_0027,1.0,1.0,w16421,0.0000,0.0000
10,storm150_a200_c80,c10_storm_150_a200_c80_0027,1.0,1.0,w27931,0.0000,0.0000
10,storm150_a200_c80,c10_storm_150_a200_c80_0027,2.0,0.5,w8421,0.0000,0.0000
10,storm150_a200_c80,c10_storm_150_a200_c80_0027,2.0,0.5,w16421,0.0000,0.0000
10,storm150_a200_c80,c10_storm_150_a200_c80_0027,2.0,0.5,w27931,0.0000,0.0000
10,storm150_a200_c80,c10_storm_150_a200_c80_0027,2.0,0.75,w8421,0.0000,0.0000
10,storm150_a200_c80,c10_storm_150_a200_c80_0027,2.0,0.75,w16421,0.0000,0.0000
10,storm150_a200_c80,c10_storm_150_a200_c80_0027,2.0,0.75,w27931,0.0000,0.0000
10,storm150_a200_c80,c10_storm_150_a200_c80_0027,2.0,1.0,w8421,0.0000,0.0000
10,storm150_a200_c80,c10_storm_150_a200_c80_0027,2.0,1.0,w16421,0.0000,0.0000
10,storm150_a200_c80,c10_storm_150_a200_c80_0027,2.0,1.0,w27931,0.0000,0.0000
10,storm150_a200_c80,c10_storm_150_a200_c80_0028,1.0,0.5,w8421,0.0000,0.0000
10,storm150_a200_c80,c10_storm_150_a200_c80_0028,1.0,0.5,w16421,0.0000,0.0000
10,storm150_a200_c80,c10_storm_150_a200_c80_0028,1.0,0.5,w27931,0.0000,0.0000
10,storm150_a200_c80,c10_storm_150_a200_c80_0028,1.0,0.75,w8421,0.0000,0.0000
10,storm150_a200_c80,c10_storm_150_a200_c80_0028,1.0,0.75,w16421,0.0000,0.0000
10,storm150_a200_c80,c10_storm_150_a200_c80_0028,1.0,0.75,w27931,0.0000,0.0000
10,storm150_a200_c80,c10_storm_150_a200_c80_0028,1.0,1.0,w8421,0.0000,0.0000
10,storm150_a200_c80,c10_storm_150_a200_c80_0028,1.0,1.0,w16421,0.0000,0.0000
10,storm150_a200_c80,c10_storm_150_a200_c80_0028,1.0,1.0,w27931,0.0000,0.0000
10,storm150_a200_c80,c10_storm_150_a200_c80_0028,2.0,0.5,w8421,0.0000,0.0000
10,storm150_a200_c80,c10_storm_150_a200_c80_0028,2.0,0.5,w16421,0.0000,0.0000
10,storm150_a200_c80,c10_storm_150_a200_c80_0028,2.0,0.5,w27931,0.0000,0.0000
10,storm150_a200_c80,c10_storm_150_a200_c80_0028,2.0,0.75,w8421,0.0000,0.0000
10,storm150_a200_c80,c10_storm_150_a200_c80_0028,2.0,0.75,w16421,0.0000,0.0000
10,storm150_a200_c80,c10_storm_150_a200_c80_0028,2.0,0.75,w27931,0.0000,0.0000
10,storm150_a200_c80,c10_storm_150_a200_c80_0028,2.0,1.0,w8421,0.0000,0.0000
10,storm150_a200_c80,c10_storm_150_a200_c80_0028,2.0,1.0,w16421,0.0000,0.0000
10,storm150_a200_c80,c10_storm_150_a200_c80_0028,2.0,1.0,w27931,0.0000,0.0000
10,storm150_a200_c80,c10_storm_150_a200_c80_0029,1.0,0.5,w8421,0.0000,0.0000
10,storm150_a200_c80,c10_storm_150_a200_c80_0029,1.0,0.5,w16421,0.0000,0.0000
10,storm150_a200_c80,c10_storm_150_a200_c80_0029,1.0,0.5,w27931,0.0000,0.0000
10,storm150_a200_c80,c10_storm_150_a200_c80_0029,1.0,0.75,w8421,0.0000,0.0000
10,storm150_a200_c80,c10_storm_150_a200_c80_0029,1.0,0.75,w16421,0.0000,0.0000
10,storm150_a200_c80,c10_storm_150_a200_c80_0029,1.0,0.75,w27931,0.0000,0.0000
10,storm150_a200_c80,c10_storm_150_a200_c80_0029,1.0,1.0,w8421,0.0000,0.0000
10,storm150_a200_c80,c10_storm_150_a200_c80_0029,1.0,1.0,w16421,0.0000,0.0000
10,storm150_a200_c80,c10_storm_150_a200_c80_0029,1.0,1.0,w27931,0.0000,0.0000
10,storm150_a200_c80,c10_storm_150_a200_c80_0029,2.0,0.5,w8421,0.0000,0.0000
10,storm150_a200_c80,c10_storm_150_a200_c80_0029,2.0,0.5,w16421,0.0000,0.0000
10,storm150_a200_c80,c10_storm_150_a200_c80_0029,2.0,0.5,w27931,0.0000,0.0000
10,storm150_a200_c80,c10_storm_150_a200_c80_0029,2.0,0.75,w8421,0.0000,0.0000
10,storm150_a200_c80,c10_storm_150_a200_c80_0029,2.0,0.75,w16421,0.0000,0.0000
10,storm150_a200_c80,c10_storm_150_a200_c80_0029,2.0,0.75,w27931,0.0000,0.0000
10,storm150_a200_c80,c10_storm_150_a200_c80_0029,2.0,1.0,w8421,0.0000,0.0000
10,storm150_a200_c80,c10_storm_150_a200_c80_0029,2.0,1.0,w16421,0.0000,0.0000
10,storm150_a200_c80,c10_storm_150_a200_c80_0029,2.0,1.0,w27931,0.0000,0.0000
10,pmmix150_p20_c60,c10_pmmix_150_p20_c60_0000,1.0,0.5,w8421,0.0000,0.0000
10,pmmix150_p20_c60,c10_pmmix_150_p20_c60_0000,1.0,0.5,w16421,0.0000,0.0000
10,pmmix150_p20_c60,c10_pmmix_150_p20_c60_0000,1.0,0.5,w27931,0.0000,0.0000
10,pmmix150_p20_c60,c10_pmmix_150_p20_c60_0000,1.0,0.75,w8421,0.0000,0.0000
10,pmmix150_p20_c60,c10_pmmix_150_p20_c60_0000,1.0,0.75,w16421,0.0000,0.0000
10,pmmix150_p20_c60,c10_pmmix_150_p20_c60_0000,1.0,0.75,w27931,0.0000,0.0000
10,pmmix150_p20_c60,c10_pmmix_150_p20_c60_0000,1.0,1.0,w8421,0.0000,0.0000
10,pmmix150_p20_c60,c10_pmmix_150_p20_c60_0000,1.0,1.0,w16421,0.0000,0.0000
10,pmmix150_p20_c60,c10_pmmix_150_p20_c60_0000,1.0,1.0,w27931,0.0000,0.0000
10,pmmix150_p20_c60,c10_pmmix_150_p20_c60_0000,2.0,0.5,w8421,0.0000,0.0000
10,pmmix150_p20_c60,c10_pmmix_150_p20_c60_0000,2.0,0.5,w16421,0.0000,0.0000
10,pmmix150_p20_c60,c10_pmmix_150_p20_c60_0000,2.0,0.5,w27931,0.0000,0.0000
10,pmmix150_p20_c60,c10_pmmix_150_p20_c60_0000,2.0,0.75,w8421,0.0000,0.0000
10,pmmix150_p20_c60,c10_pmmix_150_p20_c60_0000,2.0,0.75,w16421,0.0000,0.0000
10,pmmix150_p20_c60,c10_pmmix_150_p20_c60_0000,2.0,0.75,w27931,0.0000,0.0000
10,pmmix150_p20_c60,c10_pmmix_150_p20_c60_0000,2.0,1.0,w8421,0.0000,0.0000
10,pmmix150_p20_c60,c10_pmmix_150_p20_c60_0000,2.0,1.0,w16421,0.0000,0.0000
10,pmmix150_p20_c60,c10_pmmix_150_p20_c60_0000,2.0,1.0,w27931,0.0000,0.0000
10,pmmix150_p20_c60,c10_pmmix_150_p20_c60_0001,1.0,0.5,w8421,0.0000,0.0000
10,pmmix150_p20_c60,c10_pmmix_150_p20_c60_0001,1.0,0.5,w16421,0.0000,0.0000
10,pmmix150_p20_c60,c10_pmmix_150_p20_c60_0001,1.0,0.5,w27931,0.0000,0.0000
10,pmmix150_p20_c60,c10_pmmix_150_p20_c60_0001,1.0,0.75,w8421,0.0000,0.0000
10,pmmix150_p20_c60,c10_pmmix_150_p20_c60_0001,1.0,0.75,w16421,0.0000,0.0000
10,pmmix150_p20_c60,c10_pmmix_150_p20_c60_0001,1.0,0.75,w27931,0.0000,0.0000
10,pmmix150_p20_c60,c10_pmmix_150_p20_c60_0001,1.0,1.0,w8421,0.0000,0.0000
10,pmmix150_p20_c60,c10_pmmix_150_p20_c60_0001,1.0,1.0,w16421,0.0000,0.0000
10,pmmix150_p20_c60,c10_pmmix_150_p20_c60_0001,1.0,1.0,w27931,0.0000,0.0000
10,pmmix150_p20_c60,c10_pmmix_150_p20_c60_0001,2.0,0.5,w8421,0.0000,0.0000
10,pmmix150_p20_c60,c10_pmmix_150_p20_c60_0001,2.0,0.5,w16421,0.0000,0.0000
10,pmmix150_p20_c60,c10_pmmix_150_p20_c60_0001,2.0,0.5,w27931,0.0000,0.0000
10,pmmix150_p20_c60,c10_pmmix_150_p20_c60_0001,2.0,0.75,w8421,0.0000,0.0000
10,pmmix150_p20_c60,c10_pmmix_150_p20_c60_0001,2.0,0.75,w16421,0.0000,0.0000
10,pmmix150_p20_c60,c10_pmmix_150_p20_c60_0001,2.0,0.75,w27931,0.0000,0.0000
10,pmmix150_p20_c60,c10_pmmix_150_p20_c60_0001,2.0,1.0,w8421,0.0000,0.0000
10,pmmix150_p20_c60,c10_pmmix_150_p20_c60_0001,2.0,1.0,w16421,0.0000,0.0000
10,pmmix150_p20_c60,c10_pmmix_150_p20_c60_0001,2.0,1.0,w27931,0.0000,0.0000
10,pmmix150_p20_c60,c10_pmmix_150_p20_c60_0002,1.0,0.5,w8421,25.7312,25.7312
10,pmmix150_p20_c60,c10_pmmix_150_p20_c60_0002,1.0,0.5,w16421,25.7312,25.7312
10,pmmix150_p20_c60,c10_pmmix_150_p20_c60_0002,1.0,0.5,w27931,57.8952,57.8952
10,pmmix150_p20_c60,c10_pmmix_150_p20_c60_0002,1.0,0.75,w8421,25.7312,25.7312
10,pmmix150_p20_c60,c10_pmmix_150_p20_c60_0002,1.0,0.75,w16421,25.7312,25.7312
10,pmmix150_p20_c60,c10_pmmix_150_p20_c60_0002,1.0,0.75,w27931,57.8952,57.8952
10,pmmix150_p20_c60,c10_pmmix_150_p20_c60_0002,1.0,1.0,w8421,25.7312,25.7312
10,pmmix150_p20_c60,c10_pmmix_150_p20_c60_0002,1.0,1.0,w16421,25.7312,25.7312
10,pmmix150_p20_c60,c10_pmmix_150_p20_c60_0002,1.0,1.0,w27931,57.8952,57.8952
10,pmmix150_p20_c60,c10_pmmix_150_p20_c60_0002,2.0,0.5,w8421,25.7312,25.7312
10,pmmix150_p20_c60,c10_pmmix_150_p20_c60_0002,2.0,0.5,w16421,25.7312,25.7312
10,pmmix150_p20_c60,c10_pmmix_150_p20_c60_0002,2.0,0.5,w27931,57.8952,57.8952
10,pmmix150_p20_c60,c10_pmmix_150_p20_c60_0002,2.0,0.75,w8421,25.7312,25.7312
10,pmmix150_p20_c60,c10_pmmix_150_p20_c60_0002,2.0,0.75,w16421,25.7312,25.7312
10,pmmix150_p20_c60,c10_pmmix_150_p20_c60_0002,2.0,0.75,w27931,57.8952,57.8952
10,pmmix150_p20_c60,c10_pmmix_150_p20_c60_0002,2.0,1.0,w8421,51.4624,51.4624
10,pmmix150_p20_c60,c10_pmmix_150_p20_c60_0002,2.0,1.0,w16421,102.9248,102.9248
10,pmmix150_p20_c60,c10_pmmix_150_p20_c60_0002,2.0,1.0,w27931,173.6856,173.6856
10,pmmix150_p20_c60,c10_pmmix_150_p20_c60_0003,1.0,0.5,w8421,0.0000,0.0000
10,pmmix150_p20_c60,c10_pmmix_150_p20_c60_0003,1.0,0.5,w16421,0.0000,0.0000
10,pmmix150_p20_c60,c10_pmmix_150_p20_c60_0003,1.0,0.5,w27931,0.0000,0.0000
10,pmmix150_p20_c60,c10_pmmix_150_p20_c60_0003,1.0,0.75,w8421,0.0000,0.0000
10,pmmix150_p20_c60,c10_pmmix_150_p20_c60_0003,1.0,0.75,w16421,0.0000,0.0000
10,pmmix150_p20_c60,c10_pmmix_150_p20_c60_0003,1.0,0.75,w27931,0.0000,0.0000
10,pmmix150_p20_c60,c10_pmmix_150_p20_c60_0003,1.0,1.0,w8421,0.0000,0.0000
10,pmmix150_p20_c60,c10_pmmix_150_p20_c60_0003,1.0,1.0,w16421,0.0000,0.0000
10,pmmix150_p20_c60,c10_pmmix_150_p20_c60_0003,1.0,1.0,w27931,0.0000,0.0000
10,pmmix150_p20_c60,c10_pmmix_150_p20_c60_0003,2.0,0.5,w8421,0.0000,0.0000
10,pmmix150_p20_c60,c10_pmmix_150_p20_c60_0003,2.0,0.5,w16421,0.0000,0.0000
10,pmmix150_p20_c60,c10_pmmix_150_p20_c60_0003,2.0,0.5,w27931,0.0000,0.0000
10,pmmix150_p20_c60,c10_pmmix_150_p20_c60_0003,2.0,0.75,w8421,0.0000,0.0000
10,pmmix150_p20_c60,c10_pmmix_150_p20_c60_0003,2.0,0.75,w16421,0.0000,0.0000
10,pmmix150_p20_c60,c10_pmmix_150_p20_c60_0003,2.0,0.75,w27931,0.0000,0.0000
10,pmmix150_p20_c60,c10_pmmix_150_p20_c60_0003,2.0,1.0,w8421,0.0000,0.0000
10,pmmix150_p20_c60,c10_pmmix_150_p20_c60_0003,2.0,1.0,w16421,0.0000,0.0000
10,pmmix150_p20_c60,c10_pmmix_150_p20_c60_0003,2.0,1.0,w27931,0.0000,0.0000
10,pmmix150_p20_c60,c10_pmmix_150_p20_c60_0004,1.0,0.5,w8421,0.0000,0.0000
10,pmmix150_p20_c60,c10_pmmix_150_p20_c60_0004,1.0,0.5,w16421,0.0000,0.0000
10,pmmix150_p20_c60,c10_pmmix_150_p20_c60_0004,1.0,0.5,w27931,0.0000,0.0000
10,pmmix150_p20_c60,c10_pmmix_150_p20_c60_0004,1.0,0.75,w8421,0.0000,0.0000
10,pmmix150_p20_c60,c10_pmmix_150_p20_c60_0004,1.0,0.75,w16421,0.0000,0.0000
10,pmmix150_p20_c60,c10_pmmix_150_p20_c60_0004,1.0,0.75,w27931,0.0000,0.0000
10,pmmix150_p20_c60,c10_pmmix_150_p20_c60_0004,1.0,1.0,w8421,0.0000,0.0000
10,pmmix150_p20_c60,c10_pmmix_150_p20_c60_0004,1.0,1.0,w16421,0.0000,0.0000
10,pmmix150_p20_c60,c10_pmmix_150_p20_c60_0004,1.0,1.0,w27931,0.0000,0.0000
10,pmmix150_p20_c60,c10_pmmix_150_p20_c60_0004,2.0,0.5,w8421,0.0000,0.0000
10,pmmix150_p20_c60,c10_pmmix_150_p20_c60_0004,2.0,0.5,w16421,0.0000,0.0000
10,pmmix150_p20_c60,c10_pmmix_150_p20_c60_0004,2.0,0.5,w27931,0.0000,0.0000
10,pmmix150_p20_c60,c10_pmmix_150_p20_c60_0004,2.0,0.75,w8421,0.0000,0.0000
10,pmmix150_p20_c60,c10_pmmix_150_p20_c60_0004,2.0,0.75,w16421,0.0000,0.0000
10,pmmix150_p20_c60,c10_pmmix_150_p20_c60_0004,2.0,0.75,w27931,0.0000,0.0000
10,pmmix150_p20_c60,c10_pmmix_150_p20_c60_0004,2.0,1.0,w8421,0.0000,0.0000
10,pmmix150_p20_c60,c10_pmmix_150_p20_c60_0004,2.0,1.0,w16421,0.0000,0.0000
10,pmmix150_p20_c60,c10_pmmix_150_p20_c60_0004,2.0,1.0,w27931,0.0000,0.0000
10,pmmix150_p20_c60,c10_pmmix_150_p20_c60_0005,1.0,0.5,w8421,22.6360,22.6360
10,pmmix150_p20_c60,c10_pmmix_150_p20_c60_0005,1.0,0.5,w16421,45.2720,45.2720
10,pmmix150_p20_c60,c10_pmmix_150_p20_c60_0005,1.0,0.5,w27931,76.3965,76.3965
10,pmmix150_p20_c60,c10_pmmix_150_p20_c60_0005,1.0,0.75,w8421,22.6360,22.6360
10,pmmix150_p20_c60,c10_pmmix_150_p20_c60_0005,1.0,0.75,w16421,45.2720,45.2720
10,pmmix150_p20_c60,c10_pmmix_150_p20_c60_0005,1.0,0.75,w27931,76.3965,76.3965
10,pmmix150_p20_c60,c10_pmmix_150_p20_c60_0005,1.0,1.0,w8421,22.6360,22.6360
10,pmmix150_p20_c60,c10_pmmix_150_p20_c60_0005,1.0,1.0,w16421,45.2720,45.2720
10,pmmix150_p20_c60,c10_pmmix_150_p20_c60_0005,1.0,1.0,w27931,76.3965,76.3965
10,pmmix150_p20_c60,c10_pmmix_150_p20_c60_0005,2.0,0.5,w8421,22.6360,22.6360
10,pmmix150_p20_c60,c10_pmmix_150_p20_c60_0005,2.0,0.5,w16421,45.2720,45.2720
10,pmmix150_p20_c60,c10_pmmix_150_p20_c60_0005,2.0,0.5,w27931,76.3965,76.3965
10,pmmix150_p20_c60,c10_pmmix_150_p20_c60_0005,2.0,0.75,w8421,22.6360,22.6360
10,pmmix150_p20_c60,c10_pmmix_150_p20_c60_0005,2.0,0.75,w16421,45.2720,45.2720
10,pmmix150_p20_c60,c10_pmmix_150_p20_c60_0005,2.0,0.75,w27931,76.3965,76.3965
10,pmmix150_p20_c60,c10_pmmix_150_p20_c60_0005,2.0,1.0,w8421,22.6360,22.6360
10,pmmix150_p20_c60,c10_pmmix_150_p20_c60_0005,2.0,1.0,w16421,45.2720,45.2720
10,pmmix150_p20_c60,c10_pmmix_150_p20_c60_0005,2.0,1.0,w27931,76.3965,76.3965
10,pmmix150_p20_c60,c10_pmmix_150_p20_c60_0006,1.0,0.5,w8421,0.0000,0.0000
10,pmmix150_p20_c60,c10_pmmix_150_p20_c60_0006,1.0,0.5,w16421,0.0000,0.0000
10,pmmix150_p20_c60,c10_pmmix_150_p20_c60_0006,1.0,0.5,w27931,0.0000,0.0000
10,pmmix150_p20_c60,c10_pmmix_150_p20_c60_0006,1.0,0.75,w8421,0.0000,0.0000
10,pmmix150_p20_c60,c10_pmmix_150_p20_c60_0006,1.0,0.75,w16421,0.0000,0.0000
10,pmmix150_p20_c60,c10_pmmix_150_p20_c60_0006,1.0,0.75,w27931,0.0000,0.0000
10,pmmix150_p20_c60,c10_pmmix_150_p20_c60_0006,1.0,1.0,w8421,0.0000,0.0000
10,pmmix150_p20_c60,c10_pmmix_150_p20_c60_0006,1.0,1.0,w16421,0.0000,0.0000
10,pmmix150_p20_c60,c10_pmmix_150_p20_c60_0006,1.0,1.0,w27931,0.0000,0.0000
10,pmmix150_p20_c60,c10_pmmix_150_p20_c60_0006,2.0,0.5,w8421,0.0000,0.0000
10,pmmix150_p20_c60,c10_pmmix_150_p20_c60_0006,2.0,0.5,w16421,0.0000,0.0000
10,pmmix150_p20_c60,c10_pmmix_150_p20_c60_0006,2.0,0.5,w27931,0.0000,0.0000
10,pmmix150_p20_c60,c10_pmmix_150_p20_c60_0006,2.0,0.75,w8421,0.0000,0.0000
10,pmmix150_p20_c60,c10_pmmix_150_p20_c60_0006,2.0,0.75,w16421,0.0000,0.0000
10,pmmix150_p20_c60,c10_pmmix_150_p20_c60_0006,2.0,0.75,w27931,0.0000,0.0000
10,pmmix150_p20_c60,c10_pmmix_150_p20_c60_0006,2.0,1.0,w8421,0.0000,0.0000
10,pmmix150_p20_c60,c10_pmmix_150_p20_c60_0006,2.0,1.0,w16421,0.0000,0.0000
10,pmmix150_p20_c60,c10_pmmix_150_p20_c60_0006,2.0,1.0,w27931,0.0000,0.0000
10,pmmix150_p20_c60,c10_pmmix_150_p20_c60_0007,1.0,0.5,w8421,0.0000,0.0000
10,pmmix150_p20_c60,c10_pmmix_150_p20_c60_0007,1.0,0.5,w16421,0.0000,0.0000
10,pmmix150_p20_c60,c10_pmmix_150_p20_c60_0007,1.0,0.5,w27931,0.0000,0.0000
10,pmmix150_p20_c60,c10_pmmix_150_p20_c60_0007,1.0,0.75,w8421,0.0000,0.0000
10,pmmix150_p20_c60,c10_pmmix_150_p20_c60_0007,1.0,0.75,w16421,0.0000,0.0000
10,pmmix150_p20_c60,c10_pmmix_150_p20_c60_0007,1.0,0.75,w27931,0.0000,0.0000
10,pmmix150_p20_c60,c10_pmmix_150_p20_c60_0007,1.0,1.0,w8421,0.0000,0.0000
10,pmmix150_p20_c60,c10_pmmix_150_p20_c60_0007,1.0,1.0,w16421,0.0000,0.0000
10,pmmix150_p20_c60,c10_pmmix_150_p20_c60_0007,1.0,1.0,w27931,0.0000,0.0000
10,pmmix150_p20_c60,c10_pmmix_150_p20_c60_0007,2.0,0.5,w8421,0.0000,0.0000
10,pmmix150_p20_c60,c10_pmmix_150_p20_c60_0007,2.0,0.5,w16421,0.0000,0.0000
10,pmmix150_p20_c60,c10_pmmix_150_p20_c60_0007,2.0,0.5,w27931,0.0000,0.0000
10,pmmix150_p20_c60,c10_pmmix_150_p20_c60_0007,2.0,0.75,w8421,0.0000,0.0000
10,pmmix150_p20_c60,c10_pmmix_150_p20_c60_0007,2.0,0.75,w16421,0.0000,0.0000
10,pmmix150_p20_c60,c10_pmmix_150_p20_c60_0007,2.0,0.75,w27931,0.0000,0.0000
10,pmmix150_p20_c60,c10_pmmix_150_p20_c60_0007,2.0,1.0,w8421,0.0000,0.0000
10,pmmix150_p20_c60,c10_pmmix_150_p20_c60_0007,2.0,1.0,w16421,0.0000,0.0000
10,pmmix150_p20_c60,c10_pmmix_150_p20_c60_0007,2.0,1.0,w27931,0.0000,0.0000
10,pmmix150_p20_c60,c10_pmmix_150_p20_c60_0008,1.0,0.5,w8421,264.4028,264.4028
10,pmmix150_p20_c60,c10_pmmix_150_p20_c60_0008,1.0,0.5,w16421,264.4028,264.4028
10,pmmix150_p20_c60,c10_pmmix_150_p20_c60_0008,1.0,0.5,w27931,594.9063,594.9063
10,pmmix150_p20_c60,c10_pmmix_150_p20_c60_0008,1.0,0.75,w8421,264.4028,264.4028
10,pmmix150_p20_c60,c10_pmmix_150_p20_c60_0008,1.0,0.75,w16421,264.4028,264.4028
10,pmmix150_p20_c60,c10_pmmix_150_p20_c60_0008,1.0,0.75,w27931,594.9063,594.9063
10,pmmix150_p20_c60,c10_pmmix_150_p20_c60_0008,1.0,1.0,w8421,528.8056,528.8056
10,pmmix150_p20_c60,c10_pmmix_150_p20_c60_0008,1.0,1.0,w16421,1057.6112,1057.6112
10,pmmix150_p20_c60,c10_pmmix_150_p20_c60_0008,1.0,1.0,w27931,1784.7189,1784.7189
10,pmmix150_p20_c60,c10_pmmix_150_p20_c60_0008,2.0,0.5,w8421,132.2014,132.2014
10,pmmix150_p20_c60,c10_pmmix_150_p20_c60_0008,2.0,0.5,w16421,132.2014,132.2014
10,pmmix150_p20_c60,c10_pmmix_150_p20_c60_0008,2.0,0.5,w27931,198.3021,198.3021
10,pmmix150_p20_c60,c10_pmmix_150_p20_c60_0008,2.0,0.75,w8421,264.4028,264.4028
10,pmmix150_p20_c60,c10_pmmix_150_p20_c60_0008,2.0,0.75,w16421,264.4028,264.4028
10,pmmix150_p20_c60,c10_pmmix_150_p20_c60_0008,2.0,0.75,w27931,594.9063,594.9063
10,pmmix150_p20_c60,c10_pmmix_150_p20_c60_0008,2.0,1.0,w8421,528.8056,528.8056
10,pmmix150_p20_c60,c10_pmmix_150_p20_c60_0008,2.0,1.0,w16421,1057.6112,1057.6112
10,pmmix150_p20_c60,c10_pmmix_150_p20_c60_0008,2.0,1.0,w27931,1784.7189,1784.7189
10,pmmix150_p20_c60,c10_pmmix_150_p20_c60_0009,1.0,0.5,w8421,18.0912,18.0912
10,pmmix150_p20_c60,c10_pmmix_150_p20_c60_0009,1.0,0.5,w16421,36.1824,36.1824
10,pmmix150_p20_c60,c10_pmmix_150_p20_c60_0009,1.0,0.5,w27931,61.0578,61.0578
10,pmmix150_p20_c60,c10_pmmix_150_p20_c60_0009,1.0,0.75,w8421,18.0912,18.0912
10,pmmix150_p20_c60,c10_pmmix_150_p20_c60_0009,1.0,0.75,w16421,36.1824,36.1824
10,pmmix150_p20_c60,c10_pmmix_150_p20_c60_0009,1.0,0.75,w27931,61.0578,61.0578
10,pmmix150_p20_c60,c10_pmmix_150_p20_c60_0009,1.0,1.0,w8421,18.0912,18.0912
10,pmmix150_p20_c60,c10_pmmix_150_p20_c60_0009,1.0,1.0,w16421,36.1824,36.1824
10,pmmix150_p20_c60,c10_pmmix_150_p20_c60_0009,1.0,1.0,w27931,61.0578,61.0578
10,pmmix150_p20_c60,c10_pmmix_150_p20_c60_0009,2.0,0.5,w8421,18.0912,18.0912
10,pmmix150_p20_c60,c10_pmmix_150_p20_c60_0009,2.0,0.5,w16421,36.1824,36.1824
10,pmmix150_p20_c60,c10_pmmix_150_p20_c60_0009,2.0,0.5,w27931,61.0578,61.0578
10,pmmix150_p20_c60,c10_pmmix_150_p20_c60_0009,2.0,0.75,w8421,18.0912,18.0912
10,pmmix150_p20_c60,c10_pmmix_150_p20_c60_0009,2.0,0.75,w16421,36.1824,36.1824
10,pmmix150_p20_c60,c10_pmmix_150_p20_c60_0009,2.0,0.75,w27931,61.0578,61.0578
10,pmmix150_p20_c60,c10_pmmix_150_p20_c60_0009,2.0,1.0,w8421,18.0912,18.0912
10,pmmix150_p20_c60,c10_pmmix_150_p20_c60_0009,2.0,1.0,w16421,36.1824,36.1824
10,pmmix150_p20_c60,c10_pmmix_150_p20_c60_0009,2.0,1.0,w27931,61.0578,61.0578
10,pmmix150_p20_c60,c10_pmmix_150_p20_c60_0010,1.0,0.5,w8421,66.3264,66.3264
10,pmmix150_p20_c60,c10_pmmix_150_p20_c60_0010,1.0,0.5,w16421,86.2496,86.2496
10,pmmix150_p20_c60,c10_pmmix_150_p20_c60_0010,1.0,0.5,w27931,171.6480,171.6480
10,pmmix150_p20_c60,c10_pmmix_150_p20_c60_0010,1.0,0.75,w8421,66.3264,66.3264
10,pmmix150_p20_c60,c10_pmmix_150_p20_c60_0010,1.0,0.75,w16421,86.2496,86.2496
10,pmmix150_p20_c60,c10_pmmix_150_p20_c60_0010,1.0,0.75,w27931,171.6480,171.6480
10,pmmix150_p20_c60,c10_pmmix_150_p20_c60_0010,1.0,1.0,w8421,66.3264,66.3264
10,pmmix150_p20_c60,c10_pmmix_150_p20_c60_0010,1.0,1.0,w16421,86.2496,86.2496
10,pmmix150_p20_c60,c10_pmmix_150_p20_c60_0010,1.0,1.0,w27931,171.6480,171.6480
10,pmmix150_p20_c60,c10_pmmix_150_p20_c60_0010,2.0,0.5,w8421,112.7296,112.7296
10,pmmix150_p20_c60,c10_pmmix_150_p20_c60_0010,2.0,0.5,w16421,225.4592,225.4592
10,pmmix150_p20_c60,c10_pmmix_150_p20_c60_0010,2.0,0.5,w27931,380.4624,380.4624
10,pmmix150_p20_c60,c10_pmmix_150_p20_c60_0010,2.0,0.75,w8421,112.7296,112.7296
10,pmmix150_p20_c60,c10_pmmix_150_p20_c60_0010,2.0,0.75,w16421,225.4592,225.4592
10,pmmix150_p20_c60,c10_pmmix_150_p20_c60_0010,2.0,0.75,w27931,380.4624,380.4624
10,pmmix150_p20_c60,c10_pmmix_150_p20_c60_0010,2.0,1.0,w8421,66.3264,66.3264
10,pmmix150_p20_c60,c10_pmmix_150_p20_c60_0010,2.0,1.0,w16421,86.2496,86.2496
10,pmmix150_p20_c60,c10_pmmix_150_p20_c60_0010,2.0,1.0,w27931,171.6480,171.6480
10,pmmix150_p20_c60,c10_pmmix_150_p20_c60_0011,1.0,0.5,w8421,0.0000,0.0000
10,pmmix150_p20_c60,c10_pmmix_150_p20_c60_0011,1.0,0.5,w16421,0.0000,0.0000
10,pmmix150_p20_c60,c10_pmmix_150_p20_c60_0011,1.0,0.5,w27931,0.0000,0.0000
10,pmmix150_p20_c60,c10_pmmix_150_p20_c60_0011,1.0,0.75,w8421,0.0000,0.0000
10,pmmix150_p20_c60,c10_pmmix_150_p20_c60_0011,1.0,0.75,w16421,0.0000,0.0000
10,pmmix150_p20_c60,c10_pmmix_150_p20_c60_0011,1.0,0.75,w27931,0.0000,0.0000
10,pmmix150_p20_c60,c10_pmmix_150_p20_c60_0011,1.0,1.0,w8421,0.0000,0.0000
10,pmmix150_p20_c60,c10_pmmix_150_p20_c60_0011,1.0,1.0,w16421,0.0000,0.0000
10,pmmix150_p20_c60,c10_pmmix_150_p20_c60_0011,1.0,1.0,w27931,0.0000,0.0000
10,pmmix150_p20_c60,c10_pmmix_150_p20_c60_0011,2.0,0.5,w8421,0.0000,0.0000
10,pmmix150_p20_c60,c10_pmmix_150_p20_c60_0011,2.0,0.5,w16421,0.0000,0.0000
10,pmmix150_p20_c60,c10_pmmix_150_p20_c60_0011,2.0,0.5,w27931,0.0000,0.0000
10,pmmix150_p20_c60,c10_pmmix_150_p20_c60_0011,2.0,0.75,w8421,0.0000,0.0000
10,pmmix150_p20_c60,c10_pmmix_150_p20_c60_0011,2.0,0.75,w16421,0.0000,0.0000
10,pmmix150_p20_c60,c10_pmmix_150_p20_c60_0011,2.0,0.75,w27931,0.0000,0.0000
10,pmmix150_p20_c60,c10_pmmix_150_p20_c60_0011,2.0,1.0,w8421,0.0000,0.0000
10,pmmix150_p20_c60,c10_pmmix_150_p20_c60_0011,2.0,1.0,w16421,0.0000,0.0000
10,pmmix150_p20_c60,c10_pmmix_150_p20_c60_0011,2.0,1.0,w27931,0.0000,0.0000
10,pmmix150_p20_c60,c10_pmmix_150_p20_c60_0012,1.0,0.5,w8421,0.0000,0.0000
10,pmmix150_p20_c60,c10_pmmix_150_p20_c60_0012,1.0,0.5,w16421,0.0000,0.0000
10,pmmix150_p20_c60,c10_pmmix_150_p20_c60_0012,1.0,0.5,w27931,0.0000,0.0000
10,pmmix150_p20_c60,c10_pmmix_150_p20_c60_0012,1.0,0.75,w8421,0.0000,0.0000
10,pmmix150_p20_c60,c10_pmmix_150_p20_c60_0012,1.0,0.75,w16421,0.0000,0.0000
10,pmmix150_p20_c60,c10_pmmix_150_p20_c60_0012,1.0,0.75,w27931,0.0000,0.0000
10,pmmix150_p20_c60,c10_pmmix_150_p20_c60_0012,1.0,1.0,w8421,0.0000,0.0000
10,pmmix150_p20_c60,c10_pmmix_150_p20_c60_0012,1.0,1.0,w16421,0.0000,0.0000
10,pmmix150_p20_c60,c10_pmmix_150_p20_c60_0012,1.0,1.0,w27931,0.0000,0.0000
10,pmmix150_p20_c60,c10_pmmix_150_p20_c60_0012,2.0,0.5,w8421,0.0000,0.0000
10,pmmix150_p20_c60,c10_pmmix_150_p20_c60_0012,2.0,0.5,w16421,0.0000,0.0000
10,pmmix150_p20_c60,c10_pmmix_150_p20_c60_0012,2.0,0.5,w27931,0.0000,0.0000
10,pmmix150_p20_c60,c10_pmmix_150_p20_c60_0012,2.0,0.75,w8421,0.0000,0.0000
10,pmmix150_p20_c60,c10_pmmix_150_p20_c60_0012,2.0,0.75,w16421,0.0000,0.0000
10,pmmix150_p20_c60,c10_pmmix_150_p20_c60_0012,2.0,0.75,w27931,0.0000,0.0000
10,pmmix150_p20_c60,c10_pmmix_150_p20_c60_0012,2.0,1.0,w8421,0.0000,0.0000
10,pmmix150_p20_c60,c10_pmmix_150_p20_c60_0012,2.0,1.0,w16421,0.0000,0.0000
10,pmmix150_p20_c60,c10_pmmix_150_p20_c60_0012,2.0,1.0,w27931,0.0000,0.0000
10,pmmix150_p20_c60,c10_pmmix_150_p20_c60_0013,1.0,0.5,w8421,0.0000,0.0000
10,pmmix150_p20_c60,c10_pmmix_150_p20_c60_0013,1.0,0.5,w16421,0.0000,0.0000
10,pmmix150_p20_c60,c10_pmmix_150_p20_c60_0013,1.0,0.5,w27931,0.0000,0.0000
10,pmmix150_p20_c60,c10_pmmix_150_p20_c60_0013,1.0,0.75,w8421,0.0000,0.0000
10,pmmix150_p20_c60,c10_pmmix_150_p20_c60_0013,1.0,0.75,w16421,0.0000,0.0000
10,pmmix150_p20_c60,c10_pmmix_150_p20_c60_0013,1.0,0.75,w27931,0.0000,0.0000
10,pmmix150_p20_c60,c10_pmmix_150_p20_c60_0013,1.0,1.0,w8421,0.0000,0.0000
10,pmmix150_p20_c60,c10_pmmix_150_p20_c60_0013,1.0,1.0,w16421,0.0000,0.0000
10,pmmix150_p20_c60,c10_pmmix_150_p20_c60_0013,1.0,1.0,w27931,0.0000,0.0000
10,pmmix150_p20_c60,c10_pmmix_150_p20_c60_0013,2.0,0.5,w8421,0.0000,0.0000
10,pmmix150_p20_c60,c10_pmmix_150_p20_c60_0013,2.0,0.5,w16421,0.0000,0.0000
10,pmmix150_p20_c60,c10_pmmix_150_p20_c60_0013,2.0,0.5,w27931,0.0000,0.0000
10,pmmix150_p20_c60,c10_pmmix_150_p20_c60_0013,2.0,0.75,w8421,0.0000,0.0000
10,pmmix150_p20_c60,c10_pmmix_150_p20_c60_0013,2.0,0.75,w16421,0.0000,0.0000
10,pmmix150_p20_c60,c10_pmmix_150_p20_c60_0013,2.0,0.75,w27931,0.0000,0.0000
10,pmmix150_p20_c60,c10_pmmix_150_p20_c60_0013,2.0,1.0,w8421,0.0000,0.0000
10,pmmix150_p20_c60,c10_pmmix_150_p20_c60_0013,2.0,1.0,w16421,0.0000,0.0000
10,pmmix150_p20_c60,c10_pmmix_150_p20_c60_0013,2.0,1.0,w27931,0.0000,0.0000
10,pmmix150_p20_c60,c10_pmmix_150_p20_c60_0014,1.0,0.5,w8421,130.7084,130.7084
10,pmmix150_p20_c60,c10_pmmix_150_p20_c60_0014,1.0,0.5,w16421,130.7084,130.7084
10,pmmix150_p20_c60,c10_pmmix_150_p20_c60_0014,1.0,0.5,w27931,294.0939,294.0939
10,pmmix150_p20_c60,c10_pmmix_150_p20_c60_0014,1.0,0.75,w8421,130.7084,130.7084
10,pmmix150_p20_c60,c10_pmmix_150_p20_c60_0014,1.0,0.75,w16421,130.7084,130.7084
10,pmmix150_p20_c60,c10_pmmix_150_p20_c60_0014,1.0,0.75,w27931,294.0939,294.0939
10,pmmix150_p20_c60,c10_pmmix_150_p20_c60_0014,1.0,1.0,w8421,65.3542,65.3542
10,pmmix150_p20_c60,c10_pmmix_150_p20_c60_0014,1.0,1.0,w16421,65.3542,65.3542
10,pmmix150_p20_c60,c10_pmmix_150_p20_c60_0014,1.0,1.0,w27931,98.0313,98.0313
10,pmmix150_p20_c60,c10_pmmix_150_p20_c60_0014,2.0,0.5,w8421,130.7084,130.7084
10,pmmix150_p20_c60,c10_pmmix_150_p20_c60_0014,2.0,0.5,w16421,130.7084,130.7084
10,pmmix150_p20_c60,c10_pmmix_150_p20_c60_0014,2.0,0.5,w27931,294.0939,294.0939
10,pmmix150_p20_c60,c10_pmmix_150_p20_c60_0014,2.0,0.75,w8421,65.3542,65.3542
10,pmmix150_p20_c60,c10_pmmix_150_p20_c60_0014,2.0,0.75,w16421,65.3542,65.3542
10,pmmix150_p20_c60,c10_pmmix_150_p20_c60_0014,2.0,0.75,w27931,98.0313,98.0313
10,pmmix150_p20_c60,c10_pmmix_150_p20_c60_0014,2.0,1.0,w8421,32.6771,32.6771
10,pmmix150_p20_c60,c10_pmmix_150_p20_c60_0014,2.0,1.0,w16421,32.6771,32.6771
10,pmmix150_p20_c60,c10_pmmix_150_p20_c60_0014,2.0,1.0,w27931,32.6771,32.6771
10,pmmix150_p20_c60,c10_pmmix_150_p20_c60_0015,1.0,0.5,w8421,89.8704,89.8704
10,pmmix150_p20_c60,c10_pmmix_150_p20_c60_0015,1.0,0.5,w16421,179.7408,179.7408
10,pmmix150_p20_c60,c10_pmmix_150_p20_c60_0015,1.0,0.5,w27931,303.3126,303.3126
10,pmmix150_p20_c60,c10_pmmix_150_p20_c60_0015,1.0,0.75,w8421,89.8704,89.8704
10,pmmix150_p20_c60,c10_pmmix_150_p20_c60_0015,1.0,0.75,w16421,179.7408,179.7408
10,pmmix150_p20_c60,c10_pmmix_150_p20_c60_0015,1.0,0.75,w27931,303.3126,303.3126
10,pmmix150_p20_c60,c10_pmmix_150_p20_c60_0015,1.0,1.0,w8421,44.9352,44.9352
10,pmmix150_p20_c60,c10_pmmix_150_p20_c60_0015,1.0,1.0,w16421,44.9352,44.9352
10,pmmix150_p20_c60,c10_pmmix_150_p20_c60_0015,1.0,1.0,w27931,101.1042,101.1042
10,pmmix150_p20_c60,c10_pmmix_150_p20_c60_0015,2.0,0.5,w8421,89.8704,89.8704
10,pmmix150_p20_c60,c10_pmmix_150_p20_c60_0015,2.0,0.5,w16421,179.7408,179.7408
10,pmmix150_p20_c60,c10_pmmix_150_p20_c60_0015,2.0,0.5,w27931,303.3126,303.3126
10,pmmix150_p20_c60,c10_pmmix_150_p20_c60_0015,2.0,0.75,w8421,89.8704,89.8704
10,pmmix150_p20_c60,c10_pmmix_150_p20_c60_0015,2.0,0.75,w16421,179.7408,179.7408
10,pmmix150_p20_c60,c10_pmmix_150_p20_c60_0015,2.0,0.75,w27931,303.3126,303.3126
10,pmmix150_p20_c60,c10_pmmix_150_p20_c60_0015,2.0,1.0,w8421,44.9352,44.9352
10,pmmix150_p20_c60,c10_pmmix_150_p20_c60_0015,2.0,1.0,w16421,44.9352,44.9352
10,pmmix150_p20_c60,c10_pmmix_150_p20_c60_0015,2.0,1.0,w27931,101.1042,101.1042
10,pmmix150_p20_c60,c10_pmmix_150_p20_c60_0016,1.0,0.5,w8421,89.6448,89.6448
10,pmmix150_p20_c60,c10_pmmix_150_p20_c60_0016,1.0,0.5,w16421,179.2896,179.2896
10,pmmix150_p20_c60,c10_pmmix_150_p20_c60_0016,1.0,0.5,w27931,302.5512,302.5512
10,pmmix150_p20_c60,c10_pmmix_150_p20_c60_0016,1.0,0.75,w8421,89.6448,89.6448
10,pmmix150_p20_c60,c10_pmmix_150_p20_c60_0016,1.0,0.75,w16421,179.2896,179.2896
10,pmmix150_p20_c60,c10_pmmix_150_p20_c60_0016,1.0,0.75,w27931,302.5512,302.5512
10,pmmix150_p20_c60,c10_pmmix_150_p20_c60_0016,1.0,1.0,w8421,89.6448,89.6448
10,pmmix150_p20_c60,c10_pmmix_150_p20_c60_0016,1.0,1.0,w16421,179.2896,179.2896
10,pmmix150_p20_c60,c10_pmmix_150_p20_c60_0016,1.0,1.0,w27931,302.5512,302.5512
10,pmmix150_p20_c60,c10_pmmix_150_p20_c60_0016,2.0,0.5,w8421,89.6448,89.6448
10,pmmix150_p20_c60,c10_pmmix_150_p20_c60_0016,2.0,0.5,w16421,179.2896,179.2896
10,pmmix150_p20_c60,c10_pmmix_150_p20_c60_0016,2.0,0.5,w27931,302.5512,302.5512
10,pmmix150_p20_c60,c10_pmmix_150_p20_c60_0016,2.0,0.75,w8421,89.6448,89.6448
10,pmmix150_p20_c60,c10_pmmix_150_p20_c60_0016,2.0,0.75,w16421,179.2896,179.2896
10,pmmix150_p20_c60,c10_pmmix_150_p20_c60_0016,2.0,0.75,w27931,302.5512,302.5512
10,pmmix150_p20_c60,c10_pmmix_150_p20_c60_0016,2.0,1.0,w8421,89.6448,89.6448
10,pmmix150_p20_c60,c10_pmmix_150_p20_c60_0016,2.0,1.0,w16421,179.2896,179.2896
10,pmmix150_p20_c60,c10_pmmix_150_p20_c60_0016,2.0,1.0,w27931,302.5512,302.5512
10,pmmix150_p20_c60,c10_pmmix_150_p20_c60_0017,1.0,0.5,w8421,0.0000,0.0000
10,pmmix150_p20_c60,c10_pmmix_150_p20_c60_0017,1.0,0.5,w16421,0.0000,0.0000
10,pmmix150_p20_c60,c10_pmmix_150_p20_c60_0017,1.0,0.5,w27931,0.0000,0.0000
10,pmmix150_p20_c60,c10_pmmix_150_p20_c60_0017,1.0,0.75,w8421,0.0000,0.0000
10,pmmix150_p20_c60,c10_pmmix_150_p20_c60_0017,1.0,0.75,w16421,0.0000,0.0000
10,pmmix150_p20_c60,c10_pmmix_150_p20_c60_0017,1.0,0.75,w27931,0.0000,0.0000
10,pmmix150_p20_c60,c10_pmmix_150_p20_c60_0017,1.0,1.0,w8421,0.0000,0.0000
10,pmmix150_p20_c60,c10_pmmix_150_p20_c60_0017,1.0,1.0,w16421,0.0000,0.0000
10,pmmix150_p20_c60,c10_pmmix_150_p20_c60_0017,1.0,1.0,w27931,0.0000,0.0000
10,pmmix150_p20_c60,c10_pmmix_150_p20_c60_0017,2.0,0.5,w8421,0.0000,0.0000
10,pmmix150_p20_c60,c10_pmmix_150_p20_c60_0017,2.0,0.5,w16421,0.0000,0.0000
10,pmmix150_p20_c60,c10_pmmix_150_p20_c60_0017,2.0,0.5,w27931,0.0000,0.0000
10,pmmix150_p20_c60,c10_pmmix_150_p20_c60_0017,2.0,0.75,w8421,0.0000,0.0000
10,pmmix150_p20_c60,c10_pmmix_150_p20_c60_0017,2.0,0.75,w16421,0.0000,0.0000
10,pmmix150_p20_c60,c10_pmmix_150_p20_c60_0017,2.0,0.75,w27931,0.0000,0.0000
10,pmmix150_p20_c60,c10_pmmix_150_p20_c60_0017,2.0,1.0,w8421,0.0000,0.0000
10,pmmix150_p20_c60,c10_pmmix_150_p20_c60_0017,2.0,1.0,w16421,0.0000,0.0000
10,pmmix150_p20_c60,c10_pmmix_150_p20_c60_0017,2.0,1.0,w27931,0.0000,0.0000
10,pmmix150_p20_c60,c10_pmmix_150_p20_c60_0018,1.0,0.5,w8421,193.1524,193.1524
10,pmmix150_p20_c60,c10_pmmix_150_p20_c60_0018,1.0,0.5,w16421,342.4828,342.4828
10,pmmix150_p20_c60,c10_pmmix_150_p20_c60_0018,1.0,0.5,w27931,602.5896,602.5896
10,pmmix150_p20_c60,c10_pmmix_150_p20_c60_0018,1.0,0.75,w8421,193.1524,193.1524
10,pmmix150_p20_c60,c10_pmmix_150_p20_c60_0018,1.0,0.75,w16421,342.4828,342.4828
10,pmmix150_p20_c60,c10_pmmix_150_p20_c60_0018,1.0,0.75,w27931,602.5896,602.5896
10,pmmix150_p20_c60,c10_pmmix_150_p20_c60_0018,1.0,1.0,w8421,236.9744,236.9744
10,pmmix150_p20_c60,c10_pmmix_150_p20_c60_0018,1.0,1.0,w16421,473.9488,473.9488
10,pmmix150_p20_c60,c10_pmmix_150_p20_c60_0018,1.0,1.0,w27931,799.7886,799.7886
10,pmmix150_p20_c60,c10_pmmix_150_p20_c60_0018,2.0,0.5,w8421,171.2414,171.2414
10,pmmix150_p20_c60,c10_pmmix_150_p20_c60_0018,2.0,0.5,w16421,320.5718,320.5718
10,pmmix150_p20_c60,c10_pmmix_150_p20_c60_0018,2.0,0.5,w27931,536.8566,536.8566
10,pmmix150_p20_c60,c10_pmmix_150_p20_c60_0018,2.0,0.75,w8421,193.1524,193.1524
10,pmmix150_p20_c60,c10_pmmix_150_p20_c60_0018,2.0,0.75,w16421,342.4828,342.4828
10,pmmix150_p20_c60,c10_pmmix_150_p20_c60_0018,2.0,0.75,w27931,602.5896,602.5896
10,pmmix150_p20_c60,c10_pmmix_150_p20_c60_0018,2.0,1.0,w8421,236.9744,236.9744
10,pmmix150_p20_c60,c10_pmmix_150_p20_c60_0018,2.0,1.0,w16421,473.9488,473.9488
10,pmmix150_p20_c60,c10_pmmix_150_p20_c60_0018,2.0,1.0,w27931,799.7886,799.7886
10,pmmix150_p20_c60,c10_pmmix_150_p20_c60_0019,1.0,0.5,w8421,260.4032,260.4032
10,pmmix150_p20_c60,c10_pmmix_150_p20_c60_0019,1.0,0.5,w16421,520.8064,520.8064
10,pmmix150_p20_c60,c10_pmmix_150_p20_c60_0019,1.0,0.5,w27931,878.8608,878.8608
10,pmmix150_p20_c60,c10_pmmix_150_p20_c60_0019,1.0,0.75,w8421,260.4032,260.4032
10,pmmix150_p20_c60,c10_pmmix_150_p20_c60_0019,1.0,0.75,w16421,520.8064,520.8064
10,pmmix150_p20_c60,c10_pmmix_150_p20_c60_0019,1.0,0.75,w27931,878.8608,878.8608
10,pmmix150_p20_c60,c10_pmmix_150_p20_c60_0019,1.0,1.0,w8421,260.4032,260.4032
10,pmmix150_p20_c60,c10_pmmix_150_p20_c60_0019,1.0,1.0,w16421,520.8064,520.8064
10,pmmix150_p20_c60,c10_pmmix_150_p20_c60_0019,1.0,1.0,w27931,878.8608,878.8608
10,pmmix150_p20_c60,c10_pmmix_150_p20_c60_0019,2.0,0.5,w8421,260.4032,260.4032
10,pmmix150_p20_c60,c10_pmmix_150_p20_c60_0019,2.0,0.5,w16421,520.8064,520.8064
10,pmmix150_p20_c60,c10_pmmix_150_p20_c60_0019,2.0,0.5,w27931,878.8608,878.8608
10,pmmix150_p20_c60,c10_pmmix_150_p20_c60_0019,2.0,0.75,w8421,260.4032,260.4032
10,pmmix150_p20_c60,c10_pmmix_150_p20_c60_0019,2.0,0.75,w16421,520.8064,520.8064
10,pmmix150_p20_c60,c10_pmmix_150_p20_c60_0019,2.0,0.75,w27931,878.8608,878.8608
10,pmmix150_p20_c60,c10_pmmix_150_p20_c60_0019,2.0,1.0,w8421,260.4032,260.4032
10,pmmix150_p20_c60,c10_pmmix_150_p20_c60_0019,2.0,1.0,w16421,520.8064,520.8064
10,pmmix150_p20_c60,c10_pmmix_150_p20_c60_0019,2.0,1.0,w27931,878.8608,878.8608
10,pmmix150_p20_c60,c10_pmmix_150_p20_c60_0020,1.0,0.5,w8421,255.3864,255.3864
10,pmmix150_p20_c60,c10_pmmix_150_p20_c60_0020,1.0,0.5,w16421,510.7728,510.7728
10,pmmix150_p20_c60,c10_pmmix_150_p20_c60_0020,1.0,0.5,w27931,861.9291,861.9291
10,pmmix150_p20_c60,c10_pmmix_150_p20_c60_0020,1.0,0.75,w8421,255.3864,255.3864
10,pmmix150_p20_c60,c10_pmmix_150_p20_c60_0020,1.0,0.75,w16421,510.7728,510.7728
10,pmmix150_p20_c60,c10_pmmix_150_p20_c60_0020,1.0,0.75,w27931,861.9291,861.9291
10,pmmix150_p20_c60,c10_pmmix_150_p20_c60_0020,1.0,1.0,w8421,255.3864,255.3864
10,pmmix150_p20_c60,c10_pmmix_150_p20_c60_0020,1.0,1.0,w16421,510.7728,510.7728
10,pmmix150_p20_c60,c10_pmmix_150_p20_c60_0020,1.0,1.0,w27931,861.9291,861.9291
10,pmmix150_p20_c60,c10_pmmix_150_p20_c60_0020,2.0,0.5,w8421,255.3864,255.3864
10,pmmix150_p20_c60,c10_pmmix_150_p20_c60_0020,2.0,0.5,w16421,510.7728,510.7728
10,pmmix150_p20_c60,c10_pmmix_150_p20_c60_0020,2.0,0.5,w27931,861.9291,861.9291
10,pmmix150_p20_c60,c10_pmmix_150_p20_c60_0020,2.0,0.75,w8421,255.3864,255.3864
10,pmmix150_p20_c60,c10_pmmix_150_p20_c60_0020,2.0,0.75,w16421,510.7728,510.7728
10,pmmix150_p20_c60,c10_pmmix_150_p20_c60_0020,2.0,0.75,w27931,861.9291,861.9291
10,pmmix150_p20_c60,c10_pmmix_150_p20_c60_0020,2.0,1.0,w8421,255.3864,255.3864
10,pmmix150_p20_c60,c10_pmmix_150_p20_c60_0020,2.0,1.0,w16421,510.7728,510.7728
10,pmmix150_p20_c60,c10_pmmix_150_p20_c60_0020,2.0,1.0,w27931,861.9291,861.9291
10,pmmix150_p20_c60,c10_pmmix_150_p20_c60_0021,1.0,0.5,w8421,0.0000,0.0000
10,pmmix150_p20_c60,c10_pmmix_150_p20_c60_0021,1.0,0.5,w16421,0.0000,0.0000
10,pmmix150_p20_c60,c10_pmmix_150_p20_c60_0021,1.0,0.5,w27931,0.0000,0.0000
10,pmmix150_p20_c60,c10_pmmix_150_p20_c60_0021,1.0,0.75,w8421,0.0000,0.0000
10,pmmix150_p20_c60,c10_pmmix_150_p20_c60_0021,1.0,0.75,w16421,0.0000,0.0000
10,pmmix150_p20_c60,c10_pmmix_150_p20_c60_0021,1.0,0.75,w27931,0.0000,0.0000
10,pmmix150_p20_c60,c10_pmmix_150_p20_c60_0021,1.0,1.0,w8421,0.0000,0.0000
10,pmmix150_p20_c60,c10_pmmix_150_p20_c60_0021,1.0,1.0,w16421,0.0000,0.0000
10,pmmix150_p20_c60,c10_pmmix_150_p20_c60_0021,1.0,1.0,w27931,0.0000,0.0000
10,pmmix150_p20_c60,c10_pmmix_150_p20_c60_0021,2.0,0.5,w8421,0.0000,0.0000
10,pmmix150_p20_c60,c10_pmmix_150_p20_c60_0021,2.0,0.5,w16421,0.0000,0.0000
10,pmmix150_p20_c60,c10_pmmix_150_p20_c60_0021,2.0,0.5,w27931,0.0000,0.0000
10,pmmix150_p20_c60,c10_pmmix_150_p20_c60_0021,2.0,0.75,w8421,0.0000,0.0000
10,pmmix150_p20_c60,c10_pmmix_150_p20_c60_0021,2.0,0.75,w16421,0.0000,0.0000
10,pmmix150_p20_c60,c10_pmmix_150_p20_c60_0021,2.0,0.75,w27931,0.0000,0.0000
10,pmmix150_p20_c60,c10_pmmix_150_p20_c60_0021,2.0,1.0,w8421,0.0000,0.0000
10,pmmix150_p20_c60,c10_pmmix_150_p20_c60_0021,2.0,1.0,w16421,0.0000,0.0000
10,pmmix150_p20_c60,c10_pmmix_150_p20_c60_0021,2.0,1.0,w27931,0.0000,0.0000
10,pmmix150_p20_c60,c10_pmmix_150_p20_c60_0022,1.0,0.5,w8421,0.0000,0.0000
10,pmmix150_p20_c60,c10_pmmix_150_p20_c60_0022,1.0,0.5,w16421,0.0000,0.0000
10,pmmix150_p20_c60,c10_pmmix_150_p20_c60_0022,1.0,0.5,w27931,0.0000,0.0000
10,pmmix150_p20_c60,c10_pmmix_150_p20_c60_0022,1.0,0.75,w8421,0.0000,0.0000
10,pmmix150_p20_c60,c10_pmmix_150_p20_c60_0022,1.0,0.75,w16421,0.0000,0.0000
10,pmmix150_p20_c60,c10_pmmix_150_p20_c60_0022,1.0,0.75,w27931,0.0000,0.0000
10,pmmix150_p20_c60,c10_pmmix_150_p20_c60_0022,1.0,1.0,w8421,0.0000,0.0000
10,pmmix150_p20_c60,c10_pmmix_150_p20_c60_0022,1.0,1.0,w16421,0.0000,0.0000
10,pmmix150_p20_c60,c10_pmmix_150_p20_c60_0022,1.0,1.0,w27931,0.0000,0.0000
10,pmmix150_p20_c60,c10_pmmix_150_p20_c60_0022,2.0,0.5,w8421,0.0000,0.0000
10,pmmix150_p20_c60,c10_pmmix_150_p20_c60_0022,2.0,0.5,w16421,0.0000,0.0000
10,pmmix150_p20_c60,c10_pmmix_150_p20_c60_0022,2.0,0.5,w27931,0.0000,0.0000
10,pmmix150_p20_c60,c10_pmmix_150_p20_c60_0022,2.0,0.75,w8421,0.0000,0.0000
10,pmmix150_p20_c60,c10_pmmix_150_p20_c60_0022,2.0,0.75,w16421,0.0000,0.0000
10,pmmix150_p20_c60,c10_pmmix_150_p20_c60_0022,2.0,0.75,w27931,0.0000,0.0000
10,pmmix150_p20_c60,c10_pmmix_150_p20_c60_0022,2.0,1.0,w8421,0.0000,0.0000
10,pmmix150_p20_c60,c10_pmmix_150_p20_c60_0022,2.0,1.0,w16421,0.0000,0.0000
10,pmmix150_p20_c60,c10_pmmix_150_p20_c60_0022,2.0,1.0,w27931,0.0000,0.0000
10,pmmix150_p20_c60,c10_pmmix_150_p20_c60_0023,1.0,0.5,w8421,160.2176,160.2176
10,pmmix150_p20_c60,c10_pmmix_150_p20_c60_0023,1.0,0.5,w16421,320.4352,320.4352
10,pmmix150_p20_c60,c10_pmmix_150_p20_c60_0023,1.0,0.5,w27931,540.7344,540.7344
10,pmmix150_p20_c60,c10_pmmix_150_p20_c60_0023,1.0,0.75,w8421,160.2176,160.2176
10,pmmix150_p20_c60,c10_pmmix_150_p20_c60_0023,1.0,0.75,w16421,320.4352,320.4352
10,pmmix150_p20_c60,c10_pmmix_150_p20_c60_0023,1.0,0.75,w27931,540.7344,540.7344
10,pmmix150_p20_c60,c10_pmmix_150_p20_c60_0023,1.0,1.0,w8421,130.5904,130.5904
10,pmmix150_p20_c60,c10_pmmix_150_p20_c60_0023,1.0,1.0,w16421,231.5536,231.5536
10,pmmix150_p20_c60,c10_pmmix_150_p20_c60_0023,1.0,1.0,w27931,407.4120,407.4120
10,pmmix150_p20_c60,c10_pmmix_150_p20_c60_0023,2.0,0.5,w8421,130.5904,130.5904
10,pmmix150_p20_c60,c10_pmmix_150_p20_c60_0023,2.0,0.5,w16421,231.5536,231.5536
10,pmmix150_p20_c60,c10_pmmix_150_p20_c60_0023,2.0,0.5,w27931,407.4120,407.4120
10,pmmix150_p20_c60,c10_pmmix_150_p20_c60_0023,2.0,0.75,w8421,130.5904,130.5904
10,pmmix150_p20_c60,c10_pmmix_150_p20_c60_0023,2.0,0.75,w16421,231.5536,231.5536
10,pmmix150_p20_c60,c10_pmmix_150_p20_c60_0023,2.0,0.75,w27931,407.4120,407.4120
10,pmmix150_p20_c60,c10_pmmix_150_p20_c60_0023,2.0,1.0,w8421,130.5904,130.5904
10,pmmix150_p20_c60,c10_pmmix_150_p20_c60_0023,2.0,1.0,w16421,231.5536,231.5536
10,pmmix150_p20_c60,c10_pmmix_150_p20_c60_0023,2.0,1.0,w27931,407.4120,407.4120
10,pmmix150_p20_c60,c10_pmmix_150_p20_c60_0024,1.0,0.5,w8421,1.9016,1.9016
10,pmmix150_p20_c60,c10_pmmix_150_p20_c60_0024,1.0,0.5,w16421,3.8032,3.8032
10,pmmix150_p20_c60,c10_pmmix_150_p20_c60_0024,1.0,0.5,w27931,6.4179,6.4179
10,pmmix150_p20_c60,c10_pmmix_150_p20_c60_0024,1.0,0.75,w8421,1.9016,1.9016
10,pmmix150_p20_c60,c10_pmmix_150_p20_c60_0024,1.0,0.75,w16421,3.8032,3.8032
10,pmmix150_p20_c60,c10_pmmix_150_p20_c60_0024,1.0,0.75,w27931,6.4179,6.4179
10,pmmix150_p20_c60,c10_pmmix_150_p20_c60_0024,1.0,1.0,w8421,1.9016,1.9016
10,pmmix150_p20_c60,c10_pmmix_150_p20_c60_0024,1.0,1.0,w16421,3.8032,3.8032
10,pmmix150_p20_c60,c10_pmmix_150_p20_c60_0024,1.0,1.0,w27931,6.4179,6.4179
10,pmmix150_p20_c60,c10_pmmix_150_p20_c60_0024,2.0,0.5,w8421,1.9016,1.9016
10,pmmix150_p20_c60,c10_pmmix_150_p20_c60_0024,2.0,0.5,w16421,3.8032,3.8032
10,pmmix150_p20_c60,c10_pmmix_150_p20_c60_0024,2.0,0.5,w27931,6.4179,6.4179
10,pmmix150_p20_c60,c10_pmmix_150_p20_c60_0024,2.0,0.75,w8421,1.9016,1.9016
10,pmmix150_p20_c60,c10_pmmix_150_p20_c60_0024,2.0,0.75,w16421,3.8032,3.8032
10,pmmix150_p20_c60,c10_pmmix_150_p20_c60_0024,2.0,0.75,w27931,6.4179,6.4179
10,pmmix150_p20_c60,c10_pmmix_150_p20_c60_0024,2.0,1.0,w8421,1.9016,1.9016
10,pmmix150_p20_c60,c10_pmmix_150_p20_c60_0024,2.0,1.0,w16421,3.8032,3.8032
10,pmmix150_p20_c60,c10_pmmix_150_p20_c60_0024,2.0,1.0,w27931,6.4179,6.4179
10,pmmix150_p20_c60,c10_pmmix_150_p20_c60_0025,1.0,0.5,w8421,0.0000,0.0000
10,pmmix150_p20_c60,c10_pmmix_150_p20_c60_0025,1.0,0.5,w16421,0.0000,0.0000
10,pmmix150_p20_c60,c10_pmmix_150_p20_c60_0025,1.0,0.5,w27931,0.0000,0.0000
10,pmmix150_p20_c60,c10_pmmix_150_p20_c60_0025,1.0,0.75,w8421,0.0000,0.0000
10,pmmix150_p20_c60,c10_pmmix_150_p20_c60_0025,1.0,0.75,w16421,0.0000,0.0000
10,pmmix150_p20_c60,c10_pmmix_150_p20_c60_0025,1.0,0.75,w27931,0.0000,0.0000
10,pmmix150_p20_c60,c10_pmmix_150_p20_c60_0025,1.0,1.0,w8421,0.0000,0.0000
10,pmmix150_p20_c60,c10_pmmix_150_p20_c60_0025,1.0,1.0,w16421,0.0000,0.0000
10,pmmix150_p20_c60,c10_pmmix_150_p20_c60_0025,1.0,1.0,w27931,0.0000,0.0000
10,pmmix150_p20_c60,c10_pmmix_150_p20_c60_0025,2.0,0.5,w8421,0.0000,0.0000
10,pmmix150_p20_c60,c10_pmmix_150_p20_c60_0025,2.0,0.5,w16421,0.0000,0.0000
10,pmmix150_p20_c60,c10_pmmix_150_p20_c60_0025,2.0,0.5,w27931,0.0000,0.0000
10,pmmix150_p20_c60,c10_pmmix_150_p20_c60_0025,2.0,0.75,w8421,0.0000,0.0000
10,pmmix150_p20_c60,c10_pmmix_150_p20_c60_0025,2.0,0.75,w16421,0.0000,0.0000
10,pmmix150_p20_c60,c10_pmmix_150_p20_c60_0025,2.0,0.75,w27931,0.0000,0.0000
10,pmmix150_p20_c60,c10_pmmix_150_p20_c60_0025,2.0,1.0,w8421,0.0000,0.0000
10,pmmix150_p20_c60,c10_pmmix_150_p20_c60_0025,2.0,1.0,w16421,0.0000,0.0000
10,pmmix150_p20_c60,c10_pmmix_150_p20_c60_0025,2.0,1.0,w27931,0.0000,0.0000
10,pmmix150_p20_c60,c10_pmmix_150_p20_c60_0026,1.0,0.5,w8421,0.0000,0.0000
10,pmmix150_p20_c60,c10_pmmix_150_p20_c60_0026,1.0,0.5,w16421,0.0000,0.0000
10,pmmix150_p20_c60,c10_pmmix_150_p20_c60_0026,1.0,0.5,w27931,0.0000,0.0000
10,pmmix150_p20_c60,c10_pmmix_150_p20_c60_0026,1.0,0.75,w8421,0.0000,0.0000
10,pmmix150_p20_c60,c10_pmmix_150_p20_c60_0026,1.0,0.75,w16421,0.0000,0.0000
10,pmmix150_p20_c60,c10_pmmix_150_p20_c60_0026,1.0,0.75,w27931,0.0000,0.0000
10,pmmix150_p20_c60,c10_pmmix_150_p20_c60_0026,1.0,1.0,w8421,0.0000,0.0000
10,pmmix150_p20_c60,c10_pmmix_150_p20_c60_0026,1.0,1.0,w16421,0.0000,0.0000
10,pmmix150_p20_c60,c10_pmmix_150_p20_c60_0026,1.0,1.0,w27931,0.0000,0.0000
10,pmmix150_p20_c60,c10_pmmix_150_p20_c60_0026,2.0,0.5,w8421,0.0000,0.0000
10,pmmix150_p20_c60,c10_pmmix_150_p20_c60_0026,2.0,0.5,w16421,0.0000,0.0000
10,pmmix150_p20_c60,c10_pmmix_150_p20_c60_0026,2.0,0.5,w27931,0.0000,0.0000
10,pmmix150_p20_c60,c10_pmmix_150_p20_c60_0026,2.0,0.75,w8421,0.0000,0.0000
10,pmmix150_p20_c60,c10_pmmix_150_p20_c60_0026,2.0,0.75,w16421,0.0000,0.0000
10,pmmix150_p20_c60,c10_pmmix_150_p20_c60_0026,2.0,0.75,w27931,0.0000,0.0000
10,pmmix150_p20_c60,c10_pmmix_150_p20_c60_0026,2.0,1.0,w8421,0.0000,0.0000
10,pmmix150_p20_c60,c10_pmmix_150_p20_c60_0026,2.0,1.0,w16421,0.0000,0.0000
10,pmmix150_p20_c60,c10_pmmix_150_p20_c60_0026,2.0,1.0,w27931,0.0000,0.0000
10,pmmix150_p20_c60,c10_pmmix_150_p20_c60_0027,1.0,0.5,w8421,0.0000,0.0000
10,pmmix150_p20_c60,c10_pmmix_150_p20_c60_0027,1.0,0.5,w16421,0.0000,0.0000
10,pmmix150_p20_c60,c10_pmmix_150_p20_c60_0027,1.0,0.5,w27931,0.0000,0.0000
10,pmmix150_p20_c60,c10_pmmix_150_p20_c60_0027,1.0,0.75,w8421,0.0000,0.0000
10,pmmix150_p20_c60,c10_pmmix_150_p20_c60_0027,1.0,0.75,w16421,0.0000,0.0000
10,pmmix150_p20_c60,c10_pmmix_150_p20_c60_0027,1.0,0.75,w27931,0.0000,0.0000
10,pmmix150_p20_c60,c10_pmmix_150_p20_c60_0027,1.0,1.0,w8421,0.0000,0.0000
10,pmmix150_p20_c60,c10_pmmix_150_p20_c60_0027,1.0,1.0,w16421,0.0000,0.0000
10,pmmix150_p20_c60,c10_pmmix_150_p20_c60_0027,1.0,1.0,w27931,0.0000,0.0000
10,pmmix150_p20_c60,c10_pmmix_150_p20_c60_0027,2.0,0.5,w8421,0.0000,0.0000
10,pmmix150_p20_c60,c10_pmmix_150_p20_c60_0027,2.0,0.5,w16421,0.0000,0.0000
10,pmmix150_p20_c60,c10_pmmix_150_p20_c60_0027,2.0,0.5,w27931,0.0000,0.0000
10,pmmix150_p20_c60,c10_pmmix_150_p20_c60_0027,2.0,0.75,w8421,0.0000,0.0000
10,pmmix150_p20_c60,c10_pmmix_150_p20_c60_0027,2.0,0.75,w16421,0.0000,0.0000
10,pmmix150_p20_c60,c10_pmmix_150_p20_c60_0027,2.0,0.75,w27931,0.0000,0.0000
10,pmmix150_p20_c60,c10_pmmix_150_p20_c60_0027,2.0,1.0,w8421,0.0000,0.0000
10,pmmix150_p20_c60,c10_pmmix_150_p20_c60_0027,2.0,1.0,w16421,0.0000,0.0000
10,pmmix150_p20_c60,c10_pmmix_150_p20_c60_0027,2.0,1.0,w27931,0.0000,0.0000
10,pmmix150_p20_c60,c10_pmmix_150_p20_c60_0028,1.0,0.5,w8421,0.0000,0.0000
10,pmmix150_p20_c60,c10_pmmix_150_p20_c60_0028,1.0,0.5,w16421,0.0000,0.0000
10,pmmix150_p20_c60,c10_pmmix_150_p20_c60_0028,1.0,0.5,w27931,0.0000,0.0000
10,pmmix150_p20_c60,c10_pmmix_150_p20_c60_0028,1.0,0.75,w8421,0.0000,0.0000
10,pmmix150_p20_c60,c10_pmmix_150_p20_c60_0028,1.0,0.75,w16421,0.0000,0.0000
10,pmmix150_p20_c60,c10_pmmix_150_p20_c60_0028,1.0,0.75,w27931,0.0000,0.0000
10,pmmix150_p20_c60,c10_pmmix_150_p20_c60_0028,1.0,1.0,w8421,0.0000,0.0000
10,pmmix150_p20_c60,c10_pmmix_150_p20_c60_0028,1.0,1.0,w16421,0.0000,0.0000
10,pmmix150_p20_c60,c10_pmmix_150_p20_c60_0028,1.0,1.0,w27931,0.0000,0.0000
10,pmmix150_p20_c60,c10_pmmix_150_p20_c60_0028,2.0,0.5,w8421,0.0000,0.0000
10,pmmix150_p20_c60,c10_pmmix_150_p20_c60_0028,2.0,0.5,w16421,0.0000,0.0000
10,pmmix150_p20_c60,c10_pmmix_150_p20_c60_0028,2.0,0.5,w27931,0.0000,0.0000
10,pmmix150_p20_c60,c10_pmmix_150_p20_c60_0028,2.0,0.75,w8421,0.0000,0.0000
10,pmmix150_p20_c60,c10_pmmix_150_p20_c60_0028,2.0,0.75,w16421,0.0000,0.0000
10,pmmix150_p20_c60,c10_pmmix_150_p20_c60_0028,2.0,0.75,w27931,0.0000,0.0000
10,pmmix150_p20_c60,c10_pmmix_150_p20_c60_0028,2.0,1.0,w8421,0.0000,0.0000
10,pmmix150_p20_c60,c10_pmmix_150_p20_c60_0028,2.0,1.0,w16421,0.0000,0.0000
10,pmmix150_p20_c60,c10_pmmix_150_p20_c60_0028,2.0,1.0,w27931,0.0000,0.0000
10,pmmix150_p20_c60,c10_pmmix_150_p20_c60_0029,1.0,0.5,w8421,192.0840,192.0840
10,pmmix150_p20_c60,c10_pmmix_150_p20_c60_0029,1.0,0.5,w16421,384.1680,384.1680
10,pmmix150_p20_c60,c10_pmmix_150_p20_c60_0029,1.0,0.5,w27931,648.2835,648.2835
10,pmmix150_p20_c60,c10_pmmix_150_p20_c60_0029,1.0,0.75,w8421,192.0840,192.0840
10,pmmix150_p20_c60,c10_pmmix_150_p20_c60_0029,1.0,0.75,w16421,384.1680,384.1680
10,pmmix150_p20_c60,c10_pmmix_150_p20_c60_0029,1.0,0.75,w27931,648.2835,648.2835
10,pmmix150_p20_c60,c10_pmmix_150_p20_c60_0029,1.0,1.0,w8421,192.0840,192.0840
10,pmmix150_p20_c60,c10_pmmix_150_p20_c60_0029,1.0,1.0,w16421,384.1680,384.1680
10,pmmix150_p20_c60,c10_pmmix_150_p20_c60_0029,1.0,1.0,w27931,648.2835,648.2835
10,pmmix150_p20_c60,c10_pmmix_150_p20_c60_0029,2.0,0.5,w8421,192.0840,192.0840
10,pmmix150_p20_c60,c10_pmmix_150_p20_c60_0029,2.0,0.5,w16421,384.1680,384.1680
10,pmmix150_p20_c60,c10_pmmix_150_p20_c60_0029,2.0,0.5,w27931,648.2835,648.2835
10,pmmix150_p20_c60,c10_pmmix_150_p20_c60_0029,2.0,0.75,w8421,192.0840,192.0840
10,pmmix150_p20_c60,c10_pmmix_150_p20_c60_0029,2.0,0.75,w16421,384.1680,384.1680
10,pmmix150_p20_c60,c10_pmmix_150_p20_c60_0029,2.0,0.75,w27931,648.2835,648.2835
10,pmmix150_p20_c60,c10_pmmix_150_p20_c60_0029,2.0,1.0,w8421,192.0840,192.0840
10,pmmix150_p20_c60,c10_pmmix_150_p20_c60_0029,2.0,1.0,w16421,384.1680,384.1680
10,pmmix150_p20_c60,c10_pmmix_150_p20_c60_0029,2.0,1.0,w27931,648.2835,648.2835
