campus,track,level,rule,beta,inst_id,twt_rule,twt_oracle
5,storm,a125_c100,atc,0.5,c05_storm_150_a125_c100_0000,23.2798,23.2798
5,storm,a125_c100,edd,0.5,c05_storm_150_a125_c100_0000,23.2798,23.2798
5,storm,a125_c100,atc,1.0,c05_storm_150_a125_c100_0000,46.0834,46.0834
5,storm,a125_c100,edd,1.0,c05_storm_150_a125_c100_0000,46.0834,46.0834
5,storm,a125_c100,atc,0.5,c05_storm_150_a125_c100_0001,0.0000,0.0000
5,storm,a125_c100,edd,0.5,c05_storm_150_a125_c100_0001,0.0000,0.0000
5,storm,a125_c100,atc,1.0,c05_storm_150_a125_c100_0001,7.8872,7.8872
5,storm,a125_c100,edd,1.0,c05_storm_150_a125_c100_0001,7.8872,7.8872
5,storm,a125_c100,atc,0.5,c05_storm_150_a125_c100_0002,9.4316,9.4316
5,storm,a125_c100,edd,0.5,c05_storm_150_a125_c100_0002,9.4316,9.4316
5,storm,a125_c100,atc,1.0,c05_storm_150_a125_c100_0002,9.4316,9.4316
5,storm,a125_c100,edd,1.0,c05_storm_150_a125_c100_0002,9.4316,9.4316
5,storm,a125_c100,atc,0.5,c05_storm_150_a125_c100_0003,0.0000,0.0000
5,storm,a125_c100,edd,0.5,c05_storm_150_a125_c100_0003,0.0000,0.0000
5,storm,a125_c100,atc,1.0,c05_storm_150_a125_c100_0003,6.7882,6.7882
5,storm,a125_c100,edd,1.0,c05_storm_150_a125_c100_0003,6.7882,6.7882
5,storm,a125_c100,atc,0.5,c05_storm_150_a125_c100_0004,0.0000,0.0000
5,storm,a125_c100,edd,0.5,c05_storm_150_a125_c100_0004,0.0000,0.0000
5,storm,a125_c100,atc,1.0,c05_storm_150_a125_c100_0004,0.0000,0.0000
5,storm,a125_c100,edd,1.0,c05_storm_150_a125_c100_0004,0.0000,0.0000
5,storm,a125_c100,atc,0.5,c05_storm_150_a125_c100_0005,0.0000,0.0000
5,storm,a125_c100,edd,0.5,c05_storm_150_a125_c100_0005,0.0000,0.0000
5,storm,a125_c100,atc,1.0,c05_storm_150_a125_c100_0005,25.4994,25.4994
5,storm,a125_c100,edd,1.0,c05_storm_150_a125_c100_0005,25.4994,25.4994
5,storm,a125_c100,atc,0.5,c05_storm_150_a125_c100_0006,21.6114,21.6114
5,storm,a125_c100,edd,0.5,c05_storm_150_a125_c100_0006,21.6114,21.6114
5,storm,a125_c100,atc,1.0,c05_storm_150_a125_c100_0006,37.2120,37.2120
5,storm,a125_c100,edd,1.0,c05_storm_150_a125_c100_0006,37.2120,37.2120
5,storm,a125_c100,atc,0.5,c05_storm_150_a125_c100_0007,0.0000,0.0000
5,storm,a125_c100,edd,0.5,c05_storm_150_a125_c100_0007,0.0000,0.0000
5,storm,a125_c100,atc,1.0,c05_storm_150_a125_c100_0007,1.8182,1.8182
5,storm,a125_c100,edd,1.0,c05_storm_150_a125_c100_0007,1.8182,1.8182
5,storm,a125_c100,atc,0.5,c05_storm_150_a125_c100_0008,0.0000,0.0000
5,storm,a125_c100,edd,0.5,c05_storm_150_a125_c100_0008,0.0000,0.0000
5,storm,a125_c100,atc,1.0,c05_storm_150_a125_c100_0008,0.0000,0.0000
5,storm,a125_c100,edd,1.0,c05_storm_150_a125_c100_0008,0.0000,0.0000
5,storm,a125_c100,atc,0.5,c05_storm_150_a125_c100_0009,15.1246,15.1246
5,storm,a125_c100,edd,0.5,c05_storm_150_a125_c100_0009,15.1246,15.1246
5,storm,a125_c100,atc,1.0,c05_storm_150_a125_c100_0009,15.1246,15.1246
5,storm,a125_c100,edd,1.0,c05_storm_150_a125_c100_0009,15.1246,15.1246
5,storm,a125_c100,atc,0.5,c05_storm_150_a125_c100_0010,0.0000,0.0000
5,storm,a125_c100,edd,0.5,c05_storm_150_a125_c100_0010,0.0000,0.0000
5,storm,a125_c100,atc,1.0,c05_storm_150_a125_c100_0010,0.0000,0.0000
5,storm,a125_c100,edd,1.0,c05_storm_150_a125_c100_0010,0.0000,0.0000
5,storm,a125_c100,atc,0.5,c05_storm_150_a125_c100_0011,17.3056,17.3056
5,storm,a125_c100,edd,0.5,c05_storm_150_a125_c100_0011,17.3056,17.3056
5,storm,a125_c100,atc,1.0,c05_storm_150_a125_c100_0011,43.2170,43.2170
5,storm,a125_c100,edd,1.0,c05_storm_150_a125_c100_0011,43.2170,43.2170
5,storm,a125_c100,atc,0.5,c05_storm_150_a125_c100_0012,31.0928,31.0928
5,storm,a125_c100,edd,0.5,c05_storm_150_a125_c100_0012,31.0928,31.0928
5,storm,a125_c100,atc,1.0,c05_storm_150_a125_c100_0012,31.8995,31.8995
5,storm,a125_c100,edd,1.0,c05_storm_150_a125_c100_0012,31.8995,31.8995
5,storm,a125_c100,atc,0.5,c05_storm_150_a125_c100_0013,5.2480,5.2480
5,storm,a125_c100,edd,0.5,c05_storm_150_a125_c100_0013,5.2480,5.2480
5,storm,a125_c100,atc,1.0,c05_storm_150_a125_c100_0013,0.0000,0.0000
5,storm,a125_c100,edd,1.0,c05_storm_150_a125_c100_0013,0.0000,0.0000
5,storm,a125_c100,atc,0.5,c05_storm_150_a125_c100_0014,0.0000,0.0000
5,storm,a125_c100,edd,0.5,c05_storm_150_a125_c100_0014,0.0000,0.0000
5,storm,a125_c100,atc,1.0,c05_storm_150_a125_c100_0014,1.8754,1.8754
5,storm,a125_c100,edd,1.0,c05_storm_150_a125_c100_0014,1.8754,1.8754
5,storm,a125_c100,atc,0.5,c05_storm_150_a125_c100_0015,0.0000,0.0000
5,storm,a125_c100,edd,0.5,c05_storm_150_a125_c100_0015,0.0000,0.0000
5,storm,a125_c100,atc,1.0,c05_storm_150_a125_c100_0015,0.0000,0.0000
5,storm,a125_c100,edd,1.0,c05_storm_150_a125_c100_0015,0.0000,0.0000
5,storm,a125_c100,atc,0.5,c05_storm_150_a125_c100_0016,0.0000,0.0000
5,storm,a125_c100,edd,0.5,c05_storm_150_a125_c100_0016,0.0000,0.0000
5,storm,a125_c100,atc,1.0,c05_storm_150_a125_c100_0016,0.0000,0.0000
5,storm,a125_c100,edd,1.0,c05_storm_150_a125_c100_0016,0.0000,0.0000
5,storm,a125_c100,atc,0.5,c05_storm_150_a125_c100_0017,7.5948,7.5948
5,storm,a125_c100,edd,0.5,c05_storm_150_a125_c100_0017,7.5948,7.5948
5,storm,a125_c100,atc,1.0,c05_storm_150_a125_c100_0017,7.5948,7.5948
5,storm,a125_c100,edd,1.0,c05_storm_150_a125_c100_0017,7.5948,7.5948
5,storm,a125_c100,atc,0.5,c05_storm_150_a125_c100_0018,15.2758,15.2758
5,storm,a125_c100,edd,0.5,c05_storm_150_a125_c100_0018,15.2758,15.2758
5,storm,a125_c100,atc,1.0,c05_storm_150_a125_c100_0018,0.0000,0.0000
5,storm,a125_c100,edd,1.0,c05_storm_150_a125_c100_0018,0.0000,0.0000
5,storm,a125_c100,atc,0.5,c05_storm_150_a125_c100_0019,0.0000,0.0000
5,storm,a125_c100,edd,0.5,c05_storm_150_a125_c100_0019,0.0000,0.0000
5,storm,a125_c100,atc,1.0,c05_storm_150_a125_c100_0019,0.0000,0.0000
5,storm,a125_c100,edd,1.0,c05_storm_150_a125_c100_0019,0.0000,0.0000
5,storm,a125_c100,atc,0.5,c05_storm_150_a125_c100_0020,0.0000,0.0000
5,storm,a125_c100,edd,0.5,c05_storm_150_a125_c100_0020,0.0000,0.0000
5,storm,a125_c100,atc,1.0,c05_storm_150_a125_c100_0020,0.0000,0.0000
5,storm,a125_c100,edd,1.0,c05_storm_150_a125_c100_0020,0.0000,0.0000
5,storm,a125_c100,atc,0.5,c05_storm_150_a125_c100_0021,0.0000,0.0000
5,storm,a125_c100,edd,0.5,c05_storm_150_a125_c100_0021,0.0000,0.0000
5,storm,a125_c100,atc,1.0,c05_storm_150_a125_c100_0021,0.0000,0.0000
5,storm,a125_c100,edd,1.0,c05_storm_150_a125_c100_0021,0.0000,0.0000
5,storm,a125_c100,atc,0.5,c05_storm_150_a125_c100_0022,12.1744,12.1744
5,storm,a125_c100,edd,0.5,c05_storm_150_a125_c100_0022,12.1744,12.1744
5,storm,a125_c100,atc,1.0,c05_storm_150_a125_c100_0022,12.1744,12.1744
5,storm,a125_c100,edd,1.0,c05_storm_150_a125_c100_0022,12.1744,12.1744
5,storm,a125_c100,atc,0.5,c05_storm_150_a125_c100_0023,0.0000,0.0000
5,storm,a125_c100,edd,0.5,c05_storm_150_a125_c100_0023,0.0000,0.0000
5,storm,a125_c100,atc,1.0,c05_storm_150_a125_c100_0023,4.5066,4.5066
5,storm,a125_c100,edd,1.0,c05_storm_150_a125_c100_0023,4.5066,4.5066
5,storm,a125_c100,atc,0.5,c05_storm_150_a125_c100_0024,0.0000,0.0000
5,storm,a125_c100,edd,0.5,c05_storm_150_a125_c100_0024,0.0000,0.0000
5,storm,a125_c100,atc,1.0,c05_storm_150_a125_c100_0024,2.0140,2.0140
5,storm,a125_c100,edd,1.0,c05_storm_150_a125_c100_0024,2.0140,2.0140
5,storm,a125_c100,atc,0.5,c05_storm_150_a125_c100_0025,15.1999,15.1999
5,storm,a125_c100,edd,0.5,c05_storm_150_a125_c100_0025,15.1999,15.1999
5,storm,a125_c100,atc,1.0,c05_storm_150_a125_c100_0025,63.7862,63.7862
5,storm,a125_c100,edd,1.0,c05_storm_150_a125_c100_0025,63.7862,63.7862
5,storm,a125_c100,atc,0.5,c05_storm_150_a125_c100_0026,0.0000,0.0000
5,storm,a125_c100,edd,0.5,c05_storm_150_a125_c100_0026,0.0000,0.0000
5,storm,a125_c100,atc,1.0,c05_storm_150_a125_c100_0026,0.0000,0.0000
5,storm,a125_c100,edd,1.0,c05_storm_150_a125_c100_0026,0.0000,0.0000
5,storm,a125_c100,atc,0.5,c05_storm_150_a125_c100_0027,0.0000,0.0000
5,storm,a125_c100,edd,0.5,c05_storm_150_a125_c100_0027,0.0000,0.0000
5,storm,a125_c100,atc,1.0,c05_storm_150_a125_c100_0027,9.4600,9.4600
5,storm,a125_c100,edd,1.0,c05_storm_150_a125_c100_0027,9.4600,9.4600
5,storm,a125_c100,atc,0.5,c05_storm_150_a125_c100_0028,0.0000,0.0000
5,storm,a125_c100,edd,0.5,c05_storm_150_a125_c100_0028,0.0000,0.0000
5,storm,a125_c100,atc,1.0,c05_storm_150_a125_c100_0028,0.0000,0.0000
5,storm,a125_c100,edd,1.0,c05_storm_150_a125_c100_0028,0.0000,0.0000
5,storm,a125_c100,atc,0.5,c05_storm_150_a125_c100_0029,0.0000,0.0000
5,storm,a125_c100,edd,0.5,c05_storm_150_a125_c100_0029,0.0000,0.0000
5,storm,a125_c100,atc,1.0,c05_storm_150_a125_c100_0029,5.0756,5.0756
5,storm,a125_c100,edd,1.0,c05_storm_150_a125_c100_0029,5.0756,5.0756
5,storm,a125_c80,atc,0.5,c05_storm_150_a125_c80_0000,3.4560,3.4560
5,storm,a125_c80,edd,0.5,c05_storm_150_a125_c80_0000,3.4560,3.4560
5,storm,a125_c80,atc,1.0,c05_storm_150_a125_c80_0000,46.0834,46.0834
5,storm,a125_c80,edd,1.0,c05_storm_150_a125_c80_0000,46.0834,46.0834
5,storm,a125_c80,atc,0.5,c05_storm_150_a125_c80_0001,7.8872,7.8872
5,storm,a125_c80,edd,0.5,c05_storm_150_a125_c80_0001,7.8872,7.8872
5,storm,a125_c80,atc,1.0,c05_storm_150_a125_c80_0001,7.8872,7.8872
5,storm,a125_c80,edd,1.0,c05_storm_150_a125_c80_0001,7.8872,7.8872
5,storm,a125_c80,atc,0.5,c05_storm_150_a125_c80_0002,0.0000,0.0000
5,storm,a125_c80,edd,0.5,c05_storm_150_a125_c80_0002,0.0000,0.0000
5,storm,a125_c80,atc,1.0,c05_storm_150_a125_c80_0002,9.4316,9.4316
5,storm,a125_c80,edd,1.0,c05_storm_150_a125_c80_0002,9.4316,9.4316
5,storm,a125_c80,atc,0.5,c05_storm_150_a125_c80_0003,0.1560,0.1560
5,storm,a125_c80,edd,0.5,c05_storm_150_a125_c80_0003,0.1560,0.1560
5,storm,a125_c80,atc,1.0,c05_storm_150_a125_c80_0003,6.7882,6.7882
5,storm,a125_c80,edd,1.0,c05_storm_150_a125_c80_0003,6.7882,6.7882
5,storm,a125_c80,atc,0.5,c05_storm_150_a125_c80_0004,8.3488,8.3488
5,storm,a125_c80,edd,0.5,c05_storm_150_a125_c80_0004,8.3488,8.3488
5,storm,a125_c80,atc,1.0,c05_storm_150_a125_c80_0004,0.0000,0.0000
5,storm,a125_c80,edd,1.0,c05_storm_150_a125_c80_0004,0.0000,0.0000
5,storm,a125_c80,atc,0.5,c05_storm_150_a125_c80_0005,24.0076,24.0076
5,storm,a125_c80,edd,0.5,c05_storm_150_a125_c80_0005,24.0076,24.0076
5,storm,a125_c80,atc,1.0,c05_storm_150_a125_c80_0005,25.4994,25.4994
5,storm,a125_c80,edd,1.0,c05_storm_150_a125_c80_0005,25.4994,25.4994
5,storm,a125_c80,atc,0.5,c05_storm_150_a125_c80_0006,0.0000,0.0000
5,storm,a125_c80,edd,0.5,c05_storm_150_a125_c80_0006,0.0000,0.0000
5,storm,a125_c80,atc,1.0,c05_storm_150_a125_c80_0006,37.2120,37.2120
5,storm,a125_c80,edd,1.0,c05_storm_150_a125_c80_0006,37.2120,37.2120
5,storm,a125_c80,atc,0.5,c05_storm_150_a125_c80_0007,1.8182,1.8182
5,storm,a125_c80,edd,0.5,c05_storm_150_a125_c80_0007,1.8182,1.8182
5,storm,a125_c80,atc,1.0,c05_storm_150_a125_c80_0007,1.8182,1.8182
5,storm,a125_c80,edd,1.0,c05_storm_150_a125_c80_0007,1.8182,1.8182
5,storm,a125_c80,atc,0.5,c05_storm_150_a125_c80_0008,0.0000,0.0000
5,storm,a125_c80,edd,0.5,c05_storm_150_a125_c80_0008,0.0000,0.0000
5,storm,a125_c80,atc,1.0,c05_storm_150_a125_c80_0008,0.0000,0.0000
5,storm,a125_c80,edd,1.0,c05_storm_150_a125_c80_0008,0.0000,0.0000
5,storm,a125_c80,atc,0.5,c05_storm_150_a125_c80_0009,15.1246,15.1246
5,storm,a125_c80,edd,0.5,c05_storm_150_a125_c80_0009,15.1246,15.1246
5,storm,a125_c80,atc,1.0,c05_storm_150_a125_c80_0009,15.1246,15.1246
5,storm,a125_c80,edd,1.0,c05_storm_150_a125_c80_0009,15.1246,15.1246
5,storm,a125_c80,atc,0.5,c05_storm_150_a125_c80_0010,0.0000,0.0000
5,storm,a125_c80,edd,0.5,c05_storm_150_a125_c80_0010,0.0000,0.0000
5,storm,a125_c80,atc,1.0,c05_storm_150_a125_c80_0010,0.0000,0.0000
5,storm,a125_c80,edd,1.0,c05_storm_150_a125_c80_0010,0.0000,0.0000
5,storm,a125_c80,atc,0.5,c05_storm_150_a125_c80_0011,10.6200,10.6200
5,storm,a125_c80,edd,0.5,c05_storm_150_a125_c80_0011,10.6200,10.6200
5,storm,a125_c80,atc,1.0,c05_storm_150_a125_c80_0011,43.2170,43.2170
5,storm,a125_c80,edd,1.0,c05_storm_150_a125_c80_0011,43.2170,43.2170
5,storm,a125_c80,atc,0.5,c05_storm_150_a125_c80_0012,0.8067,0.8067
5,storm,a125_c80,edd,0.5,c05_storm_150_a125_c80_0012,0.8067,0.8067
5,storm,a125_c80,atc,1.0,c05_storm_150_a125_c80_0012,31.8995,31.8995
5,storm,a125_c80,edd,1.0,c05_storm_150_a125_c80_0012,31.8995,31.8995
5,storm,a125_c80,atc,0.5,c05_storm_150_a125_c80_0013,5.2480,5.2480
5,storm,a125_c80,edd,0.5,c05_storm_150_a125_c80_0013,5.2480,5.2480
5,storm,a125_c80,atc,1.0,c05_storm_150_a125_c80_0013,0.0000,0.0000
5,storm,a125_c80,edd,1.0,c05_storm_150_a125_c80_0013,0.0000,0.0000
5,storm,a125_c80,atc,0.5,c05_storm_150_a125_c80_0014,0.0000,0.0000
5,storm,a125_c80,edd,0.5,c05_storm_150_a125_c80_0014,0.0000,0.0000
5,storm,a125_c80,atc,1.0,c05_storm_150_a125_c80_0014,1.8754,1.8754
5,storm,a125_c80,edd,1.0,c05_storm_150_a125_c80_0014,1.8754,1.8754
5,storm,a125_c80,atc,0.5,c05_storm_150_a125_c80_0015,0.0000,0.0000
5,storm,a125_c80,edd,0.5,c05_storm_150_a125_c80_0015,0.0000,0.0000
5,storm,a125_c80,atc,1.0,c05_storm_150_a125_c80_0015,0.0000,0.0000
5,storm,a125_c80,edd,1.0,c05_storm_150_a125_c80_0015,0.0000,0.0000
5,storm,a125_c80,atc,0.5,c05_storm_150_a125_c80_0016,0.0000,0.0000
5,storm,a125_c80,edd,0.5,c05_storm_150_a125_c80_0016,0.0000,0.0000
5,storm,a125_c80,atc,1.0,c05_storm_150_a125_c80_0016,0.0000,0.0000
5,storm,a125_c80,edd,1.0,c05_storm_150_a125_c80_0016,0.0000,0.0000
5,storm,a125_c80,atc,0.5,c05_storm_150_a125_c80_0017,0.0000,0.0000
5,storm,a125_c80,edd,0.5,c05_storm_150_a125_c80_0017,0.0000,0.0000
5,storm,a125_c80,atc,1.0,c05_storm_150_a125_c80_0017,7.5948,7.5948
5,storm,a125_c80,edd,1.0,c05_storm_150_a125_c80_0017,7.5948,7.5948
5,storm,a125_c80,atc,0.5,c05_storm_150_a125_c80_0018,0.0000,0.0000
5,storm,a125_c80,edd,0.5,c05_storm_150_a125_c80_0018,0.0000,0.0000
5,storm,a125_c80,atc,1.0,c05_storm_150_a125_c80_0018,0.0000,0.0000
5,storm,a125_c80,edd,1.0,c05_storm_150_a125_c80_0018,0.0000,0.0000
5,storm,a125_c80,atc,0.5,c05_storm_150_a125_c80_0019,0.0000,0.0000
5,storm,a125_c80,edd,0.5,c05_storm_150_a125_c80_0019,0.0000,0.0000
5,storm,a125_c80,atc,1.0,c05_storm_150_a125_c80_0019,0.0000,0.0000
5,storm,a125_c80,edd,1.0,c05_storm_150_a125_c80_0019,0.0000,0.0000
5,storm,a125_c80,atc,0.5,c05_storm_150_a125_c80_0020,0.0000,0.0000
5,storm,a125_c80,edd,0.5,c05_storm_150_a125_c80_0020,0.0000,0.0000
5,storm,a125_c80,atc,1.0,c05_storm_150_a125_c80_0020,0.0000,0.0000
5,storm,a125_c80,edd,1.0,c05_storm_150_a125_c80_0020,0.0000,0.0000
5,storm,a125_c80,atc,0.5,c05_storm_150_a125_c80_0021,0.0000,0.0000
5,storm,a125_c80,edd,0.5,c05_storm_150_a125_c80_0021,0.0000,0.0000
5,storm,a125_c80,atc,1.0,c05_storm_150_a125_c80_0021,0.0000,0.0000
5,storm,a125_c80,edd,1.0,c05_storm_150_a125_c80_0021,0.0000,0.0000
5,storm,a125_c80,atc,0.5,c05_storm_150_a125_c80_0022,0.0000,0.0000
5,storm,a125_c80,edd,0.5,c05_storm_150_a125_c80_0022,0.0000,0.0000
5,storm,a125_c80,atc,1.0,c05_storm_150_a125_c80_0022,12.1744,12.1744
5,storm,a125_c80,edd,1.0,c05_storm_150_a125_c80_0022,12.1744,12.1744
5,storm,a125_c80,atc,0.5,c05_storm_150_a125_c80_0023,0.0000,0.0000
5,storm,a125_c80,edd,0.5,c05_storm_150_a125_c80_0023,0.0000,0.0000
5,storm,a125_c80,atc,1.0,c05_storm_150_a125_c80_0023,4.5066,4.5066
5,storm,a125_c80,edd,1.0,c05_storm_150_a125_c80_0023,4.5066,4.5066
5,storm,a125_c80,atc,0.5,c05_storm_150_a125_c80_0024,0.0000,0.0000
5,storm,a125_c80,edd,0.5,c05_storm_150_a125_c80_0024,0.0000,0.0000
5,storm,a125_c80,atc,1.0,c05_storm_150_a125_c80_0024,2.0140,2.0140
5,storm,a125_c80,edd,1.0,c05_storm_150_a125_c80_0024,2.0140,2.0140
5,storm,a125_c80,atc,0.5,c05_storm_150_a125_c80_0025,31.7862,31.7862
5,storm,a125_c80,edd,0.5,c05_storm_150_a125_c80_0025,31.7862,31.7862
5,storm,a125_c80,atc,1.0,c05_storm_150_a125_c80_0025,63.7862,63.7862
5,storm,a125_c80,edd,1.0,c05_storm_150_a125_c80_0025,63.7862,63.7862
5,storm,a125_c80,atc,0.5,c05_storm_150_a125_c80_0026,0.0000,0.0000
5,storm,a125_c80,edd,0.5,c05_storm_150_a125_c80_0026,0.0000,0.0000
5,storm,a125_c80,atc,1.0,c05_storm_150_a125_c80_0026,0.0000,0.0000
5,storm,a125_c80,edd,1.0,c05_storm_150_a125_c80_0026,0.0000,0.0000
5,storm,a125_c80,atc,0.5,c05_storm_150_a125_c80_0027,0.0000,0.0000
5,storm,a125_c80,edd,0.5,c05_storm_150_a125_c80_0027,0.0000,0.0000
5,storm,a125_c80,atc,1.0,c05_storm_150_a125_c80_0027,9.4600,9.4600
5,storm,a125_c80,edd,1.0,c05_storm_150_a125_c80_0027,9.4600,9.4600
5,storm,a125_c80,atc,0.5,c05_storm_150_a125_c80_0028,81.8988,81.8988
5,storm,a125_c80,edd,0.5,c05_storm_150_a125_c80_0028,81.8988,81.8988
5,storm,a125_c80,atc,1.0,c05_storm_150_a125_c80_0028,0.0000,0.0000
5,storm,a125_c80,edd,1.0,c05_storm_150_a125_c80_0028,0.0000,0.0000
5,storm,a125_c80,atc,0.5,c05_storm_150_a125_c80_0029,0.0000,0.0000
5,storm,a125_c80,edd,0.5,c05_storm_150_a125_c80_0029,0.0000,0.0000
5,storm,a125_c80,atc,1.0,c05_storm_150_a125_c80_0029,5.0756,5.0756
5,storm,a125_c80,edd,1.0,c05_storm_150_a125_c80_0029,5.0756,5.0756
5,storm,a150_c100,atc,0.5,c05_storm_150_a150_c100_0000,13.6214,13.6214
5,storm,a150_c100,edd,0.5,c05_storm_150_a150_c100_0000,13.6214,13.6214
5,storm,a150_c100,atc,1.0,c05_storm_150_a150_c100_0000,46.0834,46.0834
5,storm,a150_c100,edd,1.0,c05_storm_150_a150_c100_0000,46.0834,46.0834
5,storm,a150_c100,atc,0.5,c05_storm_150_a150_c100_0001,39.8872,39.8872
5,storm,a150_c100,edd,0.5,c05_storm_150_a150_c100_0001,39.8872,39.8872
5,storm,a150_c100,atc,1.0,c05_storm_150_a150_c100_0001,7.8872,7.8872
5,storm,a150_c100,edd,1.0,c05_storm_150_a150_c100_0001,7.8872,7.8872
5,storm,a150_c100,atc,0.5,c05_storm_150_a150_c100_0002,9.4316,9.4316
5,storm,a150_c100,edd,0.5,c05_storm_150_a150_c100_0002,9.4316,9.4316
5,storm,a150_c100,atc,1.0,c05_storm_150_a150_c100_0002,9.4316,9.4316
5,storm,a150_c100,edd,1.0,c05_storm_150_a150_c100_0002,9.4316,9.4316
5,storm,a150_c100,atc,0.5,c05_storm_150_a150_c100_0003,6.7882,6.7882
5,storm,a150_c100,edd,0.5,c05_storm_150_a150_c100_0003,6.7882,6.7882
5,storm,a150_c100,atc,1.0,c05_storm_150_a150_c100_0003,6.7882,6.7882
5,storm,a150_c100,edd,1.0,c05_storm_150_a150_c100_0003,6.7882,6.7882
5,storm,a150_c100,atc,0.5,c05_storm_150_a150_c100_0004,0.0000,0.0000
5,storm,a150_c100,edd,0.5,c05_storm_150_a150_c100_0004,0.0000,0.0000
5,storm,a150_c100,atc,1.0,c05_storm_150_a150_c100_0004,0.0000,0.0000
5,storm,a150_c100,edd,1.0,c05_storm_150_a150_c100_0004,0.0000,0.0000
5,storm,a150_c100,atc,0.5,c05_storm_150_a150_c100_0005,40.6380,40.6380
5,storm,a150_c100,edd,0.5,c05_storm_150_a150_c100_0005,40.6380,40.6380
5,storm,a150_c100,atc,1.0,c05_storm_150_a150_c100_0005,25.4994,25.4994
5,storm,a150_c100,edd,1.0,c05_storm_150_a150_c100_0005,25.4994,25.4994
5,storm,a150_c100,atc,0.5,c05_storm_150_a150_c100_0006,20.7728,20.7728
5,storm,a150_c100,edd,0.5,c05_storm_150_a150_c100_0006,20.7728,20.7728
5,storm,a150_c100,atc,1.0,c05_storm_150_a150_c100_0006,37.2120,37.2120
5,storm,a150_c100,edd,1.0,c05_storm_150_a150_c100_0006,37.2120,37.2120
5,storm,a150_c100,atc,0.5,c05_storm_150_a150_c100_0007,0.0000,0.0000
5,storm,a150_c100,edd,0.5,c05_storm_150_a150_c100_0007,0.0000,0.0000
5,storm,a150_c100,atc,1.0,c05_storm_150_a150_c100_0007,1.8182,1.8182
5,storm,a150_c100,edd,1.0,c05_storm_150_a150_c100_0007,1.8182,1.8182
5,storm,a150_c100,atc,0.5,c05_storm_150_a150_c100_0008,0.0000,0.0000
5,storm,a150_c100,edd,0.5,c05_storm_150_a150_c100_0008,0.0000,0.0000
5,storm,a150_c100,atc,1.0,c05_storm_150_a150_c100_0008,0.0000,0.0000
5,storm,a150_c100,edd,1.0,c05_storm_150_a150_c100_0008,0.0000,0.0000
5,storm,a150_c100,atc,0.5,c05_storm_150_a150_c100_0009,15.1246,15.1246
5,storm,a150_c100,edd,0.5,c05_storm_150_a150_c100_0009,15.1246,15.1246
5,storm,a150_c100,atc,1.0,c05_storm_150_a150_c100_0009,15.1246,15.1246
5,storm,a150_c100,edd,1.0,c05_storm_150_a150_c100_0009,15.1246,15.1246
5,storm,a150_c100,atc,0.5,c05_storm_150_a150_c100_0010,3.6590,3.6590
5,storm,a150_c100,edd,0.5,c05_storm_150_a150_c100_0010,3.6590,3.6590
5,storm,a150_c100,atc,1.0,c05_storm_150_a150_c100_0010,0.0000,0.0000
5,storm,a150_c100,edd,1.0,c05_storm_150_a150_c100_0010,0.0000,0.0000
5,storm,a150_c100,atc,0.5,c05_storm_150_a150_c100_0011,10.6200,10.6200
5,storm,a150_c100,edd,0.5,c05_storm_150_a150_c100_0011,10.6200,10.6200
5,storm,a150_c100,atc,1.0,c05_storm_150_a150_c100_0011,43.2170,43.2170
5,storm,a150_c100,edd,1.0,c05_storm_150_a150_c100_0011,43.2170,43.2170
5,storm,a150_c100,atc,0.5,c05_storm_150_a150_c100_0012,31.0928,31.0928
5,storm,a150_c100,edd,0.5,c05_storm_150_a150_c100_0012,31.0928,31.0928
5,storm,a150_c100,atc,1.0,c05_storm_150_a150_c100_0012,31.8995,31.8995
5,storm,a150_c100,edd,1.0,c05_storm_150_a150_c100_0012,31.8995,31.8995
5,storm,a150_c100,atc,0.5,c05_storm_150_a150_c100_0013,0.0000,0.0000
5,storm,a150_c100,edd,0.5,c05_storm_150_a150_c100_0013,0.0000,0.0000
5,storm,a150_c100,atc,1.0,c05_storm_150_a150_c100_0013,0.0000,0.0000
5,storm,a150_c100,edd,1.0,c05_storm_150_a150_c100_0013,0.0000,0.0000
5,storm,a150_c100,atc,0.5,c05_storm_150_a150_c100_0014,1.8754,1.8754
5,storm,a150_c100,edd,0.5,c05_storm_150_a150_c100_0014,1.8754,1.8754
5,storm,a150_c100,atc,1.0,c05_storm_150_a150_c100_0014,1.8754,1.8754
5,storm,a150_c100,edd,1.0,c05_storm_150_a150_c100_0014,1.8754,1.8754
5,storm,a150_c100,atc,0.5,c05_storm_150_a150_c100_0015,1.5742,1.5742
5,storm,a150_c100,edd,0.5,c05_storm_150_a150_c100_0015,1.5742,1.5742
5,storm,a150_c100,atc,1.0,c05_storm_150_a150_c100_0015,0.0000,0.0000
5,storm,a150_c100,edd,1.0,c05_storm_150_a150_c100_0015,0.0000,0.0000
5,storm,a150_c100,atc,0.5,c05_storm_150_a150_c100_0016,0.0000,0.0000
5,storm,a150_c100,edd,0.5,c05_storm_150_a150_c100_0016,0.0000,0.0000
5,storm,a150_c100,atc,1.0,c05_storm_150_a150_c100_0016,0.0000,0.0000
5,storm,a150_c100,edd,1.0,c05_storm_150_a150_c100_0016,0.0000,0.0000
5,storm,a150_c100,atc,0.5,c05_storm_150_a150_c100_0017,0.0000,0.0000
5,storm,a150_c100,edd,0.5,c05_storm_150_a150_c100_0017,0.0000,0.0000
5,storm,a150_c100,atc,1.0,c05_storm_150_a150_c100_0017,7.5948,7.5948
5,storm,a150_c100,edd,1.0,c05_storm_150_a150_c100_0017,7.5948,7.5948
5,storm,a150_c100,atc,0.5,c05_storm_150_a150_c100_0018,0.0000,0.0000
5,storm,a150_c100,edd,0.5,c05_storm_150_a150_c100_0018,0.0000,0.0000
5,storm,a150_c100,atc,1.0,c05_storm_150_a150_c100_0018,0.0000,0.0000
5,storm,a150_c100,edd,1.0,c05_storm_150_a150_c100_0018,0.0000,0.0000
5,storm,a150_c100,atc,0.5,c05_storm_150_a150_c100_0019,0.0000,0.0000
5,storm,a150_c100,edd,0.5,c05_storm_150_a150_c100_0019,0.0000,0.0000
5,storm,a150_c100,atc,1.0,c05_storm_150_a150_c100_0019,0.0000,0.0000
5,storm,a150_c100,edd,1.0,c05_storm_150_a150_c100_0019,0.0000,0.0000
5,storm,a150_c100,atc,0.5,c05_storm_150_a150_c100_0020,10.1410,10.1410
5,storm,a150_c100,edd,0.5,c05_storm_150_a150_c100_0020,10.1410,10.1410
5,storm,a150_c100,atc,1.0,c05_storm_150_a150_c100_0020,0.0000,0.0000
5,storm,a150_c100,edd,1.0,c05_storm_150_a150_c100_0020,0.0000,0.0000
5,storm,a150_c100,atc,0.5,c05_storm_150_a150_c100_0021,0.0000,0.0000
5,storm,a150_c100,edd,0.5,c05_storm_150_a150_c100_0021,0.0000,0.0000
5,storm,a150_c100,atc,1.0,c05_storm_150_a150_c100_0021,0.0000,0.0000
5,storm,a150_c100,edd,1.0,c05_storm_150_a150_c100_0021,0.0000,0.0000
5,storm,a150_c100,atc,0.5,c05_storm_150_a150_c100_0022,12.1744,12.1744
5,storm,a150_c100,edd,0.5,c05_storm_150_a150_c100_0022,12.1744,12.1744
5,storm,a150_c100,atc,1.0,c05_storm_150_a150_c100_0022,12.1744,12.1744
5,storm,a150_c100,edd,1.0,c05_storm_150_a150_c100_0022,12.1744,12.1744
5,storm,a150_c100,atc,0.5,c05_storm_150_a150_c100_0023,0.0000,0.0000
5,storm,a150_c100,edd,0.5,c05_storm_150_a150_c100_0023,0.0000,0.0000
5,storm,a150_c100,atc,1.0,c05_storm_150_a150_c100_0023,4.5066,4.5066
5,storm,a150_c100,edd,1.0,c05_storm_150_a150_c100_0023,4.5066,4.5066
5,storm,a150_c100,atc,0.5,c05_storm_150_a150_c100_0024,2.0140,2.0140
5,storm,a150_c100,edd,0.5,c05_storm_150_a150_c100_0024,2.0140,2.0140
5,storm,a150_c100,atc,1.0,c05_storm_150_a150_c100_0024,2.0140,2.0140
5,storm,a150_c100,edd,1.0,c05_storm_150_a150_c100_0024,2.0140,2.0140
5,storm,a150_c100,atc,0.5,c05_storm_150_a150_c100_0025,2.2520,2.2520
5,storm,a150_c100,edd,0.5,c05_storm_150_a150_c100_0025,2.2520,2.2520
5,storm,a150_c100,atc,1.0,c05_storm_150_a150_c100_0025,63.7862,63.7862
5,storm,a150_c100,edd,1.0,c05_storm_150_a150_c100_0025,63.7862,63.7862
5,storm,a150_c100,atc,0.5,c05_storm_150_a150_c100_0026,0.0000,0.0000
5,storm,a150_c100,edd,0.5,c05_storm_150_a150_c100_0026,0.0000,0.0000
5,storm,a150_c100,atc,1.0,c05_storm_150_a150_c100_0026,0.0000,0.0000
5,storm,a150_c100,edd,1.0,c05_storm_150_a150_c100_0026,0.0000,0.0000
5,storm,a150_c100,atc,0.5,c05_storm_150_a150_c100_0027,0.0000,0.0000
5,storm,a150_c100,edd,0.5,c05_storm_150_a150_c100_0027,0.0000,0.0000
5,storm,a150_c100,atc,1.0,c05_storm_150_a150_c100_0027,9.4600,9.4600
5,storm,a150_c100,edd,1.0,c05_storm_150_a150_c100_0027,9.4600,9.4600
5,storm,a150_c100,atc,0.5,c05_storm_150_a150_c100_0028,0.0000,0.0000
5,storm,a150_c100,edd,0.5,c05_storm_150_a150_c100_0028,0.0000,0.0000
5,storm,a150_c100,atc,1.0,c05_storm_150_a150_c100_0028,0.0000,0.0000
5,storm,a150_c100,edd,1.0,c05_storm_150_a150_c100_0028,0.0000,0.0000
5,storm,a150_c100,atc,0.5,c05_storm_150_a150_c100_0029,0.0000,0.0000
5,storm,a150_c100,edd,0.5,c05_storm_150_a150_c100_0029,0.0000,0.0000
5,storm,a150_c100,atc,1.0,c05_storm_150_a150_c100_0029,5.0756,5.0756
5,storm,a150_c100,edd,1.0,c05_storm_150_a150_c100_0029,5.0756,5.0756
5,storm,a150_c80,atc,0.5,c05_storm_150_a150_c80_0000,22.8036,22.8036
5,storm,a150_c80,edd,0.5,c05_storm_150_a150_c80_0000,22.8036,22.8036
5,storm,a150_c80,atc,1.0,c05_storm_150_a150_c80_0000,46.0834,46.0834
5,storm,a150_c80,edd,1.0,c05_storm_150_a150_c80_0000,46.0834,46.0834
5,storm,a150_c80,atc,0.5,c05_storm_150_a150_c80_0001,0.0000,0.0000
5,storm,a150_c80,edd,0.5,c05_storm_150_a150_c80_0001,0.0000,0.0000
5,storm,a150_c80,atc,1.0,c05_storm_150_a150_c80_0001,7.8872,7.8872
5,storm,a150_c80,edd,1.0,c05_storm_150_a150_c80_0001,7.8872,7.8872
5,storm,a150_c80,atc,0.5,c05_storm_150_a150_c80_0002,0.0000,0.0000
5,storm,a150_c80,edd,0.5,c05_storm_150_a150_c80_0002,0.0000,0.0000
5,storm,a150_c80,atc,1.0,c05_storm_150_a150_c80_0002,9.4316,9.4316
5,storm,a150_c80,edd,1.0,c05_storm_150_a150_c80_0002,9.4316,9.4316
5,storm,a150_c80,atc,0.5,c05_storm_150_a150_c80_0003,0.0000,0.0000
5,storm,a150_c80,edd,0.5,c05_storm_150_a150_c80_0003,0.0000,0.0000
5,storm,a150_c80,atc,1.0,c05_storm_150_a150_c80_0003,6.7882,6.7882
5,storm,a150_c80,edd,1.0,c05_storm_150_a150_c80_0003,6.7882,6.7882
5,storm,a150_c80,atc,0.5,c05_storm_150_a150_c80_0004,2.2457,2.2457
5,storm,a150_c80,edd,0.5,c05_storm_150_a150_c80_0004,2.2457,2.2457
5,storm,a150_c80,atc,1.0,c05_storm_150_a150_c80_0004,0.0000,0.0000
5,storm,a150_c80,edd,1.0,c05_storm_150_a150_c80_0004,0.0000,0.0000
5,storm,a150_c80,atc,0.5,c05_storm_150_a150_c80_0005,16.6304,16.6304
5,storm,a150_c80,edd,0.5,c05_storm_150_a150_c80_0005,16.6304,16.6304
5,storm,a150_c80,atc,1.0,c05_storm_150_a150_c80_0005,25.4994,25.4994
5,storm,a150_c80,edd,1.0,c05_storm_150_a150_c80_0005,25.4994,25.4994
5,storm,a150_c80,atc,0.5,c05_storm_150_a150_c80_0006,37.2120,37.2120
5,storm,a150_c80,edd,0.5,c05_storm_150_a150_c80_0006,37.2120,37.2120
5,storm,a150_c80,atc,1.0,c05_storm_150_a150_c80_0006,37.2120,37.2120
5,storm,a150_c80,edd,1.0,c05_storm_150_a150_c80_0006,37.2120,37.2120
5,storm,a150_c80,atc,0.5,c05_storm_150_a150_c80_0007,1.8182,1.8182
5,storm,a150_c80,edd,0.5,c05_storm_150_a150_c80_0007,1.8182,1.8182
5,storm,a150_c80,atc,1.0,c05_storm_150_a150_c80_0007,1.8182,1.8182
5,storm,a150_c80,edd,1.0,c05_storm_150_a150_c80_0007,1.8182,1.8182
5,storm,a150_c80,atc,0.5,c05_storm_150_a150_c80_0008,0.0000,0.0000
5,storm,a150_c80,edd,0.5,c05_storm_150_a150_c80_0008,0.0000,0.0000
5,storm,a150_c80,atc,1.0,c05_storm_150_a150_c80_0008,0.0000,0.0000
5,storm,a150_c80,edd,1.0,c05_storm_150_a150_c80_0008,0.0000,0.0000
5,storm,a150_c80,atc,0.5,c05_storm_150_a150_c80_0009,15.1246,15.1246
5,storm,a150_c80,edd,0.5,c05_storm_150_a150_c80_0009,15.1246,15.1246
5,storm,a150_c80,atc,1.0,c05_storm_150_a150_c80_0009,15.1246,15.1246
5,storm,a150_c80,edd,1.0,c05_storm_150_a150_c80_0009,15.1246,15.1246
5,storm,a150_c80,atc,0.5,c05_storm_150_a150_c80_0010,0.0000,0.0000
5,storm,a150_c80,edd,0.5,c05_storm_150_a150_c80_0010,0.0000,0.0000
5,storm,a150_c80,atc,1.0,c05_storm_150_a150_c80_0010,0.0000,0.0000
5,storm,a150_c80,edd,1.0,c05_storm_150_a150_c80_0010,0.0000,0.0000
5,storm,a150_c80,atc,0.5,c05_storm_150_a150_c80_0011,27.9256,27.9256
5,storm,a150_c80,edd,0.5,c05_storm_150_a150_c80_0011,27.9256,27.9256
5,storm,a150_c80,atc,1.0,c05_storm_150_a150_c80_0011,43.2170,43.2170
5,storm,a150_c80,edd,1.0,c05_storm_150_a150_c80_0011,43.2170,43.2170
5,storm,a150_c80,atc,0.5,c05_storm_150_a150_c80_0012,31.0928,31.0928
5,storm,a150_c80,edd,0.5,c05_storm_150_a150_c80_0012,31.0928,31.0928
5,storm,a150_c80,atc,1.0,c05_storm_150_a150_c80_0012,31.8995,31.8995
5,storm,a150_c80,edd,1.0,c05_storm_150_a150_c80_0012,31.8995,31.8995
5,storm,a150_c80,atc,0.5,c05_storm_150_a150_c80_0013,0.0000,0.0000
5,storm,a150_c80,edd,0.5,c05_storm_150_a150_c80_0013,0.0000,0.0000
5,storm,a150_c80,atc,1.0,c05_storm_150_a150_c80_0013,0.0000,0.0000
5,storm,a150_c80,edd,1.0,c05_storm_150_a150_c80_0013,0.0000,0.0000
5,storm,a150_c80,atc,0.5,c05_storm_150_a150_c80_0014,0.0000,0.0000
5,storm,a150_c80,edd,0.5,c05_storm_150_a150_c80_0014,0.0000,0.0000
5,storm,a150_c80,atc,1.0,c05_storm_150_a150_c80_0014,1.8754,1.8754
5,storm,a150_c80,edd,1.0,c05_storm_150_a150_c80_0014,1.8754,1.8754
5,storm,a150_c80,atc,0.5,c05_storm_150_a150_c80_0015,8.4284,8.4284
5,storm,a150_c80,edd,0.5,c05_storm_150_a150_c80_0015,8.4284,8.4284
5,storm,a150_c80,atc,1.0,c05_storm_150_a150_c80_0015,0.0000,0.0000
5,storm,a150_c80,edd,1.0,c05_storm_150_a150_c80_0015,0.0000,0.0000
5,storm,a150_c80,atc,0.5,c05_storm_150_a150_c80_0016,1.2088,1.2088
5,storm,a150_c80,edd,0.5,c05_storm_150_a150_c80_0016,1.2088,1.2088
5,storm,a150_c80,atc,1.0,c05_storm_150_a150_c80_0016,0.0000,0.0000
5,storm,a150_c80,edd,1.0,c05_storm_150_a150_c80_0016,0.0000,0.0000
5,storm,a150_c80,atc,0.5,c05_storm_150_a150_c80_0017,7.5948,7.5948
5,storm,a150_c80,edd,0.5,c05_storm_150_a150_c80_0017,7.5948,7.5948
5,storm,a150_c80,atc,1.0,c05_storm_150_a150_c80_0017,7.5948,7.5948
5,storm,a150_c80,edd,1.0,c05_storm_150_a150_c80_0017,7.5948,7.5948
5,storm,a150_c80,atc,0.5,c05_storm_150_a150_c80_0018,0.0000,0.0000
5,storm,a150_c80,edd,0.5,c05_storm_150_a150_c80_0018,0.0000,0.0000
5,storm,a150_c80,atc,1.0,c05_storm_150_a150_c80_0018,0.0000,0.0000
5,storm,a150_c80,edd,1.0,c05_storm_150_a150_c80_0018,0.0000,0.0000
5,storm,a150_c80,atc,0.5,c05_storm_150_a150_c80_0019,0.0000,0.0000
5,storm,a150_c80,edd,0.5,c05_storm_150_a150_c80_0019,0.0000,0.0000
5,storm,a150_c80,atc,1.0,c05_storm_150_a150_c80_0019,0.0000,0.0000
5,storm,a150_c80,edd,1.0,c05_storm_150_a150_c80_0019,0.0000,0.0000
5,storm,a150_c80,atc,0.5,c05_storm_150_a150_c80_0020,0.0000,0.0000
5,storm,a150_c80,edd,0.5,c05_storm_150_a150_c80_0020,0.0000,0.0000
5,storm,a150_c80,atc,1.0,c05_storm_150_a150_c80_0020,0.0000,0.0000
5,storm,a150_c80,edd,1.0,c05_storm_150_a150_c80_0020,0.0000,0.0000
5,storm,a150_c80,atc,0.5,c05_storm_150_a150_c80_0021,0.0000,0.0000
5,storm,a150_c80,edd,0.5,c05_storm_150_a150_c80_0021,0.0000,0.0000
5,storm,a150_c80,atc,1.0,c05_storm_150_a150_c80_0021,0.0000,0.0000
5,storm,a150_c80,edd,1.0,c05_storm_150_a150_c80_0021,0.0000,0.0000
5,storm,a150_c80,atc,0.5,c05_storm_150_a150_c80_0022,12.1744,12.1744
5,storm,a150_c80,edd,0.5,c05_storm_150_a150_c80_0022,12.1744,12.1744
5,storm,a150_c80,atc,1.0,c05_storm_150_a150_c80_0022,12.1744,12.1744
5,storm,a150_c80,edd,1.0,c05_storm_150_a150_c80_0022,12.1744,12.1744
5,storm,a150_c80,atc,0.5,c05_storm_150_a150_c80_0023,0.0000,0.0000
5,storm,a150_c80,edd,0.5,c05_storm_150_a150_c80_0023,0.0000,0.0000
5,storm,a150_c80,atc,1.0,c05_storm_150_a150_c80_0023,4.5066,4.5066
5,storm,a150_c80,edd,1.0,c05_storm_150_a150_c80_0023,4.5066,4.5066
5,storm,a150_c80,atc,0.5,c05_storm_150_a150_c80_0024,0.0000,0.0000
5,storm,a150_c80,edd,0.5,c05_storm_150_a150_c80_0024,0.0000,0.0000
5,storm,a150_c80,atc,1.0,c05_storm_150_a150_c80_0024,2.0140,2.0140
5,storm,a150_c80,edd,1.0,c05_storm_150_a150_c80_0024,2.0140,2.0140
5,storm,a150_c80,atc,0.5,c05_storm_150_a150_c80_0025,31.7862,31.7862
5,storm,a150_c80,edd,0.5,c05_storm_150_a150_c80_0025,31.7862,31.7862
5,storm,a150_c80,atc,1.0,c05_storm_150_a150_c80_0025,63.7862,63.7862
5,storm,a150_c80,edd,1.0,c05_storm_150_a150_c80_0025,63.7862,63.7862
5,storm,a150_c80,atc,0.5,c05_storm_150_a150_c80_0026,0.0000,0.0000
5,storm,a150_c80,edd,0.5,c05_storm_150_a150_c80_0026,0.0000,0.0000
5,storm,a150_c80,atc,1.0,c05_storm_150_a150_c80_0026,0.0000,0.0000
5,storm,a150_c80,edd,1.0,c05_storm_150_a150_c80_0026,0.0000,0.0000
5,storm,a150_c80,atc,0.5,c05_storm_150_a150_c80_0027,9.4600,9.4600
5,storm,a150_c80,edd,0.5,c05_storm_150_a150_c80_0027,9.4600,9.4600
5,storm,a150_c80,atc,1.0,c05_storm_150_a150_c80_0027,9.4600,9.4600
5,storm,a150_c80,edd,1.0,c05_storm_150_a150_c80_0027,9.4600,9.4600
5,storm,a150_c80,atc,0.5,c05_storm_150_a150_c80_0028,0.0000,0.0000
5,storm,a150_c80,edd,0.5,c05_storm_150_a150_c80_0028,0.0000,0.0000
5,storm,a150_c80,atc,1.0,c05_storm_150_a150_c80_0028,0.0000,0.0000
5,storm,a150_c80,edd,1.0,c05_storm_150_a150_c80_0028,0.0000,0.0000
5,storm,a150_c80,atc,0.5,c05_storm_150_a150_c80_0029,2.6610,2.6610
5,storm,a150_c80,edd,0.5,c05_storm_150_a150_c80_0029,2.6610,2.6610
5,storm,a150_c80,atc,1.0,c05_storm_150_a150_c80_0029,5.0756,5.0756
5,storm,a150_c80,edd,1.0,c05_storm_150_a150_c80_0029,5.0756,5.0756
5,storm,a200_c100,atc,0.5,c05_storm_150_a200_c100_0000,14.2088,14.2088
5,storm,a200_c100,edd,0.5,c05_storm_150_a200_c100_0000,14.2088,14.2088
5,storm,a200_c100,atc,1.0,c05_storm_150_a200_c100_0000,14.2088,14.2088
5,storm,a200_c100,edd,1.0,c05_storm_150_a200_c100_0000,14.2088,14.2088
5,storm,a200_c100,atc,0.5,c05_storm_150_a200_c100_0001,4.1256,4.1256
5,storm,a200_c100,edd,0.5,c05_storm_150_a200_c100_0001,4.1256,4.1256
5,storm,a200_c100,atc,1.0,c05_storm_150_a200_c100_0001,20.4410,20.4410
5,storm,a200_c100,edd,1.0,c05_storm_150_a200_c100_0001,20.4410,20.4410
5,storm,a200_c100,atc,0.5,c05_storm_150_a200_c100_0002,0.0000,0.0000
5,storm,a200_c100,edd,0.5,c05_storm_150_a200_c100_0002,0.0000,0.0000
5,storm,a200_c100,atc,1.0,c05_storm_150_a200_c100_0002,0.0000,0.0000
5,storm,a200_c100,edd,1.0,c05_storm_150_a200_c100_0002,0.0000,0.0000
5,storm,a200_c100,atc,0.5,c05_storm_150_a200_c100_0003,53.0128,53.0128
5,storm,a200_c100,edd,0.5,c05_storm_150_a200_c100_0003,53.0128,53.0128
5,storm,a200_c100,atc,1.0,c05_storm_150_a200_c100_0003,10.8490,10.8490
5,storm,a200_c100,edd,1.0,c05_storm_150_a200_c100_0003,10.8490,10.8490
5,storm,a200_c100,atc,0.5,c05_storm_150_a200_c100_0004,14.5030,14.5030
5,storm,a200_c100,edd,0.5,c05_storm_150_a200_c100_0004,14.5030,14.5030
5,storm,a200_c100,atc,1.0,c05_storm_150_a200_c100_0004,23.0582,23.0582
5,storm,a200_c100,edd,1.0,c05_storm_150_a200_c100_0004,23.0582,23.0582
5,storm,a200_c100,atc,0.5,c05_storm_150_a200_c100_0005,3.4826,3.4826
5,storm,a200_c100,edd,0.5,c05_storm_150_a200_c100_0005,3.4826,3.4826
5,storm,a200_c100,atc,1.0,c05_storm_150_a200_c100_0005,3.4826,3.4826
5,storm,a200_c100,edd,1.0,c05_storm_150_a200_c100_0005,3.4826,3.4826
5,storm,a200_c100,atc,0.5,c05_storm_150_a200_c100_0006,0.0000,0.0000
5,storm,a200_c100,edd,0.5,c05_storm_150_a200_c100_0006,0.0000,0.0000
5,storm,a200_c100,atc,1.0,c05_storm_150_a200_c100_0006,0.0000,0.0000
5,storm,a200_c100,edd,1.0,c05_storm_150_a200_c100_0006,0.0000,0.0000
5,storm,a200_c100,atc,0.5,c05_storm_150_a200_c100_0007,0.8564,0.8564
5,storm,a200_c100,edd,0.5,c05_storm_150_a200_c100_0007,0.8564,0.8564
5,storm,a200_c100,atc,1.0,c05_storm_150_a200_c100_0007,0.8564,0.8564
5,storm,a200_c100,edd,1.0,c05_storm_150_a200_c100_0007,0.8564,0.8564
5,storm,a200_c100,atc,0.5,c05_storm_150_a200_c100_0008,0.0000,0.0000
5,storm,a200_c100,edd,0.5,c05_storm_150_a200_c100_0008,0.0000,0.0000
5,storm,a200_c100,atc,1.0,c05_storm_150_a200_c100_0008,9.9640,9.9640
5,storm,a200_c100,edd,1.0,c05_storm_150_a200_c100_0008,9.9640,9.9640
5,storm,a200_c100,atc,0.5,c05_storm_150_a200_c100_0009,0.0242,0.0242
5,storm,a200_c100,edd,0.5,c05_storm_150_a200_c100_0009,0.0242,0.0242
5,storm,a200_c100,atc,1.0,c05_storm_150_a200_c100_0009,0.0242,0.0242
5,storm,a200_c100,edd,1.0,c05_storm_150_a200_c100_0009,0.0242,0.0242
5,storm,a200_c100,atc,0.5,c05_storm_150_a200_c100_0010,0.0000,0.0000
5,storm,a200_c100,edd,0.5,c05_storm_150_a200_c100_0010,0.0000,0.0000
5,storm,a200_c100,atc,1.0,c05_storm_150_a200_c100_0010,0.0000,0.0000
5,storm,a200_c100,edd,1.0,c05_storm_150_a200_c100_0010,0.0000,0.0000
5,storm,a200_c100,atc,0.5,c05_storm_150_a200_c100_0011,0.0000,0.0000
5,storm,a200_c100,edd,0.5,c05_storm_150_a200_c100_0011,0.0000,0.0000
5,storm,a200_c100,atc,1.0,c05_storm_150_a200_c100_0011,0.0000,0.0000
5,storm,a200_c100,edd,1.0,c05_storm_150_a200_c100_0011,0.0000,0.0000
5,storm,a200_c100,atc,0.5,c05_storm_150_a200_c100_0012,25.1956,25.1956
5,storm,a200_c100,edd,0.5,c05_storm_150_a200_c100_0012,25.1956,25.1956
5,storm,a200_c100,atc,1.0,c05_storm_150_a200_c100_0012,28.9944,28.9944
5,storm,a200_c100,edd,1.0,c05_storm_150_a200_c100_0012,28.9944,28.9944
5,storm,a200_c100,atc,0.5,c05_storm_150_a200_c100_0013,3.1050,3.1050
5,storm,a200_c100,edd,0.5,c05_storm_150_a200_c100_0013,3.1050,3.1050
5,storm,a200_c100,atc,1.0,c05_storm_150_a200_c100_0013,7.4798,7.4798
5,storm,a200_c100,edd,1.0,c05_storm_150_a200_c100_0013,7.4798,7.4798
5,storm,a200_c100,atc,0.5,c05_storm_150_a200_c100_0014,10.2514,10.2514
5,storm,a200_c100,edd,0.5,c05_storm_150_a200_c100_0014,10.2514,10.2514
5,storm,a200_c100,atc,1.0,c05_storm_150_a200_c100_0014,21.9596,21.9596
5,storm,a200_c100,edd,1.0,c05_storm_150_a200_c100_0014,21.9596,21.9596
5,storm,a200_c100,atc,0.5,c05_storm_150_a200_c100_0015,2.3758,2.3758
5,storm,a200_c100,edd,0.5,c05_storm_150_a200_c100_0015,2.3758,2.3758
5,storm,a200_c100,atc,1.0,c05_storm_150_a200_c100_0015,2.6360,2.6360
5,storm,a200_c100,edd,1.0,c05_storm_150_a200_c100_0015,2.6360,2.6360
5,storm,a200_c100,atc,0.5,c05_storm_150_a200_c100_0016,7.5636,4.3762
5,storm,a200_c100,edd,0.5,c05_storm_150_a200_c100_0016,7.5636,4.3762
5,storm,a200_c100,atc,1.0,c05_storm_150_a200_c100_0016,0.0000,0.0000
5,storm,a200_c100,edd,1.0,c05_storm_150_a200_c100_0016,0.0000,0.0000
5,storm,a200_c100,atc,0.5,c05_storm_150_a200_c100_0017,8.2786,8.2786
5,storm,a200_c100,edd,0.5,c05_storm_150_a200_c100_0017,8.2786,8.2786
5,storm,a200_c100,atc,1.0,c05_storm_150_a200_c100_0017,13.1976,13.1976
5,storm,a200_c100,edd,1.0,c05_storm_150_a200_c100_0017,13.1976,13.1976
5,storm,a200_c100,atc,0.5,c05_storm_150_a200_c100_0018,0.0000,0.0000
5,storm,a200_c100,edd,0.5,c05_storm_150_a200_c100_0018,0.0000,0.0000
5,storm,a200_c100,atc,1.0,c05_storm_150_a200_c100_0018,6.9822,6.9822
5,storm,a200_c100,edd,1.0,c05_storm_150_a200_c100_0018,6.9822,6.9822
5,storm,a200_c100,atc,0.5,c05_storm_150_a200_c100_0019,16.6004,16.6004
5,storm,a200_c100,edd,0.5,c05_storm_150_a200_c100_0019,16.6004,16.6004
5,storm,a200_c100,atc,1.0,c05_storm_150_a200_c100_0019,16.6004,16.6004
5,storm,a200_c100,edd,1.0,c05_storm_150_a200_c100_0019,16.6004,16.6004
5,storm,a200_c100,atc,0.5,c05_storm_150_a200_c100_0020,8.7210,8.7210
5,storm,a200_c100,edd,0.5,c05_storm_150_a200_c100_0020,8.7210,8.7210
5,storm,a200_c100,atc,1.0,c05_storm_150_a200_c100_0020,8.7210,8.7210
5,storm,a200_c100,edd,1.0,c05_storm_150_a200_c100_0020,8.7210,8.7210
5,storm,a200_c100,atc,0.5,c05_storm_150_a200_c100_0021,0.0000,0.0000
5,storm,a200_c100,edd,0.5,c05_storm_150_a200_c100_0021,0.0000,0.0000
5,storm,a200_c100,atc,1.0,c05_storm_150_a200_c100_0021,0.0000,0.0000
5,storm,a200_c100,edd,1.0,c05_storm_150_a200_c100_0021,0.0000,0.0000
5,storm,a200_c100,atc,0.5,c05_storm_150_a200_c100_0022,0.0000,0.0000
5,storm,a200_c100,edd,0.5,c05_storm_150_a200_c100_0022,0.0000,0.0000
5,storm,a200_c100,atc,1.0,c05_storm_150_a200_c100_0022,0.0000,0.0000
5,storm,a200_c100,edd,1.0,c05_storm_150_a200_c100_0022,0.0000,0.0000
5,storm,a200_c100,atc,0.5,c05_storm_150_a200_c100_0023,14.4522,14.4522
5,storm,a200_c100,edd,0.5,c05_storm_150_a200_c100_0023,14.4522,14.4522
5,storm,a200_c100,atc,1.0,c05_storm_150_a200_c100_0023,0.5988,0.5988
5,storm,a200_c100,edd,1.0,c05_storm_150_a200_c100_0023,0.5988,0.5988
5,storm,a200_c100,atc,0.5,c05_storm_150_a200_c100_0024,0.0000,0.0000
5,storm,a200_c100,edd,0.5,c05_storm_150_a200_c100_0024,0.0000,0.0000
5,storm,a200_c100,atc,1.0,c05_storm_150_a200_c100_0024,1.0568,1.0568
5,storm,a200_c100,edd,1.0,c05_storm_150_a200_c100_0024,1.0568,1.0568
5,storm,a200_c100,atc,0.5,c05_storm_150_a200_c100_0025,0.0000,0.0000
5,storm,a200_c100,edd,0.5,c05_storm_150_a200_c100_0025,0.0000,0.0000
5,storm,a200_c100,atc,1.0,c05_storm_150_a200_c100_0025,47.4756,47.4756
5,storm,a200_c100,edd,1.0,c05_storm_150_a200_c100_0025,47.4756,47.4756
5,storm,a200_c100,atc,0.5,c05_storm_150_a200_c100_0026,5.5482,5.5482
5,storm,a200_c100,edd,0.5,c05_storm_150_a200_c100_0026,5.5482,5.5482
5,storm,a200_c100,atc,1.0,c05_storm_150_a200_c100_0026,2.6590,2.6590
5,storm,a200_c100,edd,1.0,c05_storm_150_a200_c100_0026,2.6590,2.6590
5,storm,a200_c100,atc,0.5,c05_storm_150_a200_c100_0027,5.3044,5.3044
5,storm,a200_c100,edd,0.5,c05_storm_150_a200_c100_0027,5.3044,5.3044
5,storm,a200_c100,atc,1.0,c05_storm_150_a200_c100_0027,2.1648,2.1648
5,storm,a200_c100,edd,1.0,c05_storm_150_a200_c100_0027,2.1648,2.1648
5,storm,a200_c100,atc,0.5,c05_storm_150_a200_c100_0028,71.6094,71.6094
5,storm,a200_c100,edd,0.5,c05_storm_150_a200_c100_0028,71.6094,71.6094
5,storm,a200_c100,atc,1.0,c05_storm_150_a200_c100_0028,39.6094,39.6094
5,storm,a200_c100,edd,1.0,c05_storm_150_a200_c100_0028,39.6094,39.6094
5,storm,a200_c100,atc,0.5,c05_storm_150_a200_c100_0029,0.0000,0.0000
5,storm,a200_c100,edd,0.5,c05_storm_150_a200_c100_0029,0.0000,0.0000
5,storm,a200_c100,atc,1.0,c05_storm_150_a200_c100_0029,17.9034,17.9034
5,storm,a200_c100,edd,1.0,c05_storm_150_a200_c100_0029,17.9034,17.9034
5,storm,a200_c80,atc,0.5,c05_storm_150_a200_c80_0000,0.0000,0.0000
5,storm,a200_c80,edd,0.5,c05_storm_150_a200_c80_0000,0.0000,0.0000
5,storm,a200_c80,atc,1.0,c05_storm_150_a200_c80_0000,12.5628,12.5628
5,storm,a200_c80,edd,1.0,c05_storm_150_a200_c80_0000,12.5628,12.5628
5,storm,a200_c80,atc,0.5,c05_storm_150_a200_c80_0001,0.0000,0.0000
5,storm,a200_c80,edd,0.5,c05_storm_150_a200_c80_0001,0.0000,0.0000
5,storm,a200_c80,atc,1.0,c05_storm_150_a200_c80_0001,0.0000,0.0000
5,storm,a200_c80,edd,1.0,c05_storm_150_a200_c80_0001,0.0000,0.0000
5,storm,a200_c80,atc,0.5,c05_storm_150_a200_c80_0002,0.0000,0.0000
5,storm,a200_c80,edd,0.5,c05_storm_150_a200_c80_0002,0.0000,0.0000
5,storm,a200_c80,atc,1.0,c05_storm_150_a200_c80_0002,0.0000,0.0000
5,storm,a200_c80,edd,1.0,c05_storm_150_a200_c80_0002,0.0000,0.0000
5,storm,a200_c80,atc,0.5,c05_storm_150_a200_c80_0003,0.0000,0.0000
5,storm,a200_c80,edd,0.5,c05_storm_150_a200_c80_0003,0.0000,0.0000
5,storm,a200_c80,atc,1.0,c05_storm_150_a200_c80_0003,0.6346,0.6346
5,storm,a200_c80,edd,1.0,c05_storm_150_a200_c80_0003,0.6346,0.6346
5,storm,a200_c80,atc,0.5,c05_storm_150_a200_c80_0004,0.0000,0.0000
5,storm,a200_c80,edd,0.5,c05_storm_150_a200_c80_0004,0.0000,0.0000
5,storm,a200_c80,atc,1.0,c05_storm_150_a200_c80_0004,0.0000,0.0000
5,storm,a200_c80,edd,1.0,c05_storm_150_a200_c80_0004,0.0000,0.0000
5,storm,a200_c80,atc,0.5,c05_storm_150_a200_c80_0005,0.0000,0.0000
5,storm,a200_c80,edd,0.5,c05_storm_150_a200_c80_0005,0.0000,0.0000
5,storm,a200_c80,atc,1.0,c05_storm_150_a200_c80_0005,9.2702,9.2702
5,storm,a200_c80,edd,1.0,c05_storm_150_a200_c80_0005,9.2702,9.2702
5,storm,a200_c80,atc,0.5,c05_storm_150_a200_c80_0006,20.4906,20.4906
5,storm,a200_c80,edd,0.5,c05_storm_150_a200_c80_0006,20.4906,20.4906
5,storm,a200_c80,atc,1.0,c05_storm_150_a200_c80_0006,20.4906,20.4906
5,storm,a200_c80,edd,1.0,c05_storm_150_a200_c80_0006,20.4906,20.4906
5,storm,a200_c80,atc,0.5,c05_storm_150_a200_c80_0007,4.2518,4.2518
5,storm,a200_c80,edd,0.5,c05_storm_150_a200_c80_0007,4.2518,4.2518
5,storm,a200_c80,atc,1.0,c05_storm_150_a200_c80_0007,4.2518,4.2518
5,storm,a200_c80,edd,1.0,c05_storm_150_a200_c80_0007,4.2518,4.2518
5,storm,a200_c80,atc,0.5,c05_storm_150_a200_c80_0008,4.4894,4.4894
5,storm,a200_c80,edd,0.5,c05_storm_150_a200_c80_0008,4.4894,4.4894
5,storm,a200_c80,atc,1.0,c05_storm_150_a200_c80_0008,9.2542,9.2542
5,storm,a200_c80,edd,1.0,c05_storm_150_a200_c80_0008,9.2542,9.2542
5,storm,a200_c80,atc,0.5,c05_storm_150_a200_c80_0009,6.1004,6.1004
5,storm,a200_c80,edd,0.5,c05_storm_150_a200_c80_0009,6.1004,6.1004
5,storm,a200_c80,atc,1.0,c05_storm_150_a200_c80_0009,6.1004,6.1004
5,storm,a200_c80,edd,1.0,c05_storm_150_a200_c80_0009,6.1004,6.1004
5,storm,a200_c80,atc,0.5,c05_storm_150_a200_c80_0010,31.0424,31.0424
5,storm,a200_c80,edd,0.5,c05_storm_150_a200_c80_0010,31.0424,31.0424
5,storm,a200_c80,atc,1.0,c05_storm_150_a200_c80_0010,31.0424,31.0424
5,storm,a200_c80,edd,1.0,c05_storm_150_a200_c80_0010,31.0424,31.0424
5,storm,a200_c80,atc,0.5,c05_storm_150_a200_c80_0011,0.0000,0.0000
5,storm,a200_c80,edd,0.5,c05_storm_150_a200_c80_0011,0.0000,0.0000
5,storm,a200_c80,atc,1.0,c05_storm_150_a200_c80_0011,44.5678,44.5678
5,storm,a200_c80,edd,1.0,c05_storm_150_a200_c80_0011,44.5678,44.5678
5,storm,a200_c80,atc,0.5,c05_storm_150_a200_c80_0012,11.2128,11.2128
5,storm,a200_c80,edd,0.5,c05_storm_150_a200_c80_0012,11.2128,11.2128
5,storm,a200_c80,atc,1.0,c05_storm_150_a200_c80_0012,43.2128,43.2128
5,storm,a200_c80,edd,1.0,c05_storm_150_a200_c80_0012,43.2128,43.2128
5,storm,a200_c80,atc,0.5,c05_storm_150_a200_c80_0013,0.0000,0.0000
5,storm,a200_c80,edd,0.5,c05_storm_150_a200_c80_0013,0.0000,0.0000
5,storm,a200_c80,atc,1.0,c05_storm_150_a200_c80_0013,0.0000,0.0000
5,storm,a200_c80,edd,1.0,c05_storm_150_a200_c80_0013,0.0000,0.0000
5,storm,a200_c80,atc,0.5,c05_storm_150_a200_c80_0014,0.0000,0.0000
5,storm,a200_c80,edd,0.5,c05_storm_150_a200_c80_0014,0.0000,0.0000
5,storm,a200_c80,atc,1.0,c05_storm_150_a200_c80_0014,0.0000,0.0000
5,storm,a200_c80,edd,1.0,c05_storm_150_a200_c80_0014,0.0000,0.0000
5,storm,a200_c80,atc,0.5,c05_storm_150_a200_c80_0015,3.7076,3.7076
5,storm,a200_c80,edd,0.5,c05_storm_150_a200_c80_0015,3.7076,3.7076
5,storm,a200_c80,atc,1.0,c05_storm_150_a200_c80_0015,0.0000,0.0000
5,storm,a200_c80,edd,1.0,c05_storm_150_a200_c80_0015,0.0000,0.0000
5,storm,a200_c80,atc,0.5,c05_storm_150_a200_c80_0016,0.0000,0.0000
5,storm,a200_c80,edd,0.5,c05_storm_150_a200_c80_0016,0.0000,0.0000
5,storm,a200_c80,atc,1.0,c05_storm_150_a200_c80_0016,7.3420,7.3420
5,storm,a200_c80,edd,1.0,c05_storm_150_a200_c80_0016,7.3420,7.3420
5,storm,a200_c80,atc,0.5,c05_storm_150_a200_c80_0017,2.7924,2.7924
5,storm,a200_c80,edd,0.5,c05_storm_150_a200_c80_0017,2.7924,2.7924
5,storm,a200_c80,atc,1.0,c05_storm_150_a200_c80_0017,14.5088,14.5088
5,storm,a200_c80,edd,1.0,c05_storm_150_a200_c80_0017,14.5088,14.5088
5,storm,a200_c80,atc,0.5,c05_storm_150_a200_c80_0018,6.6696,6.6696
5,storm,a200_c80,edd,0.5,c05_storm_150_a200_c80_0018,6.6696,6.6696
5,storm,a200_c80,atc,1.0,c05_storm_150_a200_c80_0018,0.0000,0.0000
5,storm,a200_c80,edd,1.0,c05_storm_150_a200_c80_0018,0.0000,0.0000
5,storm,a200_c80,atc,0.5,c05_storm_150_a200_c80_0019,0.0000,0.0000
5,storm,a200_c80,edd,0.5,c05_storm_150_a200_c80_0019,0.0000,0.0000
5,storm,a200_c80,atc,1.0,c05_storm_150_a200_c80_0019,9.8230,9.8230
5,storm,a200_c80,edd,1.0,c05_storm_150_a200_c80_0019,9.8230,9.8230
5,storm,a200_c80,atc,0.5,c05_storm_150_a200_c80_0020,41.5690,41.5690
5,storm,a200_c80,edd,0.5,c05_storm_150_a200_c80_0020,41.5690,41.5690
5,storm,a200_c80,atc,1.0,c05_storm_150_a200_c80_0020,9.5690,9.5690
5,storm,a200_c80,edd,1.0,c05_storm_150_a200_c80_0020,9.5690,9.5690
5,storm,a200_c80,atc,0.5,c05_storm_150_a200_c80_0021,0.0000,0.0000
5,storm,a200_c80,edd,0.5,c05_storm_150_a200_c80_0021,0.0000,0.0000
5,storm,a200_c80,atc,1.0,c05_storm_150_a200_c80_0021,0.0000,0.0000
5,storm,a200_c80,edd,1.0,c05_storm_150_a200_c80_0021,0.0000,0.0000
5,storm,a200_c80,atc,0.5,c05_storm_150_a200_c80_0022,0.0000,0.0000
5,storm,a200_c80,edd,0.5,c05_storm_150_a200_c80_0022,0.0000,0.0000
5,storm,a200_c80,atc,1.0,c05_storm_150_a200_c80_0022,8.0660,8.0660
5,storm,a200_c80,edd,1.0,c05_storm_150_a200_c80_0022,8.0660,8.0660
5,storm,a200_c80,atc,0.5,c05_storm_150_a200_c80_0023,0.0000,0.0000
5,storm,a200_c80,edd,0.5,c05_storm_150_a200_c80_0023,0.0000,0.0000
5,storm,a200_c80,atc,1.0,c05_storm_150_a200_c80_0023,47.4904,47.4904
5,storm,a200_c80,edd,1.0,c05_storm_150_a200_c80_0023,47.4904,47.4904
5,storm,a200_c80,atc,0.5,c05_storm_150_a200_c80_0024,0.0000,0.0000
5,storm,a200_c80,edd,0.5,c05_storm_150_a200_c80_0024,0.0000,0.0000
5,storm,a200_c80,atc,1.0,c05_storm_150_a200_c80_0024,11.5606,11.5606
5,storm,a200_c80,edd,1.0,c05_storm_150_a200_c80_0024,11.5606,11.5094
5,storm,a200_c80,atc,0.5,c05_storm_150_a200_c80_0025,0.0000,0.0000
5,storm,a200_c80,edd,0.5,c05_storm_150_a200_c80_0025,0.0000,0.0000
5,storm,a200_c80,atc,1.0,c05_storm_150_a200_c80_0025,3.8624,3.8624
5,storm,a200_c80,edd,1.0,c05_storm_150_a200_c80_0025,3.8624,3.8624
5,storm,a200_c80,atc,0.5,c05_storm_150_a200_c80_0026,4.3244,4.3244
5,storm,a200_c80,edd,0.5,c05_storm_150_a200_c80_0026,4.3244,4.3244
5,storm,a200_c80,atc,1.0,c05_storm_150_a200_c80_0026,0.0000,0.0000
5,storm,a200_c80,edd,1.0,c05_storm_150_a200_c80_0026,0.0000,0.0000
5,storm,a200_c80,atc,0.5,c05_storm_150_a200_c80_0027,0.0000,0.0000
5,storm,a200_c80,edd,0.5,c05_storm_150_a200_c80_0027,0.0000,0.0000
5,storm,a200_c80,atc,1.0,c05_storm_150_a200_c80_0027,0.0000,0.0000
5,storm,a200_c80,edd,1.0,c05_storm_150_a200_c80_0027,0.0000,0.0000
5,storm,a200_c80,atc,0.5,c05_storm_150_a200_c80_0028,1.7760,1.7760
5,storm,a200_c80,edd,0.5,c05_storm_150_a200_c80_0028,1.7760,1.7760
5,storm,a200_c80,atc,1.0,c05_storm_150_a200_c80_0028,68.0000,68.0000
5,storm,a200_c80,edd,1.0,c05_storm_150_a200_c80_0028,68.0000,68.0000
5,storm,a200_c80,atc,0.5,c05_storm_150_a200_c80_0029,1.1372,1.1372
5,storm,a200_c80,edd,0.5,c05_storm_150_a200_c80_0029,1.1372,1.1372
5,storm,a200_c80,atc,1.0,c05_storm_150_a200_c80_0029,3.3738,3.3738
5,storm,a200_c80,edd,1.0,c05_storm_150_a200_c80_0029,3.3738,3.3738
5,storm,a300_c100,atc,0.5,c05_storm_150_a300_c100_0000,0.0000,0.0000
5,storm,a300_c100,edd,0.5,c05_storm_150_a300_c100_0000,0.0000,0.0000
5,storm,a300_c100,atc,1.0,c05_storm_150_a300_c100_0000,12.1868,12.1868
5,storm,a300_c100,edd,1.0,c05_storm_150_a300_c100_0000,12.1868,12.1868
5,storm,a300_c100,atc,0.5,c05_storm_150_a300_c100_0001,0.0000,0.0000
5,storm,a300_c100,edd,0.5,c05_storm_150_a300_c100_0001,0.0000,0.0000
5,storm,a300_c100,atc,1.0,c05_storm_150_a300_c100_0001,0.0000,0.0000
5,storm,a300_c100,edd,1.0,c05_storm_150_a300_c100_0001,0.0000,0.0000
5,storm,a300_c100,atc,0.5,c05_storm_150_a300_c100_0002,0.0000,0.0000
5,storm,a300_c100,edd,0.5,c05_storm_150_a300_c100_0002,0.0000,0.0000
5,storm,a300_c100,atc,1.0,c05_storm_150_a300_c100_0002,0.0000,0.0000
5,storm,a300_c100,edd,1.0,c05_storm_150_a300_c100_0002,0.0000,0.0000
5,storm,a300_c100,atc,0.5,c05_storm_150_a300_c100_0003,0.0000,0.0000
5,storm,a300_c100,edd,0.5,c05_storm_150_a300_c100_0003,0.0000,0.0000
5,storm,a300_c100,atc,1.0,c05_storm_150_a300_c100_0003,0.0000,0.0000
5,storm,a300_c100,edd,1.0,c05_storm_150_a300_c100_0003,0.0000,0.0000
5,storm,a300_c100,atc,0.5,c05_storm_150_a300_c100_0004,0.0000,0.0000
5,storm,a300_c100,edd,0.5,c05_storm_150_a300_c100_0004,0.0000,0.0000
5,storm,a300_c100,atc,1.0,c05_storm_150_a300_c100_0004,0.0000,0.0000
5,storm,a300_c100,edd,1.0,c05_storm_150_a300_c100_0004,0.0000,0.0000
5,storm,a300_c100,atc,0.5,c05_storm_150_a300_c100_0005,0.0000,0.0000
5,storm,a300_c100,edd,0.5,c05_storm_150_a300_c100_0005,0.0000,0.0000
5,storm,a300_c100,atc,1.0,c05_storm_150_a300_c100_0005,3.3060,3.3060
5,storm,a300_c100,edd,1.0,c05_storm_150_a300_c100_0005,3.3060,3.3060
5,storm,a300_c100,atc,0.5,c05_storm_150_a300_c100_0006,0.0000,0.0000
5,storm,a300_c100,edd,0.5,c05_storm_150_a300_c100_0006,0.0000,0.0000
5,storm,a300_c100,atc,1.0,c05_storm_150_a300_c100_0006,0.6978,0.6978
5,storm,a300_c100,edd,1.0,c05_storm_150_a300_c100_0006,0.6978,0.6978
5,storm,a300_c100,atc,0.5,c05_storm_150_a300_c100_0007,7.0786,7.0786
5,storm,a300_c100,edd,0.5,c05_storm_150_a300_c100_0007,7.0786,7.0786
5,storm,a300_c100,atc,1.0,c05_storm_150_a300_c100_0007,7.0106,7.0106
5,storm,a300_c100,edd,1.0,c05_storm_150_a300_c100_0007,7.0106,7.0106
5,storm,a300_c100,atc,0.5,c05_storm_150_a300_c100_0008,25.1106,25.1106
5,storm,a300_c100,edd,0.5,c05_storm_150_a300_c100_0008,25.1106,25.1106
5,storm,a300_c100,atc,1.0,c05_storm_150_a300_c100_0008,25.1106,25.1106
5,storm,a300_c100,edd,1.0,c05_storm_150_a300_c100_0008,25.1106,25.1106
5,storm,a300_c100,atc,0.5,c05_storm_150_a300_c100_0009,0.0000,0.0000
5,storm,a300_c100,edd,0.5,c05_storm_150_a300_c100_0009,0.0000,0.0000
5,storm,a300_c100,atc,1.0,c05_storm_150_a300_c100_0009,12.5982,12.5982
5,storm,a300_c100,edd,1.0,c05_storm_150_a300_c100_0009,12.5982,12.5982
5,storm,a300_c100,atc,0.5,c05_storm_150_a300_c100_0010,0.0000,0.0000
5,storm,a300_c100,edd,0.5,c05_storm_150_a300_c100_0010,0.0000,0.0000
5,storm,a300_c100,atc,1.0,c05_storm_150_a300_c100_0010,0.0000,0.0000
5,storm,a300_c100,edd,1.0,c05_storm_150_a300_c100_0010,0.0000,0.0000
5,storm,a300_c100,atc,0.5,c05_storm_150_a300_c100_0011,1.1154,1.1154
5,storm,a300_c100,edd,0.5,c05_storm_150_a300_c100_0011,1.1154,1.1154
5,storm,a300_c100,atc,1.0,c05_storm_150_a300_c100_0011,1.1154,1.1154
5,storm,a300_c100,edd,1.0,c05_storm_150_a300_c100_0011,1.1154,1.1154
5,storm,a300_c100,atc,0.5,c05_storm_150_a300_c100_0012,50.2076,50.2076
5,storm,a300_c100,edd,0.5,c05_storm_150_a300_c100_0012,50.2076,50.2076
5,storm,a300_c100,atc,1.0,c05_storm_150_a300_c100_0012,50.2076,50.2076
5,storm,a300_c100,edd,1.0,c05_storm_150_a300_c100_0012,50.2076,50.2076
5,storm,a300_c100,atc,0.5,c05_storm_150_a300_c100_0013,7.5718,7.5718
5,storm,a300_c100,edd,0.5,c05_storm_150_a300_c100_0013,7.5718,7.5718
5,storm,a300_c100,atc,1.0,c05_storm_150_a300_c100_0013,7.5718,7.5718
5,storm,a300_c100,edd,1.0,c05_storm_150_a300_c100_0013,7.5718,7.5718
5,storm,a300_c100,atc,0.5,c05_storm_150_a300_c100_0014,0.0000,0.0000
5,storm,a300_c100,edd,0.5,c05_storm_150_a300_c100_0014,0.0000,0.0000
5,storm,a300_c100,atc,1.0,c05_storm_150_a300_c100_0014,0.0000,0.0000
5,storm,a300_c100,edd,1.0,c05_storm_150_a300_c100_0014,0.0000,0.0000
5,storm,a300_c100,atc,0.5,c05_storm_150_a300_c100_0015,0.0000,0.0000
5,storm,a300_c100,edd,0.5,c05_storm_150_a300_c100_0015,0.0000,0.0000
5,storm,a300_c100,atc,1.0,c05_storm_150_a300_c100_0015,0.0000,0.0000
5,storm,a300_c100,edd,1.0,c05_storm_150_a300_c100_0015,0.0000,0.0000
5,storm,a300_c100,atc,0.5,c05_storm_150_a300_c100_0016,6.1540,6.1540
5,storm,a300_c100,edd,0.5,c05_storm_150_a300_c100_0016,6.1540,6.1540
5,storm,a300_c100,atc,1.0,c05_storm_150_a300_c100_0016,26.5714,26.5714
5,storm,a300_c100,edd,1.0,c05_storm_150_a300_c100_0016,26.5714,26.5714
5,storm,a300_c100,atc,0.5,c05_storm_150_a300_c100_0017,0.0000,0.0000
5,storm,a300_c100,edd,0.5,c05_storm_150_a300_c100_0017,0.0000,0.0000
5,storm,a300_c100,atc,1.0,c05_storm_150_a300_c100_0017,0.0000,0.0000
5,storm,a300_c100,edd,1.0,c05_storm_150_a300_c100_0017,0.0000,0.0000
5,storm,a300_c100,atc,0.5,c05_storm_150_a300_c100_0018,6.9024,6.9024
5,storm,a300_c100,edd,0.5,c05_storm_150_a300_c100_0018,6.9024,6.9024
5,storm,a300_c100,atc,1.0,c05_storm_150_a300_c100_0018,21.1478,21.1478
5,storm,a300_c100,edd,1.0,c05_storm_150_a300_c100_0018,21.1478,21.1478
5,storm,a300_c100,atc,0.5,c05_storm_150_a300_c100_0019,0.0000,0.0000
5,storm,a300_c100,edd,0.5,c05_storm_150_a300_c100_0019,0.0000,0.0000
5,storm,a300_c100,atc,1.0,c05_storm_150_a300_c100_0019,0.0000,0.0000
5,storm,a300_c100,edd,1.0,c05_storm_150_a300_c100_0019,0.0000,0.0000
5,storm,a300_c100,atc,0.5,c05_storm_150_a300_c100_0020,19.4642,19.4642
5,storm,a300_c100,edd,0.5,c05_storm_150_a300_c100_0020,19.4642,19.4642
5,storm,a300_c100,atc,1.0,c05_storm_150_a300_c100_0020,1.5472,1.5472
5,storm,a300_c100,edd,1.0,c05_storm_150_a300_c100_0020,1.5472,1.5472
5,storm,a300_c100,atc,0.5,c05_storm_150_a300_c100_0021,0.0000,0.0000
5,storm,a300_c100,edd,0.5,c05_storm_150_a300_c100_0021,0.0000,0.0000
5,storm,a300_c100,atc,1.0,c05_storm_150_a300_c100_0021,0.0000,0.0000
5,storm,a300_c100,edd,1.0,c05_storm_150_a300_c100_0021,0.0000,0.0000
5,storm,a300_c100,atc,0.5,c05_storm_150_a300_c100_0022,0.0000,0.0000
5,storm,a300_c100,edd,0.5,c05_storm_150_a300_c100_0022,13.8448,0.0000
5,storm,a300_c100,atc,1.0,c05_storm_150_a300_c100_0022,12.9776,12.9776
5,storm,a300_c100,edd,1.0,c05_storm_150_a300_c100_0022,12.9776,12.9776
5,storm,a300_c100,atc,0.5,c05_storm_150_a300_c100_0023,16.3276,16.3276
5,storm,a300_c100,edd,0.5,c05_storm_150_a300_c100_0023,16.3276,16.3276
5,storm,a300_c100,atc,1.0,c05_storm_150_a300_c100_0023,0.0000,0.0000
5,storm,a300_c100,edd,1.0,c05_storm_150_a300_c100_0023,0.0000,0.0000
5,storm,a300_c100,atc,0.5,c05_storm_150_a300_c100_0024,0.0000,0.0000
5,storm,a300_c100,edd,0.5,c05_storm_150_a300_c100_0024,0.0000,0.0000
5,storm,a300_c100,atc,1.0,c05_storm_150_a300_c100_0024,0.0000,0.0000
5,storm,a300_c100,edd,1.0,c05_storm_150_a300_c100_0024,0.0000,0.0000
5,storm,a300_c100,atc,0.5,c05_storm_150_a300_c100_0025,0.0000,0.0000
5,storm,a300_c100,edd,0.5,c05_storm_150_a300_c100_0025,0.0000,0.0000
5,storm,a300_c100,atc,1.0,c05_storm_150_a300_c100_0025,0.0000,0.0000
5,storm,a300_c100,edd,1.0,c05_storm_150_a300_c100_0025,0.0000,0.0000
5,storm,a300_c100,atc,0.5,c05_storm_150_a300_c100_0026,16.9114,16.9114
5,storm,a300_c100,edd,0.5,c05_storm_150_a300_c100_0026,16.9114,16.9114
5,storm,a300_c100,atc,1.0,c05_storm_150_a300_c100_0026,16.9114,16.9114
5,storm,a300_c100,edd,1.0,c05_storm_150_a300_c100_0026,16.9114,16.9114
5,storm,a300_c100,atc,0.5,c05_storm_150_a300_c100_0027,1.3530,0.0000
5,storm,a300_c100,edd,0.5,c05_storm_150_a300_c100_0027,1.3530,0.0000
5,storm,a300_c100,atc,1.0,c05_storm_150_a300_c100_0027,0.0000,0.0000
5,storm,a300_c100,edd,1.0,c05_storm_150_a300_c100_0027,0.0000,0.0000
5,storm,a300_c100,atc,0.5,c05_storm_150_a300_c100_0028,31.3862,31.3862
5,storm,a300_c100,edd,0.5,c05_storm_150_a300_c100_0028,31.3862,31.3862
5,storm,a300_c100,atc,1.0,c05_storm_150_a300_c100_0028,11.4670,11.4670
5,storm,a300_c100,edd,1.0,c05_storm_150_a300_c100_0028,11.4670,11.4670
5,storm,a300_c100,atc,0.5,c05_storm_150_a300_c100_0029,0.0000,0.0000
5,storm,a300_c100,edd,0.5,c05_storm_150_a300_c100_0029,0.0000,0.0000
5,storm,a300_c100,atc,1.0,c05_storm_150_a300_c100_0029,9.5942,9.5942
5,storm,a300_c100,edd,1.0,c05_storm_150_a300_c100_0029,9.5942,9.5942
5,storm,a300_c80,atc,0.5,c05_storm_150_a300_c80_0000,0.0000,0.0000
5,storm,a300_c80,edd,0.5,c05_storm_150_a300_c80_0000,0.0000,0.0000
5,storm,a300_c80,atc,1.0,c05_storm_150_a300_c80_0000,0.0000,0.0000
5,storm,a300_c80,edd,1.0,c05_storm_150_a300_c80_0000,0.0000,0.0000
5,storm,a300_c80,atc,0.5,c05_storm_150_a300_c80_0001,0.0000,0.0000
5,storm,a300_c80,edd,0.5,c05_storm_150_a300_c80_0001,0.0000,0.0000
5,storm,a300_c80,atc,1.0,c05_storm_150_a300_c80_0001,4.1732,4.1732
5,storm,a300_c80,edd,1.0,c05_storm_150_a300_c80_0001,4.1732,3.5846
5,storm,a300_c80,atc,0.5,c05_storm_150_a300_c80_0002,0.2739,0.2739
5,storm,a300_c80,edd,0.5,c05_storm_150_a300_c80_0002,0.2739,0.2739
5,storm,a300_c80,atc,1.0,c05_storm_150_a300_c80_0002,0.2739,0.2739
5,storm,a300_c80,edd,1.0,c05_storm_150_a300_c80_0002,0.2739,0.2739
5,storm,a300_c80,atc,0.5,c05_storm_150_a300_c80_0003,0.0000,0.0000
5,storm,a300_c80,edd,0.5,c05_storm_150_a300_c80_0003,0.0000,0.0000
5,storm,a300_c80,atc,1.0,c05_storm_150_a300_c80_0003,12.0924,12.0924
5,storm,a300_c80,edd,1.0,c05_storm_150_a300_c80_0003,12.0924,12.0924
5,storm,a300_c80,atc,0.5,c05_storm_150_a300_c80_0004,0.5558,0.5558
5,storm,a300_c80,edd,0.5,c05_storm_150_a300_c80_0004,0.5558,0.5558
5,storm,a300_c80,atc,1.0,c05_storm_150_a300_c80_0004,14.9198,14.9198
5,storm,a300_c80,edd,1.0,c05_storm_150_a300_c80_0004,14.9198,14.9198
5,storm,a300_c80,atc,0.5,c05_storm_150_a300_c80_0005,0.0000,0.0000
5,storm,a300_c80,edd,0.5,c05_storm_150_a300_c80_0005,0.0000,0.0000
5,storm,a300_c80,atc,1.0,c05_storm_150_a300_c80_0005,10.6638,10.6638
5,storm,a300_c80,edd,1.0,c05_storm_150_a300_c80_0005,10.6638,10.6638
5,storm,a300_c80,atc,0.5,c05_storm_150_a300_c80_0006,18.3246,18.3246
5,storm,a300_c80,edd,0.5,c05_storm_150_a300_c80_0006,18.3246,18.3246
5,storm,a300_c80,atc,1.0,c05_storm_150_a300_c80_0006,18.3246,18.3246
5,storm,a300_c80,edd,1.0,c05_storm_150_a300_c80_0006,18.3246,18.3246
5,storm,a300_c80,atc,0.5,c05_storm_150_a300_c80_0007,15.2930,15.2930
5,storm,a300_c80,edd,0.5,c05_storm_150_a300_c80_0007,15.2930,15.2930
5,storm,a300_c80,atc,1.0,c05_storm_150_a300_c80_0007,15.2930,15.2930
5,storm,a300_c80,edd,1.0,c05_storm_150_a300_c80_0007,15.2930,15.2930
5,storm,a300_c80,atc,0.5,c05_storm_150_a300_c80_0008,0.0000,0.0000
5,storm,a300_c80,edd,0.5,c05_storm_150_a300_c80_0008,0.0000,0.0000
5,storm,a300_c80,atc,1.0,c05_storm_150_a300_c80_0008,0.4054,0.4054
5,storm,a300_c80,edd,1.0,c05_storm_150_a300_c80_0008,0.4054,0.4054
5,storm,a300_c80,atc,0.5,c05_storm_150_a300_c80_0009,0.0000,0.0000
5,storm,a300_c80,edd,0.5,c05_storm_150_a300_c80_0009,0.0000,0.0000
5,storm,a300_c80,atc,1.0,c05_storm_150_a300_c80_0009,0.0000,0.0000
5,storm,a300_c80,edd,1.0,c05_storm_150_a300_c80_0009,0.0000,0.0000
5,storm,a300_c80,atc,0.5,c05_storm_150_a300_c80_0010,0.4390,0.4390
5,storm,a300_c80,edd,0.5,c05_storm_150_a300_c80_0010,0.4390,0.4390
5,storm,a300_c80,atc,1.0,c05_storm_150_a300_c80_0010,7.0092,7.0092
5,storm,a300_c80,edd,1.0,c05_storm_150_a300_c80_0010,7.0092,7.0092
5,storm,a300_c80,atc,0.5,c05_storm_150_a300_c80_0011,0.0000,0.0000
5,storm,a300_c80,edd,0.5,c05_storm_150_a300_c80_0011,0.0000,0.0000
5,storm,a300_c80,atc,1.0,c05_storm_150_a300_c80_0011,46.2360,46.2360
5,storm,a300_c80,edd,1.0,c05_storm_150_a300_c80_0011,46.2360,46.2360
5,storm,a300_c80,atc,0.5,c05_storm_150_a300_c80_0012,0.0000,0.0000
5,storm,a300_c80,edd,0.5,c05_storm_150_a300_c80_0012,0.0000,0.0000
5,storm,a300_c80,atc,1.0,c05_storm_150_a300_c80_0012,32.6506,32.6506
5,storm,a300_c80,edd,1.0,c05_storm_150_a300_c80_0012,32.6506,32.6506
5,storm,a300_c80,atc,0.5,c05_storm_150_a300_c80_0013,0.0000,0.0000
5,storm,a300_c80,edd,0.5,c05_storm_150_a300_c80_0013,0.0000,0.0000
5,storm,a300_c80,atc,1.0,c05_storm_150_a300_c80_0013,9.1470,9.1470
5,storm,a300_c80,edd,1.0,c05_storm_150_a300_c80_0013,9.1470,9.1470
5,storm,a300_c80,atc,0.5,c05_storm_150_a300_c80_0014,0.3684,0.2978
5,storm,a300_c80,edd,0.5,c05_storm_150_a300_c80_0014,0.3684,0.3684
5,storm,a300_c80,atc,1.0,c05_storm_150_a300_c80_0014,74.0710,74.0004
5,storm,a300_c80,edd,1.0,c05_storm_150_a300_c80_0014,74.0710,74.0710
5,storm,a300_c80,atc,0.5,c05_storm_150_a300_c80_0015,0.0000,0.0000
5,storm,a300_c80,edd,0.5,c05_storm_150_a300_c80_0015,0.0000,0.0000
5,storm,a300_c80,atc,1.0,c05_storm_150_a300_c80_0015,0.0000,0.0000
5,storm,a300_c80,edd,1.0,c05_storm_150_a300_c80_0015,0.0000,0.0000
5,storm,a300_c80,atc,0.5,c05_storm_150_a300_c80_0016,0.6580,0.0000
5,storm,a300_c80,edd,0.5,c05_storm_150_a300_c80_0016,0.6580,0.0000
5,storm,a300_c80,atc,1.0,c05_storm_150_a300_c80_0016,0.6580,0.0000
5,storm,a300_c80,edd,1.0,c05_storm_150_a300_c80_0016,0.6580,0.0000
5,storm,a300_c80,atc,0.5,c05_storm_150_a300_c80_0017,0.0000,0.0000
5,storm,a300_c80,edd,0.5,c05_storm_150_a300_c80_0017,0.0000,0.0000
5,storm,a300_c80,atc,1.0,c05_storm_150_a300_c80_0017,15.8540,15.8540
5,storm,a300_c80,edd,1.0,c05_storm_150_a300_c80_0017,15.8540,15.8540
5,storm,a300_c80,atc,0.5,c05_storm_150_a300_c80_0018,0.0000,0.0000
5,storm,a300_c80,edd,0.5,c05_storm_150_a300_c80_0018,0.0000,0.0000
5,storm,a300_c80,atc,1.0,c05_storm_150_a300_c80_0018,0.0000,0.0000
5,storm,a300_c80,edd,1.0,c05_storm_150_a300_c80_0018,0.0000,0.0000
5,storm,a300_c80,atc,0.5,c05_storm_150_a300_c80_0019,23.4036,23.4036
5,storm,a300_c80,edd,0.5,c05_storm_150_a300_c80_0019,23.4036,23.4036
5,storm,a300_c80,atc,1.0,c05_storm_150_a300_c80_0019,20.9456,20.9456
5,storm,a300_c80,edd,1.0,c05_storm_150_a300_c80_0019,20.9456,20.9456
5,storm,a300_c80,atc,0.5,c05_storm_150_a300_c80_0020,0.0000,0.0000
5,storm,a300_c80,edd,0.5,c05_storm_150_a300_c80_0020,0.0000,0.0000
5,storm,a300_c80,atc,1.0,c05_storm_150_a300_c80_0020,11.8564,12.1422
5,storm,a300_c80,edd,1.0,c05_storm_150_a300_c80_0020,11.9342,11.8760
5,storm,a300_c80,atc,0.5,c05_storm_150_a300_c80_0021,7.8444,7.8444
5,storm,a300_c80,edd,0.5,c05_storm_150_a300_c80_0021,7.8444,7.8444
5,storm,a300_c80,atc,1.0,c05_storm_150_a300_c80_0021,55.0588,55.0588
5,storm,a300_c80,edd,1.0,c05_storm_150_a300_c80_0021,55.0588,55.0588
5,storm,a300_c80,atc,0.5,c05_storm_150_a300_c80_0022,6.3138,6.3138
5,storm,a300_c80,edd,0.5,c05_storm_150_a300_c80_0022,6.3138,6.3138
5,storm,a300_c80,atc,1.0,c05_storm_150_a300_c80_0022,71.5302,71.5302
5,storm,a300_c80,edd,1.0,c05_storm_150_a300_c80_0022,71.5302,71.5302
5,storm,a300_c80,atc,0.5,c05_storm_150_a300_c80_0023,0.0000,0.0000
5,storm,a300_c80,edd,0.5,c05_storm_150_a300_c80_0023,0.0000,0.0000
5,storm,a300_c80,atc,1.0,c05_storm_150_a300_c80_0023,0.5910,0.5910
5,storm,a300_c80,edd,1.0,c05_storm_150_a300_c80_0023,0.5910,0.5910
5,storm,a300_c80,atc,0.5,c05_storm_150_a300_c80_0024,4.5652,4.5652
5,storm,a300_c80,edd,0.5,c05_storm_150_a300_c80_0024,4.5652,4.5652
5,storm,a300_c80,atc,1.0,c05_storm_150_a300_c80_0024,35.1396,35.1396
5,storm,a300_c80,edd,1.0,c05_storm_150_a300_c80_0024,35.1396,35.1396
5,storm,a300_c80,atc,0.5,c05_storm_150_a300_c80_0025,1.3436,1.3436
5,storm,a300_c80,edd,0.5,c05_storm_150_a300_c80_0025,1.3436,1.3436
5,storm,a300_c80,atc,1.0,c05_storm_150_a300_c80_0025,1.3436,1.3436
5,storm,a300_c80,edd,1.0,c05_storm_150_a300_c80_0025,1.3436,1.3436
5,storm,a300_c80,atc,0.5,c05_storm_150_a300_c80_0026,5.5584,5.5584
5,storm,a300_c80,edd,0.5,c05_storm_150_a300_c80_0026,5.5584,5.5584
5,storm,a300_c80,atc,1.0,c05_storm_150_a300_c80_0026,5.5584,5.5584
5,storm,a300_c80,edd,1.0,c05_storm_150_a300_c80_0026,5.5584,5.5584
5,storm,a300_c80,atc,0.5,c05_storm_150_a300_c80_0027,2.6656,2.6656
5,storm,a300_c80,edd,0.5,c05_storm_150_a300_c80_0027,2.6656,2.6656
5,storm,a300_c80,atc,1.0,c05_storm_150_a300_c80_0027,0.0000,0.0000
5,storm,a300_c80,edd,1.0,c05_storm_150_a300_c80_0027,0.0000,0.0000
5,storm,a300_c80,atc,0.5,c05_storm_150_a300_c80_0028,8.4256,8.4256
5,storm,a300_c80,edd,0.5,c05_storm_150_a300_c80_0028,8.4256,8.4256
5,storm,a300_c80,atc,1.0,c05_storm_150_a300_c80_0028,28.6704,28.6704
5,storm,a300_c80,edd,1.0,c05_storm_150_a300_c80_0028,28.6704,28.6704
5,storm,a300_c80,atc,0.5,c05_storm_150_a300_c80_0029,0.0000,0.0000
5,storm,a300_c80,edd,0.5,c05_storm_150_a300_c80_0029,0.0000,0.0000
5,storm,a300_c80,atc,1.0,c05_storm_150_a300_c80_0029,7.7682,7.7682
5,storm,a300_c80,edd,1.0,c05_storm_150_a300_c80_0029,7.7682,7.7682
5,pmmix,p20_c60,atc,0.5,c05_pmmix_150_p20_c60_0000,4.3158,4.3158
5,pmmix,p20_c60,edd,0.5,c05_pmmix_150_p20_c60_0000,4.3158,4.3158
5,pmmix,p20_c60,atc,1.0,c05_pmmix_150_p20_c60_0000,25.6226,25.6226
5,pmmix,p20_c60,edd,1.0,c05_pmmix_150_p20_c60_0000,25.6226,25.6226
5,pmmix,p20_c60,atc,0.5,c05_pmmix_150_p20_c60_0001,7.7258,7.7258
5,pmmix,p20_c60,edd,0.5,c05_pmmix_150_p20_c60_0001,7.7258,7.7258
5,pmmix,p20_c60,atc,1.0,c05_pmmix_150_p20_c60_0001,37.8470,37.8470
5,pmmix,p20_c60,edd,1.0,c05_pmmix_150_p20_c60_0001,37.8470,37.8470
5,pmmix,p20_c60,atc,0.5,c05_pmmix_150_p20_c60_0002,1.5648,1.5648
5,pmmix,p20_c60,edd,0.5,c05_pmmix_150_p20_c60_0002,1.5648,1.5648
5,pmmix,p20_c60,atc,1.0,c05_pmmix_150_p20_c60_0002,8.1426,8.1426
5,pmmix,p20_c60,edd,1.0,c05_pmmix_150_p20_c60_0002,8.1426,8.1426
5,pmmix,p20_c60,atc,0.5,c05_pmmix_150_p20_c60_0003,5.2618,5.2618
5,pmmix,p20_c60,edd,0.5,c05_pmmix_150_p20_c60_0003,5.2618,5.2618
5,pmmix,p20_c60,atc,1.0,c05_pmmix_150_p20_c60_0003,7.6052,7.6052
5,pmmix,p20_c60,edd,1.0,c05_pmmix_150_p20_c60_0003,7.6052,7.6052
5,pmmix,p20_c60,atc,0.5,c05_pmmix_150_p20_c60_0004,0.0000,0.0000
5,pmmix,p20_c60,edd,0.5,c05_pmmix_150_p20_c60_0004,0.0000,0.0000
5,pmmix,p20_c60,atc,1.0,c05_pmmix_150_p20_c60_0004,6.9688,6.9688
5,pmmix,p20_c60,edd,1.0,c05_pmmix_150_p20_c60_0004,6.9688,6.9688
5,pmmix,p20_c60,atc,0.5,c05_pmmix_150_p20_c60_0005,0.0000,0.0000
5,pmmix,p20_c60,edd,0.5,c05_pmmix_150_p20_c60_0005,0.0000,0.0000
5,pmmix,p20_c60,atc,1.0,c05_pmmix_150_p20_c60_0005,12.2206,12.2206
5,pmmix,p20_c60,edd,1.0,c05_pmmix_150_p20_c60_0005,12.2206,12.2206
5,pmmix,p20_c60,atc,0.5,c05_pmmix_150_p20_c60_0006,0.0000,0.0000
5,pmmix,p20_c60,edd,0.5,c05_pmmix_150_p20_c60_0006,0.0000,0.0000
5,pmmix,p20_c60,atc,1.0,c05_pmmix_150_p20_c60_0006,0.0000,0.0000
5,pmmix,p20_c60,edd,1.0,c05_pmmix_150_p20_c60_0006,0.0000,0.0000
5,pmmix,p20_c60,atc,0.5,c05_pmmix_150_p20_c60_0007,0.0000,0.0000
5,pmmix,p20_c60,edd,0.5,c05_pmmix_150_p20_c60_0007,0.0000,0.0000
5,pmmix,p20_c60,atc,1.0,c05_pmmix_150_p20_c60_0007,29.8604,29.8604
5,pmmix,p20_c60,edd,1.0,c05_pmmix_150_p20_c60_0007,29.8604,29.8604
5,pmmix,p20_c60,atc,0.5,c05_pmmix_150_p20_c60_0008,26.6584,26.6584
5,pmmix,p20_c60,edd,0.5,c05_pmmix_150_p20_c60_0008,26.6584,26.6584
5,pmmix,p20_c60,atc,1.0,c05_pmmix_150_p20_c60_0008,26.6584,26.6584
5,pmmix,p20_c60,edd,1.0,c05_pmmix_150_p20_c60_0008,26.6584,26.6584
5,pmmix,p20_c60,atc,0.5,c05_pmmix_150_p20_c60_0009,0.0000,0.0000
5,pmmix,p20_c60,edd,0.5,c05_pmmix_150_p20_c60_0009,0.0000,0.0000
5,pmmix,p20_c60,atc,1.0,c05_pmmix_150_p20_c60_0009,0.0000,0.0000
5,pmmix,p20_c60,edd,1.0,c05_pmmix_150_p20_c60_0009,0.0000,0.0000
5,pmmix,p20_c60,atc,0.5,c05_pmmix_150_p20_c60_0010,11.1798,11.1798
5,pmmix,p20_c60,edd,0.5,c05_pmmix_150_p20_c60_0010,11.1798,11.1798
5,pmmix,p20_c60,atc,1.0,c05_pmmix_150_p20_c60_0010,27.1848,27.1848
5,pmmix,p20_c60,edd,1.0,c05_pmmix_150_p20_c60_0010,27.1848,27.1848
5,pmmix,p20_c60,atc,0.5,c05_pmmix_150_p20_c60_0011,5.4578,5.4578
5,pmmix,p20_c60,edd,0.5,c05_pmmix_150_p20_c60_0011,5.4578,5.4578
5,pmmix,p20_c60,atc,1.0,c05_pmmix_150_p20_c60_0011,5.4578,5.4578
5,pmmix,p20_c60,edd,1.0,c05_pmmix_150_p20_c60_0011,5.4578,5.4578
5,pmmix,p20_c60,atc,0.5,c05_pmmix_150_p20_c60_0012,60.9682,53.8046
5,pmmix,p20_c60,edd,0.5,c05_pmmix_150_p20_c60_0012,53.4554,46.2918
5,pmmix,p20_c60,atc,1.0,c05_pmmix_150_p20_c60_0012,60.0092,60.0092
5,pmmix,p20_c60,edd,1.0,c05_pmmix_150_p20_c60_0012,62.5456,52.4964
5,pmmix,p20_c60,atc,0.5,c05_pmmix_150_p20_c60_0013,11.1716,11.1716
5,pmmix,p20_c60,edd,0.5,c05_pmmix_150_p20_c60_0013,11.1716,11.1716
5,pmmix,p20_c60,atc,1.0,c05_pmmix_150_p20_c60_0013,11.1716,11.1716
5,pmmix,p20_c60,edd,1.0,c05_pmmix_150_p20_c60_0013,11.1716,11.1716
5,pmmix,p20_c60,atc,0.5,c05_pmmix_150_p20_c60_0014,0.0000,0.0000
5,pmmix,p20_c60,edd,0.5,c05_pmmix_150_p20_c60_0014,0.0000,0.0000
5,pmmix,p20_c60,atc,1.0,c05_pmmix_150_p20_c60_0014,0.0000,0.0000
5,pmmix,p20_c60,edd,1.0,c05_pmmix_150_p20_c60_0014,0.0000,0.0000
5,pmmix,p20_c60,atc,0.5,c05_pmmix_150_p20_c60_0015,3.3970,3.3970
5,pmmix,p20_c60,edd,0.5,c05_pmmix_150_p20_c60_0015,3.3970,3.3970
5,pmmix,p20_c60,atc,1.0,c05_pmmix_150_p20_c60_0015,4.2238,4.2238
5,pmmix,p20_c60,edd,1.0,c05_pmmix_150_p20_c60_0015,4.2238,4.2238
5,pmmix,p20_c60,atc,0.5,c05_pmmix_150_p20_c60_0016,0.0000,0.0000
5,pmmix,p20_c60,edd,0.5,c05_pmmix_150_p20_c60_0016,0.0000,0.0000
5,pmmix,p20_c60,atc,1.0,c05_pmmix_150_p20_c60_0016,0.3700,0.3700
5,pmmix,p20_c60,edd,1.0,c05_pmmix_150_p20_c60_0016,0.3700,0.3700
5,pmmix,p20_c60,atc,0.5,c05_pmmix_150_p20_c60_0017,62.5612,61.9496
5,pmmix,p20_c60,edd,0.5,c05_pmmix_150_p20_c60_0017,62.5612,62.5612
5,pmmix,p20_c60,atc,1.0,c05_pmmix_150_p20_c60_0017,15.8310,15.8310
5,pmmix,p20_c60,edd,1.0,c05_pmmix_150_p20_c60_0017,15.8310,15.8310
5,pmmix,p20_c60,atc,0.5,c05_pmmix_150_p20_c60_0018,18.8480,18.8480
5,pmmix,p20_c60,edd,0.5,c05_pmmix_150_p20_c60_0018,18.8480,18.8480
5,pmmix,p20_c60,atc,1.0,c05_pmmix_150_p20_c60_0018,50.8480,50.8480
5,pmmix,p20_c60,edd,1.0,c05_pmmix_150_p20_c60_0018,50.8480,50.8480
5,pmmix,p20_c60,atc,0.5,c05_pmmix_150_p20_c60_0019,50.6354,50.6354
5,pmmix,p20_c60,edd,0.5,c05_pmmix_150_p20_c60_0019,54.3574,50.6354
5,pmmix,p20_c60,atc,1.0,c05_pmmix_150_p20_c60_0019,0.0000,0.0000
5,pmmix,p20_c60,edd,1.0,c05_pmmix_150_p20_c60_0019,0.0000,0.0000
5,pmmix,p20_c60,atc,0.5,c05_pmmix_150_p20_c60_0020,9.8286,9.8286
5,pmmix,p20_c60,edd,0.5,c05_pmmix_150_p20_c60_0020,9.8286,9.8286
5,pmmix,p20_c60,atc,1.0,c05_pmmix_150_p20_c60_0020,4.1172,4.1172
5,pmmix,p20_c60,edd,1.0,c05_pmmix_150_p20_c60_0020,4.1172,4.1172
5,pmmix,p20_c60,atc,0.5,c05_pmmix_150_p20_c60_0021,0.3550,0.3550
5,pmmix,p20_c60,edd,0.5,c05_pmmix_150_p20_c60_0021,0.3550,0.3550
5,pmmix,p20_c60,atc,1.0,c05_pmmix_150_p20_c60_0021,0.3550,0.3550
5,pmmix,p20_c60,edd,1.0,c05_pmmix_150_p20_c60_0021,0.3550,0.3550
5,pmmix,p20_c60,atc,0.5,c05_pmmix_150_p20_c60_0022,18.2570,18.2570
5,pmmix,p20_c60,edd,0.5,c05_pmmix_150_p20_c60_0022,18.2570,18.2570
5,pmmix,p20_c60,atc,1.0,c05_pmmix_150_p20_c60_0022,7.9366,7.9366
5,pmmix,p20_c60,edd,1.0,c05_pmmix_150_p20_c60_0022,7.9366,7.9366
5,pmmix,p20_c60,atc,0.5,c05_pmmix_150_p20_c60_0023,0.0000,0.0000
5,pmmix,p20_c60,edd,0.5,c05_pmmix_150_p20_c60_0023,0.0000,0.0000
5,pmmix,p20_c60,atc,1.0,c05_pmmix_150_p20_c60_0023,0.0000,0.0000
5,pmmix,p20_c60,edd,1.0,c05_pmmix_150_p20_c60_0023,0.0000,0.0000
5,pmmix,p20_c60,atc,0.5,c05_pmmix_150_p20_c60_0024,0.3898,0.3898
5,pmmix,p20_c60,edd,0.5,c05_pmmix_150_p20_c60_0024,0.3898,0.3898
5,pmmix,p20_c60,atc,1.0,c05_pmmix_150_p20_c60_0024,0.3898,0.3898
5,pmmix,p20_c60,edd,1.0,c05_pmmix_150_p20_c60_0024,0.3898,0.3898
5,pmmix,p20_c60,atc,0.5,c05_pmmix_150_p20_c60_0025,0.0000,0.0000
5,pmmix,p20_c60,edd,0.5,c05_pmmix_150_p20_c60_0025,0.0000,0.0000
5,pmmix,p20_c60,atc,1.0,c05_pmmix_150_p20_c60_0025,0.0000,0.0000
5,pmmix,p20_c60,edd,1.0,c05_pmmix_150_p20_c60_0025,0.0000,0.0000
5,pmmix,p20_c60,atc,0.5,c05_pmmix_150_p20_c60_0026,2.3946,2.3946
5,pmmix,p20_c60,edd,0.5,c05_pmmix_150_p20_c60_0026,2.3946,2.3946
5,pmmix,p20_c60,atc,1.0,c05_pmmix_150_p20_c60_0026,2.3946,2.3946
5,pmmix,p20_c60,edd,1.0,c05_pmmix_150_p20_c60_0026,2.3946,2.3946
5,pmmix,p20_c60,atc,0.5,c05_pmmix_150_p20_c60_0027,8.0728,8.0728
5,pmmix,p20_c60,edd,0.5,c05_pmmix_150_p20_c60_0027,8.0728,8.0728
5,pmmix,p20_c60,atc,1.0,c05_pmmix_150_p20_c60_0027,8.0728,8.0728
5,pmmix,p20_c60,edd,1.0,c05_pmmix_150_p20_c60_0027,8.0728,8.0728
5,pmmix,p20_c60,atc,0.5,c05_pmmix_150_p20_c60_0028,0.0000,0.0000
5,pmmix,p20_c60,edd,0.5,c05_pmmix_150_p20_c60_0028,0.0000,0.0000
5,pmmix,p20_c60,atc,1.0,c05_pmmix_150_p20_c60_0028,49.0506,49.0506
5,pmmix,p20_c60,edd,1.0,c05_pmmix_150_p20_c60_0028,49.0506,49.0506
5,pmmix,p20_c60,atc,0.5,c05_pmmix_150_p20_c60_0029,8.9808,8.9808
5,pmmix,p20_c60,edd,0.5,c05_pmmix_150_p20_c60_0029,8.9808,8.9808
5,pmmix,p20_c60,atc,1.0,c05_pmmix_150_p20_c60_0029,8.9808,8.9808
5,pmmix,p20_c60,edd,1.0,c05_pmmix_150_p20_c60_0029,8.9808,8.9808
5,pmmix,p50_c60,atc,0.5,c05_pmmix_150_p50_c60_0000,0.0000,0.0000
5,pmmix,p50_c60,edd,0.5,c05_pmmix_150_p50_c60_0000,0.0000,0.0000
5,pmmix,p50_c60,atc,1.0,c05_pmmix_150_p50_c60_0000,0.0000,0.0000
5,pmmix,p50_c60,edd,1.0,c05_pmmix_150_p50_c60_0000,0.0000,0.0000
5,pmmix,p50_c60,atc,0.5,c05_pmmix_150_p50_c60_0001,5.6364,5.6364
5,pmmix,p50_c60,edd,0.5,c05_pmmix_150_p50_c60_0001,5.6364,5.6364
5,pmmix,p50_c60,atc,1.0,c05_pmmix_150_p50_c60_0001,11.3585,11.3585
5,pmmix,p50_c60,edd,1.0,c05_pmmix_150_p50_c60_0001,11.3585,11.3585
5,pmmix,p50_c60,atc,0.5,c05_pmmix_150_p50_c60_0002,0.0000,0.0000
5,pmmix,p50_c60,edd,0.5,c05_pmmix_150_p50_c60_0002,0.0000,0.0000
5,pmmix,p50_c60,atc,1.0,c05_pmmix_150_p50_c60_0002,0.0000,0.0000
5,pmmix,p50_c60,edd,1.0,c05_pmmix_150_p50_c60_0002,0.0000,0.0000
5,pmmix,p50_c60,atc,0.5,c05_pmmix_150_p50_c60_0003,9.4528,9.4528
5,pmmix,p50_c60,edd,0.5,c05_pmmix_150_p50_c60_0003,9.4528,9.4528
5,pmmix,p50_c60,atc,1.0,c05_pmmix_150_p50_c60_0003,27.7248,27.7248
5,pmmix,p50_c60,edd,1.0,c05_pmmix_150_p50_c60_0003,27.7248,27.7248
5,pmmix,p50_c60,atc,0.5,c05_pmmix_150_p50_c60_0004,0.0000,0.0000
5,pmmix,p50_c60,edd,0.5,c05_pmmix_150_p50_c60_0004,0.0000,0.0000
5,pmmix,p50_c60,atc,1.0,c05_pmmix_150_p50_c60_0004,0.0000,0.0000
5,pmmix,p50_c60,edd,1.0,c05_pmmix_150_p50_c60_0004,0.0000,0.0000
5,pmmix,p50_c60,atc,0.5,c05_pmmix_150_p50_c60_0005,30.5342,30.5342
5,pmmix,p50_c60,edd,0.5,c05_pmmix_150_p50_c60_0005,30.5342,30.5342
5,pmmix,p50_c60,atc,1.0,c05_pmmix_150_p50_c60_0005,11.0226,11.0226
5,pmmix,p50_c60,edd,1.0,c05_pmmix_150_p50_c60_0005,11.0226,11.0226
5,pmmix,p50_c60,atc,0.5,c05_pmmix_150_p50_c60_0006,0.0000,0.0000
5,pmmix,p50_c60,edd,0.5,c05_pmmix_150_p50_c60_0006,0.0000,0.0000
5,pmmix,p50_c60,atc,1.0,c05_pmmix_150_p50_c60_0006,25.2832,25.2832
5,pmmix,p50_c60,edd,1.0,c05_pmmix_150_p50_c60_0006,25.2832,25.2832
5,pmmix,p50_c60,atc,0.5,c05_pmmix_150_p50_c60_0007,0.0000,0.0000
5,pmmix,p50_c60,edd,0.5,c05_pmmix_150_p50_c60_0007,0.0000,0.0000
5,pmmix,p50_c60,atc,1.0,c05_pmmix_150_p50_c60_0007,23.3640,23.3640
5,pmmix,p50_c60,edd,1.0,c05_pmmix_150_p50_c60_0007,23.3640,23.3640
5,pmmix,p50_c60,atc,0.5,c05_pmmix_150_p50_c60_0008,28.6992,28.6992
5,pmmix,p50_c60,edd,0.5,c05_pmmix_150_p50_c60_0008,28.6992,28.6992
5,pmmix,p50_c60,atc,1.0,c05_pmmix_150_p50_c60_0008,0.0000,0.0000
5,pmmix,p50_c60,edd,1.0,c05_pmmix_150_p50_c60_0008,0.0000,0.0000
5,pmmix,p50_c60,atc,0.5,c05_pmmix_150_p50_c60_0009,31.4832,31.4832
5,pmmix,p50_c60,edd,0.5,c05_pmmix_150_p50_c60_0009,31.4832,31.4832
5,pmmix,p50_c60,atc,1.0,c05_pmmix_150_p50_c60_0009,31.4832,31.4832
5,pmmix,p50_c60,edd,1.0,c05_pmmix_150_p50_c60_0009,31.4832,31.4832
5,pmmix,p50_c60,atc,0.5,c05_pmmix_150_p50_c60_0010,2.7980,2.7980
5,pmmix,p50_c60,edd,0.5,c05_pmmix_150_p50_c60_0010,2.7980,2.7980
5,pmmix,p50_c60,atc,1.0,c05_pmmix_150_p50_c60_0010,2.7980,2.7980
5,pmmix,p50_c60,edd,1.0,c05_pmmix_150_p50_c60_0010,2.7980,2.7980
5,pmmix,p50_c60,atc,0.5,c05_pmmix_150_p50_c60_0011,0.0000,0.0000
5,pmmix,p50_c60,edd,0.5,c05_pmmix_150_p50_c60_0011,0.0000,0.0000
5,pmmix,p50_c60,atc,1.0,c05_pmmix_150_p50_c60_0011,7.8659,7.8659
5,pmmix,p50_c60,edd,1.0,c05_pmmix_150_p50_c60_0011,7.8659,7.8659
5,pmmix,p50_c60,atc,0.5,c05_pmmix_150_p50_c60_0012,0.0000,0.0000
5,pmmix,p50_c60,edd,0.5,c05_pmmix_150_p50_c60_0012,0.0000,0.0000
5,pmmix,p50_c60,atc,1.0,c05_pmmix_150_p50_c60_0012,0.0000,0.0000
5,pmmix,p50_c60,edd,1.0,c05_pmmix_150_p50_c60_0012,0.0000,0.0000
5,pmmix,p50_c60,atc,0.5,c05_pmmix_150_p50_c60_0013,0.0000,0.0000
5,pmmix,p50_c60,edd,0.5,c05_pmmix_150_p50_c60_0013,0.0000,0.0000
5,pmmix,p50_c60,atc,1.0,c05_pmmix_150_p50_c60_0013,27.2760,27.2760
5,pmmix,p50_c60,edd,1.0,c05_pmmix_150_p50_c60_0013,27.2760,27.2760
5,pmmix,p50_c60,atc,0.5,c05_pmmix_150_p50_c60_0014,0.0000,0.0000
5,pmmix,p50_c60,edd,0.5,c05_pmmix_150_p50_c60_0014,0.0000,0.0000
5,pmmix,p50_c60,atc,1.0,c05_pmmix_150_p50_c60_0014,5.6092,5.6092
5,pmmix,p50_c60,edd,1.0,c05_pmmix_150_p50_c60_0014,5.6092,5.6092
5,pmmix,p50_c60,atc,0.5,c05_pmmix_150_p50_c60_0015,8.5196,8.5196
5,pmmix,p50_c60,edd,0.5,c05_pmmix_150_p50_c60_0015,8.5196,8.5196
5,pmmix,p50_c60,atc,1.0,c05_pmmix_150_p50_c60_0015,0.0000,0.0000
5,pmmix,p50_c60,edd,1.0,c05_pmmix_150_p50_c60_0015,0.0000,0.0000
5,pmmix,p50_c60,atc,0.5,c05_pmmix_150_p50_c60_0016,0.0000,0.0000
5,pmmix,p50_c60,edd,0.5,c05_pmmix_150_p50_c60_0016,0.0000,0.0000
5,pmmix,p50_c60,atc,1.0,c05_pmmix_150_p50_c60_0016,0.0000,0.0000
5,pmmix,p50_c60,edd,1.0,c05_pmmix_150_p50_c60_0016,0.0000,0.0000
5,pmmix,p50_c60,atc,0.5,c05_pmmix_150_p50_c60_0017,0.0000,0.0000
5,pmmix,p50_c60,edd,0.5,c05_pmmix_150_p50_c60_0017,0.0000,0.0000
5,pmmix,p50_c60,atc,1.0,c05_pmmix_150_p50_c60_0017,1.9316,1.9316
5,pmmix,p50_c60,edd,1.0,c05_pmmix_150_p50_c60_0017,1.9316,1.9316
5,pmmix,p50_c60,atc,0.5,c05_pmmix_150_p50_c60_0018,6.5726,6.5726
5,pmmix,p50_c60,edd,0.5,c05_pmmix_150_p50_c60_0018,6.5726,6.5726
5,pmmix,p50_c60,atc,1.0,c05_pmmix_150_p50_c60_0018,4.8238,4.8238
5,pmmix,p50_c60,edd,1.0,c05_pmmix_150_p50_c60_0018,4.8238,4.8238
5,pmmix,p50_c60,atc,0.5,c05_pmmix_150_p50_c60_0019,0.0000,0.0000
5,pmmix,p50_c60,edd,0.5,c05_pmmix_150_p50_c60_0019,0.0000,0.0000
5,pmmix,p50_c60,atc,1.0,c05_pmmix_150_p50_c60_0019,14.9066,14.9066
5,pmmix,p50_c60,edd,1.0,c05_pmmix_150_p50_c60_0019,14.9066,14.9066
5,pmmix,p50_c60,atc,0.5,c05_pmmix_150_p50_c60_0020,0.0000,0.0000
5,pmmix,p50_c60,edd,0.5,c05_pmmix_150_p50_c60_0020,0.0000,0.0000
5,pmmix,p50_c60,atc,1.0,c05_pmmix_150_p50_c60_0020,0.0000,0.0000
5,pmmix,p50_c60,edd,1.0,c05_pmmix_150_p50_c60_0020,0.0000,0.0000
5,pmmix,p50_c60,atc,0.5,c05_pmmix_150_p50_c60_0021,0.0000,0.0000
5,pmmix,p50_c60,edd,0.5,c05_pmmix_150_p50_c60_0021,0.0000,0.0000
5,pmmix,p50_c60,atc,1.0,c05_pmmix_150_p50_c60_0021,0.0000,0.0000
5,pmmix,p50_c60,edd,1.0,c05_pmmix_150_p50_c60_0021,0.0000,0.0000
5,pmmix,p50_c60,atc,0.5,c05_pmmix_150_p50_c60_0022,0.0000,0.0000
5,pmmix,p50_c60,edd,0.5,c05_pmmix_150_p50_c60_0022,0.0000,0.0000
5,pmmix,p50_c60,atc,1.0,c05_pmmix_150_p50_c60_0022,0.0000,0.0000
5,pmmix,p50_c60,edd,1.0,c05_pmmix_150_p50_c60_0022,0.0000,0.0000
5,pmmix,p50_c60,atc,0.5,c05_pmmix_150_p50_c60_0023,9.1784,8.7836
5,pmmix,p50_c60,edd,0.5,c05_pmmix_150_p50_c60_0023,9.0784,8.7836
5,pmmix,p50_c60,atc,1.0,c05_pmmix_150_p50_c60_0023,0.0000,0.0000
5,pmmix,p50_c60,edd,1.0,c05_pmmix_150_p50_c60_0023,0.0000,0.0000
5,pmmix,p50_c60,atc,0.5,c05_pmmix_150_p50_c60_0024,0.0000,0.0000
5,pmmix,p50_c60,edd,0.5,c05_pmmix_150_p50_c60_0024,0.0000,0.0000
5,pmmix,p50_c60,atc,1.0,c05_pmmix_150_p50_c60_0024,0.0000,0.0000
5,pmmix,p50_c60,edd,1.0,c05_pmmix_150_p50_c60_0024,0.0000,0.0000
5,pmmix,p50_c60,atc,0.5,c05_pmmix_150_p50_c60_0025,0.0000,0.0000
5,pmmix,p50_c60,edd,0.5,c05_pmmix_150_p50_c60_0025,0.0000,0.0000
5,pmmix,p50_c60,atc,1.0,c05_pmmix_150_p50_c60_0025,0.0000,0.0000
5,pmmix,p50_c60,edd,1.0,c05_pmmix_150_p50_c60_0025,0.0000,0.0000
5,pmmix,p50_c60,atc,0.5,c05_pmmix_150_p50_c60_0026,0.0000,0.0000
5,pmmix,p50_c60,edd,0.5,c05_pmmix_150_p50_c60_0026,0.0000,0.0000
5,pmmix,p50_c60,atc,1.0,c05_pmmix_150_p50_c60_0026,0.0000,0.0000
5,pmmix,p50_c60,edd,1.0,c05_pmmix_150_p50_c60_0026,0.0000,0.0000
5,pmmix,p50_c60,atc,0.5,c05_pmmix_150_p50_c60_0027,0.0000,0.0000
5,pmmix,p50_c60,edd,0.5,c05_pmmix_150_p50_c60_0027,0.0000,0.0000
5,pmmix,p50_c60,atc,1.0,c05_pmmix_150_p50_c60_0027,0.0000,0.0000
5,pmmix,p50_c60,edd,1.0,c05_pmmix_150_p50_c60_0027,0.0000,0.0000
5,pmmix,p50_c60,atc,0.5,c05_pmmix_150_p50_c60_0028,0.0000,0.0000
5,pmmix,p50_c60,edd,0.5,c05_pmmix_150_p50_c60_0028,0.0000,0.0000
5,pmmix,p50_c60,atc,1.0,c05_pmmix_150_p50_c60_0028,0.0000,0.0000
5,pmmix,p50_c60,edd,1.0,c05_pmmix_150_p50_c60_0028,0.0000,0.0000
5,pmmix,p50_c60,atc,0.5,c05_pmmix_150_p50_c60_0029,0.0000,0.0000
5,pmmix,p50_c60,edd,0.5,c05_pmmix_150_p50_c60_0029,0.0000,0.0000
5,pmmix,p50_c60,atc,1.0,c05_pmmix_150_p50_c60_0029,0.0000,0.0000
5,pmmix,p50_c60,edd,1.0,c05_pmmix_150_p50_c60_0029,0.0000,0.0000
5,pmmix,p80_c60,atc,0.5,c05_pmmix_150_p80_c60_0000,0.0000,0.0000
5,pmmix,p80_c60,edd,0.5,c05_pmmix_150_p80_c60_0000,0.0000,0.0000
5,pmmix,p80_c60,atc,1.0,c05_pmmix_150_p80_c60_0000,0.0000,0.0000
5,pmmix,p80_c60,edd,1.0,c05_pmmix_150_p80_c60_0000,0.0000,0.0000
5,pmmix,p80_c60,atc,0.5,c05_pmmix_150_p80_c60_0001,0.0000,0.0000
5,pmmix,p80_c60,edd,0.5,c05_pmmix_150_p80_c60_0001,0.0000,0.0000
5,pmmix,p80_c60,atc,1.0,c05_pmmix_150_p80_c60_0001,0.8276,0.8276
5,pmmix,p80_c60,edd,1.0,c05_pmmix_150_p80_c60_0001,0.8276,0.8276
5,pmmix,p80_c60,atc,0.5,c05_pmmix_150_p80_c60_0002,2.7320,2.7320
5,pmmix,p80_c60,edd,0.5,c05_pmmix_150_p80_c60_0002,2.7320,2.7320
5,pmmix,p80_c60,atc,1.0,c05_pmmix_150_p80_c60_0002,2.7320,2.7320
5,pmmix,p80_c60,edd,1.0,c05_pmmix_150_p80_c60_0002,2.7320,2.7320
5,pmmix,p80_c60,atc,0.5,c05_pmmix_150_p80_c60_0003,0.0000,0.0000
5,pmmix,p80_c60,edd,0.5,c05_pmmix_150_p80_c60_0003,0.0000,0.0000
5,pmmix,p80_c60,atc,1.0,c05_pmmix_150_p80_c60_0003,0.0000,0.0000
5,pmmix,p80_c60,edd,1.0,c05_pmmix_150_p80_c60_0003,0.0000,0.0000
5,pmmix,p80_c60,atc,0.5,c05_pmmix_150_p80_c60_0004,0.0000,0.0000
5,pmmix,p80_c60,edd,0.5,c05_pmmix_150_p80_c60_0004,0.0000,0.0000
5,pmmix,p80_c60,atc,1.0,c05_pmmix_150_p80_c60_0004,9.2320,9.2320
5,pmmix,p80_c60,edd,1.0,c05_pmmix_150_p80_c60_0004,9.2320,9.2320
5,pmmix,p80_c60,atc,0.5,c05_pmmix_150_p80_c60_0005,0.0000,0.0000
5,pmmix,p80_c60,edd,0.5,c05_pmmix_150_p80_c60_0005,0.0000,0.0000
5,pmmix,p80_c60,atc,1.0,c05_pmmix_150_p80_c60_0005,0.0000,0.0000
5,pmmix,p80_c60,edd,1.0,c05_pmmix_150_p80_c60_0005,0.0000,0.0000
5,pmmix,p80_c60,atc,0.5,c05_pmmix_150_p80_c60_0006,3.6470,3.6470
5,pmmix,p80_c60,edd,0.5,c05_pmmix_150_p80_c60_0006,3.6470,3.6470
5,pmmix,p80_c60,atc,1.0,c05_pmmix_150_p80_c60_0006,0.0000,0.0000
5,pmmix,p80_c60,edd,1.0,c05_pmmix_150_p80_c60_0006,0.0000,0.0000
5,pmmix,p80_c60,atc,0.5,c05_pmmix_150_p80_c60_0007,0.0000,0.0000
5,pmmix,p80_c60,edd,0.5,c05_pmmix_150_p80_c60_0007,0.0000,0.0000
5,pmmix,p80_c60,atc,1.0,c05_pmmix_150_p80_c60_0007,0.0000,0.0000
5,pmmix,p80_c60,edd,1.0,c05_pmmix_150_p80_c60_0007,0.0000,0.0000
5,pmmix,p80_c60,atc,0.5,c05_pmmix_150_p80_c60_0008,0.0000,0.0000
5,pmmix,p80_c60,edd,0.5,c05_pmmix_150_p80_c60_0008,0.0000,0.0000
5,pmmix,p80_c60,atc,1.0,c05_pmmix_150_p80_c60_0008,0.0000,0.0000
5,pmmix,p80_c60,edd,1.0,c05_pmmix_150_p80_c60_0008,0.0000,0.0000
5,pmmix,p80_c60,atc,0.5,c05_pmmix_150_p80_c60_0009,60.9190,60.9190
5,pmmix,p80_c60,edd,0.5,c05_pmmix_150_p80_c60_0009,60.9190,60.9190
5,pmmix,p80_c60,atc,1.0,c05_pmmix_150_p80_c60_0009,0.0000,0.0000
5,pmmix,p80_c60,edd,1.0,c05_pmmix_150_p80_c60_0009,0.0000,0.0000
5,pmmix,p80_c60,atc,0.5,c05_pmmix_150_p80_c60_0010,0.0000,0.0000
5,pmmix,p80_c60,edd,0.5,c05_pmmix_150_p80_c60_0010,0.0000,0.0000
5,pmmix,p80_c60,atc,1.0,c05_pmmix_150_p80_c60_0010,0.0000,0.0000
5,pmmix,p80_c60,edd,1.0,c05_pmmix_150_p80_c60_0010,0.0000,0.0000
5,pmmix,p80_c60,atc,0.5,c05_pmmix_150_p80_c60_0011,0.0000,0.0000
5,pmmix,p80_c60,edd,0.5,c05_pmmix_150_p80_c60_0011,0.0000,0.0000
5,pmmix,p80_c60,atc,1.0,c05_pmmix_150_p80_c60_0011,0.0000,0.0000
5,pmmix,p80_c60,edd,1.0,c05_pmmix_150_p80_c60_0011,0.0000,0.0000
5,pmmix,p80_c60,atc,0.5,c05_pmmix_150_p80_c60_0012,68.0000,68.0000
5,pmmix,p80_c60,edd,0.5,c05_pmmix_150_p80_c60_0012,68.0000,68.0000
5,pmmix,p80_c60,atc,1.0,c05_pmmix_150_p80_c60_0012,0.0000,0.0000
5,pmmix,p80_c60,edd,1.0,c05_pmmix_150_p80_c60_0012,0.0000,0.0000
5,pmmix,p80_c60,atc,0.5,c05_pmmix_150_p80_c60_0013,1.1860,1.1860
5,pmmix,p80_c60,edd,0.5,c05_pmmix_150_p80_c60_0013,1.1860,1.1860
5,pmmix,p80_c60,atc,1.0,c05_pmmix_150_p80_c60_0013,1.1860,1.1860
5,pmmix,p80_c60,edd,1.0,c05_pmmix_150_p80_c60_0013,1.1860,1.1860
5,pmmix,p80_c60,atc,0.5,c05_pmmix_150_p80_c60_0014,0.0000,0.0000
5,pmmix,p80_c60,edd,0.5,c05_pmmix_150_p80_c60_0014,0.0000,0.0000
5,pmmix,p80_c60,atc,1.0,c05_pmmix_150_p80_c60_0014,0.0000,0.0000
5,pmmix,p80_c60,edd,1.0,c05_pmmix_150_p80_c60_0014,0.0000,0.0000
5,pmmix,p80_c60,atc,0.5,c05_pmmix_150_p80_c60_0015,0.0000,0.0000
5,pmmix,p80_c60,edd,0.5,c05_pmmix_150_p80_c60_0015,0.0000,0.0000
5,pmmix,p80_c60,atc,1.0,c05_pmmix_150_p80_c60_0015,0.0000,0.0000
5,pmmix,p80_c60,edd,1.0,c05_pmmix_150_p80_c60_0015,0.0000,0.0000
5,pmmix,p80_c60,atc,0.5,c05_pmmix_150_p80_c60_0016,0.0000,0.0000
5,pmmix,p80_c60,edd,0.5,c05_pmmix_150_p80_c60_0016,0.0000,0.0000
5,pmmix,p80_c60,atc,1.0,c05_pmmix_150_p80_c60_0016,0.0000,0.0000
5,pmmix,p80_c60,edd,1.0,c05_pmmix_150_p80_c60_0016,0.0000,0.0000
5,pmmix,p80_c60,atc,0.5,c05_pmmix_150_p80_c60_0017,0.0000,0.0000
5,pmmix,p80_c60,edd,0.5,c05_pmmix_150_p80_c60_0017,0.0000,0.0000
5,pmmix,p80_c60,atc,1.0,c05_pmmix_150_p80_c60_0017,1.8116,1.8116
5,pmmix,p80_c60,edd,1.0,c05_pmmix_150_p80_c60_0017,1.8116,1.8116
5,pmmix,p80_c60,atc,0.5,c05_pmmix_150_p80_c60_0018,0.0000,0.0000
5,pmmix,p80_c60,edd,0.5,c05_pmmix_150_p80_c60_0018,0.0000,0.0000
5,pmmix,p80_c60,atc,1.0,c05_pmmix_150_p80_c60_0018,0.0000,0.0000
5,pmmix,p80_c60,edd,1.0,c05_pmmix_150_p80_c60_0018,0.0000,0.0000
5,pmmix,p80_c60,atc,0.5,c05_pmmix_150_p80_c60_0019,7.3338,7.3338
5,pmmix,p80_c60,edd,0.5,c05_pmmix_150_p80_c60_0019,7.3338,7.3338
5,pmmix,p80_c60,atc,1.0,c05_pmmix_150_p80_c60_0019,20.0016,20.0016
5,pmmix,p80_c60,edd,1.0,c05_pmmix_150_p80_c60_0019,20.0016,20.0016
5,pmmix,p80_c60,atc,0.5,c05_pmmix_150_p80_c60_0020,0.0000,0.0000
5,pmmix,p80_c60,edd,0.5,c05_pmmix_150_p80_c60_0020,0.0000,0.0000
5,pmmix,p80_c60,atc,1.0,c05_pmmix_150_p80_c60_0020,0.0000,0.0000
5,pmmix,p80_c60,edd,1.0,c05_pmmix_150_p80_c60_0020,0.0000,0.0000
5,pmmix,p80_c60,atc,0.5,c05_pmmix_150_p80_c60_0021,0.0000,0.0000
5,pmmix,p80_c60,edd,0.5,c05_pmmix_150_p80_c60_0021,0.0000,0.0000
5,pmmix,p80_c60,atc,1.0,c05_pmmix_150_p80_c60_0021,0.0000,0.0000
5,pmmix,p80_c60,edd,1.0,c05_pmmix_150_p80_c60_0021,0.0000,0.0000
5,pmmix,p80_c60,atc,0.5,c05_pmmix_150_p80_c60_0022,0.0000,0.0000
5,pmmix,p80_c60,edd,0.5,c05_pmmix_150_p80_c60_0022,0.0000,0.0000
5,pmmix,p80_c60,atc,1.0,c05_pmmix_150_p80_c60_0022,0.0000,0.0000
5,pmmix,p80_c60,edd,1.0,c05_pmmix_150_p80_c60_0022,0.0000,0.0000
5,pmmix,p80_c60,atc,0.5,c05_pmmix_150_p80_c60_0023,7.2902,7.2902
5,pmmix,p80_c60,edd,0.5,c05_pmmix_150_p80_c60_0023,7.2902,7.2902
5,pmmix,p80_c60,atc,1.0,c05_pmmix_150_p80_c60_0023,9.7690,9.7690
5,pmmix,p80_c60,edd,1.0,c05_pmmix_150_p80_c60_0023,9.7690,9.7690
5,pmmix,p80_c60,atc,0.5,c05_pmmix_150_p80_c60_0024,0.0000,0.0000
5,pmmix,p80_c60,edd,0.5,c05_pmmix_150_p80_c60_0024,0.0000,0.0000
5,pmmix,p80_c60,atc,1.0,c05_pmmix_150_p80_c60_0024,0.0000,0.0000
5,pmmix,p80_c60,edd,1.0,c05_pmmix_150_p80_c60_0024,0.0000,0.0000
5,pmmix,p80_c60,atc,0.5,c05_pmmix_150_p80_c60_0025,0.0000,0.0000
5,pmmix,p80_c60,edd,0.5,c05_pmmix_150_p80_c60_0025,0.0000,0.0000
5,pmmix,p80_c60,atc,1.0,c05_pmmix_150_p80_c60_0025,0.0000,0.0000
5,pmmix,p80_c60,edd,1.0,c05_pmmix_150_p80_c60_0025,0.0000,0.0000
5,pmmix,p80_c60,atc,0.5,c05_pmmix_150_p80_c60_0026,0.0000,0.0000
5,pmmix,p80_c60,edd,0.5,c05_pmmix_150_p80_c60_0026,0.0000,0.0000
5,pmmix,p80_c60,atc,1.0,c05_pmmix_150_p80_c60_0026,0.0000,0.0000
5,pmmix,p80_c60,edd,1.0,c05_pmmix_150_p80_c60_0026,0.0000,0.0000
5,pmmix,p80_c60,atc,0.5,c05_pmmix_150_p80_c60_0027,0.0000,0.0000
5,pmmix,p80_c60,edd,0.5,c05_pmmix_150_p80_c60_0027,0.0000,0.0000
5,pmmix,p80_c60,atc,1.0,c05_pmmix_150_p80_c60_0027,0.0000,0.0000
5,pmmix,p80_c60,edd,1.0,c05_pmmix_150_p80_c60_0027,0.0000,0.0000
5,pmmix,p80_c60,atc,0.5,c05_pmmix_150_p80_c60_0028,2.8765,0.0000
5,pmmix,p80_c60,edd,0.5,c05_pmmix_150_p80_c60_0028,0.7103,0.0000
5,pmmix,p80_c60,atc,1.0,c05_pmmix_150_p80_c60_0028,0.0000,0.0000
5,pmmix,p80_c60,edd,1.0,c05_pmmix_150_p80_c60_0028,0.0000,0.0000
5,pmmix,p80_c60,atc,0.5,c05_pmmix_150_p80_c60_0029,5.8932,5.8932
5,pmmix,p80_c60,edd,0.5,c05_pmmix_150_p80_c60_0029,5.8932,5.8932
5,pmmix,p80_c60,atc,1.0,c05_pmmix_150_p80_c60_0029,5.8932,5.8932
5,pmmix,p80_c60,edd,1.0,c05_pmmix_150_p80_c60_0029,5.8932,5.8932
9,storm,a125_c100,atc,0.5,c09_storm_150_a125_c100_0000,6.4792,6.4792
9,storm,a125_c100,edd,0.5,c09_storm_150_a125_c100_0000,6.4792,6.4792
9,storm,a125_c100,atc,1.0,c09_storm_150_a125_c100_0000,6.4792,6.4792
9,storm,a125_c100,edd,1.0,c09_storm_150_a125_c100_0000,6.4792,6.4792
9,storm,a125_c100,atc,0.5,c09_storm_150_a125_c100_0001,14.5936,14.5936
9,storm,a125_c100,edd,0.5,c09_storm_150_a125_c100_0001,14.5936,14.5936
9,storm,a125_c100,atc,1.0,c09_storm_150_a125_c100_0001,14.5936,14.5936
9,storm,a125_c100,edd,1.0,c09_storm_150_a125_c100_0001,14.5936,14.5936
9,storm,a125_c100,atc,0.5,c09_storm_150_a125_c100_0002,23.4748,23.4748
9,storm,a125_c100,edd,0.5,c09_storm_150_a125_c100_0002,23.4748,23.4748
9,storm,a125_c100,atc,1.0,c09_storm_150_a125_c100_0002,23.4748,23.4748
9,storm,a125_c100,edd,1.0,c09_storm_150_a125_c100_0002,23.4748,23.4748
9,storm,a125_c100,atc,0.5,c09_storm_150_a125_c100_0003,0.6464,0.6464
9,storm,a125_c100,edd,0.5,c09_storm_150_a125_c100_0003,0.6464,0.6464
9,storm,a125_c100,atc,1.0,c09_storm_150_a125_c100_0003,0.6464,0.6464
9,storm,a125_c100,edd,1.0,c09_storm_150_a125_c100_0003,0.6464,0.6464
9,storm,a125_c100,atc,0.5,c09_storm_150_a125_c100_0004,0.8276,0.8276
9,storm,a125_c100,edd,0.5,c09_storm_150_a125_c100_0004,0.8276,0.8276
9,storm,a125_c100,atc,1.0,c09_storm_150_a125_c100_0004,0.0000,0.0000
9,storm,a125_c100,edd,1.0,c09_storm_150_a125_c100_0004,0.0000,0.0000
9,storm,a125_c100,atc,0.5,c09_storm_150_a125_c100_0005,43.6096,43.6096
9,storm,a125_c100,edd,0.5,c09_storm_150_a125_c100_0005,43.6096,43.6096
9,storm,a125_c100,atc,1.0,c09_storm_150_a125_c100_0005,43.6096,43.6096
9,storm,a125_c100,edd,1.0,c09_storm_150_a125_c100_0005,43.6096,43.6096
9,storm,a125_c100,atc,0.5,c09_storm_150_a125_c100_0006,8.7932,8.7932
9,storm,a125_c100,edd,0.5,c09_storm_150_a125_c100_0006,8.7932,8.7932
9,storm,a125_c100,atc,1.0,c09_storm_150_a125_c100_0006,8.4908,8.4908
9,storm,a125_c100,edd,1.0,c09_storm_150_a125_c100_0006,8.4908,8.4908
9,storm,a125_c100,atc,0.5,c09_storm_150_a125_c100_0007,263.3828,263.3828
9,storm,a125_c100,edd,0.5,c09_storm_150_a125_c100_0007,263.3828,263.3828
9,storm,a125_c100,atc,1.0,c09_storm_150_a125_c100_0007,103.8916,103.8916
9,storm,a125_c100,edd,1.0,c09_storm_150_a125_c100_0007,103.8916,103.8916
9,storm,a125_c100,atc,0.5,c09_storm_150_a125_c100_0008,0.0000,0.0000
9,storm,a125_c100,edd,0.5,c09_storm_150_a125_c100_0008,0.0000,0.0000
9,storm,a125_c100,atc,1.0,c09_storm_150_a125_c100_0008,0.0000,0.0000
9,storm,a125_c100,edd,1.0,c09_storm_150_a125_c100_0008,0.0000,0.0000
9,storm,a125_c100,atc,0.5,c09_storm_150_a125_c100_0009,2.4720,2.4720
9,storm,a125_c100,edd,0.5,c09_storm_150_a125_c100_0009,2.4720,2.4720
9,storm,a125_c100,atc,1.0,c09_storm_150_a125_c100_0009,23.4204,23.4204
9,storm,a125_c100,edd,1.0,c09_storm_150_a125_c100_0009,23.4204,23.4204
9,storm,a125_c100,atc,0.5,c09_storm_150_a125_c100_0010,10.8748,10.8748
9,storm,a125_c100,edd,0.5,c09_storm_150_a125_c100_0010,10.8748,10.8748
9,storm,a125_c100,atc,1.0,c09_storm_150_a125_c100_0010,0.0000,0.0000
9,storm,a125_c100,edd,1.0,c09_storm_150_a125_c100_0010,0.0000,0.0000
9,storm,a125_c100,atc,0.5,c09_storm_150_a125_c100_0011,37.5384,37.5384
9,storm,a125_c100,edd,0.5,c09_storm_150_a125_c100_0011,37.5384,37.5384
9,storm,a125_c100,atc,1.0,c09_storm_150_a125_c100_0011,37.5384,37.5384
9,storm,a125_c100,edd,1.0,c09_storm_150_a125_c100_0011,37.5384,37.5384
9,storm,a125_c100,atc,0.5,c09_storm_150_a125_c100_0012,73.1136,73.1136
9,storm,a125_c100,edd,0.5,c09_storm_150_a125_c100_0012,73.1136,73.1136
9,storm,a125_c100,atc,1.0,c09_storm_150_a125_c100_0012,3.0572,3.0572
9,storm,a125_c100,edd,1.0,c09_storm_150_a125_c100_0012,3.0572,3.0572
9,storm,a125_c100,atc,0.5,c09_storm_150_a125_c100_0013,29.4724,29.4724
9,storm,a125_c100,edd,0.5,c09_storm_150_a125_c100_0013,29.4724,29.4724
9,storm,a125_c100,atc,1.0,c09_storm_150_a125_c100_0013,49.1484,49.1484
9,storm,a125_c100,edd,1.0,c09_storm_150_a125_c100_0013,49.1484,49.1484
9,storm,a125_c100,atc,0.5,c09_storm_150_a125_c100_0014,18.9436,18.9436
9,storm,a125_c100,edd,0.5,c09_storm_150_a125_c100_0014,18.9436,18.9436
9,storm,a125_c100,atc,1.0,c09_storm_150_a125_c100_0014,18.9436,18.9436
9,storm,a125_c100,edd,1.0,c09_storm_150_a125_c100_0014,18.9436,18.9436
9,storm,a125_c100,atc,0.5,c09_storm_150_a125_c100_0015,0.0000,0.0000
9,storm,a125_c100,edd,0.5,c09_storm_150_a125_c100_0015,0.0000,0.0000
9,storm,a125_c100,atc,1.0,c09_storm_150_a125_c100_0015,0.0000,0.0000
9,storm,a125_c100,edd,1.0,c09_storm_150_a125_c100_0015,0.0000,0.0000
9,storm,a125_c100,atc,0.5,c09_storm_150_a125_c100_0016,0.0000,0.0000
9,storm,a125_c100,edd,0.5,c09_storm_150_a125_c100_0016,0.0000,0.0000
9,storm,a125_c100,atc,1.0,c09_storm_150_a125_c100_0016,1.7042,1.7042
9,storm,a125_c100,edd,1.0,c09_storm_150_a125_c100_0016,1.7042,1.7042
9,storm,a125_c100,atc,0.5,c09_storm_150_a125_c100_0017,9.9304,9.9304
9,storm,a125_c100,edd,0.5,c09_storm_150_a125_c100_0017,9.9304,9.9304
9,storm,a125_c100,atc,1.0,c09_storm_150_a125_c100_0017,12.0188,12.0188
9,storm,a125_c100,edd,1.0,c09_storm_150_a125_c100_0017,12.0188,12.0188
9,storm,a125_c100,atc,0.5,c09_storm_150_a125_c100_0018,98.4372,98.4372
9,storm,a125_c100,edd,0.5,c09_storm_150_a125_c100_0018,98.4372,98.4372
9,storm,a125_c100,atc,1.0,c09_storm_150_a125_c100_0018,72.8192,72.8192
9,storm,a125_c100,edd,1.0,c09_storm_150_a125_c100_0018,72.8192,72.8192
9,storm,a125_c100,atc,0.5,c09_storm_150_a125_c100_0019,6.7312,6.7312
9,storm,a125_c100,edd,0.5,c09_storm_150_a125_c100_0019,6.7312,6.7312
9,storm,a125_c100,atc,1.0,c09_storm_150_a125_c100_0019,6.7312,6.7312
9,storm,a125_c100,edd,1.0,c09_storm_150_a125_c100_0019,6.7312,6.7312
9,storm,a125_c100,atc,0.5,c09_storm_150_a125_c100_0020,0.0000,0.0000
9,storm,a125_c100,edd,0.5,c09_storm_150_a125_c100_0020,0.0000,0.0000
9,storm,a125_c100,atc,1.0,c09_storm_150_a125_c100_0020,0.0000,0.0000
9,storm,a125_c100,edd,1.0,c09_storm_150_a125_c100_0020,0.0000,0.0000
9,storm,a125_c100,atc,0.5,c09_storm_150_a125_c100_0021,33.9472,33.9472
9,storm,a125_c100,edd,0.5,c09_storm_150_a125_c100_0021,33.9472,33.9472
9,storm,a125_c100,atc,1.0,c09_storm_150_a125_c100_0021,33.9472,33.9472
9,storm,a125_c100,edd,1.0,c09_storm_150_a125_c100_0021,33.9472,33.9472
9,storm,a125_c100,atc,0.5,c09_storm_150_a125_c100_0022,0.0000,0.0000
9,storm,a125_c100,edd,0.5,c09_storm_150_a125_c100_0022,0.0000,0.0000
9,storm,a125_c100,atc,1.0,c09_storm_150_a125_c100_0022,0.0000,0.0000
9,storm,a125_c100,edd,1.0,c09_storm_150_a125_c100_0022,0.0000,0.0000
9,storm,a125_c100,atc,0.5,c09_storm_150_a125_c100_0023,0.0000,0.0000
9,storm,a125_c100,edd,0.5,c09_storm_150_a125_c100_0023,0.0000,0.0000
9,storm,a125_c100,atc,1.0,c09_storm_150_a125_c100_0023,0.0000,0.0000
9,storm,a125_c100,edd,1.0,c09_storm_150_a125_c100_0023,0.0000,0.0000
9,storm,a125_c100,atc,0.5,c09_storm_150_a125_c100_0024,81.3924,81.3924
9,storm,a125_c100,edd,0.5,c09_storm_150_a125_c100_0024,81.3924,81.3924
9,storm,a125_c100,atc,1.0,c09_storm_150_a125_c100_0024,145.3924,145.3924
9,storm,a125_c100,edd,1.0,c09_storm_150_a125_c100_0024,145.3924,145.3924
9,storm,a125_c100,atc,0.5,c09_storm_150_a125_c100_0025,14.0962,14.0962
9,storm,a125_c100,edd,0.5,c09_storm_150_a125_c100_0025,14.0962,14.0962
9,storm,a125_c100,atc,1.0,c09_storm_150_a125_c100_0025,0.0000,0.0000
9,storm,a125_c100,edd,1.0,c09_storm_150_a125_c100_0025,0.0000,0.0000
9,storm,a125_c100,atc,0.5,c09_storm_150_a125_c100_0026,0.0000,0.0000
9,storm,a125_c100,edd,0.5,c09_storm_150_a125_c100_0026,0.0000,0.0000
9,storm,a125_c100,atc,1.0,c09_storm_150_a125_c100_0026,0.0000,0.0000
9,storm,a125_c100,edd,1.0,c09_storm_150_a125_c100_0026,0.0000,0.0000
9,storm,a125_c100,atc,0.5,c09_storm_150_a125_c100_0027,235.1408,235.1408
9,storm,a125_c100,edd,0.5,c09_storm_150_a125_c100_0027,235.1408,235.1408
9,storm,a125_c100,atc,1.0,c09_storm_150_a125_c100_0027,0.0000,0.0000
9,storm,a125_c100,edd,1.0,c09_storm_150_a125_c100_0027,0.0000,0.0000
9,storm,a125_c100,atc,0.5,c09_storm_150_a125_c100_0028,0.0000,0.0000
9,storm,a125_c100,edd,0.5,c09_storm_150_a125_c100_0028,0.0000,0.0000
9,storm,a125_c100,atc,1.0,c09_storm_150_a125_c100_0028,0.0000,0.0000
9,storm,a125_c100,edd,1.0,c09_storm_150_a125_c100_0028,0.0000,0.0000
9,storm,a125_c100,atc,0.5,c09_storm_150_a125_c100_0029,1.4328,1.4328
9,storm,a125_c100,edd,0.5,c09_storm_150_a125_c100_0029,1.4328,1.4328
9,storm,a125_c100,atc,1.0,c09_storm_150_a125_c100_0029,1.4328,1.4328
9,storm,a125_c100,edd,1.0,c09_storm_150_a125_c100_0029,1.4328,1.4328
9,storm,a125_c80,atc,0.5,c09_storm_150_a125_c80_0000,6.4792,6.4792
9,storm,a125_c80,edd,0.5,c09_storm_150_a125_c80_0000,6.4792,6.4792
9,storm,a125_c80,atc,1.0,c09_storm_150_a125_c80_0000,6.4792,6.4792
9,storm,a125_c80,edd,1.0,c09_storm_150_a125_c80_0000,6.4792,6.4792
9,storm,a125_c80,atc,0.5,c09_storm_150_a125_c80_0001,6.5612,6.5612
9,storm,a125_c80,edd,0.5,c09_storm_150_a125_c80_0001,6.5612,6.5612
9,storm,a125_c80,atc,1.0,c09_storm_150_a125_c80_0001,14.5936,14.5936
9,storm,a125_c80,edd,1.0,c09_storm_150_a125_c80_0001,14.5936,14.5936
9,storm,a125_c80,atc,0.5,c09_storm_150_a125_c80_0002,0.0000,0.0000
9,storm,a125_c80,edd,0.5,c09_storm_150_a125_c80_0002,0.0000,0.0000
9,storm,a125_c80,atc,1.0,c09_storm_150_a125_c80_0002,23.4748,23.4748
9,storm,a125_c80,edd,1.0,c09_storm_150_a125_c80_0002,23.4748,23.4748
9,storm,a125_c80,atc,0.5,c09_storm_150_a125_c80_0003,0.6464,0.6464
9,storm,a125_c80,edd,0.5,c09_storm_150_a125_c80_0003,0.6464,0.6464
9,storm,a125_c80,atc,1.0,c09_storm_150_a125_c80_0003,0.6464,0.6464
9,storm,a125_c80,edd,1.0,c09_storm_150_a125_c80_0003,0.6464,0.6464
9,storm,a125_c80,atc,0.5,c09_storm_150_a125_c80_0004,19.2896,19.2896
9,storm,a125_c80,edd,0.5,c09_storm_150_a125_c80_0004,19.2896,19.2896
9,storm,a125_c80,atc,1.0,c09_storm_150_a125_c80_0004,0.0000,0.0000
9,storm,a125_c80,edd,1.0,c09_storm_150_a125_c80_0004,0.0000,0.0000
9,storm,a125_c80,atc,0.5,c09_storm_150_a125_c80_0005,43.6096,43.6096
9,storm,a125_c80,edd,0.5,c09_storm_150_a125_c80_0005,43.6096,43.6096
9,storm,a125_c80,atc,1.0,c09_storm_150_a125_c80_0005,43.6096,43.6096
9,storm,a125_c80,edd,1.0,c09_storm_150_a125_c80_0005,43.6096,43.6096
9,storm,a125_c80,atc,0.5,c09_storm_150_a125_c80_0006,0.0000,0.0000
9,storm,a125_c80,edd,0.5,c09_storm_150_a125_c80_0006,0.0000,0.0000
9,storm,a125_c80,atc,1.0,c09_storm_150_a125_c80_0006,8.4908,8.4908
9,storm,a125_c80,edd,1.0,c09_storm_150_a125_c80_0006,8.4908,8.4908
9,storm,a125_c80,atc,0.5,c09_storm_150_a125_c80_0007,88.6761,88.6761
9,storm,a125_c80,edd,0.5,c09_storm_150_a125_c80_0007,88.6761,88.6761
9,storm,a125_c80,atc,1.0,c09_storm_150_a125_c80_0007,103.8916,103.8916
9,storm,a125_c80,edd,1.0,c09_storm_150_a125_c80_0007,103.8916,103.8916
9,storm,a125_c80,atc,0.5,c09_storm_150_a125_c80_0008,0.0000,0.0000
9,storm,a125_c80,edd,0.5,c09_storm_150_a125_c80_0008,0.0000,0.0000
9,storm,a125_c80,atc,1.0,c09_storm_150_a125_c80_0008,0.0000,0.0000
9,storm,a125_c80,edd,1.0,c09_storm_150_a125_c80_0008,0.0000,0.0000
9,storm,a125_c80,atc,0.5,c09_storm_150_a125_c80_0009,2.4720,2.4720
9,storm,a125_c80,edd,0.5,c09_storm_150_a125_c80_0009,2.4720,2.4720
9,storm,a125_c80,atc,1.0,c09_storm_150_a125_c80_0009,23.4204,23.4204
9,storm,a125_c80,edd,1.0,c09_storm_150_a125_c80_0009,23.4204,23.4204
9,storm,a125_c80,atc,0.5,c09_storm_150_a125_c80_0010,0.0000,0.0000
9,storm,a125_c80,edd,0.5,c09_storm_150_a125_c80_0010,0.0000,0.0000
9,storm,a125_c80,atc,1.0,c09_storm_150_a125_c80_0010,0.0000,0.0000
9,storm,a125_c80,edd,1.0,c09_storm_150_a125_c80_0010,0.0000,0.0000
9,storm,a125_c80,atc,0.5,c09_storm_150_a125_c80_0011,37.5384,37.5384
9,storm,a125_c80,edd,0.5,c09_storm_150_a125_c80_0011,37.5384,37.5384
9,storm,a125_c80,atc,1.0,c09_storm_150_a125_c80_0011,37.5384,37.5384
9,storm,a125_c80,edd,1.0,c09_storm_150_a125_c80_0011,37.5384,37.5384
9,storm,a125_c80,atc,0.5,c09_storm_150_a125_c80_0012,3.0572,3.0572
9,storm,a125_c80,edd,0.5,c09_storm_150_a125_c80_0012,3.0572,3.0572
9,storm,a125_c80,atc,1.0,c09_storm_150_a125_c80_0012,3.0572,3.0572
9,storm,a125_c80,edd,1.0,c09_storm_150_a125_c80_0012,3.0572,3.0572
9,storm,a125_c80,atc,0.5,c09_storm_150_a125_c80_0013,39.4804,39.4804
9,storm,a125_c80,edd,0.5,c09_storm_150_a125_c80_0013,39.4804,39.4804
9,storm,a125_c80,atc,1.0,c09_storm_150_a125_c80_0013,49.1484,49.1484
9,storm,a125_c80,edd,1.0,c09_storm_150_a125_c80_0013,49.1484,49.1484
9,storm,a125_c80,atc,0.5,c09_storm_150_a125_c80_0014,18.9436,18.9436
9,storm,a125_c80,edd,0.5,c09_storm_150_a125_c80_0014,18.9436,18.9436
9,storm,a125_c80,atc,1.0,c09_storm_150_a125_c80_0014,18.9436,18.9436
9,storm,a125_c80,edd,1.0,c09_storm_150_a125_c80_0014,18.9436,18.9436
9,storm,a125_c80,atc,0.5,c09_storm_150_a125_c80_0015,0.0000,0.0000
9,storm,a125_c80,edd,0.5,c09_storm_150_a125_c80_0015,0.0000,0.0000
9,storm,a125_c80,atc,1.0,c09_storm_150_a125_c80_0015,0.0000,0.0000
9,storm,a125_c80,edd,1.0,c09_storm_150_a125_c80_0015,0.0000,0.0000
9,storm,a125_c80,atc,0.5,c09_storm_150_a125_c80_0016,1.7042,1.7042
9,storm,a125_c80,edd,0.5,c09_storm_150_a125_c80_0016,1.7042,1.7042
9,storm,a125_c80,atc,1.0,c09_storm_150_a125_c80_0016,1.7042,1.7042
9,storm,a125_c80,edd,1.0,c09_storm_150_a125_c80_0016,1.7042,1.7042
9,storm,a125_c80,atc,0.5,c09_storm_150_a125_c80_0017,24.7196,24.7196
9,storm,a125_c80,edd,0.5,c09_storm_150_a125_c80_0017,24.7196,24.7196
9,storm,a125_c80,atc,1.0,c09_storm_150_a125_c80_0017,12.0188,12.0188
9,storm,a125_c80,edd,1.0,c09_storm_150_a125_c80_0017,12.0188,12.0188
9,storm,a125_c80,atc,0.5,c09_storm_150_a125_c80_0018,72.8192,72.8192
9,storm,a125_c80,edd,0.5,c09_storm_150_a125_c80_0018,72.8192,72.8192
9,storm,a125_c80,atc,1.0,c09_storm_150_a125_c80_0018,72.8192,72.8192
9,storm,a125_c80,edd,1.0,c09_storm_150_a125_c80_0018,72.8192,72.8192
9,storm,a125_c80,atc,0.5,c09_storm_150_a125_c80_0019,6.7312,6.7312
9,storm,a125_c80,edd,0.5,c09_storm_150_a125_c80_0019,6.7312,6.7312
9,storm,a125_c80,atc,1.0,c09_storm_150_a125_c80_0019,6.7312,6.7312
9,storm,a125_c80,edd,1.0,c09_storm_150_a125_c80_0019,6.7312,6.7312
9,storm,a125_c80,atc,0.5,c09_storm_150_a125_c80_0020,0.0000,0.0000
9,storm,a125_c80,edd,0.5,c09_storm_150_a125_c80_0020,0.0000,0.0000
9,storm,a125_c80,atc,1.0,c09_storm_150_a125_c80_0020,0.0000,0.0000
9,storm,a125_c80,edd,1.0,c09_storm_150_a125_c80_0020,0.0000,0.0000
9,storm,a125_c80,atc,0.5,c09_storm_150_a125_c80_0021,33.9472,33.9472
9,storm,a125_c80,edd,0.5,c09_storm_150_a125_c80_0021,33.9472,33.9472
9,storm,a125_c80,atc,1.0,c09_storm_150_a125_c80_0021,33.9472,33.9472
9,storm,a125_c80,edd,1.0,c09_storm_150_a125_c80_0021,33.9472,33.9472
9,storm,a125_c80,atc,0.5,c09_storm_150_a125_c80_0022,2.1516,2.1516
9,storm,a125_c80,edd,0.5,c09_storm_150_a125_c80_0022,2.1516,2.1516
9,storm,a125_c80,atc,1.0,c09_storm_150_a125_c80_0022,0.0000,0.0000
9,storm,a125_c80,edd,1.0,c09_storm_150_a125_c80_0022,0.0000,0.0000
9,storm,a125_c80,atc,0.5,c09_storm_150_a125_c80_0023,0.0000,0.0000
9,storm,a125_c80,edd,0.5,c09_storm_150_a125_c80_0023,0.0000,0.0000
9,storm,a125_c80,atc,1.0,c09_storm_150_a125_c80_0023,0.0000,0.0000
9,storm,a125_c80,edd,1.0,c09_storm_150_a125_c80_0023,0.0000,0.0000
9,storm,a125_c80,atc,0.5,c09_storm_150_a125_c80_0024,147.0890,147.0890
9,storm,a125_c80,edd,0.5,c09_storm_150_a125_c80_0024,147.0890,147.0890
9,storm,a125_c80,atc,1.0,c09_storm_150_a125_c80_0024,145.3924,145.3924
9,storm,a125_c80,edd,1.0,c09_storm_150_a125_c80_0024,145.3924,145.3924
9,storm,a125_c80,atc,0.5,c09_storm_150_a125_c80_0025,93.5056,93.5056
9,storm,a125_c80,edd,0.5,c09_storm_150_a125_c80_0025,93.5056,93.5056
9,storm,a125_c80,atc,1.0,c09_storm_150_a125_c80_0025,0.0000,0.0000
9,storm,a125_c80,edd,1.0,c09_storm_150_a125_c80_0025,0.0000,0.0000
9,storm,a125_c80,atc,0.5,c09_storm_150_a125_c80_0026,0.0000,0.0000
9,storm,a125_c80,edd,0.5,c09_storm_150_a125_c80_0026,0.0000,0.0000
9,storm,a125_c80,atc,1.0,c09_storm_150_a125_c80_0026,0.0000,0.0000
9,storm,a125_c80,edd,1.0,c09_storm_150_a125_c80_0026,0.0000,0.0000
9,storm,a125_c80,atc,0.5,c09_storm_150_a125_c80_0027,126.4808,126.4808
9,storm,a125_c80,edd,0.5,c09_storm_150_a125_c80_0027,126.4808,126.4808
9,storm,a125_c80,atc,1.0,c09_storm_150_a125_c80_0027,0.0000,0.0000
9,storm,a125_c80,edd,1.0,c09_storm_150_a125_c80_0027,0.0000,0.0000
9,storm,a125_c80,atc,0.5,c09_storm_150_a125_c80_0028,0.0000,0.0000
9,storm,a125_c80,edd,0.5,c09_storm_150_a125_c80_0028,0.0000,0.0000
9,storm,a125_c80,atc,1.0,c09_storm_150_a125_c80_0028,0.0000,0.0000
9,storm,a125_c80,edd,1.0,c09_storm_150_a125_c80_0028,0.0000,0.0000
9,storm,a125_c80,atc,0.5,c09_storm_150_a125_c80_0029,1.4328,1.4328
9,storm,a125_c80,edd,0.5,c09_storm_150_a125_c80_0029,1.4328,1.4328
9,storm,a125_c80,atc,1.0,c09_storm_150_a125_c80_0029,1.4328,1.4328
9,storm,a125_c80,edd,1.0,c09_storm_150_a125_c80_0029,1.4328,1.4328
9,storm,a150_c100,atc,0.5,c09_storm_150_a150_c100_0000,6.4792,6.4792
9,storm,a150_c100,edd,0.5,c09_storm_150_a150_c100_0000,6.4792,6.4792
9,storm,a150_c100,atc,1.0,c09_storm_150_a150_c100_0000,6.4792,6.4792
9,storm,a150_c100,edd,1.0,c09_storm_150_a150_c100_0000,6.4792,6.4792
9,storm,a150_c100,atc,0.5,c09_storm_150_a150_c100_0001,14.5936,14.5936
9,storm,a150_c100,edd,0.5,c09_storm_150_a150_c100_0001,14.5936,14.5936
9,storm,a150_c100,atc,1.0,c09_storm_150_a150_c100_0001,14.5936,14.5936
9,storm,a150_c100,edd,1.0,c09_storm_150_a150_c100_0001,14.5936,14.5936
9,storm,a150_c100,atc,0.5,c09_storm_150_a150_c100_0002,23.4748,23.4748
9,storm,a150_c100,edd,0.5,c09_storm_150_a150_c100_0002,23.4748,23.4748
9,storm,a150_c100,atc,1.0,c09_storm_150_a150_c100_0002,23.4748,23.4748
9,storm,a150_c100,edd,1.0,c09_storm_150_a150_c100_0002,23.4748,23.4748
9,storm,a150_c100,atc,0.5,c09_storm_150_a150_c100_0003,0.6464,0.6464
9,storm,a150_c100,edd,0.5,c09_storm_150_a150_c100_0003,0.6464,0.6464
9,storm,a150_c100,atc,1.0,c09_storm_150_a150_c100_0003,0.6464,0.6464
9,storm,a150_c100,edd,1.0,c09_storm_150_a150_c100_0003,0.6464,0.6464
9,storm,a150_c100,atc,0.5,c09_storm_150_a150_c100_0004,0.8276,0.8276
9,storm,a150_c100,edd,0.5,c09_storm_150_a150_c100_0004,0.8276,0.8276
9,storm,a150_c100,atc,1.0,c09_storm_150_a150_c100_0004,0.0000,0.0000
9,storm,a150_c100,edd,1.0,c09_storm_150_a150_c100_0004,0.0000,0.0000
9,storm,a150_c100,atc,0.5,c09_storm_150_a150_c100_0005,43.6096,43.6096
9,storm,a150_c100,edd,0.5,c09_storm_150_a150_c100_0005,43.6096,43.6096
9,storm,a150_c100,atc,1.0,c09_storm_150_a150_c100_0005,43.6096,43.6096
9,storm,a150_c100,edd,1.0,c09_storm_150_a150_c100_0005,43.6096,43.6096
9,storm,a150_c100,atc,0.5,c09_storm_150_a150_c100_0006,8.4908,8.4908
9,storm,a150_c100,edd,0.5,c09_storm_150_a150_c100_0006,8.4908,8.4908
9,storm,a150_c100,atc,1.0,c09_storm_150_a150_c100_0006,8.4908,8.4908
9,storm,a150_c100,edd,1.0,c09_storm_150_a150_c100_0006,8.4908,8.4908
9,storm,a150_c100,atc,0.5,c09_storm_150_a150_c100_0007,178.2512,178.2512
9,storm,a150_c100,edd,0.5,c09_storm_150_a150_c100_0007,178.2512,178.2512
9,storm,a150_c100,atc,1.0,c09_storm_150_a150_c100_0007,130.5096,130.5096
9,storm,a150_c100,edd,1.0,c09_storm_150_a150_c100_0007,130.5096,130.5096
9,storm,a150_c100,atc,0.5,c09_storm_150_a150_c100_0008,0.0000,0.0000
9,storm,a150_c100,edd,0.5,c09_storm_150_a150_c100_0008,0.0000,0.0000
9,storm,a150_c100,atc,1.0,c09_storm_150_a150_c100_0008,0.0000,0.0000
9,storm,a150_c100,edd,1.0,c09_storm_150_a150_c100_0008,0.0000,0.0000
9,storm,a150_c100,atc,0.5,c09_storm_150_a150_c100_0009,23.4204,23.4204
9,storm,a150_c100,edd,0.5,c09_storm_150_a150_c100_0009,23.4204,23.4204
9,storm,a150_c100,atc,1.0,c09_storm_150_a150_c100_0009,23.4204,23.4204
9,storm,a150_c100,edd,1.0,c09_storm_150_a150_c100_0009,23.4204,23.4204
9,storm,a150_c100,atc,0.5,c09_storm_150_a150_c100_0010,0.0000,0.0000
9,storm,a150_c100,edd,0.5,c09_storm_150_a150_c100_0010,0.0000,0.0000
9,storm,a150_c100,atc,1.0,c09_storm_150_a150_c100_0010,0.0000,0.0000
9,storm,a150_c100,edd,1.0,c09_storm_150_a150_c100_0010,0.0000,0.0000
9,storm,a150_c100,atc,0.5,c09_storm_150_a150_c100_0011,37.5384,37.5384
9,storm,a150_c100,edd,0.5,c09_storm_150_a150_c100_0011,37.5384,37.5384
9,storm,a150_c100,atc,1.0,c09_storm_150_a150_c100_0011,37.5384,37.5384
9,storm,a150_c100,edd,1.0,c09_storm_150_a150_c100_0011,37.5384,37.5384
9,storm,a150_c100,atc,0.5,c09_storm_150_a150_c100_0012,0.0000,0.0000
9,storm,a150_c100,edd,0.5,c09_storm_150_a150_c100_0012,0.0000,0.0000
9,storm,a150_c100,atc,1.0,c09_storm_150_a150_c100_0012,3.0572,3.0572
9,storm,a150_c100,edd,1.0,c09_storm_150_a150_c100_0012,3.0572,3.0572
9,storm,a150_c100,atc,0.5,c09_storm_150_a150_c100_0013,28.2980,28.2980
9,storm,a150_c100,edd,0.5,c09_storm_150_a150_c100_0013,28.2980,28.2980
9,storm,a150_c100,atc,1.0,c09_storm_150_a150_c100_0013,49.1484,49.1484
9,storm,a150_c100,edd,1.0,c09_storm_150_a150_c100_0013,49.1484,49.1484
9,storm,a150_c100,atc,0.5,c09_storm_150_a150_c100_0014,18.9436,18.9436
9,storm,a150_c100,edd,0.5,c09_storm_150_a150_c100_0014,18.9436,18.9436
9,storm,a150_c100,atc,1.0,c09_storm_150_a150_c100_0014,18.9436,18.9436
9,storm,a150_c100,edd,1.0,c09_storm_150_a150_c100_0014,18.9436,18.9436
9,storm,a150_c100,atc,0.5,c09_storm_150_a150_c100_0015,21.6444,21.6444
9,storm,a150_c100,edd,0.5,c09_storm_150_a150_c100_0015,21.6444,21.6444
9,storm,a150_c100,atc,1.0,c09_storm_150_a150_c100_0015,0.0000,0.0000
9,storm,a150_c100,edd,1.0,c09_storm_150_a150_c100_0015,0.0000,0.0000
9,storm,a150_c100,atc,0.5,c09_storm_150_a150_c100_0016,1.7042,1.7042
9,storm,a150_c100,edd,0.5,c09_storm_150_a150_c100_0016,1.7042,1.7042
9,storm,a150_c100,atc,1.0,c09_storm_150_a150_c100_0016,1.7042,1.7042
9,storm,a150_c100,edd,1.0,c09_storm_150_a150_c100_0016,1.7042,1.7042
9,storm,a150_c100,atc,0.5,c09_storm_150_a150_c100_0017,21.9492,21.9492
9,storm,a150_c100,edd,0.5,c09_storm_150_a150_c100_0017,21.9492,21.9492
9,storm,a150_c100,atc,1.0,c09_storm_150_a150_c100_0017,12.0188,12.0188
9,storm,a150_c100,edd,1.0,c09_storm_150_a150_c100_0017,12.0188,12.0188
9,storm,a150_c100,atc,0.5,c09_storm_150_a150_c100_0018,98.4372,98.4372
9,storm,a150_c100,edd,0.5,c09_storm_150_a150_c100_0018,98.4372,98.4372
9,storm,a150_c100,atc,1.0,c09_storm_150_a150_c100_0018,72.8192,72.8192
9,storm,a150_c100,edd,1.0,c09_storm_150_a150_c100_0018,72.8192,72.8192
9,storm,a150_c100,atc,0.5,c09_storm_150_a150_c100_0019,6.7312,6.7312
9,storm,a150_c100,edd,0.5,c09_storm_150_a150_c100_0019,6.7312,6.7312
9,storm,a150_c100,atc,1.0,c09_storm_150_a150_c100_0019,6.7312,6.7312
9,storm,a150_c100,edd,1.0,c09_storm_150_a150_c100_0019,6.7312,6.7312
9,storm,a150_c100,atc,0.5,c09_storm_150_a150_c100_0020,0.0000,0.0000
9,storm,a150_c100,edd,0.5,c09_storm_150_a150_c100_0020,0.0000,0.0000
9,storm,a150_c100,atc,1.0,c09_storm_150_a150_c100_0020,0.0000,0.0000
9,storm,a150_c100,edd,1.0,c09_storm_150_a150_c100_0020,0.0000,0.0000
9,storm,a150_c100,atc,0.5,c09_storm_150_a150_c100_0021,33.9472,33.9472
9,storm,a150_c100,edd,0.5,c09_storm_150_a150_c100_0021,33.9472,33.9472
9,storm,a150_c100,atc,1.0,c09_storm_150_a150_c100_0021,33.9472,33.9472
9,storm,a150_c100,edd,1.0,c09_storm_150_a150_c100_0021,33.9472,33.9472
9,storm,a150_c100,atc,0.5,c09_storm_150_a150_c100_0022,0.0000,0.0000
9,storm,a150_c100,edd,0.5,c09_storm_150_a150_c100_0022,0.0000,0.0000
9,storm,a150_c100,atc,1.0,c09_storm_150_a150_c100_0022,0.0000,0.0000
9,storm,a150_c100,edd,1.0,c09_storm_150_a150_c100_0022,0.0000,0.0000
9,storm,a150_c100,atc,0.5,c09_storm_150_a150_c100_0023,0.3952,0.3952
9,storm,a150_c100,edd,0.5,c09_storm_150_a150_c100_0023,0.3952,0.3952
9,storm,a150_c100,atc,1.0,c09_storm_150_a150_c100_0023,0.0000,0.0000
9,storm,a150_c100,edd,1.0,c09_storm_150_a150_c100_0023,0.0000,0.0000
9,storm,a150_c100,atc,0.5,c09_storm_150_a150_c100_0024,0.0000,0.0000
9,storm,a150_c100,edd,0.5,c09_storm_150_a150_c100_0024,0.0000,0.0000
9,storm,a150_c100,atc,1.0,c09_storm_150_a150_c100_0024,145.3924,145.3924
9,storm,a150_c100,edd,1.0,c09_storm_150_a150_c100_0024,145.3924,145.3924
9,storm,a150_c100,atc,0.5,c09_storm_150_a150_c100_0025,0.0000,0.0000
9,storm,a150_c100,edd,0.5,c09_storm_150_a150_c100_0025,0.0000,0.0000
9,storm,a150_c100,atc,1.0,c09_storm_150_a150_c100_0025,0.0000,0.0000
9,storm,a150_c100,edd,1.0,c09_storm_150_a150_c100_0025,0.0000,0.0000
9,storm,a150_c100,atc,0.5,c09_storm_150_a150_c100_0026,0.0000,0.0000
9,storm,a150_c100,edd,0.5,c09_storm_150_a150_c100_0026,0.0000,0.0000
9,storm,a150_c100,atc,1.0,c09_storm_150_a150_c100_0026,0.0000,0.0000
9,storm,a150_c100,edd,1.0,c09_storm_150_a150_c100_0026,0.0000,0.0000
9,storm,a150_c100,atc,0.5,c09_storm_150_a150_c100_0027,25.8572,25.8572
9,storm,a150_c100,edd,0.5,c09_storm_150_a150_c100_0027,25.8572,25.8572
9,storm,a150_c100,atc,1.0,c09_storm_150_a150_c100_0027,0.0000,0.0000
9,storm,a150_c100,edd,1.0,c09_storm_150_a150_c100_0027,0.0000,0.0000
9,storm,a150_c100,atc,0.5,c09_storm_150_a150_c100_0028,0.0000,0.0000
9,storm,a150_c100,edd,0.5,c09_storm_150_a150_c100_0028,0.0000,0.0000
9,storm,a150_c100,atc,1.0,c09_storm_150_a150_c100_0028,0.0000,0.0000
9,storm,a150_c100,edd,1.0,c09_storm_150_a150_c100_0028,0.0000,0.0000
9,storm,a150_c100,atc,0.5,c09_storm_150_a150_c100_0029,0.0000,0.0000
9,storm,a150_c100,edd,0.5,c09_storm_150_a150_c100_0029,0.0000,0.0000
9,storm,a150_c100,atc,1.0,c09_storm_150_a150_c100_0029,1.4328,1.4328
9,storm,a150_c100,edd,1.0,c09_storm_150_a150_c100_0029,1.4328,1.4328
9,storm,a150_c80,atc,0.5,c09_storm_150_a150_c80_0000,0.0000,0.0000
9,storm,a150_c80,edd,0.5,c09_storm_150_a150_c80_0000,0.0000,0.0000
9,storm,a150_c80,atc,1.0,c09_storm_150_a150_c80_0000,6.4792,6.4792
9,storm,a150_c80,edd,1.0,c09_storm_150_a150_c80_0000,6.4792,6.4792
9,storm,a150_c80,atc,0.5,c09_storm_150_a150_c80_0001,14.5936,14.5936
9,storm,a150_c80,edd,0.5,c09_storm_150_a150_c80_0001,14.5936,14.5936
9,storm,a150_c80,atc,1.0,c09_storm_150_a150_c80_0001,14.5936,14.5936
9,storm,a150_c80,edd,1.0,c09_storm_150_a150_c80_0001,14.5936,14.5936
9,storm,a150_c80,atc,0.5,c09_storm_150_a150_c80_0002,23.4748,23.4748
9,storm,a150_c80,edd,0.5,c09_storm_150_a150_c80_0002,23.4748,23.4748
9,storm,a150_c80,atc,1.0,c09_storm_150_a150_c80_0002,23.4748,23.4748
9,storm,a150_c80,edd,1.0,c09_storm_150_a150_c80_0002,23.4748,23.4748
9,storm,a150_c80,atc,0.5,c09_storm_150_a150_c80_0003,0.6464,0.6464
9,storm,a150_c80,edd,0.5,c09_storm_150_a150_c80_0003,0.6464,0.6464
9,storm,a150_c80,atc,1.0,c09_storm_150_a150_c80_0003,0.6464,0.6464
9,storm,a150_c80,edd,1.0,c09_storm_150_a150_c80_0003,0.6464,0.6464
9,storm,a150_c80,atc,0.5,c09_storm_150_a150_c80_0004,10.0724,10.0724
9,storm,a150_c80,edd,0.5,c09_storm_150_a150_c80_0004,10.0724,10.0724
9,storm,a150_c80,atc,1.0,c09_storm_150_a150_c80_0004,0.0000,0.0000
9,storm,a150_c80,edd,1.0,c09_storm_150_a150_c80_0004,0.0000,0.0000
9,storm,a150_c80,atc,0.5,c09_storm_150_a150_c80_0005,43.6096,43.6096
9,storm,a150_c80,edd,0.5,c09_storm_150_a150_c80_0005,43.6096,43.6096
9,storm,a150_c80,atc,1.0,c09_storm_150_a150_c80_0005,43.6096,43.6096
9,storm,a150_c80,edd,1.0,c09_storm_150_a150_c80_0005,43.6096,43.6096
9,storm,a150_c80,atc,0.5,c09_storm_150_a150_c80_0006,0.0000,0.0000
9,storm,a150_c80,edd,0.5,c09_storm_150_a150_c80_0006,0.0000,0.0000
9,storm,a150_c80,atc,1.0,c09_storm_150_a150_c80_0006,8.4908,8.4908
9,storm,a150_c80,edd,1.0,c09_storm_150_a150_c80_0006,8.4908,8.4908
9,storm,a150_c80,atc,0.5,c09_storm_150_a150_c80_0007,26.4816,26.4816
9,storm,a150_c80,edd,0.5,c09_storm_150_a150_c80_0007,26.4816,26.4816
9,storm,a150_c80,atc,1.0,c09_storm_150_a150_c80_0007,130.5096,130.5096
9,storm,a150_c80,edd,1.0,c09_storm_150_a150_c80_0007,130.5096,130.5096
9,storm,a150_c80,atc,0.5,c09_storm_150_a150_c80_0008,6.4636,6.4636
9,storm,a150_c80,edd,0.5,c09_storm_150_a150_c80_0008,6.4636,6.4636
9,storm,a150_c80,atc,1.0,c09_storm_150_a150_c80_0008,0.0000,0.0000
9,storm,a150_c80,edd,1.0,c09_storm_150_a150_c80_0008,0.0000,0.0000
9,storm,a150_c80,atc,0.5,c09_storm_150_a150_c80_0009,2.4720,2.4720
9,storm,a150_c80,edd,0.5,c09_storm_150_a150_c80_0009,2.4720,2.4720
9,storm,a150_c80,atc,1.0,c09_storm_150_a150_c80_0009,23.4204,23.4204
9,storm,a150_c80,edd,1.0,c09_storm_150_a150_c80_0009,23.4204,23.4204
9,storm,a150_c80,atc,0.5,c09_storm_150_a150_c80_0010,21.4341,21.4341
9,storm,a150_c80,edd,0.5,c09_storm_150_a150_c80_0010,21.4341,21.4341
9,storm,a150_c80,atc,1.0,c09_storm_150_a150_c80_0010,0.0000,0.0000
9,storm,a150_c80,edd,1.0,c09_storm_150_a150_c80_0010,0.0000,0.0000
9,storm,a150_c80,atc,0.5,c09_storm_150_a150_c80_0011,29.0704,29.0704
9,storm,a150_c80,edd,0.5,c09_storm_150_a150_c80_0011,29.0704,29.0704
9,storm,a150_c80,atc,1.0,c09_storm_150_a150_c80_0011,37.5384,37.5384
9,storm,a150_c80,edd,1.0,c09_storm_150_a150_c80_0011,37.5384,37.5384
9,storm,a150_c80,atc,0.5,c09_storm_150_a150_c80_0012,0.0000,0.0000
9,storm,a150_c80,edd,0.5,c09_storm_150_a150_c80_0012,0.0000,0.0000
9,storm,a150_c80,atc,1.0,c09_storm_150_a150_c80_0012,3.0572,3.0572
9,storm,a150_c80,edd,1.0,c09_storm_150_a150_c80_0012,3.0572,3.0572
9,storm,a150_c80,atc,0.5,c09_storm_150_a150_c80_0013,59.1564,59.1564
9,storm,a150_c80,edd,0.5,c09_storm_150_a150_c80_0013,59.1564,59.1564
9,storm,a150_c80,atc,1.0,c09_storm_150_a150_c80_0013,49.1484,49.1484
9,storm,a150_c80,edd,1.0,c09_storm_150_a150_c80_0013,49.1484,49.1484
9,storm,a150_c80,atc,0.5,c09_storm_150_a150_c80_0014,18.9436,18.9436
9,storm,a150_c80,edd,0.5,c09_storm_150_a150_c80_0014,18.9436,18.9436
9,storm,a150_c80,atc,1.0,c09_storm_150_a150_c80_0014,18.9436,18.9436
9,storm,a150_c80,edd,1.0,c09_storm_150_a150_c80_0014,18.9436,18.9436
9,storm,a150_c80,atc,0.5,c09_storm_150_a150_c80_0015,15.8532,15.8532
9,storm,a150_c80,edd,0.5,c09_storm_150_a150_c80_0015,15.8532,15.8532
9,storm,a150_c80,atc,1.0,c09_storm_150_a150_c80_0015,0.0000,0.0000
9,storm,a150_c80,edd,1.0,c09_storm_150_a150_c80_0015,0.0000,0.0000
9,storm,a150_c80,atc,0.5,c09_storm_150_a150_c80_0016,11.0984,11.0984
9,storm,a150_c80,edd,0.5,c09_storm_150_a150_c80_0016,11.0984,11.0984
9,storm,a150_c80,atc,1.0,c09_storm_150_a150_c80_0016,1.7042,1.7042
9,storm,a150_c80,edd,1.0,c09_storm_150_a150_c80_0016,1.7042,1.7042
9,storm,a150_c80,atc,0.5,c09_storm_150_a150_c80_0017,85.9492,85.9492
9,storm,a150_c80,edd,0.5,c09_storm_150_a150_c80_0017,85.9492,85.9492
9,storm,a150_c80,atc,1.0,c09_storm_150_a150_c80_0017,12.0188,12.0188
9,storm,a150_c80,edd,1.0,c09_storm_150_a150_c80_0017,12.0188,12.0188
9,storm,a150_c80,atc,0.5,c09_storm_150_a150_c80_0018,62.7108,62.7108
9,storm,a150_c80,edd,0.5,c09_storm_150_a150_c80_0018,62.7108,62.7108
9,storm,a150_c80,atc,1.0,c09_storm_150_a150_c80_0018,72.8192,72.8192
9,storm,a150_c80,edd,1.0,c09_storm_150_a150_c80_0018,72.8192,72.8192
9,storm,a150_c80,atc,0.5,c09_storm_150_a150_c80_0019,6.7312,6.7312
9,storm,a150_c80,edd,0.5,c09_storm_150_a150_c80_0019,6.7312,6.7312
9,storm,a150_c80,atc,1.0,c09_storm_150_a150_c80_0019,6.7312,6.7312
9,storm,a150_c80,edd,1.0,c09_storm_150_a150_c80_0019,6.7312,6.7312
9,storm,a150_c80,atc,0.5,c09_storm_150_a150_c80_0020,0.0000,0.0000
9,storm,a150_c80,edd,0.5,c09_storm_150_a150_c80_0020,0.0000,0.0000
9,storm,a150_c80,atc,1.0,c09_storm_150_a150_c80_0020,0.0000,0.0000
9,storm,a150_c80,edd,1.0,c09_storm_150_a150_c80_0020,0.0000,0.0000
9,storm,a150_c80,atc,0.5,c09_storm_150_a150_c80_0021,42.2516,42.2516
9,storm,a150_c80,edd,0.5,c09_storm_150_a150_c80_0021,42.2516,42.2516
9,storm,a150_c80,atc,1.0,c09_storm_150_a150_c80_0021,33.9472,33.9472
9,storm,a150_c80,edd,1.0,c09_storm_150_a150_c80_0021,33.9472,33.9472
9,storm,a150_c80,atc,0.5,c09_storm_150_a150_c80_0022,0.0000,0.0000
9,storm,a150_c80,edd,0.5,c09_storm_150_a150_c80_0022,0.0000,0.0000
9,storm,a150_c80,atc,1.0,c09_storm_150_a150_c80_0022,0.0000,0.0000
9,storm,a150_c80,edd,1.0,c09_storm_150_a150_c80_0022,0.0000,0.0000
9,storm,a150_c80,atc,0.5,c09_storm_150_a150_c80_0023,0.0000,0.0000
9,storm,a150_c80,edd,0.5,c09_storm_150_a150_c80_0023,0.0000,0.0000
9,storm,a150_c80,atc,1.0,c09_storm_150_a150_c80_0023,0.0000,0.0000
9,storm,a150_c80,edd,1.0,c09_storm_150_a150_c80_0023,0.0000,0.0000
9,storm,a150_c80,atc,0.5,c09_storm_150_a150_c80_0024,145.3924,145.3924
9,storm,a150_c80,edd,0.5,c09_storm_150_a150_c80_0024,145.3924,145.3924
9,storm,a150_c80,atc,1.0,c09_storm_150_a150_c80_0024,145.3924,145.3924
9,storm,a150_c80,edd,1.0,c09_storm_150_a150_c80_0024,145.3924,145.3924
9,storm,a150_c80,atc,0.5,c09_storm_150_a150_c80_0025,14.0962,14.0962
9,storm,a150_c80,edd,0.5,c09_storm_150_a150_c80_0025,14.0962,14.0962
9,storm,a150_c80,atc,1.0,c09_storm_150_a150_c80_0025,0.0000,0.0000
9,storm,a150_c80,edd,1.0,c09_storm_150_a150_c80_0025,0.0000,0.0000
9,storm,a150_c80,atc,0.5,c09_storm_150_a150_c80_0026,0.0000,0.0000
9,storm,a150_c80,edd,0.5,c09_storm_150_a150_c80_0026,0.0000,0.0000
9,storm,a150_c80,atc,1.0,c09_storm_150_a150_c80_0026,0.0000,0.0000
9,storm,a150_c80,edd,1.0,c09_storm_150_a150_c80_0026,0.0000,0.0000
9,storm,a150_c80,atc,0.5,c09_storm_150_a150_c80_0027,0.0000,0.0000
9,storm,a150_c80,edd,0.5,c09_storm_150_a150_c80_0027,0.0000,0.0000
9,storm,a150_c80,atc,1.0,c09_storm_150_a150_c80_0027,0.0000,0.0000
9,storm,a150_c80,edd,1.0,c09_storm_150_a150_c80_0027,0.0000,0.0000
9,storm,a150_c80,atc,0.5,c09_storm_150_a150_c80_0028,0.0000,0.0000
9,storm,a150_c80,edd,0.5,c09_storm_150_a150_c80_0028,0.0000,0.0000
9,storm,a150_c80,atc,1.0,c09_storm_150_a150_c80_0028,0.0000,0.0000
9,storm,a150_c80,edd,1.0,c09_storm_150_a150_c80_0028,0.0000,0.0000
9,storm,a150_c80,atc,0.5,c09_storm_150_a150_c80_0029,1.4328,1.4328
9,storm,a150_c80,edd,0.5,c09_storm_150_a150_c80_0029,1.4328,1.4328
9,storm,a150_c80,atc,1.0,c09_storm_150_a150_c80_0029,1.4328,1.4328
9,storm,a150_c80,edd,1.0,c09_storm_150_a150_c80_0029,1.4328,1.4328
9,storm,a200_c100,atc,0.5,c09_storm_150_a200_c100_0000,0.0000,0.0000
9,storm,a200_c100,edd,0.5,c09_storm_150_a200_c100_0000,0.0000,0.0000
9,storm,a200_c100,atc,1.0,c09_storm_150_a200_c100_0000,0.0000,0.0000
9,storm,a200_c100,edd,1.0,c09_storm_150_a200_c100_0000,0.0000,0.0000
9,storm,a200_c100,atc,0.5,c09_storm_150_a200_c100_0001,94.8443,94.8443
9,storm,a200_c100,edd,0.5,c09_storm_150_a200_c100_0001,94.8443,94.8443
9,storm,a200_c100,atc,1.0,c09_storm_150_a200_c100_0001,63.3916,63.3916
9,storm,a200_c100,edd,1.0,c09_storm_150_a200_c100_0001,63.3916,63.3916
9,storm,a200_c100,atc,0.5,c09_storm_150_a200_c100_0002,4.2844,4.2844
9,storm,a200_c100,edd,0.5,c09_storm_150_a200_c100_0002,4.2844,4.2844
9,storm,a200_c100,atc,1.0,c09_storm_150_a200_c100_0002,4.2844,4.2844
9,storm,a200_c100,edd,1.0,c09_storm_150_a200_c100_0002,4.2844,4.2844
9,storm,a200_c100,atc,0.5,c09_storm_150_a200_c100_0003,13.4008,13.4008
9,storm,a200_c100,edd,0.5,c09_storm_150_a200_c100_0003,13.4008,13.4008
9,storm,a200_c100,atc,1.0,c09_storm_150_a200_c100_0003,15.3871,15.3871
9,storm,a200_c100,edd,1.0,c09_storm_150_a200_c100_0003,15.3871,15.3871
9,storm,a200_c100,atc,0.5,c09_storm_150_a200_c100_0004,41.2332,41.2332
9,storm,a200_c100,edd,0.5,c09_storm_150_a200_c100_0004,41.2332,41.2332
9,storm,a200_c100,atc,1.0,c09_storm_150_a200_c100_0004,41.2332,41.2332
9,storm,a200_c100,edd,1.0,c09_storm_150_a200_c100_0004,41.2332,41.2332
9,storm,a200_c100,atc,0.5,c09_storm_150_a200_c100_0005,4.1364,4.1364
9,storm,a200_c100,edd,0.5,c09_storm_150_a200_c100_0005,4.1364,4.1364
9,storm,a200_c100,atc,1.0,c09_storm_150_a200_c100_0005,4.1364,4.1364
9,storm,a200_c100,edd,1.0,c09_storm_150_a200_c100_0005,4.1364,4.1364
9,storm,a200_c100,atc,0.5,c09_storm_150_a200_c100_0006,131.5004,131.5004
9,storm,a200_c100,edd,0.5,c09_storm_150_a200_c100_0006,131.5004,131.5004
9,storm,a200_c100,atc,1.0,c09_storm_150_a200_c100_0006,195.5004,195.5004
9,storm,a200_c100,edd,1.0,c09_storm_150_a200_c100_0006,195.5004,195.5004
9,storm,a200_c100,atc,0.5,c09_storm_150_a200_c100_0007,27.7088,27.7088
9,storm,a200_c100,edd,0.5,c09_storm_150_a200_c100_0007,27.7088,27.7088
9,storm,a200_c100,atc,1.0,c09_storm_150_a200_c100_0007,27.7088,27.7088
9,storm,a200_c100,edd,1.0,c09_storm_150_a200_c100_0007,27.7088,27.7088
9,storm,a200_c100,atc,0.5,c09_storm_150_a200_c100_0008,0.0000,0.0000
9,storm,a200_c100,edd,0.5,c09_storm_150_a200_c100_0008,0.0000,0.0000
9,storm,a200_c100,atc,1.0,c09_storm_150_a200_c100_0008,22.4900,22.4900
9,storm,a200_c100,edd,1.0,c09_storm_150_a200_c100_0008,22.4900,22.4900
9,storm,a200_c100,atc,0.5,c09_storm_150_a200_c100_0009,238.5008,238.5008
9,storm,a200_c100,edd,0.5,c09_storm_150_a200_c100_0009,238.5008,238.5008
9,storm,a200_c100,atc,1.0,c09_storm_150_a200_c100_0009,302.5008,302.5008
9,storm,a200_c100,edd,1.0,c09_storm_150_a200_c100_0009,302.5008,302.5008
9,storm,a200_c100,atc,0.5,c09_storm_150_a200_c100_0010,0.0000,0.0000
9,storm,a200_c100,edd,0.5,c09_storm_150_a200_c100_0010,0.0000,0.0000
9,storm,a200_c100,atc,1.0,c09_storm_150_a200_c100_0010,0.0000,0.0000
9,storm,a200_c100,edd,1.0,c09_storm_150_a200_c100_0010,0.0000,0.0000
9,storm,a200_c100,atc,0.5,c09_storm_150_a200_c100_0011,0.0000,0.0000
9,storm,a200_c100,edd,0.5,c09_storm_150_a200_c100_0011,0.0000,0.0000
9,storm,a200_c100,atc,1.0,c09_storm_150_a200_c100_0011,0.0000,0.0000
9,storm,a200_c100,edd,1.0,c09_storm_150_a200_c100_0011,0.0000,0.0000
9,storm,a200_c100,atc,0.5,c09_storm_150_a200_c100_0012,149.1428,149.1428
9,storm,a200_c100,edd,0.5,c09_storm_150_a200_c100_0012,149.1428,149.1428
9,storm,a200_c100,atc,1.0,c09_storm_150_a200_c100_0012,145.5568,145.5568
9,storm,a200_c100,edd,1.0,c09_storm_150_a200_c100_0012,145.5568,145.5568
9,storm,a200_c100,atc,0.5,c09_storm_150_a200_c100_0013,0.0000,0.0000
9,storm,a200_c100,edd,0.5,c09_storm_150_a200_c100_0013,0.0000,0.0000
9,storm,a200_c100,atc,1.0,c09_storm_150_a200_c100_0013,1.0497,1.0497
9,storm,a200_c100,edd,1.0,c09_storm_150_a200_c100_0013,1.0497,1.0497
9,storm,a200_c100,atc,0.5,c09_storm_150_a200_c100_0014,27.4224,27.4224
9,storm,a200_c100,edd,0.5,c09_storm_150_a200_c100_0014,27.4224,27.4224
9,storm,a200_c100,atc,1.0,c09_storm_150_a200_c100_0014,27.4224,27.4224
9,storm,a200_c100,edd,1.0,c09_storm_150_a200_c100_0014,27.4224,27.4224
9,storm,a200_c100,atc,0.5,c09_storm_150_a200_c100_0015,46.2231,46.2231
9,storm,a200_c100,edd,0.5,c09_storm_150_a200_c100_0015,46.2231,46.2231
9,storm,a200_c100,atc,1.0,c09_storm_150_a200_c100_0015,42.2428,42.2428
9,storm,a200_c100,edd,1.0,c09_storm_150_a200_c100_0015,42.2428,42.2428
9,storm,a200_c100,atc,0.5,c09_storm_150_a200_c100_0016,29.0740,29.0740
9,storm,a200_c100,edd,0.5,c09_storm_150_a200_c100_0016,29.0740,29.0740
9,storm,a200_c100,atc,1.0,c09_storm_150_a200_c100_0016,29.0740,29.0740
9,storm,a200_c100,edd,1.0,c09_storm_150_a200_c100_0016,29.0740,29.0740
9,storm,a200_c100,atc,0.5,c09_storm_150_a200_c100_0017,0.0000,0.0000
9,storm,a200_c100,edd,0.5,c09_storm_150_a200_c100_0017,0.0000,0.0000
9,storm,a200_c100,atc,1.0,c09_storm_150_a200_c100_0017,14.1444,14.1444
9,storm,a200_c100,edd,1.0,c09_storm_150_a200_c100_0017,14.1444,14.1444
9,storm,a200_c100,atc,0.5,c09_storm_150_a200_c100_0018,5.4464,5.4464
9,storm,a200_c100,edd,0.5,c09_storm_150_a200_c100_0018,5.4464,5.4464
9,storm,a200_c100,atc,1.0,c09_storm_150_a200_c100_0018,14.6108,14.6108
9,storm,a200_c100,edd,1.0,c09_storm_150_a200_c100_0018,14.6108,14.6108
9,storm,a200_c100,atc,0.5,c09_storm_150_a200_c100_0019,0.0000,0.0000
9,storm,a200_c100,edd,0.5,c09_storm_150_a200_c100_0019,0.0000,0.0000
9,storm,a200_c100,atc,1.0,c09_storm_150_a200_c100_0019,0.0000,0.0000
9,storm,a200_c100,edd,1.0,c09_storm_150_a200_c100_0019,0.0000,0.0000
9,storm,a200_c100,atc,0.5,c09_storm_150_a200_c100_0020,4.5784,4.5784
9,storm,a200_c100,edd,0.5,c09_storm_150_a200_c100_0020,4.5784,4.5784
9,storm,a200_c100,atc,1.0,c09_storm_150_a200_c100_0020,4.5784,4.5784
9,storm,a200_c100,edd,1.0,c09_storm_150_a200_c100_0020,4.5784,4.5784
9,storm,a200_c100,atc,0.5,c09_storm_150_a200_c100_0021,43.6188,43.6188
9,storm,a200_c100,edd,0.5,c09_storm_150_a200_c100_0021,43.6188,43.6188
9,storm,a200_c100,atc,1.0,c09_storm_150_a200_c100_0021,43.6188,43.6188
9,storm,a200_c100,edd,1.0,c09_storm_150_a200_c100_0021,43.6188,43.6188
9,storm,a200_c100,atc,0.5,c09_storm_150_a200_c100_0022,334.8500,334.8500
9,storm,a200_c100,edd,0.5,c09_storm_150_a200_c100_0022,334.8500,334.8500
9,storm,a200_c100,atc,1.0,c09_storm_150_a200_c100_0022,334.8500,334.8500
9,storm,a200_c100,edd,1.0,c09_storm_150_a200_c100_0022,334.8500,334.8500
9,storm,a200_c100,atc,0.5,c09_storm_150_a200_c100_0023,340.4096,340.4096
9,storm,a200_c100,edd,0.5,c09_storm_150_a200_c100_0023,340.4096,340.4096
9,storm,a200_c100,atc,1.0,c09_storm_150_a200_c100_0023,340.4096,340.4096
9,storm,a200_c100,edd,1.0,c09_storm_150_a200_c100_0023,340.4096,340.4096
9,storm,a200_c100,atc,0.5,c09_storm_150_a200_c100_0024,26.6848,26.6848
9,storm,a200_c100,edd,0.5,c09_storm_150_a200_c100_0024,26.6848,26.6848
9,storm,a200_c100,atc,1.0,c09_storm_150_a200_c100_0024,17.3304,17.3304
9,storm,a200_c100,edd,1.0,c09_storm_150_a200_c100_0024,17.3304,17.3304
9,storm,a200_c100,atc,0.5,c09_storm_150_a200_c100_0025,2.8852,2.8852
9,storm,a200_c100,edd,0.5,c09_storm_150_a200_c100_0025,2.8852,2.8852
9,storm,a200_c100,atc,1.0,c09_storm_150_a200_c100_0025,2.8852,2.8852
9,storm,a200_c100,edd,1.0,c09_storm_150_a200_c100_0025,2.8852,2.8852
9,storm,a200_c100,atc,0.5,c09_storm_150_a200_c100_0026,11.3292,11.3292
9,storm,a200_c100,edd,0.5,c09_storm_150_a200_c100_0026,11.3292,11.3292
9,storm,a200_c100,atc,1.0,c09_storm_150_a200_c100_0026,0.0000,0.0000
9,storm,a200_c100,edd,1.0,c09_storm_150_a200_c100_0026,0.0000,0.0000
9,storm,a200_c100,atc,0.5,c09_storm_150_a200_c100_0027,13.5512,13.5512
9,storm,a200_c100,edd,0.5,c09_storm_150_a200_c100_0027,13.5512,13.5512
9,storm,a200_c100,atc,1.0,c09_storm_150_a200_c100_0027,2.9112,2.9112
9,storm,a200_c100,edd,1.0,c09_storm_150_a200_c100_0027,2.9112,2.9112
9,storm,a200_c100,atc,0.5,c09_storm_150_a200_c100_0028,0.7366,0.7366
9,storm,a200_c100,edd,0.5,c09_storm_150_a200_c100_0028,0.7366,0.7366
9,storm,a200_c100,atc,1.0,c09_storm_150_a200_c100_0028,0.7366,0.7366
9,storm,a200_c100,edd,1.0,c09_storm_150_a200_c100_0028,0.7366,0.7366
9,storm,a200_c100,atc,0.5,c09_storm_150_a200_c100_0029,0.0000,0.0000
9,storm,a200_c100,edd,0.5,c09_storm_150_a200_c100_0029,0.0000,0.0000
9,storm,a200_c100,atc,1.0,c09_storm_150_a200_c100_0029,0.0000,0.0000
9,storm,a200_c100,edd,1.0,c09_storm_150_a200_c100_0029,0.0000,0.0000
9,storm,a200_c80,atc,0.5,c09_storm_150_a200_c80_0000,0.0000,0.0000
9,storm,a200_c80,edd,0.5,c09_storm_150_a200_c80_0000,0.0000,0.0000
9,storm,a200_c80,atc,1.0,c09_storm_150_a200_c80_0000,0.0000,0.0000
9,storm,a200_c80,edd,1.0,c09_storm_150_a200_c80_0000,0.0000,0.0000
9,storm,a200_c80,atc,0.5,c09_storm_150_a200_c80_0001,0.0000,0.0000
9,storm,a200_c80,edd,0.5,c09_storm_150_a200_c80_0001,0.0000,0.0000
9,storm,a200_c80,atc,1.0,c09_storm_150_a200_c80_0001,0.0000,0.0000
9,storm,a200_c80,edd,1.0,c09_storm_150_a200_c80_0001,0.0000,0.0000
9,storm,a200_c80,atc,0.5,c09_storm_150_a200_c80_0002,23.5956,23.5956
9,storm,a200_c80,edd,0.5,c09_storm_150_a200_c80_0002,23.5956,23.5956
9,storm,a200_c80,atc,1.0,c09_storm_150_a200_c80_0002,87.5956,87.5956
9,storm,a200_c80,edd,1.0,c09_storm_150_a200_c80_0002,87.5956,87.5956
9,storm,a200_c80,atc,0.5,c09_storm_150_a200_c80_0003,0.0000,0.0000
9,storm,a200_c80,edd,0.5,c09_storm_150_a200_c80_0003,0.0000,0.0000
9,storm,a200_c80,atc,1.0,c09_storm_150_a200_c80_0003,5.0100,5.0100
9,storm,a200_c80,edd,1.0,c09_storm_150_a200_c80_0003,5.0100,5.0100
9,storm,a200_c80,atc,0.5,c09_storm_150_a200_c80_0004,44.3792,44.3792
9,storm,a200_c80,edd,0.5,c09_storm_150_a200_c80_0004,44.3792,44.3792
9,storm,a200_c80,atc,1.0,c09_storm_150_a200_c80_0004,44.3792,44.3792
9,storm,a200_c80,edd,1.0,c09_storm_150_a200_c80_0004,44.3792,44.3792
9,storm,a200_c80,atc,0.5,c09_storm_150_a200_c80_0005,24.6144,24.6144
9,storm,a200_c80,edd,0.5,c09_storm_150_a200_c80_0005,24.6144,24.6144
9,storm,a200_c80,atc,1.0,c09_storm_150_a200_c80_0005,24.6144,24.6144
9,storm,a200_c80,edd,1.0,c09_storm_150_a200_c80_0005,24.6144,24.6144
9,storm,a200_c80,atc,0.5,c09_storm_150_a200_c80_0006,44.0356,44.0356
9,storm,a200_c80,edd,0.5,c09_storm_150_a200_c80_0006,44.0356,44.0356
9,storm,a200_c80,atc,1.0,c09_storm_150_a200_c80_0006,44.0356,44.0356
9,storm,a200_c80,edd,1.0,c09_storm_150_a200_c80_0006,44.0356,44.0356
9,storm,a200_c80,atc,0.5,c09_storm_150_a200_c80_0007,0.0000,0.0000
9,storm,a200_c80,edd,0.5,c09_storm_150_a200_c80_0007,0.0000,0.0000
9,storm,a200_c80,atc,1.0,c09_storm_150_a200_c80_0007,0.0000,0.0000
9,storm,a200_c80,edd,1.0,c09_storm_150_a200_c80_0007,0.0000,0.0000
9,storm,a200_c80,atc,0.5,c09_storm_150_a200_c80_0008,336.7176,336.7176
9,storm,a200_c80,edd,0.5,c09_storm_150_a200_c80_0008,336.7176,336.7176
9,storm,a200_c80,atc,1.0,c09_storm_150_a200_c80_0008,336.7176,336.7176
9,storm,a200_c80,edd,1.0,c09_storm_150_a200_c80_0008,336.7176,336.7176
9,storm,a200_c80,atc,0.5,c09_storm_150_a200_c80_0009,60.2848,60.2848
9,storm,a200_c80,edd,0.5,c09_storm_150_a200_c80_0009,60.2848,60.2848
9,storm,a200_c80,atc,1.0,c09_storm_150_a200_c80_0009,188.2848,188.2848
9,storm,a200_c80,edd,1.0,c09_storm_150_a200_c80_0009,188.2848,188.2848
9,storm,a200_c80,atc,0.5,c09_storm_150_a200_c80_0010,1.5924,1.5924
9,storm,a200_c80,edd,0.5,c09_storm_150_a200_c80_0010,1.5924,1.5924
9,storm,a200_c80,atc,1.0,c09_storm_150_a200_c80_0010,53.9404,53.9404
9,storm,a200_c80,edd,1.0,c09_storm_150_a200_c80_0010,53.9404,53.9404
9,storm,a200_c80,atc,0.5,c09_storm_150_a200_c80_0011,63.9736,63.9736
9,storm,a200_c80,edd,0.5,c09_storm_150_a200_c80_0011,63.9736,63.9736
9,storm,a200_c80,atc,1.0,c09_storm_150_a200_c80_0011,127.9736,127.9736
9,storm,a200_c80,edd,1.0,c09_storm_150_a200_c80_0011,127.9736,127.9736
9,storm,a200_c80,atc,0.5,c09_storm_150_a200_c80_0012,0.0000,0.0000
9,storm,a200_c80,edd,0.5,c09_storm_150_a200_c80_0012,0.0000,0.0000
9,storm,a200_c80,atc,1.0,c09_storm_150_a200_c80_0012,0.0000,0.0000
9,storm,a200_c80,edd,1.0,c09_storm_150_a200_c80_0012,0.0000,0.0000
9,storm,a200_c80,atc,0.5,c09_storm_150_a200_c80_0013,5.2192,5.2192
9,storm,a200_c80,edd,0.5,c09_storm_150_a200_c80_0013,5.2192,5.2192
9,storm,a200_c80,atc,1.0,c09_storm_150_a200_c80_0013,14.4232,14.4232
9,storm,a200_c80,edd,1.0,c09_storm_150_a200_c80_0013,14.4232,14.4232
9,storm,a200_c80,atc,0.5,c09_storm_150_a200_c80_0014,153.8812,153.8812
9,storm,a200_c80,edd,0.5,c09_storm_150_a200_c80_0014,153.8812,153.8812
9,storm,a200_c80,atc,1.0,c09_storm_150_a200_c80_0014,130.1632,130.1632
9,storm,a200_c80,edd,1.0,c09_storm_150_a200_c80_0014,130.1632,130.1632
9,storm,a200_c80,atc,0.5,c09_storm_150_a200_c80_0015,5.0520,5.0520
9,storm,a200_c80,edd,0.5,c09_storm_150_a200_c80_0015,5.0520,5.0520
9,storm,a200_c80,atc,1.0,c09_storm_150_a200_c80_0015,0.0000,0.0000
9,storm,a200_c80,edd,1.0,c09_storm_150_a200_c80_0015,0.0000,0.0000
9,storm,a200_c80,atc,0.5,c09_storm_150_a200_c80_0016,0.0000,0.0000
9,storm,a200_c80,edd,0.5,c09_storm_150_a200_c80_0016,0.0000,0.0000
9,storm,a200_c80,atc,1.0,c09_storm_150_a200_c80_0016,0.0000,0.0000
9,storm,a200_c80,edd,1.0,c09_storm_150_a200_c80_0016,0.0000,0.0000
9,storm,a200_c80,atc,0.5,c09_storm_150_a200_c80_0017,0.0000,0.0000
9,storm,a200_c80,edd,0.5,c09_storm_150_a200_c80_0017,0.0000,0.0000
9,storm,a200_c80,atc,1.0,c09_storm_150_a200_c80_0017,0.0000,0.0000
9,storm,a200_c80,edd,1.0,c09_storm_150_a200_c80_0017,0.0000,0.0000
9,storm,a200_c80,atc,0.5,c09_storm_150_a200_c80_0018,85.0184,85.0184
9,storm,a200_c80,edd,0.5,c09_storm_150_a200_c80_0018,85.0184,85.0184
9,storm,a200_c80,atc,1.0,c09_storm_150_a200_c80_0018,85.0184,85.0184
9,storm,a200_c80,edd,1.0,c09_storm_150_a200_c80_0018,85.0184,85.0184
9,storm,a200_c80,atc,0.5,c09_storm_150_a200_c80_0019,0.0000,0.0000
9,storm,a200_c80,edd,0.5,c09_storm_150_a200_c80_0019,0.0000,0.0000
9,storm,a200_c80,atc,1.0,c09_storm_150_a200_c80_0019,0.0000,0.0000
9,storm,a200_c80,edd,1.0,c09_storm_150_a200_c80_0019,0.0000,0.0000
9,storm,a200_c80,atc,0.5,c09_storm_150_a200_c80_0020,91.0556,91.0556
9,storm,a200_c80,edd,0.5,c09_storm_150_a200_c80_0020,91.0556,91.0556
9,storm,a200_c80,atc,1.0,c09_storm_150_a200_c80_0020,12.4368,12.4368
9,storm,a200_c80,edd,1.0,c09_storm_150_a200_c80_0020,12.4368,12.4368
9,storm,a200_c80,atc,0.5,c09_storm_150_a200_c80_0021,0.0000,0.0000
9,storm,a200_c80,edd,0.5,c09_storm_150_a200_c80_0021,0.0000,0.0000
9,storm,a200_c80,atc,1.0,c09_storm_150_a200_c80_0021,0.0000,0.0000
9,storm,a200_c80,edd,1.0,c09_storm_150_a200_c80_0021,0.0000,0.0000
9,storm,a200_c80,atc,0.5,c09_storm_150_a200_c80_0022,218.5648,218.5648
9,storm,a200_c80,edd,0.5,c09_storm_150_a200_c80_0022,218.5648,218.5648
9,storm,a200_c80,atc,1.0,c09_storm_150_a200_c80_0022,218.5648,218.5648
9,storm,a200_c80,edd,1.0,c09_storm_150_a200_c80_0022,218.5648,218.5648
9,storm,a200_c80,atc,0.5,c09_storm_150_a200_c80_0023,74.1940,74.1940
9,storm,a200_c80,edd,0.5,c09_storm_150_a200_c80_0023,74.1940,74.1940
9,storm,a200_c80,atc,1.0,c09_storm_150_a200_c80_0023,0.0000,0.0000
9,storm,a200_c80,edd,1.0,c09_storm_150_a200_c80_0023,0.0000,0.0000
9,storm,a200_c80,atc,0.5,c09_storm_150_a200_c80_0024,0.0000,0.0000
9,storm,a200_c80,edd,0.5,c09_storm_150_a200_c80_0024,0.0000,0.0000
9,storm,a200_c80,atc,1.0,c09_storm_150_a200_c80_0024,0.0000,0.0000
9,storm,a200_c80,edd,1.0,c09_storm_150_a200_c80_0024,0.0000,0.0000
9,storm,a200_c80,atc,0.5,c09_storm_150_a200_c80_0025,31.9896,31.9896
9,storm,a200_c80,edd,0.5,c09_storm_150_a200_c80_0025,31.9896,31.9896
9,storm,a200_c80,atc,1.0,c09_storm_150_a200_c80_0025,31.9896,31.9896
9,storm,a200_c80,edd,1.0,c09_storm_150_a200_c80_0025,31.9896,31.9896
9,storm,a200_c80,atc,0.5,c09_storm_150_a200_c80_0026,182.8256,182.8256
9,storm,a200_c80,edd,0.5,c09_storm_150_a200_c80_0026,182.8256,182.8256
9,storm,a200_c80,atc,1.0,c09_storm_150_a200_c80_0026,118.8256,118.8256
9,storm,a200_c80,edd,1.0,c09_storm_150_a200_c80_0026,118.8256,118.8256
9,storm,a200_c80,atc,0.5,c09_storm_150_a200_c80_0027,0.0000,0.0000
9,storm,a200_c80,edd,0.5,c09_storm_150_a200_c80_0027,0.0000,0.0000
9,storm,a200_c80,atc,1.0,c09_storm_150_a200_c80_0027,0.0000,0.0000
9,storm,a200_c80,edd,1.0,c09_storm_150_a200_c80_0027,0.0000,0.0000
9,storm,a200_c80,atc,0.5,c09_storm_150_a200_c80_0028,71.4424,71.4424
9,storm,a200_c80,edd,0.5,c09_storm_150_a200_c80_0028,71.4424,71.4424
9,storm,a200_c80,atc,1.0,c09_storm_150_a200_c80_0028,71.4424,71.4424
9,storm,a200_c80,edd,1.0,c09_storm_150_a200_c80_0028,71.4424,71.4424
9,storm,a200_c80,atc,0.5,c09_storm_150_a200_c80_0029,110.1356,110.1356
9,storm,a200_c80,edd,0.5,c09_storm_150_a200_c80_0029,110.1356,110.1356
9,storm,a200_c80,atc,1.0,c09_storm_150_a200_c80_0029,82.3856,82.3856
9,storm,a200_c80,edd,1.0,c09_storm_150_a200_c80_0029,82.3856,82.3856
9,storm,a300_c100,atc,0.5,c09_storm_150_a300_c100_0000,21.2552,21.2552
9,storm,a300_c100,edd,0.5,c09_storm_150_a300_c100_0000,21.2552,21.2552
9,storm,a300_c100,atc,1.0,c09_storm_150_a300_c100_0000,21.2552,21.2552
9,storm,a300_c100,edd,1.0,c09_storm_150_a300_c100_0000,21.2552,21.2552
9,storm,a300_c100,atc,0.5,c09_storm_150_a300_c100_0001,94.1160,94.1160
9,storm,a300_c100,edd,0.5,c09_storm_150_a300_c100_0001,94.1160,94.1160
9,storm,a300_c100,atc,1.0,c09_storm_150_a300_c100_0001,94.1160,94.1160
9,storm,a300_c100,edd,1.0,c09_storm_150_a300_c100_0001,94.1160,94.1160
9,storm,a300_c100,atc,0.5,c09_storm_150_a300_c100_0002,0.0000,0.0000
9,storm,a300_c100,edd,0.5,c09_storm_150_a300_c100_0002,0.0000,0.0000
9,storm,a300_c100,atc,1.0,c09_storm_150_a300_c100_0002,0.0000,0.0000
9,storm,a300_c100,edd,1.0,c09_storm_150_a300_c100_0002,0.0000,0.0000
9,storm,a300_c100,atc,0.5,c09_storm_150_a300_c100_0003,1.0536,1.0536
9,storm,a300_c100,edd,0.5,c09_storm_150_a300_c100_0003,1.0536,1.0536
9,storm,a300_c100,atc,1.0,c09_storm_150_a300_c100_0003,3.5691,3.5691
9,storm,a300_c100,edd,1.0,c09_storm_150_a300_c100_0003,3.5691,3.5691
9,storm,a300_c100,atc,0.5,c09_storm_150_a300_c100_0004,103.2632,103.2632
9,storm,a300_c100,edd,0.5,c09_storm_150_a300_c100_0004,103.2632,103.2632
9,storm,a300_c100,atc,1.0,c09_storm_150_a300_c100_0004,104.2376,104.2376
9,storm,a300_c100,edd,1.0,c09_storm_150_a300_c100_0004,104.2376,104.2376
9,storm,a300_c100,atc,0.5,c09_storm_150_a300_c100_0005,11.8640,11.8640
9,storm,a300_c100,edd,0.5,c09_storm_150_a300_c100_0005,11.8640,11.8640
9,storm,a300_c100,atc,1.0,c09_storm_150_a300_c100_0005,11.8640,11.8640
9,storm,a300_c100,edd,1.0,c09_storm_150_a300_c100_0005,11.8640,11.8640
9,storm,a300_c100,atc,0.5,c09_storm_150_a300_c100_0006,12.0028,12.0028
9,storm,a300_c100,edd,0.5,c09_storm_150_a300_c100_0006,12.0028,12.0028
9,storm,a300_c100,atc,1.0,c09_storm_150_a300_c100_0006,14.1004,14.1004
9,storm,a300_c100,edd,1.0,c09_storm_150_a300_c100_0006,14.1004,14.1004
9,storm,a300_c100,atc,0.5,c09_storm_150_a300_c100_0007,0.0000,0.0000
9,storm,a300_c100,edd,0.5,c09_storm_150_a300_c100_0007,0.0000,0.0000
9,storm,a300_c100,atc,1.0,c09_storm_150_a300_c100_0007,0.0000,0.0000
9,storm,a300_c100,edd,1.0,c09_storm_150_a300_c100_0007,0.0000,0.0000
9,storm,a300_c100,atc,0.5,c09_storm_150_a300_c100_0008,43.8624,43.8624
9,storm,a300_c100,edd,0.5,c09_storm_150_a300_c100_0008,43.8624,43.8624
9,storm,a300_c100,atc,1.0,c09_storm_150_a300_c100_0008,51.6196,51.6196
9,storm,a300_c100,edd,1.0,c09_storm_150_a300_c100_0008,51.6196,51.6196
9,storm,a300_c100,atc,0.5,c09_storm_150_a300_c100_0009,25.5324,25.5324
9,storm,a300_c100,edd,0.5,c09_storm_150_a300_c100_0009,25.5324,25.5324
9,storm,a300_c100,atc,1.0,c09_storm_150_a300_c100_0009,0.0000,0.0000
9,storm,a300_c100,edd,1.0,c09_storm_150_a300_c100_0009,0.0000,0.0000
9,storm,a300_c100,atc,0.5,c09_storm_150_a300_c100_0010,7.3052,7.3052
9,storm,a300_c100,edd,0.5,c09_storm_150_a300_c100_0010,7.3052,7.3052
9,storm,a300_c100,atc,1.0,c09_storm_150_a300_c100_0010,0.4780,0.4780
9,storm,a300_c100,edd,1.0,c09_storm_150_a300_c100_0010,0.4780,0.4780
9,storm,a300_c100,atc,0.5,c09_storm_150_a300_c100_0011,33.1016,33.1016
9,storm,a300_c100,edd,0.5,c09_storm_150_a300_c100_0011,33.1016,33.1016
9,storm,a300_c100,atc,1.0,c09_storm_150_a300_c100_0011,73.9600,73.9600
9,storm,a300_c100,edd,1.0,c09_storm_150_a300_c100_0011,73.9600,73.9600
9,storm,a300_c100,atc,0.5,c09_storm_150_a300_c100_0012,0.0000,0.0000
9,storm,a300_c100,edd,0.5,c09_storm_150_a300_c100_0012,0.0000,0.0000
9,storm,a300_c100,atc,1.0,c09_storm_150_a300_c100_0012,0.0000,0.0000
9,storm,a300_c100,edd,1.0,c09_storm_150_a300_c100_0012,0.0000,0.0000
9,storm,a300_c100,atc,0.5,c09_storm_150_a300_c100_0013,0.0000,0.0000
9,storm,a300_c100,edd,0.5,c09_storm_150_a300_c100_0013,0.0000,0.0000
9,storm,a300_c100,atc,1.0,c09_storm_150_a300_c100_0013,65.9220,65.9220
9,storm,a300_c100,edd,1.0,c09_storm_150_a300_c100_0013,65.9220,65.9220
9,storm,a300_c100,atc,0.5,c09_storm_150_a300_c100_0014,23.3140,23.3140
9,storm,a300_c100,edd,0.5,c09_storm_150_a300_c100_0014,23.3140,23.3140
9,storm,a300_c100,atc,1.0,c09_storm_150_a300_c100_0014,23.3140,23.3140
9,storm,a300_c100,edd,1.0,c09_storm_150_a300_c100_0014,23.3140,23.3140
9,storm,a300_c100,atc,0.5,c09_storm_150_a300_c100_0015,111.0000,111.0000
9,storm,a300_c100,edd,0.5,c09_storm_150_a300_c100_0015,111.0000,111.0000
9,storm,a300_c100,atc,1.0,c09_storm_150_a300_c100_0015,218.2332,218.2332
9,storm,a300_c100,edd,1.0,c09_storm_150_a300_c100_0015,218.2332,218.2332
9,storm,a300_c100,atc,0.5,c09_storm_150_a300_c100_0016,0.0000,0.0000
9,storm,a300_c100,edd,0.5,c09_storm_150_a300_c100_0016,0.0000,0.0000
9,storm,a300_c100,atc,1.0,c09_storm_150_a300_c100_0016,0.0000,0.0000
9,storm,a300_c100,edd,1.0,c09_storm_150_a300_c100_0016,0.0000,0.0000
9,storm,a300_c100,atc,0.5,c09_storm_150_a300_c100_0017,0.0912,0.0912
9,storm,a300_c100,edd,0.5,c09_storm_150_a300_c100_0017,0.0912,0.0912
9,storm,a300_c100,atc,1.0,c09_storm_150_a300_c100_0017,0.0000,0.0000
9,storm,a300_c100,edd,1.0,c09_storm_150_a300_c100_0017,0.0000,0.0000
9,storm,a300_c100,atc,0.5,c09_storm_150_a300_c100_0018,46.4128,46.4128
9,storm,a300_c100,edd,0.5,c09_storm_150_a300_c100_0018,46.4128,46.4128
9,storm,a300_c100,atc,1.0,c09_storm_150_a300_c100_0018,46.4128,46.4128
9,storm,a300_c100,edd,1.0,c09_storm_150_a300_c100_0018,46.4128,46.4128
9,storm,a300_c100,atc,0.5,c09_storm_150_a300_c100_0019,43.6760,43.6760
9,storm,a300_c100,edd,0.5,c09_storm_150_a300_c100_0019,43.6760,43.6760
9,storm,a300_c100,atc,1.0,c09_storm_150_a300_c100_0019,0.0000,0.0000
9,storm,a300_c100,edd,1.0,c09_storm_150_a300_c100_0019,0.0000,0.0000
9,storm,a300_c100,atc,0.5,c09_storm_150_a300_c100_0020,70.6384,70.6384
9,storm,a300_c100,edd,0.5,c09_storm_150_a300_c100_0020,70.6384,70.6384
9,storm,a300_c100,atc,1.0,c09_storm_150_a300_c100_0020,70.6384,70.6384
9,storm,a300_c100,edd,1.0,c09_storm_150_a300_c100_0020,70.6384,70.6384
9,storm,a300_c100,atc,0.5,c09_storm_150_a300_c100_0021,0.0000,0.0000
9,storm,a300_c100,edd,0.5,c09_storm_150_a300_c100_0021,0.0000,0.0000
9,storm,a300_c100,atc,1.0,c09_storm_150_a300_c100_0021,0.0000,0.0000
9,storm,a300_c100,edd,1.0,c09_storm_150_a300_c100_0021,0.0000,0.0000
9,storm,a300_c100,atc,0.5,c09_storm_150_a300_c100_0022,41.2512,41.2512
9,storm,a300_c100,edd,0.5,c09_storm_150_a300_c100_0022,41.2512,41.2512
9,storm,a300_c100,atc,1.0,c09_storm_150_a300_c100_0022,0.0000,0.0000
9,storm,a300_c100,edd,1.0,c09_storm_150_a300_c100_0022,0.0000,0.0000
9,storm,a300_c100,atc,0.5,c09_storm_150_a300_c100_0023,21.6784,21.6784
9,storm,a300_c100,edd,0.5,c09_storm_150_a300_c100_0023,21.6784,21.6784
9,storm,a300_c100,atc,1.0,c09_storm_150_a300_c100_0023,158.5112,158.5112
9,storm,a300_c100,edd,1.0,c09_storm_150_a300_c100_0023,158.5112,158.5112
9,storm,a300_c100,atc,0.5,c09_storm_150_a300_c100_0024,0.0000,0.0000
9,storm,a300_c100,edd,0.5,c09_storm_150_a300_c100_0024,0.0000,0.0000
9,storm,a300_c100,atc,1.0,c09_storm_150_a300_c100_0024,0.0000,0.0000
9,storm,a300_c100,edd,1.0,c09_storm_150_a300_c100_0024,0.0000,0.0000
9,storm,a300_c100,atc,0.5,c09_storm_150_a300_c100_0025,104.4840,104.4840
9,storm,a300_c100,edd,0.5,c09_storm_150_a300_c100_0025,104.4840,104.4840
9,storm,a300_c100,atc,1.0,c09_storm_150_a300_c100_0025,104.4840,104.4840
9,storm,a300_c100,edd,1.0,c09_storm_150_a300_c100_0025,104.4840,104.4840
9,storm,a300_c100,atc,0.5,c09_storm_150_a300_c100_0026,362.8420,362.8420
9,storm,a300_c100,edd,0.5,c09_storm_150_a300_c100_0026,362.8420,362.8420
9,storm,a300_c100,atc,1.0,c09_storm_150_a300_c100_0026,362.8420,362.8420
9,storm,a300_c100,edd,1.0,c09_storm_150_a300_c100_0026,362.8420,362.8420
9,storm,a300_c100,atc,0.5,c09_storm_150_a300_c100_0027,27.8484,27.8484
9,storm,a300_c100,edd,0.5,c09_storm_150_a300_c100_0027,27.8484,27.8484
9,storm,a300_c100,atc,1.0,c09_storm_150_a300_c100_0027,14.8124,14.8124
9,storm,a300_c100,edd,1.0,c09_storm_150_a300_c100_0027,14.8124,14.8124
9,storm,a300_c100,atc,0.5,c09_storm_150_a300_c100_0028,69.4728,69.4728
9,storm,a300_c100,edd,0.5,c09_storm_150_a300_c100_0028,69.4728,69.4728
9,storm,a300_c100,atc,1.0,c09_storm_150_a300_c100_0028,69.4728,69.4728
9,storm,a300_c100,edd,1.0,c09_storm_150_a300_c100_0028,69.4728,69.4728
9,storm,a300_c100,atc,0.5,c09_storm_150_a300_c100_0029,142.0132,142.0132
9,storm,a300_c100,edd,0.5,c09_storm_150_a300_c100_0029,142.0132,142.0132
9,storm,a300_c100,atc,1.0,c09_storm_150_a300_c100_0029,142.0132,142.0132
9,storm,a300_c100,edd,1.0,c09_storm_150_a300_c100_0029,142.0132,142.0132
9,storm,a300_c80,atc,0.5,c09_storm_150_a300_c80_0000,0.0000,0.0000
9,storm,a300_c80,edd,0.5,c09_storm_150_a300_c80_0000,0.0000,0.0000
9,storm,a300_c80,atc,1.0,c09_storm_150_a300_c80_0000,0.0000,0.0000
9,storm,a300_c80,edd,1.0,c09_storm_150_a300_c80_0000,0.0000,0.0000
9,storm,a300_c80,atc,0.5,c09_storm_150_a300_c80_0001,317.1172,317.1172
9,storm,a300_c80,edd,0.5,c09_storm_150_a300_c80_0001,317.1172,317.1172
9,storm,a300_c80,atc,1.0,c09_storm_150_a300_c80_0001,308.4310,308.4310
9,storm,a300_c80,edd,1.0,c09_storm_150_a300_c80_0001,308.4310,308.4310
9,storm,a300_c80,atc,0.5,c09_storm_150_a300_c80_0002,301.8504,301.8504
9,storm,a300_c80,edd,0.5,c09_storm_150_a300_c80_0002,301.8504,301.8504
9,storm,a300_c80,atc,1.0,c09_storm_150_a300_c80_0002,301.8504,301.8504
9,storm,a300_c80,edd,1.0,c09_storm_150_a300_c80_0002,301.8504,301.8504
9,storm,a300_c80,atc,0.5,c09_storm_150_a300_c80_0003,68.3152,68.3152
9,storm,a300_c80,edd,0.5,c09_storm_150_a300_c80_0003,68.3152,68.3152
9,storm,a300_c80,atc,1.0,c09_storm_150_a300_c80_0003,68.3152,68.3152
9,storm,a300_c80,edd,1.0,c09_storm_150_a300_c80_0003,68.3152,68.3152
9,storm,a300_c80,atc,0.5,c09_storm_150_a300_c80_0004,17.0888,17.0888
9,storm,a300_c80,edd,0.5,c09_storm_150_a300_c80_0004,17.0888,17.0888
9,storm,a300_c80,atc,1.0,c09_storm_150_a300_c80_0004,17.0888,17.0888
9,storm,a300_c80,edd,1.0,c09_storm_150_a300_c80_0004,17.0888,17.0888
9,storm,a300_c80,atc,0.5,c09_storm_150_a300_c80_0005,0.0000,0.0000
9,storm,a300_c80,edd,0.5,c09_storm_150_a300_c80_0005,0.0000,0.0000
9,storm,a300_c80,atc,1.0,c09_storm_150_a300_c80_0005,0.0000,0.0000
9,storm,a300_c80,edd,1.0,c09_storm_150_a300_c80_0005,0.0000,0.0000
9,storm,a300_c80,atc,0.5,c09_storm_150_a300_c80_0006,0.0000,0.0000
9,storm,a300_c80,edd,0.5,c09_storm_150_a300_c80_0006,0.0000,0.0000
9,storm,a300_c80,atc,1.0,c09_storm_150_a300_c80_0006,0.0000,0.0000
9,storm,a300_c80,edd,1.0,c09_storm_150_a300_c80_0006,0.0000,0.0000
9,storm,a300_c80,atc,0.5,c09_storm_150_a300_c80_0007,125.1108,125.1108
9,storm,a300_c80,edd,0.5,c09_storm_150_a300_c80_0007,125.1108,125.1108
9,storm,a300_c80,atc,1.0,c09_storm_150_a300_c80_0007,109.0784,109.0784
9,storm,a300_c80,edd,1.0,c09_storm_150_a300_c80_0007,109.0784,109.0784
9,storm,a300_c80,atc,0.5,c09_storm_150_a300_c80_0008,267.8152,267.8152
9,storm,a300_c80,edd,0.5,c09_storm_150_a300_c80_0008,267.8152,267.8152
9,storm,a300_c80,atc,1.0,c09_storm_150_a300_c80_0008,307.5008,307.5008
9,storm,a300_c80,edd,1.0,c09_storm_150_a300_c80_0008,307.5008,307.5008
9,storm,a300_c80,atc,0.5,c09_storm_150_a300_c80_0009,3.8994,3.8994
9,storm,a300_c80,edd,0.5,c09_storm_150_a300_c80_0009,3.8994,3.8994
9,storm,a300_c80,atc,1.0,c09_storm_150_a300_c80_0009,3.8994,3.8994
9,storm,a300_c80,edd,1.0,c09_storm_150_a300_c80_0009,3.8994,3.8994
9,storm,a300_c80,atc,0.5,c09_storm_150_a300_c80_0010,113.6440,113.6440
9,storm,a300_c80,edd,0.5,c09_storm_150_a300_c80_0010,113.6440,113.6440
9,storm,a300_c80,atc,1.0,c09_storm_150_a300_c80_0010,16.7496,16.7496
9,storm,a300_c80,edd,1.0,c09_storm_150_a300_c80_0010,16.7496,16.7496
9,storm,a300_c80,atc,0.5,c09_storm_150_a300_c80_0011,67.9852,67.9852
9,storm,a300_c80,edd,0.5,c09_storm_150_a300_c80_0011,67.9852,67.9852
9,storm,a300_c80,atc,1.0,c09_storm_150_a300_c80_0011,67.9852,67.9852
9,storm,a300_c80,edd,1.0,c09_storm_150_a300_c80_0011,67.9852,67.9852
9,storm,a300_c80,atc,0.5,c09_storm_150_a300_c80_0012,70.8592,70.8592
9,storm,a300_c80,edd,0.5,c09_storm_150_a300_c80_0012,70.8592,70.8592
9,storm,a300_c80,atc,1.0,c09_storm_150_a300_c80_0012,70.8592,70.8592
9,storm,a300_c80,edd,1.0,c09_storm_150_a300_c80_0012,70.8592,70.8592
9,storm,a300_c80,atc,0.5,c09_storm_150_a300_c80_0013,34.2968,34.2968
9,storm,a300_c80,edd,0.5,c09_storm_150_a300_c80_0013,34.2968,34.2968
9,storm,a300_c80,atc,1.0,c09_storm_150_a300_c80_0013,0.0000,0.0000
9,storm,a300_c80,edd,1.0,c09_storm_150_a300_c80_0013,0.0000,0.0000
9,storm,a300_c80,atc,0.5,c09_storm_150_a300_c80_0014,0.0000,0.0000
9,storm,a300_c80,edd,0.5,c09_storm_150_a300_c80_0014,0.0000,0.0000
9,storm,a300_c80,atc,1.0,c09_storm_150_a300_c80_0014,0.0000,0.0000
9,storm,a300_c80,edd,1.0,c09_storm_150_a300_c80_0014,0.0000,0.0000
9,storm,a300_c80,atc,0.5,c09_storm_150_a300_c80_0015,0.0000,0.0000
9,storm,a300_c80,edd,0.5,c09_storm_150_a300_c80_0015,0.0000,0.0000
9,storm,a300_c80,atc,1.0,c09_storm_150_a300_c80_0015,0.0000,0.0000
9,storm,a300_c80,edd,1.0,c09_storm_150_a300_c80_0015,0.0000,0.0000
9,storm,a300_c80,atc,0.5,c09_storm_150_a300_c80_0016,172.9352,172.9352
9,storm,a300_c80,edd,0.5,c09_storm_150_a300_c80_0016,172.9352,172.9352
9,storm,a300_c80,atc,1.0,c09_storm_150_a300_c80_0016,236.9352,236.9352
9,storm,a300_c80,edd,1.0,c09_storm_150_a300_c80_0016,236.9352,236.9352
9,storm,a300_c80,atc,0.5,c09_storm_150_a300_c80_0017,38.7248,38.7248
9,storm,a300_c80,edd,0.5,c09_storm_150_a300_c80_0017,38.7248,38.7248
9,storm,a300_c80,atc,1.0,c09_storm_150_a300_c80_0017,61.2316,61.2316
9,storm,a300_c80,edd,1.0,c09_storm_150_a300_c80_0017,61.2316,61.2316
9,storm,a300_c80,atc,0.5,c09_storm_150_a300_c80_0018,168.5684,168.5684
9,storm,a300_c80,edd,0.5,c09_storm_150_a300_c80_0018,168.5684,168.5684
9,storm,a300_c80,atc,1.0,c09_storm_150_a300_c80_0018,168.5684,168.5684
9,storm,a300_c80,edd,1.0,c09_storm_150_a300_c80_0018,168.5684,168.5684
9,storm,a300_c80,atc,0.5,c09_storm_150_a300_c80_0019,37.9768,37.9768
9,storm,a300_c80,edd,0.5,c09_storm_150_a300_c80_0019,37.9768,37.9768
9,storm,a300_c80,atc,1.0,c09_storm_150_a300_c80_0019,0.0000,0.0000
9,storm,a300_c80,edd,1.0,c09_storm_150_a300_c80_0019,0.0000,0.0000
9,storm,a300_c80,atc,0.5,c09_storm_150_a300_c80_0020,0.0000,0.0000
9,storm,a300_c80,edd,0.5,c09_storm_150_a300_c80_0020,0.0000,0.0000
9,storm,a300_c80,atc,1.0,c09_storm_150_a300_c80_0020,0.0000,0.0000
9,storm,a300_c80,edd,1.0,c09_storm_150_a300_c80_0020,0.0000,0.0000
9,storm,a300_c80,atc,0.5,c09_storm_150_a300_c80_0021,0.0000,0.0000
9,storm,a300_c80,edd,0.5,c09_storm_150_a300_c80_0021,0.0000,0.0000
9,storm,a300_c80,atc,1.0,c09_storm_150_a300_c80_0021,0.0000,0.0000
9,storm,a300_c80,edd,1.0,c09_storm_150_a300_c80_0021,0.0000,0.0000
9,storm,a300_c80,atc,0.5,c09_storm_150_a300_c80_0022,200.6277,200.6277
9,storm,a300_c80,edd,0.5,c09_storm_150_a300_c80_0022,200.6277,200.6277
9,storm,a300_c80,atc,1.0,c09_storm_150_a300_c80_0022,199.8452,199.8452
9,storm,a300_c80,edd,1.0,c09_storm_150_a300_c80_0022,199.8452,199.8452
9,storm,a300_c80,atc,0.5,c09_storm_150_a300_c80_0023,34.2468,34.2468
9,storm,a300_c80,edd,0.5,c09_storm_150_a300_c80_0023,34.2468,34.2468
9,storm,a300_c80,atc,1.0,c09_storm_150_a300_c80_0023,38.8672,38.8672
9,storm,a300_c80,edd,1.0,c09_storm_150_a300_c80_0023,38.8672,38.8672
9,storm,a300_c80,atc,0.5,c09_storm_150_a300_c80_0024,0.2625,0.2625
9,storm,a300_c80,edd,0.5,c09_storm_150_a300_c80_0024,0.2625,0.2625
9,storm,a300_c80,atc,1.0,c09_storm_150_a300_c80_0024,0.2625,0.2625
9,storm,a300_c80,edd,1.0,c09_storm_150_a300_c80_0024,0.2625,0.2625
9,storm,a300_c80,atc,0.5,c09_storm_150_a300_c80_0025,14.6625,14.6625
9,storm,a300_c80,edd,0.5,c09_storm_150_a300_c80_0025,14.6625,14.6625
9,storm,a300_c80,atc,1.0,c09_storm_150_a300_c80_0025,0.0000,0.0000
9,storm,a300_c80,edd,1.0,c09_storm_150_a300_c80_0025,0.0000,0.0000
9,storm,a300_c80,atc,0.5,c09_storm_150_a300_c80_0026,13.7140,13.7140
9,storm,a300_c80,edd,0.5,c09_storm_150_a300_c80_0026,13.7140,13.7140
9,storm,a300_c80,atc,1.0,c09_storm_150_a300_c80_0026,55.5000,55.5000
9,storm,a300_c80,edd,1.0,c09_storm_150_a300_c80_0026,55.5000,55.5000
9,storm,a300_c80,atc,0.5,c09_storm_150_a300_c80_0027,170.0336,170.0336
9,storm,a300_c80,edd,0.5,c09_storm_150_a300_c80_0027,170.0336,170.0336
9,storm,a300_c80,atc,1.0,c09_storm_150_a300_c80_0027,234.0336,234.0336
9,storm,a300_c80,edd,1.0,c09_storm_150_a300_c80_0027,234.0336,234.0336
9,storm,a300_c80,atc,0.5,c09_storm_150_a300_c80_0028,185.1292,185.1292
9,storm,a300_c80,edd,0.5,c09_storm_150_a300_c80_0028,185.1292,185.1292
9,storm,a300_c80,atc,1.0,c09_storm_150_a300_c80_0028,185.1292,185.1292
9,storm,a300_c80,edd,1.0,c09_storm_150_a300_c80_0028,185.1292,185.1292
9,storm,a300_c80,atc,0.5,c09_storm_150_a300_c80_0029,105.0996,105.0996
9,storm,a300_c80,edd,0.5,c09_storm_150_a300_c80_0029,105.0996,105.0996
9,storm,a300_c80,atc,1.0,c09_storm_150_a300_c80_0029,105.0996,105.0996
9,storm,a300_c80,edd,1.0,c09_storm_150_a300_c80_0029,105.0996,105.0996
9,pmmix,p20_c60,atc,0.5,c09_pmmix_150_p20_c60_0000,367.5904,367.5904
9,pmmix,p20_c60,edd,0.5,c09_pmmix_150_p20_c60_0000,367.5904,367.5904
9,pmmix,p20_c60,atc,1.0,c09_pmmix_150_p20_c60_0000,340.3248,340.3248
9,pmmix,p20_c60,edd,1.0,c09_pmmix_150_p20_c60_0000,340.3248,340.3248
9,pmmix,p20_c60,atc,0.5,c09_pmmix_150_p20_c60_0001,114.9116,114.9116
9,pmmix,p20_c60,edd,0.5,c09_pmmix_150_p20_c60_0001,114.9116,114.9116
9,pmmix,p20_c60,atc,1.0,c09_pmmix_150_p20_c60_0001,142.1698,142.1698
9,pmmix,p20_c60,edd,1.0,c09_pmmix_150_p20_c60_0001,142.1698,142.1698
9,pmmix,p20_c60,atc,0.5,c09_pmmix_150_p20_c60_0002,18.5984,18.5984
9,pmmix,p20_c60,edd,0.5,c09_pmmix_150_p20_c60_0002,18.5984,18.5984
9,pmmix,p20_c60,atc,1.0,c09_pmmix_150_p20_c60_0002,44.6252,44.6252
9,pmmix,p20_c60,edd,1.0,c09_pmmix_150_p20_c60_0002,44.6252,44.6252
9,pmmix,p20_c60,atc,0.5,c09_pmmix_150_p20_c60_0003,284.4956,284.4956
9,pmmix,p20_c60,edd,0.5,c09_pmmix_150_p20_c60_0003,284.4956,284.4956
9,pmmix,p20_c60,atc,1.0,c09_pmmix_150_p20_c60_0003,154.5884,154.5884
9,pmmix,p20_c60,edd,1.0,c09_pmmix_150_p20_c60_0003,154.5884,154.5884
9,pmmix,p20_c60,atc,0.5,c09_pmmix_150_p20_c60_0004,81.2484,81.2484
9,pmmix,p20_c60,edd,0.5,c09_pmmix_150_p20_c60_0004,81.2484,81.2484
9,pmmix,p20_c60,atc,1.0,c09_pmmix_150_p20_c60_0004,55.0924,55.0924
9,pmmix,p20_c60,edd,1.0,c09_pmmix_150_p20_c60_0004,55.0924,55.0924
9,pmmix,p20_c60,atc,0.5,c09_pmmix_150_p20_c60_0005,171.2116,171.2116
9,pmmix,p20_c60,edd,0.5,c09_pmmix_150_p20_c60_0005,171.2116,171.2116
9,pmmix,p20_c60,atc,1.0,c09_pmmix_150_p20_c60_0005,178.0792,178.0792
9,pmmix,p20_c60,edd,1.0,c09_pmmix_150_p20_c60_0005,178.0792,178.0792
9,pmmix,p20_c60,atc,0.5,c09_pmmix_150_p20_c60_0006,32.4592,32.4592
9,pmmix,p20_c60,edd,0.5,c09_pmmix_150_p20_c60_0006,32.4592,32.4592
9,pmmix,p20_c60,atc,1.0,c09_pmmix_150_p20_c60_0006,74.9136,74.9136
9,pmmix,p20_c60,edd,1.0,c09_pmmix_150_p20_c60_0006,74.9136,74.9136
9,pmmix,p20_c60,atc,0.5,c09_pmmix_150_p20_c60_0007,219.0476,219.0476
9,pmmix,p20_c60,edd,0.5,c09_pmmix_150_p20_c60_0007,219.0476,219.0476
9,pmmix,p20_c60,atc,1.0,c09_pmmix_150_p20_c60_0007,91.0476,91.0476
9,pmmix,p20_c60,edd,1.0,c09_pmmix_150_p20_c60_0007,91.0476,91.0476
9,pmmix,p20_c60,atc,0.5,c09_pmmix_150_p20_c60_0008,183.4474,183.4474
9,pmmix,p20_c60,edd,0.5,c09_pmmix_150_p20_c60_0008,183.4474,183.4474
9,pmmix,p20_c60,atc,1.0,c09_pmmix_150_p20_c60_0008,229.3898,229.3898
9,pmmix,p20_c60,edd,1.0,c09_pmmix_150_p20_c60_0008,229.3898,229.3898
9,pmmix,p20_c60,atc,0.5,c09_pmmix_150_p20_c60_0009,11.5736,11.5736
9,pmmix,p20_c60,edd,0.5,c09_pmmix_150_p20_c60_0009,11.5736,11.5736
9,pmmix,p20_c60,atc,1.0,c09_pmmix_150_p20_c60_0009,185.6920,185.6920
9,pmmix,p20_c60,edd,1.0,c09_pmmix_150_p20_c60_0009,185.6920,185.6920
9,pmmix,p20_c60,atc,0.5,c09_pmmix_150_p20_c60_0010,208.7788,208.7788
9,pmmix,p20_c60,edd,0.5,c09_pmmix_150_p20_c60_0010,208.7788,208.7788
9,pmmix,p20_c60,atc,1.0,c09_pmmix_150_p20_c60_0010,454.4812,454.4812
9,pmmix,p20_c60,edd,1.0,c09_pmmix_150_p20_c60_0010,454.4812,454.4812
9,pmmix,p20_c60,atc,0.5,c09_pmmix_150_p20_c60_0011,87.4348,87.4348
9,pmmix,p20_c60,edd,0.5,c09_pmmix_150_p20_c60_0011,87.4348,87.4348
9,pmmix,p20_c60,atc,1.0,c09_pmmix_150_p20_c60_0011,94.0532,94.0532
9,pmmix,p20_c60,edd,1.0,c09_pmmix_150_p20_c60_0011,94.0532,94.0532
9,pmmix,p20_c60,atc,0.5,c09_pmmix_150_p20_c60_0012,0.0532,0.0532
9,pmmix,p20_c60,edd,0.5,c09_pmmix_150_p20_c60_0012,0.0532,0.0532
9,pmmix,p20_c60,atc,1.0,c09_pmmix_150_p20_c60_0012,1.9040,1.9040
9,pmmix,p20_c60,edd,1.0,c09_pmmix_150_p20_c60_0012,1.9040,1.9040
9,pmmix,p20_c60,atc,0.5,c09_pmmix_150_p20_c60_0013,366.2290,366.2290
9,pmmix,p20_c60,edd,0.5,c09_pmmix_150_p20_c60_0013,366.2290,366.2290
9,pmmix,p20_c60,atc,1.0,c09_pmmix_150_p20_c60_0013,502.7742,502.7742
9,pmmix,p20_c60,edd,1.0,c09_pmmix_150_p20_c60_0013,502.7742,502.7742
9,pmmix,p20_c60,atc,0.5,c09_pmmix_150_p20_c60_0014,287.4096,287.4096
9,pmmix,p20_c60,edd,0.5,c09_pmmix_150_p20_c60_0014,287.4096,287.4096
9,pmmix,p20_c60,atc,1.0,c09_pmmix_150_p20_c60_0014,287.4096,287.4096
9,pmmix,p20_c60,edd,1.0,c09_pmmix_150_p20_c60_0014,287.4096,287.4096
9,pmmix,p20_c60,atc,0.5,c09_pmmix_150_p20_c60_0015,169.3918,169.3918
9,pmmix,p20_c60,edd,0.5,c09_pmmix_150_p20_c60_0015,169.3918,169.3918
9,pmmix,p20_c60,atc,1.0,c09_pmmix_150_p20_c60_0015,174.6014,174.6014
9,pmmix,p20_c60,edd,1.0,c09_pmmix_150_p20_c60_0015,174.6014,174.6014
9,pmmix,p20_c60,atc,0.5,c09_pmmix_150_p20_c60_0016,94.6804,94.6804
9,pmmix,p20_c60,edd,0.5,c09_pmmix_150_p20_c60_0016,94.6804,94.6804
9,pmmix,p20_c60,atc,1.0,c09_pmmix_150_p20_c60_0016,110.7168,110.7168
9,pmmix,p20_c60,edd,1.0,c09_pmmix_150_p20_c60_0016,110.7168,110.7168
9,pmmix,p20_c60,atc,0.5,c09_pmmix_150_p20_c60_0017,182.3480,182.3480
9,pmmix,p20_c60,edd,0.5,c09_pmmix_150_p20_c60_0017,182.3480,182.3480
9,pmmix,p20_c60,atc,1.0,c09_pmmix_150_p20_c60_0017,122.7586,122.7586
9,pmmix,p20_c60,edd,1.0,c09_pmmix_150_p20_c60_0017,122.7586,122.7586
9,pmmix,p20_c60,atc,0.5,c09_pmmix_150_p20_c60_0018,87.8588,87.8588
9,pmmix,p20_c60,edd,0.5,c09_pmmix_150_p20_c60_0018,87.8588,87.8588
9,pmmix,p20_c60,atc,1.0,c09_pmmix_150_p20_c60_0018,51.5456,51.5456
9,pmmix,p20_c60,edd,1.0,c09_pmmix_150_p20_c60_0018,51.5456,51.5456
9,pmmix,p20_c60,atc,0.5,c09_pmmix_150_p20_c60_0019,123.3584,123.3584
9,pmmix,p20_c60,edd,0.5,c09_pmmix_150_p20_c60_0019,123.3584,123.3584
9,pmmix,p20_c60,atc,1.0,c09_pmmix_150_p20_c60_0019,47.3240,47.3240
9,pmmix,p20_c60,edd,1.0,c09_pmmix_150_p20_c60_0019,47.3240,47.3240
9,pmmix,p20_c60,atc,0.5,c09_pmmix_150_p20_c60_0020,198.1908,198.1908
9,pmmix,p20_c60,edd,0.5,c09_pmmix_150_p20_c60_0020,198.1908,198.1908
9,pmmix,p20_c60,atc,1.0,c09_pmmix_150_p20_c60_0020,156.6754,156.6754
9,pmmix,p20_c60,edd,1.0,c09_pmmix_150_p20_c60_0020,156.6754,156.6754
9,pmmix,p20_c60,atc,0.5,c09_pmmix_150_p20_c60_0021,79.1752,79.1752
9,pmmix,p20_c60,edd,0.5,c09_pmmix_150_p20_c60_0021,79.1752,79.1752
9,pmmix,p20_c60,atc,1.0,c09_pmmix_150_p20_c60_0021,54.5828,54.5828
9,pmmix,p20_c60,edd,1.0,c09_pmmix_150_p20_c60_0021,54.5828,54.5828
9,pmmix,p20_c60,atc,0.5,c09_pmmix_150_p20_c60_0022,41.2512,41.2512
9,pmmix,p20_c60,edd,0.5,c09_pmmix_150_p20_c60_0022,41.2512,41.2512
9,pmmix,p20_c60,atc,1.0,c09_pmmix_150_p20_c60_0022,41.2512,41.2512
9,pmmix,p20_c60,edd,1.0,c09_pmmix_150_p20_c60_0022,41.2512,41.2512
9,pmmix,p20_c60,atc,0.5,c09_pmmix_150_p20_c60_0023,267.0768,267.0768
9,pmmix,p20_c60,edd,0.5,c09_pmmix_150_p20_c60_0023,267.0768,267.0768
9,pmmix,p20_c60,atc,1.0,c09_pmmix_150_p20_c60_0023,436.0176,436.0176
9,pmmix,p20_c60,edd,1.0,c09_pmmix_150_p20_c60_0023,436.0176,436.0176
9,pmmix,p20_c60,atc,0.5,c09_pmmix_150_p20_c60_0024,12.1356,12.1356
9,pmmix,p20_c60,edd,0.5,c09_pmmix_150_p20_c60_0024,12.1356,12.1356
9,pmmix,p20_c60,atc,1.0,c09_pmmix_150_p20_c60_0024,36.9746,36.9746
9,pmmix,p20_c60,edd,1.0,c09_pmmix_150_p20_c60_0024,36.9746,36.9746
9,pmmix,p20_c60,atc,0.5,c09_pmmix_150_p20_c60_0025,46.1352,46.1352
9,pmmix,p20_c60,edd,0.5,c09_pmmix_150_p20_c60_0025,46.1352,46.1352
9,pmmix,p20_c60,atc,1.0,c09_pmmix_150_p20_c60_0025,0.8556,0.8556
9,pmmix,p20_c60,edd,1.0,c09_pmmix_150_p20_c60_0025,0.8556,0.8556
9,pmmix,p20_c60,atc,0.5,c09_pmmix_150_p20_c60_0026,212.5112,212.5112
9,pmmix,p20_c60,edd,0.5,c09_pmmix_150_p20_c60_0026,212.5112,212.5112
9,pmmix,p20_c60,atc,1.0,c09_pmmix_150_p20_c60_0026,149.8656,149.8656
9,pmmix,p20_c60,edd,1.0,c09_pmmix_150_p20_c60_0026,149.8656,149.8656
9,pmmix,p20_c60,atc,0.5,c09_pmmix_150_p20_c60_0027,410.9012,410.9012
9,pmmix,p20_c60,edd,0.5,c09_pmmix_150_p20_c60_0027,410.9012,410.9012
9,pmmix,p20_c60,atc,1.0,c09_pmmix_150_p20_c60_0027,414.8298,414.8298
9,pmmix,p20_c60,edd,1.0,c09_pmmix_150_p20_c60_0027,414.8298,414.8298
9,pmmix,p20_c60,atc,0.5,c09_pmmix_150_p20_c60_0028,282.0388,282.0388
9,pmmix,p20_c60,edd,0.5,c09_pmmix_150_p20_c60_0028,282.0388,282.0388
9,pmmix,p20_c60,atc,1.0,c09_pmmix_150_p20_c60_0028,266.6852,266.6852
9,pmmix,p20_c60,edd,1.0,c09_pmmix_150_p20_c60_0028,266.6852,266.6852
9,pmmix,p20_c60,atc,0.5,c09_pmmix_150_p20_c60_0029,326.4240,326.4240
9,pmmix,p20_c60,edd,0.5,c09_pmmix_150_p20_c60_0029,326.4240,326.4240
9,pmmix,p20_c60,atc,1.0,c09_pmmix_150_p20_c60_0029,185.1288,185.1288
9,pmmix,p20_c60,edd,1.0,c09_pmmix_150_p20_c60_0029,185.1288,185.1288
9,pmmix,p50_c60,atc,0.5,c09_pmmix_150_p50_c60_0000,54.6496,54.6496
9,pmmix,p50_c60,edd,0.5,c09_pmmix_150_p50_c60_0000,54.6496,54.6496
9,pmmix,p50_c60,atc,1.0,c09_pmmix_150_p50_c60_0000,28.6356,28.6356
9,pmmix,p50_c60,edd,1.0,c09_pmmix_150_p50_c60_0000,28.6356,28.6356
9,pmmix,p50_c60,atc,0.5,c09_pmmix_150_p50_c60_0001,409.3656,409.3656
9,pmmix,p50_c60,edd,0.5,c09_pmmix_150_p50_c60_0001,409.3656,409.3656
9,pmmix,p50_c60,atc,1.0,c09_pmmix_150_p50_c60_0001,366.5636,366.5636
9,pmmix,p50_c60,edd,1.0,c09_pmmix_150_p50_c60_0001,366.5636,366.5636
9,pmmix,p50_c60,atc,0.5,c09_pmmix_150_p50_c60_0002,65.7848,65.7848
9,pmmix,p50_c60,edd,0.5,c09_pmmix_150_p50_c60_0002,65.7848,65.7848
9,pmmix,p50_c60,atc,1.0,c09_pmmix_150_p50_c60_0002,12.4308,12.4308
9,pmmix,p50_c60,edd,1.0,c09_pmmix_150_p50_c60_0002,12.4308,12.4308
9,pmmix,p50_c60,atc,0.5,c09_pmmix_150_p50_c60_0003,578.7936,578.7936
9,pmmix,p50_c60,edd,0.5,c09_pmmix_150_p50_c60_0003,578.7936,578.7936
9,pmmix,p50_c60,atc,1.0,c09_pmmix_150_p50_c60_0003,446.0480,446.0480
9,pmmix,p50_c60,edd,1.0,c09_pmmix_150_p50_c60_0003,446.0480,446.0480
9,pmmix,p50_c60,atc,0.5,c09_pmmix_150_p50_c60_0004,9.1660,9.1660
9,pmmix,p50_c60,edd,0.5,c09_pmmix_150_p50_c60_0004,9.1660,9.1660
9,pmmix,p50_c60,atc,1.0,c09_pmmix_150_p50_c60_0004,19.5948,19.5948
9,pmmix,p50_c60,edd,1.0,c09_pmmix_150_p50_c60_0004,19.5948,19.5948
9,pmmix,p50_c60,atc,0.5,c09_pmmix_150_p50_c60_0005,162.8760,162.8760
9,pmmix,p50_c60,edd,0.5,c09_pmmix_150_p50_c60_0005,162.8760,162.8760
9,pmmix,p50_c60,atc,1.0,c09_pmmix_150_p50_c60_0005,172.5256,172.5256
9,pmmix,p50_c60,edd,1.0,c09_pmmix_150_p50_c60_0005,172.5256,172.5256
9,pmmix,p50_c60,atc,0.5,c09_pmmix_150_p50_c60_0006,94.2338,94.2338
9,pmmix,p50_c60,edd,0.5,c09_pmmix_150_p50_c60_0006,94.2338,94.2338
9,pmmix,p50_c60,atc,1.0,c09_pmmix_150_p50_c60_0006,62.2338,62.2338
9,pmmix,p50_c60,edd,1.0,c09_pmmix_150_p50_c60_0006,62.2338,62.2338
9,pmmix,p50_c60,atc,0.5,c09_pmmix_150_p50_c60_0007,105.2240,105.2240
9,pmmix,p50_c60,edd,0.5,c09_pmmix_150_p50_c60_0007,105.2240,105.2240
9,pmmix,p50_c60,atc,1.0,c09_pmmix_150_p50_c60_0007,58.3320,58.3320
9,pmmix,p50_c60,edd,1.0,c09_pmmix_150_p50_c60_0007,58.3320,58.3320
9,pmmix,p50_c60,atc,0.5,c09_pmmix_150_p50_c60_0008,143.9496,143.9496
9,pmmix,p50_c60,edd,0.5,c09_pmmix_150_p50_c60_0008,143.9496,143.9496
9,pmmix,p50_c60,atc,1.0,c09_pmmix_150_p50_c60_0008,148.0100,148.0100
9,pmmix,p50_c60,edd,1.0,c09_pmmix_150_p50_c60_0008,148.0100,148.0100
9,pmmix,p50_c60,atc,0.5,c09_pmmix_150_p50_c60_0009,127.7464,127.7464
9,pmmix,p50_c60,edd,0.5,c09_pmmix_150_p50_c60_0009,127.7464,127.7464
9,pmmix,p50_c60,atc,1.0,c09_pmmix_150_p50_c60_0009,147.6996,147.6996
9,pmmix,p50_c60,edd,1.0,c09_pmmix_150_p50_c60_0009,147.6996,147.6996
9,pmmix,p50_c60,atc,0.5,c09_pmmix_150_p50_c60_0010,84.6096,84.6096
9,pmmix,p50_c60,edd,0.5,c09_pmmix_150_p50_c60_0010,84.6096,84.6096
9,pmmix,p50_c60,atc,1.0,c09_pmmix_150_p50_c60_0010,85.0556,85.0556
9,pmmix,p50_c60,edd,1.0,c09_pmmix_150_p50_c60_0010,85.0556,85.0556
9,pmmix,p50_c60,atc,0.5,c09_pmmix_150_p50_c60_0011,207.8416,207.8416
9,pmmix,p50_c60,edd,0.5,c09_pmmix_150_p50_c60_0011,207.8416,207.8416
9,pmmix,p50_c60,atc,1.0,c09_pmmix_150_p50_c60_0011,197.5856,197.5856
9,pmmix,p50_c60,edd,1.0,c09_pmmix_150_p50_c60_0011,197.5856,197.5856
9,pmmix,p50_c60,atc,0.5,c09_pmmix_150_p50_c60_0012,94.2772,94.2772
9,pmmix,p50_c60,edd,0.5,c09_pmmix_150_p50_c60_0012,94.2772,94.2772
9,pmmix,p50_c60,atc,1.0,c09_pmmix_150_p50_c60_0012,101.0164,101.0164
9,pmmix,p50_c60,edd,1.0,c09_pmmix_150_p50_c60_0012,101.0164,101.0164
9,pmmix,p50_c60,atc,0.5,c09_pmmix_150_p50_c60_0013,83.4080,83.4080
9,pmmix,p50_c60,edd,0.5,c09_pmmix_150_p50_c60_0013,83.4080,83.4080
9,pmmix,p50_c60,atc,1.0,c09_pmmix_150_p50_c60_0013,83.4080,83.4080
9,pmmix,p50_c60,edd,1.0,c09_pmmix_150_p50_c60_0013,83.4080,83.4080
9,pmmix,p50_c60,atc,0.5,c09_pmmix_150_p50_c60_0014,0.0000,0.0000
9,pmmix,p50_c60,edd,0.5,c09_pmmix_150_p50_c60_0014,0.0000,0.0000
9,pmmix,p50_c60,atc,1.0,c09_pmmix_150_p50_c60_0014,0.0000,0.0000
9,pmmix,p50_c60,edd,1.0,c09_pmmix_150_p50_c60_0014,0.0000,0.0000
9,pmmix,p50_c60,atc,0.5,c09_pmmix_150_p50_c60_0015,9.1016,9.1016
9,pmmix,p50_c60,edd,0.5,c09_pmmix_150_p50_c60_0015,9.1016,9.1016
9,pmmix,p50_c60,atc,1.0,c09_pmmix_150_p50_c60_0015,0.0000,0.0000
9,pmmix,p50_c60,edd,1.0,c09_pmmix_150_p50_c60_0015,0.0000,0.0000
9,pmmix,p50_c60,atc,0.5,c09_pmmix_150_p50_c60_0016,47.8720,47.8720
9,pmmix,p50_c60,edd,0.5,c09_pmmix_150_p50_c60_0016,47.8720,47.8720
9,pmmix,p50_c60,atc,1.0,c09_pmmix_150_p50_c60_0016,47.8720,47.8720
9,pmmix,p50_c60,edd,1.0,c09_pmmix_150_p50_c60_0016,47.8720,47.8720
9,pmmix,p50_c60,atc,0.5,c09_pmmix_150_p50_c60_0017,117.6760,117.6760
9,pmmix,p50_c60,edd,0.5,c09_pmmix_150_p50_c60_0017,117.6760,117.6760
9,pmmix,p50_c60,atc,1.0,c09_pmmix_150_p50_c60_0017,198.1976,182.0880
9,pmmix,p50_c60,edd,1.0,c09_pmmix_150_p50_c60_0017,182.0880,182.0880
9,pmmix,p50_c60,atc,0.5,c09_pmmix_150_p50_c60_0018,432.7486,433.9582
9,pmmix,p50_c60,edd,0.5,c09_pmmix_150_p50_c60_0018,432.7486,433.9582
9,pmmix,p50_c60,atc,1.0,c09_pmmix_150_p50_c60_0018,405.9880,405.9880
9,pmmix,p50_c60,edd,1.0,c09_pmmix_150_p50_c60_0018,405.9880,405.9880
9,pmmix,p50_c60,atc,0.5,c09_pmmix_150_p50_c60_0019,220.3944,220.3944
9,pmmix,p50_c60,edd,0.5,c09_pmmix_150_p50_c60_0019,220.3944,220.3944
9,pmmix,p50_c60,atc,1.0,c09_pmmix_150_p50_c60_0019,178.3058,178.3058
9,pmmix,p50_c60,edd,1.0,c09_pmmix_150_p50_c60_0019,178.3058,178.3058
9,pmmix,p50_c60,atc,0.5,c09_pmmix_150_p50_c60_0020,86.9876,86.9876
9,pmmix,p50_c60,edd,0.5,c09_pmmix_150_p50_c60_0020,86.9876,86.9876
9,pmmix,p50_c60,atc,1.0,c09_pmmix_150_p50_c60_0020,114.2952,114.2952
9,pmmix,p50_c60,edd,1.0,c09_pmmix_150_p50_c60_0020,114.2952,114.2952
9,pmmix,p50_c60,atc,0.5,c09_pmmix_150_p50_c60_0021,361.5292,361.5292
9,pmmix,p50_c60,edd,0.5,c09_pmmix_150_p50_c60_0021,361.5292,361.5292
9,pmmix,p50_c60,atc,1.0,c09_pmmix_150_p50_c60_0021,361.5292,361.5292
9,pmmix,p50_c60,edd,1.0,c09_pmmix_150_p50_c60_0021,361.5292,361.5292
9,pmmix,p50_c60,atc,0.5,c09_pmmix_150_p50_c60_0022,4.2264,4.2264
9,pmmix,p50_c60,edd,0.5,c09_pmmix_150_p50_c60_0022,4.2264,4.2264
9,pmmix,p50_c60,atc,1.0,c09_pmmix_150_p50_c60_0022,0.0000,0.0000
9,pmmix,p50_c60,edd,1.0,c09_pmmix_150_p50_c60_0022,0.0000,0.0000
9,pmmix,p50_c60,atc,0.5,c09_pmmix_150_p50_c60_0023,204.6984,204.6984
9,pmmix,p50_c60,edd,0.5,c09_pmmix_150_p50_c60_0023,204.6984,204.6984
9,pmmix,p50_c60,atc,1.0,c09_pmmix_150_p50_c60_0023,63.0728,63.0728
9,pmmix,p50_c60,edd,1.0,c09_pmmix_150_p50_c60_0023,63.0728,63.0728
9,pmmix,p50_c60,atc,0.5,c09_pmmix_150_p50_c60_0024,151.2464,151.2464
9,pmmix,p50_c60,edd,0.5,c09_pmmix_150_p50_c60_0024,151.2464,151.2464
9,pmmix,p50_c60,atc,1.0,c09_pmmix_150_p50_c60_0024,153.4728,153.4728
9,pmmix,p50_c60,edd,1.0,c09_pmmix_150_p50_c60_0024,153.4728,153.4728
9,pmmix,p50_c60,atc,0.5,c09_pmmix_150_p50_c60_0025,21.9124,21.9124
9,pmmix,p50_c60,edd,0.5,c09_pmmix_150_p50_c60_0025,21.9124,21.9124
9,pmmix,p50_c60,atc,1.0,c09_pmmix_150_p50_c60_0025,1.1688,1.1688
9,pmmix,p50_c60,edd,1.0,c09_pmmix_150_p50_c60_0025,1.1688,1.1688
9,pmmix,p50_c60,atc,0.5,c09_pmmix_150_p50_c60_0026,52.3560,52.3560
9,pmmix,p50_c60,edd,0.5,c09_pmmix_150_p50_c60_0026,52.3560,52.3560
9,pmmix,p50_c60,atc,1.0,c09_pmmix_150_p50_c60_0026,52.3560,52.3560
9,pmmix,p50_c60,edd,1.0,c09_pmmix_150_p50_c60_0026,52.3560,52.3560
9,pmmix,p50_c60,atc,0.5,c09_pmmix_150_p50_c60_0027,165.5139,165.5139
9,pmmix,p50_c60,edd,0.5,c09_pmmix_150_p50_c60_0027,165.5139,165.5139
9,pmmix,p50_c60,atc,1.0,c09_pmmix_150_p50_c60_0027,0.4488,0.4488
9,pmmix,p50_c60,edd,1.0,c09_pmmix_150_p50_c60_0027,0.4488,0.4488
9,pmmix,p50_c60,atc,0.5,c09_pmmix_150_p50_c60_0028,24.3564,24.3564
9,pmmix,p50_c60,edd,0.5,c09_pmmix_150_p50_c60_0028,23.6560,23.6560
9,pmmix,p50_c60,atc,1.0,c09_pmmix_150_p50_c60_0028,24.3564,24.3564
9,pmmix,p50_c60,edd,1.0,c09_pmmix_150_p50_c60_0028,23.6560,23.6560
9,pmmix,p50_c60,atc,0.5,c09_pmmix_150_p50_c60_0029,160.7548,160.7548
9,pmmix,p50_c60,edd,0.5,c09_pmmix_150_p50_c60_0029,160.7548,160.7548
9,pmmix,p50_c60,atc,1.0,c09_pmmix_150_p50_c60_0029,104.1356,104.1356
9,pmmix,p50_c60,edd,1.0,c09_pmmix_150_p50_c60_0029,104.1356,104.1356
9,pmmix,p80_c60,atc,0.5,c09_pmmix_150_p80_c60_0000,10.6122,10.6122
9,pmmix,p80_c60,edd,0.5,c09_pmmix_150_p80_c60_0000,10.6122,10.6122
9,pmmix,p80_c60,atc,1.0,c09_pmmix_150_p80_c60_0000,2.1220,2.1220
9,pmmix,p80_c60,edd,1.0,c09_pmmix_150_p80_c60_0000,2.1220,2.1220
9,pmmix,p80_c60,atc,0.5,c09_pmmix_150_p80_c60_0001,111.0000,111.0000
9,pmmix,p80_c60,edd,0.5,c09_pmmix_150_p80_c60_0001,111.0000,111.0000
9,pmmix,p80_c60,atc,1.0,c09_pmmix_150_p80_c60_0001,111.0000,111.0000
9,pmmix,p80_c60,edd,1.0,c09_pmmix_150_p80_c60_0001,111.0000,111.0000
9,pmmix,p80_c60,atc,0.5,c09_pmmix_150_p80_c60_0002,19.6124,19.6124
9,pmmix,p80_c60,edd,0.5,c09_pmmix_150_p80_c60_0002,19.6124,19.6124
9,pmmix,p80_c60,atc,1.0,c09_pmmix_150_p80_c60_0002,69.9454,69.9454
9,pmmix,p80_c60,edd,1.0,c09_pmmix_150_p80_c60_0002,69.9454,69.9454
9,pmmix,p80_c60,atc,0.5,c09_pmmix_150_p80_c60_0003,3.3588,3.3588
9,pmmix,p80_c60,edd,0.5,c09_pmmix_150_p80_c60_0003,3.3588,3.3588
9,pmmix,p80_c60,atc,1.0,c09_pmmix_150_p80_c60_0003,3.3588,3.3588
9,pmmix,p80_c60,edd,1.0,c09_pmmix_150_p80_c60_0003,3.3588,3.3588
9,pmmix,p80_c60,atc,0.5,c09_pmmix_150_p80_c60_0004,0.0000,0.0000
9,pmmix,p80_c60,edd,0.5,c09_pmmix_150_p80_c60_0004,0.0000,0.0000
9,pmmix,p80_c60,atc,1.0,c09_pmmix_150_p80_c60_0004,21.8240,21.8240
9,pmmix,p80_c60,edd,1.0,c09_pmmix_150_p80_c60_0004,21.8240,21.8240
9,pmmix,p80_c60,atc,0.5,c09_pmmix_150_p80_c60_0005,21.6404,21.6404
9,pmmix,p80_c60,edd,0.5,c09_pmmix_150_p80_c60_0005,21.6404,21.6404
9,pmmix,p80_c60,atc,1.0,c09_pmmix_150_p80_c60_0005,69.1092,69.1092
9,pmmix,p80_c60,edd,1.0,c09_pmmix_150_p80_c60_0005,69.1092,69.1092
9,pmmix,p80_c60,atc,0.5,c09_pmmix_150_p80_c60_0006,20.4312,20.4312
9,pmmix,p80_c60,edd,0.5,c09_pmmix_150_p80_c60_0006,20.4312,20.4312
9,pmmix,p80_c60,atc,1.0,c09_pmmix_150_p80_c60_0006,43.2780,43.2780
9,pmmix,p80_c60,edd,1.0,c09_pmmix_150_p80_c60_0006,43.2780,43.2780
9,pmmix,p80_c60,atc,0.5,c09_pmmix_150_p80_c60_0007,49.9788,49.9788
9,pmmix,p80_c60,edd,0.5,c09_pmmix_150_p80_c60_0007,49.9788,49.9788
9,pmmix,p80_c60,atc,1.0,c09_pmmix_150_p80_c60_0007,49.9788,49.9788
9,pmmix,p80_c60,edd,1.0,c09_pmmix_150_p80_c60_0007,49.9788,49.9788
9,pmmix,p80_c60,atc,0.5,c09_pmmix_150_p80_c60_0008,0.0000,0.0000
9,pmmix,p80_c60,edd,0.5,c09_pmmix_150_p80_c60_0008,0.0000,0.0000
9,pmmix,p80_c60,atc,1.0,c09_pmmix_150_p80_c60_0008,3.8924,3.8924
9,pmmix,p80_c60,edd,1.0,c09_pmmix_150_p80_c60_0008,3.8924,3.8924
9,pmmix,p80_c60,atc,0.5,c09_pmmix_150_p80_c60_0009,94.6960,94.6960
9,pmmix,p80_c60,edd,0.5,c09_pmmix_150_p80_c60_0009,94.6960,94.6960
9,pmmix,p80_c60,atc,1.0,c09_pmmix_150_p80_c60_0009,0.0000,0.0000
9,pmmix,p80_c60,edd,1.0,c09_pmmix_150_p80_c60_0009,0.0000,0.0000
9,pmmix,p80_c60,atc,0.5,c09_pmmix_150_p80_c60_0010,102.0460,102.0460
9,pmmix,p80_c60,edd,0.5,c09_pmmix_150_p80_c60_0010,102.0460,102.0460
9,pmmix,p80_c60,atc,1.0,c09_pmmix_150_p80_c60_0010,149.7688,149.7688
9,pmmix,p80_c60,edd,1.0,c09_pmmix_150_p80_c60_0010,149.7688,149.7688
9,pmmix,p80_c60,atc,0.5,c09_pmmix_150_p80_c60_0011,50.7852,50.7852
9,pmmix,p80_c60,edd,0.5,c09_pmmix_150_p80_c60_0011,50.7852,50.7852
9,pmmix,p80_c60,atc,1.0,c09_pmmix_150_p80_c60_0011,50.7852,50.7852
9,pmmix,p80_c60,edd,1.0,c09_pmmix_150_p80_c60_0011,50.7852,50.7852
9,pmmix,p80_c60,atc,0.5,c09_pmmix_150_p80_c60_0012,266.3664,266.3664
9,pmmix,p80_c60,edd,0.5,c09_pmmix_150_p80_c60_0012,266.3664,266.3664
9,pmmix,p80_c60,atc,1.0,c09_pmmix_150_p80_c60_0012,330.3664,330.3664
9,pmmix,p80_c60,edd,1.0,c09_pmmix_150_p80_c60_0012,330.3664,330.3664
9,pmmix,p80_c60,atc,0.5,c09_pmmix_150_p80_c60_0013,0.0000,0.0000
9,pmmix,p80_c60,edd,0.5,c09_pmmix_150_p80_c60_0013,0.0000,0.0000
9,pmmix,p80_c60,atc,1.0,c09_pmmix_150_p80_c60_0013,0.9436,0.9436
9,pmmix,p80_c60,edd,1.0,c09_pmmix_150_p80_c60_0013,0.9436,0.9436
9,pmmix,p80_c60,atc,0.5,c09_pmmix_150_p80_c60_0014,0.0000,0.0000
9,pmmix,p80_c60,edd,0.5,c09_pmmix_150_p80_c60_0014,0.0000,0.0000
9,pmmix,p80_c60,atc,1.0,c09_pmmix_150_p80_c60_0014,0.0000,0.0000
9,pmmix,p80_c60,edd,1.0,c09_pmmix_150_p80_c60_0014,0.0000,0.0000
9,pmmix,p80_c60,atc,0.5,c09_pmmix_150_p80_c60_0015,0.0000,0.0000
9,pmmix,p80_c60,edd,0.5,c09_pmmix_150_p80_c60_0015,0.0000,0.0000
9,pmmix,p80_c60,atc,1.0,c09_pmmix_150_p80_c60_0015,0.0000,0.0000
9,pmmix,p80_c60,edd,1.0,c09_pmmix_150_p80_c60_0015,0.0000,0.0000
9,pmmix,p80_c60,atc,0.5,c09_pmmix_150_p80_c60_0016,0.0000,0.0000
9,pmmix,p80_c60,edd,0.5,c09_pmmix_150_p80_c60_0016,0.0000,0.0000
9,pmmix,p80_c60,atc,1.0,c09_pmmix_150_p80_c60_0016,0.0000,0.0000
9,pmmix,p80_c60,edd,1.0,c09_pmmix_150_p80_c60_0016,0.0000,0.0000
9,pmmix,p80_c60,atc,0.5,c09_pmmix_150_p80_c60_0017,33.2024,33.2024
9,pmmix,p80_c60,edd,0.5,c09_pmmix_150_p80_c60_0017,33.2024,33.2024
9,pmmix,p80_c60,atc,1.0,c09_pmmix_150_p80_c60_0017,45.0772,45.0772
9,pmmix,p80_c60,edd,1.0,c09_pmmix_150_p80_c60_0017,45.0772,45.0772
9,pmmix,p80_c60,atc,0.5,c09_pmmix_150_p80_c60_0018,0.0000,0.0000
9,pmmix,p80_c60,edd,0.5,c09_pmmix_150_p80_c60_0018,0.0000,0.0000
9,pmmix,p80_c60,atc,1.0,c09_pmmix_150_p80_c60_0018,0.0000,0.0000
9,pmmix,p80_c60,edd,1.0,c09_pmmix_150_p80_c60_0018,0.0000,0.0000
9,pmmix,p80_c60,atc,0.5,c09_pmmix_150_p80_c60_0019,41.1660,41.1660
9,pmmix,p80_c60,edd,0.5,c09_pmmix_150_p80_c60_0019,41.1660,41.1660
9,pmmix,p80_c60,atc,1.0,c09_pmmix_150_p80_c60_0019,41.1660,41.1660
9,pmmix,p80_c60,edd,1.0,c09_pmmix_150_p80_c60_0019,41.1660,41.1660
9,pmmix,p80_c60,atc,0.5,c09_pmmix_150_p80_c60_0020,46.2944,46.2944
9,pmmix,p80_c60,edd,0.5,c09_pmmix_150_p80_c60_0020,46.2944,46.2944
9,pmmix,p80_c60,atc,1.0,c09_pmmix_150_p80_c60_0020,3.2120,3.2120
9,pmmix,p80_c60,edd,1.0,c09_pmmix_150_p80_c60_0020,3.2120,3.2120
9,pmmix,p80_c60,atc,0.5,c09_pmmix_150_p80_c60_0021,1.0861,1.0861
9,pmmix,p80_c60,edd,0.5,c09_pmmix_150_p80_c60_0021,1.0861,1.0861
9,pmmix,p80_c60,atc,1.0,c09_pmmix_150_p80_c60_0021,0.0000,0.0000
9,pmmix,p80_c60,edd,1.0,c09_pmmix_150_p80_c60_0021,0.0000,0.0000
9,pmmix,p80_c60,atc,0.5,c09_pmmix_150_p80_c60_0022,37.4546,37.4546
9,pmmix,p80_c60,edd,0.5,c09_pmmix_150_p80_c60_0022,37.4546,37.4546
9,pmmix,p80_c60,atc,1.0,c09_pmmix_150_p80_c60_0022,14.5456,14.5456
9,pmmix,p80_c60,edd,1.0,c09_pmmix_150_p80_c60_0022,14.5456,14.5456
9,pmmix,p80_c60,atc,0.5,c09_pmmix_150_p80_c60_0023,0.0000,0.0000
9,pmmix,p80_c60,edd,0.5,c09_pmmix_150_p80_c60_0023,0.0000,0.0000
9,pmmix,p80_c60,atc,1.0,c09_pmmix_150_p80_c60_0023,27.0972,27.0972
9,pmmix,p80_c60,edd,1.0,c09_pmmix_150_p80_c60_0023,27.0972,27.0972
9,pmmix,p80_c60,atc,0.5,c09_pmmix_150_p80_c60_0024,175.0000,175.0000
9,pmmix,p80_c60,edd,0.5,c09_pmmix_150_p80_c60_0024,175.0000,175.0000
9,pmmix,p80_c60,atc,1.0,c09_pmmix_150_p80_c60_0024,0.0000,0.0000
9,pmmix,p80_c60,edd,1.0,c09_pmmix_150_p80_c60_0024,0.0000,0.0000
9,pmmix,p80_c60,atc,0.5,c09_pmmix_150_p80_c60_0025,0.0000,0.0000
9,pmmix,p80_c60,edd,0.5,c09_pmmix_150_p80_c60_0025,0.0000,0.0000
9,pmmix,p80_c60,atc,1.0,c09_pmmix_150_p80_c60_0025,0.0000,0.0000
9,pmmix,p80_c60,edd,1.0,c09_pmmix_150_p80_c60_0025,0.0000,0.0000
9,pmmix,p80_c60,atc,0.5,c09_pmmix_150_p80_c60_0026,15.2424,15.2424
9,pmmix,p80_c60,edd,0.5,c09_pmmix_150_p80_c60_0026,15.2424,15.2424
9,pmmix,p80_c60,atc,1.0,c09_pmmix_150_p80_c60_0026,15.2424,15.2424
9,pmmix,p80_c60,edd,1.0,c09_pmmix_150_p80_c60_0026,15.2424,15.2424
9,pmmix,p80_c60,atc,0.5,c09_pmmix_150_p80_c60_0027,202.2900,202.2900
9,pmmix,p80_c60,edd,0.5,c09_pmmix_150_p80_c60_0027,202.2900,202.2900
9,pmmix,p80_c60,atc,1.0,c09_pmmix_150_p80_c60_0027,202.2900,202.2900
9,pmmix,p80_c60,edd,1.0,c09_pmmix_150_p80_c60_0027,202.2900,202.2900
9,pmmix,p80_c60,atc,0.5,c09_pmmix_150_p80_c60_0028,0.6800,0.6800
9,pmmix,p80_c60,edd,0.5,c09_pmmix_150_p80_c60_0028,0.6800,0.6800
9,pmmix,p80_c60,atc,1.0,c09_pmmix_150_p80_c60_0028,0.6800,0.6800
9,pmmix,p80_c60,edd,1.0,c09_pmmix_150_p80_c60_0028,0.6800,0.6800
9,pmmix,p80_c60,atc,0.5,c09_pmmix_150_p80_c60_0029,0.0000,0.0000
9,pmmix,p80_c60,edd,0.5,c09_pmmix_150_p80_c60_0029,0.0000,0.0000
9,pmmix,p80_c60,atc,1.0,c09_pmmix_150_p80_c60_0029,9.7998,9.7998
9,pmmix,p80_c60,edd,1.0,c09_pmmix_150_p80_c60_0029,9.7998,9.7998
10,storm,a125_c100,atc,0.5,c10_storm_150_a125_c100_0000,10.8648,10.8648
10,storm,a125_c100,edd,0.5,c10_storm_150_a125_c100_0000,10.8648,10.8648
10,storm,a125_c100,atc,1.0,c10_storm_150_a125_c100_0000,0.0000,0.0000
10,storm,a125_c100,edd,1.0,c10_storm_150_a125_c100_0000,0.0000,0.0000
10,storm,a125_c100,atc,0.5,c10_storm_150_a125_c100_0001,0.0000,0.0000
10,storm,a125_c100,edd,0.5,c10_storm_150_a125_c100_0001,0.0000,0.0000
10,storm,a125_c100,atc,1.0,c10_storm_150_a125_c100_0001,0.0000,0.0000
10,storm,a125_c100,edd,1.0,c10_storm_150_a125_c100_0001,0.0000,0.0000
10,storm,a125_c100,atc,0.5,c10_storm_150_a125_c100_0002,0.0000,0.0000
10,storm,a125_c100,edd,0.5,c10_storm_150_a125_c100_0002,0.0000,0.0000
10,storm,a125_c100,atc,1.0,c10_storm_150_a125_c100_0002,0.0000,0.0000
10,storm,a125_c100,edd,1.0,c10_storm_150_a125_c100_0002,0.0000,0.0000
10,storm,a125_c100,atc,0.5,c10_storm_150_a125_c100_0003,0.0000,0.0000
10,storm,a125_c100,edd,0.5,c10_storm_150_a125_c100_0003,0.0000,0.0000
10,storm,a125_c100,atc,1.0,c10_storm_150_a125_c100_0003,0.0000,0.0000
10,storm,a125_c100,edd,1.0,c10_storm_150_a125_c100_0003,0.0000,0.0000
10,storm,a125_c100,atc,0.5,c10_storm_150_a125_c100_0004,56.8058,56.8058
10,storm,a125_c100,edd,0.5,c10_storm_150_a125_c100_0004,56.8058,56.8058
10,storm,a125_c100,atc,1.0,c10_storm_150_a125_c100_0004,56.3424,56.3424
10,storm,a125_c100,edd,1.0,c10_storm_150_a125_c100_0004,56.3424,56.3424
10,storm,a125_c100,atc,0.5,c10_storm_150_a125_c100_0005,0.0000,0.0000
10,storm,a125_c100,edd,0.5,c10_storm_150_a125_c100_0005,0.0000,0.0000
10,storm,a125_c100,atc,1.0,c10_storm_150_a125_c100_0005,0.0000,0.0000
10,storm,a125_c100,edd,1.0,c10_storm_150_a125_c100_0005,0.0000,0.0000
10,storm,a125_c100,atc,0.5,c10_storm_150_a125_c100_0006,0.0000,0.0000
10,storm,a125_c100,edd,0.5,c10_storm_150_a125_c100_0006,0.0000,0.0000
10,storm,a125_c100,atc,1.0,c10_storm_150_a125_c100_0006,0.0000,0.0000
10,storm,a125_c100,edd,1.0,c10_storm_150_a125_c100_0006,0.0000,0.0000
10,storm,a125_c100,atc,0.5,c10_storm_150_a125_c100_0007,0.0000,0.0000
10,storm,a125_c100,edd,0.5,c10_storm_150_a125_c100_0007,0.0000,0.0000
10,storm,a125_c100,atc,1.0,c10_storm_150_a125_c100_0007,0.0000,0.0000
10,storm,a125_c100,edd,1.0,c10_storm_150_a125_c100_0007,0.0000,0.0000
10,storm,a125_c100,atc,0.5,c10_storm_150_a125_c100_0008,18.4712,18.4712
10,storm,a125_c100,edd,0.5,c10_storm_150_a125_c100_0008,18.4712,18.4712
10,storm,a125_c100,atc,1.0,c10_storm_150_a125_c100_0008,21.3532,21.3532
10,storm,a125_c100,edd,1.0,c10_storm_150_a125_c100_0008,21.3532,21.3532
10,storm,a125_c100,atc,0.5,c10_storm_150_a125_c100_0009,10.8648,10.8648
10,storm,a125_c100,edd,0.5,c10_storm_150_a125_c100_0009,10.8648,10.8648
10,storm,a125_c100,atc,1.0,c10_storm_150_a125_c100_0009,0.0000,0.0000
10,storm,a125_c100,edd,1.0,c10_storm_150_a125_c100_0009,0.0000,0.0000
10,storm,a125_c100,atc,0.5,c10_storm_150_a125_c100_0010,0.0000,0.0000
10,storm,a125_c100,edd,0.5,c10_storm_150_a125_c100_0010,0.0000,0.0000
10,storm,a125_c100,atc,1.0,c10_storm_150_a125_c100_0010,0.0000,0.0000
10,storm,a125_c100,edd,1.0,c10_storm_150_a125_c100_0010,0.0000,0.0000
10,storm,a125_c100,atc,0.5,c10_storm_150_a125_c100_0011,2.8092,2.8092
10,storm,a125_c100,edd,0.5,c10_storm_150_a125_c100_0011,2.8092,2.8092
10,storm,a125_c100,atc,1.0,c10_storm_150_a125_c100_0011,2.8092,2.8092
10,storm,a125_c100,edd,1.0,c10_storm_150_a125_c100_0011,2.8092,2.8092
10,storm,a125_c100,atc,0.5,c10_storm_150_a125_c100_0012,0.0000,0.0000
10,storm,a125_c100,edd,0.5,c10_storm_150_a125_c100_0012,0.0000,0.0000
10,storm,a125_c100,atc,1.0,c10_storm_150_a125_c100_0012,0.0000,0.0000
10,storm,a125_c100,edd,1.0,c10_storm_150_a125_c100_0012,0.0000,0.0000
10,storm,a125_c100,atc,0.5,c10_storm_150_a125_c100_0013,342.1360,342.1360
10,storm,a125_c100,edd,0.5,c10_storm_150_a125_c100_0013,342.1360,342.1360
10,storm,a125_c100,atc,1.0,c10_storm_150_a125_c100_0013,342.1360,342.1360
10,storm,a125_c100,edd,1.0,c10_storm_150_a125_c100_0013,342.1360,342.1360
10,storm,a125_c100,atc,0.5,c10_storm_150_a125_c100_0014,0.0000,0.0000
10,storm,a125_c100,edd,0.5,c10_storm_150_a125_c100_0014,0.0000,0.0000
10,storm,a125_c100,atc,1.0,c10_storm_150_a125_c100_0014,0.0000,0.0000
10,storm,a125_c100,edd,1.0,c10_storm_150_a125_c100_0014,0.0000,0.0000
10,storm,a125_c100,atc,0.5,c10_storm_150_a125_c100_0015,0.0000,0.0000
10,storm,a125_c100,edd,0.5,c10_storm_150_a125_c100_0015,0.0000,0.0000
10,storm,a125_c100,atc,1.0,c10_storm_150_a125_c100_0015,0.0000,0.0000
10,storm,a125_c100,edd,1.0,c10_storm_150_a125_c100_0015,0.0000,0.0000
10,storm,a125_c100,atc,0.5,c10_storm_150_a125_c100_0016,0.0000,0.0000
10,storm,a125_c100,edd,0.5,c10_storm_150_a125_c100_0016,0.0000,0.0000
10,storm,a125_c100,atc,1.0,c10_storm_150_a125_c100_0016,13.3304,13.3304
10,storm,a125_c100,edd,1.0,c10_storm_150_a125_c100_0016,13.3304,13.3304
10,storm,a125_c100,atc,0.5,c10_storm_150_a125_c100_0017,0.0000,0.0000
10,storm,a125_c100,edd,0.5,c10_storm_150_a125_c100_0017,0.0000,0.0000
10,storm,a125_c100,atc,1.0,c10_storm_150_a125_c100_0017,0.0000,0.0000
10,storm,a125_c100,edd,1.0,c10_storm_150_a125_c100_0017,0.0000,0.0000
10,storm,a125_c100,atc,0.5,c10_storm_150_a125_c100_0018,0.0000,0.0000
10,storm,a125_c100,edd,0.5,c10_storm_150_a125_c100_0018,0.0000,0.0000
10,storm,a125_c100,atc,1.0,c10_storm_150_a125_c100_0018,0.0000,0.0000
10,storm,a125_c100,edd,1.0,c10_storm_150_a125_c100_0018,0.0000,0.0000
10,storm,a125_c100,atc,0.5,c10_storm_150_a125_c100_0019,106.0336,106.0336
10,storm,a125_c100,edd,0.5,c10_storm_150_a125_c100_0019,106.0336,106.0336
10,storm,a125_c100,atc,1.0,c10_storm_150_a125_c100_0019,115.4370,115.4370
10,storm,a125_c100,edd,1.0,c10_storm_150_a125_c100_0019,115.4370,115.4370
10,storm,a125_c100,atc,0.5,c10_storm_150_a125_c100_0020,0.0000,0.0000
10,storm,a125_c100,edd,0.5,c10_storm_150_a125_c100_0020,0.0000,0.0000
10,storm,a125_c100,atc,1.0,c10_storm_150_a125_c100_0020,0.0000,0.0000
10,storm,a125_c100,edd,1.0,c10_storm_150_a125_c100_0020,0.0000,0.0000
10,storm,a125_c100,atc,0.5,c10_storm_150_a125_c100_0021,14.7112,14.7112
10,storm,a125_c100,edd,0.5,c10_storm_150_a125_c100_0021,14.7112,14.7112
10,storm,a125_c100,atc,1.0,c10_storm_150_a125_c100_0021,14.7112,14.7112
10,storm,a125_c100,edd,1.0,c10_storm_150_a125_c100_0021,14.7112,14.7112
10,storm,a125_c100,atc,0.5,c10_storm_150_a125_c100_0022,0.0000,0.0000
10,storm,a125_c100,edd,0.5,c10_storm_150_a125_c100_0022,0.0000,0.0000
10,storm,a125_c100,atc,1.0,c10_storm_150_a125_c100_0022,0.0000,0.0000
10,storm,a125_c100,edd,1.0,c10_storm_150_a125_c100_0022,0.0000,0.0000
10,storm,a125_c100,atc,0.5,c10_storm_150_a125_c100_0023,0.0000,0.0000
10,storm,a125_c100,edd,0.5,c10_storm_150_a125_c100_0023,0.0000,0.0000
10,storm,a125_c100,atc,1.0,c10_storm_150_a125_c100_0023,0.0000,0.0000
10,storm,a125_c100,edd,1.0,c10_storm_150_a125_c100_0023,0.0000,0.0000
10,storm,a125_c100,atc,0.5,c10_storm_150_a125_c100_0024,21.2128,21.2128
10,storm,a125_c100,edd,0.5,c10_storm_150_a125_c100_0024,21.2128,21.2128
10,storm,a125_c100,atc,1.0,c10_storm_150_a125_c100_0024,0.0000,0.0000
10,storm,a125_c100,edd,1.0,c10_storm_150_a125_c100_0024,0.0000,0.0000
10,storm,a125_c100,atc,0.5,c10_storm_150_a125_c100_0025,38.0640,38.0640
10,storm,a125_c100,edd,0.5,c10_storm_150_a125_c100_0025,38.0640,38.0640
10,storm,a125_c100,atc,1.0,c10_storm_150_a125_c100_0025,38.0640,38.0640
10,storm,a125_c100,edd,1.0,c10_storm_150_a125_c100_0025,38.0640,38.0640
10,storm,a125_c100,atc,0.5,c10_storm_150_a125_c100_0026,41.7224,41.7224
10,storm,a125_c100,edd,0.5,c10_storm_150_a125_c100_0026,41.7224,41.7224
10,storm,a125_c100,atc,1.0,c10_storm_150_a125_c100_0026,41.7224,41.7224
10,storm,a125_c100,edd,1.0,c10_storm_150_a125_c100_0026,41.7224,41.7224
10,storm,a125_c100,atc,0.5,c10_storm_150_a125_c100_0027,0.0000,0.0000
10,storm,a125_c100,edd,0.5,c10_storm_150_a125_c100_0027,0.0000,0.0000
10,storm,a125_c100,atc,1.0,c10_storm_150_a125_c100_0027,19.1512,19.1512
10,storm,a125_c100,edd,1.0,c10_storm_150_a125_c100_0027,19.1512,19.1512
10,storm,a125_c100,atc,0.5,c10_storm_150_a125_c100_0028,0.0000,0.0000
10,storm,a125_c100,edd,0.5,c10_storm_150_a125_c100_0028,0.0000,0.0000
10,storm,a125_c100,atc,1.0,c10_storm_150_a125_c100_0028,0.0000,0.0000
10,storm,a125_c100,edd,1.0,c10_storm_150_a125_c100_0028,0.0000,0.0000
10,storm,a125_c100,atc,0.5,c10_storm_150_a125_c100_0029,0.0000,0.0000
10,storm,a125_c100,edd,0.5,c10_storm_150_a125_c100_0029,0.0000,0.0000
10,storm,a125_c100,atc,1.0,c10_storm_150_a125_c100_0029,0.0000,0.0000
10,storm,a125_c100,edd,1.0,c10_storm_150_a125_c100_0029,0.0000,0.0000
10,storm,a125_c80,atc,0.5,c10_storm_150_a125_c80_0000,10.8648,10.8648
10,storm,a125_c80,edd,0.5,c10_storm_150_a125_c80_0000,10.8648,10.8648
10,storm,a125_c80,atc,1.0,c10_storm_150_a125_c80_0000,0.0000,0.0000
10,storm,a125_c80,edd,1.0,c10_storm_150_a125_c80_0000,0.0000,0.0000
10,storm,a125_c80,atc,0.5,c10_storm_150_a125_c80_0001,0.0000,0.0000
10,storm,a125_c80,edd,0.5,c10_storm_150_a125_c80_0001,0.0000,0.0000
10,storm,a125_c80,atc,1.0,c10_storm_150_a125_c80_0001,0.0000,0.0000
10,storm,a125_c80,edd,1.0,c10_storm_150_a125_c80_0001,0.0000,0.0000
10,storm,a125_c80,atc,0.5,c10_storm_150_a125_c80_0002,0.0000,0.0000
10,storm,a125_c80,edd,0.5,c10_storm_150_a125_c80_0002,0.0000,0.0000
10,storm,a125_c80,atc,1.0,c10_storm_150_a125_c80_0002,0.0000,0.0000
10,storm,a125_c80,edd,1.0,c10_storm_150_a125_c80_0002,0.0000,0.0000
10,storm,a125_c80,atc,0.5,c10_storm_150_a125_c80_0003,0.0000,0.0000
10,storm,a125_c80,edd,0.5,c10_storm_150_a125_c80_0003,0.0000,0.0000
10,storm,a125_c80,atc,1.0,c10_storm_150_a125_c80_0003,0.0000,0.0000
10,storm,a125_c80,edd,1.0,c10_storm_150_a125_c80_0003,0.0000,0.0000
10,storm,a125_c80,atc,0.5,c10_storm_150_a125_c80_0004,56.3424,56.3424
10,storm,a125_c80,edd,0.5,c10_storm_150_a125_c80_0004,56.3424,56.3424
10,storm,a125_c80,atc,1.0,c10_storm_150_a125_c80_0004,56.3424,56.3424
10,storm,a125_c80,edd,1.0,c10_storm_150_a125_c80_0004,56.3424,56.3424
10,storm,a125_c80,atc,0.5,c10_storm_150_a125_c80_0005,0.0000,0.0000
10,storm,a125_c80,edd,0.5,c10_storm_150_a125_c80_0005,0.0000,0.0000
10,storm,a125_c80,atc,1.0,c10_storm_150_a125_c80_0005,0.0000,0.0000
10,storm,a125_c80,edd,1.0,c10_storm_150_a125_c80_0005,0.0000,0.0000
10,storm,a125_c80,atc,0.5,c10_storm_150_a125_c80_0006,0.0000,0.0000
10,storm,a125_c80,edd,0.5,c10_storm_150_a125_c80_0006,0.0000,0.0000
10,storm,a125_c80,atc,1.0,c10_storm_150_a125_c80_0006,0.0000,0.0000
10,storm,a125_c80,edd,1.0,c10_storm_150_a125_c80_0006,0.0000,0.0000
10,storm,a125_c80,atc,0.5,c10_storm_150_a125_c80_0007,0.0000,0.0000
10,storm,a125_c80,edd,0.5,c10_storm_150_a125_c80_0007,0.0000,0.0000
10,storm,a125_c80,atc,1.0,c10_storm_150_a125_c80_0007,0.0000,0.0000
10,storm,a125_c80,edd,1.0,c10_storm_150_a125_c80_0007,0.0000,0.0000
10,storm,a125_c80,atc,0.5,c10_storm_150_a125_c80_0008,14.7152,14.7152
10,storm,a125_c80,edd,0.5,c10_storm_150_a125_c80_0008,14.7152,14.7152
10,storm,a125_c80,atc,1.0,c10_storm_150_a125_c80_0008,21.3532,21.3532
10,storm,a125_c80,edd,1.0,c10_storm_150_a125_c80_0008,21.3532,21.3532
10,storm,a125_c80,atc,0.5,c10_storm_150_a125_c80_0009,0.0000,0.0000
10,storm,a125_c80,edd,0.5,c10_storm_150_a125_c80_0009,0.0000,0.0000
10,storm,a125_c80,atc,1.0,c10_storm_150_a125_c80_0009,0.0000,0.0000
10,storm,a125_c80,edd,1.0,c10_storm_150_a125_c80_0009,0.0000,0.0000
10,storm,a125_c80,atc,0.5,c10_storm_150_a125_c80_0010,0.0000,0.0000
10,storm,a125_c80,edd,0.5,c10_storm_150_a125_c80_0010,0.0000,0.0000
10,storm,a125_c80,atc,1.0,c10_storm_150_a125_c80_0010,0.0000,0.0000
10,storm,a125_c80,edd,1.0,c10_storm_150_a125_c80_0010,0.0000,0.0000
10,storm,a125_c80,atc,0.5,c10_storm_150_a125_c80_0011,2.8092,2.8092
10,storm,a125_c80,edd,0.5,c10_storm_150_a125_c80_0011,2.8092,2.8092
10,storm,a125_c80,atc,1.0,c10_storm_150_a125_c80_0011,2.8092,2.8092
10,storm,a125_c80,edd,1.0,c10_storm_150_a125_c80_0011,2.8092,2.8092
10,storm,a125_c80,atc,0.5,c10_storm_150_a125_c80_0012,0.0000,0.0000
10,storm,a125_c80,edd,0.5,c10_storm_150_a125_c80_0012,0.0000,0.0000
10,storm,a125_c80,atc,1.0,c10_storm_150_a125_c80_0012,0.0000,0.0000
10,storm,a125_c80,edd,1.0,c10_storm_150_a125_c80_0012,0.0000,0.0000
10,storm,a125_c80,atc,0.5,c10_storm_150_a125_c80_0013,342.1360,342.1360
10,storm,a125_c80,edd,0.5,c10_storm_150_a125_c80_0013,342.1360,342.1360
10,storm,a125_c80,atc,1.0,c10_storm_150_a125_c80_0013,342.1360,342.1360
10,storm,a125_c80,edd,1.0,c10_storm_150_a125_c80_0013,342.1360,342.1360
10,storm,a125_c80,atc,0.5,c10_storm_150_a125_c80_0014,0.0000,0.0000
10,storm,a125_c80,edd,0.5,c10_storm_150_a125_c80_0014,0.0000,0.0000
10,storm,a125_c80,atc,1.0,c10_storm_150_a125_c80_0014,0.0000,0.0000
10,storm,a125_c80,edd,1.0,c10_storm_150_a125_c80_0014,0.0000,0.0000
10,storm,a125_c80,atc,0.5,c10_storm_150_a125_c80_0015,0.0000,0.0000
10,storm,a125_c80,edd,0.5,c10_storm_150_a125_c80_0015,0.0000,0.0000
10,storm,a125_c80,atc,1.0,c10_storm_150_a125_c80_0015,0.0000,0.0000
10,storm,a125_c80,edd,1.0,c10_storm_150_a125_c80_0015,0.0000,0.0000
10,storm,a125_c80,atc,0.5,c10_storm_150_a125_c80_0016,0.0000,0.0000
10,storm,a125_c80,edd,0.5,c10_storm_150_a125_c80_0016,0.0000,0.0000
10,storm,a125_c80,atc,1.0,c10_storm_150_a125_c80_0016,13.3304,13.3304
10,storm,a125_c80,edd,1.0,c10_storm_150_a125_c80_0016,13.3304,13.3304
10,storm,a125_c80,atc,0.5,c10_storm_150_a125_c80_0017,0.0000,0.0000
10,storm,a125_c80,edd,0.5,c10_storm_150_a125_c80_0017,0.0000,0.0000
10,storm,a125_c80,atc,1.0,c10_storm_150_a125_c80_0017,0.0000,0.0000
10,storm,a125_c80,edd,1.0,c10_storm_150_a125_c80_0017,0.0000,0.0000
10,storm,a125_c80,atc,0.5,c10_storm_150_a125_c80_0018,0.0000,0.0000
10,storm,a125_c80,edd,0.5,c10_storm_150_a125_c80_0018,0.0000,0.0000
10,storm,a125_c80,atc,1.0,c10_storm_150_a125_c80_0018,0.0000,0.0000
10,storm,a125_c80,edd,1.0,c10_storm_150_a125_c80_0018,0.0000,0.0000
10,storm,a125_c80,atc,0.5,c10_storm_150_a125_c80_0019,0.0000,0.0000
10,storm,a125_c80,edd,0.5,c10_storm_150_a125_c80_0019,0.0000,0.0000
10,storm,a125_c80,atc,1.0,c10_storm_150_a125_c80_0019,115.4370,115.4370
10,storm,a125_c80,edd,1.0,c10_storm_150_a125_c80_0019,115.4370,115.4370
10,storm,a125_c80,atc,0.5,c10_storm_150_a125_c80_0020,0.0000,0.0000
10,storm,a125_c80,edd,0.5,c10_storm_150_a125_c80_0020,0.0000,0.0000
10,storm,a125_c80,atc,1.0,c10_storm_150_a125_c80_0020,0.0000,0.0000
10,storm,a125_c80,edd,1.0,c10_storm_150_a125_c80_0020,0.0000,0.0000
10,storm,a125_c80,atc,0.5,c10_storm_150_a125_c80_0021,0.0000,0.0000
10,storm,a125_c80,edd,0.5,c10_storm_150_a125_c80_0021,0.0000,0.0000
10,storm,a125_c80,atc,1.0,c10_storm_150_a125_c80_0021,14.7112,14.7112
10,storm,a125_c80,edd,1.0,c10_storm_150_a125_c80_0021,14.7112,14.7112
10,storm,a125_c80,atc,0.5,c10_storm_150_a125_c80_0022,0.0000,0.0000
10,storm,a125_c80,edd,0.5,c10_storm_150_a125_c80_0022,0.0000,0.0000
10,storm,a125_c80,atc,1.0,c10_storm_150_a125_c80_0022,0.0000,0.0000
10,storm,a125_c80,edd,1.0,c10_storm_150_a125_c80_0022,0.0000,0.0000
10,storm,a125_c80,atc,0.5,c10_storm_150_a125_c80_0023,0.0000,0.0000
10,storm,a125_c80,edd,0.5,c10_storm_150_a125_c80_0023,0.0000,0.0000
10,storm,a125_c80,atc,1.0,c10_storm_150_a125_c80_0023,0.0000,0.0000
10,storm,a125_c80,edd,1.0,c10_storm_150_a125_c80_0023,0.0000,0.0000
10,storm,a125_c80,atc,0.5,c10_storm_150_a125_c80_0024,21.2128,21.2128
10,storm,a125_c80,edd,0.5,c10_storm_150_a125_c80_0024,21.2128,21.2128
10,storm,a125_c80,atc,1.0,c10_storm_150_a125_c80_0024,0.0000,0.0000
10,storm,a125_c80,edd,1.0,c10_storm_150_a125_c80_0024,0.0000,0.0000
10,storm,a125_c80,atc,0.5,c10_storm_150_a125_c80_0025,38.0640,38.0640
10,storm,a125_c80,edd,0.5,c10_storm_150_a125_c80_0025,38.0640,38.0640
10,storm,a125_c80,atc,1.0,c10_storm_150_a125_c80_0025,38.0640,38.0640
10,storm,a125_c80,edd,1.0,c10_storm_150_a125_c80_0025,38.0640,38.0640
10,storm,a125_c80,atc,0.5,c10_storm_150_a125_c80_0026,41.7224,41.7224
10,storm,a125_c80,edd,0.5,c10_storm_150_a125_c80_0026,41.7224,41.7224
10,storm,a125_c80,atc,1.0,c10_storm_150_a125_c80_0026,41.7224,41.7224
10,storm,a125_c80,edd,1.0,c10_storm_150_a125_c80_0026,41.7224,41.7224
10,storm,a125_c80,atc,0.5,c10_storm_150_a125_c80_0027,19.1512,19.1512
10,storm,a125_c80,edd,0.5,c10_storm_150_a125_c80_0027,19.1512,19.1512
10,storm,a125_c80,atc,1.0,c10_storm_150_a125_c80_0027,19.1512,19.1512
10,storm,a125_c80,edd,1.0,c10_storm_150_a125_c80_0027,19.1512,19.1512
10,storm,a125_c80,atc,0.5,c10_storm_150_a125_c80_0028,0.0000,0.0000
10,storm,a125_c80,edd,0.5,c10_storm_150_a125_c80_0028,0.0000,0.0000
10,storm,a125_c80,atc,1.0,c10_storm_150_a125_c80_0028,0.0000,0.0000
10,storm,a125_c80,edd,1.0,c10_storm_150_a125_c80_0028,0.0000,0.0000
10,storm,a125_c80,atc,0.5,c10_storm_150_a125_c80_0029,0.0000,0.0000
10,storm,a125_c80,edd,0.5,c10_storm_150_a125_c80_0029,0.0000,0.0000
10,storm,a125_c80,atc,1.0,c10_storm_150_a125_c80_0029,0.0000,0.0000
10,storm,a125_c80,edd,1.0,c10_storm_150_a125_c80_0029,0.0000,0.0000
10,storm,a150_c100,atc,0.5,c10_storm_150_a150_c100_0000,0.0000,0.0000
10,storm,a150_c100,edd,0.5,c10_storm_150_a150_c100_0000,0.0000,0.0000
10,storm,a150_c100,atc,1.0,c10_storm_150_a150_c100_0000,0.0000,0.0000
10,storm,a150_c100,edd,1.0,c10_storm_150_a150_c100_0000,0.0000,0.0000
10,storm,a150_c100,atc,0.5,c10_storm_150_a150_c100_0001,0.0000,0.0000
10,storm,a150_c100,edd,0.5,c10_storm_150_a150_c100_0001,0.0000,0.0000
10,storm,a150_c100,atc,1.0,c10_storm_150_a150_c100_0001,0.0000,0.0000
10,storm,a150_c100,edd,1.0,c10_storm_150_a150_c100_0001,0.0000,0.0000
10,storm,a150_c100,atc,0.5,c10_storm_150_a150_c100_0002,0.0000,0.0000
10,storm,a150_c100,edd,0.5,c10_storm_150_a150_c100_0002,0.0000,0.0000
10,storm,a150_c100,atc,1.0,c10_storm_150_a150_c100_0002,0.0000,0.0000
10,storm,a150_c100,edd,1.0,c10_storm_150_a150_c100_0002,0.0000,0.0000
10,storm,a150_c100,atc,0.5,c10_storm_150_a150_c100_0003,0.0000,0.0000
10,storm,a150_c100,edd,0.5,c10_storm_150_a150_c100_0003,0.0000,0.0000
10,storm,a150_c100,atc,1.0,c10_storm_150_a150_c100_0003,0.0000,0.0000
10,storm,a150_c100,edd,1.0,c10_storm_150_a150_c100_0003,0.0000,0.0000
10,storm,a150_c100,atc,0.5,c10_storm_150_a150_c100_0004,56.3424,56.3424
10,storm,a150_c100,edd,0.5,c10_storm_150_a150_c100_0004,56.3424,56.3424
10,storm,a150_c100,atc,1.0,c10_storm_150_a150_c100_0004,56.3424,56.3424
10,storm,a150_c100,edd,1.0,c10_storm_150_a150_c100_0004,56.3424,56.3424
10,storm,a150_c100,atc,0.5,c10_storm_150_a150_c100_0005,0.0000,0.0000
10,storm,a150_c100,edd,0.5,c10_storm_150_a150_c100_0005,0.0000,0.0000
10,storm,a150_c100,atc,1.0,c10_storm_150_a150_c100_0005,0.0000,0.0000
10,storm,a150_c100,edd,1.0,c10_storm_150_a150_c100_0005,0.0000,0.0000
10,storm,a150_c100,atc,0.5,c10_storm_150_a150_c100_0006,0.0000,0.0000
10,storm,a150_c100,edd,0.5,c10_storm_150_a150_c100_0006,0.0000,0.0000
10,storm,a150_c100,atc,1.0,c10_storm_150_a150_c100_0006,0.0000,0.0000
10,storm,a150_c100,edd,1.0,c10_storm_150_a150_c100_0006,0.0000,0.0000
10,storm,a150_c100,atc,0.5,c10_storm_150_a150_c100_0007,0.0000,0.0000
10,storm,a150_c100,edd,0.5,c10_storm_150_a150_c100_0007,0.0000,0.0000
10,storm,a150_c100,atc,1.0,c10_storm_150_a150_c100_0007,0.0000,0.0000
10,storm,a150_c100,edd,1.0,c10_storm_150_a150_c100_0007,0.0000,0.0000
10,storm,a150_c100,atc,0.5,c10_storm_150_a150_c100_0008,14.7152,14.7152
10,storm,a150_c100,edd,0.5,c10_storm_150_a150_c100_0008,14.7152,14.7152
10,storm,a150_c100,atc,1.0,c10_storm_150_a150_c100_0008,21.3532,21.3532
10,storm,a150_c100,edd,1.0,c10_storm_150_a150_c100_0008,21.3532,21.3532
10,storm,a150_c100,atc,0.5,c10_storm_150_a150_c100_0009,0.0000,0.0000
10,storm,a150_c100,edd,0.5,c10_storm_150_a150_c100_0009,0.0000,0.0000
10,storm,a150_c100,atc,1.0,c10_storm_150_a150_c100_0009,0.0000,0.0000
10,storm,a150_c100,edd,1.0,c10_storm_150_a150_c100_0009,0.0000,0.0000
10,storm,a150_c100,atc,0.5,c10_storm_150_a150_c100_0010,0.0000,0.0000
10,storm,a150_c100,edd,0.5,c10_storm_150_a150_c100_0010,0.0000,0.0000
10,storm,a150_c100,atc,1.0,c10_storm_150_a150_c100_0010,0.0000,0.0000
10,storm,a150_c100,edd,1.0,c10_storm_150_a150_c100_0010,0.0000,0.0000
10,storm,a150_c100,atc,0.5,c10_storm_150_a150_c100_0011,0.0000,0.0000
10,storm,a150_c100,edd,0.5,c10_storm_150_a150_c100_0011,0.0000,0.0000
10,storm,a150_c100,atc,1.0,c10_storm_150_a150_c100_0011,2.8092,2.8092
10,storm,a150_c100,edd,1.0,c10_storm_150_a150_c100_0011,2.8092,2.8092
10,storm,a150_c100,atc,0.5,c10_storm_150_a150_c100_0012,0.0000,0.0000
10,storm,a150_c100,edd,0.5,c10_storm_150_a150_c100_0012,0.0000,0.0000
10,storm,a150_c100,atc,1.0,c10_storm_150_a150_c100_0012,0.0000,0.0000
10,storm,a150_c100,edd,1.0,c10_storm_150_a150_c100_0012,0.0000,0.0000
10,storm,a150_c100,atc,0.5,c10_storm_150_a150_c100_0013,342.1360,342.1360
10,storm,a150_c100,edd,0.5,c10_storm_150_a150_c100_0013,342.1360,342.1360
10,storm,a150_c100,atc,1.0,c10_storm_150_a150_c100_0013,342.1360,342.1360
10,storm,a150_c100,edd,1.0,c10_storm_150_a150_c100_0013,342.1360,342.1360
10,storm,a150_c100,atc,0.5,c10_storm_150_a150_c100_0014,0.0000,0.0000
10,storm,a150_c100,edd,0.5,c10_storm_150_a150_c100_0014,0.0000,0.0000
10,storm,a150_c100,atc,1.0,c10_storm_150_a150_c100_0014,0.0000,0.0000
10,storm,a150_c100,edd,1.0,c10_storm_150_a150_c100_0014,0.0000,0.0000
10,storm,a150_c100,atc,0.5,c10_storm_150_a150_c100_0015,0.0000,0.0000
10,storm,a150_c100,edd,0.5,c10_storm_150_a150_c100_0015,0.0000,0.0000
10,storm,a150_c100,atc,1.0,c10_storm_150_a150_c100_0015,0.0000,0.0000
10,storm,a150_c100,edd,1.0,c10_storm_150_a150_c100_0015,0.0000,0.0000
10,storm,a150_c100,atc,0.5,c10_storm_150_a150_c100_0016,10.8648,10.8648
10,storm,a150_c100,edd,0.5,c10_storm_150_a150_c100_0016,10.8648,10.8648
10,storm,a150_c100,atc,1.0,c10_storm_150_a150_c100_0016,13.3304,13.3304
10,storm,a150_c100,edd,1.0,c10_storm_150_a150_c100_0016,13.3304,13.3304
10,storm,a150_c100,atc,0.5,c10_storm_150_a150_c100_0017,0.0000,0.0000
10,storm,a150_c100,edd,0.5,c10_storm_150_a150_c100_0017,0.0000,0.0000
10,storm,a150_c100,atc,1.0,c10_storm_150_a150_c100_0017,0.0000,0.0000
10,storm,a150_c100,edd,1.0,c10_storm_150_a150_c100_0017,0.0000,0.0000
10,storm,a150_c100,atc,0.5,c10_storm_150_a150_c100_0018,0.0000,0.0000
10,storm,a150_c100,edd,0.5,c10_storm_150_a150_c100_0018,0.0000,0.0000
10,storm,a150_c100,atc,1.0,c10_storm_150_a150_c100_0018,0.0000,0.0000
10,storm,a150_c100,edd,1.0,c10_storm_150_a150_c100_0018,0.0000,0.0000
10,storm,a150_c100,atc,0.5,c10_storm_150_a150_c100_0019,0.0000,0.0000
10,storm,a150_c100,edd,0.5,c10_storm_150_a150_c100_0019,0.0000,0.0000
10,storm,a150_c100,atc,1.0,c10_storm_150_a150_c100_0019,115.4370,115.4370
10,storm,a150_c100,edd,1.0,c10_storm_150_a150_c100_0019,115.4370,115.4370
10,storm,a150_c100,atc,0.5,c10_storm_150_a150_c100_0020,0.0000,0.0000
10,storm,a150_c100,edd,0.5,c10_storm_150_a150_c100_0020,0.0000,0.0000
10,storm,a150_c100,atc,1.0,c10_storm_150_a150_c100_0020,0.0000,0.0000
10,storm,a150_c100,edd,1.0,c10_storm_150_a150_c100_0020,0.0000,0.0000
10,storm,a150_c100,atc,0.5,c10_storm_150_a150_c100_0021,14.7112,14.7112
10,storm,a150_c100,edd,0.5,c10_storm_150_a150_c100_0021,14.7112,14.7112
10,storm,a150_c100,atc,1.0,c10_storm_150_a150_c100_0021,14.7112,14.7112
10,storm,a150_c100,edd,1.0,c10_storm_150_a150_c100_0021,14.7112,14.7112
10,storm,a150_c100,atc,0.5,c10_storm_150_a150_c100_0022,0.0000,0.0000
10,storm,a150_c100,edd,0.5,c10_storm_150_a150_c100_0022,0.0000,0.0000
10,storm,a150_c100,atc,1.0,c10_storm_150_a150_c100_0022,0.0000,0.0000
10,storm,a150_c100,edd,1.0,c10_storm_150_a150_c100_0022,0.0000,0.0000
10,storm,a150_c100,atc,0.5,c10_storm_150_a150_c100_0023,0.0000,0.0000
10,storm,a150_c100,edd,0.5,c10_storm_150_a150_c100_0023,0.0000,0.0000
10,storm,a150_c100,atc,1.0,c10_storm_150_a150_c100_0023,0.0000,0.0000
10,storm,a150_c100,edd,1.0,c10_storm_150_a150_c100_0023,0.0000,0.0000
10,storm,a150_c100,atc,0.5,c10_storm_150_a150_c100_0024,21.2128,21.2128
10,storm,a150_c100,edd,0.5,c10_storm_150_a150_c100_0024,21.2128,21.2128
10,storm,a150_c100,atc,1.0,c10_storm_150_a150_c100_0024,0.0000,0.0000
10,storm,a150_c100,edd,1.0,c10_storm_150_a150_c100_0024,0.0000,0.0000
10,storm,a150_c100,atc,0.5,c10_storm_150_a150_c100_0025,38.0640,38.0640
10,storm,a150_c100,edd,0.5,c10_storm_150_a150_c100_0025,38.0640,38.0640
10,storm,a150_c100,atc,1.0,c10_storm_150_a150_c100_0025,38.0640,38.0640
10,storm,a150_c100,edd,1.0,c10_storm_150_a150_c100_0025,38.0640,38.0640
10,storm,a150_c100,atc,0.5,c10_storm_150_a150_c100_0026,41.7224,41.7224
10,storm,a150_c100,edd,0.5,c10_storm_150_a150_c100_0026,41.7224,41.7224
10,storm,a150_c100,atc,1.0,c10_storm_150_a150_c100_0026,41.7224,41.7224
10,storm,a150_c100,edd,1.0,c10_storm_150_a150_c100_0026,41.7224,41.7224
10,storm,a150_c100,atc,0.5,c10_storm_150_a150_c100_0027,19.1512,19.1512
10,storm,a150_c100,edd,0.5,c10_storm_150_a150_c100_0027,19.1512,19.1512
10,storm,a150_c100,atc,1.0,c10_storm_150_a150_c100_0027,19.1512,19.1512
10,storm,a150_c100,edd,1.0,c10_storm_150_a150_c100_0027,19.1512,19.1512
10,storm,a150_c100,atc,0.5,c10_storm_150_a150_c100_0028,0.0000,0.0000
10,storm,a150_c100,edd,0.5,c10_storm_150_a150_c100_0028,0.0000,0.0000
10,storm,a150_c100,atc,1.0,c10_storm_150_a150_c100_0028,0.0000,0.0000
10,storm,a150_c100,edd,1.0,c10_storm_150_a150_c100_0028,0.0000,0.0000
10,storm,a150_c100,atc,0.5,c10_storm_150_a150_c100_0029,0.0000,0.0000
10,storm,a150_c100,edd,0.5,c10_storm_150_a150_c100_0029,0.0000,0.0000
10,storm,a150_c100,atc,1.0,c10_storm_150_a150_c100_0029,0.0000,0.0000
10,storm,a150_c100,edd,1.0,c10_storm_150_a150_c100_0029,0.0000,0.0000
10,storm,a150_c80,atc,0.5,c10_storm_150_a150_c80_0000,0.0000,0.0000
10,storm,a150_c80,edd,0.5,c10_storm_150_a150_c80_0000,0.0000,0.0000
10,storm,a150_c80,atc,1.0,c10_storm_150_a150_c80_0000,0.0000,0.0000
10,storm,a150_c80,edd,1.0,c10_storm_150_a150_c80_0000,0.0000,0.0000
10,storm,a150_c80,atc,0.5,c10_storm_150_a150_c80_0001,0.0000,0.0000
10,storm,a150_c80,edd,0.5,c10_storm_150_a150_c80_0001,0.0000,0.0000
10,storm,a150_c80,atc,1.0,c10_storm_150_a150_c80_0001,0.0000,0.0000
10,storm,a150_c80,edd,1.0,c10_storm_150_a150_c80_0001,0.0000,0.0000
10,storm,a150_c80,atc,0.5,c10_storm_150_a150_c80_0002,0.0000,0.0000
10,storm,a150_c80,edd,0.5,c10_storm_150_a150_c80_0002,0.0000,0.0000
10,storm,a150_c80,atc,1.0,c10_storm_150_a150_c80_0002,0.0000,0.0000
10,storm,a150_c80,edd,1.0,c10_storm_150_a150_c80_0002,0.0000,0.0000
10,storm,a150_c80,atc,0.5,c10_storm_150_a150_c80_0003,0.0000,0.0000
10,storm,a150_c80,edd,0.5,c10_storm_150_a150_c80_0003,0.0000,0.0000
10,storm,a150_c80,atc,1.0,c10_storm_150_a150_c80_0003,0.0000,0.0000
10,storm,a150_c80,edd,1.0,c10_storm_150_a150_c80_0003,0.0000,0.0000
10,storm,a150_c80,atc,0.5,c10_storm_150_a150_c80_0004,56.3424,56.3424
10,storm,a150_c80,edd,0.5,c10_storm_150_a150_c80_0004,56.3424,56.3424
10,storm,a150_c80,atc,1.0,c10_storm_150_a150_c80_0004,56.3424,56.3424
10,storm,a150_c80,edd,1.0,c10_storm_150_a150_c80_0004,56.3424,56.3424
10,storm,a150_c80,atc,0.5,c10_storm_150_a150_c80_0005,0.0000,0.0000
10,storm,a150_c80,edd,0.5,c10_storm_150_a150_c80_0005,0.0000,0.0000
10,storm,a150_c80,atc,1.0,c10_storm_150_a150_c80_0005,0.0000,0.0000
10,storm,a150_c80,edd,1.0,c10_storm_150_a150_c80_0005,0.0000,0.0000
10,storm,a150_c80,atc,0.5,c10_storm_150_a150_c80_0006,0.0000,0.0000
10,storm,a150_c80,edd,0.5,c10_storm_150_a150_c80_0006,0.0000,0.0000
10,storm,a150_c80,atc,1.0,c10_storm_150_a150_c80_0006,0.0000,0.0000
10,storm,a150_c80,edd,1.0,c10_storm_150_a150_c80_0006,0.0000,0.0000
10,storm,a150_c80,atc,0.5,c10_storm_150_a150_c80_0007,0.0000,0.0000
10,storm,a150_c80,edd,0.5,c10_storm_150_a150_c80_0007,0.0000,0.0000
10,storm,a150_c80,atc,1.0,c10_storm_150_a150_c80_0007,0.0000,0.0000
10,storm,a150_c80,edd,1.0,c10_storm_150_a150_c80_0007,0.0000,0.0000
10,storm,a150_c80,atc,0.5,c10_storm_150_a150_c80_0008,14.7152,14.7152
10,storm,a150_c80,edd,0.5,c10_storm_150_a150_c80_0008,14.7152,14.7152
10,storm,a150_c80,atc,1.0,c10_storm_150_a150_c80_0008,21.3532,21.3532
10,storm,a150_c80,edd,1.0,c10_storm_150_a150_c80_0008,21.3532,21.3532
10,storm,a150_c80,atc,0.5,c10_storm_150_a150_c80_0009,0.0000,0.0000
10,storm,a150_c80,edd,0.5,c10_storm_150_a150_c80_0009,0.0000,0.0000
10,storm,a150_c80,atc,1.0,c10_storm_150_a150_c80_0009,0.0000,0.0000
10,storm,a150_c80,edd,1.0,c10_storm_150_a150_c80_0009,0.0000,0.0000
10,storm,a150_c80,atc,0.5,c10_storm_150_a150_c80_0010,0.0000,0.0000
10,storm,a150_c80,edd,0.5,c10_storm_150_a150_c80_0010,0.0000,0.0000
10,storm,a150_c80,atc,1.0,c10_storm_150_a150_c80_0010,0.0000,0.0000
10,storm,a150_c80,edd,1.0,c10_storm_150_a150_c80_0010,0.0000,0.0000
10,storm,a150_c80,atc,0.5,c10_storm_150_a150_c80_0011,34.8092,34.8092
10,storm,a150_c80,edd,0.5,c10_storm_150_a150_c80_0011,34.8092,34.8092
10,storm,a150_c80,atc,1.0,c10_storm_150_a150_c80_0011,2.8092,2.8092
10,storm,a150_c80,edd,1.0,c10_storm_150_a150_c80_0011,2.8092,2.8092
10,storm,a150_c80,atc,0.5,c10_storm_150_a150_c80_0012,0.0000,0.0000
10,storm,a150_c80,edd,0.5,c10_storm_150_a150_c80_0012,0.0000,0.0000
10,storm,a150_c80,atc,1.0,c10_storm_150_a150_c80_0012,0.0000,0.0000
10,storm,a150_c80,edd,1.0,c10_storm_150_a150_c80_0012,0.0000,0.0000
10,storm,a150_c80,atc,0.5,c10_storm_150_a150_c80_0013,342.1360,342.1360
10,storm,a150_c80,edd,0.5,c10_storm_150_a150_c80_0013,342.1360,342.1360
10,storm,a150_c80,atc,1.0,c10_storm_150_a150_c80_0013,342.1360,342.1360
10,storm,a150_c80,edd,1.0,c10_storm_150_a150_c80_0013,342.1360,342.1360
10,storm,a150_c80,atc,0.5,c10_storm_150_a150_c80_0014,0.0000,0.0000
10,storm,a150_c80,edd,0.5,c10_storm_150_a150_c80_0014,0.0000,0.0000
10,storm,a150_c80,atc,1.0,c10_storm_150_a150_c80_0014,0.0000,0.0000
10,storm,a150_c80,edd,1.0,c10_storm_150_a150_c80_0014,0.0000,0.0000
10,storm,a150_c80,atc,0.5,c10_storm_150_a150_c80_0015,0.0000,0.0000
10,storm,a150_c80,edd,0.5,c10_storm_150_a150_c80_0015,0.0000,0.0000
10,storm,a150_c80,atc,1.0,c10_storm_150_a150_c80_0015,0.0000,0.0000
10,storm,a150_c80,edd,1.0,c10_storm_150_a150_c80_0015,0.0000,0.0000
10,storm,a150_c80,atc,0.5,c10_storm_150_a150_c80_0016,13.3304,13.3304
10,storm,a150_c80,edd,0.5,c10_storm_150_a150_c80_0016,13.3304,13.3304
10,storm,a150_c80,atc,1.0,c10_storm_150_a150_c80_0016,13.3304,13.3304
10,storm,a150_c80,edd,1.0,c10_storm_150_a150_c80_0016,13.3304,13.3304
10,storm,a150_c80,atc,0.5,c10_storm_150_a150_c80_0017,0.0000,0.0000
10,storm,a150_c80,edd,0.5,c10_storm_150_a150_c80_0017,0.0000,0.0000
10,storm,a150_c80,atc,1.0,c10_storm_150_a150_c80_0017,0.0000,0.0000
10,storm,a150_c80,edd,1.0,c10_storm_150_a150_c80_0017,0.0000,0.0000
10,storm,a150_c80,atc,0.5,c10_storm_150_a150_c80_0018,0.0000,0.0000
10,storm,a150_c80,edd,0.5,c10_storm_150_a150_c80_0018,0.0000,0.0000
10,storm,a150_c80,atc,1.0,c10_storm_150_a150_c80_0018,0.0000,0.0000
10,storm,a150_c80,edd,1.0,c10_storm_150_a150_c80_0018,0.0000,0.0000
10,storm,a150_c80,atc,0.5,c10_storm_150_a150_c80_0019,106.0336,106.0336
10,storm,a150_c80,edd,0.5,c10_storm_150_a150_c80_0019,106.0336,106.0336
10,storm,a150_c80,atc,1.0,c10_storm_150_a150_c80_0019,115.4370,115.4370
10,storm,a150_c80,edd,1.0,c10_storm_150_a150_c80_0019,115.4370,115.4370
10,storm,a150_c80,atc,0.5,c10_storm_150_a150_c80_0020,0.0000,0.0000
10,storm,a150_c80,edd,0.5,c10_storm_150_a150_c80_0020,0.0000,0.0000
10,storm,a150_c80,atc,1.0,c10_storm_150_a150_c80_0020,0.0000,0.0000
10,storm,a150_c80,edd,1.0,c10_storm_150_a150_c80_0020,0.0000,0.0000
10,storm,a150_c80,atc,0.5,c10_storm_150_a150_c80_0021,0.0000,0.0000
10,storm,a150_c80,edd,0.5,c10_storm_150_a150_c80_0021,0.0000,0.0000
10,storm,a150_c80,atc,1.0,c10_storm_150_a150_c80_0021,14.7112,14.7112
10,storm,a150_c80,edd,1.0,c10_storm_150_a150_c80_0021,14.7112,14.7112
10,storm,a150_c80,atc,0.5,c10_storm_150_a150_c80_0022,0.0000,0.0000
10,storm,a150_c80,edd,0.5,c10_storm_150_a150_c80_0022,0.0000,0.0000
10,storm,a150_c80,atc,1.0,c10_storm_150_a150_c80_0022,0.0000,0.0000
10,storm,a150_c80,edd,1.0,c10_storm_150_a150_c80_0022,0.0000,0.0000
10,storm,a150_c80,atc,0.5,c10_storm_150_a150_c80_0023,0.0000,0.0000
10,storm,a150_c80,edd,0.5,c10_storm_150_a150_c80_0023,0.0000,0.0000
10,storm,a150_c80,atc,1.0,c10_storm_150_a150_c80_0023,0.0000,0.0000
10,storm,a150_c80,edd,1.0,c10_storm_150_a150_c80_0023,0.0000,0.0000
10,storm,a150_c80,atc,0.5,c10_storm_150_a150_c80_0024,21.2128,21.2128
10,storm,a150_c80,edd,0.5,c10_storm_150_a150_c80_0024,21.2128,21.2128
10,storm,a150_c80,atc,1.0,c10_storm_150_a150_c80_0024,0.0000,0.0000
10,storm,a150_c80,edd,1.0,c10_storm_150_a150_c80_0024,0.0000,0.0000
10,storm,a150_c80,atc,0.5,c10_storm_150_a150_c80_0025,38.0640,38.0640
10,storm,a150_c80,edd,0.5,c10_storm_150_a150_c80_0025,38.0640,38.0640
10,storm,a150_c80,atc,1.0,c10_storm_150_a150_c80_0025,38.0640,38.0640
10,storm,a150_c80,edd,1.0,c10_storm_150_a150_c80_0025,38.0640,38.0640
10,storm,a150_c80,atc,0.5,c10_storm_150_a150_c80_0026,41.7224,41.7224
10,storm,a150_c80,edd,0.5,c10_storm_150_a150_c80_0026,41.7224,41.7224
10,storm,a150_c80,atc,1.0,c10_storm_150_a150_c80_0026,41.7224,41.7224
10,storm,a150_c80,edd,1.0,c10_storm_150_a150_c80_0026,41.7224,41.7224
10,storm,a150_c80,atc,0.5,c10_storm_150_a150_c80_0027,19.1512,19.1512
10,storm,a150_c80,edd,0.5,c10_storm_150_a150_c80_0027,19.1512,19.1512
10,storm,a150_c80,atc,1.0,c10_storm_150_a150_c80_0027,19.1512,19.1512
10,storm,a150_c80,edd,1.0,c10_storm_150_a150_c80_0027,19.1512,19.1512
10,storm,a150_c80,atc,0.5,c10_storm_150_a150_c80_0028,0.0000,0.0000
10,storm,a150_c80,edd,0.5,c10_storm_150_a150_c80_0028,0.0000,0.0000
10,storm,a150_c80,atc,1.0,c10_storm_150_a150_c80_0028,0.0000,0.0000
10,storm,a150_c80,edd,1.0,c10_storm_150_a150_c80_0028,0.0000,0.0000
10,storm,a150_c80,atc,0.5,c10_storm_150_a150_c80_0029,0.0000,0.0000
10,storm,a150_c80,edd,0.5,c10_storm_150_a150_c80_0029,0.0000,0.0000
10,storm,a150_c80,atc,1.0,c10_storm_150_a150_c80_0029,0.0000,0.0000
10,storm,a150_c80,edd,1.0,c10_storm_150_a150_c80_0029,0.0000,0.0000
10,storm,a200_c100,atc,0.5,c10_storm_150_a200_c100_0000,0.0000,0.0000
10,storm,a200_c100,edd,0.5,c10_storm_150_a200_c100_0000,0.0000,0.0000
10,storm,a200_c100,atc,1.0,c10_storm_150_a200_c100_0000,0.0000,0.0000
10,storm,a200_c100,edd,1.0,c10_storm_150_a200_c100_0000,0.0000,0.0000
10,storm,a200_c100,atc,0.5,c10_storm_150_a200_c100_0001,0.0000,0.0000
10,storm,a200_c100,edd,0.5,c10_storm_150_a200_c100_0001,0.0000,0.0000
10,storm,a200_c100,atc,1.0,c10_storm_150_a200_c100_0001,0.0000,0.0000
10,storm,a200_c100,edd,1.0,c10_storm_150_a200_c100_0001,0.0000,0.0000
10,storm,a200_c100,atc,0.5,c10_storm_150_a200_c100_0002,0.0000,0.0000
10,storm,a200_c100,edd,0.5,c10_storm_150_a200_c100_0002,0.0000,0.0000
10,storm,a200_c100,atc,1.0,c10_storm_150_a200_c100_0002,0.0000,0.0000
10,storm,a200_c100,edd,1.0,c10_storm_150_a200_c100_0002,0.0000,0.0000
10,storm,a200_c100,atc,0.5,c10_storm_150_a200_c100_0003,0.0000,0.0000
10,storm,a200_c100,edd,0.5,c10_storm_150_a200_c100_0003,0.0000,0.0000
10,storm,a200_c100,atc,1.0,c10_storm_150_a200_c100_0003,0.0000,0.0000
10,storm,a200_c100,edd,1.0,c10_storm_150_a200_c100_0003,0.0000,0.0000
10,storm,a200_c100,atc,0.5,c10_storm_150_a200_c100_0004,0.0000,0.0000
10,storm,a200_c100,edd,0.5,c10_storm_150_a200_c100_0004,0.0000,0.0000
10,storm,a200_c100,atc,1.0,c10_storm_150_a200_c100_0004,0.0000,0.0000
10,storm,a200_c100,edd,1.0,c10_storm_150_a200_c100_0004,0.0000,0.0000
10,storm,a200_c100,atc,0.5,c10_storm_150_a200_c100_0005,71.8240,71.8240
10,storm,a200_c100,edd,0.5,c10_storm_150_a200_c100_0005,71.8240,71.8240
10,storm,a200_c100,atc,1.0,c10_storm_150_a200_c100_0005,85.8992,85.8992
10,storm,a200_c100,edd,1.0,c10_storm_150_a200_c100_0005,85.8992,85.8992
10,storm,a200_c100,atc,0.5,c10_storm_150_a200_c100_0006,0.0000,0.0000
10,storm,a200_c100,edd,0.5,c10_storm_150_a200_c100_0006,0.0000,0.0000
10,storm,a200_c100,atc,1.0,c10_storm_150_a200_c100_0006,0.0000,0.0000
10,storm,a200_c100,edd,1.0,c10_storm_150_a200_c100_0006,0.0000,0.0000
10,storm,a200_c100,atc,0.5,c10_storm_150_a200_c100_0007,0.0000,0.0000
10,storm,a200_c100,edd,0.5,c10_storm_150_a200_c100_0007,0.0000,0.0000
10,storm,a200_c100,atc,1.0,c10_storm_150_a200_c100_0007,0.0000,0.0000
10,storm,a200_c100,edd,1.0,c10_storm_150_a200_c100_0007,0.0000,0.0000
10,storm,a200_c100,atc,0.5,c10_storm_150_a200_c100_0008,97.4248,97.4248
10,storm,a200_c100,edd,0.5,c10_storm_150_a200_c100_0008,97.4248,97.4248
10,storm,a200_c100,atc,1.0,c10_storm_150_a200_c100_0008,97.4248,97.4248
10,storm,a200_c100,edd,1.0,c10_storm_150_a200_c100_0008,97.4248,97.4248
10,storm,a200_c100,atc,0.5,c10_storm_150_a200_c100_0009,0.0000,0.0000
10,storm,a200_c100,edd,0.5,c10_storm_150_a200_c100_0009,0.0000,0.0000
10,storm,a200_c100,atc,1.0,c10_storm_150_a200_c100_0009,0.0000,0.0000
10,storm,a200_c100,edd,1.0,c10_storm_150_a200_c100_0009,0.0000,0.0000
10,storm,a200_c100,atc,0.5,c10_storm_150_a200_c100_0010,0.0000,0.0000
10,storm,a200_c100,edd,0.5,c10_storm_150_a200_c100_0010,0.0000,0.0000
10,storm,a200_c100,atc,1.0,c10_storm_150_a200_c100_0010,0.0000,0.0000
10,storm,a200_c100,edd,1.0,c10_storm_150_a200_c100_0010,0.0000,0.0000
10,storm,a200_c100,atc,0.5,c10_storm_150_a200_c100_0011,16.9740,16.9740
10,storm,a200_c100,edd,0.5,c10_storm_150_a200_c100_0011,16.9740,16.9740
10,storm,a200_c100,atc,1.0,c10_storm_150_a200_c100_0011,27.0922,27.0922
10,storm,a200_c100,edd,1.0,c10_storm_150_a200_c100_0011,27.0922,27.0922
10,storm,a200_c100,atc,0.5,c10_storm_150_a200_c100_0012,0.0000,0.0000
10,storm,a200_c100,edd,0.5,c10_storm_150_a200_c100_0012,0.0000,0.0000
10,storm,a200_c100,atc,1.0,c10_storm_150_a200_c100_0012,0.0000,0.0000
10,storm,a200_c100,edd,1.0,c10_storm_150_a200_c100_0012,0.0000,0.0000
10,storm,a200_c100,atc,0.5,c10_storm_150_a200_c100_0013,0.0000,0.0000
10,storm,a200_c100,edd,0.5,c10_storm_150_a200_c100_0013,0.0000,0.0000
10,storm,a200_c100,atc,1.0,c10_storm_150_a200_c100_0013,0.0000,0.0000
10,storm,a200_c100,edd,1.0,c10_storm_150_a200_c100_0013,0.0000,0.0000
10,storm,a200_c100,atc,0.5,c10_storm_150_a200_c100_0014,0.0000,0.0000
10,storm,a200_c100,edd,0.5,c10_storm_150_a200_c100_0014,0.0000,0.0000
10,storm,a200_c100,atc,1.0,c10_storm_150_a200_c100_0014,0.0000,0.0000
10,storm,a200_c100,edd,1.0,c10_storm_150_a200_c100_0014,0.0000,0.0000
10,storm,a200_c100,atc,0.5,c10_storm_150_a200_c100_0015,18.4484,18.4484
10,storm,a200_c100,edd,0.5,c10_storm_150_a200_c100_0015,18.4484,18.4484
10,storm,a200_c100,atc,1.0,c10_storm_150_a200_c100_0015,18.4484,18.4484
10,storm,a200_c100,edd,1.0,c10_storm_150_a200_c100_0015,18.4484,18.4484
10,storm,a200_c100,atc,0.5,c10_storm_150_a200_c100_0016,0.0000,0.0000
10,storm,a200_c100,edd,0.5,c10_storm_150_a200_c100_0016,0.0000,0.0000
10,storm,a200_c100,atc,1.0,c10_storm_150_a200_c100_0016,0.0000,0.0000
10,storm,a200_c100,edd,1.0,c10_storm_150_a200_c100_0016,0.0000,0.0000
10,storm,a200_c100,atc,0.5,c10_storm_150_a200_c100_0017,0.0000,0.0000
10,storm,a200_c100,edd,0.5,c10_storm_150_a200_c100_0017,0.0000,0.0000
10,storm,a200_c100,atc,1.0,c10_storm_150_a200_c100_0017,0.0000,0.0000
10,storm,a200_c100,edd,1.0,c10_storm_150_a200_c100_0017,0.0000,0.0000
10,storm,a200_c100,atc,0.5,c10_storm_150_a200_c100_0018,4.2088,4.2088
10,storm,a200_c100,edd,0.5,c10_storm_150_a200_c100_0018,4.2088,4.2088
10,storm,a200_c100,atc,1.0,c10_storm_150_a200_c100_0018,4.2088,4.2088
10,storm,a200_c100,edd,1.0,c10_storm_150_a200_c100_0018,4.2088,4.2088
10,storm,a200_c100,atc,0.5,c10_storm_150_a200_c100_0019,0.0000,0.0000
10,storm,a200_c100,edd,0.5,c10_storm_150_a200_c100_0019,0.0000,0.0000
10,storm,a200_c100,atc,1.0,c10_storm_150_a200_c100_0019,0.0000,0.0000
10,storm,a200_c100,edd,1.0,c10_storm_150_a200_c100_0019,0.0000,0.0000
10,storm,a200_c100,atc,0.5,c10_storm_150_a200_c100_0020,52.7504,52.7504
10,storm,a200_c100,edd,0.5,c10_storm_150_a200_c100_0020,52.7504,52.7504
10,storm,a200_c100,atc,1.0,c10_storm_150_a200_c100_0020,52.7504,52.7504
10,storm,a200_c100,edd,1.0,c10_storm_150_a200_c100_0020,52.7504,52.7504
10,storm,a200_c100,atc,0.5,c10_storm_150_a200_c100_0021,0.0000,0.0000
10,storm,a200_c100,edd,0.5,c10_storm_150_a200_c100_0021,0.0000,0.0000
10,storm,a200_c100,atc,1.0,c10_storm_150_a200_c100_0021,0.0000,0.0000
10,storm,a200_c100,edd,1.0,c10_storm_150_a200_c100_0021,0.0000,0.0000
10,storm,a200_c100,atc,0.5,c10_storm_150_a200_c100_0022,0.0000,0.0000
10,storm,a200_c100,edd,0.5,c10_storm_150_a200_c100_0022,0.0000,0.0000
10,storm,a200_c100,atc,1.0,c10_storm_150_a200_c100_0022,29.2740,29.2740
10,storm,a200_c100,edd,1.0,c10_storm_150_a200_c100_0022,29.2740,29.2740
10,storm,a200_c100,atc,0.5,c10_storm_150_a200_c100_0023,0.0000,0.0000
10,storm,a200_c100,edd,0.5,c10_storm_150_a200_c100_0023,0.0000,0.0000
10,storm,a200_c100,atc,1.0,c10_storm_150_a200_c100_0023,0.0000,0.0000
10,storm,a200_c100,edd,1.0,c10_storm_150_a200_c100_0023,0.0000,0.0000
10,storm,a200_c100,atc,0.5,c10_storm_150_a200_c100_0024,4.4678,4.4678
10,storm,a200_c100,edd,0.5,c10_storm_150_a200_c100_0024,4.4678,4.4678
10,storm,a200_c100,atc,1.0,c10_storm_150_a200_c100_0024,0.0000,0.0000
10,storm,a200_c100,edd,1.0,c10_storm_150_a200_c100_0024,0.0000,0.0000
10,storm,a200_c100,atc,0.5,c10_storm_150_a200_c100_0025,0.0000,0.0000
10,storm,a200_c100,edd,0.5,c10_storm_150_a200_c100_0025,0.0000,0.0000
10,storm,a200_c100,atc,1.0,c10_storm_150_a200_c100_0025,0.0000,0.0000
10,storm,a200_c100,edd,1.0,c10_storm_150_a200_c100_0025,0.0000,0.0000
10,storm,a200_c100,atc,0.5,c10_storm_150_a200_c100_0026,91.2672,91.2672
10,storm,a200_c100,edd,0.5,c10_storm_150_a200_c100_0026,91.2672,91.2672
10,storm,a200_c100,atc,1.0,c10_storm_150_a200_c100_0026,27.2672,27.2672
10,storm,a200_c100,edd,1.0,c10_storm_150_a200_c100_0026,27.2672,27.2672
10,storm,a200_c100,atc,0.5,c10_storm_150_a200_c100_0027,2.0720,2.0720
10,storm,a200_c100,edd,0.5,c10_storm_150_a200_c100_0027,2.0720,2.0720
10,storm,a200_c100,atc,1.0,c10_storm_150_a200_c100_0027,2.0720,2.0720
10,storm,a200_c100,edd,1.0,c10_storm_150_a200_c100_0027,2.0720,2.0720
10,storm,a200_c100,atc,0.5,c10_storm_150_a200_c100_0028,8.0852,8.0852
10,storm,a200_c100,edd,0.5,c10_storm_150_a200_c100_0028,8.0852,8.0852
10,storm,a200_c100,atc,1.0,c10_storm_150_a200_c100_0028,8.0852,8.0852
10,storm,a200_c100,edd,1.0,c10_storm_150_a200_c100_0028,8.0852,8.0852
10,storm,a200_c100,atc,0.5,c10_storm_150_a200_c100_0029,0.0000,0.0000
10,storm,a200_c100,edd,0.5,c10_storm_150_a200_c100_0029,0.0000,0.0000
10,storm,a200_c100,atc,1.0,c10_storm_150_a200_c100_0029,0.0000,0.0000
10,storm,a200_c100,edd,1.0,c10_storm_150_a200_c100_0029,0.0000,0.0000
10,storm,a200_c80,atc,0.5,c10_storm_150_a200_c80_0000,0.0000,0.0000
10,storm,a200_c80,edd,0.5,c10_storm_150_a200_c80_0000,0.0000,0.0000
10,storm,a200_c80,atc,1.0,c10_storm_150_a200_c80_0000,20.0900,20.0900
10,storm,a200_c80,edd,1.0,c10_storm_150_a200_c80_0000,20.0900,20.0900
10,storm,a200_c80,atc,0.5,c10_storm_150_a200_c80_0001,8.4572,8.4572
10,storm,a200_c80,edd,0.5,c10_storm_150_a200_c80_0001,8.4572,8.4572
10,storm,a200_c80,atc,1.0,c10_storm_150_a200_c80_0001,0.0000,0.0000
10,storm,a200_c80,edd,1.0,c10_storm_150_a200_c80_0001,0.0000,0.0000
10,storm,a200_c80,atc,0.5,c10_storm_150_a200_c80_0002,0.0000,0.0000
10,storm,a200_c80,edd,0.5,c10_storm_150_a200_c80_0002,0.0000,0.0000
10,storm,a200_c80,atc,1.0,c10_storm_150_a200_c80_0002,0.0000,0.0000
10,storm,a200_c80,edd,1.0,c10_storm_150_a200_c80_0002,0.0000,0.0000
10,storm,a200_c80,atc,0.5,c10_storm_150_a200_c80_0003,0.0000,0.0000
10,storm,a200_c80,edd,0.5,c10_storm_150_a200_c80_0003,0.0000,0.0000
10,storm,a200_c80,atc,1.0,c10_storm_150_a200_c80_0003,0.0000,0.0000
10,storm,a200_c80,edd,1.0,c10_storm_150_a200_c80_0003,0.0000,0.0000
10,storm,a200_c80,atc,0.5,c10_storm_150_a200_c80_0004,0.0000,0.0000
10,storm,a200_c80,edd,0.5,c10_storm_150_a200_c80_0004,0.0000,0.0000
10,storm,a200_c80,atc,1.0,c10_storm_150_a200_c80_0004,0.0000,0.0000
10,storm,a200_c80,edd,1.0,c10_storm_150_a200_c80_0004,0.0000,0.0000
10,storm,a200_c80,atc,0.5,c10_storm_150_a200_c80_0005,0.0000,0.0000
10,storm,a200_c80,edd,0.5,c10_storm_150_a200_c80_0005,0.0000,0.0000
10,storm,a200_c80,atc,1.0,c10_storm_150_a200_c80_0005,0.0000,0.0000
10,storm,a200_c80,edd,1.0,c10_storm_150_a200_c80_0005,0.0000,0.0000
10,storm,a200_c80,atc,0.5,c10_storm_150_a200_c80_0006,0.0000,0.0000
10,storm,a200_c80,edd,0.5,c10_storm_150_a200_c80_0006,0.0000,0.0000
10,storm,a200_c80,atc,1.0,c10_storm_150_a200_c80_0006,0.0000,0.0000
10,storm,a200_c80,edd,1.0,c10_storm_150_a200_c80_0006,0.0000,0.0000
10,storm,a200_c80,atc,0.5,c10_storm_150_a200_c80_0007,0.0000,0.0000
10,storm,a200_c80,edd,0.5,c10_storm_150_a200_c80_0007,0.0000,0.0000
10,storm,a200_c80,atc,1.0,c10_storm_150_a200_c80_0007,0.0000,0.0000
10,storm,a200_c80,edd,1.0,c10_storm_150_a200_c80_0007,0.0000,0.0000
10,storm,a200_c80,atc,0.5,c10_storm_150_a200_c80_0008,16.1355,16.1355
10,storm,a200_c80,edd,0.5,c10_storm_150_a200_c80_0008,16.1355,16.1355
10,storm,a200_c80,atc,1.0,c10_storm_150_a200_c80_0008,0.0000,0.0000
10,storm,a200_c80,edd,1.0,c10_storm_150_a200_c80_0008,0.0000,0.0000
10,storm,a200_c80,atc,0.5,c10_storm_150_a200_c80_0009,0.0000,0.0000
10,storm,a200_c80,edd,0.5,c10_storm_150_a200_c80_0009,0.0000,0.0000
10,storm,a200_c80,atc,1.0,c10_storm_150_a200_c80_0009,0.0000,0.0000
10,storm,a200_c80,edd,1.0,c10_storm_150_a200_c80_0009,0.0000,0.0000
10,storm,a200_c80,atc,0.5,c10_storm_150_a200_c80_0010,17.4666,17.4666
10,storm,a200_c80,edd,0.5,c10_storm_150_a200_c80_0010,17.4666,17.4666
10,storm,a200_c80,atc,1.0,c10_storm_150_a200_c80_0010,11.2600,11.2600
10,storm,a200_c80,edd,1.0,c10_storm_150_a200_c80_0010,11.2600,11.2600
10,storm,a200_c80,atc,0.5,c10_storm_150_a200_c80_0011,0.0000,0.0000
10,storm,a200_c80,edd,0.5,c10_storm_150_a200_c80_0011,0.0000,0.0000
10,storm,a200_c80,atc,1.0,c10_storm_150_a200_c80_0011,0.0000,0.0000
10,storm,a200_c80,edd,1.0,c10_storm_150_a200_c80_0011,0.0000,0.0000
10,storm,a200_c80,atc,0.5,c10_storm_150_a200_c80_0012,28.6708,28.6708
10,storm,a200_c80,edd,0.5,c10_storm_150_a200_c80_0012,28.6708,28.6708
10,storm,a200_c80,atc,1.0,c10_storm_150_a200_c80_0012,70.6120,70.6120
10,storm,a200_c80,edd,1.0,c10_storm_150_a200_c80_0012,70.6120,70.6120
10,storm,a200_c80,atc,0.5,c10_storm_150_a200_c80_0013,0.5898,0.5898
10,storm,a200_c80,edd,0.5,c10_storm_150_a200_c80_0013,0.5898,0.5898
10,storm,a200_c80,atc,1.0,c10_storm_150_a200_c80_0013,0.5898,0.5898
10,storm,a200_c80,edd,1.0,c10_storm_150_a200_c80_0013,0.5898,0.5898
10,storm,a200_c80,atc,0.5,c10_storm_150_a200_c80_0014,0.0000,0.0000
10,storm,a200_c80,edd,0.5,c10_storm_150_a200_c80_0014,0.0000,0.0000
10,storm,a200_c80,atc,1.0,c10_storm_150_a200_c80_0014,0.0000,0.0000
10,storm,a200_c80,edd,1.0,c10_storm_150_a200_c80_0014,0.0000,0.0000
10,storm,a200_c80,atc,0.5,c10_storm_150_a200_c80_0015,15.5048,15.5048
10,storm,a200_c80,edd,0.5,c10_storm_150_a200_c80_0015,15.5048,15.5048
10,storm,a200_c80,atc,1.0,c10_storm_150_a200_c80_0015,15.5048,15.5048
10,storm,a200_c80,edd,1.0,c10_storm_150_a200_c80_0015,15.5048,15.5048
10,storm,a200_c80,atc,0.5,c10_storm_150_a200_c80_0016,22.8968,22.8968
10,storm,a200_c80,edd,0.5,c10_storm_150_a200_c80_0016,22.8968,22.8968
10,storm,a200_c80,atc,1.0,c10_storm_150_a200_c80_0016,22.8968,22.8968
10,storm,a200_c80,edd,1.0,c10_storm_150_a200_c80_0016,22.8968,22.8968
10,storm,a200_c80,atc,0.5,c10_storm_150_a200_c80_0017,0.0000,0.0000
10,storm,a200_c80,edd,0.5,c10_storm_150_a200_c80_0017,0.0000,0.0000
10,storm,a200_c80,atc,1.0,c10_storm_150_a200_c80_0017,0.0000,0.0000
10,storm,a200_c80,edd,1.0,c10_storm_150_a200_c80_0017,0.0000,0.0000
10,storm,a200_c80,atc,0.5,c10_storm_150_a200_c80_0018,182.6720,182.6720
10,storm,a200_c80,edd,0.5,c10_storm_150_a200_c80_0018,182.6720,182.6720
10,storm,a200_c80,atc,1.0,c10_storm_150_a200_c80_0018,182.6720,182.6720
10,storm,a200_c80,edd,1.0,c10_storm_150_a200_c80_0018,182.6720,182.6720
10,storm,a200_c80,atc,0.5,c10_storm_150_a200_c80_0019,0.0000,0.0000
10,storm,a200_c80,edd,0.5,c10_storm_150_a200_c80_0019,0.0000,0.0000
10,storm,a200_c80,atc,1.0,c10_storm_150_a200_c80_0019,0.0000,0.0000
10,storm,a200_c80,edd,1.0,c10_storm_150_a200_c80_0019,0.0000,0.0000
10,storm,a200_c80,atc,0.5,c10_storm_150_a200_c80_0020,316.1088,316.1088
10,storm,a200_c80,edd,0.5,c10_storm_150_a200_c80_0020,316.1088,316.1088
10,storm,a200_c80,atc,1.0,c10_storm_150_a200_c80_0020,444.1088,444.1088
10,storm,a200_c80,edd,1.0,c10_storm_150_a200_c80_0020,444.1088,444.1088
10,storm,a200_c80,atc,0.5,c10_storm_150_a200_c80_0021,0.0000,0.0000
10,storm,a200_c80,edd,0.5,c10_storm_150_a200_c80_0021,0.0000,0.0000
10,storm,a200_c80,atc,1.0,c10_storm_150_a200_c80_0021,0.0000,0.0000
10,storm,a200_c80,edd,1.0,c10_storm_150_a200_c80_0021,0.0000,0.0000
10,storm,a200_c80,atc,0.5,c10_storm_150_a200_c80_0022,0.0000,0.0000
10,storm,a200_c80,edd,0.5,c10_storm_150_a200_c80_0022,0.0000,0.0000
10,storm,a200_c80,atc,1.0,c10_storm_150_a200_c80_0022,0.0000,0.0000
10,storm,a200_c80,edd,1.0,c10_storm_150_a200_c80_0022,0.0000,0.0000
10,storm,a200_c80,atc,0.5,c10_storm_150_a200_c80_0023,0.0000,0.0000
10,storm,a200_c80,edd,0.5,c10_storm_150_a200_c80_0023,0.0000,0.0000
10,storm,a200_c80,atc,1.0,c10_storm_150_a200_c80_0023,0.0000,0.0000
10,storm,a200_c80,edd,1.0,c10_storm_150_a200_c80_0023,0.0000,0.0000
10,storm,a200_c80,atc,0.5,c10_storm_150_a200_c80_0024,0.0000,0.0000
10,storm,a200_c80,edd,0.5,c10_storm_150_a200_c80_0024,0.0000,0.0000
10,storm,a200_c80,atc,1.0,c10_storm_150_a200_c80_0024,0.0000,0.0000
10,storm,a200_c80,edd,1.0,c10_storm_150_a200_c80_0024,0.0000,0.0000
10,storm,a200_c80,atc,0.5,c10_storm_150_a200_c80_0025,0.0000,0.0000
10,storm,a200_c80,edd,0.5,c10_storm_150_a200_c80_0025,0.0000,0.0000
10,storm,a200_c80,atc,1.0,c10_storm_150_a200_c80_0025,0.0000,0.0000
10,storm,a200_c80,edd,1.0,c10_storm_150_a200_c80_0025,0.0000,0.0000
10,storm,a200_c80,atc,0.5,c10_storm_150_a200_c80_0026,0.0000,0.0000
10,storm,a200_c80,edd,0.5,c10_storm_150_a200_c80_0026,0.0000,0.0000
10,storm,a200_c80,atc,1.0,c10_storm_150_a200_c80_0026,0.0000,0.0000
10,storm,a200_c80,edd,1.0,c10_storm_150_a200_c80_0026,0.0000,0.0000
10,storm,a200_c80,atc,0.5,c10_storm_150_a200_c80_0027,0.0000,0.0000
10,storm,a200_c80,edd,0.5,c10_storm_150_a200_c80_0027,0.0000,0.0000
10,storm,a200_c80,atc,1.0,c10_storm_150_a200_c80_0027,0.0000,0.0000
10,storm,a200_c80,edd,1.0,c10_storm_150_a200_c80_0027,0.0000,0.0000
10,storm,a200_c80,atc,0.5,c10_storm_150_a200_c80_0028,0.0000,0.0000
10,storm,a200_c80,edd,0.5,c10_storm_150_a200_c80_0028,0.0000,0.0000
10,storm,a200_c80,atc,1.0,c10_storm_150_a200_c80_0028,0.0000,0.0000
10,storm,a200_c80,edd,1.0,c10_storm_150_a200_c80_0028,0.0000,0.0000
10,storm,a200_c80,atc,0.5,c10_storm_150_a200_c80_0029,0.0000,0.0000
10,storm,a200_c80,edd,0.5,c10_storm_150_a200_c80_0029,0.0000,0.0000
10,storm,a200_c80,atc,1.0,c10_storm_150_a200_c80_0029,0.0000,0.0000
10,storm,a200_c80,edd,1.0,c10_storm_150_a200_c80_0029,0.0000,0.0000
10,storm,a300_c100,atc,0.5,c10_storm_150_a300_c100_0000,0.0000,0.0000
10,storm,a300_c100,edd,0.5,c10_storm_150_a300_c100_0000,0.0000,0.0000
10,storm,a300_c100,atc,1.0,c10_storm_150_a300_c100_0000,40.0016,40.0016
10,storm,a300_c100,edd,1.0,c10_storm_150_a300_c100_0000,40.0016,40.0016
10,storm,a300_c100,atc,0.5,c10_storm_150_a300_c100_0001,0.0000,0.0000
10,storm,a300_c100,edd,0.5,c10_storm_150_a300_c100_0001,0.0000,0.0000
10,storm,a300_c100,atc,1.0,c10_storm_150_a300_c100_0001,0.0000,0.0000
10,storm,a300_c100,edd,1.0,c10_storm_150_a300_c100_0001,0.0000,0.0000
10,storm,a300_c100,atc,0.5,c10_storm_150_a300_c100_0002,0.0000,0.0000
10,storm,a300_c100,edd,0.5,c10_storm_150_a300_c100_0002,0.0000,0.0000
10,storm,a300_c100,atc,1.0,c10_storm_150_a300_c100_0002,0.0000,0.0000
10,storm,a300_c100,edd,1.0,c10_storm_150_a300_c100_0002,0.0000,0.0000
10,storm,a300_c100,atc,0.5,c10_storm_150_a300_c100_0003,0.0000,0.0000
10,storm,a300_c100,edd,0.5,c10_storm_150_a300_c100_0003,0.0000,0.0000
10,storm,a300_c100,atc,1.0,c10_storm_150_a300_c100_0003,0.0000,0.0000
10,storm,a300_c100,edd,1.0,c10_storm_150_a300_c100_0003,0.0000,0.0000
10,storm,a300_c100,atc,0.5,c10_storm_150_a300_c100_0004,111.0432,111.0432
10,storm,a300_c100,edd,0.5,c10_storm_150_a300_c100_0004,111.0432,111.0432
10,storm,a300_c100,atc,1.0,c10_storm_150_a300_c100_0004,111.0432,111.0432
10,storm,a300_c100,edd,1.0,c10_storm_150_a300_c100_0004,111.0432,111.0432
10,storm,a300_c100,atc,0.5,c10_storm_150_a300_c100_0005,0.0000,0.0000
10,storm,a300_c100,edd,0.5,c10_storm_150_a300_c100_0005,0.0000,0.0000
10,storm,a300_c100,atc,1.0,c10_storm_150_a300_c100_0005,3.3544,3.3544
10,storm,a300_c100,edd,1.0,c10_storm_150_a300_c100_0005,3.3544,3.3544
10,storm,a300_c100,atc,0.5,c10_storm_150_a300_c100_0006,0.0000,0.0000
10,storm,a300_c100,edd,0.5,c10_storm_150_a300_c100_0006,0.0000,0.0000
10,storm,a300_c100,atc,1.0,c10_storm_150_a300_c100_0006,0.0000,0.0000
10,storm,a300_c100,edd,1.0,c10_storm_150_a300_c100_0006,0.0000,0.0000
10,storm,a300_c100,atc,0.5,c10_storm_150_a300_c100_0007,3.9792,3.9792
10,storm,a300_c100,edd,0.5,c10_storm_150_a300_c100_0007,3.9792,3.9792
10,storm,a300_c100,atc,1.0,c10_storm_150_a300_c100_0007,14.0334,14.0334
10,storm,a300_c100,edd,1.0,c10_storm_150_a300_c100_0007,14.0334,14.0334
10,storm,a300_c100,atc,0.5,c10_storm_150_a300_c100_0008,0.0000,0.0000
10,storm,a300_c100,edd,0.5,c10_storm_150_a300_c100_0008,0.0000,0.0000
10,storm,a300_c100,atc,1.0,c10_storm_150_a300_c100_0008,0.0000,0.0000
10,storm,a300_c100,edd,1.0,c10_storm_150_a300_c100_0008,0.0000,0.0000
10,storm,a300_c100,atc,0.5,c10_storm_150_a300_c100_0009,0.0000,0.0000
10,storm,a300_c100,edd,0.5,c10_storm_150_a300_c100_0009,0.0000,0.0000
10,storm,a300_c100,atc,1.0,c10_storm_150_a300_c100_0009,0.0000,0.0000
10,storm,a300_c100,edd,1.0,c10_storm_150_a300_c100_0009,0.0000,0.0000
10,storm,a300_c100,atc,0.5,c10_storm_150_a300_c100_0010,90.1904,90.1904
10,storm,a300_c100,edd,0.5,c10_storm_150_a300_c100_0010,90.1904,90.1904
10,storm,a300_c100,atc,1.0,c10_storm_150_a300_c100_0010,92.8464,92.8464
10,storm,a300_c100,edd,1.0,c10_storm_150_a300_c100_0010,92.8464,92.8464
10,storm,a300_c100,atc,0.5,c10_storm_150_a300_c100_0011,0.0000,0.0000
10,storm,a300_c100,edd,0.5,c10_storm_150_a300_c100_0011,0.0000,0.0000
10,storm,a300_c100,atc,1.0,c10_storm_150_a300_c100_0011,0.0000,0.0000
10,storm,a300_c100,edd,1.0,c10_storm_150_a300_c100_0011,0.0000,0.0000
10,storm,a300_c100,atc,0.5,c10_storm_150_a300_c100_0012,13.8900,13.8900
10,storm,a300_c100,edd,0.5,c10_storm_150_a300_c100_0012,13.8900,13.8900
10,storm,a300_c100,atc,1.0,c10_storm_150_a300_c100_0012,13.8900,13.8900
10,storm,a300_c100,edd,1.0,c10_storm_150_a300_c100_0012,13.8900,13.8900
10,storm,a300_c100,atc,0.5,c10_storm_150_a300_c100_0013,0.0000,0.0000
10,storm,a300_c100,edd,0.5,c10_storm_150_a300_c100_0013,0.0000,0.0000
10,storm,a300_c100,atc,1.0,c10_storm_150_a300_c100_0013,0.0000,0.0000
10,storm,a300_c100,edd,1.0,c10_storm_150_a300_c100_0013,0.0000,0.0000
10,storm,a300_c100,atc,0.5,c10_storm_150_a300_c100_0014,0.0000,0.0000
10,storm,a300_c100,edd,0.5,c10_storm_150_a300_c100_0014,0.0000,0.0000
10,storm,a300_c100,atc,1.0,c10_storm_150_a300_c100_0014,0.0000,0.0000
10,storm,a300_c100,edd,1.0,c10_storm_150_a300_c100_0014,0.0000,0.0000
10,storm,a300_c100,atc,0.5,c10_storm_150_a300_c100_0015,0.0000,0.0000
10,storm,a300_c100,edd,0.5,c10_storm_150_a300_c100_0015,0.0000,0.0000
10,storm,a300_c100,atc,1.0,c10_storm_150_a300_c100_0015,0.0000,0.0000
10,storm,a300_c100,edd,1.0,c10_storm_150_a300_c100_0015,0.0000,0.0000
10,storm,a300_c100,atc,0.5,c10_storm_150_a300_c100_0016,2.8340,2.8340
10,storm,a300_c100,edd,0.5,c10_storm_150_a300_c100_0016,2.8340,2.8340
10,storm,a300_c100,atc,1.0,c10_storm_150_a300_c100_0016,2.8340,2.8340
10,storm,a300_c100,edd,1.0,c10_storm_150_a300_c100_0016,2.8340,2.8340
10,storm,a300_c100,atc,0.5,c10_storm_150_a300_c100_0017,0.0000,0.0000
10,storm,a300_c100,edd,0.5,c10_storm_150_a300_c100_0017,0.0000,0.0000
10,storm,a300_c100,atc,1.0,c10_storm_150_a300_c100_0017,0.0000,0.0000
10,storm,a300_c100,edd,1.0,c10_storm_150_a300_c100_0017,0.0000,0.0000
10,storm,a300_c100,atc,0.5,c10_storm_150_a300_c100_0018,0.0000,0.0000
10,storm,a300_c100,edd,0.5,c10_storm_150_a300_c100_0018,0.0000,0.0000
10,storm,a300_c100,atc,1.0,c10_storm_150_a300_c100_0018,0.0000,0.0000
10,storm,a300_c100,edd,1.0,c10_storm_150_a300_c100_0018,0.0000,0.0000
10,storm,a300_c100,atc,0.5,c10_storm_150_a300_c100_0019,0.0000,0.0000
10,storm,a300_c100,edd,0.5,c10_storm_150_a300_c100_0019,0.0000,0.0000
10,storm,a300_c100,atc,1.0,c10_storm_150_a300_c100_0019,0.0000,0.0000
10,storm,a300_c100,edd,1.0,c10_storm_150_a300_c100_0019,0.0000,0.0000
10,storm,a300_c100,atc,0.5,c10_storm_150_a300_c100_0020,0.0000,0.0000
10,storm,a300_c100,edd,0.5,c10_storm_150_a300_c100_0020,0.0000,0.0000
10,storm,a300_c100,atc,1.0,c10_storm_150_a300_c100_0020,0.0000,0.0000
10,storm,a300_c100,edd,1.0,c10_storm_150_a300_c100_0020,0.0000,0.0000
10,storm,a300_c100,atc,0.5,c10_storm_150_a300_c100_0021,0.0000,0.0000
10,storm,a300_c100,edd,0.5,c10_storm_150_a300_c100_0021,0.0000,0.0000
10,storm,a300_c100,atc,1.0,c10_storm_150_a300_c100_0021,0.0000,0.0000
10,storm,a300_c100,edd,1.0,c10_storm_150_a300_c100_0021,0.0000,0.0000
10,storm,a300_c100,atc,0.5,c10_storm_150_a300_c100_0022,149.2424,149.2424
10,storm,a300_c100,edd,0.5,c10_storm_150_a300_c100_0022,149.2424,149.2424
10,storm,a300_c100,atc,1.0,c10_storm_150_a300_c100_0022,149.2424,149.2424
10,storm,a300_c100,edd,1.0,c10_storm_150_a300_c100_0022,149.2424,149.2424
10,storm,a300_c100,atc,0.5,c10_storm_150_a300_c100_0023,0.0000,0.0000
10,storm,a300_c100,edd,0.5,c10_storm_150_a300_c100_0023,0.0000,0.0000
10,storm,a300_c100,atc,1.0,c10_storm_150_a300_c100_0023,0.0000,0.0000
10,storm,a300_c100,edd,1.0,c10_storm_150_a300_c100_0023,0.0000,0.0000
10,storm,a300_c100,atc,0.5,c10_storm_150_a300_c100_0024,0.0000,0.0000
10,storm,a300_c100,edd,0.5,c10_storm_150_a300_c100_0024,0.0000,0.0000
10,storm,a300_c100,atc,1.0,c10_storm_150_a300_c100_0024,0.0000,0.0000
10,storm,a300_c100,edd,1.0,c10_storm_150_a300_c100_0024,0.0000,0.0000
10,storm,a300_c100,atc,0.5,c10_storm_150_a300_c100_0025,0.0000,0.0000
10,storm,a300_c100,edd,0.5,c10_storm_150_a300_c100_0025,0.0000,0.0000
10,storm,a300_c100,atc,1.0,c10_storm_150_a300_c100_0025,0.0000,0.0000
10,storm,a300_c100,edd,1.0,c10_storm_150_a300_c100_0025,0.0000,0.0000
10,storm,a300_c100,atc,0.5,c10_storm_150_a300_c100_0026,0.0000,0.0000
10,storm,a300_c100,edd,0.5,c10_storm_150_a300_c100_0026,0.0000,0.0000
10,storm,a300_c100,atc,1.0,c10_storm_150_a300_c100_0026,0.0000,0.0000
10,storm,a300_c100,edd,1.0,c10_storm_150_a300_c100_0026,0.0000,0.0000
10,storm,a300_c100,atc,0.5,c10_storm_150_a300_c100_0027,51.3184,51.3184
10,storm,a300_c100,edd,0.5,c10_storm_150_a300_c100_0027,51.3184,51.3184
10,storm,a300_c100,atc,1.0,c10_storm_150_a300_c100_0027,40.4536,40.4536
10,storm,a300_c100,edd,1.0,c10_storm_150_a300_c100_0027,40.4536,40.4536
10,storm,a300_c100,atc,0.5,c10_storm_150_a300_c100_0028,11.0946,11.0946
10,storm,a300_c100,edd,0.5,c10_storm_150_a300_c100_0028,11.0946,11.0946
10,storm,a300_c100,atc,1.0,c10_storm_150_a300_c100_0028,11.0946,11.0946
10,storm,a300_c100,edd,1.0,c10_storm_150_a300_c100_0028,11.0946,11.0946
10,storm,a300_c100,atc,0.5,c10_storm_150_a300_c100_0029,0.0000,0.0000
10,storm,a300_c100,edd,0.5,c10_storm_150_a300_c100_0029,0.0000,0.0000
10,storm,a300_c100,atc,1.0,c10_storm_150_a300_c100_0029,0.0000,0.0000
10,storm,a300_c100,edd,1.0,c10_storm_150_a300_c100_0029,0.0000,0.0000
10,storm,a300_c80,atc,0.5,c10_storm_150_a300_c80_0000,0.0000,0.0000
10,storm,a300_c80,edd,0.5,c10_storm_150_a300_c80_0000,0.0000,0.0000
10,storm,a300_c80,atc,1.0,c10_storm_150_a300_c80_0000,0.0000,0.0000
10,storm,a300_c80,edd,1.0,c10_storm_150_a300_c80_0000,0.0000,0.0000
10,storm,a300_c80,atc,0.5,c10_storm_150_a300_c80_0001,0.0000,0.0000
10,storm,a300_c80,edd,0.5,c10_storm_150_a300_c80_0001,0.0000,0.0000
10,storm,a300_c80,atc,1.0,c10_storm_150_a300_c80_0001,11.2244,11.2244
10,storm,a300_c80,edd,1.0,c10_storm_150_a300_c80_0001,11.2244,11.2244
10,storm,a300_c80,atc,0.5,c10_storm_150_a300_c80_0002,0.0000,0.0000
10,storm,a300_c80,edd,0.5,c10_storm_150_a300_c80_0002,0.0000,0.0000
10,storm,a300_c80,atc,1.0,c10_storm_150_a300_c80_0002,0.0000,0.0000
10,storm,a300_c80,edd,1.0,c10_storm_150_a300_c80_0002,0.0000,0.0000
10,storm,a300_c80,atc,0.5,c10_storm_150_a300_c80_0003,0.0000,0.0000
10,storm,a300_c80,edd,0.5,c10_storm_150_a300_c80_0003,0.0000,0.0000
10,storm,a300_c80,atc,1.0,c10_storm_150_a300_c80_0003,16.8248,16.8248
10,storm,a300_c80,edd,1.0,c10_storm_150_a300_c80_0003,16.8248,16.8248
10,storm,a300_c80,atc,0.5,c10_storm_150_a300_c80_0004,0.0000,0.0000
10,storm,a300_c80,edd,0.5,c10_storm_150_a300_c80_0004,0.0000,0.0000
10,storm,a300_c80,atc,1.0,c10_storm_150_a300_c80_0004,3.0322,3.0322
10,storm,a300_c80,edd,1.0,c10_storm_150_a300_c80_0004,3.0322,3.0322
10,storm,a300_c80,atc,0.5,c10_storm_150_a300_c80_0005,0.0000,0.0000
10,storm,a300_c80,edd,0.5,c10_storm_150_a300_c80_0005,0.0000,0.0000
10,storm,a300_c80,atc,1.0,c10_storm_150_a300_c80_0005,0.0000,0.0000
10,storm,a300_c80,edd,1.0,c10_storm_150_a300_c80_0005,0.0000,0.0000
10,storm,a300_c80,atc,0.5,c10_storm_150_a300_c80_0006,0.0000,0.0000
10,storm,a300_c80,edd,0.5,c10_storm_150_a300_c80_0006,0.0000,0.0000
10,storm,a300_c80,atc,1.0,c10_storm_150_a300_c80_0006,0.0000,0.0000
10,storm,a300_c80,edd,1.0,c10_storm_150_a300_c80_0006,0.0000,0.0000
10,storm,a300_c80,atc,0.5,c10_storm_150_a300_c80_0007,12.8368,12.8368
10,storm,a300_c80,edd,0.5,c10_storm_150_a300_c80_0007,12.8368,12.8368
10,storm,a300_c80,atc,1.0,c10_storm_150_a300_c80_0007,33.1916,33.1916
10,storm,a300_c80,edd,1.0,c10_storm_150_a300_c80_0007,33.1916,33.1916
10,storm,a300_c80,atc,0.5,c10_storm_150_a300_c80_0008,0.0000,0.0000
10,storm,a300_c80,edd,0.5,c10_storm_150_a300_c80_0008,0.0000,0.0000
10,storm,a300_c80,atc,1.0,c10_storm_150_a300_c80_0008,0.0000,0.0000
10,storm,a300_c80,edd,1.0,c10_storm_150_a300_c80_0008,0.0000,0.0000
10,storm,a300_c80,atc,0.5,c10_storm_150_a300_c80_0009,0.0000,0.0000
10,storm,a300_c80,edd,0.5,c10_storm_150_a300_c80_0009,0.0000,0.0000
10,storm,a300_c80,atc,1.0,c10_storm_150_a300_c80_0009,0.0000,0.0000
10,storm,a300_c80,edd,1.0,c10_storm_150_a300_c80_0009,0.0000,0.0000
10,storm,a300_c80,atc,0.5,c10_storm_150_a300_c80_0010,0.0000,0.0000
10,storm,a300_c80,edd,0.5,c10_storm_150_a300_c80_0010,0.0000,0.0000
10,storm,a300_c80,atc,1.0,c10_storm_150_a300_c80_0010,0.0000,0.0000
10,storm,a300_c80,edd,1.0,c10_storm_150_a300_c80_0010,0.0000,0.0000
10,storm,a300_c80,atc,0.5,c10_storm_150_a300_c80_0011,0.0000,0.0000
10,storm,a300_c80,edd,0.5,c10_storm_150_a300_c80_0011,0.0000,0.0000
10,storm,a300_c80,atc,1.0,c10_storm_150_a300_c80_0011,0.0000,0.0000
10,storm,a300_c80,edd,1.0,c10_storm_150_a300_c80_0011,0.0000,0.0000
10,storm,a300_c80,atc,0.5,c10_storm_150_a300_c80_0012,2.6932,2.6932
10,storm,a300_c80,edd,0.5,c10_storm_150_a300_c80_0012,2.6932,2.6932
10,storm,a300_c80,atc,1.0,c10_storm_150_a300_c80_0012,2.6932,2.6932
10,storm,a300_c80,edd,1.0,c10_storm_150_a300_c80_0012,2.6932,2.6932
10,storm,a300_c80,atc,0.5,c10_storm_150_a300_c80_0013,0.0000,0.0000
10,storm,a300_c80,edd,0.5,c10_storm_150_a300_c80_0013,0.0000,0.0000
10,storm,a300_c80,atc,1.0,c10_storm_150_a300_c80_0013,0.0000,0.0000
10,storm,a300_c80,edd,1.0,c10_storm_150_a300_c80_0013,0.0000,0.0000
10,storm,a300_c80,atc,0.5,c10_storm_150_a300_c80_0014,0.0000,0.0000
10,storm,a300_c80,edd,0.5,c10_storm_150_a300_c80_0014,0.0000,0.0000
10,storm,a300_c80,atc,1.0,c10_storm_150_a300_c80_0014,0.0000,0.0000
10,storm,a300_c80,edd,1.0,c10_storm_150_a300_c80_0014,0.0000,0.0000
10,storm,a300_c80,atc,0.5,c10_storm_150_a300_c80_0015,0.0000,0.0000
10,storm,a300_c80,edd,0.5,c10_storm_150_a300_c80_0015,0.0000,0.0000
10,storm,a300_c80,atc,1.0,c10_storm_150_a300_c80_0015,0.0000,0.0000
10,storm,a300_c80,edd,1.0,c10_storm_150_a300_c80_0015,0.0000,0.0000
10,storm,a300_c80,atc,0.5,c10_storm_150_a300_c80_0016,0.0000,0.0000
10,storm,a300_c80,edd,0.5,c10_storm_150_a300_c80_0016,0.0000,0.0000
10,storm,a300_c80,atc,1.0,c10_storm_150_a300_c80_0016,46.8264,46.8264
10,storm,a300_c80,edd,1.0,c10_storm_150_a300_c80_0016,46.8264,46.8264
10,storm,a300_c80,atc,0.5,c10_storm_150_a300_c80_0017,0.0000,0.0000
10,storm,a300_c80,edd,0.5,c10_storm_150_a300_c80_0017,0.0000,0.0000
10,storm,a300_c80,atc,1.0,c10_storm_150_a300_c80_0017,0.0000,0.0000
10,storm,a300_c80,edd,1.0,c10_storm_150_a300_c80_0017,0.0000,0.0000
10,storm,a300_c80,atc,0.5,c10_storm_150_a300_c80_0018,0.0000,0.0000
10,storm,a300_c80,edd,0.5,c10_storm_150_a300_c80_0018,0.0000,0.0000
10,storm,a300_c80,atc,1.0,c10_storm_150_a300_c80_0018,0.0000,0.0000
10,storm,a300_c80,edd,1.0,c10_storm_150_a300_c80_0018,0.0000,0.0000
10,storm,a300_c80,atc,0.5,c10_storm_150_a300_c80_0019,0.0000,0.0000
10,storm,a300_c80,edd,0.5,c10_storm_150_a300_c80_0019,0.0000,0.0000
10,storm,a300_c80,atc,1.0,c10_storm_150_a300_c80_0019,0.0000,0.0000
10,storm,a300_c80,edd,1.0,c10_storm_150_a300_c80_0019,0.0000,0.0000
10,storm,a300_c80,atc,0.5,c10_storm_150_a300_c80_0020,0.0000,0.0000
10,storm,a300_c80,edd,0.5,c10_storm_150_a300_c80_0020,0.0000,0.0000
10,storm,a300_c80,atc,1.0,c10_storm_150_a300_c80_0020,0.0000,0.0000
10,storm,a300_c80,edd,1.0,c10_storm_150_a300_c80_0020,0.0000,0.0000
10,storm,a300_c80,atc,0.5,c10_storm_150_a300_c80_0021,8.7366,8.7366
10,storm,a300_c80,edd,0.5,c10_storm_150_a300_c80_0021,8.7366,8.7366
10,storm,a300_c80,atc,1.0,c10_storm_150_a300_c80_0021,8.7366,8.7366
10,storm,a300_c80,edd,1.0,c10_storm_150_a300_c80_0021,8.7366,8.7366
10,storm,a300_c80,atc,0.5,c10_storm_150_a300_c80_0022,6.6976,6.6976
10,storm,a300_c80,edd,0.5,c10_storm_150_a300_c80_0022,6.6976,6.6976
10,storm,a300_c80,atc,1.0,c10_storm_150_a300_c80_0022,6.6976,6.6976
10,storm,a300_c80,edd,1.0,c10_storm_150_a300_c80_0022,6.6976,6.6976
10,storm,a300_c80,atc,0.5,c10_storm_150_a300_c80_0023,0.0000,0.0000
10,storm,a300_c80,edd,0.5,c10_storm_150_a300_c80_0023,0.0000,0.0000
10,storm,a300_c80,atc,1.0,c10_storm_150_a300_c80_0023,0.0000,0.0000
10,storm,a300_c80,edd,1.0,c10_storm_150_a300_c80_0023,0.0000,0.0000
10,storm,a300_c80,atc,0.5,c10_storm_150_a300_c80_0024,20.5768,20.5768
10,storm,a300_c80,edd,0.5,c10_storm_150_a300_c80_0024,20.5768,20.5768
10,storm,a300_c80,atc,1.0,c10_storm_150_a300_c80_0024,34.1216,34.1216
10,storm,a300_c80,edd,1.0,c10_storm_150_a300_c80_0024,34.1216,34.1216
10,storm,a300_c80,atc,0.5,c10_storm_150_a300_c80_0025,545.7832,545.7832
10,storm,a300_c80,edd,0.5,c10_storm_150_a300_c80_0025,545.7832,545.7832
10,storm,a300_c80,atc,1.0,c10_storm_150_a300_c80_0025,662.9184,662.9184
10,storm,a300_c80,edd,1.0,c10_storm_150_a300_c80_0025,662.9184,662.9184
10,storm,a300_c80,atc,0.5,c10_storm_150_a300_c80_0026,0.0000,0.0000
10,storm,a300_c80,edd,0.5,c10_storm_150_a300_c80_0026,0.0000,0.0000
10,storm,a300_c80,atc,1.0,c10_storm_150_a300_c80_0026,0.0000,0.0000
10,storm,a300_c80,edd,1.0,c10_storm_150_a300_c80_0026,0.0000,0.0000
10,storm,a300_c80,atc,0.5,c10_storm_150_a300_c80_0027,0.0000,0.0000
10,storm,a300_c80,edd,0.5,c10_storm_150_a300_c80_0027,0.0000,0.0000
10,storm,a300_c80,atc,1.0,c10_storm_150_a300_c80_0027,0.0000,0.0000
10,storm,a300_c80,edd,1.0,c10_storm_150_a300_c80_0027,0.0000,0.0000
10,storm,a300_c80,atc,0.5,c10_storm_150_a300_c80_0028,0.0000,0.0000
10,storm,a300_c80,edd,0.5,c10_storm_150_a300_c80_0028,0.0000,0.0000
10,storm,a300_c80,atc,1.0,c10_storm_150_a300_c80_0028,0.0000,0.0000
10,storm,a300_c80,edd,1.0,c10_storm_150_a300_c80_0028,0.0000,0.0000
10,storm,a300_c80,atc,0.5,c10_storm_150_a300_c80_0029,1.5580,1.5580
10,storm,a300_c80,edd,0.5,c10_storm_150_a300_c80_0029,1.5580,1.5580
10,storm,a300_c80,atc,1.0,c10_storm_150_a300_c80_0029,1.5580,1.5580
10,storm,a300_c80,edd,1.0,c10_storm_150_a300_c80_0029,1.5580,1.5580
10,pmmix,p20_c60,atc,0.5,c10_pmmix_150_p20_c60_0000,0.0000,0.0000
10,pmmix,p20_c60,edd,0.5,c10_pmmix_150_p20_c60_0000,0.0000,0.0000
10,pmmix,p20_c60,atc,1.0,c10_pmmix_150_p20_c60_0000,7.9572,7.9572
10,pmmix,p20_c60,edd,1.0,c10_pmmix_150_p20_c60_0000,7.9572,7.9572
10,pmmix,p20_c60,atc,0.5,c10_pmmix_150_p20_c60_0001,0.0000,0.0000
10,pmmix,p20_c60,edd,0.5,c10_pmmix_150_p20_c60_0001,0.0000,0.0000
10,pmmix,p20_c60,atc,1.0,c10_pmmix_150_p20_c60_0001,0.0000,0.0000
10,pmmix,p20_c60,edd,1.0,c10_pmmix_150_p20_c60_0001,0.0000,0.0000
10,pmmix,p20_c60,atc,0.5,c10_pmmix_150_p20_c60_0002,25.7312,25.7312
10,pmmix,p20_c60,edd,0.5,c10_pmmix_150_p20_c60_0002,25.7312,25.7312
10,pmmix,p20_c60,atc,1.0,c10_pmmix_150_p20_c60_0002,36.8236,36.8236
10,pmmix,p20_c60,edd,1.0,c10_pmmix_150_p20_c60_0002,36.8236,36.8236
10,pmmix,p20_c60,atc,0.5,c10_pmmix_150_p20_c60_0003,0.0000,0.0000
10,pmmix,p20_c60,edd,0.5,c10_pmmix_150_p20_c60_0003,0.0000,0.0000
10,pmmix,p20_c60,atc,1.0,c10_pmmix_150_p20_c60_0003,0.0000,0.0000
10,pmmix,p20_c60,edd,1.0,c10_pmmix_150_p20_c60_0003,0.0000,0.0000
10,pmmix,p20_c60,atc,0.5,c10_pmmix_150_p20_c60_0004,46.9536,46.9536
10,pmmix,p20_c60,edd,0.5,c10_pmmix_150_p20_c60_0004,46.9536,46.9536
10,pmmix,p20_c60,atc,1.0,c10_pmmix_150_p20_c60_0004,0.0000,0.0000
10,pmmix,p20_c60,edd,1.0,c10_pmmix_150_p20_c60_0004,0.0000,0.0000
10,pmmix,p20_c60,atc,0.5,c10_pmmix_150_p20_c60_0005,114.1180,114.1180
10,pmmix,p20_c60,edd,0.5,c10_pmmix_150_p20_c60_0005,114.1180,114.1180
10,pmmix,p20_c60,atc,1.0,c10_pmmix_150_p20_c60_0005,114.1180,114.1180
10,pmmix,p20_c60,edd,1.0,c10_pmmix_150_p20_c60_0005,114.1180,114.1180
10,pmmix,p20_c60,atc,0.5,c10_pmmix_150_p20_c60_0006,3.1308,3.1308
10,pmmix,p20_c60,edd,0.5,c10_pmmix_150_p20_c60_0006,3.1308,3.1308
10,pmmix,p20_c60,atc,1.0,c10_pmmix_150_p20_c60_0006,35.1308,35.1308
10,pmmix,p20_c60,edd,1.0,c10_pmmix_150_p20_c60_0006,35.1308,35.1308
10,pmmix,p20_c60,atc,0.5,c10_pmmix_150_p20_c60_0007,0.0000,0.0000
10,pmmix,p20_c60,edd,0.5,c10_pmmix_150_p20_c60_0007,0.0000,0.0000
10,pmmix,p20_c60,atc,1.0,c10_pmmix_150_p20_c60_0007,0.0000,0.0000
10,pmmix,p20_c60,edd,1.0,c10_pmmix_150_p20_c60_0007,0.0000,0.0000
10,pmmix,p20_c60,atc,0.5,c10_pmmix_150_p20_c60_0008,400.8056,400.8056
10,pmmix,p20_c60,edd,0.5,c10_pmmix_150_p20_c60_0008,400.8056,400.8056
10,pmmix,p20_c60,atc,1.0,c10_pmmix_150_p20_c60_0008,533.9870,533.9870
10,pmmix,p20_c60,edd,1.0,c10_pmmix_150_p20_c60_0008,533.9870,533.9870
10,pmmix,p20_c60,atc,0.5,c10_pmmix_150_p20_c60_0009,19.1400,19.1400
10,pmmix,p20_c60,edd,0.5,c10_pmmix_150_p20_c60_0009,19.1400,19.1400
10,pmmix,p20_c60,atc,1.0,c10_pmmix_150_p20_c60_0009,18.0912,18.0912
10,pmmix,p20_c60,edd,1.0,c10_pmmix_150_p20_c60_0009,18.0912,18.0912
10,pmmix,p20_c60,atc,0.5,c10_pmmix_150_p20_c60_0010,66.3264,66.3264
10,pmmix,p20_c60,edd,0.5,c10_pmmix_150_p20_c60_0010,66.3264,66.3264
10,pmmix,p20_c60,atc,1.0,c10_pmmix_150_p20_c60_0010,66.3264,66.3264
10,pmmix,p20_c60,edd,1.0,c10_pmmix_150_p20_c60_0010,66.3264,66.3264
10,pmmix,p20_c60,atc,0.5,c10_pmmix_150_p20_c60_0011,0.0000,0.0000
10,pmmix,p20_c60,edd,0.5,c10_pmmix_150_p20_c60_0011,0.0000,0.0000
10,pmmix,p20_c60,atc,1.0,c10_pmmix_150_p20_c60_0011,0.0000,0.0000
10,pmmix,p20_c60,edd,1.0,c10_pmmix_150_p20_c60_0011,0.0000,0.0000
10,pmmix,p20_c60,atc,0.5,c10_pmmix_150_p20_c60_0012,11.1004,11.1004
10,pmmix,p20_c60,edd,0.5,c10_pmmix_150_p20_c60_0012,11.1004,11.1004
10,pmmix,p20_c60,atc,1.0,c10_pmmix_150_p20_c60_0012,11.1004,11.1004
10,pmmix,p20_c60,edd,1.0,c10_pmmix_150_p20_c60_0012,11.1004,11.1004
10,pmmix,p20_c60,atc,0.5,c10_pmmix_150_p20_c60_0013,0.0000,0.0000
10,pmmix,p20_c60,edd,0.5,c10_pmmix_150_p20_c60_0013,0.0000,0.0000
10,pmmix,p20_c60,atc,1.0,c10_pmmix_150_p20_c60_0013,16.4554,16.4554
10,pmmix,p20_c60,edd,1.0,c10_pmmix_150_p20_c60_0013,16.4554,16.4554
10,pmmix,p20_c60,atc,0.5,c10_pmmix_150_p20_c60_0014,130.7084,130.7084
10,pmmix,p20_c60,edd,0.5,c10_pmmix_150_p20_c60_0014,130.7084,130.7084
10,pmmix,p20_c60,atc,1.0,c10_pmmix_150_p20_c60_0014,4.0356,4.0356
10,pmmix,p20_c60,edd,1.0,c10_pmmix_150_p20_c60_0014,4.0356,4.0356
10,pmmix,p20_c60,atc,0.5,c10_pmmix_150_p20_c60_0015,108.9352,108.9352
10,pmmix,p20_c60,edd,0.5,c10_pmmix_150_p20_c60_0015,108.9352,108.9352
10,pmmix,p20_c60,atc,1.0,c10_pmmix_150_p20_c60_0015,44.9352,44.9352
10,pmmix,p20_c60,edd,1.0,c10_pmmix_150_p20_c60_0015,44.9352,44.9352
10,pmmix,p20_c60,atc,0.5,c10_pmmix_150_p20_c60_0016,89.6448,89.6448
10,pmmix,p20_c60,edd,0.5,c10_pmmix_150_p20_c60_0016,89.6448,89.6448
10,pmmix,p20_c60,atc,1.0,c10_pmmix_150_p20_c60_0016,126.5496,126.5496
10,pmmix,p20_c60,edd,1.0,c10_pmmix_150_p20_c60_0016,126.5496,126.5496
10,pmmix,p20_c60,atc,0.5,c10_pmmix_150_p20_c60_0017,0.0000,0.0000
10,pmmix,p20_c60,edd,0.5,c10_pmmix_150_p20_c60_0017,0.0000,0.0000
10,pmmix,p20_c60,atc,1.0,c10_pmmix_150_p20_c60_0017,0.0000,0.0000
10,pmmix,p20_c60,edd,1.0,c10_pmmix_150_p20_c60_0017,0.0000,0.0000
10,pmmix,p20_c60,atc,0.5,c10_pmmix_150_p20_c60_0018,149.3304,149.3304
10,pmmix,p20_c60,edd,0.5,c10_pmmix_150_p20_c60_0018,149.3304,149.3304
10,pmmix,p20_c60,atc,1.0,c10_pmmix_150_p20_c60_0018,236.9744,236.9744
10,pmmix,p20_c60,edd,1.0,c10_pmmix_150_p20_c60_0018,236.9744,236.9744
10,pmmix,p20_c60,atc,0.5,c10_pmmix_150_p20_c60_0019,260.4032,260.4032
10,pmmix,p20_c60,edd,0.5,c10_pmmix_150_p20_c60_0019,260.4032,260.4032
10,pmmix,p20_c60,atc,1.0,c10_pmmix_150_p20_c60_0019,265.6872,265.6872
10,pmmix,p20_c60,edd,1.0,c10_pmmix_150_p20_c60_0019,265.6872,265.6872
10,pmmix,p20_c60,atc,0.5,c10_pmmix_150_p20_c60_0020,255.3864,255.3864
10,pmmix,p20_c60,edd,0.5,c10_pmmix_150_p20_c60_0020,255.3864,255.3864
10,pmmix,p20_c60,atc,1.0,c10_pmmix_150_p20_c60_0020,266.1068,266.1068
10,pmmix,p20_c60,edd,1.0,c10_pmmix_150_p20_c60_0020,266.1068,266.1068
10,pmmix,p20_c60,atc,0.5,c10_pmmix_150_p20_c60_0021,0.0000,0.0000
10,pmmix,p20_c60,edd,0.5,c10_pmmix_150_p20_c60_0021,0.0000,0.0000
10,pmmix,p20_c60,atc,1.0,c10_pmmix_150_p20_c60_0021,0.0000,0.0000
10,pmmix,p20_c60,edd,1.0,c10_pmmix_150_p20_c60_0021,0.0000,0.0000
10,pmmix,p20_c60,atc,0.5,c10_pmmix_150_p20_c60_0022,0.0000,0.0000
10,pmmix,p20_c60,edd,0.5,c10_pmmix_150_p20_c60_0022,0.0000,0.0000
10,pmmix,p20_c60,atc,1.0,c10_pmmix_150_p20_c60_0022,0.0000,0.0000
10,pmmix,p20_c60,edd,1.0,c10_pmmix_150_p20_c60_0022,0.0000,0.0000
10,pmmix,p20_c60,atc,0.5,c10_pmmix_150_p20_c60_0023,161.2144,161.2144
10,pmmix,p20_c60,edd,0.5,c10_pmmix_150_p20_c60_0023,161.2144,161.2144
10,pmmix,p20_c60,atc,1.0,c10_pmmix_150_p20_c60_0023,120.4248,120.4248
10,pmmix,p20_c60,edd,1.0,c10_pmmix_150_p20_c60_0023,120.4248,120.4248
10,pmmix,p20_c60,atc,0.5,c10_pmmix_150_p20_c60_0024,10.8388,10.8388
10,pmmix,p20_c60,edd,0.5,c10_pmmix_150_p20_c60_0024,10.8388,10.8388
10,pmmix,p20_c60,atc,1.0,c10_pmmix_150_p20_c60_0024,1.9016,1.9016
10,pmmix,p20_c60,edd,1.0,c10_pmmix_150_p20_c60_0024,1.9016,1.9016
10,pmmix,p20_c60,atc,0.5,c10_pmmix_150_p20_c60_0025,0.0000,0.0000
10,pmmix,p20_c60,edd,0.5,c10_pmmix_150_p20_c60_0025,0.0000,0.0000
10,pmmix,p20_c60,atc,1.0,c10_pmmix_150_p20_c60_0025,0.0000,0.0000
10,pmmix,p20_c60,edd,1.0,c10_pmmix_150_p20_c60_0025,0.0000,0.0000
10,pmmix,p20_c60,atc,0.5,c10_pmmix_150_p20_c60_0026,0.0000,0.0000
10,pmmix,p20_c60,edd,0.5,c10_pmmix_150_p20_c60_0026,0.0000,0.0000
10,pmmix,p20_c60,atc,1.0,c10_pmmix_150_p20_c60_0026,5.7820,5.7820
10,pmmix,p20_c60,edd,1.0,c10_pmmix_150_p20_c60_0026,5.7820,5.7820
10,pmmix,p20_c60,atc,0.5,c10_pmmix_150_p20_c60_0027,0.0000,0.0000
10,pmmix,p20_c60,edd,0.5,c10_pmmix_150_p20_c60_0027,0.0000,0.0000
10,pmmix,p20_c60,atc,1.0,c10_pmmix_150_p20_c60_0027,0.0000,0.0000
10,pmmix,p20_c60,edd,1.0,c10_pmmix_150_p20_c60_0027,0.0000,0.0000
10,pmmix,p20_c60,atc,0.5,c10_pmmix_150_p20_c60_0028,0.0000,0.0000
10,pmmix,p20_c60,edd,0.5,c10_pmmix_150_p20_c60_0028,0.0000,0.0000
10,pmmix,p20_c60,atc,1.0,c10_pmmix_150_p20_c60_0028,0.0000,0.0000
10,pmmix,p20_c60,edd,1.0,c10_pmmix_150_p20_c60_0028,0.0000,0.0000
10,pmmix,p20_c60,atc,0.5,c10_pmmix_150_p20_c60_0029,192.0840,192.0840
10,pmmix,p20_c60,edd,0.5,c10_pmmix_150_p20_c60_0029,192.0840,192.0840
10,pmmix,p20_c60,atc,1.0,c10_pmmix_150_p20_c60_0029,192.0840,192.0840
10,pmmix,p20_c60,edd,1.0,c10_pmmix_150_p20_c60_0029,192.0840,192.0840
10,pmmix,p50_c60,atc,0.5,c10_pmmix_150_p50_c60_0000,0.0000,0.0000
10,pmmix,p50_c60,edd,0.5,c10_pmmix_150_p50_c60_0000,0.0000,0.0000
10,pmmix,p50_c60,atc,1.0,c10_pmmix_150_p50_c60_0000,0.0000,0.0000
10,pmmix,p50_c60,edd,1.0,c10_pmmix_150_p50_c60_0000,0.0000,0.0000
10,pmmix,p50_c60,atc,0.5,c10_pmmix_150_p50_c60_0001,69.8680,69.8680
10,pmmix,p50_c60,edd,0.5,c10_pmmix_150_p50_c60_0001,69.8680,69.8680
10,pmmix,p50_c60,atc,1.0,c10_pmmix_150_p50_c60_0001,69.8680,69.8680
10,pmmix,p50_c60,edd,1.0,c10_pmmix_150_p50_c60_0001,69.8680,69.8680
10,pmmix,p50_c60,atc,0.5,c10_pmmix_150_p50_c60_0002,83.1768,83.1768
10,pmmix,p50_c60,edd,0.5,c10_pmmix_150_p50_c60_0002,83.1768,83.1768
10,pmmix,p50_c60,atc,1.0,c10_pmmix_150_p50_c60_0002,86.7414,86.7414
10,pmmix,p50_c60,edd,1.0,c10_pmmix_150_p50_c60_0002,86.7414,86.7414
10,pmmix,p50_c60,atc,0.5,c10_pmmix_150_p50_c60_0003,0.0000,0.0000
10,pmmix,p50_c60,edd,0.5,c10_pmmix_150_p50_c60_0003,0.0000,0.0000
10,pmmix,p50_c60,atc,1.0,c10_pmmix_150_p50_c60_0003,0.0000,0.0000
10,pmmix,p50_c60,edd,1.0,c10_pmmix_150_p50_c60_0003,0.0000,0.0000
10,pmmix,p50_c60,atc,0.5,c10_pmmix_150_p50_c60_0004,0.0000,0.0000
10,pmmix,p50_c60,edd,0.5,c10_pmmix_150_p50_c60_0004,0.0000,0.0000
10,pmmix,p50_c60,atc,1.0,c10_pmmix_150_p50_c60_0004,0.0000,0.0000
10,pmmix,p50_c60,edd,1.0,c10_pmmix_150_p50_c60_0004,0.0000,0.0000
10,pmmix,p50_c60,atc,0.5,c10_pmmix_150_p50_c60_0005,0.0000,0.0000
10,pmmix,p50_c60,edd,0.5,c10_pmmix_150_p50_c60_0005,0.0000,0.0000
10,pmmix,p50_c60,atc,1.0,c10_pmmix_150_p50_c60_0005,0.0000,0.0000
10,pmmix,p50_c60,edd,1.0,c10_pmmix_150_p50_c60_0005,0.0000,0.0000
10,pmmix,p50_c60,atc,0.5,c10_pmmix_150_p50_c60_0006,0.0000,0.0000
10,pmmix,p50_c60,edd,0.5,c10_pmmix_150_p50_c60_0006,0.0000,0.0000
10,pmmix,p50_c60,atc,1.0,c10_pmmix_150_p50_c60_0006,0.0000,0.0000
10,pmmix,p50_c60,edd,1.0,c10_pmmix_150_p50_c60_0006,0.0000,0.0000
10,pmmix,p50_c60,atc,0.5,c10_pmmix_150_p50_c60_0007,224.1532,224.1532
10,pmmix,p50_c60,edd,0.5,c10_pmmix_150_p50_c60_0007,224.1532,224.1532
10,pmmix,p50_c60,atc,1.0,c10_pmmix_150_p50_c60_0007,224.1532,224.1532
10,pmmix,p50_c60,edd,1.0,c10_pmmix_150_p50_c60_0007,224.1532,224.1532
10,pmmix,p50_c60,atc,0.5,c10_pmmix_150_p50_c60_0008,0.0000,0.0000
10,pmmix,p50_c60,edd,0.5,c10_pmmix_150_p50_c60_0008,0.0000,0.0000
10,pmmix,p50_c60,atc,1.0,c10_pmmix_150_p50_c60_0008,0.0000,0.0000
10,pmmix,p50_c60,edd,1.0,c10_pmmix_150_p50_c60_0008,0.0000,0.0000
10,pmmix,p50_c60,atc,0.5,c10_pmmix_150_p50_c60_0009,0.0000,0.0000
10,pmmix,p50_c60,edd,0.5,c10_pmmix_150_p50_c60_0009,0.0000,0.0000
10,pmmix,p50_c60,atc,1.0,c10_pmmix_150_p50_c60_0009,0.0000,0.0000
10,pmmix,p50_c60,edd,1.0,c10_pmmix_150_p50_c60_0009,0.0000,0.0000
10,pmmix,p50_c60,atc,0.5,c10_pmmix_150_p50_c60_0010,0.0000,0.0000
10,pmmix,p50_c60,edd,0.5,c10_pmmix_150_p50_c60_0010,0.0000,0.0000
10,pmmix,p50_c60,atc,1.0,c10_pmmix_150_p50_c60_0010,0.0000,0.0000
10,pmmix,p50_c60,edd,1.0,c10_pmmix_150_p50_c60_0010,0.0000,0.0000
10,pmmix,p50_c60,atc,0.5,c10_pmmix_150_p50_c60_0011,0.0000,0.0000
10,pmmix,p50_c60,edd,0.5,c10_pmmix_150_p50_c60_0011,0.0000,0.0000
10,pmmix,p50_c60,atc,1.0,c10_pmmix_150_p50_c60_0011,0.0000,0.0000
10,pmmix,p50_c60,edd,1.0,c10_pmmix_150_p50_c60_0011,0.0000,0.0000
10,pmmix,p50_c60,atc,0.5,c10_pmmix_150_p50_c60_0012,0.0000,0.0000
10,pmmix,p50_c60,edd,0.5,c10_pmmix_150_p50_c60_0012,0.0000,0.0000
10,pmmix,p50_c60,atc,1.0,c10_pmmix_150_p50_c60_0012,11.1004,11.1004
10,pmmix,p50_c60,edd,1.0,c10_pmmix_150_p50_c60_0012,11.1004,11.1004
10,pmmix,p50_c60,atc,0.5,c10_pmmix_150_p50_c60_0013,0.0000,0.0000
10,pmmix,p50_c60,edd,0.5,c10_pmmix_150_p50_c60_0013,0.0000,0.0000
10,pmmix,p50_c60,atc,1.0,c10_pmmix_150_p50_c60_0013,0.0000,0.0000
10,pmmix,p50_c60,edd,1.0,c10_pmmix_150_p50_c60_0013,0.0000,0.0000
10,pmmix,p50_c60,atc,0.5,c10_pmmix_150_p50_c60_0014,0.0000,0.0000
10,pmmix,p50_c60,edd,0.5,c10_pmmix_150_p50_c60_0014,0.0000,0.0000
10,pmmix,p50_c60,atc,1.0,c10_pmmix_150_p50_c60_0014,0.0000,0.0000
10,pmmix,p50_c60,edd,1.0,c10_pmmix_150_p50_c60_0014,0.0000,0.0000
10,pmmix,p50_c60,atc,0.5,c10_pmmix_150_p50_c60_0015,5.2648,5.2648
10,pmmix,p50_c60,edd,0.5,c10_pmmix_150_p50_c60_0015,5.2648,5.2648
10,pmmix,p50_c60,atc,1.0,c10_pmmix_150_p50_c60_0015,5.2648,5.2648
10,pmmix,p50_c60,edd,1.0,c10_pmmix_150_p50_c60_0015,5.2648,5.2648
10,pmmix,p50_c60,atc,0.5,c10_pmmix_150_p50_c60_0016,0.0000,0.0000
10,pmmix,p50_c60,edd,0.5,c10_pmmix_150_p50_c60_0016,0.0000,0.0000
10,pmmix,p50_c60,atc,1.0,c10_pmmix_150_p50_c60_0016,0.0000,0.0000
10,pmmix,p50_c60,edd,1.0,c10_pmmix_150_p50_c60_0016,0.0000,0.0000
10,pmmix,p50_c60,atc,0.5,c10_pmmix_150_p50_c60_0017,0.0000,0.0000
10,pmmix,p50_c60,edd,0.5,c10_pmmix_150_p50_c60_0017,0.0000,0.0000
10,pmmix,p50_c60,atc,1.0,c10_pmmix_150_p50_c60_0017,0.0000,0.0000
10,pmmix,p50_c60,edd,1.0,c10_pmmix_150_p50_c60_0017,0.0000,0.0000
10,pmmix,p50_c60,atc,0.5,c10_pmmix_150_p50_c60_0018,5.4344,5.4344
10,pmmix,p50_c60,edd,0.5,c10_pmmix_150_p50_c60_0018,5.4344,5.4344
10,pmmix,p50_c60,atc,1.0,c10_pmmix_150_p50_c60_0018,5.4344,5.4344
10,pmmix,p50_c60,edd,1.0,c10_pmmix_150_p50_c60_0018,5.4344,5.4344
10,pmmix,p50_c60,atc,0.5,c10_pmmix_150_p50_c60_0019,0.0000,0.0000
10,pmmix,p50_c60,edd,0.5,c10_pmmix_150_p50_c60_0019,0.0000,0.0000
10,pmmix,p50_c60,atc,1.0,c10_pmmix_150_p50_c60_0019,36.9504,36.9504
10,pmmix,p50_c60,edd,1.0,c10_pmmix_150_p50_c60_0019,36.9504,36.9504
10,pmmix,p50_c60,atc,0.5,c10_pmmix_150_p50_c60_0020,10.7204,10.7204
10,pmmix,p50_c60,edd,0.5,c10_pmmix_150_p50_c60_0020,10.7204,10.7204
10,pmmix,p50_c60,atc,1.0,c10_pmmix_150_p50_c60_0020,10.7204,10.7204
10,pmmix,p50_c60,edd,1.0,c10_pmmix_150_p50_c60_0020,10.7204,10.7204
10,pmmix,p50_c60,atc,0.5,c10_pmmix_150_p50_c60_0021,0.0000,0.0000
10,pmmix,p50_c60,edd,0.5,c10_pmmix_150_p50_c60_0021,0.0000,0.0000
10,pmmix,p50_c60,atc,1.0,c10_pmmix_150_p50_c60_0021,0.0000,0.0000
10,pmmix,p50_c60,edd,1.0,c10_pmmix_150_p50_c60_0021,0.0000,0.0000
10,pmmix,p50_c60,atc,0.5,c10_pmmix_150_p50_c60_0022,0.0000,0.0000
10,pmmix,p50_c60,edd,0.5,c10_pmmix_150_p50_c60_0022,0.0000,0.0000
10,pmmix,p50_c60,atc,1.0,c10_pmmix_150_p50_c60_0022,0.0000,0.0000
10,pmmix,p50_c60,edd,1.0,c10_pmmix_150_p50_c60_0022,0.0000,0.0000
10,pmmix,p50_c60,atc,0.5,c10_pmmix_150_p50_c60_0023,68.1840,68.1840
10,pmmix,p50_c60,edd,0.5,c10_pmmix_150_p50_c60_0023,68.1840,68.1840
10,pmmix,p50_c60,atc,1.0,c10_pmmix_150_p50_c60_0023,68.1840,68.1840
10,pmmix,p50_c60,edd,1.0,c10_pmmix_150_p50_c60_0023,68.1840,68.1840
10,pmmix,p50_c60,atc,0.5,c10_pmmix_150_p50_c60_0024,0.0000,0.0000
10,pmmix,p50_c60,edd,0.5,c10_pmmix_150_p50_c60_0024,0.0000,0.0000
10,pmmix,p50_c60,atc,1.0,c10_pmmix_150_p50_c60_0024,0.0000,0.0000
10,pmmix,p50_c60,edd,1.0,c10_pmmix_150_p50_c60_0024,0.0000,0.0000
10,pmmix,p50_c60,atc,0.5,c10_pmmix_150_p50_c60_0025,0.0000,0.0000
10,pmmix,p50_c60,edd,0.5,c10_pmmix_150_p50_c60_0025,0.0000,0.0000
10,pmmix,p50_c60,atc,1.0,c10_pmmix_150_p50_c60_0025,0.0000,0.0000
10,pmmix,p50_c60,edd,1.0,c10_pmmix_150_p50_c60_0025,0.0000,0.0000
10,pmmix,p50_c60,atc,0.5,c10_pmmix_150_p50_c60_0026,0.0000,0.0000
10,pmmix,p50_c60,edd,0.5,c10_pmmix_150_p50_c60_0026,0.0000,0.0000
10,pmmix,p50_c60,atc,1.0,c10_pmmix_150_p50_c60_0026,0.0000,0.0000
10,pmmix,p50_c60,edd,1.0,c10_pmmix_150_p50_c60_0026,0.0000,0.0000
10,pmmix,p50_c60,atc,0.5,c10_pmmix_150_p50_c60_0027,211.6460,211.6460
10,pmmix,p50_c60,edd,0.5,c10_pmmix_150_p50_c60_0027,211.6460,211.6460
10,pmmix,p50_c60,atc,1.0,c10_pmmix_150_p50_c60_0027,211.6460,211.6460
10,pmmix,p50_c60,edd,1.0,c10_pmmix_150_p50_c60_0027,211.6460,211.6460
10,pmmix,p50_c60,atc,0.5,c10_pmmix_150_p50_c60_0028,10.8648,10.8648
10,pmmix,p50_c60,edd,0.5,c10_pmmix_150_p50_c60_0028,10.8648,10.8648
10,pmmix,p50_c60,atc,1.0,c10_pmmix_150_p50_c60_0028,0.0000,0.0000
10,pmmix,p50_c60,edd,1.0,c10_pmmix_150_p50_c60_0028,0.0000,0.0000
10,pmmix,p50_c60,atc,0.5,c10_pmmix_150_p50_c60_0029,50.4636,50.4636
10,pmmix,p50_c60,edd,0.5,c10_pmmix_150_p50_c60_0029,50.4636,50.4636
10,pmmix,p50_c60,atc,1.0,c10_pmmix_150_p50_c60_0029,0.0000,0.0000
10,pmmix,p50_c60,edd,1.0,c10_pmmix_150_p50_c60_0029,0.0000,0.0000
10,pmmix,p80_c60,atc,0.5,c10_pmmix_150_p80_c60_0000,0.0000,0.0000
10,pmmix,p80_c60,edd,0.5,c10_pmmix_150_p80_c60_0000,0.0000,0.0000
10,pmmix,p80_c60,atc,1.0,c10_pmmix_150_p80_c60_0000,0.0000,0.0000
10,pmmix,p80_c60,edd,1.0,c10_pmmix_150_p80_c60_0000,0.0000,0.0000
10,pmmix,p80_c60,atc,0.5,c10_pmmix_150_p80_c60_0001,0.0000,0.0000
10,pmmix,p80_c60,edd,0.5,c10_pmmix_150_p80_c60_0001,0.0000,0.0000
10,pmmix,p80_c60,atc,1.0,c10_pmmix_150_p80_c60_0001,0.0000,0.0000
10,pmmix,p80_c60,edd,1.0,c10_pmmix_150_p80_c60_0001,0.0000,0.0000
10,pmmix,p80_c60,atc,0.5,c10_pmmix_150_p80_c60_0002,0.0000,0.0000
10,pmmix,p80_c60,edd,0.5,c10_pmmix_150_p80_c60_0002,0.0000,0.0000
10,pmmix,p80_c60,atc,1.0,c10_pmmix_150_p80_c60_0002,0.0000,0.0000
10,pmmix,p80_c60,edd,1.0,c10_pmmix_150_p80_c60_0002,0.0000,0.0000
10,pmmix,p80_c60,atc,0.5,c10_pmmix_150_p80_c60_0003,0.0000,0.0000
10,pmmix,p80_c60,edd,0.5,c10_pmmix_150_p80_c60_0003,0.0000,0.0000
10,pmmix,p80_c60,atc,1.0,c10_pmmix_150_p80_c60_0003,0.0000,0.0000
10,pmmix,p80_c60,edd,1.0,c10_pmmix_150_p80_c60_0003,0.0000,0.0000
10,pmmix,p80_c60,atc,0.5,c10_pmmix_150_p80_c60_0004,1.5244,1.5244
10,pmmix,p80_c60,edd,0.5,c10_pmmix_150_p80_c60_0004,1.5244,1.5244
10,pmmix,p80_c60,atc,1.0,c10_pmmix_150_p80_c60_0004,10.0780,10.0780
10,pmmix,p80_c60,edd,1.0,c10_pmmix_150_p80_c60_0004,10.0780,10.0780
10,pmmix,p80_c60,atc,0.5,c10_pmmix_150_p80_c60_0005,0.0000,0.0000
10,pmmix,p80_c60,edd,0.5,c10_pmmix_150_p80_c60_0005,0.0000,0.0000
10,pmmix,p80_c60,atc,1.0,c10_pmmix_150_p80_c60_0005,0.0000,0.0000
10,pmmix,p80_c60,edd,1.0,c10_pmmix_150_p80_c60_0005,0.0000,0.0000
10,pmmix,p80_c60,atc,0.5,c10_pmmix_150_p80_c60_0006,0.0000,0.0000
10,pmmix,p80_c60,edd,0.5,c10_pmmix_150_p80_c60_0006,0.0000,0.0000
10,pmmix,p80_c60,atc,1.0,c10_pmmix_150_p80_c60_0006,0.0000,0.0000
10,pmmix,p80_c60,edd,1.0,c10_pmmix_150_p80_c60_0006,0.0000,0.0000
10,pmmix,p80_c60,atc,0.5,c10_pmmix_150_p80_c60_0007,0.0000,0.0000
10,pmmix,p80_c60,edd,0.5,c10_pmmix_150_p80_c60_0007,0.0000,0.0000
10,pmmix,p80_c60,atc,1.0,c10_pmmix_150_p80_c60_0007,0.0000,0.0000
10,pmmix,p80_c60,edd,1.0,c10_pmmix_150_p80_c60_0007,0.0000,0.0000
10,pmmix,p80_c60,atc,0.5,c10_pmmix_150_p80_c60_0008,0.0000,0.0000
10,pmmix,p80_c60,edd,0.5,c10_pmmix_150_p80_c60_0008,0.0000,0.0000
10,pmmix,p80_c60,atc,1.0,c10_pmmix_150_p80_c60_0008,0.0000,0.0000
10,pmmix,p80_c60,edd,1.0,c10_pmmix_150_p80_c60_0008,0.0000,0.0000
10,pmmix,p80_c60,atc,0.5,c10_pmmix_150_p80_c60_0009,0.0000,0.0000
10,pmmix,p80_c60,edd,0.5,c10_pmmix_150_p80_c60_0009,0.0000,0.0000
10,pmmix,p80_c60,atc,1.0,c10_pmmix_150_p80_c60_0009,0.0000,0.0000
10,pmmix,p80_c60,edd,1.0,c10_pmmix_150_p80_c60_0009,0.0000,0.0000
10,pmmix,p80_c60,atc,0.5,c10_pmmix_150_p80_c60_0010,6.0136,6.0136
10,pmmix,p80_c60,edd,0.5,c10_pmmix_150_p80_c60_0010,6.0136,6.0136
10,pmmix,p80_c60,atc,1.0,c10_pmmix_150_p80_c60_0010,0.0000,0.0000
10,pmmix,p80_c60,edd,1.0,c10_pmmix_150_p80_c60_0010,0.0000,0.0000
10,pmmix,p80_c60,atc,0.5,c10_pmmix_150_p80_c60_0011,0.0000,0.0000
10,pmmix,p80_c60,edd,0.5,c10_pmmix_150_p80_c60_0011,0.0000,0.0000
10,pmmix,p80_c60,atc,1.0,c10_pmmix_150_p80_c60_0011,0.0000,0.0000
10,pmmix,p80_c60,edd,1.0,c10_pmmix_150_p80_c60_0011,0.0000,0.0000
10,pmmix,p80_c60,atc,0.5,c10_pmmix_150_p80_c60_0012,0.0000,0.0000
10,pmmix,p80_c60,edd,0.5,c10_pmmix_150_p80_c60_0012,0.0000,0.0000
10,pmmix,p80_c60,atc,1.0,c10_pmmix_150_p80_c60_0012,0.0000,0.0000
10,pmmix,p80_c60,edd,1.0,c10_pmmix_150_p80_c60_0012,0.0000,0.0000
10,pmmix,p80_c60,atc,0.5,c10_pmmix_150_p80_c60_0013,0.0000,0.0000
10,pmmix,p80_c60,edd,0.5,c10_pmmix_150_p80_c60_0013,0.0000,0.0000
10,pmmix,p80_c60,atc,1.0,c10_pmmix_150_p80_c60_0013,0.0000,0.0000
10,pmmix,p80_c60,edd,1.0,c10_pmmix_150_p80_c60_0013,0.0000,0.0000
10,pmmix,p80_c60,atc,0.5,c10_pmmix_150_p80_c60_0014,16.1012,16.1012
10,pmmix,p80_c60,edd,0.5,c10_pmmix_150_p80_c60_0014,16.1012,16.1012
10,pmmix,p80_c60,atc,1.0,c10_pmmix_150_p80_c60_0014,16.1012,16.1012
10,pmmix,p80_c60,edd,1.0,c10_pmmix_150_p80_c60_0014,16.1012,16.1012
10,pmmix,p80_c60,atc,0.5,c10_pmmix_150_p80_c60_0015,0.0000,0.0000
10,pmmix,p80_c60,edd,0.5,c10_pmmix_150_p80_c60_0015,0.0000,0.0000
10,pmmix,p80_c60,atc,1.0,c10_pmmix_150_p80_c60_0015,0.0000,0.0000
10,pmmix,p80_c60,edd,1.0,c10_pmmix_150_p80_c60_0015,0.0000,0.0000
10,pmmix,p80_c60,atc,0.5,c10_pmmix_150_p80_c60_0016,102.3296,102.3296
10,pmmix,p80_c60,edd,0.5,c10_pmmix_150_p80_c60_0016,102.3296,102.3296
10,pmmix,p80_c60,atc,1.0,c10_pmmix_150_p80_c60_0016,38.3296,38.3296
10,pmmix,p80_c60,edd,1.0,c10_pmmix_150_p80_c60_0016,38.3296,38.3296
10,pmmix,p80_c60,atc,0.5,c10_pmmix_150_p80_c60_0017,0.0000,0.0000
10,pmmix,p80_c60,edd,0.5,c10_pmmix_150_p80_c60_0017,0.0000,0.0000
10,pmmix,p80_c60,atc,1.0,c10_pmmix_150_p80_c60_0017,0.0000,0.0000
10,pmmix,p80_c60,edd,1.0,c10_pmmix_150_p80_c60_0017,0.0000,0.0000
10,pmmix,p80_c60,atc,0.5,c10_pmmix_150_p80_c60_0018,0.0000,0.0000
10,pmmix,p80_c60,edd,0.5,c10_pmmix_150_p80_c60_0018,0.0000,0.0000
10,pmmix,p80_c60,atc,1.0,c10_pmmix_150_p80_c60_0018,0.0000,0.0000
10,pmmix,p80_c60,edd,1.0,c10_pmmix_150_p80_c60_0018,0.0000,0.0000
10,pmmix,p80_c60,atc,0.5,c10_pmmix_150_p80_c60_0019,0.0000,0.0000
10,pmmix,p80_c60,edd,0.5,c10_pmmix_150_p80_c60_0019,0.0000,0.0000
10,pmmix,p80_c60,atc,1.0,c10_pmmix_150_p80_c60_0019,0.0000,0.0000
10,pmmix,p80_c60,edd,1.0,c10_pmmix_150_p80_c60_0019,0.0000,0.0000
10,pmmix,p80_c60,atc,0.5,c10_pmmix_150_p80_c60_0020,3.9896,3.9896
10,pmmix,p80_c60,edd,0.5,c10_pmmix_150_p80_c60_0020,3.9896,3.9896
10,pmmix,p80_c60,atc,1.0,c10_pmmix_150_p80_c60_0020,3.9896,3.9896
10,pmmix,p80_c60,edd,1.0,c10_pmmix_150_p80_c60_0020,3.9896,3.9896
10,pmmix,p80_c60,atc,0.5,c10_pmmix_150_p80_c60_0021,6.9680,6.9680
10,pmmix,p80_c60,edd,0.5,c10_pmmix_150_p80_c60_0021,6.9680,6.9680
10,pmmix,p80_c60,atc,1.0,c10_pmmix_150_p80_c60_0021,6.9680,6.9680
10,pmmix,p80_c60,edd,1.0,c10_pmmix_150_p80_c60_0021,6.9680,6.9680
10,pmmix,p80_c60,atc,0.5,c10_pmmix_150_p80_c60_0022,0.0000,0.0000
10,pmmix,p80_c60,edd,0.5,c10_pmmix_150_p80_c60_0022,0.0000,0.0000
10,pmmix,p80_c60,atc,1.0,c10_pmmix_150_p80_c60_0022,0.0000,0.0000
10,pmmix,p80_c60,edd,1.0,c10_pmmix_150_p80_c60_0022,0.0000,0.0000
10,pmmix,p80_c60,atc,0.5,c10_pmmix_150_p80_c60_0023,0.0000,0.0000
10,pmmix,p80_c60,edd,0.5,c10_pmmix_150_p80_c60_0023,0.0000,0.0000
10,pmmix,p80_c60,atc,1.0,c10_pmmix_150_p80_c60_0023,0.0000,0.0000
10,pmmix,p80_c60,edd,1.0,c10_pmmix_150_p80_c60_0023,0.0000,0.0000
10,pmmix,p80_c60,atc,0.5,c10_pmmix_150_p80_c60_0024,0.0000,0.0000
10,pmmix,p80_c60,edd,0.5,c10_pmmix_150_p80_c60_0024,0.0000,0.0000
10,pmmix,p80_c60,atc,1.0,c10_pmmix_150_p80_c60_0024,0.0000,0.0000
10,pmmix,p80_c60,edd,1.0,c10_pmmix_150_p80_c60_0024,0.0000,0.0000
10,pmmix,p80_c60,atc,0.5,c10_pmmix_150_p80_c60_0025,0.0000,0.0000
10,pmmix,p80_c60,edd,0.5,c10_pmmix_150_p80_c60_0025,0.0000,0.0000
10,pmmix,p80_c60,atc,1.0,c10_pmmix_150_p80_c60_0025,0.0000,0.0000
10,pmmix,p80_c60,edd,1.0,c10_pmmix_150_p80_c60_0025,0.0000,0.0000
10,pmmix,p80_c60,atc,0.5,c10_pmmix_150_p80_c60_0026,0.0000,0.0000
10,pmmix,p80_c60,edd,0.5,c10_pmmix_150_p80_c60_0026,0.0000,0.0000
10,pmmix,p80_c60,atc,1.0,c10_pmmix_150_p80_c60_0026,0.0000,0.0000
10,pmmix,p80_c60,edd,1.0,c10_pmmix_150_p80_c60_0026,0.0000,0.0000
10,pmmix,p80_c60,atc,0.5,c10_pmmix_150_p80_c60_0027,0.0000,0.0000
10,pmmix,p80_c60,edd,0.5,c10_pmmix_150_p80_c60_0027,0.0000,0.0000
10,pmmix,p80_c60,atc,1.0,c10_pmmix_150_p80_c60_0027,0.0000,0.0000
10,pmmix,p80_c60,edd,1.0,c10_pmmix_150_p80_c60_0027,0.0000,0.0000
10,pmmix,p80_c60,atc,0.5,c10_pmmix_150_p80_c60_0028,0.0000,0.0000
10,pmmix,p80_c60,edd,0.5,c10_pmmix_150_p80_c60_0028,0.0000,0.0000
10,pmmix,p80_c60,atc,1.0,c10_pmmix_150_p80_c60_0028,0.0000,0.0000
10,pmmix,p80_c60,edd,1.0,c10_pmmix_150_p80_c60_0028,0.0000,0.0000
10,pmmix,p80_c60,atc,0.5,c10_pmmix_150_p80_c60_0029,10.8648,10.8648
10,pmmix,p80_c60,edd,0.5,c10_pmmix_150_p80_c60_0029,10.8648,10.8648
10,pmmix,p80_c60,atc,1.0,c10_pmmix_150_p80_c60_0029,0.0000,0.0000
10,pmmix,p80_c60,edd,1.0,c10_pmmix_150_p80_c60_0029,0.0000,0.0000
12,storm,a125_c100,atc,0.5,c12_storm_150_a125_c100_0000,644.5744,644.5744
12,storm,a125_c100,edd,0.5,c12_storm_150_a125_c100_0000,644.5744,644.5744
12,storm,a125_c100,atc,1.0,c12_storm_150_a125_c100_0000,736.9532,736.9532
12,storm,a125_c100,edd,1.0,c12_storm_150_a125_c100_0000,736.9532,736.9532
12,storm,a125_c100,atc,0.5,c12_storm_150_a125_c100_0001,953.7663,953.7663
12,storm,a125_c100,edd,0.5,c12_storm_150_a125_c100_0001,953.7663,953.7663
12,storm,a125_c100,atc,1.0,c12_storm_150_a125_c100_0001,915.2930,915.2930
12,storm,a125_c100,edd,1.0,c12_storm_150_a125_c100_0001,915.2930,915.2930
12,storm,a125_c100,atc,0.5,c12_storm_150_a125_c100_0002,161.4674,161.4674
12,storm,a125_c100,edd,0.5,c12_storm_150_a125_c100_0002,161.4674,161.4674
12,storm,a125_c100,atc,1.0,c12_storm_150_a125_c100_0002,202.6712,202.6712
12,storm,a125_c100,edd,1.0,c12_storm_150_a125_c100_0002,202.6712,202.6712
12,storm,a125_c100,atc,0.5,c12_storm_150_a125_c100_0003,393.9196,393.9196
12,storm,a125_c100,edd,0.5,c12_storm_150_a125_c100_0003,393.9196,393.9196
12,storm,a125_c100,atc,1.0,c12_storm_150_a125_c100_0003,198.3948,198.3948
12,storm,a125_c100,edd,1.0,c12_storm_150_a125_c100_0003,198.3948,198.3948
12,storm,a125_c100,atc,0.5,c12_storm_150_a125_c100_0004,138.5964,138.5964
12,storm,a125_c100,edd,0.5,c12_storm_150_a125_c100_0004,138.5964,138.5964
12,storm,a125_c100,atc,1.0,c12_storm_150_a125_c100_0004,332.2012,332.2012
12,storm,a125_c100,edd,1.0,c12_storm_150_a125_c100_0004,332.2012,332.2012
12,storm,a125_c100,atc,0.5,c12_storm_150_a125_c100_0005,783.9542,783.9542
12,storm,a125_c100,edd,0.5,c12_storm_150_a125_c100_0005,783.9542,783.9542
12,storm,a125_c100,atc,1.0,c12_storm_150_a125_c100_0005,542.0918,542.0918
12,storm,a125_c100,edd,1.0,c12_storm_150_a125_c100_0005,542.0918,542.0918
12,storm,a125_c100,atc,0.5,c12_storm_150_a125_c100_0006,289.5830,289.5830
12,storm,a125_c100,edd,0.5,c12_storm_150_a125_c100_0006,289.5830,289.5830
12,storm,a125_c100,atc,1.0,c12_storm_150_a125_c100_0006,160.2391,160.2391
12,storm,a125_c100,edd,1.0,c12_storm_150_a125_c100_0006,160.2391,160.2391
12,storm,a125_c100,atc,0.5,c12_storm_150_a125_c100_0007,942.6578,942.6578
12,storm,a125_c100,edd,0.5,c12_storm_150_a125_c100_0007,942.6578,942.6578
12,storm,a125_c100,atc,1.0,c12_storm_150_a125_c100_0007,474.5714,474.5714
12,storm,a125_c100,edd,1.0,c12_storm_150_a125_c100_0007,474.5714,474.5714
12,storm,a125_c100,atc,0.5,c12_storm_150_a125_c100_0008,263.8430,263.8430
12,storm,a125_c100,edd,0.5,c12_storm_150_a125_c100_0008,263.8430,263.8430
12,storm,a125_c100,atc,1.0,c12_storm_150_a125_c100_0008,77.1342,77.1342
12,storm,a125_c100,edd,1.0,c12_storm_150_a125_c100_0008,77.1342,77.1342
12,storm,a125_c100,atc,0.5,c12_storm_150_a125_c100_0009,725.5316,725.5316
12,storm,a125_c100,edd,0.5,c12_storm_150_a125_c100_0009,725.5316,725.5316
12,storm,a125_c100,atc,1.0,c12_storm_150_a125_c100_0009,724.4780,724.4780
12,storm,a125_c100,edd,1.0,c12_storm_150_a125_c100_0009,724.4780,724.4780
12,storm,a125_c100,atc,0.5,c12_storm_150_a125_c100_0010,127.8796,127.8796
12,storm,a125_c100,edd,0.5,c12_storm_150_a125_c100_0010,127.8796,127.8796
12,storm,a125_c100,atc,1.0,c12_storm_150_a125_c100_0010,212.0722,212.0722
12,storm,a125_c100,edd,1.0,c12_storm_150_a125_c100_0010,212.0722,212.0722
12,storm,a125_c100,atc,0.5,c12_storm_150_a125_c100_0011,413.4404,413.4404
12,storm,a125_c100,edd,0.5,c12_storm_150_a125_c100_0011,413.4404,413.4404
12,storm,a125_c100,atc,1.0,c12_storm_150_a125_c100_0011,285.4404,285.4404
12,storm,a125_c100,edd,1.0,c12_storm_150_a125_c100_0011,285.4404,285.4404
12,storm,a125_c100,atc,0.5,c12_storm_150_a125_c100_0012,898.7850,898.7850
12,storm,a125_c100,edd,0.5,c12_storm_150_a125_c100_0012,898.7850,898.7850
12,storm,a125_c100,atc,1.0,c12_storm_150_a125_c100_0012,731.1267,731.1267
12,storm,a125_c100,edd,1.0,c12_storm_150_a125_c100_0012,731.1267,731.1267
12,storm,a125_c100,atc,0.5,c12_storm_150_a125_c100_0013,376.3658,376.3658
12,storm,a125_c100,edd,0.5,c12_storm_150_a125_c100_0013,376.3658,376.3658
12,storm,a125_c100,atc,1.0,c12_storm_150_a125_c100_0013,245.6242,245.6242
12,storm,a125_c100,edd,1.0,c12_storm_150_a125_c100_0013,245.6242,245.6242
12,storm,a125_c100,atc,0.5,c12_storm_150_a125_c100_0014,135.5059,135.5059
12,storm,a125_c100,edd,0.5,c12_storm_150_a125_c100_0014,135.5059,135.5059
12,storm,a125_c100,atc,1.0,c12_storm_150_a125_c100_0014,176.0286,176.0286
12,storm,a125_c100,edd,1.0,c12_storm_150_a125_c100_0014,176.0286,176.0286
12,storm,a125_c100,atc,0.5,c12_storm_150_a125_c100_0015,479.2298,479.2298
12,storm,a125_c100,edd,0.5,c12_storm_150_a125_c100_0015,479.2298,479.2298
12,storm,a125_c100,atc,1.0,c12_storm_150_a125_c100_0015,285.8454,285.8454
12,storm,a125_c100,edd,1.0,c12_storm_150_a125_c100_0015,285.8454,285.8454
12,storm,a125_c100,atc,0.5,c12_storm_150_a125_c100_0016,277.1554,277.1554
12,storm,a125_c100,edd,0.5,c12_storm_150_a125_c100_0016,277.1554,277.1554
12,storm,a125_c100,atc,1.0,c12_storm_150_a125_c100_0016,58.5372,58.5372
12,storm,a125_c100,edd,1.0,c12_storm_150_a125_c100_0016,58.5372,58.5372
12,storm,a125_c100,atc,0.5,c12_storm_150_a125_c100_0017,726.8096,726.8096
12,storm,a125_c100,edd,0.5,c12_storm_150_a125_c100_0017,726.8096,726.8096
12,storm,a125_c100,atc,1.0,c12_storm_150_a125_c100_0017,487.0256,487.0256
12,storm,a125_c100,edd,1.0,c12_storm_150_a125_c100_0017,487.0256,487.0256
12,storm,a125_c100,atc,0.5,c12_storm_150_a125_c100_0018,268.2306,268.2306
12,storm,a125_c100,edd,0.5,c12_storm_150_a125_c100_0018,268.2306,268.2306
12,storm,a125_c100,atc,1.0,c12_storm_150_a125_c100_0018,21.4376,21.4376
12,storm,a125_c100,edd,1.0,c12_storm_150_a125_c100_0018,21.4376,21.4376
12,storm,a125_c100,atc,0.5,c12_storm_150_a125_c100_0019,98.7354,98.7354
12,storm,a125_c100,edd,0.5,c12_storm_150_a125_c100_0019,98.7354,98.7354
12,storm,a125_c100,atc,1.0,c12_storm_150_a125_c100_0019,54.7114,54.7114
12,storm,a125_c100,edd,1.0,c12_storm_150_a125_c100_0019,54.7114,54.7114
12,storm,a125_c100,atc,0.5,c12_storm_150_a125_c100_0020,665.7886,665.7886
12,storm,a125_c100,edd,0.5,c12_storm_150_a125_c100_0020,665.7886,665.7886
12,storm,a125_c100,atc,1.0,c12_storm_150_a125_c100_0020,616.8764,616.8764
12,storm,a125_c100,edd,1.0,c12_storm_150_a125_c100_0020,616.8764,616.8764
12,storm,a125_c100,atc,0.5,c12_storm_150_a125_c100_0021,487.4898,487.4898
12,storm,a125_c100,edd,0.5,c12_storm_150_a125_c100_0021,487.4898,487.4898
12,storm,a125_c100,atc,1.0,c12_storm_150_a125_c100_0021,538.3324,538.3324
12,storm,a125_c100,edd,1.0,c12_storm_150_a125_c100_0021,538.3324,538.3324
12,storm,a125_c100,atc,0.5,c12_storm_150_a125_c100_0022,625.2828,625.2828
12,storm,a125_c100,edd,0.5,c12_storm_150_a125_c100_0022,625.2828,625.2828
12,storm,a125_c100,atc,1.0,c12_storm_150_a125_c100_0022,371.0934,371.0934
12,storm,a125_c100,edd,1.0,c12_storm_150_a125_c100_0022,371.0934,371.0934
12,storm,a125_c100,atc,0.5,c12_storm_150_a125_c100_0023,259.3008,259.3008
12,storm,a125_c100,edd,0.5,c12_storm_150_a125_c100_0023,259.3008,259.3008
12,storm,a125_c100,atc,1.0,c12_storm_150_a125_c100_0023,526.2748,526.2748
12,storm,a125_c100,edd,1.0,c12_storm_150_a125_c100_0023,526.2748,526.2748
12,storm,a125_c100,atc,0.5,c12_storm_150_a125_c100_0024,501.4520,501.4520
12,storm,a125_c100,edd,0.5,c12_storm_150_a125_c100_0024,501.4520,501.4520
12,storm,a125_c100,atc,1.0,c12_storm_150_a125_c100_0024,400.2503,400.2503
12,storm,a125_c100,edd,1.0,c12_storm_150_a125_c100_0024,400.2503,400.2503
12,storm,a125_c100,atc,0.5,c12_storm_150_a125_c100_0025,358.7164,358.7164
12,storm,a125_c100,edd,0.5,c12_storm_150_a125_c100_0025,358.7164,358.7164
12,storm,a125_c100,atc,1.0,c12_storm_150_a125_c100_0025,508.7256,508.7256
12,storm,a125_c100,edd,1.0,c12_storm_150_a125_c100_0025,508.7256,508.7256
12,storm,a125_c100,atc,0.5,c12_storm_150_a125_c100_0026,293.3378,293.3378
12,storm,a125_c100,edd,0.5,c12_storm_150_a125_c100_0026,293.3378,293.3378
12,storm,a125_c100,atc,1.0,c12_storm_150_a125_c100_0026,304.9190,304.9190
12,storm,a125_c100,edd,1.0,c12_storm_150_a125_c100_0026,304.9190,304.9190
12,storm,a125_c100,atc,0.5,c12_storm_150_a125_c100_0027,118.3280,118.3280
12,storm,a125_c100,edd,0.5,c12_storm_150_a125_c100_0027,118.3280,118.3280
12,storm,a125_c100,atc,1.0,c12_storm_150_a125_c100_0027,62.9920,62.9920
12,storm,a125_c100,edd,1.0,c12_storm_150_a125_c100_0027,62.9920,62.9920
12,storm,a125_c100,atc,0.5,c12_storm_150_a125_c100_0028,76.9912,76.9912
12,storm,a125_c100,edd,0.5,c12_storm_150_a125_c100_0028,76.9912,76.9912
12,storm,a125_c100,atc,1.0,c12_storm_150_a125_c100_0028,113.8883,113.8883
12,storm,a125_c100,edd,1.0,c12_storm_150_a125_c100_0028,113.8883,113.8883
12,storm,a125_c100,atc,0.5,c12_storm_150_a125_c100_0029,1544.1804,1544.1804
12,storm,a125_c100,edd,0.5,c12_storm_150_a125_c100_0029,1544.1804,1544.1804
12,storm,a125_c100,atc,1.0,c12_storm_150_a125_c100_0029,1337.7892,1337.7892
12,storm,a125_c100,edd,1.0,c12_storm_150_a125_c100_0029,1337.7892,1337.7892
12,storm,a125_c80,atc,0.5,c12_storm_150_a125_c80_0000,857.5070,857.5070
12,storm,a125_c80,edd,0.5,c12_storm_150_a125_c80_0000,857.5070,857.5070
12,storm,a125_c80,atc,1.0,c12_storm_150_a125_c80_0000,736.9532,736.9532
12,storm,a125_c80,edd,1.0,c12_storm_150_a125_c80_0000,736.9532,736.9532
12,storm,a125_c80,atc,0.5,c12_storm_150_a125_c80_0001,944.0809,944.0809
12,storm,a125_c80,edd,0.5,c12_storm_150_a125_c80_0001,944.0809,944.0809
12,storm,a125_c80,atc,1.0,c12_storm_150_a125_c80_0001,915.2930,915.2930
12,storm,a125_c80,edd,1.0,c12_storm_150_a125_c80_0001,915.2930,915.2930
12,storm,a125_c80,atc,0.5,c12_storm_150_a125_c80_0002,225.0953,225.0953
12,storm,a125_c80,edd,0.5,c12_storm_150_a125_c80_0002,225.0953,225.0953
12,storm,a125_c80,atc,1.0,c12_storm_150_a125_c80_0002,202.6712,202.6712
12,storm,a125_c80,edd,1.0,c12_storm_150_a125_c80_0002,202.6712,202.6712
12,storm,a125_c80,atc,0.5,c12_storm_150_a125_c80_0003,543.1770,543.1770
12,storm,a125_c80,edd,0.5,c12_storm_150_a125_c80_0003,543.1770,543.1770
12,storm,a125_c80,atc,1.0,c12_storm_150_a125_c80_0003,198.3948,198.3948
12,storm,a125_c80,edd,1.0,c12_storm_150_a125_c80_0003,198.3948,198.3948
12,storm,a125_c80,atc,0.5,c12_storm_150_a125_c80_0004,337.6516,337.6516
12,storm,a125_c80,edd,0.5,c12_storm_150_a125_c80_0004,337.6516,337.6516
12,storm,a125_c80,atc,1.0,c12_storm_150_a125_c80_0004,332.2012,332.2012
12,storm,a125_c80,edd,1.0,c12_storm_150_a125_c80_0004,332.2012,332.2012
12,storm,a125_c80,atc,0.5,c12_storm_150_a125_c80_0005,825.4654,825.4654
12,storm,a125_c80,edd,0.5,c12_storm_150_a125_c80_0005,825.4654,825.4654
12,storm,a125_c80,atc,1.0,c12_storm_150_a125_c80_0005,542.0918,542.0918
12,storm,a125_c80,edd,1.0,c12_storm_150_a125_c80_0005,542.0918,542.0918
12,storm,a125_c80,atc,0.5,c12_storm_150_a125_c80_0006,393.0263,393.0263
12,storm,a125_c80,edd,0.5,c12_storm_150_a125_c80_0006,393.0263,393.0263
12,storm,a125_c80,atc,1.0,c12_storm_150_a125_c80_0006,160.2391,160.2391
12,storm,a125_c80,edd,1.0,c12_storm_150_a125_c80_0006,160.2391,160.2391
12,storm,a125_c80,atc,0.5,c12_storm_150_a125_c80_0007,788.2762,788.2762
12,storm,a125_c80,edd,0.5,c12_storm_150_a125_c80_0007,788.2762,788.2762
12,storm,a125_c80,atc,1.0,c12_storm_150_a125_c80_0007,474.5714,474.5714
12,storm,a125_c80,edd,1.0,c12_storm_150_a125_c80_0007,474.5714,474.5714
12,storm,a125_c80,atc,0.5,c12_storm_150_a125_c80_0008,105.8344,105.8344
12,storm,a125_c80,edd,0.5,c12_storm_150_a125_c80_0008,105.8344,105.8344
12,storm,a125_c80,atc,1.0,c12_storm_150_a125_c80_0008,77.1342,77.1342
12,storm,a125_c80,edd,1.0,c12_storm_150_a125_c80_0008,77.1342,77.1342
12,storm,a125_c80,atc,0.5,c12_storm_150_a125_c80_0009,724.4026,724.4026
12,storm,a125_c80,edd,0.5,c12_storm_150_a125_c80_0009,724.4026,724.4026
12,storm,a125_c80,atc,1.0,c12_storm_150_a125_c80_0009,724.4780,724.4780
12,storm,a125_c80,edd,1.0,c12_storm_150_a125_c80_0009,724.4780,724.4780
12,storm,a125_c80,atc,0.5,c12_storm_150_a125_c80_0010,161.0572,161.0572
12,storm,a125_c80,edd,0.5,c12_storm_150_a125_c80_0010,161.0572,161.0572
12,storm,a125_c80,atc,1.0,c12_storm_150_a125_c80_0010,212.0722,212.0722
12,storm,a125_c80,edd,1.0,c12_storm_150_a125_c80_0010,212.0722,212.0722
12,storm,a125_c80,atc,0.5,c12_storm_150_a125_c80_0011,392.0836,392.0836
12,storm,a125_c80,edd,0.5,c12_storm_150_a125_c80_0011,392.0836,392.0836
12,storm,a125_c80,atc,1.0,c12_storm_150_a125_c80_0011,285.4404,285.4404
12,storm,a125_c80,edd,1.0,c12_storm_150_a125_c80_0011,285.4404,285.4404
12,storm,a125_c80,atc,0.5,c12_storm_150_a125_c80_0012,1056.1094,1056.1094
12,storm,a125_c80,edd,0.5,c12_storm_150_a125_c80_0012,1056.1094,1056.1094
12,storm,a125_c80,atc,1.0,c12_storm_150_a125_c80_0012,731.1267,731.1267
12,storm,a125_c80,edd,1.0,c12_storm_150_a125_c80_0012,731.1267,731.1267
12,storm,a125_c80,atc,0.5,c12_storm_150_a125_c80_0013,344.3658,344.3658
12,storm,a125_c80,edd,0.5,c12_storm_150_a125_c80_0013,344.3658,344.3658
12,storm,a125_c80,atc,1.0,c12_storm_150_a125_c80_0013,245.6242,245.6242
12,storm,a125_c80,edd,1.0,c12_storm_150_a125_c80_0013,245.6242,245.6242
12,storm,a125_c80,atc,0.5,c12_storm_150_a125_c80_0014,183.7121,183.7121
12,storm,a125_c80,edd,0.5,c12_storm_150_a125_c80_0014,183.7121,183.7121
12,storm,a125_c80,atc,1.0,c12_storm_150_a125_c80_0014,176.0286,176.0286
12,storm,a125_c80,edd,1.0,c12_storm_150_a125_c80_0014,176.0286,176.0286
12,storm,a125_c80,atc,0.5,c12_storm_150_a125_c80_0015,410.6600,410.6600
12,storm,a125_c80,edd,0.5,c12_storm_150_a125_c80_0015,410.6600,410.6600
12,storm,a125_c80,atc,1.0,c12_storm_150_a125_c80_0015,285.8454,285.8454
12,storm,a125_c80,edd,1.0,c12_storm_150_a125_c80_0015,285.8454,285.8454
12,storm,a125_c80,atc,0.5,c12_storm_150_a125_c80_0016,257.8674,257.8674
12,storm,a125_c80,edd,0.5,c12_storm_150_a125_c80_0016,257.8674,257.8674
12,storm,a125_c80,atc,1.0,c12_storm_150_a125_c80_0016,58.5372,58.5372
12,storm,a125_c80,edd,1.0,c12_storm_150_a125_c80_0016,58.5372,58.5372
12,storm,a125_c80,atc,0.5,c12_storm_150_a125_c80_0017,474.2704,474.2704
12,storm,a125_c80,edd,0.5,c12_storm_150_a125_c80_0017,474.2704,474.2704
12,storm,a125_c80,atc,1.0,c12_storm_150_a125_c80_0017,487.0256,487.0256
12,storm,a125_c80,edd,1.0,c12_storm_150_a125_c80_0017,487.0256,487.0256
12,storm,a125_c80,atc,0.5,c12_storm_150_a125_c80_0018,321.3428,321.3428
12,storm,a125_c80,edd,0.5,c12_storm_150_a125_c80_0018,321.3428,321.3428
12,storm,a125_c80,atc,1.0,c12_storm_150_a125_c80_0018,21.4376,21.4376
12,storm,a125_c80,edd,1.0,c12_storm_150_a125_c80_0018,21.4376,21.4376
12,storm,a125_c80,atc,0.5,c12_storm_150_a125_c80_0019,174.4052,174.4052
12,storm,a125_c80,edd,0.5,c12_storm_150_a125_c80_0019,174.4052,174.4052
12,storm,a125_c80,atc,1.0,c12_storm_150_a125_c80_0019,54.7114,54.7114
12,storm,a125_c80,edd,1.0,c12_storm_150_a125_c80_0019,54.7114,54.7114
12,storm,a125_c80,atc,0.5,c12_storm_150_a125_c80_0020,926.6548,926.6548
12,storm,a125_c80,edd,0.5,c12_storm_150_a125_c80_0020,926.6548,926.6548
12,storm,a125_c80,atc,1.0,c12_storm_150_a125_c80_0020,616.8764,616.8764
12,storm,a125_c80,edd,1.0,c12_storm_150_a125_c80_0020,616.8764,616.8764
12,storm,a125_c80,atc,0.5,c12_storm_150_a125_c80_0021,887.4889,887.4889
12,storm,a125_c80,edd,0.5,c12_storm_150_a125_c80_0021,887.4889,887.4889
12,storm,a125_c80,atc,1.0,c12_storm_150_a125_c80_0021,538.3324,538.3324
12,storm,a125_c80,edd,1.0,c12_storm_150_a125_c80_0021,538.3324,538.3324
12,storm,a125_c80,atc,0.5,c12_storm_150_a125_c80_0022,693.3404,693.3404
12,storm,a125_c80,edd,0.5,c12_storm_150_a125_c80_0022,693.3404,693.3404
12,storm,a125_c80,atc,1.0,c12_storm_150_a125_c80_0022,371.0934,371.0934
12,storm,a125_c80,edd,1.0,c12_storm_150_a125_c80_0022,371.0934,371.0934
12,storm,a125_c80,atc,0.5,c12_storm_150_a125_c80_0023,509.7136,509.7136
12,storm,a125_c80,edd,0.5,c12_storm_150_a125_c80_0023,509.7136,509.7136
12,storm,a125_c80,atc,1.0,c12_storm_150_a125_c80_0023,526.2748,526.2748
12,storm,a125_c80,edd,1.0,c12_storm_150_a125_c80_0023,526.2748,526.2748
12,storm,a125_c80,atc,0.5,c12_storm_150_a125_c80_0024,512.2935,512.2935
12,storm,a125_c80,edd,0.5,c12_storm_150_a125_c80_0024,512.2935,512.2935
12,storm,a125_c80,atc,1.0,c12_storm_150_a125_c80_0024,400.2503,400.2503
12,storm,a125_c80,edd,1.0,c12_storm_150_a125_c80_0024,400.2503,400.2503
12,storm,a125_c80,atc,0.5,c12_storm_150_a125_c80_0025,565.9588,565.9588
12,storm,a125_c80,edd,0.5,c12_storm_150_a125_c80_0025,565.9588,565.9588
12,storm,a125_c80,atc,1.0,c12_storm_150_a125_c80_0025,508.7256,508.7256
12,storm,a125_c80,edd,1.0,c12_storm_150_a125_c80_0025,508.7256,508.7256
12,storm,a125_c80,atc,0.5,c12_storm_150_a125_c80_0026,391.4430,391.4430
12,storm,a125_c80,edd,0.5,c12_storm_150_a125_c80_0026,391.4430,391.4430
12,storm,a125_c80,atc,1.0,c12_storm_150_a125_c80_0026,304.9190,304.9190
12,storm,a125_c80,edd,1.0,c12_storm_150_a125_c80_0026,304.9190,304.9190
12,storm,a125_c80,atc,0.5,c12_storm_150_a125_c80_0027,176.7984,176.7984
12,storm,a125_c80,edd,0.5,c12_storm_150_a125_c80_0027,176.7984,176.7984
12,storm,a125_c80,atc,1.0,c12_storm_150_a125_c80_0027,62.9920,62.9920
12,storm,a125_c80,edd,1.0,c12_storm_150_a125_c80_0027,62.9920,62.9920
12,storm,a125_c80,atc,0.5,c12_storm_150_a125_c80_0028,238.6037,238.6037
12,storm,a125_c80,edd,0.5,c12_storm_150_a125_c80_0028,238.6037,238.6037
12,storm,a125_c80,atc,1.0,c12_storm_150_a125_c80_0028,114.4171,114.4171
12,storm,a125_c80,edd,1.0,c12_storm_150_a125_c80_0028,114.4171,114.4171
12,storm,a125_c80,atc,0.5,c12_storm_150_a125_c80_0029,1433.2146,1433.2146
12,storm,a125_c80,edd,0.5,c12_storm_150_a125_c80_0029,1433.2146,1433.2146
12,storm,a125_c80,atc,1.0,c12_storm_150_a125_c80_0029,1337.7892,1337.7892
12,storm,a125_c80,edd,1.0,c12_storm_150_a125_c80_0029,1337.7892,1337.7892
12,storm,a150_c100,atc,0.5,c12_storm_150_a150_c100_0000,844.0494,844.0494
12,storm,a150_c100,edd,0.5,c12_storm_150_a150_c100_0000,844.0494,844.0494
12,storm,a150_c100,atc,1.0,c12_storm_150_a150_c100_0000,736.9532,736.9532
12,storm,a150_c100,edd,1.0,c12_storm_150_a150_c100_0000,736.9532,736.9532
12,storm,a150_c100,atc,0.5,c12_storm_150_a150_c100_0001,933.8795,933.8795
12,storm,a150_c100,edd,0.5,c12_storm_150_a150_c100_0001,933.8795,933.8795
12,storm,a150_c100,atc,1.0,c12_storm_150_a150_c100_0001,915.2930,915.2930
12,storm,a150_c100,edd,1.0,c12_storm_150_a150_c100_0001,915.2930,915.2930
12,storm,a150_c100,atc,0.5,c12_storm_150_a150_c100_0002,311.3216,311.3216
12,storm,a150_c100,edd,0.5,c12_storm_150_a150_c100_0002,311.3216,311.3216
12,storm,a150_c100,atc,1.0,c12_storm_150_a150_c100_0002,202.6712,202.6712
12,storm,a150_c100,edd,1.0,c12_storm_150_a150_c100_0002,202.6712,202.6712
12,storm,a150_c100,atc,0.5,c12_storm_150_a150_c100_0003,283.5478,283.5478
12,storm,a150_c100,edd,0.5,c12_storm_150_a150_c100_0003,283.5478,283.5478
12,storm,a150_c100,atc,1.0,c12_storm_150_a150_c100_0003,198.3948,198.3948
12,storm,a150_c100,edd,1.0,c12_storm_150_a150_c100_0003,198.3948,198.3948
12,storm,a150_c100,atc,0.5,c12_storm_150_a150_c100_0004,330.5964,330.5964
12,storm,a150_c100,edd,0.5,c12_storm_150_a150_c100_0004,330.5964,330.5964
12,storm,a150_c100,atc,1.0,c12_storm_150_a150_c100_0004,332.2012,332.2012
12,storm,a150_c100,edd,1.0,c12_storm_150_a150_c100_0004,332.2012,332.2012
12,storm,a150_c100,atc,0.5,c12_storm_150_a150_c100_0005,859.1450,859.1450
12,storm,a150_c100,edd,0.5,c12_storm_150_a150_c100_0005,859.1450,859.1450
12,storm,a150_c100,atc,1.0,c12_storm_150_a150_c100_0005,542.0918,542.0918
12,storm,a150_c100,edd,1.0,c12_storm_150_a150_c100_0005,542.0918,542.0918
12,storm,a150_c100,atc,0.5,c12_storm_150_a150_c100_0006,199.8816,199.8816
12,storm,a150_c100,edd,0.5,c12_storm_150_a150_c100_0006,199.8816,199.8816
12,storm,a150_c100,atc,1.0,c12_storm_150_a150_c100_0006,160.2391,160.2391
12,storm,a150_c100,edd,1.0,c12_storm_150_a150_c100_0006,160.2391,160.2391
12,storm,a150_c100,atc,0.5,c12_storm_150_a150_c100_0007,559.5696,559.5696
12,storm,a150_c100,edd,0.5,c12_storm_150_a150_c100_0007,559.5696,559.5696
12,storm,a150_c100,atc,1.0,c12_storm_150_a150_c100_0007,474.5714,474.5714
12,storm,a150_c100,edd,1.0,c12_storm_150_a150_c100_0007,474.5714,474.5714
12,storm,a150_c100,atc,0.5,c12_storm_150_a150_c100_0008,74.4694,74.4694
12,storm,a150_c100,edd,0.5,c12_storm_150_a150_c100_0008,74.4694,74.4694
12,storm,a150_c100,atc,1.0,c12_storm_150_a150_c100_0008,77.1342,77.1342
12,storm,a150_c100,edd,1.0,c12_storm_150_a150_c100_0008,77.1342,77.1342
12,storm,a150_c100,atc,0.5,c12_storm_150_a150_c100_0009,765.6278,765.6278
12,storm,a150_c100,edd,0.5,c12_storm_150_a150_c100_0009,765.6278,765.6278
12,storm,a150_c100,atc,1.0,c12_storm_150_a150_c100_0009,724.4780,724.4780
12,storm,a150_c100,edd,1.0,c12_storm_150_a150_c100_0009,724.4780,724.4780
12,storm,a150_c100,atc,0.5,c12_storm_150_a150_c100_0010,383.7650,383.7650
12,storm,a150_c100,edd,0.5,c12_storm_150_a150_c100_0010,383.7650,383.7650
12,storm,a150_c100,atc,1.0,c12_storm_150_a150_c100_0010,212.0722,212.0722
12,storm,a150_c100,edd,1.0,c12_storm_150_a150_c100_0010,212.0722,212.0722
12,storm,a150_c100,atc,0.5,c12_storm_150_a150_c100_0011,277.6884,277.6884
12,storm,a150_c100,edd,0.5,c12_storm_150_a150_c100_0011,277.6884,277.6884
12,storm,a150_c100,atc,1.0,c12_storm_150_a150_c100_0011,285.4404,285.4404
12,storm,a150_c100,edd,1.0,c12_storm_150_a150_c100_0011,285.4404,285.4404
12,storm,a150_c100,atc,0.5,c12_storm_150_a150_c100_0012,1014.3266,1014.3266
12,storm,a150_c100,edd,0.5,c12_storm_150_a150_c100_0012,1014.3266,1014.3266
12,storm,a150_c100,atc,1.0,c12_storm_150_a150_c100_0012,731.1267,731.1267
12,storm,a150_c100,edd,1.0,c12_storm_150_a150_c100_0012,731.1267,731.1267
12,storm,a150_c100,atc,0.5,c12_storm_150_a150_c100_0013,318.6748,318.6748
12,storm,a150_c100,edd,0.5,c12_storm_150_a150_c100_0013,318.6748,318.6748
12,storm,a150_c100,atc,1.0,c12_storm_150_a150_c100_0013,245.6242,245.6242
12,storm,a150_c100,edd,1.0,c12_storm_150_a150_c100_0013,245.6242,245.6242
12,storm,a150_c100,atc,0.5,c12_storm_150_a150_c100_0014,296.3541,296.3541
12,storm,a150_c100,edd,0.5,c12_storm_150_a150_c100_0014,296.3541,296.3541
12,storm,a150_c100,atc,1.0,c12_storm_150_a150_c100_0014,176.0286,176.0286
12,storm,a150_c100,edd,1.0,c12_storm_150_a150_c100_0014,176.0286,176.0286
12,storm,a150_c100,atc,0.5,c12_storm_150_a150_c100_0015,387.6244,387.6244
12,storm,a150_c100,edd,0.5,c12_storm_150_a150_c100_0015,387.6244,387.6244
12,storm,a150_c100,atc,1.0,c12_storm_150_a150_c100_0015,285.8454,285.8454
12,storm,a150_c100,edd,1.0,c12_storm_150_a150_c100_0015,285.8454,285.8454
12,storm,a150_c100,atc,0.5,c12_storm_150_a150_c100_0016,210.1916,210.1916
12,storm,a150_c100,edd,0.5,c12_storm_150_a150_c100_0016,210.1916,210.1916
12,storm,a150_c100,atc,1.0,c12_storm_150_a150_c100_0016,58.5372,58.5372
12,storm,a150_c100,edd,1.0,c12_storm_150_a150_c100_0016,58.5372,58.5372
12,storm,a150_c100,atc,0.5,c12_storm_150_a150_c100_0017,410.2704,410.2704
12,storm,a150_c100,edd,0.5,c12_storm_150_a150_c100_0017,410.2704,410.2704
12,storm,a150_c100,atc,1.0,c12_storm_150_a150_c100_0017,487.0256,487.0256
12,storm,a150_c100,edd,1.0,c12_storm_150_a150_c100_0017,487.0256,487.0256
12,storm,a150_c100,atc,0.5,c12_storm_150_a150_c100_0018,21.4376,21.4376
12,storm,a150_c100,edd,0.5,c12_storm_150_a150_c100_0018,21.4376,21.4376
12,storm,a150_c100,atc,1.0,c12_storm_150_a150_c100_0018,21.4376,21.4376
12,storm,a150_c100,edd,1.0,c12_storm_150_a150_c100_0018,21.4376,21.4376
12,storm,a150_c100,atc,0.5,c12_storm_150_a150_c100_0019,164.7554,164.7554
12,storm,a150_c100,edd,0.5,c12_storm_150_a150_c100_0019,164.7554,164.7554
12,storm,a150_c100,atc,1.0,c12_storm_150_a150_c100_0019,54.7114,54.7114
12,storm,a150_c100,edd,1.0,c12_storm_150_a150_c100_0019,54.7114,54.7114
12,storm,a150_c100,atc,0.5,c12_storm_150_a150_c100_0020,212.8956,212.8956
12,storm,a150_c100,edd,0.5,c12_storm_150_a150_c100_0020,212.8956,212.8956
12,storm,a150_c100,atc,1.0,c12_storm_150_a150_c100_0020,616.8764,616.8764
12,storm,a150_c100,edd,1.0,c12_storm_150_a150_c100_0020,616.8764,616.8764
12,storm,a150_c100,atc,0.5,c12_storm_150_a150_c100_0021,810.0154,810.0154
12,storm,a150_c100,edd,0.5,c12_storm_150_a150_c100_0021,810.0154,810.0154
12,storm,a150_c100,atc,1.0,c12_storm_150_a150_c100_0021,538.3324,538.3324
12,storm,a150_c100,edd,1.0,c12_storm_150_a150_c100_0021,538.3324,538.3324
12,storm,a150_c100,atc,0.5,c12_storm_150_a150_c100_0022,506.6360,506.6360
12,storm,a150_c100,edd,0.5,c12_storm_150_a150_c100_0022,506.6360,506.6360
12,storm,a150_c100,atc,1.0,c12_storm_150_a150_c100_0022,371.0934,371.0934
12,storm,a150_c100,edd,1.0,c12_storm_150_a150_c100_0022,371.0934,371.0934
12,storm,a150_c100,atc,0.5,c12_storm_150_a150_c100_0023,610.6446,610.6446
12,storm,a150_c100,edd,0.5,c12_storm_150_a150_c100_0023,610.6446,610.6446
12,storm,a150_c100,atc,1.0,c12_storm_150_a150_c100_0023,526.2748,526.2748
12,storm,a150_c100,edd,1.0,c12_storm_150_a150_c100_0023,526.2748,526.2748
12,storm,a150_c100,atc,0.5,c12_storm_150_a150_c100_0024,501.8556,501.8556
12,storm,a150_c100,edd,0.5,c12_storm_150_a150_c100_0024,501.8556,501.8556
12,storm,a150_c100,atc,1.0,c12_storm_150_a150_c100_0024,400.2503,400.2503
12,storm,a150_c100,edd,1.0,c12_storm_150_a150_c100_0024,400.2503,400.2503
12,storm,a150_c100,atc,0.5,c12_storm_150_a150_c100_0025,502.8618,502.8618
12,storm,a150_c100,edd,0.5,c12_storm_150_a150_c100_0025,502.8618,502.8618
12,storm,a150_c100,atc,1.0,c12_storm_150_a150_c100_0025,508.7256,508.7256
12,storm,a150_c100,edd,1.0,c12_storm_150_a150_c100_0025,508.7256,508.7256
12,storm,a150_c100,atc,0.5,c12_storm_150_a150_c100_0026,595.9188,595.9188
12,storm,a150_c100,edd,0.5,c12_storm_150_a150_c100_0026,595.9188,595.9188
12,storm,a150_c100,atc,1.0,c12_storm_150_a150_c100_0026,304.9190,304.9190
12,storm,a150_c100,edd,1.0,c12_storm_150_a150_c100_0026,304.9190,304.9190
12,storm,a150_c100,atc,0.5,c12_storm_150_a150_c100_0027,126.2800,126.2800
12,storm,a150_c100,edd,0.5,c12_storm_150_a150_c100_0027,126.2800,126.2800
12,storm,a150_c100,atc,1.0,c12_storm_150_a150_c100_0027,62.9920,62.9920
12,storm,a150_c100,edd,1.0,c12_storm_150_a150_c100_0027,62.9920,62.9920
12,storm,a150_c100,atc,0.5,c12_storm_150_a150_c100_0028,233.9243,233.9243
12,storm,a150_c100,edd,0.5,c12_storm_150_a150_c100_0028,233.9243,233.9243
12,storm,a150_c100,atc,1.0,c12_storm_150_a150_c100_0028,113.8883,113.8883
12,storm,a150_c100,edd,1.0,c12_storm_150_a150_c100_0028,113.8883,113.8883
12,storm,a150_c100,atc,0.5,c12_storm_150_a150_c100_0029,1416.1804,1416.1804
12,storm,a150_c100,edd,0.5,c12_storm_150_a150_c100_0029,1416.1804,1416.1804
12,storm,a150_c100,atc,1.0,c12_storm_150_a150_c100_0029,1337.7892,1337.7892
12,storm,a150_c100,edd,1.0,c12_storm_150_a150_c100_0029,1337.7892,1337.7892
12,storm,a150_c80,atc,0.5,c12_storm_150_a150_c80_0000,559.3664,559.3664
12,storm,a150_c80,edd,0.5,c12_storm_150_a150_c80_0000,559.3664,559.3664
12,storm,a150_c80,atc,1.0,c12_storm_150_a150_c80_0000,736.9532,736.9532
12,storm,a150_c80,edd,1.0,c12_storm_150_a150_c80_0000,736.9532,736.9532
12,storm,a150_c80,atc,0.5,c12_storm_150_a150_c80_0001,836.2036,836.2036
12,storm,a150_c80,edd,0.5,c12_storm_150_a150_c80_0001,836.2036,836.2036
12,storm,a150_c80,atc,1.0,c12_storm_150_a150_c80_0001,915.2930,915.2930
12,storm,a150_c80,edd,1.0,c12_storm_150_a150_c80_0001,915.2930,915.2930
12,storm,a150_c80,atc,0.5,c12_storm_150_a150_c80_0002,171.6784,171.6784
12,storm,a150_c80,edd,0.5,c12_storm_150_a150_c80_0002,171.6784,171.6784
12,storm,a150_c80,atc,1.0,c12_storm_150_a150_c80_0002,202.6712,202.6712
12,storm,a150_c80,edd,1.0,c12_storm_150_a150_c80_0002,202.6712,202.6712
12,storm,a150_c80,atc,0.5,c12_storm_150_a150_c80_0003,400.3630,400.3630
12,storm,a150_c80,edd,0.5,c12_storm_150_a150_c80_0003,400.3630,400.3630
12,storm,a150_c80,atc,1.0,c12_storm_150_a150_c80_0003,198.3948,198.3948
12,storm,a150_c80,edd,1.0,c12_storm_150_a150_c80_0003,198.3948,198.3948
12,storm,a150_c80,atc,0.5,c12_storm_150_a150_c80_0004,360.9010,360.9010
12,storm,a150_c80,edd,0.5,c12_storm_150_a150_c80_0004,360.9010,360.9010
12,storm,a150_c80,atc,1.0,c12_storm_150_a150_c80_0004,332.2012,332.2012
12,storm,a150_c80,edd,1.0,c12_storm_150_a150_c80_0004,332.2012,332.2012
12,storm,a150_c80,atc,0.5,c12_storm_150_a150_c80_0005,746.2590,746.2590
12,storm,a150_c80,edd,0.5,c12_storm_150_a150_c80_0005,746.2590,746.2590
12,storm,a150_c80,atc,1.0,c12_storm_150_a150_c80_0005,542.0918,542.0918
12,storm,a150_c80,edd,1.0,c12_storm_150_a150_c80_0005,542.0918,542.0918
12,storm,a150_c80,atc,0.5,c12_storm_150_a150_c80_0006,290.1258,290.1258
12,storm,a150_c80,edd,0.5,c12_storm_150_a150_c80_0006,290.1258,290.1258
12,storm,a150_c80,atc,1.0,c12_storm_150_a150_c80_0006,160.2391,160.2391
12,storm,a150_c80,edd,1.0,c12_storm_150_a150_c80_0006,160.2391,160.2391
12,storm,a150_c80,atc,0.5,c12_storm_150_a150_c80_0007,724.9530,724.9530
12,storm,a150_c80,edd,0.5,c12_storm_150_a150_c80_0007,724.9530,724.9530
12,storm,a150_c80,atc,1.0,c12_storm_150_a150_c80_0007,474.5714,474.5714
12,storm,a150_c80,edd,1.0,c12_storm_150_a150_c80_0007,474.5714,474.5714
12,storm,a150_c80,atc,0.5,c12_storm_150_a150_c80_0008,133.6974,133.6974
12,storm,a150_c80,edd,0.5,c12_storm_150_a150_c80_0008,133.6974,133.6974
12,storm,a150_c80,atc,1.0,c12_storm_150_a150_c80_0008,77.1342,77.1342
12,storm,a150_c80,edd,1.0,c12_storm_150_a150_c80_0008,77.1342,77.1342
12,storm,a150_c80,atc,0.5,c12_storm_150_a150_c80_0009,571.7482,571.7482
12,storm,a150_c80,edd,0.5,c12_storm_150_a150_c80_0009,571.7482,571.7482
12,storm,a150_c80,atc,1.0,c12_storm_150_a150_c80_0009,724.4780,724.4780
12,storm,a150_c80,edd,1.0,c12_storm_150_a150_c80_0009,724.4780,724.4780
12,storm,a150_c80,atc,0.5,c12_storm_150_a150_c80_0010,218.4982,218.4982
12,storm,a150_c80,edd,0.5,c12_storm_150_a150_c80_0010,218.4982,218.4982
12,storm,a150_c80,atc,1.0,c12_storm_150_a150_c80_0010,212.0722,212.0722
12,storm,a150_c80,edd,1.0,c12_storm_150_a150_c80_0010,212.0722,212.0722
12,storm,a150_c80,atc,0.5,c12_storm_150_a150_c80_0011,543.6470,543.6470
12,storm,a150_c80,edd,0.5,c12_storm_150_a150_c80_0011,543.6470,543.6470
12,storm,a150_c80,atc,1.0,c12_storm_150_a150_c80_0011,285.4404,285.4404
12,storm,a150_c80,edd,1.0,c12_storm_150_a150_c80_0011,285.4404,285.4404
12,storm,a150_c80,atc,0.5,c12_storm_150_a150_c80_0012,897.6310,897.6310
12,storm,a150_c80,edd,0.5,c12_storm_150_a150_c80_0012,897.6310,897.6310
12,storm,a150_c80,atc,1.0,c12_storm_150_a150_c80_0012,731.1267,731.1267
12,storm,a150_c80,edd,1.0,c12_storm_150_a150_c80_0012,731.1267,731.1267
12,storm,a150_c80,atc,0.5,c12_storm_150_a150_c80_0013,346.1846,346.1846
12,storm,a150_c80,edd,0.5,c12_storm_150_a150_c80_0013,346.1846,346.1846
12,storm,a150_c80,atc,1.0,c12_storm_150_a150_c80_0013,245.6242,245.6242
12,storm,a150_c80,edd,1.0,c12_storm_150_a150_c80_0013,245.6242,245.6242
12,storm,a150_c80,atc,0.5,c12_storm_150_a150_c80_0014,190.4164,190.4164
12,storm,a150_c80,edd,0.5,c12_storm_150_a150_c80_0014,190.4164,190.4164
12,storm,a150_c80,atc,1.0,c12_storm_150_a150_c80_0014,176.0286,176.0286
12,storm,a150_c80,edd,1.0,c12_storm_150_a150_c80_0014,176.0286,176.0286
12,storm,a150_c80,atc,0.5,c12_storm_150_a150_c80_0015,568.9054,568.9054
12,storm,a150_c80,edd,0.5,c12_storm_150_a150_c80_0015,568.9054,568.9054
12,storm,a150_c80,atc,1.0,c12_storm_150_a150_c80_0015,285.8454,285.8454
12,storm,a150_c80,edd,1.0,c12_storm_150_a150_c80_0015,285.8454,285.8454
12,storm,a150_c80,atc,0.5,c12_storm_150_a150_c80_0016,170.6820,170.6820
12,storm,a150_c80,edd,0.5,c12_storm_150_a150_c80_0016,170.6820,170.6820
12,storm,a150_c80,atc,1.0,c12_storm_150_a150_c80_0016,58.5372,58.5372
12,storm,a150_c80,edd,1.0,c12_storm_150_a150_c80_0016,58.5372,58.5372
12,storm,a150_c80,atc,0.5,c12_storm_150_a150_c80_0017,577.8336,577.8336
12,storm,a150_c80,edd,0.5,c12_storm_150_a150_c80_0017,577.8336,577.8336
12,storm,a150_c80,atc,1.0,c12_storm_150_a150_c80_0017,487.0256,487.0256
12,storm,a150_c80,edd,1.0,c12_storm_150_a150_c80_0017,487.0256,487.0256
12,storm,a150_c80,atc,0.5,c12_storm_150_a150_c80_0018,290.9264,290.9264
12,storm,a150_c80,edd,0.5,c12_storm_150_a150_c80_0018,290.9264,290.9264
12,storm,a150_c80,atc,1.0,c12_storm_150_a150_c80_0018,21.4376,21.4376
12,storm,a150_c80,edd,1.0,c12_storm_150_a150_c80_0018,21.4376,21.4376
12,storm,a150_c80,atc,0.5,c12_storm_150_a150_c80_0019,143.6538,143.6538
12,storm,a150_c80,edd,0.5,c12_storm_150_a150_c80_0019,143.6538,143.6538
12,storm,a150_c80,atc,1.0,c12_storm_150_a150_c80_0019,54.7114,54.7114
12,storm,a150_c80,edd,1.0,c12_storm_150_a150_c80_0019,54.7114,54.7114
12,storm,a150_c80,atc,0.5,c12_storm_150_a150_c80_0020,842.3046,842.3046
12,storm,a150_c80,edd,0.5,c12_storm_150_a150_c80_0020,842.3046,842.3046
12,storm,a150_c80,atc,1.0,c12_storm_150_a150_c80_0020,616.8764,616.8764
12,storm,a150_c80,edd,1.0,c12_storm_150_a150_c80_0020,616.8764,616.8764
12,storm,a150_c80,atc,0.5,c12_storm_150_a150_c80_0021,930.9456,930.9456
12,storm,a150_c80,edd,0.5,c12_storm_150_a150_c80_0021,930.9456,930.9456
12,storm,a150_c80,atc,1.0,c12_storm_150_a150_c80_0021,538.3324,538.3324
12,storm,a150_c80,edd,1.0,c12_storm_150_a150_c80_0021,538.3324,538.3324
12,storm,a150_c80,atc,0.5,c12_storm_150_a150_c80_0022,550.6016,550.6016
12,storm,a150_c80,edd,0.5,c12_storm_150_a150_c80_0022,550.6016,550.6016
12,storm,a150_c80,atc,1.0,c12_storm_150_a150_c80_0022,371.0934,371.0934
12,storm,a150_c80,edd,1.0,c12_storm_150_a150_c80_0022,371.0934,371.0934
12,storm,a150_c80,atc,0.5,c12_storm_150_a150_c80_0023,334.5060,334.5060
12,storm,a150_c80,edd,0.5,c12_storm_150_a150_c80_0023,334.5060,334.5060
12,storm,a150_c80,atc,1.0,c12_storm_150_a150_c80_0023,526.2748,526.2748
12,storm,a150_c80,edd,1.0,c12_storm_150_a150_c80_0023,526.2748,526.2748
12,storm,a150_c80,atc,0.5,c12_storm_150_a150_c80_0024,530.1963,530.1963
12,storm,a150_c80,edd,0.5,c12_storm_150_a150_c80_0024,530.1963,530.1963
12,storm,a150_c80,atc,1.0,c12_storm_150_a150_c80_0024,400.2503,400.2503
12,storm,a150_c80,edd,1.0,c12_storm_150_a150_c80_0024,400.2503,400.2503
12,storm,a150_c80,atc,0.5,c12_storm_150_a150_c80_0025,596.4096,596.4096
12,storm,a150_c80,edd,0.5,c12_storm_150_a150_c80_0025,596.4096,596.4096
12,storm,a150_c80,atc,1.0,c12_storm_150_a150_c80_0025,508.7256,508.7256
12,storm,a150_c80,edd,1.0,c12_storm_150_a150_c80_0025,508.7256,508.7256
12,storm,a150_c80,atc,0.5,c12_storm_150_a150_c80_0026,222.4724,222.4724
12,storm,a150_c80,edd,0.5,c12_storm_150_a150_c80_0026,222.4724,222.4724
12,storm,a150_c80,atc,1.0,c12_storm_150_a150_c80_0026,304.9190,304.9190
12,storm,a150_c80,edd,1.0,c12_storm_150_a150_c80_0026,304.9190,304.9190
12,storm,a150_c80,atc,0.5,c12_storm_150_a150_c80_0027,295.0404,295.0404
12,storm,a150_c80,edd,0.5,c12_storm_150_a150_c80_0027,295.0404,295.0404
12,storm,a150_c80,atc,1.0,c12_storm_150_a150_c80_0027,62.9920,62.9920
12,storm,a150_c80,edd,1.0,c12_storm_150_a150_c80_0027,62.9920,62.9920
12,storm,a150_c80,atc,0.5,c12_storm_150_a150_c80_0028,245.2120,245.2120
12,storm,a150_c80,edd,0.5,c12_storm_150_a150_c80_0028,245.2120,245.2120
12,storm,a150_c80,atc,1.0,c12_storm_150_a150_c80_0028,119.7859,119.7859
12,storm,a150_c80,edd,1.0,c12_storm_150_a150_c80_0028,119.7859,119.7859
12,storm,a150_c80,atc,0.5,c12_storm_150_a150_c80_0029,1424.9236,1424.9236
12,storm,a150_c80,edd,0.5,c12_storm_150_a150_c80_0029,1424.9236,1424.9236
12,storm,a150_c80,atc,1.0,c12_storm_150_a150_c80_0029,1337.7892,1337.7892
12,storm,a150_c80,edd,1.0,c12_storm_150_a150_c80_0029,1337.7892,1337.7892
12,storm,a200_c100,atc,0.5,c12_storm_150_a200_c100_0000,473.7684,473.7684
12,storm,a200_c100,edd,0.5,c12_storm_150_a200_c100_0000,473.7684,473.7684
12,storm,a200_c100,atc,1.0,c12_storm_150_a200_c100_0000,207.7332,207.7332
12,storm,a200_c100,edd,1.0,c12_storm_150_a200_c100_0000,207.7332,207.7332
12,storm,a200_c100,atc,0.5,c12_storm_150_a200_c100_0001,878.2112,878.2112
12,storm,a200_c100,edd,0.5,c12_storm_150_a200_c100_0001,878.2112,878.2112
12,storm,a200_c100,atc,1.0,c12_storm_150_a200_c100_0001,729.6028,729.6028
12,storm,a200_c100,edd,1.0,c12_storm_150_a200_c100_0001,729.6028,729.6028
12,storm,a200_c100,atc,0.5,c12_storm_150_a200_c100_0002,1315.3104,1315.3104
12,storm,a200_c100,edd,0.5,c12_storm_150_a200_c100_0002,1315.3104,1315.3104
12,storm,a200_c100,atc,1.0,c12_storm_150_a200_c100_0002,924.3258,924.3258
12,storm,a200_c100,edd,1.0,c12_storm_150_a200_c100_0002,924.3258,924.3258
12,storm,a200_c100,atc,0.5,c12_storm_150_a200_c100_0003,471.8742,471.8742
12,storm,a200_c100,edd,0.5,c12_storm_150_a200_c100_0003,471.8742,471.8742
12,storm,a200_c100,atc,1.0,c12_storm_150_a200_c100_0003,694.0236,694.0236
12,storm,a200_c100,edd,1.0,c12_storm_150_a200_c100_0003,694.0236,694.0236
12,storm,a200_c100,atc,0.5,c12_storm_150_a200_c100_0004,390.3104,390.3104
12,storm,a200_c100,edd,0.5,c12_storm_150_a200_c100_0004,390.3104,390.3104
12,storm,a200_c100,atc,1.0,c12_storm_150_a200_c100_0004,283.2866,283.2866
12,storm,a200_c100,edd,1.0,c12_storm_150_a200_c100_0004,283.2866,283.2866
12,storm,a200_c100,atc,0.5,c12_storm_150_a200_c100_0005,104.0508,104.0508
12,storm,a200_c100,edd,0.5,c12_storm_150_a200_c100_0005,104.0508,104.0508
12,storm,a200_c100,atc,1.0,c12_storm_150_a200_c100_0005,59.7588,59.7588
12,storm,a200_c100,edd,1.0,c12_storm_150_a200_c100_0005,59.7588,59.7588
12,storm,a200_c100,atc,0.5,c12_storm_150_a200_c100_0006,231.5153,231.5153
12,storm,a200_c100,edd,0.5,c12_storm_150_a200_c100_0006,231.5153,231.5153
12,storm,a200_c100,atc,1.0,c12_storm_150_a200_c100_0006,413.3188,413.3188
12,storm,a200_c100,edd,1.0,c12_storm_150_a200_c100_0006,413.3188,413.3188
12,storm,a200_c100,atc,0.5,c12_storm_150_a200_c100_0007,954.6072,954.6072
12,storm,a200_c100,edd,0.5,c12_storm_150_a200_c100_0007,954.6072,954.6072
12,storm,a200_c100,atc,1.0,c12_storm_150_a200_c100_0007,573.6344,573.6344
12,storm,a200_c100,edd,1.0,c12_storm_150_a200_c100_0007,573.6344,573.6344
12,storm,a200_c100,atc,0.5,c12_storm_150_a200_c100_0008,134.5728,134.5728
12,storm,a200_c100,edd,0.5,c12_storm_150_a200_c100_0008,134.5728,134.5728
12,storm,a200_c100,atc,1.0,c12_storm_150_a200_c100_0008,70.0834,70.0834
12,storm,a200_c100,edd,1.0,c12_storm_150_a200_c100_0008,70.0834,70.0834
12,storm,a200_c100,atc,0.5,c12_storm_150_a200_c100_0009,129.8438,129.8438
12,storm,a200_c100,edd,0.5,c12_storm_150_a200_c100_0009,129.8438,129.8438
12,storm,a200_c100,atc,1.0,c12_storm_150_a200_c100_0009,87.0128,87.0128
12,storm,a200_c100,edd,1.0,c12_storm_150_a200_c100_0009,87.0128,87.0128
12,storm,a200_c100,atc,0.5,c12_storm_150_a200_c100_0010,948.4606,948.4606
12,storm,a200_c100,edd,0.5,c12_storm_150_a200_c100_0010,948.4606,948.4606
12,storm,a200_c100,atc,1.0,c12_storm_150_a200_c100_0010,796.5064,796.5064
12,storm,a200_c100,edd,1.0,c12_storm_150_a200_c100_0010,796.5064,796.5064
12,storm,a200_c100,atc,0.5,c12_storm_150_a200_c100_0011,731.6982,731.6982
12,storm,a200_c100,edd,0.5,c12_storm_150_a200_c100_0011,731.6982,731.6982
12,storm,a200_c100,atc,1.0,c12_storm_150_a200_c100_0011,643.5614,643.5614
12,storm,a200_c100,edd,1.0,c12_storm_150_a200_c100_0011,643.5614,643.5614
12,storm,a200_c100,atc,0.5,c12_storm_150_a200_c100_0012,608.5224,608.5224
12,storm,a200_c100,edd,0.5,c12_storm_150_a200_c100_0012,608.5224,608.5224
12,storm,a200_c100,atc,1.0,c12_storm_150_a200_c100_0012,388.6492,388.6492
12,storm,a200_c100,edd,1.0,c12_storm_150_a200_c100_0012,388.6492,388.6492
12,storm,a200_c100,atc,0.5,c12_storm_150_a200_c100_0013,347.5086,347.5086
12,storm,a200_c100,edd,0.5,c12_storm_150_a200_c100_0013,347.5086,347.5086
12,storm,a200_c100,atc,1.0,c12_storm_150_a200_c100_0013,369.5052,369.5052
12,storm,a200_c100,edd,1.0,c12_storm_150_a200_c100_0013,369.5052,369.5052
12,storm,a200_c100,atc,0.5,c12_storm_150_a200_c100_0014,993.8010,993.8010
12,storm,a200_c100,edd,0.5,c12_storm_150_a200_c100_0014,993.8010,993.8010
12,storm,a200_c100,atc,1.0,c12_storm_150_a200_c100_0014,845.8146,845.8146
12,storm,a200_c100,edd,1.0,c12_storm_150_a200_c100_0014,845.8146,845.8146
12,storm,a200_c100,atc,0.5,c12_storm_150_a200_c100_0015,265.4520,265.4520
12,storm,a200_c100,edd,0.5,c12_storm_150_a200_c100_0015,265.4520,265.4520
12,storm,a200_c100,atc,1.0,c12_storm_150_a200_c100_0015,329.6942,329.6942
12,storm,a200_c100,edd,1.0,c12_storm_150_a200_c100_0015,329.6942,329.6942
12,storm,a200_c100,atc,0.5,c12_storm_150_a200_c100_0016,242.7608,242.7608
12,storm,a200_c100,edd,0.5,c12_storm_150_a200_c100_0016,242.7608,242.7608
12,storm,a200_c100,atc,1.0,c12_storm_150_a200_c100_0016,135.7080,135.7080
12,storm,a200_c100,edd,1.0,c12_storm_150_a200_c100_0016,135.7080,135.7080
12,storm,a200_c100,atc,0.5,c12_storm_150_a200_c100_0017,26.2728,26.2728
12,storm,a200_c100,edd,0.5,c12_storm_150_a200_c100_0017,26.2728,26.2728
12,storm,a200_c100,atc,1.0,c12_storm_150_a200_c100_0017,36.6632,36.6632
12,storm,a200_c100,edd,1.0,c12_storm_150_a200_c100_0017,36.6632,36.6632
12,storm,a200_c100,atc,0.5,c12_storm_150_a200_c100_0018,181.0828,181.0828
12,storm,a200_c100,edd,0.5,c12_storm_150_a200_c100_0018,181.0828,181.0828
12,storm,a200_c100,atc,1.0,c12_storm_150_a200_c100_0018,174.9726,174.9726
12,storm,a200_c100,edd,1.0,c12_storm_150_a200_c100_0018,174.9726,174.9726
12,storm,a200_c100,atc,0.5,c12_storm_150_a200_c100_0019,142.1482,142.1482
12,storm,a200_c100,edd,0.5,c12_storm_150_a200_c100_0019,142.1482,142.1482
12,storm,a200_c100,atc,1.0,c12_storm_150_a200_c100_0019,53.5212,53.5212
12,storm,a200_c100,edd,1.0,c12_storm_150_a200_c100_0019,53.5212,53.5212
12,storm,a200_c100,atc,0.5,c12_storm_150_a200_c100_0020,515.8356,515.8356
12,storm,a200_c100,edd,0.5,c12_storm_150_a200_c100_0020,515.8356,515.8356
12,storm,a200_c100,atc,1.0,c12_storm_150_a200_c100_0020,329.8542,329.8542
12,storm,a200_c100,edd,1.0,c12_storm_150_a200_c100_0020,329.8542,329.8542
12,storm,a200_c100,atc,0.5,c12_storm_150_a200_c100_0021,676.5290,676.5290
12,storm,a200_c100,edd,0.5,c12_storm_150_a200_c100_0021,676.5290,676.5290
12,storm,a200_c100,atc,1.0,c12_storm_150_a200_c100_0021,846.1886,846.1886
12,storm,a200_c100,edd,1.0,c12_storm_150_a200_c100_0021,846.1886,846.1886
12,storm,a200_c100,atc,0.5,c12_storm_150_a200_c100_0022,1176.9136,1176.9136
12,storm,a200_c100,edd,0.5,c12_storm_150_a200_c100_0022,1176.9136,1176.9136
12,storm,a200_c100,atc,1.0,c12_storm_150_a200_c100_0022,1005.9138,1005.9138
12,storm,a200_c100,edd,1.0,c12_storm_150_a200_c100_0022,1005.9138,1005.9138
12,storm,a200_c100,atc,0.5,c12_storm_150_a200_c100_0023,545.5514,545.5514
12,storm,a200_c100,edd,0.5,c12_storm_150_a200_c100_0023,545.5514,545.5514
12,storm,a200_c100,atc,1.0,c12_storm_150_a200_c100_0023,358.8574,358.8574
12,storm,a200_c100,edd,1.0,c12_storm_150_a200_c100_0023,358.8574,358.8574
12,storm,a200_c100,atc,0.5,c12_storm_150_a200_c100_0024,763.2424,763.2424
12,storm,a200_c100,edd,0.5,c12_storm_150_a200_c100_0024,763.2424,763.2424
12,storm,a200_c100,atc,1.0,c12_storm_150_a200_c100_0024,545.4396,545.4396
12,storm,a200_c100,edd,1.0,c12_storm_150_a200_c100_0024,545.4396,545.4396
12,storm,a200_c100,atc,0.5,c12_storm_150_a200_c100_0025,373.6626,373.6626
12,storm,a200_c100,edd,0.5,c12_storm_150_a200_c100_0025,373.6626,373.6626
12,storm,a200_c100,atc,1.0,c12_storm_150_a200_c100_0025,367.2158,367.2158
12,storm,a200_c100,edd,1.0,c12_storm_150_a200_c100_0025,367.2158,367.2158
12,storm,a200_c100,atc,0.5,c12_storm_150_a200_c100_0026,547.1486,547.1486
12,storm,a200_c100,edd,0.5,c12_storm_150_a200_c100_0026,547.1486,547.1486
12,storm,a200_c100,atc,1.0,c12_storm_150_a200_c100_0026,446.0926,446.0926
12,storm,a200_c100,edd,1.0,c12_storm_150_a200_c100_0026,446.0926,446.0926
12,storm,a200_c100,atc,0.5,c12_storm_150_a200_c100_0027,43.3514,43.3514
12,storm,a200_c100,edd,0.5,c12_storm_150_a200_c100_0027,43.3514,43.3514
12,storm,a200_c100,atc,1.0,c12_storm_150_a200_c100_0027,119.0138,119.0138
12,storm,a200_c100,edd,1.0,c12_storm_150_a200_c100_0027,119.0138,119.0138
12,storm,a200_c100,atc,0.5,c12_storm_150_a200_c100_0028,141.7724,141.7724
12,storm,a200_c100,edd,0.5,c12_storm_150_a200_c100_0028,141.7724,141.7724
12,storm,a200_c100,atc,1.0,c12_storm_150_a200_c100_0028,56.3708,56.3708
12,storm,a200_c100,edd,1.0,c12_storm_150_a200_c100_0028,56.3708,56.3708
12,storm,a200_c100,atc,0.5,c12_storm_150_a200_c100_0029,434.5626,434.5626
12,storm,a200_c100,edd,0.5,c12_storm_150_a200_c100_0029,434.5626,434.5626
12,storm,a200_c100,atc,1.0,c12_storm_150_a200_c100_0029,214.9016,214.9016
12,storm,a200_c100,edd,1.0,c12_storm_150_a200_c100_0029,214.9016,214.9016
12,storm,a200_c80,atc,0.5,c12_storm_150_a200_c80_0000,708.0897,708.0897
12,storm,a200_c80,edd,0.5,c12_storm_150_a200_c80_0000,708.0897,708.0897
12,storm,a200_c80,atc,1.0,c12_storm_150_a200_c80_0000,740.8416,740.8416
12,storm,a200_c80,edd,1.0,c12_storm_150_a200_c80_0000,740.8416,740.8416
12,storm,a200_c80,atc,0.5,c12_storm_150_a200_c80_0001,1658.9042,1658.9042
12,storm,a200_c80,edd,0.5,c12_storm_150_a200_c80_0001,1658.9042,1658.9042
12,storm,a200_c80,atc,1.0,c12_storm_150_a200_c80_0001,1524.1186,1524.1186
12,storm,a200_c80,edd,1.0,c12_storm_150_a200_c80_0001,1524.1186,1524.1186
12,storm,a200_c80,atc,0.5,c12_storm_150_a200_c80_0002,843.0524,843.0524
12,storm,a200_c80,edd,0.5,c12_storm_150_a200_c80_0002,843.0524,843.0524
12,storm,a200_c80,atc,1.0,c12_storm_150_a200_c80_0002,677.3512,677.3512
12,storm,a200_c80,edd,1.0,c12_storm_150_a200_c80_0002,677.3512,677.3512
12,storm,a200_c80,atc,0.5,c12_storm_150_a200_c80_0003,279.0910,279.0910
12,storm,a200_c80,edd,0.5,c12_storm_150_a200_c80_0003,279.0910,279.0910
12,storm,a200_c80,atc,1.0,c12_storm_150_a200_c80_0003,240.1982,240.1982
12,storm,a200_c80,edd,1.0,c12_storm_150_a200_c80_0003,240.1982,240.1982
12,storm,a200_c80,atc,0.5,c12_storm_150_a200_c80_0004,425.7708,425.7708
12,storm,a200_c80,edd,0.5,c12_storm_150_a200_c80_0004,425.7708,425.7708
12,storm,a200_c80,atc,1.0,c12_storm_150_a200_c80_0004,447.9676,447.9676
12,storm,a200_c80,edd,1.0,c12_storm_150_a200_c80_0004,447.9676,447.9676
12,storm,a200_c80,atc,0.5,c12_storm_150_a200_c80_0005,487.3914,487.3914
12,storm,a200_c80,edd,0.5,c12_storm_150_a200_c80_0005,487.3914,487.3914
12,storm,a200_c80,atc,1.0,c12_storm_150_a200_c80_0005,794.7666,794.7666
12,storm,a200_c80,edd,1.0,c12_storm_150_a200_c80_0005,794.7666,794.7666
12,storm,a200_c80,atc,0.5,c12_storm_150_a200_c80_0006,594.0654,594.0654
12,storm,a200_c80,edd,0.5,c12_storm_150_a200_c80_0006,594.0654,594.0654
12,storm,a200_c80,atc,1.0,c12_storm_150_a200_c80_0006,235.8894,235.8894
12,storm,a200_c80,edd,1.0,c12_storm_150_a200_c80_0006,235.8894,235.8894
12,storm,a200_c80,atc,0.5,c12_storm_150_a200_c80_0007,464.9526,464.9526
12,storm,a200_c80,edd,0.5,c12_storm_150_a200_c80_0007,464.9526,464.9526
12,storm,a200_c80,atc,1.0,c12_storm_150_a200_c80_0007,324.2382,324.2382
12,storm,a200_c80,edd,1.0,c12_storm_150_a200_c80_0007,324.2382,324.2382
12,storm,a200_c80,atc,0.5,c12_storm_150_a200_c80_0008,897.2824,897.2824
12,storm,a200_c80,edd,0.5,c12_storm_150_a200_c80_0008,897.2824,897.2824
12,storm,a200_c80,atc,1.0,c12_storm_150_a200_c80_0008,696.9192,696.9192
12,storm,a200_c80,edd,1.0,c12_storm_150_a200_c80_0008,696.9192,696.9192
12,storm,a200_c80,atc,0.5,c12_storm_150_a200_c80_0009,634.5144,634.5144
12,storm,a200_c80,edd,0.5,c12_storm_150_a200_c80_0009,634.5144,634.5144
12,storm,a200_c80,atc,1.0,c12_storm_150_a200_c80_0009,315.5408,315.5408
12,storm,a200_c80,edd,1.0,c12_storm_150_a200_c80_0009,315.5408,315.5408
12,storm,a200_c80,atc,0.5,c12_storm_150_a200_c80_0010,924.9108,924.9108
12,storm,a200_c80,edd,0.5,c12_storm_150_a200_c80_0010,924.9108,924.9108
12,storm,a200_c80,atc,1.0,c12_storm_150_a200_c80_0010,683.7090,683.7090
12,storm,a200_c80,edd,1.0,c12_storm_150_a200_c80_0010,683.7090,694.6570
12,storm,a200_c80,atc,0.5,c12_storm_150_a200_c80_0011,98.3632,98.3632
12,storm,a200_c80,edd,0.5,c12_storm_150_a200_c80_0011,98.3632,98.3632
12,storm,a200_c80,atc,1.0,c12_storm_150_a200_c80_0011,114.3824,114.3824
12,storm,a200_c80,edd,1.0,c12_storm_150_a200_c80_0011,114.3824,114.3824
12,storm,a200_c80,atc,0.5,c12_storm_150_a200_c80_0012,173.5594,173.5594
12,storm,a200_c80,edd,0.5,c12_storm_150_a200_c80_0012,173.5594,173.5594
12,storm,a200_c80,atc,1.0,c12_storm_150_a200_c80_0012,74.7124,74.7124
12,storm,a200_c80,edd,1.0,c12_storm_150_a200_c80_0012,74.7124,74.7124
12,storm,a200_c80,atc,0.5,c12_storm_150_a200_c80_0013,648.8126,648.8126
12,storm,a200_c80,edd,0.5,c12_storm_150_a200_c80_0013,648.8126,648.8126
12,storm,a200_c80,atc,1.0,c12_storm_150_a200_c80_0013,899.8382,899.8382
12,storm,a200_c80,edd,1.0,c12_storm_150_a200_c80_0013,899.8382,899.8382
12,storm,a200_c80,atc,0.5,c12_storm_150_a200_c80_0014,340.8258,340.8258
12,storm,a200_c80,edd,0.5,c12_storm_150_a200_c80_0014,340.8258,340.8258
12,storm,a200_c80,atc,1.0,c12_storm_150_a200_c80_0014,197.7478,197.7478
12,storm,a200_c80,edd,1.0,c12_storm_150_a200_c80_0014,197.7478,197.7478
12,storm,a200_c80,atc,0.5,c12_storm_150_a200_c80_0015,410.9370,410.9370
12,storm,a200_c80,edd,0.5,c12_storm_150_a200_c80_0015,410.9370,410.9370
12,storm,a200_c80,atc,1.0,c12_storm_150_a200_c80_0015,238.7610,238.7610
12,storm,a200_c80,edd,1.0,c12_storm_150_a200_c80_0015,238.7610,238.7610
12,storm,a200_c80,atc,0.5,c12_storm_150_a200_c80_0016,741.4238,741.4238
12,storm,a200_c80,edd,0.5,c12_storm_150_a200_c80_0016,741.4238,741.4238
12,storm,a200_c80,atc,1.0,c12_storm_150_a200_c80_0016,693.6858,693.6858
12,storm,a200_c80,edd,1.0,c12_storm_150_a200_c80_0016,693.6858,693.6858
12,storm,a200_c80,atc,0.5,c12_storm_150_a200_c80_0017,1096.6104,1096.6104
12,storm,a200_c80,edd,0.5,c12_storm_150_a200_c80_0017,1096.6104,1096.6104
12,storm,a200_c80,atc,1.0,c12_storm_150_a200_c80_0017,1044.0382,1044.0382
12,storm,a200_c80,edd,1.0,c12_storm_150_a200_c80_0017,1044.0382,1044.0382
12,storm,a200_c80,atc,0.5,c12_storm_150_a200_c80_0018,864.9732,864.9732
12,storm,a200_c80,edd,0.5,c12_storm_150_a200_c80_0018,864.9732,864.9732
12,storm,a200_c80,atc,1.0,c12_storm_150_a200_c80_0018,691.7192,691.7192
12,storm,a200_c80,edd,1.0,c12_storm_150_a200_c80_0018,691.7192,691.7192
12,storm,a200_c80,atc,0.5,c12_storm_150_a200_c80_0019,1340.3698,1340.3698
12,storm,a200_c80,edd,0.5,c12_storm_150_a200_c80_0019,1340.3698,1340.3698
12,storm,a200_c80,atc,1.0,c12_storm_150_a200_c80_0019,1180.3698,1180.3698
12,storm,a200_c80,edd,1.0,c12_storm_150_a200_c80_0019,1180.3698,1180.3698
12,storm,a200_c80,atc,0.5,c12_storm_150_a200_c80_0020,949.9244,949.9244
12,storm,a200_c80,edd,0.5,c12_storm_150_a200_c80_0020,949.9244,949.9244
12,storm,a200_c80,atc,1.0,c12_storm_150_a200_c80_0020,790.3856,790.3856
12,storm,a200_c80,edd,1.0,c12_storm_150_a200_c80_0020,790.3856,790.3856
12,storm,a200_c80,atc,0.5,c12_storm_150_a200_c80_0021,640.9318,640.9318
12,storm,a200_c80,edd,0.5,c12_storm_150_a200_c80_0021,640.9318,640.9318
12,storm,a200_c80,atc,1.0,c12_storm_150_a200_c80_0021,520.2900,520.2900
12,storm,a200_c80,edd,1.0,c12_storm_150_a200_c80_0021,520.2900,520.2900
12,storm,a200_c80,atc,0.5,c12_storm_150_a200_c80_0022,420.7482,420.7482
12,storm,a200_c80,edd,0.5,c12_storm_150_a200_c80_0022,420.7482,420.7482
12,storm,a200_c80,atc,1.0,c12_storm_150_a200_c80_0022,222.5658,222.5658
12,storm,a200_c80,edd,1.0,c12_storm_150_a200_c80_0022,222.5658,222.5658
12,storm,a200_c80,atc,0.5,c12_storm_150_a200_c80_0023,641.0924,641.0924
12,storm,a200_c80,edd,0.5,c12_storm_150_a200_c80_0023,641.0924,641.0924
12,storm,a200_c80,atc,1.0,c12_storm_150_a200_c80_0023,481.4972,481.4972
12,storm,a200_c80,edd,1.0,c12_storm_150_a200_c80_0023,481.4972,481.4972
12,storm,a200_c80,atc,0.5,c12_storm_150_a200_c80_0024,16.5772,16.5772
12,storm,a200_c80,edd,0.5,c12_storm_150_a200_c80_0024,16.5772,16.5772
12,storm,a200_c80,atc,1.0,c12_storm_150_a200_c80_0024,24.3092,24.3092
12,storm,a200_c80,edd,1.0,c12_storm_150_a200_c80_0024,24.3092,24.3092
12,storm,a200_c80,atc,0.5,c12_storm_150_a200_c80_0025,203.9308,203.9308
12,storm,a200_c80,edd,0.5,c12_storm_150_a200_c80_0025,203.9308,203.9308
12,storm,a200_c80,atc,1.0,c12_storm_150_a200_c80_0025,65.3764,65.3764
12,storm,a200_c80,edd,1.0,c12_storm_150_a200_c80_0025,65.3764,65.3764
12,storm,a200_c80,atc,0.5,c12_storm_150_a200_c80_0026,237.0984,237.0984
12,storm,a200_c80,edd,0.5,c12_storm_150_a200_c80_0026,237.0984,237.0984
12,storm,a200_c80,atc,1.0,c12_storm_150_a200_c80_0026,338.5880,338.5880
12,storm,a200_c80,edd,1.0,c12_storm_150_a200_c80_0026,338.5880,338.5880
12,storm,a200_c80,atc,0.5,c12_storm_150_a200_c80_0027,1063.7128,1063.7128
12,storm,a200_c80,edd,0.5,c12_storm_150_a200_c80_0027,1063.7128,1063.7128
12,storm,a200_c80,atc,1.0,c12_storm_150_a200_c80_0027,1148.7842,1148.7842
12,storm,a200_c80,edd,1.0,c12_storm_150_a200_c80_0027,1148.7842,1148.7842
12,storm,a200_c80,atc,0.5,c12_storm_150_a200_c80_0028,1311.0384,1311.0384
12,storm,a200_c80,edd,0.5,c12_storm_150_a200_c80_0028,1311.0384,1311.0384
12,storm,a200_c80,atc,1.0,c12_storm_150_a200_c80_0028,837.2541,837.2541
12,storm,a200_c80,edd,1.0,c12_storm_150_a200_c80_0028,837.2541,837.2541
12,storm,a200_c80,atc,0.5,c12_storm_150_a200_c80_0029,675.7056,675.7056
12,storm,a200_c80,edd,0.5,c12_storm_150_a200_c80_0029,675.7056,675.7056
12,storm,a200_c80,atc,1.0,c12_storm_150_a200_c80_0029,696.9568,696.9568
12,storm,a200_c80,edd,1.0,c12_storm_150_a200_c80_0029,696.9568,696.9568
12,storm,a300_c100,atc,0.5,c12_storm_150_a300_c100_0000,984.9588,984.9588
12,storm,a300_c100,edd,0.5,c12_storm_150_a300_c100_0000,984.9588,984.9588
12,storm,a300_c100,atc,1.0,c12_storm_150_a300_c100_0000,851.7713,851.7713
12,storm,a300_c100,edd,1.0,c12_storm_150_a300_c100_0000,851.7713,851.7713
12,storm,a300_c100,atc,0.5,c12_storm_150_a300_c100_0001,481.6876,481.6876
12,storm,a300_c100,edd,0.5,c12_storm_150_a300_c100_0001,481.6876,481.6876
12,storm,a300_c100,atc,1.0,c12_storm_150_a300_c100_0001,542.1606,542.1606
12,storm,a300_c100,edd,1.0,c12_storm_150_a300_c100_0001,542.1606,542.1606
12,storm,a300_c100,atc,0.5,c12_storm_150_a300_c100_0002,747.7674,747.7674
12,storm,a300_c100,edd,0.5,c12_storm_150_a300_c100_0002,747.7674,747.7674
12,storm,a300_c100,atc,1.0,c12_storm_150_a300_c100_0002,600.4014,600.4014
12,storm,a300_c100,edd,1.0,c12_storm_150_a300_c100_0002,600.4014,600.4014
12,storm,a300_c100,atc,0.5,c12_storm_150_a300_c100_0003,999.1458,999.1458
12,storm,a300_c100,edd,0.5,c12_storm_150_a300_c100_0003,999.1458,999.1458
12,storm,a300_c100,atc,1.0,c12_storm_150_a300_c100_0003,761.5618,761.5618
12,storm,a300_c100,edd,1.0,c12_storm_150_a300_c100_0003,761.5618,761.5618
12,storm,a300_c100,atc,0.5,c12_storm_150_a300_c100_0004,294.0636,294.0636
12,storm,a300_c100,edd,0.5,c12_storm_150_a300_c100_0004,294.0636,294.0636
12,storm,a300_c100,atc,1.0,c12_storm_150_a300_c100_0004,194.7344,194.7344
12,storm,a300_c100,edd,1.0,c12_storm_150_a300_c100_0004,194.7344,194.7344
12,storm,a300_c100,atc,0.5,c12_storm_150_a300_c100_0005,581.5960,581.5960
12,storm,a300_c100,edd,0.5,c12_storm_150_a300_c100_0005,581.5960,581.5960
12,storm,a300_c100,atc,1.0,c12_storm_150_a300_c100_0005,767.5648,767.5648
12,storm,a300_c100,edd,1.0,c12_storm_150_a300_c100_0005,767.5648,767.5648
12,storm,a300_c100,atc,0.5,c12_storm_150_a300_c100_0006,1491.1115,1491.1115
12,storm,a300_c100,edd,0.5,c12_storm_150_a300_c100_0006,1491.1115,1491.1115
12,storm,a300_c100,atc,1.0,c12_storm_150_a300_c100_0006,1107.1115,1107.1115
12,storm,a300_c100,edd,1.0,c12_storm_150_a300_c100_0006,1107.1115,1107.1115
12,storm,a300_c100,atc,0.5,c12_storm_150_a300_c100_0007,139.4184,139.4184
12,storm,a300_c100,edd,0.5,c12_storm_150_a300_c100_0007,139.4184,139.4184
12,storm,a300_c100,atc,1.0,c12_storm_150_a300_c100_0007,93.0421,93.0421
12,storm,a300_c100,edd,1.0,c12_storm_150_a300_c100_0007,93.0421,93.0421
12,storm,a300_c100,atc,0.5,c12_storm_150_a300_c100_0008,171.4744,171.4744
12,storm,a300_c100,edd,0.5,c12_storm_150_a300_c100_0008,171.4744,171.4744
12,storm,a300_c100,atc,1.0,c12_storm_150_a300_c100_0008,134.1408,134.1408
12,storm,a300_c100,edd,1.0,c12_storm_150_a300_c100_0008,134.1408,134.1408
12,storm,a300_c100,atc,0.5,c12_storm_150_a300_c100_0009,212.6420,212.6420
12,storm,a300_c100,edd,0.5,c12_storm_150_a300_c100_0009,212.6420,212.6420
12,storm,a300_c100,atc,1.0,c12_storm_150_a300_c100_0009,183.1752,183.1752
12,storm,a300_c100,edd,1.0,c12_storm_150_a300_c100_0009,183.1752,183.1752
12,storm,a300_c100,atc,0.5,c12_storm_150_a300_c100_0010,939.5186,939.5186
12,storm,a300_c100,edd,0.5,c12_storm_150_a300_c100_0010,939.5186,939.5186
12,storm,a300_c100,atc,1.0,c12_storm_150_a300_c100_0010,1002.2292,1002.2292
12,storm,a300_c100,edd,1.0,c12_storm_150_a300_c100_0010,1002.2292,1002.2292
12,storm,a300_c100,atc,0.5,c12_storm_150_a300_c100_0011,213.6226,213.6226
12,storm,a300_c100,edd,0.5,c12_storm_150_a300_c100_0011,213.6226,213.6226
12,storm,a300_c100,atc,1.0,c12_storm_150_a300_c100_0011,232.7118,232.7118
12,storm,a300_c100,edd,1.0,c12_storm_150_a300_c100_0011,232.7118,232.7118
12,storm,a300_c100,atc,0.5,c12_storm_150_a300_c100_0012,999.8744,999.8744
12,storm,a300_c100,edd,0.5,c12_storm_150_a300_c100_0012,999.8744,999.8744
12,storm,a300_c100,atc,1.0,c12_storm_150_a300_c100_0012,814.2264,814.2264
12,storm,a300_c100,edd,1.0,c12_storm_150_a300_c100_0012,814.2264,814.2264
12,storm,a300_c100,atc,0.5,c12_storm_150_a300_c100_0013,505.3583,505.3583
12,storm,a300_c100,edd,0.5,c12_storm_150_a300_c100_0013,505.3583,505.3583
12,storm,a300_c100,atc,1.0,c12_storm_150_a300_c100_0013,516.8856,516.8856
12,storm,a300_c100,edd,1.0,c12_storm_150_a300_c100_0013,516.8856,516.8856
12,storm,a300_c100,atc,0.5,c12_storm_150_a300_c100_0014,473.2048,473.2048
12,storm,a300_c100,edd,0.5,c12_storm_150_a300_c100_0014,473.2048,473.2048
12,storm,a300_c100,atc,1.0,c12_storm_150_a300_c100_0014,458.6508,458.6508
12,storm,a300_c100,edd,1.0,c12_storm_150_a300_c100_0014,458.6508,458.6508
12,storm,a300_c100,atc,0.5,c12_storm_150_a300_c100_0015,365.1884,365.1884
12,storm,a300_c100,edd,0.5,c12_storm_150_a300_c100_0015,365.1884,365.1884
12,storm,a300_c100,atc,1.0,c12_storm_150_a300_c100_0015,199.8140,199.8140
12,storm,a300_c100,edd,1.0,c12_storm_150_a300_c100_0015,199.8140,199.8140
12,storm,a300_c100,atc,0.5,c12_storm_150_a300_c100_0016,109.7018,109.7018
12,storm,a300_c100,edd,0.5,c12_storm_150_a300_c100_0016,109.7018,109.7018
12,storm,a300_c100,atc,1.0,c12_storm_150_a300_c100_0016,161.3184,161.3184
12,storm,a300_c100,edd,1.0,c12_storm_150_a300_c100_0016,161.3184,161.3184
12,storm,a300_c100,atc,0.5,c12_storm_150_a300_c100_0017,678.0690,678.0690
12,storm,a300_c100,edd,0.5,c12_storm_150_a300_c100_0017,678.0690,678.0690
12,storm,a300_c100,atc,1.0,c12_storm_150_a300_c100_0017,280.5700,280.5700
12,storm,a300_c100,edd,1.0,c12_storm_150_a300_c100_0017,280.5700,280.5700
12,storm,a300_c100,atc,0.5,c12_storm_150_a300_c100_0018,546.5958,546.5958
12,storm,a300_c100,edd,0.5,c12_storm_150_a300_c100_0018,546.5958,546.5958
12,storm,a300_c100,atc,1.0,c12_storm_150_a300_c100_0018,580.4542,580.4542
12,storm,a300_c100,edd,1.0,c12_storm_150_a300_c100_0018,580.4542,580.4542
12,storm,a300_c100,atc,0.5,c12_storm_150_a300_c100_0019,175.8466,175.8466
12,storm,a300_c100,edd,0.5,c12_storm_150_a300_c100_0019,175.8466,175.8466
12,storm,a300_c100,atc,1.0,c12_storm_150_a300_c100_0019,185.7932,185.7932
12,storm,a300_c100,edd,1.0,c12_storm_150_a300_c100_0019,185.7932,185.7932
12,storm,a300_c100,atc,0.5,c12_storm_150_a300_c100_0020,640.6538,640.6538
12,storm,a300_c100,edd,0.5,c12_storm_150_a300_c100_0020,640.6538,640.6538
12,storm,a300_c100,atc,1.0,c12_storm_150_a300_c100_0020,344.2988,344.2988
12,storm,a300_c100,edd,1.0,c12_storm_150_a300_c100_0020,344.2988,344.2988
12,storm,a300_c100,atc,0.5,c12_storm_150_a300_c100_0021,496.5816,496.5816
12,storm,a300_c100,edd,0.5,c12_storm_150_a300_c100_0021,496.5816,496.5816
12,storm,a300_c100,atc,1.0,c12_storm_150_a300_c100_0021,518.9800,518.9800
12,storm,a300_c100,edd,1.0,c12_storm_150_a300_c100_0021,518.9800,518.9800
12,storm,a300_c100,atc,0.5,c12_storm_150_a300_c100_0022,22.2768,22.2768
12,storm,a300_c100,edd,0.5,c12_storm_150_a300_c100_0022,22.2768,22.2768
12,storm,a300_c100,atc,1.0,c12_storm_150_a300_c100_0022,22.4638,22.4638
12,storm,a300_c100,edd,1.0,c12_storm_150_a300_c100_0022,22.4638,22.4638
12,storm,a300_c100,atc,0.5,c12_storm_150_a300_c100_0023,796.1136,796.1136
12,storm,a300_c100,edd,0.5,c12_storm_150_a300_c100_0023,796.1136,796.1136
12,storm,a300_c100,atc,1.0,c12_storm_150_a300_c100_0023,358.0464,358.0464
12,storm,a300_c100,edd,1.0,c12_storm_150_a300_c100_0023,358.0464,358.0464
12,storm,a300_c100,atc,0.5,c12_storm_150_a300_c100_0024,185.5172,185.5172
12,storm,a300_c100,edd,0.5,c12_storm_150_a300_c100_0024,185.5172,185.5172
12,storm,a300_c100,atc,1.0,c12_storm_150_a300_c100_0024,352.0234,352.0234
12,storm,a300_c100,edd,1.0,c12_storm_150_a300_c100_0024,352.0234,352.0234
12,storm,a300_c100,atc,0.5,c12_storm_150_a300_c100_0025,143.9320,143.9320
12,storm,a300_c100,edd,0.5,c12_storm_150_a300_c100_0025,143.9320,143.9320
12,storm,a300_c100,atc,1.0,c12_storm_150_a300_c100_0025,97.5956,97.5956
12,storm,a300_c100,edd,1.0,c12_storm_150_a300_c100_0025,97.5956,97.5956
12,storm,a300_c100,atc,0.5,c12_storm_150_a300_c100_0026,81.0936,81.0936
12,storm,a300_c100,edd,0.5,c12_storm_150_a300_c100_0026,81.0936,81.0936
12,storm,a300_c100,atc,1.0,c12_storm_150_a300_c100_0026,155.8018,155.8018
12,storm,a300_c100,edd,1.0,c12_storm_150_a300_c100_0026,155.8018,155.8018
12,storm,a300_c100,atc,0.5,c12_storm_150_a300_c100_0027,575.8312,575.8312
12,storm,a300_c100,edd,0.5,c12_storm_150_a300_c100_0027,575.8312,575.8312
12,storm,a300_c100,atc,1.0,c12_storm_150_a300_c100_0027,901.4760,901.4760
12,storm,a300_c100,edd,1.0,c12_storm_150_a300_c100_0027,901.4760,901.4760
12,storm,a300_c100,atc,0.5,c12_storm_150_a300_c100_0028,708.7552,708.7552
12,storm,a300_c100,edd,0.5,c12_storm_150_a300_c100_0028,708.7552,708.7552
12,storm,a300_c100,atc,1.0,c12_storm_150_a300_c100_0028,258.9780,258.9780
12,storm,a300_c100,edd,1.0,c12_storm_150_a300_c100_0028,258.9780,258.9780
12,storm,a300_c100,atc,0.5,c12_storm_150_a300_c100_0029,395.5666,395.5666
12,storm,a300_c100,edd,0.5,c12_storm_150_a300_c100_0029,395.5666,395.5666
12,storm,a300_c100,atc,1.0,c12_storm_150_a300_c100_0029,381.4284,381.4284
12,storm,a300_c100,edd,1.0,c12_storm_150_a300_c100_0029,381.4284,381.4284
12,storm,a300_c80,atc,0.5,c12_storm_150_a300_c80_0000,326.9177,326.9177
12,storm,a300_c80,edd,0.5,c12_storm_150_a300_c80_0000,326.9177,326.9177
12,storm,a300_c80,atc,1.0,c12_storm_150_a300_c80_0000,259.8264,259.8264
12,storm,a300_c80,edd,1.0,c12_storm_150_a300_c80_0000,259.8264,259.8264
12,storm,a300_c80,atc,0.5,c12_storm_150_a300_c80_0001,56.5310,56.4950
12,storm,a300_c80,edd,0.5,c12_storm_150_a300_c80_0001,56.4950,56.4950
12,storm,a300_c80,atc,1.0,c12_storm_150_a300_c80_0001,100.6861,100.5972
12,storm,a300_c80,edd,1.0,c12_storm_150_a300_c80_0001,100.6501,100.5972
12,storm,a300_c80,atc,0.5,c12_storm_150_a300_c80_0002,925.7196,925.7196
12,storm,a300_c80,edd,0.5,c12_storm_150_a300_c80_0002,925.7196,925.7196
12,storm,a300_c80,atc,1.0,c12_storm_150_a300_c80_0002,1283.0794,1283.0794
12,storm,a300_c80,edd,1.0,c12_storm_150_a300_c80_0002,1283.0794,1283.0794
12,storm,a300_c80,atc,0.5,c12_storm_150_a300_c80_0003,238.4408,238.4408
12,storm,a300_c80,edd,0.5,c12_storm_150_a300_c80_0003,238.4408,238.4408
12,storm,a300_c80,atc,1.0,c12_storm_150_a300_c80_0003,272.2136,272.2136
12,storm,a300_c80,edd,1.0,c12_storm_150_a300_c80_0003,272.2136,272.2136
12,storm,a300_c80,atc,0.5,c12_storm_150_a300_c80_0004,561.6214,561.6214
12,storm,a300_c80,edd,0.5,c12_storm_150_a300_c80_0004,561.6214,561.6214
12,storm,a300_c80,atc,1.0,c12_storm_150_a300_c80_0004,473.9792,473.9792
12,storm,a300_c80,edd,1.0,c12_storm_150_a300_c80_0004,473.9792,473.9792
12,storm,a300_c80,atc,0.5,c12_storm_150_a300_c80_0005,376.0660,376.0660
12,storm,a300_c80,edd,0.5,c12_storm_150_a300_c80_0005,376.0660,376.0660
12,storm,a300_c80,atc,1.0,c12_storm_150_a300_c80_0005,342.4456,342.4456
12,storm,a300_c80,edd,1.0,c12_storm_150_a300_c80_0005,342.4456,342.4456
12,storm,a300_c80,atc,0.5,c12_storm_150_a300_c80_0006,1345.3464,1345.3464
12,storm,a300_c80,edd,0.5,c12_storm_150_a300_c80_0006,1345.3464,1345.3464
12,storm,a300_c80,atc,1.0,c12_storm_150_a300_c80_0006,1480.8790,1480.8790
12,storm,a300_c80,edd,1.0,c12_storm_150_a300_c80_0006,1480.8790,1480.8790
12,storm,a300_c80,atc,0.5,c12_storm_150_a300_c80_0007,181.1248,181.1248
12,storm,a300_c80,edd,0.5,c12_storm_150_a300_c80_0007,181.1248,181.1248
12,storm,a300_c80,atc,1.0,c12_storm_150_a300_c80_0007,53.2868,53.2868
12,storm,a300_c80,edd,1.0,c12_storm_150_a300_c80_0007,53.2868,53.2868
12,storm,a300_c80,atc,0.5,c12_storm_150_a300_c80_0008,293.1564,293.1564
12,storm,a300_c80,edd,0.5,c12_storm_150_a300_c80_0008,293.1564,293.1564
12,storm,a300_c80,atc,1.0,c12_storm_150_a300_c80_0008,193.3036,193.3036
12,storm,a300_c80,edd,1.0,c12_storm_150_a300_c80_0008,193.3036,193.3036
12,storm,a300_c80,atc,0.5,c12_storm_150_a300_c80_0009,26.3380,26.3380
12,storm,a300_c80,edd,0.5,c12_storm_150_a300_c80_0009,26.3380,26.3380
12,storm,a300_c80,atc,1.0,c12_storm_150_a300_c80_0009,70.9960,70.9960
12,storm,a300_c80,edd,1.0,c12_storm_150_a300_c80_0009,70.9960,70.9960
12,storm,a300_c80,atc,0.5,c12_storm_150_a300_c80_0010,375.7520,375.7520
12,storm,a300_c80,edd,0.5,c12_storm_150_a300_c80_0010,375.7520,375.7520
12,storm,a300_c80,atc,1.0,c12_storm_150_a300_c80_0010,301.3326,301.3326
12,storm,a300_c80,edd,1.0,c12_storm_150_a300_c80_0010,301.3326,301.3326
12,storm,a300_c80,atc,0.5,c12_storm_150_a300_c80_0011,366.4776,366.4776
12,storm,a300_c80,edd,0.5,c12_storm_150_a300_c80_0011,366.4776,366.4776
12,storm,a300_c80,atc,1.0,c12_storm_150_a300_c80_0011,335.2872,335.2872
12,storm,a300_c80,edd,1.0,c12_storm_150_a300_c80_0011,335.2872,335.2872
12,storm,a300_c80,atc,0.5,c12_storm_150_a300_c80_0012,91.4184,91.4184
12,storm,a300_c80,edd,0.5,c12_storm_150_a300_c80_0012,91.4184,91.4184
12,storm,a300_c80,atc,1.0,c12_storm_150_a300_c80_0012,85.7162,85.7162
12,storm,a300_c80,edd,1.0,c12_storm_150_a300_c80_0012,85.7162,85.7162
12,storm,a300_c80,atc,0.5,c12_storm_150_a300_c80_0013,85.9246,85.9246
12,storm,a300_c80,edd,0.5,c12_storm_150_a300_c80_0013,85.9246,85.9246
12,storm,a300_c80,atc,1.0,c12_storm_150_a300_c80_0013,84.4758,84.4758
12,storm,a300_c80,edd,1.0,c12_storm_150_a300_c80_0013,84.4758,84.4758
12,storm,a300_c80,atc,0.5,c12_storm_150_a300_c80_0014,215.5776,215.5776
12,storm,a300_c80,edd,0.5,c12_storm_150_a300_c80_0014,215.5776,215.5776
12,storm,a300_c80,atc,1.0,c12_storm_150_a300_c80_0014,88.9910,88.9910
12,storm,a300_c80,edd,1.0,c12_storm_150_a300_c80_0014,88.9910,88.9910
12,storm,a300_c80,atc,0.5,c12_storm_150_a300_c80_0015,491.4490,491.4490
12,storm,a300_c80,edd,0.5,c12_storm_150_a300_c80_0015,491.4490,491.4490
12,storm,a300_c80,atc,1.0,c12_storm_150_a300_c80_0015,232.5470,232.5470
12,storm,a300_c80,edd,1.0,c12_storm_150_a300_c80_0015,232.5470,232.5470
12,storm,a300_c80,atc,0.5,c12_storm_150_a300_c80_0016,118.1840,118.1840
12,storm,a300_c80,edd,0.5,c12_storm_150_a300_c80_0016,118.1840,118.1840
12,storm,a300_c80,atc,1.0,c12_storm_150_a300_c80_0016,248.7800,248.7800
12,storm,a300_c80,edd,1.0,c12_storm_150_a300_c80_0016,248.7800,248.7800
12,storm,a300_c80,atc,0.5,c12_storm_150_a300_c80_0017,239.4032,239.4032
12,storm,a300_c80,edd,0.5,c12_storm_150_a300_c80_0017,239.4032,239.4032
12,storm,a300_c80,atc,1.0,c12_storm_150_a300_c80_0017,254.8396,254.8396
12,storm,a300_c80,edd,1.0,c12_storm_150_a300_c80_0017,254.8396,254.8396
12,storm,a300_c80,atc,0.5,c12_storm_150_a300_c80_0018,148.5120,148.5120
12,storm,a300_c80,edd,0.5,c12_storm_150_a300_c80_0018,148.5120,148.5120
12,storm,a300_c80,atc,1.0,c12_storm_150_a300_c80_0018,218.6038,218.6038
12,storm,a300_c80,edd,1.0,c12_storm_150_a300_c80_0018,218.6038,218.6038
12,storm,a300_c80,atc,0.5,c12_storm_150_a300_c80_0019,111.9988,111.9988
12,storm,a300_c80,edd,0.5,c12_storm_150_a300_c80_0019,111.9988,111.9988
12,storm,a300_c80,atc,1.0,c12_storm_150_a300_c80_0019,111.0916,111.0916
12,storm,a300_c80,edd,1.0,c12_storm_150_a300_c80_0019,111.0916,111.0916
12,storm,a300_c80,atc,0.5,c12_storm_150_a300_c80_0020,122.9088,119.0912
12,storm,a300_c80,edd,0.5,c12_storm_150_a300_c80_0020,119.0912,119.0912
12,storm,a300_c80,atc,1.0,c12_storm_150_a300_c80_0020,97.8878,97.8878
12,storm,a300_c80,edd,1.0,c12_storm_150_a300_c80_0020,97.8878,97.8878
12,storm,a300_c80,atc,0.5,c12_storm_150_a300_c80_0021,144.4726,144.4726
12,storm,a300_c80,edd,0.5,c12_storm_150_a300_c80_0021,144.4726,144.4726
12,storm,a300_c80,atc,1.0,c12_storm_150_a300_c80_0021,106.4026,106.4026
12,storm,a300_c80,edd,1.0,c12_storm_150_a300_c80_0021,106.4026,106.4026
12,storm,a300_c80,atc,0.5,c12_storm_150_a300_c80_0022,667.9672,667.9672
12,storm,a300_c80,edd,0.5,c12_storm_150_a300_c80_0022,667.9672,667.9672
12,storm,a300_c80,atc,1.0,c12_storm_150_a300_c80_0022,795.9672,795.9672
12,storm,a300_c80,edd,1.0,c12_storm_150_a300_c80_0022,795.9672,795.9672
12,storm,a300_c80,atc,0.5,c12_storm_150_a300_c80_0023,613.1810,613.1810
12,storm,a300_c80,edd,0.5,c12_storm_150_a300_c80_0023,613.1810,613.1810
12,storm,a300_c80,atc,1.0,c12_storm_150_a300_c80_0023,380.3982,380.3982
12,storm,a300_c80,edd,1.0,c12_storm_150_a300_c80_0023,380.3982,380.3982
12,storm,a300_c80,atc,0.5,c12_storm_150_a300_c80_0024,381.0274,381.0274
12,storm,a300_c80,edd,0.5,c12_storm_150_a300_c80_0024,378.6634,378.6634
12,storm,a300_c80,atc,1.0,c12_storm_150_a300_c80_0024,169.5418,169.5418
12,storm,a300_c80,edd,1.0,c12_storm_150_a300_c80_0024,167.1778,167.1778
12,storm,a300_c80,atc,0.5,c12_storm_150_a300_c80_0025,803.5440,803.5440
12,storm,a300_c80,edd,0.5,c12_storm_150_a300_c80_0025,803.5440,803.5440
12,storm,a300_c80,atc,1.0,c12_storm_150_a300_c80_0025,764.6096,764.6096
12,storm,a300_c80,edd,1.0,c12_storm_150_a300_c80_0025,764.6096,764.6096
12,storm,a300_c80,atc,0.5,c12_storm_150_a300_c80_0026,195.0840,195.0840
12,storm,a300_c80,edd,0.5,c12_storm_150_a300_c80_0026,195.0840,195.0840
12,storm,a300_c80,atc,1.0,c12_storm_150_a300_c80_0026,67.2600,67.2600
12,storm,a300_c80,edd,1.0,c12_storm_150_a300_c80_0026,67.2600,67.2600
12,storm,a300_c80,atc,0.5,c12_storm_150_a300_c80_0027,150.3516,150.3516
12,storm,a300_c80,edd,0.5,c12_storm_150_a300_c80_0027,150.3516,150.3516
12,storm,a300_c80,atc,1.0,c12_storm_150_a300_c80_0027,151.7102,151.7102
12,storm,a300_c80,edd,1.0,c12_storm_150_a300_c80_0027,151.7102,151.7102
12,storm,a300_c80,atc,0.5,c12_storm_150_a300_c80_0028,222.0232,222.0232
12,storm,a300_c80,edd,0.5,c12_storm_150_a300_c80_0028,222.0232,222.0232
12,storm,a300_c80,atc,1.0,c12_storm_150_a300_c80_0028,96.9970,96.9970
12,storm,a300_c80,edd,1.0,c12_storm_150_a300_c80_0028,96.9970,96.9970
12,storm,a300_c80,atc,0.5,c12_storm_150_a300_c80_0029,1441.4316,1441.4316
12,storm,a300_c80,edd,0.5,c12_storm_150_a300_c80_0029,1441.4316,1441.4316
12,storm,a300_c80,atc,1.0,c12_storm_150_a300_c80_0029,1349.2560,1349.2560
12,storm,a300_c80,edd,1.0,c12_storm_150_a300_c80_0029,1349.2560,1349.2560
12,pmmix,p20_c60,atc,0.5,c12_pmmix_150_p20_c60_0000,415.6144,415.6144
12,pmmix,p20_c60,edd,0.5,c12_pmmix_150_p20_c60_0000,415.6144,415.6144
12,pmmix,p20_c60,atc,1.0,c12_pmmix_150_p20_c60_0000,79.2340,79.2340
12,pmmix,p20_c60,edd,1.0,c12_pmmix_150_p20_c60_0000,79.2340,79.2340
12,pmmix,p20_c60,atc,0.5,c12_pmmix_150_p20_c60_0001,498.1636,498.1636
12,pmmix,p20_c60,edd,0.5,c12_pmmix_150_p20_c60_0001,498.1636,498.1636
12,pmmix,p20_c60,atc,1.0,c12_pmmix_150_p20_c60_0001,330.0012,330.0012
12,pmmix,p20_c60,edd,1.0,c12_pmmix_150_p20_c60_0001,330.0012,330.0012
12,pmmix,p20_c60,atc,0.5,c12_pmmix_150_p20_c60_0002,99.4844,99.4844
12,pmmix,p20_c60,edd,0.5,c12_pmmix_150_p20_c60_0002,99.4844,99.4844
12,pmmix,p20_c60,atc,1.0,c12_pmmix_150_p20_c60_0002,191.9512,191.9512
12,pmmix,p20_c60,edd,1.0,c12_pmmix_150_p20_c60_0002,191.9512,191.9512
12,pmmix,p20_c60,atc,0.5,c12_pmmix_150_p20_c60_0003,721.1876,721.1876
12,pmmix,p20_c60,edd,0.5,c12_pmmix_150_p20_c60_0003,721.1876,721.1876
12,pmmix,p20_c60,atc,1.0,c12_pmmix_150_p20_c60_0003,554.1536,554.1536
12,pmmix,p20_c60,edd,1.0,c12_pmmix_150_p20_c60_0003,554.1536,554.1536
12,pmmix,p20_c60,atc,0.5,c12_pmmix_150_p20_c60_0004,109.1280,109.1280
12,pmmix,p20_c60,edd,0.5,c12_pmmix_150_p20_c60_0004,109.1280,109.1280
12,pmmix,p20_c60,atc,1.0,c12_pmmix_150_p20_c60_0004,66.5560,66.5560
12,pmmix,p20_c60,edd,1.0,c12_pmmix_150_p20_c60_0004,66.5560,66.5560
12,pmmix,p20_c60,atc,0.5,c12_pmmix_150_p20_c60_0005,262.4714,262.4714
12,pmmix,p20_c60,edd,0.5,c12_pmmix_150_p20_c60_0005,262.4714,262.4714
12,pmmix,p20_c60,atc,1.0,c12_pmmix_150_p20_c60_0005,317.3706,317.3706
12,pmmix,p20_c60,edd,1.0,c12_pmmix_150_p20_c60_0005,317.3706,317.3706
12,pmmix,p20_c60,atc,0.5,c12_pmmix_150_p20_c60_0006,238.4008,238.4008
12,pmmix,p20_c60,edd,0.5,c12_pmmix_150_p20_c60_0006,238.4008,238.4008
12,pmmix,p20_c60,atc,1.0,c12_pmmix_150_p20_c60_0006,238.4008,238.4008
12,pmmix,p20_c60,edd,1.0,c12_pmmix_150_p20_c60_0006,238.4008,238.4008
12,pmmix,p20_c60,atc,0.5,c12_pmmix_150_p20_c60_0007,589.3904,589.3904
12,pmmix,p20_c60,edd,0.5,c12_pmmix_150_p20_c60_0007,589.3904,589.3904
12,pmmix,p20_c60,atc,1.0,c12_pmmix_150_p20_c60_0007,427.8056,427.8056
12,pmmix,p20_c60,edd,1.0,c12_pmmix_150_p20_c60_0007,427.8056,427.8056
12,pmmix,p20_c60,atc,0.5,c12_pmmix_150_p20_c60_0008,997.1844,997.1844
12,pmmix,p20_c60,edd,0.5,c12_pmmix_150_p20_c60_0008,997.1844,997.1844
12,pmmix,p20_c60,atc,1.0,c12_pmmix_150_p20_c60_0008,542.9666,542.9666
12,pmmix,p20_c60,edd,1.0,c12_pmmix_150_p20_c60_0008,542.9666,542.9666
12,pmmix,p20_c60,atc,0.5,c12_pmmix_150_p20_c60_0009,388.4050,388.4050
12,pmmix,p20_c60,edd,0.5,c12_pmmix_150_p20_c60_0009,388.4050,388.4050
12,pmmix,p20_c60,atc,1.0,c12_pmmix_150_p20_c60_0009,157.2064,157.2064
12,pmmix,p20_c60,edd,1.0,c12_pmmix_150_p20_c60_0009,157.2064,157.2064
12,pmmix,p20_c60,atc,0.5,c12_pmmix_150_p20_c60_0010,196.3000,196.3000
12,pmmix,p20_c60,edd,0.5,c12_pmmix_150_p20_c60_0010,196.3000,196.3000
12,pmmix,p20_c60,atc,1.0,c12_pmmix_150_p20_c60_0010,121.2848,121.2848
12,pmmix,p20_c60,edd,1.0,c12_pmmix_150_p20_c60_0010,121.2848,121.2848
12,pmmix,p20_c60,atc,0.5,c12_pmmix_150_p20_c60_0011,177.7920,177.7920
12,pmmix,p20_c60,edd,0.5,c12_pmmix_150_p20_c60_0011,177.7920,177.7920
12,pmmix,p20_c60,atc,1.0,c12_pmmix_150_p20_c60_0011,185.9884,185.9884
12,pmmix,p20_c60,edd,1.0,c12_pmmix_150_p20_c60_0011,185.9884,185.9884
12,pmmix,p20_c60,atc,0.5,c12_pmmix_150_p20_c60_0012,800.7832,800.7832
12,pmmix,p20_c60,edd,0.5,c12_pmmix_150_p20_c60_0012,800.7832,800.7832
12,pmmix,p20_c60,atc,1.0,c12_pmmix_150_p20_c60_0012,857.8066,857.8066
12,pmmix,p20_c60,edd,1.0,c12_pmmix_150_p20_c60_0012,857.8066,857.8066
12,pmmix,p20_c60,atc,0.5,c12_pmmix_150_p20_c60_0013,1191.0602,1191.0602
12,pmmix,p20_c60,edd,0.5,c12_pmmix_150_p20_c60_0013,1191.0602,1191.0602
12,pmmix,p20_c60,atc,1.0,c12_pmmix_150_p20_c60_0013,1011.1122,1011.1122
12,pmmix,p20_c60,edd,1.0,c12_pmmix_150_p20_c60_0013,1011.1122,1011.1122
12,pmmix,p20_c60,atc,0.5,c12_pmmix_150_p20_c60_0014,99.2584,99.2584
12,pmmix,p20_c60,edd,0.5,c12_pmmix_150_p20_c60_0014,99.2584,99.2584
12,pmmix,p20_c60,atc,1.0,c12_pmmix_150_p20_c60_0014,64.8462,64.8462
12,pmmix,p20_c60,edd,1.0,c12_pmmix_150_p20_c60_0014,64.8462,64.8462
12,pmmix,p20_c60,atc,0.5,c12_pmmix_150_p20_c60_0015,57.8456,57.8456
12,pmmix,p20_c60,edd,0.5,c12_pmmix_150_p20_c60_0015,57.8456,57.8456
12,pmmix,p20_c60,atc,1.0,c12_pmmix_150_p20_c60_0015,81.2816,81.2816
12,pmmix,p20_c60,edd,1.0,c12_pmmix_150_p20_c60_0015,81.2816,81.2816
12,pmmix,p20_c60,atc,0.5,c12_pmmix_150_p20_c60_0016,78.0980,78.0980
12,pmmix,p20_c60,edd,0.5,c12_pmmix_150_p20_c60_0016,78.0980,78.0980
12,pmmix,p20_c60,atc,1.0,c12_pmmix_150_p20_c60_0016,90.2588,90.2588
12,pmmix,p20_c60,edd,1.0,c12_pmmix_150_p20_c60_0016,90.2588,90.2588
12,pmmix,p20_c60,atc,0.5,c12_pmmix_150_p20_c60_0017,768.9431,768.9431
12,pmmix,p20_c60,edd,0.5,c12_pmmix_150_p20_c60_0017,768.9431,768.9431
12,pmmix,p20_c60,atc,1.0,c12_pmmix_150_p20_c60_0017,523.3366,523.3366
12,pmmix,p20_c60,edd,1.0,c12_pmmix_150_p20_c60_0017,523.3366,523.3366
12,pmmix,p20_c60,atc,0.5,c12_pmmix_150_p20_c60_0018,276.7084,276.7084
12,pmmix,p20_c60,edd,0.5,c12_pmmix_150_p20_c60_0018,276.7084,276.7084
12,pmmix,p20_c60,atc,1.0,c12_pmmix_150_p20_c60_0018,76.7466,76.7466
12,pmmix,p20_c60,edd,1.0,c12_pmmix_150_p20_c60_0018,76.7466,76.7466
12,pmmix,p20_c60,atc,0.5,c12_pmmix_150_p20_c60_0019,758.5842,758.5842
12,pmmix,p20_c60,edd,0.5,c12_pmmix_150_p20_c60_0019,758.5842,758.5842
12,pmmix,p20_c60,atc,1.0,c12_pmmix_150_p20_c60_0019,772.8810,772.8810
12,pmmix,p20_c60,edd,1.0,c12_pmmix_150_p20_c60_0019,772.8810,772.8810
12,pmmix,p20_c60,atc,0.5,c12_pmmix_150_p20_c60_0020,185.1732,185.1732
12,pmmix,p20_c60,edd,0.5,c12_pmmix_150_p20_c60_0020,185.1732,185.1732
12,pmmix,p20_c60,atc,1.0,c12_pmmix_150_p20_c60_0020,301.2704,301.2704
12,pmmix,p20_c60,edd,1.0,c12_pmmix_150_p20_c60_0020,301.2704,301.2704
12,pmmix,p20_c60,atc,0.5,c12_pmmix_150_p20_c60_0021,212.9548,212.9548
12,pmmix,p20_c60,edd,0.5,c12_pmmix_150_p20_c60_0021,212.9548,212.9548
12,pmmix,p20_c60,atc,1.0,c12_pmmix_150_p20_c60_0021,231.8306,231.8306
12,pmmix,p20_c60,edd,1.0,c12_pmmix_150_p20_c60_0021,231.8306,231.8306
12,pmmix,p20_c60,atc,0.5,c12_pmmix_150_p20_c60_0022,85.9784,85.9784
12,pmmix,p20_c60,edd,0.5,c12_pmmix_150_p20_c60_0022,85.9784,85.9784
12,pmmix,p20_c60,atc,1.0,c12_pmmix_150_p20_c60_0022,157.5920,157.5920
12,pmmix,p20_c60,edd,1.0,c12_pmmix_150_p20_c60_0022,157.5920,157.5920
12,pmmix,p20_c60,atc,0.5,c12_pmmix_150_p20_c60_0023,1431.7876,1431.7876
12,pmmix,p20_c60,edd,0.5,c12_pmmix_150_p20_c60_0023,1431.7876,1431.7876
12,pmmix,p20_c60,atc,1.0,c12_pmmix_150_p20_c60_0023,1258.9578,1258.9578
12,pmmix,p20_c60,edd,1.0,c12_pmmix_150_p20_c60_0023,1258.9578,1258.9578
12,pmmix,p20_c60,atc,0.5,c12_pmmix_150_p20_c60_0024,300.7640,300.7640
12,pmmix,p20_c60,edd,0.5,c12_pmmix_150_p20_c60_0024,300.7640,300.7640
12,pmmix,p20_c60,atc,1.0,c12_pmmix_150_p20_c60_0024,198.3908,198.3908
12,pmmix,p20_c60,edd,1.0,c12_pmmix_150_p20_c60_0024,198.3908,198.3908
12,pmmix,p20_c60,atc,0.5,c12_pmmix_150_p20_c60_0025,221.6556,221.6556
12,pmmix,p20_c60,edd,0.5,c12_pmmix_150_p20_c60_0025,221.6556,221.6556
12,pmmix,p20_c60,atc,1.0,c12_pmmix_150_p20_c60_0025,65.4942,65.4942
12,pmmix,p20_c60,edd,1.0,c12_pmmix_150_p20_c60_0025,65.4942,65.4942
12,pmmix,p20_c60,atc,0.5,c12_pmmix_150_p20_c60_0026,193.5874,193.5874
12,pmmix,p20_c60,edd,0.5,c12_pmmix_150_p20_c60_0026,193.5874,193.5874
12,pmmix,p20_c60,atc,1.0,c12_pmmix_150_p20_c60_0026,191.9274,191.9274
12,pmmix,p20_c60,edd,1.0,c12_pmmix_150_p20_c60_0026,191.9274,191.9274
12,pmmix,p20_c60,atc,0.5,c12_pmmix_150_p20_c60_0027,5.9656,5.9656
12,pmmix,p20_c60,edd,0.5,c12_pmmix_150_p20_c60_0027,5.9656,5.9656
12,pmmix,p20_c60,atc,1.0,c12_pmmix_150_p20_c60_0027,9.6324,9.6324
12,pmmix,p20_c60,edd,1.0,c12_pmmix_150_p20_c60_0027,9.6324,9.6324
12,pmmix,p20_c60,atc,0.5,c12_pmmix_150_p20_c60_0028,606.7078,606.7078
12,pmmix,p20_c60,edd,0.5,c12_pmmix_150_p20_c60_0028,606.7078,606.7078
12,pmmix,p20_c60,atc,1.0,c12_pmmix_150_p20_c60_0028,430.5734,430.5734
12,pmmix,p20_c60,edd,1.0,c12_pmmix_150_p20_c60_0028,430.5734,430.5734
12,pmmix,p20_c60,atc,0.5,c12_pmmix_150_p20_c60_0029,1454.7232,1454.7232
12,pmmix,p20_c60,edd,0.5,c12_pmmix_150_p20_c60_0029,1454.7232,1454.7232
12,pmmix,p20_c60,atc,1.0,c12_pmmix_150_p20_c60_0029,1300.3858,1300.3858
12,pmmix,p20_c60,edd,1.0,c12_pmmix_150_p20_c60_0029,1300.3858,1300.3858
12,pmmix,p50_c60,atc,0.5,c12_pmmix_150_p50_c60_0000,123.7612,123.7612
12,pmmix,p50_c60,edd,0.5,c12_pmmix_150_p50_c60_0000,123.7612,123.7612
12,pmmix,p50_c60,atc,1.0,c12_pmmix_150_p50_c60_0000,123.7612,123.7612
12,pmmix,p50_c60,edd,1.0,c12_pmmix_150_p50_c60_0000,123.7612,123.7612
12,pmmix,p50_c60,atc,0.5,c12_pmmix_150_p50_c60_0001,0.0000,0.0000
12,pmmix,p50_c60,edd,0.5,c12_pmmix_150_p50_c60_0001,0.0000,0.0000
12,pmmix,p50_c60,atc,1.0,c12_pmmix_150_p50_c60_0001,0.0000,0.0000
12,pmmix,p50_c60,edd,1.0,c12_pmmix_150_p50_c60_0001,0.0000,0.0000
12,pmmix,p50_c60,atc,0.5,c12_pmmix_150_p50_c60_0002,63.3936,63.3936
12,pmmix,p50_c60,edd,0.5,c12_pmmix_150_p50_c60_0002,63.3936,63.3936
12,pmmix,p50_c60,atc,1.0,c12_pmmix_150_p50_c60_0002,97.4288,97.4288
12,pmmix,p50_c60,edd,1.0,c12_pmmix_150_p50_c60_0002,97.4288,97.4288
12,pmmix,p50_c60,atc,0.5,c12_pmmix_150_p50_c60_0003,620.2212,620.2212
12,pmmix,p50_c60,edd,0.5,c12_pmmix_150_p50_c60_0003,620.2212,620.2212
12,pmmix,p50_c60,atc,1.0,c12_pmmix_150_p50_c60_0003,422.8462,422.8462
12,pmmix,p50_c60,edd,1.0,c12_pmmix_150_p50_c60_0003,422.8462,422.8462
12,pmmix,p50_c60,atc,0.5,c12_pmmix_150_p50_c60_0004,0.5776,0.5776
12,pmmix,p50_c60,edd,0.5,c12_pmmix_150_p50_c60_0004,0.5776,0.5776
12,pmmix,p50_c60,atc,1.0,c12_pmmix_150_p50_c60_0004,0.5776,0.5776
12,pmmix,p50_c60,edd,1.0,c12_pmmix_150_p50_c60_0004,0.5776,0.5776
12,pmmix,p50_c60,atc,0.5,c12_pmmix_150_p50_c60_0005,479.9708,479.9708
12,pmmix,p50_c60,edd,0.5,c12_pmmix_150_p50_c60_0005,479.9708,479.9708
12,pmmix,p50_c60,atc,1.0,c12_pmmix_150_p50_c60_0005,229.7348,229.7348
12,pmmix,p50_c60,edd,1.0,c12_pmmix_150_p50_c60_0005,229.7348,229.7348
12,pmmix,p50_c60,atc,0.5,c12_pmmix_150_p50_c60_0006,190.2154,190.2154
12,pmmix,p50_c60,edd,0.5,c12_pmmix_150_p50_c60_0006,190.2154,190.2154
12,pmmix,p50_c60,atc,1.0,c12_pmmix_150_p50_c60_0006,67.0952,67.0952
12,pmmix,p50_c60,edd,1.0,c12_pmmix_150_p50_c60_0006,67.0952,67.0952
12,pmmix,p50_c60,atc,0.5,c12_pmmix_150_p50_c60_0007,237.8056,237.8056
12,pmmix,p50_c60,edd,0.5,c12_pmmix_150_p50_c60_0007,237.8056,237.8056
12,pmmix,p50_c60,atc,1.0,c12_pmmix_150_p50_c60_0007,239.9844,239.9844
12,pmmix,p50_c60,edd,1.0,c12_pmmix_150_p50_c60_0007,239.9844,239.9844
12,pmmix,p50_c60,atc,0.5,c12_pmmix_150_p50_c60_0008,123.8626,123.8626
12,pmmix,p50_c60,edd,0.5,c12_pmmix_150_p50_c60_0008,123.8626,123.8626
12,pmmix,p50_c60,atc,1.0,c12_pmmix_150_p50_c60_0008,66.2146,66.2146
12,pmmix,p50_c60,edd,1.0,c12_pmmix_150_p50_c60_0008,66.2146,66.2146
12,pmmix,p50_c60,atc,0.5,c12_pmmix_150_p50_c60_0009,160.6276,160.6276
12,pmmix,p50_c60,edd,0.5,c12_pmmix_150_p50_c60_0009,160.6276,160.6276
12,pmmix,p50_c60,atc,1.0,c12_pmmix_150_p50_c60_0009,537.7588,537.7588
12,pmmix,p50_c60,edd,1.0,c12_pmmix_150_p50_c60_0009,537.7588,537.7588
12,pmmix,p50_c60,atc,0.5,c12_pmmix_150_p50_c60_0010,261.9560,261.9560
12,pmmix,p50_c60,edd,0.5,c12_pmmix_150_p50_c60_0010,261.9560,261.9560
12,pmmix,p50_c60,atc,1.0,c12_pmmix_150_p50_c60_0010,160.6700,160.6700
12,pmmix,p50_c60,edd,1.0,c12_pmmix_150_p50_c60_0010,160.6700,160.6700
12,pmmix,p50_c60,atc,0.5,c12_pmmix_150_p50_c60_0011,130.4492,130.4492
12,pmmix,p50_c60,edd,0.5,c12_pmmix_150_p50_c60_0011,130.4492,130.4492
12,pmmix,p50_c60,atc,1.0,c12_pmmix_150_p50_c60_0011,225.3608,225.3608
12,pmmix,p50_c60,edd,1.0,c12_pmmix_150_p50_c60_0011,225.3608,225.3608
12,pmmix,p50_c60,atc,0.5,c12_pmmix_150_p50_c60_0012,116.2312,116.2312
12,pmmix,p50_c60,edd,0.5,c12_pmmix_150_p50_c60_0012,116.2312,116.2312
12,pmmix,p50_c60,atc,1.0,c12_pmmix_150_p50_c60_0012,108.3968,108.3968
12,pmmix,p50_c60,edd,1.0,c12_pmmix_150_p50_c60_0012,108.3968,108.3968
12,pmmix,p50_c60,atc,0.5,c12_pmmix_150_p50_c60_0013,495.2660,495.2660
12,pmmix,p50_c60,edd,0.5,c12_pmmix_150_p50_c60_0013,495.2660,495.2660
12,pmmix,p50_c60,atc,1.0,c12_pmmix_150_p50_c60_0013,291.8520,291.8520
12,pmmix,p50_c60,edd,1.0,c12_pmmix_150_p50_c60_0013,291.8520,291.8520
12,pmmix,p50_c60,atc,0.5,c12_pmmix_150_p50_c60_0014,706.3712,706.3712
12,pmmix,p50_c60,edd,0.5,c12_pmmix_150_p50_c60_0014,706.3712,706.3712
12,pmmix,p50_c60,atc,1.0,c12_pmmix_150_p50_c60_0014,724.1328,724.1328
12,pmmix,p50_c60,edd,1.0,c12_pmmix_150_p50_c60_0014,724.1328,724.1328
12,pmmix,p50_c60,atc,0.5,c12_pmmix_150_p50_c60_0015,56.6240,56.6240
12,pmmix,p50_c60,edd,0.5,c12_pmmix_150_p50_c60_0015,56.6240,56.6240
12,pmmix,p50_c60,atc,1.0,c12_pmmix_150_p50_c60_0015,28.0184,28.0184
12,pmmix,p50_c60,edd,1.0,c12_pmmix_150_p50_c60_0015,28.0184,28.0184
12,pmmix,p50_c60,atc,0.5,c12_pmmix_150_p50_c60_0016,49.7172,49.7172
12,pmmix,p50_c60,edd,0.5,c12_pmmix_150_p50_c60_0016,49.7172,49.7172
12,pmmix,p50_c60,atc,1.0,c12_pmmix_150_p50_c60_0016,16.3832,16.3832
12,pmmix,p50_c60,edd,1.0,c12_pmmix_150_p50_c60_0016,16.3832,16.3832
12,pmmix,p50_c60,atc,0.5,c12_pmmix_150_p50_c60_0017,235.9328,235.9328
12,pmmix,p50_c60,edd,0.5,c12_pmmix_150_p50_c60_0017,235.9328,235.9328
12,pmmix,p50_c60,atc,1.0,c12_pmmix_150_p50_c60_0017,450.3790,450.3790
12,pmmix,p50_c60,edd,1.0,c12_pmmix_150_p50_c60_0017,450.3790,450.3790
12,pmmix,p50_c60,atc,0.5,c12_pmmix_150_p50_c60_0018,144.2106,144.2106
12,pmmix,p50_c60,edd,0.5,c12_pmmix_150_p50_c60_0018,144.2106,144.2106
12,pmmix,p50_c60,atc,1.0,c12_pmmix_150_p50_c60_0018,170.0850,170.0850
12,pmmix,p50_c60,edd,1.0,c12_pmmix_150_p50_c60_0018,170.0850,170.0850
12,pmmix,p50_c60,atc,0.5,c12_pmmix_150_p50_c60_0019,0.0000,0.0000
12,pmmix,p50_c60,edd,0.5,c12_pmmix_150_p50_c60_0019,0.0000,0.0000
12,pmmix,p50_c60,atc,1.0,c12_pmmix_150_p50_c60_0019,71.6496,71.6496
12,pmmix,p50_c60,edd,1.0,c12_pmmix_150_p50_c60_0019,71.6496,71.6496
12,pmmix,p50_c60,atc,0.5,c12_pmmix_150_p50_c60_0020,287.5072,287.5072
12,pmmix,p50_c60,edd,0.5,c12_pmmix_150_p50_c60_0020,287.5072,287.5072
12,pmmix,p50_c60,atc,1.0,c12_pmmix_150_p50_c60_0020,404.6424,404.6424
12,pmmix,p50_c60,edd,1.0,c12_pmmix_150_p50_c60_0020,404.6424,404.6424
12,pmmix,p50_c60,atc,0.5,c12_pmmix_150_p50_c60_0021,0.0000,0.0000
12,pmmix,p50_c60,edd,0.5,c12_pmmix_150_p50_c60_0021,0.0000,0.0000
12,pmmix,p50_c60,atc,1.0,c12_pmmix_150_p50_c60_0021,0.0000,0.0000
12,pmmix,p50_c60,edd,1.0,c12_pmmix_150_p50_c60_0021,0.0000,0.0000
12,pmmix,p50_c60,atc,0.5,c12_pmmix_150_p50_c60_0022,50.8104,50.8104
12,pmmix,p50_c60,edd,0.5,c12_pmmix_150_p50_c60_0022,50.8104,50.8104
12,pmmix,p50_c60,atc,1.0,c12_pmmix_150_p50_c60_0022,82.9472,82.9472
12,pmmix,p50_c60,edd,1.0,c12_pmmix_150_p50_c60_0022,82.9472,82.9472
12,pmmix,p50_c60,atc,0.5,c12_pmmix_150_p50_c60_0023,125.7560,125.7560
12,pmmix,p50_c60,edd,0.5,c12_pmmix_150_p50_c60_0023,125.7560,125.7560
12,pmmix,p50_c60,atc,1.0,c12_pmmix_150_p50_c60_0023,30.2208,30.2208
12,pmmix,p50_c60,edd,1.0,c12_pmmix_150_p50_c60_0023,30.2208,30.2208
12,pmmix,p50_c60,atc,0.5,c12_pmmix_150_p50_c60_0024,85.5074,85.5074
12,pmmix,p50_c60,edd,0.5,c12_pmmix_150_p50_c60_0024,85.5074,85.5074
12,pmmix,p50_c60,atc,1.0,c12_pmmix_150_p50_c60_0024,108.1350,108.1350
12,pmmix,p50_c60,edd,1.0,c12_pmmix_150_p50_c60_0024,108.1350,108.1350
12,pmmix,p50_c60,atc,0.5,c12_pmmix_150_p50_c60_0025,236.1574,236.1574
12,pmmix,p50_c60,edd,0.5,c12_pmmix_150_p50_c60_0025,236.1574,236.1574
12,pmmix,p50_c60,atc,1.0,c12_pmmix_150_p50_c60_0025,261.8452,261.8452
12,pmmix,p50_c60,edd,1.0,c12_pmmix_150_p50_c60_0025,261.8452,261.8452
12,pmmix,p50_c60,atc,0.5,c12_pmmix_150_p50_c60_0026,193.7304,193.7304
12,pmmix,p50_c60,edd,0.5,c12_pmmix_150_p50_c60_0026,193.7304,193.7304
12,pmmix,p50_c60,atc,1.0,c12_pmmix_150_p50_c60_0026,138.4024,138.4024
12,pmmix,p50_c60,edd,1.0,c12_pmmix_150_p50_c60_0026,138.4024,138.4024
12,pmmix,p50_c60,atc,0.5,c12_pmmix_150_p50_c60_0027,79.1186,79.1186
12,pmmix,p50_c60,edd,0.5,c12_pmmix_150_p50_c60_0027,79.1186,79.1186
12,pmmix,p50_c60,atc,1.0,c12_pmmix_150_p50_c60_0027,53.0696,53.0696
12,pmmix,p50_c60,edd,1.0,c12_pmmix_150_p50_c60_0027,53.0696,53.0696
12,pmmix,p50_c60,atc,0.5,c12_pmmix_150_p50_c60_0028,806.6522,806.6522
12,pmmix,p50_c60,edd,0.5,c12_pmmix_150_p50_c60_0028,806.6522,806.6522
12,pmmix,p50_c60,atc,1.0,c12_pmmix_150_p50_c60_0028,843.2590,843.2590
12,pmmix,p50_c60,edd,1.0,c12_pmmix_150_p50_c60_0028,843.2590,843.2590
12,pmmix,p50_c60,atc,0.5,c12_pmmix_150_p50_c60_0029,662.4632,662.4632
12,pmmix,p50_c60,edd,0.5,c12_pmmix_150_p50_c60_0029,662.4632,662.4632
12,pmmix,p50_c60,atc,1.0,c12_pmmix_150_p50_c60_0029,786.3510,786.3510
12,pmmix,p50_c60,edd,1.0,c12_pmmix_150_p50_c60_0029,786.3510,786.3510
12,pmmix,p80_c60,atc,0.5,c12_pmmix_150_p80_c60_0000,51.5916,51.5916
12,pmmix,p80_c60,edd,0.5,c12_pmmix_150_p80_c60_0000,51.5916,51.5916
12,pmmix,p80_c60,atc,1.0,c12_pmmix_150_p80_c60_0000,0.9428,0.9428
12,pmmix,p80_c60,edd,1.0,c12_pmmix_150_p80_c60_0000,0.9428,0.9428
12,pmmix,p80_c60,atc,0.5,c12_pmmix_150_p80_c60_0001,235.3844,235.3844
12,pmmix,p80_c60,edd,0.5,c12_pmmix_150_p80_c60_0001,235.3844,235.3844
12,pmmix,p80_c60,atc,1.0,c12_pmmix_150_p80_c60_0001,219.7952,219.7952
12,pmmix,p80_c60,edd,1.0,c12_pmmix_150_p80_c60_0001,219.7952,219.7952
12,pmmix,p80_c60,atc,0.5,c12_pmmix_150_p80_c60_0002,20.4448,20.4448
12,pmmix,p80_c60,edd,0.5,c12_pmmix_150_p80_c60_0002,20.4448,20.4448
12,pmmix,p80_c60,atc,1.0,c12_pmmix_150_p80_c60_0002,20.4448,20.4448
12,pmmix,p80_c60,edd,1.0,c12_pmmix_150_p80_c60_0002,20.4448,20.4448
12,pmmix,p80_c60,atc,0.5,c12_pmmix_150_p80_c60_0003,57.7094,57.7094
12,pmmix,p80_c60,edd,0.5,c12_pmmix_150_p80_c60_0003,57.7094,57.7094
12,pmmix,p80_c60,atc,1.0,c12_pmmix_150_p80_c60_0003,50.4368,50.4368
12,pmmix,p80_c60,edd,1.0,c12_pmmix_150_p80_c60_0003,50.4368,50.4368
12,pmmix,p80_c60,atc,0.5,c12_pmmix_150_p80_c60_0004,229.1784,229.1784
12,pmmix,p80_c60,edd,0.5,c12_pmmix_150_p80_c60_0004,229.1784,229.1784
12,pmmix,p80_c60,atc,1.0,c12_pmmix_150_p80_c60_0004,208.0216,208.0216
12,pmmix,p80_c60,edd,1.0,c12_pmmix_150_p80_c60_0004,208.0216,208.0216
12,pmmix,p80_c60,atc,0.5,c12_pmmix_150_p80_c60_0005,53.6456,53.6456
12,pmmix,p80_c60,edd,0.5,c12_pmmix_150_p80_c60_0005,53.6456,53.6456
12,pmmix,p80_c60,atc,1.0,c12_pmmix_150_p80_c60_0005,47.6796,47.6796
12,pmmix,p80_c60,edd,1.0,c12_pmmix_150_p80_c60_0005,47.6796,47.6796
12,pmmix,p80_c60,atc,0.5,c12_pmmix_150_p80_c60_0006,59.8212,59.8212
12,pmmix,p80_c60,edd,0.5,c12_pmmix_150_p80_c60_0006,59.8212,59.8212
12,pmmix,p80_c60,atc,1.0,c12_pmmix_150_p80_c60_0006,59.9402,59.9402
12,pmmix,p80_c60,edd,1.0,c12_pmmix_150_p80_c60_0006,59.9402,59.9402
12,pmmix,p80_c60,atc,0.5,c12_pmmix_150_p80_c60_0007,215.1656,215.1656
12,pmmix,p80_c60,edd,0.5,c12_pmmix_150_p80_c60_0007,215.1656,215.1656
12,pmmix,p80_c60,atc,1.0,c12_pmmix_150_p80_c60_0007,102.1330,102.1330
12,pmmix,p80_c60,edd,1.0,c12_pmmix_150_p80_c60_0007,102.1330,102.1330
12,pmmix,p80_c60,atc,0.5,c12_pmmix_150_p80_c60_0008,0.0000,0.0000
12,pmmix,p80_c60,edd,0.5,c12_pmmix_150_p80_c60_0008,0.0000,0.0000
12,pmmix,p80_c60,atc,1.0,c12_pmmix_150_p80_c60_0008,0.0000,0.0000
12,pmmix,p80_c60,edd,1.0,c12_pmmix_150_p80_c60_0008,0.0000,0.0000
12,pmmix,p80_c60,atc,0.5,c12_pmmix_150_p80_c60_0009,279.2696,279.2696
12,pmmix,p80_c60,edd,0.5,c12_pmmix_150_p80_c60_0009,279.2696,279.2696
12,pmmix,p80_c60,atc,1.0,c12_pmmix_150_p80_c60_0009,55.2696,55.2696
12,pmmix,p80_c60,edd,1.0,c12_pmmix_150_p80_c60_0009,55.2696,55.2696
12,pmmix,p80_c60,atc,0.5,c12_pmmix_150_p80_c60_0010,489.8144,489.8144
12,pmmix,p80_c60,edd,0.5,c12_pmmix_150_p80_c60_0010,489.8144,489.8144
12,pmmix,p80_c60,atc,1.0,c12_pmmix_150_p80_c60_0010,491.6338,491.6338
12,pmmix,p80_c60,edd,1.0,c12_pmmix_150_p80_c60_0010,491.6338,491.6338
12,pmmix,p80_c60,atc,0.5,c12_pmmix_150_p80_c60_0011,60.5757,60.5757
12,pmmix,p80_c60,edd,0.5,c12_pmmix_150_p80_c60_0011,60.5757,60.5757
12,pmmix,p80_c60,atc,1.0,c12_pmmix_150_p80_c60_0011,26.3804,26.3804
12,pmmix,p80_c60,edd,1.0,c12_pmmix_150_p80_c60_0011,26.3804,26.3804
12,pmmix,p80_c60,atc,0.5,c12_pmmix_150_p80_c60_0012,86.4958,86.4958
12,pmmix,p80_c60,edd,0.5,c12_pmmix_150_p80_c60_0012,86.4958,86.4958
12,pmmix,p80_c60,atc,1.0,c12_pmmix_150_p80_c60_0012,86.4958,86.4958
12,pmmix,p80_c60,edd,1.0,c12_pmmix_150_p80_c60_0012,86.4958,86.4958
12,pmmix,p80_c60,atc,0.5,c12_pmmix_150_p80_c60_0013,161.7976,161.7976
12,pmmix,p80_c60,edd,0.5,c12_pmmix_150_p80_c60_0013,161.7976,161.7976
12,pmmix,p80_c60,atc,1.0,c12_pmmix_150_p80_c60_0013,33.7976,33.7976
12,pmmix,p80_c60,edd,1.0,c12_pmmix_150_p80_c60_0013,33.7976,33.7976
12,pmmix,p80_c60,atc,0.5,c12_pmmix_150_p80_c60_0014,205.6873,205.6873
12,pmmix,p80_c60,edd,0.5,c12_pmmix_150_p80_c60_0014,205.6873,205.6873
12,pmmix,p80_c60,atc,1.0,c12_pmmix_150_p80_c60_0014,53.3145,53.3145
12,pmmix,p80_c60,edd,1.0,c12_pmmix_150_p80_c60_0014,53.3145,53.3145
12,pmmix,p80_c60,atc,0.5,c12_pmmix_150_p80_c60_0015,0.0000,0.0000
12,pmmix,p80_c60,edd,0.5,c12_pmmix_150_p80_c60_0015,0.0000,0.0000
12,pmmix,p80_c60,atc,1.0,c12_pmmix_150_p80_c60_0015,6.7237,6.7237
12,pmmix,p80_c60,edd,1.0,c12_pmmix_150_p80_c60_0015,6.7237,6.7237
12,pmmix,p80_c60,atc,0.5,c12_pmmix_150_p80_c60_0016,32.6106,32.6106
12,pmmix,p80_c60,edd,0.5,c12_pmmix_150_p80_c60_0016,32.6106,32.6106
12,pmmix,p80_c60,atc,1.0,c12_pmmix_150_p80_c60_0016,16.6386,16.6386
12,pmmix,p80_c60,edd,1.0,c12_pmmix_150_p80_c60_0016,16.6386,16.6386
12,pmmix,p80_c60,atc,0.5,c12_pmmix_150_p80_c60_0017,254.6744,254.6744
12,pmmix,p80_c60,edd,0.5,c12_pmmix_150_p80_c60_0017,254.6744,254.6744
12,pmmix,p80_c60,atc,1.0,c12_pmmix_150_p80_c60_0017,126.6744,126.6744
12,pmmix,p80_c60,edd,1.0,c12_pmmix_150_p80_c60_0017,126.6744,126.6744
12,pmmix,p80_c60,atc,0.5,c12_pmmix_150_p80_c60_0018,46.6616,46.6616
12,pmmix,p80_c60,edd,0.5,c12_pmmix_150_p80_c60_0018,46.6616,46.6616
12,pmmix,p80_c60,atc,1.0,c12_pmmix_150_p80_c60_0018,5.6230,5.6230
12,pmmix,p80_c60,edd,1.0,c12_pmmix_150_p80_c60_0018,5.6230,5.6230
12,pmmix,p80_c60,atc,0.5,c12_pmmix_150_p80_c60_0019,656.1114,656.1114
12,pmmix,p80_c60,edd,0.5,c12_pmmix_150_p80_c60_0019,656.1114,656.1114
12,pmmix,p80_c60,atc,1.0,c12_pmmix_150_p80_c60_0019,528.1114,528.1114
12,pmmix,p80_c60,edd,1.0,c12_pmmix_150_p80_c60_0019,528.1114,528.1114
12,pmmix,p80_c60,atc,0.5,c12_pmmix_150_p80_c60_0020,230.3920,230.3920
12,pmmix,p80_c60,edd,0.5,c12_pmmix_150_p80_c60_0020,230.3920,230.3920
12,pmmix,p80_c60,atc,1.0,c12_pmmix_150_p80_c60_0020,198.8674,198.8674
12,pmmix,p80_c60,edd,1.0,c12_pmmix_150_p80_c60_0020,198.8674,198.8674
12,pmmix,p80_c60,atc,0.5,c12_pmmix_150_p80_c60_0021,23.1456,23.1456
12,pmmix,p80_c60,edd,0.5,c12_pmmix_150_p80_c60_0021,23.1456,23.1456
12,pmmix,p80_c60,atc,1.0,c12_pmmix_150_p80_c60_0021,23.1456,23.1456
12,pmmix,p80_c60,edd,1.0,c12_pmmix_150_p80_c60_0021,23.1456,23.1456
12,pmmix,p80_c60,atc,0.5,c12_pmmix_150_p80_c60_0022,42.9088,42.9088
12,pmmix,p80_c60,edd,0.5,c12_pmmix_150_p80_c60_0022,42.9088,42.9088
12,pmmix,p80_c60,atc,1.0,c12_pmmix_150_p80_c60_0022,11.4572,11.4572
12,pmmix,p80_c60,edd,1.0,c12_pmmix_150_p80_c60_0022,11.4572,11.4572
12,pmmix,p80_c60,atc,0.5,c12_pmmix_150_p80_c60_0023,0.0000,0.0000
12,pmmix,p80_c60,edd,0.5,c12_pmmix_150_p80_c60_0023,0.0000,0.0000
12,pmmix,p80_c60,atc,1.0,c12_pmmix_150_p80_c60_0023,6.6528,6.6528
12,pmmix,p80_c60,edd,1.0,c12_pmmix_150_p80_c60_0023,6.6528,6.6528
12,pmmix,p80_c60,atc,0.5,c12_pmmix_150_p80_c60_0024,371.3710,371.3710
12,pmmix,p80_c60,edd,0.5,c12_pmmix_150_p80_c60_0024,371.3710,371.3710
12,pmmix,p80_c60,atc,1.0,c12_pmmix_150_p80_c60_0024,350.8946,350.8946
12,pmmix,p80_c60,edd,1.0,c12_pmmix_150_p80_c60_0024,350.8946,350.8946
12,pmmix,p80_c60,atc,0.5,c12_pmmix_150_p80_c60_0025,69.4377,69.4377
12,pmmix,p80_c60,edd,0.5,c12_pmmix_150_p80_c60_0025,69.4377,69.4377
12,pmmix,p80_c60,atc,1.0,c12_pmmix_150_p80_c60_0025,19.0924,19.0924
12,pmmix,p80_c60,edd,1.0,c12_pmmix_150_p80_c60_0025,19.0924,19.0924
12,pmmix,p80_c60,atc,0.5,c12_pmmix_150_p80_c60_0026,0.0000,0.0000
12,pmmix,p80_c60,edd,0.5,c12_pmmix_150_p80_c60_0026,0.0000,0.0000
12,pmmix,p80_c60,atc,1.0,c12_pmmix_150_p80_c60_0026,0.0000,0.0000
12,pmmix,p80_c60,edd,1.0,c12_pmmix_150_p80_c60_0026,0.0000,0.0000
12,pmmix,p80_c60,atc,0.5,c12_pmmix_150_p80_c60_0027,314.2152,314.2152
12,pmmix,p80_c60,edd,0.5,c12_pmmix_150_p80_c60_0027,314.2152,314.2152
12,pmmix,p80_c60,atc,1.0,c12_pmmix_150_p80_c60_0027,251.9120,251.9120
12,pmmix,p80_c60,edd,1.0,c12_pmmix_150_p80_c60_0027,251.9120,251.9120
12,pmmix,p80_c60,atc,0.5,c12_pmmix_150_p80_c60_0028,10.8648,10.8648
12,pmmix,p80_c60,edd,0.5,c12_pmmix_150_p80_c60_0028,10.8648,10.8648
12,pmmix,p80_c60,atc,1.0,c12_pmmix_150_p80_c60_0028,36.2626,36.2626
12,pmmix,p80_c60,edd,1.0,c12_pmmix_150_p80_c60_0028,36.2626,36.2626
12,pmmix,p80_c60,atc,0.5,c12_pmmix_150_p80_c60_0029,0.0000,0.0000
12,pmmix,p80_c60,edd,0.5,c12_pmmix_150_p80_c60_0029,0.0000,0.0000
12,pmmix,p80_c60,atc,1.0,c12_pmmix_150_p80_c60_0029,59.2424,59.2424
12,pmmix,p80_c60,edd,1.0,c12_pmmix_150_p80_c60_0029,59.2424,59.2424
