campus,size,arrival,rule,beta,inst_id,twt_rule,twt_oracle,twt_rule_wonly,twt_oracle_wonly,n_shift,feasible,util_pooled,util_worst,worst_trade,window_bh,makespan,incomplete_at_window,n_wos
9,150,a125,atc,0.25,c09_storm_150_a125_c80_0000,6.4792,6.4792,6.4792,6.4792,101,1,0.2707,0.5324,C10,25.540,54.453,17,150
9,150,a125,edd,0.25,c09_storm_150_a125_c80_0000,6.4792,6.4792,,,101,1,0.2707,0.5324,C10,25.540,54.453,17,150
9,150,a125,atc,0.5,c09_storm_150_a125_c80_0000,6.4792,6.4792,6.4792,6.4792,95,1,0.2707,0.5324,C10,25.540,54.453,17,150
9,150,a125,edd,0.5,c09_storm_150_a125_c80_0000,6.4792,6.4792,,,95,1,0.2707,0.5324,C10,25.540,54.453,17,150
9,150,a125,atc,1.0,c09_storm_150_a125_c80_0000,6.4792,6.4792,6.4792,6.4792,73,1,0.2707,0.5324,C10,25.540,54.453,17,150
9,150,a125,edd,1.0,c09_storm_150_a125_c80_0000,6.4792,6.4792,,,73,1,0.2707,0.5324,C10,25.540,54.453,17,150
9,150,a125,atc,0.25,c09_storm_150_a125_c80_0001,13.1224,13.1224,0.0000,0.0000,89,1,0.2449,0.4657,D40,29.548,53.904,19,150
9,150,a125,edd,0.25,c09_storm_150_a125_c80_0001,13.1224,13.1224,,,89,1,0.2449,0.4657,D40,29.548,53.904,19,150
9,150,a125,atc,0.5,c09_storm_150_a125_c80_0001,13.1224,13.1224,0.0000,0.0000,90,1,0.2449,0.4657,D40,29.548,53.904,19,150
9,150,a125,edd,0.5,c09_storm_150_a125_c80_0001,13.1224,13.1224,,,90,1,0.2449,0.4657,D40,29.548,53.904,19,150
9,150,a125,atc,1.0,c09_storm_150_a125_c80_0001,29.1872,29.1872,0.0000,0.0000,80,1,0.2449,0.4657,D40,29.548,53.904,19,150
9,150,a125,edd,1.0,c09_storm_150_a125_c80_0001,29.1872,29.1872,,,80,1,0.2449,0.4657,D40,29.548,53.904,19,150
9,150,a125,atc,0.25,c09_storm_150_a125_c80_0002,0.0000,0.0000,0.0000,0.0000,87,1,0.2645,0.4517,D20,25.408,40.857,20,150
9,150,a125,edd,0.25,c09_storm_150_a125_c80_0002,0.0000,0.0000,,,87,1,0.2645,0.4517,D20,25.408,40.857,20,150
9,150,a125,atc,0.5,c09_storm_150_a125_c80_0002,0.0000,0.0000,0.0000,0.0000,85,1,0.2645,0.4517,D20,25.408,40.857,20,150
9,150,a125,edd,0.5,c09_storm_150_a125_c80_0002,0.0000,0.0000,,,85,1,0.2645,0.4517,D20,25.408,40.857,20,150
9,150,a125,atc,1.0,c09_storm_150_a125_c80_0002,46.9496,46.9496,0.0000,0.0000,77,1,0.2645,0.4517,D20,25.408,40.857,20,150
9,150,a125,edd,1.0,c09_storm_150_a125_c80_0002,46.9496,46.9496,,,77,1,0.2645,0.4517,D20,25.408,40.857,20,150
9,150,a125,atc,0.25,c09_storm_150_a125_c80_0003,2.2232,2.2232,0.0000,0.0000,83,1,0.2419,0.6863,C10,24.532,42.001,24,150
9,150,a125,edd,0.25,c09_storm_150_a125_c80_0003,2.2232,2.2232,,,83,1,0.2419,0.6863,C10,24.532,42.001,24,150
9,150,a125,atc,0.5,c09_storm_150_a125_c80_0003,1.2928,1.2928,0.0000,0.0000,81,1,0.2419,0.6863,C10,24.532,42.001,24,150
9,150,a125,edd,0.5,c09_storm_150_a125_c80_0003,1.2928,1.2928,,,81,1,0.2419,0.6863,C10,24.532,42.001,24,150
9,150,a125,atc,1.0,c09_storm_150_a125_c80_0003,1.2928,1.2928,0.0000,0.0000,62,1,0.2419,0.6863,C10,24.532,42.001,24,150
9,150,a125,edd,1.0,c09_storm_150_a125_c80_0003,1.2928,1.2928,,,62,1,0.2419,0.6863,C10,24.532,42.001,24,150
9,150,a125,atc,0.25,c09_storm_150_a125_c80_0004,38.5792,38.5792,3.0831,3.0831,101,1,0.2828,0.5457,C30,26.049,49.464,19,150
9,150,a125,edd,0.25,c09_storm_150_a125_c80_0004,38.5792,38.5792,,,101,1,0.2828,0.5457,C30,26.049,49.464,19,150
9,150,a125,atc,0.5,c09_storm_150_a125_c80_0004,38.5792,38.5792,3.0831,3.0831,95,1,0.2828,0.5457,C30,26.049,49.464,19,150
9,150,a125,edd,0.5,c09_storm_150_a125_c80_0004,38.5792,38.5792,,,95,1,0.2828,0.5457,C30,26.049,49.464,19,150
9,150,a125,atc,1.0,c09_storm_150_a125_c80_0004,0.0000,0.0000,3.0831,3.0831,76,1,0.2828,0.5457,C30,26.049,49.464,19,150
9,150,a125,edd,1.0,c09_storm_150_a125_c80_0004,0.0000,0.0000,,,76,1,0.2828,0.5457,C30,26.049,49.464,19,150
9,150,a125,atc,0.25,c09_storm_150_a125_c80_0005,87.2192,87.2192,0.0000,0.0000,92,1,0.2472,0.3976,C30,27.098,61.706,20,150
9,150,a125,edd,0.25,c09_storm_150_a125_c80_0005,87.2192,87.2192,,,92,1,0.2472,0.3976,C30,27.098,61.706,20,150
9,150,a125,atc,0.5,c09_storm_150_a125_c80_0005,87.2192,87.2192,0.0000,0.0000,91,1,0.2472,0.3976,C30,27.098,61.706,20,150
9,150,a125,edd,0.5,c09_storm_150_a125_c80_0005,87.2192,87.2192,,,91,1,0.2472,0.3976,C30,27.098,61.706,20,150
9,150,a125,atc,1.0,c09_storm_150_a125_c80_0005,87.2192,87.2192,0.0000,0.0000,78,1,0.2472,0.3976,C30,27.098,61.706,20,150
9,150,a125,edd,1.0,c09_storm_150_a125_c80_0005,87.2192,87.2192,,,78,1,0.2472,0.3976,C30,27.098,61.706,20,150
9,150,a125,atc,0.25,c09_storm_150_a125_c80_0006,0.0000,0.0000,0.0000,0.0000,101,1,0.3064,0.5074,D50,22.941,38.669,25,150
9,150,a125,edd,0.25,c09_storm_150_a125_c80_0006,0.0000,0.0000,,,101,1,0.3064,0.5074,D50,22.941,38.669,25,150
9,150,a125,atc,0.5,c09_storm_150_a125_c80_0006,0.0000,0.0000,0.0000,0.0000,100,1,0.3064,0.5074,D50,22.941,38.669,25,150
9,150,a125,edd,0.5,c09_storm_150_a125_c80_0006,0.0000,0.0000,,,100,1,0.3064,0.5074,D50,22.941,38.669,25,150
9,150,a125,atc,1.0,c09_storm_150_a125_c80_0006,16.9816,16.9816,0.0000,0.0000,67,1,0.3064,0.5074,D50,22.941,38.669,25,150
9,150,a125,edd,1.0,c09_storm_150_a125_c80_0006,16.9816,16.9816,,,67,1,0.3064,0.5074,D50,22.941,38.669,25,150
9,150,a125,atc,0.25,c09_storm_150_a125_c80_0007,63.5068,63.5068,107.4370,107.4370,86,1,0.3039,0.3996,E10,28.697,79.738,20,150
9,150,a125,edd,0.25,c09_storm_150_a125_c80_0007,63.5068,63.5068,,,86,1,0.3039,0.3996,E10,28.697,79.738,20,150
9,150,a125,atc,0.5,c09_storm_150_a125_c80_0007,154.8644,154.8644,92.9182,92.9182,90,1,0.3039,0.3996,E10,28.697,79.738,20,150
9,150,a125,edd,0.5,c09_storm_150_a125_c80_0007,154.8644,154.8644,,,90,1,0.3039,0.3996,E10,28.697,79.738,20,150
9,150,a125,atc,1.0,c09_storm_150_a125_c80_0007,181.3016,181.3016,92.9182,92.9182,74,1,0.3039,0.3996,E10,28.697,79.738,20,150
9,150,a125,edd,1.0,c09_storm_150_a125_c80_0007,181.3016,181.3016,,,74,1,0.3039,0.3996,E10,28.697,79.738,20,150
9,150,a125,atc,0.25,c09_storm_150_a125_c80_0008,0.0000,0.0000,3.2318,3.2318,88,1,0.2721,0.4437,D30,30.131,51.186,23,150
9,150,a125,edd,0.25,c09_storm_150_a125_c80_0008,0.0000,0.0000,,,88,1,0.2721,0.4437,D30,30.131,51.186,23,150
9,150,a125,atc,0.5,c09_storm_150_a125_c80_0008,0.0000,0.0000,3.2318,3.2318,88,1,0.2721,0.4437,D30,30.131,51.186,23,150
9,150,a125,edd,0.5,c09_storm_150_a125_c80_0008,0.0000,0.0000,,,88,1,0.2721,0.4437,D30,30.131,51.186,23,150
9,150,a125,atc,1.0,c09_storm_150_a125_c80_0008,0.0000,0.0000,3.2318,3.2318,77,1,0.2721,0.4437,D30,30.131,51.186,23,150
9,150,a125,edd,1.0,c09_storm_150_a125_c80_0008,0.0000,0.0000,,,77,1,0.2721,0.4437,D30,30.131,51.186,23,150
9,150,a125,atc,0.25,c09_storm_150_a125_c80_0009,4.9440,4.9440,0.0000,0.0000,87,1,0.2540,0.5991,MISC,24.417,44.848,19,150
9,150,a125,edd,0.25,c09_storm_150_a125_c80_0009,4.9440,4.9440,,,87,1,0.2540,0.5991,MISC,24.417,44.848,19,150
9,150,a125,atc,0.5,c09_storm_150_a125_c80_0009,4.9440,4.9440,0.0000,0.0000,86,1,0.2540,0.5991,MISC,24.417,44.848,19,150
9,150,a125,edd,0.5,c09_storm_150_a125_c80_0009,4.9440,4.9440,,,86,1,0.2540,0.5991,MISC,24.417,44.848,19,150
9,150,a125,atc,1.0,c09_storm_150_a125_c80_0009,46.8408,46.8408,0.0000,0.0000,80,1,0.2540,0.5991,MISC,24.417,44.848,19,150
9,150,a125,edd,1.0,c09_storm_150_a125_c80_0009,46.8408,46.8408,,,80,1,0.2540,0.5991,MISC,24.417,44.848,19,150
9,150,a125,atc,0.25,c09_storm_150_a125_c80_0010,0.0000,0.0000,0.0000,0.0000,82,1,0.2064,0.5938,B30,26.754,67.724,16,150
9,150,a125,edd,0.25,c09_storm_150_a125_c80_0010,0.0000,0.0000,,,82,1,0.2064,0.5938,B30,26.754,67.724,16,150
9,150,a125,atc,0.5,c09_storm_150_a125_c80_0010,0.0000,0.0000,0.0000,0.0000,77,1,0.2064,0.5938,B30,26.754,67.724,16,150
9,150,a125,edd,0.5,c09_storm_150_a125_c80_0010,0.0000,0.0000,,,77,1,0.2064,0.5938,B30,26.754,67.724,16,150
9,150,a125,atc,1.0,c09_storm_150_a125_c80_0010,0.0000,0.0000,0.0000,0.0000,61,1,0.2064,0.5938,B30,26.754,67.724,16,150
9,150,a125,edd,1.0,c09_storm_150_a125_c80_0010,0.0000,0.0000,,,61,1,0.2064,0.5938,B30,26.754,67.724,16,150
9,150,a125,atc,0.25,c09_storm_150_a125_c80_0011,18.6736,18.6736,1.7376,1.7376,96,1,0.3353,0.7603,D50,21.145,62.710,17,150
9,150,a125,edd,0.25,c09_storm_150_a125_c80_0011,18.6736,18.6736,,,96,1,0.3353,0.7603,D50,21.145,62.710,17,150
9,150,a125,atc,0.5,c09_storm_150_a125_c80_0011,73.3392,73.3392,1.7376,1.7376,93,1,0.3353,0.7603,D50,21.145,62.710,17,150
9,150,a125,edd,0.5,c09_storm_150_a125_c80_0011,73.3392,73.3392,,,93,1,0.3353,0.7603,D50,21.145,62.710,17,150
9,150,a125,atc,1.0,c09_storm_150_a125_c80_0011,73.3392,73.3392,1.7376,1.7376,68,1,0.3353,0.7603,D50,21.145,62.710,17,150
9,150,a125,edd,1.0,c09_storm_150_a125_c80_0011,73.3392,73.3392,,,68,1,0.3353,0.7603,D50,21.145,62.710,17,150
9,150,a125,atc,0.25,c09_storm_150_a125_c80_0012,6.1144,6.1144,18.2784,18.2784,93,1,0.2654,0.8001,MISC,24.617,75.184,22,150
9,150,a125,edd,0.25,c09_storm_150_a125_c80_0012,6.1144,6.1144,,,93,1,0.2654,0.8001,MISC,24.617,75.184,22,150
9,150,a125,atc,0.5,c09_storm_150_a125_c80_0012,6.1144,6.1144,18.2784,18.2784,95,1,0.2654,0.8001,MISC,24.617,75.184,22,150
9,150,a125,edd,0.5,c09_storm_150_a125_c80_0012,6.1144,6.1144,,,95,1,0.2654,0.8001,MISC,24.617,75.184,22,150
9,150,a125,atc,1.0,c09_storm_150_a125_c80_0012,6.1144,6.1144,18.2784,18.2784,69,1,0.2654,0.8001,MISC,24.617,75.184,22,150
9,150,a125,edd,1.0,c09_storm_150_a125_c80_0012,6.1144,6.1144,,,69,1,0.2654,0.8001,MISC,24.617,75.184,22,150
9,150,a125,atc,0.25,c09_storm_150_a125_c80_0013,63.0336,63.0336,24.9176,24.9176,95,1,0.2479,0.3523,D40,25.362,44.433,17,150
9,150,a125,edd,0.25,c09_storm_150_a125_c80_0013,63.0336,63.0336,,,95,1,0.2479,0.3523,D40,25.362,44.433,17,150
9,150,a125,atc,0.5,c09_storm_150_a125_c80_0013,54.0432,54.0432,24.9176,24.9176,86,1,0.2479,0.3523,D40,25.362,44.433,17,150
9,150,a125,edd,0.5,c09_storm_150_a125_c80_0013,54.0432,54.0432,,,86,1,0.2479,0.3523,D40,25.362,44.433,17,150
9,150,a125,atc,1.0,c09_storm_150_a125_c80_0013,73.3792,73.3792,24.9176,24.9176,71,1,0.2479,0.3523,D40,25.362,44.433,17,150
9,150,a125,edd,1.0,c09_storm_150_a125_c80_0013,73.3792,73.3792,,,71,1,0.2479,0.3523,D40,25.362,44.433,17,150
9,150,a125,atc,0.25,c09_storm_150_a125_c80_0014,8.9720,8.9720,0.0000,0.0000,92,1,0.2382,0.3563,D20,24.927,43.709,12,150
9,150,a125,edd,0.25,c09_storm_150_a125_c80_0014,8.9720,8.9720,,,92,1,0.2382,0.3563,D20,24.927,43.709,12,150
9,150,a125,atc,0.5,c09_storm_150_a125_c80_0014,37.8872,37.8872,0.0000,0.0000,95,1,0.2382,0.3563,D20,24.927,43.709,12,150
9,150,a125,edd,0.5,c09_storm_150_a125_c80_0014,37.8872,37.8872,,,95,1,0.2382,0.3563,D20,24.927,43.709,12,150
9,150,a125,atc,1.0,c09_storm_150_a125_c80_0014,37.8872,37.8872,0.0000,0.0000,64,1,0.2382,0.3563,D20,24.927,43.709,12,150
9,150,a125,edd,1.0,c09_storm_150_a125_c80_0014,37.8872,37.8872,,,64,1,0.2382,0.3563,D20,24.927,43.709,12,150
9,150,a125,atc,0.25,c09_storm_150_a125_c80_0015,73.2416,73.2416,74.3198,74.3198,96,1,0.3448,1.0729,C10,22.114,61.403,30,150
9,150,a125,edd,0.25,c09_storm_150_a125_c80_0015,73.2416,73.2416,,,96,1,0.3448,1.0729,C10,22.114,61.403,30,150
9,150,a125,atc,0.5,c09_storm_150_a125_c80_0015,0.0000,0.0000,37.6990,37.6990,94,1,0.3448,1.0729,C10,22.114,61.403,30,150
9,150,a125,edd,0.5,c09_storm_150_a125_c80_0015,0.0000,0.0000,,,94,1,0.3448,1.0729,C10,22.114,61.403,30,150
9,150,a125,atc,1.0,c09_storm_150_a125_c80_0015,0.0000,0.0000,20.4668,20.4668,72,1,0.3448,1.0729,C10,22.114,61.403,30,150
9,150,a125,edd,1.0,c09_storm_150_a125_c80_0015,0.0000,0.0000,,,72,1,0.3448,1.0729,C10,22.114,61.403,30,150
9,150,a125,atc,0.25,c09_storm_150_a125_c80_0016,14.5736,14.5736,0.0000,0.0000,98,1,0.2149,0.3601,D50,25.247,44.334,21,150
9,150,a125,edd,0.25,c09_storm_150_a125_c80_0016,14.5736,14.5736,,,98,1,0.2149,0.3601,D50,25.247,44.334,21,150
9,150,a125,atc,0.5,c09_storm_150_a125_c80_0016,6.8168,6.8168,0.0000,0.0000,97,1,0.2149,0.3601,D50,25.247,44.334,21,150
9,150,a125,edd,0.5,c09_storm_150_a125_c80_0016,6.8168,6.8168,,,97,1,0.2149,0.3601,D50,25.247,44.334,21,150
9,150,a125,atc,1.0,c09_storm_150_a125_c80_0016,6.8168,6.8168,0.0000,0.0000,73,1,0.2149,0.3601,D50,25.247,44.334,21,150
9,150,a125,edd,1.0,c09_storm_150_a125_c80_0016,6.8168,6.8168,,,73,1,0.2149,0.3601,D50,25.247,44.334,21,150
9,150,a125,atc,0.25,c09_storm_150_a125_c80_0017,177.4392,177.4392,19.8608,19.8608,85,1,0.2814,0.4129,C10,22.722,43.182,20,150
9,150,a125,edd,0.25,c09_storm_150_a125_c80_0017,177.4392,177.4392,,,85,1,0.2814,0.4129,C10,22.722,43.182,20,150
9,150,a125,atc,0.5,c09_storm_150_a125_c80_0017,39.5088,39.5088,9.9304,9.9304,86,1,0.2814,0.4129,C10,22.722,43.182,20,150
9,150,a125,edd,0.5,c09_storm_150_a125_c80_0017,39.5088,39.5088,,,86,1,0.2814,0.4129,C10,22.722,43.182,20,150
9,150,a125,atc,1.0,c09_storm_150_a125_c80_0017,24.0376,24.0376,4.9652,4.9652,68,1,0.2814,0.4129,C10,22.722,43.182,20,150
9,150,a125,edd,1.0,c09_storm_150_a125_c80_0017,24.0376,24.0376,,,68,1,0.2814,0.4129,C10,22.722,43.182,20,150
9,150,a125,atc,0.25,c09_storm_150_a125_c80_0018,37.0928,37.0928,49.9018,49.9018,90,1,0.2170,0.4217,C10,26.295,46.662,17,150
9,150,a125,edd,0.25,c09_storm_150_a125_c80_0018,37.0928,37.0928,,,90,1,0.2170,0.4217,C10,26.295,46.662,17,150
9,150,a125,atc,0.5,c09_storm_150_a125_c80_0018,108.5456,108.5456,49.9018,49.9018,87,1,0.2170,0.4217,C10,26.295,46.662,17,150
9,150,a125,edd,0.5,c09_storm_150_a125_c80_0018,108.5456,108.5456,,,87,1,0.2170,0.4217,C10,26.295,46.662,17,150
9,150,a125,atc,1.0,c09_storm_150_a125_c80_0018,108.5456,108.5456,49.9018,49.9018,79,1,0.2170,0.4217,C10,26.295,46.662,17,150
9,150,a125,edd,1.0,c09_storm_150_a125_c80_0018,108.5456,108.5456,,,79,1,0.2170,0.4217,C10,26.295,46.662,17,150
9,150,a125,atc,0.25,c09_storm_150_a125_c80_0019,36.9112,36.9112,6.7312,6.7312,93,1,0.2462,0.4142,D50,25.812,36.410,16,150
9,150,a125,edd,0.25,c09_storm_150_a125_c80_0019,36.9112,36.9112,,,93,1,0.2462,0.4142,D50,25.812,36.410,16,150
9,150,a125,atc,0.5,c09_storm_150_a125_c80_0019,6.7312,6.7312,6.7312,6.7312,92,1,0.2462,0.4142,D50,25.812,36.410,16,150
9,150,a125,edd,0.5,c09_storm_150_a125_c80_0019,6.7312,6.7312,,,92,1,0.2462,0.4142,D50,25.812,36.410,16,150
9,150,a125,atc,1.0,c09_storm_150_a125_c80_0019,6.7312,6.7312,6.7312,6.7312,77,1,0.2462,0.4142,D50,25.812,36.410,16,150
9,150,a125,edd,1.0,c09_storm_150_a125_c80_0019,6.7312,6.7312,,,77,1,0.2462,0.4142,D50,25.812,36.410,16,150
9,150,a125,atc,0.25,c09_storm_150_a125_c80_0020,0.0000,0.0000,0.0000,0.0000,96,1,0.2593,0.8697,B20,26.430,72.909,18,150
9,150,a125,edd,0.25,c09_storm_150_a125_c80_0020,0.0000,0.0000,,,96,1,0.2593,0.8697,B20,26.430,72.909,18,150
9,150,a125,atc,0.5,c09_storm_150_a125_c80_0020,0.0000,0.0000,0.0000,0.0000,98,1,0.2593,0.8697,B20,26.430,72.909,18,150
9,150,a125,edd,0.5,c09_storm_150_a125_c80_0020,0.0000,0.0000,,,98,1,0.2593,0.8697,B20,26.430,72.909,18,150
9,150,a125,atc,1.0,c09_storm_150_a125_c80_0020,0.0000,0.0000,0.0000,0.0000,74,1,0.2593,0.8697,B20,26.430,72.909,18,150
9,150,a125,edd,1.0,c09_storm_150_a125_c80_0020,0.0000,0.0000,,,74,1,0.2593,0.8697,B20,26.430,72.909,18,150
9,150,a125,atc,0.25,c09_storm_150_a125_c80_0021,51.1052,51.1052,33.3980,33.3980,97,1,0.2654,0.4613,MISC,27.903,62.322,20,150
9,150,a125,edd,0.25,c09_storm_150_a125_c80_0021,51.1052,51.1052,,,97,1,0.2654,0.4613,MISC,27.903,62.322,20,150
9,150,a125,atc,0.5,c09_storm_150_a125_c80_0021,42.8008,42.8008,29.2458,29.2458,103,1,0.2654,0.4613,MISC,27.903,62.322,20,150
9,150,a125,edd,0.5,c09_storm_150_a125_c80_0021,42.8008,42.8008,,,103,1,0.2654,0.4613,MISC,27.903,62.322,20,150
9,150,a125,atc,1.0,c09_storm_150_a125_c80_0021,42.8008,42.8008,29.2458,29.2458,77,1,0.2654,0.4613,MISC,27.903,62.322,20,150
9,150,a125,edd,1.0,c09_storm_150_a125_c80_0021,42.8008,42.8008,,,77,1,0.2654,0.4613,MISC,27.903,62.322,20,150
9,150,a125,atc,0.25,c09_storm_150_a125_c80_0022,4.3032,4.3032,0.0000,0.0000,91,1,0.3196,0.5153,D30,22.329,61.014,32,150
9,150,a125,edd,0.25,c09_storm_150_a125_c80_0022,4.3032,4.3032,,,91,1,0.3196,0.5153,D30,22.329,61.014,32,150
9,150,a125,atc,0.5,c09_storm_150_a125_c80_0022,4.3032,4.3032,0.0000,0.0000,87,1,0.3196,0.5153,D30,22.329,61.014,32,150
9,150,a125,edd,0.5,c09_storm_150_a125_c80_0022,4.3032,4.3032,,,87,1,0.3196,0.5153,D30,22.329,61.014,32,150
9,150,a125,atc,1.0,c09_storm_150_a125_c80_0022,0.0000,0.0000,0.0000,0.0000,71,1,0.3196,0.5153,D30,22.329,61.014,32,150
9,150,a125,edd,1.0,c09_storm_150_a125_c80_0022,0.0000,0.0000,,,71,1,0.3196,0.5153,D30,22.329,61.014,32,150
9,150,a125,atc,0.25,c09_storm_150_a125_c80_0023,0.0000,0.0000,0.0000,0.0000,91,1,0.2242,0.4551,D90,28.655,67.802,21,150
9,150,a125,edd,0.25,c09_storm_150_a125_c80_0023,0.0000,0.0000,,,91,1,0.2242,0.4551,D90,28.655,67.802,21,150
9,150,a125,atc,0.5,c09_storm_150_a125_c80_0023,0.0000,0.0000,0.0000,0.0000,92,1,0.2242,0.4551,D90,28.655,67.802,21,150
9,150,a125,edd,0.5,c09_storm_150_a125_c80_0023,0.0000,0.0000,,,92,1,0.2242,0.4551,D90,28.655,67.802,21,150
9,150,a125,atc,1.0,c09_storm_150_a125_c80_0023,0.0000,0.0000,0.0000,0.0000,83,1,0.2242,0.4551,D90,28.655,67.802,21,150
9,150,a125,edd,1.0,c09_storm_150_a125_c80_0023,0.0000,0.0000,,,83,1,0.2242,0.4551,D90,28.655,67.802,21,150
9,150,a125,atc,0.25,c09_storm_150_a125_c80_0024,297.5712,297.5712,162.7848,162.7848,96,1,0.2651,0.5507,C30,25.437,52.595,16,150
9,150,a125,edd,0.25,c09_storm_150_a125_c80_0024,297.5712,297.5712,,,96,1,0.2651,0.5507,C30,25.437,52.595,16,150
9,150,a125,atc,0.5,c09_storm_150_a125_c80_0024,297.5712,297.5712,162.7848,162.7848,93,1,0.2651,0.5507,C30,25.437,52.595,16,150
9,150,a125,edd,0.5,c09_storm_150_a125_c80_0024,297.5712,297.5712,,,93,1,0.2651,0.5507,C30,25.437,52.595,16,150
9,150,a125,atc,1.0,c09_storm_150_a125_c80_0024,290.7848,290.7848,162.7848,162.7848,77,1,0.2651,0.5507,C30,25.437,52.595,16,150
9,150,a125,edd,1.0,c09_storm_150_a125_c80_0024,290.7848,290.7848,,,77,1,0.2651,0.5507,C30,25.437,52.595,16,150
9,150,a125,atc,0.25,c09_storm_150_a125_c80_0025,93.5056,93.5056,93.5056,93.5056,95,1,0.2541,0.5389,C30,24.484,54.172,19,150
9,150,a125,edd,0.25,c09_storm_150_a125_c80_0025,93.5056,93.5056,,,95,1,0.2541,0.5389,C30,24.484,54.172,19,150
9,150,a125,atc,0.5,c09_storm_150_a125_c80_0025,93.5056,93.5056,93.5056,93.5056,97,1,0.2541,0.5389,C30,24.484,54.172,19,150
9,150,a125,edd,0.5,c09_storm_150_a125_c80_0025,93.5056,93.5056,,,97,1,0.2541,0.5389,C30,24.484,54.172,19,150
9,150,a125,atc,1.0,c09_storm_150_a125_c80_0025,0.0000,0.0000,46.7528,46.7528,76,1,0.2541,0.5389,C30,24.484,54.172,19,150
9,150,a125,edd,1.0,c09_storm_150_a125_c80_0025,0.0000,0.0000,,,76,1,0.2541,0.5389,C30,24.484,54.172,19,150
9,150,a125,atc,0.25,c09_storm_150_a125_c80_0026,0.0000,0.0000,0.0000,0.0000,98,1,0.1985,0.3127,D20,28.347,53.466,14,150
9,150,a125,edd,0.25,c09_storm_150_a125_c80_0026,0.0000,0.0000,,,98,1,0.1985,0.3127,D20,28.347,53.466,14,150
9,150,a125,atc,0.5,c09_storm_150_a125_c80_0026,0.0000,0.0000,0.0000,0.0000,99,1,0.1985,0.3127,D20,28.347,53.466,14,150
9,150,a125,edd,0.5,c09_storm_150_a125_c80_0026,0.0000,0.0000,,,99,1,0.1985,0.3127,D20,28.347,53.466,14,150
9,150,a125,atc,1.0,c09_storm_150_a125_c80_0026,0.0000,0.0000,0.0000,0.0000,80,1,0.1985,0.3127,D20,28.347,53.466,14,150
9,150,a125,edd,1.0,c09_storm_150_a125_c80_0026,0.0000,0.0000,,,80,1,0.1985,0.3127,D20,28.347,53.466,14,150
9,150,a125,atc,0.25,c09_storm_150_a125_c80_0027,126.4808,126.4808,139.4094,139.4094,89,1,0.2574,0.4327,D90,27.509,45.065,17,150
9,150,a125,edd,0.25,c09_storm_150_a125_c80_0027,126.4808,126.4808,,,89,1,0.2574,0.4327,D90,27.509,45.065,17,150
9,150,a125,atc,0.5,c09_storm_150_a125_c80_0027,126.4808,126.4808,139.4094,139.4094,91,1,0.2574,0.4327,D90,27.509,45.065,17,150
9,150,a125,edd,0.5,c09_storm_150_a125_c80_0027,126.4808,126.4808,,,91,1,0.2574,0.4327,D90,27.509,45.065,17,150
9,150,a125,atc,1.0,c09_storm_150_a125_c80_0027,0.0000,0.0000,76.1690,76.1690,77,1,0.2574,0.4327,D90,27.509,45.065,17,150
9,150,a125,edd,1.0,c09_storm_150_a125_c80_0027,0.0000,0.0000,,,77,1,0.2574,0.4327,D90,27.509,45.065,17,150
9,150,a125,atc,0.25,c09_storm_150_a125_c80_0028,0.0000,0.0000,0.0000,0.0000,93,1,0.2651,0.4043,D50,24.829,42.331,21,150
9,150,a125,edd,0.25,c09_storm_150_a125_c80_0028,0.0000,0.0000,,,93,1,0.2651,0.4043,D50,24.829,42.331,21,150
9,150,a125,atc,0.5,c09_storm_150_a125_c80_0028,0.0000,0.0000,0.0000,0.0000,87,1,0.2651,0.4043,D50,24.829,42.331,21,150
9,150,a125,edd,0.5,c09_storm_150_a125_c80_0028,0.0000,0.0000,,,87,1,0.2651,0.4043,D50,24.829,42.331,21,150
9,150,a125,atc,1.0,c09_storm_150_a125_c80_0028,0.0000,0.0000,0.0000,0.0000,61,1,0.2651,0.4043,D50,24.829,42.331,21,150
9,150,a125,edd,1.0,c09_storm_150_a125_c80_0028,0.0000,0.0000,,,61,1,0.2651,0.4043,D50,24.829,42.331,21,150
9,150,a125,atc,0.25,c09_storm_150_a125_c80_0029,2.8656,2.8656,0.0000,0.0000,85,1,0.2173,0.3598,D50,23.906,31.485,26,150
9,150,a125,edd,0.25,c09_storm_150_a125_c80_0029,2.8656,2.8656,,,85,1,0.2173,0.3598,D50,23.906,31.485,26,150
9,150,a125,atc,0.5,c09_storm_150_a125_c80_0029,2.8656,2.8656,0.0000,0.0000,86,1,0.2173,0.3598,D50,23.906,31.485,26,150
9,150,a125,edd,0.5,c09_storm_150_a125_c80_0029,2.8656,2.8656,,,86,1,0.2173,0.3598,D50,23.906,31.485,26,150
9,150,a125,atc,1.0,c09_storm_150_a125_c80_0029,2.8656,2.8656,0.0000,0.0000,67,1,0.2173,0.3598,D50,23.906,31.485,26,150
9,150,a125,edd,1.0,c09_storm_150_a125_c80_0029,2.8656,2.8656,,,67,1,0.2173,0.3598,D50,23.906,31.485,26,150
9,150,a150,atc,0.25,c09_storm_150_a150_c80_0000,0.0000,0.0000,3.2396,3.2396,84,1,0.3248,0.6389,C10,21.284,53.734,22,150
9,150,a150,edd,0.25,c09_storm_150_a150_c80_0000,0.0000,0.0000,,,84,1,0.3248,0.6389,C10,21.284,53.734,22,150
9,150,a150,atc,0.5,c09_storm_150_a150_c80_0000,0.0000,0.0000,3.2396,3.2396,87,1,0.3248,0.6389,C10,21.284,53.734,22,150
9,150,a150,edd,0.5,c09_storm_150_a150_c80_0000,0.0000,0.0000,,,87,1,0.3248,0.6389,C10,21.284,53.734,22,150
9,150,a150,atc,1.0,c09_storm_150_a150_c80_0000,6.4792,6.4792,6.4792,6.4792,72,1,0.3248,0.6389,C10,21.284,53.734,22,150
9,150,a150,edd,1.0,c09_storm_150_a150_c80_0000,6.4792,6.4792,,,72,1,0.3248,0.6389,C10,21.284,53.734,22,150
9,150,a150,atc,0.25,c09_storm_150_a150_c80_0001,29.1872,29.1872,0.0000,0.0000,90,1,0.2939,0.5588,D40,24.623,53.545,23,150
9,150,a150,edd,0.25,c09_storm_150_a150_c80_0001,29.1872,29.1872,,,90,1,0.2939,0.5588,D40,24.623,53.545,23,150
9,150,a150,atc,0.5,c09_storm_150_a150_c80_0001,29.1872,29.1872,0.0000,0.0000,85,1,0.2939,0.5588,D40,24.623,53.545,23,150
9,150,a150,edd,0.5,c09_storm_150_a150_c80_0001,29.1872,29.1872,,,85,1,0.2939,0.5588,D40,24.623,53.545,23,150
9,150,a150,atc,1.0,c09_storm_150_a150_c80_0001,29.1872,29.1872,0.0000,0.0000,74,1,0.2939,0.5588,D40,24.623,53.545,23,150
9,150,a150,edd,1.0,c09_storm_150_a150_c80_0001,29.1872,29.1872,,,74,1,0.2939,0.5588,D40,24.623,53.545,23,150
9,150,a150,atc,0.25,c09_storm_150_a150_c80_0002,46.9496,46.9496,0.0000,0.0000,95,1,0.3174,0.5421,D20,21.173,37.604,22,150
9,150,a150,edd,0.25,c09_storm_150_a150_c80_0002,46.9496,46.9496,,,95,1,0.3174,0.5421,D20,21.173,37.604,22,150
9,150,a150,atc,0.5,c09_storm_150_a150_c80_0002,46.9496,46.9496,0.0000,0.0000,89,1,0.3174,0.5421,D20,21.173,37.604,22,150
9,150,a150,edd,0.5,c09_storm_150_a150_c80_0002,46.9496,46.9496,,,89,1,0.3174,0.5421,D20,21.173,37.604,22,150
9,150,a150,atc,1.0,c09_storm_150_a150_c80_0002,46.9496,46.9496,0.0000,0.0000,70,1,0.3174,0.5421,D20,21.173,37.604,22,150
9,150,a150,edd,1.0,c09_storm_150_a150_c80_0002,46.9496,46.9496,,,70,1,0.3174,0.5421,D20,21.173,37.604,22,150
9,150,a150,atc,0.25,c09_storm_150_a150_c80_0003,1.2928,1.2928,0.0000,0.0000,93,1,0.2903,0.8235,C10,20.443,37.996,26,150
9,150,a150,edd,0.25,c09_storm_150_a150_c80_0003,1.2928,1.2928,,,93,1,0.2903,0.8235,C10,20.443,37.996,26,150
9,150,a150,atc,0.5,c09_storm_150_a150_c80_0003,1.2928,1.2928,0.0000,0.0000,99,1,0.2903,0.8235,C10,20.443,37.996,26,150
9,150,a150,edd,0.5,c09_storm_150_a150_c80_0003,1.2928,1.2928,,,99,1,0.2903,0.8235,C10,20.443,37.996,26,150
9,150,a150,atc,1.0,c09_storm_150_a150_c80_0003,1.2928,1.2928,0.0000,0.0000,70,1,0.2903,0.8235,C10,20.443,37.996,26,150
9,150,a150,edd,1.0,c09_storm_150_a150_c80_0003,1.2928,1.2928,,,70,1,0.2903,0.8235,C10,20.443,37.996,26,150
9,150,a150,atc,0.25,c09_storm_150_a150_c80_0004,34.1324,34.1324,12.3324,12.3324,94,1,0.3394,0.6548,C30,21.707,45.125,23,150
9,150,a150,edd,0.25,c09_storm_150_a150_c80_0004,34.1324,34.1324,,,94,1,0.3394,0.6548,C30,21.707,45.125,23,150
9,150,a150,atc,0.5,c09_storm_150_a150_c80_0004,21.8000,21.8000,6.1662,6.1662,88,1,0.3394,0.6548,C30,21.707,45.125,23,150
9,150,a150,edd,0.5,c09_storm_150_a150_c80_0004,21.8000,21.8000,,,88,1,0.3394,0.6548,C30,21.707,45.125,23,150
9,150,a150,atc,1.0,c09_storm_150_a150_c80_0004,0.0000,0.0000,3.0831,3.0831,72,1,0.3394,0.6548,C30,21.707,45.125,23,150
9,150,a150,edd,1.0,c09_storm_150_a150_c80_0004,0.0000,0.0000,,,72,1,0.3394,0.6548,C30,21.707,45.125,23,150
9,150,a150,atc,0.25,c09_storm_150_a150_c80_0005,87.2192,87.2192,0.0000,0.0000,91,1,0.2967,0.4772,C30,22.582,60.047,21,150
9,150,a150,edd,0.25,c09_storm_150_a150_c80_0005,87.2192,87.2192,,,91,1,0.2967,0.4772,C30,22.582,60.047,21,150
9,150,a150,atc,0.5,c09_storm_150_a150_c80_0005,87.2192,87.2192,0.0000,0.0000,90,1,0.2967,0.4772,C30,22.582,60.047,21,150
9,150,a150,edd,0.5,c09_storm_150_a150_c80_0005,87.2192,87.2192,,,90,1,0.2967,0.4772,C30,22.582,60.047,21,150
9,150,a150,atc,1.0,c09_storm_150_a150_c80_0005,87.2192,87.2192,0.0000,0.0000,73,1,0.2967,0.4772,C30,22.582,60.047,21,150
9,150,a150,edd,1.0,c09_storm_150_a150_c80_0005,87.2192,87.2192,,,73,1,0.2967,0.4772,C30,22.582,60.047,21,150
9,150,a150,atc,0.25,c09_storm_150_a150_c80_0006,0.0000,0.0000,0.0000,0.0000,96,1,0.3677,0.6089,D50,19.117,35.993,28,150
9,150,a150,edd,0.25,c09_storm_150_a150_c80_0006,0.0000,0.0000,,,96,1,0.3677,0.6089,D50,19.117,35.993,28,150
9,150,a150,atc,0.5,c09_storm_150_a150_c80_0006,0.0000,0.0000,0.0000,0.0000,94,1,0.3677,0.6089,D50,19.117,35.993,28,150
9,150,a150,edd,0.5,c09_storm_150_a150_c80_0006,0.0000,0.0000,,,94,1,0.3677,0.6089,D50,19.117,35.993,28,150
9,150,a150,atc,1.0,c09_storm_150_a150_c80_0006,16.9816,16.9816,0.0000,0.0000,73,1,0.3677,0.6089,D50,19.117,35.993,28,150
9,150,a150,edd,1.0,c09_storm_150_a150_c80_0006,16.9816,16.9816,,,73,1,0.3677,0.6089,D50,19.117,35.993,28,150
9,150,a150,atc,0.25,c09_storm_150_a150_c80_0007,124.5208,124.5208,94.1962,94.1962,95,1,0.3647,0.4796,E10,23.914,75.073,23,150
9,150,a150,edd,0.25,c09_storm_150_a150_c80_0007,124.5208,124.5208,,,95,1,0.3647,0.4796,E10,23.914,75.073,23,150
9,150,a150,atc,0.5,c09_storm_150_a150_c80_0007,26.4816,26.4816,92.9182,92.9182,94,1,0.3647,0.4796,E10,23.914,75.073,23,150
9,150,a150,edd,0.5,c09_storm_150_a150_c80_0007,26.4816,26.4816,,,94,1,0.3647,0.4796,E10,23.914,75.073,23,150
9,150,a150,atc,1.0,c09_storm_150_a150_c80_0007,234.5376,234.5376,92.9182,92.9182,65,1,0.3647,0.4796,E10,23.914,75.073,23,150
9,150,a150,edd,1.0,c09_storm_150_a150_c80_0007,234.5376,234.5376,,,65,1,0.3647,0.4796,E10,23.914,75.073,23,150
9,150,a150,atc,0.25,c09_storm_150_a150_c80_0008,140.9272,140.9272,12.9272,12.9272,98,1,0.3266,0.5325,D30,25.109,46.686,26,150
9,150,a150,edd,0.25,c09_storm_150_a150_c80_0008,140.9272,140.9272,,,98,1,0.3266,0.5325,D30,25.109,46.686,26,150
9,150,a150,atc,0.5,c09_storm_150_a150_c80_0008,6.4636,6.4636,6.4636,6.4636,95,1,0.3266,0.5325,D30,25.109,46.686,26,150
9,150,a150,edd,0.5,c09_storm_150_a150_c80_0008,6.4636,6.4636,,,95,1,0.3266,0.5325,D30,25.109,46.686,26,150
9,150,a150,atc,1.0,c09_storm_150_a150_c80_0008,0.0000,0.0000,3.2318,3.2318,67,1,0.3266,0.5325,D30,25.109,46.686,26,150
9,150,a150,edd,1.0,c09_storm_150_a150_c80_0008,0.0000,0.0000,,,67,1,0.3266,0.5325,D30,25.109,46.686,26,150
9,150,a150,atc,0.25,c09_storm_150_a150_c80_0009,0.0000,0.0000,0.0000,0.0000,89,1,0.3048,0.7190,MISC,20.347,41.551,29,150
9,150,a150,edd,0.25,c09_storm_150_a150_c80_0009,0.0000,0.0000,,,89,1,0.3048,0.7190,MISC,20.347,41.551,29,150
9,150,a150,atc,0.5,c09_storm_150_a150_c80_0009,4.9440,4.9440,0.0000,0.0000,92,1,0.3048,0.7190,MISC,20.347,41.551,29,150
9,150,a150,edd,0.5,c09_storm_150_a150_c80_0009,4.9440,4.9440,,,92,1,0.3048,0.7190,MISC,20.347,41.551,29,150
9,150,a150,atc,1.0,c09_storm_150_a150_c80_0009,46.8408,46.8408,0.0000,0.0000,78,1,0.3048,0.7190,MISC,20.347,41.551,29,150
9,150,a150,edd,1.0,c09_storm_150_a150_c80_0009,46.8408,46.8408,,,78,1,0.3048,0.7190,MISC,20.347,41.551,29,150
9,150,a150,atc,0.25,c09_storm_150_a150_c80_0010,85.7364,85.7364,0.0000,0.0000,89,1,0.2477,0.7126,B30,22.295,64.009,19,150
9,150,a150,edd,0.25,c09_storm_150_a150_c80_0010,85.7364,85.7364,,,89,1,0.2477,0.7126,B30,22.295,64.009,19,150
9,150,a150,atc,0.5,c09_storm_150_a150_c80_0010,85.7364,85.7364,0.0000,0.0000,84,1,0.2477,0.7126,B30,22.295,64.009,19,150
9,150,a150,edd,0.5,c09_storm_150_a150_c80_0010,85.7364,85.7364,,,84,1,0.2477,0.7126,B30,22.295,64.009,19,150
9,150,a150,atc,1.0,c09_storm_150_a150_c80_0010,0.0000,0.0000,0.0000,0.0000,59,1,0.2477,0.7126,B30,22.295,64.009,19,150
9,150,a150,edd,1.0,c09_storm_150_a150_c80_0010,0.0000,0.0000,,,59,1,0.2477,0.7126,B30,22.295,64.009,19,150
9,150,a150,atc,0.25,c09_storm_150_a150_c80_0011,54.6656,54.6656,0.8688,0.8688,82,1,0.4023,0.9123,D50,17.620,59.890,19,150
9,150,a150,edd,0.25,c09_storm_150_a150_c80_0011,54.6656,54.6656,,,82,1,0.4023,0.9123,D50,17.620,59.890,19,150
9,150,a150,atc,0.5,c09_storm_150_a150_c80_0011,56.4032,56.4032,1.7376,1.7376,80,1,0.4023,0.9123,D50,17.620,59.890,19,150
9,150,a150,edd,0.5,c09_storm_150_a150_c80_0011,56.4032,56.4032,,,80,1,0.4023,0.9123,D50,17.620,59.890,19,150
9,150,a150,atc,1.0,c09_storm_150_a150_c80_0011,73.3392,73.3392,1.7376,1.7376,76,1,0.4023,0.9123,D50,17.620,59.890,19,150
9,150,a150,edd,1.0,c09_storm_150_a150_c80_0011,73.3392,73.3392,,,76,1,0.4023,0.9123,D50,17.620,59.890,19,150
9,150,a150,atc,0.25,c09_storm_150_a150_c80_0012,0.0000,0.0000,36.5568,36.5568,88,1,0.3185,0.9601,MISC,20.514,71.279,28,150
9,150,a150,edd,0.25,c09_storm_150_a150_c80_0012,0.0000,0.0000,,,88,1,0.3185,0.9601,MISC,20.514,71.279,28,150
9,150,a150,atc,0.5,c09_storm_150_a150_c80_0012,0.0000,0.0000,36.5568,36.5568,92,1,0.3185,0.9601,MISC,20.514,71.279,28,150
9,150,a150,edd,0.5,c09_storm_150_a150_c80_0012,0.0000,0.0000,,,92,1,0.3185,0.9601,MISC,20.514,71.279,28,150
9,150,a150,atc,1.0,c09_storm_150_a150_c80_0012,6.1144,6.1144,18.2784,18.2784,70,1,0.3185,0.9601,MISC,20.514,71.279,28,150
9,150,a150,edd,1.0,c09_storm_150_a150_c80_0012,6.1144,6.1144,,,70,1,0.3185,0.9601,MISC,20.514,71.279,28,150
9,150,a150,atc,0.25,c09_storm_150_a150_c80_0013,93.3952,93.3952,24.9176,24.9176,91,1,0.2975,0.4228,D40,21.135,40.716,19,150
9,150,a150,edd,0.25,c09_storm_150_a150_c80_0013,93.3952,93.3952,,,91,1,0.2975,0.4228,D40,21.135,40.716,19,150
9,150,a150,atc,0.5,c09_storm_150_a150_c80_0013,93.3952,93.3952,24.9176,24.9176,89,1,0.2975,0.4228,D40,21.135,40.716,19,150
9,150,a150,edd,0.5,c09_storm_150_a150_c80_0013,93.3952,93.3952,,,89,1,0.2975,0.4228,D40,21.135,40.716,19,150
9,150,a150,atc,1.0,c09_storm_150_a150_c80_0013,73.3792,73.3792,24.9176,24.9176,75,1,0.2975,0.4228,D40,21.135,40.716,19,150
9,150,a150,edd,1.0,c09_storm_150_a150_c80_0013,73.3792,73.3792,,,75,1,0.2975,0.4228,D40,21.135,40.716,19,150
9,150,a150,atc,0.25,c09_storm_150_a150_c80_0014,37.8872,37.8872,0.0000,0.0000,96,1,0.2858,0.4275,D20,20.773,39.769,18,150
9,150,a150,edd,0.25,c09_storm_150_a150_c80_0014,37.8872,37.8872,,,96,1,0.2858,0.4275,D20,20.773,39.769,18,150
9,150,a150,atc,0.5,c09_storm_150_a150_c80_0014,37.8872,37.8872,0.0000,0.0000,99,1,0.2858,0.4275,D20,20.773,39.769,18,150
9,150,a150,edd,0.5,c09_storm_150_a150_c80_0014,37.8872,37.8872,,,99,1,0.2858,0.4275,D20,20.773,39.769,18,150
9,150,a150,atc,1.0,c09_storm_150_a150_c80_0014,37.8872,37.8872,0.0000,0.0000,67,1,0.2858,0.4275,D20,20.773,39.769,18,150
9,150,a150,edd,1.0,c09_storm_150_a150_c80_0014,37.8872,37.8872,,,67,1,0.2858,0.4275,D20,20.773,39.769,18,150
9,150,a150,atc,0.25,c09_storm_150_a150_c80_0015,63.4128,63.4128,38.7772,38.7772,89,1,0.4138,1.2875,C10,18.428,57.811,32,150
9,150,a150,edd,0.25,c09_storm_150_a150_c80_0015,63.4128,63.4128,,,89,1,0.4138,1.2875,C10,18.428,57.811,32,150
9,150,a150,atc,0.5,c09_storm_150_a150_c80_0015,63.4128,63.4128,20.4668,20.4668,93,1,0.4138,1.2875,C10,18.428,57.811,32,150
9,150,a150,edd,0.5,c09_storm_150_a150_c80_0015,63.4128,63.4128,,,93,1,0.4138,1.2875,C10,18.428,57.811,32,150
9,150,a150,atc,1.0,c09_storm_150_a150_c80_0015,0.0000,0.0000,20.4668,20.4668,74,1,0.4138,1.2875,C10,18.428,57.811,32,150
9,150,a150,edd,1.0,c09_storm_150_a150_c80_0015,0.0000,0.0000,,,74,1,0.4138,1.2875,C10,18.428,57.811,32,150
9,150,a150,atc,0.25,c09_storm_150_a150_c80_0016,36.6368,36.6368,0.0000,0.0000,94,1,0.2579,0.4321,D50,21.039,41.229,25,150
9,150,a150,edd,0.25,c09_storm_150_a150_c80_0016,36.6368,36.6368,,,94,1,0.2579,0.4321,D50,21.039,41.229,25,150
9,150,a150,atc,0.5,c09_storm_150_a150_c80_0016,36.6368,36.6368,0.0000,0.0000,94,1,0.2579,0.4321,D50,21.039,41.229,25,150
9,150,a150,edd,0.5,c09_storm_150_a150_c80_0016,36.6368,36.6368,,,94,1,0.2579,0.4321,D50,21.039,41.229,25,150
9,150,a150,atc,1.0,c09_storm_150_a150_c80_0016,6.8168,6.8168,0.0000,0.0000,66,1,0.2579,0.4321,D50,21.039,41.229,25,150
9,150,a150,edd,1.0,c09_storm_150_a150_c80_0016,6.8168,6.8168,,,66,1,0.2579,0.4321,D50,21.039,41.229,25,150
9,150,a150,atc,0.25,c09_storm_150_a150_c80_0017,201.4768,201.4768,19.8608,19.8608,105,1,0.3377,0.4955,C10,18.935,40.399,23,150
9,150,a150,edd,0.25,c09_storm_150_a150_c80_0017,201.4768,201.4768,,,105,1,0.3377,0.4955,C10,18.935,40.399,23,150
9,150,a150,atc,0.5,c09_storm_150_a150_c80_0017,171.8984,171.8984,19.8608,19.8608,99,1,0.3377,0.4955,C10,18.935,40.399,23,150
9,150,a150,edd,0.5,c09_storm_150_a150_c80_0017,171.8984,171.8984,,,99,1,0.3377,0.4955,C10,18.935,40.399,23,150
9,150,a150,atc,1.0,c09_storm_150_a150_c80_0017,24.0376,24.0376,4.9652,4.9652,73,1,0.3377,0.4955,C10,18.935,40.399,23,150
9,150,a150,edd,1.0,c09_storm_150_a150_c80_0017,24.0376,24.0376,,,73,1,0.3377,0.4955,C10,18.935,40.399,23,150
9,150,a150,atc,0.25,c09_storm_150_a150_c80_0018,62.7108,62.7108,62.7108,62.7108,93,1,0.2604,0.5060,C10,21.912,43.953,24,150
9,150,a150,edd,0.25,c09_storm_150_a150_c80_0018,62.7108,62.7108,,,93,1,0.2604,0.5060,C10,21.912,43.953,24,150
9,150,a150,atc,0.5,c09_storm_150_a150_c80_0018,62.7108,62.7108,62.7108,62.7108,95,1,0.2604,0.5060,C10,21.912,43.953,24,150
9,150,a150,edd,0.5,c09_storm_150_a150_c80_0018,62.7108,62.7108,,,95,1,0.2604,0.5060,C10,21.912,43.953,24,150
9,150,a150,atc,1.0,c09_storm_150_a150_c80_0018,108.5456,108.5456,49.9018,49.9018,72,1,0.2604,0.5060,C10,21.912,43.953,24,150
9,150,a150,edd,1.0,c09_storm_150_a150_c80_0018,108.5456,108.5456,,,72,1,0.2604,0.5060,C10,21.912,43.953,24,150
9,150,a150,atc,0.25,c09_storm_150_a150_c80_0019,6.7312,6.7312,6.7312,6.7312,94,1,0.2954,0.4971,D50,21.510,32.304,20,150
9,150,a150,edd,0.25,c09_storm_150_a150_c80_0019,6.7312,6.7312,,,94,1,0.2954,0.4971,D50,21.510,32.304,20,150
9,150,a150,atc,0.5,c09_storm_150_a150_c80_0019,6.7312,6.7312,6.7312,6.7312,86,1,0.2954,0.4971,D50,21.510,32.304,20,150
9,150,a150,edd,0.5,c09_storm_150_a150_c80_0019,6.7312,6.7312,,,86,1,0.2954,0.4971,D50,21.510,32.304,20,150
9,150,a150,atc,1.0,c09_storm_150_a150_c80_0019,6.7312,6.7312,6.7312,6.7312,77,1,0.2954,0.4971,D50,21.510,32.304,20,150
9,150,a150,edd,1.0,c09_storm_150_a150_c80_0019,6.7312,6.7312,,,77,1,0.2954,0.4971,D50,21.510,32.304,20,150
9,150,a150,atc,0.25,c09_storm_150_a150_c80_0020,0.0000,0.0000,0.0000,0.0000,92,1,0.3112,1.0437,B20,22.025,69.383,20,150
9,150,a150,edd,0.25,c09_storm_150_a150_c80_0020,0.0000,0.0000,,,92,1,0.3112,1.0437,B20,22.025,69.383,20,150
9,150,a150,atc,0.5,c09_storm_150_a150_c80_0020,0.0000,0.0000,0.0000,0.0000,86,1,0.3112,1.0437,B20,22.025,69.383,20,150
9,150,a150,edd,0.5,c09_storm_150_a150_c80_0020,0.0000,0.0000,,,86,1,0.3112,1.0437,B20,22.025,69.383,20,150
9,150,a150,atc,1.0,c09_storm_150_a150_c80_0020,0.0000,0.0000,0.0000,0.0000,75,1,0.3112,1.0437,B20,22.025,69.383,20,150
9,150,a150,edd,1.0,c09_storm_150_a150_c80_0020,0.0000,0.0000,,,75,1,0.3112,1.0437,B20,22.025,69.383,20,150
9,150,a150,atc,0.25,c09_storm_150_a150_c80_0021,33.3980,33.3980,33.3980,33.3980,86,1,0.3185,0.5535,MISC,23.252,59.385,24,150
9,150,a150,edd,0.25,c09_storm_150_a150_c80_0021,33.3980,33.3980,,,86,1,0.3185,0.5535,MISC,23.252,59.385,24,150
9,150,a150,atc,0.5,c09_storm_150_a150_c80_0021,51.1052,51.1052,33.3980,33.3980,93,1,0.3185,0.5535,MISC,23.252,59.385,24,150
9,150,a150,edd,0.5,c09_storm_150_a150_c80_0021,51.1052,51.1052,,,93,1,0.3185,0.5535,MISC,23.252,59.385,24,150
9,150,a150,atc,1.0,c09_storm_150_a150_c80_0021,42.8008,42.8008,29.2458,29.2458,71,1,0.3185,0.5535,MISC,23.252,59.385,24,150
9,150,a150,edd,1.0,c09_storm_150_a150_c80_0021,42.8008,42.8008,,,71,1,0.3185,0.5535,MISC,23.252,59.385,24,150
9,150,a150,atc,0.25,c09_storm_150_a150_c80_0022,0.0000,0.0000,0.0000,0.0000,86,1,0.3835,0.6183,D30,18.607,58.271,33,150
9,150,a150,edd,0.25,c09_storm_150_a150_c80_0022,0.0000,0.0000,,,86,1,0.3835,0.6183,D30,18.607,58.271,33,150
9,150,a150,atc,0.5,c09_storm_150_a150_c80_0022,0.0000,0.0000,0.0000,0.0000,88,1,0.3835,0.6183,D30,18.607,58.271,33,150
9,150,a150,edd,0.5,c09_storm_150_a150_c80_0022,0.0000,0.0000,,,88,1,0.3835,0.6183,D30,18.607,58.271,33,150
9,150,a150,atc,1.0,c09_storm_150_a150_c80_0022,0.0000,0.0000,0.0000,0.0000,75,1,0.3835,0.6183,D30,18.607,58.271,33,150
9,150,a150,edd,1.0,c09_storm_150_a150_c80_0022,0.0000,0.0000,,,75,1,0.3835,0.6183,D30,18.607,58.271,33,150
9,150,a150,atc,0.25,c09_storm_150_a150_c80_0023,81.0664,81.0664,0.0000,0.0000,100,1,0.2690,0.5462,D90,23.880,63.880,26,150
9,150,a150,edd,0.25,c09_storm_150_a150_c80_0023,81.0664,81.0664,,,100,1,0.2690,0.5462,D90,23.880,63.880,26,150
9,150,a150,atc,0.5,c09_storm_150_a150_c80_0023,0.0000,0.0000,0.0000,0.0000,86,1,0.2690,0.5462,D90,23.880,63.880,26,150
9,150,a150,edd,0.5,c09_storm_150_a150_c80_0023,0.0000,0.0000,,,86,1,0.2690,0.5462,D90,23.880,63.880,26,150
9,150,a150,atc,1.0,c09_storm_150_a150_c80_0023,0.0000,0.0000,0.0000,0.0000,69,1,0.2690,0.5462,D90,23.880,63.880,26,150
9,150,a150,edd,1.0,c09_storm_150_a150_c80_0023,0.0000,0.0000,,,69,1,0.2690,0.5462,D90,23.880,63.880,26,150
9,150,a150,atc,0.25,c09_storm_150_a150_c80_0024,290.7848,290.7848,162.7848,162.7848,84,1,0.3181,0.6609,C30,21.198,51.221,21,150
9,150,a150,edd,0.25,c09_storm_150_a150_c80_0024,290.7848,290.7848,,,84,1,0.3181,0.6609,C30,21.198,51.221,21,150
9,150,a150,atc,0.5,c09_storm_150_a150_c80_0024,290.7848,290.7848,162.7848,162.7848,85,1,0.3181,0.6609,C30,21.198,51.221,21,150
9,150,a150,edd,0.5,c09_storm_150_a150_c80_0024,290.7848,290.7848,,,85,1,0.3181,0.6609,C30,21.198,51.221,21,150
9,150,a150,atc,1.0,c09_storm_150_a150_c80_0024,290.7848,290.7848,162.7848,162.7848,78,1,0.3181,0.6609,C30,21.198,51.221,21,150
9,150,a150,edd,1.0,c09_storm_150_a150_c80_0024,290.7848,290.7848,,,78,1,0.3181,0.6609,C30,21.198,51.221,21,150
9,150,a150,atc,0.25,c09_storm_150_a150_c80_0025,56.3848,56.3848,23.3764,23.3764,96,1,0.3049,0.6467,C30,20.403,51.493,24,150
9,150,a150,edd,0.25,c09_storm_150_a150_c80_0025,56.3848,56.3848,,,96,1,0.3049,0.6467,C30,20.403,51.493,24,150
9,150,a150,atc,0.5,c09_storm_150_a150_c80_0025,56.3848,56.3848,23.3764,23.3764,92,1,0.3049,0.6467,C30,20.403,51.493,24,150
9,150,a150,edd,0.5,c09_storm_150_a150_c80_0025,56.3848,56.3848,,,92,1,0.3049,0.6467,C30,20.403,51.493,24,150
9,150,a150,atc,1.0,c09_storm_150_a150_c80_0025,0.0000,0.0000,46.7528,46.7528,83,1,0.3049,0.6467,C30,20.403,51.493,24,150
9,150,a150,edd,1.0,c09_storm_150_a150_c80_0025,0.0000,0.0000,,,83,1,0.3049,0.6467,C30,20.403,51.493,24,150
9,150,a150,atc,0.25,c09_storm_150_a150_c80_0026,0.0000,0.0000,0.0000,0.0000,99,1,0.2382,0.3753,D20,23.622,49.531,19,150
9,150,a150,edd,0.25,c09_storm_150_a150_c80_0026,0.0000,0.0000,,,99,1,0.2382,0.3753,D20,23.622,49.531,19,150
9,150,a150,atc,0.5,c09_storm_150_a150_c80_0026,0.0000,0.0000,0.0000,0.0000,99,1,0.2382,0.3753,D20,23.622,49.531,19,150
9,150,a150,edd,0.5,c09_storm_150_a150_c80_0026,0.0000,0.0000,,,99,1,0.2382,0.3753,D20,23.622,49.531,19,150
9,150,a150,atc,1.0,c09_storm_150_a150_c80_0026,0.0000,0.0000,0.0000,0.0000,71,1,0.2382,0.3753,D20,23.622,49.531,19,150
9,150,a150,edd,1.0,c09_storm_150_a150_c80_0026,0.0000,0.0000,,,71,1,0.2382,0.3753,D20,23.622,49.531,19,150
9,150,a150,atc,0.25,c09_storm_150_a150_c80_0027,126.4808,126.4808,139.4094,139.4094,84,1,0.3089,0.5193,D90,22.924,42.631,20,150
9,150,a150,edd,0.25,c09_storm_150_a150_c80_0027,126.4808,126.4808,,,84,1,0.3089,0.5193,D90,22.924,42.631,20,150
9,150,a150,atc,0.5,c09_storm_150_a150_c80_0027,0.0000,0.0000,76.1690,76.1690,91,1,0.3089,0.5193,D90,22.924,42.631,20,150
9,150,a150,edd,0.5,c09_storm_150_a150_c80_0027,0.0000,0.0000,,,91,1,0.3089,0.5193,D90,22.924,42.631,20,150
9,150,a150,atc,1.0,c09_storm_150_a150_c80_0027,0.0000,0.0000,76.1690,76.1690,71,1,0.3089,0.5193,D90,22.924,42.631,20,150
9,150,a150,edd,1.0,c09_storm_150_a150_c80_0027,0.0000,0.0000,,,71,1,0.3089,0.5193,D90,22.924,42.631,20,150
9,150,a150,atc,0.25,c09_storm_150_a150_c80_0028,0.0000,0.0000,0.0000,0.0000,86,1,0.3181,0.4851,D50,20.691,39.377,25,150
9,150,a150,edd,0.25,c09_storm_150_a150_c80_0028,0.0000,0.0000,,,86,1,0.3181,0.4851,D50,20.691,39.377,25,150
9,150,a150,atc,0.5,c09_storm_150_a150_c80_0028,0.0000,0.0000,0.0000,0.0000,92,1,0.3181,0.4851,D50,20.691,39.377,25,150
9,150,a150,edd,0.5,c09_storm_150_a150_c80_0028,0.0000,0.0000,,,92,1,0.3181,0.4851,D50,20.691,39.377,25,150
9,150,a150,atc,1.0,c09_storm_150_a150_c80_0028,0.0000,0.0000,0.0000,0.0000,68,1,0.3181,0.4851,D50,20.691,39.377,25,150
9,150,a150,edd,1.0,c09_storm_150_a150_c80_0028,0.0000,0.0000,,,68,1,0.3181,0.4851,D50,20.691,39.377,25,150
9,150,a150,atc,0.25,c09_storm_150_a150_c80_0029,2.8656,2.8656,0.0000,0.0000,90,1,0.2608,0.4318,D50,19.922,29.985,32,150
9,150,a150,edd,0.25,c09_storm_150_a150_c80_0029,2.8656,2.8656,,,90,1,0.2608,0.4318,D50,19.922,29.985,32,150
9,150,a150,atc,0.5,c09_storm_150_a150_c80_0029,2.8656,2.8656,0.0000,0.0000,92,1,0.2608,0.4318,D50,19.922,29.985,32,150
9,150,a150,edd,0.5,c09_storm_150_a150_c80_0029,2.8656,2.8656,,,92,1,0.2608,0.4318,D50,19.922,29.985,32,150
9,150,a150,atc,1.0,c09_storm_150_a150_c80_0029,2.8656,2.8656,0.0000,0.0000,69,1,0.2608,0.4318,D50,19.922,29.985,32,150
9,150,a150,edd,1.0,c09_storm_150_a150_c80_0029,2.8656,2.8656,,,69,1,0.2608,0.4318,D50,19.922,29.985,32,150
9,150,a200,atc,0.25,c09_storm_150_a200_c80_0000,0.0000,0.0000,0.0000,0.0000,99,1,0.3129,0.5151,D20,17.660,31.969,22,150
9,150,a200,edd,0.25,c09_storm_150_a200_c80_0000,0.0000,0.0000,,,99,1,0.3129,0.5151,D20,17.660,31.969,22,150
9,150,a200,atc,0.5,c09_storm_150_a200_c80_0000,0.0000,0.0000,0.0000,0.0000,102,1,0.3129,0.5151,D20,17.660,31.969,22,150
9,150,a200,edd,0.5,c09_storm_150_a200_c80_0000,0.0000,0.0000,,,102,1,0.3129,0.5151,D20,17.660,31.969,22,150
9,150,a200,atc,1.0,c09_storm_150_a200_c80_0000,0.0000,0.0000,0.0000,0.0000,81,1,0.3129,0.5151,D20,17.660,31.969,22,150
9,150,a200,edd,1.0,c09_storm_150_a200_c80_0000,0.0000,0.0000,,,81,1,0.3129,0.5151,D20,17.660,31.969,22,150
9,150,a200,atc,0.25,c09_storm_150_a200_c80_0001,0.0000,0.0000,0.0000,0.0000,91,1,0.4110,0.6416,D20,14.774,32.290,31,150
9,150,a200,edd,0.25,c09_storm_150_a200_c80_0001,0.0000,0.0000,,,91,1,0.4110,0.6416,D20,14.774,32.290,31,150
9,150,a200,atc,0.5,c09_storm_150_a200_c80_0001,0.0000,0.0000,0.0000,0.0000,91,1,0.4110,0.6416,D20,14.774,32.290,31,150
9,150,a200,edd,0.5,c09_storm_150_a200_c80_0001,0.0000,0.0000,,,91,1,0.4110,0.6416,D20,14.774,32.290,31,150
9,150,a200,atc,1.0,c09_storm_150_a200_c80_0001,0.0000,0.0000,0.0000,0.0000,83,1,0.4110,0.6416,D20,14.774,32.290,31,150
9,150,a200,edd,1.0,c09_storm_150_a200_c80_0001,0.0000,0.0000,,,83,1,0.4110,0.6416,D20,14.774,32.290,31,150
9,150,a200,atc,0.25,c09_storm_150_a200_c80_0002,23.5956,23.5956,34.7594,34.7594,98,1,0.3729,0.5891,D30,16.565,44.972,22,150
9,150,a200,edd,0.25,c09_storm_150_a200_c80_0002,23.5956,23.5956,,,98,1,0.3729,0.5891,D30,16.565,44.972,22,150
9,150,a200,atc,0.5,c09_storm_150_a200_c80_0002,23.5956,23.5956,34.7594,34.7594,96,1,0.3729,0.5891,D30,16.565,44.972,22,150
9,150,a200,edd,0.5,c09_storm_150_a200_c80_0002,23.5956,23.5956,,,96,1,0.3729,0.5891,D30,16.565,44.972,22,150
9,150,a200,atc,1.0,c09_storm_150_a200_c80_0002,175.1912,175.1912,69.5188,69.5188,71,1,0.3729,0.5891,D30,16.565,44.972,22,150
9,150,a200,edd,1.0,c09_storm_150_a200_c80_0002,175.1912,175.1912,,,71,1,0.3729,0.5891,D30,16.565,44.972,22,150
9,150,a200,atc,0.25,c09_storm_150_a200_c80_0003,34.3904,34.3904,0.0000,0.0000,96,1,0.4046,0.6797,D50,15.203,58.538,35,150
9,150,a200,edd,0.25,c09_storm_150_a200_c80_0003,34.3904,34.3904,,,96,1,0.4046,0.6797,D50,15.203,58.538,35,150
9,150,a200,atc,0.5,c09_storm_150_a200_c80_0003,0.0000,0.0000,0.0000,0.0000,92,1,0.4046,0.6797,D50,15.203,58.538,35,150
9,150,a200,edd,0.5,c09_storm_150_a200_c80_0003,0.0000,0.0000,,,92,1,0.4046,0.6797,D50,15.203,58.538,35,150
9,150,a200,atc,1.0,c09_storm_150_a200_c80_0003,10.0200,10.0200,0.0000,0.0000,80,1,0.4046,0.6797,D50,15.203,58.538,35,150
9,150,a200,edd,1.0,c09_storm_150_a200_c80_0003,10.0200,10.0200,,,80,1,0.4046,0.6797,D50,15.203,58.538,35,150
9,150,a200,atc,0.25,c09_storm_150_a200_c80_0004,44.3792,44.3792,44.3792,44.3792,94,1,0.4674,1.2704,E10,13.885,56.111,30,150
9,150,a200,edd,0.25,c09_storm_150_a200_c80_0004,44.3792,44.3792,,,94,1,0.4674,1.2704,E10,13.885,56.111,30,150
9,150,a200,atc,0.5,c09_storm_150_a200_c80_0004,44.3792,44.3792,44.3792,44.3792,90,1,0.4674,1.2704,E10,13.885,56.111,30,150
9,150,a200,edd,0.5,c09_storm_150_a200_c80_0004,44.3792,44.3792,,,90,1,0.4674,1.2704,E10,13.885,56.111,30,150
9,150,a200,atc,1.0,c09_storm_150_a200_c80_0004,44.3792,44.3792,44.3792,44.3792,65,1,0.4674,1.2704,E10,13.885,56.111,30,150
9,150,a200,edd,1.0,c09_storm_150_a200_c80_0004,44.3792,44.3792,,,65,1,0.4674,1.2704,E10,13.885,56.111,30,150
9,150,a200,atc,0.25,c09_storm_150_a200_c80_0005,49.2288,49.2288,0.0000,0.0000,100,1,0.4356,0.7581,B30,15.795,58.165,27,150
9,150,a200,edd,0.25,c09_storm_150_a200_c80_0005,49.2288,49.2288,,,100,1,0.4356,0.7581,B30,15.795,58.165,27,150
9,150,a200,atc,0.5,c09_storm_150_a200_c80_0005,49.2288,49.2288,0.0000,0.0000,95,1,0.4356,0.7581,B30,15.795,58.165,27,150
9,150,a200,edd,0.5,c09_storm_150_a200_c80_0005,49.2288,49.2288,,,95,1,0.4356,0.7581,B30,15.795,58.165,27,150
9,150,a200,atc,1.0,c09_storm_150_a200_c80_0005,49.2288,49.2288,0.0000,0.0000,87,1,0.4356,0.7581,B30,15.795,58.165,27,150
9,150,a200,edd,1.0,c09_storm_150_a200_c80_0005,49.2288,49.2288,,,87,1,0.4356,0.7581,B30,15.795,58.165,27,150
9,150,a200,atc,0.25,c09_storm_150_a200_c80_0006,59.1840,59.1840,6.8272,6.8272,94,1,0.4591,0.9146,E10,15.731,38.228,42,150
9,150,a200,edd,0.25,c09_storm_150_a200_c80_0006,59.1840,59.1840,,,94,1,0.4591,0.9146,E10,15.731,38.228,42,150
9,150,a200,atc,0.5,c09_storm_150_a200_c80_0006,81.2440,81.2440,6.8272,6.8272,99,1,0.4591,0.9146,E10,15.731,38.228,42,150
9,150,a200,edd,0.5,c09_storm_150_a200_c80_0006,81.2440,81.2440,,,99,1,0.4591,0.9146,E10,15.731,38.228,42,150
9,150,a200,atc,1.0,c09_storm_150_a200_c80_0006,81.2440,81.2440,6.8272,6.8272,79,1,0.4591,0.9146,E10,15.731,38.228,42,150
9,150,a200,edd,1.0,c09_storm_150_a200_c80_0006,81.2440,81.2440,,,79,1,0.4591,0.9146,E10,15.731,38.228,42,150
9,150,a200,atc,0.25,c09_storm_150_a200_c80_0007,16.2048,16.2048,0.0000,0.0000,92,1,0.4789,1.6285,B30,15.541,59.676,32,150
9,150,a200,edd,0.25,c09_storm_150_a200_c80_0007,16.2048,16.2048,,,92,1,0.4789,1.6285,B30,15.541,59.676,32,150
9,150,a200,atc,0.5,c09_storm_150_a200_c80_0007,0.0000,0.0000,0.0000,0.0000,96,1,0.4789,1.6285,B30,15.541,59.676,32,150
9,150,a200,edd,0.5,c09_storm_150_a200_c80_0007,0.0000,0.0000,,,96,1,0.4789,1.6285,B30,15.541,59.676,32,150
9,150,a200,atc,1.0,c09_storm_150_a200_c80_0007,0.0000,0.0000,0.0000,0.0000,79,1,0.4789,1.6285,B30,15.541,59.676,32,150
9,150,a200,edd,1.0,c09_storm_150_a200_c80_0007,0.0000,0.0000,,,79,1,0.4789,1.6285,B30,15.541,59.676,32,150
9,150,a200,atc,0.25,c09_storm_150_a200_c80_0008,336.7176,336.7176,336.7176,336.7176,89,1,0.4761,1.0580,C30,14.845,60.701,28,150
9,150,a200,edd,0.25,c09_storm_150_a200_c80_0008,336.7176,336.7176,,,89,1,0.4761,1.0580,C30,14.845,60.701,28,150
9,150,a200,atc,0.5,c09_storm_150_a200_c80_0008,336.7176,336.7176,336.7176,336.7176,86,1,0.4761,1.0580,C30,14.845,60.701,28,150
9,150,a200,edd,0.5,c09_storm_150_a200_c80_0008,336.7176,336.7176,,,86,1,0.4761,1.0580,C30,14.845,60.701,28,150
9,150,a200,atc,1.0,c09_storm_150_a200_c80_0008,336.7176,336.7176,336.7176,336.7176,74,1,0.4761,1.0580,C30,14.845,60.701,28,150
9,150,a200,edd,1.0,c09_storm_150_a200_c80_0008,336.7176,336.7176,,,74,1,0.4761,1.0580,C30,14.845,60.701,28,150
9,150,a200,atc,0.25,c09_storm_150_a200_c80_0009,45.9072,45.9072,109.9072,109.9072,100,1,0.4899,0.7310,C30,16.685,52.657,28,150
9,150,a200,edd,0.25,c09_storm_150_a200_c80_0009,45.9072,45.9072,,,100,1,0.4899,0.7310,C30,16.685,52.657,28,150
9,150,a200,atc,0.5,c09_storm_150_a200_c80_0009,45.9072,45.9072,109.9072,109.9072,91,1,0.4899,0.7310,C30,16.685,52.657,28,150
9,150,a200,edd,0.5,c09_storm_150_a200_c80_0009,45.9072,45.9072,,,91,1,0.4899,0.7310,C30,16.685,52.657,28,150
9,150,a200,atc,1.0,c09_storm_150_a200_c80_0009,188.2848,188.2848,188.2848,188.2848,81,1,0.4899,0.7310,C30,16.685,52.657,28,150
9,150,a200,edd,1.0,c09_storm_150_a200_c80_0009,188.2848,188.2848,,,81,1,0.4899,0.7310,C30,16.685,52.657,28,150
9,150,a200,atc,0.25,c09_storm_150_a200_c80_0010,3.1848,3.1848,26.1740,26.1740,95,1,0.3143,0.8303,E20,18.303,43.850,29,150
9,150,a200,edd,0.25,c09_storm_150_a200_c80_0010,3.1848,3.1848,,,95,1,0.3143,0.8303,E20,18.303,43.850,29,150
9,150,a200,atc,0.5,c09_storm_150_a200_c80_0010,3.1848,3.1848,26.1740,26.1740,100,1,0.3143,0.8303,E20,18.303,43.850,29,150
9,150,a200,edd,0.5,c09_storm_150_a200_c80_0010,3.1848,3.1848,,,100,1,0.3143,0.8303,E20,18.303,43.850,29,150
9,150,a200,atc,1.0,c09_storm_150_a200_c80_0010,55.5328,55.5328,52.3480,52.3480,85,1,0.3143,0.8303,E20,18.303,43.850,29,150
9,150,a200,edd,1.0,c09_storm_150_a200_c80_0010,55.5328,55.5328,,,85,1,0.3143,0.8303,E20,18.303,43.850,29,150
9,150,a200,atc,0.25,c09_storm_150_a200_c80_0011,77.6124,77.6124,60.9300,60.9300,104,1,0.4393,1.2702,C10,16.035,65.610,42,150
9,150,a200,edd,0.25,c09_storm_150_a200_c80_0011,77.6124,77.6124,,,104,1,0.4393,1.2702,C10,16.035,65.610,42,150
9,150,a200,atc,0.5,c09_storm_150_a200_c80_0011,67.0172,67.0172,60.9300,60.9300,94,1,0.4393,1.2702,C10,16.035,65.610,42,150
9,150,a200,edd,0.5,c09_storm_150_a200_c80_0011,67.0172,67.0172,,,94,1,0.4393,1.2702,C10,16.035,65.610,42,150
9,150,a200,atc,1.0,c09_storm_150_a200_c80_0011,255.9472,255.9472,121.8600,121.8600,67,1,0.4393,1.2702,C10,16.035,65.610,42,150
9,150,a200,edd,1.0,c09_storm_150_a200_c80_0011,255.9472,255.9472,,,67,1,0.4393,1.2702,C10,16.035,65.610,42,150
9,150,a200,atc,0.25,c09_storm_150_a200_c80_0012,0.0000,0.0000,0.0000,0.0000,91,1,0.3970,2.1602,B20,18.497,60.823,29,150
9,150,a200,edd,0.25,c09_storm_150_a200_c80_0012,0.0000,0.0000,,,91,1,0.3970,2.1602,B20,18.497,60.823,29,150
9,150,a200,atc,0.5,c09_storm_150_a200_c80_0012,0.0000,0.0000,0.0000,0.0000,94,1,0.3970,2.1602,B20,18.497,60.823,29,150
9,150,a200,edd,0.5,c09_storm_150_a200_c80_0012,0.0000,0.0000,,,94,1,0.3970,2.1602,B20,18.497,60.823,29,150
9,150,a200,atc,1.0,c09_storm_150_a200_c80_0012,0.0000,0.0000,0.0000,0.0000,79,1,0.3970,2.1602,B20,18.497,60.823,29,150
9,150,a200,edd,1.0,c09_storm_150_a200_c80_0012,0.0000,0.0000,,,79,1,0.3970,2.1602,B20,18.497,60.823,29,150
9,150,a200,atc,0.25,c09_storm_150_a200_c80_0013,10.4384,10.4384,7.2116,7.2116,94,1,0.3536,0.5685,D50,17.225,30.250,28,150
9,150,a200,edd,0.25,c09_storm_150_a200_c80_0013,10.4384,10.4384,,,94,1,0.3536,0.5685,D50,17.225,30.250,28,150
9,150,a200,atc,0.5,c09_storm_150_a200_c80_0013,10.4384,10.4384,7.2116,7.2116,86,1,0.3536,0.5685,D50,17.225,30.250,28,150
9,150,a200,edd,0.5,c09_storm_150_a200_c80_0013,10.4384,10.4384,,,86,1,0.3536,0.5685,D50,17.225,30.250,28,150
9,150,a200,atc,1.0,c09_storm_150_a200_c80_0013,14.4232,14.4232,14.4232,14.4232,70,1,0.3536,0.5685,D50,17.225,30.250,28,150
9,150,a200,edd,1.0,c09_storm_150_a200_c80_0013,14.4232,14.4232,,,70,1,0.3536,0.5685,D50,17.225,30.250,28,150
9,150,a200,atc,0.25,c09_storm_150_a200_c80_0014,284.0444,284.0444,156.0444,156.0444,87,1,0.4276,1.1500,E20,16.673,51.896,32,150
9,150,a200,edd,0.25,c09_storm_150_a200_c80_0014,284.0444,284.0444,,,87,1,0.4276,1.1500,E20,16.673,51.896,32,150
9,150,a200,atc,0.5,c09_storm_150_a200_c80_0014,284.0444,284.0444,156.0444,156.0444,83,1,0.4276,1.1500,E20,16.673,51.896,32,150
9,150,a200,edd,0.5,c09_storm_150_a200_c80_0014,284.0444,284.0444,,,83,1,0.4276,1.1500,E20,16.673,51.896,32,150
9,150,a200,atc,1.0,c09_storm_150_a200_c80_0014,260.3264,260.3264,144.1854,144.1854,73,1,0.4276,1.1500,E20,16.673,51.896,32,150
9,150,a200,edd,1.0,c09_storm_150_a200_c80_0014,260.3264,260.3264,,,73,1,0.4276,1.1500,E20,16.673,51.896,32,150
9,150,a200,atc,0.25,c09_storm_150_a200_c80_0015,5.0520,5.0520,5.0520,5.0520,83,1,0.4278,0.7250,D90,18.474,49.618,32,150
9,150,a200,edd,0.25,c09_storm_150_a200_c80_0015,5.0520,5.0520,,,83,1,0.4278,0.7250,D90,18.474,49.618,32,150
9,150,a200,atc,0.5,c09_storm_150_a200_c80_0015,5.0520,5.0520,5.0520,5.0520,96,1,0.4278,0.7250,D90,18.474,49.618,32,150
9,150,a200,edd,0.5,c09_storm_150_a200_c80_0015,5.0520,5.0520,,,96,1,0.4278,0.7250,D90,18.474,49.618,32,150
9,150,a200,atc,1.0,c09_storm_150_a200_c80_0015,0.0000,0.0000,1.2630,1.2630,79,1,0.4278,0.7250,D90,18.474,49.618,32,150
9,150,a200,edd,1.0,c09_storm_150_a200_c80_0015,0.0000,0.0000,,,79,1,0.4278,0.7250,D90,18.474,49.618,32,150
9,150,a200,atc,0.25,c09_storm_150_a200_c80_0016,0.0000,0.0000,0.0000,0.0000,95,1,0.3676,0.5392,D30,17.270,30.730,22,150
9,150,a200,edd,0.25,c09_storm_150_a200_c80_0016,0.0000,0.0000,,,95,1,0.3676,0.5392,D30,17.270,30.730,22,150
9,150,a200,atc,0.5,c09_storm_150_a200_c80_0016,0.0000,0.0000,0.0000,0.0000,99,1,0.3676,0.5392,D30,17.270,30.730,22,150
9,150,a200,edd,0.5,c09_storm_150_a200_c80_0016,0.0000,0.0000,,,99,1,0.3676,0.5392,D30,17.270,30.730,22,150
9,150,a200,atc,1.0,c09_storm_150_a200_c80_0016,0.0000,0.0000,0.0000,0.0000,74,1,0.3676,0.5392,D30,17.270,30.730,22,150
9,150,a200,edd,1.0,c09_storm_150_a200_c80_0016,0.0000,0.0000,,,74,1,0.3676,0.5392,D30,17.270,30.730,22,150
9,150,a200,atc,0.25,c09_storm_150_a200_c80_0017,0.0000,0.0000,0.0000,0.0000,91,1,0.3772,1.1023,C30,15.855,60.857,25,150
9,150,a200,edd,0.25,c09_storm_150_a200_c80_0017,0.0000,0.0000,,,91,1,0.3772,1.1023,C30,15.855,60.857,25,150
9,150,a200,atc,0.5,c09_storm_150_a200_c80_0017,0.0000,0.0000,0.0000,0.0000,80,1,0.3772,1.1023,C30,15.855,60.857,25,150
9,150,a200,edd,0.5,c09_storm_150_a200_c80_0017,0.0000,0.0000,,,80,1,0.3772,1.1023,C30,15.855,60.857,25,150
9,150,a200,atc,1.0,c09_storm_150_a200_c80_0017,0.0000,0.0000,0.0000,0.0000,92,1,0.3772,1.1023,C30,15.855,60.857,25,150
9,150,a200,edd,1.0,c09_storm_150_a200_c80_0017,0.0000,0.0000,,,92,1,0.3772,1.1023,C30,15.855,60.857,25,150
9,150,a200,atc,0.25,c09_storm_150_a200_c80_0018,88.7032,88.7032,91.1112,91.1112,101,1,0.4114,0.7159,D90,15.135,40.182,38,150
9,150,a200,edd,0.25,c09_storm_150_a200_c80_0018,88.7032,88.7032,,,101,1,0.4114,0.7159,D90,15.135,40.182,38,150
9,150,a200,atc,0.5,c09_storm_150_a200_c80_0018,88.7032,88.7032,91.1112,91.1112,105,1,0.4114,0.7159,D90,15.135,40.182,38,150
9,150,a200,edd,0.5,c09_storm_150_a200_c80_0018,88.7032,88.7032,,,105,1,0.4114,0.7159,D90,15.135,40.182,38,150
9,150,a200,atc,1.0,c09_storm_150_a200_c80_0018,88.7032,88.7032,91.1112,91.1112,88,1,0.4114,0.7159,D90,15.135,40.182,38,150
9,150,a200,edd,1.0,c09_storm_150_a200_c80_0018,88.7032,88.7032,,,88,1,0.4114,0.7159,D90,15.135,40.182,38,150
9,150,a200,atc,0.25,c09_storm_150_a200_c80_0019,0.0000,0.0000,0.0000,0.0000,93,1,0.4985,1.0076,D90,15.364,52.131,36,150
9,150,a200,edd,0.25,c09_storm_150_a200_c80_0019,0.0000,0.0000,,,93,1,0.4985,1.0076,D90,15.364,52.131,36,150
9,150,a200,atc,0.5,c09_storm_150_a200_c80_0019,0.0000,0.0000,0.0000,0.0000,84,1,0.4985,1.0076,D90,15.364,52.131,36,150
9,150,a200,edd,0.5,c09_storm_150_a200_c80_0019,0.0000,0.0000,,,84,1,0.4985,1.0076,D90,15.364,52.131,36,150
9,150,a200,atc,1.0,c09_storm_150_a200_c80_0019,0.0000,0.0000,0.0000,0.0000,72,1,0.4985,1.0076,D90,15.364,52.131,36,150
9,150,a200,edd,1.0,c09_storm_150_a200_c80_0019,0.0000,0.0000,,,72,1,0.4985,1.0076,D90,15.364,52.131,36,150
9,150,a200,atc,0.25,c09_storm_150_a200_c80_0020,182.1112,182.1112,0.0000,0.0000,99,1,0.4368,0.8724,E10,16.395,35.831,36,150
9,150,a200,edd,0.25,c09_storm_150_a200_c80_0020,182.1112,182.1112,,,99,1,0.4368,0.8724,E10,16.395,35.831,36,150
9,150,a200,atc,0.5,c09_storm_150_a200_c80_0020,182.1112,182.1112,0.0000,0.0000,85,1,0.4368,0.8724,E10,16.395,35.831,36,150
9,150,a200,edd,0.5,c09_storm_150_a200_c80_0020,182.1112,182.1112,,,85,1,0.4368,0.8724,E10,16.395,35.831,36,150
9,150,a200,atc,1.0,c09_storm_150_a200_c80_0020,24.8736,24.8736,0.0000,0.0000,85,1,0.4368,0.8724,E10,16.395,35.831,36,150
9,150,a200,edd,1.0,c09_storm_150_a200_c80_0020,24.8736,24.8736,,,85,1,0.4368,0.8724,E10,16.395,35.831,36,150
9,150,a200,atc,0.25,c09_storm_150_a200_c80_0021,0.0000,0.0000,52.5114,52.5114,85,1,0.4624,3.0259,E20,16.608,56.781,33,150
9,150,a200,edd,0.25,c09_storm_150_a200_c80_0021,0.0000,0.0000,,,85,1,0.4624,3.0259,E20,16.608,56.781,33,150
9,150,a200,atc,0.5,c09_storm_150_a200_c80_0021,0.0000,0.0000,52.5114,52.5114,90,1,0.4624,3.0259,E20,16.608,56.781,33,150
9,150,a200,edd,0.5,c09_storm_150_a200_c80_0021,0.0000,0.0000,,,90,1,0.4624,3.0259,E20,16.608,56.781,33,150
9,150,a200,atc,1.0,c09_storm_150_a200_c80_0021,0.0000,0.0000,52.5114,52.5114,80,1,0.4624,3.0259,E20,16.608,56.781,33,150
9,150,a200,edd,1.0,c09_storm_150_a200_c80_0021,0.0000,0.0000,,,80,1,0.4624,3.0259,E20,16.608,56.781,33,150
9,150,a200,atc,0.25,c09_storm_150_a200_c80_0022,265.4072,265.4072,171.7224,171.7224,89,1,0.3970,0.6659,D20,15.221,44.686,30,150
9,150,a200,edd,0.25,c09_storm_150_a200_c80_0022,265.4072,265.4072,,,89,1,0.3970,0.6659,D20,15.221,44.686,30,150
9,150,a200,atc,0.5,c09_storm_150_a200_c80_0022,265.4072,265.4072,171.7224,171.7224,93,1,0.3970,0.6659,D20,15.221,44.686,30,150
9,150,a200,edd,0.5,c09_storm_150_a200_c80_0022,265.4072,265.4072,,,93,1,0.3970,0.6659,D20,15.221,44.686,30,150
9,150,a200,atc,1.0,c09_storm_150_a200_c80_0022,265.4072,265.4072,171.7224,171.7224,68,1,0.3970,0.6659,D20,15.221,44.686,30,150
9,150,a200,edd,1.0,c09_storm_150_a200_c80_0022,265.4072,265.4072,,,68,1,0.3970,0.6659,D20,15.221,44.686,30,150
9,150,a200,atc,0.25,c09_storm_150_a200_c80_0023,74.1940,74.1940,74.1940,74.1940,83,1,0.3938,0.6034,D50,16.303,47.433,26,150
9,150,a200,edd,0.25,c09_storm_150_a200_c80_0023,74.1940,74.1940,,,83,1,0.3938,0.6034,D50,16.303,47.433,26,150
9,150,a200,atc,0.5,c09_storm_150_a200_c80_0023,74.1940,74.1940,74.1940,74.1940,83,1,0.3938,0.6034,D50,16.303,47.433,26,150
9,150,a200,edd,0.5,c09_storm_150_a200_c80_0023,74.1940,74.1940,,,83,1,0.3938,0.6034,D50,16.303,47.433,26,150
9,150,a200,atc,1.0,c09_storm_150_a200_c80_0023,0.0000,0.0000,37.0970,37.0970,78,1,0.3938,0.6034,D50,16.303,47.433,26,150
9,150,a200,edd,1.0,c09_storm_150_a200_c80_0023,0.0000,0.0000,,,78,1,0.3938,0.6034,D50,16.303,47.433,26,150
9,150,a200,atc,0.25,c09_storm_150_a200_c80_0024,0.0000,0.0000,0.0000,0.0000,106,1,0.3283,0.7145,D50,15.293,23.792,23,150
9,150,a200,edd,0.25,c09_storm_150_a200_c80_0024,0.0000,0.0000,,,106,1,0.3283,0.7145,D50,15.293,23.792,23,150
9,150,a200,atc,0.5,c09_storm_150_a200_c80_0024,0.0000,0.0000,0.0000,0.0000,102,1,0.3283,0.7145,D50,15.293,23.792,23,150
9,150,a200,edd,0.5,c09_storm_150_a200_c80_0024,0.0000,0.0000,,,102,1,0.3283,0.7145,D50,15.293,23.792,23,150
9,150,a200,atc,1.0,c09_storm_150_a200_c80_0024,0.0000,0.0000,0.0000,0.0000,76,1,0.3283,0.7145,D50,15.293,23.792,23,150
9,150,a200,edd,1.0,c09_storm_150_a200_c80_0024,0.0000,0.0000,,,76,1,0.3283,0.7145,D50,15.293,23.792,23,150
9,150,a200,atc,0.25,c09_storm_150_a200_c80_0025,63.5584,63.5584,0.4208,0.4208,88,1,0.4559,0.7440,E10,15.197,56.551,37,150
9,150,a200,edd,0.25,c09_storm_150_a200_c80_0025,63.5584,63.5584,,,88,1,0.4559,0.7440,E10,15.197,56.551,37,150
9,150,a200,atc,0.5,c09_storm_150_a200_c80_0025,63.5584,63.5584,0.4208,0.4208,88,1,0.4559,0.7440,E10,15.197,56.551,37,150
9,150,a200,edd,0.5,c09_storm_150_a200_c80_0025,63.5584,63.5584,,,88,1,0.4559,0.7440,E10,15.197,56.551,37,150
9,150,a200,atc,1.0,c09_storm_150_a200_c80_0025,63.5584,63.5584,0.4208,0.4208,74,1,0.4559,0.7440,E10,15.197,56.551,37,150
9,150,a200,edd,1.0,c09_storm_150_a200_c80_0025,63.5584,63.5584,,,74,1,0.4559,0.7440,E10,15.197,56.551,37,150
9,150,a200,atc,0.25,c09_storm_150_a200_c80_0026,394.9520,394.9520,229.8256,229.8256,95,1,0.3955,0.7357,D50,15.486,63.423,39,150
9,150,a200,edd,0.25,c09_storm_150_a200_c80_0026,394.9520,394.9520,,,95,1,0.3955,0.7357,D50,15.486,63.423,39,150
9,150,a200,atc,0.5,c09_storm_150_a200_c80_0026,357.8256,357.8256,229.8256,229.8256,90,1,0.3955,0.7357,D50,15.486,63.423,39,150
9,150,a200,edd,0.5,c09_storm_150_a200_c80_0026,357.8256,357.8256,,,90,1,0.3955,0.7357,D50,15.486,63.423,39,150
9,150,a200,atc,1.0,c09_storm_150_a200_c80_0026,118.8256,118.8256,118.8256,118.8256,72,1,0.3955,0.7357,D50,15.486,63.423,39,150
9,150,a200,edd,1.0,c09_storm_150_a200_c80_0026,118.8256,118.8256,,,72,1,0.3955,0.7357,D50,15.486,63.423,39,150
9,150,a200,atc,0.25,c09_storm_150_a200_c80_0027,0.0000,0.0000,0.0000,0.0000,95,1,0.3710,0.7983,D40,16.402,60.516,26,150
9,150,a200,edd,0.25,c09_storm_150_a200_c80_0027,0.0000,0.0000,,,95,1,0.3710,0.7983,D40,16.402,60.516,26,150
9,150,a200,atc,0.5,c09_storm_150_a200_c80_0027,0.0000,0.0000,0.0000,0.0000,100,1,0.3710,0.7983,D40,16.402,60.516,26,150
9,150,a200,edd,0.5,c09_storm_150_a200_c80_0027,0.0000,0.0000,,,100,1,0.3710,0.7983,D40,16.402,60.516,26,150
9,150,a200,atc,1.0,c09_storm_150_a200_c80_0027,0.0000,0.0000,0.0000,0.0000,77,1,0.3710,0.7983,D40,16.402,60.516,26,150
9,150,a200,edd,1.0,c09_storm_150_a200_c80_0027,0.0000,0.0000,,,77,1,0.3710,0.7983,D40,16.402,60.516,26,150
9,150,a200,atc,0.25,c09_storm_150_a200_c80_0028,71.4424,71.4424,71.4424,71.4424,92,1,0.3534,0.8077,E20,16.116,33.093,39,150
9,150,a200,edd,0.25,c09_storm_150_a200_c80_0028,71.4424,71.4424,,,92,1,0.3534,0.8077,E20,16.116,33.093,39,150
9,150,a200,atc,0.5,c09_storm_150_a200_c80_0028,71.4424,71.4424,71.4424,71.4424,91,1,0.3534,0.8077,E20,16.116,33.093,39,150
9,150,a200,edd,0.5,c09_storm_150_a200_c80_0028,71.4424,71.4424,,,91,1,0.3534,0.8077,E20,16.116,33.093,39,150
9,150,a200,atc,1.0,c09_storm_150_a200_c80_0028,71.4424,71.4424,71.4424,71.4424,69,1,0.3534,0.8077,E20,16.116,33.093,39,150
9,150,a200,edd,1.0,c09_storm_150_a200_c80_0028,71.4424,71.4424,,,69,1,0.3534,0.8077,E20,16.116,33.093,39,150
9,150,a200,atc,0.25,c09_storm_150_a200_c80_0029,193.3856,193.3856,82.3856,82.3856,91,1,0.4611,1.8151,E10,16.229,59.441,25,150
9,150,a200,edd,0.25,c09_storm_150_a200_c80_0029,193.3856,193.3856,,,91,1,0.4611,1.8151,E10,16.229,59.441,25,150
9,150,a200,atc,0.5,c09_storm_150_a200_c80_0029,193.3856,193.3856,82.3856,82.3856,90,1,0.4611,1.8151,E10,16.229,59.441,25,150
9,150,a200,edd,0.5,c09_storm_150_a200_c80_0029,193.3856,193.3856,,,90,1,0.4611,1.8151,E10,16.229,59.441,25,150
9,150,a200,atc,1.0,c09_storm_150_a200_c80_0029,82.3856,82.3856,82.3856,82.3856,71,1,0.4611,1.8151,E10,16.229,59.441,25,150
9,150,a200,edd,1.0,c09_storm_150_a200_c80_0029,82.3856,82.3856,,,71,1,0.4611,1.8151,E10,16.229,59.441,25,150
9,150,a300,atc,0.25,c09_storm_150_a300_c80_0000,0.0000,0.0000,0.0000,0.0000,83,1,0.7735,1.4649,D90,9.695,52.496,46,150
9,150,a300,edd,0.25,c09_storm_150_a300_c80_0000,0.0000,0.0000,,,83,1,0.7735,1.4649,D90,9.695,52.496,46,150
9,150,a300,atc,0.5,c09_storm_150_a300_c80_0000,0.0000,0.0000,0.0000,0.0000,88,1,0.7735,1.4649,D90,9.695,52.496,46,150
9,150,a300,edd,0.5,c09_storm_150_a300_c80_0000,0.0000,0.0000,,,88,1,0.7735,1.4649,D90,9.695,52.496,46,150
9,150,a300,atc,1.0,c09_storm_150_a300_c80_0000,0.0000,0.0000,0.0000,0.0000,59,1,0.7735,1.4649,D90,9.695,52.496,46,150
9,150,a300,edd,1.0,c09_storm_150_a300_c80_0000,0.0000,0.0000,,,59,1,0.7735,1.4649,D90,9.695,52.496,46,150
9,150,a300,atc,0.25,c09_storm_150_a300_c80_0001,124.7552,124.7552,154.0104,154.0104,102,1,0.7605,1.3605,B30,8.904,48.608,49,150
9,150,a300,edd,0.25,c09_storm_150_a300_c80_0001,124.7552,124.7552,,,102,1,0.7605,1.3605,B30,8.904,48.608,49,150
9,150,a300,atc,0.5,c09_storm_150_a300_c80_0001,344.4064,344.4064,308.0208,308.0208,101,1,0.7605,1.3605,B30,8.904,48.608,49,150
9,150,a300,edd,0.5,c09_storm_150_a300_c80_0001,344.4064,344.4064,,,101,1,0.7605,1.3605,B30,8.904,48.608,49,150
9,150,a300,atc,1.0,c09_storm_150_a300_c80_0001,309.6616,309.6616,308.0208,308.0208,59,1,0.7605,1.3605,B30,8.904,48.608,49,150
9,150,a300,edd,1.0,c09_storm_150_a300_c80_0001,309.6616,309.6616,,,59,1,0.7605,1.3605,B30,8.904,48.608,49,150
9,150,a300,atc,0.25,c09_storm_150_a300_c80_0002,332.3472,332.3472,275.5566,275.5566,93,1,0.7472,1.3009,D40,11.509,60.987,46,150
9,150,a300,edd,0.25,c09_storm_150_a300_c80_0002,332.3472,332.3472,,,93,1,0.7472,1.3009,D40,11.509,60.987,46,150
9,150,a300,atc,0.5,c09_storm_150_a300_c80_0002,332.3472,332.3472,275.5566,275.5566,92,1,0.7472,1.3009,D40,11.509,60.987,46,150
9,150,a300,edd,0.5,c09_storm_150_a300_c80_0002,332.3472,332.3472,,,92,1,0.7472,1.3009,D40,11.509,60.987,46,150
9,150,a300,atc,1.0,c09_storm_150_a300_c80_0002,332.3472,332.3472,275.5566,275.5566,76,1,0.7472,1.3009,D40,11.509,60.987,46,150
9,150,a300,edd,1.0,c09_storm_150_a300_c80_0002,332.3472,332.3472,,,76,1,0.7472,1.3009,D40,11.509,60.987,46,150
9,150,a300,atc,0.25,c09_storm_150_a300_c80_0003,82.9048,82.9048,53.7256,53.7256,85,1,0.5444,0.8823,D50,11.940,33.123,41,150
9,150,a300,edd,0.25,c09_storm_150_a300_c80_0003,82.9048,82.9048,,,85,1,0.5444,0.8823,D50,11.940,33.123,41,150
9,150,a300,atc,0.5,c09_storm_150_a300_c80_0003,82.9048,82.9048,53.7256,53.7256,86,1,0.5444,0.8823,D50,11.940,33.123,41,150
9,150,a300,edd,0.5,c09_storm_150_a300_c80_0003,82.9048,82.9048,,,86,1,0.5444,0.8823,D50,11.940,33.123,41,150
9,150,a300,atc,1.0,c09_storm_150_a300_c80_0003,82.9048,82.9048,53.7256,53.7256,71,1,0.5444,0.8823,D50,11.940,33.123,41,150
9,150,a300,edd,1.0,c09_storm_150_a300_c80_0003,82.9048,82.9048,,,71,1,0.5444,0.8823,D50,11.940,33.123,41,150
9,150,a300,atc,0.25,c09_storm_150_a300_c80_0004,22.2808,22.2808,11.8968,11.8968,82,1,0.5655,1.0293,B30,11.264,43.930,46,150
9,150,a300,edd,0.25,c09_storm_150_a300_c80_0004,22.2808,22.2808,,,82,1,0.5655,1.0293,B30,11.264,43.930,46,150
9,150,a300,atc,0.5,c09_storm_150_a300_c80_0004,22.2808,22.2808,11.8968,11.8968,81,1,0.5655,1.0293,B30,11.264,43.930,46,150
9,150,a300,edd,0.5,c09_storm_150_a300_c80_0004,22.2808,22.2808,,,81,1,0.5655,1.0293,B30,11.264,43.930,46,150
9,150,a300,atc,1.0,c09_storm_150_a300_c80_0004,22.2808,22.2808,11.8968,11.8968,78,1,0.5655,1.0293,B30,11.264,43.930,46,150
9,150,a300,edd,1.0,c09_storm_150_a300_c80_0004,22.2808,22.2808,,,78,1,0.5655,1.0293,B30,11.264,43.930,46,150
9,150,a300,atc,0.25,c09_storm_150_a300_c80_0005,5.0592,5.0592,0.0000,0.0000,88,1,0.5026,0.7977,D40,11.578,29.760,41,150
9,150,a300,edd,0.25,c09_storm_150_a300_c80_0005,5.0592,5.0592,,,88,1,0.5026,0.7977,D40,11.578,29.760,41,150
9,150,a300,atc,0.5,c09_storm_150_a300_c80_0005,0.0000,0.0000,0.0000,0.0000,90,1,0.5026,0.7977,D40,11.578,29.760,41,150
9,150,a300,edd,0.5,c09_storm_150_a300_c80_0005,0.0000,0.0000,,,90,1,0.5026,0.7977,D40,11.578,29.760,41,150
9,150,a300,atc,1.0,c09_storm_150_a300_c80_0005,0.0000,0.0000,0.0000,0.0000,70,1,0.5026,0.7977,D40,11.578,29.760,41,150
9,150,a300,edd,1.0,c09_storm_150_a300_c80_0005,0.0000,0.0000,,,70,1,0.5026,0.7977,D40,11.578,29.760,41,150
9,150,a300,atc,0.25,c09_storm_150_a300_c80_0006,0.0000,0.0000,0.0000,0.0000,96,1,0.6567,1.4610,C10,9.524,38.176,52,150
9,150,a300,edd,0.25,c09_storm_150_a300_c80_0006,0.0000,0.0000,,,96,1,0.6567,1.4610,C10,9.524,38.176,52,150
9,150,a300,atc,0.5,c09_storm_150_a300_c80_0006,0.0000,0.0000,0.0000,0.0000,92,1,0.6567,1.4610,C10,9.524,38.176,52,150
9,150,a300,edd,0.5,c09_storm_150_a300_c80_0006,0.0000,0.0000,,,92,1,0.6567,1.4610,C10,9.524,38.176,52,150
9,150,a300,atc,1.0,c09_storm_150_a300_c80_0006,0.0000,0.0000,0.0000,0.0000,59,1,0.6567,1.4610,C10,9.524,38.176,52,150
9,150,a300,edd,1.0,c09_storm_150_a300_c80_0006,0.0000,0.0000,,,59,1,0.6567,1.4610,C10,9.524,38.176,52,150
9,150,a300,atc,0.25,c09_storm_150_a300_c80_0007,141.1432,141.1432,147.8474,147.8474,92,1,0.4510,0.7694,D20,12.251,49.017,33,150
9,150,a300,edd,0.25,c09_storm_150_a300_c80_0007,141.1432,141.1432,,,92,1,0.4510,0.7694,D20,12.251,49.017,33,150
9,150,a300,atc,0.5,c09_storm_150_a300_c80_0007,141.1432,141.1432,147.8474,147.8474,89,1,0.4510,0.7694,D20,12.251,49.017,33,150
9,150,a300,edd,0.5,c09_storm_150_a300_c80_0007,141.1432,141.1432,,,89,1,0.4510,0.7694,D20,12.251,49.017,33,150
9,150,a300,atc,1.0,c09_storm_150_a300_c80_0007,109.0784,109.0784,147.8474,147.8474,70,1,0.4510,0.7694,D20,12.251,49.017,33,150
9,150,a300,edd,1.0,c09_storm_150_a300_c80_0007,109.0784,109.0784,,,70,1,0.4510,0.7694,D20,12.251,49.017,33,150
9,150,a300,atc,0.25,c09_storm_150_a300_c80_0008,267.8152,267.8152,267.8152,267.8152,90,1,0.6867,1.1398,D20,10.222,46.100,44,150
9,150,a300,edd,0.25,c09_storm_150_a300_c80_0008,267.8152,267.8152,,,90,1,0.6867,1.1398,D20,10.222,46.100,44,150
9,150,a300,atc,0.5,c09_storm_150_a300_c80_0008,267.8152,267.8152,267.8152,267.8152,82,1,0.6867,1.1398,D20,10.222,46.100,44,150
9,150,a300,edd,0.5,c09_storm_150_a300_c80_0008,267.8152,267.8152,,,82,1,0.6867,1.1398,D20,10.222,46.100,44,150
9,150,a300,atc,1.0,c09_storm_150_a300_c80_0008,347.1864,347.1864,267.8152,267.8152,70,1,0.6867,1.1398,D20,10.222,46.100,44,150
9,150,a300,edd,1.0,c09_storm_150_a300_c80_0008,347.1864,347.1864,,,70,1,0.6867,1.1398,D20,10.222,46.100,44,150
9,150,a300,atc,0.25,c09_storm_150_a300_c80_0009,15.5976,15.5976,0.0000,0.0000,93,1,0.6008,1.1349,D20,11.759,53.998,43,150
9,150,a300,edd,0.25,c09_storm_150_a300_c80_0009,15.5976,15.5976,,,93,1,0.6008,1.1349,D20,11.759,53.998,43,150
9,150,a300,atc,0.5,c09_storm_150_a300_c80_0009,15.5976,15.5976,0.0000,0.0000,96,1,0.6008,1.1349,D20,11.759,53.998,43,150
9,150,a300,edd,0.5,c09_storm_150_a300_c80_0009,15.5976,15.5976,,,96,1,0.6008,1.1349,D20,11.759,53.998,43,150
9,150,a300,atc,1.0,c09_storm_150_a300_c80_0009,15.5976,15.5976,0.0000,0.0000,76,1,0.6008,1.1349,D20,11.759,53.998,43,150
9,150,a300,edd,1.0,c09_storm_150_a300_c80_0009,15.5976,15.5976,,,76,1,0.6008,1.1349,D20,11.759,53.998,43,150
9,150,a300,atc,0.25,c09_storm_150_a300_c80_0010,130.3936,130.3936,96.8944,96.8944,97,1,0.5818,1.2819,B30,10.841,58.605,41,150
9,150,a300,edd,0.25,c09_storm_150_a300_c80_0010,130.3936,130.3936,,,97,1,0.5818,1.2819,B30,10.841,58.605,41,150
9,150,a300,atc,0.5,c09_storm_150_a300_c80_0010,130.3936,130.3936,96.8944,96.8944,101,1,0.5818,1.2819,B30,10.841,58.605,41,150
9,150,a300,edd,0.5,c09_storm_150_a300_c80_0010,130.3936,130.3936,,,101,1,0.5818,1.2819,B30,10.841,58.605,41,150
9,150,a300,atc,1.0,c09_storm_150_a300_c80_0010,33.4992,33.4992,48.4472,48.4472,69,1,0.5818,1.2819,B30,10.841,58.605,41,150
9,150,a300,edd,1.0,c09_storm_150_a300_c80_0010,33.4992,33.4992,,,69,1,0.5818,1.2819,B30,10.841,58.605,41,150
9,150,a300,atc,0.25,c09_storm_150_a300_c80_0011,51.8992,51.8992,34.7650,34.7650,93,1,0.5513,1.2077,E10,9.866,32.296,40,150
9,150,a300,edd,0.25,c09_storm_150_a300_c80_0011,51.8992,51.8992,,,93,1,0.5513,1.2077,E10,9.866,32.296,40,150
9,150,a300,atc,0.5,c09_storm_150_a300_c80_0011,84.7700,84.7700,51.2004,51.2004,89,1,0.5513,1.2077,E10,9.866,32.296,40,150
9,150,a300,edd,0.5,c09_storm_150_a300_c80_0011,84.7700,84.7700,,,89,1,0.5513,1.2077,E10,9.866,32.296,40,150
9,150,a300,atc,1.0,c09_storm_150_a300_c80_0011,84.7700,84.7700,51.2004,51.2004,67,1,0.5513,1.2077,E10,9.866,32.296,40,150
9,150,a300,edd,1.0,c09_storm_150_a300_c80_0011,84.7700,84.7700,,,67,1,0.5513,1.2077,E10,9.866,32.296,40,150
9,150,a300,atc,0.25,c09_storm_150_a300_c80_0012,0.0000,0.0000,35.4296,35.4296,95,1,0.4801,0.8832,D20,10.613,25.252,41,150
9,150,a300,edd,0.25,c09_storm_150_a300_c80_0012,0.0000,0.0000,,,95,1,0.4801,0.8832,D20,10.613,25.252,41,150
9,150,a300,atc,0.5,c09_storm_150_a300_c80_0012,70.8592,70.8592,70.8592,70.8592,91,1,0.4801,0.8832,D20,10.613,25.252,41,150
9,150,a300,edd,0.5,c09_storm_150_a300_c80_0012,70.8592,70.8592,,,91,1,0.4801,0.8832,D20,10.613,25.252,41,150
9,150,a300,atc,1.0,c09_storm_150_a300_c80_0012,70.8592,70.8592,70.8592,70.8592,66,1,0.4801,0.8832,D20,10.613,25.252,41,150
9,150,a300,edd,1.0,c09_storm_150_a300_c80_0012,70.8592,70.8592,,,66,1,0.4801,0.8832,D20,10.613,25.252,41,150
9,150,a300,atc,0.25,c09_storm_150_a300_c80_0013,68.5936,68.5936,0.0000,0.0000,81,1,0.5905,0.9265,D50,9.569,42.126,43,150
9,150,a300,edd,0.25,c09_storm_150_a300_c80_0013,68.5936,68.5936,,,81,1,0.5905,0.9265,D50,9.569,42.126,43,150
9,150,a300,atc,0.5,c09_storm_150_a300_c80_0013,68.5936,68.5936,0.0000,0.0000,80,1,0.5905,0.9265,D50,9.569,42.126,43,150
9,150,a300,edd,0.5,c09_storm_150_a300_c80_0013,68.5936,68.5936,,,80,1,0.5905,0.9265,D50,9.569,42.126,43,150
9,150,a300,atc,1.0,c09_storm_150_a300_c80_0013,0.0000,0.0000,0.0000,0.0000,55,1,0.5905,0.9265,D50,9.569,42.126,43,150
9,150,a300,edd,1.0,c09_storm_150_a300_c80_0013,0.0000,0.0000,,,55,1,0.5905,0.9265,D50,9.569,42.126,43,150
9,150,a300,atc,0.25,c09_storm_150_a300_c80_0014,0.0000,0.0000,0.0000,0.0000,101,1,0.6436,1.4176,B20,9.838,26.291,52,150
9,150,a300,edd,0.25,c09_storm_150_a300_c80_0014,0.0000,0.0000,,,101,1,0.6436,1.4176,B20,9.838,26.291,52,150
9,150,a300,atc,0.5,c09_storm_150_a300_c80_0014,0.0000,0.0000,0.0000,0.0000,98,1,0.6436,1.4176,B20,9.838,26.291,52,150
9,150,a300,edd,0.5,c09_storm_150_a300_c80_0014,0.0000,0.0000,,,98,1,0.6436,1.4176,B20,9.838,26.291,52,150
9,150,a300,atc,1.0,c09_storm_150_a300_c80_0014,0.0000,0.0000,0.0000,0.0000,71,1,0.6436,1.4176,B20,9.838,26.291,52,150
9,150,a300,edd,1.0,c09_storm_150_a300_c80_0014,0.0000,0.0000,,,71,1,0.6436,1.4176,B20,9.838,26.291,52,150
9,150,a300,atc,0.25,c09_storm_150_a300_c80_0015,0.0000,0.0000,0.0000,0.0000,85,1,0.6440,1.1743,MISC,10.062,43.474,45,150
9,150,a300,edd,0.25,c09_storm_150_a300_c80_0015,0.0000,0.0000,,,85,1,0.6440,1.1743,MISC,10.062,43.474,45,150
9,150,a300,atc,0.5,c09_storm_150_a300_c80_0015,0.0000,0.0000,0.0000,0.0000,82,1,0.6440,1.1743,MISC,10.062,43.474,45,150
9,150,a300,edd,0.5,c09_storm_150_a300_c80_0015,0.0000,0.0000,,,82,1,0.6440,1.1743,MISC,10.062,43.474,45,150
9,150,a300,atc,1.0,c09_storm_150_a300_c80_0015,0.0000,0.0000,0.0000,0.0000,54,1,0.6440,1.1743,MISC,10.062,43.474,45,150
9,150,a300,edd,1.0,c09_storm_150_a300_c80_0015,0.0000,0.0000,,,54,1,0.6440,1.1743,MISC,10.062,43.474,45,150
9,150,a300,atc,0.25,c09_storm_150_a300_c80_0016,123.8704,123.8704,55.5000,55.5000,95,1,0.8593,1.6810,MISC,10.380,53.580,51,150
9,150,a300,edd,0.25,c09_storm_150_a300_c80_0016,123.8704,123.8704,,,95,1,0.8593,1.6810,MISC,10.380,53.580,51,150
9,150,a300,atc,0.5,c09_storm_150_a300_c80_0016,234.8704,234.8704,111.0000,111.0000,97,1,0.8593,1.6810,MISC,10.380,53.580,51,150
9,150,a300,edd,0.5,c09_storm_150_a300_c80_0016,234.8704,234.8704,,,97,1,0.8593,1.6810,MISC,10.380,53.580,51,150
9,150,a300,atc,1.0,c09_storm_150_a300_c80_0016,473.8704,473.8704,222.0000,222.0000,65,1,0.8593,1.6810,MISC,10.380,53.580,51,150
9,150,a300,edd,1.0,c09_storm_150_a300_c80_0016,473.8704,473.8704,,,65,1,0.8593,1.6810,MISC,10.380,53.580,51,150
9,150,a300,atc,0.25,c09_storm_150_a300_c80_0017,8.1624,8.1624,34.6970,34.6970,91,1,0.5263,1.3258,E10,10.594,33.402,45,150
9,150,a300,edd,0.25,c09_storm_150_a300_c80_0017,8.1624,8.1624,,,91,1,0.5263,1.3258,E10,10.594,33.402,45,150
9,150,a300,atc,0.5,c09_storm_150_a300_c80_0017,38.7248,38.7248,49.9782,49.9782,88,1,0.5263,1.3258,E10,10.594,33.402,45,150
9,150,a300,edd,0.5,c09_storm_150_a300_c80_0017,38.7248,38.7248,,,88,1,0.5263,1.3258,E10,10.594,33.402,45,150
9,150,a300,atc,1.0,c09_storm_150_a300_c80_0017,61.2316,61.2316,61.2316,61.2316,55,1,0.5263,1.3258,E10,10.594,33.402,45,150
9,150,a300,edd,1.0,c09_storm_150_a300_c80_0017,61.2316,61.2316,,,55,1,0.5263,1.3258,E10,10.594,33.402,45,150
9,150,a300,atc,0.25,c09_storm_150_a300_c80_0018,165.0888,165.0888,157.3488,157.3488,90,1,0.6155,1.2556,B30,10.777,45.129,44,150
9,150,a300,edd,0.25,c09_storm_150_a300_c80_0018,165.0888,165.0888,,,90,1,0.6155,1.2556,B30,10.777,45.129,44,150
9,150,a300,atc,0.5,c09_storm_150_a300_c80_0018,179.7880,179.7880,157.3488,157.3488,92,1,0.6155,1.2556,B30,10.777,45.129,44,150
9,150,a300,edd,0.5,c09_storm_150_a300_c80_0018,179.7880,179.7880,,,92,1,0.6155,1.2556,B30,10.777,45.129,44,150
9,150,a300,atc,1.0,c09_storm_150_a300_c80_0018,179.7880,179.7880,157.3488,157.3488,69,1,0.6155,1.2556,B30,10.777,45.129,44,150
9,150,a300,edd,1.0,c09_storm_150_a300_c80_0018,179.7880,179.7880,,,69,1,0.6155,1.2556,B30,10.777,45.129,44,150
9,150,a300,atc,0.25,c09_storm_150_a300_c80_0019,131.5576,131.5576,0.0000,0.0000,91,1,0.6772,5.1985,E20,10.337,59.996,39,150
9,150,a300,edd,0.25,c09_storm_150_a300_c80_0019,131.5576,131.5576,,,91,1,0.6772,5.1985,E20,10.337,59.996,39,150
9,150,a300,atc,0.5,c09_storm_150_a300_c80_0019,131.5576,131.5576,0.0000,0.0000,79,1,0.6772,5.1985,E20,10.337,59.996,39,150
9,150,a300,edd,0.5,c09_storm_150_a300_c80_0019,131.5576,131.5576,,,79,1,0.6772,5.1985,E20,10.337,59.996,39,150
9,150,a300,atc,1.0,c09_storm_150_a300_c80_0019,0.0000,0.0000,0.0000,0.0000,67,1,0.6772,5.1985,E20,10.337,59.996,39,150
9,150,a300,edd,1.0,c09_storm_150_a300_c80_0019,0.0000,0.0000,,,67,1,0.6772,5.1985,E20,10.337,59.996,39,150
9,150,a300,atc,0.25,c09_storm_150_a300_c80_0020,0.0000,0.0000,0.0000,0.0000,85,1,0.5254,0.8833,D20,11.073,26.719,41,150
9,150,a300,edd,0.25,c09_storm_150_a300_c80_0020,0.0000,0.0000,,,85,1,0.5254,0.8833,D20,11.073,26.719,41,150
9,150,a300,atc,0.5,c09_storm_150_a300_c80_0020,0.0000,0.0000,0.0000,0.0000,89,1,0.5254,0.8833,D20,11.073,26.719,41,150
9,150,a300,edd,0.5,c09_storm_150_a300_c80_0020,0.0000,0.0000,,,89,1,0.5254,0.8833,D20,11.073,26.719,41,150
9,150,a300,atc,1.0,c09_storm_150_a300_c80_0020,0.0000,0.0000,0.0000,0.0000,67,1,0.5254,0.8833,D20,11.073,26.719,41,150
9,150,a300,edd,1.0,c09_storm_150_a300_c80_0020,0.0000,0.0000,,,67,1,0.5254,0.8833,D20,11.073,26.719,41,150
9,150,a300,atc,0.25,c09_storm_150_a300_c80_0021,0.0000,0.0000,19.8226,19.8226,87,1,0.5926,1.2495,D20,10.489,51.941,43,150
9,150,a300,edd,0.25,c09_storm_150_a300_c80_0021,0.0000,0.0000,,,87,1,0.5926,1.2495,D20,10.489,51.941,43,150
9,150,a300,atc,0.5,c09_storm_150_a300_c80_0021,0.0000,0.0000,19.8226,19.8226,87,1,0.5926,1.2495,D20,10.489,51.941,43,150
9,150,a300,edd,0.5,c09_storm_150_a300_c80_0021,0.0000,0.0000,,,87,1,0.5926,1.2495,D20,10.489,51.941,43,150
9,150,a300,atc,1.0,c09_storm_150_a300_c80_0021,0.0000,0.0000,39.6452,39.6452,69,1,0.5926,1.2495,D20,10.489,51.941,43,150
9,150,a300,edd,1.0,c09_storm_150_a300_c80_0021,0.0000,0.0000,,,69,1,0.5926,1.2495,D20,10.489,51.941,43,150
9,150,a300,atc,0.25,c09_storm_150_a300_c80_0022,205.2876,205.2876,199.0744,199.0744,89,1,0.7343,1.6204,C10,9.585,55.858,40,150
9,150,a300,edd,0.25,c09_storm_150_a300_c80_0022,205.2876,205.2876,,,89,1,0.7343,1.6204,C10,9.585,55.858,40,150
9,150,a300,atc,0.5,c09_storm_150_a300_c80_0022,205.2876,205.2876,199.0744,199.0744,80,1,0.7343,1.6204,C10,9.585,55.858,40,150
9,150,a300,edd,0.5,c09_storm_150_a300_c80_0022,205.2876,205.2876,,,80,1,0.7343,1.6204,C10,9.585,55.858,40,150
9,150,a300,atc,1.0,c09_storm_150_a300_c80_0022,202.1576,202.1576,199.0744,199.0744,59,1,0.7343,1.6204,C10,9.585,55.858,40,150
9,150,a300,edd,1.0,c09_storm_150_a300_c80_0022,202.1576,202.1576,,,59,1,0.7343,1.6204,C10,9.585,55.858,40,150
9,150,a300,atc,0.25,c09_storm_150_a300_c80_0023,68.4936,68.4936,0.0000,0.0000,89,1,0.5731,1.0417,D20,11.385,43.131,43,150
9,150,a300,edd,0.25,c09_storm_150_a300_c80_0023,68.4936,68.4936,,,89,1,0.5731,1.0417,D20,11.385,43.131,43,150
9,150,a300,atc,0.5,c09_storm_150_a300_c80_0023,68.4936,68.4936,0.0000,0.0000,85,1,0.5731,1.0417,D20,11.385,43.131,43,150
9,150,a300,edd,0.5,c09_storm_150_a300_c80_0023,68.4936,68.4936,,,85,1,0.5731,1.0417,D20,11.385,43.131,43,150
9,150,a300,atc,1.0,c09_storm_150_a300_c80_0023,86.9752,86.9752,0.0000,0.0000,63,1,0.5731,1.0417,D20,11.385,43.131,43,150
9,150,a300,edd,1.0,c09_storm_150_a300_c80_0023,86.9752,86.9752,,,63,1,0.5731,1.0417,D20,11.385,43.131,43,150
9,150,a300,atc,0.25,c09_storm_150_a300_c80_0024,1.0500,1.0500,0.0000,0.0000,91,1,0.6157,1.0899,C10,10.631,30.729,45,150
9,150,a300,edd,0.25,c09_storm_150_a300_c80_0024,1.0500,1.0500,,,91,1,0.6157,1.0899,C10,10.631,30.729,45,150
9,150,a300,atc,0.5,c09_storm_150_a300_c80_0024,1.0500,1.0500,0.0000,0.0000,86,1,0.6157,1.0899,C10,10.631,30.729,45,150
9,150,a300,edd,0.5,c09_storm_150_a300_c80_0024,1.0500,1.0500,,,86,1,0.6157,1.0899,C10,10.631,30.729,45,150
9,150,a300,atc,1.0,c09_storm_150_a300_c80_0024,1.0500,1.0500,0.0000,0.0000,67,1,0.6157,1.0899,C10,10.631,30.729,45,150
9,150,a300,edd,1.0,c09_storm_150_a300_c80_0024,1.0500,1.0500,,,67,1,0.6157,1.0899,C10,10.631,30.729,45,150
9,150,a300,atc,0.25,c09_storm_150_a300_c80_0025,58.6500,58.6500,0.0000,0.0000,81,1,0.5824,1.2846,E20,10.141,46.543,40,150
9,150,a300,edd,0.25,c09_storm_150_a300_c80_0025,58.6500,58.6500,,,81,1,0.5824,1.2846,E20,10.141,46.543,40,150
9,150,a300,atc,0.5,c09_storm_150_a300_c80_0025,58.6500,58.6500,0.0000,0.0000,85,1,0.5824,1.2846,E20,10.141,46.543,40,150
9,150,a300,edd,0.5,c09_storm_150_a300_c80_0025,58.6500,58.6500,,,85,1,0.5824,1.2846,E20,10.141,46.543,40,150
9,150,a300,atc,1.0,c09_storm_150_a300_c80_0025,0.0000,0.0000,0.0000,0.0000,58,1,0.5824,1.2846,E20,10.141,46.543,40,150
9,150,a300,edd,1.0,c09_storm_150_a300_c80_0025,0.0000,0.0000,,,58,1,0.5824,1.2846,E20,10.141,46.543,40,150
9,150,a300,atc,0.25,c09_storm_150_a300_c80_0026,27.4280,27.4280,0.0000,0.0000,89,1,0.6361,1.6702,MISC,10.328,54.413,50,150
9,150,a300,edd,0.25,c09_storm_150_a300_c80_0026,27.4280,27.4280,,,89,1,0.6361,1.6702,MISC,10.328,54.413,50,150
9,150,a300,atc,0.5,c09_storm_150_a300_c80_0026,27.4280,27.4280,0.0000,0.0000,85,1,0.6361,1.6702,MISC,10.328,54.413,50,150
9,150,a300,edd,0.5,c09_storm_150_a300_c80_0026,27.4280,27.4280,,,85,1,0.6361,1.6702,MISC,10.328,54.413,50,150
9,150,a300,atc,1.0,c09_storm_150_a300_c80_0026,111.0000,111.0000,0.0000,0.0000,68,1,0.6361,1.6702,MISC,10.328,54.413,50,150
9,150,a300,edd,1.0,c09_storm_150_a300_c80_0026,111.0000,111.0000,,,68,1,0.6361,1.6702,MISC,10.328,54.413,50,150
9,150,a300,atc,0.25,c09_storm_150_a300_c80_0027,229.0672,229.0672,111.0000,111.0000,95,1,0.6684,1.9649,MISC,10.082,60.247,48,150
9,150,a300,edd,0.25,c09_storm_150_a300_c80_0027,229.0672,229.0672,,,95,1,0.6684,1.9649,MISC,10.082,60.247,48,150
9,150,a300,atc,0.5,c09_storm_150_a300_c80_0027,229.0672,229.0672,111.0000,111.0000,93,1,0.6684,1.9649,MISC,10.082,60.247,48,150
9,150,a300,edd,0.5,c09_storm_150_a300_c80_0027,229.0672,229.0672,,,93,1,0.6684,1.9649,MISC,10.082,60.247,48,150
9,150,a300,atc,1.0,c09_storm_150_a300_c80_0027,468.0672,468.0672,222.0000,222.0000,71,1,0.6684,1.9649,MISC,10.082,60.247,48,150
9,150,a300,edd,1.0,c09_storm_150_a300_c80_0027,468.0672,468.0672,,,71,1,0.6684,1.9649,MISC,10.082,60.247,48,150
9,150,a300,atc,0.25,c09_storm_150_a300_c80_0028,161.1756,161.1756,161.1756,161.1756,91,1,0.7245,2.2119,E20,10.280,61.795,45,150
9,150,a300,edd,0.25,c09_storm_150_a300_c80_0028,161.1756,161.1756,,,91,1,0.7245,2.2119,E20,10.280,61.795,45,150
9,150,a300,atc,0.5,c09_storm_150_a300_c80_0028,209.0828,209.0828,161.1756,161.1756,89,1,0.7245,2.2119,E20,10.280,61.795,45,150
9,150,a300,edd,0.5,c09_storm_150_a300_c80_0028,209.0828,209.0828,,,89,1,0.7245,2.2119,E20,10.280,61.795,45,150
9,150,a300,atc,1.0,c09_storm_150_a300_c80_0028,209.0828,209.0828,161.1756,161.1756,56,1,0.7245,2.2119,E20,10.280,61.795,45,150
9,150,a300,edd,1.0,c09_storm_150_a300_c80_0028,209.0828,209.0828,,,56,1,0.7245,2.2119,E20,10.280,61.795,45,150
9,150,a300,atc,0.25,c09_storm_150_a300_c80_0029,102.7656,102.7656,102.7656,102.7656,86,1,0.5942,0.8835,D50,10.292,56.144,47,150
9,150,a300,edd,0.25,c09_storm_150_a300_c80_0029,102.7656,102.7656,,,86,1,0.5942,0.8835,D50,10.292,56.144,47,150
9,150,a300,atc,0.5,c09_storm_150_a300_c80_0029,107.4336,107.4336,102.7656,102.7656,88,1,0.5942,0.8835,D50,10.292,56.144,47,150
9,150,a300,edd,0.5,c09_storm_150_a300_c80_0029,107.4336,107.4336,,,88,1,0.5942,0.8835,D50,10.292,56.144,47,150
9,150,a300,atc,1.0,c09_storm_150_a300_c80_0029,107.4336,107.4336,102.7656,102.7656,66,1,0.5942,0.8835,D50,10.292,56.144,47,150
9,150,a300,edd,1.0,c09_storm_150_a300_c80_0029,107.4336,107.4336,,,66,1,0.5942,0.8835,D50,10.292,56.144,47,150
9,400,a125,atc,0.25,c09_storm_400_a125_c80_0000,583.1960,583.1960,320.2630,320.2630,254,1,0.2508,0.4017,C10,67.993,92.196,16,400
9,400,a125,edd,0.25,c09_storm_400_a125_c80_0000,583.1960,583.1960,,,254,1,0.2508,0.4017,C10,67.993,92.196,16,400
9,400,a125,atc,0.5,c09_storm_400_a125_c80_0000,583.1960,583.1960,320.2630,320.2630,261,1,0.2508,0.4017,C10,67.993,92.196,16,400
9,400,a125,edd,0.5,c09_storm_400_a125_c80_0000,583.1960,583.1960,,,261,1,0.2508,0.4017,C10,67.993,92.196,16,400
9,400,a125,atc,1.0,c09_storm_400_a125_c80_0000,322.0192,322.0192,238.7076,238.7076,244,1,0.2508,0.4017,C10,67.993,92.196,16,400
9,400,a125,edd,1.0,c09_storm_400_a125_c80_0000,322.0192,322.0192,,,244,1,0.2508,0.4017,C10,67.993,92.196,16,400
9,400,a125,atc,0.25,c09_storm_400_a125_c80_0001,480.7568,480.7568,303.0204,303.0204,259,1,0.2931,0.4058,D20,69.701,92.176,26,400
9,400,a125,edd,0.25,c09_storm_400_a125_c80_0001,480.7568,480.7568,,,259,1,0.2931,0.4058,D20,69.701,92.176,26,400
9,400,a125,atc,0.5,c09_storm_400_a125_c80_0001,540.1680,540.1680,303.0204,303.0204,254,1,0.2931,0.4058,D20,69.701,92.176,26,400
9,400,a125,edd,0.5,c09_storm_400_a125_c80_0001,540.1680,540.1680,,,254,1,0.2931,0.4058,D20,69.701,92.176,26,400
9,400,a125,atc,1.0,c09_storm_400_a125_c80_0001,589.1776,589.1776,313.0256,313.0256,251,1,0.2931,0.4058,D20,69.701,92.176,26,400
9,400,a125,edd,1.0,c09_storm_400_a125_c80_0001,589.1776,589.1776,,,251,1,0.2931,0.4058,D20,69.701,92.176,26,400
9,400,a125,atc,0.25,c09_storm_400_a125_c80_0002,197.9176,197.9176,156.0544,156.0544,266,1,0.2720,0.4302,C30,66.880,81.161,21,400
9,400,a125,edd,0.25,c09_storm_400_a125_c80_0002,197.9176,197.9176,,,266,1,0.2720,0.4302,C30,66.880,81.161,21,400
9,400,a125,atc,0.5,c09_storm_400_a125_c80_0002,165.7352,165.7352,156.0544,156.0544,261,1,0.2720,0.4302,C30,66.880,81.161,21,400
9,400,a125,edd,0.5,c09_storm_400_a125_c80_0002,165.7352,165.7352,,,261,1,0.2720,0.4302,C30,66.880,81.161,21,400
9,400,a125,atc,1.0,c09_storm_400_a125_c80_0002,164.2104,164.2104,156.0544,156.0544,237,1,0.2720,0.4302,C30,66.880,81.161,21,400
9,400,a125,edd,1.0,c09_storm_400_a125_c80_0002,164.2104,164.2104,,,237,1,0.2720,0.4302,C30,66.880,81.161,21,400
9,400,a125,atc,0.25,c09_storm_400_a125_c80_0003,41.2680,41.2680,0.0124,0.0124,243,1,0.2631,0.3543,D30,65.502,101.996,23,400
9,400,a125,edd,0.25,c09_storm_400_a125_c80_0003,41.2680,41.2680,,,243,1,0.2631,0.3543,D30,65.502,101.996,23,400
9,400,a125,atc,0.5,c09_storm_400_a125_c80_0003,41.2680,41.2680,0.0124,0.0124,241,1,0.2631,0.3543,D30,65.502,101.996,23,400
9,400,a125,edd,0.5,c09_storm_400_a125_c80_0003,41.2680,41.2680,,,241,1,0.2631,0.3543,D30,65.502,101.996,23,400
9,400,a125,atc,1.0,c09_storm_400_a125_c80_0003,30.5048,30.5048,0.0248,0.0248,226,1,0.2631,0.3543,D30,65.502,101.996,23,400
9,400,a125,edd,1.0,c09_storm_400_a125_c80_0003,30.5048,30.5048,,,226,1,0.2631,0.3543,D30,65.502,101.996,23,400
9,400,a125,atc,0.25,c09_storm_400_a125_c80_0004,113.4200,113.4200,55.5000,55.5000,253,1,0.2855,0.4308,D50,65.473,112.561,14,400
9,400,a125,edd,0.25,c09_storm_400_a125_c80_0004,113.4200,113.4200,,,253,1,0.2855,0.4308,D50,65.473,112.561,14,400
9,400,a125,atc,0.5,c09_storm_400_a125_c80_0004,113.4200,113.4200,55.5000,55.5000,264,1,0.2855,0.4308,D50,65.473,112.561,14,400
9,400,a125,edd,0.5,c09_storm_400_a125_c80_0004,113.4200,113.4200,,,264,1,0.2855,0.4308,D50,65.473,112.561,14,400
9,400,a125,atc,1.0,c09_storm_400_a125_c80_0004,113.4200,113.4200,55.5000,55.5000,246,1,0.2855,0.4308,D50,65.473,112.561,14,400
9,400,a125,edd,1.0,c09_storm_400_a125_c80_0004,113.4200,113.4200,,,246,1,0.2855,0.4308,D50,65.473,112.561,14,400
9,400,a125,atc,0.25,c09_storm_400_a125_c80_0005,18.2320,18.2320,0.0000,0.0000,256,1,0.2347,0.3351,D90,73.847,89.394,28,400
9,400,a125,edd,0.25,c09_storm_400_a125_c80_0005,18.2320,18.2320,,,256,1,0.2347,0.3351,D90,73.847,89.394,28,400
9,400,a125,atc,0.5,c09_storm_400_a125_c80_0005,9.4072,9.4072,0.0000,0.0000,262,1,0.2347,0.3351,D90,73.847,89.394,28,400
9,400,a125,edd,0.5,c09_storm_400_a125_c80_0005,9.4072,9.4072,,,262,1,0.2347,0.3351,D90,73.847,89.394,28,400
9,400,a125,atc,1.0,c09_storm_400_a125_c80_0005,9.4072,9.4072,0.0000,0.0000,266,1,0.2347,0.3351,D90,73.847,89.394,28,400
9,400,a125,edd,1.0,c09_storm_400_a125_c80_0005,9.4072,9.4072,,,266,1,0.2347,0.3351,D90,73.847,89.394,28,400
9,400,a125,atc,0.25,c09_storm_400_a125_c80_0006,583.0168,583.0168,350.0000,350.0000,245,1,0.2815,0.5444,B30,62.860,89.060,22,400
9,400,a125,edd,0.25,c09_storm_400_a125_c80_0006,583.0168,583.0168,,,245,1,0.2815,0.5444,B30,62.860,89.060,22,400
9,400,a125,atc,0.5,c09_storm_400_a125_c80_0006,583.0168,583.0168,350.0000,350.0000,256,1,0.2815,0.5444,B30,62.860,89.060,22,400
9,400,a125,edd,0.5,c09_storm_400_a125_c80_0006,583.0168,583.0168,,,256,1,0.2815,0.5444,B30,62.860,89.060,22,400
9,400,a125,atc,1.0,c09_storm_400_a125_c80_0006,583.0168,583.0168,350.0000,350.0000,223,1,0.2815,0.5444,B30,62.860,89.060,22,400
9,400,a125,edd,1.0,c09_storm_400_a125_c80_0006,583.0168,583.0168,,,223,1,0.2815,0.5444,B30,62.860,89.060,22,400
9,400,a125,atc,0.25,c09_storm_400_a125_c80_0007,176.0412,176.0412,146.7668,146.7668,255,1,0.2803,0.7262,E20,74.069,123.529,16,400
9,400,a125,edd,0.25,c09_storm_400_a125_c80_0007,176.0412,176.0412,,,255,1,0.2803,0.7262,E20,74.069,123.529,16,400
9,400,a125,atc,0.5,c09_storm_400_a125_c80_0007,92.0816,92.0816,104.7870,104.7870,255,1,0.2803,0.7262,E20,74.069,123.529,16,400
9,400,a125,edd,0.5,c09_storm_400_a125_c80_0007,92.0816,92.0816,,,255,1,0.2803,0.7262,E20,74.069,123.529,16,400
9,400,a125,atc,1.0,c09_storm_400_a125_c80_0007,140.6788,140.6788,115.0150,115.0150,248,1,0.2803,0.7262,E20,74.069,123.529,16,400
9,400,a125,edd,1.0,c09_storm_400_a125_c80_0007,140.6788,140.6788,,,248,1,0.2803,0.7262,E20,74.069,123.529,16,400
9,400,a125,atc,0.25,c09_storm_400_a125_c80_0008,55.8408,55.8408,55.5000,55.5000,245,1,0.2725,0.3534,D50,63.999,105.022,12,400
9,400,a125,edd,0.25,c09_storm_400_a125_c80_0008,55.8408,55.8408,,,245,1,0.2725,0.3534,D50,63.999,105.022,12,400
9,400,a125,atc,0.5,c09_storm_400_a125_c80_0008,104.8760,104.8760,55.5000,55.5000,239,1,0.2725,0.3534,D50,63.999,105.022,12,400
9,400,a125,edd,0.5,c09_storm_400_a125_c80_0008,104.8760,104.8760,,,239,1,0.2725,0.3534,D50,63.999,105.022,12,400
9,400,a125,atc,1.0,c09_storm_400_a125_c80_0008,64.3032,64.3032,55.5000,55.5000,213,1,0.2725,0.3534,D50,63.999,105.022,12,400
9,400,a125,edd,1.0,c09_storm_400_a125_c80_0008,64.3032,64.3032,,,213,1,0.2725,0.3534,D50,63.999,105.022,12,400
9,400,a125,atc,0.25,c09_storm_400_a125_c80_0009,221.3312,221.3312,221.3312,221.3312,245,1,0.2477,0.3290,C10,70.319,91.982,21,400
9,400,a125,edd,0.25,c09_storm_400_a125_c80_0009,221.3312,221.3312,,,245,1,0.2477,0.3290,C10,70.319,91.982,21,400
9,400,a125,atc,0.5,c09_storm_400_a125_c80_0009,221.3312,221.3312,221.3312,221.3312,248,1,0.2477,0.3290,C10,70.319,91.982,21,400
9,400,a125,edd,0.5,c09_storm_400_a125_c80_0009,221.3312,221.3312,,,248,1,0.2477,0.3290,C10,70.319,91.982,21,400
9,400,a125,atc,1.0,c09_storm_400_a125_c80_0009,221.3312,221.3312,221.3312,221.3312,233,1,0.2477,0.3290,C10,70.319,91.982,21,400
9,400,a125,edd,1.0,c09_storm_400_a125_c80_0009,221.3312,221.3312,,,233,1,0.2477,0.3290,C10,70.319,91.982,21,400
9,400,a125,atc,0.25,c09_storm_400_a125_c80_0010,239.4928,239.4928,209.2160,209.2160,232,1,0.2654,0.3592,D90,71.893,87.541,21,400
9,400,a125,edd,0.25,c09_storm_400_a125_c80_0010,239.4928,239.4928,,,232,1,0.2654,0.3592,D90,71.893,87.541,21,400
9,400,a125,atc,0.5,c09_storm_400_a125_c80_0010,392.8488,392.8488,234.5720,234.5720,246,1,0.2654,0.3592,D90,71.893,87.541,21,400
9,400,a125,edd,0.5,c09_storm_400_a125_c80_0010,392.8488,392.8488,,,246,1,0.2654,0.3592,D90,71.893,87.541,21,400
9,400,a125,atc,1.0,c09_storm_400_a125_c80_0010,369.7192,369.7192,234.5720,234.5720,251,1,0.2654,0.3592,D90,71.893,87.541,21,400
9,400,a125,edd,1.0,c09_storm_400_a125_c80_0010,369.7192,369.7192,,,251,1,0.2654,0.3592,D90,71.893,87.541,21,400
9,400,a125,atc,0.25,c09_storm_400_a125_c80_0011,117.2488,117.2488,90.0588,90.0588,252,1,0.2784,0.3958,D40,63.331,77.232,20,400
9,400,a125,edd,0.25,c09_storm_400_a125_c80_0011,117.2488,117.2488,,,252,1,0.2784,0.3958,D40,63.331,77.232,20,400
9,400,a125,atc,0.5,c09_storm_400_a125_c80_0011,128.4176,128.4176,102.2168,102.2168,263,1,0.2784,0.3958,D40,63.331,77.232,20,400
9,400,a125,edd,0.5,c09_storm_400_a125_c80_0011,128.4176,128.4176,,,263,1,0.2784,0.3958,D40,63.331,77.232,20,400
9,400,a125,atc,1.0,c09_storm_400_a125_c80_0011,182.6976,182.6976,126.5328,126.5328,235,1,0.2784,0.3958,D40,63.331,77.232,20,400
9,400,a125,edd,1.0,c09_storm_400_a125_c80_0011,182.6976,182.6976,,,235,1,0.2784,0.3958,D40,63.331,77.232,20,400
9,400,a125,atc,0.25,c09_storm_400_a125_c80_0012,81.8952,81.8952,72.9688,72.9688,267,1,0.2567,0.3528,D30,66.722,100.614,31,400
9,400,a125,edd,0.25,c09_storm_400_a125_c80_0012,81.8952,81.8952,,,267,1,0.2567,0.3528,D30,66.722,100.614,31,400
9,400,a125,atc,0.5,c09_storm_400_a125_c80_0012,115.1840,115.1840,89.6132,89.6132,262,1,0.2567,0.3528,D30,66.722,100.614,31,400
9,400,a125,edd,0.5,c09_storm_400_a125_c80_0012,115.1840,115.1840,,,262,1,0.2567,0.3528,D30,66.722,100.614,31,400
9,400,a125,atc,1.0,c09_storm_400_a125_c80_0012,259.5376,259.5376,105.9668,105.9668,221,1,0.2567,0.3528,D30,66.722,100.614,31,400
9,400,a125,edd,1.0,c09_storm_400_a125_c80_0012,259.5376,259.5376,,,221,1,0.2567,0.3528,D30,66.722,100.614,31,400
9,400,a125,atc,0.25,c09_storm_400_a125_c80_0013,98.2656,98.2656,38.4422,38.4422,240,1,0.2714,0.3930,D30,62.709,93.804,25,400
9,400,a125,edd,0.25,c09_storm_400_a125_c80_0013,98.2656,98.2656,,,240,1,0.2714,0.3930,D30,62.709,93.804,25,400
9,400,a125,atc,0.5,c09_storm_400_a125_c80_0013,98.2656,98.2656,38.4422,38.4422,263,1,0.2714,0.3930,D30,62.709,93.804,25,400
9,400,a125,edd,0.5,c09_storm_400_a125_c80_0013,98.2656,98.2656,,,263,1,0.2714,0.3930,D30,62.709,93.804,25,400
9,400,a125,atc,1.0,c09_storm_400_a125_c80_0013,265.1768,265.1768,64.4040,64.4040,230,1,0.2714,0.3930,D30,62.709,93.804,25,400
9,400,a125,edd,1.0,c09_storm_400_a125_c80_0013,265.1768,265.1768,,,230,1,0.2714,0.3930,D30,62.709,93.804,25,400
9,400,a125,atc,0.25,c09_storm_400_a125_c80_0014,236.7044,236.7044,218.7384,218.7384,270,1,0.2563,0.3889,D20,71.844,104.797,24,400
9,400,a125,edd,0.25,c09_storm_400_a125_c80_0014,236.7044,236.7044,,,270,1,0.2563,0.3889,D20,71.844,104.797,24,400
9,400,a125,atc,0.5,c09_storm_400_a125_c80_0014,236.4100,236.4100,218.7384,218.7384,263,1,0.2563,0.3889,D20,71.844,104.797,24,400
9,400,a125,edd,0.5,c09_storm_400_a125_c80_0014,236.4100,236.4100,,,263,1,0.2563,0.3889,D20,71.844,104.797,24,400
9,400,a125,atc,1.0,c09_storm_400_a125_c80_0014,81.6244,81.6244,116.3588,116.3588,217,1,0.2563,0.3889,D20,71.844,104.797,24,400
9,400,a125,edd,1.0,c09_storm_400_a125_c80_0014,81.6244,81.6244,,,217,1,0.2563,0.3889,D20,71.844,104.797,24,400
9,400,a125,atc,0.25,c09_storm_400_a125_c80_0015,50.3864,50.3864,50.3864,50.3864,250,1,0.2676,0.3643,D20,65.270,98.191,28,400
9,400,a125,edd,0.25,c09_storm_400_a125_c80_0015,50.3864,50.3864,,,250,1,0.2676,0.3643,D20,65.270,98.191,28,400
9,400,a125,atc,0.5,c09_storm_400_a125_c80_0015,50.3864,50.3864,50.3864,50.3864,241,1,0.2676,0.3643,D20,65.270,98.191,28,400
9,400,a125,edd,0.5,c09_storm_400_a125_c80_0015,50.3864,50.3864,,,241,1,0.2676,0.3643,D20,65.270,98.191,28,400
9,400,a125,atc,1.0,c09_storm_400_a125_c80_0015,50.3864,50.3864,50.3864,50.3864,233,1,0.2676,0.3643,D20,65.270,98.191,28,400
9,400,a125,edd,1.0,c09_storm_400_a125_c80_0015,50.3864,50.3864,,,233,1,0.2676,0.3643,D20,65.270,98.191,28,400
9,400,a125,atc,0.25,c09_storm_400_a125_c80_0016,276.6912,276.6912,187.0304,187.0304,259,1,0.2500,0.4986,B30,70.235,118.506,19,400
9,400,a125,edd,0.25,c09_storm_400_a125_c80_0016,276.6912,276.6912,,,259,1,0.2500,0.4986,B30,70.235,118.506,19,400
9,400,a125,atc,0.5,c09_storm_400_a125_c80_0016,276.8128,276.8128,187.0912,187.0912,262,1,0.2500,0.4986,B30,70.235,118.506,19,400
9,400,a125,edd,0.5,c09_storm_400_a125_c80_0016,276.8128,276.8128,,,262,1,0.2500,0.4986,B30,70.235,118.506,19,400
9,400,a125,atc,1.0,c09_storm_400_a125_c80_0016,99.0664,99.0664,93.6064,93.6064,235,1,0.2500,0.4986,B30,70.235,118.506,19,400
9,400,a125,edd,1.0,c09_storm_400_a125_c80_0016,99.0664,99.0664,,,235,1,0.2500,0.4986,B30,70.235,118.506,19,400
9,400,a125,atc,0.25,c09_storm_400_a125_c80_0017,0.0000,0.0000,33.3922,33.3922,257,1,0.2576,0.3761,D50,63.266,94.018,22,400
9,400,a125,edd,0.25,c09_storm_400_a125_c80_0017,0.0000,0.0000,,,257,1,0.2576,0.3761,D50,63.266,94.018,22,400
9,400,a125,atc,0.5,c09_storm_400_a125_c80_0017,11.5368,11.5368,35.1198,35.1198,258,1,0.2576,0.3761,D50,63.266,94.018,22,400
9,400,a125,edd,0.5,c09_storm_400_a125_c80_0017,11.5368,11.5368,,,258,1,0.2576,0.3761,D50,63.266,94.018,22,400
9,400,a125,atc,1.0,c09_storm_400_a125_c80_0017,71.6424,71.6424,35.1198,35.1198,225,1,0.2576,0.3761,D50,63.266,94.018,22,400
9,400,a125,edd,1.0,c09_storm_400_a125_c80_0017,71.6424,71.6424,,,225,1,0.2576,0.3761,D50,63.266,94.018,22,400
9,400,a125,atc,0.25,c09_storm_400_a125_c80_0018,125.5112,125.5112,116.7368,116.7368,239,1,0.2480,0.3585,C10,70.242,80.305,20,400
9,400,a125,edd,0.25,c09_storm_400_a125_c80_0018,125.5112,125.5112,,,239,1,0.2480,0.3585,C10,70.242,80.305,20,400
9,400,a125,atc,0.5,c09_storm_400_a125_c80_0018,125.5112,125.5112,116.7368,116.7368,254,1,0.2480,0.3585,C10,70.242,80.305,20,400
9,400,a125,edd,0.5,c09_storm_400_a125_c80_0018,125.5112,125.5112,,,254,1,0.2480,0.3585,C10,70.242,80.305,20,400
9,400,a125,atc,1.0,c09_storm_400_a125_c80_0018,138.6984,138.6984,116.7368,116.7368,242,1,0.2480,0.3585,C10,70.242,80.305,20,400
9,400,a125,edd,1.0,c09_storm_400_a125_c80_0018,138.6984,138.6984,,,242,1,0.2480,0.3585,C10,70.242,80.305,20,400
9,400,a125,atc,0.25,c09_storm_400_a125_c80_0019,118.9232,118.9232,78.7125,78.7125,251,1,0.2596,0.4796,B30,71.439,97.469,20,400
9,400,a125,edd,0.25,c09_storm_400_a125_c80_0019,118.9232,118.9232,,,251,1,0.2596,0.4796,B30,71.439,97.469,20,400
9,400,a125,atc,0.5,c09_storm_400_a125_c80_0019,201.3220,201.3220,151.9119,151.9119,261,1,0.2596,0.4796,B30,71.439,97.469,20,400
9,400,a125,edd,0.5,c09_storm_400_a125_c80_0019,201.3220,201.3220,,,261,1,0.2596,0.4796,B30,71.439,97.469,20,400
9,400,a125,atc,1.0,c09_storm_400_a125_c80_0019,153.6436,153.6436,157.4250,157.4250,236,1,0.2596,0.4796,B30,71.439,97.469,20,400
9,400,a125,edd,1.0,c09_storm_400_a125_c80_0019,153.6436,153.6436,,,236,1,0.2596,0.4796,B30,71.439,97.469,20,400
9,400,a125,atc,0.25,c09_storm_400_a125_c80_0020,460.1528,460.1528,292.7344,292.7344,249,1,0.3054,0.7356,C10,58.530,84.533,29,400
9,400,a125,edd,0.25,c09_storm_400_a125_c80_0020,460.1528,460.1528,,,249,1,0.3054,0.7356,C10,58.530,84.533,29,400
9,400,a125,atc,0.5,c09_storm_400_a125_c80_0020,508.6944,508.6944,292.7344,292.7344,262,1,0.3054,0.7356,C10,58.530,84.533,29,400
9,400,a125,edd,0.5,c09_storm_400_a125_c80_0020,508.6944,508.6944,,,262,1,0.3054,0.7356,C10,58.530,84.533,29,400
9,400,a125,atc,1.0,c09_storm_400_a125_c80_0020,582.5744,582.5744,292.7344,292.7344,237,1,0.3054,0.7356,C10,58.530,84.533,29,400
9,400,a125,edd,1.0,c09_storm_400_a125_c80_0020,582.5744,582.5744,,,237,1,0.3054,0.7356,C10,58.530,84.533,29,400
9,400,a125,atc,0.25,c09_storm_400_a125_c80_0021,431.8576,431.8576,354.6704,354.6704,242,1,0.2831,0.4123,D30,67.895,93.775,23,400
9,400,a125,edd,0.25,c09_storm_400_a125_c80_0021,431.8576,431.8576,,,242,1,0.2831,0.4123,D30,67.895,93.775,23,400
9,400,a125,atc,0.5,c09_storm_400_a125_c80_0021,303.8576,303.8576,243.6704,243.6704,262,1,0.2831,0.4123,D30,67.895,93.775,23,400
9,400,a125,edd,0.5,c09_storm_400_a125_c80_0021,303.8576,303.8576,,,262,1,0.2831,0.4123,D30,67.895,93.775,23,400
9,400,a125,atc,1.0,c09_storm_400_a125_c80_0021,226.6872,226.6872,205.0852,205.0852,237,1,0.2831,0.4123,D30,67.895,93.775,23,400
9,400,a125,edd,1.0,c09_storm_400_a125_c80_0021,226.6872,226.6872,,,237,1,0.2831,0.4123,D30,67.895,93.775,23,400
9,400,a125,atc,0.25,c09_storm_400_a125_c80_0022,160.2304,160.2304,0.0000,0.0000,256,1,0.2764,0.5484,C10,64.034,110.943,29,400
9,400,a125,edd,0.25,c09_storm_400_a125_c80_0022,160.2304,160.2304,,,256,1,0.2764,0.5484,C10,64.034,110.943,29,400
9,400,a125,atc,0.5,c09_storm_400_a125_c80_0022,160.2304,160.2304,0.0000,0.0000,263,1,0.2764,0.5484,C10,64.034,110.943,29,400
9,400,a125,edd,0.5,c09_storm_400_a125_c80_0022,160.2304,160.2304,,,263,1,0.2764,0.5484,C10,64.034,110.943,29,400
9,400,a125,atc,1.0,c09_storm_400_a125_c80_0022,317.3368,317.3368,0.0000,0.0000,222,1,0.2764,0.5484,C10,64.034,110.943,29,400
9,400,a125,edd,1.0,c09_storm_400_a125_c80_0022,317.3368,317.3368,,,222,1,0.2764,0.5484,C10,64.034,110.943,29,400
9,400,a125,atc,0.25,c09_storm_400_a125_c80_0023,290.3348,290.3348,160.7596,160.7596,244,1,0.2955,0.4085,E20,63.931,94.460,22,400
9,400,a125,edd,0.25,c09_storm_400_a125_c80_0023,290.3348,290.3348,,,244,1,0.2955,0.4085,E20,63.931,94.460,22,400
9,400,a125,atc,0.5,c09_storm_400_a125_c80_0023,355.1156,355.1156,193.1500,193.1500,243,1,0.2955,0.4085,E20,63.931,94.460,22,400
9,400,a125,edd,0.5,c09_storm_400_a125_c80_0023,355.1156,355.1156,,,243,1,0.2955,0.4085,E20,63.931,94.460,22,400
9,400,a125,atc,1.0,c09_storm_400_a125_c80_0023,455.9548,455.9548,207.6308,207.6308,213,1,0.2955,0.4085,E20,63.931,94.460,22,400
9,400,a125,edd,1.0,c09_storm_400_a125_c80_0023,455.9548,455.9548,,,213,1,0.2955,0.4085,E20,63.931,94.460,22,400
9,400,a125,atc,0.25,c09_storm_400_a125_c80_0024,460.4424,460.4424,252.3096,252.3096,253,1,0.2743,0.4579,D50,70.323,115.159,23,400
9,400,a125,edd,0.25,c09_storm_400_a125_c80_0024,460.4424,460.4424,,,253,1,0.2743,0.4579,D50,70.323,115.159,23,400
9,400,a125,atc,0.5,c09_storm_400_a125_c80_0024,179.2468,179.2468,126.1548,126.1548,266,1,0.2743,0.4579,D50,70.323,115.159,23,400
9,400,a125,edd,0.5,c09_storm_400_a125_c80_0024,179.2468,179.2468,,,266,1,0.2743,0.4579,D50,70.323,115.159,23,400
9,400,a125,atc,1.0,c09_storm_400_a125_c80_0024,26.0048,26.0048,76.5978,76.5978,251,1,0.2743,0.4579,D50,70.323,115.159,23,400
9,400,a125,edd,1.0,c09_storm_400_a125_c80_0024,26.0048,26.0048,,,251,1,0.2743,0.4579,D50,70.323,115.159,23,400
9,400,a125,atc,0.25,c09_storm_400_a125_c80_0025,60.8328,60.8328,0.0000,0.0000,255,1,0.2483,0.3720,D50,70.626,97.204,20,400
9,400,a125,edd,0.25,c09_storm_400_a125_c80_0025,60.8328,60.8328,,,255,1,0.2483,0.3720,D50,70.626,97.204,20,400
9,400,a125,atc,0.5,c09_storm_400_a125_c80_0025,62.2040,62.2040,0.0000,0.0000,253,1,0.2483,0.3720,D50,70.626,97.204,20,400
9,400,a125,edd,0.5,c09_storm_400_a125_c80_0025,62.2040,62.2040,,,253,1,0.2483,0.3720,D50,70.626,97.204,20,400
9,400,a125,atc,1.0,c09_storm_400_a125_c80_0025,62.2040,62.2040,0.0000,0.0000,233,1,0.2483,0.3720,D50,70.626,97.204,20,400
9,400,a125,edd,1.0,c09_storm_400_a125_c80_0025,62.2040,62.2040,,,233,1,0.2483,0.3720,D50,70.626,97.204,20,400
9,400,a125,atc,0.25,c09_storm_400_a125_c80_0026,186.8368,186.8368,8.8456,8.8456,252,1,0.2401,0.3519,E20,65.215,79.134,18,400
9,400,a125,edd,0.25,c09_storm_400_a125_c80_0026,186.8368,186.8368,,,252,1,0.2401,0.3519,E20,65.215,79.134,18,400
9,400,a125,atc,0.5,c09_storm_400_a125_c80_0026,186.8368,186.8368,8.8456,8.8456,260,1,0.2401,0.3519,E20,65.215,79.134,18,400
9,400,a125,edd,0.5,c09_storm_400_a125_c80_0026,186.8368,186.8368,,,260,1,0.2401,0.3519,E20,65.215,79.134,18,400
9,400,a125,atc,1.0,c09_storm_400_a125_c80_0026,150.3128,150.3128,8.8456,8.8456,232,1,0.2401,0.3519,E20,65.215,79.134,18,400
9,400,a125,edd,1.0,c09_storm_400_a125_c80_0026,150.3128,150.3128,,,232,1,0.2401,0.3519,E20,65.215,79.134,18,400
9,400,a125,atc,0.25,c09_storm_400_a125_c80_0027,130.5932,130.5932,48.6608,48.6608,250,1,0.2568,0.3505,B30,71.373,84.587,10,400
9,400,a125,edd,0.25,c09_storm_400_a125_c80_0027,130.5932,130.5932,,,250,1,0.2568,0.3505,B30,71.373,84.587,10,400
9,400,a125,atc,0.5,c09_storm_400_a125_c80_0027,94.8972,94.8972,48.6608,48.6608,242,1,0.2568,0.3505,B30,71.373,84.587,10,400
9,400,a125,edd,0.5,c09_storm_400_a125_c80_0027,94.8972,94.8972,,,242,1,0.2568,0.3505,B30,71.373,84.587,10,400
9,400,a125,atc,1.0,c09_storm_400_a125_c80_0027,94.8972,94.8972,48.6608,48.6608,210,1,0.2568,0.3505,B30,71.373,84.587,10,400
9,400,a125,edd,1.0,c09_storm_400_a125_c80_0027,94.8972,94.8972,,,210,1,0.2568,0.3505,B30,71.373,84.587,10,400
9,400,a125,atc,0.25,c09_storm_400_a125_c80_0028,215.8148,215.8148,0.0000,0.0000,250,1,0.2616,0.3465,D20,68.318,99.993,23,400
9,400,a125,edd,0.25,c09_storm_400_a125_c80_0028,215.8148,215.8148,,,250,1,0.2616,0.3465,D20,68.318,99.993,23,400
9,400,a125,atc,0.5,c09_storm_400_a125_c80_0028,105.0296,105.0296,0.0000,0.0000,266,1,0.2616,0.3465,D20,68.318,99.993,23,400
9,400,a125,edd,0.5,c09_storm_400_a125_c80_0028,105.0296,105.0296,,,266,1,0.2616,0.3465,D20,68.318,99.993,23,400
9,400,a125,atc,1.0,c09_storm_400_a125_c80_0028,35.3504,35.3504,0.0000,0.0000,237,1,0.2616,0.3465,D20,68.318,99.993,23,400
9,400,a125,edd,1.0,c09_storm_400_a125_c80_0028,35.3504,35.3504,,,237,1,0.2616,0.3465,D20,68.318,99.993,23,400
9,400,a125,atc,0.25,c09_storm_400_a125_c80_0029,212.8048,212.8048,113.0616,113.0616,240,1,0.2834,0.3967,D50,63.749,85.394,26,400
9,400,a125,edd,0.25,c09_storm_400_a125_c80_0029,212.8048,212.8048,,,240,1,0.2834,0.3967,D50,63.749,85.394,26,400
9,400,a125,atc,0.5,c09_storm_400_a125_c80_0029,217.0048,217.0048,147.1616,147.1616,244,1,0.2834,0.3967,D50,63.749,85.394,26,400
9,400,a125,edd,0.5,c09_storm_400_a125_c80_0029,217.0048,217.0048,,,244,1,0.2834,0.3967,D50,63.749,85.394,26,400
9,400,a125,atc,1.0,c09_storm_400_a125_c80_0029,402.1408,402.1408,215.3616,215.3616,239,1,0.2834,0.3967,D50,63.749,85.394,26,400
9,400,a125,edd,1.0,c09_storm_400_a125_c80_0029,402.1408,402.1408,,,239,1,0.2834,0.3967,D50,63.749,85.394,26,400
9,400,a150,atc,0.25,c09_storm_400_a150_c80_0000,344.2172,344.2172,249.8066,249.8066,264,1,0.3009,0.4820,C10,56.660,80.974,21,400
9,400,a150,edd,0.25,c09_storm_400_a150_c80_0000,344.2172,344.2172,,,264,1,0.3009,0.4820,C10,56.660,80.974,21,400
9,400,a150,atc,0.5,c09_storm_400_a150_c80_0000,344.2172,344.2172,249.8066,249.8066,278,1,0.3009,0.4820,C10,56.660,80.974,21,400
9,400,a150,edd,0.5,c09_storm_400_a150_c80_0000,344.2172,344.2172,,,278,1,0.3009,0.4820,C10,56.660,80.974,21,400
9,400,a150,atc,1.0,c09_storm_400_a150_c80_0000,359.1744,359.1744,248.2468,248.2468,245,1,0.3009,0.4820,C10,56.660,80.974,21,400
9,400,a150,edd,1.0,c09_storm_400_a150_c80_0000,359.1744,359.1744,,,245,1,0.3009,0.4820,C10,56.660,80.974,21,400
9,400,a150,atc,0.25,c09_storm_400_a150_c80_0001,218.0504,218.0504,166.5180,166.5180,266,1,0.3517,0.4870,D20,58.084,80.669,36,400
9,400,a150,edd,0.25,c09_storm_400_a150_c80_0001,218.0504,218.0504,,,266,1,0.3517,0.4870,D20,58.084,80.669,36,400
9,400,a150,atc,0.5,c09_storm_400_a150_c80_0001,236.5056,236.5056,166.5180,166.5180,261,1,0.3517,0.4870,D20,58.084,80.669,36,400
9,400,a150,edd,0.5,c09_storm_400_a150_c80_0001,236.5056,236.5056,,,261,1,0.3517,0.4870,D20,58.084,80.669,36,400
9,400,a150,atc,1.0,c09_storm_400_a150_c80_0001,484.6272,484.6272,277.5180,277.5180,251,1,0.3517,0.4870,D20,58.084,80.669,36,400
9,400,a150,edd,1.0,c09_storm_400_a150_c80_0001,484.6272,484.6272,,,251,1,0.3517,0.4870,D20,58.084,80.669,36,400
9,400,a150,atc,0.25,c09_storm_400_a150_c80_0002,214.3932,214.3932,156.0544,156.0544,246,1,0.3264,0.5162,C30,55.733,70.249,27,400
9,400,a150,edd,0.25,c09_storm_400_a150_c80_0002,214.3932,214.3932,,,246,1,0.3264,0.5162,C30,55.733,70.249,27,400
9,400,a150,atc,0.5,c09_storm_400_a150_c80_0002,214.3932,214.3932,156.0544,156.0544,257,1,0.3264,0.5162,C30,55.733,70.249,27,400
9,400,a150,edd,0.5,c09_storm_400_a150_c80_0002,214.3932,214.3932,,,257,1,0.3264,0.5162,C30,55.733,70.249,27,400
9,400,a150,atc,1.0,c09_storm_400_a150_c80_0002,157.5792,157.5792,156.0544,156.0544,253,1,0.3264,0.5162,C30,55.733,70.249,27,400
9,400,a150,edd,1.0,c09_storm_400_a150_c80_0002,157.5792,157.5792,,,253,1,0.3264,0.5162,C30,55.733,70.249,27,400
9,400,a150,atc,0.25,c09_storm_400_a150_c80_0003,150.1472,150.1472,0.0248,0.0248,248,1,0.3158,0.4251,D30,54.585,92.959,27,400
9,400,a150,edd,0.25,c09_storm_400_a150_c80_0003,150.1472,150.1472,,,248,1,0.3158,0.4251,D30,54.585,92.959,27,400
9,400,a150,atc,0.5,c09_storm_400_a150_c80_0003,139.3592,139.3592,0.0248,0.0248,260,1,0.3158,0.4251,D30,54.585,92.959,27,400
9,400,a150,edd,0.5,c09_storm_400_a150_c80_0003,139.3592,139.3592,,,260,1,0.3158,0.4251,D30,54.585,92.959,27,400
9,400,a150,atc,1.0,c09_storm_400_a150_c80_0003,30.5048,30.5048,0.0248,0.0248,244,1,0.3158,0.4251,D30,54.585,92.959,27,400
9,400,a150,edd,1.0,c09_storm_400_a150_c80_0003,30.5048,30.5048,,,244,1,0.3158,0.4251,D30,54.585,92.959,27,400
9,400,a150,atc,0.25,c09_storm_400_a150_c80_0004,321.7080,321.7080,111.0000,111.0000,264,1,0.3426,0.5170,D50,54.561,102.426,19,400
9,400,a150,edd,0.25,c09_storm_400_a150_c80_0004,321.7080,321.7080,,,264,1,0.3426,0.5170,D50,54.561,102.426,19,400
9,400,a150,atc,0.5,c09_storm_400_a150_c80_0004,210.7080,210.7080,55.5000,55.5000,252,1,0.3426,0.5170,D50,54.561,102.426,19,400
9,400,a150,edd,0.5,c09_storm_400_a150_c80_0004,210.7080,210.7080,,,252,1,0.3426,0.5170,D50,54.561,102.426,19,400
9,400,a150,atc,1.0,c09_storm_400_a150_c80_0004,87.3128,87.3128,55.5000,55.5000,248,1,0.3426,0.5170,D50,54.561,102.426,19,400
9,400,a150,edd,1.0,c09_storm_400_a150_c80_0004,87.3128,87.3128,,,248,1,0.3426,0.5170,D50,54.561,102.426,19,400
9,400,a150,atc,0.25,c09_storm_400_a150_c80_0005,133.7728,133.7728,0.0000,0.0000,241,1,0.2817,0.4021,D90,61.539,78.645,34,400
9,400,a150,edd,0.25,c09_storm_400_a150_c80_0005,133.7728,133.7728,,,241,1,0.2817,0.4021,D90,61.539,78.645,34,400
9,400,a150,atc,0.5,c09_storm_400_a150_c80_0005,133.7728,133.7728,0.0000,0.0000,248,1,0.2817,0.4021,D90,61.539,78.645,34,400
9,400,a150,edd,0.5,c09_storm_400_a150_c80_0005,133.7728,133.7728,,,248,1,0.2817,0.4021,D90,61.539,78.645,34,400
9,400,a150,atc,1.0,c09_storm_400_a150_c80_0005,152.0048,152.0048,0.0000,0.0000,251,1,0.2817,0.4021,D90,61.539,78.645,34,400
9,400,a150,edd,1.0,c09_storm_400_a150_c80_0005,152.0048,152.0048,,,251,1,0.2817,0.4021,D90,61.539,78.645,34,400
9,400,a150,atc,0.25,c09_storm_400_a150_c80_0006,520.1392,520.1392,350.0000,350.0000,231,1,0.3378,0.6532,B30,52.384,82.842,27,400
9,400,a150,edd,0.25,c09_storm_400_a150_c80_0006,520.1392,520.1392,,,231,1,0.3378,0.6532,B30,52.384,82.842,27,400
9,400,a150,atc,0.5,c09_storm_400_a150_c80_0006,529.0004,529.0004,350.0000,350.0000,242,1,0.3378,0.6532,B30,52.384,82.842,27,400
9,400,a150,edd,0.5,c09_storm_400_a150_c80_0006,529.0004,529.0004,,,242,1,0.3378,0.6532,B30,52.384,82.842,27,400
9,400,a150,atc,1.0,c09_storm_400_a150_c80_0006,208.6920,208.6920,175.0000,175.0000,219,1,0.3378,0.6532,B30,52.384,82.842,27,400
9,400,a150,edd,1.0,c09_storm_400_a150_c80_0006,208.6920,208.6920,,,219,1,0.3378,0.6532,B30,52.384,82.842,27,400
9,400,a150,atc,0.25,c09_storm_400_a150_c80_0007,236.8892,236.8892,156.9948,156.9948,235,1,0.3363,0.8715,E20,61.724,111.566,19,400
9,400,a150,edd,0.25,c09_storm_400_a150_c80_0007,236.8892,236.8892,,,235,1,0.3363,0.8715,E20,61.724,111.566,19,400
9,400,a150,atc,0.5,c09_storm_400_a150_c80_0007,137.3760,137.3760,115.0150,115.0150,254,1,0.3363,0.8715,E20,61.724,111.566,19,400
9,400,a150,edd,0.5,c09_storm_400_a150_c80_0007,137.3760,137.3760,,,254,1,0.3363,0.8715,E20,61.724,111.566,19,400
9,400,a150,atc,1.0,c09_storm_400_a150_c80_0007,140.6788,140.6788,115.0150,115.0150,232,1,0.3363,0.8715,E20,61.724,111.566,19,400
9,400,a150,edd,1.0,c09_storm_400_a150_c80_0007,140.6788,140.6788,,,232,1,0.3363,0.8715,E20,61.724,111.566,19,400
9,400,a150,atc,0.25,c09_storm_400_a150_c80_0008,20.2540,20.2540,27.7500,27.7500,273,1,0.3270,0.4241,D50,53.333,96.143,18,400
9,400,a150,edd,0.25,c09_storm_400_a150_c80_0008,20.2540,20.2540,,,273,1,0.3270,0.4241,D50,53.333,96.143,18,400
9,400,a150,atc,0.5,c09_storm_400_a150_c80_0008,19.3616,19.3616,27.7500,27.7500,276,1,0.3270,0.4241,D50,53.333,96.143,18,400
9,400,a150,edd,0.5,c09_storm_400_a150_c80_0008,19.3616,19.3616,,,276,1,0.3270,0.4241,D50,53.333,96.143,18,400
9,400,a150,atc,1.0,c09_storm_400_a150_c80_0008,64.3032,64.3032,55.5000,55.5000,222,1,0.3270,0.4241,D50,53.333,96.143,18,400
9,400,a150,edd,1.0,c09_storm_400_a150_c80_0008,64.3032,64.3032,,,222,1,0.3270,0.4241,D50,53.333,96.143,18,400
9,400,a150,atc,0.25,c09_storm_400_a150_c80_0009,123.6176,123.6176,110.6656,110.6656,249,1,0.2973,0.3948,C10,58.599,81.139,25,400
9,400,a150,edd,0.25,c09_storm_400_a150_c80_0009,123.6176,123.6176,,,249,1,0.2973,0.3948,C10,58.599,81.139,25,400
9,400,a150,atc,0.5,c09_storm_400_a150_c80_0009,190.6872,190.6872,110.6656,110.6656,254,1,0.2973,0.3948,C10,58.599,81.139,25,400
9,400,a150,edd,0.5,c09_storm_400_a150_c80_0009,190.6872,190.6872,,,254,1,0.2973,0.3948,C10,58.599,81.139,25,400
9,400,a150,atc,1.0,c09_storm_400_a150_c80_0009,300.1032,300.1032,221.3312,221.3312,224,1,0.2973,0.3948,C10,58.599,81.139,25,400
9,400,a150,edd,1.0,c09_storm_400_a150_c80_0009,300.1032,300.1032,,,224,1,0.2973,0.3948,C10,58.599,81.139,25,400
9,400,a150,atc,0.25,c09_storm_400_a150_c80_0010,362.5720,362.5720,234.5720,234.5720,242,1,0.3185,0.4310,D90,59.911,77.344,28,400
9,400,a150,edd,0.25,c09_storm_400_a150_c80_0010,362.5720,362.5720,,,242,1,0.3185,0.4310,D90,59.911,77.344,28,400
9,400,a150,atc,0.5,c09_storm_400_a150_c80_0010,362.5720,362.5720,234.5720,234.5720,253,1,0.3185,0.4310,D90,59.911,77.344,28,400
9,400,a150,edd,0.5,c09_storm_400_a150_c80_0010,362.5720,362.5720,,,253,1,0.3185,0.4310,D90,59.911,77.344,28,400
9,400,a150,atc,1.0,c09_storm_400_a150_c80_0010,362.5720,362.5720,234.5720,234.5720,227,1,0.3185,0.4310,D90,59.911,77.344,28,400
9,400,a150,edd,1.0,c09_storm_400_a150_c80_0010,362.5720,362.5720,,,227,1,0.3185,0.4310,D90,59.911,77.344,28,400
9,400,a150,atc,0.25,c09_storm_400_a150_c80_0011,182.2600,182.2600,126.5328,126.5328,245,1,0.3341,0.4749,D40,52.776,67.957,25,400
9,400,a150,edd,0.25,c09_storm_400_a150_c80_0011,182.2600,182.2600,,,245,1,0.3341,0.4749,D40,52.776,67.957,25,400
9,400,a150,atc,0.5,c09_storm_400_a150_c80_0011,182.2600,182.2600,126.5328,126.5328,257,1,0.3341,0.4749,D40,52.776,67.957,25,400
9,400,a150,edd,0.5,c09_storm_400_a150_c80_0011,182.2600,182.2600,,,257,1,0.3341,0.4749,D40,52.776,67.957,25,400
9,400,a150,atc,1.0,c09_storm_400_a150_c80_0011,161.9072,161.9072,126.5328,126.5328,235,1,0.3341,0.4749,D40,52.776,67.957,25,400
9,400,a150,edd,1.0,c09_storm_400_a150_c80_0011,161.9072,161.9072,,,235,1,0.3341,0.4749,D40,52.776,67.957,25,400
9,400,a150,atc,0.25,c09_storm_400_a150_c80_0012,138.2000,138.2000,89.6132,89.6132,234,1,0.3080,0.4233,D30,55.602,92.470,35,400
9,400,a150,edd,0.25,c09_storm_400_a150_c80_0012,138.2000,138.2000,,,234,1,0.3080,0.4233,D30,55.602,92.470,35,400
9,400,a150,atc,0.5,c09_storm_400_a150_c80_0012,311.2184,311.2184,105.9668,105.9668,248,1,0.3080,0.4233,D30,55.602,92.470,35,400
9,400,a150,edd,0.5,c09_storm_400_a150_c80_0012,311.2184,311.2184,,,248,1,0.3080,0.4233,D30,55.602,92.470,35,400
9,400,a150,atc,1.0,c09_storm_400_a150_c80_0012,296.7048,296.7048,124.5504,124.5504,237,1,0.3080,0.4233,D30,55.602,92.470,35,400
9,400,a150,edd,1.0,c09_storm_400_a150_c80_0012,296.7048,296.7048,,,237,1,0.3080,0.4233,D30,55.602,92.470,35,400
9,400,a150,atc,0.25,c09_storm_400_a150_c80_0013,267.9800,267.9800,64.4040,64.4040,259,1,0.3257,0.4716,D30,52.258,83.748,27,400
9,400,a150,edd,0.25,c09_storm_400_a150_c80_0013,267.9800,267.9800,,,259,1,0.3257,0.4716,D30,52.258,83.748,27,400
9,400,a150,atc,0.5,c09_storm_400_a150_c80_0013,267.9800,267.9800,64.4040,64.4040,275,1,0.3257,0.4716,D30,52.258,83.748,27,400
9,400,a150,edd,0.5,c09_storm_400_a150_c80_0013,267.9800,267.9800,,,275,1,0.3257,0.4716,D30,52.258,83.748,27,400
9,400,a150,atc,1.0,c09_storm_400_a150_c80_0013,232.4328,232.4328,64.4040,64.4040,239,1,0.3257,0.4716,D30,52.258,83.748,27,400
9,400,a150,edd,1.0,c09_storm_400_a150_c80_0013,232.4328,232.4328,,,239,1,0.3257,0.4716,D30,52.258,83.748,27,400
9,400,a150,atc,0.25,c09_storm_400_a150_c80_0014,70.7280,70.7280,65.1690,65.1690,252,1,0.3076,0.4666,D20,59.870,93.995,27,400
9,400,a150,edd,0.25,c09_storm_400_a150_c80_0014,70.7280,70.7280,,,252,1,0.3076,0.4666,D20,59.870,93.995,27,400
9,400,a150,atc,0.5,c09_storm_400_a150_c80_0014,70.7280,70.7280,65.1690,65.1690,254,1,0.3076,0.4666,D20,59.870,93.995,27,400
9,400,a150,edd,0.5,c09_storm_400_a150_c80_0014,70.7280,70.7280,,,254,1,0.3076,0.4666,D20,59.870,93.995,27,400
9,400,a150,atc,1.0,c09_storm_400_a150_c80_0014,109.1076,109.1076,116.3588,116.3588,213,1,0.3076,0.4666,D20,59.870,93.995,27,400
9,400,a150,edd,1.0,c09_storm_400_a150_c80_0014,109.1076,109.1076,,,213,1,0.3076,0.4666,D20,59.870,93.995,27,400
9,400,a150,atc,0.25,c09_storm_400_a150_c80_0015,58.2476,58.2476,50.3864,50.3864,255,1,0.3211,0.4371,D20,54.392,88.243,33,400
9,400,a150,edd,0.25,c09_storm_400_a150_c80_0015,58.2476,58.2476,,,255,1,0.3211,0.4371,D20,54.392,88.243,33,400
9,400,a150,atc,0.5,c09_storm_400_a150_c80_0015,50.3864,50.3864,50.3864,50.3864,262,1,0.3211,0.4371,D20,54.392,88.243,33,400
9,400,a150,edd,0.5,c09_storm_400_a150_c80_0015,50.3864,50.3864,,,262,1,0.3211,0.4371,D20,54.392,88.243,33,400
9,400,a150,atc,1.0,c09_storm_400_a150_c80_0015,50.3864,50.3864,50.3864,50.3864,239,1,0.3211,0.4371,D20,54.392,88.243,33,400
9,400,a150,edd,1.0,c09_storm_400_a150_c80_0015,50.3864,50.3864,,,239,1,0.3211,0.4371,D20,54.392,88.243,33,400
9,400,a150,atc,0.25,c09_storm_400_a150_c80_0016,256.4296,256.4296,187.0304,187.0304,265,1,0.2999,0.5984,B30,58.529,107.380,22,400
9,400,a150,edd,0.25,c09_storm_400_a150_c80_0016,256.4296,256.4296,,,265,1,0.2999,0.5984,B30,58.529,107.380,22,400
9,400,a150,atc,0.5,c09_storm_400_a150_c80_0016,256.4296,256.4296,187.0304,187.0304,261,1,0.2999,0.5984,B30,58.529,107.380,22,400
9,400,a150,edd,0.5,c09_storm_400_a150_c80_0016,256.4296,256.4296,,,261,1,0.2999,0.5984,B30,58.529,107.380,22,400
9,400,a150,atc,1.0,c09_storm_400_a150_c80_0016,99.0664,99.0664,93.6064,93.6064,220,1,0.2999,0.5984,B30,58.529,107.380,22,400
9,400,a150,edd,1.0,c09_storm_400_a150_c80_0016,99.0664,99.0664,,,220,1,0.2999,0.5984,B30,58.529,107.380,22,400
9,400,a150,atc,0.25,c09_storm_400_a150_c80_0017,383.2976,383.2976,77.7250,77.7250,265,1,0.3091,0.4513,D50,52.722,83.900,27,400
9,400,a150,edd,0.25,c09_storm_400_a150_c80_0017,383.2976,383.2976,,,265,1,0.3091,0.4513,D50,52.722,83.900,27,400
9,400,a150,atc,0.5,c09_storm_400_a150_c80_0017,229.1976,229.1976,51.6250,51.6250,269,1,0.3091,0.4513,D50,52.722,83.900,27,400
9,400,a150,edd,0.5,c09_storm_400_a150_c80_0017,229.1976,229.1976,,,269,1,0.3091,0.4513,D50,52.722,83.900,27,400
9,400,a150,atc,1.0,c09_storm_400_a150_c80_0017,97.7424,97.7424,48.1698,48.1698,232,1,0.3091,0.4513,D50,52.722,83.900,27,400
9,400,a150,edd,1.0,c09_storm_400_a150_c80_0017,97.7424,97.7424,,,232,1,0.3091,0.4513,D50,52.722,83.900,27,400
9,400,a150,atc,0.25,c09_storm_400_a150_c80_0018,51.1400,51.1400,66.7904,66.7904,249,1,0.2976,0.4302,C10,58.535,71.192,26,400
9,400,a150,edd,0.25,c09_storm_400_a150_c80_0018,51.1400,51.1400,,,249,1,0.2976,0.4302,C10,58.535,71.192,26,400
9,400,a150,atc,0.5,c09_storm_400_a150_c80_0018,51.1400,51.1400,66.7904,66.7904,264,1,0.2976,0.4302,C10,58.535,71.192,26,400
9,400,a150,edd,0.5,c09_storm_400_a150_c80_0018,51.1400,51.1400,,,264,1,0.2976,0.4302,C10,58.535,71.192,26,400
9,400,a150,atc,1.0,c09_storm_400_a150_c80_0018,151.0328,151.0328,116.7368,116.7368,234,1,0.2976,0.4302,C10,58.535,71.192,26,400
9,400,a150,edd,1.0,c09_storm_400_a150_c80_0018,151.0328,151.0328,,,234,1,0.2976,0.4302,C10,58.535,71.192,26,400
9,400,a150,atc,0.25,c09_storm_400_a150_c80_0019,185.9396,185.9396,157.4250,157.4250,237,1,0.3115,0.5755,B30,59.533,88.525,22,400
9,400,a150,edd,0.25,c09_storm_400_a150_c80_0019,185.9396,185.9396,,,237,1,0.3115,0.5755,B30,59.533,88.525,22,400
9,400,a150,atc,0.5,c09_storm_400_a150_c80_0019,185.9396,185.9396,157.4250,157.4250,240,1,0.3115,0.5755,B30,59.533,88.525,22,400
9,400,a150,edd,0.5,c09_storm_400_a150_c80_0019,185.9396,185.9396,,,240,1,0.3115,0.5755,B30,59.533,88.525,22,400
9,400,a150,atc,1.0,c09_storm_400_a150_c80_0019,153.6436,153.6436,157.4250,157.4250,227,1,0.3115,0.5755,B30,59.533,88.525,22,400
9,400,a150,edd,1.0,c09_storm_400_a150_c80_0019,153.6436,153.6436,,,227,1,0.3115,0.5755,B30,59.533,88.525,22,400
9,400,a150,atc,0.25,c09_storm_400_a150_c80_0020,637.7152,637.7152,292.7344,292.7344,261,1,0.3665,0.8828,C10,48.775,77.876,35,400
9,400,a150,edd,0.25,c09_storm_400_a150_c80_0020,637.7152,637.7152,,,261,1,0.3665,0.8828,C10,48.775,77.876,35,400
9,400,a150,atc,0.5,c09_storm_400_a150_c80_0020,637.7152,637.7152,292.7344,292.7344,268,1,0.3665,0.8828,C10,48.775,77.876,35,400
9,400,a150,edd,0.5,c09_storm_400_a150_c80_0020,637.7152,637.7152,,,268,1,0.3665,0.8828,C10,48.775,77.876,35,400
9,400,a150,atc,1.0,c09_storm_400_a150_c80_0020,610.1512,610.1512,292.7344,292.7344,239,1,0.3665,0.8828,C10,48.775,77.876,35,400
9,400,a150,edd,1.0,c09_storm_400_a150_c80_0020,610.1512,610.1512,,,239,1,0.3665,0.8828,C10,48.775,77.876,35,400
9,400,a150,atc,0.25,c09_storm_400_a150_c80_0021,233.9528,233.9528,260.5852,260.5852,265,1,0.3397,0.4948,D30,56.579,84.339,32,400
9,400,a150,edd,0.25,c09_storm_400_a150_c80_0021,233.9528,233.9528,,,265,1,0.3397,0.4948,D30,56.579,84.339,32,400
9,400,a150,atc,0.5,c09_storm_400_a150_c80_0021,251.4976,251.4976,205.0852,205.0852,275,1,0.3397,0.4948,D30,56.579,84.339,32,400
9,400,a150,edd,0.5,c09_storm_400_a150_c80_0021,251.4976,251.4976,,,275,1,0.3397,0.4948,D30,56.579,84.339,32,400
9,400,a150,atc,1.0,c09_storm_400_a150_c80_0021,233.9528,233.9528,205.0852,205.0852,240,1,0.3397,0.4948,D30,56.579,84.339,32,400
9,400,a150,edd,1.0,c09_storm_400_a150_c80_0021,233.9528,233.9528,,,240,1,0.3397,0.4948,D30,56.579,84.339,32,400
9,400,a150,atc,0.25,c09_storm_400_a150_c80_0022,100.7552,100.7552,0.0000,0.0000,257,1,0.3317,0.6581,C10,53.361,101.077,33,400
9,400,a150,edd,0.25,c09_storm_400_a150_c80_0022,100.7552,100.7552,,,257,1,0.3317,0.6581,C10,53.361,101.077,33,400
9,400,a150,atc,0.5,c09_storm_400_a150_c80_0022,206.3368,206.3368,0.0000,0.0000,268,1,0.3317,0.6581,C10,53.361,101.077,33,400
9,400,a150,edd,0.5,c09_storm_400_a150_c80_0022,206.3368,206.3368,,,268,1,0.3317,0.6581,C10,53.361,101.077,33,400
9,400,a150,atc,1.0,c09_storm_400_a150_c80_0022,254.1560,254.1560,0.0000,0.0000,245,1,0.3317,0.6581,C10,53.361,101.077,33,400
9,400,a150,edd,1.0,c09_storm_400_a150_c80_0022,254.1560,254.1560,,,245,1,0.3317,0.6581,C10,53.361,101.077,33,400
9,400,a150,atc,0.25,c09_storm_400_a150_c80_0023,494.9084,494.9084,184.3104,184.3104,231,1,0.3546,0.4903,E20,53.276,84.770,27,400
9,400,a150,edd,0.25,c09_storm_400_a150_c80_0023,494.9084,494.9084,,,231,1,0.3546,0.4903,E20,53.276,84.770,27,400
9,400,a150,atc,0.5,c09_storm_400_a150_c80_0023,541.5492,541.5492,207.6308,207.6308,240,1,0.3546,0.4903,E20,53.276,84.770,27,400
9,400,a150,edd,0.5,c09_storm_400_a150_c80_0023,541.5492,541.5492,,,240,1,0.3546,0.4903,E20,53.276,84.770,27,400
9,400,a150,atc,1.0,c09_storm_400_a150_c80_0023,308.3400,308.3400,193.1500,193.1500,211,1,0.3546,0.4903,E20,53.276,84.770,27,400
9,400,a150,edd,1.0,c09_storm_400_a150_c80_0023,308.3400,308.3400,,,211,1,0.3546,0.4903,E20,53.276,84.770,27,400
9,400,a150,atc,0.25,c09_storm_400_a150_c80_0024,190.5476,190.5476,153.1956,153.1956,244,1,0.3291,0.5495,D50,58.602,104.591,31,400
9,400,a150,edd,0.25,c09_storm_400_a150_c80_0024,190.5476,190.5476,,,244,1,0.3291,0.5495,D50,58.602,104.591,31,400
9,400,a150,atc,0.5,c09_storm_400_a150_c80_0024,190.5476,190.5476,153.1956,153.1956,250,1,0.3291,0.5495,D50,58.602,104.591,31,400
9,400,a150,edd,0.5,c09_storm_400_a150_c80_0024,190.5476,190.5476,,,250,1,0.3291,0.5495,D50,58.602,104.591,31,400
9,400,a150,atc,1.0,c09_storm_400_a150_c80_0024,64.0880,64.0880,76.5978,76.5978,248,1,0.3291,0.5495,D50,58.602,104.591,31,400
9,400,a150,edd,1.0,c09_storm_400_a150_c80_0024,64.0880,64.0880,,,248,1,0.3291,0.5495,D50,58.602,104.591,31,400
9,400,a150,atc,0.25,c09_storm_400_a150_c80_0025,173.2040,173.2040,0.0000,0.0000,243,1,0.2979,0.4464,D50,58.855,89.298,25,400
9,400,a150,edd,0.25,c09_storm_400_a150_c80_0025,173.2040,173.2040,,,243,1,0.2979,0.4464,D50,58.855,89.298,25,400
9,400,a150,atc,0.5,c09_storm_400_a150_c80_0025,173.2040,173.2040,0.0000,0.0000,241,1,0.2979,0.4464,D50,58.855,89.298,25,400
9,400,a150,edd,0.5,c09_storm_400_a150_c80_0025,173.2040,173.2040,,,241,1,0.2979,0.4464,D50,58.855,89.298,25,400
9,400,a150,atc,1.0,c09_storm_400_a150_c80_0025,220.7448,220.7448,0.0000,0.0000,209,1,0.2979,0.4464,D50,58.855,89.298,25,400
9,400,a150,edd,1.0,c09_storm_400_a150_c80_0025,220.7448,220.7448,,,209,1,0.2979,0.4464,D50,58.855,89.298,25,400
9,400,a150,atc,0.25,c09_storm_400_a150_c80_0026,87.0512,87.0512,8.8456,8.8456,237,1,0.2881,0.4222,E20,54.346,69.137,20,400
9,400,a150,edd,0.25,c09_storm_400_a150_c80_0026,87.0512,87.0512,,,237,1,0.2881,0.4222,E20,54.346,69.137,20,400
9,400,a150,atc,0.5,c09_storm_400_a150_c80_0026,87.0512,87.0512,8.8456,8.8456,247,1,0.2881,0.4222,E20,54.346,69.137,20,400
9,400,a150,edd,0.5,c09_storm_400_a150_c80_0026,87.0512,87.0512,,,247,1,0.2881,0.4222,E20,54.346,69.137,20,400
9,400,a150,atc,1.0,c09_storm_400_a150_c80_0026,133.0888,133.0888,8.8456,8.8456,241,1,0.2881,0.4222,E20,54.346,69.137,20,400
9,400,a150,edd,1.0,c09_storm_400_a150_c80_0026,133.0888,133.0888,,,241,1,0.2881,0.4222,E20,54.346,69.137,20,400
9,400,a150,atc,0.25,c09_storm_400_a150_c80_0027,64.9240,64.9240,48.6608,48.6608,262,1,0.3082,0.4206,B30,59.477,74.784,12,400
9,400,a150,edd,0.25,c09_storm_400_a150_c80_0027,64.9240,64.9240,,,262,1,0.3082,0.4206,B30,59.477,74.784,12,400
9,400,a150,atc,0.5,c09_storm_400_a150_c80_0027,85.6596,85.6596,48.6608,48.6608,261,1,0.3082,0.4206,B30,59.477,74.784,12,400
9,400,a150,edd,0.5,c09_storm_400_a150_c80_0027,85.6596,85.6596,,,261,1,0.3082,0.4206,B30,59.477,74.784,12,400
9,400,a150,atc,1.0,c09_storm_400_a150_c80_0027,85.6596,85.6596,48.6608,48.6608,212,1,0.3082,0.4206,B30,59.477,74.784,12,400
9,400,a150,edd,1.0,c09_storm_400_a150_c80_0027,85.6596,85.6596,,,212,1,0.3082,0.4206,B30,59.477,74.784,12,400
9,400,a150,atc,0.25,c09_storm_400_a150_c80_0028,32.4272,32.4272,0.0000,0.0000,243,1,0.3139,0.4158,D20,56.932,90.231,27,400
9,400,a150,edd,0.25,c09_storm_400_a150_c80_0028,32.4272,32.4272,,,243,1,0.3139,0.4158,D20,56.932,90.231,27,400
9,400,a150,atc,0.5,c09_storm_400_a150_c80_0028,35.3504,35.3504,0.0000,0.0000,256,1,0.3139,0.4158,D20,56.932,90.231,27,400
9,400,a150,edd,0.5,c09_storm_400_a150_c80_0028,35.3504,35.3504,,,256,1,0.3139,0.4158,D20,56.932,90.231,27,400
9,400,a150,atc,1.0,c09_storm_400_a150_c80_0028,35.3504,35.3504,0.0000,0.0000,237,1,0.3139,0.4158,D20,56.932,90.231,27,400
9,400,a150,edd,1.0,c09_storm_400_a150_c80_0028,35.3504,35.3504,,,237,1,0.3139,0.4158,D20,56.932,90.231,27,400
9,400,a150,atc,0.25,c09_storm_400_a150_c80_0029,53.1240,53.1240,127.8232,127.8232,250,1,0.3401,0.4760,D50,53.124,76.508,32,400
9,400,a150,edd,0.25,c09_storm_400_a150_c80_0029,53.1240,53.1240,,,250,1,0.3401,0.4760,D50,53.124,76.508,32,400
9,400,a150,atc,0.5,c09_storm_400_a150_c80_0029,91.8008,91.8008,147.1616,147.1616,268,1,0.3401,0.4760,D50,53.124,76.508,32,400
9,400,a150,edd,0.5,c09_storm_400_a150_c80_0029,91.8008,91.8008,,,268,1,0.3401,0.4760,D50,53.124,76.508,32,400
9,400,a150,atc,1.0,c09_storm_400_a150_c80_0029,224.0008,224.0008,215.3616,215.3616,258,1,0.3401,0.4760,D50,53.124,76.508,32,400
9,400,a150,edd,1.0,c09_storm_400_a150_c80_0029,224.0008,224.0008,,,258,1,0.3401,0.4760,D50,53.124,76.508,32,400
9,400,a200,atc,0.25,c09_storm_400_a200_c80_0000,267.7088,267.7088,64.7824,64.7824,266,1,0.4216,0.5598,D20,41.392,82.249,39,400
9,400,a200,edd,0.25,c09_storm_400_a200_c80_0000,267.7088,267.7088,,,266,1,0.4216,0.5598,D20,41.392,82.249,39,400
9,400,a200,atc,0.5,c09_storm_400_a200_c80_0000,311.9416,311.9416,64.7824,64.7824,279,1,0.4216,0.5598,D20,41.392,82.249,39,400
9,400,a200,edd,0.5,c09_storm_400_a200_c80_0000,311.9416,311.9416,,,279,1,0.4216,0.5598,D20,41.392,82.249,39,400
9,400,a200,atc,1.0,c09_storm_400_a200_c80_0000,119.2016,119.2016,16.1956,16.1956,248,1,0.4216,0.5598,D20,41.392,82.249,39,400
9,400,a200,edd,1.0,c09_storm_400_a200_c80_0000,119.2016,119.2016,,,248,1,0.4216,0.5598,D20,41.392,82.249,39,400
9,400,a200,atc,0.25,c09_storm_400_a200_c80_0001,147.0644,147.0644,47.0480,47.0480,256,1,0.3921,0.8956,C30,43.626,87.309,32,400
9,400,a200,edd,0.25,c09_storm_400_a200_c80_0001,147.0644,147.0644,,,256,1,0.3921,0.8956,C30,43.626,87.309,32,400
9,400,a200,atc,0.5,c09_storm_400_a200_c80_0001,258.0644,258.0644,47.0480,47.0480,246,1,0.3921,0.8956,C30,43.626,87.309,32,400
9,400,a200,edd,0.5,c09_storm_400_a200_c80_0001,258.0644,258.0644,,,246,1,0.3921,0.8956,C30,43.626,87.309,32,400
9,400,a200,atc,1.0,c09_storm_400_a200_c80_0001,203.4268,203.4268,47.0480,47.0480,223,1,0.3921,0.8956,C30,43.626,87.309,32,400
9,400,a200,edd,1.0,c09_storm_400_a200_c80_0001,203.4268,203.4268,,,223,1,0.3921,0.8956,C30,43.626,87.309,32,400
9,400,a200,atc,0.25,c09_storm_400_a200_c80_0002,200.5352,200.5352,166.1152,166.1152,267,1,0.4146,1.2825,E20,44.024,84.423,40,400
9,400,a200,edd,0.25,c09_storm_400_a200_c80_0002,200.5352,200.5352,,,267,1,0.4146,1.2825,E20,44.024,84.423,40,400
9,400,a200,atc,0.5,c09_storm_400_a200_c80_0002,268.6360,268.6360,166.1152,166.1152,280,1,0.4146,1.2825,E20,44.024,84.423,40,400
9,400,a200,edd,0.5,c09_storm_400_a200_c80_0002,268.6360,268.6360,,,280,1,0.4146,1.2825,E20,44.024,84.423,40,400
9,400,a200,atc,1.0,c09_storm_400_a200_c80_0002,269.2904,269.2904,166.1152,166.1152,226,1,0.4146,1.2825,E20,44.024,84.423,40,400
9,400,a200,edd,1.0,c09_storm_400_a200_c80_0002,269.2904,269.2904,,,226,1,0.4146,1.2825,E20,44.024,84.423,40,400
9,400,a200,atc,0.25,c09_storm_400_a200_c80_0003,182.0888,182.0888,57.2820,57.2820,269,1,0.4373,0.6650,D20,43.098,84.061,38,400
9,400,a200,edd,0.25,c09_storm_400_a200_c80_0003,182.0888,182.0888,,,269,1,0.4373,0.6650,D20,43.098,84.061,38,400
9,400,a200,atc,0.5,c09_storm_400_a200_c80_0003,182.0888,182.0888,57.2820,57.2820,277,1,0.4373,0.6650,D20,43.098,84.061,38,400
9,400,a200,edd,0.5,c09_storm_400_a200_c80_0003,182.0888,182.0888,,,277,1,0.4373,0.6650,D20,43.098,84.061,38,400
9,400,a200,atc,1.0,c09_storm_400_a200_c80_0003,174.7496,174.7496,59.6816,59.6816,246,1,0.4373,0.6650,D20,43.098,84.061,38,400
9,400,a200,edd,1.0,c09_storm_400_a200_c80_0003,174.7496,174.7496,,,246,1,0.4373,0.6650,D20,43.098,84.061,38,400
9,400,a200,atc,0.25,c09_storm_400_a200_c80_0004,147.3152,147.3152,0.0000,0.0000,258,1,0.3888,0.6112,D20,43.931,83.895,28,400
9,400,a200,edd,0.25,c09_storm_400_a200_c80_0004,147.3152,147.3152,,,258,1,0.3888,0.6112,D20,43.931,83.895,28,400
9,400,a200,atc,0.5,c09_storm_400_a200_c80_0004,147.3152,147.3152,0.0000,0.0000,275,1,0.3888,0.6112,D20,43.931,83.895,28,400
9,400,a200,edd,0.5,c09_storm_400_a200_c80_0004,147.3152,147.3152,,,275,1,0.3888,0.6112,D20,43.931,83.895,28,400
9,400,a200,atc,1.0,c09_storm_400_a200_c80_0004,187.2076,187.2076,0.0000,0.0000,235,1,0.3888,0.6112,D20,43.931,83.895,28,400
9,400,a200,edd,1.0,c09_storm_400_a200_c80_0004,187.2076,187.2076,,,235,1,0.3888,0.6112,D20,43.931,83.895,28,400
9,400,a200,atc,0.25,c09_storm_400_a200_c80_0005,18.7920,18.7920,16.1720,16.1720,242,1,0.4477,0.8023,C30,42.160,83.595,39,400
9,400,a200,edd,0.25,c09_storm_400_a200_c80_0005,18.7920,18.7920,,,242,1,0.4477,0.8023,C30,42.160,83.595,39,400
9,400,a200,atc,0.5,c09_storm_400_a200_c80_0005,16.1720,16.1720,16.1720,16.1720,262,1,0.4477,0.8023,C30,42.160,83.595,39,400
9,400,a200,edd,0.5,c09_storm_400_a200_c80_0005,16.1720,16.1720,,,262,1,0.4477,0.8023,C30,42.160,83.595,39,400
9,400,a200,atc,1.0,c09_storm_400_a200_c80_0005,46.7128,46.7128,16.1720,16.1720,234,1,0.4477,0.8023,C30,42.160,83.595,39,400
9,400,a200,edd,1.0,c09_storm_400_a200_c80_0005,46.7128,46.7128,,,234,1,0.4477,0.8023,C30,42.160,83.595,39,400
9,400,a200,atc,0.25,c09_storm_400_a200_c80_0006,167.8712,167.8712,15.1040,15.1040,266,1,0.4545,0.5890,D20,39.591,62.296,43,400
9,400,a200,edd,0.25,c09_storm_400_a200_c80_0006,167.8712,167.8712,,,266,1,0.4545,0.5890,D20,39.591,62.296,43,400
9,400,a200,atc,0.5,c09_storm_400_a200_c80_0006,153.4944,153.4944,15.1040,15.1040,265,1,0.4545,0.5890,D20,39.591,62.296,43,400
9,400,a200,edd,0.5,c09_storm_400_a200_c80_0006,153.4944,153.4944,,,265,1,0.4545,0.5890,D20,39.591,62.296,43,400
9,400,a200,atc,1.0,c09_storm_400_a200_c80_0006,296.5984,296.5984,30.2080,30.2080,234,1,0.4545,0.5890,D20,39.591,62.296,43,400
9,400,a200,edd,1.0,c09_storm_400_a200_c80_0006,296.5984,296.5984,,,234,1,0.4545,0.5890,D20,39.591,62.296,43,400
9,400,a200,atc,0.25,c09_storm_400_a200_c80_0007,108.9704,108.9704,30.4754,30.4754,267,1,0.3822,0.5983,D50,42.659,76.943,30,400
9,400,a200,edd,0.25,c09_storm_400_a200_c80_0007,108.9704,108.9704,,,267,1,0.3822,0.5983,D50,42.659,76.943,30,400
9,400,a200,atc,0.5,c09_storm_400_a200_c80_0007,105.5432,105.5432,60.9508,60.9508,257,1,0.3822,0.5983,D50,42.659,76.943,30,400
9,400,a200,edd,0.5,c09_storm_400_a200_c80_0007,105.5432,105.5432,,,257,1,0.3822,0.5983,D50,42.659,76.943,30,400
9,400,a200,atc,1.0,c09_storm_400_a200_c80_0007,341.1928,341.1928,121.9016,121.9016,224,1,0.3822,0.5983,D50,42.659,76.943,30,400
9,400,a200,edd,1.0,c09_storm_400_a200_c80_0007,341.1928,341.1928,,,224,1,0.3822,0.5983,D50,42.659,76.943,30,400
9,400,a200,atc,0.25,c09_storm_400_a200_c80_0008,98.4392,98.4392,54.8640,54.8640,258,1,0.3827,0.6851,E10,43.127,74.553,26,400
9,400,a200,edd,0.25,c09_storm_400_a200_c80_0008,98.4392,98.4392,,,258,1,0.3827,0.6851,E10,43.127,74.553,26,400
9,400,a200,atc,0.5,c09_storm_400_a200_c80_0008,98.4392,98.4392,54.8640,54.8640,262,1,0.3827,0.6851,E10,43.127,74.553,26,400
9,400,a200,edd,0.5,c09_storm_400_a200_c80_0008,98.4392,98.4392,,,262,1,0.3827,0.6851,E10,43.127,74.553,26,400
9,400,a200,atc,1.0,c09_storm_400_a200_c80_0008,155.7636,155.7636,54.8640,54.8640,244,1,0.3827,0.6851,E10,43.127,74.553,26,400
9,400,a200,edd,1.0,c09_storm_400_a200_c80_0008,155.7636,155.7636,,,244,1,0.3827,0.6851,E10,43.127,74.553,26,400
9,400,a200,atc,0.25,c09_storm_400_a200_c80_0009,388.2176,388.2176,168.3976,168.3976,268,1,0.3848,0.7756,E10,46.819,86.172,35,400
9,400,a200,edd,0.25,c09_storm_400_a200_c80_0009,388.2176,388.2176,,,268,1,0.3848,0.7756,E10,46.819,86.172,35,400
9,400,a200,atc,0.5,c09_storm_400_a200_c80_0009,362.0816,362.0816,168.3976,168.3976,257,1,0.3848,0.7756,E10,46.819,86.172,35,400
9,400,a200,edd,0.5,c09_storm_400_a200_c80_0009,362.0816,362.0816,,,257,1,0.3848,0.7756,E10,46.819,86.172,35,400
9,400,a200,atc,1.0,c09_storm_400_a200_c80_0009,558.0984,558.0984,168.3976,168.3976,226,1,0.3848,0.7756,E10,46.819,86.172,35,400
9,400,a200,edd,1.0,c09_storm_400_a200_c80_0009,558.0984,558.0984,,,226,1,0.3848,0.7756,E10,46.819,86.172,35,400
9,400,a200,atc,0.25,c09_storm_400_a200_c80_0010,50.2336,50.2336,0.3864,0.3864,264,1,0.4332,0.8879,B30,39.688,68.513,28,400
9,400,a200,edd,0.25,c09_storm_400_a200_c80_0010,50.2336,50.2336,,,264,1,0.4332,0.8879,B30,39.688,68.513,28,400
9,400,a200,atc,0.5,c09_storm_400_a200_c80_0010,51.0064,51.0064,0.7728,0.7728,256,1,0.4332,0.8879,B30,39.688,68.513,28,400
9,400,a200,edd,0.5,c09_storm_400_a200_c80_0010,51.0064,51.0064,,,256,1,0.4332,0.8879,B30,39.688,68.513,28,400
9,400,a200,atc,1.0,c09_storm_400_a200_c80_0010,178.3880,178.3880,0.7728,0.7728,237,1,0.4332,0.8879,B30,39.688,68.513,28,400
9,400,a200,edd,1.0,c09_storm_400_a200_c80_0010,178.3880,178.3880,,,237,1,0.4332,0.8879,B30,39.688,68.513,28,400
9,400,a200,atc,0.25,c09_storm_400_a200_c80_0011,488.7024,488.7024,283.1608,283.1608,254,1,0.4357,0.8676,E10,42.212,81.362,32,400
9,400,a200,edd,0.25,c09_storm_400_a200_c80_0011,488.7024,488.7024,,,254,1,0.4357,0.8676,E10,42.212,81.362,32,400
9,400,a200,atc,0.5,c09_storm_400_a200_c80_0011,488.7024,488.7024,283.1608,283.1608,265,1,0.4357,0.8676,E10,42.212,81.362,32,400
9,400,a200,edd,0.5,c09_storm_400_a200_c80_0011,488.7024,488.7024,,,265,1,0.4357,0.8676,E10,42.212,81.362,32,400
9,400,a200,atc,1.0,c09_storm_400_a200_c80_0011,103.1848,103.1848,115.9528,115.9528,228,1,0.4357,0.8676,E10,42.212,81.362,32,400
9,400,a200,edd,1.0,c09_storm_400_a200_c80_0011,103.1848,103.1848,,,228,1,0.4357,0.8676,E10,42.212,81.362,32,400
9,400,a200,atc,0.25,c09_storm_400_a200_c80_0012,176.4112,176.4112,17.7120,17.7120,248,1,0.3915,0.6353,D50,41.073,81.364,39,400
9,400,a200,edd,0.25,c09_storm_400_a200_c80_0012,176.4112,176.4112,,,248,1,0.3915,0.6353,D50,41.073,81.364,39,400
9,400,a200,atc,0.5,c09_storm_400_a200_c80_0012,176.4112,176.4112,17.7120,17.7120,252,1,0.3915,0.6353,D50,41.073,81.364,39,400
9,400,a200,edd,0.5,c09_storm_400_a200_c80_0012,176.4112,176.4112,,,252,1,0.3915,0.6353,D50,41.073,81.364,39,400
9,400,a200,atc,1.0,c09_storm_400_a200_c80_0012,109.9288,109.9288,8.8560,8.8560,250,1,0.3915,0.6353,D50,41.073,81.364,39,400
9,400,a200,edd,1.0,c09_storm_400_a200_c80_0012,109.9288,109.9288,,,250,1,0.3915,0.6353,D50,41.073,81.364,39,400
9,400,a200,atc,0.25,c09_storm_400_a200_c80_0013,206.0552,206.0552,177.1508,177.1508,246,1,0.3766,0.5553,D50,39.094,53.487,32,400
9,400,a200,edd,0.25,c09_storm_400_a200_c80_0013,206.0552,206.0552,,,246,1,0.3766,0.5553,D50,39.094,53.487,32,400
9,400,a200,atc,0.5,c09_storm_400_a200_c80_0013,223.5144,223.5144,177.1508,177.1508,256,1,0.3766,0.5553,D50,39.094,53.487,32,400
9,400,a200,edd,0.5,c09_storm_400_a200_c80_0013,223.5144,223.5144,,,256,1,0.3766,0.5553,D50,39.094,53.487,32,400
9,400,a200,atc,1.0,c09_storm_400_a200_c80_0013,329.0440,329.0440,183.0896,183.0896,250,1,0.3766,0.5553,D50,39.094,53.487,32,400
9,400,a200,edd,1.0,c09_storm_400_a200_c80_0013,329.0440,329.0440,,,250,1,0.3766,0.5553,D50,39.094,53.487,32,400
9,400,a200,atc,0.25,c09_storm_400_a200_c80_0014,168.3224,168.3224,113.3552,113.3552,249,1,0.4140,0.6530,D50,43.092,92.708,22,400
9,400,a200,edd,0.25,c09_storm_400_a200_c80_0014,168.3224,168.3224,,,249,1,0.4140,0.6530,D50,43.092,92.708,22,400
9,400,a200,atc,0.5,c09_storm_400_a200_c80_0014,234.2432,234.2432,113.3552,113.3552,264,1,0.4140,0.6530,D50,43.092,92.708,22,400
9,400,a200,edd,0.5,c09_storm_400_a200_c80_0014,234.2432,234.2432,,,264,1,0.4140,0.6530,D50,43.092,92.708,22,400
9,400,a200,atc,1.0,c09_storm_400_a200_c80_0014,93.2192,93.2192,84.4276,84.4276,253,1,0.4140,0.6530,D50,43.092,92.708,22,400
9,400,a200,edd,1.0,c09_storm_400_a200_c80_0014,93.2192,93.2192,,,253,1,0.4140,0.6530,D50,43.092,92.708,22,400
9,400,a200,atc,0.25,c09_storm_400_a200_c80_0015,179.4368,179.4368,41.8856,41.8856,242,1,0.4067,0.6425,B30,41.399,72.283,41,400
9,400,a200,edd,0.25,c09_storm_400_a200_c80_0015,179.4368,179.4368,,,242,1,0.4067,0.6425,B30,41.399,72.283,41,400
9,400,a200,atc,0.5,c09_storm_400_a200_c80_0015,179.7136,179.7136,41.8856,41.8856,260,1,0.4067,0.6425,B30,41.399,72.283,41,400
9,400,a200,edd,0.5,c09_storm_400_a200_c80_0015,179.7136,179.7136,,,260,1,0.4067,0.6425,B30,41.399,72.283,41,400
9,400,a200,atc,1.0,c09_storm_400_a200_c80_0015,81.5136,81.5136,41.8856,41.8856,261,1,0.4067,0.6425,B30,41.399,72.283,41,400
9,400,a200,edd,1.0,c09_storm_400_a200_c80_0015,81.5136,81.5136,,,261,1,0.4067,0.6425,B30,41.399,72.283,41,400
9,400,a200,atc,0.25,c09_storm_400_a200_c80_0016,346.6448,346.6448,236.4604,236.4604,259,1,0.3801,0.5762,D20,43.768,61.981,39,400
9,400,a200,edd,0.25,c09_storm_400_a200_c80_0016,346.6448,346.6448,,,259,1,0.3801,0.5762,D20,43.768,61.981,39,400
9,400,a200,atc,0.5,c09_storm_400_a200_c80_0016,359.5328,359.5328,236.4604,236.4604,258,1,0.3801,0.5762,D20,43.768,61.981,39,400
9,400,a200,edd,0.5,c09_storm_400_a200_c80_0016,359.5328,359.5328,,,258,1,0.3801,0.5762,D20,43.768,61.981,39,400
9,400,a200,atc,1.0,c09_storm_400_a200_c80_0016,376.7096,376.7096,245.0488,245.0488,245,1,0.3801,0.5762,D20,43.768,61.981,39,400
9,400,a200,edd,1.0,c09_storm_400_a200_c80_0016,376.7096,376.7096,,,245,1,0.3801,0.5762,D20,43.768,61.981,39,400
9,400,a200,atc,0.25,c09_storm_400_a200_c80_0017,55.5584,55.5584,4.1043,4.1043,265,1,0.3970,0.5674,D30,42.263,66.404,30,400
9,400,a200,edd,0.25,c09_storm_400_a200_c80_0017,55.5584,55.5584,,,265,1,0.3970,0.5674,D30,42.263,66.404,30,400
9,400,a200,atc,0.5,c09_storm_400_a200_c80_0017,55.5584,55.5584,4.1043,4.1043,261,1,0.3970,0.5674,D30,42.263,66.404,30,400
9,400,a200,edd,0.5,c09_storm_400_a200_c80_0017,55.5584,55.5584,,,261,1,0.3970,0.5674,D30,42.263,66.404,30,400
9,400,a200,atc,1.0,c09_storm_400_a200_c80_0017,103.0528,103.0528,8.2086,8.2086,244,1,0.3970,0.5674,D30,42.263,66.404,30,400
9,400,a200,edd,1.0,c09_storm_400_a200_c80_0017,103.0528,103.0528,,,244,1,0.3970,0.5674,D30,42.263,66.404,30,400
9,400,a200,atc,0.25,c09_storm_400_a200_c80_0018,201.3388,201.3388,53.3244,53.3244,254,1,0.4086,0.6200,D50,41.717,61.153,32,400
9,400,a200,edd,0.25,c09_storm_400_a200_c80_0018,201.3388,201.3388,,,254,1,0.4086,0.6200,D50,41.717,61.153,32,400
9,400,a200,atc,0.5,c09_storm_400_a200_c80_0018,201.3388,201.3388,53.3244,53.3244,260,1,0.4086,0.6200,D50,41.717,61.153,32,400
9,400,a200,edd,0.5,c09_storm_400_a200_c80_0018,201.3388,201.3388,,,260,1,0.4086,0.6200,D50,41.717,61.153,32,400
9,400,a200,atc,1.0,c09_storm_400_a200_c80_0018,201.3388,201.3388,53.3244,53.3244,246,1,0.4086,0.6200,D50,41.717,61.153,32,400
9,400,a200,edd,1.0,c09_storm_400_a200_c80_0018,201.3388,201.3388,,,246,1,0.4086,0.6200,D50,41.717,61.153,32,400
9,400,a200,atc,0.25,c09_storm_400_a200_c80_0019,88.6072,88.6072,0.0000,0.0000,247,1,0.4320,0.6398,D50,41.494,80.824,36,400
9,400,a200,edd,0.25,c09_storm_400_a200_c80_0019,88.6072,88.6072,,,247,1,0.4320,0.6398,D50,41.494,80.824,36,400
9,400,a200,atc,0.5,c09_storm_400_a200_c80_0019,88.6072,88.6072,0.0000,0.0000,266,1,0.4320,0.6398,D50,41.494,80.824,36,400
9,400,a200,edd,0.5,c09_storm_400_a200_c80_0019,88.6072,88.6072,,,266,1,0.4320,0.6398,D50,41.494,80.824,36,400
9,400,a200,atc,1.0,c09_storm_400_a200_c80_0019,100.4792,100.4792,0.0000,0.0000,258,1,0.4320,0.6398,D50,41.494,80.824,36,400
9,400,a200,edd,1.0,c09_storm_400_a200_c80_0019,100.4792,100.4792,,,258,1,0.4320,0.6398,D50,41.494,80.824,36,400
9,400,a200,atc,0.25,c09_storm_400_a200_c80_0020,58.0688,58.0688,41.7728,41.7728,264,1,0.4225,0.6609,D20,38.873,55.163,33,400
9,400,a200,edd,0.25,c09_storm_400_a200_c80_0020,58.0688,58.0688,,,264,1,0.4225,0.6609,D20,38.873,55.163,33,400
9,400,a200,atc,0.5,c09_storm_400_a200_c80_0020,58.0688,58.0688,41.7728,41.7728,256,1,0.4225,0.6609,D20,38.873,55.163,33,400
9,400,a200,edd,0.5,c09_storm_400_a200_c80_0020,58.0688,58.0688,,,256,1,0.4225,0.6609,D20,38.873,55.163,33,400
9,400,a200,atc,1.0,c09_storm_400_a200_c80_0020,41.7728,41.7728,41.7728,41.7728,240,1,0.4225,0.6609,D20,38.873,55.163,33,400
9,400,a200,edd,1.0,c09_storm_400_a200_c80_0020,41.7728,41.7728,,,240,1,0.4225,0.6609,D20,38.873,55.163,33,400
9,400,a200,atc,0.25,c09_storm_400_a200_c80_0021,205.0584,205.0584,34.8696,34.8696,258,1,0.3942,0.5569,D50,44.105,66.150,26,400
9,400,a200,edd,0.25,c09_storm_400_a200_c80_0021,205.0584,205.0584,,,258,1,0.3942,0.5569,D50,44.105,66.150,26,400
9,400,a200,atc,0.5,c09_storm_400_a200_c80_0021,205.0584,205.0584,34.8696,34.8696,265,1,0.3942,0.5569,D50,44.105,66.150,26,400
9,400,a200,edd,0.5,c09_storm_400_a200_c80_0021,205.0584,205.0584,,,265,1,0.3942,0.5569,D50,44.105,66.150,26,400
9,400,a200,atc,1.0,c09_storm_400_a200_c80_0021,101.0940,101.0940,34.8696,34.8696,246,1,0.3942,0.5569,D50,44.105,66.150,26,400
9,400,a200,edd,1.0,c09_storm_400_a200_c80_0021,101.0940,101.0940,,,246,1,0.3942,0.5569,D50,44.105,66.150,26,400
9,400,a200,atc,0.25,c09_storm_400_a200_c80_0022,247.5316,247.5316,175.3212,175.3212,245,1,0.4598,0.6499,C10,43.648,75.048,40,400
9,400,a200,edd,0.25,c09_storm_400_a200_c80_0022,247.5316,247.5316,,,245,1,0.4598,0.6499,C10,43.648,75.048,40,400
9,400,a200,atc,0.5,c09_storm_400_a200_c80_0022,157.6200,157.6200,98.3654,98.3654,259,1,0.4598,0.6499,C10,43.648,75.048,40,400
9,400,a200,edd,0.5,c09_storm_400_a200_c80_0022,157.6200,157.6200,,,259,1,0.4598,0.6499,C10,43.648,75.048,40,400
9,400,a200,atc,1.0,c09_storm_400_a200_c80_0022,252.0404,252.0404,175.3212,175.3212,237,1,0.4598,0.6499,C10,43.648,75.048,40,400
9,400,a200,edd,1.0,c09_storm_400_a200_c80_0022,252.0404,252.0404,,,237,1,0.4598,0.6499,C10,43.648,75.048,40,400
9,400,a200,atc,0.25,c09_storm_400_a200_c80_0023,281.6672,281.6672,130.9934,130.9934,260,1,0.4058,0.7271,C10,44.984,79.617,27,400
9,400,a200,edd,0.25,c09_storm_400_a200_c80_0023,281.6672,281.6672,,,260,1,0.4058,0.7271,C10,44.984,79.617,27,400
9,400,a200,atc,0.5,c09_storm_400_a200_c80_0023,374.8392,374.8392,177.5794,177.5794,268,1,0.4058,0.7271,C10,44.984,79.617,27,400
9,400,a200,edd,0.5,c09_storm_400_a200_c80_0023,374.8392,374.8392,,,268,1,0.4058,0.7271,C10,44.984,79.617,27,400
9,400,a200,atc,1.0,c09_storm_400_a200_c80_0023,458.8552,458.8552,200.5218,200.5218,240,1,0.4058,0.7271,C10,44.984,79.617,27,400
9,400,a200,edd,1.0,c09_storm_400_a200_c80_0023,458.8552,458.8552,,,240,1,0.4058,0.7271,C10,44.984,79.617,27,400
9,400,a200,atc,0.25,c09_storm_400_a200_c80_0024,124.3456,124.3456,59.4328,59.4328,260,1,0.3720,0.7424,C10,43.995,58.308,30,400
9,400,a200,edd,0.25,c09_storm_400_a200_c80_0024,124.3456,124.3456,,,260,1,0.3720,0.7424,C10,43.995,58.308,30,400
9,400,a200,atc,0.5,c09_storm_400_a200_c80_0024,127.1376,127.1376,59.4328,59.4328,251,1,0.3720,0.7424,C10,43.995,58.308,30,400
9,400,a200,edd,0.5,c09_storm_400_a200_c80_0024,127.1376,127.1376,,,251,1,0.3720,0.7424,C10,43.995,58.308,30,400
9,400,a200,atc,1.0,c09_storm_400_a200_c80_0024,127.1376,127.1376,59.4328,59.4328,215,1,0.3720,0.7424,C10,43.995,58.308,30,400
9,400,a200,edd,1.0,c09_storm_400_a200_c80_0024,127.1376,127.1376,,,215,1,0.3720,0.7424,C10,43.995,58.308,30,400
9,400,a200,atc,0.25,c09_storm_400_a200_c80_0025,276.1160,276.1160,67.4648,67.4648,258,1,0.3808,0.6090,D50,44.615,79.576,15,400
9,400,a200,edd,0.25,c09_storm_400_a200_c80_0025,276.1160,276.1160,,,258,1,0.3808,0.6090,D50,44.615,79.576,15,400
9,400,a200,atc,0.5,c09_storm_400_a200_c80_0025,234.9368,234.9368,45.8912,45.8912,266,1,0.3808,0.6090,D50,44.615,79.576,15,400
9,400,a200,edd,0.5,c09_storm_400_a200_c80_0025,234.9368,234.9368,,,266,1,0.3808,0.6090,D50,44.615,79.576,15,400
9,400,a200,atc,1.0,c09_storm_400_a200_c80_0025,278.0840,278.0840,67.4648,67.4648,240,1,0.3808,0.6090,D50,44.615,79.576,15,400
9,400,a200,edd,1.0,c09_storm_400_a200_c80_0025,278.0840,278.0840,,,240,1,0.3808,0.6090,D50,44.615,79.576,15,400
9,400,a200,atc,0.25,c09_storm_400_a200_c80_0026,357.3696,357.3696,263.8128,263.8128,258,1,0.4136,0.5848,D30,43.304,81.145,25,400
9,400,a200,edd,0.25,c09_storm_400_a200_c80_0026,357.3696,357.3696,,,258,1,0.4136,0.5848,D30,43.304,81.145,25,400
9,400,a200,atc,0.5,c09_storm_400_a200_c80_0026,357.3696,357.3696,287.6024,287.6024,270,1,0.4136,0.5848,D30,43.304,81.145,25,400
9,400,a200,edd,0.5,c09_storm_400_a200_c80_0026,357.3696,357.3696,,,270,1,0.4136,0.5848,D30,43.304,81.145,25,400
9,400,a200,atc,1.0,c09_storm_400_a200_c80_0026,379.2800,379.2800,335.1816,335.1816,255,1,0.4136,0.5848,D30,43.304,81.145,25,400
9,400,a200,edd,1.0,c09_storm_400_a200_c80_0026,379.2800,379.2800,,,255,1,0.4136,0.5848,D30,43.304,81.145,25,400
9,400,a200,atc,0.25,c09_storm_400_a200_c80_0027,162.4704,162.4704,58.7016,58.7016,258,1,0.4402,0.8977,B30,40.417,79.309,32,400
9,400,a200,edd,0.25,c09_storm_400_a200_c80_0027,162.4704,162.4704,,,258,1,0.4402,0.8977,B30,40.417,79.309,32,400
9,400,a200,atc,0.5,c09_storm_400_a200_c80_0027,173.0720,173.0720,58.7016,58.7016,269,1,0.4402,0.8977,B30,40.417,79.309,32,400
9,400,a200,edd,0.5,c09_storm_400_a200_c80_0027,173.0720,173.0720,,,269,1,0.4402,0.8977,B30,40.417,79.309,32,400
9,400,a200,atc,1.0,c09_storm_400_a200_c80_0027,274.7144,274.7144,58.7016,58.7016,260,1,0.4402,0.8977,B30,40.417,79.309,32,400
9,400,a200,edd,1.0,c09_storm_400_a200_c80_0027,274.7144,274.7144,,,260,1,0.4402,0.8977,B30,40.417,79.309,32,400
9,400,a200,atc,0.25,c09_storm_400_a200_c80_0028,624.8632,624.8632,366.5520,366.5520,245,1,0.3922,0.6119,D30,40.714,73.068,36,400
9,400,a200,edd,0.25,c09_storm_400_a200_c80_0028,624.8632,624.8632,,,245,1,0.3922,0.6119,D30,40.714,73.068,36,400
9,400,a200,atc,0.5,c09_storm_400_a200_c80_0028,452.1128,452.1128,255.5520,255.5520,250,1,0.3922,0.6119,D30,40.714,73.068,36,400
9,400,a200,edd,0.5,c09_storm_400_a200_c80_0028,452.1128,452.1128,,,250,1,0.3922,0.6119,D30,40.714,73.068,36,400
9,400,a200,atc,1.0,c09_storm_400_a200_c80_0028,341.1128,341.1128,200.0520,200.0520,232,1,0.3922,0.6119,D30,40.714,73.068,36,400
9,400,a200,edd,1.0,c09_storm_400_a200_c80_0028,341.1128,341.1128,,,232,1,0.3922,0.6119,D30,40.714,73.068,36,400
9,400,a200,atc,0.25,c09_storm_400_a200_c80_0029,83.0536,83.0536,0.0000,0.0000,240,1,0.4585,0.6069,B20,37.220,58.307,34,400
9,400,a200,edd,0.25,c09_storm_400_a200_c80_0029,83.0536,83.0536,,,240,1,0.4585,0.6069,B20,37.220,58.307,34,400
9,400,a200,atc,0.5,c09_storm_400_a200_c80_0029,83.0536,83.0536,0.0000,0.0000,253,1,0.4585,0.6069,B20,37.220,58.307,34,400
9,400,a200,edd,0.5,c09_storm_400_a200_c80_0029,83.0536,83.0536,,,253,1,0.4585,0.6069,B20,37.220,58.307,34,400
9,400,a200,atc,1.0,c09_storm_400_a200_c80_0029,5.6944,5.6944,0.0000,0.0000,244,1,0.4585,0.6069,B20,37.220,58.307,34,400
9,400,a200,edd,1.0,c09_storm_400_a200_c80_0029,5.6944,5.6944,,,244,1,0.4585,0.6069,B20,37.220,58.307,34,400
9,400,a300,atc,0.25,c09_storm_400_a300_c80_0000,369.7572,369.7572,203.9420,203.9420,243,1,0.5954,0.8055,C10,28.030,71.648,50,400
9,400,a300,edd,0.25,c09_storm_400_a300_c80_0000,369.7572,369.7572,,,243,1,0.5954,0.8055,C10,28.030,71.648,50,400
9,400,a300,atc,0.5,c09_storm_400_a300_c80_0000,112.4668,112.4668,120.9112,120.9112,238,1,0.5954,0.8055,C10,28.030,71.648,50,400
9,400,a300,edd,0.5,c09_storm_400_a300_c80_0000,112.4668,112.4668,,,238,1,0.5954,0.8055,C10,28.030,71.648,50,400
9,400,a300,atc,1.0,c09_storm_400_a300_c80_0000,185.6612,185.6612,158.7916,158.7916,183,1,0.5954,0.8055,C10,28.030,71.648,50,400
9,400,a300,edd,1.0,c09_storm_400_a300_c80_0000,185.6612,185.6612,,,183,1,0.5954,0.8055,C10,28.030,71.648,50,400
9,400,a300,atc,0.25,c09_storm_400_a300_c80_0001,499.4496,497.7304,294.7716,293.0524,241,1,0.6656,1.2705,C10,28.333,79.228,55,400
9,400,a300,edd,0.25,c09_storm_400_a300_c80_0001,497.7304,498.1616,,,241,1,0.6656,1.2705,C10,28.333,79.228,55,400
9,400,a300,atc,0.5,c09_storm_400_a300_c80_0001,356.8000,355.0808,294.7716,293.0524,251,1,0.6656,1.2705,C10,28.333,79.228,55,400
9,400,a300,edd,0.5,c09_storm_400_a300_c80_0001,355.0808,355.4944,,,251,1,0.6656,1.2705,C10,28.333,79.228,55,400
9,400,a300,atc,1.0,c09_storm_400_a300_c80_0001,187.1440,185.4248,261.2860,259.5668,200,1,0.6656,1.2705,C10,28.333,79.228,55,400
9,400,a300,edd,1.0,c09_storm_400_a300_c80_0001,185.4248,187.7256,,,200,1,0.6656,1.2705,C10,28.333,79.228,55,400
9,400,a300,atc,0.25,c09_storm_400_a300_c80_0002,442.3064,443.3776,196.6296,196.6296,251,1,0.6265,1.4085,E20,29.258,77.821,51,400
9,400,a300,edd,0.25,c09_storm_400_a300_c80_0002,441.3432,441.3432,,,251,1,0.6265,1.4085,E20,29.258,77.821,51,400
9,400,a300,atc,0.5,c09_storm_400_a300_c80_0002,442.3064,443.3776,196.6296,196.6296,246,1,0.6265,1.4085,E20,29.258,77.821,51,400
9,400,a300,edd,0.5,c09_storm_400_a300_c80_0002,441.3432,441.3432,,,246,1,0.6265,1.4085,E20,29.258,77.821,51,400
9,400,a300,atc,1.0,c09_storm_400_a300_c80_0002,442.3064,443.3776,196.6296,196.6296,224,1,0.6265,1.4085,E20,29.258,77.821,51,400
9,400,a300,edd,1.0,c09_storm_400_a300_c80_0002,441.3432,442.4784,,,224,1,0.6265,1.4085,E20,29.258,77.821,51,400
9,400,a300,atc,0.25,c09_storm_400_a300_c80_0003,128.8448,127.2144,0.0000,0.0000,239,1,0.6600,1.2601,C30,26.733,69.839,49,400
9,400,a300,edd,0.25,c09_storm_400_a300_c80_0003,127.2144,127.2144,,,239,1,0.6600,1.2601,C30,26.733,69.839,49,400
9,400,a300,atc,0.5,c09_storm_400_a300_c80_0003,128.8448,127.2144,0.0000,0.0000,233,1,0.6600,1.2601,C30,26.733,69.839,49,400
9,400,a300,edd,0.5,c09_storm_400_a300_c80_0003,127.2144,127.2144,,,233,1,0.6600,1.2601,C30,26.733,69.839,49,400
9,400,a300,atc,1.0,c09_storm_400_a300_c80_0003,137.5768,137.5768,0.0000,0.0000,183,1,0.6600,1.2601,C30,26.733,69.839,49,400
9,400,a300,edd,1.0,c09_storm_400_a300_c80_0003,137.5768,137.5768,,,183,1,0.6600,1.2601,C30,26.733,69.839,49,400
9,400,a300,atc,0.25,c09_storm_400_a300_c80_0004,38.3056,36.9128,20.5956,20.5956,248,1,0.6685,0.8938,D20,26.802,49.646,54,400
9,400,a300,edd,0.25,c09_storm_400_a300_c80_0004,37.2872,40.8504,,,248,1,0.6685,0.8938,D20,26.802,49.646,54,400
9,400,a300,atc,0.5,c09_storm_400_a300_c80_0004,70.6440,70.3968,27.2392,27.2392,252,1,0.6685,0.8938,D20,26.802,49.646,54,400
9,400,a300,edd,0.5,c09_storm_400_a300_c80_0004,69.6256,68.7296,,,252,1,0.6685,0.8938,D20,26.802,49.646,54,400
9,400,a300,atc,1.0,c09_storm_400_a300_c80_0004,57.9904,54.7552,27.2392,27.2392,202,1,0.6685,0.8938,D20,26.802,49.646,54,400
9,400,a300,edd,1.0,c09_storm_400_a300_c80_0004,56.9720,54.7552,,,202,1,0.6685,0.8938,D20,26.802,49.646,54,400
9,400,a300,atc,0.25,c09_storm_400_a300_c80_0005,270.4924,270.4924,50.3248,50.3248,254,1,0.6248,1.0236,C30,29.403,61.821,55,400
9,400,a300,edd,0.25,c09_storm_400_a300_c80_0005,270.4924,270.4924,,,254,1,0.6248,1.0236,C30,29.403,61.821,55,400
9,400,a300,atc,0.5,c09_storm_400_a300_c80_0005,270.4924,270.4924,50.3248,50.3248,251,1,0.6248,1.0236,C30,29.403,61.821,55,400
9,400,a300,edd,0.5,c09_storm_400_a300_c80_0005,270.4924,270.4924,,,251,1,0.6248,1.0236,C30,29.403,61.821,55,400
9,400,a300,atc,1.0,c09_storm_400_a300_c80_0005,290.2340,290.2340,25.7884,25.7884,217,1,0.6248,1.0236,C30,29.403,61.821,55,400
9,400,a300,edd,1.0,c09_storm_400_a300_c80_0005,290.2340,290.2340,,,217,1,0.6248,1.0236,C30,29.403,61.821,55,400
9,400,a300,atc,0.25,c09_storm_400_a300_c80_0006,162.9656,162.9656,15.3128,15.3128,251,1,0.5838,0.8695,C30,28.086,75.010,56,400
9,400,a300,edd,0.25,c09_storm_400_a300_c80_0006,162.9656,162.9656,,,251,1,0.5838,0.8695,C30,28.086,75.010,56,400
9,400,a300,atc,0.5,c09_storm_400_a300_c80_0006,162.9656,162.9656,15.3128,15.3128,255,1,0.5838,0.8695,C30,28.086,75.010,56,400
9,400,a300,edd,0.5,c09_storm_400_a300_c80_0006,162.9656,162.9656,,,255,1,0.5838,0.8695,C30,28.086,75.010,56,400
9,400,a300,atc,1.0,c09_storm_400_a300_c80_0006,7.6564,7.6564,7.6564,7.6564,208,1,0.5838,0.8695,C30,28.086,75.010,56,400
9,400,a300,edd,1.0,c09_storm_400_a300_c80_0006,7.6564,7.6564,,,208,1,0.5838,0.8695,C30,28.086,75.010,56,400
9,400,a300,atc,0.25,c09_storm_400_a300_c80_0007,802.3336,802.3336,674.3336,674.3336,250,1,0.6564,1.0194,D30,25.890,70.762,46,400
9,400,a300,edd,0.25,c09_storm_400_a300_c80_0007,802.3336,802.3336,,,250,1,0.6564,1.0194,D30,25.890,70.762,46,400
9,400,a300,atc,0.5,c09_storm_400_a300_c80_0007,823.3000,823.3000,674.3336,674.3336,241,1,0.6564,1.0194,D30,25.890,70.762,46,400
9,400,a300,edd,0.5,c09_storm_400_a300_c80_0007,823.3000,823.3000,,,241,1,0.6564,1.0194,D30,25.890,70.762,46,400
9,400,a300,atc,1.0,c09_storm_400_a300_c80_0007,541.4640,541.4640,507.8336,507.8336,203,1,0.6564,1.0194,D30,25.890,70.762,46,400
9,400,a300,edd,1.0,c09_storm_400_a300_c80_0007,541.4640,541.4640,,,203,1,0.6564,1.0194,D30,25.890,70.762,46,400
9,400,a300,atc,0.25,c09_storm_400_a300_c80_0008,72.2228,72.2228,0.0000,0.0000,261,1,0.6450,0.9673,D30,29.506,60.281,49,400
9,400,a300,edd,0.25,c09_storm_400_a300_c80_0008,72.2228,72.2228,,,261,1,0.6450,0.9673,D30,29.506,60.281,49,400
9,400,a300,atc,0.5,c09_storm_400_a300_c80_0008,77.5420,77.5420,0.0000,0.0000,268,1,0.6450,0.9673,D30,29.506,60.281,49,400
9,400,a300,edd,0.5,c09_storm_400_a300_c80_0008,77.5420,77.5420,,,268,1,0.6450,0.9673,D30,29.506,60.281,49,400
9,400,a300,atc,1.0,c09_storm_400_a300_c80_0008,62.1284,62.1284,0.0000,0.0000,227,1,0.6450,0.9673,D30,29.506,60.281,49,400
9,400,a300,edd,1.0,c09_storm_400_a300_c80_0008,62.1284,62.1284,,,227,1,0.6450,0.9673,D30,29.506,60.281,49,400
9,400,a300,atc,0.25,c09_storm_400_a300_c80_0009,6.0920,6.0920,0.0000,0.0000,245,1,0.5877,1.0144,C10,26.755,44.272,53,400
9,400,a300,edd,0.25,c09_storm_400_a300_c80_0009,6.0920,6.0920,,,245,1,0.5877,1.0144,C10,26.755,44.272,53,400
9,400,a300,atc,0.5,c09_storm_400_a300_c80_0009,6.0920,6.0920,0.0000,0.0000,236,1,0.5877,1.0144,C10,26.755,44.272,53,400
9,400,a300,edd,0.5,c09_storm_400_a300_c80_0009,6.0920,6.0920,,,236,1,0.5877,1.0144,C10,26.755,44.272,53,400
9,400,a300,atc,1.0,c09_storm_400_a300_c80_0009,6.0920,6.0920,0.0000,0.0000,202,1,0.5877,1.0144,C10,26.755,44.272,53,400
9,400,a300,edd,1.0,c09_storm_400_a300_c80_0009,6.0920,6.0920,,,202,1,0.5877,1.0144,C10,26.755,44.272,53,400
9,400,a300,atc,0.25,c09_storm_400_a300_c80_0010,123.5960,123.5960,80.3678,80.3678,257,1,0.6606,1.3707,E20,28.050,52.184,65,400
9,400,a300,edd,0.25,c09_storm_400_a300_c80_0010,123.5960,123.5960,,,257,1,0.6606,1.3707,E20,28.050,52.184,65,400
9,400,a300,atc,0.5,c09_storm_400_a300_c80_0010,126.7384,126.7384,80.3678,80.3678,251,1,0.6606,1.3707,E20,28.050,52.184,65,400
9,400,a300,edd,0.5,c09_storm_400_a300_c80_0010,126.7384,126.7384,,,251,1,0.6606,1.3707,E20,28.050,52.184,65,400
9,400,a300,atc,1.0,c09_storm_400_a300_c80_0010,74.1584,74.1584,80.3678,80.3678,219,1,0.6606,1.3707,E20,28.050,52.184,65,400
9,400,a300,edd,1.0,c09_storm_400_a300_c80_0010,74.1584,74.1584,,,219,1,0.6606,1.3707,E20,28.050,52.184,65,400
9,400,a300,atc,0.25,c09_storm_400_a300_c80_0011,186.0356,186.0356,84.0428,84.0428,240,1,0.5967,0.9729,B30,29.284,72.907,44,400
9,400,a300,edd,0.25,c09_storm_400_a300_c80_0011,186.0356,186.0356,,,240,1,0.5967,0.9729,B30,29.284,72.907,44,400
9,400,a300,atc,0.5,c09_storm_400_a300_c80_0011,188.3596,188.3596,84.0428,84.0428,228,1,0.5967,0.9729,B30,29.284,72.907,44,400
9,400,a300,edd,0.5,c09_storm_400_a300_c80_0011,188.3596,188.3596,,,228,1,0.5967,0.9729,B30,29.284,72.907,44,400
9,400,a300,atc,1.0,c09_storm_400_a300_c80_0011,82.2556,82.2556,78.5152,78.5152,205,1,0.5967,0.9729,B30,29.284,72.907,44,400
9,400,a300,edd,1.0,c09_storm_400_a300_c80_0011,82.2556,82.2556,,,205,1,0.5967,0.9729,B30,29.284,72.907,44,400
9,400,a300,atc,0.25,c09_storm_400_a300_c80_0012,84.0472,84.0472,84.0472,84.0472,248,1,0.5696,0.7724,D50,29.681,79.930,46,400
9,400,a300,edd,0.25,c09_storm_400_a300_c80_0012,84.0472,84.0472,,,248,1,0.5696,0.7724,D50,29.681,79.930,46,400
9,400,a300,atc,0.5,c09_storm_400_a300_c80_0012,84.0472,84.0472,84.0472,84.0472,242,1,0.5696,0.7724,D50,29.681,79.930,46,400
9,400,a300,edd,0.5,c09_storm_400_a300_c80_0012,84.0472,84.0472,,,242,1,0.5696,0.7724,D50,29.681,79.930,46,400
9,400,a300,atc,1.0,c09_storm_400_a300_c80_0012,81.9716,81.9716,72.2308,72.2308,207,1,0.5696,0.7724,D50,29.681,79.930,46,400
9,400,a300,edd,1.0,c09_storm_400_a300_c80_0012,81.9716,81.9716,,,207,1,0.5696,0.7724,D50,29.681,79.930,46,400
9,400,a300,atc,0.25,c09_storm_400_a300_c80_0013,50.7848,50.1664,55.5536,55.5536,240,1,0.6285,0.8141,D30,29.407,57.217,46,400
9,400,a300,edd,0.25,c09_storm_400_a300_c80_0013,50.7848,50.1664,,,240,1,0.6285,0.8141,D30,29.407,57.217,46,400
9,400,a300,atc,0.5,c09_storm_400_a300_c80_0013,68.6152,67.9968,55.5536,55.5536,242,1,0.6285,0.8141,D30,29.407,57.217,46,400
9,400,a300,edd,0.5,c09_storm_400_a300_c80_0013,68.6152,67.9968,,,242,1,0.6285,0.8141,D30,29.407,57.217,46,400
9,400,a300,atc,1.0,c09_storm_400_a300_c80_0013,145.5192,145.5192,111.1072,111.1072,222,1,0.6285,0.8141,D30,29.407,57.217,46,400
9,400,a300,edd,1.0,c09_storm_400_a300_c80_0013,145.5192,145.5192,,,222,1,0.6285,0.8141,D30,29.407,57.217,46,400
9,400,a300,atc,0.25,c09_storm_400_a300_c80_0014,66.0928,66.0928,21.5424,21.5424,244,1,0.6288,0.9794,D50,28.396,68.524,52,400
9,400,a300,edd,0.25,c09_storm_400_a300_c80_0014,66.0928,66.0928,,,244,1,0.6288,0.9794,D50,28.396,68.524,52,400
9,400,a300,atc,0.5,c09_storm_400_a300_c80_0014,28.1592,28.1592,21.5424,21.5424,243,1,0.6288,0.9794,D50,28.396,68.524,52,400
9,400,a300,edd,0.5,c09_storm_400_a300_c80_0014,28.1592,28.1592,,,243,1,0.6288,0.9794,D50,28.396,68.524,52,400
9,400,a300,atc,1.0,c09_storm_400_a300_c80_0014,6.7896,6.7896,11.3968,11.3968,214,1,0.6288,0.9794,D50,28.396,68.524,52,400
9,400,a300,edd,1.0,c09_storm_400_a300_c80_0014,6.7896,6.7896,,,214,1,0.6288,0.9794,D50,28.396,68.524,52,400
9,400,a300,atc,0.25,c09_storm_400_a300_c80_0015,139.6572,139.6572,182.8332,182.8332,268,1,0.5585,1.0133,C30,28.161,79.687,41,400
9,400,a300,edd,0.25,c09_storm_400_a300_c80_0015,139.6572,139.6572,,,268,1,0.5585,1.0133,C30,28.161,79.687,41,400
9,400,a300,atc,0.5,c09_storm_400_a300_c80_0015,367.8292,367.8292,347.0052,347.0052,259,1,0.5585,1.0133,C30,28.161,79.687,41,400
9,400,a300,edd,0.5,c09_storm_400_a300_c80_0015,367.8292,367.8292,,,259,1,0.5585,1.0133,C30,28.161,79.687,41,400
9,400,a300,atc,1.0,c09_storm_400_a300_c80_0015,486.1480,486.1480,358.1480,358.1480,213,1,0.5585,1.0133,C30,28.161,79.687,41,400
9,400,a300,edd,1.0,c09_storm_400_a300_c80_0015,486.1480,486.1480,,,213,1,0.5585,1.0133,C30,28.161,79.687,41,400
9,400,a300,atc,0.25,c09_storm_400_a300_c80_0016,16.6160,16.6160,0.0000,0.0000,245,1,0.5977,1.0264,E20,29.139,57.695,46,400
9,400,a300,edd,0.25,c09_storm_400_a300_c80_0016,16.6160,16.6160,,,245,1,0.5977,1.0264,E20,29.139,57.695,46,400
9,400,a300,atc,0.5,c09_storm_400_a300_c80_0016,16.6160,16.6160,0.0000,0.0000,239,1,0.5977,1.0264,E20,29.139,57.695,46,400
9,400,a300,edd,0.5,c09_storm_400_a300_c80_0016,16.6160,16.6160,,,239,1,0.5977,1.0264,E20,29.139,57.695,46,400
9,400,a300,atc,1.0,c09_storm_400_a300_c80_0016,60.8732,60.8732,0.0000,0.0000,215,1,0.5977,1.0264,E20,29.139,57.695,46,400
9,400,a300,edd,1.0,c09_storm_400_a300_c80_0016,60.8732,60.8732,,,215,1,0.5977,1.0264,E20,29.139,57.695,46,400
9,400,a300,atc,0.25,c09_storm_400_a300_c80_0017,76.8216,76.8216,45.5640,45.5640,251,1,0.5403,0.8713,D50,27.128,44.198,38,400
9,400,a300,edd,0.25,c09_storm_400_a300_c80_0017,76.8216,76.8216,,,251,1,0.5403,0.8713,D50,27.128,44.198,38,400
9,400,a300,atc,0.5,c09_storm_400_a300_c80_0017,76.8216,76.8216,45.5640,45.5640,242,1,0.5403,0.8713,D50,27.128,44.198,38,400
9,400,a300,edd,0.5,c09_storm_400_a300_c80_0017,76.8216,76.8216,,,242,1,0.5403,0.8713,D50,27.128,44.198,38,400
9,400,a300,atc,1.0,c09_storm_400_a300_c80_0017,57.8024,57.8024,45.5640,45.5640,199,1,0.5403,0.8713,D50,27.128,44.198,38,400
9,400,a300,edd,1.0,c09_storm_400_a300_c80_0017,57.8024,57.8024,,,199,1,0.5403,0.8713,D50,27.128,44.198,38,400
9,400,a300,atc,0.25,c09_storm_400_a300_c80_0018,411.4976,411.4976,189.0584,189.0584,237,1,0.7423,1.0010,C10,27.082,77.871,63,400
9,400,a300,edd,0.25,c09_storm_400_a300_c80_0018,411.4976,411.4976,,,237,1,0.7423,1.0010,C10,27.082,77.871,63,400
9,400,a300,atc,0.5,c09_storm_400_a300_c80_0018,456.7216,456.7216,189.0584,189.0584,244,1,0.7423,1.0010,C10,27.082,77.871,63,400
9,400,a300,edd,0.5,c09_storm_400_a300_c80_0018,456.7216,456.7216,,,244,1,0.7423,1.0010,C10,27.082,77.871,63,400
9,400,a300,atc,1.0,c09_storm_400_a300_c80_0018,317.0584,317.0584,189.0584,189.0584,203,1,0.7423,1.0010,C10,27.082,77.871,63,400
9,400,a300,edd,1.0,c09_storm_400_a300_c80_0018,317.0584,317.0584,,,203,1,0.7423,1.0010,C10,27.082,77.871,63,400
9,400,a300,atc,0.25,c09_storm_400_a300_c80_0019,340.4152,340.4152,196.0328,196.0328,263,1,0.6452,1.2001,E20,27.759,58.505,57,400
9,400,a300,edd,0.25,c09_storm_400_a300_c80_0019,340.4152,340.4152,,,263,1,0.6452,1.2001,E20,27.759,58.505,57,400
9,400,a300,atc,0.5,c09_storm_400_a300_c80_0019,340.4152,340.4152,196.0328,196.0328,250,1,0.6452,1.2001,E20,27.759,58.505,57,400
9,400,a300,edd,0.5,c09_storm_400_a300_c80_0019,340.4152,340.4152,,,250,1,0.6452,1.2001,E20,27.759,58.505,57,400
9,400,a300,atc,1.0,c09_storm_400_a300_c80_0019,340.4152,340.4152,196.0328,196.0328,215,1,0.6452,1.2001,E20,27.759,58.505,57,400
9,400,a300,edd,1.0,c09_storm_400_a300_c80_0019,340.4152,340.4152,,,215,1,0.6452,1.2001,E20,27.759,58.505,57,400
9,400,a300,atc,0.25,c09_storm_400_a300_c80_0020,41.4856,41.4856,0.0000,0.0000,244,1,0.5674,0.9350,E10,28.499,76.619,50,400
9,400,a300,edd,0.25,c09_storm_400_a300_c80_0020,41.4856,41.4856,,,244,1,0.5674,0.9350,E10,28.499,76.619,50,400
9,400,a300,atc,0.5,c09_storm_400_a300_c80_0020,41.4856,41.4856,0.0000,0.0000,246,1,0.5674,0.9350,E10,28.499,76.619,50,400
9,400,a300,edd,0.5,c09_storm_400_a300_c80_0020,41.4856,41.4856,,,246,1,0.5674,0.9350,E10,28.499,76.619,50,400
9,400,a300,atc,1.0,c09_storm_400_a300_c80_0020,52.1744,52.1744,0.0000,0.0000,210,1,0.5674,0.9350,E10,28.499,76.619,50,400
9,400,a300,edd,1.0,c09_storm_400_a300_c80_0020,52.1744,52.1744,,,210,1,0.5674,0.9350,E10,28.499,76.619,50,400
9,400,a300,atc,0.25,c09_storm_400_a300_c80_0021,153.1268,153.1268,17.4870,17.4870,241,1,0.6296,0.8974,D50,28.347,74.022,46,400
9,400,a300,edd,0.25,c09_storm_400_a300_c80_0021,153.1268,153.1268,,,241,1,0.6296,0.8974,D50,28.347,74.022,46,400
9,400,a300,atc,0.5,c09_storm_400_a300_c80_0021,76.5756,76.5756,17.4870,17.4870,230,1,0.6296,0.8974,D50,28.347,74.022,46,400
9,400,a300,edd,0.5,c09_storm_400_a300_c80_0021,76.5756,76.5756,,,230,1,0.6296,0.8974,D50,28.347,74.022,46,400
9,400,a300,atc,1.0,c09_storm_400_a300_c80_0021,8.6840,8.6840,34.9740,34.9740,210,1,0.6296,0.8974,D50,28.347,74.022,46,400
9,400,a300,edd,1.0,c09_storm_400_a300_c80_0021,8.6840,8.6840,,,210,1,0.6296,0.8974,D50,28.347,74.022,46,400
9,400,a300,atc,0.25,c09_storm_400_a300_c80_0022,18.4872,18.4872,31.5880,31.5880,225,1,0.6239,0.9865,E10,28.303,56.477,51,400
9,400,a300,edd,0.25,c09_storm_400_a300_c80_0022,18.4872,18.4872,,,225,1,0.6239,0.9865,E10,28.303,56.477,51,400
9,400,a300,atc,0.5,c09_storm_400_a300_c80_0022,18.4872,18.4872,31.5880,31.5880,232,1,0.6239,0.9865,E10,28.303,56.477,51,400
9,400,a300,edd,0.5,c09_storm_400_a300_c80_0022,18.4872,18.4872,,,232,1,0.6239,0.9865,E10,28.303,56.477,51,400
9,400,a300,atc,1.0,c09_storm_400_a300_c80_0022,79.7688,79.7688,44.6888,44.6888,190,1,0.6239,0.9865,E10,28.303,56.477,51,400
9,400,a300,edd,1.0,c09_storm_400_a300_c80_0022,79.7688,79.7688,,,190,1,0.6239,0.9865,E10,28.303,56.477,51,400
9,400,a300,atc,0.25,c09_storm_400_a300_c80_0023,25.7152,25.7152,39.7624,39.7624,234,1,0.5748,0.9768,D50,28.092,47.824,58,400
9,400,a300,edd,0.25,c09_storm_400_a300_c80_0023,25.7152,25.7152,,,234,1,0.5748,0.9768,D50,28.092,47.824,58,400
9,400,a300,atc,0.5,c09_storm_400_a300_c80_0023,71.4000,71.4000,62.6048,62.6048,234,1,0.5748,0.9768,D50,28.092,47.824,58,400
9,400,a300,edd,0.5,c09_storm_400_a300_c80_0023,71.4000,71.4000,,,234,1,0.5748,0.9768,D50,28.092,47.824,58,400
9,400,a300,atc,1.0,c09_storm_400_a300_c80_0023,71.4000,71.4000,62.6048,62.6048,215,1,0.5748,0.9768,D50,28.092,47.824,58,400
9,400,a300,edd,1.0,c09_storm_400_a300_c80_0023,71.4000,71.4000,,,215,1,0.5748,0.9768,D50,28.092,47.824,58,400
9,400,a300,atc,0.25,c09_storm_400_a300_c80_0024,800.2044,802.7124,473.1548,472.4180,254,1,0.6449,0.9247,D30,27.736,62.173,57,400
9,400,a300,edd,0.25,c09_storm_400_a300_c80_0024,799.4676,801.5956,,,254,1,0.6449,0.9247,D30,27.736,62.173,57,400
9,400,a300,atc,0.5,c09_storm_400_a300_c80_0024,575.1228,578.3556,376.0732,378.5812,243,1,0.6449,0.9247,D30,27.736,62.173,57,400
9,400,a300,edd,0.5,c09_storm_400_a300_c80_0024,574.3860,574.3860,,,243,1,0.6449,0.9247,D30,27.736,62.173,57,400
9,400,a300,atc,1.0,c09_storm_400_a300_c80_0024,239.6200,239.6200,210.3390,210.3390,214,1,0.6449,0.9247,D30,27.736,62.173,57,400
9,400,a300,edd,1.0,c09_storm_400_a300_c80_0024,238.8832,238.8832,,,214,1,0.6449,0.9247,D30,27.736,62.173,57,400
9,400,a300,atc,0.25,c09_storm_400_a300_c80_0025,111.4732,111.4732,128.3548,128.3548,240,1,0.5661,0.7980,D20,31.387,52.043,42,400
9,400,a300,edd,0.25,c09_storm_400_a300_c80_0025,111.4732,111.4732,,,240,1,0.5661,0.7980,D20,31.387,52.043,42,400
9,400,a300,atc,0.5,c09_storm_400_a300_c80_0025,135.5012,135.5012,128.3548,128.3548,236,1,0.5661,0.7980,D20,31.387,52.043,42,400
9,400,a300,edd,0.5,c09_storm_400_a300_c80_0025,135.5012,135.5012,,,236,1,0.5661,0.7980,D20,31.387,52.043,42,400
9,400,a300,atc,1.0,c09_storm_400_a300_c80_0025,260.1304,260.1304,226.5848,226.5848,224,1,0.5661,0.7980,D20,31.387,52.043,42,400
9,400,a300,edd,1.0,c09_storm_400_a300_c80_0025,260.1304,260.1304,,,224,1,0.5661,0.7980,D20,31.387,52.043,42,400
9,400,a300,atc,0.25,c09_storm_400_a300_c80_0026,97.6728,97.6728,81.5908,81.5908,234,1,0.6188,0.8505,D20,29.039,51.533,51,400
9,400,a300,edd,0.25,c09_storm_400_a300_c80_0026,97.6728,97.6728,,,234,1,0.6188,0.8505,D20,29.039,51.533,51,400
9,400,a300,atc,0.5,c09_storm_400_a300_c80_0026,97.6944,97.6944,81.5908,81.5908,239,1,0.6188,0.8505,D20,29.039,51.533,51,400
9,400,a300,edd,0.5,c09_storm_400_a300_c80_0026,97.6944,97.6944,,,239,1,0.6188,0.8505,D20,29.039,51.533,51,400
9,400,a300,atc,1.0,c09_storm_400_a300_c80_0026,97.6944,97.6944,81.5908,81.5908,215,1,0.6188,0.8505,D20,29.039,51.533,51,400
9,400,a300,edd,1.0,c09_storm_400_a300_c80_0026,97.6944,97.6944,,,215,1,0.6188,0.8505,D20,29.039,51.533,51,400
9,400,a300,atc,0.25,c09_storm_400_a300_c80_0027,60.1744,60.1744,0.0000,0.0000,244,1,0.5745,0.9025,D50,29.895,56.390,51,400
9,400,a300,edd,0.25,c09_storm_400_a300_c80_0027,60.1744,60.1744,,,244,1,0.5745,0.9025,D50,29.895,56.390,51,400
9,400,a300,atc,0.5,c09_storm_400_a300_c80_0027,42.2384,42.2384,0.0000,0.0000,241,1,0.5745,0.9025,D50,29.895,56.390,51,400
9,400,a300,edd,0.5,c09_storm_400_a300_c80_0027,42.2384,42.2384,,,241,1,0.5745,0.9025,D50,29.895,56.390,51,400
9,400,a300,atc,1.0,c09_storm_400_a300_c80_0027,15.7432,15.7432,0.0000,0.0000,203,1,0.5745,0.9025,D50,29.895,56.390,51,400
9,400,a300,edd,1.0,c09_storm_400_a300_c80_0027,15.7432,15.7432,,,203,1,0.5745,0.9025,D50,29.895,56.390,51,400
9,400,a300,atc,0.25,c09_storm_400_a300_c80_0028,111.0000,111.0000,111.0000,111.0000,264,1,0.6539,0.8993,D40,27.526,70.943,41,400
9,400,a300,edd,0.25,c09_storm_400_a300_c80_0028,111.0000,111.0000,,,264,1,0.6539,0.8993,D40,27.526,70.943,41,400
9,400,a300,atc,0.5,c09_storm_400_a300_c80_0028,111.0000,111.0000,111.0000,111.0000,260,1,0.6539,0.8993,D40,27.526,70.943,41,400
9,400,a300,edd,0.5,c09_storm_400_a300_c80_0028,111.0000,111.0000,,,260,1,0.6539,0.8993,D40,27.526,70.943,41,400
9,400,a300,atc,1.0,c09_storm_400_a300_c80_0028,111.0000,111.0000,111.0000,111.0000,190,1,0.6539,0.8993,D40,27.526,70.943,41,400
9,400,a300,edd,1.0,c09_storm_400_a300_c80_0028,111.0000,111.0000,,,190,1,0.6539,0.8993,D40,27.526,70.943,41,400
9,400,a300,atc,0.25,c09_storm_400_a300_c80_0029,86.3552,86.3552,9.1108,9.1108,244,1,0.6334,1.3725,E20,29.226,70.456,63,400
9,400,a300,edd,0.25,c09_storm_400_a300_c80_0029,86.3552,86.3552,,,244,1,0.6334,1.3725,E20,29.226,70.456,63,400
9,400,a300,atc,0.5,c09_storm_400_a300_c80_0029,86.3552,86.3552,9.1108,9.1108,249,1,0.6334,1.3725,E20,29.226,70.456,63,400
9,400,a300,edd,0.5,c09_storm_400_a300_c80_0029,86.3552,86.3552,,,249,1,0.6334,1.3725,E20,29.226,70.456,63,400
9,400,a300,atc,1.0,c09_storm_400_a300_c80_0029,2.0208,2.0208,4.5554,4.5554,221,1,0.6334,1.3725,E20,29.226,70.456,63,400
9,400,a300,edd,1.0,c09_storm_400_a300_c80_0029,2.0208,2.0208,,,221,1,0.6334,1.3725,E20,29.226,70.456,63,400
12,150,a125,atc,0.25,c12_storm_150_a125_c80_0000,826.5804,826.5804,890.5804,890.5804,89,1,0.6548,1.4624,D50,8.000,66.428,45,150
12,150,a125,edd,0.25,c12_storm_150_a125_c80_0000,826.5804,826.5804,,,89,1,0.6548,1.4624,D50,8.000,66.428,45,150
12,150,a125,atc,0.5,c12_storm_150_a125_c80_0000,616.8208,616.8208,665.9704,665.9704,89,1,0.6548,1.4624,D50,8.000,66.428,45,150
12,150,a125,edd,0.5,c12_storm_150_a125_c80_0000,616.8208,616.8208,,,89,1,0.6548,1.4624,D50,8.000,66.428,45,150
12,150,a125,atc,1.0,c12_storm_150_a125_c80_0000,479.9480,479.9480,563.3128,563.3128,64,1,0.6548,1.4624,D50,8.000,66.428,45,150
12,150,a125,edd,1.0,c12_storm_150_a125_c80_0000,479.9480,479.9480,,,64,1,0.6548,1.4624,D50,8.000,66.428,45,150
12,150,a125,atc,0.25,c12_storm_150_a125_c80_0001,849.5328,849.5328,879.9172,879.9172,99,1,0.8087,2.7388,MISC,8.000,96.316,59,150
12,150,a125,edd,0.25,c12_storm_150_a125_c80_0001,849.5328,849.5328,,,99,1,0.8087,2.7388,MISC,8.000,96.316,59,150
12,150,a125,atc,0.5,c12_storm_150_a125_c80_0001,1003.0776,1003.0776,969.4620,969.4620,87,1,0.8087,2.7388,MISC,8.000,96.316,59,150
12,150,a125,edd,0.5,c12_storm_150_a125_c80_0001,1003.0776,1003.0776,,,87,1,0.8087,2.7388,MISC,8.000,96.316,59,150
12,150,a125,atc,1.0,c12_storm_150_a125_c80_0001,990.6944,990.6944,864.5376,864.5376,70,1,0.8087,2.7388,MISC,8.000,96.316,59,150
12,150,a125,edd,1.0,c12_storm_150_a125_c80_0001,990.6944,990.6944,,,70,1,0.8087,2.7388,MISC,8.000,96.316,59,150
12,150,a125,atc,0.25,c12_storm_150_a125_c80_0002,292.2280,292.2280,189.1332,189.1332,93,1,0.6139,0.9614,C30,8.000,65.746,55,150
12,150,a125,edd,0.25,c12_storm_150_a125_c80_0002,292.2280,292.2280,,,93,1,0.6139,0.9614,C30,8.000,65.746,55,150
12,150,a125,atc,0.5,c12_storm_150_a125_c80_0002,292.2280,292.2280,189.1332,189.1332,94,1,0.6139,0.9614,C30,8.000,65.746,55,150
12,150,a125,edd,0.5,c12_storm_150_a125_c80_0002,292.2280,292.2280,,,94,1,0.6139,0.9614,C30,8.000,65.746,55,150
12,150,a125,atc,1.0,c12_storm_150_a125_c80_0002,165.9508,165.9508,189.1332,189.1332,71,1,0.6139,0.9614,C30,8.000,65.746,55,150
12,150,a125,edd,1.0,c12_storm_150_a125_c80_0002,165.9508,165.9508,,,71,1,0.6139,0.9614,C30,8.000,65.746,55,150
12,150,a125,atc,0.25,c12_storm_150_a125_c80_0003,873.1828,873.1828,655.6176,655.6176,85,1,0.6201,1.0835,E10,8.000,65.366,66,150
12,150,a125,edd,0.25,c12_storm_150_a125_c80_0003,873.1828,873.1828,,,85,1,0.6201,1.0835,E10,8.000,65.366,66,150
12,150,a125,atc,0.5,c12_storm_150_a125_c80_0003,747.4804,747.4804,510.2468,510.2468,82,1,0.6201,1.0835,E10,8.000,65.366,66,150
12,150,a125,edd,0.5,c12_storm_150_a125_c80_0003,747.4804,747.4804,,,82,1,0.6201,1.0835,E10,8.000,65.366,66,150
12,150,a125,atc,1.0,c12_storm_150_a125_c80_0003,208.3648,208.3648,315.2958,315.2958,62,1,0.6201,1.0835,E10,8.000,65.366,66,150
12,150,a125,edd,1.0,c12_storm_150_a125_c80_0003,208.3648,208.3648,,,62,1,0.6201,1.0835,E10,8.000,65.366,66,150
12,150,a125,atc,0.25,c12_storm_150_a125_c80_0004,437.3344,437.3344,292.0144,292.0144,97,1,0.7256,1.6302,D50,8.000,92.852,51,150
12,150,a125,edd,0.25,c12_storm_150_a125_c80_0004,437.3344,437.3344,,,97,1,0.7256,1.6302,D50,8.000,92.852,51,150
12,150,a125,atc,0.5,c12_storm_150_a125_c80_0004,437.3344,437.3344,292.0144,292.0144,99,1,0.7256,1.6302,D50,8.000,92.852,51,150
12,150,a125,edd,0.5,c12_storm_150_a125_c80_0004,437.3344,437.3344,,,99,1,0.7256,1.6302,D50,8.000,92.852,51,150
12,150,a125,atc,1.0,c12_storm_150_a125_c80_0004,426.4336,426.4336,292.0144,292.0144,68,1,0.7256,1.6302,D50,8.000,92.852,51,150
12,150,a125,edd,1.0,c12_storm_150_a125_c80_0004,426.4336,426.4336,,,68,1,0.7256,1.6302,D50,8.000,92.852,51,150
12,150,a125,atc,0.25,c12_storm_150_a125_c80_0005,846.9856,846.9856,836.1432,836.1432,101,1,0.6038,1.2347,E20,8.000,95.941,40,150
12,150,a125,edd,0.25,c12_storm_150_a125_c80_0005,846.9856,846.9856,,,101,1,0.6038,1.2347,E20,8.000,95.941,40,150
12,150,a125,atc,0.5,c12_storm_150_a125_c80_0005,846.9856,846.9856,836.1432,836.1432,100,1,0.6038,1.2347,E20,8.000,95.941,40,150
12,150,a125,edd,0.5,c12_storm_150_a125_c80_0005,846.9856,846.9856,,,100,1,0.6038,1.2347,E20,8.000,95.941,40,150
12,150,a125,atc,1.0,c12_storm_150_a125_c80_0005,296.1528,296.1528,426.9972,426.9972,68,1,0.6038,1.2347,E20,8.000,95.941,40,150
12,150,a125,edd,1.0,c12_storm_150_a125_c80_0005,296.1528,296.1528,,,68,1,0.6038,1.2347,E20,8.000,95.941,40,150
12,150,a125,atc,0.25,c12_storm_150_a125_c80_0006,595.0416,595.0416,479.7862,479.7862,92,1,0.8070,1.6901,D50,8.000,95.666,53,150
12,150,a125,edd,0.25,c12_storm_150_a125_c80_0006,595.0416,595.0416,,,92,1,0.8070,1.6901,D50,8.000,95.666,53,150
12,150,a125,atc,0.5,c12_storm_150_a125_c80_0006,595.0416,595.0416,479.7862,479.7862,87,1,0.8070,1.6901,D50,8.000,95.666,53,150
12,150,a125,edd,0.5,c12_storm_150_a125_c80_0006,595.0416,595.0416,,,87,1,0.8070,1.6901,D50,8.000,95.666,53,150
12,150,a125,atc,1.0,c12_storm_150_a125_c80_0006,180.6160,180.6160,349.8098,349.8098,75,1,0.8070,1.6901,D50,8.000,95.666,53,150
12,150,a125,edd,1.0,c12_storm_150_a125_c80_0006,180.6160,180.6160,,,75,1,0.8070,1.6901,D50,8.000,95.666,53,150
12,150,a125,atc,0.25,c12_storm_150_a125_c80_0007,1091.6248,1091.6248,962.6744,962.6744,91,1,0.7963,2.0546,E10,8.065,73.782,66,150
12,150,a125,edd,0.25,c12_storm_150_a125_c80_0007,1091.6248,1091.6248,,,91,1,0.7963,2.0546,E10,8.065,73.782,66,150
12,150,a125,atc,0.5,c12_storm_150_a125_c80_0007,839.9516,839.9516,827.7292,827.7292,97,1,0.7963,2.0546,E10,8.065,73.782,66,150
12,150,a125,edd,0.5,c12_storm_150_a125_c80_0007,839.9516,839.9516,,,97,1,0.7963,2.0546,E10,8.065,73.782,66,150
12,150,a125,atc,1.0,c12_storm_150_a125_c80_0007,491.6224,491.6224,636.2524,636.2524,79,1,0.7963,2.0546,E10,8.065,73.782,66,150
12,150,a125,edd,1.0,c12_storm_150_a125_c80_0007,491.6224,491.6224,,,79,1,0.7963,2.0546,E10,8.065,73.782,66,150
12,150,a125,atc,0.25,c12_storm_150_a125_c80_0008,105.8344,105.8344,157.5720,157.5720,92,1,0.6002,0.9588,D50,8.000,93.812,61,150
12,150,a125,edd,0.25,c12_storm_150_a125_c80_0008,105.8344,105.8344,,,92,1,0.6002,0.9588,D50,8.000,93.812,61,150
12,150,a125,atc,0.5,c12_storm_150_a125_c80_0008,105.8344,105.8344,157.5720,157.5720,86,1,0.6002,0.9588,D50,8.000,93.812,61,150
12,150,a125,edd,0.5,c12_storm_150_a125_c80_0008,105.8344,105.8344,,,86,1,0.6002,0.9588,D50,8.000,93.812,61,150
12,150,a125,atc,1.0,c12_storm_150_a125_c80_0008,102.3324,102.3324,130.6228,130.6228,69,1,0.6002,0.9588,D50,8.000,93.812,61,150
12,150,a125,edd,1.0,c12_storm_150_a125_c80_0008,102.3324,102.3324,,,69,1,0.6002,0.9588,D50,8.000,93.812,61,150
12,150,a125,atc,0.25,c12_storm_150_a125_c80_0009,337.9736,337.9736,375.3128,375.3128,99,1,0.6958,3.7879,C30,8.000,96.891,43,150
12,150,a125,edd,0.25,c12_storm_150_a125_c80_0009,337.9736,337.9736,,,99,1,0.6958,3.7879,C30,8.000,96.891,43,150
12,150,a125,atc,0.5,c12_storm_150_a125_c80_0009,742.0332,742.0332,706.7720,706.7720,88,1,0.6958,3.7879,C30,8.000,96.891,43,150
12,150,a125,edd,0.5,c12_storm_150_a125_c80_0009,742.0332,742.0332,,,88,1,0.6958,3.7879,C30,8.000,96.891,43,150
12,150,a125,atc,1.0,c12_storm_150_a125_c80_0009,850.3036,850.3036,689.0124,689.0124,63,1,0.6958,3.7879,C30,8.000,96.891,43,150
12,150,a125,edd,1.0,c12_storm_150_a125_c80_0009,850.3036,850.3036,,,63,1,0.6958,3.7879,C30,8.000,96.891,43,150
12,150,a125,atc,0.25,c12_storm_150_a125_c80_0010,484.1256,484.1256,162.1380,162.1380,93,1,0.6698,1.2851,D40,8.000,59.531,51,150
12,150,a125,edd,0.25,c12_storm_150_a125_c80_0010,484.1256,484.1256,,,93,1,0.6698,1.2851,D40,8.000,59.531,51,150
12,150,a125,atc,0.5,c12_storm_150_a125_c80_0010,484.1256,484.1256,162.1380,162.1380,90,1,0.6698,1.2851,D40,8.000,59.531,51,150
12,150,a125,edd,0.5,c12_storm_150_a125_c80_0010,484.1256,484.1256,,,90,1,0.6698,1.2851,D40,8.000,59.531,51,150
12,150,a125,atc,1.0,c12_storm_150_a125_c80_0010,361.0944,361.0944,234.5038,234.5038,68,1,0.6698,1.2851,D40,8.000,59.531,51,150
12,150,a125,edd,1.0,c12_storm_150_a125_c80_0010,361.0944,361.0944,,,68,1,0.6698,1.2851,D40,8.000,59.531,51,150
12,150,a125,atc,0.25,c12_storm_150_a125_c80_0011,255.1824,255.1824,377.1256,377.1256,84,1,0.7709,2.0076,C10,8.000,80.888,65,150
12,150,a125,edd,0.25,c12_storm_150_a125_c80_0011,255.1824,255.1824,,,84,1,0.7709,2.0076,C10,8.000,80.888,65,150
12,150,a125,atc,0.5,c12_storm_150_a125_c80_0011,275.9792,275.9792,387.5240,387.5240,90,1,0.7709,2.0076,C10,8.000,80.888,65,150
12,150,a125,edd,0.5,c12_storm_150_a125_c80_0011,275.9792,275.9792,,,90,1,0.7709,2.0076,C10,8.000,80.888,65,150
12,150,a125,atc,1.0,c12_storm_150_a125_c80_0011,169.3360,169.3360,334.2024,334.2024,77,1,0.7709,2.0076,C10,8.000,80.888,65,150
12,150,a125,edd,1.0,c12_storm_150_a125_c80_0011,169.3360,169.3360,,,77,1,0.7709,2.0076,C10,8.000,80.888,65,150
12,150,a125,atc,0.25,c12_storm_150_a125_c80_0012,1705.6208,1705.6208,1217.2568,1217.2568,103,1,0.7515,2.9462,UNK,8.000,96.287,60,150
12,150,a125,edd,0.25,c12_storm_150_a125_c80_0012,1705.6208,1705.6208,,,103,1,0.7515,2.9462,UNK,8.000,96.287,60,150
12,150,a125,atc,0.5,c12_storm_150_a125_c80_0012,1175.2680,1175.2680,1069.4240,1069.4240,94,1,0.7515,2.9462,UNK,8.000,96.287,60,150
12,150,a125,edd,0.5,c12_storm_150_a125_c80_0012,1175.2680,1175.2680,,,94,1,0.7515,2.9462,UNK,8.000,96.287,60,150
12,150,a125,atc,1.0,c12_storm_150_a125_c80_0012,825.7704,825.7704,896.6456,896.6456,83,1,0.7515,2.9462,UNK,8.000,96.287,60,150
12,150,a125,edd,1.0,c12_storm_150_a125_c80_0012,825.7704,825.7704,,,83,1,0.7515,2.9462,UNK,8.000,96.287,60,150
12,150,a125,atc,0.25,c12_storm_150_a125_c80_0013,545.7128,545.7128,349.9716,349.9716,101,1,0.7559,1.5006,D30,8.000,64.837,66,150
12,150,a125,edd,0.25,c12_storm_150_a125_c80_0013,545.7128,545.7128,,,101,1,0.7559,1.5006,D30,8.000,64.837,66,150
12,150,a125,atc,0.5,c12_storm_150_a125_c80_0013,545.5008,545.5008,349.9716,349.9716,94,1,0.7559,1.5006,D30,8.000,64.837,66,150
12,150,a125,edd,0.5,c12_storm_150_a125_c80_0013,545.5008,545.5008,,,94,1,0.7559,1.5006,D30,8.000,64.837,66,150
12,150,a125,atc,1.0,c12_storm_150_a125_c80_0013,467.5972,467.5972,304.7678,304.7678,71,1,0.7559,1.5006,D30,8.000,64.837,66,150
12,150,a125,edd,1.0,c12_storm_150_a125_c80_0013,467.5972,467.5972,,,71,1,0.7559,1.5006,D30,8.000,64.837,66,150
12,150,a125,atc,0.25,c12_storm_150_a125_c80_0014,288.9492,288.9492,120.3922,120.3922,93,1,0.5659,1.3019,E10,8.000,33.815,59,150
12,150,a125,edd,0.25,c12_storm_150_a125_c80_0014,288.9492,288.9492,,,93,1,0.5659,1.3019,E10,8.000,33.815,59,150
12,150,a125,atc,0.5,c12_storm_150_a125_c80_0014,288.9492,288.9492,120.3922,120.3922,91,1,0.5659,1.3019,E10,8.000,33.815,59,150
12,150,a125,edd,0.5,c12_storm_150_a125_c80_0014,288.9492,288.9492,,,91,1,0.5659,1.3019,E10,8.000,33.815,59,150
12,150,a125,atc,1.0,c12_storm_150_a125_c80_0014,258.2152,258.2152,142.1100,142.1100,64,1,0.5659,1.3019,E10,8.000,33.815,59,150
12,150,a125,edd,1.0,c12_storm_150_a125_c80_0014,258.2152,258.2152,,,64,1,0.5659,1.3019,E10,8.000,33.815,59,150
12,150,a125,atc,0.25,c12_storm_150_a125_c80_0015,435.5984,435.5984,494.4911,494.4911,88,1,0.7361,1.5198,D30,8.000,92.425,51,150
12,150,a125,edd,0.25,c12_storm_150_a125_c80_0015,435.5984,435.5984,,,88,1,0.7361,1.5198,D30,8.000,92.425,51,150
12,150,a125,atc,0.5,c12_storm_150_a125_c80_0015,435.5984,435.5984,494.4911,494.4911,90,1,0.7361,1.5198,D30,8.000,92.425,51,150
12,150,a125,edd,0.5,c12_storm_150_a125_c80_0015,435.5984,435.5984,,,90,1,0.7361,1.5198,D30,8.000,92.425,51,150
12,150,a125,atc,1.0,c12_storm_150_a125_c80_0015,366.2880,366.2880,471.9490,471.9490,73,1,0.7361,1.5198,D30,8.000,92.425,51,150
12,150,a125,edd,1.0,c12_storm_150_a125_c80_0015,366.2880,366.2880,,,73,1,0.7361,1.5198,D30,8.000,92.425,51,150
12,150,a125,atc,0.25,c12_storm_150_a125_c80_0016,457.3208,457.3208,272.5330,272.5330,87,1,0.6797,1.1668,D90,8.123,66.176,65,150
12,150,a125,edd,0.25,c12_storm_150_a125_c80_0016,457.3208,457.3208,,,87,1,0.6797,1.1668,D90,8.123,66.176,65,150
12,150,a125,atc,0.5,c12_storm_150_a125_c80_0016,404.5864,404.5864,246.1658,246.1658,84,1,0.6797,1.1668,D90,8.123,66.176,65,150
12,150,a125,edd,0.5,c12_storm_150_a125_c80_0016,404.5864,404.5864,,,84,1,0.6797,1.1668,D90,8.123,66.176,65,150
12,150,a125,atc,1.0,c12_storm_150_a125_c80_0016,102.2512,102.2512,163.6682,163.6682,68,1,0.6797,1.1668,D90,8.123,66.176,65,150
12,150,a125,edd,1.0,c12_storm_150_a125_c80_0016,102.2512,102.2512,,,68,1,0.6797,1.1668,D90,8.123,66.176,65,150
12,150,a125,atc,0.25,c12_storm_150_a125_c80_0017,740.0776,740.0776,521.2764,521.2764,88,1,0.6654,0.9285,D50,8.000,65.021,54,150
12,150,a125,edd,0.25,c12_storm_150_a125_c80_0017,740.0776,740.0776,,,88,1,0.6654,0.9285,D50,8.000,65.021,54,150
12,150,a125,atc,0.5,c12_storm_150_a125_c80_0017,512.2436,512.2436,316.2024,316.2024,97,1,0.6654,0.9285,D50,8.000,65.021,54,150
12,150,a125,edd,0.5,c12_storm_150_a125_c80_0017,512.2436,512.2436,,,97,1,0.6654,0.9285,D50,8.000,65.021,54,150
12,150,a125,atc,1.0,c12_storm_150_a125_c80_0017,523.3004,523.3004,316.2024,316.2024,70,1,0.6654,0.9285,D50,8.000,65.021,54,150
12,150,a125,edd,1.0,c12_storm_150_a125_c80_0017,523.3004,523.3004,,,70,1,0.6654,0.9285,D50,8.000,65.021,54,150
12,150,a125,atc,0.25,c12_storm_150_a125_c80_0018,343.8056,343.8056,314.6024,314.6024,94,1,0.5764,0.9776,D30,8.000,57.001,56,150
12,150,a125,edd,0.25,c12_storm_150_a125_c80_0018,343.8056,343.8056,,,94,1,0.5764,0.9776,D30,8.000,57.001,56,150
12,150,a125,atc,0.5,c12_storm_150_a125_c80_0018,341.5640,341.5640,314.6024,314.6024,90,1,0.5764,0.9776,D30,8.000,57.001,56,150
12,150,a125,edd,0.5,c12_storm_150_a125_c80_0018,341.5640,341.5640,,,90,1,0.5764,0.9776,D30,8.000,57.001,56,150
12,150,a125,atc,1.0,c12_storm_150_a125_c80_0018,21.4376,21.4376,168.0200,168.0200,74,1,0.5764,0.9776,D30,8.000,57.001,56,150
12,150,a125,edd,1.0,c12_storm_150_a125_c80_0018,21.4376,21.4376,,,74,1,0.5764,0.9776,D30,8.000,57.001,56,150
12,150,a125,atc,0.25,c12_storm_150_a125_c80_0019,283.4844,283.4844,152.4284,152.4284,101,1,0.6061,1.3102,B20,8.021,63.255,63,150
12,150,a125,edd,0.25,c12_storm_150_a125_c80_0019,283.4844,283.4844,,,101,1,0.6061,1.3102,B20,8.021,63.255,63,150
12,150,a125,atc,0.5,c12_storm_150_a125_c80_0019,283.4844,283.4844,152.4284,152.4284,101,1,0.6061,1.3102,B20,8.021,63.255,63,150
12,150,a125,edd,0.5,c12_storm_150_a125_c80_0019,283.4844,283.4844,,,101,1,0.6061,1.3102,B20,8.021,63.255,63,150
12,150,a125,atc,1.0,c12_storm_150_a125_c80_0019,71.5364,71.5364,107.9572,107.9572,66,1,0.6061,1.3102,B20,8.021,63.255,63,150
12,150,a125,edd,1.0,c12_storm_150_a125_c80_0019,71.5364,71.5364,,,66,1,0.6061,1.3102,B20,8.021,63.255,63,150
12,150,a125,atc,0.25,c12_storm_150_a125_c80_0020,885.3468,885.3468,936.7580,936.7580,89,1,0.8633,2.2711,E20,8.000,94.186,56,150
12,150,a125,edd,0.25,c12_storm_150_a125_c80_0020,885.3468,885.3468,,,89,1,0.8633,2.2711,E20,8.000,94.186,56,150
12,150,a125,atc,0.5,c12_storm_150_a125_c80_0020,906.0932,906.0932,936.7580,936.7580,80,1,0.8633,2.2711,E20,8.000,94.186,56,150
12,150,a125,edd,0.5,c12_storm_150_a125_c80_0020,906.0932,906.0932,,,80,1,0.8633,2.2711,E20,8.000,94.186,56,150
12,150,a125,atc,1.0,c12_storm_150_a125_c80_0020,487.8820,487.8820,550.1312,550.1312,65,1,0.8633,2.2711,E20,8.000,94.186,56,150
12,150,a125,edd,1.0,c12_storm_150_a125_c80_0020,487.8820,487.8820,,,65,1,0.8633,2.2711,E20,8.000,94.186,56,150
12,150,a125,atc,0.25,c12_storm_150_a125_c80_0021,1109.0712,1109.0712,756.4804,756.4804,101,1,0.8967,2.8887,UNK,8.000,97.917,60,150
12,150,a125,edd,0.25,c12_storm_150_a125_c80_0021,1109.0712,1109.0712,,,101,1,0.8967,2.8887,UNK,8.000,97.917,60,150
12,150,a125,atc,0.5,c12_storm_150_a125_c80_0021,1153.1504,1153.1504,759.4228,759.4228,101,1,0.8967,2.8887,UNK,8.000,97.917,60,150
12,150,a125,edd,0.5,c12_storm_150_a125_c80_0021,1153.1504,1153.1504,,,101,1,0.8967,2.8887,UNK,8.000,97.917,60,150
12,150,a125,atc,1.0,c12_storm_150_a125_c80_0021,517.9404,517.9404,525.5116,525.5116,71,1,0.8967,2.8887,UNK,8.000,97.917,60,150
12,150,a125,edd,1.0,c12_storm_150_a125_c80_0021,517.9404,517.9404,,,71,1,0.8967,2.8887,UNK,8.000,97.917,60,150
12,150,a125,atc,0.25,c12_storm_150_a125_c80_0022,820.8912,820.8912,660.8260,660.8260,97,1,0.7237,1.1249,D30,8.000,54.908,51,150
12,150,a125,edd,0.25,c12_storm_150_a125_c80_0022,820.8912,820.8912,,,97,1,0.7237,1.1249,D30,8.000,54.908,51,150
12,150,a125,atc,0.5,c12_storm_150_a125_c80_0022,832.6040,832.6040,660.8260,660.8260,91,1,0.7237,1.1249,D30,8.000,54.908,51,150
12,150,a125,edd,0.5,c12_storm_150_a125_c80_0022,832.6040,832.6040,,,91,1,0.7237,1.1249,D30,8.000,54.908,51,150
12,150,a125,atc,1.0,c12_storm_150_a125_c80_0022,448.8500,448.8500,392.0536,392.0536,74,1,0.7237,1.1249,D30,8.000,54.908,51,150
12,150,a125,edd,1.0,c12_storm_150_a125_c80_0022,448.8500,448.8500,,,74,1,0.7237,1.1249,D30,8.000,54.908,51,150
12,150,a125,atc,0.25,c12_storm_150_a125_c80_0023,350.3648,350.3648,438.6712,438.6712,95,1,0.7126,1.6116,E10,8.000,74.237,53,150
12,150,a125,edd,0.25,c12_storm_150_a125_c80_0023,350.3648,350.3648,,,95,1,0.7126,1.6116,E10,8.000,74.237,53,150
12,150,a125,atc,0.5,c12_storm_150_a125_c80_0023,349.6752,349.6752,438.6712,438.6712,91,1,0.7126,1.6116,E10,8.000,74.237,53,150
12,150,a125,edd,0.5,c12_storm_150_a125_c80_0023,349.6752,349.6752,,,91,1,0.7126,1.6116,E10,8.000,74.237,53,150
12,150,a125,atc,1.0,c12_storm_150_a125_c80_0023,391.1952,391.1952,442.7920,442.7920,70,1,0.7126,1.6116,E10,8.000,74.237,53,150
12,150,a125,edd,1.0,c12_storm_150_a125_c80_0023,391.1952,391.1952,,,70,1,0.7126,1.6116,E10,8.000,74.237,53,150
12,150,a125,atc,0.25,c12_storm_150_a125_c80_0024,594.5272,594.5272,569.4492,569.4492,94,1,0.7538,2.6264,B30,8.000,96.028,58,150
12,150,a125,edd,0.25,c12_storm_150_a125_c80_0024,594.5272,594.5272,,,94,1,0.7538,2.6264,B30,8.000,96.028,58,150
12,150,a125,atc,0.5,c12_storm_150_a125_c80_0024,547.9260,547.9260,533.8966,533.8966,94,1,0.7538,2.6264,B30,8.000,96.028,58,150
12,150,a125,edd,0.5,c12_storm_150_a125_c80_0024,547.9260,547.9260,,,94,1,0.7538,2.6264,B30,8.000,96.028,58,150
12,150,a125,atc,1.0,c12_storm_150_a125_c80_0024,402.6904,402.6904,388.8338,388.8338,78,1,0.7538,2.6264,B30,8.000,96.028,58,150
12,150,a125,edd,1.0,c12_storm_150_a125_c80_0024,402.6904,402.6904,,,78,1,0.7538,2.6264,B30,8.000,96.028,58,150
12,150,a125,atc,0.25,c12_storm_150_a125_c80_0025,646.6744,646.6744,496.3608,496.3608,100,1,0.7780,2.4853,B30,8.000,94.779,49,150
12,150,a125,edd,0.25,c12_storm_150_a125_c80_0025,646.6744,646.6744,,,100,1,0.7780,2.4853,B30,8.000,94.779,49,150
12,150,a125,atc,0.5,c12_storm_150_a125_c80_0025,661.5832,661.5832,496.3608,496.3608,88,1,0.7780,2.4853,B30,8.000,94.779,49,150
12,150,a125,edd,0.5,c12_storm_150_a125_c80_0025,661.5832,661.5832,,,88,1,0.7780,2.4853,B30,8.000,94.779,49,150
12,150,a125,atc,1.0,c12_storm_150_a125_c80_0025,648.2256,648.2256,464.0532,464.0532,65,1,0.7780,2.4853,B30,8.000,94.779,49,150
12,150,a125,edd,1.0,c12_storm_150_a125_c80_0025,648.2256,648.2256,,,65,1,0.7780,2.4853,B30,8.000,94.779,49,150
12,150,a125,atc,0.25,c12_storm_150_a125_c80_0026,664.5768,664.5768,586.1112,586.1112,80,1,0.7995,2.8068,B30,8.000,97.341,56,150
12,150,a125,edd,0.25,c12_storm_150_a125_c80_0026,664.5768,664.5768,,,80,1,0.7995,2.8068,B30,8.000,97.341,56,150
12,150,a125,atc,0.5,c12_storm_150_a125_c80_0026,415.9796,415.9796,487.4656,487.4656,71,1,0.7995,2.8068,B30,8.000,97.341,56,150
12,150,a125,edd,0.5,c12_storm_150_a125_c80_0026,415.9796,415.9796,,,71,1,0.7995,2.8068,B30,8.000,97.341,56,150
12,150,a125,atc,1.0,c12_storm_150_a125_c80_0026,364.1992,364.1992,438.4130,438.4130,68,1,0.7995,2.8068,B30,8.000,97.341,56,150
12,150,a125,edd,1.0,c12_storm_150_a125_c80_0026,364.1992,364.1992,,,68,1,0.7995,2.8068,B30,8.000,97.341,56,150
12,150,a125,atc,0.25,c12_storm_150_a125_c80_0027,302.7200,302.7200,251.9616,251.9616,100,1,0.7498,1.5636,D50,8.000,94.786,63,150
12,150,a125,edd,0.25,c12_storm_150_a125_c80_0027,302.7200,302.7200,,,100,1,0.7498,1.5636,D50,8.000,94.786,63,150
12,150,a125,atc,0.5,c12_storm_150_a125_c80_0027,194.7888,194.7888,251.9616,251.9616,105,1,0.7498,1.5636,D50,8.000,94.786,63,150
12,150,a125,edd,0.5,c12_storm_150_a125_c80_0027,194.7888,194.7888,,,105,1,0.7498,1.5636,D50,8.000,94.786,63,150
12,150,a125,atc,1.0,c12_storm_150_a125_c80_0027,64.5828,64.5828,214.2072,214.2072,77,1,0.7498,1.5636,D50,8.000,94.786,63,150
12,150,a125,edd,1.0,c12_storm_150_a125_c80_0027,64.5828,64.5828,,,77,1,0.7498,1.5636,D50,8.000,94.786,63,150
12,150,a125,atc,0.25,c12_storm_150_a125_c80_0028,279.0212,279.0212,225.5736,225.5736,94,1,0.5255,1.2370,E10,8.000,94.701,43,150
12,150,a125,edd,0.25,c12_storm_150_a125_c80_0028,279.0212,279.0212,,,94,1,0.5255,1.2370,E10,8.000,94.701,43,150
12,150,a125,atc,0.5,c12_storm_150_a125_c80_0028,279.0212,279.0212,225.5736,225.5736,96,1,0.5255,1.2370,E10,8.000,94.701,43,150
12,150,a125,edd,0.5,c12_storm_150_a125_c80_0028,279.0212,279.0212,,,96,1,0.5255,1.2370,E10,8.000,94.701,43,150
12,150,a125,atc,1.0,c12_storm_150_a125_c80_0028,153.3608,153.3608,151.7564,151.7564,76,1,0.5255,1.2370,E10,8.000,94.701,43,150
12,150,a125,edd,1.0,c12_storm_150_a125_c80_0028,153.3608,153.3608,,,76,1,0.5255,1.2370,E10,8.000,94.701,43,150
12,150,a125,atc,0.25,c12_storm_150_a125_c80_0029,1212.2224,1212.2224,1198.5504,1198.5504,83,1,0.6496,2.0441,D40,8.000,91.036,52,150
12,150,a125,edd,0.25,c12_storm_150_a125_c80_0029,1212.2224,1212.2224,,,83,1,0.6496,2.0441,D40,8.000,91.036,52,150
12,150,a125,atc,0.5,c12_storm_150_a125_c80_0029,1212.2224,1212.2224,1198.5504,1198.5504,84,1,0.6496,2.0441,D40,8.000,91.036,52,150
12,150,a125,edd,0.5,c12_storm_150_a125_c80_0029,1212.2224,1212.2224,,,84,1,0.6496,2.0441,D40,8.000,91.036,52,150
12,150,a125,atc,1.0,c12_storm_150_a125_c80_0029,1125.1732,1125.1732,1185.9224,1185.9224,56,1,0.6496,2.0441,D40,8.000,91.036,52,150
12,150,a125,edd,1.0,c12_storm_150_a125_c80_0029,1125.1732,1125.1732,,,56,1,0.6496,2.0441,D40,8.000,91.036,52,150
12,150,a150,atc,0.25,c12_storm_150_a150_c80_0000,398.7564,398.7564,564.3634,564.3634,93,1,0.6548,1.4624,D50,8.000,66.049,42,150
12,150,a150,edd,0.25,c12_storm_150_a150_c80_0000,398.7564,398.7564,,,93,1,0.6548,1.4624,D50,8.000,66.049,42,150
12,150,a150,atc,0.5,c12_storm_150_a150_c80_0000,398.7564,398.7564,564.3634,564.3634,85,1,0.6548,1.4624,D50,8.000,66.049,42,150
12,150,a150,edd,0.5,c12_storm_150_a150_c80_0000,398.7564,398.7564,,,85,1,0.6548,1.4624,D50,8.000,66.049,42,150
12,150,a150,atc,1.0,c12_storm_150_a150_c80_0000,479.9480,479.9480,563.3128,563.3128,64,1,0.6548,1.4624,D50,8.000,66.049,42,150
12,150,a150,edd,1.0,c12_storm_150_a150_c80_0000,479.9480,479.9480,,,64,1,0.6548,1.4624,D50,8.000,66.049,42,150
12,150,a150,atc,0.25,c12_storm_150_a150_c80_0001,807.9752,807.9752,851.4472,851.4472,95,1,0.8087,2.7388,MISC,8.000,95.372,52,150
12,150,a150,edd,0.25,c12_storm_150_a150_c80_0001,807.9752,807.9752,,,95,1,0.8087,2.7388,MISC,8.000,95.372,52,150
12,150,a150,atc,0.5,c12_storm_150_a150_c80_0001,807.9752,807.9752,851.4472,851.4472,87,1,0.8087,2.7388,MISC,8.000,95.372,52,150
12,150,a150,edd,0.5,c12_storm_150_a150_c80_0001,807.9752,807.9752,,,87,1,0.8087,2.7388,MISC,8.000,95.372,52,150
12,150,a150,atc,1.0,c12_storm_150_a150_c80_0001,990.6944,990.6944,864.5376,864.5376,70,1,0.8087,2.7388,MISC,8.000,95.372,52,150
12,150,a150,edd,1.0,c12_storm_150_a150_c80_0001,990.6944,990.6944,,,70,1,0.8087,2.7388,MISC,8.000,95.372,52,150
12,150,a150,atc,0.25,c12_storm_150_a150_c80_0002,116.6676,116.6676,179.6064,179.6064,89,1,0.6139,0.9614,C30,8.000,64.717,48,150
12,150,a150,edd,0.25,c12_storm_150_a150_c80_0002,116.6676,116.6676,,,89,1,0.6139,0.9614,C30,8.000,64.717,48,150
12,150,a150,atc,0.5,c12_storm_150_a150_c80_0002,116.6676,116.6676,182.7820,182.7820,84,1,0.6139,0.9614,C30,8.000,64.717,48,150
12,150,a150,edd,0.5,c12_storm_150_a150_c80_0002,116.6676,116.6676,,,84,1,0.6139,0.9614,C30,8.000,64.717,48,150
12,150,a150,atc,1.0,c12_storm_150_a150_c80_0002,165.9508,165.9508,189.1332,189.1332,71,1,0.6139,0.9614,C30,8.000,64.717,48,150
12,150,a150,edd,1.0,c12_storm_150_a150_c80_0002,165.9508,165.9508,,,71,1,0.6139,0.9614,C30,8.000,64.717,48,150
12,150,a150,atc,0.25,c12_storm_150_a150_c80_0003,555.0872,555.0872,410.7603,410.7603,92,1,0.6201,1.0835,E10,8.000,64.529,48,150
12,150,a150,edd,0.25,c12_storm_150_a150_c80_0003,555.0872,555.0872,,,92,1,0.6201,1.0835,E10,8.000,64.529,48,150
12,150,a150,atc,0.5,c12_storm_150_a150_c80_0003,555.0872,555.0872,410.7603,410.7603,80,1,0.6201,1.0835,E10,8.000,64.529,48,150
12,150,a150,edd,0.5,c12_storm_150_a150_c80_0003,555.0872,555.0872,,,80,1,0.6201,1.0835,E10,8.000,64.529,48,150
12,150,a150,atc,1.0,c12_storm_150_a150_c80_0003,208.3648,208.3648,315.2958,315.2958,62,1,0.6201,1.0835,E10,8.000,64.529,48,150
12,150,a150,edd,1.0,c12_storm_150_a150_c80_0003,208.3648,208.3648,,,62,1,0.6201,1.0835,E10,8.000,64.529,48,150
12,150,a150,atc,0.25,c12_storm_150_a150_c80_0004,541.2328,541.2328,292.0144,292.0144,88,1,0.7256,1.6302,D50,8.000,92.521,45,150
12,150,a150,edd,0.25,c12_storm_150_a150_c80_0004,541.2328,541.2328,,,88,1,0.7256,1.6302,D50,8.000,92.521,45,150
12,150,a150,atc,0.5,c12_storm_150_a150_c80_0004,541.2328,541.2328,292.0144,292.0144,87,1,0.7256,1.6302,D50,8.000,92.521,45,150
12,150,a150,edd,0.5,c12_storm_150_a150_c80_0004,541.2328,541.2328,,,87,1,0.7256,1.6302,D50,8.000,92.521,45,150
12,150,a150,atc,1.0,c12_storm_150_a150_c80_0004,426.4336,426.4336,292.0144,292.0144,68,1,0.7256,1.6302,D50,8.000,92.521,45,150
12,150,a150,edd,1.0,c12_storm_150_a150_c80_0004,426.4336,426.4336,,,68,1,0.7256,1.6302,D50,8.000,92.521,45,150
12,150,a150,atc,0.25,c12_storm_150_a150_c80_0005,747.1768,747.1768,796.5400,796.5400,94,1,0.6038,1.2347,E20,8.000,95.095,38,150
12,150,a150,edd,0.25,c12_storm_150_a150_c80_0005,747.1768,747.1768,,,94,1,0.6038,1.2347,E20,8.000,95.095,38,150
12,150,a150,atc,0.5,c12_storm_150_a150_c80_0005,767.7792,767.7792,796.5400,796.5400,87,1,0.6038,1.2347,E20,8.000,95.095,38,150
12,150,a150,edd,0.5,c12_storm_150_a150_c80_0005,767.7792,767.7792,,,87,1,0.6038,1.2347,E20,8.000,95.095,38,150
12,150,a150,atc,1.0,c12_storm_150_a150_c80_0005,296.1528,296.1528,426.9972,426.9972,68,1,0.6038,1.2347,E20,8.000,95.095,38,150
12,150,a150,edd,1.0,c12_storm_150_a150_c80_0005,296.1528,296.1528,,,68,1,0.6038,1.2347,E20,8.000,95.095,38,150
12,150,a150,atc,0.25,c12_storm_150_a150_c80_0006,678.8260,678.8260,628.3577,628.3577,90,1,0.8070,1.6901,D50,8.000,94.866,45,150
12,150,a150,edd,0.25,c12_storm_150_a150_c80_0006,678.8260,678.8260,,,90,1,0.8070,1.6901,D50,8.000,94.866,45,150
12,150,a150,atc,0.5,c12_storm_150_a150_c80_0006,270.3884,270.3884,395.9201,395.9201,90,1,0.8070,1.6901,D50,8.000,94.866,45,150
12,150,a150,edd,0.5,c12_storm_150_a150_c80_0006,270.3884,270.3884,,,90,1,0.8070,1.6901,D50,8.000,94.866,45,150
12,150,a150,atc,1.0,c12_storm_150_a150_c80_0006,180.6160,180.6160,349.8098,349.8098,75,1,0.8070,1.6901,D50,8.000,94.866,45,150
12,150,a150,edd,1.0,c12_storm_150_a150_c80_0006,180.6160,180.6160,,,75,1,0.8070,1.6901,D50,8.000,94.866,45,150
12,150,a150,atc,0.25,c12_storm_150_a150_c80_0007,724.0276,724.0276,731.1052,731.1052,87,1,0.8028,2.0713,E10,8.000,73.039,59,150
12,150,a150,edd,0.25,c12_storm_150_a150_c80_0007,724.0276,724.0276,,,87,1,0.8028,2.0713,E10,8.000,73.039,59,150
12,150,a150,atc,0.5,c12_storm_150_a150_c80_0007,763.3044,763.3044,782.7436,782.7436,91,1,0.8028,2.0713,E10,8.000,73.039,59,150
12,150,a150,edd,0.5,c12_storm_150_a150_c80_0007,763.3044,763.3044,,,91,1,0.8028,2.0713,E10,8.000,73.039,59,150
12,150,a150,atc,1.0,c12_storm_150_a150_c80_0007,491.6224,491.6224,636.2524,636.2524,78,1,0.8028,2.0713,E10,8.000,73.039,59,150
12,150,a150,edd,1.0,c12_storm_150_a150_c80_0007,491.6224,491.6224,,,78,1,0.8028,2.0713,E10,8.000,73.039,59,150
12,150,a150,atc,0.25,c12_storm_150_a150_c80_0008,158.8956,158.8956,158.9044,158.9044,97,1,0.6002,0.9588,D50,8.000,93.321,48,150
12,150,a150,edd,0.25,c12_storm_150_a150_c80_0008,158.8956,158.8956,,,97,1,0.6002,0.9588,D50,8.000,93.321,48,150
12,150,a150,atc,0.5,c12_storm_150_a150_c80_0008,158.8956,158.8956,158.9044,158.9044,93,1,0.6002,0.9588,D50,8.000,93.321,48,150
12,150,a150,edd,0.5,c12_storm_150_a150_c80_0008,158.8956,158.8956,,,93,1,0.6002,0.9588,D50,8.000,93.321,48,150
12,150,a150,atc,1.0,c12_storm_150_a150_c80_0008,102.3324,102.3324,130.6228,130.6228,69,1,0.6002,0.9588,D50,8.000,93.321,48,150
12,150,a150,edd,1.0,c12_storm_150_a150_c80_0008,102.3324,102.3324,,,69,1,0.6002,0.9588,D50,8.000,93.321,48,150
12,150,a150,atc,0.25,c12_storm_150_a150_c80_0009,459.3772,459.3772,348.6734,348.6734,94,1,0.6958,3.7879,C30,8.000,95.887,37,150
12,150,a150,edd,0.25,c12_storm_150_a150_c80_0009,459.3772,459.3772,,,94,1,0.6958,3.7879,C30,8.000,95.887,37,150
12,150,a150,atc,0.5,c12_storm_150_a150_c80_0009,332.7844,332.7844,357.5532,357.5532,92,1,0.6958,3.7879,C30,8.000,95.887,37,150
12,150,a150,edd,0.5,c12_storm_150_a150_c80_0009,332.7844,332.7844,,,92,1,0.6958,3.7879,C30,8.000,95.887,37,150
12,150,a150,atc,1.0,c12_storm_150_a150_c80_0009,850.3036,850.3036,689.0124,689.0124,63,1,0.6958,3.7879,C30,8.000,95.887,37,150
12,150,a150,edd,1.0,c12_storm_150_a150_c80_0009,850.3036,850.3036,,,63,1,0.6958,3.7879,C30,8.000,95.887,37,150
12,150,a150,atc,0.25,c12_storm_150_a150_c80_0010,328.2320,328.2320,333.5842,333.5842,84,1,0.6698,1.2851,D40,8.000,59.180,43,150
12,150,a150,edd,0.25,c12_storm_150_a150_c80_0010,328.2320,328.2320,,,84,1,0.6698,1.2851,D40,8.000,59.180,43,150
12,150,a150,atc,0.5,c12_storm_150_a150_c80_0010,240.9424,240.9424,289.9394,289.9394,86,1,0.6698,1.2851,D40,8.000,59.180,43,150
12,150,a150,edd,0.5,c12_storm_150_a150_c80_0010,240.9424,240.9424,,,86,1,0.6698,1.2851,D40,8.000,59.180,43,150
12,150,a150,atc,1.0,c12_storm_150_a150_c80_0010,361.0944,361.0944,234.5038,234.5038,68,1,0.6698,1.2851,D40,8.000,59.180,43,150
12,150,a150,edd,1.0,c12_storm_150_a150_c80_0010,361.0944,361.0944,,,68,1,0.6698,1.2851,D40,8.000,59.180,43,150
12,150,a150,atc,0.25,c12_storm_150_a150_c80_0011,665.1376,665.1376,639.8560,639.8560,91,1,0.7709,2.0076,C10,8.000,80.438,55,150
12,150,a150,edd,0.25,c12_storm_150_a150_c80_0011,665.1376,665.1376,,,91,1,0.7709,2.0076,C10,8.000,80.438,55,150
12,150,a150,atc,0.5,c12_storm_150_a150_c80_0011,558.4944,558.4944,586.5344,586.5344,89,1,0.7709,2.0076,C10,8.000,80.438,55,150
12,150,a150,edd,0.5,c12_storm_150_a150_c80_0011,558.4944,558.4944,,,89,1,0.7709,2.0076,C10,8.000,80.438,55,150
12,150,a150,atc,1.0,c12_storm_150_a150_c80_0011,169.3360,169.3360,334.2024,334.2024,77,1,0.7709,2.0076,C10,8.000,80.438,55,150
12,150,a150,edd,1.0,c12_storm_150_a150_c80_0011,169.3360,169.3360,,,77,1,0.7709,2.0076,C10,8.000,80.438,55,150
12,150,a150,atc,0.25,c12_storm_150_a150_c80_0012,1007.4616,1007.4616,995.5076,995.5076,86,1,0.7515,2.9462,UNK,8.000,95.270,48,150
12,150,a150,edd,0.25,c12_storm_150_a150_c80_0012,1007.4616,1007.4616,,,86,1,0.7515,2.9462,UNK,8.000,95.270,48,150
12,150,a150,atc,0.5,c12_storm_150_a150_c80_0012,1008.5968,1008.5968,995.5076,995.5076,93,1,0.7515,2.9462,UNK,8.000,95.270,48,150
12,150,a150,edd,0.5,c12_storm_150_a150_c80_0012,1008.5968,1008.5968,,,93,1,0.7515,2.9462,UNK,8.000,95.270,48,150
12,150,a150,atc,1.0,c12_storm_150_a150_c80_0012,825.7704,825.7704,896.6456,896.6456,83,1,0.7515,2.9462,UNK,8.000,95.270,48,150
12,150,a150,edd,1.0,c12_storm_150_a150_c80_0012,825.7704,825.7704,,,83,1,0.7515,2.9462,UNK,8.000,95.270,48,150
12,150,a150,atc,0.25,c12_storm_150_a150_c80_0013,682.9836,682.9836,370.5842,370.5842,82,1,0.7559,1.5006,D30,8.000,63.645,60,150
12,150,a150,edd,0.25,c12_storm_150_a150_c80_0013,682.9836,682.9836,,,82,1,0.7559,1.5006,D30,8.000,63.645,60,150
12,150,a150,atc,0.5,c12_storm_150_a150_c80_0013,628.1388,628.1388,343.1618,343.1618,82,1,0.7559,1.5006,D30,8.000,63.645,60,150
12,150,a150,edd,0.5,c12_storm_150_a150_c80_0013,628.1388,628.1388,,,82,1,0.7559,1.5006,D30,8.000,63.645,60,150
12,150,a150,atc,1.0,c12_storm_150_a150_c80_0013,467.5972,467.5972,304.7678,304.7678,71,1,0.7559,1.5006,D30,8.000,63.645,60,150
12,150,a150,edd,1.0,c12_storm_150_a150_c80_0013,467.5972,467.5972,,,71,1,0.7559,1.5006,D30,8.000,63.645,60,150
12,150,a150,atc,0.25,c12_storm_150_a150_c80_0014,282.1584,282.1584,142.1100,142.1100,92,1,0.5659,1.3019,E10,8.000,33.460,45,150
12,150,a150,edd,0.25,c12_storm_150_a150_c80_0014,282.1584,282.1584,,,92,1,0.5659,1.3019,E10,8.000,33.460,45,150
12,150,a150,atc,0.5,c12_storm_150_a150_c80_0014,282.1584,282.1584,142.1100,142.1100,93,1,0.5659,1.3019,E10,8.000,33.460,45,150
12,150,a150,edd,0.5,c12_storm_150_a150_c80_0014,282.1584,282.1584,,,93,1,0.5659,1.3019,E10,8.000,33.460,45,150
12,150,a150,atc,1.0,c12_storm_150_a150_c80_0014,258.2152,258.2152,142.1100,142.1100,64,1,0.5659,1.3019,E10,8.000,33.460,45,150
12,150,a150,edd,1.0,c12_storm_150_a150_c80_0014,258.2152,258.2152,,,64,1,0.5659,1.3019,E10,8.000,33.460,45,150
12,150,a150,atc,0.25,c12_storm_150_a150_c80_0015,597.3296,597.3296,587.1531,587.1531,94,1,0.7361,1.5198,D30,8.000,92.165,42,150
12,150,a150,edd,0.25,c12_storm_150_a150_c80_0015,597.3296,597.3296,,,94,1,0.7361,1.5198,D30,8.000,92.165,42,150
12,150,a150,atc,0.5,c12_storm_150_a150_c80_0015,618.1176,618.1176,587.1531,587.1531,93,1,0.7361,1.5198,D30,8.000,92.165,42,150
12,150,a150,edd,0.5,c12_storm_150_a150_c80_0015,618.1176,618.1176,,,93,1,0.7361,1.5198,D30,8.000,92.165,42,150
12,150,a150,atc,1.0,c12_storm_150_a150_c80_0015,366.2880,366.2880,471.9490,471.9490,73,1,0.7361,1.5198,D30,8.000,92.165,42,150
12,150,a150,edd,1.0,c12_storm_150_a150_c80_0015,366.2880,366.2880,,,73,1,0.7361,1.5198,D30,8.000,92.165,42,150
12,150,a150,atc,0.25,c12_storm_150_a150_c80_0016,174.5568,174.5568,177.0810,177.0810,99,1,0.6902,1.1847,D90,8.000,65.014,51,150
12,150,a150,edd,0.25,c12_storm_150_a150_c80_0016,174.5568,174.5568,,,99,1,0.6902,1.1847,D90,8.000,65.014,51,150
12,150,a150,atc,0.5,c12_storm_150_a150_c80_0016,328.7688,328.7688,179.4680,179.4680,104,1,0.6902,1.1847,D90,8.000,65.014,51,150
12,150,a150,edd,0.5,c12_storm_150_a150_c80_0016,328.7688,328.7688,,,104,1,0.6902,1.1847,D90,8.000,65.014,51,150
12,150,a150,atc,1.0,c12_storm_150_a150_c80_0016,102.2512,102.2512,163.6682,163.6682,68,1,0.6902,1.1847,D90,8.000,65.014,51,150
12,150,a150,edd,1.0,c12_storm_150_a150_c80_0016,102.2512,102.2512,,,68,1,0.6902,1.1847,D90,8.000,65.014,51,150
12,150,a150,atc,0.25,c12_storm_150_a150_c80_0017,542.9220,542.9220,370.4720,370.4720,104,1,0.6654,0.9285,D50,8.000,64.062,46,150
12,150,a150,edd,0.25,c12_storm_150_a150_c80_0017,542.9220,542.9220,,,104,1,0.6654,0.9285,D50,8.000,64.062,46,150
12,150,a150,atc,0.5,c12_storm_150_a150_c80_0017,596.3772,596.3772,370.4720,370.4720,102,1,0.6654,0.9285,D50,8.000,64.062,46,150
12,150,a150,edd,0.5,c12_storm_150_a150_c80_0017,596.3772,596.3772,,,102,1,0.6654,0.9285,D50,8.000,64.062,46,150
12,150,a150,atc,1.0,c12_storm_150_a150_c80_0017,523.3004,523.3004,316.2024,316.2024,70,1,0.6654,0.9285,D50,8.000,64.062,46,150
12,150,a150,edd,1.0,c12_storm_150_a150_c80_0017,523.3004,523.3004,,,70,1,0.6654,0.9285,D50,8.000,64.062,46,150
12,150,a150,atc,0.25,c12_storm_150_a150_c80_0018,290.9264,290.9264,302.7644,302.7644,86,1,0.5764,0.9776,D30,8.000,56.587,43,150
12,150,a150,edd,0.25,c12_storm_150_a150_c80_0018,290.9264,290.9264,,,86,1,0.5764,0.9776,D30,8.000,56.587,43,150
12,150,a150,atc,0.5,c12_storm_150_a150_c80_0018,290.9264,290.9264,302.7644,302.7644,82,1,0.5764,0.9776,D30,8.000,56.587,43,150
12,150,a150,edd,0.5,c12_storm_150_a150_c80_0018,290.9264,290.9264,,,82,1,0.5764,0.9776,D30,8.000,56.587,43,150
12,150,a150,atc,1.0,c12_storm_150_a150_c80_0018,21.4376,21.4376,168.0200,168.0200,74,1,0.5764,0.9776,D30,8.000,56.587,43,150
12,150,a150,edd,1.0,c12_storm_150_a150_c80_0018,21.4376,21.4376,,,74,1,0.5764,0.9776,D30,8.000,56.587,43,150
12,150,a150,atc,0.25,c12_storm_150_a150_c80_0019,135.6828,135.6828,140.0304,140.0304,98,1,0.6077,1.3137,B20,8.000,62.769,54,150
12,150,a150,edd,0.25,c12_storm_150_a150_c80_0019,135.6828,135.6828,,,98,1,0.6077,1.3137,B20,8.000,62.769,54,150
12,150,a150,atc,0.5,c12_storm_150_a150_c80_0019,160.4788,160.4788,152.4284,152.4284,100,1,0.6077,1.3137,B20,8.000,62.769,54,150
12,150,a150,edd,0.5,c12_storm_150_a150_c80_0019,160.4788,160.4788,,,100,1,0.6077,1.3137,B20,8.000,62.769,54,150
12,150,a150,atc,1.0,c12_storm_150_a150_c80_0019,71.5364,71.5364,107.9572,107.9572,66,1,0.6077,1.3137,B20,8.000,62.769,54,150
12,150,a150,edd,1.0,c12_storm_150_a150_c80_0019,71.5364,71.5364,,,66,1,0.6077,1.3137,B20,8.000,62.769,54,150
12,150,a150,atc,0.25,c12_storm_150_a150_c80_0020,834.3552,834.3552,917.3508,917.3508,84,1,0.8633,2.2711,E20,8.000,93.632,52,150
12,150,a150,edd,0.25,c12_storm_150_a150_c80_0020,834.3552,834.3552,,,84,1,0.8633,2.2711,E20,8.000,93.632,52,150
12,150,a150,atc,0.5,c12_storm_150_a150_c80_0020,840.0680,840.0680,917.3508,917.3508,90,1,0.8633,2.2711,E20,8.000,93.632,52,150
12,150,a150,edd,0.5,c12_storm_150_a150_c80_0020,840.0680,840.0680,,,90,1,0.8633,2.2711,E20,8.000,93.632,52,150
12,150,a150,atc,1.0,c12_storm_150_a150_c80_0020,487.8820,487.8820,550.1312,550.1312,65,1,0.8633,2.2711,E20,8.000,93.632,52,150
12,150,a150,edd,1.0,c12_storm_150_a150_c80_0020,487.8820,487.8820,,,65,1,0.8633,2.2711,E20,8.000,93.632,52,150
12,150,a150,atc,0.25,c12_storm_150_a150_c80_0021,1187.6936,1187.6936,966.9986,966.9986,91,1,0.8967,2.8887,UNK,8.000,96.742,49,150
12,150,a150,edd,0.25,c12_storm_150_a150_c80_0021,1187.6936,1187.6936,,,91,1,0.8967,2.8887,UNK,8.000,96.742,49,150
12,150,a150,atc,0.5,c12_storm_150_a150_c80_0021,1293.4412,1293.4412,966.9986,966.9986,91,1,0.8967,2.8887,UNK,8.000,96.742,49,150
12,150,a150,edd,0.5,c12_storm_150_a150_c80_0021,1293.4412,1293.4412,,,91,1,0.8967,2.8887,UNK,8.000,96.742,49,150
12,150,a150,atc,1.0,c12_storm_150_a150_c80_0021,517.9404,517.9404,525.5116,525.5116,71,1,0.8967,2.8887,UNK,8.000,96.742,49,150
12,150,a150,edd,1.0,c12_storm_150_a150_c80_0021,517.9404,517.9404,,,71,1,0.8967,2.8887,UNK,8.000,96.742,49,150
12,150,a150,atc,0.25,c12_storm_150_a150_c80_0022,767.1160,767.1160,678.8312,678.8312,88,1,0.7237,1.1249,D30,8.000,53.986,46,150
12,150,a150,edd,0.25,c12_storm_150_a150_c80_0022,767.1160,767.1160,,,88,1,0.7237,1.1249,D30,8.000,53.986,46,150
12,150,a150,atc,0.5,c12_storm_150_a150_c80_0022,632.9612,632.9612,608.6764,608.6764,81,1,0.7237,1.1249,D30,8.000,53.986,46,150
12,150,a150,edd,0.5,c12_storm_150_a150_c80_0022,632.9612,632.9612,,,81,1,0.7237,1.1249,D30,8.000,53.986,46,150
12,150,a150,atc,1.0,c12_storm_150_a150_c80_0022,448.8500,448.8500,392.0536,392.0536,74,1,0.7237,1.1249,D30,8.000,53.986,46,150
12,150,a150,edd,1.0,c12_storm_150_a150_c80_0022,448.8500,448.8500,,,74,1,0.7237,1.1249,D30,8.000,53.986,46,150
12,150,a150,atc,0.25,c12_storm_150_a150_c80_0023,558.4096,558.4096,521.0090,521.0090,95,1,0.7126,1.6116,E10,8.000,73.639,45,150
12,150,a150,edd,0.25,c12_storm_150_a150_c80_0023,558.4096,558.4096,,,95,1,0.7126,1.6116,E10,8.000,73.639,45,150
12,150,a150,atc,0.5,c12_storm_150_a150_c80_0023,562.5072,562.5072,523.4026,523.4026,88,1,0.7126,1.6116,E10,8.000,73.639,45,150
12,150,a150,edd,0.5,c12_storm_150_a150_c80_0023,562.5072,562.5072,,,88,1,0.7126,1.6116,E10,8.000,73.639,45,150
12,150,a150,atc,1.0,c12_storm_150_a150_c80_0023,391.1952,391.1952,442.7920,442.7920,70,1,0.7126,1.6116,E10,8.000,73.639,45,150
12,150,a150,edd,1.0,c12_storm_150_a150_c80_0023,391.1952,391.1952,,,70,1,0.7126,1.6116,E10,8.000,73.639,45,150
12,150,a150,atc,0.25,c12_storm_150_a150_c80_0024,592.8888,592.8888,561.9796,561.9796,79,1,0.7538,2.6264,B30,8.000,95.167,50,150
12,150,a150,edd,0.25,c12_storm_150_a150_c80_0024,592.8888,592.8888,,,79,1,0.7538,2.6264,B30,8.000,95.167,50,150
12,150,a150,atc,0.5,c12_storm_150_a150_c80_0024,592.8888,592.8888,561.9796,561.9796,87,1,0.7538,2.6264,B30,8.000,95.167,50,150
12,150,a150,edd,0.5,c12_storm_150_a150_c80_0024,592.8888,592.8888,,,87,1,0.7538,2.6264,B30,8.000,95.167,50,150
12,150,a150,atc,1.0,c12_storm_150_a150_c80_0024,402.6904,402.6904,388.8338,388.8338,78,1,0.7538,2.6264,B30,8.000,95.167,50,150
12,150,a150,edd,1.0,c12_storm_150_a150_c80_0024,402.6904,402.6904,,,78,1,0.7538,2.6264,B30,8.000,95.167,50,150
12,150,a150,atc,0.25,c12_storm_150_a150_c80_0025,721.1776,721.1776,496.3608,496.3608,82,1,0.7780,2.4853,B30,8.000,94.127,43,150
12,150,a150,edd,0.25,c12_storm_150_a150_c80_0025,721.1776,721.1776,,,82,1,0.7780,2.4853,B30,8.000,94.127,43,150
12,150,a150,atc,0.5,c12_storm_150_a150_c80_0025,714.7384,714.7384,496.3608,496.3608,83,1,0.7780,2.4853,B30,8.000,94.127,43,150
12,150,a150,edd,0.5,c12_storm_150_a150_c80_0025,714.7384,714.7384,,,83,1,0.7780,2.4853,B30,8.000,94.127,43,150
12,150,a150,atc,1.0,c12_storm_150_a150_c80_0025,648.2256,648.2256,464.0532,464.0532,65,1,0.7780,2.4853,B30,8.000,94.127,43,150
12,150,a150,edd,1.0,c12_storm_150_a150_c80_0025,648.2256,648.2256,,,65,1,0.7780,2.4853,B30,8.000,94.127,43,150
12,150,a150,atc,0.25,c12_storm_150_a150_c80_0026,201.7392,201.7392,403.3290,403.3290,96,1,0.7995,2.8068,B30,8.000,96.261,45,150
12,150,a150,edd,0.25,c12_storm_150_a150_c80_0026,201.7392,201.7392,,,96,1,0.7995,2.8068,B30,8.000,96.261,45,150
12,150,a150,atc,0.5,c12_storm_150_a150_c80_0026,244.9168,244.9168,403.3290,403.3290,95,1,0.7995,2.8068,B30,8.000,96.261,45,150
12,150,a150,edd,0.5,c12_storm_150_a150_c80_0026,244.9168,244.9168,,,95,1,0.7995,2.8068,B30,8.000,96.261,45,150
12,150,a150,atc,1.0,c12_storm_150_a150_c80_0026,364.1992,364.1992,438.4130,438.4130,68,1,0.7995,2.8068,B30,8.000,96.261,45,150
12,150,a150,edd,1.0,c12_storm_150_a150_c80_0026,364.1992,364.1992,,,68,1,0.7995,2.8068,B30,8.000,96.261,45,150
12,150,a150,atc,0.25,c12_storm_150_a150_c80_0027,425.0272,425.0272,345.1152,345.1152,92,1,0.7498,1.5636,D50,8.000,94.133,50,150
12,150,a150,edd,0.25,c12_storm_150_a150_c80_0027,425.0272,425.0272,,,92,1,0.7498,1.5636,D50,8.000,94.133,50,150
12,150,a150,atc,0.5,c12_storm_150_a150_c80_0027,386.8824,386.8824,326.0428,326.0428,89,1,0.7498,1.5636,D50,8.000,94.133,50,150
12,150,a150,edd,0.5,c12_storm_150_a150_c80_0027,386.8824,386.8824,,,89,1,0.7498,1.5636,D50,8.000,94.133,50,150
12,150,a150,atc,1.0,c12_storm_150_a150_c80_0027,64.5828,64.5828,214.2072,214.2072,77,1,0.7498,1.5636,D50,8.000,94.133,50,150
12,150,a150,edd,1.0,c12_storm_150_a150_c80_0027,64.5828,64.5828,,,77,1,0.7498,1.5636,D50,8.000,94.133,50,150
12,150,a150,atc,0.25,c12_storm_150_a150_c80_0028,366.0672,366.0672,159.7052,159.7052,91,1,0.5255,1.2370,E10,8.000,94.062,30,150
12,150,a150,edd,0.25,c12_storm_150_a150_c80_0028,366.0672,366.0672,,,91,1,0.5255,1.2370,E10,8.000,94.062,30,150
12,150,a150,atc,0.5,c12_storm_150_a150_c80_0028,458.1636,458.1636,178.8548,178.8548,92,1,0.5255,1.2370,E10,8.000,94.062,30,150
12,150,a150,edd,0.5,c12_storm_150_a150_c80_0028,458.1636,458.1636,,,92,1,0.5255,1.2370,E10,8.000,94.062,30,150
12,150,a150,atc,1.0,c12_storm_150_a150_c80_0028,158.7296,158.7296,157.1252,157.1252,76,1,0.5255,1.2370,E10,8.000,94.062,30,150
12,150,a150,edd,1.0,c12_storm_150_a150_c80_0028,158.7296,158.7296,,,76,1,0.5255,1.2370,E10,8.000,94.062,30,150
12,150,a150,atc,0.25,c12_storm_150_a150_c80_0029,1576.4976,1576.4976,1529.5146,1529.5146,88,1,0.6496,2.0441,D40,8.000,91.008,41,150
12,150,a150,edd,0.25,c12_storm_150_a150_c80_0029,1576.4976,1576.4976,,,88,1,0.6496,2.0441,D40,8.000,91.008,41,150
12,150,a150,atc,0.5,c12_storm_150_a150_c80_0029,1212.3076,1212.3076,1229.4896,1229.4896,83,1,0.6496,2.0441,D40,8.000,91.008,41,150
12,150,a150,edd,0.5,c12_storm_150_a150_c80_0029,1212.3076,1212.3076,,,83,1,0.6496,2.0441,D40,8.000,91.008,41,150
12,150,a150,atc,1.0,c12_storm_150_a150_c80_0029,1125.1732,1125.1732,1185.9224,1185.9224,56,1,0.6496,2.0441,D40,8.000,91.008,41,150
12,150,a150,edd,1.0,c12_storm_150_a150_c80_0029,1125.1732,1125.1732,,,56,1,0.6496,2.0441,D40,8.000,91.008,41,150
12,150,a200,atc,0.25,c12_storm_150_a200_c80_0000,388.6180,388.6180,462.9670,462.9670,95,1,0.6317,2.2368,MISC,8.000,83.687,36,150
12,150,a200,edd,0.25,c12_storm_150_a200_c80_0000,388.6180,388.6180,,,95,1,0.6317,2.2368,MISC,8.000,83.687,36,150
12,150,a200,atc,0.5,c12_storm_150_a200_c80_0000,753.0948,753.0948,767.2354,767.2354,95,1,0.6317,2.2368,MISC,8.000,83.687,36,150
12,150,a200,edd,0.5,c12_storm_150_a200_c80_0000,753.0948,753.0948,,,95,1,0.6317,2.2368,MISC,8.000,83.687,36,150
12,150,a200,atc,1.0,c12_storm_150_a200_c80_0000,725.9836,725.9836,806.0208,806.0208,55,1,0.6317,2.2368,MISC,8.000,83.687,36,150
12,150,a200,edd,1.0,c12_storm_150_a200_c80_0000,725.9836,725.9836,,,55,1,0.6317,2.2368,MISC,8.000,83.687,36,150
12,150,a200,atc,0.25,c12_storm_150_a200_c80_0001,1641.4436,1641.4436,1545.7024,1545.7024,88,1,0.9180,3.8675,E20,8.000,94.313,41,150
12,150,a200,edd,0.25,c12_storm_150_a200_c80_0001,1641.4436,1641.4436,,,88,1,0.9180,3.8675,E20,8.000,94.313,41,150
12,150,a200,atc,0.5,c12_storm_150_a200_c80_0001,1729.9116,1729.9116,1589.9364,1589.9364,84,1,0.9180,3.8675,E20,8.000,94.313,41,150
12,150,a200,edd,0.5,c12_storm_150_a200_c80_0001,1729.9116,1729.9116,,,84,1,0.9180,3.8675,E20,8.000,94.313,41,150
12,150,a200,atc,1.0,c12_storm_150_a200_c80_0001,1548.5076,1548.5076,1492.2224,1492.2224,59,1,0.9180,3.8675,E20,8.000,94.313,41,150
12,150,a200,edd,1.0,c12_storm_150_a200_c80_0001,1548.5076,1548.5076,,,59,1,0.9180,3.8675,E20,8.000,94.313,41,150
12,150,a200,atc,0.25,c12_storm_150_a200_c80_0002,840.6672,840.6672,796.7084,796.7084,86,1,0.7228,1.7314,UNK,8.000,93.348,34,150
12,150,a200,edd,0.25,c12_storm_150_a200_c80_0002,840.6672,840.6672,,,86,1,0.7228,1.7314,UNK,8.000,93.348,34,150
12,150,a200,atc,0.5,c12_storm_150_a200_c80_0002,687.5496,687.5496,707.5908,707.5908,78,1,0.7228,1.7314,UNK,8.000,93.348,34,150
12,150,a200,edd,0.5,c12_storm_150_a200_c80_0002,687.5496,687.5496,,,78,1,0.7228,1.7314,UNK,8.000,93.348,34,150
12,150,a200,atc,1.0,c12_storm_150_a200_c80_0002,460.7832,460.7832,655.2728,655.2728,67,1,0.7228,1.7314,UNK,8.000,93.348,34,150
12,150,a200,edd,1.0,c12_storm_150_a200_c80_0002,460.7832,460.7832,,,67,1,0.7228,1.7314,UNK,8.000,93.348,34,150
12,150,a200,atc,0.25,c12_storm_150_a200_c80_0003,234.8680,234.8680,335.5280,335.5280,88,1,0.6450,0.9883,D30,8.000,46.582,41,150
12,150,a200,edd,0.25,c12_storm_150_a200_c80_0003,234.8680,234.8680,,,88,1,0.6450,0.9883,D30,8.000,46.582,41,150
12,150,a200,atc,0.5,c12_storm_150_a200_c80_0003,237.9440,237.9440,322.4752,322.4752,92,1,0.6450,0.9883,D30,8.000,46.582,41,150
12,150,a200,edd,0.5,c12_storm_150_a200_c80_0003,237.9440,237.9440,,,92,1,0.6450,0.9883,D30,8.000,46.582,41,150
12,150,a200,atc,1.0,c12_storm_150_a200_c80_0003,320.1500,320.1500,269.0502,269.0502,73,1,0.6450,0.9883,D30,8.000,46.582,41,150
12,150,a200,edd,1.0,c12_storm_150_a200_c80_0003,320.1500,320.1500,,,73,1,0.6450,0.9883,D30,8.000,46.582,41,150
12,150,a200,atc,0.25,c12_storm_150_a200_c80_0004,609.0092,609.0092,720.0138,720.0138,90,1,0.7231,1.1891,D30,8.000,91.888,40,150
12,150,a200,edd,0.25,c12_storm_150_a200_c80_0004,609.0092,609.0092,,,90,1,0.7231,1.1891,D30,8.000,91.888,40,150
12,150,a200,atc,0.5,c12_storm_150_a200_c80_0004,348.7436,348.7436,586.2842,586.2842,93,1,0.7231,1.1891,D30,8.000,91.888,40,150
12,150,a200,edd,0.5,c12_storm_150_a200_c80_0004,348.7436,348.7436,,,93,1,0.7231,1.1891,D30,8.000,91.888,40,150
12,150,a200,atc,1.0,c12_storm_150_a200_c80_0004,359.8420,359.8420,623.8334,623.8334,67,1,0.7231,1.1891,D30,8.000,91.888,40,150
12,150,a200,edd,1.0,c12_storm_150_a200_c80_0004,359.8420,359.8420,,,67,1,0.7231,1.1891,D30,8.000,91.888,40,150
12,150,a200,atc,0.25,c12_storm_150_a200_c80_0005,436.7520,436.7520,543.0474,543.0474,101,1,0.6315,1.1940,E10,8.000,37.233,39,150
12,150,a200,edd,0.25,c12_storm_150_a200_c80_0005,436.7520,436.7520,,,101,1,0.6315,1.1940,E10,8.000,37.233,39,150
12,150,a200,atc,0.5,c12_storm_150_a200_c80_0005,471.5784,471.5784,543.0474,543.0474,91,1,0.6315,1.1940,E10,8.000,37.233,39,150
12,150,a200,edd,0.5,c12_storm_150_a200_c80_0005,471.5784,471.5784,,,91,1,0.6315,1.1940,E10,8.000,37.233,39,150
12,150,a200,atc,1.0,c12_storm_150_a200_c80_0005,958.6400,958.6400,739.6426,739.6426,68,1,0.6315,1.1940,E10,8.000,37.233,39,150
12,150,a200,edd,1.0,c12_storm_150_a200_c80_0005,958.6400,958.6400,,,68,1,0.6315,1.1940,E10,8.000,37.233,39,150
12,150,a200,atc,0.25,c12_storm_150_a200_c80_0006,682.2432,682.2432,540.9672,540.9672,82,1,0.6804,1.5950,E20,8.000,72.468,48,150
12,150,a200,edd,0.25,c12_storm_150_a200_c80_0006,682.2432,682.2432,,,82,1,0.6804,1.5950,E20,8.000,72.468,48,150
12,150,a200,atc,0.5,c12_storm_150_a200_c80_0006,682.2432,682.2432,540.9672,540.9672,92,1,0.6804,1.5950,E20,8.000,72.468,48,150
12,150,a200,edd,0.5,c12_storm_150_a200_c80_0006,682.2432,682.2432,,,92,1,0.6804,1.5950,E20,8.000,72.468,48,150
12,150,a200,atc,1.0,c12_storm_150_a200_c80_0006,281.2196,281.2196,371.9452,371.9452,71,1,0.6804,1.5950,E20,8.000,72.468,48,150
12,150,a200,edd,1.0,c12_storm_150_a200_c80_0006,281.2196,281.2196,,,71,1,0.6804,1.5950,E20,8.000,72.468,48,150
12,150,a200,atc,0.25,c12_storm_150_a200_c80_0007,552.8848,552.8848,466.9004,466.9004,91,1,0.7851,2.6694,MISC,8.000,94.189,45,150
12,150,a200,edd,0.25,c12_storm_150_a200_c80_0007,552.8848,552.8848,,,91,1,0.7851,2.6694,MISC,8.000,94.189,45,150
12,150,a200,atc,0.5,c12_storm_150_a200_c80_0007,688.9952,688.9952,466.9004,466.9004,96,1,0.7851,2.6694,MISC,8.000,94.189,45,150
12,150,a200,edd,0.5,c12_storm_150_a200_c80_0007,688.9952,688.9952,,,96,1,0.7851,2.6694,MISC,8.000,94.189,45,150
12,150,a200,atc,1.0,c12_storm_150_a200_c80_0007,407.5664,407.5664,350.5958,350.5958,83,1,0.7851,2.6694,MISC,8.000,94.189,45,150
12,150,a200,edd,1.0,c12_storm_150_a200_c80_0007,407.5664,407.5664,,,83,1,0.7851,2.6694,MISC,8.000,94.189,45,150
12,150,a200,atc,0.25,c12_storm_150_a200_c80_0008,1299.5000,1299.5000,981.3392,981.3392,105,1,0.7036,1.2329,D30,8.000,65.150,30,150
12,150,a200,edd,0.25,c12_storm_150_a200_c80_0008,1299.5000,1299.5000,,,105,1,0.7036,1.2329,D30,8.000,65.150,30,150
12,150,a200,atc,0.5,c12_storm_150_a200_c80_0008,1138.8908,1138.8908,890.9676,890.9676,104,1,0.7036,1.2329,D30,8.000,65.150,30,150
12,150,a200,edd,0.5,c12_storm_150_a200_c80_0008,1138.8908,1138.8908,,,104,1,0.7036,1.2329,D30,8.000,65.150,30,150
12,150,a200,atc,1.0,c12_storm_150_a200_c80_0008,785.8340,785.8340,638.0924,638.0924,74,1,0.7036,1.2329,D30,8.000,65.150,30,150
12,150,a200,edd,1.0,c12_storm_150_a200_c80_0008,785.8340,785.8340,,,74,1,0.7036,1.2329,D30,8.000,65.150,30,150
12,150,a200,atc,0.25,c12_storm_150_a200_c80_0009,634.5144,634.5144,662.9692,662.9692,105,1,0.6795,1.0910,C10,8.000,45.041,38,150
12,150,a200,edd,0.25,c12_storm_150_a200_c80_0009,634.5144,634.5144,,,105,1,0.6795,1.0910,C10,8.000,45.041,38,150
12,150,a200,atc,0.5,c12_storm_150_a200_c80_0009,634.5144,634.5144,662.9692,662.9692,99,1,0.6795,1.0910,C10,8.000,45.041,38,150
12,150,a200,edd,0.5,c12_storm_150_a200_c80_0009,634.5144,634.5144,,,99,1,0.6795,1.0910,C10,8.000,45.041,38,150
12,150,a200,atc,1.0,c12_storm_150_a200_c80_0009,302.3368,302.3368,333.1042,333.1042,79,1,0.6795,1.0910,C10,8.000,45.041,38,150
12,150,a200,edd,1.0,c12_storm_150_a200_c80_0009,302.3368,302.3368,,,79,1,0.6795,1.0910,C10,8.000,45.041,38,150
12,150,a200,atc,0.25,c12_storm_150_a200_c80_0010,1352.1684,1352.1684,1062.1352,1062.1352,97,1,0.8201,2.4518,E10,8.000,93.686,40,150
12,150,a200,edd,0.25,c12_storm_150_a200_c80_0010,1352.1684,1352.1684,,,97,1,0.8201,2.4518,E10,8.000,93.686,40,150
12,150,a200,atc,0.5,c12_storm_150_a200_c80_0010,1352.1684,1352.1684,1062.1352,1062.1352,100,1,0.8201,2.4518,E10,8.000,93.686,40,150
12,150,a200,edd,0.5,c12_storm_150_a200_c80_0010,1352.1684,1352.1684,,,100,1,0.8201,2.4518,E10,8.000,93.686,40,150
12,150,a200,atc,1.0,c12_storm_150_a200_c80_0010,1107.8208,1118.7688,886.5948,886.5948,78,1,0.8201,2.4518,E10,8.000,93.686,40,150
12,150,a200,edd,1.0,c12_storm_150_a200_c80_0010,1107.8208,1118.7688,,,78,1,0.8201,2.4518,E10,8.000,93.686,40,150
12,150,a200,atc,0.25,c12_storm_150_a200_c80_0011,109.7656,109.7656,124.1116,124.1116,101,1,0.5722,1.1855,C30,8.000,45.407,35,150
12,150,a200,edd,0.25,c12_storm_150_a200_c80_0011,109.7656,109.7656,,,101,1,0.5722,1.1855,C30,8.000,45.407,35,150
12,150,a200,atc,0.5,c12_storm_150_a200_c80_0011,177.9332,177.9332,124.1116,124.1116,98,1,0.5722,1.1855,C30,8.000,45.407,35,150
12,150,a200,edd,0.5,c12_storm_150_a200_c80_0011,177.9332,177.9332,,,98,1,0.5722,1.1855,C30,8.000,45.407,35,150
12,150,a200,atc,1.0,c12_storm_150_a200_c80_0011,193.9524,193.9524,132.1212,132.1212,61,1,0.5722,1.1855,C30,8.000,45.407,35,150
12,150,a200,edd,1.0,c12_storm_150_a200_c80_0011,193.9524,193.9524,,,61,1,0.5722,1.1855,C30,8.000,45.407,35,150
12,150,a200,atc,0.25,c12_storm_150_a200_c80_0012,218.9000,218.9000,122.3832,122.3832,91,1,0.7020,2.3257,C30,8.000,83.164,42,150
12,150,a200,edd,0.25,c12_storm_150_a200_c80_0012,218.9000,218.9000,,,91,1,0.7020,2.3257,C30,8.000,83.164,42,150
12,150,a200,atc,0.5,c12_storm_150_a200_c80_0012,240.4224,240.4224,122.3832,122.3832,93,1,0.7020,2.3257,C30,8.000,83.164,42,150
12,150,a200,edd,0.5,c12_storm_150_a200_c80_0012,240.4224,240.4224,,,93,1,0.7020,2.3257,C30,8.000,83.164,42,150
12,150,a200,atc,1.0,c12_storm_150_a200_c80_0012,125.0448,125.0448,75.7148,75.7148,77,1,0.7020,2.3257,C30,8.000,83.164,42,150
12,150,a200,edd,1.0,c12_storm_150_a200_c80_0012,125.0448,125.0448,,,77,1,0.7020,2.3257,C30,8.000,83.164,42,150
12,150,a200,atc,0.25,c12_storm_150_a200_c80_0013,269.3534,269.3534,396.1098,396.1098,89,1,0.6930,1.4110,B20,8.000,93.204,28,150
12,150,a200,edd,0.25,c12_storm_150_a200_c80_0013,269.3534,269.3534,,,89,1,0.6930,1.4110,B20,8.000,93.204,28,150
12,150,a200,atc,0.5,c12_storm_150_a200_c80_0013,495.2476,495.2476,398.0040,398.0040,92,1,0.6930,1.4110,B20,8.000,93.204,28,150
12,150,a200,edd,0.5,c12_storm_150_a200_c80_0013,495.2476,495.2476,,,92,1,0.6930,1.4110,B20,8.000,93.204,28,150
12,150,a200,atc,1.0,c12_storm_150_a200_c80_0013,952.2196,952.2196,792.2196,792.2196,64,1,0.6930,1.4110,B20,8.000,93.204,28,150
12,150,a200,edd,1.0,c12_storm_150_a200_c80_0013,952.2196,952.2196,,,64,1,0.6930,1.4110,B20,8.000,93.204,28,150
12,150,a200,atc,0.25,c12_storm_150_a200_c80_0014,323.4498,323.4498,288.2306,288.2306,79,1,0.5522,1.5513,MISC,8.000,88.579,33,150
12,150,a200,edd,0.25,c12_storm_150_a200_c80_0014,323.4498,323.4498,,,79,1,0.5522,1.5513,MISC,8.000,88.579,33,150
12,150,a200,atc,0.5,c12_storm_150_a200_c80_0014,425.4434,425.4434,288.2306,288.2306,75,1,0.5522,1.5513,MISC,8.000,88.579,33,150
12,150,a200,edd,0.5,c12_storm_150_a200_c80_0014,425.4434,425.4434,,,75,1,0.5522,1.5513,MISC,8.000,88.579,33,150
12,150,a200,atc,1.0,c12_storm_150_a200_c80_0014,192.3018,192.3018,149.2450,149.2450,60,1,0.5522,1.5513,MISC,8.000,88.579,33,150
12,150,a200,edd,1.0,c12_storm_150_a200_c80_0014,192.3018,192.3018,,,60,1,0.5522,1.5513,MISC,8.000,88.579,33,150
12,150,a200,atc,0.25,c12_storm_150_a200_c80_0015,503.9672,503.9672,356.4645,356.4645,86,1,0.6366,1.0688,B30,8.000,51.762,37,150
12,150,a200,edd,0.25,c12_storm_150_a200_c80_0015,503.9672,503.9672,,,86,1,0.6366,1.0688,B30,8.000,51.762,37,150
12,150,a200,atc,0.5,c12_storm_150_a200_c80_0015,503.9672,503.9672,356.4645,356.4645,80,1,0.6366,1.0688,B30,8.000,51.762,37,150
12,150,a200,edd,0.5,c12_storm_150_a200_c80_0015,503.9672,503.9672,,,80,1,0.6366,1.0688,B30,8.000,51.762,37,150
12,150,a200,atc,1.0,c12_storm_150_a200_c80_0015,313.9660,313.9660,277.8714,277.8714,68,1,0.6366,1.0688,B30,8.000,51.762,37,150
12,150,a200,edd,1.0,c12_storm_150_a200_c80_0015,313.9660,313.9660,,,68,1,0.6366,1.0688,B30,8.000,51.762,37,150
12,150,a200,atc,0.25,c12_storm_150_a200_c80_0016,824.5172,824.5172,522.5834,522.5834,97,1,0.7292,1.5113,C30,8.000,60.008,41,150
12,150,a200,edd,0.25,c12_storm_150_a200_c80_0016,824.5172,824.5172,,,97,1,0.7292,1.5113,C30,8.000,60.008,41,150
12,150,a200,atc,0.5,c12_storm_150_a200_c80_0016,821.0844,821.0844,716.9866,716.9866,90,1,0.7292,1.5113,C30,8.000,60.008,41,150
12,150,a200,edd,0.5,c12_storm_150_a200_c80_0016,821.0844,821.0844,,,90,1,0.7292,1.5113,C30,8.000,60.008,41,150
12,150,a200,atc,1.0,c12_storm_150_a200_c80_0016,774.1940,774.1940,707.5362,707.5362,66,1,0.7292,1.5113,C30,8.000,60.008,41,150
12,150,a200,edd,1.0,c12_storm_150_a200_c80_0016,774.1940,774.1940,,,66,1,0.7292,1.5113,C30,8.000,60.008,41,150
12,150,a200,atc,0.25,c12_storm_150_a200_c80_0017,1133.5400,1133.5400,824.3192,824.3192,91,1,0.7210,1.8330,D90,8.000,92.697,34,150
12,150,a200,edd,0.25,c12_storm_150_a200_c80_0017,1133.5400,1133.5400,,,91,1,0.7210,1.8330,D90,8.000,92.697,34,150
12,150,a200,atc,0.5,c12_storm_150_a200_c80_0017,1399.6940,1399.6940,923.4412,923.4412,90,1,0.7210,1.8330,D90,8.000,92.697,34,150
12,150,a200,edd,0.5,c12_storm_150_a200_c80_0017,1399.6940,1399.6940,,,90,1,0.7210,1.8330,D90,8.000,92.697,34,150
12,150,a200,atc,1.0,c12_storm_150_a200_c80_0017,1256.1452,1256.1452,909.4444,909.4444,75,1,0.7210,1.8330,D90,8.000,92.697,34,150
12,150,a200,edd,1.0,c12_storm_150_a200_c80_0017,1256.1452,1256.1452,,,75,1,0.7210,1.8330,D90,8.000,92.697,34,150
12,150,a200,atc,0.25,c12_storm_150_a200_c80_0018,1006.2532,1006.2532,814.1096,814.1096,93,1,0.7714,1.2723,D30,8.000,56.400,47,150
12,150,a200,edd,0.25,c12_storm_150_a200_c80_0018,1006.2532,1006.2532,,,93,1,0.7714,1.2723,D30,8.000,56.400,47,150
12,150,a200,atc,0.5,c12_storm_150_a200_c80_0018,1006.2532,1006.2532,814.1096,814.1096,83,1,0.7714,1.2723,D30,8.000,56.400,47,150
12,150,a200,edd,0.5,c12_storm_150_a200_c80_0018,1006.2532,1006.2532,,,83,1,0.7714,1.2723,D30,8.000,56.400,47,150
12,150,a200,atc,1.0,c12_storm_150_a200_c80_0018,938.9240,938.9240,732.1763,732.1763,75,1,0.7714,1.2723,D30,8.000,56.400,47,150
12,150,a200,edd,1.0,c12_storm_150_a200_c80_0018,938.9240,938.9240,,,75,1,0.7714,1.2723,D30,8.000,56.400,47,150
12,150,a200,atc,0.25,c12_storm_150_a200_c80_0019,1623.0348,1623.0348,1580.5320,1580.5320,88,1,0.9794,1.6258,D30,8.000,91.367,42,150
12,150,a200,edd,0.25,c12_storm_150_a200_c80_0019,1623.0348,1623.0348,,,88,1,0.9794,1.6258,D30,8.000,91.367,42,150
12,150,a200,atc,0.5,c12_storm_150_a200_c80_0019,1077.9988,1077.9988,1007.3120,1007.3120,95,1,0.9794,1.6258,D30,8.000,91.367,42,150
12,150,a200,edd,0.5,c12_storm_150_a200_c80_0019,1077.9988,1077.9988,,,95,1,0.9794,1.6258,D30,8.000,91.367,42,150
12,150,a200,atc,1.0,c12_storm_150_a200_c80_0019,811.5992,811.5992,930.3144,930.3144,75,1,0.9794,1.6258,D30,8.000,91.367,42,150
12,150,a200,edd,1.0,c12_storm_150_a200_c80_0019,811.5992,811.5992,,,75,1,0.9794,1.6258,D30,8.000,91.367,42,150
12,150,a200,atc,0.25,c12_storm_150_a200_c80_0020,1291.0440,1291.0440,909.4788,909.4788,87,1,0.8233,1.5221,D50,8.000,65.651,49,150
12,150,a200,edd,0.25,c12_storm_150_a200_c80_0020,1291.0440,1291.0440,,,87,1,0.8233,1.5221,D50,8.000,65.651,49,150
12,150,a200,atc,0.5,c12_storm_150_a200_c80_0020,1287.4904,1287.4904,907.7020,907.7020,88,1,0.8233,1.5221,D50,8.000,65.651,49,150
12,150,a200,edd,0.5,c12_storm_150_a200_c80_0020,1287.4904,1287.4904,,,88,1,0.8233,1.5221,D50,8.000,65.651,49,150
12,150,a200,atc,1.0,c12_storm_150_a200_c80_0020,981.1316,981.1316,822.2080,822.2080,68,1,0.8233,1.5221,D50,8.000,65.651,49,150
12,150,a200,edd,1.0,c12_storm_150_a200_c80_0020,981.1316,981.1316,,,68,1,0.8233,1.5221,D50,8.000,65.651,49,150
12,150,a200,atc,0.25,c12_storm_150_a200_c80_0021,627.4600,627.4600,630.6472,630.6472,94,1,0.6949,1.9933,UNK,8.000,67.642,40,150
12,150,a200,edd,0.25,c12_storm_150_a200_c80_0021,627.4600,627.4600,,,94,1,0.6949,1.9933,UNK,8.000,67.642,40,150
12,150,a200,atc,0.5,c12_storm_150_a200_c80_0021,681.3472,681.3472,630.6472,630.6472,86,1,0.6949,1.9933,UNK,8.000,67.642,40,150
12,150,a200,edd,0.5,c12_storm_150_a200_c80_0021,681.3472,681.3472,,,86,1,0.6949,1.9933,UNK,8.000,67.642,40,150
12,150,a200,atc,1.0,c12_storm_150_a200_c80_0021,550.9576,550.9576,553.2832,553.2832,80,1,0.6949,1.9933,UNK,8.000,67.642,40,150
12,150,a200,edd,1.0,c12_storm_150_a200_c80_0021,550.9576,550.9576,,,80,1,0.6949,1.9933,UNK,8.000,67.642,40,150
12,150,a200,atc,0.25,c12_storm_150_a200_c80_0022,520.1832,520.1832,399.6347,399.6347,82,1,0.5190,1.1546,B30,8.000,43.810,31,150
12,150,a200,edd,0.25,c12_storm_150_a200_c80_0022,520.1832,520.1832,,,82,1,0.5190,1.1546,B30,8.000,43.810,31,150
12,150,a200,atc,0.5,c12_storm_150_a200_c80_0022,520.1832,520.1832,399.6347,399.6347,86,1,0.5190,1.1546,B30,8.000,43.810,31,150
12,150,a200,edd,0.5,c12_storm_150_a200_c80_0022,520.1832,520.1832,,,86,1,0.5190,1.1546,B30,8.000,43.810,31,150
12,150,a200,atc,1.0,c12_storm_150_a200_c80_0022,244.3652,244.3652,227.4794,227.4794,76,1,0.5190,1.1546,B30,8.000,43.810,31,150
12,150,a200,edd,1.0,c12_storm_150_a200_c80_0022,244.3652,244.3652,,,76,1,0.5190,1.1546,B30,8.000,43.810,31,150
12,150,a200,atc,0.25,c12_storm_150_a200_c80_0023,642.5680,642.5680,619.0808,619.0808,89,1,0.6521,1.3158,E10,8.000,58.118,31,150
12,150,a200,edd,0.25,c12_storm_150_a200_c80_0023,642.5680,642.5680,,,89,1,0.6521,1.3158,E10,8.000,58.118,31,150
12,150,a200,atc,0.5,c12_storm_150_a200_c80_0023,663.1040,663.1040,619.0808,619.0808,91,1,0.6521,1.3158,E10,8.000,58.118,31,150
12,150,a200,edd,0.5,c12_storm_150_a200_c80_0023,663.1040,663.1040,,,91,1,0.6521,1.3158,E10,8.000,58.118,31,150
12,150,a200,atc,1.0,c12_storm_150_a200_c80_0023,560.3544,560.3544,523.0880,523.0880,59,1,0.6521,1.3158,E10,8.000,58.118,31,150
12,150,a200,edd,1.0,c12_storm_150_a200_c80_0023,560.3544,560.3544,,,59,1,0.6521,1.3158,E10,8.000,58.118,31,150
12,150,a200,atc,0.25,c12_storm_150_a200_c80_0024,43.7868,43.7868,35.5560,35.5560,107,1,0.5176,1.0915,E10,8.000,36.846,27,150
12,150,a200,edd,0.25,c12_storm_150_a200_c80_0024,43.7868,43.7868,,,107,1,0.5176,1.0915,E10,8.000,36.846,27,150
12,150,a200,atc,0.5,c12_storm_150_a200_c80_0024,56.2908,56.2908,37.4890,37.4890,101,1,0.5176,1.0915,E10,8.000,36.846,27,150
12,150,a200,edd,0.5,c12_storm_150_a200_c80_0024,56.2908,56.2908,,,101,1,0.5176,1.0915,E10,8.000,36.846,27,150
12,150,a200,atc,1.0,c12_storm_150_a200_c80_0024,64.0228,64.0228,41.3550,41.3550,73,1,0.5176,1.0915,E10,8.000,36.846,27,150
12,150,a200,edd,1.0,c12_storm_150_a200_c80_0024,64.0228,64.0228,,,73,1,0.5176,1.0915,E10,8.000,36.846,27,150
12,150,a200,atc,0.25,c12_storm_150_a200_c80_0025,261.0704,261.0704,200.5012,200.5012,89,1,0.6488,1.5082,D50,8.000,75.012,39,150
12,150,a200,edd,0.25,c12_storm_150_a200_c80_0025,261.0704,261.0704,,,89,1,0.6488,1.5082,D50,8.000,75.012,39,150
12,150,a200,atc,0.5,c12_storm_150_a200_c80_0025,278.7384,278.7384,200.5012,200.5012,90,1,0.6488,1.5082,D50,8.000,75.012,39,150
12,150,a200,edd,0.5,c12_storm_150_a200_c80_0025,278.7384,278.7384,,,90,1,0.6488,1.5082,D50,8.000,75.012,39,150
12,150,a200,atc,1.0,c12_storm_150_a200_c80_0025,140.1840,140.1840,102.1778,102.1778,75,1,0.6488,1.5082,D50,8.000,75.012,39,150
12,150,a200,edd,1.0,c12_storm_150_a200_c80_0025,140.1840,140.1840,,,75,1,0.6488,1.5082,D50,8.000,75.012,39,150
12,150,a200,atc,0.25,c12_storm_150_a200_c80_0026,382.2624,382.2624,334.1917,334.1917,85,1,0.6375,1.3386,B20,8.000,43.610,42,150
12,150,a200,edd,0.25,c12_storm_150_a200_c80_0026,382.2624,382.2624,,,85,1,0.6375,1.3386,B20,8.000,43.610,42,150
12,150,a200,atc,0.5,c12_storm_150_a200_c80_0026,316.0400,316.0400,292.7223,292.7223,85,1,0.6375,1.3386,B20,8.000,43.610,42,150
12,150,a200,edd,0.5,c12_storm_150_a200_c80_0026,316.0400,316.0400,,,85,1,0.6375,1.3386,B20,8.000,43.610,42,150
12,150,a200,atc,1.0,c12_storm_150_a200_c80_0026,396.1688,396.1688,355.0772,355.0772,78,1,0.6375,1.3386,B20,8.000,43.610,42,150
12,150,a200,edd,1.0,c12_storm_150_a200_c80_0026,396.1688,396.1688,,,78,1,0.6375,1.3386,B20,8.000,43.610,42,150
12,150,a200,atc,0.25,c12_storm_150_a200_c80_0027,1344.9472,1344.9472,1338.2646,1338.2646,87,1,0.7890,1.6615,D30,8.000,91.621,46,150
12,150,a200,edd,0.25,c12_storm_150_a200_c80_0027,1344.9472,1344.9472,,,87,1,0.7890,1.6615,D30,8.000,91.621,46,150
12,150,a200,atc,0.5,c12_storm_150_a200_c80_0027,1108.8816,1108.8816,1179.5122,1179.5122,82,1,0.7890,1.6615,D30,8.000,91.621,46,150
12,150,a200,edd,0.5,c12_storm_150_a200_c80_0027,1108.8816,1108.8816,,,82,1,0.7890,1.6615,D30,8.000,91.621,46,150
12,150,a200,atc,1.0,c12_storm_150_a200_c80_0027,928.0336,928.0336,880.3918,880.3918,63,1,0.7890,1.6615,D30,8.000,91.621,46,150
12,150,a200,edd,1.0,c12_storm_150_a200_c80_0027,928.0336,928.0336,,,63,1,0.7890,1.6615,D30,8.000,91.621,46,150
12,150,a200,atc,0.25,c12_storm_150_a200_c80_0028,1016.0324,1016.0324,1173.6476,1173.6476,93,1,0.8254,1.5571,D30,8.000,95.533,41,150
12,150,a200,edd,0.25,c12_storm_150_a200_c80_0028,1016.0324,1016.0324,,,93,1,0.8254,1.5571,D30,8.000,95.533,41,150
12,150,a200,atc,0.5,c12_storm_150_a200_c80_0028,1016.0324,1016.0324,1173.6476,1173.6476,99,1,0.8254,1.5571,D30,8.000,95.533,41,150
12,150,a200,edd,0.5,c12_storm_150_a200_c80_0028,1016.0324,1016.0324,,,99,1,0.8254,1.5571,D30,8.000,95.533,41,150
12,150,a200,atc,1.0,c12_storm_150_a200_c80_0028,487.4552,487.4552,875.4152,875.4152,70,1,0.8254,1.5571,D30,8.000,95.533,41,150
12,150,a200,edd,1.0,c12_storm_150_a200_c80_0028,487.4552,487.4552,,,70,1,0.8254,1.5571,D30,8.000,95.533,41,150
12,150,a200,atc,0.25,c12_storm_150_a200_c80_0029,686.5704,686.5704,675.5328,675.5328,89,1,0.9470,2.8070,MISC,8.000,94.843,34,150
12,150,a200,edd,0.25,c12_storm_150_a200_c80_0029,686.5704,686.5704,,,89,1,0.9470,2.8070,MISC,8.000,94.843,34,150
12,150,a200,atc,0.5,c12_storm_150_a200_c80_0029,686.5704,686.5704,675.5328,675.5328,91,1,0.9470,2.8070,MISC,8.000,94.843,34,150
12,150,a200,edd,0.5,c12_storm_150_a200_c80_0029,686.5704,686.5704,,,91,1,0.9470,2.8070,MISC,8.000,94.843,34,150
12,150,a200,atc,1.0,c12_storm_150_a200_c80_0029,729.1528,729.1528,686.2248,686.2248,59,1,0.9470,2.8070,MISC,8.000,94.843,34,150
12,150,a200,edd,1.0,c12_storm_150_a200_c80_0029,729.1528,729.1528,,,59,1,0.9470,2.8070,MISC,8.000,94.843,34,150
12,150,a300,atc,0.25,c12_storm_150_a300_c80_0000,547.2496,547.2496,395.8464,395.8464,94,1,0.6973,1.5656,B30,8.000,42.110,30,150
12,150,a300,edd,0.25,c12_storm_150_a300_c80_0000,547.2496,547.2496,,,94,1,0.6973,1.5656,B30,8.000,42.110,30,150
12,150,a300,atc,0.5,c12_storm_150_a300_c80_0000,517.8960,517.8960,343.6608,343.6608,94,1,0.6973,1.5656,B30,8.000,42.110,30,150
12,150,a300,edd,0.5,c12_storm_150_a300_c80_0000,517.8960,517.8960,,,94,1,0.6973,1.5656,B30,8.000,42.110,30,150
12,150,a300,atc,1.0,c12_storm_150_a300_c80_0000,359.5060,359.5060,308.1674,308.1674,62,1,0.6973,1.5656,B30,8.000,42.110,30,150
12,150,a300,edd,1.0,c12_storm_150_a300_c80_0000,359.5060,359.5060,,,62,1,0.6973,1.5656,B30,8.000,42.110,30,150
12,150,a300,atc,0.25,c12_storm_150_a300_c80_0001,105.1280,104.9840,38.6996,38.6996,80,1,0.5234,0.8014,D20,8.000,38.398,29,150
12,150,a300,edd,0.25,c12_storm_150_a300_c80_0001,104.9840,104.9840,,,80,1,0.5234,0.8014,D20,8.000,38.398,29,150
12,150,a300,atc,0.5,c12_storm_150_a300_c80_0001,105.1280,104.9840,46.3392,46.3392,90,1,0.5234,0.8014,D20,8.000,38.398,29,150
12,150,a300,edd,0.5,c12_storm_150_a300_c80_0001,104.9840,104.9840,,,90,1,0.5234,0.8014,D20,8.000,38.398,29,150
12,150,a300,atc,1.0,c12_storm_150_a300_c80_0001,205.7964,205.4408,46.3392,46.3392,70,1,0.5234,0.8014,D20,8.000,38.398,29,150
12,150,a300,edd,1.0,c12_storm_150_a300_c80_0001,205.6524,205.4408,,,70,1,0.5234,0.8014,D20,8.000,38.398,29,150
12,150,a300,atc,0.25,c12_storm_150_a300_c80_0002,1079.5840,1079.5840,798.6260,798.6260,94,1,0.7575,1.8989,B30,8.000,87.470,33,150
12,150,a300,edd,0.25,c12_storm_150_a300_c80_0002,1079.5840,1079.5840,,,94,1,0.7575,1.8989,B30,8.000,87.470,33,150
12,150,a300,atc,0.5,c12_storm_150_a300_c80_0002,968.7464,968.7464,798.6260,798.6260,85,1,0.7575,1.8989,B30,8.000,87.470,33,150
12,150,a300,edd,0.5,c12_storm_150_a300_c80_0002,968.7464,968.7464,,,85,1,0.7575,1.8989,B30,8.000,87.470,33,150
12,150,a300,atc,1.0,c12_storm_150_a300_c80_0002,994.2288,994.2288,940.2228,940.2228,67,1,0.7575,1.8989,B30,8.000,87.470,33,150
12,150,a300,edd,1.0,c12_storm_150_a300_c80_0002,994.2288,994.2288,,,67,1,0.7575,1.8989,B30,8.000,87.470,33,150
12,150,a300,atc,0.25,c12_storm_150_a300_c80_0003,340.1436,340.1436,155.6056,155.6056,93,1,0.6516,1.3514,UNK,8.000,71.092,40,150
12,150,a300,edd,0.25,c12_storm_150_a300_c80_0003,340.1436,340.1436,,,93,1,0.6516,1.3514,UNK,8.000,71.092,40,150
12,150,a300,atc,0.5,c12_storm_150_a300_c80_0003,415.1364,415.1364,155.6056,155.6056,90,1,0.6516,1.3514,UNK,8.000,71.092,40,150
12,150,a300,edd,0.5,c12_storm_150_a300_c80_0003,415.1364,415.1364,,,90,1,0.6516,1.3514,UNK,8.000,71.092,40,150
12,150,a300,atc,1.0,c12_storm_150_a300_c80_0003,448.9092,448.9092,172.4920,172.4920,71,1,0.6516,1.3514,UNK,8.000,71.092,40,150
12,150,a300,edd,1.0,c12_storm_150_a300_c80_0003,448.9092,448.9092,,,71,1,0.6516,1.3514,UNK,8.000,71.092,40,150
12,150,a300,atc,0.25,c12_storm_150_a300_c80_0004,414.2112,414.2112,453.2296,453.2296,104,1,0.6076,1.7596,E20,8.000,74.666,27,150
12,150,a300,edd,0.25,c12_storm_150_a300_c80_0004,414.2112,414.2112,,,104,1,0.6076,1.7596,E20,8.000,74.666,27,150
12,150,a300,atc,0.5,c12_storm_150_a300_c80_0004,414.2112,414.2112,453.2296,453.2296,100,1,0.6076,1.7596,E20,8.000,74.666,27,150
12,150,a300,edd,0.5,c12_storm_150_a300_c80_0004,414.2112,414.2112,,,100,1,0.6076,1.7596,E20,8.000,74.666,27,150
12,150,a300,atc,1.0,c12_storm_150_a300_c80_0004,321.6904,321.6904,410.2216,410.2216,71,1,0.6076,1.7596,E20,8.000,74.666,27,150
12,150,a300,edd,1.0,c12_storm_150_a300_c80_0004,321.6904,321.6904,,,71,1,0.6076,1.7596,E20,8.000,74.666,27,150
12,150,a300,atc,0.25,c12_storm_150_a300_c80_0005,428.9832,428.9832,462.5624,462.5624,95,1,0.7832,2.3021,E20,8.000,92.480,38,150
12,150,a300,edd,0.25,c12_storm_150_a300_c80_0005,428.9832,428.9832,,,95,1,0.7832,2.3021,E20,8.000,92.480,38,150
12,150,a300,atc,0.5,c12_storm_150_a300_c80_0005,460.8504,460.8504,462.5624,462.5624,90,1,0.7832,2.3021,E20,8.000,92.480,38,150
12,150,a300,edd,0.5,c12_storm_150_a300_c80_0005,460.8504,460.8504,,,90,1,0.7832,2.3021,E20,8.000,92.480,38,150
12,150,a300,atc,1.0,c12_storm_150_a300_c80_0005,478.4152,478.4152,435.8184,435.8184,66,1,0.7832,2.3021,E20,8.000,92.480,38,150
12,150,a300,edd,1.0,c12_storm_150_a300_c80_0005,478.4152,478.4152,,,66,1,0.7832,2.3021,E20,8.000,92.480,38,150
12,150,a300,atc,0.25,c12_storm_150_a300_c80_0006,968.1776,968.1776,1027.9760,1027.9760,101,1,0.7404,2.5731,D40,8.000,92.330,32,150
12,150,a300,edd,0.25,c12_storm_150_a300_c80_0006,968.1776,968.1776,,,101,1,0.7404,2.5731,D40,8.000,92.330,32,150
12,150,a300,atc,0.5,c12_storm_150_a300_c80_0006,968.1776,968.1776,1027.9760,1027.9760,95,1,0.7404,2.5731,D40,8.000,92.330,32,150
12,150,a300,edd,0.5,c12_storm_150_a300_c80_0006,968.1776,968.1776,,,95,1,0.7404,2.5731,D40,8.000,92.330,32,150
12,150,a300,atc,1.0,c12_storm_150_a300_c80_0006,1353.3216,1353.3216,1359.4352,1359.4352,69,1,0.7404,2.5731,D40,8.000,92.330,32,150
12,150,a300,edd,1.0,c12_storm_150_a300_c80_0006,1353.3216,1353.3216,,,69,1,0.7404,2.5731,D40,8.000,92.330,32,150
12,150,a300,atc,0.25,c12_storm_150_a300_c80_0007,422.4636,422.4636,341.9044,341.9044,96,1,0.6664,1.0664,D30,8.000,91.446,34,150
12,150,a300,edd,0.25,c12_storm_150_a300_c80_0007,422.4636,422.4636,,,96,1,0.6664,1.0664,D30,8.000,91.446,34,150
12,150,a300,atc,0.5,c12_storm_150_a300_c80_0007,269.7780,269.7780,236.1492,236.1492,87,1,0.6664,1.0664,D30,8.000,91.446,34,150
12,150,a300,edd,0.5,c12_storm_150_a300_c80_0007,269.7780,269.7780,,,87,1,0.6664,1.0664,D30,8.000,91.446,34,150
12,150,a300,atc,1.0,c12_storm_150_a300_c80_0007,123.5796,123.5796,210.7204,210.7204,75,1,0.6664,1.0664,D30,8.000,91.446,34,150
12,150,a300,edd,1.0,c12_storm_150_a300_c80_0007,123.5796,123.5796,,,75,1,0.6664,1.0664,D30,8.000,91.446,34,150
12,150,a300,atc,0.25,c12_storm_150_a300_c80_0008,303.4888,303.4888,282.8240,282.8240,96,1,0.5786,1.0514,D30,8.000,92.085,25,150
12,150,a300,edd,0.25,c12_storm_150_a300_c80_0008,303.4888,303.4888,,,96,1,0.5786,1.0514,D30,8.000,92.085,25,150
12,150,a300,atc,0.5,c12_storm_150_a300_c80_0008,303.4888,303.4888,282.8240,282.8240,91,1,0.5786,1.0514,D30,8.000,92.085,25,150
12,150,a300,edd,0.5,c12_storm_150_a300_c80_0008,303.4888,303.4888,,,91,1,0.5786,1.0514,D30,8.000,92.085,25,150
12,150,a300,atc,1.0,c12_storm_150_a300_c80_0008,218.2848,218.2848,149.0312,149.0312,68,1,0.5786,1.0514,D30,8.000,92.085,25,150
12,150,a300,edd,1.0,c12_storm_150_a300_c80_0008,218.2848,218.2848,,,68,1,0.5786,1.0514,D30,8.000,92.085,25,150
12,150,a300,atc,0.25,c12_storm_150_a300_c80_0009,42.5696,42.5696,70.5040,70.5040,96,1,0.6941,1.3155,C30,8.000,92.493,36,150
12,150,a300,edd,0.25,c12_storm_150_a300_c80_0009,42.5696,42.5696,,,96,1,0.6941,1.3155,C30,8.000,92.493,36,150
12,150,a300,atc,0.5,c12_storm_150_a300_c80_0009,42.5696,42.5696,70.5040,70.5040,93,1,0.6941,1.3155,C30,8.000,92.493,36,150
12,150,a300,edd,0.5,c12_storm_150_a300_c80_0009,42.5696,42.5696,,,93,1,0.6941,1.3155,C30,8.000,92.493,36,150
12,150,a300,atc,1.0,c12_storm_150_a300_c80_0009,143.7460,143.7460,81.3688,81.3688,63,1,0.6941,1.3155,C30,8.000,92.493,36,150
12,150,a300,edd,1.0,c12_storm_150_a300_c80_0009,143.7460,143.7460,,,63,1,0.6941,1.3155,C30,8.000,92.493,36,150
12,150,a300,atc,0.25,c12_storm_150_a300_c80_0010,375.7520,375.7520,466.3654,466.3654,88,1,0.5956,1.1397,D30,8.000,44.923,29,150
12,150,a300,edd,0.25,c12_storm_150_a300_c80_0010,375.7520,375.7520,,,88,1,0.5956,1.1397,D30,8.000,44.923,29,150
12,150,a300,atc,0.5,c12_storm_150_a300_c80_0010,375.7520,375.7520,466.3654,466.3654,86,1,0.5956,1.1397,D30,8.000,44.923,29,150
12,150,a300,edd,0.5,c12_storm_150_a300_c80_0010,375.7520,375.7520,,,86,1,0.5956,1.1397,D30,8.000,44.923,29,150
12,150,a300,atc,1.0,c12_storm_150_a300_c80_0010,164.6372,164.6372,360.0318,360.0318,64,1,0.5956,1.1397,D30,8.000,44.923,29,150
12,150,a300,edd,1.0,c12_storm_150_a300_c80_0010,164.6372,164.6372,,,64,1,0.5956,1.1397,D30,8.000,44.923,29,150
12,150,a300,atc,0.25,c12_storm_150_a300_c80_0011,409.1944,409.1944,335.3692,335.3692,88,1,0.6260,1.9818,E20,8.000,55.101,33,150
12,150,a300,edd,0.25,c12_storm_150_a300_c80_0011,409.1944,409.1944,,,88,1,0.6260,1.9818,E20,8.000,55.101,33,150
12,150,a300,atc,0.5,c12_storm_150_a300_c80_0011,452.9640,452.9640,335.3692,335.3692,88,1,0.6260,1.9818,E20,8.000,55.101,33,150
12,150,a300,edd,0.5,c12_storm_150_a300_c80_0011,452.9640,452.9640,,,88,1,0.6260,1.9818,E20,8.000,55.101,33,150
12,150,a300,atc,1.0,c12_storm_150_a300_c80_0011,436.4016,436.4016,317.3360,317.3360,66,1,0.6260,1.9818,E20,8.000,55.101,33,150
12,150,a300,edd,1.0,c12_storm_150_a300_c80_0011,436.4016,436.4016,,,66,1,0.6260,1.9818,E20,8.000,55.101,33,150
12,150,a300,atc,0.25,c12_storm_150_a300_c80_0012,158.6624,158.6624,130.0448,130.0448,80,1,0.6372,1.1972,D30,8.000,87.489,29,150
12,150,a300,edd,0.25,c12_storm_150_a300_c80_0012,158.6624,158.6624,,,80,1,0.6372,1.1972,D30,8.000,87.489,29,150
12,150,a300,atc,0.5,c12_storm_150_a300_c80_0012,133.5192,133.5192,94.7668,94.7668,86,1,0.6372,1.1972,D30,8.000,87.489,29,150
12,150,a300,edd,0.5,c12_storm_150_a300_c80_0012,133.5192,133.5192,,,86,1,0.6372,1.1972,D30,8.000,87.489,29,150
12,150,a300,atc,1.0,c12_storm_150_a300_c80_0012,159.5336,159.5336,86.6296,86.6296,69,1,0.6372,1.1972,D30,8.000,87.489,29,150
12,150,a300,edd,1.0,c12_storm_150_a300_c80_0012,159.5336,159.5336,,,69,1,0.6372,1.1972,D30,8.000,87.489,29,150
12,150,a300,atc,0.25,c12_storm_150_a300_c80_0013,168.2968,168.2968,49.3560,49.3560,105,1,0.5430,1.0582,D90,8.000,50.887,29,150
12,150,a300,edd,0.25,c12_storm_150_a300_c80_0013,168.2968,168.2968,,,105,1,0.5430,1.0582,D90,8.000,50.887,29,150
12,150,a300,atc,0.5,c12_storm_150_a300_c80_0013,183.2904,183.2904,49.3560,49.3560,98,1,0.5430,1.0582,D90,8.000,50.887,29,150
12,150,a300,edd,0.5,c12_storm_150_a300_c80_0013,183.2904,183.2904,,,98,1,0.5430,1.0582,D90,8.000,50.887,29,150
12,150,a300,atc,1.0,c12_storm_150_a300_c80_0013,131.7800,131.7800,49.3560,49.3560,61,1,0.5430,1.0582,D90,8.000,50.887,29,150
12,150,a300,edd,1.0,c12_storm_150_a300_c80_0013,131.7800,131.7800,,,61,1,0.5430,1.0582,D90,8.000,50.887,29,150
12,150,a300,atc,0.25,c12_storm_150_a300_c80_0014,222.6736,222.6736,222.6072,222.6072,90,1,0.4626,0.8529,D40,8.000,30.030,24,150
12,150,a300,edd,0.25,c12_storm_150_a300_c80_0014,222.6736,222.6736,,,90,1,0.4626,0.8529,D40,8.000,30.030,24,150
12,150,a300,atc,0.5,c12_storm_150_a300_c80_0014,222.6736,222.6736,222.6072,222.6072,95,1,0.4626,0.8529,D40,8.000,30.030,24,150
12,150,a300,edd,0.5,c12_storm_150_a300_c80_0014,222.6736,222.6736,,,95,1,0.4626,0.8529,D40,8.000,30.030,24,150
12,150,a300,atc,1.0,c12_storm_150_a300_c80_0014,77.5828,77.5828,135.8628,135.8628,71,1,0.4626,0.8529,D40,8.000,30.030,24,150
12,150,a300,edd,1.0,c12_storm_150_a300_c80_0014,77.5828,77.5828,,,71,1,0.4626,0.8529,D40,8.000,30.030,24,150
12,150,a300,atc,0.25,c12_storm_150_a300_c80_0015,839.3544,839.3544,582.6140,582.6140,88,1,0.8411,1.7017,B30,8.000,91.119,34,150
12,150,a300,edd,0.25,c12_storm_150_a300_c80_0015,839.3544,839.3544,,,88,1,0.8411,1.7017,B30,8.000,91.119,34,150
12,150,a300,atc,0.5,c12_storm_150_a300_c80_0015,587.6960,587.6960,458.9556,458.9556,86,1,0.8411,1.7017,B30,8.000,91.119,34,150
12,150,a300,edd,0.5,c12_storm_150_a300_c80_0015,587.6960,587.6960,,,86,1,0.8411,1.7017,B30,8.000,91.119,34,150
12,150,a300,atc,1.0,c12_storm_150_a300_c80_0015,249.5456,249.5456,369.1288,369.1288,65,1,0.8411,1.7017,B30,8.000,91.119,34,150
12,150,a300,edd,1.0,c12_storm_150_a300_c80_0015,249.5456,249.5456,,,65,1,0.8411,1.7017,B30,8.000,91.119,34,150
12,150,a300,atc,0.25,c12_storm_150_a300_c80_0016,41.7096,41.7096,314.0052,314.0052,95,1,0.6090,1.4525,C30,8.000,71.645,27,150
12,150,a300,edd,0.25,c12_storm_150_a300_c80_0016,41.7096,41.7096,,,95,1,0.6090,1.4525,C30,8.000,71.645,27,150
12,150,a300,atc,0.5,c12_storm_150_a300_c80_0016,130.0096,130.0096,358.1552,358.1552,90,1,0.6090,1.4525,C30,8.000,71.645,27,150
12,150,a300,edd,0.5,c12_storm_150_a300_c80_0016,130.0096,130.0096,,,90,1,0.6090,1.4525,C30,8.000,71.645,27,150
12,150,a300,atc,1.0,c12_storm_150_a300_c80_0016,260.6056,260.6056,423.4532,423.4532,68,1,0.6090,1.4525,C30,8.000,71.645,27,150
12,150,a300,edd,1.0,c12_storm_150_a300_c80_0016,260.6056,260.6056,,,68,1,0.6090,1.4525,C30,8.000,71.645,27,150
12,150,a300,atc,0.25,c12_storm_150_a300_c80_0017,224.2832,224.2832,190.4632,190.4632,99,1,0.7630,1.2658,UNK,8.000,69.198,35,150
12,150,a300,edd,0.25,c12_storm_150_a300_c80_0017,224.2832,224.2832,,,99,1,0.7630,1.2658,UNK,8.000,69.198,35,150
12,150,a300,atc,0.5,c12_storm_150_a300_c80_0017,220.5592,220.5592,190.4632,190.4632,93,1,0.7630,1.2658,UNK,8.000,69.198,35,150
12,150,a300,edd,0.5,c12_storm_150_a300_c80_0017,220.5592,220.5592,,,93,1,0.7630,1.2658,UNK,8.000,69.198,35,150
12,150,a300,atc,1.0,c12_storm_150_a300_c80_0017,251.4320,251.4320,190.4632,190.4632,72,1,0.7630,1.2658,UNK,8.000,69.198,35,150
12,150,a300,edd,1.0,c12_storm_150_a300_c80_0017,251.4320,251.4320,,,72,1,0.7630,1.2658,UNK,8.000,69.198,35,150
12,150,a300,atc,0.25,c12_storm_150_a300_c80_0018,165.7948,165.7948,94.5372,94.5372,91,1,0.5541,1.0559,E20,8.000,47.302,29,150
12,150,a300,edd,0.25,c12_storm_150_a300_c80_0018,165.7948,165.7948,,,91,1,0.5541,1.0559,E20,8.000,47.302,29,150
12,150,a300,atc,0.5,c12_storm_150_a300_c80_0018,211.6156,211.6156,94.5372,94.5372,86,1,0.5541,1.0559,E20,8.000,47.302,29,150
12,150,a300,edd,0.5,c12_storm_150_a300_c80_0018,211.6156,211.6156,,,86,1,0.5541,1.0559,E20,8.000,47.302,29,150
12,150,a300,atc,1.0,c12_storm_150_a300_c80_0018,394.5168,394.5168,99.3392,99.3392,58,1,0.5541,1.0559,E20,8.000,47.302,29,150
12,150,a300,edd,1.0,c12_storm_150_a300_c80_0018,394.5168,394.5168,,,58,1,0.5541,1.0559,E20,8.000,47.302,29,150
12,150,a300,atc,0.25,c12_storm_150_a300_c80_0019,117.5280,117.5280,157.0660,157.0660,91,1,0.5766,1.4039,B20,8.000,43.572,37,150
12,150,a300,edd,0.25,c12_storm_150_a300_c80_0019,117.5280,117.5280,,,91,1,0.5766,1.4039,B20,8.000,43.572,37,150
12,150,a300,atc,0.5,c12_storm_150_a300_c80_0019,117.5280,117.5280,157.0660,157.0660,90,1,0.5766,1.4039,B20,8.000,43.572,37,150
12,150,a300,edd,0.5,c12_storm_150_a300_c80_0019,117.5280,117.5280,,,90,1,0.5766,1.4039,B20,8.000,43.572,37,150
12,150,a300,atc,1.0,c12_storm_150_a300_c80_0019,147.6312,147.6312,151.4440,151.4440,83,1,0.5766,1.4039,B20,8.000,43.572,37,150
12,150,a300,edd,1.0,c12_storm_150_a300_c80_0019,147.6312,147.6312,,,83,1,0.5766,1.4039,B20,8.000,43.572,37,150
12,150,a300,atc,0.25,c12_storm_150_a300_c80_0020,143.4360,135.7500,106.4678,106.4678,87,1,0.7288,1.9591,E10,8.000,91.412,36,150
12,150,a300,edd,0.25,c12_storm_150_a300_c80_0020,135.8008,135.7500,,,87,1,0.7288,1.9591,E10,8.000,91.412,36,150
12,150,a300,atc,0.5,c12_storm_150_a300_c80_0020,166.4424,158.8072,106.4678,106.4678,84,1,0.7288,1.9591,E10,8.000,91.412,36,150
12,150,a300,edd,0.5,c12_storm_150_a300_c80_0020,158.8072,158.8072,,,84,1,0.7288,1.9591,E10,8.000,91.412,36,150
12,150,a300,atc,1.0,c12_storm_150_a300_c80_0020,189.0952,189.0952,92.0906,92.0906,72,1,0.7288,1.9591,E10,8.000,91.412,36,150
12,150,a300,edd,1.0,c12_storm_150_a300_c80_0020,189.0952,189.0952,,,72,1,0.7288,1.9591,E10,8.000,91.412,36,150
12,150,a300,atc,0.25,c12_storm_150_a300_c80_0021,428.7912,428.7912,142.0204,142.0204,91,1,0.7632,1.5440,D50,8.000,92.945,30,150
12,150,a300,edd,0.25,c12_storm_150_a300_c80_0021,428.7912,428.7912,,,91,1,0.7632,1.5440,D50,8.000,92.945,30,150
12,150,a300,atc,0.5,c12_storm_150_a300_c80_0021,300.8064,300.8064,142.0204,142.0204,90,1,0.7632,1.5440,D50,8.000,92.945,30,150
12,150,a300,edd,0.5,c12_storm_150_a300_c80_0021,300.8064,300.8064,,,90,1,0.7632,1.5440,D50,8.000,92.945,30,150
12,150,a300,atc,1.0,c12_storm_150_a300_c80_0021,150.0120,150.0120,141.7728,141.7728,66,1,0.7632,1.5440,D50,8.000,92.945,30,150
12,150,a300,edd,1.0,c12_storm_150_a300_c80_0021,150.0120,150.0120,,,66,1,0.7632,1.5440,D50,8.000,92.945,30,150
12,150,a300,atc,0.25,c12_storm_150_a300_c80_0022,378.4852,378.4852,492.1796,492.1796,82,1,0.7819,2.1780,UNK,8.000,70.321,34,150
12,150,a300,edd,0.25,c12_storm_150_a300_c80_0022,378.4852,378.4852,,,82,1,0.7819,2.1780,UNK,8.000,70.321,34,150
12,150,a300,atc,0.5,c12_storm_150_a300_c80_0022,378.4852,378.4852,492.1796,492.1796,87,1,0.7819,2.1780,UNK,8.000,70.321,34,150
12,150,a300,edd,0.5,c12_storm_150_a300_c80_0022,378.4852,378.4852,,,87,1,0.7819,2.1780,UNK,8.000,70.321,34,150
12,150,a300,atc,1.0,c12_storm_150_a300_c80_0022,689.2704,689.2704,738.9648,738.9648,69,1,0.7819,2.1780,UNK,8.000,70.321,34,150
12,150,a300,edd,1.0,c12_storm_150_a300_c80_0022,689.2704,689.2704,,,69,1,0.7819,2.1780,UNK,8.000,70.321,34,150
12,150,a300,atc,0.25,c12_storm_150_a300_c80_0023,704.5560,704.5560,631.8388,631.8388,95,1,0.6816,0.9989,D30,8.000,55.268,35,150
12,150,a300,edd,0.25,c12_storm_150_a300_c80_0023,704.5560,704.5560,,,95,1,0.6816,0.9989,D30,8.000,55.268,35,150
12,150,a300,atc,0.5,c12_storm_150_a300_c80_0023,705.8672,705.8672,631.8388,631.8388,95,1,0.6816,0.9989,D30,8.000,55.268,35,150
12,150,a300,edd,0.5,c12_storm_150_a300_c80_0023,705.8672,705.8672,,,95,1,0.6816,0.9989,D30,8.000,55.268,35,150
12,150,a300,atc,1.0,c12_storm_150_a300_c80_0023,413.5332,413.5332,517.0846,517.0846,72,1,0.6816,0.9989,D30,8.000,55.268,35,150
12,150,a300,edd,1.0,c12_storm_150_a300_c80_0023,413.5332,413.5332,,,72,1,0.6816,0.9989,D30,8.000,55.268,35,150
12,150,a300,atc,0.25,c12_storm_150_a300_c80_0024,666.7320,667.1368,202.8386,202.8386,98,1,0.7051,1.2699,C30,8.000,93.723,34,150
12,150,a300,edd,0.25,c12_storm_150_a300_c80_0024,664.3680,664.3680,,,98,1,0.7051,1.2699,C30,8.000,93.723,34,150
12,150,a300,atc,0.5,c12_storm_150_a300_c80_0024,831.0240,831.0240,183.8494,183.8494,100,1,0.7051,1.2699,C30,8.000,93.723,34,150
12,150,a300,edd,0.5,c12_storm_150_a300_c80_0024,828.6600,828.6600,,,100,1,0.7051,1.2699,C30,8.000,93.723,34,150
12,150,a300,atc,1.0,c12_storm_150_a300_c80_0024,226.1748,226.1748,183.9946,183.9946,71,1,0.7051,1.2699,C30,8.000,93.723,34,150
12,150,a300,edd,1.0,c12_storm_150_a300_c80_0024,223.8108,223.8108,,,71,1,0.7051,1.2699,C30,8.000,93.723,34,150
12,150,a300,atc,0.25,c12_storm_150_a300_c80_0025,1011.8016,1011.8016,783.8172,783.8172,102,1,0.5954,2.0706,D40,8.000,82.619,29,150
12,150,a300,edd,0.25,c12_storm_150_a300_c80_0025,1011.8016,1011.8016,,,102,1,0.5954,2.0706,D40,8.000,82.619,29,150
12,150,a300,atc,0.5,c12_storm_150_a300_c80_0025,858.4000,858.4000,754.6668,754.6668,95,1,0.5954,2.0706,D40,8.000,82.619,29,150
12,150,a300,edd,0.5,c12_storm_150_a300_c80_0025,858.4000,858.4000,,,95,1,0.5954,2.0706,D40,8.000,82.619,29,150
12,150,a300,atc,1.0,c12_storm_150_a300_c80_0025,948.6544,948.6544,719.1996,719.1996,72,1,0.5954,2.0706,D40,8.000,82.619,29,150
12,150,a300,edd,1.0,c12_storm_150_a300_c80_0025,948.6544,948.6544,,,72,1,0.5954,2.0706,D40,8.000,82.619,29,150
12,150,a300,atc,0.25,c12_storm_150_a300_c80_0026,136.6160,136.6160,179.9448,179.9448,93,1,0.6395,1.2027,E10,8.000,78.364,34,150
12,150,a300,edd,0.25,c12_storm_150_a300_c80_0026,136.6160,136.6160,,,93,1,0.6395,1.2027,E10,8.000,78.364,34,150
12,150,a300,atc,0.5,c12_storm_150_a300_c80_0026,259.7152,259.7152,179.9448,179.9448,98,1,0.6395,1.2027,E10,8.000,78.364,34,150
12,150,a300,edd,0.5,c12_storm_150_a300_c80_0026,259.7152,259.7152,,,98,1,0.6395,1.2027,E10,8.000,78.364,34,150
12,150,a300,atc,1.0,c12_storm_150_a300_c80_0026,128.8096,128.8096,117.5736,117.5736,85,1,0.6395,1.2027,E10,8.000,78.364,34,150
12,150,a300,edd,1.0,c12_storm_150_a300_c80_0026,128.8096,128.8096,,,85,1,0.6395,1.2027,E10,8.000,78.364,34,150
12,150,a300,atc,0.25,c12_storm_150_a300_c80_0027,133.5260,133.5260,150.7264,150.7264,87,1,0.6813,2.4893,C30,8.000,90.262,30,150
12,150,a300,edd,0.25,c12_storm_150_a300_c80_0027,133.5260,133.5260,,,87,1,0.6813,2.4893,C30,8.000,90.262,30,150
12,150,a300,atc,0.5,c12_storm_150_a300_c80_0027,214.7896,214.7896,126.9202,126.9202,76,1,0.6813,2.4893,C30,8.000,90.262,30,150
12,150,a300,edd,0.5,c12_storm_150_a300_c80_0027,214.7896,214.7896,,,76,1,0.6813,2.4893,C30,8.000,90.262,30,150
12,150,a300,atc,1.0,c12_storm_150_a300_c80_0027,282.4432,282.4432,99.0898,99.0898,72,1,0.6813,2.4893,C30,8.000,90.262,30,150
12,150,a300,edd,1.0,c12_storm_150_a300_c80_0027,282.4432,282.4432,,,72,1,0.6813,2.4893,C30,8.000,90.262,30,150
12,150,a300,atc,0.25,c12_storm_150_a300_c80_0028,256.9368,256.9368,230.3882,230.3882,95,1,0.5289,0.9613,B20,8.000,35.341,27,150
12,150,a300,edd,0.25,c12_storm_150_a300_c80_0028,256.9368,256.9368,,,95,1,0.5289,0.9613,B20,8.000,35.341,27,150
12,150,a300,atc,0.5,c12_storm_150_a300_c80_0028,222.0232,222.0232,230.3882,230.3882,91,1,0.5289,0.9613,B20,8.000,35.341,27,150
12,150,a300,edd,0.5,c12_storm_150_a300_c80_0028,222.0232,222.0232,,,91,1,0.5289,0.9613,B20,8.000,35.341,27,150
12,150,a300,atc,1.0,c12_storm_150_a300_c80_0028,63.8392,63.8392,132.6740,132.6740,73,1,0.5289,0.9613,B20,8.000,35.341,27,150
12,150,a300,edd,1.0,c12_storm_150_a300_c80_0028,63.8392,63.8392,,,73,1,0.5289,0.9613,B20,8.000,35.341,27,150
12,150,a300,atc,0.25,c12_storm_150_a300_c80_0029,1767.1776,1767.1776,1638.6386,1638.6386,82,1,0.7611,1.4630,MISC,8.000,91.894,29,150
12,150,a300,edd,0.25,c12_storm_150_a300_c80_0029,1767.1776,1767.1776,,,82,1,0.7611,1.4630,MISC,8.000,91.894,29,150
12,150,a300,atc,0.5,c12_storm_150_a300_c80_0029,1311.2360,1311.2360,1307.1794,1307.1794,85,1,0.7611,1.4630,MISC,8.000,91.894,29,150
12,150,a300,edd,0.5,c12_storm_150_a300_c80_0029,1311.2360,1311.2360,,,85,1,0.7611,1.4630,MISC,8.000,91.894,29,150
12,150,a300,atc,1.0,c12_storm_150_a300_c80_0029,1189.4828,1189.4828,1284.1720,1284.1720,67,1,0.7611,1.4630,MISC,8.000,91.894,29,150
12,150,a300,edd,1.0,c12_storm_150_a300_c80_0029,1189.4828,1189.4828,,,67,1,0.7611,1.4630,MISC,8.000,91.894,29,150
12,400,a125,atc,0.25,c12_storm_400_a125_c80_0000,1251.3228,1251.3228,1157.4312,1157.4312,246,1,0.7592,1.1708,E20,19.351,96.677,100,400
12,400,a125,edd,0.25,c12_storm_400_a125_c80_0000,1251.3228,1251.3228,,,246,1,0.7592,1.1708,E20,19.351,96.677,100,400
12,400,a125,atc,0.5,c12_storm_400_a125_c80_0000,1262.8760,1262.8760,1148.2476,1148.2476,239,1,0.7592,1.1708,E20,19.351,96.677,100,400
12,400,a125,edd,0.5,c12_storm_400_a125_c80_0000,1262.8760,1262.8760,,,239,1,0.7592,1.1708,E20,19.351,96.677,100,400
12,400,a125,atc,1.0,c12_storm_400_a125_c80_0000,1258.9444,1258.9444,1048.1132,1048.1132,204,1,0.7592,1.1708,E20,19.351,96.677,100,400
12,400,a125,edd,1.0,c12_storm_400_a125_c80_0000,1258.9444,1258.9444,,,204,1,0.7592,1.1708,E20,19.351,96.677,100,400
12,400,a125,atc,0.25,c12_storm_400_a125_c80_0001,1413.1464,1413.1464,1212.3460,1212.3460,255,1,0.7269,1.3281,B30,19.497,85.901,85,400
12,400,a125,edd,0.25,c12_storm_400_a125_c80_0001,1413.1464,1413.1464,,,255,1,0.7269,1.3281,B30,19.497,85.901,85,400
12,400,a125,atc,0.5,c12_storm_400_a125_c80_0001,1877.4956,1877.4956,1282.4580,1282.4580,250,1,0.7269,1.3281,B30,19.497,85.901,85,400
12,400,a125,edd,0.5,c12_storm_400_a125_c80_0001,1877.4956,1877.4956,,,250,1,0.7269,1.3281,B30,19.497,85.901,85,400
12,400,a125,atc,1.0,c12_storm_400_a125_c80_0001,1337.7620,1337.7620,997.7090,997.7090,216,1,0.7269,1.3281,B30,19.497,85.901,85,400
12,400,a125,edd,1.0,c12_storm_400_a125_c80_0001,1337.7620,1337.7620,,,216,1,0.7269,1.3281,B30,19.497,85.901,85,400
12,400,a125,atc,0.25,c12_storm_400_a125_c80_0002,2037.3484,2037.3484,1764.9162,1764.9162,252,1,0.7308,1.4738,C30,20.466,96.559,84,400
12,400,a125,edd,0.25,c12_storm_400_a125_c80_0002,2037.3484,2037.3484,,,252,1,0.7308,1.4738,C30,20.466,96.559,84,400
12,400,a125,atc,0.5,c12_storm_400_a125_c80_0002,2017.3160,2017.3160,1753.5362,1753.5362,248,1,0.7308,1.4738,C30,20.466,96.559,84,400
12,400,a125,edd,0.5,c12_storm_400_a125_c80_0002,2017.3160,2017.3160,,,248,1,0.7308,1.4738,C30,20.466,96.559,84,400
12,400,a125,atc,1.0,c12_storm_400_a125_c80_0002,2005.0060,2005.0060,1565.5408,1565.5408,196,1,0.7308,1.4738,C30,20.466,96.559,84,400
12,400,a125,edd,1.0,c12_storm_400_a125_c80_0002,2005.0060,2005.0060,,,196,1,0.7308,1.4738,C30,20.466,96.559,84,400
12,400,a125,atc,0.25,c12_storm_400_a125_c80_0003,1286.7432,1286.7432,1043.3858,1043.3858,247,1,0.6999,1.3453,D50,19.567,97.422,99,400
12,400,a125,edd,0.25,c12_storm_400_a125_c80_0003,1286.7432,1286.7432,,,247,1,0.6999,1.3453,D50,19.567,97.422,99,400
12,400,a125,atc,0.5,c12_storm_400_a125_c80_0003,1217.9248,1217.9248,1043.3858,1043.3858,249,1,0.6999,1.3453,D50,19.567,97.422,99,400
12,400,a125,edd,0.5,c12_storm_400_a125_c80_0003,1217.9248,1217.9248,,,249,1,0.6999,1.3453,D50,19.567,97.422,99,400
12,400,a125,atc,1.0,c12_storm_400_a125_c80_0003,1177.1640,1177.1640,848.3528,848.3528,209,1,0.6999,1.3453,D50,19.567,97.422,99,400
12,400,a125,edd,1.0,c12_storm_400_a125_c80_0003,1177.1640,1177.1640,,,209,1,0.6999,1.3453,D50,19.567,97.422,99,400
12,400,a125,atc,0.25,c12_storm_400_a125_c80_0004,2607.8100,2607.8100,2222.6141,2222.6141,249,1,0.8261,1.3070,UNK,19.383,98.313,88,400
12,400,a125,edd,0.25,c12_storm_400_a125_c80_0004,2607.8100,2607.8100,,,249,1,0.8261,1.3070,UNK,19.383,98.313,88,400
12,400,a125,atc,0.5,c12_storm_400_a125_c80_0004,2296.8724,2296.8724,2058.5765,2058.5765,239,1,0.8261,1.3070,UNK,19.383,98.313,88,400
12,400,a125,edd,0.5,c12_storm_400_a125_c80_0004,2296.8724,2296.8724,,,239,1,0.8261,1.3070,UNK,19.383,98.313,88,400
12,400,a125,atc,1.0,c12_storm_400_a125_c80_0004,2341.3476,2341.3476,2042.1778,2042.1778,216,1,0.8261,1.3070,UNK,19.383,98.313,88,400
12,400,a125,edd,1.0,c12_storm_400_a125_c80_0004,2341.3476,2341.3476,,,216,1,0.8261,1.3070,UNK,19.383,98.313,88,400
12,400,a125,atc,0.25,c12_storm_400_a125_c80_0005,1246.1736,1246.1264,1090.8329,1090.8329,230,1,0.7729,1.6926,E10,21.239,74.467,101,400
12,400,a125,edd,0.25,c12_storm_400_a125_c80_0005,1257.5216,1246.1264,,,230,1,0.7729,1.6926,E10,21.239,74.467,101,400
12,400,a125,atc,0.5,c12_storm_400_a125_c80_0005,1118.9420,1118.8948,1087.8577,1087.8577,226,1,0.7729,1.6926,E10,21.239,74.467,101,400
12,400,a125,edd,0.5,c12_storm_400_a125_c80_0005,1130.2900,1118.8948,,,226,1,0.7729,1.6926,E10,21.239,74.467,101,400
12,400,a125,atc,1.0,c12_storm_400_a125_c80_0005,1335.2444,1335.2444,1242.0522,1242.0522,218,1,0.7729,1.6926,E10,21.239,74.467,101,400
12,400,a125,edd,1.0,c12_storm_400_a125_c80_0005,1346.5924,1346.5924,,,218,1,0.7729,1.6926,E10,21.239,74.467,101,400
12,400,a125,atc,0.25,c12_storm_400_a125_c80_0006,1546.2804,1546.2804,1341.1564,1341.1564,255,1,0.7805,1.1215,D50,17.541,65.529,84,400
12,400,a125,edd,0.25,c12_storm_400_a125_c80_0006,1546.2804,1546.2804,,,255,1,0.7805,1.1215,D50,17.541,65.529,84,400
12,400,a125,atc,0.5,c12_storm_400_a125_c80_0006,1403.0848,1403.0848,1226.3584,1226.3584,269,1,0.7805,1.1215,D50,17.541,65.529,84,400
12,400,a125,edd,0.5,c12_storm_400_a125_c80_0006,1403.0848,1403.0848,,,269,1,0.7805,1.1215,D50,17.541,65.529,84,400
12,400,a125,atc,1.0,c12_storm_400_a125_c80_0006,967.4116,968.5260,935.4216,935.4216,241,1,0.7805,1.1215,D50,17.541,65.529,84,400
12,400,a125,edd,1.0,c12_storm_400_a125_c80_0006,967.4116,967.4116,,,241,1,0.7805,1.1215,D50,17.541,65.529,84,400
12,400,a125,atc,0.25,c12_storm_400_a125_c80_0007,3565.8992,3565.8992,3448.9430,3448.9430,233,1,0.9621,2.3147,UNK,18.702,102.320,99,400
12,400,a125,edd,0.25,c12_storm_400_a125_c80_0007,3565.8992,3565.8992,,,233,1,0.9621,2.3147,UNK,18.702,102.320,99,400
12,400,a125,atc,0.5,c12_storm_400_a125_c80_0007,3189.7196,3189.7196,3201.1058,3201.1058,230,1,0.9621,2.3147,UNK,18.702,102.320,99,400
12,400,a125,edd,0.5,c12_storm_400_a125_c80_0007,3189.7196,3189.7196,,,230,1,0.9621,2.3147,UNK,18.702,102.320,99,400
12,400,a125,atc,1.0,c12_storm_400_a125_c80_0007,2337.8552,2337.8552,2654.6646,2654.6646,210,1,0.9621,2.3147,UNK,18.702,102.320,99,400
12,400,a125,edd,1.0,c12_storm_400_a125_c80_0007,2337.8552,2337.8552,,,210,1,0.9621,2.3147,UNK,18.702,102.320,99,400
12,400,a125,atc,0.25,c12_storm_400_a125_c80_0008,701.6236,701.6236,642.7952,642.7952,253,1,0.7369,1.0062,D30,18.723,103.971,83,400
12,400,a125,edd,0.25,c12_storm_400_a125_c80_0008,701.6236,701.6236,,,253,1,0.7369,1.0062,D30,18.723,103.971,83,400
12,400,a125,atc,0.5,c12_storm_400_a125_c80_0008,707.3068,707.3068,645.6368,645.6368,251,1,0.7369,1.0062,D30,18.723,103.971,83,400
12,400,a125,edd,0.5,c12_storm_400_a125_c80_0008,707.3068,707.3068,,,251,1,0.7369,1.0062,D30,18.723,103.971,83,400
12,400,a125,atc,1.0,c12_storm_400_a125_c80_0008,626.5912,626.5912,578.8720,578.8720,221,1,0.7369,1.0062,D30,18.723,103.971,83,400
12,400,a125,edd,1.0,c12_storm_400_a125_c80_0008,626.5912,626.5912,,,221,1,0.7369,1.0062,D30,18.723,103.971,83,400
12,400,a125,atc,0.25,c12_storm_400_a125_c80_0009,868.7892,868.7892,605.5174,605.5174,246,1,0.6211,0.9259,D30,19.451,85.850,90,400
12,400,a125,edd,0.25,c12_storm_400_a125_c80_0009,868.7892,868.7892,,,246,1,0.6211,0.9259,D30,19.451,85.850,90,400
12,400,a125,atc,0.5,c12_storm_400_a125_c80_0009,670.5464,670.5464,580.5358,580.5358,246,1,0.6211,0.9259,D30,19.451,85.850,90,400
12,400,a125,edd,0.5,c12_storm_400_a125_c80_0009,670.5464,670.5464,,,246,1,0.6211,0.9259,D30,19.451,85.850,90,400
12,400,a125,atc,1.0,c12_storm_400_a125_c80_0009,462.7328,462.7328,451.6168,451.6168,217,1,0.6211,0.9259,D30,19.451,85.850,90,400
12,400,a125,edd,1.0,c12_storm_400_a125_c80_0009,462.7328,462.7328,,,217,1,0.6211,0.9259,D30,19.451,85.850,90,400
12,400,a125,atc,0.25,c12_storm_400_a125_c80_0010,876.1552,876.1552,617.5998,617.5998,228,1,0.7087,1.2695,E10,20.111,98.344,85,400
12,400,a125,edd,0.25,c12_storm_400_a125_c80_0010,876.1552,876.1552,,,228,1,0.7087,1.2695,E10,20.111,98.344,85,400
12,400,a125,atc,0.5,c12_storm_400_a125_c80_0010,864.6632,864.6632,617.5998,617.5998,225,1,0.7087,1.2695,E10,20.111,98.344,85,400
12,400,a125,edd,0.5,c12_storm_400_a125_c80_0010,864.6632,864.6632,,,225,1,0.7087,1.2695,E10,20.111,98.344,85,400
12,400,a125,atc,1.0,c12_storm_400_a125_c80_0010,987.6500,987.6500,756.3670,756.3670,207,1,0.7087,1.2695,E10,20.111,98.344,85,400
12,400,a125,edd,1.0,c12_storm_400_a125_c80_0010,987.6500,987.6500,,,207,1,0.7087,1.2695,E10,20.111,98.344,85,400
12,400,a125,atc,0.25,c12_storm_400_a125_c80_0011,1111.4980,1110.1468,844.5702,844.5702,254,1,0.7862,1.5533,MISC,18.983,98.250,92,400
12,400,a125,edd,0.25,c12_storm_400_a125_c80_0011,1111.4036,1110.1468,,,254,1,0.7862,1.5533,MISC,18.983,98.250,92,400
12,400,a125,atc,0.5,c12_storm_400_a125_c80_0011,1176.5540,1175.2028,863.6486,863.6486,251,1,0.7862,1.5533,MISC,18.983,98.250,92,400
12,400,a125,edd,0.5,c12_storm_400_a125_c80_0011,1176.4596,1175.2028,,,251,1,0.7862,1.5533,MISC,18.983,98.250,92,400
12,400,a125,atc,1.0,c12_storm_400_a125_c80_0011,1452.8164,1451.4652,898.9304,898.9304,221,1,0.7862,1.5533,MISC,18.983,98.250,92,400
12,400,a125,edd,1.0,c12_storm_400_a125_c80_0011,1452.7220,1451.4652,,,221,1,0.7862,1.5533,MISC,18.983,98.250,92,400
12,400,a125,atc,0.25,c12_storm_400_a125_c80_0012,699.1100,699.1100,658.7460,658.7460,259,1,0.7123,1.0748,E20,18.973,93.553,96,400
12,400,a125,edd,0.25,c12_storm_400_a125_c80_0012,699.1100,699.1100,,,259,1,0.7123,1.0748,E20,18.973,93.553,96,400
12,400,a125,atc,0.5,c12_storm_400_a125_c80_0012,670.4088,670.4088,630.0920,630.0920,245,1,0.7123,1.0748,E20,18.973,93.553,96,400
12,400,a125,edd,0.5,c12_storm_400_a125_c80_0012,670.4088,670.4088,,,245,1,0.7123,1.0748,E20,18.973,93.553,96,400
12,400,a125,atc,1.0,c12_storm_400_a125_c80_0012,748.9788,748.9788,704.1914,704.1914,215,1,0.7123,1.0748,E20,18.973,93.553,96,400
12,400,a125,edd,1.0,c12_storm_400_a125_c80_0012,748.9788,748.9788,,,215,1,0.7123,1.0748,E20,18.973,93.553,96,400
12,400,a125,atc,0.25,c12_storm_400_a125_c80_0013,1245.4712,1245.4712,1018.0872,1018.0872,237,1,0.6923,1.3690,MISC,21.040,100.537,79,400
12,400,a125,edd,0.25,c12_storm_400_a125_c80_0013,1245.4712,1245.4712,,,237,1,0.6923,1.3690,MISC,21.040,100.537,79,400
12,400,a125,atc,0.5,c12_storm_400_a125_c80_0013,984.6108,984.6108,882.9976,882.9976,240,1,0.6923,1.3690,MISC,21.040,100.537,79,400
12,400,a125,edd,0.5,c12_storm_400_a125_c80_0013,984.6108,984.6108,,,240,1,0.6923,1.3690,MISC,21.040,100.537,79,400
12,400,a125,atc,1.0,c12_storm_400_a125_c80_0013,816.7308,816.7308,703.7764,703.7764,194,1,0.6923,1.3690,MISC,21.040,100.537,79,400
12,400,a125,edd,1.0,c12_storm_400_a125_c80_0013,816.7308,816.7308,,,194,1,0.6923,1.3690,MISC,21.040,100.537,79,400
12,400,a125,atc,0.25,c12_storm_400_a125_c80_0014,1577.9040,1577.9040,1592.1392,1592.1392,243,1,0.7988,1.3320,D30,18.133,87.389,98,400
12,400,a125,edd,0.25,c12_storm_400_a125_c80_0014,1577.9040,1577.9040,,,243,1,0.7988,1.3320,D30,18.133,87.389,98,400
12,400,a125,atc,0.5,c12_storm_400_a125_c80_0014,1185.1536,1185.1536,1373.6872,1373.6872,247,1,0.7988,1.3320,D30,18.133,87.389,98,400
12,400,a125,edd,0.5,c12_storm_400_a125_c80_0014,1185.1536,1185.1536,,,247,1,0.7988,1.3320,D30,18.133,87.389,98,400
12,400,a125,atc,1.0,c12_storm_400_a125_c80_0014,774.5304,774.5304,1086.6456,1086.6456,214,1,0.7988,1.3320,D30,18.133,87.389,98,400
12,400,a125,edd,1.0,c12_storm_400_a125_c80_0014,774.5304,774.5304,,,214,1,0.7988,1.3320,D30,18.133,87.389,98,400
12,400,a125,atc,0.25,c12_storm_400_a125_c80_0015,2292.6656,2292.6656,1761.1132,1761.1132,233,1,0.8330,1.3772,UNK,19.626,109.380,95,400
12,400,a125,edd,0.25,c12_storm_400_a125_c80_0015,2292.6656,2292.6656,,,233,1,0.8330,1.3772,UNK,19.626,109.380,95,400
12,400,a125,atc,0.5,c12_storm_400_a125_c80_0015,2047.9808,2047.9808,1597.6124,1597.6124,234,1,0.8330,1.3772,UNK,19.626,109.380,95,400
12,400,a125,edd,0.5,c12_storm_400_a125_c80_0015,2047.9808,2047.9808,,,234,1,0.8330,1.3772,UNK,19.626,109.380,95,400
12,400,a125,atc,1.0,c12_storm_400_a125_c80_0015,1585.1688,1585.1688,1106.8940,1106.8940,210,1,0.8330,1.3772,UNK,19.626,109.380,95,400
12,400,a125,edd,1.0,c12_storm_400_a125_c80_0015,1585.1688,1585.1688,,,210,1,0.8330,1.3772,UNK,19.626,109.380,95,400
12,400,a125,atc,0.25,c12_storm_400_a125_c80_0016,1297.7220,1297.7220,914.3464,914.3464,250,1,0.9212,1.4580,C30,19.401,106.197,97,400
12,400,a125,edd,0.25,c12_storm_400_a125_c80_0016,1297.7220,1297.7220,,,250,1,0.9212,1.4580,C30,19.401,106.197,97,400
12,400,a125,atc,0.5,c12_storm_400_a125_c80_0016,1446.2532,1446.2532,914.3464,914.3464,246,1,0.9212,1.4580,C30,19.401,106.197,97,400
12,400,a125,edd,0.5,c12_storm_400_a125_c80_0016,1446.2532,1446.2532,,,246,1,0.9212,1.4580,C30,19.401,106.197,97,400
12,400,a125,atc,1.0,c12_storm_400_a125_c80_0016,1376.9020,1376.9020,846.5944,846.5944,228,1,0.9212,1.4580,C30,19.401,106.197,97,400
12,400,a125,edd,1.0,c12_storm_400_a125_c80_0016,1376.9020,1376.9020,,,228,1,0.9212,1.4580,C30,19.401,106.197,97,400
12,400,a125,atc,0.25,c12_storm_400_a125_c80_0017,335.2596,335.2596,306.0359,306.0359,258,1,0.6545,1.1309,E10,19.008,91.143,85,400
12,400,a125,edd,0.25,c12_storm_400_a125_c80_0017,335.2596,335.2596,,,258,1,0.6545,1.1309,E10,19.008,91.143,85,400
12,400,a125,atc,0.5,c12_storm_400_a125_c80_0017,354.7572,354.7572,281.6423,281.6423,247,1,0.6545,1.1309,E10,19.008,91.143,85,400
12,400,a125,edd,0.5,c12_storm_400_a125_c80_0017,354.7572,354.7572,,,247,1,0.6545,1.1309,E10,19.008,91.143,85,400
12,400,a125,atc,1.0,c12_storm_400_a125_c80_0017,535.6792,535.6792,284.1608,284.1608,211,1,0.6545,1.1309,E10,19.008,91.143,85,400
12,400,a125,edd,1.0,c12_storm_400_a125_c80_0017,535.6792,535.6792,,,211,1,0.6545,1.1309,E10,19.008,91.143,85,400
12,400,a125,atc,0.25,c12_storm_400_a125_c80_0018,1745.5236,1745.5236,1495.3682,1495.3682,261,1,0.6625,0.9488,D30,21.168,100.249,83,400
12,400,a125,edd,0.25,c12_storm_400_a125_c80_0018,1745.5236,1745.5236,,,261,1,0.6625,0.9488,D30,21.168,100.249,83,400
12,400,a125,atc,0.5,c12_storm_400_a125_c80_0018,1745.5236,1745.5236,1495.3682,1495.3682,237,1,0.6625,0.9488,D30,21.168,100.249,83,400
12,400,a125,edd,0.5,c12_storm_400_a125_c80_0018,1745.5236,1745.5236,,,237,1,0.6625,0.9488,D30,21.168,100.249,83,400
12,400,a125,atc,1.0,c12_storm_400_a125_c80_0018,1346.6544,1346.6544,1211.3340,1211.3340,190,1,0.6625,0.9488,D30,21.168,100.249,83,400
12,400,a125,edd,1.0,c12_storm_400_a125_c80_0018,1346.6544,1346.6544,,,190,1,0.6625,0.9488,D30,21.168,100.249,83,400
12,400,a125,atc,0.25,c12_storm_400_a125_c80_0019,1431.5248,1431.5248,1054.3400,1054.3400,236,1,0.7069,1.0860,C10,20.032,102.055,84,400
12,400,a125,edd,0.25,c12_storm_400_a125_c80_0019,1431.5248,1431.5248,,,236,1,0.7069,1.0860,C10,20.032,102.055,84,400
12,400,a125,atc,0.5,c12_storm_400_a125_c80_0019,1311.2116,1311.2116,1047.4484,1047.4484,236,1,0.7069,1.0860,C10,20.032,102.055,84,400
12,400,a125,edd,0.5,c12_storm_400_a125_c80_0019,1311.2116,1311.2116,,,236,1,0.7069,1.0860,C10,20.032,102.055,84,400
12,400,a125,atc,1.0,c12_storm_400_a125_c80_0019,521.1380,521.1380,586.2074,586.2074,206,1,0.7069,1.0860,C10,20.032,102.055,84,400
12,400,a125,edd,1.0,c12_storm_400_a125_c80_0019,521.1380,521.1380,,,206,1,0.7069,1.0860,C10,20.032,102.055,84,400
12,400,a125,atc,0.25,c12_storm_400_a125_c80_0020,2475.5516,2475.5516,2391.2848,2391.2848,247,1,0.9789,1.4451,MISC,17.122,93.085,119,400
12,400,a125,edd,0.25,c12_storm_400_a125_c80_0020,2475.5516,2475.5516,,,247,1,0.9789,1.4451,MISC,17.122,93.085,119,400
12,400,a125,atc,0.5,c12_storm_400_a125_c80_0020,2485.8140,2485.8140,2391.2848,2391.2848,235,1,0.9789,1.4451,MISC,17.122,93.085,119,400
12,400,a125,edd,0.5,c12_storm_400_a125_c80_0020,2485.8140,2485.8140,,,235,1,0.9789,1.4451,MISC,17.122,93.085,119,400
12,400,a125,atc,1.0,c12_storm_400_a125_c80_0020,1768.2340,1768.2340,1778.7868,1778.7868,221,1,0.9789,1.4451,MISC,17.122,93.085,119,400
12,400,a125,edd,1.0,c12_storm_400_a125_c80_0020,1768.2340,1768.2340,,,221,1,0.9789,1.4451,MISC,17.122,93.085,119,400
12,400,a125,atc,0.25,c12_storm_400_a125_c80_0021,1383.8184,1384.4072,1309.7436,1309.7436,247,1,0.7977,1.3438,D50,19.566,106.479,97,400
12,400,a125,edd,0.25,c12_storm_400_a125_c80_0021,1383.8184,1383.8184,,,247,1,0.7977,1.3438,D50,19.566,106.479,97,400
12,400,a125,atc,0.5,c12_storm_400_a125_c80_0021,1214.2232,1214.8120,1211.7130,1211.7130,243,1,0.7977,1.3438,D50,19.566,106.479,97,400
12,400,a125,edd,0.5,c12_storm_400_a125_c80_0021,1214.2232,1214.2232,,,243,1,0.7977,1.3438,D50,19.566,106.479,97,400
12,400,a125,atc,1.0,c12_storm_400_a125_c80_0021,1203.7672,1204.3560,971.6494,971.6494,212,1,0.7977,1.3438,D50,19.566,106.479,97,400
12,400,a125,edd,1.0,c12_storm_400_a125_c80_0021,1203.7672,1203.7672,,,212,1,0.7977,1.3438,D50,19.566,106.479,97,400
12,400,a125,atc,0.25,c12_storm_400_a125_c80_0022,1437.4692,1437.4692,1407.3996,1407.3996,254,1,0.8071,1.2471,D30,19.049,107.002,91,400
12,400,a125,edd,0.25,c12_storm_400_a125_c80_0022,1437.4692,1437.4692,,,254,1,0.8071,1.2471,D30,19.049,107.002,91,400
12,400,a125,atc,0.5,c12_storm_400_a125_c80_0022,1613.6084,1613.6084,1418.2644,1418.2644,250,1,0.8071,1.2471,D30,19.049,107.002,91,400
12,400,a125,edd,0.5,c12_storm_400_a125_c80_0022,1613.6084,1613.6084,,,250,1,0.8071,1.2471,D30,19.049,107.002,91,400
12,400,a125,atc,1.0,c12_storm_400_a125_c80_0022,1196.8476,1196.8476,1124.9996,1124.9996,202,1,0.8071,1.2471,D30,19.049,107.002,91,400
12,400,a125,edd,1.0,c12_storm_400_a125_c80_0022,1196.8476,1196.8476,,,202,1,0.8071,1.2471,D30,19.049,107.002,91,400
12,400,a125,atc,0.25,c12_storm_400_a125_c80_0023,666.9524,666.9524,990.6805,990.6805,246,1,0.7651,1.7381,B20,18.669,82.366,98,400
12,400,a125,edd,0.25,c12_storm_400_a125_c80_0023,666.9524,666.9524,,,246,1,0.7651,1.7381,B20,18.669,82.366,98,400
12,400,a125,atc,0.5,c12_storm_400_a125_c80_0023,666.9524,666.9524,1014.1300,1014.1300,261,1,0.7651,1.7381,B20,18.669,82.366,98,400
12,400,a125,edd,0.5,c12_storm_400_a125_c80_0023,666.9524,666.9524,,,261,1,0.7651,1.7381,B20,18.669,82.366,98,400
12,400,a125,atc,1.0,c12_storm_400_a125_c80_0023,662.0152,662.0152,993.6994,993.6994,226,1,0.7651,1.7381,B20,18.669,82.366,98,400
12,400,a125,edd,1.0,c12_storm_400_a125_c80_0023,662.0152,662.0152,,,226,1,0.7651,1.7381,B20,18.669,82.366,98,400
12,400,a125,atc,0.25,c12_storm_400_a125_c80_0024,1383.6248,1383.6248,1052.7940,1052.7940,249,1,0.7114,1.3283,D50,21.227,100.892,97,400
12,400,a125,edd,0.25,c12_storm_400_a125_c80_0024,1383.6248,1383.6248,,,249,1,0.7114,1.3283,D50,21.227,100.892,97,400
12,400,a125,atc,0.5,c12_storm_400_a125_c80_0024,1093.6468,1093.6468,882.5392,882.5392,249,1,0.7114,1.3283,D50,21.227,100.892,97,400
12,400,a125,edd,0.5,c12_storm_400_a125_c80_0024,1093.6468,1093.6468,,,249,1,0.7114,1.3283,D50,21.227,100.892,97,400
12,400,a125,atc,1.0,c12_storm_400_a125_c80_0024,1466.9504,1466.9504,844.0790,844.0790,209,1,0.7114,1.3283,D50,21.227,100.892,97,400
12,400,a125,edd,1.0,c12_storm_400_a125_c80_0024,1466.9504,1466.9504,,,209,1,0.7114,1.3283,D50,21.227,100.892,97,400
12,400,a125,atc,0.25,c12_storm_400_a125_c80_0025,726.7912,726.7912,811.1622,811.1622,250,1,0.7027,0.9022,C30,19.234,64.847,88,400
12,400,a125,edd,0.25,c12_storm_400_a125_c80_0025,726.7912,726.7912,,,250,1,0.7027,0.9022,C30,19.234,64.847,88,400
12,400,a125,atc,0.5,c12_storm_400_a125_c80_0025,1009.9452,1009.9452,992.4126,992.4126,249,1,0.7027,0.9022,C30,19.234,64.847,88,400
12,400,a125,edd,0.5,c12_storm_400_a125_c80_0025,1009.9452,1009.9452,,,249,1,0.7027,0.9022,C30,19.234,64.847,88,400
12,400,a125,atc,1.0,c12_storm_400_a125_c80_0025,1146.5700,1146.5700,958.5928,958.5928,218,1,0.7027,0.9022,C30,19.234,64.847,88,400
12,400,a125,edd,1.0,c12_storm_400_a125_c80_0025,1146.5700,1146.5700,,,218,1,0.7027,0.9022,C30,19.234,64.847,88,400
12,400,a125,atc,0.25,c12_storm_400_a125_c80_0026,1051.9710,1051.9710,1125.7934,1125.7934,256,1,0.7035,1.6728,D40,18.939,105.737,89,400
12,400,a125,edd,0.25,c12_storm_400_a125_c80_0026,1051.9710,1051.9710,,,256,1,0.7035,1.6728,D40,18.939,105.737,89,400
12,400,a125,atc,0.5,c12_storm_400_a125_c80_0026,988.6366,988.6366,1125.7934,1125.7934,263,1,0.7035,1.6728,D40,18.939,105.737,89,400
12,400,a125,edd,0.5,c12_storm_400_a125_c80_0026,988.6366,988.6366,,,263,1,0.7035,1.6728,D40,18.939,105.737,89,400
12,400,a125,atc,1.0,c12_storm_400_a125_c80_0026,722.2246,722.2246,890.1538,890.1538,205,1,0.7035,1.6728,D40,18.939,105.737,89,400
12,400,a125,edd,1.0,c12_storm_400_a125_c80_0026,722.2246,722.2246,,,205,1,0.7035,1.6728,D40,18.939,105.737,89,400
12,400,a125,atc,0.25,c12_storm_400_a125_c80_0027,946.4300,946.4300,757.8602,757.8602,255,1,0.6417,1.4962,E10,20.014,74.052,80,400
12,400,a125,edd,0.25,c12_storm_400_a125_c80_0027,946.4300,946.4300,,,255,1,0.6417,1.4962,E10,20.014,74.052,80,400
12,400,a125,atc,0.5,c12_storm_400_a125_c80_0027,946.4300,946.4300,757.8602,757.8602,252,1,0.6417,1.4962,E10,20.014,74.052,80,400
12,400,a125,edd,0.5,c12_storm_400_a125_c80_0027,946.4300,946.4300,,,252,1,0.6417,1.4962,E10,20.014,74.052,80,400
12,400,a125,atc,1.0,c12_storm_400_a125_c80_0027,758.0032,758.0032,604.7082,604.7082,213,1,0.6417,1.4962,E10,20.014,74.052,80,400
12,400,a125,edd,1.0,c12_storm_400_a125_c80_0027,758.0032,758.0032,,,213,1,0.6417,1.4962,E10,20.014,74.052,80,400
12,400,a125,atc,0.25,c12_storm_400_a125_c80_0028,826.4464,826.4464,603.8456,603.8456,239,1,0.7053,1.4216,E10,18.286,93.449,99,400
12,400,a125,edd,0.25,c12_storm_400_a125_c80_0028,826.4464,826.4464,,,239,1,0.7053,1.4216,E10,18.286,93.449,99,400
12,400,a125,atc,0.5,c12_storm_400_a125_c80_0028,670.7876,670.7876,470.1160,470.1160,253,1,0.7053,1.4216,E10,18.286,93.449,99,400
12,400,a125,edd,0.5,c12_storm_400_a125_c80_0028,670.7876,670.7876,,,253,1,0.7053,1.4216,E10,18.286,93.449,99,400
12,400,a125,atc,1.0,c12_storm_400_a125_c80_0028,554.3332,554.3332,384.5540,384.5540,218,1,0.7053,1.4216,E10,18.286,93.449,99,400
12,400,a125,edd,1.0,c12_storm_400_a125_c80_0028,554.3332,554.3332,,,218,1,0.7053,1.4216,E10,18.286,93.449,99,400
12,400,a125,atc,0.25,c12_storm_400_a125_c80_0029,998.1826,998.1826,1194.2396,1194.2396,249,1,0.8370,1.6171,D30,18.744,104.704,109,400
12,400,a125,edd,0.25,c12_storm_400_a125_c80_0029,997.9130,998.1826,,,249,1,0.8370,1.6171,D30,18.744,104.704,109,400
12,400,a125,atc,0.5,c12_storm_400_a125_c80_0029,851.5946,851.5946,1145.3826,1145.3826,257,1,0.8370,1.6171,D30,18.744,104.704,109,400
12,400,a125,edd,0.5,c12_storm_400_a125_c80_0029,851.3250,851.5946,,,257,1,0.8370,1.6171,D30,18.744,104.704,109,400
12,400,a125,atc,1.0,c12_storm_400_a125_c80_0029,798.7700,798.7700,1201.6464,1201.6464,219,1,0.8370,1.6171,D30,18.744,104.704,109,400
12,400,a125,edd,1.0,c12_storm_400_a125_c80_0029,798.7700,798.7700,,,219,1,0.8370,1.6171,D30,18.744,104.704,109,400
12,400,a150,atc,0.25,c12_storm_400_a150_c80_0000,952.3544,952.3544,987.2764,987.2764,244,1,0.9110,1.4050,E20,16.126,95.708,116,400
12,400,a150,edd,0.25,c12_storm_400_a150_c80_0000,952.3544,952.3544,,,244,1,0.9110,1.4050,E20,16.126,95.708,116,400
12,400,a150,atc,0.5,c12_storm_400_a150_c80_0000,1110.2748,1110.2748,987.2764,987.2764,240,1,0.9110,1.4050,E20,16.126,95.708,116,400
12,400,a150,edd,0.5,c12_storm_400_a150_c80_0000,1110.2748,1110.2748,,,240,1,0.9110,1.4050,E20,16.126,95.708,116,400
12,400,a150,atc,1.0,c12_storm_400_a150_c80_0000,1222.7132,1222.7132,1029.9976,1029.9976,212,1,0.9110,1.4050,E20,16.126,95.708,116,400
12,400,a150,edd,1.0,c12_storm_400_a150_c80_0000,1222.7132,1222.7132,,,212,1,0.9110,1.4050,E20,16.126,95.708,116,400
12,400,a150,atc,0.25,c12_storm_400_a150_c80_0001,1842.6112,1842.6112,1327.4528,1327.4528,249,1,0.8723,1.5937,B30,16.248,83.020,99,400
12,400,a150,edd,0.25,c12_storm_400_a150_c80_0001,1842.6112,1842.6112,,,249,1,0.8723,1.5937,B30,16.248,83.020,99,400
12,400,a150,atc,0.5,c12_storm_400_a150_c80_0001,1282.9532,1282.9532,1053.0396,1053.0396,251,1,0.8723,1.5937,B30,16.248,83.020,99,400
12,400,a150,edd,0.5,c12_storm_400_a150_c80_0001,1282.9532,1282.9532,,,251,1,0.8723,1.5937,B30,16.248,83.020,99,400
12,400,a150,atc,1.0,c12_storm_400_a150_c80_0001,1285.8892,1285.8892,971.7726,971.7726,223,1,0.8723,1.5937,B30,16.248,83.020,99,400
12,400,a150,edd,1.0,c12_storm_400_a150_c80_0001,1285.8892,1285.8892,,,223,1,0.8723,1.5937,B30,16.248,83.020,99,400
12,400,a150,atc,0.25,c12_storm_400_a150_c80_0002,1813.3974,1813.3974,1599.4744,1599.4744,233,1,0.8770,1.7685,C30,17.055,94.234,100,400
12,400,a150,edd,0.25,c12_storm_400_a150_c80_0002,1813.3974,1813.3974,,,233,1,0.8770,1.7685,C30,17.055,94.234,100,400
12,400,a150,atc,0.5,c12_storm_400_a150_c80_0002,1896.5330,1896.5330,1569.0730,1569.0730,235,1,0.8770,1.7685,C30,17.055,94.234,100,400
12,400,a150,edd,0.5,c12_storm_400_a150_c80_0002,1896.5330,1896.5330,,,235,1,0.8770,1.7685,C30,17.055,94.234,100,400
12,400,a150,atc,1.0,c12_storm_400_a150_c80_0002,1964.6556,1964.6556,1545.3656,1545.3656,209,1,0.8770,1.7685,C30,17.055,94.234,100,400
12,400,a150,edd,1.0,c12_storm_400_a150_c80_0002,1964.6556,1964.6556,,,209,1,0.8770,1.7685,C30,17.055,94.234,100,400
12,400,a150,atc,0.25,c12_storm_400_a150_c80_0003,680.2192,680.2192,966.0250,966.0250,250,1,0.8399,1.6144,D50,16.306,96.329,124,400
12,400,a150,edd,0.25,c12_storm_400_a150_c80_0003,689.1768,680.2192,,,250,1,0.8399,1.6144,D50,16.306,96.329,124,400
12,400,a150,atc,0.5,c12_storm_400_a150_c80_0003,761.9812,761.9812,945.0962,945.0962,256,1,0.8399,1.6144,D50,16.306,96.329,124,400
12,400,a150,edd,0.5,c12_storm_400_a150_c80_0003,761.9812,761.9812,,,256,1,0.8399,1.6144,D50,16.306,96.329,124,400
12,400,a150,atc,1.0,c12_storm_400_a150_c80_0003,855.6936,855.6936,840.2704,840.2704,219,1,0.8399,1.6144,D50,16.306,96.329,124,400
12,400,a150,edd,1.0,c12_storm_400_a150_c80_0003,855.6936,855.6936,,,219,1,0.8399,1.6144,D50,16.306,96.329,124,400
12,400,a150,atc,0.25,c12_storm_400_a150_c80_0004,2425.5976,2425.5976,2009.2822,2009.2822,255,1,0.9913,1.5684,UNK,16.152,96.902,97,400
12,400,a150,edd,0.25,c12_storm_400_a150_c80_0004,2425.5976,2425.5976,,,255,1,0.9913,1.5684,UNK,16.152,96.902,97,400
12,400,a150,atc,0.5,c12_storm_400_a150_c80_0004,2700.5832,2700.5832,2156.2678,2156.2678,255,1,0.9913,1.5684,UNK,16.152,96.902,97,400
12,400,a150,edd,0.5,c12_storm_400_a150_c80_0004,2700.5832,2700.5832,,,255,1,0.9913,1.5684,UNK,16.152,96.902,97,400
12,400,a150,atc,1.0,c12_storm_400_a150_c80_0004,2341.3476,2341.3476,2042.1778,2042.1778,218,1,0.9913,1.5684,UNK,16.152,96.902,97,400
12,400,a150,edd,1.0,c12_storm_400_a150_c80_0004,2341.3476,2341.3476,,,218,1,0.9913,1.5684,UNK,16.152,96.902,97,400
12,400,a150,atc,0.25,c12_storm_400_a150_c80_0005,1346.0016,1344.4412,1137.0683,1137.0683,237,1,0.9275,2.0311,E10,17.699,73.849,113,400
12,400,a150,edd,0.25,c12_storm_400_a150_c80_0005,1344.4412,1337.1600,,,237,1,0.9275,2.0311,E10,17.699,73.849,113,400
12,400,a150,atc,0.5,c12_storm_400_a150_c80_0005,1332.4992,1334.0596,1185.6224,1185.6224,232,1,0.9275,2.0311,E10,17.699,73.849,113,400
12,400,a150,edd,0.5,c12_storm_400_a150_c80_0005,1330.9388,1330.9388,,,232,1,0.9275,2.0311,E10,17.699,73.849,113,400
12,400,a150,atc,1.0,c12_storm_400_a150_c80_0005,1346.6852,1349.8060,1253.4930,1253.4930,222,1,0.9275,2.0311,E10,17.699,73.849,113,400
12,400,a150,edd,1.0,c12_storm_400_a150_c80_0005,1346.6852,1346.6852,,,222,1,0.9275,2.0311,E10,17.699,73.849,113,400
12,400,a150,atc,0.25,c12_storm_400_a150_c80_0006,1752.6600,1752.4632,1353.7884,1353.7884,245,1,0.9366,1.3458,D50,14.618,64.296,97,400
12,400,a150,edd,0.25,c12_storm_400_a150_c80_0006,1751.3864,1751.0288,,,245,1,0.9366,1.3458,D50,14.618,64.296,97,400
12,400,a150,atc,0.5,c12_storm_400_a150_c80_0006,1775.1096,1774.9128,1353.7884,1353.7884,244,1,0.9366,1.3458,D50,14.618,64.296,97,400
12,400,a150,edd,0.5,c12_storm_400_a150_c80_0006,1773.8360,1773.4784,,,244,1,0.9366,1.3458,D50,14.618,64.296,97,400
12,400,a150,atc,1.0,c12_storm_400_a150_c80_0006,970.6804,972.2080,937.4844,938.1224,237,1,0.9366,1.3458,D50,14.618,64.296,97,400
12,400,a150,edd,1.0,c12_storm_400_a150_c80_0006,970.7108,971.5700,,,237,1,0.9366,1.3458,D50,14.618,64.296,97,400
12,400,a150,atc,0.25,c12_storm_400_a150_c80_0007,2326.5800,2326.5512,2613.6180,2613.6180,264,1,1.1545,2.7776,UNK,15.585,100.383,115,400
12,400,a150,edd,0.25,c12_storm_400_a150_c80_0007,2327.8960,2326.5800,,,264,1,1.1545,2.7776,UNK,15.585,100.383,115,400
12,400,a150,atc,0.5,c12_storm_400_a150_c80_0007,2661.1012,2662.4172,2716.2764,2717.8944,254,1,1.1545,2.7776,UNK,15.585,100.383,115,400
12,400,a150,edd,0.5,c12_storm_400_a150_c80_0007,2662.4172,2661.5628,,,254,1,1.1545,2.7776,UNK,15.585,100.383,115,400
12,400,a150,atc,1.0,c12_storm_400_a150_c80_0007,2194.4264,2194.4264,2574.2602,2574.2602,219,1,1.1545,2.7776,UNK,15.585,100.383,115,400
12,400,a150,edd,1.0,c12_storm_400_a150_c80_0007,2195.7424,2194.8880,,,219,1,1.1545,2.7776,UNK,15.585,100.383,115,400
12,400,a150,atc,0.25,c12_storm_400_a150_c80_0008,705.7728,705.7728,640.7356,640.7356,241,1,0.8842,1.2074,D30,15.603,101.787,101,400
12,400,a150,edd,0.25,c12_storm_400_a150_c80_0008,705.7728,705.7728,,,241,1,0.8842,1.2074,D30,15.603,101.787,101,400
12,400,a150,atc,0.5,c12_storm_400_a150_c80_0008,468.0340,468.0340,547.8490,547.8490,242,1,0.8842,1.2074,D30,15.603,101.787,101,400
12,400,a150,edd,0.5,c12_storm_400_a150_c80_0008,468.0340,468.0340,,,242,1,0.8842,1.2074,D30,15.603,101.787,101,400
12,400,a150,atc,1.0,c12_storm_400_a150_c80_0008,604.7792,604.7792,572.8804,572.8804,226,1,0.8842,1.2074,D30,15.603,101.787,101,400
12,400,a150,edd,1.0,c12_storm_400_a150_c80_0008,604.7792,604.7792,,,226,1,0.8842,1.2074,D30,15.603,101.787,101,400
12,400,a150,atc,0.25,c12_storm_400_a150_c80_0009,596.1824,595.9776,612.6516,612.6516,262,1,0.7453,1.1110,D30,16.209,83.848,101,400
12,400,a150,edd,0.25,c12_storm_400_a150_c80_0009,596.1824,596.1824,,,262,1,0.7453,1.1110,D30,16.209,83.848,101,400
12,400,a150,atc,0.5,c12_storm_400_a150_c80_0009,345.0960,344.9936,547.6916,547.6916,271,1,0.7453,1.1110,D30,16.209,83.848,101,400
12,400,a150,edd,0.5,c12_storm_400_a150_c80_0009,345.0960,345.0960,,,271,1,0.7453,1.1110,D30,16.209,83.848,101,400
12,400,a150,atc,1.0,c12_storm_400_a150_c80_0009,462.7328,462.7328,451.9296,451.9296,216,1,0.7453,1.1110,D30,16.209,83.848,101,400
12,400,a150,edd,1.0,c12_storm_400_a150_c80_0009,462.7328,462.7328,,,216,1,0.7453,1.1110,D30,16.209,83.848,101,400
12,400,a150,atc,0.25,c12_storm_400_a150_c80_0010,1381.5700,1381.6384,1276.7148,1276.7148,246,1,0.8505,1.5234,E10,16.760,97.097,102,400
12,400,a150,edd,0.25,c12_storm_400_a150_c80_0010,1376.5000,1381.8320,,,246,1,0.8505,1.5234,E10,16.760,97.097,102,400
12,400,a150,atc,0.5,c12_storm_400_a150_c80_0010,1215.3672,1215.4356,1195.4484,1195.4484,250,1,0.8505,1.5234,E10,16.760,97.097,102,400
12,400,a150,edd,0.5,c12_storm_400_a150_c80_0010,1210.2972,1215.6292,,,250,1,0.8505,1.5234,E10,16.760,97.097,102,400
12,400,a150,atc,1.0,c12_storm_400_a150_c80_0010,930.3640,930.3640,729.3872,729.3872,208,1,0.8505,1.5234,E10,16.760,97.097,102,400
12,400,a150,edd,1.0,c12_storm_400_a150_c80_0010,925.2940,925.2940,,,208,1,0.8505,1.5234,E10,16.760,97.097,102,400
12,400,a150,atc,0.25,c12_storm_400_a150_c80_0011,1385.4632,1389.6288,913.5198,914.2526,247,1,0.9434,1.8640,MISC,15.819,97.019,113,400
12,400,a150,edd,0.25,c12_storm_400_a150_c80_0011,1388.5920,1388.4544,,,247,1,0.9434,1.8640,MISC,15.819,97.019,113,400
12,400,a150,atc,0.5,c12_storm_400_a150_c80_0011,1915.9160,1919.7544,930.1026,931.3778,253,1,0.9434,1.8640,MISC,15.819,97.019,113,400
12,400,a150,edd,0.5,c12_storm_400_a150_c80_0011,1919.5680,1919.2160,,,253,1,0.9434,1.8640,MISC,15.819,97.019,113,400
12,400,a150,atc,1.0,c12_storm_400_a150_c80_0011,1329.6780,1315.5260,792.9276,792.9276,229,1,0.9434,1.8640,MISC,15.819,97.019,113,400
12,400,a150,edd,1.0,c12_storm_400_a150_c80_0011,1317.5556,1312.0748,,,229,1,0.9434,1.8640,MISC,15.819,97.019,113,400
12,400,a150,atc,0.25,c12_storm_400_a150_c80_0012,1433.8900,1433.8900,921.1068,921.1068,242,1,0.8547,1.2898,E20,15.810,93.105,119,400
12,400,a150,edd,0.25,c12_storm_400_a150_c80_0012,1433.8900,1433.8900,,,242,1,0.8547,1.2898,E20,15.810,93.105,119,400
12,400,a150,atc,0.5,c12_storm_400_a150_c80_0012,1315.3792,1315.3792,921.1068,921.1068,236,1,0.8547,1.2898,E20,15.810,93.105,119,400
12,400,a150,edd,0.5,c12_storm_400_a150_c80_0012,1315.3792,1315.3792,,,236,1,0.8547,1.2898,E20,15.810,93.105,119,400
12,400,a150,atc,1.0,c12_storm_400_a150_c80_0012,713.3668,713.3668,690.7870,690.7870,217,1,0.8547,1.2898,E20,15.810,93.105,119,400
12,400,a150,edd,1.0,c12_storm_400_a150_c80_0012,713.3668,713.3668,,,217,1,0.8547,1.2898,E20,15.810,93.105,119,400
12,400,a150,atc,0.25,c12_storm_400_a150_c80_0013,1268.2468,1268.2468,1064.4024,1064.4024,235,1,0.8307,1.6428,MISC,17.533,98.925,94,400
12,400,a150,edd,0.25,c12_storm_400_a150_c80_0013,1268.2468,1268.2468,,,235,1,0.8307,1.6428,MISC,17.533,98.925,94,400
12,400,a150,atc,0.5,c12_storm_400_a150_c80_0013,1269.5532,1269.5532,1002.6484,1002.6484,240,1,0.8307,1.6428,MISC,17.533,98.925,94,400
12,400,a150,edd,0.5,c12_storm_400_a150_c80_0013,1269.5532,1269.5532,,,240,1,0.8307,1.6428,MISC,17.533,98.925,94,400
12,400,a150,atc,1.0,c12_storm_400_a150_c80_0013,610.9808,610.9808,684.9492,684.9492,198,1,0.8307,1.6428,MISC,17.533,98.925,94,400
12,400,a150,edd,1.0,c12_storm_400_a150_c80_0013,610.9808,610.9808,,,198,1,0.8307,1.6428,MISC,17.533,98.925,94,400
12,400,a150,atc,0.25,c12_storm_400_a150_c80_0014,2269.9724,2269.9724,2034.9384,2034.9384,256,1,0.9586,1.5984,D30,15.111,87.317,115,400
12,400,a150,edd,0.25,c12_storm_400_a150_c80_0014,2269.9724,2269.9724,,,256,1,0.9586,1.5984,D30,15.111,87.317,115,400
12,400,a150,atc,0.5,c12_storm_400_a150_c80_0014,1796.0748,1796.0748,1783.1088,1783.1088,254,1,0.9586,1.5984,D30,15.111,87.317,115,400
12,400,a150,edd,0.5,c12_storm_400_a150_c80_0014,1796.0748,1796.0748,,,254,1,0.9586,1.5984,D30,15.111,87.317,115,400
12,400,a150,atc,1.0,c12_storm_400_a150_c80_0014,570.1984,570.1984,1062.2804,1062.2804,215,1,0.9586,1.5984,D30,15.111,87.317,115,400
12,400,a150,edd,1.0,c12_storm_400_a150_c80_0014,570.1984,570.1984,,,215,1,0.9586,1.5984,D30,15.111,87.317,115,400
12,400,a150,atc,0.25,c12_storm_400_a150_c80_0015,1194.2292,1194.2292,1106.0620,1106.0620,240,1,0.9996,1.6527,UNK,16.355,106.294,112,400
12,400,a150,edd,0.25,c12_storm_400_a150_c80_0015,1194.2292,1194.2292,,,240,1,0.9996,1.6527,UNK,16.355,106.294,112,400
12,400,a150,atc,0.5,c12_storm_400_a150_c80_0015,1178.5952,1178.5952,1038.1928,1038.1928,249,1,0.9996,1.6527,UNK,16.355,106.294,112,400
12,400,a150,edd,0.5,c12_storm_400_a150_c80_0015,1178.5952,1178.5952,,,249,1,0.9996,1.6527,UNK,16.355,106.294,112,400
12,400,a150,atc,1.0,c12_storm_400_a150_c80_0015,1322.8512,1322.8512,1106.8940,1106.8940,214,1,0.9996,1.6527,UNK,16.355,106.294,112,400
12,400,a150,edd,1.0,c12_storm_400_a150_c80_0015,1322.8512,1322.8512,,,214,1,0.9996,1.6527,UNK,16.355,106.294,112,400
12,400,a150,atc,0.25,c12_storm_400_a150_c80_0016,970.8752,970.8752,719.5224,719.5224,236,1,1.1054,1.7496,C30,16.168,103.642,114,400
12,400,a150,edd,0.25,c12_storm_400_a150_c80_0016,970.8752,970.8752,,,236,1,1.1054,1.7496,C30,16.168,103.642,114,400
12,400,a150,atc,0.5,c12_storm_400_a150_c80_0016,1551.0760,1551.0760,841.3912,841.3912,238,1,1.1054,1.7496,C30,16.168,103.642,114,400
12,400,a150,edd,0.5,c12_storm_400_a150_c80_0016,1551.0760,1551.0760,,,238,1,1.1054,1.7496,C30,16.168,103.642,114,400
12,400,a150,atc,1.0,c12_storm_400_a150_c80_0016,1376.9020,1376.9020,846.5944,846.5944,233,1,1.1054,1.7496,C30,16.168,103.642,114,400
12,400,a150,edd,1.0,c12_storm_400_a150_c80_0016,1376.9020,1376.9020,,,233,1,1.1054,1.7496,C30,16.168,103.642,114,400
12,400,a150,atc,0.25,c12_storm_400_a150_c80_0017,639.6116,639.6116,328.8636,328.8636,241,1,0.7854,1.3571,E10,15.840,90.709,99,400
12,400,a150,edd,0.25,c12_storm_400_a150_c80_0017,639.6116,639.6116,,,241,1,0.7854,1.3571,E10,15.840,90.709,99,400
12,400,a150,atc,0.5,c12_storm_400_a150_c80_0017,839.1168,839.1168,349.6662,349.6662,237,1,0.7854,1.3571,E10,15.840,90.709,99,400
12,400,a150,edd,0.5,c12_storm_400_a150_c80_0017,839.1168,839.1168,,,237,1,0.7854,1.3571,E10,15.840,90.709,99,400
12,400,a150,atc,1.0,c12_storm_400_a150_c80_0017,470.5648,470.5648,287.3312,287.3312,215,1,0.7854,1.3571,E10,15.840,90.709,99,400
12,400,a150,edd,1.0,c12_storm_400_a150_c80_0017,470.5648,470.5648,,,215,1,0.7854,1.3571,E10,15.840,90.709,99,400
12,400,a150,atc,0.25,c12_storm_400_a150_c80_0018,1476.3004,1476.3004,1272.8944,1272.8944,262,1,0.7951,1.1385,D30,17.640,98.685,94,400
12,400,a150,edd,0.25,c12_storm_400_a150_c80_0018,1476.3004,1476.3004,,,262,1,0.7951,1.1385,D30,17.640,98.685,94,400
12,400,a150,atc,0.5,c12_storm_400_a150_c80_0018,1581.9900,1581.9900,1325.7392,1325.7392,244,1,0.7951,1.1385,D30,17.640,98.685,94,400
12,400,a150,edd,0.5,c12_storm_400_a150_c80_0018,1581.9900,1581.9900,,,244,1,0.7951,1.1385,D30,17.640,98.685,94,400
12,400,a150,atc,1.0,c12_storm_400_a150_c80_0018,1394.9792,1394.9792,1211.3340,1211.3340,195,1,0.7951,1.1385,D30,17.640,98.685,94,400
12,400,a150,edd,1.0,c12_storm_400_a150_c80_0018,1394.9792,1394.9792,,,195,1,0.7951,1.1385,D30,17.640,98.685,94,400
12,400,a150,atc,0.25,c12_storm_400_a150_c80_0019,703.4868,703.4868,723.1508,723.1508,251,1,0.8483,1.3031,C10,16.693,100.190,99,400
12,400,a150,edd,0.25,c12_storm_400_a150_c80_0019,703.4868,703.4868,,,251,1,0.8483,1.3031,C10,16.693,100.190,99,400
12,400,a150,atc,0.5,c12_storm_400_a150_c80_0019,724.2004,724.2004,712.3290,712.3290,244,1,0.8483,1.3031,C10,16.693,100.190,99,400
12,400,a150,edd,0.5,c12_storm_400_a150_c80_0019,724.2004,724.2004,,,244,1,0.8483,1.3031,C10,16.693,100.190,99,400
12,400,a150,atc,1.0,c12_storm_400_a150_c80_0019,521.1380,521.1380,586.2074,586.2074,210,1,0.8483,1.3031,C10,16.693,100.190,99,400
12,400,a150,edd,1.0,c12_storm_400_a150_c80_0019,521.1380,521.1380,,,210,1,0.8483,1.3031,C10,16.693,100.190,99,400
12,400,a150,atc,0.25,c12_storm_400_a150_c80_0020,2164.5948,2167.5220,2084.4688,2086.3792,242,1,1.1747,1.7341,MISC,14.268,92.715,139,400
12,400,a150,edd,0.25,c12_storm_400_a150_c80_0020,2166.3052,2166.5052,,,242,1,1.1747,1.7341,MISC,14.268,92.715,139,400
12,400,a150,atc,0.5,c12_storm_400_a150_c80_0020,1974.7256,1976.6360,1958.8092,1960.7196,240,1,1.1747,1.7341,MISC,14.268,92.715,139,400
12,400,a150,edd,0.5,c12_storm_400_a150_c80_0020,1976.4360,1977.6528,,,240,1,1.1747,1.7341,MISC,14.268,92.715,139,400
12,400,a150,atc,1.0,c12_storm_400_a150_c80_0020,1751.8832,1751.8832,1771.7628,1771.7628,221,1,1.1747,1.7341,MISC,14.268,92.715,139,400
12,400,a150,edd,1.0,c12_storm_400_a150_c80_0020,1752.7384,1752.7384,,,221,1,1.1747,1.7341,MISC,14.268,92.715,139,400
12,400,a150,atc,0.25,c12_storm_400_a150_c80_0021,766.6236,767.7164,1020.9038,1020.9038,239,1,0.9572,1.6125,D50,16.305,103.877,106,400
12,400,a150,edd,0.25,c12_storm_400_a150_c80_0021,766.6236,767.7164,,,239,1,0.9572,1.6125,D50,16.305,103.877,106,400
12,400,a150,atc,0.5,c12_storm_400_a150_c80_0021,851.1828,852.2756,1020.9038,1020.9038,250,1,0.9572,1.6125,D50,16.305,103.877,106,400
12,400,a150,edd,0.5,c12_storm_400_a150_c80_0021,851.1828,852.2756,,,250,1,0.9572,1.6125,D50,16.305,103.877,106,400
12,400,a150,atc,1.0,c12_storm_400_a150_c80_0021,880.3408,882.5264,917.6582,917.6582,216,1,0.9572,1.6125,D50,16.305,103.877,106,400
12,400,a150,edd,1.0,c12_storm_400_a150_c80_0021,880.3408,880.3408,,,216,1,0.9572,1.6125,D50,16.305,103.877,106,400
12,400,a150,atc,0.25,c12_storm_400_a150_c80_0022,2298.2008,2298.2008,1864.7220,1864.7220,248,1,0.9685,1.4965,D30,15.874,104.312,109,400
12,400,a150,edd,0.25,c12_storm_400_a150_c80_0022,2298.2008,2298.2008,,,248,1,0.9685,1.4965,D30,15.874,104.312,109,400
12,400,a150,atc,0.5,c12_storm_400_a150_c80_0022,2303.8516,2303.8516,1864.7220,1864.7220,245,1,0.9685,1.4965,D30,15.874,104.312,109,400
12,400,a150,edd,0.5,c12_storm_400_a150_c80_0022,2303.8516,2303.8516,,,245,1,0.9685,1.4965,D30,15.874,104.312,109,400
12,400,a150,atc,1.0,c12_storm_400_a150_c80_0022,1102.3908,1102.3908,1077.5092,1077.5092,203,1,0.9685,1.4965,D30,15.874,104.312,109,400
12,400,a150,edd,1.0,c12_storm_400_a150_c80_0022,1102.3908,1102.3908,,,203,1,0.9685,1.4965,D30,15.874,104.312,109,400
12,400,a150,atc,0.25,c12_storm_400_a150_c80_0023,604.6992,604.6992,952.1878,952.1878,262,1,0.9181,2.0857,B20,15.558,79.882,114,400
12,400,a150,edd,0.25,c12_storm_400_a150_c80_0023,604.6992,604.6992,,,262,1,0.9181,2.0857,B20,15.558,79.882,114,400
12,400,a150,atc,0.5,c12_storm_400_a150_c80_0023,722.8228,722.8228,999.0868,999.0868,247,1,0.9181,2.0857,B20,15.558,79.882,114,400
12,400,a150,edd,0.5,c12_storm_400_a150_c80_0023,722.8228,722.8228,,,247,1,0.9181,2.0857,B20,15.558,79.882,114,400
12,400,a150,atc,1.0,c12_storm_400_a150_c80_0023,662.0152,662.0152,993.6994,993.6994,227,1,0.9181,2.0857,B20,15.558,79.882,114,400
12,400,a150,edd,1.0,c12_storm_400_a150_c80_0023,662.0152,662.0152,,,227,1,0.9181,2.0857,B20,15.558,79.882,114,400
12,400,a150,atc,0.25,c12_storm_400_a150_c80_0024,2046.8968,2046.8968,1480.6208,1480.6208,232,1,0.8536,1.5940,D50,17.689,98.823,106,400
12,400,a150,edd,0.25,c12_storm_400_a150_c80_0024,2046.8968,2046.8968,,,232,1,0.8536,1.5940,D50,17.689,98.823,106,400
12,400,a150,atc,0.5,c12_storm_400_a150_c80_0024,1855.5788,1855.5788,1175.0594,1175.0594,256,1,0.8536,1.5940,D50,17.689,98.823,106,400
12,400,a150,edd,0.5,c12_storm_400_a150_c80_0024,1855.5788,1855.5788,,,256,1,0.8536,1.5940,D50,17.689,98.823,106,400
12,400,a150,atc,1.0,c12_storm_400_a150_c80_0024,1467.0686,1468.0248,844.1972,845.1534,209,1,0.8536,1.5940,D50,17.689,98.823,106,400
12,400,a150,edd,1.0,c12_storm_400_a150_c80_0024,1467.0686,1467.0686,,,209,1,0.8536,1.5940,D50,17.689,98.823,106,400
12,400,a150,atc,0.25,c12_storm_400_a150_c80_0025,1395.6196,1395.6196,1138.8818,1138.8818,250,1,0.8433,1.0827,C30,16.028,61.696,102,400
12,400,a150,edd,0.25,c12_storm_400_a150_c80_0025,1395.6196,1395.6196,,,250,1,0.8433,1.0827,C30,16.028,61.696,102,400
12,400,a150,atc,0.5,c12_storm_400_a150_c80_0025,1414.0708,1413.7700,1148.1074,1148.1074,259,1,0.8433,1.0827,C30,16.028,61.696,102,400
12,400,a150,edd,0.5,c12_storm_400_a150_c80_0025,1414.0708,1414.0708,,,259,1,0.8433,1.0827,C30,16.028,61.696,102,400
12,400,a150,atc,1.0,c12_storm_400_a150_c80_0025,841.4868,841.4868,791.3944,791.3944,223,1,0.8433,1.0827,C30,16.028,61.696,102,400
12,400,a150,edd,1.0,c12_storm_400_a150_c80_0025,841.4868,841.4868,,,223,1,0.8433,1.0827,C30,16.028,61.696,102,400
12,400,a150,atc,0.25,c12_storm_400_a150_c80_0026,988.3344,988.3344,1047.8450,1047.8450,242,1,0.8442,2.0073,D40,15.783,102.816,106,400
12,400,a150,edd,0.25,c12_storm_400_a150_c80_0026,988.3344,988.3344,,,242,1,0.8442,2.0073,D40,15.783,102.816,106,400
12,400,a150,atc,0.5,c12_storm_400_a150_c80_0026,871.2696,871.2696,1014.8954,1014.8954,231,1,0.8442,2.0073,D40,15.783,102.816,106,400
12,400,a150,edd,0.5,c12_storm_400_a150_c80_0026,871.2696,871.2696,,,231,1,0.8442,2.0073,D40,15.783,102.816,106,400
12,400,a150,atc,1.0,c12_storm_400_a150_c80_0026,663.0168,663.0168,868.7574,868.7574,213,1,0.8442,2.0073,D40,15.783,102.816,106,400
12,400,a150,edd,1.0,c12_storm_400_a150_c80_0026,663.0168,663.0168,,,213,1,0.8442,2.0073,D40,15.783,102.816,106,400
12,400,a150,atc,0.25,c12_storm_400_a150_c80_0027,1283.3252,1283.3252,713.8682,713.8682,251,1,0.7701,1.7955,E10,16.678,72.553,99,400
12,400,a150,edd,0.25,c12_storm_400_a150_c80_0027,1283.3252,1283.3252,,,251,1,0.7701,1.7955,E10,16.678,72.553,99,400
12,400,a150,atc,0.5,c12_storm_400_a150_c80_0027,1283.3252,1283.3252,713.8682,713.8682,255,1,0.7701,1.7955,E10,16.678,72.553,99,400
12,400,a150,edd,0.5,c12_storm_400_a150_c80_0027,1283.3252,1283.3252,,,255,1,0.7701,1.7955,E10,16.678,72.553,99,400
12,400,a150,atc,1.0,c12_storm_400_a150_c80_0027,758.0032,758.0032,604.7082,604.7082,216,1,0.7701,1.7955,E10,16.678,72.553,99,400
12,400,a150,edd,1.0,c12_storm_400_a150_c80_0027,758.0032,758.0032,,,216,1,0.7701,1.7955,E10,16.678,72.553,99,400
12,400,a150,atc,0.25,c12_storm_400_a150_c80_0028,622.5660,615.2588,389.9786,389.9786,232,1,0.8464,1.7059,E10,15.238,93.018,112,400
12,400,a150,edd,0.25,c12_storm_400_a150_c80_0028,616.3244,606.3564,,,232,1,0.8464,1.7059,E10,15.238,93.018,112,400
12,400,a150,atc,0.5,c12_storm_400_a150_c80_0028,550.0680,542.7608,398.2094,398.2094,239,1,0.8464,1.7059,E10,15.238,93.018,112,400
12,400,a150,edd,0.5,c12_storm_400_a150_c80_0028,543.8264,533.8584,,,239,1,0.8464,1.7059,E10,15.238,93.018,112,400
12,400,a150,atc,1.0,c12_storm_400_a150_c80_0028,521.8724,520.8068,360.2188,360.2188,221,1,0.8464,1.7059,E10,15.238,93.018,112,400
12,400,a150,edd,1.0,c12_storm_400_a150_c80_0028,515.6308,514.5652,,,221,1,0.8464,1.7059,E10,15.238,93.018,112,400
12,400,a150,atc,0.25,c12_storm_400_a150_c80_0029,2205.1372,2205.1372,2158.3500,2158.3500,230,1,1.0044,1.9405,D30,15.620,102.398,124,400
12,400,a150,edd,0.25,c12_storm_400_a150_c80_0029,2204.2232,2204.6180,,,230,1,1.0044,1.9405,D30,15.620,102.398,124,400
12,400,a150,atc,0.5,c12_storm_400_a150_c80_0029,1949.5308,1949.5308,2105.1284,2105.1284,226,1,1.0044,1.9405,D30,15.620,102.398,124,400
12,400,a150,edd,0.5,c12_storm_400_a150_c80_0029,1949.5308,1949.5308,,,226,1,1.0044,1.9405,D30,15.620,102.398,124,400
12,400,a150,atc,1.0,c12_storm_400_a150_c80_0029,798.7700,798.7700,1190.7494,1190.7494,227,1,1.0044,1.9405,D30,15.620,102.398,124,400
12,400,a150,edd,1.0,c12_storm_400_a150_c80_0029,798.7700,798.7700,,,227,1,1.0044,1.9405,D30,15.620,102.398,124,400
12,400,a200,atc,0.25,c12_storm_400_a200_c80_0000,702.2492,701.7820,603.0046,605.7458,238,1,1.0213,2.0469,D40,11.803,95.696,138,400
12,400,a200,edd,0.25,c12_storm_400_a200_c80_0000,701.7820,701.7820,,,238,1,1.0213,2.0469,D40,11.803,95.696,138,400
12,400,a200,atc,0.5,c12_storm_400_a200_c80_0000,702.9524,702.4852,603.7078,606.4490,226,1,1.0213,2.0469,D40,11.803,95.696,138,400
12,400,a200,edd,0.5,c12_storm_400_a200_c80_0000,702.4852,702.4852,,,226,1,1.0213,2.0469,D40,11.803,95.696,138,400
12,400,a200,atc,1.0,c12_storm_400_a200_c80_0000,385.4924,385.4924,428.8464,433.0056,192,1,1.0213,2.0469,D40,11.803,95.696,138,400
12,400,a200,edd,1.0,c12_storm_400_a200_c80_0000,385.9596,385.4924,,,192,1,1.0213,2.0469,D40,11.803,95.696,138,400
12,400,a200,atc,0.25,c12_storm_400_a200_c80_0001,981.0816,981.0816,1157.1975,1157.1975,247,1,1.0247,2.3546,D90,13.200,86.331,122,400
12,400,a200,edd,0.25,c12_storm_400_a200_c80_0001,981.0816,981.0816,,,247,1,1.0247,2.3546,D90,13.200,86.331,122,400
12,400,a200,atc,0.5,c12_storm_400_a200_c80_0001,1092.3272,1095.2256,1231.0367,1231.0367,250,1,1.0247,2.3546,D90,13.200,86.331,122,400
12,400,a200,edd,0.5,c12_storm_400_a200_c80_0001,1092.3272,1095.2256,,,250,1,1.0247,2.3546,D90,13.200,86.331,122,400
12,400,a200,atc,1.0,c12_storm_400_a200_c80_0001,1246.9336,1249.8320,1225.5300,1225.5300,218,1,1.0247,2.3546,D90,13.200,86.331,122,400
12,400,a200,edd,1.0,c12_storm_400_a200_c80_0001,1246.9336,1249.7544,,,218,1,1.0247,2.3546,D90,13.200,86.331,122,400
12,400,a200,atc,0.25,c12_storm_400_a200_c80_0002,1896.8130,1880.9354,1773.3348,1772.2076,240,1,1.2602,2.5354,D50,11.571,102.693,132,400
12,400,a200,edd,0.25,c12_storm_400_a200_c80_0002,1898.7810,1887.0858,,,240,1,1.2602,2.5354,D50,11.571,102.693,132,400
12,400,a200,atc,0.5,c12_storm_400_a200_c80_0002,1724.0778,1708.6526,1654.9672,1654.5512,237,1,1.2602,2.5354,D50,11.571,102.693,132,400
12,400,a200,edd,0.5,c12_storm_400_a200_c80_0002,1726.6082,1716.0194,,,237,1,1.2602,2.5354,D50,11.571,102.693,132,400
12,400,a200,atc,1.0,c12_storm_400_a200_c80_0002,1587.2284,1587.2284,1568.5873,1568.8889,208,1,1.2602,2.5354,D50,11.571,102.693,132,400
12,400,a200,edd,1.0,c12_storm_400_a200_c80_0002,1589.0988,1589.0988,,,208,1,1.2602,2.5354,D50,11.571,102.693,132,400
12,400,a200,atc,0.25,c12_storm_400_a200_c80_0003,1886.6228,1883.3348,1701.6477,1699.4249,248,1,1.3957,2.8685,B20,12.167,97.081,138,400
12,400,a200,edd,0.25,c12_storm_400_a200_c80_0003,1884.5308,1884.3764,,,248,1,1.3957,2.8685,B20,12.167,97.081,138,400
12,400,a200,atc,0.5,c12_storm_400_a200_c80_0003,1718.4884,1715.2004,1598.4777,1599.5429,241,1,1.3957,2.8685,B20,12.167,97.081,138,400
12,400,a200,edd,0.5,c12_storm_400_a200_c80_0003,1716.3964,1715.2428,,,241,1,1.3957,2.8685,B20,12.167,97.081,138,400
12,400,a200,atc,1.0,c12_storm_400_a200_c80_0003,970.0528,970.0528,1332.0607,1332.7813,212,1,1.3957,2.8685,B20,12.167,97.081,138,400
12,400,a200,edd,1.0,c12_storm_400_a200_c80_0003,970.0528,970.0528,,,212,1,1.3957,2.8685,B20,12.167,97.081,138,400
12,400,a200,atc,0.25,c12_storm_400_a200_c80_0004,1556.5176,1556.5176,1472.7840,1472.7840,258,1,1.0593,1.6779,E20,13.489,97.105,118,400
12,400,a200,edd,0.25,c12_storm_400_a200_c80_0004,1556.3328,1554.0464,,,258,1,1.0593,1.6779,E20,13.489,97.105,118,400
12,400,a200,atc,0.5,c12_storm_400_a200_c80_0004,1528.3272,1528.3272,1472.7840,1472.7840,264,1,1.0593,1.6779,E20,13.489,97.105,118,400
12,400,a200,edd,0.5,c12_storm_400_a200_c80_0004,1528.1424,1525.8560,,,264,1,1.0593,1.6779,E20,13.489,97.105,118,400
12,400,a200,atc,1.0,c12_storm_400_a200_c80_0004,1673.8648,1674.5392,1781.7288,1782.4032,218,1,1.0593,1.6779,E20,13.489,97.105,118,400
12,400,a200,edd,1.0,c12_storm_400_a200_c80_0004,1673.7724,1674.5392,,,218,1,1.0593,1.6779,E20,13.489,97.105,118,400
12,400,a200,atc,0.25,c12_storm_400_a200_c80_0005,756.2576,755.8092,809.1184,809.1184,244,1,1.1191,1.7433,D30,12.007,80.537,124,400
12,400,a200,edd,0.25,c12_storm_400_a200_c80_0005,756.6096,755.8376,,,244,1,1.1191,1.7433,D30,12.007,80.537,124,400
12,400,a200,atc,0.5,c12_storm_400_a200_c80_0005,859.8836,859.3804,821.2680,821.0268,243,1,1.1191,1.7433,D30,12.007,80.537,124,400
12,400,a200,edd,0.5,c12_storm_400_a200_c80_0005,860.2356,859.4636,,,243,1,1.1191,1.7433,D30,12.007,80.537,124,400
12,400,a200,atc,1.0,c12_storm_400_a200_c80_0005,723.2152,723.2152,749.1256,749.1256,199,1,1.1191,1.7433,D30,12.007,80.537,124,400
12,400,a200,edd,1.0,c12_storm_400_a200_c80_0005,723.2152,723.2152,,,199,1,1.1191,1.7433,D30,12.007,80.537,124,400
12,400,a200,atc,0.25,c12_storm_400_a200_c80_0006,1707.7108,1707.9116,1075.5284,1075.5272,240,1,1.4413,2.7249,D90,11.071,102.402,161,400
12,400,a200,edd,0.25,c12_storm_400_a200_c80_0006,1706.5556,1697.8736,,,240,1,1.4413,2.7249,D90,11.071,102.402,161,400
12,400,a200,atc,0.5,c12_storm_400_a200_c80_0006,1546.4772,1541.8800,939.9720,939.9708,258,1,1.4413,2.7249,D90,11.071,102.402,161,400
12,400,a200,edd,0.5,c12_storm_400_a200_c80_0006,1547.2648,1540.7372,,,258,1,1.4413,2.7249,D90,11.071,102.402,161,400
12,400,a200,atc,1.0,c12_storm_400_a200_c80_0006,969.4422,973.1478,698.7962,698.7962,209,1,1.4413,2.7249,D90,11.071,102.402,161,400
12,400,a200,edd,1.0,c12_storm_400_a200_c80_0006,965.5902,969.8056,,,209,1,1.4413,2.7249,D90,11.071,102.402,161,400
12,400,a200,atc,0.25,c12_storm_400_a200_c80_0007,298.9880,297.6080,371.0478,371.0478,266,1,1.0242,1.3616,D30,11.780,65.440,129,400
12,400,a200,edd,0.25,c12_storm_400_a200_c80_0007,298.9880,297.6080,,,266,1,1.0242,1.3616,D30,11.780,65.440,129,400
12,400,a200,atc,0.5,c12_storm_400_a200_c80_0007,268.6592,267.2792,348.7838,348.7838,253,1,1.0242,1.3616,D30,11.780,65.440,129,400
12,400,a200,edd,0.5,c12_storm_400_a200_c80_0007,268.6592,267.2792,,,253,1,1.0242,1.3616,D30,11.780,65.440,129,400
12,400,a200,atc,1.0,c12_storm_400_a200_c80_0007,369.8428,369.8428,346.3736,346.3736,195,1,1.0242,1.3616,D30,11.780,65.440,129,400
12,400,a200,edd,1.0,c12_storm_400_a200_c80_0007,369.8428,369.8428,,,195,1,1.0242,1.3616,D30,11.780,65.440,129,400
12,400,a200,atc,0.25,c12_storm_400_a200_c80_0008,1106.7220,1106.7220,1201.9928,1201.9928,240,1,1.1687,2.2359,E20,11.705,97.885,128,400
12,400,a200,edd,0.25,c12_storm_400_a200_c80_0008,1106.7220,1106.7220,,,240,1,1.1687,2.2359,E20,11.705,97.885,128,400
12,400,a200,atc,0.5,c12_storm_400_a200_c80_0008,1145.5620,1145.5620,1215.1460,1215.1460,241,1,1.1687,2.2359,E20,11.705,97.885,128,400
12,400,a200,edd,0.5,c12_storm_400_a200_c80_0008,1145.5620,1145.5620,,,241,1,1.1687,2.2359,E20,11.705,97.885,128,400
12,400,a200,atc,1.0,c12_storm_400_a200_c80_0008,1112.7896,1112.7896,1034.5912,1034.5912,192,1,1.1687,2.2359,E20,11.705,97.885,128,400
12,400,a200,edd,1.0,c12_storm_400_a200_c80_0008,1112.7896,1112.7896,,,192,1,1.1687,2.2359,E20,11.705,97.885,128,400
12,400,a200,atc,0.25,c12_storm_400_a200_c80_0009,1467.5212,1467.5212,1261.1276,1261.1276,243,1,1.2164,2.9846,B30,11.774,102.597,142,400
12,400,a200,edd,0.25,c12_storm_400_a200_c80_0009,1467.5212,1467.5212,,,243,1,1.2164,2.9846,B30,11.774,102.597,142,400
12,400,a200,atc,0.5,c12_storm_400_a200_c80_0009,1098.4676,1098.4676,1129.0276,1129.0276,234,1,1.2164,2.9846,B30,11.774,102.597,142,400
12,400,a200,edd,0.5,c12_storm_400_a200_c80_0009,1096.9764,1098.4676,,,234,1,1.2164,2.9846,B30,11.774,102.597,142,400
12,400,a200,atc,1.0,c12_storm_400_a200_c80_0009,733.7732,732.2820,945.1896,945.1896,206,1,1.2164,2.9846,B30,11.774,102.597,142,400
12,400,a200,edd,1.0,c12_storm_400_a200_c80_0009,732.2820,732.2820,,,206,1,1.2164,2.9846,B30,11.774,102.597,142,400
12,400,a200,atc,0.25,c12_storm_400_a200_c80_0010,1271.5968,1271.5968,875.4100,875.4100,263,1,1.1270,1.8579,E20,13.025,96.000,139,400
12,400,a200,edd,0.25,c12_storm_400_a200_c80_0010,1271.5968,1271.5968,,,263,1,1.1270,1.8579,E20,13.025,96.000,139,400
12,400,a200,atc,0.5,c12_storm_400_a200_c80_0010,1085.5868,1085.5868,895.5205,895.5205,259,1,1.1270,1.8579,E20,13.025,96.000,139,400
12,400,a200,edd,0.5,c12_storm_400_a200_c80_0010,1085.5868,1085.5868,,,259,1,1.1270,1.8579,E20,13.025,96.000,139,400
12,400,a200,atc,1.0,c12_storm_400_a200_c80_0010,1041.0024,1041.0024,848.8462,848.8462,220,1,1.1270,1.8579,E20,13.025,96.000,139,400
12,400,a200,edd,1.0,c12_storm_400_a200_c80_0010,1041.0024,1041.0024,,,220,1,1.1270,1.8579,E20,13.025,96.000,139,400
12,400,a200,atc,0.25,c12_storm_400_a200_c80_0011,1408.6384,1407.0368,1164.0036,1164.0036,238,1,1.0353,1.8124,C30,12.583,99.762,120,400
12,400,a200,edd,0.25,c12_storm_400_a200_c80_0011,1408.6384,1407.3020,,,238,1,1.0353,1.8124,C30,12.583,99.762,120,400
12,400,a200,atc,0.5,c12_storm_400_a200_c80_0011,1411.1024,1409.5008,1165.2356,1165.2356,240,1,1.0353,1.8124,C30,12.583,99.762,120,400
12,400,a200,edd,0.5,c12_storm_400_a200_c80_0011,1411.1024,1409.7660,,,240,1,1.0353,1.8124,C30,12.583,99.762,120,400
12,400,a200,atc,1.0,c12_storm_400_a200_c80_0011,1380.9928,1379.3912,958.0334,958.0334,203,1,1.0353,1.8124,C30,12.583,99.762,120,400
12,400,a200,edd,1.0,c12_storm_400_a200_c80_0011,1380.9928,1379.3912,,,203,1,1.0353,1.8124,C30,12.583,99.762,120,400
12,400,a200,atc,0.25,c12_storm_400_a200_c80_0012,2439.8940,2439.8940,2451.3638,2451.3638,253,1,1.1004,2.2034,E10,12.137,97.791,128,400
12,400,a200,edd,0.25,c12_storm_400_a200_c80_0012,2439.4484,2439.4484,,,253,1,1.1004,2.2034,E10,12.137,97.791,128,400
12,400,a200,atc,0.5,c12_storm_400_a200_c80_0012,2439.8940,2439.8940,2453.3762,2453.3762,243,1,1.1004,2.2034,E10,12.137,97.791,128,400
12,400,a200,edd,0.5,c12_storm_400_a200_c80_0012,2439.4484,2439.4484,,,243,1,1.1004,2.2034,E10,12.137,97.791,128,400
12,400,a200,atc,1.0,c12_storm_400_a200_c80_0012,2238.6504,2238.6504,2332.7032,2332.7032,203,1,1.1004,2.2034,E10,12.137,97.791,128,400
12,400,a200,edd,1.0,c12_storm_400_a200_c80_0012,2238.4276,2238.6504,,,203,1,1.1004,2.2034,E10,12.137,97.791,128,400
12,400,a200,atc,0.25,c12_storm_400_a200_c80_0013,949.6168,949.6168,748.3760,748.3004,227,1,1.1936,2.3276,D50,11.557,83.483,127,400
12,400,a200,edd,0.25,c12_storm_400_a200_c80_0013,949.4680,944.4944,,,227,1,1.1936,2.3276,D50,11.557,83.483,127,400
12,400,a200,atc,0.5,c12_storm_400_a200_c80_0013,971.5740,971.5740,756.1166,756.0410,229,1,1.1936,2.3276,D50,11.557,83.483,127,400
12,400,a200,edd,0.5,c12_storm_400_a200_c80_0013,971.4252,971.4252,,,229,1,1.1936,2.3276,D50,11.557,83.483,127,400
12,400,a200,atc,1.0,c12_storm_400_a200_c80_0013,481.4148,481.4148,534.3451,534.2707,226,1,1.1936,2.3276,D50,11.557,83.483,127,400
12,400,a200,edd,1.0,c12_storm_400_a200_c80_0013,481.4148,481.4148,,,226,1,1.1936,2.3276,D50,11.557,83.483,127,400
12,400,a200,atc,0.25,c12_storm_400_a200_c80_0014,1265.3444,1267.4664,779.7292,781.5408,245,1,1.1948,1.9607,D90,10.982,102.151,132,400
12,400,a200,edd,0.25,c12_storm_400_a200_c80_0014,1261.9792,1261.3660,,,245,1,1.1948,1.9607,D90,10.982,102.151,132,400
12,400,a200,atc,0.5,c12_storm_400_a200_c80_0014,1221.6948,1223.8168,779.7292,781.5408,243,1,1.1948,1.9607,D90,10.982,102.151,132,400
12,400,a200,edd,0.5,c12_storm_400_a200_c80_0014,1218.3296,1217.7164,,,243,1,1.1948,1.9607,D90,10.982,102.151,132,400
12,400,a200,atc,1.0,c12_storm_400_a200_c80_0014,761.1380,761.8364,636.3916,638.2032,197,1,1.1948,1.9607,D90,10.982,102.151,132,400
12,400,a200,edd,1.0,c12_storm_400_a200_c80_0014,757.4584,757.0024,,,197,1,1.1948,1.9607,D90,10.982,102.151,132,400
12,400,a200,atc,0.25,c12_storm_400_a200_c80_0015,1992.2576,1992.2576,1765.9196,1765.9196,247,1,1.2530,2.1883,B30,12.530,84.232,142,400
12,400,a200,edd,0.25,c12_storm_400_a200_c80_0015,1992.2576,1992.2576,,,247,1,1.2530,2.1883,B30,12.530,84.232,142,400
12,400,a200,atc,0.5,c12_storm_400_a200_c80_0015,1908.6596,1908.6596,1765.9196,1765.9196,249,1,1.2530,2.1883,B30,12.530,84.232,142,400
12,400,a200,edd,0.5,c12_storm_400_a200_c80_0015,1908.6596,1908.6596,,,249,1,1.2530,2.1883,B30,12.530,84.232,142,400
12,400,a200,atc,1.0,c12_storm_400_a200_c80_0015,1573.3588,1567.6996,1531.7680,1531.7680,214,1,1.2530,2.1883,B30,12.530,84.232,142,400
12,400,a200,edd,1.0,c12_storm_400_a200_c80_0015,1570.6268,1566.9148,,,214,1,1.2530,2.1883,B30,12.530,84.232,142,400
12,400,a200,atc,0.25,c12_storm_400_a200_c80_0016,2650.8594,2650.8594,2627.9518,2627.9518,244,1,1.3775,2.2355,D40,12.095,101.783,137,400
12,400,a200,edd,0.25,c12_storm_400_a200_c80_0016,2650.2906,2650.2906,,,244,1,1.3775,2.2355,D40,12.095,101.783,137,400
12,400,a200,atc,0.5,c12_storm_400_a200_c80_0016,2786.6740,2786.6740,2626.7103,2626.7103,249,1,1.3775,2.2355,D40,12.095,101.783,137,400
12,400,a200,edd,0.5,c12_storm_400_a200_c80_0016,2786.6740,2786.6740,,,249,1,1.3775,2.2355,D40,12.095,101.783,137,400
12,400,a200,atc,1.0,c12_storm_400_a200_c80_0016,3002.1744,3002.1560,2595.3355,2595.3355,205,1,1.3775,2.2355,D40,12.095,101.783,137,400
12,400,a200,edd,1.0,c12_storm_400_a200_c80_0016,3002.1744,3002.1560,,,205,1,1.3775,2.2355,D40,12.095,101.783,137,400
12,400,a200,atc,0.25,c12_storm_400_a200_c80_0017,1194.5230,1176.4440,725.3926,725.5902,238,1,1.5038,2.7528,D50,11.181,106.674,173,400
12,400,a200,edd,0.25,c12_storm_400_a200_c80_0017,1180.7250,1171.2640,,,238,1,1.5038,2.7528,D50,11.181,106.674,173,400
12,400,a200,atc,0.5,c12_storm_400_a200_c80_0017,1181.2446,1163.7272,723.0358,723.2334,231,1,1.5038,2.7528,D50,11.181,106.674,173,400
12,400,a200,edd,0.5,c12_storm_400_a200_c80_0017,1167.4466,1157.4370,,,231,1,1.5038,2.7528,D50,11.181,106.674,173,400
12,400,a200,atc,1.0,c12_storm_400_a200_c80_0017,828.2244,831.6920,454.8852,454.8852,228,1,1.5038,2.7528,D50,11.181,106.674,173,400
12,400,a200,edd,1.0,c12_storm_400_a200_c80_0017,821.8336,821.8336,,,228,1,1.5038,2.7528,D50,11.181,106.674,173,400
12,400,a200,atc,0.25,c12_storm_400_a200_c80_0018,2196.4592,2201.5680,1820.2152,1816.0960,233,1,1.3193,3.1686,B30,11.210,96.131,168,400
12,400,a200,edd,0.25,c12_storm_400_a200_c80_0018,2187.9392,2188.4016,,,233,1,1.3193,3.1686,B30,11.210,96.131,168,400
12,400,a200,atc,0.5,c12_storm_400_a200_c80_0018,2238.7688,2243.8776,1820.2152,1816.0960,235,1,1.3193,3.1686,B30,11.210,96.131,168,400
12,400,a200,edd,0.5,c12_storm_400_a200_c80_0018,2230.2488,2230.7112,,,235,1,1.3193,3.1686,B30,11.210,96.131,168,400
12,400,a200,atc,1.0,c12_storm_400_a200_c80_0018,1712.2548,1712.2548,1503.3760,1504.2044,195,1,1.3193,3.1686,B30,11.210,96.131,168,400
12,400,a200,edd,1.0,c12_storm_400_a200_c80_0018,1708.9064,1709.5300,,,195,1,1.3193,3.1686,B30,11.210,96.131,168,400
12,400,a200,atc,0.25,c12_storm_400_a200_c80_0019,1971.5180,1971.5180,1506.5332,1506.3166,238,1,1.2817,1.8466,D40,11.996,94.256,140,400
12,400,a200,edd,0.25,c12_storm_400_a200_c80_0019,1971.5180,1971.5180,,,238,1,1.2817,1.8466,D40,11.996,94.256,140,400
12,400,a200,atc,0.5,c12_storm_400_a200_c80_0019,1469.8024,1469.8024,1396.4842,1396.5520,245,1,1.2817,1.8466,D40,11.996,94.256,140,400
12,400,a200,edd,0.5,c12_storm_400_a200_c80_0019,1469.8024,1469.8024,,,245,1,1.2817,1.8466,D40,11.996,94.256,140,400
12,400,a200,atc,1.0,c12_storm_400_a200_c80_0019,1407.1508,1407.1508,1252.2228,1252.2228,203,1,1.2817,1.8466,D40,11.996,94.256,140,400
12,400,a200,edd,1.0,c12_storm_400_a200_c80_0019,1404.2356,1404.6688,,,203,1,1.2817,1.8466,D40,11.996,94.256,140,400
12,400,a200,atc,0.25,c12_storm_400_a200_c80_0020,967.3148,955.8156,969.4284,968.9628,247,1,1.0635,1.7957,D30,12.681,97.348,121,400
12,400,a200,edd,0.25,c12_storm_400_a200_c80_0020,951.3908,954.8020,,,247,1,1.0635,1.7957,D30,12.681,97.348,121,400
12,400,a200,atc,0.5,c12_storm_400_a200_c80_0020,981.8112,983.2136,969.4284,968.9628,236,1,1.0635,1.7957,D30,12.681,97.348,121,400
12,400,a200,edd,0.5,c12_storm_400_a200_c80_0020,980.3320,982.2000,,,236,1,1.0635,1.7957,D30,12.681,97.348,121,400
12,400,a200,atc,1.0,c12_storm_400_a200_c80_0020,478.2764,478.2144,737.5684,737.5064,202,1,1.0635,1.7957,D30,12.681,97.348,121,400
12,400,a200,edd,1.0,c12_storm_400_a200_c80_0020,477.3040,477.8108,,,202,1,1.0635,1.7957,D30,12.681,97.348,121,400
12,400,a200,atc,0.25,c12_storm_400_a200_c80_0021,2116.7792,2116.7792,1970.4580,1970.4580,260,1,1.2868,2.3395,UNK,12.933,102.146,146,400
12,400,a200,edd,0.25,c12_storm_400_a200_c80_0021,2113.9480,2113.9480,,,260,1,1.2868,2.3395,UNK,12.933,102.146,146,400
12,400,a200,atc,0.5,c12_storm_400_a200_c80_0021,2116.7792,2116.7792,1970.4580,1970.4580,252,1,1.2868,2.3395,UNK,12.933,102.146,146,400
12,400,a200,edd,0.5,c12_storm_400_a200_c80_0021,2113.9480,2113.9480,,,252,1,1.2868,2.3395,UNK,12.933,102.146,146,400
12,400,a200,atc,1.0,c12_storm_400_a200_c80_0021,2230.9864,2230.9864,1980.7124,1980.7124,215,1,1.2868,2.3395,UNK,12.933,102.146,146,400
12,400,a200,edd,1.0,c12_storm_400_a200_c80_0021,2230.9864,2230.9864,,,215,1,1.2868,2.3395,UNK,12.933,102.146,146,400
12,400,a200,atc,0.25,c12_storm_400_a200_c80_0022,1503.8648,1503.8648,1017.7008,1017.7008,238,1,1.2217,2.0593,D40,11.424,101.690,139,400
12,400,a200,edd,0.25,c12_storm_400_a200_c80_0022,1503.8648,1503.8648,,,238,1,1.2217,2.0593,D40,11.424,101.690,139,400
12,400,a200,atc,0.5,c12_storm_400_a200_c80_0022,1527.1848,1527.1848,1017.7008,1017.7008,249,1,1.2217,2.0593,D40,11.424,101.690,139,400
12,400,a200,edd,0.5,c12_storm_400_a200_c80_0022,1527.1848,1527.1848,,,249,1,1.2217,2.0593,D40,11.424,101.690,139,400
12,400,a200,atc,1.0,c12_storm_400_a200_c80_0022,1178.1800,1178.1800,778.0962,778.0962,216,1,1.2217,2.0593,D40,11.424,101.690,139,400
12,400,a200,edd,1.0,c12_storm_400_a200_c80_0022,1178.1800,1178.1800,,,216,1,1.2217,2.0593,D40,11.424,101.690,139,400
12,400,a200,atc,0.25,c12_storm_400_a200_c80_0023,968.3896,968.3896,412.2696,412.2696,251,1,1.0810,1.6388,C30,12.492,96.391,135,400
12,400,a200,edd,0.25,c12_storm_400_a200_c80_0023,968.3896,968.3896,,,251,1,1.0810,1.6388,C30,12.492,96.391,135,400
12,400,a200,atc,0.5,c12_storm_400_a200_c80_0023,804.1684,804.1684,340.8344,340.8344,251,1,1.0810,1.6388,C30,12.492,96.391,135,400
12,400,a200,edd,0.5,c12_storm_400_a200_c80_0023,804.1684,804.1684,,,251,1,1.0810,1.6388,C30,12.492,96.391,135,400
12,400,a200,atc,1.0,c12_storm_400_a200_c80_0023,398.3420,398.3420,244.6048,244.6048,220,1,1.0810,1.6388,C30,12.492,96.391,135,400
12,400,a200,edd,1.0,c12_storm_400_a200_c80_0023,398.3420,398.3420,,,220,1,1.0810,1.6388,C30,12.492,96.391,135,400
12,400,a200,atc,0.25,c12_storm_400_a200_c80_0024,2113.1588,2113.3580,1346.1888,1346.1888,241,1,1.2293,2.2116,D40,12.143,101.724,128,400
12,400,a200,edd,0.25,c12_storm_400_a200_c80_0024,2095.0420,2095.7972,,,241,1,1.2293,2.2116,D40,12.143,101.724,128,400
12,400,a200,atc,0.5,c12_storm_400_a200_c80_0024,1753.5568,1753.5568,1225.5516,1225.5516,250,1,1.2293,2.2116,D40,12.143,101.724,128,400
12,400,a200,edd,0.5,c12_storm_400_a200_c80_0024,1735.4400,1736.1952,,,250,1,1.2293,2.2116,D40,12.143,101.724,128,400
12,400,a200,atc,1.0,c12_storm_400_a200_c80_0024,1595.2980,1592.9868,1155.6012,1155.6012,224,1,1.2293,2.2116,D40,12.143,101.724,128,400
12,400,a200,edd,1.0,c12_storm_400_a200_c80_0024,1576.6412,1563.5468,,,224,1,1.2293,2.2116,D40,12.143,101.724,128,400
12,400,a200,atc,0.25,c12_storm_400_a200_c80_0025,1233.5600,1233.5600,1354.3360,1354.3360,247,1,1.2723,2.0407,D50,12.660,101.792,133,400
12,400,a200,edd,0.25,c12_storm_400_a200_c80_0025,1233.5600,1233.5600,,,247,1,1.2723,2.0407,D50,12.660,101.792,133,400
12,400,a200,atc,0.5,c12_storm_400_a200_c80_0025,1500.5544,1500.5544,1323.3948,1323.3948,242,1,1.2723,2.0407,D50,12.660,101.792,133,400
12,400,a200,edd,0.5,c12_storm_400_a200_c80_0025,1500.5544,1500.5544,,,242,1,1.2723,2.0407,D50,12.660,101.792,133,400
12,400,a200,atc,1.0,c12_storm_400_a200_c80_0025,1492.5932,1492.5932,1190.6596,1190.6596,189,1,1.2723,2.0407,D50,12.660,101.792,133,400
12,400,a200,edd,1.0,c12_storm_400_a200_c80_0025,1492.5932,1492.5932,,,189,1,1.2723,2.0407,D50,12.660,101.792,133,400
12,400,a200,atc,0.25,c12_storm_400_a200_c80_0026,437.8732,437.8732,455.5038,455.5038,247,1,1.1610,3.1388,B30,11.795,102.619,117,400
12,400,a200,edd,0.25,c12_storm_400_a200_c80_0026,437.8732,437.8732,,,247,1,1.1610,3.1388,B30,11.795,102.619,117,400
12,400,a200,atc,0.5,c12_storm_400_a200_c80_0026,333.4412,333.4412,441.8286,441.8286,240,1,1.1610,3.1388,B30,11.795,102.619,117,400
12,400,a200,edd,0.5,c12_storm_400_a200_c80_0026,333.4412,333.4412,,,240,1,1.1610,3.1388,B30,11.795,102.619,117,400
12,400,a200,atc,1.0,c12_storm_400_a200_c80_0026,324.0260,324.0260,481.5208,481.5208,204,1,1.1610,3.1388,B30,11.795,102.619,117,400
12,400,a200,edd,1.0,c12_storm_400_a200_c80_0026,324.0260,324.0260,,,204,1,1.1610,3.1388,B30,11.795,102.619,117,400
12,400,a200,atc,0.25,c12_storm_400_a200_c80_0027,1325.3520,1325.3520,1094.2912,1094.2912,241,1,1.2831,1.8268,C30,11.098,98.318,138,400
12,400,a200,edd,0.25,c12_storm_400_a200_c80_0027,1326.9992,1326.9992,,,241,1,1.2831,1.8268,C30,11.098,98.318,138,400
12,400,a200,atc,0.5,c12_storm_400_a200_c80_0027,1217.6472,1217.6472,1040.4388,1040.4388,242,1,1.2831,1.8268,C30,11.098,98.318,138,400
12,400,a200,edd,0.5,c12_storm_400_a200_c80_0027,1217.6472,1217.6472,,,242,1,1.2831,1.8268,C30,11.098,98.318,138,400
12,400,a200,atc,1.0,c12_storm_400_a200_c80_0027,902.6224,902.7060,676.2860,676.3696,195,1,1.2831,1.8268,C30,11.098,98.318,138,400
12,400,a200,edd,1.0,c12_storm_400_a200_c80_0027,902.6224,902.6224,,,195,1,1.2831,1.8268,C30,11.098,98.318,138,400
12,400,a200,atc,0.25,c12_storm_400_a200_c80_0028,791.8276,790.6608,916.2357,915.6473,257,1,1.1207,1.7667,E10,11.873,102.719,140,400
12,400,a200,edd,0.25,c12_storm_400_a200_c80_0028,790.5992,787.3108,,,257,1,1.1207,1.7667,E10,11.873,102.719,140,400
12,400,a200,atc,0.5,c12_storm_400_a200_c80_0028,795.6548,792.9632,916.2357,915.6473,248,1,1.1207,1.7667,E10,11.873,102.719,140,400
12,400,a200,edd,0.5,c12_storm_400_a200_c80_0028,794.4264,791.1380,,,248,1,1.1207,1.7667,E10,11.873,102.719,140,400
12,400,a200,atc,1.0,c12_storm_400_a200_c80_0028,815.9412,815.7716,936.4222,936.4222,226,1,1.1207,1.7667,E10,11.873,102.719,140,400
12,400,a200,edd,1.0,c12_storm_400_a200_c80_0028,814.7128,813.4696,,,226,1,1.1207,1.7667,E10,11.873,102.719,140,400
12,400,a200,atc,0.25,c12_storm_400_a200_c80_0029,936.7848,936.7848,621.4363,621.4363,249,1,1.2038,1.9461,MISC,11.869,102.138,132,400
12,400,a200,edd,0.25,c12_storm_400_a200_c80_0029,936.7848,936.7848,,,249,1,1.2038,1.9461,MISC,11.869,102.138,132,400
12,400,a200,atc,0.5,c12_storm_400_a200_c80_0029,905.3832,905.3832,601.5403,601.5403,256,1,1.2038,1.9461,MISC,11.869,102.138,132,400
12,400,a200,edd,0.5,c12_storm_400_a200_c80_0029,905.3832,905.3832,,,256,1,1.2038,1.9461,MISC,11.869,102.138,132,400
12,400,a200,atc,1.0,c12_storm_400_a200_c80_0029,912.8832,912.8832,600.5492,600.5492,206,1,1.2038,1.9461,MISC,11.869,102.138,132,400
12,400,a200,edd,1.0,c12_storm_400_a200_c80_0029,912.8832,912.8832,,,206,1,1.2038,1.9461,MISC,11.869,102.138,132,400
12,400,a300,atc,0.25,c12_storm_400_a300_c80_0000,2896.3056,2895.1864,2841.9156,2841.9156,236,1,1.9668,3.0771,D30,8.114,99.043,206,400
12,400,a300,edd,0.25,c12_storm_400_a300_c80_0000,2887.6920,2887.1376,,,236,1,1.9668,3.0771,D30,8.114,99.043,206,400
12,400,a300,atc,0.5,c12_storm_400_a300_c80_0000,2674.1816,2673.0624,2542.7184,2542.7184,223,1,1.9668,3.0771,D30,8.114,99.043,206,400
12,400,a300,edd,0.5,c12_storm_400_a300_c80_0000,2665.5680,2665.8200,,,223,1,1.9668,3.0771,D30,8.114,99.043,206,400
12,400,a300,atc,1.0,c12_storm_400_a300_c80_0000,1783.5032,1778.9328,1965.3544,1969.0216,180,1,1.9668,3.0771,D30,8.114,99.043,206,400
12,400,a300,edd,1.0,c12_storm_400_a300_c80_0000,1775.8644,1775.8476,,,180,1,1.9668,3.0771,D30,8.114,99.043,206,400
12,400,a300,atc,0.25,c12_storm_400_a300_c80_0001,2246.3092,2246.7980,1827.4978,1827.4978,231,1,1.8342,3.4024,E10,8.249,94.774,190,400
12,400,a300,edd,0.25,c12_storm_400_a300_c80_0001,2246.7852,2246.7852,,,231,1,1.8342,3.4024,E10,8.249,94.774,190,400
12,400,a300,atc,0.5,c12_storm_400_a300_c80_0001,2246.3092,2246.7980,1836.0748,1836.0748,210,1,1.8342,3.4024,E10,8.249,94.774,190,400
12,400,a300,edd,0.5,c12_storm_400_a300_c80_0001,2246.7852,2246.7852,,,210,1,1.8342,3.4024,E10,8.249,94.774,190,400
12,400,a300,atc,1.0,c12_storm_400_a300_c80_0001,1912.6908,1912.6908,1621.9326,1621.9326,164,1,1.8342,3.4024,E10,8.249,94.774,190,400
12,400,a300,edd,1.0,c12_storm_400_a300_c80_0001,1913.1796,1912.6908,,,164,1,1.8342,3.4024,E10,8.249,94.774,190,400
12,400,a300,atc,0.25,c12_storm_400_a300_c80_0002,2201.9368,2201.9368,1548.1684,1548.1684,239,1,1.8117,2.7655,B20,8.000,96.248,169,400
12,400,a300,edd,0.25,c12_storm_400_a300_c80_0002,2201.9368,2201.9368,,,239,1,1.8117,2.7655,B20,8.000,96.248,169,400
12,400,a300,atc,0.5,c12_storm_400_a300_c80_0002,2351.3492,2351.3492,1588.1876,1588.1876,243,1,1.8117,2.7655,B20,8.000,96.248,169,400
12,400,a300,edd,0.5,c12_storm_400_a300_c80_0002,2351.3492,2351.3492,,,243,1,1.8117,2.7655,B20,8.000,96.248,169,400
12,400,a300,atc,1.0,c12_storm_400_a300_c80_0002,2225.0096,2225.0096,1581.1516,1581.1516,177,1,1.8117,2.7655,B20,8.000,96.248,169,400
12,400,a300,edd,1.0,c12_storm_400_a300_c80_0002,2225.0096,2225.0096,,,177,1,1.8117,2.7655,B20,8.000,96.248,169,400
12,400,a300,atc,0.25,c12_storm_400_a300_c80_0003,2418.6928,2414.8180,2079.6590,2083.5938,241,1,1.8258,2.8559,D30,8.174,100.638,194,400
12,400,a300,edd,0.25,c12_storm_400_a300_c80_0003,2379.6204,2368.8484,,,241,1,1.8258,2.8559,D30,8.174,100.638,194,400
12,400,a300,atc,0.5,c12_storm_400_a300_c80_0003,1997.2568,1989.6896,1737.0438,1736.8326,241,1,1.8258,2.8559,D30,8.174,100.638,194,400
12,400,a300,edd,0.5,c12_storm_400_a300_c80_0003,1957.3536,1959.1836,,,241,1,1.8258,2.8559,D30,8.174,100.638,194,400
12,400,a300,atc,1.0,c12_storm_400_a300_c80_0003,1118.7784,1127.9332,1176.7928,1195.2160,167,1,1.8258,2.8559,D30,8.174,100.638,194,400
12,400,a300,edd,1.0,c12_storm_400_a300_c80_0003,1102.5084,1107.4092,,,167,1,1.8258,2.8559,D30,8.174,100.638,194,400
12,400,a300,atc,0.25,c12_storm_400_a300_c80_0004,1127.6652,1122.1852,707.1248,706.6224,239,1,1.7524,2.2388,C30,8.000,96.429,183,400
12,400,a300,edd,0.25,c12_storm_400_a300_c80_0004,1117.8220,1118.0376,,,239,1,1.7524,2.2388,C30,8.000,96.429,183,400
12,400,a300,atc,0.5,c12_storm_400_a300_c80_0004,987.4036,981.8568,680.9804,680.4780,251,1,1.7524,2.2388,C30,8.000,96.429,183,400
12,400,a300,edd,0.5,c12_storm_400_a300_c80_0004,977.5604,977.9632,,,251,1,1.7524,2.2388,C30,8.000,96.429,183,400
12,400,a300,atc,1.0,c12_storm_400_a300_c80_0004,773.3612,763.3600,563.5804,563.0780,192,1,1.7524,2.2388,C30,8.000,96.429,183,400
12,400,a300,edd,1.0,c12_storm_400_a300_c80_0004,766.0392,758.9448,,,192,1,1.7524,2.2388,C30,8.000,96.429,183,400
12,400,a300,atc,0.25,c12_storm_400_a300_c80_0005,1852.3764,1854.9236,1552.8964,1556.6152,248,1,1.6712,2.4328,D30,8.000,79.780,163,400
12,400,a300,edd,0.25,c12_storm_400_a300_c80_0005,1852.3764,1852.3356,,,248,1,1.6712,2.4328,D30,8.000,79.780,163,400
12,400,a300,atc,0.5,c12_storm_400_a300_c80_0005,1864.0712,1866.6184,1595.9052,1599.6240,247,1,1.6712,2.4328,D30,8.000,79.780,163,400
12,400,a300,edd,0.5,c12_storm_400_a300_c80_0005,1864.0712,1864.0304,,,247,1,1.6712,2.4328,D30,8.000,79.780,163,400
12,400,a300,atc,1.0,c12_storm_400_a300_c80_0005,1511.9756,1513.7628,1325.6096,1325.6096,176,1,1.6712,2.4328,D30,8.000,79.780,163,400
12,400,a300,edd,1.0,c12_storm_400_a300_c80_0005,1511.9756,1512.0912,,,176,1,1.6712,2.4328,D30,8.000,79.780,163,400
12,400,a300,atc,0.25,c12_storm_400_a300_c80_0006,2173.5916,2156.6076,2011.2306,2008.3602,220,1,2.0925,3.0699,E10,8.281,99.845,189,400
12,400,a300,edd,0.25,c12_storm_400_a300_c80_0006,2173.5028,2153.2220,,,220,1,2.0925,3.0699,E10,8.281,99.845,189,400
12,400,a300,atc,0.5,c12_storm_400_a300_c80_0006,1757.4988,1745.9036,1790.4000,1791.4432,217,1,2.0925,3.0699,E10,8.281,99.845,189,400
12,400,a300,edd,0.5,c12_storm_400_a300_c80_0006,1760.2744,1740.5300,,,217,1,2.0925,3.0699,E10,8.281,99.845,189,400
12,400,a300,atc,1.0,c12_storm_400_a300_c80_0006,2182.6668,2124.2944,2020.0256,2019.6864,197,1,2.0925,3.0699,E10,8.281,99.845,189,400
12,400,a300,edd,1.0,c12_storm_400_a300_c80_0006,2151.3704,2133.2804,,,197,1,2.0925,3.0699,E10,8.281,99.845,189,400
12,400,a300,atc,0.25,c12_storm_400_a300_c80_0007,1454.3956,1449.2036,903.4100,903.4100,263,1,1.5865,3.2568,D40,8.617,69.389,180,400
12,400,a300,edd,0.25,c12_storm_400_a300_c80_0007,1462.3796,1451.1420,,,263,1,1.5865,3.2568,D40,8.617,69.389,180,400
12,400,a300,atc,0.5,c12_storm_400_a300_c80_0007,1517.1628,1529.9380,903.4100,903.4100,260,1,1.5865,3.2568,D40,8.617,69.389,180,400
12,400,a300,edd,0.5,c12_storm_400_a300_c80_0007,1524.8844,1510.2668,,,260,1,1.5865,3.2568,D40,8.617,69.389,180,400
12,400,a300,atc,1.0,c12_storm_400_a300_c80_0007,1146.7084,1129.6760,802.9688,802.9688,207,1,1.5865,3.2568,D40,8.617,69.389,180,400
12,400,a300,edd,1.0,c12_storm_400_a300_c80_0007,1150.6224,1134.8896,,,207,1,1.5865,3.2568,D40,8.617,69.389,180,400
12,400,a300,atc,0.25,c12_storm_400_a300_c80_0008,1586.1240,1595.3032,1421.2452,1421.2452,226,1,1.7509,3.5113,E10,8.104,89.196,199,400
12,400,a300,edd,0.25,c12_storm_400_a300_c80_0008,1575.2976,1565.7900,,,226,1,1.7509,3.5113,E10,8.104,89.196,199,400
12,400,a300,atc,0.5,c12_storm_400_a300_c80_0008,1668.5864,1676.0258,1421.2452,1421.2452,227,1,1.7509,3.5113,E10,8.104,89.196,199,400
12,400,a300,edd,0.5,c12_storm_400_a300_c80_0008,1657.7600,1651.4656,,,227,1,1.7509,3.5113,E10,8.104,89.196,199,400
12,400,a300,atc,1.0,c12_storm_400_a300_c80_0008,1255.0668,1248.5764,1179.7357,1180.9743,191,1,1.7509,3.5113,E10,8.104,89.196,199,400
12,400,a300,edd,1.0,c12_storm_400_a300_c80_0008,1238.0804,1230.7700,,,191,1,1.7509,3.5113,E10,8.104,89.196,199,400
12,400,a300,atc,0.25,c12_storm_400_a300_c80_0009,2028.8400,2050.8920,2050.3885,2050.3885,257,1,2.0730,4.2975,D50,8.543,105.472,186,400
12,400,a300,edd,0.25,c12_storm_400_a300_c80_0009,2027.5544,2026.7824,,,257,1,2.0730,4.2975,D50,8.543,105.472,186,400
12,400,a300,atc,0.5,c12_storm_400_a300_c80_0009,2172.8040,2194.8560,2120.4005,2120.4005,250,1,2.0730,4.2975,D50,8.543,105.472,186,400
12,400,a300,edd,0.5,c12_storm_400_a300_c80_0009,2171.5184,2170.7464,,,250,1,2.0730,4.2975,D50,8.543,105.472,186,400
12,400,a300,atc,1.0,c12_storm_400_a300_c80_0009,1583.0696,1605.4696,1732.8282,1732.8282,205,1,2.0730,4.2975,D50,8.543,105.472,186,400
12,400,a300,edd,1.0,c12_storm_400_a300_c80_0009,1581.7840,1581.7112,,,205,1,2.0730,4.2975,D50,8.543,105.472,186,400
12,400,a300,atc,0.25,c12_storm_400_a300_c80_0010,1503.1764,1478.2832,1340.7964,1334.7424,241,1,1.6938,2.6142,D30,8.000,98.420,181,400
12,400,a300,edd,0.25,c12_storm_400_a300_c80_0010,1473.9552,1459.1300,,,241,1,1.6938,2.6142,D30,8.000,98.420,181,400
12,400,a300,atc,0.5,c12_storm_400_a300_c80_0010,1301.0468,1288.3616,1263.2136,1265.5480,232,1,1.6938,2.6142,D30,8.000,98.420,181,400
12,400,a300,edd,0.5,c12_storm_400_a300_c80_0010,1274.1940,1274.6744,,,232,1,1.6938,2.6142,D30,8.000,98.420,181,400
12,400,a300,atc,1.0,c12_storm_400_a300_c80_0010,1313.8452,1292.0112,1151.3648,1151.3648,168,1,1.6938,2.6142,D30,8.000,98.420,181,400
12,400,a300,edd,1.0,c12_storm_400_a300_c80_0010,1284.2800,1274.9548,,,168,1,1.6938,2.6142,D30,8.000,98.420,181,400
12,400,a300,atc,0.25,c12_storm_400_a300_c80_0011,1882.5656,1882.6320,2026.3014,2026.3014,249,1,1.6667,2.7045,MISC,8.629,83.291,162,400
12,400,a300,edd,0.25,c12_storm_400_a300_c80_0011,1881.8216,1881.8216,,,249,1,1.6667,2.7045,MISC,8.629,83.291,162,400
12,400,a300,atc,0.5,c12_storm_400_a300_c80_0011,1991.7980,1991.8644,2026.3014,2026.3014,245,1,1.6667,2.7045,MISC,8.629,83.291,162,400
12,400,a300,edd,0.5,c12_storm_400_a300_c80_0011,1991.0540,1990.5276,,,245,1,1.6667,2.7045,MISC,8.629,83.291,162,400
12,400,a300,atc,1.0,c12_storm_400_a300_c80_0011,2436.8236,2436.8236,2228.2036,2228.2036,185,1,1.6667,2.7045,MISC,8.629,83.291,162,400
12,400,a300,edd,1.0,c12_storm_400_a300_c80_0011,2436.8236,2436.2972,,,185,1,1.6667,2.7045,MISC,8.629,83.291,162,400
12,400,a300,atc,0.25,c12_storm_400_a300_c80_0012,1298.9336,1297.8504,531.2958,530.3038,249,1,1.7948,4.9973,C30,8.000,78.830,177,400
12,400,a300,edd,0.25,c12_storm_400_a300_c80_0012,1297.9416,1296.9744,,,249,1,1.7948,4.9973,C30,8.000,78.830,177,400
12,400,a300,atc,0.5,c12_storm_400_a300_c80_0012,1416.1788,1415.0956,531.2958,530.3038,243,1,1.7948,4.9973,C30,8.000,78.830,177,400
12,400,a300,edd,0.5,c12_storm_400_a300_c80_0012,1415.1868,1414.2196,,,243,1,1.7948,4.9973,C30,8.000,78.830,177,400
12,400,a300,atc,1.0,c12_storm_400_a300_c80_0012,825.8128,825.8128,443.1408,443.1408,173,1,1.7948,4.9973,C30,8.000,78.830,177,400
12,400,a300,edd,1.0,c12_storm_400_a300_c80_0012,824.8208,824.8208,,,173,1,1.7948,4.9973,C30,8.000,78.830,177,400
12,400,a300,atc,0.25,c12_storm_400_a300_c80_0013,1650.1596,1648.1308,1813.6306,1821.8210,224,1,1.8992,4.1784,D40,8.000,98.793,195,400
12,400,a300,edd,0.25,c12_storm_400_a300_c80_0013,1651.5212,1641.8548,,,224,1,1.8992,4.1784,D40,8.000,98.793,195,400
12,400,a300,atc,0.5,c12_storm_400_a300_c80_0013,1675.7588,1684.3996,1794.2214,1802.4118,231,1,1.8992,4.1784,D40,8.000,98.793,195,400
12,400,a300,edd,0.5,c12_storm_400_a300_c80_0013,1675.7588,1676.1884,,,231,1,1.8992,4.1784,D40,8.000,98.793,195,400
12,400,a300,atc,1.0,c12_storm_400_a300_c80_0013,2031.6540,2047.6876,1850.0556,1850.0556,187,1,1.8992,4.1784,D40,8.000,98.793,195,400
12,400,a300,edd,1.0,c12_storm_400_a300_c80_0013,2040.8492,2039.8868,,,187,1,1.8992,4.1784,D40,8.000,98.793,195,400
12,400,a300,atc,0.25,c12_storm_400_a300_c80_0014,1771.1176,1762.3824,1532.9984,1532.9984,246,1,1.7516,3.1464,D90,8.265,75.201,181,400
12,400,a300,edd,0.25,c12_storm_400_a300_c80_0014,1770.3680,1761.7968,,,246,1,1.7516,3.1464,D90,8.265,75.201,181,400
12,400,a300,atc,0.5,c12_storm_400_a300_c80_0014,1828.4064,1819.6712,1532.9984,1532.9984,257,1,1.7516,3.1464,D90,8.265,75.201,181,400
12,400,a300,edd,0.5,c12_storm_400_a300_c80_0014,1827.6568,1819.0856,,,257,1,1.7516,3.1464,D90,8.265,75.201,181,400
12,400,a300,atc,1.0,c12_storm_400_a300_c80_0014,1523.1456,1506.7852,1309.7744,1309.7744,206,1,1.7516,3.1464,D90,8.265,75.201,181,400
12,400,a300,edd,1.0,c12_storm_400_a300_c80_0014,1510.0796,1501.1420,,,206,1,1.7516,3.1464,D90,8.265,75.201,181,400
12,400,a300,atc,0.25,c12_storm_400_a300_c80_0015,966.0926,964.8470,979.7526,979.7526,250,1,1.5447,2.3428,D40,8.079,92.550,172,400
12,400,a300,edd,0.25,c12_storm_400_a300_c80_0015,967.9086,964.4550,,,250,1,1.5447,2.3428,D40,8.079,92.550,172,400
12,400,a300,atc,0.5,c12_storm_400_a300_c80_0015,838.8998,838.1918,916.1562,916.1562,251,1,1.5447,2.3428,D40,8.079,92.550,172,400
12,400,a300,edd,0.5,c12_storm_400_a300_c80_0015,840.7158,838.6926,,,251,1,1.5447,2.3428,D40,8.079,92.550,172,400
12,400,a300,atc,1.0,c12_storm_400_a300_c80_0015,915.4712,904.0088,910.5861,910.5861,190,1,1.5447,2.3428,D40,8.079,92.550,172,400
12,400,a300,edd,1.0,c12_storm_400_a300_c80_0015,915.2832,898.7268,,,190,1,1.5447,2.3428,D40,8.079,92.550,172,400
12,400,a300,atc,0.25,c12_storm_400_a300_c80_0016,1054.7912,1055.5184,645.2286,646.1598,249,1,1.5226,2.7464,E10,8.000,49.838,187,400
12,400,a300,edd,0.25,c12_storm_400_a300_c80_0016,1057.5784,1057.5784,,,249,1,1.5226,2.7464,E10,8.000,49.838,187,400
12,400,a300,atc,0.5,c12_storm_400_a300_c80_0016,991.2784,992.0056,645.2286,646.1598,253,1,1.5226,2.7464,E10,8.000,49.838,187,400
12,400,a300,edd,0.5,c12_storm_400_a300_c80_0016,994.0656,994.0656,,,253,1,1.5226,2.7464,E10,8.000,49.838,187,400
12,400,a300,atc,1.0,c12_storm_400_a300_c80_0016,734.1552,735.4392,573.6624,573.6624,188,1,1.5226,2.7464,E10,8.000,49.838,187,400
12,400,a300,edd,1.0,c12_storm_400_a300_c80_0016,738.1848,735.9864,,,188,1,1.5226,2.7464,E10,8.000,49.838,187,400
12,400,a300,atc,0.25,c12_storm_400_a300_c80_0017,821.4404,816.6892,882.8785,874.7169,256,1,1.6853,3.3225,C30,8.554,51.911,194,400
12,400,a300,edd,0.25,c12_storm_400_a300_c80_0017,817.1720,804.9580,,,256,1,1.6853,3.3225,C30,8.554,51.911,194,400
12,400,a300,atc,0.5,c12_storm_400_a300_c80_0017,932.4520,925.9312,931.1225,931.1225,240,1,1.6853,3.3225,C30,8.554,51.911,194,400
12,400,a300,edd,0.5,c12_storm_400_a300_c80_0017,928.1836,917.6768,,,240,1,1.6853,3.3225,C30,8.554,51.911,194,400
12,400,a300,atc,1.0,c12_storm_400_a300_c80_0017,834.2316,847.9268,839.7844,839.7844,190,1,1.6853,3.3225,C30,8.554,51.911,194,400
12,400,a300,edd,1.0,c12_storm_400_a300_c80_0017,834.2316,838.6156,,,190,1,1.6853,3.3225,C30,8.554,51.911,194,400
12,400,a300,atc,0.25,c12_storm_400_a300_c80_0018,1891.9156,1865.3652,1680.1642,1664.5746,260,1,1.8718,3.6584,B20,8.240,94.361,202,400
12,400,a300,edd,0.25,c12_storm_400_a300_c80_0018,1869.6380,1848.1388,,,260,1,1.8718,3.6584,B20,8.240,94.361,202,400
12,400,a300,atc,0.5,c12_storm_400_a300_c80_0018,1918.6604,1888.1820,1680.1642,1665.0122,248,1,1.8718,3.6584,B20,8.240,94.361,202,400
12,400,a300,edd,0.5,c12_storm_400_a300_c80_0018,1895.8604,1873.4228,,,248,1,1.8718,3.6584,B20,8.240,94.361,202,400
12,400,a300,atc,1.0,c12_storm_400_a300_c80_0018,2225.4828,2218.0508,1711.6936,1710.5420,181,1,1.8718,3.6584,B20,8.240,94.361,202,400
12,400,a300,edd,1.0,c12_storm_400_a300_c80_0018,2221.4364,2217.1012,,,181,1,1.8718,3.6584,B20,8.240,94.361,202,400
12,400,a300,atc,0.25,c12_storm_400_a300_c80_0019,1732.6432,1706.2824,1560.0488,1559.9338,252,1,1.8152,2.6045,UNK,8.321,96.437,188,400
12,400,a300,edd,0.25,c12_storm_400_a300_c80_0019,1718.3488,1707.4984,,,252,1,1.8152,2.6045,UNK,8.321,96.437,188,400
12,400,a300,atc,0.5,c12_storm_400_a300_c80_0019,1626.3140,1597.5260,1553.5394,1553.4244,245,1,1.8152,2.6045,UNK,8.321,96.437,188,400
12,400,a300,edd,0.5,c12_storm_400_a300_c80_0019,1612.0196,1599.1164,,,245,1,1.8152,2.6045,UNK,8.321,96.437,188,400
12,400,a300,atc,1.0,c12_storm_400_a300_c80_0019,1358.2360,1327.5796,1290.8234,1292.7410,182,1,1.8152,2.6045,UNK,8.321,96.437,188,400
12,400,a300,edd,1.0,c12_storm_400_a300_c80_0019,1338.8876,1328.7264,,,182,1,1.8152,2.6045,UNK,8.321,96.437,188,400
12,400,a300,atc,0.25,c12_storm_400_a300_c80_0020,1440.3752,1397.4768,1386.7716,1353.5930,241,1,1.8997,3.1731,D30,8.030,77.420,207,400
12,400,a300,edd,0.25,c12_storm_400_a300_c80_0020,1401.6168,1371.5160,,,241,1,1.8997,3.1731,D30,8.030,77.420,207,400
12,400,a300,atc,0.5,c12_storm_400_a300_c80_0020,1512.5180,1460.0804,1386.7716,1354.6042,243,1,1.8997,3.1731,D30,8.030,77.420,207,400
12,400,a300,edd,0.5,c12_storm_400_a300_c80_0020,1473.7596,1441.9220,,,243,1,1.8997,3.1731,D30,8.030,77.420,207,400
12,400,a300,atc,1.0,c12_storm_400_a300_c80_0020,1116.4832,1078.5688,1198.8368,1198.5996,183,1,1.8997,3.1731,D30,8.030,77.420,207,400
12,400,a300,edd,1.0,c12_storm_400_a300_c80_0020,1058.4808,1039.9880,,,183,1,1.8997,3.1731,D30,8.030,77.420,207,400
12,400,a300,atc,0.25,c12_storm_400_a300_c80_0021,862.1532,819.4376,819.5089,816.3077,250,1,1.9204,4.9835,B30,8.065,94.417,191,400
12,400,a300,edd,0.25,c12_storm_400_a300_c80_0021,853.5380,817.4724,,,250,1,1.9204,4.9835,B30,8.065,94.417,191,400
12,400,a300,atc,0.5,c12_storm_400_a300_c80_0021,890.4760,885.0424,832.2183,831.5067,244,1,1.9204,4.9835,B30,8.065,94.417,191,400
12,400,a300,edd,0.5,c12_storm_400_a300_c80_0021,886.5632,883.2408,,,244,1,1.9204,4.9835,B30,8.065,94.417,191,400
12,400,a300,atc,1.0,c12_storm_400_a300_c80_0021,898.9870,897.0902,847.0992,847.0992,182,1,1.9204,4.9835,B30,8.065,94.417,191,400
12,400,a300,edd,1.0,c12_storm_400_a300_c80_0021,894.3182,895.8390,,,182,1,1.9204,4.9835,B30,8.065,94.417,191,400
12,400,a300,atc,0.25,c12_storm_400_a300_c80_0022,749.3908,713.4060,702.0216,700.5580,243,1,1.6972,2.7708,D40,8.482,93.380,191,400
12,400,a300,edd,0.25,c12_storm_400_a300_c80_0022,731.4196,698.4644,,,243,1,1.6972,2.7708,D40,8.482,93.380,191,400
12,400,a300,atc,0.5,c12_storm_400_a300_c80_0022,933.9900,898.0052,702.0216,700.5580,238,1,1.6972,2.7708,D40,8.482,93.380,191,400
12,400,a300,edd,0.5,c12_storm_400_a300_c80_0022,916.0188,883.0636,,,238,1,1.6972,2.7708,D40,8.482,93.380,191,400
12,400,a300,atc,1.0,c12_storm_400_a300_c80_0022,1206.0632,1199.2144,907.6024,907.6024,181,1,1.6972,2.7708,D40,8.482,93.380,191,400
12,400,a300,edd,1.0,c12_storm_400_a300_c80_0022,1190.3040,1188.9312,,,181,1,1.6972,2.7708,D40,8.482,93.380,191,400
12,400,a300,atc,0.25,c12_storm_400_a300_c80_0023,2369.4668,2377.3996,2011.8980,2010.6268,241,1,2.1097,3.7006,D30,8.011,92.985,208,400
12,400,a300,edd,0.25,c12_storm_400_a300_c80_0023,2348.6092,2345.5004,,,241,1,2.1097,3.7006,D30,8.011,92.985,208,400
12,400,a300,atc,0.5,c12_storm_400_a300_c80_0023,1965.5958,1975.3582,1883.1358,1887.1970,240,1,2.1097,3.7006,D30,8.011,92.985,208,400
12,400,a300,edd,0.5,c12_storm_400_a300_c80_0023,1945.1394,1944.0814,,,240,1,2.1097,3.7006,D30,8.011,92.985,208,400
12,400,a300,atc,1.0,c12_storm_400_a300_c80_0023,1371.5954,1373.3848,1302.7678,1315.5998,199,1,2.1097,3.7006,D30,8.011,92.985,208,400
12,400,a300,edd,1.0,c12_storm_400_a300_c80_0023,1361.9810,1366.7794,,,199,1,2.1097,3.7006,D30,8.011,92.985,208,400
12,400,a300,atc,0.25,c12_storm_400_a300_c80_0024,804.8092,803.4148,580.8730,580.8730,232,1,1.7269,2.1562,E10,8.000,97.903,170,400
12,400,a300,edd,0.25,c12_storm_400_a300_c80_0024,802.5604,800.9076,,,232,1,1.7269,2.1562,E10,8.000,97.903,170,400
12,400,a300,atc,0.5,c12_storm_400_a300_c80_0024,905.6196,876.4076,580.8730,580.8730,238,1,1.7269,2.1562,E10,8.000,97.903,170,400
12,400,a300,edd,0.5,c12_storm_400_a300_c80_0024,897.3904,870.4192,,,238,1,1.7269,2.1562,E10,8.000,97.903,170,400
12,400,a300,atc,1.0,c12_storm_400_a300_c80_0024,1085.9958,1064.3262,509.9048,509.9048,198,1,1.7269,2.1562,E10,8.000,97.903,170,400
12,400,a300,edd,1.0,c12_storm_400_a300_c80_0024,1077.0318,1042.9918,,,198,1,1.7269,2.1562,E10,8.000,97.903,170,400
12,400,a300,atc,0.25,c12_storm_400_a300_c80_0025,1105.6800,1105.6800,1121.9056,1121.9056,249,1,1.5385,2.1988,E10,8.133,97.600,167,400
12,400,a300,edd,0.25,c12_storm_400_a300_c80_0025,1105.6800,1105.6800,,,249,1,1.5385,2.1988,E10,8.133,97.600,167,400
12,400,a300,atc,0.5,c12_storm_400_a300_c80_0025,1192.3152,1192.3152,1121.9056,1121.9056,243,1,1.5385,2.1988,E10,8.133,97.600,167,400
12,400,a300,edd,0.5,c12_storm_400_a300_c80_0025,1192.3152,1192.3152,,,243,1,1.5385,2.1988,E10,8.133,97.600,167,400
12,400,a300,atc,1.0,c12_storm_400_a300_c80_0025,1306.1880,1306.1880,1064.6656,1064.6656,182,1,1.5385,2.1988,E10,8.133,97.600,167,400
12,400,a300,edd,1.0,c12_storm_400_a300_c80_0025,1306.1880,1306.1880,,,182,1,1.5385,2.1988,E10,8.133,97.600,167,400
12,400,a300,atc,0.25,c12_storm_400_a300_c80_0026,1215.2350,1203.8310,1035.2086,1035.3542,254,1,1.7489,2.6243,B20,8.000,94.952,184,400
12,400,a300,edd,0.25,c12_storm_400_a300_c80_0026,1219.2758,1203.1610,,,254,1,1.7489,2.6243,B20,8.000,94.952,184,400
12,400,a300,atc,0.5,c12_storm_400_a300_c80_0026,1240.4952,1225.6080,1029.6103,1029.6103,257,1,1.7489,2.6243,B20,8.000,94.952,184,400
12,400,a300,edd,0.5,c12_storm_400_a300_c80_0026,1244.5360,1227.2676,,,257,1,1.7489,2.6243,B20,8.000,94.952,184,400
12,400,a300,atc,1.0,c12_storm_400_a300_c80_0026,848.6364,831.4732,741.6153,743.0229,183,1,1.7489,2.6243,B20,8.000,94.952,184,400
12,400,a300,edd,1.0,c12_storm_400_a300_c80_0026,847.2964,828.5996,,,183,1,1.7489,2.6243,B20,8.000,94.952,184,400
12,400,a300,atc,0.25,c12_storm_400_a300_c80_0027,1423.2534,1368.2578,1064.4012,1065.2224,260,1,1.8502,2.8093,D30,8.000,98.109,203,400
12,400,a300,edd,0.25,c12_storm_400_a300_c80_0027,1414.2650,1367.8314,,,260,1,1.8502,2.8093,D30,8.000,98.109,203,400
12,400,a300,atc,0.5,c12_storm_400_a300_c80_0027,1259.6100,1186.0428,975.1346,963.2162,260,1,1.8502,2.8093,D30,8.000,98.109,203,400
12,400,a300,edd,0.5,c12_storm_400_a300_c80_0027,1239.6300,1180.0380,,,260,1,1.8502,2.8093,D30,8.000,98.109,203,400
12,400,a300,atc,1.0,c12_storm_400_a300_c80_0027,1426.0616,1307.6568,1000.7378,988.7512,190,1,1.8502,2.8093,D30,8.000,98.109,203,400
12,400,a300,edd,1.0,c12_storm_400_a300_c80_0027,1392.5232,1304.1264,,,190,1,1.8502,2.8093,D30,8.000,98.109,203,400
12,400,a300,atc,0.25,c12_storm_400_a300_c80_0028,975.2004,975.2004,673.7976,673.7976,225,1,1.5569,2.3588,D90,8.597,99.308,164,400
12,400,a300,edd,0.25,c12_storm_400_a300_c80_0028,975.2004,975.2004,,,225,1,1.5569,2.3588,D90,8.597,99.308,164,400
12,400,a300,atc,0.5,c12_storm_400_a300_c80_0028,762.5208,762.5208,525.1180,525.1180,224,1,1.5569,2.3588,D90,8.597,99.308,164,400
12,400,a300,edd,0.5,c12_storm_400_a300_c80_0028,762.5208,762.5208,,,224,1,1.5569,2.3588,D90,8.597,99.308,164,400
12,400,a300,atc,1.0,c12_storm_400_a300_c80_0028,1371.5436,1370.0972,646.1381,646.1381,165,1,1.5569,2.3588,D90,8.597,99.308,164,400
12,400,a300,edd,1.0,c12_storm_400_a300_c80_0028,1371.2244,1370.0972,,,165,1,1.5569,2.3588,D90,8.597,99.308,164,400
12,400,a300,atc,0.25,c12_storm_400_a300_c80_0029,760.9592,761.3660,465.6694,466.0762,234,1,1.7113,2.4622,D40,8.154,83.455,192,400
12,400,a300,edd,0.25,c12_storm_400_a300_c80_0029,761.1848,759.5724,,,234,1,1.7113,2.4622,D40,8.154,83.455,192,400
12,400,a300,atc,0.5,c12_storm_400_a300_c80_0029,788.5696,788.9764,479.4746,479.8814,232,1,1.7113,2.4622,D40,8.154,83.455,192,400
12,400,a300,edd,0.5,c12_storm_400_a300_c80_0029,788.7952,787.1828,,,232,1,1.7113,2.4622,D40,8.154,83.455,192,400
12,400,a300,atc,1.0,c12_storm_400_a300_c80_0029,834.7640,828.3300,465.6090,466.0158,181,1,1.7113,2.4622,D40,8.154,83.455,192,400
12,400,a300,edd,1.0,c12_storm_400_a300_c80_0029,838.9400,826.5364,,,181,1,1.7113,2.4622,D40,8.154,83.455,192,400
5,150,a125,atc,0.25,c05_storm_150_a125_c80_0000,13.8240,13.8240,0.0000,0.0000,96,1,0.3496,0.9978,C10,11.821,31.155,35,150
5,150,a125,edd,0.25,c05_storm_150_a125_c80_0000,13.8240,13.8240,,,96,1,0.3496,0.9978,C10,11.821,31.155,35,150
5,150,a125,atc,0.5,c05_storm_150_a125_c80_0000,13.8240,13.8240,0.0000,0.0000,89,1,0.3496,0.9978,C10,11.821,31.155,35,150
5,150,a125,edd,0.5,c05_storm_150_a125_c80_0000,13.8240,13.8240,,,89,1,0.3496,0.9978,C10,11.821,31.155,35,150
5,150,a125,atc,1.0,c05_storm_150_a125_c80_0000,184.3336,184.3336,0.0000,0.0000,69,1,0.3496,0.9978,C10,11.821,31.155,35,150
5,150,a125,edd,1.0,c05_storm_150_a125_c80_0000,184.3336,184.3336,,,69,1,0.3496,0.9978,C10,11.821,31.155,35,150
5,150,a125,atc,0.25,c05_storm_150_a125_c80_0001,15.7744,15.7744,0.0000,0.0000,90,1,0.3374,1.2314,C30,12.156,28.908,31,150
5,150,a125,edd,0.25,c05_storm_150_a125_c80_0001,15.7744,15.7744,,,90,1,0.3374,1.2314,C30,12.156,28.908,31,150
5,150,a125,atc,0.5,c05_storm_150_a125_c80_0001,15.7744,15.7744,0.0000,0.0000,91,1,0.3374,1.2314,C30,12.156,28.908,31,150
5,150,a125,edd,0.5,c05_storm_150_a125_c80_0001,15.7744,15.7744,,,91,1,0.3374,1.2314,C30,12.156,28.908,31,150
5,150,a125,atc,1.0,c05_storm_150_a125_c80_0001,15.7744,15.7744,0.0000,0.0000,83,1,0.3374,1.2314,C30,12.156,28.908,31,150
5,150,a125,edd,1.0,c05_storm_150_a125_c80_0001,15.7744,15.7744,,,83,1,0.3374,1.2314,C30,12.156,28.908,31,150
5,150,a125,atc,0.25,c05_storm_150_a125_c80_0002,0.0000,0.0000,0.0000,0.0000,96,1,0.3811,0.8087,C10,11.117,31.014,26,150
5,150,a125,edd,0.25,c05_storm_150_a125_c80_0002,0.0000,0.0000,,,96,1,0.3811,0.8087,C10,11.117,31.014,26,150
5,150,a125,atc,0.5,c05_storm_150_a125_c80_0002,0.0000,0.0000,0.0000,0.0000,93,1,0.3811,0.8087,C10,11.117,31.014,26,150
5,150,a125,edd,0.5,c05_storm_150_a125_c80_0002,0.0000,0.0000,,,93,1,0.3811,0.8087,C10,11.117,31.014,26,150
5,150,a125,atc,1.0,c05_storm_150_a125_c80_0002,37.7264,37.7264,0.0000,0.0000,73,1,0.3811,0.8087,C10,11.117,31.014,26,150
5,150,a125,edd,1.0,c05_storm_150_a125_c80_0002,37.7264,37.7264,,,73,1,0.3811,0.8087,C10,11.117,31.014,26,150
5,150,a125,atc,0.25,c05_storm_150_a125_c80_0003,0.0000,0.0000,0.0000,0.0000,95,1,0.3704,0.5765,C10,11.711,28.540,29,150
5,150,a125,edd,0.25,c05_storm_150_a125_c80_0003,0.0000,0.0000,,,95,1,0.3704,0.5765,C10,11.711,28.540,29,150
5,150,a125,atc,0.5,c05_storm_150_a125_c80_0003,0.6240,0.6240,0.0000,0.0000,88,1,0.3704,0.5765,C10,11.711,28.540,29,150
5,150,a125,edd,0.5,c05_storm_150_a125_c80_0003,0.6240,0.6240,,,88,1,0.3704,0.5765,C10,11.711,28.540,29,150
5,150,a125,atc,1.0,c05_storm_150_a125_c80_0003,27.1528,27.1528,0.0000,0.0000,63,1,0.3704,0.5765,C10,11.711,28.540,29,150
5,150,a125,edd,1.0,c05_storm_150_a125_c80_0003,27.1528,27.1528,,,63,1,0.3704,0.5765,C10,11.711,28.540,29,150
5,150,a125,atc,0.25,c05_storm_150_a125_c80_0004,33.3952,33.3952,0.0000,0.0000,81,1,0.4170,1.1351,B20,11.688,37.198,29,150
5,150,a125,edd,0.25,c05_storm_150_a125_c80_0004,33.3952,33.3952,,,81,1,0.4170,1.1351,B20,11.688,37.198,29,150
5,150,a125,atc,0.5,c05_storm_150_a125_c80_0004,33.3952,33.3952,0.0000,0.0000,79,1,0.4170,1.1351,B20,11.688,37.198,29,150
5,150,a125,edd,0.5,c05_storm_150_a125_c80_0004,33.3952,33.3952,,,79,1,0.4170,1.1351,B20,11.688,37.198,29,150
5,150,a125,atc,1.0,c05_storm_150_a125_c80_0004,0.0000,0.0000,0.0000,0.0000,68,1,0.4170,1.1351,B20,11.688,37.198,29,150
5,150,a125,edd,1.0,c05_storm_150_a125_c80_0004,0.0000,0.0000,,,68,1,0.4170,1.1351,B20,11.688,37.198,29,150
5,150,a125,atc,0.25,c05_storm_150_a125_c80_0005,60.5544,60.5544,0.0000,0.0000,100,1,0.3771,0.5928,C30,11.876,43.976,32,150
5,150,a125,edd,0.25,c05_storm_150_a125_c80_0005,60.5544,60.5544,,,100,1,0.3771,0.5928,C30,11.876,43.976,32,150
5,150,a125,atc,0.5,c05_storm_150_a125_c80_0005,96.0304,96.0304,0.0000,0.0000,90,1,0.3771,0.5928,C30,11.876,43.976,32,150
5,150,a125,edd,0.5,c05_storm_150_a125_c80_0005,96.0304,96.0304,,,90,1,0.3771,0.5928,C30,11.876,43.976,32,150
5,150,a125,atc,1.0,c05_storm_150_a125_c80_0005,68.7368,68.7368,0.0000,0.0000,63,1,0.3771,0.5928,C30,11.876,43.976,32,150
5,150,a125,edd,1.0,c05_storm_150_a125_c80_0005,68.7368,68.7368,,,63,1,0.3771,0.5928,C30,11.876,43.976,32,150
5,150,a125,atc,0.25,c05_storm_150_a125_c80_0006,0.0000,0.0000,0.0000,0.0000,91,1,0.4059,1.0769,C30,10.774,39.053,33,150
5,150,a125,edd,0.25,c05_storm_150_a125_c80_0006,0.0000,0.0000,,,91,1,0.4059,1.0769,C30,10.774,39.053,33,150
5,150,a125,atc,0.5,c05_storm_150_a125_c80_0006,0.0000,0.0000,0.0000,0.0000,89,1,0.4059,1.0769,C30,10.774,39.053,33,150
5,150,a125,edd,0.5,c05_storm_150_a125_c80_0006,0.0000,0.0000,,,89,1,0.4059,1.0769,C30,10.774,39.053,33,150
5,150,a125,atc,1.0,c05_storm_150_a125_c80_0006,105.6252,105.6252,0.0000,0.0000,66,1,0.4059,1.0769,C30,10.774,39.053,33,150
5,150,a125,edd,1.0,c05_storm_150_a125_c80_0006,105.6252,105.6252,,,66,1,0.4059,1.0769,C30,10.774,39.053,33,150
5,150,a125,atc,0.25,c05_storm_150_a125_c80_0007,0.0000,0.0000,0.0000,0.0000,88,1,0.5302,1.0054,C10,9.690,65.238,37,150
5,150,a125,edd,0.25,c05_storm_150_a125_c80_0007,0.0000,0.0000,,,88,1,0.5302,1.0054,C10,9.690,65.238,37,150
5,150,a125,atc,0.5,c05_storm_150_a125_c80_0007,7.2728,7.2728,0.0000,0.0000,94,1,0.5302,1.0054,C10,9.690,65.238,37,150
5,150,a125,edd,0.5,c05_storm_150_a125_c80_0007,7.2728,7.2728,,,94,1,0.5302,1.0054,C10,9.690,65.238,37,150
5,150,a125,atc,1.0,c05_storm_150_a125_c80_0007,7.2728,7.2728,0.0000,0.0000,74,1,0.5302,1.0054,C10,9.690,65.238,37,150
5,150,a125,edd,1.0,c05_storm_150_a125_c80_0007,7.2728,7.2728,,,74,1,0.5302,1.0054,C10,9.690,65.238,37,150
5,150,a125,atc,0.25,c05_storm_150_a125_c80_0008,0.0000,0.0000,0.0000,0.0000,105,1,0.4205,0.7684,C10,11.903,34.597,34,150
5,150,a125,edd,0.25,c05_storm_150_a125_c80_0008,0.0000,0.0000,,,105,1,0.4205,0.7684,C10,11.903,34.597,34,150
5,150,a125,atc,0.5,c05_storm_150_a125_c80_0008,0.0000,0.0000,0.0000,0.0000,103,1,0.4205,0.7684,C10,11.903,34.597,34,150
5,150,a125,edd,0.5,c05_storm_150_a125_c80_0008,0.0000,0.0000,,,103,1,0.4205,0.7684,C10,11.903,34.597,34,150
5,150,a125,atc,1.0,c05_storm_150_a125_c80_0008,0.0000,0.0000,0.0000,0.0000,82,1,0.4205,0.7684,C10,11.903,34.597,34,150
5,150,a125,edd,1.0,c05_storm_150_a125_c80_0008,0.0000,0.0000,,,82,1,0.4205,0.7684,C10,11.903,34.597,34,150
5,150,a125,atc,0.25,c05_storm_150_a125_c80_0009,61.8732,61.8732,0.0000,0.0000,94,1,0.3811,1.2575,C30,10.835,36.713,34,150
5,150,a125,edd,0.25,c05_storm_150_a125_c80_0009,61.8732,61.8732,,,94,1,0.3811,1.2575,C30,10.835,36.713,34,150
5,150,a125,atc,0.5,c05_storm_150_a125_c80_0009,30.2492,30.2492,0.0000,0.0000,94,1,0.3811,1.2575,C30,10.835,36.713,34,150
5,150,a125,edd,0.5,c05_storm_150_a125_c80_0009,30.2492,30.2492,,,94,1,0.3811,1.2575,C30,10.835,36.713,34,150
5,150,a125,atc,1.0,c05_storm_150_a125_c80_0009,30.2492,30.2492,0.0000,0.0000,68,1,0.3811,1.2575,C30,10.835,36.713,34,150
5,150,a125,edd,1.0,c05_storm_150_a125_c80_0009,30.2492,30.2492,,,68,1,0.3811,1.2575,C30,10.835,36.713,34,150
5,150,a125,atc,0.25,c05_storm_150_a125_c80_0010,0.0000,0.0000,0.0000,0.0000,93,1,0.3281,0.8441,C30,13.266,27.267,32,150
5,150,a125,edd,0.25,c05_storm_150_a125_c80_0010,0.0000,0.0000,,,93,1,0.3281,0.8441,C30,13.266,27.267,32,150
5,150,a125,atc,0.5,c05_storm_150_a125_c80_0010,0.0000,0.0000,0.0000,0.0000,90,1,0.3281,0.8441,C30,13.266,27.267,32,150
5,150,a125,edd,0.5,c05_storm_150_a125_c80_0010,0.0000,0.0000,,,90,1,0.3281,0.8441,C30,13.266,27.267,32,150
5,150,a125,atc,1.0,c05_storm_150_a125_c80_0010,0.0000,0.0000,0.0000,0.0000,69,1,0.3281,0.8441,C30,13.266,27.267,32,150
5,150,a125,edd,1.0,c05_storm_150_a125_c80_0010,0.0000,0.0000,,,69,1,0.3281,0.8441,C30,13.266,27.267,32,150
5,150,a125,atc,0.25,c05_storm_150_a125_c80_0011,0.0000,0.0000,0.0000,0.0000,101,1,0.4715,1.5070,C10,10.611,52.603,34,150
5,150,a125,edd,0.25,c05_storm_150_a125_c80_0011,0.0000,0.0000,,,101,1,0.4715,1.5070,C10,10.611,52.603,34,150
5,150,a125,atc,0.5,c05_storm_150_a125_c80_0011,42.4800,42.4800,0.0000,0.0000,99,1,0.4715,1.5070,C10,10.611,52.603,34,150
5,150,a125,edd,0.5,c05_storm_150_a125_c80_0011,42.4800,42.4800,,,99,1,0.4715,1.5070,C10,10.611,52.603,34,150
5,150,a125,atc,1.0,c05_storm_150_a125_c80_0011,172.8680,172.8680,0.0000,0.0000,74,1,0.4715,1.5070,C10,10.611,52.603,34,150
5,150,a125,edd,1.0,c05_storm_150_a125_c80_0011,172.8680,172.8680,,,74,1,0.4715,1.5070,C10,10.611,52.603,34,150
5,150,a125,atc,0.25,c05_storm_150_a125_c80_0012,0.0000,0.0000,0.0000,0.0000,81,1,0.4120,0.9734,E20,10.725,37.161,35,150
5,150,a125,edd,0.25,c05_storm_150_a125_c80_0012,0.0000,0.0000,,,81,1,0.4120,0.9734,E20,10.725,37.161,35,150
5,150,a125,atc,0.5,c05_storm_150_a125_c80_0012,3.2268,3.2268,0.0000,0.0000,77,1,0.4120,0.9734,E20,10.725,37.161,35,150
5,150,a125,edd,0.5,c05_storm_150_a125_c80_0012,3.2268,3.2268,,,77,1,0.4120,0.9734,E20,10.725,37.161,35,150
5,150,a125,atc,1.0,c05_storm_150_a125_c80_0012,127.5980,127.5980,0.0000,0.0000,60,1,0.4120,0.9734,E20,10.725,37.161,35,150
5,150,a125,edd,1.0,c05_storm_150_a125_c80_0012,127.5980,127.5980,,,60,1,0.4120,0.9734,E20,10.725,37.161,35,150
5,150,a125,atc,0.25,c05_storm_150_a125_c80_0013,20.9920,20.9920,0.0000,0.0000,86,1,0.3859,0.8089,B20,11.275,29.306,36,150
5,150,a125,edd,0.25,c05_storm_150_a125_c80_0013,20.9920,20.9920,,,86,1,0.3859,0.8089,B20,11.275,29.306,36,150
5,150,a125,atc,0.5,c05_storm_150_a125_c80_0013,20.9920,20.9920,0.0000,0.0000,83,1,0.3859,0.8089,B20,11.275,29.306,36,150
5,150,a125,edd,0.5,c05_storm_150_a125_c80_0013,20.9920,20.9920,,,83,1,0.3859,0.8089,B20,11.275,29.306,36,150
5,150,a125,atc,1.0,c05_storm_150_a125_c80_0013,0.0000,0.0000,0.0000,0.0000,76,1,0.3859,0.8089,B20,11.275,29.306,36,150
5,150,a125,edd,1.0,c05_storm_150_a125_c80_0013,0.0000,0.0000,,,76,1,0.3859,0.8089,B20,11.275,29.306,36,150
5,150,a125,atc,0.25,c05_storm_150_a125_c80_0014,0.0000,0.0000,0.0000,0.0000,96,1,0.3023,0.8460,C10,12.138,21.418,33,150
5,150,a125,edd,0.25,c05_storm_150_a125_c80_0014,0.0000,0.0000,,,96,1,0.3023,0.8460,C10,12.138,21.418,33,150
5,150,a125,atc,0.5,c05_storm_150_a125_c80_0014,0.0000,0.0000,0.0000,0.0000,94,1,0.3023,0.8460,C10,12.138,21.418,33,150
5,150,a125,edd,0.5,c05_storm_150_a125_c80_0014,0.0000,0.0000,,,94,1,0.3023,0.8460,C10,12.138,21.418,33,150
5,150,a125,atc,1.0,c05_storm_150_a125_c80_0014,7.5016,7.5016,0.0000,0.0000,78,1,0.3023,0.8460,C10,12.138,21.418,33,150
5,150,a125,edd,1.0,c05_storm_150_a125_c80_0014,7.5016,7.5016,,,78,1,0.3023,0.8460,C10,12.138,21.418,33,150
5,150,a125,atc,0.25,c05_storm_150_a125_c80_0015,0.0000,0.0000,0.0000,0.0000,96,1,0.4121,0.9500,D40,11.039,41.167,36,150
5,150,a125,edd,0.25,c05_storm_150_a125_c80_0015,0.0000,0.0000,,,96,1,0.4121,0.9500,D40,11.039,41.167,36,150
5,150,a125,atc,0.5,c05_storm_150_a125_c80_0015,0.0000,0.0000,0.0000,0.0000,97,1,0.4121,0.9500,D40,11.039,41.167,36,150
5,150,a125,edd,0.5,c05_storm_150_a125_c80_0015,0.0000,0.0000,,,97,1,0.4121,0.9500,D40,11.039,41.167,36,150
5,150,a125,atc,1.0,c05_storm_150_a125_c80_0015,0.0000,0.0000,0.0000,0.0000,68,1,0.4121,0.9500,D40,11.039,41.167,36,150
5,150,a125,edd,1.0,c05_storm_150_a125_c80_0015,0.0000,0.0000,,,68,1,0.4121,0.9500,D40,11.039,41.167,36,150
5,150,a125,atc,0.25,c05_storm_150_a125_c80_0016,0.0000,0.0000,0.0000,0.0000,90,1,0.3621,0.8228,B30,12.346,31.035,29,150
5,150,a125,edd,0.25,c05_storm_150_a125_c80_0016,0.0000,0.0000,,,90,1,0.3621,0.8228,B30,12.346,31.035,29,150
5,150,a125,atc,0.5,c05_storm_150_a125_c80_0016,0.0000,0.0000,0.0000,0.0000,97,1,0.3621,0.8228,B30,12.346,31.035,29,150
5,150,a125,edd,0.5,c05_storm_150_a125_c80_0016,0.0000,0.0000,,,97,1,0.3621,0.8228,B30,12.346,31.035,29,150
5,150,a125,atc,1.0,c05_storm_150_a125_c80_0016,0.0000,0.0000,0.0000,0.0000,66,1,0.3621,0.8228,B30,12.346,31.035,29,150
5,150,a125,edd,1.0,c05_storm_150_a125_c80_0016,0.0000,0.0000,,,66,1,0.3621,0.8228,B30,12.346,31.035,29,150
5,150,a125,atc,0.25,c05_storm_150_a125_c80_0017,2.7336,2.7336,0.0000,0.0000,96,1,0.3426,0.8310,B30,11.827,35.736,28,150
5,150,a125,edd,0.25,c05_storm_150_a125_c80_0017,2.7336,2.7336,,,96,1,0.3426,0.8310,B30,11.827,35.736,28,150
5,150,a125,atc,0.5,c05_storm_150_a125_c80_0017,0.0000,0.0000,0.0000,0.0000,97,1,0.3426,0.8310,B30,11.827,35.736,28,150
5,150,a125,edd,0.5,c05_storm_150_a125_c80_0017,0.0000,0.0000,,,97,1,0.3426,0.8310,B30,11.827,35.736,28,150
5,150,a125,atc,1.0,c05_storm_150_a125_c80_0017,30.3792,30.3792,0.0000,0.0000,80,1,0.3426,0.8310,B30,11.827,35.736,28,150
5,150,a125,edd,1.0,c05_storm_150_a125_c80_0017,30.3792,30.3792,,,80,1,0.3426,0.8310,B30,11.827,35.736,28,150
5,150,a125,atc,0.25,c05_storm_150_a125_c80_0018,61.1032,61.1032,0.0000,0.0000,87,1,0.3124,0.6932,E10,11.965,23.264,28,150
5,150,a125,edd,0.25,c05_storm_150_a125_c80_0018,61.1032,61.1032,,,87,1,0.3124,0.6932,E10,11.965,23.264,28,150
5,150,a125,atc,0.5,c05_storm_150_a125_c80_0018,0.0000,0.0000,0.0000,0.0000,89,1,0.3124,0.6932,E10,11.965,23.264,28,150
5,150,a125,edd,0.5,c05_storm_150_a125_c80_0018,0.0000,0.0000,,,89,1,0.3124,0.6932,E10,11.965,23.264,28,150
5,150,a125,atc,1.0,c05_storm_150_a125_c80_0018,0.0000,0.0000,0.0000,0.0000,71,1,0.3124,0.6932,E10,11.965,23.264,28,150
5,150,a125,edd,1.0,c05_storm_150_a125_c80_0018,0.0000,0.0000,,,71,1,0.3124,0.6932,E10,11.965,23.264,28,150
5,150,a125,atc,0.25,c05_storm_150_a125_c80_0019,0.0000,0.0000,0.0000,0.0000,92,1,0.3026,0.4246,C10,12.855,32.023,29,150
5,150,a125,edd,0.25,c05_storm_150_a125_c80_0019,0.0000,0.0000,,,92,1,0.3026,0.4246,C10,12.855,32.023,29,150
5,150,a125,atc,0.5,c05_storm_150_a125_c80_0019,0.0000,0.0000,0.0000,0.0000,92,1,0.3026,0.4246,C10,12.855,32.023,29,150
5,150,a125,edd,0.5,c05_storm_150_a125_c80_0019,0.0000,0.0000,,,92,1,0.3026,0.4246,C10,12.855,32.023,29,150
5,150,a125,atc,1.0,c05_storm_150_a125_c80_0019,0.0000,0.0000,0.0000,0.0000,79,1,0.3026,0.4246,C10,12.855,32.023,29,150
5,150,a125,edd,1.0,c05_storm_150_a125_c80_0019,0.0000,0.0000,,,79,1,0.3026,0.4246,C10,12.855,32.023,29,150
5,150,a125,atc,0.25,c05_storm_150_a125_c80_0020,136.0000,136.0000,0.0000,0.0000,100,1,0.4496,0.9986,B20,11.670,66.440,38,150
5,150,a125,edd,0.25,c05_storm_150_a125_c80_0020,136.0000,136.0000,,,100,1,0.4496,0.9986,B20,11.670,66.440,38,150
5,150,a125,atc,0.5,c05_storm_150_a125_c80_0020,0.0000,0.0000,0.0000,0.0000,90,1,0.4496,0.9986,B20,11.670,66.440,38,150
5,150,a125,edd,0.5,c05_storm_150_a125_c80_0020,0.0000,0.0000,,,90,1,0.4496,0.9986,B20,11.670,66.440,38,150
5,150,a125,atc,1.0,c05_storm_150_a125_c80_0020,0.0000,0.0000,0.0000,0.0000,72,1,0.4496,0.9986,B20,11.670,66.440,38,150
5,150,a125,edd,1.0,c05_storm_150_a125_c80_0020,0.0000,0.0000,,,72,1,0.4496,0.9986,B20,11.670,66.440,38,150
5,150,a125,atc,0.25,c05_storm_150_a125_c80_0021,0.0000,0.0000,0.0000,0.0000,97,1,0.3497,0.9552,D50,12.160,34.154,33,150
5,150,a125,edd,0.25,c05_storm_150_a125_c80_0021,0.0000,0.0000,,,97,1,0.3497,0.9552,D50,12.160,34.154,33,150
5,150,a125,atc,0.5,c05_storm_150_a125_c80_0021,0.0000,0.0000,0.0000,0.0000,98,1,0.3497,0.9552,D50,12.160,34.154,33,150
5,150,a125,edd,0.5,c05_storm_150_a125_c80_0021,0.0000,0.0000,,,98,1,0.3497,0.9552,D50,12.160,34.154,33,150
5,150,a125,atc,1.0,c05_storm_150_a125_c80_0021,0.0000,0.0000,0.0000,0.0000,79,1,0.3497,0.9552,D50,12.160,34.154,33,150
5,150,a125,edd,1.0,c05_storm_150_a125_c80_0021,0.0000,0.0000,,,79,1,0.3497,0.9552,D50,12.160,34.154,33,150
5,150,a125,atc,0.25,c05_storm_150_a125_c80_0022,0.0000,0.0000,0.0000,0.0000,95,1,0.4382,0.9094,B30,10.535,31.266,40,150
5,150,a125,edd,0.25,c05_storm_150_a125_c80_0022,0.0000,0.0000,,,95,1,0.4382,0.9094,B30,10.535,31.266,40,150
5,150,a125,atc,0.5,c05_storm_150_a125_c80_0022,0.0000,0.0000,0.0000,0.0000,90,1,0.4382,0.9094,B30,10.535,31.266,40,150
5,150,a125,edd,0.5,c05_storm_150_a125_c80_0022,0.0000,0.0000,,,90,1,0.4382,0.9094,B30,10.535,31.266,40,150
5,150,a125,atc,1.0,c05_storm_150_a125_c80_0022,48.6976,48.6976,0.0000,0.0000,70,1,0.4382,0.9094,B30,10.535,31.266,40,150
5,150,a125,edd,1.0,c05_storm_150_a125_c80_0022,48.6976,48.6976,,,70,1,0.4382,0.9094,B30,10.535,31.266,40,150
5,150,a125,atc,0.25,c05_storm_150_a125_c80_0023,0.0000,0.0000,0.0000,0.0000,88,1,0.3251,0.5208,B30,12.974,58.297,38,150
5,150,a125,edd,0.25,c05_storm_150_a125_c80_0023,0.0000,0.0000,,,88,1,0.3251,0.5208,B30,12.974,58.297,38,150
5,150,a125,atc,0.5,c05_storm_150_a125_c80_0023,0.0000,0.0000,0.0000,0.0000,92,1,0.3251,0.5208,B30,12.974,58.297,38,150
5,150,a125,edd,0.5,c05_storm_150_a125_c80_0023,0.0000,0.0000,,,92,1,0.3251,0.5208,B30,12.974,58.297,38,150
5,150,a125,atc,1.0,c05_storm_150_a125_c80_0023,18.0264,18.0264,0.0000,0.0000,72,1,0.3251,0.5208,B30,12.974,58.297,38,150
5,150,a125,edd,1.0,c05_storm_150_a125_c80_0023,18.0264,18.0264,,,72,1,0.3251,0.5208,B30,12.974,58.297,38,150
5,150,a125,atc,0.25,c05_storm_150_a125_c80_0024,0.0000,0.0000,0.0000,0.0000,87,1,0.3439,0.9727,C10,11.751,34.997,26,150
5,150,a125,edd,0.25,c05_storm_150_a125_c80_0024,0.0000,0.0000,,,87,1,0.3439,0.9727,C10,11.751,34.997,26,150
5,150,a125,atc,0.5,c05_storm_150_a125_c80_0024,0.0000,0.0000,0.0000,0.0000,92,1,0.3439,0.9727,C10,11.751,34.997,26,150
5,150,a125,edd,0.5,c05_storm_150_a125_c80_0024,0.0000,0.0000,,,92,1,0.3439,0.9727,C10,11.751,34.997,26,150
5,150,a125,atc,1.0,c05_storm_150_a125_c80_0024,8.0560,8.0560,0.0000,0.0000,77,1,0.3439,0.9727,C10,11.751,34.997,26,150
5,150,a125,edd,1.0,c05_storm_150_a125_c80_0024,8.0560,8.0560,,,77,1,0.3439,0.9727,C10,11.751,34.997,26,150
5,150,a125,atc,0.25,c05_storm_150_a125_c80_0025,63.5724,63.5724,0.0000,0.0000,93,1,0.4123,1.2025,C30,11.606,39.703,29,150
5,150,a125,edd,0.25,c05_storm_150_a125_c80_0025,63.5724,63.5724,,,93,1,0.4123,1.2025,C30,11.606,39.703,29,150
5,150,a125,atc,0.5,c05_storm_150_a125_c80_0025,63.5724,63.5724,0.0000,0.0000,101,1,0.4123,1.2025,C30,11.606,39.703,29,150
5,150,a125,edd,0.5,c05_storm_150_a125_c80_0025,63.5724,63.5724,,,101,1,0.4123,1.2025,C30,11.606,39.703,29,150
5,150,a125,atc,1.0,c05_storm_150_a125_c80_0025,196.0764,196.0764,0.0000,0.0000,76,1,0.4123,1.2025,C30,11.606,39.703,29,150
5,150,a125,edd,1.0,c05_storm_150_a125_c80_0025,196.0764,196.0764,,,76,1,0.4123,1.2025,C30,11.606,39.703,29,150
5,150,a125,atc,0.25,c05_storm_150_a125_c80_0026,0.0000,0.0000,0.0000,0.0000,94,1,0.3573,0.9379,C10,12.504,24.512,31,150
5,150,a125,edd,0.25,c05_storm_150_a125_c80_0026,0.0000,0.0000,,,94,1,0.3573,0.9379,C10,12.504,24.512,31,150
5,150,a125,atc,0.5,c05_storm_150_a125_c80_0026,0.0000,0.0000,0.0000,0.0000,87,1,0.3573,0.9379,C10,12.504,24.512,31,150
5,150,a125,edd,0.5,c05_storm_150_a125_c80_0026,0.0000,0.0000,,,87,1,0.3573,0.9379,C10,12.504,24.512,31,150
5,150,a125,atc,1.0,c05_storm_150_a125_c80_0026,0.0000,0.0000,0.0000,0.0000,66,1,0.3573,0.9379,C10,12.504,24.512,31,150
5,150,a125,edd,1.0,c05_storm_150_a125_c80_0026,0.0000,0.0000,,,66,1,0.3573,0.9379,C10,12.504,24.512,31,150
5,150,a125,atc,0.25,c05_storm_150_a125_c80_0027,0.0000,0.0000,0.0000,0.0000,96,1,0.4336,0.5554,D50,10.839,39.264,29,150
5,150,a125,edd,0.25,c05_storm_150_a125_c80_0027,0.0000,0.0000,,,96,1,0.4336,0.5554,D50,10.839,39.264,29,150
5,150,a125,atc,0.5,c05_storm_150_a125_c80_0027,0.0000,0.0000,0.0000,0.0000,95,1,0.4336,0.5554,D50,10.839,39.264,29,150
5,150,a125,edd,0.5,c05_storm_150_a125_c80_0027,0.0000,0.0000,,,95,1,0.4336,0.5554,D50,10.839,39.264,29,150
5,150,a125,atc,1.0,c05_storm_150_a125_c80_0027,37.8400,37.8400,0.0000,0.0000,62,1,0.4336,0.5554,D50,10.839,39.264,29,150
5,150,a125,edd,1.0,c05_storm_150_a125_c80_0027,37.8400,37.8400,,,62,1,0.4336,0.5554,D50,10.839,39.264,29,150
5,150,a125,atc,0.25,c05_storm_150_a125_c80_0028,202.3748,202.3748,0.0000,0.0000,91,1,0.4270,1.0847,B30,12.238,56.433,39,150
5,150,a125,edd,0.25,c05_storm_150_a125_c80_0028,202.3748,202.3748,,,91,1,0.4270,1.0847,B30,12.238,56.433,39,150
5,150,a125,atc,0.5,c05_storm_150_a125_c80_0028,202.3748,202.3748,0.0000,0.0000,97,1,0.4270,1.0847,B30,12.238,56.433,39,150
5,150,a125,edd,0.5,c05_storm_150_a125_c80_0028,202.3748,202.3748,,,97,1,0.4270,1.0847,B30,12.238,56.433,39,150
5,150,a125,atc,1.0,c05_storm_150_a125_c80_0028,0.0000,0.0000,0.0000,0.0000,82,1,0.4270,1.0847,B30,12.238,56.433,39,150
5,150,a125,edd,1.0,c05_storm_150_a125_c80_0028,0.0000,0.0000,,,82,1,0.4270,1.0847,B30,12.238,56.433,39,150
5,150,a125,atc,0.25,c05_storm_150_a125_c80_0029,64.7808,64.7808,0.0000,0.0000,86,1,0.3860,0.6324,D50,12.513,28.427,41,150
5,150,a125,edd,0.25,c05_storm_150_a125_c80_0029,64.7808,64.7808,,,86,1,0.3860,0.6324,D50,12.513,28.427,41,150
5,150,a125,atc,0.5,c05_storm_150_a125_c80_0029,0.0000,0.0000,0.0000,0.0000,85,1,0.3860,0.6324,D50,12.513,28.427,41,150
5,150,a125,edd,0.5,c05_storm_150_a125_c80_0029,0.0000,0.0000,,,85,1,0.3860,0.6324,D50,12.513,28.427,41,150
5,150,a125,atc,1.0,c05_storm_150_a125_c80_0029,20.3024,20.3024,0.0000,0.0000,63,1,0.3860,0.6324,D50,12.513,28.427,41,150
5,150,a125,edd,1.0,c05_storm_150_a125_c80_0029,20.3024,20.3024,,,63,1,0.3860,0.6324,D50,12.513,28.427,41,150
5,150,a150,atc,0.25,c05_storm_150_a150_c80_0000,91.2144,91.2144,0.0000,0.0000,106,1,0.4195,1.1974,C10,9.851,29.196,43,150
5,150,a150,edd,0.25,c05_storm_150_a150_c80_0000,91.2144,91.2144,,,106,1,0.4195,1.1974,C10,9.851,29.196,43,150
5,150,a150,atc,0.5,c05_storm_150_a150_c80_0000,91.2144,91.2144,0.0000,0.0000,99,1,0.4195,1.1974,C10,9.851,29.196,43,150
5,150,a150,edd,0.5,c05_storm_150_a150_c80_0000,91.2144,91.2144,,,99,1,0.4195,1.1974,C10,9.851,29.196,43,150
5,150,a150,atc,1.0,c05_storm_150_a150_c80_0000,184.3336,184.3336,0.0000,0.0000,69,1,0.4195,1.1974,C10,9.851,29.196,43,150
5,150,a150,edd,1.0,c05_storm_150_a150_c80_0000,184.3336,184.3336,,,69,1,0.4195,1.1974,C10,9.851,29.196,43,150
5,150,a150,atc,0.25,c05_storm_150_a150_c80_0001,48.2824,48.2824,0.0000,0.0000,104,1,0.4049,1.4777,C30,10.130,28.747,35,150
5,150,a150,edd,0.25,c05_storm_150_a150_c80_0001,48.2824,48.2824,,,104,1,0.4049,1.4777,C30,10.130,28.747,35,150
5,150,a150,atc,0.5,c05_storm_150_a150_c80_0001,0.0000,0.0000,0.0000,0.0000,99,1,0.4049,1.4777,C30,10.130,28.747,35,150
5,150,a150,edd,0.5,c05_storm_150_a150_c80_0001,0.0000,0.0000,,,99,1,0.4049,1.4777,C30,10.130,28.747,35,150
5,150,a150,atc,1.0,c05_storm_150_a150_c80_0001,15.7744,15.7744,0.0000,0.0000,82,1,0.4049,1.4777,C30,10.130,28.747,35,150
5,150,a150,edd,1.0,c05_storm_150_a150_c80_0001,15.7744,15.7744,,,82,1,0.4049,1.4777,C30,10.130,28.747,35,150
5,150,a150,atc,0.25,c05_storm_150_a150_c80_0002,0.0000,0.0000,0.0000,0.0000,99,1,0.4574,0.9705,C10,9.264,30.844,37,150
5,150,a150,edd,0.25,c05_storm_150_a150_c80_0002,0.0000,0.0000,,,99,1,0.4574,0.9705,C10,9.264,30.844,37,150
5,150,a150,atc,0.5,c05_storm_150_a150_c80_0002,0.0000,0.0000,0.0000,0.0000,96,1,0.4574,0.9705,C10,9.264,30.844,37,150
5,150,a150,edd,0.5,c05_storm_150_a150_c80_0002,0.0000,0.0000,,,96,1,0.4574,0.9705,C10,9.264,30.844,37,150
5,150,a150,atc,1.0,c05_storm_150_a150_c80_0002,37.7264,37.7264,0.0000,0.0000,71,1,0.4574,0.9705,C10,9.264,30.844,37,150
5,150,a150,edd,1.0,c05_storm_150_a150_c80_0002,37.7264,37.7264,,,71,1,0.4574,0.9705,C10,9.264,30.844,37,150
5,150,a150,atc,0.25,c05_storm_150_a150_c80_0003,0.0000,0.0000,0.0000,0.0000,92,1,0.4445,0.6919,C10,9.759,28.044,36,150
5,150,a150,edd,0.25,c05_storm_150_a150_c80_0003,0.0000,0.0000,,,92,1,0.4445,0.6919,C10,9.759,28.044,36,150
5,150,a150,atc,0.5,c05_storm_150_a150_c80_0003,0.0000,0.0000,0.0000,0.0000,82,1,0.4445,0.6919,C10,9.759,28.044,36,150
5,150,a150,edd,0.5,c05_storm_150_a150_c80_0003,0.0000,0.0000,,,82,1,0.4445,0.6919,C10,9.759,28.044,36,150
5,150,a150,atc,1.0,c05_storm_150_a150_c80_0003,27.1528,27.1528,0.0000,0.0000,63,1,0.4445,0.6919,C10,9.759,28.044,36,150
5,150,a150,edd,1.0,c05_storm_150_a150_c80_0003,27.1528,27.1528,,,63,1,0.4445,0.6919,C10,9.759,28.044,36,150
5,150,a150,atc,0.25,c05_storm_150_a150_c80_0004,8.9828,8.9828,0.0000,0.0000,99,1,0.5004,1.3622,B20,9.740,36.528,34,150
5,150,a150,edd,0.25,c05_storm_150_a150_c80_0004,8.9828,8.9828,,,99,1,0.5004,1.3622,B20,9.740,36.528,34,150
5,150,a150,atc,0.5,c05_storm_150_a150_c80_0004,8.9828,8.9828,0.0000,0.0000,95,1,0.5004,1.3622,B20,9.740,36.528,34,150
5,150,a150,edd,0.5,c05_storm_150_a150_c80_0004,8.9828,8.9828,,,95,1,0.5004,1.3622,B20,9.740,36.528,34,150
5,150,a150,atc,1.0,c05_storm_150_a150_c80_0004,0.0000,0.0000,0.0000,0.0000,67,1,0.5004,1.3622,B20,9.740,36.528,34,150
5,150,a150,edd,1.0,c05_storm_150_a150_c80_0004,0.0000,0.0000,,,67,1,0.5004,1.3622,B20,9.740,36.528,34,150
5,150,a150,atc,0.25,c05_storm_150_a150_c80_0005,33.2608,33.2608,0.0000,0.0000,86,1,0.4525,0.7114,C30,9.897,42.032,36,150
5,150,a150,edd,0.25,c05_storm_150_a150_c80_0005,33.2608,33.2608,,,86,1,0.4525,0.7114,C30,9.897,42.032,36,150
5,150,a150,atc,0.5,c05_storm_150_a150_c80_0005,33.2608,33.2608,0.0000,0.0000,89,1,0.4525,0.7114,C30,9.897,42.032,36,150
5,150,a150,edd,0.5,c05_storm_150_a150_c80_0005,33.2608,33.2608,,,89,1,0.4525,0.7114,C30,9.897,42.032,36,150
5,150,a150,atc,1.0,c05_storm_150_a150_c80_0005,68.7368,68.7368,0.0000,0.0000,63,1,0.4525,0.7114,C30,9.897,42.032,36,150
5,150,a150,edd,1.0,c05_storm_150_a150_c80_0005,68.7368,68.7368,,,63,1,0.4525,0.7114,C30,9.897,42.032,36,150
5,150,a150,atc,0.25,c05_storm_150_a150_c80_0006,105.6252,105.6252,0.0000,0.0000,96,1,0.4871,1.2922,C30,8.978,38.346,38,150
5,150,a150,edd,0.25,c05_storm_150_a150_c80_0006,105.6252,105.6252,,,96,1,0.4871,1.2922,C30,8.978,38.346,38,150
5,150,a150,atc,0.5,c05_storm_150_a150_c80_0006,105.6252,105.6252,0.0000,0.0000,100,1,0.4871,1.2922,C30,8.978,38.346,38,150
5,150,a150,edd,0.5,c05_storm_150_a150_c80_0006,105.6252,105.6252,,,100,1,0.4871,1.2922,C30,8.978,38.346,38,150
5,150,a150,atc,1.0,c05_storm_150_a150_c80_0006,105.6252,105.6252,0.0000,0.0000,64,1,0.4871,1.2922,C30,8.978,38.346,38,150
5,150,a150,edd,1.0,c05_storm_150_a150_c80_0006,105.6252,105.6252,,,64,1,0.4871,1.2922,C30,8.978,38.346,38,150
5,150,a150,atc,0.25,c05_storm_150_a150_c80_0007,7.2728,7.2728,0.0000,0.0000,93,1,0.6362,1.2065,C10,8.075,64.032,49,150
5,150,a150,edd,0.25,c05_storm_150_a150_c80_0007,7.2728,7.2728,,,93,1,0.6362,1.2065,C10,8.075,64.032,49,150
5,150,a150,atc,0.5,c05_storm_150_a150_c80_0007,7.2728,7.2728,0.0000,0.0000,90,1,0.6362,1.2065,C10,8.075,64.032,49,150
5,150,a150,edd,0.5,c05_storm_150_a150_c80_0007,7.2728,7.2728,,,90,1,0.6362,1.2065,C10,8.075,64.032,49,150
5,150,a150,atc,1.0,c05_storm_150_a150_c80_0007,7.2728,7.2728,0.0000,0.0000,73,1,0.6362,1.2065,C10,8.075,64.032,49,150
5,150,a150,edd,1.0,c05_storm_150_a150_c80_0007,7.2728,7.2728,,,73,1,0.6362,1.2065,C10,8.075,64.032,49,150
5,150,a150,atc,0.25,c05_storm_150_a150_c80_0008,0.0000,0.0000,0.0000,0.0000,101,1,0.5046,0.9221,C10,9.919,33.767,39,150
5,150,a150,edd,0.25,c05_storm_150_a150_c80_0008,0.0000,0.0000,,,101,1,0.5046,0.9221,C10,9.919,33.767,39,150
5,150,a150,atc,0.5,c05_storm_150_a150_c80_0008,0.0000,0.0000,0.0000,0.0000,99,1,0.5046,0.9221,C10,9.919,33.767,39,150
5,150,a150,edd,0.5,c05_storm_150_a150_c80_0008,0.0000,0.0000,,,99,1,0.5046,0.9221,C10,9.919,33.767,39,150
5,150,a150,atc,1.0,c05_storm_150_a150_c80_0008,0.0000,0.0000,0.0000,0.0000,80,1,0.5046,0.9221,C10,9.919,33.767,39,150
5,150,a150,edd,1.0,c05_storm_150_a150_c80_0008,0.0000,0.0000,,,80,1,0.5046,0.9221,C10,9.919,33.767,39,150
5,150,a150,atc,0.25,c05_storm_150_a150_c80_0009,30.2492,30.2492,0.0000,0.0000,86,1,0.4573,1.5090,C30,9.029,35.854,42,150
5,150,a150,edd,0.25,c05_storm_150_a150_c80_0009,30.2492,30.2492,,,86,1,0.4573,1.5090,C30,9.029,35.854,42,150
5,150,a150,atc,0.5,c05_storm_150_a150_c80_0009,30.2492,30.2492,0.0000,0.0000,84,1,0.4573,1.5090,C30,9.029,35.854,42,150
5,150,a150,edd,0.5,c05_storm_150_a150_c80_0009,30.2492,30.2492,,,84,1,0.4573,1.5090,C30,9.029,35.854,42,150
5,150,a150,atc,1.0,c05_storm_150_a150_c80_0009,30.2492,30.2492,0.0000,0.0000,66,1,0.4573,1.5090,C30,9.029,35.854,42,150
5,150,a150,edd,1.0,c05_storm_150_a150_c80_0009,30.2492,30.2492,,,66,1,0.4573,1.5090,C30,9.029,35.854,42,150
5,150,a150,atc,0.25,c05_storm_150_a150_c80_0010,0.0000,0.0000,0.0000,0.0000,99,1,0.3938,1.0129,C30,11.055,25.064,34,150
5,150,a150,edd,0.25,c05_storm_150_a150_c80_0010,0.0000,0.0000,,,99,1,0.3938,1.0129,C30,11.055,25.064,34,150
5,150,a150,atc,0.5,c05_storm_150_a150_c80_0010,0.0000,0.0000,0.0000,0.0000,98,1,0.3938,1.0129,C30,11.055,25.064,34,150
5,150,a150,edd,0.5,c05_storm_150_a150_c80_0010,0.0000,0.0000,,,98,1,0.3938,1.0129,C30,11.055,25.064,34,150
5,150,a150,atc,1.0,c05_storm_150_a150_c80_0010,0.0000,0.0000,0.0000,0.0000,69,1,0.3938,1.0129,C30,11.055,25.064,34,150
5,150,a150,edd,1.0,c05_storm_150_a150_c80_0010,0.0000,0.0000,,,69,1,0.3938,1.0129,C30,11.055,25.064,34,150
5,150,a150,atc,0.25,c05_storm_150_a150_c80_0011,111.7024,111.7024,0.0000,0.0000,97,1,0.5658,1.8084,C10,8.842,52.315,38,150
5,150,a150,edd,0.25,c05_storm_150_a150_c80_0011,111.7024,111.7024,,,97,1,0.5658,1.8084,C10,8.842,52.315,38,150
5,150,a150,atc,0.5,c05_storm_150_a150_c80_0011,111.7024,111.7024,0.0000,0.0000,93,1,0.5658,1.8084,C10,8.842,52.315,38,150
5,150,a150,edd,0.5,c05_storm_150_a150_c80_0011,111.7024,111.7024,,,93,1,0.5658,1.8084,C10,8.842,52.315,38,150
5,150,a150,atc,1.0,c05_storm_150_a150_c80_0011,172.8680,172.8680,0.0000,0.0000,73,1,0.5658,1.8084,C10,8.842,52.315,38,150
5,150,a150,edd,1.0,c05_storm_150_a150_c80_0011,172.8680,172.8680,,,73,1,0.5658,1.8084,C10,8.842,52.315,38,150
5,150,a150,atc,0.25,c05_storm_150_a150_c80_0012,124.3712,124.3712,0.0000,0.0000,90,1,0.4944,1.1681,E20,8.937,35.867,40,150
5,150,a150,edd,0.25,c05_storm_150_a150_c80_0012,124.3712,124.3712,,,90,1,0.4944,1.1681,E20,8.937,35.867,40,150
5,150,a150,atc,0.5,c05_storm_150_a150_c80_0012,124.3712,124.3712,0.0000,0.0000,87,1,0.4944,1.1681,E20,8.937,35.867,40,150
5,150,a150,edd,0.5,c05_storm_150_a150_c80_0012,124.3712,124.3712,,,87,1,0.4944,1.1681,E20,8.937,35.867,40,150
5,150,a150,atc,1.0,c05_storm_150_a150_c80_0012,127.5980,127.5980,0.0000,0.0000,58,1,0.4944,1.1681,E20,8.937,35.867,40,150
5,150,a150,edd,1.0,c05_storm_150_a150_c80_0012,127.5980,127.5980,,,58,1,0.4944,1.1681,E20,8.937,35.867,40,150
5,150,a150,atc,0.25,c05_storm_150_a150_c80_0013,0.0000,0.0000,0.0000,0.0000,91,1,0.4631,0.9707,B20,9.396,28.248,40,150
5,150,a150,edd,0.25,c05_storm_150_a150_c80_0013,0.0000,0.0000,,,91,1,0.4631,0.9707,B20,9.396,28.248,40,150
5,150,a150,atc,0.5,c05_storm_150_a150_c80_0013,0.0000,0.0000,0.0000,0.0000,103,1,0.4631,0.9707,B20,9.396,28.248,40,150
5,150,a150,edd,0.5,c05_storm_150_a150_c80_0013,0.0000,0.0000,,,103,1,0.4631,0.9707,B20,9.396,28.248,40,150
5,150,a150,atc,1.0,c05_storm_150_a150_c80_0013,0.0000,0.0000,0.0000,0.0000,74,1,0.4631,0.9707,B20,9.396,28.248,40,150
5,150,a150,edd,1.0,c05_storm_150_a150_c80_0013,0.0000,0.0000,,,74,1,0.4631,0.9707,B20,9.396,28.248,40,150
5,150,a150,atc,0.25,c05_storm_150_a150_c80_0014,0.0000,0.0000,0.0000,0.0000,87,1,0.3627,1.0152,C10,10.115,19.634,37,150
5,150,a150,edd,0.25,c05_storm_150_a150_c80_0014,0.0000,0.0000,,,87,1,0.3627,1.0152,C10,10.115,19.634,37,150
5,150,a150,atc,0.5,c05_storm_150_a150_c80_0014,0.0000,0.0000,0.0000,0.0000,94,1,0.3627,1.0152,C10,10.115,19.634,37,150
5,150,a150,edd,0.5,c05_storm_150_a150_c80_0014,0.0000,0.0000,,,94,1,0.3627,1.0152,C10,10.115,19.634,37,150
5,150,a150,atc,1.0,c05_storm_150_a150_c80_0014,7.5016,7.5016,0.0000,0.0000,75,1,0.3627,1.0152,C10,10.115,19.634,37,150
5,150,a150,edd,1.0,c05_storm_150_a150_c80_0014,7.5016,7.5016,,,75,1,0.3627,1.0152,C10,10.115,19.634,37,150
5,150,a150,atc,0.25,c05_storm_150_a150_c80_0015,33.7136,33.7136,0.0000,0.0000,90,1,0.4945,1.1400,D40,9.199,39.689,45,150
5,150,a150,edd,0.25,c05_storm_150_a150_c80_0015,33.7136,33.7136,,,90,1,0.4945,1.1400,D40,9.199,39.689,45,150
5,150,a150,atc,0.5,c05_storm_150_a150_c80_0015,33.7136,33.7136,0.0000,0.0000,93,1,0.4945,1.1400,D40,9.199,39.689,45,150
5,150,a150,edd,0.5,c05_storm_150_a150_c80_0015,33.7136,33.7136,,,93,1,0.4945,1.1400,D40,9.199,39.689,45,150
5,150,a150,atc,1.0,c05_storm_150_a150_c80_0015,0.0000,0.0000,0.0000,0.0000,66,1,0.4945,1.1400,D40,9.199,39.689,45,150
5,150,a150,edd,1.0,c05_storm_150_a150_c80_0015,0.0000,0.0000,,,66,1,0.4945,1.1400,D40,9.199,39.689,45,150
5,150,a150,atc,0.25,c05_storm_150_a150_c80_0016,2.4176,2.4176,0.0000,0.0000,98,1,0.4345,0.9874,B30,10.288,29.963,34,150
5,150,a150,edd,0.25,c05_storm_150_a150_c80_0016,2.4176,2.4176,,,98,1,0.4345,0.9874,B30,10.288,29.963,34,150
5,150,a150,atc,0.5,c05_storm_150_a150_c80_0016,2.4176,2.4176,0.0000,0.0000,98,1,0.4345,0.9874,B30,10.288,29.963,34,150
5,150,a150,edd,0.5,c05_storm_150_a150_c80_0016,2.4176,2.4176,,,98,1,0.4345,0.9874,B30,10.288,29.963,34,150
5,150,a150,atc,1.0,c05_storm_150_a150_c80_0016,0.0000,0.0000,0.0000,0.0000,66,1,0.4345,0.9874,B30,10.288,29.963,34,150
5,150,a150,edd,1.0,c05_storm_150_a150_c80_0016,0.0000,0.0000,,,66,1,0.4345,0.9874,B30,10.288,29.963,34,150
5,150,a150,atc,0.25,c05_storm_150_a150_c80_0017,0.0000,0.0000,0.0000,0.0000,102,1,0.4111,0.9972,B30,9.856,35.430,31,150
5,150,a150,edd,0.25,c05_storm_150_a150_c80_0017,0.0000,0.0000,,,102,1,0.4111,0.9972,B30,9.856,35.430,31,150
5,150,a150,atc,0.5,c05_storm_150_a150_c80_0017,30.3792,30.3792,0.0000,0.0000,99,1,0.4111,0.9972,B30,9.856,35.430,31,150
5,150,a150,edd,0.5,c05_storm_150_a150_c80_0017,30.3792,30.3792,,,99,1,0.4111,0.9972,B30,9.856,35.430,31,150
5,150,a150,atc,1.0,c05_storm_150_a150_c80_0017,30.3792,30.3792,0.0000,0.0000,77,1,0.4111,0.9972,B30,9.856,35.430,31,150
5,150,a150,edd,1.0,c05_storm_150_a150_c80_0017,30.3792,30.3792,,,77,1,0.4111,0.9972,B30,9.856,35.430,31,150
5,150,a150,atc,0.25,c05_storm_150_a150_c80_0018,0.0000,0.0000,0.0000,0.0000,95,1,0.3749,0.8319,E10,9.971,21.294,34,150
5,150,a150,edd,0.25,c05_storm_150_a150_c80_0018,0.0000,0.0000,,,95,1,0.3749,0.8319,E10,9.971,21.294,34,150
5,150,a150,atc,0.5,c05_storm_150_a150_c80_0018,0.0000,0.0000,0.0000,0.0000,103,1,0.3749,0.8319,E10,9.971,21.294,34,150
5,150,a150,edd,0.5,c05_storm_150_a150_c80_0018,0.0000,0.0000,,,103,1,0.3749,0.8319,E10,9.971,21.294,34,150
5,150,a150,atc,1.0,c05_storm_150_a150_c80_0018,0.0000,0.0000,0.0000,0.0000,69,1,0.3749,0.8319,E10,9.971,21.294,34,150
5,150,a150,edd,1.0,c05_storm_150_a150_c80_0018,0.0000,0.0000,,,69,1,0.3749,0.8319,E10,9.971,21.294,34,150
5,150,a150,atc,0.25,c05_storm_150_a150_c80_0019,0.0000,0.0000,0.0000,0.0000,94,1,0.3632,0.5095,C10,10.713,30.047,33,150
5,150,a150,edd,0.25,c05_storm_150_a150_c80_0019,0.0000,0.0000,,,94,1,0.3632,0.5095,C10,10.713,30.047,33,150
5,150,a150,atc,0.5,c05_storm_150_a150_c80_0019,0.0000,0.0000,0.0000,0.0000,94,1,0.3632,0.5095,C10,10.713,30.047,33,150
5,150,a150,edd,0.5,c05_storm_150_a150_c80_0019,0.0000,0.0000,,,94,1,0.3632,0.5095,C10,10.713,30.047,33,150
5,150,a150,atc,1.0,c05_storm_150_a150_c80_0019,0.0000,0.0000,0.0000,0.0000,77,1,0.3632,0.5095,C10,10.713,30.047,33,150
5,150,a150,edd,1.0,c05_storm_150_a150_c80_0019,0.0000,0.0000,,,77,1,0.3632,0.5095,C10,10.713,30.047,33,150
5,150,a150,atc,0.25,c05_storm_150_a150_c80_0020,0.0000,0.0000,0.0000,0.0000,103,1,0.5395,1.1983,B20,9.725,65.033,42,150
5,150,a150,edd,0.25,c05_storm_150_a150_c80_0020,0.0000,0.0000,,,103,1,0.5395,1.1983,B20,9.725,65.033,42,150
5,150,a150,atc,0.5,c05_storm_150_a150_c80_0020,0.0000,0.0000,0.0000,0.0000,105,1,0.5395,1.1983,B20,9.725,65.033,42,150
5,150,a150,edd,0.5,c05_storm_150_a150_c80_0020,0.0000,0.0000,,,105,1,0.5395,1.1983,B20,9.725,65.033,42,150
5,150,a150,atc,1.0,c05_storm_150_a150_c80_0020,0.0000,0.0000,0.0000,0.0000,72,1,0.5395,1.1983,B20,9.725,65.033,42,150
5,150,a150,edd,1.0,c05_storm_150_a150_c80_0020,0.0000,0.0000,,,72,1,0.5395,1.1983,B20,9.725,65.033,42,150
5,150,a150,atc,0.25,c05_storm_150_a150_c80_0021,0.0000,0.0000,0.0000,0.0000,90,1,0.4197,1.1463,D50,10.133,32.630,39,150
5,150,a150,edd,0.25,c05_storm_150_a150_c80_0021,0.0000,0.0000,,,90,1,0.4197,1.1463,D50,10.133,32.630,39,150
5,150,a150,atc,0.5,c05_storm_150_a150_c80_0021,0.0000,0.0000,0.0000,0.0000,88,1,0.4197,1.1463,D50,10.133,32.630,39,150
5,150,a150,edd,0.5,c05_storm_150_a150_c80_0021,0.0000,0.0000,,,88,1,0.4197,1.1463,D50,10.133,32.630,39,150
5,150,a150,atc,1.0,c05_storm_150_a150_c80_0021,0.0000,0.0000,0.0000,0.0000,79,1,0.4197,1.1463,D50,10.133,32.630,39,150
5,150,a150,edd,1.0,c05_storm_150_a150_c80_0021,0.0000,0.0000,,,79,1,0.4197,1.1463,D50,10.133,32.630,39,150
5,150,a150,atc,0.25,c05_storm_150_a150_c80_0022,19.9456,19.9456,0.0000,0.0000,95,1,0.5258,1.0912,B30,8.780,30.453,45,150
5,150,a150,edd,0.25,c05_storm_150_a150_c80_0022,19.9456,19.9456,,,95,1,0.5258,1.0912,B30,8.780,30.453,45,150
5,150,a150,atc,0.5,c05_storm_150_a150_c80_0022,48.6976,48.6976,0.0000,0.0000,100,1,0.5258,1.0912,B30,8.780,30.453,45,150
5,150,a150,edd,0.5,c05_storm_150_a150_c80_0022,48.6976,48.6976,,,100,1,0.5258,1.0912,B30,8.780,30.453,45,150
5,150,a150,atc,1.0,c05_storm_150_a150_c80_0022,48.6976,48.6976,0.0000,0.0000,70,1,0.5258,1.0912,B30,8.780,30.453,45,150
5,150,a150,edd,1.0,c05_storm_150_a150_c80_0022,48.6976,48.6976,,,70,1,0.5258,1.0912,B30,8.780,30.453,45,150
5,150,a150,atc,0.25,c05_storm_150_a150_c80_0023,0.0000,0.0000,0.0000,0.0000,91,1,0.3901,0.6249,B30,10.812,58.247,40,150
5,150,a150,edd,0.25,c05_storm_150_a150_c80_0023,0.0000,0.0000,,,91,1,0.3901,0.6249,B30,10.812,58.247,40,150
5,150,a150,atc,0.5,c05_storm_150_a150_c80_0023,0.0000,0.0000,0.0000,0.0000,89,1,0.3901,0.6249,B30,10.812,58.247,40,150
5,150,a150,edd,0.5,c05_storm_150_a150_c80_0023,0.0000,0.0000,,,89,1,0.3901,0.6249,B30,10.812,58.247,40,150
5,150,a150,atc,1.0,c05_storm_150_a150_c80_0023,18.0264,18.0264,0.0000,0.0000,72,1,0.3901,0.6249,B30,10.812,58.247,40,150
5,150,a150,edd,1.0,c05_storm_150_a150_c80_0023,18.0264,18.0264,,,72,1,0.3901,0.6249,B30,10.812,58.247,40,150
5,150,a150,atc,0.25,c05_storm_150_a150_c80_0024,0.0000,0.0000,0.0000,0.0000,99,1,0.4127,1.1673,C10,9.792,33.340,34,150
5,150,a150,edd,0.25,c05_storm_150_a150_c80_0024,0.0000,0.0000,,,99,1,0.4127,1.1673,C10,9.792,33.340,34,150
5,150,a150,atc,0.5,c05_storm_150_a150_c80_0024,0.0000,0.0000,0.0000,0.0000,88,1,0.4127,1.1673,C10,9.792,33.340,34,150
5,150,a150,edd,0.5,c05_storm_150_a150_c80_0024,0.0000,0.0000,,,88,1,0.4127,1.1673,C10,9.792,33.340,34,150
5,150,a150,atc,1.0,c05_storm_150_a150_c80_0024,8.0560,8.0560,0.0000,0.0000,76,1,0.4127,1.1673,C10,9.792,33.340,34,150
5,150,a150,edd,1.0,c05_storm_150_a150_c80_0024,8.0560,8.0560,,,76,1,0.4127,1.1673,C10,9.792,33.340,34,150
5,150,a150,atc,0.25,c05_storm_150_a150_c80_0025,59.0684,59.0684,0.0000,0.0000,95,1,0.4948,1.4430,C30,9.672,39.547,33,150
5,150,a150,edd,0.25,c05_storm_150_a150_c80_0025,59.0684,59.0684,,,95,1,0.4948,1.4430,C30,9.672,39.547,33,150
5,150,a150,atc,0.5,c05_storm_150_a150_c80_0025,63.5724,63.5724,0.0000,0.0000,99,1,0.4948,1.4430,C30,9.672,39.547,33,150
5,150,a150,edd,0.5,c05_storm_150_a150_c80_0025,63.5724,63.5724,,,99,1,0.4948,1.4430,C30,9.672,39.547,33,150
5,150,a150,atc,1.0,c05_storm_150_a150_c80_0025,196.0764,196.0764,0.0000,0.0000,75,1,0.4948,1.4430,C30,9.672,39.547,33,150
5,150,a150,edd,1.0,c05_storm_150_a150_c80_0025,196.0764,196.0764,,,75,1,0.4948,1.4430,C30,9.672,39.547,33,150
5,150,a150,atc,0.25,c05_storm_150_a150_c80_0026,0.0000,0.0000,0.0000,0.0000,85,1,0.4288,1.1254,C10,10.420,23.379,33,150
5,150,a150,edd,0.25,c05_storm_150_a150_c80_0026,0.0000,0.0000,,,85,1,0.4288,1.1254,C10,10.420,23.379,33,150
5,150,a150,atc,0.5,c05_storm_150_a150_c80_0026,0.0000,0.0000,0.0000,0.0000,84,1,0.4288,1.1254,C10,10.420,23.379,33,150
5,150,a150,edd,0.5,c05_storm_150_a150_c80_0026,0.0000,0.0000,,,84,1,0.4288,1.1254,C10,10.420,23.379,33,150
5,150,a150,atc,1.0,c05_storm_150_a150_c80_0026,0.0000,0.0000,0.0000,0.0000,66,1,0.4288,1.1254,C10,10.420,23.379,33,150
5,150,a150,edd,1.0,c05_storm_150_a150_c80_0026,0.0000,0.0000,,,66,1,0.4288,1.1254,C10,10.420,23.379,33,150
5,150,a150,atc,0.25,c05_storm_150_a150_c80_0027,37.8400,37.8400,0.0000,0.0000,95,1,0.5203,0.6665,D50,9.033,38.512,36,150
5,150,a150,edd,0.25,c05_storm_150_a150_c80_0027,37.8400,37.8400,,,95,1,0.5203,0.6665,D50,9.033,38.512,36,150
5,150,a150,atc,0.5,c05_storm_150_a150_c80_0027,37.8400,37.8400,0.0000,0.0000,92,1,0.5203,0.6665,D50,9.033,38.512,36,150
5,150,a150,edd,0.5,c05_storm_150_a150_c80_0027,37.8400,37.8400,,,92,1,0.5203,0.6665,D50,9.033,38.512,36,150
5,150,a150,atc,1.0,c05_storm_150_a150_c80_0027,37.8400,37.8400,0.0000,0.0000,61,1,0.5203,0.6665,D50,9.033,38.512,36,150
5,150,a150,edd,1.0,c05_storm_150_a150_c80_0027,37.8400,37.8400,,,61,1,0.5203,0.6665,D50,9.033,38.512,36,150
5,150,a150,atc,0.25,c05_storm_150_a150_c80_0028,0.0000,0.0000,0.0000,0.0000,93,1,0.5124,1.3016,B30,10.198,56.245,43,150
5,150,a150,edd,0.25,c05_storm_150_a150_c80_0028,0.0000,0.0000,,,93,1,0.5124,1.3016,B30,10.198,56.245,43,150
5,150,a150,atc,0.5,c05_storm_150_a150_c80_0028,0.0000,0.0000,0.0000,0.0000,96,1,0.5124,1.3016,B30,10.198,56.245,43,150
5,150,a150,edd,0.5,c05_storm_150_a150_c80_0028,0.0000,0.0000,,,96,1,0.5124,1.3016,B30,10.198,56.245,43,150
5,150,a150,atc,1.0,c05_storm_150_a150_c80_0028,0.0000,0.0000,0.0000,0.0000,82,1,0.5124,1.3016,B30,10.198,56.245,43,150
5,150,a150,edd,1.0,c05_storm_150_a150_c80_0028,0.0000,0.0000,,,82,1,0.5124,1.3016,B30,10.198,56.245,43,150
5,150,a150,atc,0.25,c05_storm_150_a150_c80_0029,0.0000,0.0000,0.0000,0.0000,98,1,0.4632,0.7589,D50,10.427,27.027,46,150
5,150,a150,edd,0.25,c05_storm_150_a150_c80_0029,0.0000,0.0000,,,98,1,0.4632,0.7589,D50,10.427,27.027,46,150
5,150,a150,atc,0.5,c05_storm_150_a150_c80_0029,10.6440,10.6440,0.0000,0.0000,101,1,0.4632,0.7589,D50,10.427,27.027,46,150
5,150,a150,edd,0.5,c05_storm_150_a150_c80_0029,10.6440,10.6440,,,101,1,0.4632,0.7589,D50,10.427,27.027,46,150
5,150,a150,atc,1.0,c05_storm_150_a150_c80_0029,20.3024,20.3024,0.0000,0.0000,58,1,0.4632,0.7589,D50,10.427,27.027,46,150
5,150,a150,edd,1.0,c05_storm_150_a150_c80_0029,20.3024,20.3024,,,58,1,0.4632,0.7589,D50,10.427,27.027,46,150
5,150,a200,atc,0.25,c05_storm_150_a200_c80_0000,61.3608,61.3608,0.0000,0.0000,91,1,0.6310,1.3477,D50,8.000,60.326,29,150
5,150,a200,edd,0.25,c05_storm_150_a200_c80_0000,61.3608,61.3608,,,91,1,0.6310,1.3477,D50,8.000,60.326,29,150
5,150,a200,atc,0.5,c05_storm_150_a200_c80_0000,0.0000,0.0000,0.0000,0.0000,91,1,0.6310,1.3477,D50,8.000,60.326,29,150
5,150,a200,edd,0.5,c05_storm_150_a200_c80_0000,0.0000,0.0000,,,91,1,0.6310,1.3477,D50,8.000,60.326,29,150
5,150,a200,atc,1.0,c05_storm_150_a200_c80_0000,50.2512,50.2512,0.0000,0.0000,76,1,0.6310,1.3477,D50,8.000,60.326,29,150
5,150,a200,edd,1.0,c05_storm_150_a200_c80_0000,50.2512,50.2512,,,76,1,0.6310,1.3477,D50,8.000,60.326,29,150
5,150,a200,atc,0.25,c05_storm_150_a200_c80_0001,0.0000,0.0000,0.0000,0.0000,96,1,0.4899,1.1162,D50,8.000,42.067,27,150
5,150,a200,edd,0.25,c05_storm_150_a200_c80_0001,0.0000,0.0000,,,96,1,0.4899,1.1162,D50,8.000,42.067,27,150
5,150,a200,atc,0.5,c05_storm_150_a200_c80_0001,0.0000,0.0000,0.0000,0.0000,104,1,0.4899,1.1162,D50,8.000,42.067,27,150
5,150,a200,edd,0.5,c05_storm_150_a200_c80_0001,0.0000,0.0000,,,104,1,0.4899,1.1162,D50,8.000,42.067,27,150
5,150,a200,atc,1.0,c05_storm_150_a200_c80_0001,0.0000,0.0000,0.0000,0.0000,66,1,0.4899,1.1162,D50,8.000,42.067,27,150
5,150,a200,edd,1.0,c05_storm_150_a200_c80_0001,0.0000,0.0000,,,66,1,0.4899,1.1162,D50,8.000,42.067,27,150
5,150,a200,atc,0.25,c05_storm_150_a200_c80_0002,0.0000,0.0000,0.0000,0.0000,90,1,0.5202,2.3933,D40,8.000,33.462,31,150
5,150,a200,edd,0.25,c05_storm_150_a200_c80_0002,0.0000,0.0000,,,90,1,0.5202,2.3933,D40,8.000,33.462,31,150
5,150,a200,atc,0.5,c05_storm_150_a200_c80_0002,0.0000,0.0000,0.0000,0.0000,81,1,0.5202,2.3933,D40,8.000,33.462,31,150
5,150,a200,edd,0.5,c05_storm_150_a200_c80_0002,0.0000,0.0000,,,81,1,0.5202,2.3933,D40,8.000,33.462,31,150
5,150,a200,atc,1.0,c05_storm_150_a200_c80_0002,0.0000,0.0000,0.0000,0.0000,69,1,0.5202,2.3933,D40,8.000,33.462,31,150
5,150,a200,edd,1.0,c05_storm_150_a200_c80_0002,0.0000,0.0000,,,69,1,0.5202,2.3933,D40,8.000,33.462,31,150
5,150,a200,atc,0.25,c05_storm_150_a200_c80_0003,0.0000,0.0000,0.0000,0.0000,99,1,0.4768,1.1596,C10,8.000,18.450,36,150
5,150,a200,edd,0.25,c05_storm_150_a200_c80_0003,0.0000,0.0000,,,99,1,0.4768,1.1596,C10,8.000,18.450,36,150
5,150,a200,atc,0.5,c05_storm_150_a200_c80_0003,0.0000,0.0000,0.0000,0.0000,97,1,0.4768,1.1596,C10,8.000,18.450,36,150
5,150,a200,edd,0.5,c05_storm_150_a200_c80_0003,0.0000,0.0000,,,97,1,0.4768,1.1596,C10,8.000,18.450,36,150
5,150,a200,atc,1.0,c05_storm_150_a200_c80_0003,2.5384,2.5384,0.0000,0.0000,52,1,0.4768,1.1596,C10,8.000,18.450,36,150
5,150,a200,edd,1.0,c05_storm_150_a200_c80_0003,2.5384,2.5384,,,52,1,0.4768,1.1596,C10,8.000,18.450,36,150
5,150,a200,atc,0.25,c05_storm_150_a200_c80_0004,0.0000,0.0000,0.0000,0.0000,95,1,0.4635,0.9605,E10,8.000,19.863,38,150
5,150,a200,edd,0.25,c05_storm_150_a200_c80_0004,0.0000,0.0000,,,95,1,0.4635,0.9605,E10,8.000,19.863,38,150
5,150,a200,atc,0.5,c05_storm_150_a200_c80_0004,0.0000,0.0000,0.0000,0.0000,95,1,0.4635,0.9605,E10,8.000,19.863,38,150
5,150,a200,edd,0.5,c05_storm_150_a200_c80_0004,0.0000,0.0000,,,95,1,0.4635,0.9605,E10,8.000,19.863,38,150
5,150,a200,atc,1.0,c05_storm_150_a200_c80_0004,0.0000,0.0000,0.0000,0.0000,77,1,0.4635,0.9605,E10,8.000,19.863,38,150
5,150,a200,edd,1.0,c05_storm_150_a200_c80_0004,0.0000,0.0000,,,77,1,0.4635,0.9605,E10,8.000,19.863,38,150
5,150,a200,atc,0.25,c05_storm_150_a200_c80_0005,0.0000,0.0000,0.0000,0.0000,93,1,0.6119,1.1710,C10,8.000,25.833,37,150
5,150,a200,edd,0.25,c05_storm_150_a200_c80_0005,0.0000,0.0000,,,93,1,0.6119,1.1710,C10,8.000,25.833,37,150
5,150,a200,atc,0.5,c05_storm_150_a200_c80_0005,0.0000,0.0000,0.0000,0.0000,89,1,0.6119,1.1710,C10,8.000,25.833,37,150
5,150,a200,edd,0.5,c05_storm_150_a200_c80_0005,0.0000,0.0000,,,89,1,0.6119,1.1710,C10,8.000,25.833,37,150
5,150,a200,atc,1.0,c05_storm_150_a200_c80_0005,37.0808,37.0808,0.0000,0.0000,64,1,0.6119,1.1710,C10,8.000,25.833,37,150
5,150,a200,edd,1.0,c05_storm_150_a200_c80_0005,37.0808,37.0808,,,64,1,0.6119,1.1710,C10,8.000,25.833,37,150
5,150,a200,atc,0.25,c05_storm_150_a200_c80_0006,65.9976,65.9976,0.0000,0.0000,82,1,0.6411,1.7911,E20,8.000,36.599,40,150
5,150,a200,edd,0.25,c05_storm_150_a200_c80_0006,65.9976,65.9976,,,82,1,0.6411,1.7911,E20,8.000,36.599,40,150
5,150,a200,atc,0.5,c05_storm_150_a200_c80_0006,47.0948,47.0948,0.0000,0.0000,94,1,0.6411,1.7911,E20,8.000,36.599,40,150
5,150,a200,edd,0.5,c05_storm_150_a200_c80_0006,47.0948,47.0948,,,94,1,0.6411,1.7911,E20,8.000,36.599,40,150
5,150,a200,atc,1.0,c05_storm_150_a200_c80_0006,47.0948,47.0948,0.0000,0.0000,73,1,0.6411,1.7911,E20,8.000,36.599,40,150
5,150,a200,edd,1.0,c05_storm_150_a200_c80_0006,47.0948,47.0948,,,73,1,0.6411,1.7911,E20,8.000,36.599,40,150
5,150,a200,atc,0.25,c05_storm_150_a200_c80_0007,0.0000,0.0000,0.0000,0.0000,92,1,0.5542,1.2733,C30,8.000,37.975,25,150
5,150,a200,edd,0.25,c05_storm_150_a200_c80_0007,0.0000,0.0000,,,92,1,0.5542,1.2733,C30,8.000,37.975,25,150
5,150,a200,atc,0.5,c05_storm_150_a200_c80_0007,17.0072,17.0072,0.0000,0.0000,93,1,0.5542,1.2733,C30,8.000,37.975,25,150
5,150,a200,edd,0.5,c05_storm_150_a200_c80_0007,17.0072,17.0072,,,93,1,0.5542,1.2733,C30,8.000,37.975,25,150
5,150,a200,atc,1.0,c05_storm_150_a200_c80_0007,17.0072,17.0072,0.0000,0.0000,74,1,0.5542,1.2733,C30,8.000,37.975,25,150
5,150,a200,edd,1.0,c05_storm_150_a200_c80_0007,17.0072,17.0072,,,74,1,0.5542,1.2733,C30,8.000,37.975,25,150
5,150,a200,atc,0.25,c05_storm_150_a200_c80_0008,17.9576,17.9576,0.0000,0.0000,87,1,0.6904,1.4252,D50,8.000,60.665,44,150
5,150,a200,edd,0.25,c05_storm_150_a200_c80_0008,17.9576,17.9576,,,87,1,0.6904,1.4252,D50,8.000,60.665,44,150
5,150,a200,atc,0.5,c05_storm_150_a200_c80_0008,17.9576,17.9576,0.0000,0.0000,92,1,0.6904,1.4252,D50,8.000,60.665,44,150
5,150,a200,edd,0.5,c05_storm_150_a200_c80_0008,17.9576,17.9576,,,92,1,0.6904,1.4252,D50,8.000,60.665,44,150
5,150,a200,atc,1.0,c05_storm_150_a200_c80_0008,37.0168,37.0168,0.0000,0.0000,60,1,0.6904,1.4252,D50,8.000,60.665,44,150
5,150,a200,edd,1.0,c05_storm_150_a200_c80_0008,37.0168,37.0168,,,60,1,0.6904,1.4252,D50,8.000,60.665,44,150
5,150,a200,atc,0.25,c05_storm_150_a200_c80_0009,38.4376,38.4376,0.0000,0.0000,86,1,0.5704,1.0444,C10,8.000,40.765,39,150
5,150,a200,edd,0.25,c05_storm_150_a200_c80_0009,38.4376,38.4376,,,86,1,0.5704,1.0444,C10,8.000,40.765,39,150
5,150,a200,atc,0.5,c05_storm_150_a200_c80_0009,24.4016,24.4016,0.0000,0.0000,91,1,0.5704,1.0444,C10,8.000,40.765,39,150
5,150,a200,edd,0.5,c05_storm_150_a200_c80_0009,24.4016,24.4016,,,91,1,0.5704,1.0444,C10,8.000,40.765,39,150
5,150,a200,atc,1.0,c05_storm_150_a200_c80_0009,24.4016,24.4016,0.0000,0.0000,67,1,0.5704,1.0444,C10,8.000,40.765,39,150
5,150,a200,edd,1.0,c05_storm_150_a200_c80_0009,24.4016,24.4016,,,67,1,0.5704,1.0444,C10,8.000,40.765,39,150
5,150,a200,atc,0.25,c05_storm_150_a200_c80_0010,17.9744,17.9744,0.0000,0.0000,95,1,0.7554,1.3523,D50,8.000,58.468,49,150
5,150,a200,edd,0.25,c05_storm_150_a200_c80_0010,17.9744,17.9744,,,95,1,0.7554,1.3523,D50,8.000,58.468,49,150
5,150,a200,atc,0.5,c05_storm_150_a200_c80_0010,124.1696,124.1696,0.0000,0.0000,92,1,0.7554,1.3523,D50,8.000,58.468,49,150
5,150,a200,edd,0.5,c05_storm_150_a200_c80_0010,124.1696,124.1696,,,92,1,0.7554,1.3523,D50,8.000,58.468,49,150
5,150,a200,atc,1.0,c05_storm_150_a200_c80_0010,124.1696,124.1696,0.0000,0.0000,69,1,0.7554,1.3523,D50,8.000,58.468,49,150
5,150,a200,edd,1.0,c05_storm_150_a200_c80_0010,124.1696,124.1696,,,69,1,0.7554,1.3523,D50,8.000,58.468,49,150
5,150,a200,atc,0.25,c05_storm_150_a200_c80_0011,0.0000,0.0000,0.0000,0.0000,89,1,0.5167,1.3430,C10,8.000,35.903,26,150
5,150,a200,edd,0.25,c05_storm_150_a200_c80_0011,0.0000,0.0000,,,89,1,0.5167,1.3430,C10,8.000,35.903,26,150
5,150,a200,atc,0.5,c05_storm_150_a200_c80_0011,0.0000,0.0000,0.0000,0.0000,89,1,0.5167,1.3430,C10,8.000,35.903,26,150
5,150,a200,edd,0.5,c05_storm_150_a200_c80_0011,0.0000,0.0000,,,89,1,0.5167,1.3430,C10,8.000,35.903,26,150
5,150,a200,atc,1.0,c05_storm_150_a200_c80_0011,178.2712,178.2712,0.0000,0.0000,64,1,0.5167,1.3430,C10,8.000,35.903,26,150
5,150,a200,edd,1.0,c05_storm_150_a200_c80_0011,178.2712,178.2712,,,64,1,0.5167,1.3430,C10,8.000,35.903,26,150
5,150,a200,atc,0.25,c05_storm_150_a200_c80_0012,22.4256,22.4256,0.0000,0.0000,90,1,0.5493,1.5407,C10,8.000,29.209,39,150
5,150,a200,edd,0.25,c05_storm_150_a200_c80_0012,22.4256,22.4256,,,90,1,0.5493,1.5407,C10,8.000,29.209,39,150
5,150,a200,atc,0.5,c05_storm_150_a200_c80_0012,22.4256,22.4256,0.0000,0.0000,84,1,0.5493,1.5407,C10,8.000,29.209,39,150
5,150,a200,edd,0.5,c05_storm_150_a200_c80_0012,22.4256,22.4256,,,84,1,0.5493,1.5407,C10,8.000,29.209,39,150
5,150,a200,atc,1.0,c05_storm_150_a200_c80_0012,169.0924,169.0924,0.0000,0.0000,56,1,0.5493,1.5407,C10,8.000,29.209,39,150
5,150,a200,edd,1.0,c05_storm_150_a200_c80_0012,169.0924,169.0924,,,56,1,0.5493,1.5407,C10,8.000,29.209,39,150
5,150,a200,atc,0.25,c05_storm_150_a200_c80_0013,0.0000,0.0000,0.0000,0.0000,96,1,0.6715,1.0071,D20,8.000,28.571,38,150
5,150,a200,edd,0.25,c05_storm_150_a200_c80_0013,0.0000,0.0000,,,96,1,0.6715,1.0071,D20,8.000,28.571,38,150
5,150,a200,atc,0.5,c05_storm_150_a200_c80_0013,0.0000,0.0000,0.0000,0.0000,94,1,0.6715,1.0071,D20,8.000,28.571,38,150
5,150,a200,edd,0.5,c05_storm_150_a200_c80_0013,0.0000,0.0000,,,94,1,0.6715,1.0071,D20,8.000,28.571,38,150
5,150,a200,atc,1.0,c05_storm_150_a200_c80_0013,0.0000,0.0000,0.0000,0.0000,77,1,0.6715,1.0071,D20,8.000,28.571,38,150
5,150,a200,edd,1.0,c05_storm_150_a200_c80_0013,0.0000,0.0000,,,77,1,0.6715,1.0071,D20,8.000,28.571,38,150
5,150,a200,atc,0.25,c05_storm_150_a200_c80_0014,0.0000,0.0000,0.0000,0.0000,97,1,0.4543,1.0999,C10,8.000,24.574,35,150
5,150,a200,edd,0.25,c05_storm_150_a200_c80_0014,0.0000,0.0000,,,97,1,0.4543,1.0999,C10,8.000,24.574,35,150
5,150,a200,atc,0.5,c05_storm_150_a200_c80_0014,0.0000,0.0000,0.0000,0.0000,88,1,0.4543,1.0999,C10,8.000,24.574,35,150
5,150,a200,edd,0.5,c05_storm_150_a200_c80_0014,0.0000,0.0000,,,88,1,0.4543,1.0999,C10,8.000,24.574,35,150
5,150,a200,atc,1.0,c05_storm_150_a200_c80_0014,0.0000,0.0000,0.0000,0.0000,68,1,0.4543,1.0999,C10,8.000,24.574,35,150
5,150,a200,edd,1.0,c05_storm_150_a200_c80_0014,0.0000,0.0000,,,68,1,0.4543,1.0999,C10,8.000,24.574,35,150
5,150,a200,atc,0.25,c05_storm_150_a200_c80_0015,142.8304,142.8304,0.0000,0.0000,93,1,0.5599,0.9349,B20,8.000,27.947,37,150
5,150,a200,edd,0.25,c05_storm_150_a200_c80_0015,142.8304,142.8304,,,93,1,0.5599,0.9349,B20,8.000,27.947,37,150
5,150,a200,atc,0.5,c05_storm_150_a200_c80_0015,7.4152,7.4152,0.0000,0.0000,93,1,0.5599,0.9349,B20,8.000,27.947,37,150
5,150,a200,edd,0.5,c05_storm_150_a200_c80_0015,7.4152,7.4152,,,93,1,0.5599,0.9349,B20,8.000,27.947,37,150
5,150,a200,atc,1.0,c05_storm_150_a200_c80_0015,0.0000,0.0000,0.0000,0.0000,80,1,0.5599,0.9349,B20,8.000,27.947,37,150
5,150,a200,edd,1.0,c05_storm_150_a200_c80_0015,0.0000,0.0000,,,80,1,0.5599,0.9349,B20,8.000,27.947,37,150
5,150,a200,atc,0.25,c05_storm_150_a200_c80_0016,0.0000,0.0000,0.0000,0.0000,98,1,0.6342,1.3478,B30,8.167,59.088,42,150
5,150,a200,edd,0.25,c05_storm_150_a200_c80_0016,0.0000,0.0000,,,98,1,0.6342,1.3478,B30,8.167,59.088,42,150
5,150,a200,atc,0.5,c05_storm_150_a200_c80_0016,0.0000,0.0000,0.0000,0.0000,99,1,0.6342,1.3478,B30,8.167,59.088,42,150
5,150,a200,edd,0.5,c05_storm_150_a200_c80_0016,0.0000,0.0000,,,99,1,0.6342,1.3478,B30,8.167,59.088,42,150
5,150,a200,atc,1.0,c05_storm_150_a200_c80_0016,29.3680,29.3680,0.0000,0.0000,67,1,0.6342,1.3478,B30,8.167,59.088,42,150
5,150,a200,edd,1.0,c05_storm_150_a200_c80_0016,29.3680,29.3680,,,67,1,0.6342,1.3478,B30,8.167,59.088,42,150
5,150,a200,atc,0.25,c05_storm_150_a200_c80_0017,0.0000,0.0000,0.0000,0.0000,104,1,0.6047,2.2203,C10,8.121,41.967,50,150
5,150,a200,edd,0.25,c05_storm_150_a200_c80_0017,0.0000,0.0000,,,104,1,0.6047,2.2203,C10,8.121,41.967,50,150
5,150,a200,atc,0.5,c05_storm_150_a200_c80_0017,11.1696,11.1696,0.0000,0.0000,102,1,0.6047,2.2203,C10,8.121,41.967,50,150
5,150,a200,edd,0.5,c05_storm_150_a200_c80_0017,11.1696,11.1696,,,102,1,0.6047,2.2203,C10,8.121,41.967,50,150
5,150,a200,atc,1.0,c05_storm_150_a200_c80_0017,58.0352,58.0352,0.0000,0.0000,73,1,0.6047,2.2203,C10,8.121,41.967,50,150
5,150,a200,edd,1.0,c05_storm_150_a200_c80_0017,58.0352,58.0352,,,73,1,0.6047,2.2203,C10,8.121,41.967,50,150
5,150,a200,atc,0.25,c05_storm_150_a200_c80_0018,26.6784,26.6784,0.0000,0.0000,74,1,0.6532,1.8778,D50,8.000,45.270,47,150
5,150,a200,edd,0.25,c05_storm_150_a200_c80_0018,26.6784,26.6784,,,74,1,0.6532,1.8778,D50,8.000,45.270,47,150
5,150,a200,atc,0.5,c05_storm_150_a200_c80_0018,26.6784,26.6784,0.0000,0.0000,79,1,0.6532,1.8778,D50,8.000,45.270,47,150
5,150,a200,edd,0.5,c05_storm_150_a200_c80_0018,26.6784,26.6784,,,79,1,0.6532,1.8778,D50,8.000,45.270,47,150
5,150,a200,atc,1.0,c05_storm_150_a200_c80_0018,0.0000,0.0000,0.0000,0.0000,67,1,0.6532,1.8778,D50,8.000,45.270,47,150
5,150,a200,edd,1.0,c05_storm_150_a200_c80_0018,0.0000,0.0000,,,67,1,0.6532,1.8778,D50,8.000,45.270,47,150
5,150,a200,atc,0.25,c05_storm_150_a200_c80_0019,0.0000,0.0000,0.0000,0.0000,89,1,0.6601,1.5833,D40,8.000,22.628,36,150
5,150,a200,edd,0.25,c05_storm_150_a200_c80_0019,0.0000,0.0000,,,89,1,0.6601,1.5833,D40,8.000,22.628,36,150
5,150,a200,atc,0.5,c05_storm_150_a200_c80_0019,0.0000,0.0000,0.0000,0.0000,87,1,0.6601,1.5833,D40,8.000,22.628,36,150
5,150,a200,edd,0.5,c05_storm_150_a200_c80_0019,0.0000,0.0000,,,87,1,0.6601,1.5833,D40,8.000,22.628,36,150
5,150,a200,atc,1.0,c05_storm_150_a200_c80_0019,39.2920,39.2920,0.0000,0.0000,71,1,0.6601,1.5833,D40,8.000,22.628,36,150
5,150,a200,edd,1.0,c05_storm_150_a200_c80_0019,39.2920,39.2920,,,71,1,0.6601,1.5833,D40,8.000,22.628,36,150
5,150,a200,atc,0.25,c05_storm_150_a200_c80_0020,166.2760,166.2760,0.0000,0.0000,98,1,0.5353,1.5880,B20,8.000,30.436,36,150
5,150,a200,edd,0.25,c05_storm_150_a200_c80_0020,166.2760,166.2760,,,98,1,0.5353,1.5880,B20,8.000,30.436,36,150
5,150,a200,atc,0.5,c05_storm_150_a200_c80_0020,166.2760,166.2760,0.0000,0.0000,103,1,0.5353,1.5880,B20,8.000,30.436,36,150
5,150,a200,edd,0.5,c05_storm_150_a200_c80_0020,166.2760,166.2760,,,103,1,0.5353,1.5880,B20,8.000,30.436,36,150
5,150,a200,atc,1.0,c05_storm_150_a200_c80_0020,19.1380,19.1380,0.0000,0.0000,69,1,0.5353,1.5880,B20,8.000,30.436,36,150
5,150,a200,edd,1.0,c05_storm_150_a200_c80_0020,19.1380,19.1380,,,69,1,0.5353,1.5880,B20,8.000,30.436,36,150
5,150,a200,atc,0.25,c05_storm_150_a200_c80_0021,39.8024,0.0000,0.0000,0.0000,90,1,0.4569,1.9021,C10,8.134,31.571,44,150
5,150,a200,edd,0.25,c05_storm_150_a200_c80_0021,0.7864,0.0000,,,90,1,0.4569,1.9021,C10,8.134,31.571,44,150
5,150,a200,atc,0.5,c05_storm_150_a200_c80_0021,0.0000,0.0000,0.0000,0.0000,89,1,0.4569,1.9021,C10,8.134,31.571,44,150
5,150,a200,edd,0.5,c05_storm_150_a200_c80_0021,0.0000,0.0000,,,89,1,0.4569,1.9021,C10,8.134,31.571,44,150
5,150,a200,atc,1.0,c05_storm_150_a200_c80_0021,0.0000,0.0000,0.0000,0.0000,70,1,0.4569,1.9021,C10,8.134,31.571,44,150
5,150,a200,edd,1.0,c05_storm_150_a200_c80_0021,0.0000,0.0000,,,70,1,0.4569,1.9021,C10,8.134,31.571,44,150
5,150,a200,atc,0.25,c05_storm_150_a200_c80_0022,0.0000,0.0000,0.0000,0.0000,82,1,0.6371,1.6249,C10,8.000,34.883,51,150
5,150,a200,edd,0.25,c05_storm_150_a200_c80_0022,0.0000,0.0000,,,82,1,0.6371,1.6249,C10,8.000,34.883,51,150
5,150,a200,atc,0.5,c05_storm_150_a200_c80_0022,0.0000,0.0000,0.0000,0.0000,81,1,0.6371,1.6249,C10,8.000,34.883,51,150
5,150,a200,edd,0.5,c05_storm_150_a200_c80_0022,0.0000,0.0000,,,81,1,0.6371,1.6249,C10,8.000,34.883,51,150
5,150,a200,atc,1.0,c05_storm_150_a200_c80_0022,32.2640,32.2640,0.0000,0.0000,60,1,0.6371,1.6249,C10,8.000,34.883,51,150
5,150,a200,edd,1.0,c05_storm_150_a200_c80_0022,32.2640,32.2640,,,60,1,0.6371,1.6249,C10,8.000,34.883,51,150
5,150,a200,atc,0.25,c05_storm_150_a200_c80_0023,0.0000,0.0000,0.0000,0.0000,101,1,0.5774,0.9936,E10,8.000,51.951,38,150
5,150,a200,edd,0.25,c05_storm_150_a200_c80_0023,0.0000,0.0000,,,101,1,0.5774,0.9936,E10,8.000,51.951,38,150
5,150,a200,atc,0.5,c05_storm_150_a200_c80_0023,0.0000,0.0000,0.0000,0.0000,98,1,0.5774,0.9936,E10,8.000,51.951,38,150
5,150,a200,edd,0.5,c05_storm_150_a200_c80_0023,0.0000,0.0000,,,98,1,0.5774,0.9936,E10,8.000,51.951,38,150
5,150,a200,atc,1.0,c05_storm_150_a200_c80_0023,101.4428,101.4428,0.0000,0.0000,74,1,0.5774,0.9936,E10,8.000,51.951,38,150
5,150,a200,edd,1.0,c05_storm_150_a200_c80_0023,101.4428,101.4428,,,74,1,0.5774,0.9936,E10,8.000,51.951,38,150
5,150,a200,atc,0.25,c05_storm_150_a200_c80_0024,0.0000,0.0000,0.0000,0.0000,95,1,0.6041,1.2918,E10,8.000,41.818,39,150
5,150,a200,edd,0.25,c05_storm_150_a200_c80_0024,0.0000,0.0000,,,95,1,0.6041,1.2918,E10,8.000,41.818,39,150
5,150,a200,atc,0.5,c05_storm_150_a200_c80_0024,0.0000,0.0000,0.0000,0.0000,93,1,0.6041,1.2918,E10,8.000,41.818,39,150
5,150,a200,edd,0.5,c05_storm_150_a200_c80_0024,0.0000,0.0000,,,93,1,0.6041,1.2918,E10,8.000,41.818,39,150
5,150,a200,atc,1.0,c05_storm_150_a200_c80_0024,46.2424,46.2424,0.0000,0.0000,64,1,0.6041,1.2918,E10,8.000,41.818,39,150
5,150,a200,edd,1.0,c05_storm_150_a200_c80_0024,46.2424,46.0376,,,64,1,0.6041,1.2918,E10,8.000,41.818,39,150
5,150,a200,atc,0.25,c05_storm_150_a200_c80_0025,76.7856,76.7856,0.0000,0.0000,99,1,0.6494,1.8125,E20,8.000,58.144,30,150
5,150,a200,edd,0.25,c05_storm_150_a200_c80_0025,76.7856,76.7856,,,99,1,0.6494,1.8125,E20,8.000,58.144,30,150
5,150,a200,atc,0.5,c05_storm_150_a200_c80_0025,0.0000,0.0000,0.0000,0.0000,93,1,0.6494,1.8125,E20,8.000,58.144,30,150
5,150,a200,edd,0.5,c05_storm_150_a200_c80_0025,0.0000,0.0000,,,93,1,0.6494,1.8125,E20,8.000,58.144,30,150
5,150,a200,atc,1.0,c05_storm_150_a200_c80_0025,15.4496,15.4496,0.0000,0.0000,60,1,0.6494,1.8125,E20,8.000,58.144,30,150
5,150,a200,edd,1.0,c05_storm_150_a200_c80_0025,15.4496,15.4496,,,60,1,0.6494,1.8125,E20,8.000,58.144,30,150
5,150,a200,atc,0.25,c05_storm_150_a200_c80_0026,8.6488,8.6488,0.0000,0.0000,97,1,0.5840,1.1222,B30,8.000,34.804,30,150
5,150,a200,edd,0.25,c05_storm_150_a200_c80_0026,8.6488,8.6488,,,97,1,0.5840,1.1222,B30,8.000,34.804,30,150
5,150,a200,atc,0.5,c05_storm_150_a200_c80_0026,8.6488,8.6488,0.0000,0.0000,97,1,0.5840,1.1222,B30,8.000,34.804,30,150
5,150,a200,edd,0.5,c05_storm_150_a200_c80_0026,8.6488,8.6488,,,97,1,0.5840,1.1222,B30,8.000,34.804,30,150
5,150,a200,atc,1.0,c05_storm_150_a200_c80_0026,0.0000,0.0000,0.0000,0.0000,74,1,0.5840,1.1222,B30,8.000,34.804,30,150
5,150,a200,edd,1.0,c05_storm_150_a200_c80_0026,0.0000,0.0000,,,74,1,0.5840,1.1222,B30,8.000,34.804,30,150
5,150,a200,atc,0.25,c05_storm_150_a200_c80_0027,0.0000,0.0000,0.0000,0.0000,94,1,0.5745,1.3137,C10,8.000,30.631,45,150
5,150,a200,edd,0.25,c05_storm_150_a200_c80_0027,0.0000,0.0000,,,94,1,0.5745,1.3137,C10,8.000,30.631,45,150
5,150,a200,atc,0.5,c05_storm_150_a200_c80_0027,0.0000,0.0000,0.0000,0.0000,96,1,0.5745,1.3137,C10,8.000,30.631,45,150
5,150,a200,edd,0.5,c05_storm_150_a200_c80_0027,0.0000,0.0000,,,96,1,0.5745,1.3137,C10,8.000,30.631,45,150
5,150,a200,atc,1.0,c05_storm_150_a200_c80_0027,0.0000,0.0000,0.0000,0.0000,54,1,0.5745,1.3137,C10,8.000,30.631,45,150
5,150,a200,edd,1.0,c05_storm_150_a200_c80_0027,0.0000,0.0000,,,54,1,0.5745,1.3137,C10,8.000,30.631,45,150
5,150,a200,atc,0.25,c05_storm_150_a200_c80_0028,3.5520,3.5520,0.0000,0.0000,89,1,0.5972,2.9679,C30,8.000,59.434,40,150
5,150,a200,edd,0.25,c05_storm_150_a200_c80_0028,3.5520,3.5520,,,89,1,0.5972,2.9679,C30,8.000,59.434,40,150
5,150,a200,atc,0.5,c05_storm_150_a200_c80_0028,3.5520,3.5520,0.0000,0.0000,88,1,0.5972,2.9679,C30,8.000,59.434,40,150
5,150,a200,edd,0.5,c05_storm_150_a200_c80_0028,3.5520,3.5520,,,88,1,0.5972,2.9679,C30,8.000,59.434,40,150
5,150,a200,atc,1.0,c05_storm_150_a200_c80_0028,136.0000,136.0000,0.0000,0.0000,69,1,0.5972,2.9679,C30,8.000,59.434,40,150
5,150,a200,edd,1.0,c05_storm_150_a200_c80_0028,136.0000,136.0000,,,69,1,0.5972,2.9679,C30,8.000,59.434,40,150
5,150,a200,atc,0.25,c05_storm_150_a200_c80_0029,0.0000,0.0000,0.0000,0.0000,82,1,0.4734,1.5435,C10,8.354,24.753,45,150
5,150,a200,edd,0.25,c05_storm_150_a200_c80_0029,0.0000,0.0000,,,82,1,0.4734,1.5435,C10,8.354,24.753,45,150
5,150,a200,atc,0.5,c05_storm_150_a200_c80_0029,4.5488,4.5488,0.0000,0.0000,86,1,0.4734,1.5435,C10,8.354,24.753,45,150
5,150,a200,edd,0.5,c05_storm_150_a200_c80_0029,4.5488,4.5488,,,86,1,0.4734,1.5435,C10,8.354,24.753,45,150
5,150,a200,atc,1.0,c05_storm_150_a200_c80_0029,13.4952,13.4952,0.0000,0.0000,72,1,0.4734,1.5435,C10,8.354,24.753,45,150
5,150,a200,edd,1.0,c05_storm_150_a200_c80_0029,13.4952,13.4952,,,72,1,0.4734,1.5435,C10,8.354,24.753,45,150
5,150,a300,atc,0.25,c05_storm_150_a300_c80_0000,0.0000,0.0000,0.0000,0.0000,94,1,0.4989,1.1299,C30,8.000,25.359,14,150
5,150,a300,edd,0.25,c05_storm_150_a300_c80_0000,0.0000,0.0000,,,94,1,0.4989,1.1299,C30,8.000,25.359,14,150
5,150,a300,atc,0.5,c05_storm_150_a300_c80_0000,0.0000,0.0000,0.0000,0.0000,96,1,0.4989,1.1299,C30,8.000,25.359,14,150
5,150,a300,edd,0.5,c05_storm_150_a300_c80_0000,0.0000,0.0000,,,96,1,0.4989,1.1299,C30,8.000,25.359,14,150
5,150,a300,atc,1.0,c05_storm_150_a300_c80_0000,0.0000,0.0000,0.0000,0.0000,69,1,0.4989,1.1299,C30,8.000,25.359,14,150
5,150,a300,edd,1.0,c05_storm_150_a300_c80_0000,0.0000,0.0000,,,69,1,0.4989,1.1299,C30,8.000,25.359,14,150
5,150,a300,atc,0.25,c05_storm_150_a300_c80_0001,0.0000,0.0000,0.0000,0.0000,86,1,0.6978,1.1406,B30,8.000,58.997,23,150
5,150,a300,edd,0.25,c05_storm_150_a300_c80_0001,0.0000,0.0000,,,86,1,0.6978,1.1406,B30,8.000,58.997,23,150
5,150,a300,atc,0.5,c05_storm_150_a300_c80_0001,0.0000,0.0000,0.0000,0.0000,86,1,0.6978,1.1406,B30,8.000,58.997,23,150
5,150,a300,edd,0.5,c05_storm_150_a300_c80_0001,0.0000,0.0000,,,86,1,0.6978,1.1406,B30,8.000,58.997,23,150
5,150,a300,atc,1.0,c05_storm_150_a300_c80_0001,16.6928,16.2664,0.0000,0.0000,67,1,0.6978,1.1406,B30,8.000,58.997,23,150
5,150,a300,edd,1.0,c05_storm_150_a300_c80_0001,16.6928,14.3384,,,67,1,0.6978,1.1406,B30,8.000,58.997,23,150
5,150,a300,atc,0.25,c05_storm_150_a300_c80_0002,1.0956,1.0956,0.0000,0.0000,92,1,0.6729,1.3217,D50,8.000,37.320,27,150
5,150,a300,edd,0.25,c05_storm_150_a300_c80_0002,1.0956,1.0956,,,92,1,0.6729,1.3217,D50,8.000,37.320,27,150
5,150,a300,atc,0.5,c05_storm_150_a300_c80_0002,1.0956,1.0956,0.0000,0.0000,90,1,0.6729,1.3217,D50,8.000,37.320,27,150
5,150,a300,edd,0.5,c05_storm_150_a300_c80_0002,1.0956,1.0956,,,90,1,0.6729,1.3217,D50,8.000,37.320,27,150
5,150,a300,atc,1.0,c05_storm_150_a300_c80_0002,1.0956,1.0956,0.0000,0.0000,71,1,0.6729,1.3217,D50,8.000,37.320,27,150
5,150,a300,edd,1.0,c05_storm_150_a300_c80_0002,1.0956,1.0956,,,71,1,0.6729,1.3217,D50,8.000,37.320,27,150
5,150,a300,atc,0.25,c05_storm_150_a300_c80_0003,0.0000,0.0000,0.0000,0.0000,96,1,0.4829,1.7485,C10,8.000,24.151,27,150
5,150,a300,edd,0.25,c05_storm_150_a300_c80_0003,0.0000,0.0000,,,96,1,0.4829,1.7485,C10,8.000,24.151,27,150
5,150,a300,atc,0.5,c05_storm_150_a300_c80_0003,0.0000,0.0000,0.0000,0.0000,91,1,0.4829,1.7485,C10,8.000,24.151,27,150
5,150,a300,edd,0.5,c05_storm_150_a300_c80_0003,0.0000,0.0000,,,91,1,0.4829,1.7485,C10,8.000,24.151,27,150
5,150,a300,atc,1.0,c05_storm_150_a300_c80_0003,48.3696,48.3696,0.0000,0.0000,62,1,0.4829,1.7485,C10,8.000,24.151,27,150
5,150,a300,edd,1.0,c05_storm_150_a300_c80_0003,48.3696,48.3696,,,62,1,0.4829,1.7485,C10,8.000,24.151,27,150
5,150,a300,atc,0.25,c05_storm_150_a300_c80_0004,2.2232,2.2232,0.0000,0.0000,90,1,0.5113,1.1999,E10,8.000,26.116,17,150
5,150,a300,edd,0.25,c05_storm_150_a300_c80_0004,2.2232,2.2232,,,90,1,0.5113,1.1999,E10,8.000,26.116,17,150
5,150,a300,atc,0.5,c05_storm_150_a300_c80_0004,2.2232,2.2232,0.0000,0.0000,95,1,0.5113,1.1999,E10,8.000,26.116,17,150
5,150,a300,edd,0.5,c05_storm_150_a300_c80_0004,2.2232,2.2232,,,95,1,0.5113,1.1999,E10,8.000,26.116,17,150
5,150,a300,atc,1.0,c05_storm_150_a300_c80_0004,59.6792,59.6792,0.0000,0.0000,66,1,0.5113,1.1999,E10,8.000,26.116,17,150
5,150,a300,edd,1.0,c05_storm_150_a300_c80_0004,59.6792,59.6792,,,66,1,0.5113,1.1999,E10,8.000,26.116,17,150
5,150,a300,atc,0.25,c05_storm_150_a300_c80_0005,0.0000,0.0000,0.0000,0.0000,90,1,0.6389,1.1917,C10,8.000,46.549,21,150
5,150,a300,edd,0.25,c05_storm_150_a300_c80_0005,0.0000,0.0000,,,90,1,0.6389,1.1917,C10,8.000,46.549,21,150
5,150,a300,atc,0.5,c05_storm_150_a300_c80_0005,0.0000,0.0000,0.0000,0.0000,89,1,0.6389,1.1917,C10,8.000,46.549,21,150
5,150,a300,edd,0.5,c05_storm_150_a300_c80_0005,0.0000,0.0000,,,89,1,0.6389,1.1917,C10,8.000,46.549,21,150
5,150,a300,atc,1.0,c05_storm_150_a300_c80_0005,42.6552,42.6552,0.0000,0.0000,66,1,0.6389,1.1917,C10,8.000,46.549,21,150
5,150,a300,edd,1.0,c05_storm_150_a300_c80_0005,42.6552,42.6552,,,66,1,0.6389,1.1917,C10,8.000,46.549,21,150
5,150,a300,atc,0.25,c05_storm_150_a300_c80_0006,73.2984,73.2984,0.0000,0.0000,90,1,0.6203,0.8598,D50,8.000,18.666,24,150
5,150,a300,edd,0.25,c05_storm_150_a300_c80_0006,73.2984,73.2984,,,90,1,0.6203,0.8598,D50,8.000,18.666,24,150
5,150,a300,atc,0.5,c05_storm_150_a300_c80_0006,73.2984,73.2984,0.0000,0.0000,96,1,0.6203,0.8598,D50,8.000,18.666,24,150
5,150,a300,edd,0.5,c05_storm_150_a300_c80_0006,73.2984,73.2984,,,96,1,0.6203,0.8598,D50,8.000,18.666,24,150
5,150,a300,atc,1.0,c05_storm_150_a300_c80_0006,73.2984,73.2984,0.0000,0.0000,62,1,0.6203,0.8598,D50,8.000,18.666,24,150
5,150,a300,edd,1.0,c05_storm_150_a300_c80_0006,73.2984,73.2984,,,62,1,0.6203,0.8598,D50,8.000,18.666,24,150
5,150,a300,atc,0.25,c05_storm_150_a300_c80_0007,0.9168,0.9168,0.0000,0.0000,94,1,0.5824,1.4720,D50,8.000,45.721,18,150
5,150,a300,edd,0.25,c05_storm_150_a300_c80_0007,0.9168,0.9168,,,94,1,0.5824,1.4720,D50,8.000,45.721,18,150
5,150,a300,atc,0.5,c05_storm_150_a300_c80_0007,61.1720,61.1720,0.0000,0.0000,97,1,0.5824,1.4720,D50,8.000,45.721,18,150
5,150,a300,edd,0.5,c05_storm_150_a300_c80_0007,61.1720,61.1720,,,97,1,0.5824,1.4720,D50,8.000,45.721,18,150
5,150,a300,atc,1.0,c05_storm_150_a300_c80_0007,61.1720,61.1720,0.0000,0.0000,67,1,0.5824,1.4720,D50,8.000,45.721,18,150
5,150,a300,edd,1.0,c05_storm_150_a300_c80_0007,61.1720,61.1720,,,67,1,0.5824,1.4720,D50,8.000,45.721,18,150
5,150,a300,atc,0.25,c05_storm_150_a300_c80_0008,0.0000,0.0000,0.0000,0.0000,96,1,0.5128,0.9748,C10,8.000,27.747,20,150
5,150,a300,edd,0.25,c05_storm_150_a300_c80_0008,0.0000,0.0000,,,96,1,0.5128,0.9748,C10,8.000,27.747,20,150
5,150,a300,atc,0.5,c05_storm_150_a300_c80_0008,0.0000,0.0000,0.0000,0.0000,102,1,0.5128,0.9748,C10,8.000,27.747,20,150
5,150,a300,edd,0.5,c05_storm_150_a300_c80_0008,0.0000,0.0000,,,102,1,0.5128,0.9748,C10,8.000,27.747,20,150
5,150,a300,atc,1.0,c05_storm_150_a300_c80_0008,1.6216,1.6216,0.0000,0.0000,76,1,0.5128,0.9748,C10,8.000,27.747,20,150
5,150,a300,edd,1.0,c05_storm_150_a300_c80_0008,1.6216,1.6216,,,76,1,0.5128,0.9748,C10,8.000,27.747,20,150
5,150,a300,atc,0.25,c05_storm_150_a300_c80_0009,0.0000,0.0000,0.0000,0.0000,94,1,0.4878,1.2217,C10,8.000,24.933,21,150
5,150,a300,edd,0.25,c05_storm_150_a300_c80_0009,0.0000,0.0000,,,94,1,0.4878,1.2217,C10,8.000,24.933,21,150
5,150,a300,atc,0.5,c05_storm_150_a300_c80_0009,0.0000,0.0000,0.0000,0.0000,96,1,0.4878,1.2217,C10,8.000,24.933,21,150
5,150,a300,edd,0.5,c05_storm_150_a300_c80_0009,0.0000,0.0000,,,96,1,0.4878,1.2217,C10,8.000,24.933,21,150
5,150,a300,atc,1.0,c05_storm_150_a300_c80_0009,0.0000,0.0000,0.0000,0.0000,63,1,0.4878,1.2217,C10,8.000,24.933,21,150
5,150,a300,edd,1.0,c05_storm_150_a300_c80_0009,0.0000,0.0000,,,63,1,0.4878,1.2217,C10,8.000,24.933,21,150
5,150,a300,atc,0.25,c05_storm_150_a300_c80_0010,1.7560,1.7560,0.0000,0.0000,94,1,0.5546,1.0581,C10,8.000,15.892,27,150
5,150,a300,edd,0.25,c05_storm_150_a300_c80_0010,1.7560,1.7560,,,94,1,0.5546,1.0581,C10,8.000,15.892,27,150
5,150,a300,atc,0.5,c05_storm_150_a300_c80_0010,1.7560,1.7560,0.0000,0.0000,88,1,0.5546,1.0581,C10,8.000,15.892,27,150
5,150,a300,edd,0.5,c05_storm_150_a300_c80_0010,1.7560,1.7560,,,88,1,0.5546,1.0581,C10,8.000,15.892,27,150
5,150,a300,atc,1.0,c05_storm_150_a300_c80_0010,28.0368,28.0368,0.0000,0.0000,63,1,0.5546,1.0581,C10,8.000,15.892,27,150
5,150,a300,edd,1.0,c05_storm_150_a300_c80_0010,28.0368,28.0368,,,63,1,0.5546,1.0581,C10,8.000,15.892,27,150
5,150,a300,atc,0.25,c05_storm_150_a300_c80_0011,5.7000,5.7000,0.0000,0.0000,90,1,0.6253,1.9501,C30,8.000,46.357,23,150
5,150,a300,edd,0.25,c05_storm_150_a300_c80_0011,5.7000,5.7000,,,90,1,0.6253,1.9501,C30,8.000,46.357,23,150
5,150,a300,atc,0.5,c05_storm_150_a300_c80_0011,0.0000,0.0000,0.0000,0.0000,85,1,0.6253,1.9501,C30,8.000,46.357,23,150
5,150,a300,edd,0.5,c05_storm_150_a300_c80_0011,0.0000,0.0000,,,85,1,0.6253,1.9501,C30,8.000,46.357,23,150
5,150,a300,atc,1.0,c05_storm_150_a300_c80_0011,103.3540,103.3540,0.0000,0.0000,61,1,0.6253,1.9501,C30,8.000,46.357,23,150
5,150,a300,edd,1.0,c05_storm_150_a300_c80_0011,103.3540,103.3540,,,61,1,0.6253,1.9501,C30,8.000,46.357,23,150
5,150,a300,atc,0.25,c05_storm_150_a300_c80_0012,0.0000,0.0000,0.0000,0.0000,90,1,0.5990,1.3405,D50,8.000,37.102,23,150
5,150,a300,edd,0.25,c05_storm_150_a300_c80_0012,0.0000,0.0000,,,90,1,0.5990,1.3405,D50,8.000,37.102,23,150
5,150,a300,atc,0.5,c05_storm_150_a300_c80_0012,0.0000,0.0000,0.0000,0.0000,91,1,0.5990,1.3405,D50,8.000,37.102,23,150
5,150,a300,edd,0.5,c05_storm_150_a300_c80_0012,0.0000,0.0000,,,91,1,0.5990,1.3405,D50,8.000,37.102,23,150
5,150,a300,atc,1.0,c05_storm_150_a300_c80_0012,130.6024,130.6024,0.0000,0.0000,71,1,0.5990,1.3405,D50,8.000,37.102,23,150
5,150,a300,edd,1.0,c05_storm_150_a300_c80_0012,130.6024,130.6024,,,71,1,0.5990,1.3405,D50,8.000,37.102,23,150
5,150,a300,atc,0.25,c05_storm_150_a300_c80_0013,0.0000,0.0000,0.0000,0.0000,85,1,0.4994,1.6265,C30,8.000,29.944,22,150
5,150,a300,edd,0.25,c05_storm_150_a300_c80_0013,0.0000,0.0000,,,85,1,0.4994,1.6265,C30,8.000,29.944,22,150
5,150,a300,atc,0.5,c05_storm_150_a300_c80_0013,0.0000,0.0000,0.0000,0.0000,80,1,0.4994,1.6265,C30,8.000,29.944,22,150
5,150,a300,edd,0.5,c05_storm_150_a300_c80_0013,0.0000,0.0000,,,80,1,0.4994,1.6265,C30,8.000,29.944,22,150
5,150,a300,atc,1.0,c05_storm_150_a300_c80_0013,18.2940,18.2940,0.0000,0.0000,73,1,0.4994,1.6265,C30,8.000,29.944,22,150
5,150,a300,edd,1.0,c05_storm_150_a300_c80_0013,18.2940,18.2940,,,73,1,0.4994,1.6265,C30,8.000,29.944,22,150
5,150,a300,atc,0.25,c05_storm_150_a300_c80_0014,0.0000,0.0000,0.0000,0.0000,99,1,0.5614,3.0224,MISC,8.000,51.826,23,150
5,150,a300,edd,0.25,c05_storm_150_a300_c80_0014,0.0000,0.0000,,,99,1,0.5614,3.0224,MISC,8.000,51.826,23,150
5,150,a300,atc,0.5,c05_storm_150_a300_c80_0014,1.4736,1.1912,0.0000,0.0000,96,1,0.5614,3.0224,MISC,8.000,51.826,23,150
5,150,a300,edd,0.5,c05_storm_150_a300_c80_0014,1.4736,1.4736,,,96,1,0.5614,3.0224,MISC,8.000,51.826,23,150
5,150,a300,atc,1.0,c05_storm_150_a300_c80_0014,198.8504,198.5680,0.0000,0.0000,68,1,0.5614,3.0224,MISC,8.000,51.826,23,150
5,150,a300,edd,1.0,c05_storm_150_a300_c80_0014,198.8504,198.8504,,,68,1,0.5614,3.0224,MISC,8.000,51.826,23,150
5,150,a300,atc,0.25,c05_storm_150_a300_c80_0015,0.0000,0.0000,0.0000,0.0000,90,1,0.5500,1.0337,E10,8.000,22.241,22,150
5,150,a300,edd,0.25,c05_storm_150_a300_c80_0015,0.0000,0.0000,,,90,1,0.5500,1.0337,E10,8.000,22.241,22,150
5,150,a300,atc,0.5,c05_storm_150_a300_c80_0015,0.0000,0.0000,0.0000,0.0000,97,1,0.5500,1.0337,E10,8.000,22.241,22,150
5,150,a300,edd,0.5,c05_storm_150_a300_c80_0015,0.0000,0.0000,,,97,1,0.5500,1.0337,E10,8.000,22.241,22,150
5,150,a300,atc,1.0,c05_storm_150_a300_c80_0015,0.0000,0.0000,0.0000,0.0000,67,1,0.5500,1.0337,E10,8.000,22.241,22,150
5,150,a300,edd,1.0,c05_storm_150_a300_c80_0015,0.0000,0.0000,,,67,1,0.5500,1.0337,E10,8.000,22.241,22,150
5,150,a300,atc,0.25,c05_storm_150_a300_c80_0016,0.0000,0.0000,0.0000,0.0000,84,1,0.5200,1.0155,C10,8.000,23.878,21,150
5,150,a300,edd,0.25,c05_storm_150_a300_c80_0016,0.0000,0.0000,,,84,1,0.5200,1.0155,C10,8.000,23.878,21,150
5,150,a300,atc,0.5,c05_storm_150_a300_c80_0016,2.6320,0.0000,0.0000,0.0000,83,1,0.5200,1.0155,C10,8.000,23.878,21,150
5,150,a300,edd,0.5,c05_storm_150_a300_c80_0016,2.6320,0.0000,,,83,1,0.5200,1.0155,C10,8.000,23.878,21,150
5,150,a300,atc,1.0,c05_storm_150_a300_c80_0016,2.6320,0.0000,0.0000,0.0000,82,1,0.5200,1.0155,C10,8.000,23.878,21,150
5,150,a300,edd,1.0,c05_storm_150_a300_c80_0016,2.6320,0.0000,,,82,1,0.5200,1.0155,C10,8.000,23.878,21,150
5,150,a300,atc,0.25,c05_storm_150_a300_c80_0017,1.6856,1.6856,0.0000,0.0000,95,1,0.5052,0.7819,C10,8.000,19.879,20,150
5,150,a300,edd,0.25,c05_storm_150_a300_c80_0017,1.6856,1.6856,,,95,1,0.5052,0.7819,C10,8.000,19.879,20,150
5,150,a300,atc,0.5,c05_storm_150_a300_c80_0017,0.0000,0.0000,0.0000,0.0000,97,1,0.5052,0.7819,C10,8.000,19.879,20,150
5,150,a300,edd,0.5,c05_storm_150_a300_c80_0017,0.0000,0.0000,,,97,1,0.5052,0.7819,C10,8.000,19.879,20,150
5,150,a300,atc,1.0,c05_storm_150_a300_c80_0017,63.4160,63.4160,0.0000,0.0000,69,1,0.5052,0.7819,C10,8.000,19.879,20,150
5,150,a300,edd,1.0,c05_storm_150_a300_c80_0017,63.4160,63.4160,,,69,1,0.5052,0.7819,C10,8.000,19.879,20,150
5,150,a300,atc,0.25,c05_storm_150_a300_c80_0018,0.0000,0.0000,0.0000,0.0000,92,1,0.6157,1.1882,C10,8.000,45.770,24,150
5,150,a300,edd,0.25,c05_storm_150_a300_c80_0018,0.0000,0.0000,,,92,1,0.6157,1.1882,C10,8.000,45.770,24,150
5,150,a300,atc,0.5,c05_storm_150_a300_c80_0018,0.0000,0.0000,0.0000,0.0000,84,1,0.6157,1.1882,C10,8.000,45.770,24,150
5,150,a300,edd,0.5,c05_storm_150_a300_c80_0018,0.0000,0.0000,,,84,1,0.6157,1.1882,C10,8.000,45.770,24,150
5,150,a300,atc,1.0,c05_storm_150_a300_c80_0018,0.0000,0.0000,0.0000,0.0000,58,1,0.6157,1.1882,C10,8.000,45.770,24,150
5,150,a300,edd,1.0,c05_storm_150_a300_c80_0018,0.0000,0.0000,,,58,1,0.6157,1.1882,C10,8.000,45.770,24,150
5,150,a300,atc,0.25,c05_storm_150_a300_c80_0019,83.7824,83.7824,0.0000,0.0000,87,1,0.4921,0.9119,C10,8.000,20.960,16,150
5,150,a300,edd,0.25,c05_storm_150_a300_c80_0019,83.7824,83.7824,,,87,1,0.4921,0.9119,C10,8.000,20.960,16,150
5,150,a300,atc,0.5,c05_storm_150_a300_c80_0019,93.6144,93.6144,0.0000,0.0000,87,1,0.4921,0.9119,C10,8.000,20.960,16,150
5,150,a300,edd,0.5,c05_storm_150_a300_c80_0019,93.6144,93.6144,,,87,1,0.4921,0.9119,C10,8.000,20.960,16,150
5,150,a300,atc,1.0,c05_storm_150_a300_c80_0019,83.7824,83.7824,0.0000,0.0000,65,1,0.4921,0.9119,C10,8.000,20.960,16,150
5,150,a300,edd,1.0,c05_storm_150_a300_c80_0019,83.7824,83.7824,,,65,1,0.4921,0.9119,C10,8.000,20.960,16,150
5,150,a300,atc,0.25,c05_storm_150_a300_c80_0020,0.0000,0.0000,0.0000,0.0000,95,1,0.5670,1.7525,E10,8.000,36.081,28,150
5,150,a300,edd,0.25,c05_storm_150_a300_c80_0020,0.0000,0.0000,,,95,1,0.5670,1.7525,E10,8.000,36.081,28,150
5,150,a300,atc,0.5,c05_storm_150_a300_c80_0020,0.0000,0.0000,0.0000,0.0000,98,1,0.5670,1.7525,E10,8.000,36.081,28,150
5,150,a300,edd,0.5,c05_storm_150_a300_c80_0020,0.0000,0.0000,,,98,1,0.5670,1.7525,E10,8.000,36.081,28,150
5,150,a300,atc,1.0,c05_storm_150_a300_c80_0020,47.4256,47.6232,0.0000,0.0000,79,1,0.5670,1.7525,E10,8.000,36.081,28,150
5,150,a300,edd,1.0,c05_storm_150_a300_c80_0020,47.7368,47.5040,,,79,1,0.5670,1.7525,E10,8.000,36.081,28,150
5,150,a300,atc,0.25,c05_storm_150_a300_c80_0021,15.6888,15.6888,0.0000,0.0000,96,1,0.6384,2.0109,C30,8.000,31.919,25,150
5,150,a300,edd,0.25,c05_storm_150_a300_c80_0021,15.6888,15.6888,,,96,1,0.6384,2.0109,C30,8.000,31.919,25,150
5,150,a300,atc,0.5,c05_storm_150_a300_c80_0021,15.6888,15.6888,0.0000,0.0000,90,1,0.6384,2.0109,C30,8.000,31.919,25,150
5,150,a300,edd,0.5,c05_storm_150_a300_c80_0021,15.6888,15.6888,,,90,1,0.6384,2.0109,C30,8.000,31.919,25,150
5,150,a300,atc,1.0,c05_storm_150_a300_c80_0021,220.2352,220.2352,0.0000,0.0000,71,1,0.6384,2.0109,C30,8.000,31.919,25,150
5,150,a300,edd,1.0,c05_storm_150_a300_c80_0021,220.2352,220.2352,,,71,1,0.6384,2.0109,C30,8.000,31.919,25,150
5,150,a300,atc,0.25,c05_storm_150_a300_c80_0022,25.2552,25.2552,0.0000,0.0000,95,1,0.7014,1.1224,D20,8.000,33.602,30,150
5,150,a300,edd,0.25,c05_storm_150_a300_c80_0022,25.2552,25.2552,,,95,1,0.7014,1.1224,D20,8.000,33.602,30,150
5,150,a300,atc,0.5,c05_storm_150_a300_c80_0022,25.2552,25.2552,0.0000,0.0000,104,1,0.7014,1.1224,D20,8.000,33.602,30,150
5,150,a300,edd,0.5,c05_storm_150_a300_c80_0022,25.2552,25.2552,,,104,1,0.7014,1.1224,D20,8.000,33.602,30,150
5,150,a300,atc,1.0,c05_storm_150_a300_c80_0022,286.1208,286.1208,0.0000,0.0000,71,1,0.7014,1.1224,D20,8.000,33.602,30,150
5,150,a300,edd,1.0,c05_storm_150_a300_c80_0022,286.1208,286.1208,,,71,1,0.7014,1.1224,D20,8.000,33.602,30,150
5,150,a300,atc,0.25,c05_storm_150_a300_c80_0023,6.7304,6.7304,0.0000,0.0000,90,1,0.5855,1.1581,C30,8.000,51.157,20,150
5,150,a300,edd,0.25,c05_storm_150_a300_c80_0023,6.7304,6.7304,,,90,1,0.5855,1.1581,C30,8.000,51.157,20,150
5,150,a300,atc,0.5,c05_storm_150_a300_c80_0023,0.0000,0.0000,0.0000,0.0000,89,1,0.5855,1.1581,C30,8.000,51.157,20,150
5,150,a300,edd,0.5,c05_storm_150_a300_c80_0023,0.0000,0.0000,,,89,1,0.5855,1.1581,C30,8.000,51.157,20,150
5,150,a300,atc,1.0,c05_storm_150_a300_c80_0023,2.3640,2.3640,0.0000,0.0000,68,1,0.5855,1.1581,C30,8.000,51.157,20,150
5,150,a300,edd,1.0,c05_storm_150_a300_c80_0023,2.3640,2.3640,,,68,1,0.5855,1.1581,C30,8.000,51.157,20,150
5,150,a300,atc,0.25,c05_storm_150_a300_c80_0024,8.5680,8.5680,0.0000,0.0000,94,1,0.5666,2.4375,E10,8.000,41.947,15,150
5,150,a300,edd,0.25,c05_storm_150_a300_c80_0024,8.5680,8.5680,,,94,1,0.5666,2.4375,E10,8.000,41.947,15,150
5,150,a300,atc,0.5,c05_storm_150_a300_c80_0024,13.4144,13.4144,0.0000,0.0000,90,1,0.5666,2.4375,E10,8.000,41.947,15,150
5,150,a300,edd,0.5,c05_storm_150_a300_c80_0024,13.4144,13.4144,,,90,1,0.5666,2.4375,E10,8.000,41.947,15,150
5,150,a300,atc,1.0,c05_storm_150_a300_c80_0024,140.5584,140.5584,0.0000,0.0000,68,1,0.5666,2.4375,E10,8.000,41.947,15,150
5,150,a300,edd,1.0,c05_storm_150_a300_c80_0024,140.5584,140.5584,,,68,1,0.5666,2.4375,E10,8.000,41.947,15,150
5,150,a300,atc,0.25,c05_storm_150_a300_c80_0025,0.0000,0.0000,0.0000,0.0000,101,1,0.6553,1.1398,D50,8.000,60.401,30,150
5,150,a300,edd,0.25,c05_storm_150_a300_c80_0025,0.0000,0.0000,,,101,1,0.6553,1.1398,D50,8.000,60.401,30,150
5,150,a300,atc,0.5,c05_storm_150_a300_c80_0025,5.3744,5.3744,0.0000,0.0000,100,1,0.6553,1.1398,D50,8.000,60.401,30,150
5,150,a300,edd,0.5,c05_storm_150_a300_c80_0025,5.3744,5.3744,,,100,1,0.6553,1.1398,D50,8.000,60.401,30,150
5,150,a300,atc,1.0,c05_storm_150_a300_c80_0025,5.3744,5.3744,0.0000,0.0000,74,1,0.6553,1.1398,D50,8.000,60.401,30,150
5,150,a300,edd,1.0,c05_storm_150_a300_c80_0025,5.3744,5.3744,,,74,1,0.6553,1.1398,D50,8.000,60.401,30,150
5,150,a300,atc,0.25,c05_storm_150_a300_c80_0026,22.2336,22.2336,0.0000,0.0000,89,1,0.5668,1.2134,C10,8.000,42.365,20,150
5,150,a300,edd,0.25,c05_storm_150_a300_c80_0026,22.2336,22.2336,,,89,1,0.5668,1.2134,C10,8.000,42.365,20,150
5,150,a300,atc,0.5,c05_storm_150_a300_c80_0026,22.2336,22.2336,0.0000,0.0000,87,1,0.5668,1.2134,C10,8.000,42.365,20,150
5,150,a300,edd,0.5,c05_storm_150_a300_c80_0026,22.2336,22.2336,,,87,1,0.5668,1.2134,C10,8.000,42.365,20,150
5,150,a300,atc,1.0,c05_storm_150_a300_c80_0026,22.2336,22.2336,0.0000,0.0000,66,1,0.5668,1.2134,C10,8.000,42.365,20,150
5,150,a300,edd,1.0,c05_storm_150_a300_c80_0026,22.2336,22.2336,,,66,1,0.5668,1.2134,C10,8.000,42.365,20,150
5,150,a300,atc,0.25,c05_storm_150_a300_c80_0027,10.6624,10.6624,0.0000,0.0000,105,1,0.5740,0.8099,D30,8.000,50.812,23,150
5,150,a300,edd,0.25,c05_storm_150_a300_c80_0027,10.6624,10.6624,,,105,1,0.5740,0.8099,D30,8.000,50.812,23,150
5,150,a300,atc,0.5,c05_storm_150_a300_c80_0027,10.6624,10.6624,0.0000,0.0000,97,1,0.5740,0.8099,D30,8.000,50.812,23,150
5,150,a300,edd,0.5,c05_storm_150_a300_c80_0027,10.6624,10.6624,,,97,1,0.5740,0.8099,D30,8.000,50.812,23,150
5,150,a300,atc,1.0,c05_storm_150_a300_c80_0027,0.0000,0.0000,0.0000,0.0000,65,1,0.5740,0.8099,D30,8.000,50.812,23,150
5,150,a300,edd,1.0,c05_storm_150_a300_c80_0027,0.0000,0.0000,,,65,1,0.5740,0.8099,D30,8.000,50.812,23,150
5,150,a300,atc,0.25,c05_storm_150_a300_c80_0028,33.7024,33.7024,0.0000,0.0000,91,1,0.5789,1.3565,C30,8.000,43.924,22,150
5,150,a300,edd,0.25,c05_storm_150_a300_c80_0028,33.7024,33.7024,,,91,1,0.5789,1.3565,C30,8.000,43.924,22,150
5,150,a300,atc,0.5,c05_storm_150_a300_c80_0028,33.7024,33.7024,0.0000,0.0000,98,1,0.5789,1.3565,C30,8.000,43.924,22,150
5,150,a300,edd,0.5,c05_storm_150_a300_c80_0028,33.7024,33.7024,,,98,1,0.5789,1.3565,C30,8.000,43.924,22,150
5,150,a300,atc,1.0,c05_storm_150_a300_c80_0028,114.6816,114.6816,0.0000,0.0000,76,1,0.5789,1.3565,C30,8.000,43.924,22,150
5,150,a300,edd,1.0,c05_storm_150_a300_c80_0028,114.6816,114.6816,,,76,1,0.5789,1.3565,C30,8.000,43.924,22,150
5,150,a300,atc,0.25,c05_storm_150_a300_c80_0029,0.0000,0.0000,0.0000,0.0000,99,1,0.5727,1.2363,C10,8.000,23.951,26,150
5,150,a300,edd,0.25,c05_storm_150_a300_c80_0029,0.0000,0.0000,,,99,1,0.5727,1.2363,C10,8.000,23.951,26,150
5,150,a300,atc,0.5,c05_storm_150_a300_c80_0029,0.0000,0.0000,0.0000,0.0000,95,1,0.5727,1.2363,C10,8.000,23.951,26,150
5,150,a300,edd,0.5,c05_storm_150_a300_c80_0029,0.0000,0.0000,,,95,1,0.5727,1.2363,C10,8.000,23.951,26,150
5,150,a300,atc,1.0,c05_storm_150_a300_c80_0029,31.0728,31.0728,0.0000,0.0000,58,1,0.5727,1.2363,C10,8.000,23.951,26,150
5,150,a300,edd,1.0,c05_storm_150_a300_c80_0029,31.0728,31.0728,,,58,1,0.5727,1.2363,C10,8.000,23.951,26,150
5,400,a125,atc,0.25,c05_storm_400_a125_c80_0000,151.2496,151.2496,0.0000,0.0000,246,1,0.3997,0.6645,C10,29.581,54.901,37,400
5,400,a125,edd,0.25,c05_storm_400_a125_c80_0000,151.2496,151.2496,,,246,1,0.3997,0.6645,C10,29.581,54.901,37,400
5,400,a125,atc,0.5,c05_storm_400_a125_c80_0000,151.2496,151.2496,0.0000,0.0000,262,1,0.3997,0.6645,C10,29.581,54.901,37,400
5,400,a125,edd,0.5,c05_storm_400_a125_c80_0000,151.2496,151.2496,,,262,1,0.3997,0.6645,C10,29.581,54.901,37,400
5,400,a125,atc,1.0,c05_storm_400_a125_c80_0000,155.7728,155.7728,0.0000,0.0000,230,1,0.3997,0.6645,C10,29.581,54.901,37,400
5,400,a125,edd,1.0,c05_storm_400_a125_c80_0000,155.7728,155.7728,,,230,1,0.3997,0.6645,C10,29.581,54.901,37,400
5,400,a125,atc,0.25,c05_storm_400_a125_c80_0001,0.0000,0.0000,0.0000,0.0000,255,1,0.3691,0.9434,C10,35.099,60.122,36,400
5,400,a125,edd,0.25,c05_storm_400_a125_c80_0001,0.0000,0.0000,,,255,1,0.3691,0.9434,C10,35.099,60.122,36,400
5,400,a125,atc,0.5,c05_storm_400_a125_c80_0001,0.0000,0.0000,0.0000,0.0000,261,1,0.3691,0.9434,C10,35.099,60.122,36,400
5,400,a125,edd,0.5,c05_storm_400_a125_c80_0001,0.0000,0.0000,,,261,1,0.3691,0.9434,C10,35.099,60.122,36,400
5,400,a125,atc,1.0,c05_storm_400_a125_c80_0001,4.2728,4.2728,0.0000,0.0000,256,1,0.3691,0.9434,C10,35.099,60.122,36,400
5,400,a125,edd,1.0,c05_storm_400_a125_c80_0001,4.2728,4.2728,,,256,1,0.3691,0.9434,C10,35.099,60.122,36,400
5,400,a125,atc,0.25,c05_storm_400_a125_c80_0002,12.9456,12.9456,0.0000,0.0000,258,1,0.4544,0.7126,C10,29.601,58.911,42,400
5,400,a125,edd,0.25,c05_storm_400_a125_c80_0002,12.9456,12.9456,,,258,1,0.4544,0.7126,C10,29.601,58.911,42,400
5,400,a125,atc,0.5,c05_storm_400_a125_c80_0002,17.4776,17.4776,0.0000,0.0000,252,1,0.4544,0.7126,C10,29.601,58.911,42,400
5,400,a125,edd,0.5,c05_storm_400_a125_c80_0002,17.4776,17.4776,,,252,1,0.4544,0.7126,C10,29.601,58.911,42,400
5,400,a125,atc,1.0,c05_storm_400_a125_c80_0002,164.1072,164.1072,0.0000,0.0000,233,1,0.4544,0.7126,C10,29.601,58.911,42,400
5,400,a125,edd,1.0,c05_storm_400_a125_c80_0002,164.1072,164.1072,,,233,1,0.4544,0.7126,C10,29.601,58.911,42,400
5,400,a125,atc,0.25,c05_storm_400_a125_c80_0003,67.0592,67.0592,0.0000,0.0000,248,1,0.4346,0.6221,C10,30.871,66.494,35,400
5,400,a125,edd,0.25,c05_storm_400_a125_c80_0003,67.0592,67.0592,,,248,1,0.4346,0.6221,C10,30.871,66.494,35,400
5,400,a125,atc,0.5,c05_storm_400_a125_c80_0003,17.5364,17.5364,0.0000,0.0000,253,1,0.4346,0.6221,C10,30.871,66.494,35,400
5,400,a125,edd,0.5,c05_storm_400_a125_c80_0003,17.5364,17.5364,,,253,1,0.4346,0.6221,C10,30.871,66.494,35,400
5,400,a125,atc,1.0,c05_storm_400_a125_c80_0003,17.5364,17.5364,0.0000,0.0000,232,1,0.4346,0.6221,C10,30.871,66.494,35,400
5,400,a125,edd,1.0,c05_storm_400_a125_c80_0003,17.5364,17.5364,,,232,1,0.4346,0.6221,C10,30.871,66.494,35,400
5,400,a125,atc,0.25,c05_storm_400_a125_c80_0004,46.5116,46.5116,0.0000,0.0000,245,1,0.4317,0.6707,E20,30.468,75.410,28,400
5,400,a125,edd,0.25,c05_storm_400_a125_c80_0004,46.5116,46.5116,,,245,1,0.4317,0.6707,E20,30.468,75.410,28,400
5,400,a125,atc,0.5,c05_storm_400_a125_c80_0004,84.4268,84.4268,0.0000,0.0000,246,1,0.4317,0.6707,E20,30.468,75.410,28,400
5,400,a125,edd,0.5,c05_storm_400_a125_c80_0004,84.4268,84.4268,,,246,1,0.4317,0.6707,E20,30.468,75.410,28,400
5,400,a125,atc,1.0,c05_storm_400_a125_c80_0004,100.8560,100.8560,0.0000,0.0000,240,1,0.4317,0.6707,E20,30.468,75.410,28,400
5,400,a125,edd,1.0,c05_storm_400_a125_c80_0004,100.8560,100.8560,,,240,1,0.4317,0.6707,E20,30.468,75.410,28,400
5,400,a125,atc,0.25,c05_storm_400_a125_c80_0005,327.0808,288.6704,0.0000,0.0000,245,1,0.4554,1.2330,E10,29.080,79.860,46,400
5,400,a125,edd,0.25,c05_storm_400_a125_c80_0005,304.5296,280.6352,,,245,1,0.4554,1.2330,E10,29.080,79.860,46,400
5,400,a125,atc,0.5,c05_storm_400_a125_c80_0005,304.1512,265.7408,0.0000,0.0000,247,1,0.4554,1.2330,E10,29.080,79.860,46,400
5,400,a125,edd,0.5,c05_storm_400_a125_c80_0005,281.6000,257.7056,,,247,1,0.4554,1.2330,E10,29.080,79.860,46,400
5,400,a125,atc,1.0,c05_storm_400_a125_c80_0005,139.6408,139.6408,0.0000,0.0000,213,1,0.4554,1.2330,E10,29.080,79.860,46,400
5,400,a125,edd,1.0,c05_storm_400_a125_c80_0005,139.6408,139.6408,,,213,1,0.4554,1.2330,E10,29.080,79.860,46,400
5,400,a125,atc,0.25,c05_storm_400_a125_c80_0006,7.5880,7.5880,0.0000,0.0000,260,1,0.3445,0.4946,C30,28.748,45.580,28,400
5,400,a125,edd,0.25,c05_storm_400_a125_c80_0006,7.5880,7.5880,,,260,1,0.3445,0.4946,C30,28.748,45.580,28,400
5,400,a125,atc,0.5,c05_storm_400_a125_c80_0006,7.5880,7.5880,0.0000,0.0000,245,1,0.3445,0.4946,C30,28.748,45.580,28,400
5,400,a125,edd,0.5,c05_storm_400_a125_c80_0006,7.5880,7.5880,,,245,1,0.3445,0.4946,C30,28.748,45.580,28,400
5,400,a125,atc,1.0,c05_storm_400_a125_c80_0006,15.0440,15.0440,0.0000,0.0000,223,1,0.3445,0.4946,C30,28.748,45.580,28,400
5,400,a125,edd,1.0,c05_storm_400_a125_c80_0006,15.0440,15.0440,,,223,1,0.3445,0.4946,C30,28.748,45.580,28,400
5,400,a125,atc,0.25,c05_storm_400_a125_c80_0007,138.8000,138.8000,0.0000,0.0000,232,1,0.4736,0.8139,C10,30.620,77.782,42,400
5,400,a125,edd,0.25,c05_storm_400_a125_c80_0007,138.8000,138.8000,,,232,1,0.4736,0.8139,C10,30.620,77.782,42,400
5,400,a125,atc,0.5,c05_storm_400_a125_c80_0007,342.0992,342.0992,0.0000,0.0000,250,1,0.4736,0.8139,C10,30.620,77.782,42,400
5,400,a125,edd,0.5,c05_storm_400_a125_c80_0007,342.0992,342.0992,,,250,1,0.4736,0.8139,C10,30.620,77.782,42,400
5,400,a125,atc,1.0,c05_storm_400_a125_c80_0007,581.5272,581.5272,0.0000,0.0000,217,1,0.4736,0.8139,C10,30.620,77.782,42,400
5,400,a125,edd,1.0,c05_storm_400_a125_c80_0007,581.5272,581.5272,,,217,1,0.4736,0.8139,C10,30.620,77.782,42,400
5,400,a125,atc,0.25,c05_storm_400_a125_c80_0008,23.0464,23.0464,0.0000,0.0000,258,1,0.4215,0.6781,C10,27.994,57.361,33,400
5,400,a125,edd,0.25,c05_storm_400_a125_c80_0008,23.0464,23.0464,,,258,1,0.4215,0.6781,C10,27.994,57.361,33,400
5,400,a125,atc,0.5,c05_storm_400_a125_c80_0008,23.0464,23.0464,0.0000,0.0000,243,1,0.4215,0.6781,C10,27.994,57.361,33,400
5,400,a125,edd,0.5,c05_storm_400_a125_c80_0008,23.0464,23.0464,,,243,1,0.4215,0.6781,C10,27.994,57.361,33,400
5,400,a125,atc,1.0,c05_storm_400_a125_c80_0008,8.5288,8.5288,0.0000,0.0000,216,1,0.4215,0.6781,C10,27.994,57.361,33,400
5,400,a125,edd,1.0,c05_storm_400_a125_c80_0008,8.5288,8.5288,,,216,1,0.4215,0.6781,C10,27.994,57.361,33,400
5,400,a125,atc,0.25,c05_storm_400_a125_c80_0009,42.0756,42.0756,0.0000,0.0000,230,1,0.3871,0.9320,C10,30.486,61.326,38,400
5,400,a125,edd,0.25,c05_storm_400_a125_c80_0009,42.0756,42.0756,,,230,1,0.3871,0.9320,C10,30.486,61.326,38,400
5,400,a125,atc,0.5,c05_storm_400_a125_c80_0009,42.0756,42.0756,0.0000,0.0000,238,1,0.3871,0.9320,C10,30.486,61.326,38,400
5,400,a125,edd,0.5,c05_storm_400_a125_c80_0009,42.0756,42.0756,,,238,1,0.3871,0.9320,C10,30.486,61.326,38,400
5,400,a125,atc,1.0,c05_storm_400_a125_c80_0009,73.5384,73.5384,0.0000,0.0000,236,1,0.3871,0.9320,C10,30.486,61.326,38,400
5,400,a125,edd,1.0,c05_storm_400_a125_c80_0009,73.5384,73.5384,,,236,1,0.3871,0.9320,C10,30.486,61.326,38,400
5,400,a125,atc,0.25,c05_storm_400_a125_c80_0010,99.8240,99.8240,0.0000,0.0000,257,1,0.3878,0.7668,C10,32.200,50.305,41,400
5,400,a125,edd,0.25,c05_storm_400_a125_c80_0010,99.8240,99.8240,,,257,1,0.3878,0.7668,C10,32.200,50.305,41,400
5,400,a125,atc,0.5,c05_storm_400_a125_c80_0010,109.4152,109.4152,0.0000,0.0000,243,1,0.3878,0.7668,C10,32.200,50.305,41,400
5,400,a125,edd,0.5,c05_storm_400_a125_c80_0010,109.4152,109.4152,,,243,1,0.3878,0.7668,C10,32.200,50.305,41,400
5,400,a125,atc,1.0,c05_storm_400_a125_c80_0010,154.2408,154.2408,0.0000,0.0000,218,1,0.3878,0.7668,C10,32.200,50.305,41,400
5,400,a125,edd,1.0,c05_storm_400_a125_c80_0010,154.2408,154.2408,,,218,1,0.3878,0.7668,C10,32.200,50.305,41,400
5,400,a125,atc,0.25,c05_storm_400_a125_c80_0011,1.8928,1.8928,0.0000,0.0000,252,1,0.3864,0.7230,C30,30.629,46.764,36,400
5,400,a125,edd,0.25,c05_storm_400_a125_c80_0011,1.8928,1.8928,,,252,1,0.3864,0.7230,C30,30.629,46.764,36,400
5,400,a125,atc,0.5,c05_storm_400_a125_c80_0011,5.0328,5.0328,0.0000,0.0000,253,1,0.3864,0.7230,C30,30.629,46.764,36,400
5,400,a125,edd,0.5,c05_storm_400_a125_c80_0011,5.0328,5.0328,,,253,1,0.3864,0.7230,C30,30.629,46.764,36,400
5,400,a125,atc,1.0,c05_storm_400_a125_c80_0011,20.1344,20.1344,0.0000,0.0000,227,1,0.3864,0.7230,C30,30.629,46.764,36,400
5,400,a125,edd,1.0,c05_storm_400_a125_c80_0011,20.1344,20.1344,,,227,1,0.3864,0.7230,C30,30.629,46.764,36,400
5,400,a125,atc,0.25,c05_storm_400_a125_c80_0012,66.9732,66.9732,0.0000,0.0000,255,1,0.3505,1.0387,E10,31.560,44.812,41,400
5,400,a125,edd,0.25,c05_storm_400_a125_c80_0012,66.9732,66.9732,,,255,1,0.3505,1.0387,E10,31.560,44.812,41,400
5,400,a125,atc,0.5,c05_storm_400_a125_c80_0012,57.6008,57.6008,0.0000,0.0000,257,1,0.3505,1.0387,E10,31.560,44.812,41,400
5,400,a125,edd,0.5,c05_storm_400_a125_c80_0012,57.6008,57.6008,,,257,1,0.3505,1.0387,E10,31.560,44.812,41,400
5,400,a125,atc,1.0,c05_storm_400_a125_c80_0012,17.4488,17.4488,0.0000,0.0000,230,1,0.3505,1.0387,E10,31.560,44.812,41,400
5,400,a125,edd,1.0,c05_storm_400_a125_c80_0012,17.4488,17.4488,,,230,1,0.3505,1.0387,E10,31.560,44.812,41,400
5,400,a125,atc,0.25,c05_storm_400_a125_c80_0013,4.0664,4.0664,0.0000,0.0000,260,1,0.3938,0.6313,C10,31.920,55.705,34,400
5,400,a125,edd,0.25,c05_storm_400_a125_c80_0013,4.0664,4.0664,,,260,1,0.3938,0.6313,C10,31.920,55.705,34,400
5,400,a125,atc,0.5,c05_storm_400_a125_c80_0013,22.7064,22.7064,0.0000,0.0000,271,1,0.3938,0.6313,C10,31.920,55.705,34,400
5,400,a125,edd,0.5,c05_storm_400_a125_c80_0013,22.7064,22.7064,,,271,1,0.3938,0.6313,C10,31.920,55.705,34,400
5,400,a125,atc,1.0,c05_storm_400_a125_c80_0013,27.5648,27.5648,0.0000,0.0000,242,1,0.3938,0.6313,C10,31.920,55.705,34,400
5,400,a125,edd,1.0,c05_storm_400_a125_c80_0013,27.5648,27.5648,,,242,1,0.3938,0.6313,C10,31.920,55.705,34,400
5,400,a125,atc,0.25,c05_storm_400_a125_c80_0014,19.7024,19.7024,0.0000,0.0000,251,1,0.4198,0.8930,C10,28.053,37.794,44,400
5,400,a125,edd,0.25,c05_storm_400_a125_c80_0014,19.7024,19.7024,,,251,1,0.4198,0.8930,C10,28.053,37.794,44,400
5,400,a125,atc,0.5,c05_storm_400_a125_c80_0014,48.5336,48.5336,0.0000,0.0000,255,1,0.4198,0.8930,C10,28.053,37.794,44,400
5,400,a125,edd,0.5,c05_storm_400_a125_c80_0014,48.5336,48.5336,,,255,1,0.4198,0.8930,C10,28.053,37.794,44,400
5,400,a125,atc,1.0,c05_storm_400_a125_c80_0014,5.1224,5.1224,0.0000,0.0000,229,1,0.4198,0.8930,C10,28.053,37.794,44,400
5,400,a125,edd,1.0,c05_storm_400_a125_c80_0014,5.1224,5.1224,,,229,1,0.4198,0.8930,C10,28.053,37.794,44,400
5,400,a125,atc,0.25,c05_storm_400_a125_c80_0015,61.7416,61.7416,0.0000,0.0000,256,1,0.4355,0.8286,C10,28.841,49.468,56,400
5,400,a125,edd,0.25,c05_storm_400_a125_c80_0015,61.7416,61.7416,,,256,1,0.4355,0.8286,C10,28.841,49.468,56,400
5,400,a125,atc,0.5,c05_storm_400_a125_c80_0015,144.2008,144.2008,0.0000,0.0000,255,1,0.4355,0.8286,C10,28.841,49.468,56,400
5,400,a125,edd,0.5,c05_storm_400_a125_c80_0015,144.2008,144.2008,,,255,1,0.4355,0.8286,C10,28.841,49.468,56,400
5,400,a125,atc,1.0,c05_storm_400_a125_c80_0015,181.8232,181.8232,0.0000,0.0000,236,1,0.4355,0.8286,C10,28.841,49.468,56,400
5,400,a125,edd,1.0,c05_storm_400_a125_c80_0015,181.8232,181.8232,,,236,1,0.4355,0.8286,C10,28.841,49.468,56,400
5,400,a125,atc,0.25,c05_storm_400_a125_c80_0016,52.7896,52.7896,0.0000,0.0000,248,1,0.4397,0.6111,C10,29.965,45.600,36,400
5,400,a125,edd,0.25,c05_storm_400_a125_c80_0016,52.7896,52.7896,,,248,1,0.4397,0.6111,C10,29.965,45.600,36,400
5,400,a125,atc,0.5,c05_storm_400_a125_c80_0016,28.5864,28.5864,0.0000,0.0000,249,1,0.4397,0.6111,C10,29.965,45.600,36,400
5,400,a125,edd,0.5,c05_storm_400_a125_c80_0016,28.5864,28.5864,,,249,1,0.4397,0.6111,C10,29.965,45.600,36,400
5,400,a125,atc,1.0,c05_storm_400_a125_c80_0016,51.2920,51.2920,0.0000,0.0000,236,1,0.4397,0.6111,C10,29.965,45.600,36,400
5,400,a125,edd,1.0,c05_storm_400_a125_c80_0016,51.2920,51.2920,,,236,1,0.4397,0.6111,C10,29.965,45.600,36,400
5,400,a125,atc,0.25,c05_storm_400_a125_c80_0017,215.6768,215.6768,0.0000,0.0000,262,1,0.4048,0.7321,C10,29.832,60.971,36,400
5,400,a125,edd,0.25,c05_storm_400_a125_c80_0017,215.6768,215.6768,,,262,1,0.4048,0.7321,C10,29.832,60.971,36,400
5,400,a125,atc,0.5,c05_storm_400_a125_c80_0017,181.7216,181.7216,0.0000,0.0000,266,1,0.4048,0.7321,C10,29.832,60.971,36,400
5,400,a125,edd,0.5,c05_storm_400_a125_c80_0017,181.7216,181.7216,,,266,1,0.4048,0.7321,C10,29.832,60.971,36,400
5,400,a125,atc,1.0,c05_storm_400_a125_c80_0017,196.6336,196.6336,0.0000,0.0000,218,1,0.4048,0.7321,C10,29.832,60.971,36,400
5,400,a125,edd,1.0,c05_storm_400_a125_c80_0017,196.6336,196.6336,,,218,1,0.4048,0.7321,C10,29.832,60.971,36,400
5,400,a125,atc,0.25,c05_storm_400_a125_c80_0018,53.7720,53.7720,0.0000,0.0000,249,1,0.4007,0.9000,C10,30.773,49.659,42,400
5,400,a125,edd,0.25,c05_storm_400_a125_c80_0018,53.7720,53.7720,,,249,1,0.4007,0.9000,C10,30.773,49.659,42,400
5,400,a125,atc,0.5,c05_storm_400_a125_c80_0018,40.4704,40.4704,0.0000,0.0000,245,1,0.4007,0.9000,C10,30.773,49.659,42,400
5,400,a125,edd,0.5,c05_storm_400_a125_c80_0018,40.4704,40.4704,,,245,1,0.4007,0.9000,C10,30.773,49.659,42,400
5,400,a125,atc,1.0,c05_storm_400_a125_c80_0018,165.4920,164.9216,0.0000,0.0000,233,1,0.4007,0.9000,C10,30.773,49.659,42,400
5,400,a125,edd,1.0,c05_storm_400_a125_c80_0018,164.9216,164.9216,,,233,1,0.4007,0.9000,C10,30.773,49.659,42,400
5,400,a125,atc,0.25,c05_storm_400_a125_c80_0019,71.2952,71.2952,0.0000,0.0000,229,1,0.3894,0.8244,C10,30.736,59.624,29,400
5,400,a125,edd,0.25,c05_storm_400_a125_c80_0019,71.2952,71.2952,,,229,1,0.3894,0.8244,C10,30.736,59.624,29,400
5,400,a125,atc,0.5,c05_storm_400_a125_c80_0019,71.2952,71.2952,0.0000,0.0000,232,1,0.3894,0.8244,C10,30.736,59.624,29,400
5,400,a125,edd,0.5,c05_storm_400_a125_c80_0019,71.2952,71.2952,,,232,1,0.3894,0.8244,C10,30.736,59.624,29,400
5,400,a125,atc,1.0,c05_storm_400_a125_c80_0019,71.2952,71.2952,0.0000,0.0000,217,1,0.3894,0.8244,C10,30.736,59.624,29,400
5,400,a125,edd,1.0,c05_storm_400_a125_c80_0019,71.2952,71.2952,,,217,1,0.3894,0.8244,C10,30.736,59.624,29,400
5,400,a125,atc,0.25,c05_storm_400_a125_c80_0020,76.6792,76.6792,0.0000,0.0000,230,1,0.3958,0.9494,C10,30.690,51.063,46,400
5,400,a125,edd,0.25,c05_storm_400_a125_c80_0020,76.6792,76.6792,,,230,1,0.3958,0.9494,C10,30.690,51.063,46,400
5,400,a125,atc,0.5,c05_storm_400_a125_c80_0020,76.6792,76.6792,0.0000,0.0000,242,1,0.3958,0.9494,C10,30.690,51.063,46,400
5,400,a125,edd,0.5,c05_storm_400_a125_c80_0020,76.6792,76.6792,,,242,1,0.3958,0.9494,C10,30.690,51.063,46,400
5,400,a125,atc,1.0,c05_storm_400_a125_c80_0020,119.9328,119.9328,0.0000,0.0000,203,1,0.3958,0.9494,C10,30.690,51.063,46,400
5,400,a125,edd,1.0,c05_storm_400_a125_c80_0020,119.9328,119.9328,,,203,1,0.3958,0.9494,C10,30.690,51.063,46,400
5,400,a125,atc,0.25,c05_storm_400_a125_c80_0021,192.2112,192.2112,0.0000,0.0000,249,1,0.3767,0.6678,C10,32.294,61.737,32,400
5,400,a125,edd,0.25,c05_storm_400_a125_c80_0021,192.2112,192.2112,,,249,1,0.3767,0.6678,C10,32.294,61.737,32,400
5,400,a125,atc,0.5,c05_storm_400_a125_c80_0021,192.2112,192.2112,0.0000,0.0000,243,1,0.3767,0.6678,C10,32.294,61.737,32,400
5,400,a125,edd,0.5,c05_storm_400_a125_c80_0021,192.2112,192.2112,,,243,1,0.3767,0.6678,C10,32.294,61.737,32,400
5,400,a125,atc,1.0,c05_storm_400_a125_c80_0021,92.9456,92.9456,0.0000,0.0000,231,1,0.3767,0.6678,C10,32.294,61.737,32,400
5,400,a125,edd,1.0,c05_storm_400_a125_c80_0021,92.9456,92.9456,,,231,1,0.3767,0.6678,C10,32.294,61.737,32,400
5,400,a125,atc,0.25,c05_storm_400_a125_c80_0022,0.0000,0.0000,0.0000,0.0000,247,1,0.4207,0.6670,C30,29.567,52.700,45,400
5,400,a125,edd,0.25,c05_storm_400_a125_c80_0022,0.0000,0.0000,,,247,1,0.4207,0.6670,C30,29.567,52.700,45,400
5,400,a125,atc,0.5,c05_storm_400_a125_c80_0022,3.4016,3.4016,0.0000,0.0000,261,1,0.4207,0.6670,C30,29.567,52.700,45,400
5,400,a125,edd,0.5,c05_storm_400_a125_c80_0022,3.4016,3.4016,,,261,1,0.4207,0.6670,C30,29.567,52.700,45,400
5,400,a125,atc,1.0,c05_storm_400_a125_c80_0022,160.4064,160.4064,0.0000,0.0000,228,1,0.4207,0.6670,C30,29.567,52.700,45,400
5,400,a125,edd,1.0,c05_storm_400_a125_c80_0022,160.4064,160.4064,,,228,1,0.4207,0.6670,C30,29.567,52.700,45,400
5,400,a125,atc,0.25,c05_storm_400_a125_c80_0023,56.8176,56.8176,0.0000,0.0000,259,1,0.3708,0.8137,C10,30.459,52.216,28,400
5,400,a125,edd,0.25,c05_storm_400_a125_c80_0023,56.8176,56.8176,,,259,1,0.3708,0.8137,C10,30.459,52.216,28,400
5,400,a125,atc,0.5,c05_storm_400_a125_c80_0023,56.8176,56.8176,0.0000,0.0000,257,1,0.3708,0.8137,C10,30.459,52.216,28,400
5,400,a125,edd,0.5,c05_storm_400_a125_c80_0023,56.8176,56.8176,,,257,1,0.3708,0.8137,C10,30.459,52.216,28,400
5,400,a125,atc,1.0,c05_storm_400_a125_c80_0023,50.4184,50.4184,0.0000,0.0000,226,1,0.3708,0.8137,C10,30.459,52.216,28,400
5,400,a125,edd,1.0,c05_storm_400_a125_c80_0023,50.4184,50.4184,,,226,1,0.3708,0.8137,C10,30.459,52.216,28,400
5,400,a125,atc,0.25,c05_storm_400_a125_c80_0024,0.0000,0.0000,0.0000,0.0000,262,1,0.4436,0.6841,C10,29.852,86.302,34,400
5,400,a125,edd,0.25,c05_storm_400_a125_c80_0024,0.0000,0.0000,,,262,1,0.4436,0.6841,C10,29.852,86.302,34,400
5,400,a125,atc,0.5,c05_storm_400_a125_c80_0024,0.0000,0.0000,0.0000,0.0000,258,1,0.4436,0.6841,C10,29.852,86.302,34,400
5,400,a125,edd,0.5,c05_storm_400_a125_c80_0024,0.0000,0.0000,,,258,1,0.4436,0.6841,C10,29.852,86.302,34,400
5,400,a125,atc,1.0,c05_storm_400_a125_c80_0024,94.9800,94.9800,0.0000,0.0000,213,1,0.4436,0.6841,C10,29.852,86.302,34,400
5,400,a125,edd,1.0,c05_storm_400_a125_c80_0024,94.9800,94.9800,,,213,1,0.4436,0.6841,C10,29.852,86.302,34,400
5,400,a125,atc,0.25,c05_storm_400_a125_c80_0025,21.6832,21.6832,0.0000,0.0000,244,1,0.3664,0.8676,C10,31.822,47.627,37,400
5,400,a125,edd,0.25,c05_storm_400_a125_c80_0025,21.6832,21.6832,,,244,1,0.3664,0.8676,C10,31.822,47.627,37,400
5,400,a125,atc,0.5,c05_storm_400_a125_c80_0025,40.7008,40.7008,0.0000,0.0000,254,1,0.3664,0.8676,C10,31.822,47.627,37,400
5,400,a125,edd,0.5,c05_storm_400_a125_c80_0025,40.7008,40.7008,,,254,1,0.3664,0.8676,C10,31.822,47.627,37,400
5,400,a125,atc,1.0,c05_storm_400_a125_c80_0025,89.4040,89.4040,0.0000,0.0000,244,1,0.3664,0.8676,C10,31.822,47.627,37,400
5,400,a125,edd,1.0,c05_storm_400_a125_c80_0025,89.4040,89.4040,,,244,1,0.3664,0.8676,C10,31.822,47.627,37,400
5,400,a125,atc,0.25,c05_storm_400_a125_c80_0026,283.4544,283.4544,0.0000,0.0000,243,1,0.4072,0.6830,D20,29.491,78.678,41,400
5,400,a125,edd,0.25,c05_storm_400_a125_c80_0026,283.4544,283.4544,,,243,1,0.4072,0.6830,D20,29.491,78.678,41,400
5,400,a125,atc,0.5,c05_storm_400_a125_c80_0026,258.2108,258.2108,0.0000,0.0000,250,1,0.4072,0.6830,D20,29.491,78.678,41,400
5,400,a125,edd,0.5,c05_storm_400_a125_c80_0026,258.2108,258.2108,,,250,1,0.4072,0.6830,D20,29.491,78.678,41,400
5,400,a125,atc,1.0,c05_storm_400_a125_c80_0026,646.0484,646.0484,0.0000,0.0000,230,1,0.4072,0.6830,D20,29.491,78.678,41,400
5,400,a125,edd,1.0,c05_storm_400_a125_c80_0026,646.0484,646.0484,,,230,1,0.4072,0.6830,D20,29.491,78.678,41,400
5,400,a125,atc,0.25,c05_storm_400_a125_c80_0027,20.1456,20.1456,0.0000,0.0000,260,1,0.3747,0.8606,C10,31.680,86.149,30,400
5,400,a125,edd,0.25,c05_storm_400_a125_c80_0027,20.1456,20.1456,,,260,1,0.3747,0.8606,C10,31.680,86.149,30,400
5,400,a125,atc,0.5,c05_storm_400_a125_c80_0027,2.8568,2.8568,0.0000,0.0000,266,1,0.3747,0.8606,C10,31.680,86.149,30,400
5,400,a125,edd,0.5,c05_storm_400_a125_c80_0027,2.8568,2.8568,,,266,1,0.3747,0.8606,C10,31.680,86.149,30,400
5,400,a125,atc,1.0,c05_storm_400_a125_c80_0027,2.8568,2.8568,0.0000,0.0000,255,1,0.3747,0.8606,C10,31.680,86.149,30,400
5,400,a125,edd,1.0,c05_storm_400_a125_c80_0027,2.8568,2.8568,,,255,1,0.3747,0.8606,C10,31.680,86.149,30,400
5,400,a125,atc,0.25,c05_storm_400_a125_c80_0028,4.7256,4.7256,0.0000,0.0000,254,1,0.4005,0.9659,C10,28.215,60.126,42,400
5,400,a125,edd,0.25,c05_storm_400_a125_c80_0028,4.7256,4.7256,,,254,1,0.4005,0.9659,C10,28.215,60.126,42,400
5,400,a125,atc,0.5,c05_storm_400_a125_c80_0028,4.7256,4.7256,0.0000,0.0000,258,1,0.4005,0.9659,C10,28.215,60.126,42,400
5,400,a125,edd,0.5,c05_storm_400_a125_c80_0028,4.7256,4.7256,,,258,1,0.4005,0.9659,C10,28.215,60.126,42,400
5,400,a125,atc,1.0,c05_storm_400_a125_c80_0028,4.7256,4.7256,0.0000,0.0000,221,1,0.4005,0.9659,C10,28.215,60.126,42,400
5,400,a125,edd,1.0,c05_storm_400_a125_c80_0028,4.7256,4.7256,,,221,1,0.4005,0.9659,C10,28.215,60.126,42,400
5,400,a125,atc,0.25,c05_storm_400_a125_c80_0029,54.8520,54.8520,0.0000,0.0000,249,1,0.4580,0.7781,C10,28.461,63.385,42,400
5,400,a125,edd,0.25,c05_storm_400_a125_c80_0029,54.8520,54.8520,,,249,1,0.4580,0.7781,C10,28.461,63.385,42,400
5,400,a125,atc,0.5,c05_storm_400_a125_c80_0029,54.8520,54.8520,0.0000,0.0000,248,1,0.4580,0.7781,C10,28.461,63.385,42,400
5,400,a125,edd,0.5,c05_storm_400_a125_c80_0029,54.8520,54.8520,,,248,1,0.4580,0.7781,C10,28.461,63.385,42,400
5,400,a125,atc,1.0,c05_storm_400_a125_c80_0029,54.8520,54.8520,0.0000,0.0000,209,1,0.4580,0.7781,C10,28.461,63.385,42,400
5,400,a125,edd,1.0,c05_storm_400_a125_c80_0029,54.8520,54.8520,,,209,1,0.4580,0.7781,C10,28.461,63.385,42,400
5,400,a150,atc,0.25,c05_storm_400_a150_c80_0000,151.2496,151.2496,0.0000,0.0000,236,1,0.4797,0.7973,C10,24.651,50.181,44,400
5,400,a150,edd,0.25,c05_storm_400_a150_c80_0000,151.2496,151.2496,,,236,1,0.4797,0.7973,C10,24.651,50.181,44,400
5,400,a150,atc,0.5,c05_storm_400_a150_c80_0000,151.2496,151.2496,0.0000,0.0000,245,1,0.4797,0.7973,C10,24.651,50.181,44,400
5,400,a150,edd,0.5,c05_storm_400_a150_c80_0000,151.2496,151.2496,,,245,1,0.4797,0.7973,C10,24.651,50.181,44,400
5,400,a150,atc,1.0,c05_storm_400_a150_c80_0000,155.7728,155.7728,0.0000,0.0000,198,1,0.4797,0.7973,C10,24.651,50.181,44,400
5,400,a150,edd,1.0,c05_storm_400_a150_c80_0000,155.7728,155.7728,,,198,1,0.4797,0.7973,C10,24.651,50.181,44,400
5,400,a150,atc,0.25,c05_storm_400_a150_c80_0001,124.3292,124.3292,0.0000,0.0000,241,1,0.4429,1.1321,C10,29.249,58.616,45,400
5,400,a150,edd,0.25,c05_storm_400_a150_c80_0001,124.3292,124.3292,,,241,1,0.4429,1.1321,C10,29.249,58.616,45,400
5,400,a150,atc,0.5,c05_storm_400_a150_c80_0001,35.3452,35.3452,0.0000,0.0000,240,1,0.4429,1.1321,C10,29.249,58.616,45,400
5,400,a150,edd,0.5,c05_storm_400_a150_c80_0001,35.3452,35.3452,,,240,1,0.4429,1.1321,C10,29.249,58.616,45,400
5,400,a150,atc,1.0,c05_storm_400_a150_c80_0001,4.2728,4.2728,0.0000,0.0000,232,1,0.4429,1.1321,C10,29.249,58.616,45,400
5,400,a150,edd,1.0,c05_storm_400_a150_c80_0001,4.2728,4.2728,,,232,1,0.4429,1.1321,C10,29.249,58.616,45,400
5,400,a150,atc,0.25,c05_storm_400_a150_c80_0002,149.0184,149.0184,0.0000,0.0000,237,1,0.5453,0.8551,C10,24.668,58.759,49,400
5,400,a150,edd,0.25,c05_storm_400_a150_c80_0002,149.0184,149.0184,,,237,1,0.5453,0.8551,C10,24.668,58.759,49,400
5,400,a150,atc,0.5,c05_storm_400_a150_c80_0002,149.0184,149.0184,0.0000,0.0000,238,1,0.5453,0.8551,C10,24.668,58.759,49,400
5,400,a150,edd,0.5,c05_storm_400_a150_c80_0002,149.0184,149.0184,,,238,1,0.5453,0.8551,C10,24.668,58.759,49,400
5,400,a150,atc,1.0,c05_storm_400_a150_c80_0002,164.1072,164.1072,0.0000,0.0000,203,1,0.5453,0.8551,C10,24.668,58.759,49,400
5,400,a150,edd,1.0,c05_storm_400_a150_c80_0002,164.1072,164.1072,,,203,1,0.5453,0.8551,C10,24.668,58.759,49,400
5,400,a150,atc,0.25,c05_storm_400_a150_c80_0003,141.3112,141.3112,0.0000,0.0000,251,1,0.5215,0.7465,C10,25.726,61.485,47,400
5,400,a150,edd,0.25,c05_storm_400_a150_c80_0003,141.3112,141.3112,,,251,1,0.5215,0.7465,C10,25.726,61.485,47,400
5,400,a150,atc,0.5,c05_storm_400_a150_c80_0003,11.5592,11.5592,0.0000,0.0000,246,1,0.5215,0.7465,C10,25.726,61.485,47,400
5,400,a150,edd,0.5,c05_storm_400_a150_c80_0003,11.5592,11.5592,,,246,1,0.5215,0.7465,C10,25.726,61.485,47,400
5,400,a150,atc,1.0,c05_storm_400_a150_c80_0003,150.4400,150.4400,0.0000,0.0000,200,1,0.5215,0.7465,C10,25.726,61.485,47,400
5,400,a150,edd,1.0,c05_storm_400_a150_c80_0003,150.4400,150.4400,,,200,1,0.5215,0.7465,C10,25.726,61.485,47,400
5,400,a150,atc,0.25,c05_storm_400_a150_c80_0004,90.6416,90.6416,0.0000,0.0000,248,1,0.5181,0.8048,E20,25.390,72.508,32,400
5,400,a150,edd,0.25,c05_storm_400_a150_c80_0004,90.6416,90.6416,,,248,1,0.5181,0.8048,E20,25.390,72.508,32,400
5,400,a150,atc,0.5,c05_storm_400_a150_c80_0004,90.6416,90.6416,0.0000,0.0000,250,1,0.5181,0.8048,E20,25.390,72.508,32,400
5,400,a150,edd,0.5,c05_storm_400_a150_c80_0004,90.6416,90.6416,,,250,1,0.5181,0.8048,E20,25.390,72.508,32,400
5,400,a150,atc,1.0,c05_storm_400_a150_c80_0004,100.8560,100.8560,0.0000,0.0000,202,1,0.5181,0.8048,E20,25.390,72.508,32,400
5,400,a150,edd,1.0,c05_storm_400_a150_c80_0004,100.8560,100.8560,,,202,1,0.5181,0.8048,E20,25.390,72.508,32,400
5,400,a150,atc,0.25,c05_storm_400_a150_c80_0005,120.2760,112.5312,0.0000,0.0000,226,1,0.5465,1.4796,E10,24.233,78.037,53,400
5,400,a150,edd,0.25,c05_storm_400_a150_c80_0005,112.5312,112.5312,,,226,1,0.5465,1.4796,E10,24.233,78.037,53,400
5,400,a150,atc,0.5,c05_storm_400_a150_c80_0005,117.0904,109.3456,0.0000,0.0000,220,1,0.5465,1.4796,E10,24.233,78.037,53,400
5,400,a150,edd,0.5,c05_storm_400_a150_c80_0005,109.3456,109.3456,,,220,1,0.5465,1.4796,E10,24.233,78.037,53,400
5,400,a150,atc,1.0,c05_storm_400_a150_c80_0005,272.6420,272.6420,0.0000,0.0000,187,1,0.5465,1.4796,E10,24.233,78.037,53,400
5,400,a150,edd,1.0,c05_storm_400_a150_c80_0005,273.3672,272.6420,,,187,1,0.5465,1.4796,E10,24.233,78.037,53,400
5,400,a150,atc,0.25,c05_storm_400_a150_c80_0006,0.0000,0.0000,0.0000,0.0000,255,1,0.4134,0.5935,C30,23.957,40.926,36,400
5,400,a150,edd,0.25,c05_storm_400_a150_c80_0006,0.0000,0.0000,,,255,1,0.4134,0.5935,C30,23.957,40.926,36,400
5,400,a150,atc,0.5,c05_storm_400_a150_c80_0006,0.0000,0.0000,0.0000,0.0000,248,1,0.4134,0.5935,C30,23.957,40.926,36,400
5,400,a150,edd,0.5,c05_storm_400_a150_c80_0006,0.0000,0.0000,,,248,1,0.4134,0.5935,C30,23.957,40.926,36,400
5,400,a150,atc,1.0,c05_storm_400_a150_c80_0006,22.3728,22.3728,0.0000,0.0000,193,1,0.4134,0.5935,C30,23.957,40.926,36,400
5,400,a150,edd,1.0,c05_storm_400_a150_c80_0006,17.7632,17.7632,,,193,1,0.4134,0.5935,C30,23.957,40.926,36,400
5,400,a150,atc,0.25,c05_storm_400_a150_c80_0007,686.6032,657.3488,0.0000,0.0000,237,1,0.5683,0.9767,C10,25.516,74.485,53,400
5,400,a150,edd,0.25,c05_storm_400_a150_c80_0007,672.1504,657.3488,,,237,1,0.5683,0.9767,C10,25.516,74.485,53,400
5,400,a150,atc,0.5,c05_storm_400_a150_c80_0007,586.8344,580.7304,0.0000,0.0000,241,1,0.5683,0.9767,C10,25.516,74.485,53,400
5,400,a150,edd,0.5,c05_storm_400_a150_c80_0007,587.9720,580.7304,,,241,1,0.5683,0.9767,C10,25.516,74.485,53,400
5,400,a150,atc,1.0,c05_storm_400_a150_c80_0007,645.2696,645.2696,0.0000,0.0000,187,1,0.5683,0.9767,C10,25.516,74.485,53,400
5,400,a150,edd,1.0,c05_storm_400_a150_c80_0007,645.2696,645.2696,,,187,1,0.5683,0.9767,C10,25.516,74.485,53,400
5,400,a150,atc,0.25,c05_storm_400_a150_c80_0008,0.0000,0.0000,0.0000,0.0000,246,1,0.5058,0.8138,C10,23.329,52.761,40,400
5,400,a150,edd,0.25,c05_storm_400_a150_c80_0008,0.0000,0.0000,,,246,1,0.5058,0.8138,C10,23.329,52.761,40,400
5,400,a150,atc,0.5,c05_storm_400_a150_c80_0008,0.0000,0.0000,0.0000,0.0000,246,1,0.5058,0.8138,C10,23.329,52.761,40,400
5,400,a150,edd,0.5,c05_storm_400_a150_c80_0008,0.0000,0.0000,,,246,1,0.5058,0.8138,C10,23.329,52.761,40,400
5,400,a150,atc,1.0,c05_storm_400_a150_c80_0008,31.5752,31.5752,0.0000,0.0000,191,1,0.5058,0.8138,C10,23.329,52.761,40,400
5,400,a150,edd,1.0,c05_storm_400_a150_c80_0008,31.5752,31.5752,,,191,1,0.5058,0.8138,C10,23.329,52.761,40,400
5,400,a150,atc,0.25,c05_storm_400_a150_c80_0009,0.0000,0.0000,0.0000,0.0000,250,1,0.4645,1.1184,C10,25.405,56.450,47,400
5,400,a150,edd,0.25,c05_storm_400_a150_c80_0009,0.0000,0.0000,,,250,1,0.4645,1.1184,C10,25.405,56.450,47,400
5,400,a150,atc,0.5,c05_storm_400_a150_c80_0009,24.8456,24.8456,0.0000,0.0000,256,1,0.4645,1.1184,C10,25.405,56.450,47,400
5,400,a150,edd,0.5,c05_storm_400_a150_c80_0009,24.8456,24.8456,,,256,1,0.4645,1.1184,C10,25.405,56.450,47,400
5,400,a150,atc,1.0,c05_storm_400_a150_c80_0009,105.5960,105.5960,0.0000,0.0000,210,1,0.4645,1.1184,C10,25.405,56.450,47,400
5,400,a150,edd,1.0,c05_storm_400_a150_c80_0009,105.5960,105.5960,,,210,1,0.4645,1.1184,C10,25.405,56.450,47,400
5,400,a150,atc,0.25,c05_storm_400_a150_c80_0010,18.1024,18.1024,0.0000,0.0000,249,1,0.4654,0.9202,C10,26.833,48.049,54,400
5,400,a150,edd,0.25,c05_storm_400_a150_c80_0010,18.1024,18.1024,,,249,1,0.4654,0.9202,C10,26.833,48.049,54,400
5,400,a150,atc,0.5,c05_storm_400_a150_c80_0010,21.7688,21.7688,0.0000,0.0000,248,1,0.4654,0.9202,C10,26.833,48.049,54,400
5,400,a150,edd,0.5,c05_storm_400_a150_c80_0010,21.7688,21.7688,,,248,1,0.4654,0.9202,C10,26.833,48.049,54,400
5,400,a150,atc,1.0,c05_storm_400_a150_c80_0010,154.2408,154.2408,0.0000,0.0000,193,1,0.4654,0.9202,C10,26.833,48.049,54,400
5,400,a150,edd,1.0,c05_storm_400_a150_c80_0010,154.2408,154.2408,,,193,1,0.4654,0.9202,C10,26.833,48.049,54,400
5,400,a150,atc,0.25,c05_storm_400_a150_c80_0011,16.9944,16.9944,0.0000,0.0000,233,1,0.4637,0.8676,C30,25.524,45.995,43,400
5,400,a150,edd,0.25,c05_storm_400_a150_c80_0011,16.9944,16.9944,,,233,1,0.4637,0.8676,C30,25.524,45.995,43,400
5,400,a150,atc,0.5,c05_storm_400_a150_c80_0011,16.9944,16.9944,0.0000,0.0000,244,1,0.4637,0.8676,C30,25.524,45.995,43,400
5,400,a150,edd,0.5,c05_storm_400_a150_c80_0011,16.9944,16.9944,,,244,1,0.4637,0.8676,C30,25.524,45.995,43,400
5,400,a150,atc,1.0,c05_storm_400_a150_c80_0011,22.0272,22.0272,0.0000,0.0000,207,1,0.4637,0.8676,C30,25.524,45.995,43,400
5,400,a150,edd,1.0,c05_storm_400_a150_c80_0011,22.0272,22.0272,,,207,1,0.4637,0.8676,C30,25.524,45.995,43,400
5,400,a150,atc,0.25,c05_storm_400_a150_c80_0012,0.0000,0.0000,0.0000,0.0000,238,1,0.4206,1.2465,E10,26.300,39.847,45,400
5,400,a150,edd,0.25,c05_storm_400_a150_c80_0012,12.2152,0.0000,,,238,1,0.4206,1.2465,E10,26.300,39.847,45,400
5,400,a150,atc,0.5,c05_storm_400_a150_c80_0012,17.4488,17.4488,0.0000,0.0000,256,1,0.4206,1.2465,E10,26.300,39.847,45,400
5,400,a150,edd,0.5,c05_storm_400_a150_c80_0012,29.6640,17.4488,,,256,1,0.4206,1.2465,E10,26.300,39.847,45,400
5,400,a150,atc,1.0,c05_storm_400_a150_c80_0012,19.6696,19.6696,0.0000,0.0000,207,1,0.4206,1.2465,E10,26.300,39.847,45,400
5,400,a150,edd,1.0,c05_storm_400_a150_c80_0012,19.6696,19.6696,,,207,1,0.4206,1.2465,E10,26.300,39.847,45,400
5,400,a150,atc,0.25,c05_storm_400_a150_c80_0013,12.4568,12.4568,0.0000,0.0000,245,1,0.4726,0.7575,C10,26.600,51.318,42,400
5,400,a150,edd,0.25,c05_storm_400_a150_c80_0013,12.4568,12.4568,,,245,1,0.4726,0.7575,C10,26.600,51.318,42,400
5,400,a150,atc,0.5,c05_storm_400_a150_c80_0013,27.5648,27.5648,0.0000,0.0000,258,1,0.4726,0.7575,C10,26.600,51.318,42,400
5,400,a150,edd,0.5,c05_storm_400_a150_c80_0013,27.5648,27.5648,,,258,1,0.4726,0.7575,C10,26.600,51.318,42,400
5,400,a150,atc,1.0,c05_storm_400_a150_c80_0013,27.5648,27.5648,0.0000,0.0000,212,1,0.4726,0.7575,C10,26.600,51.318,42,400
5,400,a150,edd,1.0,c05_storm_400_a150_c80_0013,27.5648,27.5648,,,212,1,0.4726,0.7575,C10,26.600,51.318,42,400
5,400,a150,atc,0.25,c05_storm_400_a150_c80_0014,0.0000,0.0000,0.0000,0.0000,235,1,0.5037,1.0716,C10,23.378,33.238,51,400
5,400,a150,edd,0.25,c05_storm_400_a150_c80_0014,0.0000,0.0000,,,235,1,0.5037,1.0716,C10,23.378,33.238,51,400
5,400,a150,atc,0.5,c05_storm_400_a150_c80_0014,5.8256,5.8256,0.0000,0.0000,237,1,0.5037,1.0716,C10,23.378,33.238,51,400
5,400,a150,edd,0.5,c05_storm_400_a150_c80_0014,5.8256,5.8256,,,237,1,0.5037,1.0716,C10,23.378,33.238,51,400
5,400,a150,atc,1.0,c05_storm_400_a150_c80_0014,10.9480,10.9480,0.0000,0.0000,192,1,0.5037,1.0716,C10,23.378,33.238,51,400
5,400,a150,edd,1.0,c05_storm_400_a150_c80_0014,10.9480,10.9480,,,192,1,0.5037,1.0716,C10,23.378,33.238,51,400
5,400,a150,atc,0.25,c05_storm_400_a150_c80_0015,194.1768,194.1768,0.0000,0.0000,228,1,0.5226,0.9943,C10,24.034,45.169,64,400
5,400,a150,edd,0.25,c05_storm_400_a150_c80_0015,194.1768,194.1768,,,228,1,0.5226,0.9943,C10,24.034,45.169,64,400
5,400,a150,atc,0.5,c05_storm_400_a150_c80_0015,194.1768,194.1768,0.0000,0.0000,235,1,0.5226,0.9943,C10,24.034,45.169,64,400
5,400,a150,edd,0.5,c05_storm_400_a150_c80_0015,194.1768,194.1768,,,235,1,0.5226,0.9943,C10,24.034,45.169,64,400
5,400,a150,atc,1.0,c05_storm_400_a150_c80_0015,181.8232,181.8232,0.0000,0.0000,210,1,0.5226,0.9943,C10,24.034,45.169,64,400
5,400,a150,edd,1.0,c05_storm_400_a150_c80_0015,181.8232,181.8232,,,210,1,0.5226,0.9943,C10,24.034,45.169,64,400
5,400,a150,atc,0.25,c05_storm_400_a150_c80_0016,70.1448,66.6088,0.0000,0.0000,254,1,0.5277,0.7333,C10,24.971,40.867,44,400
5,400,a150,edd,0.25,c05_storm_400_a150_c80_0016,66.6088,66.6088,,,254,1,0.5277,0.7333,C10,24.971,40.867,44,400
5,400,a150,atc,0.5,c05_storm_400_a150_c80_0016,70.1448,66.6088,0.0000,0.0000,249,1,0.5277,0.7333,C10,24.971,40.867,44,400
5,400,a150,edd,0.5,c05_storm_400_a150_c80_0016,66.6088,66.6088,,,249,1,0.5277,0.7333,C10,24.971,40.867,44,400
5,400,a150,atc,1.0,c05_storm_400_a150_c80_0016,81.8864,81.8864,0.0000,0.0000,193,1,0.5277,0.7333,C10,24.971,40.867,44,400
5,400,a150,edd,1.0,c05_storm_400_a150_c80_0016,81.8864,81.8864,,,193,1,0.5277,0.7333,C10,24.971,40.867,44,400
5,400,a150,atc,0.25,c05_storm_400_a150_c80_0017,0.0000,0.0000,0.0000,0.0000,245,1,0.4858,0.8786,C10,24.860,56.487,43,400
5,400,a150,edd,0.25,c05_storm_400_a150_c80_0017,0.0000,0.0000,,,245,1,0.4858,0.8786,C10,24.860,56.487,43,400
5,400,a150,atc,0.5,c05_storm_400_a150_c80_0017,38.1808,38.1808,0.0000,0.0000,226,1,0.4858,0.8786,C10,24.860,56.487,43,400
5,400,a150,edd,0.5,c05_storm_400_a150_c80_0017,38.1808,38.1808,,,226,1,0.4858,0.8786,C10,24.860,56.487,43,400
5,400,a150,atc,1.0,c05_storm_400_a150_c80_0017,215.3560,215.3560,0.0000,0.0000,180,1,0.4858,0.8786,C10,24.860,56.487,43,400
5,400,a150,edd,1.0,c05_storm_400_a150_c80_0017,215.3560,215.3560,,,180,1,0.4858,0.8786,C10,24.860,56.487,43,400
5,400,a150,atc,0.25,c05_storm_400_a150_c80_0018,6.9240,6.9240,0.0000,0.0000,249,1,0.4808,1.0800,C10,25.644,46.313,48,400
5,400,a150,edd,0.25,c05_storm_400_a150_c80_0018,6.9240,6.9240,,,249,1,0.4808,1.0800,C10,25.644,46.313,48,400
5,400,a150,atc,0.5,c05_storm_400_a150_c80_0018,27.2096,27.2096,0.0000,0.0000,242,1,0.4808,1.0800,C10,25.644,46.313,48,400
5,400,a150,edd,0.5,c05_storm_400_a150_c80_0018,27.2096,27.2096,,,242,1,0.4808,1.0800,C10,25.644,46.313,48,400
5,400,a150,atc,1.0,c05_storm_400_a150_c80_0018,195.4296,182.3520,0.0000,0.0000,207,1,0.4808,1.0800,C10,25.644,46.313,48,400
5,400,a150,edd,1.0,c05_storm_400_a150_c80_0018,182.3520,182.3520,,,207,1,0.4808,1.0800,C10,25.644,46.313,48,400
5,400,a150,atc,0.25,c05_storm_400_a150_c80_0019,124.8592,124.8592,0.0000,0.0000,255,1,0.4673,0.9893,C10,25.613,56.533,34,400
5,400,a150,edd,0.25,c05_storm_400_a150_c80_0019,124.8592,124.8592,,,255,1,0.4673,0.9893,C10,25.613,56.533,34,400
5,400,a150,atc,0.5,c05_storm_400_a150_c80_0019,134.7192,134.7192,0.0000,0.0000,245,1,0.4673,0.9893,C10,25.613,56.533,34,400
5,400,a150,edd,0.5,c05_storm_400_a150_c80_0019,134.7192,134.7192,,,245,1,0.4673,0.9893,C10,25.613,56.533,34,400
5,400,a150,atc,1.0,c05_storm_400_a150_c80_0019,71.2952,71.2952,0.0000,0.0000,192,1,0.4673,0.9893,C10,25.613,56.533,34,400
5,400,a150,edd,1.0,c05_storm_400_a150_c80_0019,71.2952,71.2952,,,192,1,0.4673,0.9893,C10,25.613,56.533,34,400
5,400,a150,atc,0.25,c05_storm_400_a150_c80_0020,67.1480,67.1480,0.0000,0.0000,234,1,0.4749,1.1393,C10,25.575,46.194,53,400
5,400,a150,edd,0.25,c05_storm_400_a150_c80_0020,67.1480,67.1480,,,234,1,0.4749,1.1393,C10,25.575,46.194,53,400
5,400,a150,atc,0.5,c05_storm_400_a150_c80_0020,43.2536,43.2536,0.0000,0.0000,232,1,0.4749,1.1393,C10,25.575,46.194,53,400
5,400,a150,edd,0.5,c05_storm_400_a150_c80_0020,43.2536,43.2536,,,232,1,0.4749,1.1393,C10,25.575,46.194,53,400
5,400,a150,atc,1.0,c05_storm_400_a150_c80_0020,119.9328,119.9328,0.0000,0.0000,186,1,0.4749,1.1393,C10,25.575,46.194,53,400
5,400,a150,edd,1.0,c05_storm_400_a150_c80_0020,119.9328,119.9328,,,186,1,0.4749,1.1393,C10,25.575,46.194,53,400
5,400,a150,atc,0.25,c05_storm_400_a150_c80_0021,192.2112,192.2112,0.0000,0.0000,261,1,0.4521,0.8014,C10,26.911,59.416,36,400
5,400,a150,edd,0.25,c05_storm_400_a150_c80_0021,192.2112,192.2112,,,261,1,0.4521,0.8014,C10,26.911,59.416,36,400
5,400,a150,atc,0.5,c05_storm_400_a150_c80_0021,192.2112,192.2112,0.0000,0.0000,236,1,0.4521,0.8014,C10,26.911,59.416,36,400
5,400,a150,edd,0.5,c05_storm_400_a150_c80_0021,192.2112,192.2112,,,236,1,0.4521,0.8014,C10,26.911,59.416,36,400
5,400,a150,atc,1.0,c05_storm_400_a150_c80_0021,92.9456,92.9456,0.0000,0.0000,210,1,0.4521,0.8014,C10,26.911,59.416,36,400
5,400,a150,edd,1.0,c05_storm_400_a150_c80_0021,92.9456,92.9456,,,210,1,0.4521,0.8014,C10,26.911,59.416,36,400
5,400,a150,atc,0.25,c05_storm_400_a150_c80_0022,110.7884,110.7884,0.0000,0.0000,237,1,0.5049,0.8004,C30,24.639,52.391,52,400
5,400,a150,edd,0.25,c05_storm_400_a150_c80_0022,110.7884,110.7884,,,237,1,0.5049,0.8004,C30,24.639,52.391,52,400
5,400,a150,atc,0.5,c05_storm_400_a150_c80_0022,169.6268,169.6268,0.0000,0.0000,238,1,0.5049,0.8004,C30,24.639,52.391,52,400
5,400,a150,edd,0.5,c05_storm_400_a150_c80_0022,169.6268,169.6268,,,238,1,0.5049,0.8004,C30,24.639,52.391,52,400
5,400,a150,atc,1.0,c05_storm_400_a150_c80_0022,160.4064,160.4064,0.0000,0.0000,201,1,0.5049,0.8004,C30,24.639,52.391,52,400
5,400,a150,edd,1.0,c05_storm_400_a150_c80_0022,160.4064,160.4064,,,201,1,0.5049,0.8004,C30,24.639,52.391,52,400
5,400,a150,atc,0.25,c05_storm_400_a150_c80_0023,14.6888,12.6384,0.0000,0.0000,272,1,0.4450,0.9765,C10,25.382,47.392,38,400
5,400,a150,edd,0.25,c05_storm_400_a150_c80_0023,12.6384,12.6384,,,272,1,0.4450,0.9765,C10,25.382,47.392,38,400
5,400,a150,atc,0.5,c05_storm_400_a150_c80_0023,33.2128,33.2128,0.0000,0.0000,273,1,0.4450,0.9765,C10,25.382,47.392,38,400
5,400,a150,edd,0.5,c05_storm_400_a150_c80_0023,33.2128,33.2128,,,273,1,0.4450,0.9765,C10,25.382,47.392,38,400
5,400,a150,atc,1.0,c05_storm_400_a150_c80_0023,50.4184,50.4184,0.0000,0.0000,200,1,0.4450,0.9765,C10,25.382,47.392,38,400
5,400,a150,edd,1.0,c05_storm_400_a150_c80_0023,50.4184,50.4184,,,200,1,0.4450,0.9765,C10,25.382,47.392,38,400
5,400,a150,atc,0.25,c05_storm_400_a150_c80_0024,13.7792,13.7792,0.0000,0.0000,249,1,0.5323,0.8209,C10,24.877,81.585,42,400
5,400,a150,edd,0.25,c05_storm_400_a150_c80_0024,13.7792,13.7792,,,249,1,0.5323,0.8209,C10,24.877,81.585,42,400
5,400,a150,atc,0.5,c05_storm_400_a150_c80_0024,13.7792,13.7792,0.0000,0.0000,226,1,0.5323,0.8209,C10,24.877,81.585,42,400
5,400,a150,edd,0.5,c05_storm_400_a150_c80_0024,13.7792,13.7792,,,226,1,0.5323,0.8209,C10,24.877,81.585,42,400
5,400,a150,atc,1.0,c05_storm_400_a150_c80_0024,94.9800,94.9800,0.0000,0.0000,187,1,0.5323,0.8209,C10,24.877,81.585,42,400
5,400,a150,edd,1.0,c05_storm_400_a150_c80_0024,94.9800,94.9800,,,187,1,0.5323,0.8209,C10,24.877,81.585,42,400
5,400,a150,atc,0.25,c05_storm_400_a150_c80_0025,179.5312,179.5312,0.0000,0.0000,243,1,0.4397,1.0412,C10,26.518,42.819,40,400
5,400,a150,edd,0.25,c05_storm_400_a150_c80_0025,179.5312,179.5312,,,243,1,0.4397,1.0412,C10,26.518,42.819,40,400
5,400,a150,atc,0.5,c05_storm_400_a150_c80_0025,179.5312,179.5312,0.0000,0.0000,251,1,0.4397,1.0412,C10,26.518,42.819,40,400
5,400,a150,edd,0.5,c05_storm_400_a150_c80_0025,179.5312,179.5312,,,251,1,0.4397,1.0412,C10,26.518,42.819,40,400
5,400,a150,atc,1.0,c05_storm_400_a150_c80_0025,110.0760,110.0760,0.0000,0.0000,220,1,0.4397,1.0412,C10,26.518,42.819,40,400
5,400,a150,edd,1.0,c05_storm_400_a150_c80_0025,110.0760,110.0760,,,220,1,0.4397,1.0412,C10,26.518,42.819,40,400
5,400,a150,atc,0.25,c05_storm_400_a150_c80_0026,157.8964,157.8964,0.0000,0.0000,246,1,0.4887,0.8197,D20,24.576,75.232,47,400
5,400,a150,edd,0.25,c05_storm_400_a150_c80_0026,157.8964,157.8964,,,246,1,0.4887,0.8197,D20,24.576,75.232,47,400
5,400,a150,atc,0.5,c05_storm_400_a150_c80_0026,442.8092,442.8092,0.0000,0.0000,243,1,0.4887,0.8197,D20,24.576,75.232,47,400
5,400,a150,edd,0.5,c05_storm_400_a150_c80_0026,442.8092,442.8092,,,243,1,0.4887,0.8197,D20,24.576,75.232,47,400
5,400,a150,atc,1.0,c05_storm_400_a150_c80_0026,646.0484,646.0484,0.0000,0.0000,199,1,0.4887,0.8197,D20,24.576,75.232,47,400
5,400,a150,edd,1.0,c05_storm_400_a150_c80_0026,646.0484,646.0484,,,199,1,0.4887,0.8197,D20,24.576,75.232,47,400
5,400,a150,atc,0.25,c05_storm_400_a150_c80_0027,136.0000,136.0000,0.0000,0.0000,244,1,0.4497,1.0327,C10,26.400,81.457,34,400
5,400,a150,edd,0.25,c05_storm_400_a150_c80_0027,136.0000,136.0000,,,244,1,0.4497,1.0327,C10,26.400,81.457,34,400
5,400,a150,atc,0.5,c05_storm_400_a150_c80_0027,2.8568,2.8568,0.0000,0.0000,244,1,0.4497,1.0327,C10,26.400,81.457,34,400
5,400,a150,edd,0.5,c05_storm_400_a150_c80_0027,2.8568,2.8568,,,244,1,0.4497,1.0327,C10,26.400,81.457,34,400
5,400,a150,atc,1.0,c05_storm_400_a150_c80_0027,2.8568,2.8568,0.0000,0.0000,225,1,0.4497,1.0327,C10,26.400,81.457,34,400
5,400,a150,edd,1.0,c05_storm_400_a150_c80_0027,2.8568,2.8568,,,225,1,0.4497,1.0327,C10,26.400,81.457,34,400
5,400,a150,atc,0.25,c05_storm_400_a150_c80_0028,15.4288,13.0640,0.0000,0.0000,256,1,0.4806,1.1591,C10,23.512,56.111,53,400
5,400,a150,edd,0.25,c05_storm_400_a150_c80_0028,13.0640,13.0640,,,256,1,0.4806,1.1591,C10,23.512,56.111,53,400
5,400,a150,atc,0.5,c05_storm_400_a150_c80_0028,13.0640,13.0640,0.0000,0.0000,251,1,0.4806,1.1591,C10,23.512,56.111,53,400
5,400,a150,edd,0.5,c05_storm_400_a150_c80_0028,13.0640,13.0640,,,251,1,0.4806,1.1591,C10,23.512,56.111,53,400
5,400,a150,atc,1.0,c05_storm_400_a150_c80_0028,4.7256,4.7256,0.0000,0.0000,189,1,0.4806,1.1591,C10,23.512,56.111,53,400
5,400,a150,edd,1.0,c05_storm_400_a150_c80_0028,4.7256,4.7256,,,189,1,0.4806,1.1591,C10,23.512,56.111,53,400
5,400,a150,atc,0.25,c05_storm_400_a150_c80_0029,0.0000,0.0000,0.0000,0.0000,249,1,0.5496,0.9337,C10,23.718,58.753,55,400
5,400,a150,edd,0.25,c05_storm_400_a150_c80_0029,0.0000,0.0000,,,249,1,0.5496,0.9337,C10,23.718,58.753,55,400
5,400,a150,atc,0.5,c05_storm_400_a150_c80_0029,17.2480,17.2480,0.0000,0.0000,245,1,0.5496,0.9337,C10,23.718,58.753,55,400
5,400,a150,edd,0.5,c05_storm_400_a150_c80_0029,17.2480,17.2480,,,245,1,0.5496,0.9337,C10,23.718,58.753,55,400
5,400,a150,atc,1.0,c05_storm_400_a150_c80_0029,72.1000,72.1000,0.0000,0.0000,179,1,0.5496,0.9337,C10,23.718,58.753,55,400
5,400,a150,edd,1.0,c05_storm_400_a150_c80_0029,72.1000,72.1000,,,179,1,0.5496,0.9337,C10,23.718,58.753,55,400
5,400,a200,atc,0.25,c05_storm_400_a200_c80_0000,45.5168,36.6536,0.0000,0.0000,251,1,0.6266,1.3586,C10,17.510,56.714,81,400
5,400,a200,edd,0.25,c05_storm_400_a200_c80_0000,46.3544,36.6536,,,251,1,0.6266,1.3586,C10,17.510,56.714,81,400
5,400,a200,atc,0.5,c05_storm_400_a200_c80_0000,45.5168,36.6536,0.0000,0.0000,257,1,0.6266,1.3586,C10,17.510,56.714,81,400
5,400,a200,edd,0.5,c05_storm_400_a200_c80_0000,46.3544,36.6536,,,257,1,0.6266,1.3586,C10,17.510,56.714,81,400
5,400,a200,atc,1.0,c05_storm_400_a200_c80_0000,38.0680,30.6368,0.0000,0.0000,190,1,0.6266,1.3586,C10,17.510,56.714,81,400
5,400,a200,edd,1.0,c05_storm_400_a200_c80_0000,38.9056,31.3808,,,190,1,0.6266,1.3586,C10,17.510,56.714,81,400
5,400,a200,atc,0.25,c05_storm_400_a200_c80_0001,11.6724,11.6724,0.0000,0.0000,236,1,0.5661,0.9360,D20,19.493,46.486,51,400
5,400,a200,edd,0.25,c05_storm_400_a200_c80_0001,11.6724,11.6724,,,236,1,0.5661,0.9360,D20,19.493,46.486,51,400
5,400,a200,atc,0.5,c05_storm_400_a200_c80_0001,11.6724,11.6724,0.0000,0.0000,242,1,0.5661,0.9360,D20,19.493,46.486,51,400
5,400,a200,edd,0.5,c05_storm_400_a200_c80_0001,11.6724,11.6724,,,242,1,0.5661,0.9360,D20,19.493,46.486,51,400
5,400,a200,atc,1.0,c05_storm_400_a200_c80_0001,166.6304,166.6304,0.0000,0.0000,200,1,0.5661,0.9360,D20,19.493,46.486,51,400
5,400,a200,edd,1.0,c05_storm_400_a200_c80_0001,166.6304,166.6304,,,200,1,0.5661,0.9360,D20,19.493,46.486,51,400
5,400,a200,atc,0.25,c05_storm_400_a200_c80_0002,28.3200,28.3200,0.0000,0.0000,243,1,0.6289,1.0327,C10,19.902,67.400,62,400
5,400,a200,edd,0.25,c05_storm_400_a200_c80_0002,28.3200,28.3200,,,243,1,0.6289,1.0327,C10,19.902,67.400,62,400
5,400,a200,atc,0.5,c05_storm_400_a200_c80_0002,0.0000,0.0000,0.0000,0.0000,254,1,0.6289,1.0327,C10,19.902,67.400,62,400
5,400,a200,edd,0.5,c05_storm_400_a200_c80_0002,0.0000,0.0000,,,254,1,0.6289,1.0327,C10,19.902,67.400,62,400
5,400,a200,atc,1.0,c05_storm_400_a200_c80_0002,84.4608,84.4608,0.0000,0.0000,191,1,0.6289,1.0327,C10,19.902,67.400,62,400
5,400,a200,edd,1.0,c05_storm_400_a200_c80_0002,84.4608,84.4608,,,191,1,0.6289,1.0327,C10,19.902,67.400,62,400
5,400,a200,atc,0.25,c05_storm_400_a200_c80_0003,26.9416,26.9416,0.0000,0.0000,257,1,0.6405,1.1432,D40,18.681,59.583,78,400
5,400,a200,edd,0.25,c05_storm_400_a200_c80_0003,26.9416,26.9416,,,257,1,0.6405,1.1432,D40,18.681,59.583,78,400
5,400,a200,atc,0.5,c05_storm_400_a200_c80_0003,6.0624,6.0624,0.0000,0.0000,263,1,0.6405,1.1432,D40,18.681,59.583,78,400
5,400,a200,edd,0.5,c05_storm_400_a200_c80_0003,6.0624,6.0624,,,263,1,0.6405,1.1432,D40,18.681,59.583,78,400
5,400,a200,atc,1.0,c05_storm_400_a200_c80_0003,6.0624,6.0624,0.0000,0.0000,192,1,0.6405,1.1432,D40,18.681,59.583,78,400
5,400,a200,edd,1.0,c05_storm_400_a200_c80_0003,6.0624,6.0624,,,192,1,0.6405,1.1432,D40,18.681,59.583,78,400
5,400,a200,atc,0.25,c05_storm_400_a200_c80_0004,0.0000,0.0000,0.0000,0.0000,254,1,0.6550,1.0650,E10,18.503,69.364,61,400
5,400,a200,edd,0.25,c05_storm_400_a200_c80_0004,0.0000,0.0000,,,254,1,0.6550,1.0650,E10,18.503,69.364,61,400
5,400,a200,atc,0.5,c05_storm_400_a200_c80_0004,0.0000,0.0000,0.0000,0.0000,251,1,0.6550,1.0650,E10,18.503,69.364,61,400
5,400,a200,edd,0.5,c05_storm_400_a200_c80_0004,0.0000,0.0000,,,251,1,0.6550,1.0650,E10,18.503,69.364,61,400
5,400,a200,atc,1.0,c05_storm_400_a200_c80_0004,189.8800,188.1592,0.0000,0.0000,192,1,0.6550,1.0650,E10,18.503,69.364,61,400
5,400,a200,edd,1.0,c05_storm_400_a200_c80_0004,187.8264,187.8264,,,192,1,0.6550,1.0650,E10,18.503,69.364,61,400
5,400,a200,atc,0.25,c05_storm_400_a200_c80_0005,55.0152,53.4584,0.0000,0.0000,245,1,0.6549,1.1365,C10,19.563,58.847,58,400
5,400,a200,edd,0.25,c05_storm_400_a200_c80_0005,54.7672,53.6200,,,245,1,0.6549,1.1365,C10,19.563,58.847,58,400
5,400,a200,atc,0.5,c05_storm_400_a200_c80_0005,139.8576,139.7112,0.0000,0.0000,245,1,0.6549,1.1365,C10,19.563,58.847,58,400
5,400,a200,edd,0.5,c05_storm_400_a200_c80_0005,139.6096,143.4816,,,245,1,0.6549,1.1365,C10,19.563,58.847,58,400
5,400,a200,atc,1.0,c05_storm_400_a200_c80_0005,114.4064,105.7760,0.0000,0.0000,207,1,0.6549,1.1365,C10,19.563,58.847,58,400
5,400,a200,edd,1.0,c05_storm_400_a200_c80_0005,111.9984,107.8240,,,207,1,0.6549,1.1365,C10,19.563,58.847,58,400
5,400,a200,atc,0.25,c05_storm_400_a200_c80_0006,203.4744,203.4744,0.0000,0.0000,235,1,0.6814,1.5489,E10,20.601,65.236,74,400
5,400,a200,edd,0.25,c05_storm_400_a200_c80_0006,203.4744,203.4744,,,235,1,0.6814,1.5489,E10,20.601,65.236,74,400
5,400,a200,atc,0.5,c05_storm_400_a200_c80_0006,60.1284,60.1284,0.0000,0.0000,242,1,0.6814,1.5489,E10,20.601,65.236,74,400
5,400,a200,edd,0.5,c05_storm_400_a200_c80_0006,60.1284,60.1284,,,242,1,0.6814,1.5489,E10,20.601,65.236,74,400
5,400,a200,atc,1.0,c05_storm_400_a200_c80_0006,40.3824,40.3824,0.0000,0.0000,203,1,0.6814,1.5489,E10,20.601,65.236,74,400
5,400,a200,edd,1.0,c05_storm_400_a200_c80_0006,40.3824,40.3824,,,203,1,0.6814,1.5489,E10,20.601,65.236,74,400
5,400,a200,atc,0.25,c05_storm_400_a200_c80_0007,10.7464,0.0000,0.0000,0.0000,258,1,0.6705,1.5943,C10,19.028,56.420,76,400
5,400,a200,edd,0.25,c05_storm_400_a200_c80_0007,116.0504,0.0000,,,258,1,0.6705,1.5943,C10,19.028,56.420,76,400
5,400,a200,atc,0.5,c05_storm_400_a200_c80_0007,10.7464,0.0000,0.0000,0.0000,250,1,0.6705,1.5943,C10,19.028,56.420,76,400
5,400,a200,edd,0.5,c05_storm_400_a200_c80_0007,116.0504,0.0000,,,250,1,0.6705,1.5943,C10,19.028,56.420,76,400
5,400,a200,atc,1.0,c05_storm_400_a200_c80_0007,0.0000,0.0000,0.0000,0.0000,175,1,0.6705,1.5943,C10,19.028,56.420,76,400
5,400,a200,edd,1.0,c05_storm_400_a200_c80_0007,0.0000,0.0000,,,175,1,0.6705,1.5943,C10,19.028,56.420,76,400
5,400,a200,atc,0.25,c05_storm_400_a200_c80_0008,194.8576,194.8576,0.0000,0.0000,247,1,0.6775,1.1580,C10,18.979,62.920,66,400
5,400,a200,edd,0.25,c05_storm_400_a200_c80_0008,194.8576,194.8576,,,247,1,0.6775,1.1580,C10,18.979,62.920,66,400
5,400,a200,atc,0.5,c05_storm_400_a200_c80_0008,29.5056,29.5056,0.0000,0.0000,240,1,0.6775,1.1580,C10,18.979,62.920,66,400
5,400,a200,edd,0.5,c05_storm_400_a200_c80_0008,29.5056,29.5056,,,240,1,0.6775,1.1580,C10,18.979,62.920,66,400
5,400,a200,atc,1.0,c05_storm_400_a200_c80_0008,188.3168,188.3168,0.0000,0.0000,194,1,0.6775,1.1580,C10,18.979,62.920,66,400
5,400,a200,edd,1.0,c05_storm_400_a200_c80_0008,188.3168,188.3168,,,194,1,0.6775,1.1580,C10,18.979,62.920,66,400
5,400,a200,atc,0.25,c05_storm_400_a200_c80_0009,2.7656,2.7656,0.0000,0.0000,248,1,0.6538,1.4365,C10,17.861,50.204,79,400
5,400,a200,edd,0.25,c05_storm_400_a200_c80_0009,2.7656,2.7656,,,248,1,0.6538,1.4365,C10,17.861,50.204,79,400
5,400,a200,atc,0.5,c05_storm_400_a200_c80_0009,17.4048,17.4048,0.0000,0.0000,253,1,0.6538,1.4365,C10,17.861,50.204,79,400
5,400,a200,edd,0.5,c05_storm_400_a200_c80_0009,17.4048,17.4048,,,253,1,0.6538,1.4365,C10,17.861,50.204,79,400
5,400,a200,atc,1.0,c05_storm_400_a200_c80_0009,107.7296,107.7296,0.0000,0.0000,206,1,0.6538,1.4365,C10,17.861,50.204,79,400
5,400,a200,edd,1.0,c05_storm_400_a200_c80_0009,107.7296,107.7296,,,206,1,0.6538,1.4365,C10,17.861,50.204,79,400
5,400,a200,atc,0.25,c05_storm_400_a200_c80_0010,134.6856,134.6856,0.0000,0.0000,253,1,0.6633,1.1443,D50,19.639,60.989,64,400
5,400,a200,edd,0.25,c05_storm_400_a200_c80_0010,134.6856,134.6856,,,253,1,0.6633,1.1443,D50,19.639,60.989,64,400
5,400,a200,atc,0.5,c05_storm_400_a200_c80_0010,55.1688,55.1688,0.0000,0.0000,257,1,0.6633,1.1443,D50,19.639,60.989,64,400
5,400,a200,edd,0.5,c05_storm_400_a200_c80_0010,55.1688,55.1688,,,257,1,0.6633,1.1443,D50,19.639,60.989,64,400
5,400,a200,atc,1.0,c05_storm_400_a200_c80_0010,176.3972,176.3972,0.0000,0.0000,193,1,0.6633,1.1443,D50,19.639,60.989,64,400
5,400,a200,edd,1.0,c05_storm_400_a200_c80_0010,176.3972,176.3972,,,193,1,0.6633,1.1443,D50,19.639,60.989,64,400
5,400,a200,atc,0.25,c05_storm_400_a200_c80_0011,0.0000,0.0000,0.0000,0.0000,231,1,0.6278,1.2333,D50,18.775,74.553,63,400
5,400,a200,edd,0.25,c05_storm_400_a200_c80_0011,0.0000,0.0000,,,231,1,0.6278,1.2333,D50,18.775,74.553,63,400
5,400,a200,atc,0.5,c05_storm_400_a200_c80_0011,0.0000,0.0000,0.0000,0.0000,235,1,0.6278,1.2333,D50,18.775,74.553,63,400
5,400,a200,edd,0.5,c05_storm_400_a200_c80_0011,0.0000,0.0000,,,235,1,0.6278,1.2333,D50,18.775,74.553,63,400
5,400,a200,atc,1.0,c05_storm_400_a200_c80_0011,12.8760,12.8760,0.0000,0.0000,199,1,0.6278,1.2333,D50,18.775,74.553,63,400
5,400,a200,edd,1.0,c05_storm_400_a200_c80_0011,12.8760,12.8760,,,199,1,0.6278,1.2333,D50,18.775,74.553,63,400
5,400,a200,atc,0.25,c05_storm_400_a200_c80_0012,22.1024,14.9480,0.0000,0.0000,252,1,0.6745,1.1366,B30,19.706,57.731,60,400
5,400,a200,edd,0.25,c05_storm_400_a200_c80_0012,16.7168,14.9480,,,252,1,0.6745,1.1366,B30,19.706,57.731,60,400
5,400,a200,atc,0.5,c05_storm_400_a200_c80_0012,22.1024,14.9480,0.0000,0.0000,243,1,0.6745,1.1366,B30,19.706,57.731,60,400
5,400,a200,edd,0.5,c05_storm_400_a200_c80_0012,16.7168,14.9480,,,243,1,0.6745,1.1366,B30,19.706,57.731,60,400
5,400,a200,atc,1.0,c05_storm_400_a200_c80_0012,139.0824,126.5840,0.0000,0.0000,198,1,0.6745,1.1366,B30,19.706,57.731,60,400
5,400,a200,edd,1.0,c05_storm_400_a200_c80_0012,128.3528,126.5840,,,198,1,0.6745,1.1366,B30,19.706,57.731,60,400
5,400,a200,atc,0.25,c05_storm_400_a200_c80_0013,0.0000,0.0000,0.0000,0.0000,228,1,0.6384,1.1050,C10,19.821,53.951,50,400
5,400,a200,edd,0.25,c05_storm_400_a200_c80_0013,0.0000,0.0000,,,228,1,0.6384,1.1050,C10,19.821,53.951,50,400
5,400,a200,atc,0.5,c05_storm_400_a200_c80_0013,7.6872,7.6872,0.0000,0.0000,231,1,0.6384,1.1050,C10,19.821,53.951,50,400
5,400,a200,edd,0.5,c05_storm_400_a200_c80_0013,7.6872,7.6872,,,231,1,0.6384,1.1050,C10,19.821,53.951,50,400
5,400,a200,atc,1.0,c05_storm_400_a200_c80_0013,99.8720,99.8720,0.0000,0.0000,184,1,0.6384,1.1050,C10,19.821,53.951,50,400
5,400,a200,edd,1.0,c05_storm_400_a200_c80_0013,99.8720,99.8720,,,184,1,0.6384,1.1050,C10,19.821,53.951,50,400
5,400,a200,atc,0.25,c05_storm_400_a200_c80_0014,33.2448,33.2448,0.0000,0.0000,241,1,0.5953,1.1259,C10,19.282,48.978,53,400
5,400,a200,edd,0.25,c05_storm_400_a200_c80_0014,33.2448,33.2448,,,241,1,0.5953,1.1259,C10,19.282,48.978,53,400
5,400,a200,atc,0.5,c05_storm_400_a200_c80_0014,51.3272,51.3272,0.0000,0.0000,234,1,0.5953,1.1259,C10,19.282,48.978,53,400
5,400,a200,edd,0.5,c05_storm_400_a200_c80_0014,51.3272,51.3272,,,234,1,0.5953,1.1259,C10,19.282,48.978,53,400
5,400,a200,atc,1.0,c05_storm_400_a200_c80_0014,332.1616,332.1616,0.0000,0.0000,189,1,0.5953,1.1259,C10,19.282,48.978,53,400
5,400,a200,edd,1.0,c05_storm_400_a200_c80_0014,332.1616,332.1616,,,189,1,0.5953,1.1259,C10,19.282,48.978,53,400
5,400,a200,atc,0.25,c05_storm_400_a200_c80_0015,11.4088,11.4088,0.0000,0.0000,230,1,0.5931,1.1778,C10,18.058,50.323,65,400
5,400,a200,edd,0.25,c05_storm_400_a200_c80_0015,11.4088,11.4088,,,230,1,0.5931,1.1778,C10,18.058,50.323,65,400
5,400,a200,atc,0.5,c05_storm_400_a200_c80_0015,0.0000,0.0000,0.0000,0.0000,229,1,0.5931,1.1778,C10,18.058,50.323,65,400
5,400,a200,edd,0.5,c05_storm_400_a200_c80_0015,0.0000,0.0000,,,229,1,0.5931,1.1778,C10,18.058,50.323,65,400
5,400,a200,atc,1.0,c05_storm_400_a200_c80_0015,33.5208,33.5208,0.0000,0.0000,182,1,0.5931,1.1778,C10,18.058,50.323,65,400
5,400,a200,edd,1.0,c05_storm_400_a200_c80_0015,33.5208,33.5208,,,182,1,0.5931,1.1778,C10,18.058,50.323,65,400
5,400,a200,atc,0.25,c05_storm_400_a200_c80_0016,0.0000,0.0000,0.0000,0.0000,244,1,0.6599,1.4670,D50,18.221,64.473,53,400
5,400,a200,edd,0.25,c05_storm_400_a200_c80_0016,0.0000,0.0000,,,244,1,0.6599,1.4670,D50,18.221,64.473,53,400
5,400,a200,atc,0.5,c05_storm_400_a200_c80_0016,36.4912,12.4224,0.0000,0.0000,247,1,0.6599,1.4670,D50,18.221,64.473,53,400
5,400,a200,edd,0.5,c05_storm_400_a200_c80_0016,36.4912,12.4224,,,247,1,0.6599,1.4670,D50,18.221,64.473,53,400
5,400,a200,atc,1.0,c05_storm_400_a200_c80_0016,0.0000,0.0000,0.0000,0.0000,199,1,0.6599,1.4670,D50,18.221,64.473,53,400
5,400,a200,edd,1.0,c05_storm_400_a200_c80_0016,0.0000,0.0000,,,199,1,0.6599,1.4670,D50,18.221,64.473,53,400
5,400,a200,atc,0.25,c05_storm_400_a200_c80_0017,0.0000,0.0000,0.0000,0.0000,254,1,0.6009,1.1401,C10,18.966,62.642,75,400
5,400,a200,edd,0.25,c05_storm_400_a200_c80_0017,0.0000,0.0000,,,254,1,0.6009,1.1401,C10,18.966,62.642,75,400
5,400,a200,atc,0.5,c05_storm_400_a200_c80_0017,0.0000,0.0000,0.0000,0.0000,248,1,0.6009,1.1401,C10,18.966,62.642,75,400
5,400,a200,edd,0.5,c05_storm_400_a200_c80_0017,0.0000,0.0000,,,248,1,0.6009,1.1401,C10,18.966,62.642,75,400
5,400,a200,atc,1.0,c05_storm_400_a200_c80_0017,43.9016,43.9016,0.0000,0.0000,192,1,0.6009,1.1401,C10,18.966,62.642,75,400
5,400,a200,edd,1.0,c05_storm_400_a200_c80_0017,43.9016,43.9016,,,192,1,0.6009,1.1401,C10,18.966,62.642,75,400
5,400,a200,atc,0.25,c05_storm_400_a200_c80_0018,55.9528,24.3568,0.0000,0.0000,245,1,0.6659,1.5664,C10,19.068,46.714,80,400
5,400,a200,edd,0.25,c05_storm_400_a200_c80_0018,53.5584,24.3568,,,245,1,0.6659,1.5664,C10,19.068,46.714,80,400
5,400,a200,atc,0.5,c05_storm_400_a200_c80_0018,24.3568,24.3568,0.0000,0.0000,256,1,0.6659,1.5664,C10,19.068,46.714,80,400
5,400,a200,edd,0.5,c05_storm_400_a200_c80_0018,24.3568,24.3568,,,256,1,0.6659,1.5664,C10,19.068,46.714,80,400
5,400,a200,atc,1.0,c05_storm_400_a200_c80_0018,286.7172,286.7172,0.0000,0.0000,196,1,0.6659,1.5664,C10,19.068,46.714,80,400
5,400,a200,edd,1.0,c05_storm_400_a200_c80_0018,286.7172,286.7172,,,196,1,0.6659,1.5664,C10,19.068,46.714,80,400
5,400,a200,atc,0.25,c05_storm_400_a200_c80_0019,38.4728,38.4728,0.0000,0.0000,251,1,0.6097,0.9404,C10,21.959,60.160,52,400
5,400,a200,edd,0.25,c05_storm_400_a200_c80_0019,38.4728,38.4728,,,251,1,0.6097,0.9404,C10,21.959,60.160,52,400
5,400,a200,atc,0.5,c05_storm_400_a200_c80_0019,92.5048,92.5048,0.0000,0.0000,250,1,0.6097,0.9404,C10,21.959,60.160,52,400
5,400,a200,edd,0.5,c05_storm_400_a200_c80_0019,92.5048,92.5048,,,250,1,0.6097,0.9404,C10,21.959,60.160,52,400
5,400,a200,atc,1.0,c05_storm_400_a200_c80_0019,186.7352,186.7352,0.0000,0.0000,174,1,0.6097,0.9404,C10,21.959,60.160,52,400
5,400,a200,edd,1.0,c05_storm_400_a200_c80_0019,186.7352,186.7352,,,174,1,0.6097,0.9404,C10,21.959,60.160,52,400
5,400,a200,atc,0.25,c05_storm_400_a200_c80_0020,0.0000,0.0000,0.0000,0.0000,250,1,0.6210,1.1673,C10,19.875,57.167,51,400
5,400,a200,edd,0.25,c05_storm_400_a200_c80_0020,0.0000,0.0000,,,250,1,0.6210,1.1673,C10,19.875,57.167,51,400
5,400,a200,atc,0.5,c05_storm_400_a200_c80_0020,0.0000,0.0000,0.0000,0.0000,259,1,0.6210,1.1673,C10,19.875,57.167,51,400
5,400,a200,edd,0.5,c05_storm_400_a200_c80_0020,0.0000,0.0000,,,259,1,0.6210,1.1673,C10,19.875,57.167,51,400
5,400,a200,atc,1.0,c05_storm_400_a200_c80_0020,41.5376,41.5376,0.0000,0.0000,210,1,0.6210,1.1673,C10,19.875,57.167,51,400
5,400,a200,edd,1.0,c05_storm_400_a200_c80_0020,41.5376,41.5376,,,210,1,0.6210,1.1673,C10,19.875,57.167,51,400
5,400,a200,atc,0.25,c05_storm_400_a200_c80_0021,110.2880,110.2880,0.0000,0.0000,236,1,0.6603,1.5231,C10,19.047,45.329,70,400
5,400,a200,edd,0.25,c05_storm_400_a200_c80_0021,110.2880,110.2880,,,236,1,0.6603,1.5231,C10,19.047,45.329,70,400
5,400,a200,atc,0.5,c05_storm_400_a200_c80_0021,110.2880,110.2880,0.0000,0.0000,249,1,0.6603,1.5231,C10,19.047,45.329,70,400
5,400,a200,edd,0.5,c05_storm_400_a200_c80_0021,110.2880,110.2880,,,249,1,0.6603,1.5231,C10,19.047,45.329,70,400
5,400,a200,atc,1.0,c05_storm_400_a200_c80_0021,206.4432,206.4432,0.0000,0.0000,211,1,0.6603,1.5231,C10,19.047,45.329,70,400
5,400,a200,edd,1.0,c05_storm_400_a200_c80_0021,206.4432,206.4432,,,211,1,0.6603,1.5231,C10,19.047,45.329,70,400
5,400,a200,atc,0.25,c05_storm_400_a200_c80_0022,74.0776,73.9432,0.0000,0.0000,265,1,0.6245,1.1930,C30,20.046,75.266,70,400
5,400,a200,edd,0.25,c05_storm_400_a200_c80_0022,73.9432,73.6328,,,265,1,0.6245,1.1930,C30,20.046,75.266,70,400
5,400,a200,atc,0.5,c05_storm_400_a200_c80_0022,154.0512,153.9168,0.0000,0.0000,258,1,0.6245,1.1930,C30,20.046,75.266,70,400
5,400,a200,edd,0.5,c05_storm_400_a200_c80_0022,153.9168,153.6064,,,258,1,0.6245,1.1930,C30,20.046,75.266,70,400
5,400,a200,atc,1.0,c05_storm_400_a200_c80_0022,289.3656,285.2104,0.0000,0.0000,201,1,0.6245,1.1930,C30,20.046,75.266,70,400
5,400,a200,edd,1.0,c05_storm_400_a200_c80_0022,285.7432,284.1440,,,201,1,0.6245,1.1930,C30,20.046,75.266,70,400
5,400,a200,atc,0.25,c05_storm_400_a200_c80_0023,0.9932,0.0000,0.0000,0.0000,251,1,0.7040,1.0288,C30,18.954,61.043,57,400
5,400,a200,edd,0.25,c05_storm_400_a200_c80_0023,0.0000,0.0000,,,251,1,0.7040,1.0288,C30,18.954,61.043,57,400
5,400,a200,atc,0.5,c05_storm_400_a200_c80_0023,24.4740,23.7632,0.0000,0.0000,247,1,0.7040,1.0288,C30,18.954,61.043,57,400
5,400,a200,edd,0.5,c05_storm_400_a200_c80_0023,23.4248,23.7632,,,247,1,0.7040,1.0288,C30,18.954,61.043,57,400
5,400,a200,atc,1.0,c05_storm_400_a200_c80_0023,188.3744,183.5120,0.0000,0.0000,197,1,0.7040,1.0288,C30,18.954,61.043,57,400
5,400,a200,edd,1.0,c05_storm_400_a200_c80_0023,177.9040,176.5968,,,197,1,0.7040,1.0288,C30,18.954,61.043,57,400
5,400,a200,atc,0.25,c05_storm_400_a200_c80_0024,12.7704,12.7704,0.0000,0.0000,240,1,0.6665,1.1955,C10,19.190,63.594,65,400
5,400,a200,edd,0.25,c05_storm_400_a200_c80_0024,12.7704,12.7704,,,240,1,0.6665,1.1955,C10,19.190,63.594,65,400
5,400,a200,atc,0.5,c05_storm_400_a200_c80_0024,12.7704,12.7704,0.0000,0.0000,244,1,0.6665,1.1955,C10,19.190,63.594,65,400
5,400,a200,edd,0.5,c05_storm_400_a200_c80_0024,12.7704,12.7704,,,244,1,0.6665,1.1955,C10,19.190,63.594,65,400
5,400,a200,atc,1.0,c05_storm_400_a200_c80_0024,59.2152,59.2152,0.0000,0.0000,203,1,0.6665,1.1955,C10,19.190,63.594,65,400
5,400,a200,edd,1.0,c05_storm_400_a200_c80_0024,59.2152,59.2152,,,203,1,0.6665,1.1955,C10,19.190,63.594,65,400
5,400,a200,atc,0.25,c05_storm_400_a200_c80_0025,0.0000,0.0000,0.0000,0.0000,242,1,0.5653,1.0584,E10,19.820,39.162,57,400
5,400,a200,edd,0.25,c05_storm_400_a200_c80_0025,0.0000,0.0000,,,242,1,0.5653,1.0584,E10,19.820,39.162,57,400
5,400,a200,atc,0.5,c05_storm_400_a200_c80_0025,0.0000,0.0000,0.0000,0.0000,237,1,0.5653,1.0584,E10,19.820,39.162,57,400
5,400,a200,edd,0.5,c05_storm_400_a200_c80_0025,0.0000,0.0000,,,237,1,0.5653,1.0584,E10,19.820,39.162,57,400
5,400,a200,atc,1.0,c05_storm_400_a200_c80_0025,4.4920,4.4920,0.0000,0.0000,201,1,0.5653,1.0584,E10,19.820,39.162,57,400
5,400,a200,edd,1.0,c05_storm_400_a200_c80_0025,4.4920,4.4920,,,201,1,0.5653,1.0584,E10,19.820,39.162,57,400
5,400,a200,atc,0.25,c05_storm_400_a200_c80_0026,158.1960,158.1960,0.0000,0.0000,232,1,0.6263,1.0419,D20,20.081,46.217,66,400
5,400,a200,edd,0.25,c05_storm_400_a200_c80_0026,158.1960,158.1960,,,232,1,0.6263,1.0419,D20,20.081,46.217,66,400
5,400,a200,atc,0.5,c05_storm_400_a200_c80_0026,158.1960,158.1960,0.0000,0.0000,242,1,0.6263,1.0419,D20,20.081,46.217,66,400
5,400,a200,edd,0.5,c05_storm_400_a200_c80_0026,158.1960,158.1960,,,242,1,0.6263,1.0419,D20,20.081,46.217,66,400
5,400,a200,atc,1.0,c05_storm_400_a200_c80_0026,165.4664,164.2832,0.0000,0.0000,220,1,0.6263,1.0419,D20,20.081,46.217,66,400
5,400,a200,edd,1.0,c05_storm_400_a200_c80_0026,163.2360,163.8264,,,220,1,0.6263,1.0419,D20,20.081,46.217,66,400
5,400,a200,atc,0.25,c05_storm_400_a200_c80_0027,0.0000,0.0000,0.0000,0.0000,263,1,0.5611,1.1866,E10,20.932,55.070,56,400
5,400,a200,edd,0.25,c05_storm_400_a200_c80_0027,3.6824,0.0000,,,263,1,0.5611,1.1866,E10,20.932,55.070,56,400
5,400,a200,atc,0.5,c05_storm_400_a200_c80_0027,0.0000,0.0000,0.0000,0.0000,248,1,0.5611,1.1866,E10,20.932,55.070,56,400
5,400,a200,edd,0.5,c05_storm_400_a200_c80_0027,3.6824,0.0000,,,248,1,0.5611,1.1866,E10,20.932,55.070,56,400
5,400,a200,atc,1.0,c05_storm_400_a200_c80_0027,0.0000,0.0000,0.0000,0.0000,199,1,0.5611,1.1866,E10,20.932,55.070,56,400
5,400,a200,edd,1.0,c05_storm_400_a200_c80_0027,0.0000,0.0000,,,199,1,0.5611,1.1866,E10,20.932,55.070,56,400
5,400,a200,atc,0.25,c05_storm_400_a200_c80_0028,5.3120,5.3120,0.0000,0.0000,250,1,0.5222,1.2617,C10,21.322,52.346,47,400
5,400,a200,edd,0.25,c05_storm_400_a200_c80_0028,5.3120,5.3120,,,250,1,0.5222,1.2617,C10,21.322,52.346,47,400
5,400,a200,atc,0.5,c05_storm_400_a200_c80_0028,5.3120,5.3120,0.0000,0.0000,254,1,0.5222,1.2617,C10,21.322,52.346,47,400
5,400,a200,edd,0.5,c05_storm_400_a200_c80_0028,5.3120,5.3120,,,254,1,0.5222,1.2617,C10,21.322,52.346,47,400
5,400,a200,atc,1.0,c05_storm_400_a200_c80_0028,78.8680,78.8680,0.0000,0.0000,180,1,0.5222,1.2617,C10,21.322,52.346,47,400
5,400,a200,edd,1.0,c05_storm_400_a200_c80_0028,78.8680,78.8680,,,180,1,0.5222,1.2617,C10,21.322,52.346,47,400
5,400,a200,atc,0.25,c05_storm_400_a200_c80_0029,283.5920,277.5616,0.0000,0.0000,242,1,0.5833,1.2567,C30,21.870,71.020,58,400
5,400,a200,edd,0.25,c05_storm_400_a200_c80_0029,283.5920,270.8288,,,242,1,0.5833,1.2567,C30,21.870,71.020,58,400
5,400,a200,atc,0.5,c05_storm_400_a200_c80_0029,283.5920,277.5616,0.0000,0.0000,247,1,0.5833,1.2567,C30,21.870,71.020,58,400
5,400,a200,edd,0.5,c05_storm_400_a200_c80_0029,283.5920,270.8288,,,247,1,0.5833,1.2567,C30,21.870,71.020,58,400
5,400,a200,atc,1.0,c05_storm_400_a200_c80_0029,62.9772,62.9772,0.0000,0.0000,194,1,0.5833,1.2567,C30,21.870,71.020,58,400
5,400,a200,edd,1.0,c05_storm_400_a200_c80_0029,62.9772,62.9772,,,194,1,0.5833,1.2567,C30,21.870,71.020,58,400
5,400,a300,atc,0.25,c05_storm_400_a300_c80_0000,40.6168,0.5336,0.0000,0.0000,242,1,0.8835,1.3856,C10,12.317,61.483,76,400
5,400,a300,edd,0.25,c05_storm_400_a300_c80_0000,3.1816,0.5336,,,242,1,0.8835,1.3856,C10,12.317,61.483,76,400
5,400,a300,atc,0.5,c05_storm_400_a300_c80_0000,33.9584,0.5336,0.0000,0.0000,248,1,0.8835,1.3856,C10,12.317,61.483,76,400
5,400,a300,edd,0.5,c05_storm_400_a300_c80_0000,3.1816,0.5336,,,248,1,0.8835,1.3856,C10,12.317,61.483,76,400
5,400,a300,atc,1.0,c05_storm_400_a300_c80_0000,0.0000,0.0000,0.0000,0.0000,188,1,0.8835,1.3856,C10,12.317,61.483,76,400
5,400,a300,edd,1.0,c05_storm_400_a300_c80_0000,0.0000,0.0000,,,188,1,0.8835,1.3856,C10,12.317,61.483,76,400
5,400,a300,atc,0.25,c05_storm_400_a300_c80_0001,154.2680,58.9736,0.0000,0.0000,248,1,1.1947,3.1530,C30,12.239,47.982,117,400
5,400,a300,edd,0.25,c05_storm_400_a300_c80_0001,128.3584,58.9736,,,248,1,1.1947,3.1530,C30,12.239,47.982,117,400
5,400,a300,atc,0.5,c05_storm_400_a300_c80_0001,154.2680,58.9736,0.0000,0.0000,254,1,1.1947,3.1530,C30,12.239,47.982,117,400
5,400,a300,edd,0.5,c05_storm_400_a300_c80_0001,128.3584,58.9736,,,254,1,1.1947,3.1530,C30,12.239,47.982,117,400
5,400,a300,atc,1.0,c05_storm_400_a300_c80_0001,272.7524,272.2932,0.0000,0.0000,186,1,1.1947,3.1530,C30,12.239,47.982,117,400
5,400,a300,edd,1.0,c05_storm_400_a300_c80_0001,264.0976,263.2952,,,186,1,1.1947,3.1530,C30,12.239,47.982,117,400
5,400,a300,atc,0.25,c05_storm_400_a300_c80_0002,67.8200,66.1248,0.0000,0.0000,266,1,0.7782,1.1895,D20,13.290,25.138,79,400
5,400,a300,edd,0.25,c05_storm_400_a300_c80_0002,72.5600,64.8560,,,266,1,0.7782,1.1895,D20,13.290,25.138,79,400
5,400,a300,atc,0.5,c05_storm_400_a300_c80_0002,67.8200,63.6472,0.0000,0.0000,271,1,0.7782,1.1895,D20,13.290,25.138,79,400
5,400,a300,edd,0.5,c05_storm_400_a300_c80_0002,72.5600,63.2744,,,271,1,0.7782,1.1895,D20,13.290,25.138,79,400
5,400,a300,atc,1.0,c05_storm_400_a300_c80_0002,82.1456,81.5312,0.0000,0.0000,198,1,0.7782,1.1895,D20,13.290,25.138,79,400
5,400,a300,edd,1.0,c05_storm_400_a300_c80_0002,86.8856,78.7848,,,198,1,0.7782,1.1895,D20,13.290,25.138,79,400
5,400,a300,atc,0.25,c05_storm_400_a300_c80_0003,64.9304,0.0000,0.0000,0.0000,245,1,0.9740,2.2274,C10,12.640,40.388,95,400
5,400,a300,edd,0.25,c05_storm_400_a300_c80_0003,36.3856,0.0000,,,245,1,0.9740,2.2274,C10,12.640,40.388,95,400
5,400,a300,atc,0.5,c05_storm_400_a300_c80_0003,18.9896,14.7536,0.0000,0.0000,257,1,0.9740,2.2274,C10,12.640,40.388,95,400
5,400,a300,edd,0.5,c05_storm_400_a300_c80_0003,18.8816,14.7536,,,257,1,0.9740,2.2274,C10,12.640,40.388,95,400
5,400,a300,atc,1.0,c05_storm_400_a300_c80_0003,156.5768,152.3408,0.0000,0.0000,200,1,0.9740,2.2274,C10,12.640,40.388,95,400
5,400,a300,edd,1.0,c05_storm_400_a300_c80_0003,158.0464,152.4032,,,200,1,0.9740,2.2274,C10,12.640,40.388,95,400
5,400,a300,atc,0.25,c05_storm_400_a300_c80_0004,11.4032,11.4032,0.0000,0.0000,263,1,0.8784,1.3839,C10,12.907,35.130,101,400
5,400,a300,edd,0.25,c05_storm_400_a300_c80_0004,11.4032,11.4032,,,263,1,0.8784,1.3839,C10,12.907,35.130,101,400
5,400,a300,atc,0.5,c05_storm_400_a300_c80_0004,47.3744,48.7560,0.0000,0.0000,251,1,0.8784,1.3839,C10,12.907,35.130,101,400
5,400,a300,edd,0.5,c05_storm_400_a300_c80_0004,49.8952,49.2832,,,251,1,0.8784,1.3839,C10,12.907,35.130,101,400
5,400,a300,atc,1.0,c05_storm_400_a300_c80_0004,47.3744,46.9216,0.0000,0.0000,186,1,0.8784,1.3839,C10,12.907,35.130,101,400
5,400,a300,edd,1.0,c05_storm_400_a300_c80_0004,49.8952,49.2832,,,186,1,0.8784,1.3839,C10,12.907,35.130,101,400
5,400,a300,atc,0.25,c05_storm_400_a300_c80_0005,141.3776,141.3776,0.0000,0.0000,249,1,0.8860,2.0146,C10,12.866,38.764,86,400
5,400,a300,edd,0.25,c05_storm_400_a300_c80_0005,141.3776,141.3776,,,249,1,0.8860,2.0146,C10,12.866,38.764,86,400
5,400,a300,atc,0.5,c05_storm_400_a300_c80_0005,6.6888,6.6888,0.0000,0.0000,257,1,0.8860,2.0146,C10,12.866,38.764,86,400
5,400,a300,edd,0.5,c05_storm_400_a300_c80_0005,6.6888,6.6888,,,257,1,0.8860,2.0146,C10,12.866,38.764,86,400
5,400,a300,atc,1.0,c05_storm_400_a300_c80_0005,0.0000,0.0000,0.0000,0.0000,206,1,0.8860,2.0146,C10,12.866,38.764,86,400
5,400,a300,edd,1.0,c05_storm_400_a300_c80_0005,0.0000,0.0000,,,206,1,0.8860,2.0146,C10,12.866,38.764,86,400
5,400,a300,atc,0.25,c05_storm_400_a300_c80_0006,47.9216,47.9216,0.0000,0.0000,239,1,1.0214,1.8161,B20,11.867,49.942,103,400
5,400,a300,edd,0.25,c05_storm_400_a300_c80_0006,47.9216,47.9216,,,239,1,1.0214,1.8161,B20,11.867,49.942,103,400
5,400,a300,atc,0.5,c05_storm_400_a300_c80_0006,47.9216,47.9216,0.0000,0.0000,241,1,1.0214,1.8161,B20,11.867,49.942,103,400
5,400,a300,edd,0.5,c05_storm_400_a300_c80_0006,47.9216,47.9216,,,241,1,1.0214,1.8161,B20,11.867,49.942,103,400
5,400,a300,atc,1.0,c05_storm_400_a300_c80_0006,102.5584,102.3024,0.0000,0.0000,181,1,1.0214,1.8161,B20,11.867,49.942,103,400
5,400,a300,edd,1.0,c05_storm_400_a300_c80_0006,102.5584,102.5584,,,181,1,1.0214,1.8161,B20,11.867,49.942,103,400
5,400,a300,atc,0.25,c05_storm_400_a300_c80_0007,58.4848,14.6968,0.0000,0.0000,247,1,0.9342,2.2037,E10,12.866,69.393,101,400
5,400,a300,edd,0.25,c05_storm_400_a300_c80_0007,53.2632,14.6968,,,247,1,0.9342,2.2037,E10,12.866,69.393,101,400
5,400,a300,atc,0.5,c05_storm_400_a300_c80_0007,58.4848,14.6968,0.0000,0.0000,265,1,0.9342,2.2037,E10,12.866,69.393,101,400
5,400,a300,edd,0.5,c05_storm_400_a300_c80_0007,53.2632,14.6968,,,265,1,0.9342,2.2037,E10,12.866,69.393,101,400
5,400,a300,atc,1.0,c05_storm_400_a300_c80_0007,0.0000,0.0000,0.0000,0.0000,200,1,0.9342,2.2037,E10,12.866,69.393,101,400
5,400,a300,edd,1.0,c05_storm_400_a300_c80_0007,0.0000,0.0000,,,200,1,0.9342,2.2037,E10,12.866,69.393,101,400
5,400,a300,atc,0.25,c05_storm_400_a300_c80_0008,3.5128,0.0000,0.0000,0.0000,247,1,0.8232,2.0397,C10,12.445,36.846,100,400
5,400,a300,edd,0.25,c05_storm_400_a300_c80_0008,0.0000,0.0000,,,247,1,0.8232,2.0397,C10,12.445,36.846,100,400
5,400,a300,atc,0.5,c05_storm_400_a300_c80_0008,3.5128,0.0000,0.0000,0.0000,235,1,0.8232,2.0397,C10,12.445,36.846,100,400
5,400,a300,edd,0.5,c05_storm_400_a300_c80_0008,0.0000,0.0000,,,235,1,0.8232,2.0397,C10,12.445,36.846,100,400
5,400,a300,atc,1.0,c05_storm_400_a300_c80_0008,0.0000,0.0000,0.0000,0.0000,164,1,0.8232,2.0397,C10,12.445,36.846,100,400
5,400,a300,edd,1.0,c05_storm_400_a300_c80_0008,0.0000,0.0000,,,164,1,0.8232,2.0397,C10,12.445,36.846,100,400
5,400,a300,atc,0.25,c05_storm_400_a300_c80_0009,14.6440,14.6440,0.0000,0.0000,262,1,0.9247,2.2607,C30,13.084,51.951,103,400
5,400,a300,edd,0.25,c05_storm_400_a300_c80_0009,14.6440,14.6440,,,262,1,0.9247,2.2607,C30,13.084,51.951,103,400
5,400,a300,atc,0.5,c05_storm_400_a300_c80_0009,135.0536,135.0536,0.0000,0.0000,271,1,0.9247,2.2607,C30,13.084,51.951,103,400
5,400,a300,edd,0.5,c05_storm_400_a300_c80_0009,135.0536,135.0536,,,271,1,0.9247,2.2607,C30,13.084,51.951,103,400
5,400,a300,atc,1.0,c05_storm_400_a300_c80_0009,216.3592,211.7800,0.0000,0.0000,199,1,0.9247,2.2607,C30,13.084,51.951,103,400
5,400,a300,edd,1.0,c05_storm_400_a300_c80_0009,214.2928,211.7800,,,199,1,0.9247,2.2607,C30,13.084,51.951,103,400
5,400,a300,atc,0.25,c05_storm_400_a300_c80_0010,240.4408,234.3492,0.0000,0.0000,248,1,0.9994,2.2293,C30,12.705,69.754,113,400
5,400,a300,edd,0.25,c05_storm_400_a300_c80_0010,239.4580,234.3492,,,248,1,0.9994,2.2293,C30,12.705,69.754,113,400
5,400,a300,atc,0.5,c05_storm_400_a300_c80_0010,250.1240,244.0324,0.0000,0.0000,246,1,0.9994,2.2293,C30,12.705,69.754,113,400
5,400,a300,edd,0.5,c05_storm_400_a300_c80_0010,249.1412,244.0324,,,246,1,0.9994,2.2293,C30,12.705,69.754,113,400
5,400,a300,atc,1.0,c05_storm_400_a300_c80_0010,257.0824,250.1240,0.0000,0.0000,190,1,0.9994,2.2293,C30,12.705,69.754,113,400
5,400,a300,edd,1.0,c05_storm_400_a300_c80_0010,249.1412,250.1240,,,190,1,0.9994,2.2293,C30,12.705,69.754,113,400
5,400,a300,atc,0.25,c05_storm_400_a300_c80_0011,7.3856,8.1976,0.0000,0.0000,244,1,0.9855,1.7089,D20,12.292,58.380,93,400
5,400,a300,edd,0.25,c05_storm_400_a300_c80_0011,9.1136,6.7944,,,244,1,0.9855,1.7089,D20,12.292,58.380,93,400
5,400,a300,atc,0.5,c05_storm_400_a300_c80_0011,29.6680,30.2760,0.0000,0.0000,250,1,0.9855,1.7089,D20,12.292,58.380,93,400
5,400,a300,edd,0.5,c05_storm_400_a300_c80_0011,31.3960,27.6112,,,250,1,0.9855,1.7089,D20,12.292,58.380,93,400
5,400,a300,atc,1.0,c05_storm_400_a300_c80_0011,152.7980,143.1944,0.0000,0.0000,214,1,0.9855,1.7089,D20,12.292,58.380,93,400
5,400,a300,edd,1.0,c05_storm_400_a300_c80_0011,142.8528,140.0120,,,214,1,0.9855,1.7089,D20,12.292,58.380,93,400
5,400,a300,atc,0.25,c05_storm_400_a300_c80_0012,56.6352,56.6352,0.0000,0.0000,239,1,1.0227,1.4851,D40,13.027,63.979,92,400
5,400,a300,edd,0.25,c05_storm_400_a300_c80_0012,56.6352,56.6352,,,239,1,1.0227,1.4851,D40,13.027,63.979,92,400
5,400,a300,atc,0.5,c05_storm_400_a300_c80_0012,80.5760,80.5760,0.0000,0.0000,246,1,1.0227,1.4851,D40,13.027,63.979,92,400
5,400,a300,edd,0.5,c05_storm_400_a300_c80_0012,80.5760,80.5760,,,246,1,1.0227,1.4851,D40,13.027,63.979,92,400
5,400,a300,atc,1.0,c05_storm_400_a300_c80_0012,283.3520,278.0200,0.0000,0.0000,192,1,1.0227,1.4851,D40,13.027,63.979,92,400
5,400,a300,edd,1.0,c05_storm_400_a300_c80_0012,278.3496,279.7640,,,192,1,1.0227,1.4851,D40,13.027,63.979,92,400
5,400,a300,atc,0.25,c05_storm_400_a300_c80_0013,57.3680,15.6560,0.0000,0.0000,241,1,0.9525,1.6822,C10,11.995,42.386,113,400
5,400,a300,edd,0.25,c05_storm_400_a300_c80_0013,63.8352,15.6560,,,241,1,0.9525,1.6822,C10,11.995,42.386,113,400
5,400,a300,atc,0.5,c05_storm_400_a300_c80_0013,79.2648,32.6736,0.0000,0.0000,248,1,0.9525,1.6822,C10,11.995,42.386,113,400
5,400,a300,edd,0.5,c05_storm_400_a300_c80_0013,80.8528,32.6736,,,248,1,0.9525,1.6822,C10,11.995,42.386,113,400
5,400,a300,atc,1.0,c05_storm_400_a300_c80_0013,173.2100,158.3944,0.0000,0.0000,188,1,0.9525,1.6822,C10,11.995,42.386,113,400
5,400,a300,edd,1.0,c05_storm_400_a300_c80_0013,159.0592,153.6832,,,188,1,0.9525,1.6822,C10,11.995,42.386,113,400
5,400,a300,atc,0.25,c05_storm_400_a300_c80_0014,38.0824,38.0824,0.0000,0.0000,257,1,0.9448,1.6473,C10,13.057,51.767,86,400
5,400,a300,edd,0.25,c05_storm_400_a300_c80_0014,38.0824,38.0824,,,257,1,0.9448,1.6473,C10,13.057,51.767,86,400
5,400,a300,atc,0.5,c05_storm_400_a300_c80_0014,38.0824,38.0824,0.0000,0.0000,259,1,0.9448,1.6473,C10,13.057,51.767,86,400
5,400,a300,edd,0.5,c05_storm_400_a300_c80_0014,38.0824,38.0824,,,259,1,0.9448,1.6473,C10,13.057,51.767,86,400
5,400,a300,atc,1.0,c05_storm_400_a300_c80_0014,47.2508,47.2508,0.0000,0.0000,191,1,0.9448,1.6473,C10,13.057,51.767,86,400
5,400,a300,edd,1.0,c05_storm_400_a300_c80_0014,38.0824,38.0824,,,191,1,0.9448,1.6473,C10,13.057,51.767,86,400
5,400,a300,atc,0.25,c05_storm_400_a300_c80_0015,62.5340,61.8036,0.0000,0.0000,249,1,0.9224,1.9112,E10,13.211,37.367,116,400
5,400,a300,edd,0.25,c05_storm_400_a300_c80_0015,62.5340,62.5340,,,249,1,0.9224,1.9112,E10,13.211,37.367,116,400
5,400,a300,atc,0.5,c05_storm_400_a300_c80_0015,60.1592,60.0096,0.0000,0.0000,253,1,0.9224,1.9112,E10,13.211,37.367,116,400
5,400,a300,edd,0.5,c05_storm_400_a300_c80_0015,60.1592,61.1712,,,253,1,0.9224,1.9112,E10,13.211,37.367,116,400
5,400,a300,atc,1.0,c05_storm_400_a300_c80_0015,104.1896,103.2072,0.0000,0.0000,203,1,0.9224,1.9112,E10,13.211,37.367,116,400
5,400,a300,edd,1.0,c05_storm_400_a300_c80_0015,103.0160,104.9520,,,203,1,0.9224,1.9112,E10,13.211,37.367,116,400
5,400,a300,atc,0.25,c05_storm_400_a300_c80_0016,98.4492,68.5236,0.0000,0.0000,242,1,1.0646,2.1237,MISC,12.663,41.228,106,400
5,400,a300,edd,0.25,c05_storm_400_a300_c80_0016,97.1656,68.4496,,,242,1,1.0646,2.1237,MISC,12.663,41.228,106,400
5,400,a300,atc,0.5,c05_storm_400_a300_c80_0016,191.3168,185.6312,0.0000,0.0000,242,1,1.0646,2.1237,MISC,12.663,41.228,106,400
5,400,a300,edd,0.5,c05_storm_400_a300_c80_0016,185.6312,185.6312,,,242,1,1.0646,2.1237,MISC,12.663,41.228,106,400
5,400,a300,atc,1.0,c05_storm_400_a300_c80_0016,183.8860,183.7380,0.0000,0.0000,193,1,1.0646,2.1237,MISC,12.663,41.228,106,400
5,400,a300,edd,1.0,c05_storm_400_a300_c80_0016,206.5636,183.7380,,,193,1,1.0646,2.1237,MISC,12.663,41.228,106,400
5,400,a300,atc,0.25,c05_storm_400_a300_c80_0017,60.3224,60.7408,0.0000,0.0000,235,1,1.0551,2.0275,C10,12.835,59.858,99,400
5,400,a300,edd,0.25,c05_storm_400_a300_c80_0017,62.1356,62.8160,,,235,1,1.0551,2.0275,C10,12.835,59.858,99,400
5,400,a300,atc,0.5,c05_storm_400_a300_c80_0017,304.9488,304.5584,0.0000,0.0000,245,1,1.0551,2.0275,C10,12.835,59.858,99,400
5,400,a300,edd,0.5,c05_storm_400_a300_c80_0017,308.5752,304.9712,,,245,1,1.0551,2.0275,C10,12.835,59.858,99,400
5,400,a300,atc,1.0,c05_storm_400_a300_c80_0017,265.6176,260.3376,0.0000,0.0000,194,1,1.0551,2.0275,C10,12.835,59.858,99,400
5,400,a300,edd,1.0,c05_storm_400_a300_c80_0017,265.6092,261.1472,,,194,1,1.0551,2.0275,C10,12.835,59.858,99,400
5,400,a300,atc,0.25,c05_storm_400_a300_c80_0018,25.1192,14.6368,0.0000,0.0000,252,1,1.0514,1.7145,E10,12.153,58.830,100,400
5,400,a300,edd,0.25,c05_storm_400_a300_c80_0018,18.4032,14.9944,,,252,1,1.0514,1.7145,E10,12.153,58.830,100,400
5,400,a300,atc,0.5,c05_storm_400_a300_c80_0018,25.1192,14.8776,0.0000,0.0000,263,1,1.0514,1.7145,E10,12.153,58.830,100,400
5,400,a300,edd,0.5,c05_storm_400_a300_c80_0018,18.4032,17.3360,,,263,1,1.0514,1.7145,E10,12.153,58.830,100,400
5,400,a300,atc,1.0,c05_storm_400_a300_c80_0018,72.2592,56.3664,0.0000,0.0000,201,1,1.0514,1.7145,E10,12.153,58.830,100,400
5,400,a300,edd,1.0,c05_storm_400_a300_c80_0018,63.9432,56.4784,,,201,1,1.0514,1.7145,E10,12.153,58.830,100,400
5,400,a300,atc,0.25,c05_storm_400_a300_c80_0019,279.3372,176.2084,0.0000,0.0000,238,1,1.0537,3.4442,C30,11.313,48.083,110,400
5,400,a300,edd,0.25,c05_storm_400_a300_c80_0019,287.0108,176.2084,,,238,1,1.0537,3.4442,C30,11.313,48.083,110,400
5,400,a300,atc,0.5,c05_storm_400_a300_c80_0019,221.6572,197.9236,0.0000,0.0000,237,1,1.0537,3.4442,C30,11.313,48.083,110,400
5,400,a300,edd,0.5,c05_storm_400_a300_c80_0019,218.4244,197.8812,,,237,1,1.0537,3.4442,C30,11.313,48.083,110,400
5,400,a300,atc,1.0,c05_storm_400_a300_c80_0019,233.8220,232.8964,0.0000,0.0000,184,1,1.0537,3.4442,C30,11.313,48.083,110,400
5,400,a300,edd,1.0,c05_storm_400_a300_c80_0019,331.8556,207.2568,,,184,1,1.0537,3.4442,C30,11.313,48.083,110,400
5,400,a300,atc,0.25,c05_storm_400_a300_c80_0020,86.0648,84.5456,0.0000,0.0000,225,1,1.0530,1.6640,B30,12.843,64.568,86,400
5,400,a300,edd,0.25,c05_storm_400_a300_c80_0020,85.2316,84.5616,,,225,1,1.0530,1.6640,B30,12.843,64.568,86,400
5,400,a300,atc,0.5,c05_storm_400_a300_c80_0020,275.7464,274.0800,0.0000,0.0000,226,1,1.0530,1.6640,B30,12.843,64.568,86,400
5,400,a300,edd,0.5,c05_storm_400_a300_c80_0020,274.0800,272.7400,,,226,1,1.0530,1.6640,B30,12.843,64.568,86,400
5,400,a300,atc,1.0,c05_storm_400_a300_c80_0020,79.4348,78.6016,0.0000,0.0000,189,1,1.0530,1.6640,B30,12.843,64.568,86,400
5,400,a300,edd,1.0,c05_storm_400_a300_c80_0020,78.6016,78.6016,,,189,1,1.0530,1.6640,B30,12.843,64.568,86,400
5,400,a300,atc,0.25,c05_storm_400_a300_c80_0021,47.1000,44.2504,0.0000,0.0000,230,1,0.8973,1.2321,C10,12.596,60.967,91,400
5,400,a300,edd,0.25,c05_storm_400_a300_c80_0021,47.2624,46.9608,,,230,1,0.8973,1.2321,C10,12.596,60.967,91,400
5,400,a300,atc,0.5,c05_storm_400_a300_c80_0021,5.4064,2.5568,0.0000,0.0000,231,1,0.8973,1.2321,C10,12.596,60.967,91,400
5,400,a300,edd,0.5,c05_storm_400_a300_c80_0021,5.5688,3.5840,,,231,1,0.8973,1.2321,C10,12.596,60.967,91,400
5,400,a300,atc,1.0,c05_storm_400_a300_c80_0021,7.0304,5.5096,0.0000,0.0000,197,1,0.8973,1.2321,C10,12.596,60.967,91,400
5,400,a300,edd,1.0,c05_storm_400_a300_c80_0021,7.1928,5.0584,,,197,1,0.8973,1.2321,C10,12.596,60.967,91,400
5,400,a300,atc,0.25,c05_storm_400_a300_c80_0022,0.0000,0.0000,0.0000,0.0000,238,1,0.8429,1.3746,D20,13.033,28.787,85,400
5,400,a300,edd,0.25,c05_storm_400_a300_c80_0022,0.0000,0.0000,,,238,1,0.8429,1.3746,D20,13.033,28.787,85,400
5,400,a300,atc,0.5,c05_storm_400_a300_c80_0022,0.0000,0.0000,0.0000,0.0000,246,1,0.8429,1.3746,D20,13.033,28.787,85,400
5,400,a300,edd,0.5,c05_storm_400_a300_c80_0022,0.0000,0.0000,,,246,1,0.8429,1.3746,D20,13.033,28.787,85,400
5,400,a300,atc,1.0,c05_storm_400_a300_c80_0022,97.1296,79.4504,0.0000,0.0000,190,1,0.8429,1.3746,D20,13.033,28.787,85,400
5,400,a300,edd,1.0,c05_storm_400_a300_c80_0022,86.5944,77.0024,,,190,1,0.8429,1.3746,D20,13.033,28.787,85,400
5,400,a300,atc,0.25,c05_storm_400_a300_c80_0023,127.7752,28.1384,0.0000,0.0000,255,1,0.8502,2.2264,C10,13.043,71.039,82,400
5,400,a300,edd,0.25,c05_storm_400_a300_c80_0023,88.9952,28.1384,,,255,1,0.8502,2.2264,C10,13.043,71.039,82,400
5,400,a300,atc,0.5,c05_storm_400_a300_c80_0023,31.2504,28.1384,0.0000,0.0000,253,1,0.8502,2.2264,C10,13.043,71.039,82,400
5,400,a300,edd,0.5,c05_storm_400_a300_c80_0023,30.6904,28.1384,,,253,1,0.8502,2.2264,C10,13.043,71.039,82,400
5,400,a300,atc,1.0,c05_storm_400_a300_c80_0023,21.4360,18.3240,0.0000,0.0000,182,1,0.8502,2.2264,C10,13.043,71.039,82,400
5,400,a300,edd,1.0,c05_storm_400_a300_c80_0023,20.8760,18.3240,,,182,1,0.8502,2.2264,C10,13.043,71.039,82,400
5,400,a300,atc,0.25,c05_storm_400_a300_c80_0024,54.0584,18.4620,0.0000,0.0000,255,1,1.1650,2.0604,C10,11.706,62.402,132,400
5,400,a300,edd,0.25,c05_storm_400_a300_c80_0024,76.2012,18.4620,,,255,1,1.1650,2.0604,C10,11.706,62.402,132,400
5,400,a300,atc,0.5,c05_storm_400_a300_c80_0024,54.0584,31.0976,0.0000,0.0000,241,1,1.1650,2.0604,C10,11.706,62.402,132,400
5,400,a300,edd,0.5,c05_storm_400_a300_c80_0024,47.8708,23.2052,,,241,1,1.1650,2.0604,C10,11.706,62.402,132,400
5,400,a300,atc,1.0,c05_storm_400_a300_c80_0024,111.7128,71.5360,0.0000,0.0000,191,1,1.1650,2.0604,C10,11.706,62.402,132,400
5,400,a300,edd,1.0,c05_storm_400_a300_c80_0024,122.1148,73.0240,,,191,1,1.1650,2.0604,C10,11.706,62.402,132,400
5,400,a300,atc,0.25,c05_storm_400_a300_c80_0025,64.3316,38.7284,0.0000,0.0000,255,1,0.8988,2.2360,C10,13.023,66.944,114,400
5,400,a300,edd,0.25,c05_storm_400_a300_c80_0025,95.0492,38.7284,,,255,1,0.8988,2.2360,C10,13.023,66.944,114,400
5,400,a300,atc,0.5,c05_storm_400_a300_c80_0025,56.1016,56.1016,0.0000,0.0000,254,1,0.8988,2.2360,C10,13.023,66.944,114,400
5,400,a300,edd,0.5,c05_storm_400_a300_c80_0025,56.1016,56.1016,,,254,1,0.8988,2.2360,C10,13.023,66.944,114,400
5,400,a300,atc,1.0,c05_storm_400_a300_c80_0025,56.1016,56.1016,0.0000,0.0000,185,1,0.8988,2.2360,C10,13.023,66.944,114,400
5,400,a300,edd,1.0,c05_storm_400_a300_c80_0025,56.1016,56.1016,,,185,1,0.8988,2.2360,C10,13.023,66.944,114,400
5,400,a300,atc,0.25,c05_storm_400_a300_c80_0026,52.8320,12.3128,0.0000,0.0000,239,1,1.0866,2.5500,C30,13.784,67.803,99,400
5,400,a300,edd,0.25,c05_storm_400_a300_c80_0026,175.5848,12.3128,,,239,1,1.0866,2.5500,C30,13.784,67.803,99,400
5,400,a300,atc,0.5,c05_storm_400_a300_c80_0026,52.8320,9.9328,0.0000,0.0000,247,1,1.0866,2.5500,C30,13.784,67.803,99,400
5,400,a300,edd,0.5,c05_storm_400_a300_c80_0026,175.5848,9.9328,,,247,1,1.0866,2.5500,C30,13.784,67.803,99,400
5,400,a300,atc,1.0,c05_storm_400_a300_c80_0026,161.2132,161.2132,0.0000,0.0000,191,1,1.0866,2.5500,C30,13.784,67.803,99,400
5,400,a300,edd,1.0,c05_storm_400_a300_c80_0026,161.2132,161.2132,,,191,1,1.0866,2.5500,C30,13.784,67.803,99,400
5,400,a300,atc,0.25,c05_storm_400_a300_c80_0027,27.6960,0.0000,0.0000,0.0000,253,1,0.8818,1.9022,E10,12.912,53.578,72,400
5,400,a300,edd,0.25,c05_storm_400_a300_c80_0027,27.0784,0.0000,,,253,1,0.8818,1.9022,E10,12.912,53.578,72,400
5,400,a300,atc,0.5,c05_storm_400_a300_c80_0027,0.0000,0.0000,0.0000,0.0000,263,1,0.8818,1.9022,E10,12.912,53.578,72,400
5,400,a300,edd,0.5,c05_storm_400_a300_c80_0027,0.0000,0.0000,,,263,1,0.8818,1.9022,E10,12.912,53.578,72,400
5,400,a300,atc,1.0,c05_storm_400_a300_c80_0027,3.4432,3.4432,0.0000,0.0000,194,1,0.8818,1.9022,E10,12.912,53.578,72,400
5,400,a300,edd,1.0,c05_storm_400_a300_c80_0027,3.4432,3.4432,,,194,1,0.8818,1.9022,E10,12.912,53.578,72,400
5,400,a300,atc,0.25,c05_storm_400_a300_c80_0028,104.2976,70.3520,0.0000,0.0000,267,1,1.0246,2.4680,C10,11.746,37.607,116,400
5,400,a300,edd,0.25,c05_storm_400_a300_c80_0028,122.4944,69.7744,,,267,1,1.0246,2.4680,C10,11.746,37.607,116,400
5,400,a300,atc,0.5,c05_storm_400_a300_c80_0028,68.7832,59.8840,0.0000,0.0000,252,1,1.0246,2.4680,C10,11.746,37.607,116,400
5,400,a300,edd,0.5,c05_storm_400_a300_c80_0028,61.8032,62.2800,,,252,1,1.0246,2.4680,C10,11.746,37.607,116,400
5,400,a300,atc,1.0,c05_storm_400_a300_c80_0028,115.9136,114.9376,0.0000,0.0000,176,1,1.0246,2.4680,C10,11.746,37.607,116,400
5,400,a300,edd,1.0,c05_storm_400_a300_c80_0028,116.0600,116.9144,,,176,1,1.0246,2.4680,C10,11.746,37.607,116,400
5,400,a300,atc,0.25,c05_storm_400_a300_c80_0029,0.0000,0.0000,0.0000,0.0000,238,1,0.8931,1.8228,C10,13.153,42.022,96,400
5,400,a300,edd,0.25,c05_storm_400_a300_c80_0029,0.0000,0.0000,,,238,1,0.8931,1.8228,C10,13.153,42.022,96,400
5,400,a300,atc,0.5,c05_storm_400_a300_c80_0029,0.0000,0.0000,0.0000,0.0000,249,1,0.8931,1.8228,C10,13.153,42.022,96,400
5,400,a300,edd,0.5,c05_storm_400_a300_c80_0029,0.0000,0.0000,,,249,1,0.8931,1.8228,C10,13.153,42.022,96,400
5,400,a300,atc,1.0,c05_storm_400_a300_c80_0029,23.5192,22.6304,0.0000,0.0000,206,1,0.8931,1.8228,C10,13.153,42.022,96,400
5,400,a300,edd,1.0,c05_storm_400_a300_c80_0029,23.1680,20.7792,,,206,1,0.8931,1.8228,C10,13.153,42.022,96,400
10,150,a125,atc,0.25,c10_storm_150_a125_c80_0000,21.7296,21.7296,0.0000,0.0000,95,1,0.1146,0.1580,E10,18.133,94.004,8,150
10,150,a125,edd,0.25,c10_storm_150_a125_c80_0000,21.7296,21.7296,,,95,1,0.1146,0.1580,E10,18.133,94.004,8,150
10,150,a125,atc,0.5,c10_storm_150_a125_c80_0000,21.7296,21.7296,0.0000,0.0000,87,1,0.1146,0.1580,E10,18.133,94.004,8,150
10,150,a125,edd,0.5,c10_storm_150_a125_c80_0000,21.7296,21.7296,,,87,1,0.1146,0.1580,E10,18.133,94.004,8,150
10,150,a125,atc,1.0,c10_storm_150_a125_c80_0000,0.0000,0.0000,0.0000,0.0000,70,1,0.1146,0.1580,E10,18.133,94.004,8,150
10,150,a125,edd,1.0,c10_storm_150_a125_c80_0000,0.0000,0.0000,,,70,1,0.1146,0.1580,E10,18.133,94.004,8,150
10,150,a125,atc,0.25,c10_storm_150_a125_c80_0001,0.0000,0.0000,0.0000,0.0000,94,1,0.0649,0.1331,D50,18.902,25.224,9,150
10,150,a125,edd,0.25,c10_storm_150_a125_c80_0001,0.0000,0.0000,,,94,1,0.0649,0.1331,D50,18.902,25.224,9,150
10,150,a125,atc,0.5,c10_storm_150_a125_c80_0001,0.0000,0.0000,0.0000,0.0000,92,1,0.0649,0.1331,D50,18.902,25.224,9,150
10,150,a125,edd,0.5,c10_storm_150_a125_c80_0001,0.0000,0.0000,,,92,1,0.0649,0.1331,D50,18.902,25.224,9,150
10,150,a125,atc,1.0,c10_storm_150_a125_c80_0001,0.0000,0.0000,0.0000,0.0000,72,1,0.0649,0.1331,D50,18.902,25.224,9,150
10,150,a125,edd,1.0,c10_storm_150_a125_c80_0001,0.0000,0.0000,,,72,1,0.0649,0.1331,D50,18.902,25.224,9,150
10,150,a125,atc,0.25,c10_storm_150_a125_c80_0002,0.0000,0.0000,0.0000,0.0000,84,1,0.0802,0.1583,D20,18.470,24.079,13,150
10,150,a125,edd,0.25,c10_storm_150_a125_c80_0002,0.0000,0.0000,,,84,1,0.0802,0.1583,D20,18.470,24.079,13,150
10,150,a125,atc,0.5,c10_storm_150_a125_c80_0002,0.0000,0.0000,0.0000,0.0000,87,1,0.0802,0.1583,D20,18.470,24.079,13,150
10,150,a125,edd,0.5,c10_storm_150_a125_c80_0002,0.0000,0.0000,,,87,1,0.0802,0.1583,D20,18.470,24.079,13,150
10,150,a125,atc,1.0,c10_storm_150_a125_c80_0002,0.0000,0.0000,0.0000,0.0000,67,1,0.0802,0.1583,D20,18.470,24.079,13,150
10,150,a125,edd,1.0,c10_storm_150_a125_c80_0002,0.0000,0.0000,,,67,1,0.0802,0.1583,D20,18.470,24.079,13,150
10,150,a125,atc,0.25,c10_storm_150_a125_c80_0003,0.0000,0.0000,0.0000,0.0000,84,1,0.0638,0.1158,D30,19.828,21.036,7,150
10,150,a125,edd,0.25,c10_storm_150_a125_c80_0003,0.0000,0.0000,,,84,1,0.0638,0.1158,D30,19.828,21.036,7,150
10,150,a125,atc,0.5,c10_storm_150_a125_c80_0003,0.0000,0.0000,0.0000,0.0000,80,1,0.0638,0.1158,D30,19.828,21.036,7,150
10,150,a125,edd,0.5,c10_storm_150_a125_c80_0003,0.0000,0.0000,,,80,1,0.0638,0.1158,D30,19.828,21.036,7,150
10,150,a125,atc,1.0,c10_storm_150_a125_c80_0003,0.0000,0.0000,0.0000,0.0000,73,1,0.0638,0.1158,D30,19.828,21.036,7,150
10,150,a125,edd,1.0,c10_storm_150_a125_c80_0003,0.0000,0.0000,,,73,1,0.0638,0.1158,D30,19.828,21.036,7,150
10,150,a125,atc,0.25,c10_storm_150_a125_c80_0004,56.3424,56.3424,56.3424,56.3424,93,1,0.1055,0.1847,D50,16.927,29.757,16,150
10,150,a125,edd,0.25,c10_storm_150_a125_c80_0004,56.3424,56.3424,,,93,1,0.1055,0.1847,D50,16.927,29.757,16,150
10,150,a125,atc,0.5,c10_storm_150_a125_c80_0004,56.3424,56.3424,56.3424,56.3424,88,1,0.1055,0.1847,D50,16.927,29.757,16,150
10,150,a125,edd,0.5,c10_storm_150_a125_c80_0004,56.3424,56.3424,,,88,1,0.1055,0.1847,D50,16.927,29.757,16,150
10,150,a125,atc,1.0,c10_storm_150_a125_c80_0004,56.3424,56.3424,56.3424,56.3424,72,1,0.1055,0.1847,D50,16.927,29.757,16,150
10,150,a125,edd,1.0,c10_storm_150_a125_c80_0004,56.3424,56.3424,,,72,1,0.1055,0.1847,D50,16.927,29.757,16,150
10,150,a125,atc,0.25,c10_storm_150_a125_c80_0005,0.0000,0.0000,0.0000,0.0000,86,1,0.0884,0.2896,E10,16.700,20.584,10,150
10,150,a125,edd,0.25,c10_storm_150_a125_c80_0005,0.0000,0.0000,,,86,1,0.0884,0.2896,E10,16.700,20.584,10,150
10,150,a125,atc,0.5,c10_storm_150_a125_c80_0005,0.0000,0.0000,0.0000,0.0000,86,1,0.0884,0.2896,E10,16.700,20.584,10,150
10,150,a125,edd,0.5,c10_storm_150_a125_c80_0005,0.0000,0.0000,,,86,1,0.0884,0.2896,E10,16.700,20.584,10,150
10,150,a125,atc,1.0,c10_storm_150_a125_c80_0005,0.0000,0.0000,0.0000,0.0000,74,1,0.0884,0.2896,E10,16.700,20.584,10,150
10,150,a125,edd,1.0,c10_storm_150_a125_c80_0005,0.0000,0.0000,,,74,1,0.0884,0.2896,E10,16.700,20.584,10,150
10,150,a125,atc,0.25,c10_storm_150_a125_c80_0006,0.0000,0.0000,0.0000,0.0000,86,1,0.1339,0.2034,D40,17.434,84.641,10,150
10,150,a125,edd,0.25,c10_storm_150_a125_c80_0006,0.0000,0.0000,,,86,1,0.1339,0.2034,D40,17.434,84.641,10,150
10,150,a125,atc,0.5,c10_storm_150_a125_c80_0006,0.0000,0.0000,0.0000,0.0000,76,1,0.1339,0.2034,D40,17.434,84.641,10,150
10,150,a125,edd,0.5,c10_storm_150_a125_c80_0006,0.0000,0.0000,,,76,1,0.1339,0.2034,D40,17.434,84.641,10,150
10,150,a125,atc,1.0,c10_storm_150_a125_c80_0006,0.0000,0.0000,0.0000,0.0000,70,1,0.1339,0.2034,D40,17.434,84.641,10,150
10,150,a125,edd,1.0,c10_storm_150_a125_c80_0006,0.0000,0.0000,,,70,1,0.1339,0.2034,D40,17.434,84.641,10,150
10,150,a125,atc,0.25,c10_storm_150_a125_c80_0007,0.0000,0.0000,0.0000,0.0000,74,1,0.1022,0.5747,UNK,17.798,32.690,11,150
10,150,a125,edd,0.25,c10_storm_150_a125_c80_0007,0.0000,0.0000,,,74,1,0.1022,0.5747,UNK,17.798,32.690,11,150
10,150,a125,atc,0.5,c10_storm_150_a125_c80_0007,0.0000,0.0000,0.0000,0.0000,72,1,0.1022,0.5747,UNK,17.798,32.690,11,150
10,150,a125,edd,0.5,c10_storm_150_a125_c80_0007,0.0000,0.0000,,,72,1,0.1022,0.5747,UNK,17.798,32.690,11,150
10,150,a125,atc,1.0,c10_storm_150_a125_c80_0007,0.0000,0.0000,0.0000,0.0000,78,1,0.1022,0.5747,UNK,17.798,32.690,11,150
10,150,a125,edd,1.0,c10_storm_150_a125_c80_0007,0.0000,0.0000,,,78,1,0.1022,0.5747,UNK,17.798,32.690,11,150
10,150,a125,atc,0.25,c10_storm_150_a125_c80_0008,14.7152,14.7152,14.7152,14.7152,97,1,0.1112,0.1951,D30,16.990,35.764,16,150
10,150,a125,edd,0.25,c10_storm_150_a125_c80_0008,14.7152,14.7152,,,97,1,0.1112,0.1951,D30,16.990,35.764,16,150
10,150,a125,atc,0.5,c10_storm_150_a125_c80_0008,14.7152,14.7152,14.7152,14.7152,92,1,0.1112,0.1951,D30,16.990,35.764,16,150
10,150,a125,edd,0.5,c10_storm_150_a125_c80_0008,14.7152,14.7152,,,92,1,0.1112,0.1951,D30,16.990,35.764,16,150
10,150,a125,atc,1.0,c10_storm_150_a125_c80_0008,41.2672,41.2672,14.7152,14.7152,65,1,0.1112,0.1951,D30,16.990,35.764,16,150
10,150,a125,edd,1.0,c10_storm_150_a125_c80_0008,41.2672,41.2672,,,65,1,0.1112,0.1951,D30,16.990,35.764,16,150
10,150,a125,atc,0.25,c10_storm_150_a125_c80_0009,0.0000,0.0000,0.0000,0.0000,87,1,0.1187,0.2256,D40,17.734,102.367,14,150
10,150,a125,edd,0.25,c10_storm_150_a125_c80_0009,0.0000,0.0000,,,87,1,0.1187,0.2256,D40,17.734,102.367,14,150
10,150,a125,atc,0.5,c10_storm_150_a125_c80_0009,0.0000,0.0000,0.0000,0.0000,81,1,0.1187,0.2256,D40,17.734,102.367,14,150
10,150,a125,edd,0.5,c10_storm_150_a125_c80_0009,0.0000,0.0000,,,81,1,0.1187,0.2256,D40,17.734,102.367,14,150
10,150,a125,atc,1.0,c10_storm_150_a125_c80_0009,0.0000,0.0000,0.0000,0.0000,68,1,0.1187,0.2256,D40,17.734,102.367,14,150
10,150,a125,edd,1.0,c10_storm_150_a125_c80_0009,0.0000,0.0000,,,68,1,0.1187,0.2256,D40,17.734,102.367,14,150
10,150,a125,atc,0.25,c10_storm_150_a125_c80_0010,0.0000,0.0000,0.0000,0.0000,85,1,0.0628,0.0946,D50,21.689,48.230,6,150
10,150,a125,edd,0.25,c10_storm_150_a125_c80_0010,0.0000,0.0000,,,85,1,0.0628,0.0946,D50,21.689,48.230,6,150
10,150,a125,atc,0.5,c10_storm_150_a125_c80_0010,0.0000,0.0000,0.0000,0.0000,81,1,0.0628,0.0946,D50,21.689,48.230,6,150
10,150,a125,edd,0.5,c10_storm_150_a125_c80_0010,0.0000,0.0000,,,81,1,0.0628,0.0946,D50,21.689,48.230,6,150
10,150,a125,atc,1.0,c10_storm_150_a125_c80_0010,0.0000,0.0000,0.0000,0.0000,66,1,0.0628,0.0946,D50,21.689,48.230,6,150
10,150,a125,edd,1.0,c10_storm_150_a125_c80_0010,0.0000,0.0000,,,66,1,0.0628,0.0946,D50,21.689,48.230,6,150
10,150,a125,atc,0.25,c10_storm_150_a125_c80_0011,5.6184,5.6184,0.0000,0.0000,81,1,0.1545,0.5126,C30,16.384,78.027,10,150
10,150,a125,edd,0.25,c10_storm_150_a125_c80_0011,5.6184,5.6184,,,81,1,0.1545,0.5126,C30,16.384,78.027,10,150
10,150,a125,atc,0.5,c10_storm_150_a125_c80_0011,5.6184,5.6184,0.0000,0.0000,73,1,0.1545,0.5126,C30,16.384,78.027,10,150
10,150,a125,edd,0.5,c10_storm_150_a125_c80_0011,5.6184,5.6184,,,73,1,0.1545,0.5126,C30,16.384,78.027,10,150
10,150,a125,atc,1.0,c10_storm_150_a125_c80_0011,5.6184,5.6184,0.0000,0.0000,69,1,0.1545,0.5126,C30,16.384,78.027,10,150
10,150,a125,edd,1.0,c10_storm_150_a125_c80_0011,5.6184,5.6184,,,69,1,0.1545,0.5126,C30,16.384,78.027,10,150
10,150,a125,atc,0.25,c10_storm_150_a125_c80_0012,0.0000,0.0000,0.0000,0.0000,96,1,0.0760,0.1726,D30,18.100,29.404,13,150
10,150,a125,edd,0.25,c10_storm_150_a125_c80_0012,0.0000,0.0000,,,96,1,0.0760,0.1726,D30,18.100,29.404,13,150
10,150,a125,atc,0.5,c10_storm_150_a125_c80_0012,0.0000,0.0000,0.0000,0.0000,90,1,0.0760,0.1726,D30,18.100,29.404,13,150
10,150,a125,edd,0.5,c10_storm_150_a125_c80_0012,0.0000,0.0000,,,90,1,0.0760,0.1726,D30,18.100,29.404,13,150
10,150,a125,atc,1.0,c10_storm_150_a125_c80_0012,0.0000,0.0000,0.0000,0.0000,74,1,0.0760,0.1726,D30,18.100,29.404,13,150
10,150,a125,edd,1.0,c10_storm_150_a125_c80_0012,0.0000,0.0000,,,74,1,0.0760,0.1726,D30,18.100,29.404,13,150
10,150,a125,atc,0.25,c10_storm_150_a125_c80_0013,342.1360,342.1360,342.1360,342.1360,90,1,0.0918,0.1224,D40,19.117,57.838,14,150
10,150,a125,edd,0.25,c10_storm_150_a125_c80_0013,342.1360,342.1360,,,90,1,0.0918,0.1224,D40,19.117,57.838,14,150
10,150,a125,atc,0.5,c10_storm_150_a125_c80_0013,342.1360,342.1360,342.1360,342.1360,91,1,0.0918,0.1224,D40,19.117,57.838,14,150
10,150,a125,edd,0.5,c10_storm_150_a125_c80_0013,342.1360,342.1360,,,91,1,0.0918,0.1224,D40,19.117,57.838,14,150
10,150,a125,atc,1.0,c10_storm_150_a125_c80_0013,342.1360,342.1360,342.1360,342.1360,73,1,0.0918,0.1224,D40,19.117,57.838,14,150
10,150,a125,edd,1.0,c10_storm_150_a125_c80_0013,342.1360,342.1360,,,73,1,0.0918,0.1224,D40,19.117,57.838,14,150
10,150,a125,atc,0.25,c10_storm_150_a125_c80_0014,0.0000,0.0000,0.0000,0.0000,91,1,0.0601,0.2381,C10,19.017,22.122,5,150
10,150,a125,edd,0.25,c10_storm_150_a125_c80_0014,0.0000,0.0000,,,91,1,0.0601,0.2381,C10,19.017,22.122,5,150
10,150,a125,atc,0.5,c10_storm_150_a125_c80_0014,0.0000,0.0000,0.0000,0.0000,85,1,0.0601,0.2381,C10,19.017,22.122,5,150
10,150,a125,edd,0.5,c10_storm_150_a125_c80_0014,0.0000,0.0000,,,85,1,0.0601,0.2381,C10,19.017,22.122,5,150
10,150,a125,atc,1.0,c10_storm_150_a125_c80_0014,0.0000,0.0000,0.0000,0.0000,65,1,0.0601,0.2381,C10,19.017,22.122,5,150
10,150,a125,edd,1.0,c10_storm_150_a125_c80_0014,0.0000,0.0000,,,65,1,0.0601,0.2381,C10,19.017,22.122,5,150
10,150,a125,atc,0.25,c10_storm_150_a125_c80_0015,0.0000,0.0000,0.0000,0.0000,89,1,0.1015,0.2847,D50,17.411,30.659,18,150
10,150,a125,edd,0.25,c10_storm_150_a125_c80_0015,0.0000,0.0000,,,89,1,0.1015,0.2847,D50,17.411,30.659,18,150
10,150,a125,atc,0.5,c10_storm_150_a125_c80_0015,0.0000,0.0000,0.0000,0.0000,86,1,0.1015,0.2847,D50,17.411,30.659,18,150
10,150,a125,edd,0.5,c10_storm_150_a125_c80_0015,0.0000,0.0000,,,86,1,0.1015,0.2847,D50,17.411,30.659,18,150
10,150,a125,atc,1.0,c10_storm_150_a125_c80_0015,0.0000,0.0000,0.0000,0.0000,69,1,0.1015,0.2847,D50,17.411,30.659,18,150
10,150,a125,edd,1.0,c10_storm_150_a125_c80_0015,0.0000,0.0000,,,69,1,0.1015,0.2847,D50,17.411,30.659,18,150
10,150,a125,atc,0.25,c10_storm_150_a125_c80_0016,0.0000,0.0000,0.0000,0.0000,82,1,0.0974,0.1982,C10,20.541,93.970,7,150
10,150,a125,edd,0.25,c10_storm_150_a125_c80_0016,0.0000,0.0000,,,82,1,0.0974,0.1982,C10,20.541,93.970,7,150
10,150,a125,atc,0.5,c10_storm_150_a125_c80_0016,0.0000,0.0000,0.0000,0.0000,75,1,0.0974,0.1982,C10,20.541,93.970,7,150
10,150,a125,edd,0.5,c10_storm_150_a125_c80_0016,0.0000,0.0000,,,75,1,0.0974,0.1982,C10,20.541,93.970,7,150
10,150,a125,atc,1.0,c10_storm_150_a125_c80_0016,26.6608,26.6608,0.0000,0.0000,59,1,0.0974,0.1982,C10,20.541,93.970,7,150
10,150,a125,edd,1.0,c10_storm_150_a125_c80_0016,26.6608,26.6608,,,59,1,0.0974,0.1982,C10,20.541,93.970,7,150
10,150,a125,atc,0.25,c10_storm_150_a125_c80_0017,0.0000,0.0000,0.0000,0.0000,83,1,0.0675,0.1913,UNK,20.242,29.003,8,150
10,150,a125,edd,0.25,c10_storm_150_a125_c80_0017,0.0000,0.0000,,,83,1,0.0675,0.1913,UNK,20.242,29.003,8,150
10,150,a125,atc,0.5,c10_storm_150_a125_c80_0017,0.0000,0.0000,0.0000,0.0000,74,1,0.0675,0.1913,UNK,20.242,29.003,8,150
10,150,a125,edd,0.5,c10_storm_150_a125_c80_0017,0.0000,0.0000,,,74,1,0.0675,0.1913,UNK,20.242,29.003,8,150
10,150,a125,atc,1.0,c10_storm_150_a125_c80_0017,0.0000,0.0000,0.0000,0.0000,67,1,0.0675,0.1913,UNK,20.242,29.003,8,150
10,150,a125,edd,1.0,c10_storm_150_a125_c80_0017,0.0000,0.0000,,,67,1,0.0675,0.1913,UNK,20.242,29.003,8,150
10,150,a125,atc,0.25,c10_storm_150_a125_c80_0018,0.0000,0.0000,0.0000,0.0000,86,1,0.0814,0.1241,D30,18.365,42.329,6,150
10,150,a125,edd,0.25,c10_storm_150_a125_c80_0018,0.0000,0.0000,,,86,1,0.0814,0.1241,D30,18.365,42.329,6,150
10,150,a125,atc,0.5,c10_storm_150_a125_c80_0018,0.0000,0.0000,0.0000,0.0000,88,1,0.0814,0.1241,D30,18.365,42.329,6,150
10,150,a125,edd,0.5,c10_storm_150_a125_c80_0018,0.0000,0.0000,,,88,1,0.0814,0.1241,D30,18.365,42.329,6,150
10,150,a125,atc,1.0,c10_storm_150_a125_c80_0018,0.0000,0.0000,0.0000,0.0000,72,1,0.0814,0.1241,D30,18.365,42.329,6,150
10,150,a125,edd,1.0,c10_storm_150_a125_c80_0018,0.0000,0.0000,,,72,1,0.0814,0.1241,D30,18.365,42.329,6,150
10,150,a125,atc,0.25,c10_storm_150_a125_c80_0019,0.0000,0.0000,53.0168,53.0168,78,1,0.0864,0.7542,UNK,19.029,40.380,15,150
10,150,a125,edd,0.25,c10_storm_150_a125_c80_0019,0.0000,0.0000,,,78,1,0.0864,0.7542,UNK,19.029,40.380,15,150
10,150,a125,atc,0.5,c10_storm_150_a125_c80_0019,0.0000,0.0000,53.0168,53.0168,77,1,0.0864,0.7542,UNK,19.029,40.380,15,150
10,150,a125,edd,0.5,c10_storm_150_a125_c80_0019,0.0000,0.0000,,,77,1,0.0864,0.7542,UNK,19.029,40.380,15,150
10,150,a125,atc,1.0,c10_storm_150_a125_c80_0019,124.8404,124.8404,106.0336,106.0336,83,1,0.0864,0.7542,UNK,19.029,40.380,15,150
10,150,a125,edd,1.0,c10_storm_150_a125_c80_0019,124.8404,124.8404,,,83,1,0.0864,0.7542,UNK,19.029,40.380,15,150
10,150,a125,atc,0.25,c10_storm_150_a125_c80_0020,0.0000,0.0000,0.0000,0.0000,77,1,0.0667,0.1422,D50,18.132,19.601,10,150
10,150,a125,edd,0.25,c10_storm_150_a125_c80_0020,0.0000,0.0000,,,77,1,0.0667,0.1422,D50,18.132,19.601,10,150
10,150,a125,atc,0.5,c10_storm_150_a125_c80_0020,0.0000,0.0000,0.0000,0.0000,78,1,0.0667,0.1422,D50,18.132,19.601,10,150
10,150,a125,edd,0.5,c10_storm_150_a125_c80_0020,0.0000,0.0000,,,78,1,0.0667,0.1422,D50,18.132,19.601,10,150
10,150,a125,atc,1.0,c10_storm_150_a125_c80_0020,0.0000,0.0000,0.0000,0.0000,80,1,0.0667,0.1422,D50,18.132,19.601,10,150
10,150,a125,edd,1.0,c10_storm_150_a125_c80_0020,0.0000,0.0000,,,80,1,0.0667,0.1422,D50,18.132,19.601,10,150
10,150,a125,atc,0.25,c10_storm_150_a125_c80_0021,8.9344,8.9344,0.0000,0.0000,82,1,0.1221,0.2082,D20,18.403,83.538,15,150
10,150,a125,edd,0.25,c10_storm_150_a125_c80_0021,8.9344,8.9344,,,82,1,0.1221,0.2082,D20,18.403,83.538,15,150
10,150,a125,atc,0.5,c10_storm_150_a125_c80_0021,0.0000,0.0000,0.0000,0.0000,80,1,0.1221,0.2082,D20,18.403,83.538,15,150
10,150,a125,edd,0.5,c10_storm_150_a125_c80_0021,0.0000,0.0000,,,80,1,0.1221,0.2082,D20,18.403,83.538,15,150
10,150,a125,atc,1.0,c10_storm_150_a125_c80_0021,58.8448,58.8448,0.0000,0.0000,71,1,0.1221,0.2082,D20,18.403,83.538,15,150
10,150,a125,edd,1.0,c10_storm_150_a125_c80_0021,58.8448,58.8448,,,71,1,0.1221,0.2082,D20,18.403,83.538,15,150
10,150,a125,atc,0.25,c10_storm_150_a125_c80_0022,0.0000,0.0000,0.0000,0.0000,88,1,0.0920,0.1783,D30,15.971,24.424,16,150
10,150,a125,edd,0.25,c10_storm_150_a125_c80_0022,0.0000,0.0000,,,88,1,0.0920,0.1783,D30,15.971,24.424,16,150
10,150,a125,atc,0.5,c10_storm_150_a125_c80_0022,0.0000,0.0000,0.0000,0.0000,90,1,0.0920,0.1783,D30,15.971,24.424,16,150
10,150,a125,edd,0.5,c10_storm_150_a125_c80_0022,0.0000,0.0000,,,90,1,0.0920,0.1783,D30,15.971,24.424,16,150
10,150,a125,atc,1.0,c10_storm_150_a125_c80_0022,0.0000,0.0000,0.0000,0.0000,68,1,0.0920,0.1783,D30,15.971,24.424,16,150
10,150,a125,edd,1.0,c10_storm_150_a125_c80_0022,0.0000,0.0000,,,68,1,0.0920,0.1783,D30,15.971,24.424,16,150
10,150,a125,atc,0.25,c10_storm_150_a125_c80_0023,0.0000,0.0000,0.0000,0.0000,95,1,0.0746,0.1526,C10,16.488,24.537,12,150
10,150,a125,edd,0.25,c10_storm_150_a125_c80_0023,0.0000,0.0000,,,95,1,0.0746,0.1526,C10,16.488,24.537,12,150
10,150,a125,atc,0.5,c10_storm_150_a125_c80_0023,0.0000,0.0000,0.0000,0.0000,98,1,0.0746,0.1526,C10,16.488,24.537,12,150
10,150,a125,edd,0.5,c10_storm_150_a125_c80_0023,0.0000,0.0000,,,98,1,0.0746,0.1526,C10,16.488,24.537,12,150
10,150,a125,atc,1.0,c10_storm_150_a125_c80_0023,0.0000,0.0000,0.0000,0.0000,69,1,0.0746,0.1526,C10,16.488,24.537,12,150
10,150,a125,edd,1.0,c10_storm_150_a125_c80_0023,0.0000,0.0000,,,69,1,0.0746,0.1526,C10,16.488,24.537,12,150
10,150,a125,atc,0.25,c10_storm_150_a125_c80_0024,42.4256,42.4256,0.0000,0.0000,100,1,0.0572,0.7561,UNK,22.885,45.356,7,150
10,150,a125,edd,0.25,c10_storm_150_a125_c80_0024,42.4256,42.4256,,,100,1,0.0572,0.7561,UNK,22.885,45.356,7,150
10,150,a125,atc,0.5,c10_storm_150_a125_c80_0024,42.4256,42.4256,0.0000,0.0000,100,1,0.0572,0.7561,UNK,22.885,45.356,7,150
10,150,a125,edd,0.5,c10_storm_150_a125_c80_0024,42.4256,42.4256,,,100,1,0.0572,0.7561,UNK,22.885,45.356,7,150
10,150,a125,atc,1.0,c10_storm_150_a125_c80_0024,0.0000,0.0000,0.0000,0.0000,77,1,0.0572,0.7561,UNK,22.885,45.356,7,150
10,150,a125,edd,1.0,c10_storm_150_a125_c80_0024,0.0000,0.0000,,,77,1,0.0572,0.7561,UNK,22.885,45.356,7,150
10,150,a125,atc,0.25,c10_storm_150_a125_c80_0025,38.0640,38.0640,38.0640,38.0640,81,1,0.0868,0.3633,E20,17.102,29.459,7,150
10,150,a125,edd,0.25,c10_storm_150_a125_c80_0025,38.0640,38.0640,,,81,1,0.0868,0.3633,E20,17.102,29.459,7,150
10,150,a125,atc,0.5,c10_storm_150_a125_c80_0025,38.0640,38.0640,38.0640,38.0640,79,1,0.0868,0.3633,E20,17.102,29.459,7,150
10,150,a125,edd,0.5,c10_storm_150_a125_c80_0025,38.0640,38.0640,,,79,1,0.0868,0.3633,E20,17.102,29.459,7,150
10,150,a125,atc,1.0,c10_storm_150_a125_c80_0025,38.0640,38.0640,38.0640,38.0640,70,1,0.0868,0.3633,E20,17.102,29.459,7,150
10,150,a125,edd,1.0,c10_storm_150_a125_c80_0025,38.0640,38.0640,,,70,1,0.0868,0.3633,E20,17.102,29.459,7,150
10,150,a125,atc,0.25,c10_storm_150_a125_c80_0026,41.7224,41.7224,41.7224,41.7224,85,1,0.0660,0.1640,D90,19.407,28.032,5,150
10,150,a125,edd,0.25,c10_storm_150_a125_c80_0026,41.7224,41.7224,,,85,1,0.0660,0.1640,D90,19.407,28.032,5,150
10,150,a125,atc,0.5,c10_storm_150_a125_c80_0026,41.7224,41.7224,41.7224,41.7224,82,1,0.0660,0.1640,D90,19.407,28.032,5,150
10,150,a125,edd,0.5,c10_storm_150_a125_c80_0026,41.7224,41.7224,,,82,1,0.0660,0.1640,D90,19.407,28.032,5,150
10,150,a125,atc,1.0,c10_storm_150_a125_c80_0026,41.7224,41.7224,41.7224,41.7224,73,1,0.0660,0.1640,D90,19.407,28.032,5,150
10,150,a125,edd,1.0,c10_storm_150_a125_c80_0026,41.7224,41.7224,,,73,1,0.0660,0.1640,D90,19.407,28.032,5,150
10,150,a125,atc,0.25,c10_storm_150_a125_c80_0027,19.1512,19.1512,19.1512,19.1512,84,1,0.1241,0.2638,C10,20.266,91.703,10,150
10,150,a125,edd,0.25,c10_storm_150_a125_c80_0027,19.1512,19.1512,,,84,1,0.1241,0.2638,C10,20.266,91.703,10,150
10,150,a125,atc,0.5,c10_storm_150_a125_c80_0027,19.1512,19.1512,19.1512,19.1512,81,1,0.1241,0.2638,C10,20.266,91.703,10,150
10,150,a125,edd,0.5,c10_storm_150_a125_c80_0027,19.1512,19.1512,,,81,1,0.1241,0.2638,C10,20.266,91.703,10,150
10,150,a125,atc,1.0,c10_storm_150_a125_c80_0027,19.1512,19.1512,19.1512,19.1512,66,1,0.1241,0.2638,C10,20.266,91.703,10,150
10,150,a125,edd,1.0,c10_storm_150_a125_c80_0027,19.1512,19.1512,,,66,1,0.1241,0.2638,C10,20.266,91.703,10,150
10,150,a125,atc,0.25,c10_storm_150_a125_c80_0028,0.0000,0.0000,0.0000,0.0000,83,1,0.0674,0.1242,D30,18.753,20.144,9,150
10,150,a125,edd,0.25,c10_storm_150_a125_c80_0028,0.0000,0.0000,,,83,1,0.0674,0.1242,D30,18.753,20.144,9,150
10,150,a125,atc,0.5,c10_storm_150_a125_c80_0028,0.0000,0.0000,0.0000,0.0000,78,1,0.0674,0.1242,D30,18.753,20.144,9,150
10,150,a125,edd,0.5,c10_storm_150_a125_c80_0028,0.0000,0.0000,,,78,1,0.0674,0.1242,D30,18.753,20.144,9,150
10,150,a125,atc,1.0,c10_storm_150_a125_c80_0028,0.0000,0.0000,0.0000,0.0000,75,1,0.0674,0.1242,D30,18.753,20.144,9,150
10,150,a125,edd,1.0,c10_storm_150_a125_c80_0028,0.0000,0.0000,,,75,1,0.0674,0.1242,D30,18.753,20.144,9,150
10,150,a125,atc,0.25,c10_storm_150_a125_c80_0029,0.0000,0.0000,0.0000,0.0000,84,1,0.0713,0.3208,E10,20.381,29.252,16,150
10,150,a125,edd,0.25,c10_storm_150_a125_c80_0029,0.0000,0.0000,,,84,1,0.0713,0.3208,E10,20.381,29.252,16,150
10,150,a125,atc,0.5,c10_storm_150_a125_c80_0029,0.0000,0.0000,0.0000,0.0000,83,1,0.0713,0.3208,E10,20.381,29.252,16,150
10,150,a125,edd,0.5,c10_storm_150_a125_c80_0029,0.0000,0.0000,,,83,1,0.0713,0.3208,E10,20.381,29.252,16,150
10,150,a125,atc,1.0,c10_storm_150_a125_c80_0029,0.0000,0.0000,0.0000,0.0000,79,1,0.0713,0.3208,E10,20.381,29.252,16,150
10,150,a125,edd,1.0,c10_storm_150_a125_c80_0029,0.0000,0.0000,,,79,1,0.0713,0.3208,E10,20.381,29.252,16,150
10,150,a150,atc,0.25,c10_storm_150_a150_c80_0000,0.0000,0.0000,0.0000,0.0000,83,1,0.1376,0.1896,E10,15.111,93.481,8,150
10,150,a150,edd,0.25,c10_storm_150_a150_c80_0000,0.0000,0.0000,,,83,1,0.1376,0.1896,E10,15.111,93.481,8,150
10,150,a150,atc,0.5,c10_storm_150_a150_c80_0000,0.0000,0.0000,0.0000,0.0000,72,1,0.1376,0.1896,E10,15.111,93.481,8,150
10,150,a150,edd,0.5,c10_storm_150_a150_c80_0000,0.0000,0.0000,,,72,1,0.1376,0.1896,E10,15.111,93.481,8,150
10,150,a150,atc,1.0,c10_storm_150_a150_c80_0000,0.0000,0.0000,0.0000,0.0000,67,1,0.1376,0.1896,E10,15.111,93.481,8,150
10,150,a150,edd,1.0,c10_storm_150_a150_c80_0000,0.0000,0.0000,,,67,1,0.1376,0.1896,E10,15.111,93.481,8,150
10,150,a150,atc,0.25,c10_storm_150_a150_c80_0001,0.0000,0.0000,0.0000,0.0000,84,1,0.0779,0.1597,D50,15.752,22.900,9,150
10,150,a150,edd,0.25,c10_storm_150_a150_c80_0001,0.0000,0.0000,,,84,1,0.0779,0.1597,D50,15.752,22.900,9,150
10,150,a150,atc,0.5,c10_storm_150_a150_c80_0001,0.0000,0.0000,0.0000,0.0000,85,1,0.0779,0.1597,D50,15.752,22.900,9,150
10,150,a150,edd,0.5,c10_storm_150_a150_c80_0001,0.0000,0.0000,,,85,1,0.0779,0.1597,D50,15.752,22.900,9,150
10,150,a150,atc,1.0,c10_storm_150_a150_c80_0001,0.0000,0.0000,0.0000,0.0000,68,1,0.0779,0.1597,D50,15.752,22.900,9,150
10,150,a150,edd,1.0,c10_storm_150_a150_c80_0001,0.0000,0.0000,,,68,1,0.0779,0.1597,D50,15.752,22.900,9,150
10,150,a150,atc,0.25,c10_storm_150_a150_c80_0002,0.0000,0.0000,0.0000,0.0000,97,1,0.0962,0.1900,D20,15.391,21.372,15,150
10,150,a150,edd,0.25,c10_storm_150_a150_c80_0002,0.0000,0.0000,,,97,1,0.0962,0.1900,D20,15.391,21.372,15,150
10,150,a150,atc,0.5,c10_storm_150_a150_c80_0002,0.0000,0.0000,0.0000,0.0000,90,1,0.0962,0.1900,D20,15.391,21.372,15,150
10,150,a150,edd,0.5,c10_storm_150_a150_c80_0002,0.0000,0.0000,,,90,1,0.0962,0.1900,D20,15.391,21.372,15,150
10,150,a150,atc,1.0,c10_storm_150_a150_c80_0002,0.0000,0.0000,0.0000,0.0000,62,1,0.0962,0.1900,D20,15.391,21.372,15,150
10,150,a150,edd,1.0,c10_storm_150_a150_c80_0002,0.0000,0.0000,,,62,1,0.0962,0.1900,D20,15.391,21.372,15,150
10,150,a150,atc,0.25,c10_storm_150_a150_c80_0003,0.0000,0.0000,0.0000,0.0000,87,1,0.0766,0.1389,D30,16.523,18.541,7,150
10,150,a150,edd,0.25,c10_storm_150_a150_c80_0003,0.0000,0.0000,,,87,1,0.0766,0.1389,D30,16.523,18.541,7,150
10,150,a150,atc,0.5,c10_storm_150_a150_c80_0003,0.0000,0.0000,0.0000,0.0000,80,1,0.0766,0.1389,D30,16.523,18.541,7,150
10,150,a150,edd,0.5,c10_storm_150_a150_c80_0003,0.0000,0.0000,,,80,1,0.0766,0.1389,D30,16.523,18.541,7,150
10,150,a150,atc,1.0,c10_storm_150_a150_c80_0003,0.0000,0.0000,0.0000,0.0000,69,1,0.0766,0.1389,D30,16.523,18.541,7,150
10,150,a150,edd,1.0,c10_storm_150_a150_c80_0003,0.0000,0.0000,,,69,1,0.0766,0.1389,D30,16.523,18.541,7,150
10,150,a150,atc,0.25,c10_storm_150_a150_c80_0004,56.3424,56.3424,56.3424,56.3424,89,1,0.1266,0.2217,D50,14.106,28.690,18,150
10,150,a150,edd,0.25,c10_storm_150_a150_c80_0004,56.3424,56.3424,,,89,1,0.1266,0.2217,D50,14.106,28.690,18,150
10,150,a150,atc,0.5,c10_storm_150_a150_c80_0004,56.3424,56.3424,56.3424,56.3424,83,1,0.1266,0.2217,D50,14.106,28.690,18,150
10,150,a150,edd,0.5,c10_storm_150_a150_c80_0004,56.3424,56.3424,,,83,1,0.1266,0.2217,D50,14.106,28.690,18,150
10,150,a150,atc,1.0,c10_storm_150_a150_c80_0004,56.3424,56.3424,56.3424,56.3424,65,1,0.1266,0.2217,D50,14.106,28.690,18,150
10,150,a150,edd,1.0,c10_storm_150_a150_c80_0004,56.3424,56.3424,,,65,1,0.1266,0.2217,D50,14.106,28.690,18,150
10,150,a150,atc,0.25,c10_storm_150_a150_c80_0005,0.0000,0.0000,0.0000,0.0000,87,1,0.1061,0.3475,E10,13.917,17.972,14,150
10,150,a150,edd,0.25,c10_storm_150_a150_c80_0005,0.0000,0.0000,,,87,1,0.1061,0.3475,E10,13.917,17.972,14,150
10,150,a150,atc,0.5,c10_storm_150_a150_c80_0005,0.0000,0.0000,0.0000,0.0000,89,1,0.1061,0.3475,E10,13.917,17.972,14,150
10,150,a150,edd,0.5,c10_storm_150_a150_c80_0005,0.0000,0.0000,,,89,1,0.1061,0.3475,E10,13.917,17.972,14,150
10,150,a150,atc,1.0,c10_storm_150_a150_c80_0005,0.0000,0.0000,0.0000,0.0000,69,1,0.1061,0.3475,E10,13.917,17.972,14,150
10,150,a150,edd,1.0,c10_storm_150_a150_c80_0005,0.0000,0.0000,,,69,1,0.1061,0.3475,E10,13.917,17.972,14,150
10,150,a150,atc,0.25,c10_storm_150_a150_c80_0006,0.0000,0.0000,0.0000,0.0000,87,1,0.1607,0.2441,D40,14.529,83.286,11,150
10,150,a150,edd,0.25,c10_storm_150_a150_c80_0006,0.0000,0.0000,,,87,1,0.1607,0.2441,D40,14.529,83.286,11,150
10,150,a150,atc,0.5,c10_storm_150_a150_c80_0006,0.0000,0.0000,0.0000,0.0000,90,1,0.1607,0.2441,D40,14.529,83.286,11,150
10,150,a150,edd,0.5,c10_storm_150_a150_c80_0006,0.0000,0.0000,,,90,1,0.1607,0.2441,D40,14.529,83.286,11,150
10,150,a150,atc,1.0,c10_storm_150_a150_c80_0006,0.0000,0.0000,0.0000,0.0000,66,1,0.1607,0.2441,D40,14.529,83.286,11,150
10,150,a150,edd,1.0,c10_storm_150_a150_c80_0006,0.0000,0.0000,,,66,1,0.1607,0.2441,D40,14.529,83.286,11,150
10,150,a150,atc,0.25,c10_storm_150_a150_c80_0007,86.6008,86.6008,0.0000,0.0000,99,1,0.1226,0.6896,UNK,14.832,30.124,11,150
10,150,a150,edd,0.25,c10_storm_150_a150_c80_0007,86.6008,86.6008,,,99,1,0.1226,0.6896,UNK,14.832,30.124,11,150
10,150,a150,atc,0.5,c10_storm_150_a150_c80_0007,0.0000,0.0000,0.0000,0.0000,91,1,0.1226,0.6896,UNK,14.832,30.124,11,150
10,150,a150,edd,0.5,c10_storm_150_a150_c80_0007,0.0000,0.0000,,,91,1,0.1226,0.6896,UNK,14.832,30.124,11,150
10,150,a150,atc,1.0,c10_storm_150_a150_c80_0007,0.0000,0.0000,0.0000,0.0000,73,1,0.1226,0.6896,UNK,14.832,30.124,11,150
10,150,a150,edd,1.0,c10_storm_150_a150_c80_0007,0.0000,0.0000,,,73,1,0.1226,0.6896,UNK,14.832,30.124,11,150
10,150,a150,atc,0.25,c10_storm_150_a150_c80_0008,14.7152,14.7152,14.7152,14.7152,91,1,0.1334,0.2341,D30,14.158,33.535,19,150
10,150,a150,edd,0.25,c10_storm_150_a150_c80_0008,14.7152,14.7152,,,91,1,0.1334,0.2341,D30,14.158,33.535,19,150
10,150,a150,atc,0.5,c10_storm_150_a150_c80_0008,14.7152,14.7152,14.7152,14.7152,89,1,0.1334,0.2341,D30,14.158,33.535,19,150
10,150,a150,edd,0.5,c10_storm_150_a150_c80_0008,14.7152,14.7152,,,89,1,0.1334,0.2341,D30,14.158,33.535,19,150
10,150,a150,atc,1.0,c10_storm_150_a150_c80_0008,41.2672,41.2672,14.7152,14.7152,57,1,0.1334,0.2341,D30,14.158,33.535,19,150
10,150,a150,edd,1.0,c10_storm_150_a150_c80_0008,41.2672,41.2672,,,57,1,0.1334,0.2341,D30,14.158,33.535,19,150
10,150,a150,atc,0.25,c10_storm_150_a150_c80_0009,0.0000,0.0000,0.0000,0.0000,87,1,0.1425,0.2707,D40,14.778,100.450,15,150
10,150,a150,edd,0.25,c10_storm_150_a150_c80_0009,0.0000,0.0000,,,87,1,0.1425,0.2707,D40,14.778,100.450,15,150
10,150,a150,atc,0.5,c10_storm_150_a150_c80_0009,0.0000,0.0000,0.0000,0.0000,80,1,0.1425,0.2707,D40,14.778,100.450,15,150
10,150,a150,edd,0.5,c10_storm_150_a150_c80_0009,0.0000,0.0000,,,80,1,0.1425,0.2707,D40,14.778,100.450,15,150
10,150,a150,atc,1.0,c10_storm_150_a150_c80_0009,0.0000,0.0000,0.0000,0.0000,63,1,0.1425,0.2707,D40,14.778,100.450,15,150
10,150,a150,edd,1.0,c10_storm_150_a150_c80_0009,0.0000,0.0000,,,63,1,0.1425,0.2707,D40,14.778,100.450,15,150
10,150,a150,atc,0.25,c10_storm_150_a150_c80_0010,0.0000,0.0000,0.0000,0.0000,85,1,0.0753,0.1135,D50,18.075,46.230,9,150
10,150,a150,edd,0.25,c10_storm_150_a150_c80_0010,0.0000,0.0000,,,85,1,0.0753,0.1135,D50,18.075,46.230,9,150
10,150,a150,atc,0.5,c10_storm_150_a150_c80_0010,0.0000,0.0000,0.0000,0.0000,76,1,0.0753,0.1135,D50,18.075,46.230,9,150
10,150,a150,edd,0.5,c10_storm_150_a150_c80_0010,0.0000,0.0000,,,76,1,0.0753,0.1135,D50,18.075,46.230,9,150
10,150,a150,atc,1.0,c10_storm_150_a150_c80_0010,0.0000,0.0000,0.0000,0.0000,65,1,0.0753,0.1135,D50,18.075,46.230,9,150
10,150,a150,edd,1.0,c10_storm_150_a150_c80_0010,0.0000,0.0000,,,65,1,0.0753,0.1135,D50,18.075,46.230,9,150
10,150,a150,atc,0.25,c10_storm_150_a150_c80_0011,139.2368,139.2368,0.0000,0.0000,94,1,0.1854,0.6151,C30,13.653,75.334,11,150
10,150,a150,edd,0.25,c10_storm_150_a150_c80_0011,139.2368,139.2368,,,94,1,0.1854,0.6151,C30,13.653,75.334,11,150
10,150,a150,atc,0.5,c10_storm_150_a150_c80_0011,139.2368,139.2368,0.0000,0.0000,83,1,0.1854,0.6151,C30,13.653,75.334,11,150
10,150,a150,edd,0.5,c10_storm_150_a150_c80_0011,139.2368,139.2368,,,83,1,0.1854,0.6151,C30,13.653,75.334,11,150
10,150,a150,atc,1.0,c10_storm_150_a150_c80_0011,5.6184,5.6184,0.0000,0.0000,59,1,0.1854,0.6151,C30,13.653,75.334,11,150
10,150,a150,edd,1.0,c10_storm_150_a150_c80_0011,5.6184,5.6184,,,59,1,0.1854,0.6151,C30,13.653,75.334,11,150
10,150,a150,atc,0.25,c10_storm_150_a150_c80_0012,0.0000,0.0000,0.0000,0.0000,87,1,0.0912,0.2072,D30,15.084,27.417,17,150
10,150,a150,edd,0.25,c10_storm_150_a150_c80_0012,0.0000,0.0000,,,87,1,0.0912,0.2072,D30,15.084,27.417,17,150
10,150,a150,atc,0.5,c10_storm_150_a150_c80_0012,0.0000,0.0000,0.0000,0.0000,87,1,0.0912,0.2072,D30,15.084,27.417,17,150
10,150,a150,edd,0.5,c10_storm_150_a150_c80_0012,0.0000,0.0000,,,87,1,0.0912,0.2072,D30,15.084,27.417,17,150
10,150,a150,atc,1.0,c10_storm_150_a150_c80_0012,0.0000,0.0000,0.0000,0.0000,72,1,0.0912,0.2072,D30,15.084,27.417,17,150
10,150,a150,edd,1.0,c10_storm_150_a150_c80_0012,0.0000,0.0000,,,72,1,0.0912,0.2072,D30,15.084,27.417,17,150
10,150,a150,atc,0.25,c10_storm_150_a150_c80_0013,342.1360,342.1360,342.1360,342.1360,95,1,0.1102,0.1469,D40,15.931,56.660,15,150
10,150,a150,edd,0.25,c10_storm_150_a150_c80_0013,342.1360,342.1360,,,95,1,0.1102,0.1469,D40,15.931,56.660,15,150
10,150,a150,atc,0.5,c10_storm_150_a150_c80_0013,342.1360,342.1360,342.1360,342.1360,93,1,0.1102,0.1469,D40,15.931,56.660,15,150
10,150,a150,edd,0.5,c10_storm_150_a150_c80_0013,342.1360,342.1360,,,93,1,0.1102,0.1469,D40,15.931,56.660,15,150
10,150,a150,atc,1.0,c10_storm_150_a150_c80_0013,342.1360,342.1360,342.1360,342.1360,68,1,0.1102,0.1469,D40,15.931,56.660,15,150
10,150,a150,edd,1.0,c10_storm_150_a150_c80_0013,342.1360,342.1360,,,68,1,0.1102,0.1469,D40,15.931,56.660,15,150
10,150,a150,atc,0.25,c10_storm_150_a150_c80_0014,0.0000,0.0000,0.0000,0.0000,100,1,0.0721,0.2858,C10,15.848,18.952,6,150
10,150,a150,edd,0.25,c10_storm_150_a150_c80_0014,0.0000,0.0000,,,100,1,0.0721,0.2858,C10,15.848,18.952,6,150
10,150,a150,atc,0.5,c10_storm_150_a150_c80_0014,0.0000,0.0000,0.0000,0.0000,89,1,0.0721,0.2858,C10,15.848,18.952,6,150
10,150,a150,edd,0.5,c10_storm_150_a150_c80_0014,0.0000,0.0000,,,89,1,0.0721,0.2858,C10,15.848,18.952,6,150
10,150,a150,atc,1.0,c10_storm_150_a150_c80_0014,0.0000,0.0000,0.0000,0.0000,65,1,0.0721,0.2858,C10,15.848,18.952,6,150
10,150,a150,edd,1.0,c10_storm_150_a150_c80_0014,0.0000,0.0000,,,65,1,0.0721,0.2858,C10,15.848,18.952,6,150
10,150,a150,atc,0.25,c10_storm_150_a150_c80_0015,0.0000,0.0000,0.0000,0.0000,94,1,0.1218,0.3416,D50,14.509,28.843,21,150
10,150,a150,edd,0.25,c10_storm_150_a150_c80_0015,0.0000,0.0000,,,94,1,0.1218,0.3416,D50,14.509,28.843,21,150
10,150,a150,atc,0.5,c10_storm_150_a150_c80_0015,0.0000,0.0000,0.0000,0.0000,91,1,0.1218,0.3416,D50,14.509,28.843,21,150
10,150,a150,edd,0.5,c10_storm_150_a150_c80_0015,0.0000,0.0000,,,91,1,0.1218,0.3416,D50,14.509,28.843,21,150
10,150,a150,atc,1.0,c10_storm_150_a150_c80_0015,0.0000,0.0000,0.0000,0.0000,61,1,0.1218,0.3416,D50,14.509,28.843,21,150
10,150,a150,edd,1.0,c10_storm_150_a150_c80_0015,0.0000,0.0000,,,61,1,0.1218,0.3416,D50,14.509,28.843,21,150
10,150,a150,atc,0.25,c10_storm_150_a150_c80_0016,26.6608,26.6608,0.0000,0.0000,94,1,0.1168,0.2378,C10,17.118,93.453,8,150
10,150,a150,edd,0.25,c10_storm_150_a150_c80_0016,26.6608,26.6608,,,94,1,0.1168,0.2378,C10,17.118,93.453,8,150
10,150,a150,atc,0.5,c10_storm_150_a150_c80_0016,26.6608,26.6608,0.0000,0.0000,92,1,0.1168,0.2378,C10,17.118,93.453,8,150
10,150,a150,edd,0.5,c10_storm_150_a150_c80_0016,26.6608,26.6608,,,92,1,0.1168,0.2378,C10,17.118,93.453,8,150
10,150,a150,atc,1.0,c10_storm_150_a150_c80_0016,26.6608,26.6608,0.0000,0.0000,57,1,0.1168,0.2378,C10,17.118,93.453,8,150
10,150,a150,edd,1.0,c10_storm_150_a150_c80_0016,26.6608,26.6608,,,57,1,0.1168,0.2378,C10,17.118,93.453,8,150
10,150,a150,atc,0.25,c10_storm_150_a150_c80_0017,0.0000,0.0000,0.0000,0.0000,93,1,0.0810,0.2296,UNK,16.869,26.044,10,150
10,150,a150,edd,0.25,c10_storm_150_a150_c80_0017,0.0000,0.0000,,,93,1,0.0810,0.2296,UNK,16.869,26.044,10,150
10,150,a150,atc,0.5,c10_storm_150_a150_c80_0017,0.0000,0.0000,0.0000,0.0000,91,1,0.0810,0.2296,UNK,16.869,26.044,10,150
10,150,a150,edd,0.5,c10_storm_150_a150_c80_0017,0.0000,0.0000,,,91,1,0.0810,0.2296,UNK,16.869,26.044,10,150
10,150,a150,atc,1.0,c10_storm_150_a150_c80_0017,0.0000,0.0000,0.0000,0.0000,65,1,0.0810,0.2296,UNK,16.869,26.044,10,150
10,150,a150,edd,1.0,c10_storm_150_a150_c80_0017,0.0000,0.0000,,,65,1,0.0810,0.2296,UNK,16.869,26.044,10,150
10,150,a150,atc,0.25,c10_storm_150_a150_c80_0018,0.0000,0.0000,0.0000,0.0000,89,1,0.0977,0.1489,D30,15.304,41.125,8,150
10,150,a150,edd,0.25,c10_storm_150_a150_c80_0018,0.0000,0.0000,,,89,1,0.0977,0.1489,D30,15.304,41.125,8,150
10,150,a150,atc,0.5,c10_storm_150_a150_c80_0018,0.0000,0.0000,0.0000,0.0000,94,1,0.0977,0.1489,D30,15.304,41.125,8,150
10,150,a150,edd,0.5,c10_storm_150_a150_c80_0018,0.0000,0.0000,,,94,1,0.0977,0.1489,D30,15.304,41.125,8,150
10,150,a150,atc,1.0,c10_storm_150_a150_c80_0018,0.0000,0.0000,0.0000,0.0000,67,1,0.0977,0.1489,D30,15.304,41.125,8,150
10,150,a150,edd,1.0,c10_storm_150_a150_c80_0018,0.0000,0.0000,,,67,1,0.0977,0.1489,D30,15.304,41.125,8,150
10,150,a150,atc,0.25,c10_storm_150_a150_c80_0019,106.0336,106.0336,106.0336,106.0336,90,1,0.1037,0.9050,UNK,15.857,38.433,17,150
10,150,a150,edd,0.25,c10_storm_150_a150_c80_0019,106.0336,106.0336,,,90,1,0.1037,0.9050,UNK,15.857,38.433,17,150
10,150,a150,atc,0.5,c10_storm_150_a150_c80_0019,106.0336,106.0336,106.0336,106.0336,92,1,0.1037,0.9050,UNK,15.857,38.433,17,150
10,150,a150,edd,0.5,c10_storm_150_a150_c80_0019,106.0336,106.0336,,,92,1,0.1037,0.9050,UNK,15.857,38.433,17,150
10,150,a150,atc,1.0,c10_storm_150_a150_c80_0019,124.8404,124.8404,106.0336,106.0336,79,1,0.1037,0.9050,UNK,15.857,38.433,17,150
10,150,a150,edd,1.0,c10_storm_150_a150_c80_0019,124.8404,124.8404,,,79,1,0.1037,0.9050,UNK,15.857,38.433,17,150
10,150,a150,atc,0.25,c10_storm_150_a150_c80_0020,0.0000,0.0000,0.0000,0.0000,88,1,0.0800,0.1707,D50,15.110,16.865,12,150
10,150,a150,edd,0.25,c10_storm_150_a150_c80_0020,0.0000,0.0000,,,88,1,0.0800,0.1707,D50,15.110,16.865,12,150
10,150,a150,atc,0.5,c10_storm_150_a150_c80_0020,0.0000,0.0000,0.0000,0.0000,86,1,0.0800,0.1707,D50,15.110,16.865,12,150
10,150,a150,edd,0.5,c10_storm_150_a150_c80_0020,0.0000,0.0000,,,86,1,0.0800,0.1707,D50,15.110,16.865,12,150
10,150,a150,atc,1.0,c10_storm_150_a150_c80_0020,0.0000,0.0000,0.0000,0.0000,72,1,0.0800,0.1707,D50,15.110,16.865,12,150
10,150,a150,edd,1.0,c10_storm_150_a150_c80_0020,0.0000,0.0000,,,72,1,0.0800,0.1707,D50,15.110,16.865,12,150
10,150,a150,atc,0.25,c10_storm_150_a150_c80_0021,0.0000,0.0000,0.0000,0.0000,97,1,0.1465,0.2498,D20,15.336,82.565,16,150
10,150,a150,edd,0.25,c10_storm_150_a150_c80_0021,0.0000,0.0000,,,97,1,0.1465,0.2498,D20,15.336,82.565,16,150
10,150,a150,atc,0.5,c10_storm_150_a150_c80_0021,0.0000,0.0000,0.0000,0.0000,94,1,0.1465,0.2498,D20,15.336,82.565,16,150
10,150,a150,edd,0.5,c10_storm_150_a150_c80_0021,0.0000,0.0000,,,94,1,0.1465,0.2498,D20,15.336,82.565,16,150
10,150,a150,atc,1.0,c10_storm_150_a150_c80_0021,58.8448,58.8448,0.0000,0.0000,67,1,0.1465,0.2498,D20,15.336,82.565,16,150
10,150,a150,edd,1.0,c10_storm_150_a150_c80_0021,58.8448,58.8448,,,67,1,0.1465,0.2498,D20,15.336,82.565,16,150
10,150,a150,atc,0.25,c10_storm_150_a150_c80_0022,0.0000,0.0000,0.0000,0.0000,99,1,0.1104,0.2139,D30,13.309,23.306,17,150
10,150,a150,edd,0.25,c10_storm_150_a150_c80_0022,0.0000,0.0000,,,99,1,0.1104,0.2139,D30,13.309,23.306,17,150
10,150,a150,atc,0.5,c10_storm_150_a150_c80_0022,0.0000,0.0000,0.0000,0.0000,93,1,0.1104,0.2139,D30,13.309,23.306,17,150
10,150,a150,edd,0.5,c10_storm_150_a150_c80_0022,0.0000,0.0000,,,93,1,0.1104,0.2139,D30,13.309,23.306,17,150
10,150,a150,atc,1.0,c10_storm_150_a150_c80_0022,0.0000,0.0000,0.0000,0.0000,62,1,0.1104,0.2139,D30,13.309,23.306,17,150
10,150,a150,edd,1.0,c10_storm_150_a150_c80_0022,0.0000,0.0000,,,62,1,0.1104,0.2139,D30,13.309,23.306,17,150
10,150,a150,atc,0.25,c10_storm_150_a150_c80_0023,0.0000,0.0000,0.0000,0.0000,86,1,0.0895,0.1831,C10,13.740,22.294,12,150
10,150,a150,edd,0.25,c10_storm_150_a150_c80_0023,0.0000,0.0000,,,86,1,0.0895,0.1831,C10,13.740,22.294,12,150
10,150,a150,atc,0.5,c10_storm_150_a150_c80_0023,0.0000,0.0000,0.0000,0.0000,78,1,0.0895,0.1831,C10,13.740,22.294,12,150
10,150,a150,edd,0.5,c10_storm_150_a150_c80_0023,0.0000,0.0000,,,78,1,0.0895,0.1831,C10,13.740,22.294,12,150
10,150,a150,atc,1.0,c10_storm_150_a150_c80_0023,0.0000,0.0000,0.0000,0.0000,66,1,0.0895,0.1831,C10,13.740,22.294,12,150
10,150,a150,edd,1.0,c10_storm_150_a150_c80_0023,0.0000,0.0000,,,66,1,0.0895,0.1831,C10,13.740,22.294,12,150
10,150,a150,atc,0.25,c10_storm_150_a150_c80_0024,0.0000,0.0000,0.0000,0.0000,90,1,0.0686,0.9073,UNK,19.070,43.565,8,150
10,150,a150,edd,0.25,c10_storm_150_a150_c80_0024,0.0000,0.0000,,,90,1,0.0686,0.9073,UNK,19.070,43.565,8,150
10,150,a150,atc,0.5,c10_storm_150_a150_c80_0024,42.4256,42.4256,0.0000,0.0000,92,1,0.0686,0.9073,UNK,19.070,43.565,8,150
10,150,a150,edd,0.5,c10_storm_150_a150_c80_0024,42.4256,42.4256,,,92,1,0.0686,0.9073,UNK,19.070,43.565,8,150
10,150,a150,atc,1.0,c10_storm_150_a150_c80_0024,0.0000,0.0000,0.0000,0.0000,69,1,0.0686,0.9073,UNK,19.070,43.565,8,150
10,150,a150,edd,1.0,c10_storm_150_a150_c80_0024,0.0000,0.0000,,,69,1,0.0686,0.9073,UNK,19.070,43.565,8,150
10,150,a150,atc,0.25,c10_storm_150_a150_c80_0025,38.0640,38.0640,38.0640,38.0640,84,1,0.1042,0.4359,E20,14.252,26.620,10,150
10,150,a150,edd,0.25,c10_storm_150_a150_c80_0025,38.0640,38.0640,,,84,1,0.1042,0.4359,E20,14.252,26.620,10,150
10,150,a150,atc,0.5,c10_storm_150_a150_c80_0025,38.0640,38.0640,38.0640,38.0640,76,1,0.1042,0.4359,E20,14.252,26.620,10,150
10,150,a150,edd,0.5,c10_storm_150_a150_c80_0025,38.0640,38.0640,,,76,1,0.1042,0.4359,E20,14.252,26.620,10,150
10,150,a150,atc,1.0,c10_storm_150_a150_c80_0025,38.0640,38.0640,38.0640,38.0640,67,1,0.1042,0.4359,E20,14.252,26.620,10,150
10,150,a150,edd,1.0,c10_storm_150_a150_c80_0025,38.0640,38.0640,,,67,1,0.1042,0.4359,E20,14.252,26.620,10,150
10,150,a150,atc,0.25,c10_storm_150_a150_c80_0026,0.0000,0.0000,20.8612,20.8612,92,1,0.0792,0.1968,D90,16.172,24.951,7,150
10,150,a150,edd,0.25,c10_storm_150_a150_c80_0026,0.0000,0.0000,,,92,1,0.0792,0.1968,D90,16.172,24.951,7,150
10,150,a150,atc,0.5,c10_storm_150_a150_c80_0026,41.7224,41.7224,41.7224,41.7224,89,1,0.0792,0.1968,D90,16.172,24.951,7,150
10,150,a150,edd,0.5,c10_storm_150_a150_c80_0026,41.7224,41.7224,,,89,1,0.0792,0.1968,D90,16.172,24.951,7,150
10,150,a150,atc,1.0,c10_storm_150_a150_c80_0026,41.7224,41.7224,41.7224,41.7224,68,1,0.0792,0.1968,D90,16.172,24.951,7,150
10,150,a150,edd,1.0,c10_storm_150_a150_c80_0026,41.7224,41.7224,,,68,1,0.0792,0.1968,D90,16.172,24.951,7,150
10,150,a150,atc,0.25,c10_storm_150_a150_c80_0027,19.1512,19.1512,19.1512,19.1512,91,1,0.1489,0.3166,C10,16.888,91.564,12,150
10,150,a150,edd,0.25,c10_storm_150_a150_c80_0027,19.1512,19.1512,,,91,1,0.1489,0.3166,C10,16.888,91.564,12,150
10,150,a150,atc,0.5,c10_storm_150_a150_c80_0027,19.1512,19.1512,19.1512,19.1512,95,1,0.1489,0.3166,C10,16.888,91.564,12,150
10,150,a150,edd,0.5,c10_storm_150_a150_c80_0027,19.1512,19.1512,,,95,1,0.1489,0.3166,C10,16.888,91.564,12,150
10,150,a150,atc,1.0,c10_storm_150_a150_c80_0027,19.1512,19.1512,19.1512,19.1512,65,1,0.1489,0.3166,C10,16.888,91.564,12,150
10,150,a150,edd,1.0,c10_storm_150_a150_c80_0027,19.1512,19.1512,,,65,1,0.1489,0.3166,C10,16.888,91.564,12,150
10,150,a150,atc,0.25,c10_storm_150_a150_c80_0028,0.0000,0.0000,0.0000,0.0000,89,1,0.0808,0.1490,D30,15.628,17.271,10,150
10,150,a150,edd,0.25,c10_storm_150_a150_c80_0028,0.0000,0.0000,,,89,1,0.0808,0.1490,D30,15.628,17.271,10,150
10,150,a150,atc,0.5,c10_storm_150_a150_c80_0028,0.0000,0.0000,0.0000,0.0000,87,1,0.0808,0.1490,D30,15.628,17.271,10,150
10,150,a150,edd,0.5,c10_storm_150_a150_c80_0028,0.0000,0.0000,,,87,1,0.0808,0.1490,D30,15.628,17.271,10,150
10,150,a150,atc,1.0,c10_storm_150_a150_c80_0028,0.0000,0.0000,0.0000,0.0000,68,1,0.0808,0.1490,D30,15.628,17.271,10,150
10,150,a150,edd,1.0,c10_storm_150_a150_c80_0028,0.0000,0.0000,,,68,1,0.0808,0.1490,D30,15.628,17.271,10,150
10,150,a150,atc,0.25,c10_storm_150_a150_c80_0029,0.0000,0.0000,0.0000,0.0000,82,1,0.0855,0.3850,E10,16.984,26.691,17,150
10,150,a150,edd,0.25,c10_storm_150_a150_c80_0029,0.0000,0.0000,,,82,1,0.0855,0.3850,E10,16.984,26.691,17,150
10,150,a150,atc,0.5,c10_storm_150_a150_c80_0029,0.0000,0.0000,0.0000,0.0000,76,1,0.0855,0.3850,E10,16.984,26.691,17,150
10,150,a150,edd,0.5,c10_storm_150_a150_c80_0029,0.0000,0.0000,,,76,1,0.0855,0.3850,E10,16.984,26.691,17,150
10,150,a150,atc,1.0,c10_storm_150_a150_c80_0029,0.0000,0.0000,0.0000,0.0000,75,1,0.0855,0.3850,E10,16.984,26.691,17,150
10,150,a150,edd,1.0,c10_storm_150_a150_c80_0029,0.0000,0.0000,,,75,1,0.0855,0.3850,E10,16.984,26.691,17,150
10,150,a200,atc,0.25,c10_storm_150_a200_c80_0000,0.0000,0.0000,0.0000,0.0000,85,1,0.1744,0.3244,C10,11.295,27.445,21,150
10,150,a200,edd,0.25,c10_storm_150_a200_c80_0000,0.0000,0.0000,,,85,1,0.1744,0.3244,C10,11.295,27.445,21,150
10,150,a200,atc,0.5,c10_storm_150_a200_c80_0000,0.0000,0.0000,0.0000,0.0000,86,1,0.1744,0.3244,C10,11.295,27.445,21,150
10,150,a200,edd,0.5,c10_storm_150_a200_c80_0000,0.0000,0.0000,,,86,1,0.1744,0.3244,C10,11.295,27.445,21,150
10,150,a200,atc,1.0,c10_storm_150_a200_c80_0000,40.1800,40.1800,0.0000,0.0000,60,1,0.1744,0.3244,C10,11.295,27.445,21,150
10,150,a200,edd,1.0,c10_storm_150_a200_c80_0000,40.1800,40.1800,,,60,1,0.1744,0.3244,C10,11.295,27.445,21,150
10,150,a200,atc,0.25,c10_storm_150_a200_c80_0001,8.4572,8.4572,8.4572,8.4572,74,1,0.1164,0.2581,D30,11.423,27.685,14,150
10,150,a200,edd,0.25,c10_storm_150_a200_c80_0001,8.4572,8.4572,,,74,1,0.1164,0.2581,D30,11.423,27.685,14,150
10,150,a200,atc,0.5,c10_storm_150_a200_c80_0001,8.4572,8.4572,8.4572,8.4572,71,1,0.1164,0.2581,D30,11.423,27.685,14,150
10,150,a200,edd,0.5,c10_storm_150_a200_c80_0001,8.4572,8.4572,,,71,1,0.1164,0.2581,D30,11.423,27.685,14,150
10,150,a200,atc,1.0,c10_storm_150_a200_c80_0001,0.0000,0.0000,4.2286,4.2286,56,1,0.1164,0.2581,D30,11.423,27.685,14,150
10,150,a200,edd,1.0,c10_storm_150_a200_c80_0001,0.0000,0.0000,,,56,1,0.1164,0.2581,D30,11.423,27.685,14,150
10,150,a200,atc,0.25,c10_storm_150_a200_c80_0002,0.0000,0.0000,0.0000,0.0000,98,1,0.1242,0.5735,UNK,12.124,23.973,19,150
10,150,a200,edd,0.25,c10_storm_150_a200_c80_0002,0.0000,0.0000,,,98,1,0.1242,0.5735,UNK,12.124,23.973,19,150
10,150,a200,atc,0.5,c10_storm_150_a200_c80_0002,0.0000,0.0000,0.0000,0.0000,87,1,0.1242,0.5735,UNK,12.124,23.973,19,150
10,150,a200,edd,0.5,c10_storm_150_a200_c80_0002,0.0000,0.0000,,,87,1,0.1242,0.5735,UNK,12.124,23.973,19,150
10,150,a200,atc,1.0,c10_storm_150_a200_c80_0002,0.0000,0.0000,0.0000,0.0000,56,1,0.1242,0.5735,UNK,12.124,23.973,19,150
10,150,a200,edd,1.0,c10_storm_150_a200_c80_0002,0.0000,0.0000,,,56,1,0.1242,0.5735,UNK,12.124,23.973,19,150
10,150,a200,atc,0.25,c10_storm_150_a200_c80_0003,0.0000,0.0000,0.0000,0.0000,84,1,0.1136,0.3823,C10,11.922,18.148,15,150
10,150,a200,edd,0.25,c10_storm_150_a200_c80_0003,0.0000,0.0000,,,84,1,0.1136,0.3823,C10,11.922,18.148,15,150
10,150,a200,atc,0.5,c10_storm_150_a200_c80_0003,0.0000,0.0000,0.0000,0.0000,76,1,0.1136,0.3823,C10,11.922,18.148,15,150
10,150,a200,edd,0.5,c10_storm_150_a200_c80_0003,0.0000,0.0000,,,76,1,0.1136,0.3823,C10,11.922,18.148,15,150
10,150,a200,atc,1.0,c10_storm_150_a200_c80_0003,0.0000,0.0000,0.0000,0.0000,59,1,0.1136,0.3823,C10,11.922,18.148,15,150
10,150,a200,edd,1.0,c10_storm_150_a200_c80_0003,0.0000,0.0000,,,59,1,0.1136,0.3823,C10,11.922,18.148,15,150
10,150,a200,atc,0.25,c10_storm_150_a200_c80_0004,0.0000,0.0000,0.0000,0.0000,87,1,0.0919,0.4109,C10,13.422,21.670,12,150
10,150,a200,edd,0.25,c10_storm_150_a200_c80_0004,0.0000,0.0000,,,87,1,0.0919,0.4109,C10,13.422,21.670,12,150
10,150,a200,atc,0.5,c10_storm_150_a200_c80_0004,0.0000,0.0000,0.0000,0.0000,81,1,0.0919,0.4109,C10,13.422,21.670,12,150
10,150,a200,edd,0.5,c10_storm_150_a200_c80_0004,0.0000,0.0000,,,81,1,0.0919,0.4109,C10,13.422,21.670,12,150
10,150,a200,atc,1.0,c10_storm_150_a200_c80_0004,0.0000,0.0000,0.0000,0.0000,56,1,0.0919,0.4109,C10,13.422,21.670,12,150
10,150,a200,edd,1.0,c10_storm_150_a200_c80_0004,0.0000,0.0000,,,56,1,0.0919,0.4109,C10,13.422,21.670,12,150
10,150,a200,atc,0.25,c10_storm_150_a200_c80_0005,0.0000,0.0000,0.0000,0.0000,86,1,0.1048,0.3538,B20,11.278,14.497,17,150
10,150,a200,edd,0.25,c10_storm_150_a200_c80_0005,0.0000,0.0000,,,86,1,0.1048,0.3538,B20,11.278,14.497,17,150
10,150,a200,atc,0.5,c10_storm_150_a200_c80_0005,0.0000,0.0000,0.0000,0.0000,81,1,0.1048,0.3538,B20,11.278,14.497,17,150
10,150,a200,edd,0.5,c10_storm_150_a200_c80_0005,0.0000,0.0000,,,81,1,0.1048,0.3538,B20,11.278,14.497,17,150
10,150,a200,atc,1.0,c10_storm_150_a200_c80_0005,0.0000,0.0000,0.0000,0.0000,56,1,0.1048,0.3538,B20,11.278,14.497,17,150
10,150,a200,edd,1.0,c10_storm_150_a200_c80_0005,0.0000,0.0000,,,56,1,0.1048,0.3538,B20,11.278,14.497,17,150
10,150,a200,atc,0.25,c10_storm_150_a200_c80_0006,0.0000,0.0000,0.0000,0.0000,88,1,0.0991,0.1831,C10,10.712,19.125,14,150
10,150,a200,edd,0.25,c10_storm_150_a200_c80_0006,0.0000,0.0000,,,88,1,0.0991,0.1831,C10,10.712,19.125,14,150
10,150,a200,atc,0.5,c10_storm_150_a200_c80_0006,0.0000,0.0000,0.0000,0.0000,77,1,0.0991,0.1831,C10,10.712,19.125,14,150
10,150,a200,edd,0.5,c10_storm_150_a200_c80_0006,0.0000,0.0000,,,77,1,0.0991,0.1831,C10,10.712,19.125,14,150
10,150,a200,atc,1.0,c10_storm_150_a200_c80_0006,0.0000,0.0000,0.0000,0.0000,45,1,0.0991,0.1831,C10,10.712,19.125,14,150
10,150,a200,edd,1.0,c10_storm_150_a200_c80_0006,0.0000,0.0000,,,45,1,0.0991,0.1831,C10,10.712,19.125,14,150
10,150,a200,atc,0.25,c10_storm_150_a200_c80_0007,0.0000,0.0000,0.0000,0.0000,84,1,0.1001,0.3494,E10,13.779,24.658,15,150
10,150,a200,edd,0.25,c10_storm_150_a200_c80_0007,0.0000,0.0000,,,84,1,0.1001,0.3494,E10,13.779,24.658,15,150
10,150,a200,atc,0.5,c10_storm_150_a200_c80_0007,0.0000,0.0000,0.0000,0.0000,90,1,0.1001,0.3494,E10,13.779,24.658,15,150
10,150,a200,edd,0.5,c10_storm_150_a200_c80_0007,0.0000,0.0000,,,90,1,0.1001,0.3494,E10,13.779,24.658,15,150
10,150,a200,atc,1.0,c10_storm_150_a200_c80_0007,0.0000,0.0000,0.0000,0.0000,69,1,0.1001,0.3494,E10,13.779,24.658,15,150
10,150,a200,edd,1.0,c10_storm_150_a200_c80_0007,0.0000,0.0000,,,69,1,0.1001,0.3494,E10,13.779,24.658,15,150
10,150,a200,atc,0.25,c10_storm_150_a200_c80_0008,64.5420,64.5420,0.0000,0.0000,93,1,0.1101,0.2646,D20,13.851,47.016,10,150
10,150,a200,edd,0.25,c10_storm_150_a200_c80_0008,64.5420,64.5420,,,93,1,0.1101,0.2646,D20,13.851,47.016,10,150
10,150,a200,atc,0.5,c10_storm_150_a200_c80_0008,64.5420,64.5420,0.0000,0.0000,88,1,0.1101,0.2646,D20,13.851,47.016,10,150
10,150,a200,edd,0.5,c10_storm_150_a200_c80_0008,64.5420,64.5420,,,88,1,0.1101,0.2646,D20,13.851,47.016,10,150
10,150,a200,atc,1.0,c10_storm_150_a200_c80_0008,0.0000,0.0000,0.0000,0.0000,64,1,0.1101,0.2646,D20,13.851,47.016,10,150
10,150,a200,edd,1.0,c10_storm_150_a200_c80_0008,0.0000,0.0000,,,64,1,0.1101,0.2646,D20,13.851,47.016,10,150
10,150,a200,atc,0.25,c10_storm_150_a200_c80_0009,0.0000,0.0000,0.0000,0.0000,95,1,0.1041,0.2843,C10,11.014,14.341,19,150
10,150,a200,edd,0.25,c10_storm_150_a200_c80_0009,0.0000,0.0000,,,95,1,0.1041,0.2843,C10,11.014,14.341,19,150
10,150,a200,atc,0.5,c10_storm_150_a200_c80_0009,0.0000,0.0000,0.0000,0.0000,89,1,0.1041,0.2843,C10,11.014,14.341,19,150
10,150,a200,edd,0.5,c10_storm_150_a200_c80_0009,0.0000,0.0000,,,89,1,0.1041,0.2843,C10,11.014,14.341,19,150
10,150,a200,atc,1.0,c10_storm_150_a200_c80_0009,0.0000,0.0000,0.0000,0.0000,58,1,0.1041,0.2843,C10,11.014,14.341,19,150
10,150,a200,edd,1.0,c10_storm_150_a200_c80_0009,0.0000,0.0000,,,58,1,0.1041,0.2843,C10,11.014,14.341,19,150
10,150,a200,atc,0.25,c10_storm_150_a200_c80_0010,36.0864,36.0864,11.2600,11.2600,92,1,0.1555,0.5740,C30,11.691,61.337,16,150
10,150,a200,edd,0.25,c10_storm_150_a200_c80_0010,36.0864,36.0864,,,92,1,0.1555,0.5740,C30,11.691,61.337,16,150
10,150,a200,atc,0.5,c10_storm_150_a200_c80_0010,36.0864,36.0864,11.2600,11.2600,81,1,0.1555,0.5740,C30,11.691,61.337,16,150
10,150,a200,edd,0.5,c10_storm_150_a200_c80_0010,36.0864,36.0864,,,81,1,0.1555,0.5740,C30,11.691,61.337,16,150
10,150,a200,atc,1.0,c10_storm_150_a200_c80_0010,11.2600,11.2600,11.2600,11.2600,69,1,0.1555,0.5740,C30,11.691,61.337,16,150
10,150,a200,edd,1.0,c10_storm_150_a200_c80_0010,11.2600,11.2600,,,69,1,0.1555,0.5740,C30,11.691,61.337,16,150
10,150,a200,atc,0.25,c10_storm_150_a200_c80_0011,0.0000,0.0000,0.0000,0.0000,81,1,0.1111,0.2520,C10,10.336,18.189,19,150
10,150,a200,edd,0.25,c10_storm_150_a200_c80_0011,0.0000,0.0000,,,81,1,0.1111,0.2520,C10,10.336,18.189,19,150
10,150,a200,atc,0.5,c10_storm_150_a200_c80_0011,0.0000,0.0000,0.0000,0.0000,82,1,0.1111,0.2520,C10,10.336,18.189,19,150
10,150,a200,edd,0.5,c10_storm_150_a200_c80_0011,0.0000,0.0000,,,82,1,0.1111,0.2520,C10,10.336,18.189,19,150
10,150,a200,atc,1.0,c10_storm_150_a200_c80_0011,0.0000,0.0000,0.0000,0.0000,56,1,0.1111,0.2520,C10,10.336,18.189,19,150
10,150,a200,edd,1.0,c10_storm_150_a200_c80_0011,0.0000,0.0000,,,56,1,0.1111,0.2520,C10,10.336,18.189,19,150
10,150,a200,atc,0.25,c10_storm_150_a200_c80_0012,327.5132,327.5132,35.3060,35.3060,93,1,0.1877,0.4483,UNK,11.572,87.196,17,150
10,150,a200,edd,0.25,c10_storm_150_a200_c80_0012,327.5132,327.5132,,,93,1,0.1877,0.4483,UNK,11.572,87.196,17,150
10,150,a200,atc,0.5,c10_storm_150_a200_c80_0012,114.6832,114.6832,35.3060,35.3060,93,1,0.1877,0.4483,UNK,11.572,87.196,17,150
10,150,a200,edd,0.5,c10_storm_150_a200_c80_0012,114.6832,114.6832,,,93,1,0.1877,0.4483,UNK,11.572,87.196,17,150
10,150,a200,atc,1.0,c10_storm_150_a200_c80_0012,70.6120,70.6120,70.6120,70.6120,60,1,0.1877,0.4483,UNK,11.572,87.196,17,150
10,150,a200,edd,1.0,c10_storm_150_a200_c80_0012,70.6120,70.6120,,,60,1,0.1877,0.4483,UNK,11.572,87.196,17,150
10,150,a200,atc,0.25,c10_storm_150_a200_c80_0013,1.1796,1.1796,0.0000,0.0000,85,1,0.1134,0.5461,C30,11.502,27.354,15,150
10,150,a200,edd,0.25,c10_storm_150_a200_c80_0013,1.1796,1.1796,,,85,1,0.1134,0.5461,C30,11.502,27.354,15,150
10,150,a200,atc,0.5,c10_storm_150_a200_c80_0013,1.1796,1.1796,0.0000,0.0000,77,1,0.1134,0.5461,C30,11.502,27.354,15,150
10,150,a200,edd,0.5,c10_storm_150_a200_c80_0013,1.1796,1.1796,,,77,1,0.1134,0.5461,C30,11.502,27.354,15,150
10,150,a200,atc,1.0,c10_storm_150_a200_c80_0013,1.1796,1.1796,0.0000,0.0000,63,1,0.1134,0.5461,C30,11.502,27.354,15,150
10,150,a200,edd,1.0,c10_storm_150_a200_c80_0013,1.1796,1.1796,,,63,1,0.1134,0.5461,C30,11.502,27.354,15,150
10,150,a200,atc,0.25,c10_storm_150_a200_c80_0014,0.0000,0.0000,0.0000,0.0000,90,1,0.1290,0.4885,E10,9.615,18.127,21,150
10,150,a200,edd,0.25,c10_storm_150_a200_c80_0014,0.0000,0.0000,,,90,1,0.1290,0.4885,E10,9.615,18.127,21,150
10,150,a200,atc,0.5,c10_storm_150_a200_c80_0014,0.0000,0.0000,0.0000,0.0000,83,1,0.1290,0.4885,E10,9.615,18.127,21,150
10,150,a200,edd,0.5,c10_storm_150_a200_c80_0014,0.0000,0.0000,,,83,1,0.1290,0.4885,E10,9.615,18.127,21,150
10,150,a200,atc,1.0,c10_storm_150_a200_c80_0014,0.0000,0.0000,0.0000,0.0000,53,1,0.1290,0.4885,E10,9.615,18.127,21,150
10,150,a200,edd,1.0,c10_storm_150_a200_c80_0014,0.0000,0.0000,,,53,1,0.1290,0.4885,E10,9.615,18.127,21,150
10,150,a200,atc,0.25,c10_storm_150_a200_c80_0015,15.5048,15.5048,15.5048,15.5048,91,1,0.1526,0.3303,C30,11.906,36.419,21,150
10,150,a200,edd,0.25,c10_storm_150_a200_c80_0015,15.5048,15.5048,,,91,1,0.1526,0.3303,C30,11.906,36.419,21,150
10,150,a200,atc,0.5,c10_storm_150_a200_c80_0015,15.5048,15.5048,15.5048,15.5048,87,1,0.1526,0.3303,C30,11.906,36.419,21,150
10,150,a200,edd,0.5,c10_storm_150_a200_c80_0015,15.5048,15.5048,,,87,1,0.1526,0.3303,C30,11.906,36.419,21,150
10,150,a200,atc,1.0,c10_storm_150_a200_c80_0015,15.5048,15.5048,15.5048,15.5048,66,1,0.1526,0.3303,C30,11.906,36.419,21,150
10,150,a200,edd,1.0,c10_storm_150_a200_c80_0015,15.5048,15.5048,,,66,1,0.1526,0.3303,C30,11.906,36.419,21,150
10,150,a200,atc,0.25,c10_storm_150_a200_c80_0016,45.7936,45.7936,0.0000,0.0000,91,1,0.1982,0.8036,E20,10.607,38.480,21,150
10,150,a200,edd,0.25,c10_storm_150_a200_c80_0016,45.7936,45.7936,,,91,1,0.1982,0.8036,E20,10.607,38.480,21,150
10,150,a200,atc,0.5,c10_storm_150_a200_c80_0016,45.7936,45.7936,0.0000,0.0000,86,1,0.1982,0.8036,E20,10.607,38.480,21,150
10,150,a200,edd,0.5,c10_storm_150_a200_c80_0016,45.7936,45.7936,,,86,1,0.1982,0.8036,E20,10.607,38.480,21,150
10,150,a200,atc,1.0,c10_storm_150_a200_c80_0016,45.7936,45.7936,0.0000,0.0000,49,1,0.1982,0.8036,E20,10.607,38.480,21,150
10,150,a200,edd,1.0,c10_storm_150_a200_c80_0016,45.7936,45.7936,,,49,1,0.1982,0.8036,E20,10.607,38.480,21,150
10,150,a200,atc,0.25,c10_storm_150_a200_c80_0017,0.0000,0.0000,0.0000,0.0000,90,1,0.1631,0.3947,D50,10.949,36.356,20,150
10,150,a200,edd,0.25,c10_storm_150_a200_c80_0017,0.0000,0.0000,,,90,1,0.1631,0.3947,D50,10.949,36.356,20,150
10,150,a200,atc,0.5,c10_storm_150_a200_c80_0017,0.0000,0.0000,0.0000,0.0000,90,1,0.1631,0.3947,D50,10.949,36.356,20,150
10,150,a200,edd,0.5,c10_storm_150_a200_c80_0017,0.0000,0.0000,,,90,1,0.1631,0.3947,D50,10.949,36.356,20,150
10,150,a200,atc,1.0,c10_storm_150_a200_c80_0017,0.0000,0.0000,0.0000,0.0000,59,1,0.1631,0.3947,D50,10.949,36.356,20,150
10,150,a200,edd,1.0,c10_storm_150_a200_c80_0017,0.0000,0.0000,,,59,1,0.1631,0.3947,D50,10.949,36.356,20,150
10,150,a200,atc,0.25,c10_storm_150_a200_c80_0018,182.6720,182.6720,182.6720,182.6720,88,1,0.1545,0.2524,E10,11.017,37.538,18,150
10,150,a200,edd,0.25,c10_storm_150_a200_c80_0018,182.6720,182.6720,,,88,1,0.1545,0.2524,E10,11.017,37.538,18,150
10,150,a200,atc,0.5,c10_storm_150_a200_c80_0018,182.6720,182.6720,182.6720,182.6720,87,1,0.1545,0.2524,E10,11.017,37.538,18,150
10,150,a200,edd,0.5,c10_storm_150_a200_c80_0018,182.6720,182.6720,,,87,1,0.1545,0.2524,E10,11.017,37.538,18,150
10,150,a200,atc,1.0,c10_storm_150_a200_c80_0018,182.6720,182.6720,182.6720,182.6720,54,1,0.1545,0.2524,E10,11.017,37.538,18,150
10,150,a200,edd,1.0,c10_storm_150_a200_c80_0018,182.6720,182.6720,,,54,1,0.1545,0.2524,E10,11.017,37.538,18,150
10,150,a200,atc,0.25,c10_storm_150_a200_c80_0019,0.0000,0.0000,0.0000,0.0000,89,1,0.1029,0.2948,C30,12.190,23.306,12,150
10,150,a200,edd,0.25,c10_storm_150_a200_c80_0019,0.0000,0.0000,,,89,1,0.1029,0.2948,C30,12.190,23.306,12,150
10,150,a200,atc,0.5,c10_storm_150_a200_c80_0019,0.0000,0.0000,0.0000,0.0000,82,1,0.1029,0.2948,C30,12.190,23.306,12,150
10,150,a200,edd,0.5,c10_storm_150_a200_c80_0019,0.0000,0.0000,,,82,1,0.1029,0.2948,C30,12.190,23.306,12,150
10,150,a200,atc,1.0,c10_storm_150_a200_c80_0019,0.0000,0.0000,0.0000,0.0000,63,1,0.1029,0.2948,C30,12.190,23.306,12,150
10,150,a200,edd,1.0,c10_storm_150_a200_c80_0019,0.0000,0.0000,,,63,1,0.1029,0.2948,C30,12.190,23.306,12,150
10,150,a200,atc,0.25,c10_storm_150_a200_c80_0020,158.0544,158.0544,222.0544,222.0544,84,1,0.1990,0.3205,D40,11.808,78.007,17,150
10,150,a200,edd,0.25,c10_storm_150_a200_c80_0020,158.0544,158.0544,,,84,1,0.1990,0.3205,D40,11.808,78.007,17,150
10,150,a200,atc,0.5,c10_storm_150_a200_c80_0020,158.0544,158.0544,222.0544,222.0544,82,1,0.1990,0.3205,D40,11.808,78.007,17,150
10,150,a200,edd,0.5,c10_storm_150_a200_c80_0020,158.0544,158.0544,,,82,1,0.1990,0.3205,D40,11.808,78.007,17,150
10,150,a200,atc,1.0,c10_storm_150_a200_c80_0020,444.1088,444.1088,444.1088,444.1088,65,1,0.1990,0.3205,D40,11.808,78.007,17,150
10,150,a200,edd,1.0,c10_storm_150_a200_c80_0020,444.1088,444.1088,,,65,1,0.1990,0.3205,D40,11.808,78.007,17,150
10,150,a200,atc,0.25,c10_storm_150_a200_c80_0021,0.0000,0.0000,0.0000,0.0000,83,1,0.1393,0.5253,UNK,11.912,28.665,12,150
10,150,a200,edd,0.25,c10_storm_150_a200_c80_0021,0.0000,0.0000,,,83,1,0.1393,0.5253,UNK,11.912,28.665,12,150
10,150,a200,atc,0.5,c10_storm_150_a200_c80_0021,0.0000,0.0000,0.0000,0.0000,81,1,0.1393,0.5253,UNK,11.912,28.665,12,150
10,150,a200,edd,0.5,c10_storm_150_a200_c80_0021,0.0000,0.0000,,,81,1,0.1393,0.5253,UNK,11.912,28.665,12,150
10,150,a200,atc,1.0,c10_storm_150_a200_c80_0021,0.0000,0.0000,0.0000,0.0000,71,1,0.1393,0.5253,UNK,11.912,28.665,12,150
10,150,a200,edd,1.0,c10_storm_150_a200_c80_0021,0.0000,0.0000,,,71,1,0.1393,0.5253,UNK,11.912,28.665,12,150
10,150,a200,atc,0.25,c10_storm_150_a200_c80_0022,0.0000,0.0000,0.0000,0.0000,83,1,0.0931,0.2440,B30,14.230,32.945,9,150
10,150,a200,edd,0.25,c10_storm_150_a200_c80_0022,0.0000,0.0000,,,83,1,0.0931,0.2440,B30,14.230,32.945,9,150
10,150,a200,atc,0.5,c10_storm_150_a200_c80_0022,0.0000,0.0000,0.0000,0.0000,79,1,0.0931,0.2440,B30,14.230,32.945,9,150
10,150,a200,edd,0.5,c10_storm_150_a200_c80_0022,0.0000,0.0000,,,79,1,0.0931,0.2440,B30,14.230,32.945,9,150
10,150,a200,atc,1.0,c10_storm_150_a200_c80_0022,0.0000,0.0000,0.0000,0.0000,68,1,0.0931,0.2440,B30,14.230,32.945,9,150
10,150,a200,edd,1.0,c10_storm_150_a200_c80_0022,0.0000,0.0000,,,68,1,0.0931,0.2440,B30,14.230,32.945,9,150
10,150,a200,atc,0.25,c10_storm_150_a200_c80_0023,0.0000,0.0000,0.0000,0.0000,93,1,0.1577,0.2550,D30,11.621,71.187,15,150
10,150,a200,edd,0.25,c10_storm_150_a200_c80_0023,0.0000,0.0000,,,93,1,0.1577,0.2550,D30,11.621,71.187,15,150
10,150,a200,atc,0.5,c10_storm_150_a200_c80_0023,0.0000,0.0000,0.0000,0.0000,81,1,0.1577,0.2550,D30,11.621,71.187,15,150
10,150,a200,edd,0.5,c10_storm_150_a200_c80_0023,0.0000,0.0000,,,81,1,0.1577,0.2550,D30,11.621,71.187,15,150
10,150,a200,atc,1.0,c10_storm_150_a200_c80_0023,0.0000,0.0000,0.0000,0.0000,55,1,0.1577,0.2550,D30,11.621,71.187,15,150
10,150,a200,edd,1.0,c10_storm_150_a200_c80_0023,0.0000,0.0000,,,55,1,0.1577,0.2550,D30,11.621,71.187,15,150
10,150,a200,atc,0.25,c10_storm_150_a200_c80_0024,0.0000,0.0000,0.0000,0.0000,82,1,0.0987,0.2583,C10,11.536,15.430,16,150
10,150,a200,edd,0.25,c10_storm_150_a200_c80_0024,0.0000,0.0000,,,82,1,0.0987,0.2583,C10,11.536,15.430,16,150
10,150,a200,atc,0.5,c10_storm_150_a200_c80_0024,0.0000,0.0000,0.0000,0.0000,85,1,0.0987,0.2583,C10,11.536,15.430,16,150
10,150,a200,edd,0.5,c10_storm_150_a200_c80_0024,0.0000,0.0000,,,85,1,0.0987,0.2583,C10,11.536,15.430,16,150
10,150,a200,atc,1.0,c10_storm_150_a200_c80_0024,0.0000,0.0000,0.0000,0.0000,57,1,0.0987,0.2583,C10,11.536,15.430,16,150
10,150,a200,edd,1.0,c10_storm_150_a200_c80_0024,0.0000,0.0000,,,57,1,0.0987,0.2583,C10,11.536,15.430,16,150
10,150,a200,atc,0.25,c10_storm_150_a200_c80_0025,0.0000,0.0000,0.0000,0.0000,99,1,0.1557,0.5184,E10,12.372,41.808,18,150
10,150,a200,edd,0.25,c10_storm_150_a200_c80_0025,0.0000,0.0000,,,99,1,0.1557,0.5184,E10,12.372,41.808,18,150
10,150,a200,atc,0.5,c10_storm_150_a200_c80_0025,0.0000,0.0000,0.0000,0.0000,94,1,0.1557,0.5184,E10,12.372,41.808,18,150
10,150,a200,edd,0.5,c10_storm_150_a200_c80_0025,0.0000,0.0000,,,94,1,0.1557,0.5184,E10,12.372,41.808,18,150
10,150,a200,atc,1.0,c10_storm_150_a200_c80_0025,0.0000,0.0000,0.0000,0.0000,73,1,0.1557,0.5184,E10,12.372,41.808,18,150
10,150,a200,edd,1.0,c10_storm_150_a200_c80_0025,0.0000,0.0000,,,73,1,0.1557,0.5184,E10,12.372,41.808,18,150
10,150,a200,atc,0.25,c10_storm_150_a200_c80_0026,6.3676,6.3676,0.0000,0.0000,90,1,0.1267,0.2674,B30,10.994,34.411,15,150
10,150,a200,edd,0.25,c10_storm_150_a200_c80_0026,6.3676,6.3676,,,90,1,0.1267,0.2674,B30,10.994,34.411,15,150
10,150,a200,atc,0.5,c10_storm_150_a200_c80_0026,0.0000,0.0000,0.0000,0.0000,89,1,0.1267,0.2674,B30,10.994,34.411,15,150
10,150,a200,edd,0.5,c10_storm_150_a200_c80_0026,0.0000,0.0000,,,89,1,0.1267,0.2674,B30,10.994,34.411,15,150
10,150,a200,atc,1.0,c10_storm_150_a200_c80_0026,0.0000,0.0000,0.0000,0.0000,58,1,0.1267,0.2674,B30,10.994,34.411,15,150
10,150,a200,edd,1.0,c10_storm_150_a200_c80_0026,0.0000,0.0000,,,58,1,0.1267,0.2674,B30,10.994,34.411,15,150
10,150,a200,atc,0.25,c10_storm_150_a200_c80_0027,0.0000,0.0000,0.0000,0.0000,85,1,0.1028,0.1814,D30,10.912,13.144,11,150
10,150,a200,edd,0.25,c10_storm_150_a200_c80_0027,0.0000,0.0000,,,85,1,0.1028,0.1814,D30,10.912,13.144,11,150
10,150,a200,atc,0.5,c10_storm_150_a200_c80_0027,0.0000,0.0000,0.0000,0.0000,81,1,0.1028,0.1814,D30,10.912,13.144,11,150
10,150,a200,edd,0.5,c10_storm_150_a200_c80_0027,0.0000,0.0000,,,81,1,0.1028,0.1814,D30,10.912,13.144,11,150
10,150,a200,atc,1.0,c10_storm_150_a200_c80_0027,0.0000,0.0000,0.0000,0.0000,43,1,0.1028,0.1814,D30,10.912,13.144,11,150
10,150,a200,edd,1.0,c10_storm_150_a200_c80_0027,0.0000,0.0000,,,43,1,0.1028,0.1814,D30,10.912,13.144,11,150
10,150,a200,atc,0.25,c10_storm_150_a200_c80_0028,0.0000,0.0000,0.0000,0.0000,87,1,0.1225,0.2669,D50,13.360,42.815,11,150
10,150,a200,edd,0.25,c10_storm_150_a200_c80_0028,0.0000,0.0000,,,87,1,0.1225,0.2669,D50,13.360,42.815,11,150
10,150,a200,atc,0.5,c10_storm_150_a200_c80_0028,0.0000,0.0000,0.0000,0.0000,79,1,0.1225,0.2669,D50,13.360,42.815,11,150
10,150,a200,edd,0.5,c10_storm_150_a200_c80_0028,0.0000,0.0000,,,79,1,0.1225,0.2669,D50,13.360,42.815,11,150
10,150,a200,atc,1.0,c10_storm_150_a200_c80_0028,0.0000,0.0000,0.0000,0.0000,65,1,0.1225,0.2669,D50,13.360,42.815,11,150
10,150,a200,edd,1.0,c10_storm_150_a200_c80_0028,0.0000,0.0000,,,65,1,0.1225,0.2669,D50,13.360,42.815,11,150
10,150,a200,atc,0.25,c10_storm_150_a200_c80_0029,0.0000,0.0000,0.0000,0.0000,92,1,0.1667,0.5192,E20,9.879,17.094,19,150
10,150,a200,edd,0.25,c10_storm_150_a200_c80_0029,0.0000,0.0000,,,92,1,0.1667,0.5192,E20,9.879,17.094,19,150
10,150,a200,atc,0.5,c10_storm_150_a200_c80_0029,0.0000,0.0000,0.0000,0.0000,82,1,0.1667,0.5192,E20,9.879,17.094,19,150
10,150,a200,edd,0.5,c10_storm_150_a200_c80_0029,0.0000,0.0000,,,82,1,0.1667,0.5192,E20,9.879,17.094,19,150
10,150,a200,atc,1.0,c10_storm_150_a200_c80_0029,0.0000,0.0000,0.0000,0.0000,47,1,0.1667,0.5192,E20,9.879,17.094,19,150
10,150,a200,edd,1.0,c10_storm_150_a200_c80_0029,0.0000,0.0000,,,47,1,0.1667,0.5192,E20,9.879,17.094,19,150
10,150,a300,atc,0.25,c10_storm_150_a300_c80_0000,0.0000,0.0000,0.0000,0.0000,91,1,0.2378,0.3042,D40,8.000,53.701,14,150
10,150,a300,edd,0.25,c10_storm_150_a300_c80_0000,0.0000,0.0000,,,91,1,0.2378,0.3042,D40,8.000,53.701,14,150
10,150,a300,atc,0.5,c10_storm_150_a300_c80_0000,0.0000,0.0000,0.0000,0.0000,86,1,0.2378,0.3042,D40,8.000,53.701,14,150
10,150,a300,edd,0.5,c10_storm_150_a300_c80_0000,0.0000,0.0000,,,86,1,0.2378,0.3042,D40,8.000,53.701,14,150
10,150,a300,atc,1.0,c10_storm_150_a300_c80_0000,0.0000,0.0000,0.0000,0.0000,37,1,0.2378,0.3042,D40,8.000,53.701,14,150
10,150,a300,edd,1.0,c10_storm_150_a300_c80_0000,0.0000,0.0000,,,37,1,0.2378,0.3042,D40,8.000,53.701,14,150
10,150,a300,atc,0.25,c10_storm_150_a300_c80_0001,0.0000,0.0000,0.0000,0.0000,75,1,0.1812,0.6837,E10,8.000,19.408,13,150
10,150,a300,edd,0.25,c10_storm_150_a300_c80_0001,0.0000,0.0000,,,75,1,0.1812,0.6837,E10,8.000,19.408,13,150
10,150,a300,atc,0.5,c10_storm_150_a300_c80_0001,0.0000,0.0000,0.0000,0.0000,69,1,0.1812,0.6837,E10,8.000,19.408,13,150
10,150,a300,edd,0.5,c10_storm_150_a300_c80_0001,0.0000,0.0000,,,69,1,0.1812,0.6837,E10,8.000,19.408,13,150
10,150,a300,atc,1.0,c10_storm_150_a300_c80_0001,44.8976,44.8976,0.0000,0.0000,42,1,0.1812,0.6837,E10,8.000,19.408,13,150
10,150,a300,edd,1.0,c10_storm_150_a300_c80_0001,44.8976,44.8976,,,42,1,0.1812,0.6837,E10,8.000,19.408,13,150
10,150,a300,atc,0.25,c10_storm_150_a300_c80_0002,0.0000,0.0000,0.0000,0.0000,93,1,0.2636,0.3943,D50,8.000,80.447,16,150
10,150,a300,edd,0.25,c10_storm_150_a300_c80_0002,0.0000,0.0000,,,93,1,0.2636,0.3943,D50,8.000,80.447,16,150
10,150,a300,atc,0.5,c10_storm_150_a300_c80_0002,0.0000,0.0000,0.0000,0.0000,92,1,0.2636,0.3943,D50,8.000,80.447,16,150
10,150,a300,edd,0.5,c10_storm_150_a300_c80_0002,0.0000,0.0000,,,92,1,0.2636,0.3943,D50,8.000,80.447,16,150
10,150,a300,atc,1.0,c10_storm_150_a300_c80_0002,0.0000,0.0000,0.0000,0.0000,37,1,0.2636,0.3943,D50,8.000,80.447,16,150
10,150,a300,edd,1.0,c10_storm_150_a300_c80_0002,0.0000,0.0000,,,37,1,0.2636,0.3943,D50,8.000,80.447,16,150
10,150,a300,atc,0.25,c10_storm_150_a300_c80_0003,0.0000,0.0000,0.0000,0.0000,80,1,0.1489,0.3695,E10,8.345,18.556,20,150
10,150,a300,edd,0.25,c10_storm_150_a300_c80_0003,0.0000,0.0000,,,80,1,0.1489,0.3695,E10,8.345,18.556,20,150
10,150,a300,atc,0.5,c10_storm_150_a300_c80_0003,0.0000,0.0000,0.0000,0.0000,81,1,0.1489,0.3695,E10,8.345,18.556,20,150
10,150,a300,edd,0.5,c10_storm_150_a300_c80_0003,0.0000,0.0000,,,81,1,0.1489,0.3695,E10,8.345,18.556,20,150
10,150,a300,atc,1.0,c10_storm_150_a300_c80_0003,33.6496,33.6496,0.0000,0.0000,42,1,0.1489,0.3695,E10,8.345,18.556,20,150
10,150,a300,edd,1.0,c10_storm_150_a300_c80_0003,33.6496,33.6496,,,42,1,0.1489,0.3695,E10,8.345,18.556,20,150
10,150,a300,atc,0.25,c10_storm_150_a300_c80_0004,0.0000,0.0000,0.0000,0.0000,79,1,0.2396,0.3873,D30,8.000,78.898,13,150
10,150,a300,edd,0.25,c10_storm_150_a300_c80_0004,0.0000,0.0000,,,79,1,0.2396,0.3873,D30,8.000,78.898,13,150
10,150,a300,atc,0.5,c10_storm_150_a300_c80_0004,0.0000,0.0000,0.0000,0.0000,79,1,0.2396,0.3873,D30,8.000,78.898,13,150
10,150,a300,edd,0.5,c10_storm_150_a300_c80_0004,0.0000,0.0000,,,79,1,0.2396,0.3873,D30,8.000,78.898,13,150
10,150,a300,atc,1.0,c10_storm_150_a300_c80_0004,12.1288,12.1288,0.0000,0.0000,32,1,0.2396,0.3873,D30,8.000,78.898,13,150
10,150,a300,edd,1.0,c10_storm_150_a300_c80_0004,12.1288,12.1288,,,32,1,0.2396,0.3873,D30,8.000,78.898,13,150
10,150,a300,atc,0.25,c10_storm_150_a300_c80_0005,0.0000,0.0000,0.0000,0.0000,100,1,0.1944,0.6610,E10,8.000,26.717,12,150
10,150,a300,edd,0.25,c10_storm_150_a300_c80_0005,0.0000,0.0000,,,100,1,0.1944,0.6610,E10,8.000,26.717,12,150
10,150,a300,atc,0.5,c10_storm_150_a300_c80_0005,0.0000,0.0000,0.0000,0.0000,96,1,0.1944,0.6610,E10,8.000,26.717,12,150
10,150,a300,edd,0.5,c10_storm_150_a300_c80_0005,0.0000,0.0000,,,96,1,0.1944,0.6610,E10,8.000,26.717,12,150
10,150,a300,atc,1.0,c10_storm_150_a300_c80_0005,0.0000,0.0000,0.0000,0.0000,40,1,0.1944,0.6610,E10,8.000,26.717,12,150
10,150,a300,edd,1.0,c10_storm_150_a300_c80_0005,0.0000,0.0000,,,40,1,0.1944,0.6610,E10,8.000,26.717,12,150
10,150,a300,atc,0.25,c10_storm_150_a300_c80_0006,0.0000,0.0000,0.0000,0.0000,100,1,0.1465,0.6832,E10,8.000,15.165,15,150
10,150,a300,edd,0.25,c10_storm_150_a300_c80_0006,0.0000,0.0000,,,100,1,0.1465,0.6832,E10,8.000,15.165,15,150
10,150,a300,atc,0.5,c10_storm_150_a300_c80_0006,0.0000,0.0000,0.0000,0.0000,100,1,0.1465,0.6832,E10,8.000,15.165,15,150
10,150,a300,edd,0.5,c10_storm_150_a300_c80_0006,0.0000,0.0000,,,100,1,0.1465,0.6832,E10,8.000,15.165,15,150
10,150,a300,atc,1.0,c10_storm_150_a300_c80_0006,0.0000,0.0000,0.0000,0.0000,39,1,0.1465,0.6832,E10,8.000,15.165,15,150
10,150,a300,edd,1.0,c10_storm_150_a300_c80_0006,0.0000,0.0000,,,39,1,0.1465,0.6832,E10,8.000,15.165,15,150
10,150,a300,atc,0.25,c10_storm_150_a300_c80_0007,25.6736,25.6736,0.0000,0.0000,95,1,0.2111,1.0680,C30,8.000,41.480,15,150
10,150,a300,edd,0.25,c10_storm_150_a300_c80_0007,25.6736,25.6736,,,95,1,0.2111,1.0680,C30,8.000,41.480,15,150
10,150,a300,atc,0.5,c10_storm_150_a300_c80_0007,25.6736,25.6736,0.0000,0.0000,87,1,0.2111,1.0680,C30,8.000,41.480,15,150
10,150,a300,edd,0.5,c10_storm_150_a300_c80_0007,25.6736,25.6736,,,87,1,0.2111,1.0680,C30,8.000,41.480,15,150
10,150,a300,atc,1.0,c10_storm_150_a300_c80_0007,66.3832,66.3832,0.0000,0.0000,39,1,0.2111,1.0680,C30,8.000,41.480,15,150
10,150,a300,edd,1.0,c10_storm_150_a300_c80_0007,66.3832,66.3832,,,39,1,0.2111,1.0680,C30,8.000,41.480,15,150
10,150,a300,atc,0.25,c10_storm_150_a300_c80_0008,0.0000,0.0000,0.0000,0.0000,91,1,0.1463,0.2937,C30,8.000,26.823,14,150
10,150,a300,edd,0.25,c10_storm_150_a300_c80_0008,0.0000,0.0000,,,91,1,0.1463,0.2937,C30,8.000,26.823,14,150
10,150,a300,atc,0.5,c10_storm_150_a300_c80_0008,0.0000,0.0000,0.0000,0.0000,81,1,0.1463,0.2937,C30,8.000,26.823,14,150
10,150,a300,edd,0.5,c10_storm_150_a300_c80_0008,0.0000,0.0000,,,81,1,0.1463,0.2937,C30,8.000,26.823,14,150
10,150,a300,atc,1.0,c10_storm_150_a300_c80_0008,0.0000,0.0000,0.0000,0.0000,39,1,0.1463,0.2937,C30,8.000,26.823,14,150
10,150,a300,edd,1.0,c10_storm_150_a300_c80_0008,0.0000,0.0000,,,39,1,0.1463,0.2937,C30,8.000,26.823,14,150
10,150,a300,atc,0.25,c10_storm_150_a300_c80_0009,0.0000,0.0000,0.0000,0.0000,74,1,0.1671,0.3269,MISC,8.546,18.157,21,150
10,150,a300,edd,0.25,c10_storm_150_a300_c80_0009,0.0000,0.0000,,,74,1,0.1671,0.3269,MISC,8.546,18.157,21,150
10,150,a300,atc,0.5,c10_storm_150_a300_c80_0009,0.0000,0.0000,0.0000,0.0000,76,1,0.1671,0.3269,MISC,8.546,18.157,21,150
10,150,a300,edd,0.5,c10_storm_150_a300_c80_0009,0.0000,0.0000,,,76,1,0.1671,0.3269,MISC,8.546,18.157,21,150
10,150,a300,atc,1.0,c10_storm_150_a300_c80_0009,0.0000,0.0000,0.0000,0.0000,45,1,0.1671,0.3269,MISC,8.546,18.157,21,150
10,150,a300,edd,1.0,c10_storm_150_a300_c80_0009,0.0000,0.0000,,,45,1,0.1671,0.3269,MISC,8.546,18.157,21,150
10,150,a300,atc,0.25,c10_storm_150_a300_c80_0010,0.0000,0.0000,0.0000,0.0000,91,1,0.2039,0.3620,D50,8.000,29.223,11,150
10,150,a300,edd,0.25,c10_storm_150_a300_c80_0010,0.0000,0.0000,,,91,1,0.2039,0.3620,D50,8.000,29.223,11,150
10,150,a300,atc,0.5,c10_storm_150_a300_c80_0010,0.0000,0.0000,0.0000,0.0000,89,1,0.2039,0.3620,D50,8.000,29.223,11,150
10,150,a300,edd,0.5,c10_storm_150_a300_c80_0010,0.0000,0.0000,,,89,1,0.2039,0.3620,D50,8.000,29.223,11,150
10,150,a300,atc,1.0,c10_storm_150_a300_c80_0010,0.0000,0.0000,0.0000,0.0000,40,1,0.2039,0.3620,D50,8.000,29.223,11,150
10,150,a300,edd,1.0,c10_storm_150_a300_c80_0010,0.0000,0.0000,,,40,1,0.2039,0.3620,D50,8.000,29.223,11,150
10,150,a300,atc,0.25,c10_storm_150_a300_c80_0011,0.0000,0.0000,0.0000,0.0000,90,1,0.1987,0.4929,E10,8.000,25.912,17,150
10,150,a300,edd,0.25,c10_storm_150_a300_c80_0011,0.0000,0.0000,,,90,1,0.1987,0.4929,E10,8.000,25.912,17,150
10,150,a300,atc,0.5,c10_storm_150_a300_c80_0011,0.0000,0.0000,0.0000,0.0000,88,1,0.1987,0.4929,E10,8.000,25.912,17,150
10,150,a300,edd,0.5,c10_storm_150_a300_c80_0011,0.0000,0.0000,,,88,1,0.1987,0.4929,E10,8.000,25.912,17,150
10,150,a300,atc,1.0,c10_storm_150_a300_c80_0011,0.0000,0.0000,0.0000,0.0000,46,1,0.1987,0.4929,E10,8.000,25.912,17,150
10,150,a300,edd,1.0,c10_storm_150_a300_c80_0011,0.0000,0.0000,,,46,1,0.1987,0.4929,E10,8.000,25.912,17,150
10,150,a300,atc,0.25,c10_storm_150_a300_c80_0012,6.0904,6.0904,1.5608,1.5608,87,1,0.1568,0.3695,D20,8.000,16.080,18,150
10,150,a300,edd,0.25,c10_storm_150_a300_c80_0012,6.0904,6.0904,,,87,1,0.1568,0.3695,D20,8.000,16.080,18,150
10,150,a300,atc,0.5,c10_storm_150_a300_c80_0012,6.0904,6.0904,1.5608,1.5608,86,1,0.1568,0.3695,D20,8.000,16.080,18,150
10,150,a300,edd,0.5,c10_storm_150_a300_c80_0012,6.0904,6.0904,,,86,1,0.1568,0.3695,D20,8.000,16.080,18,150
10,150,a300,atc,1.0,c10_storm_150_a300_c80_0012,6.0904,6.0904,1.5608,1.5608,40,1,0.1568,0.3695,D20,8.000,16.080,18,150
10,150,a300,edd,1.0,c10_storm_150_a300_c80_0012,6.0904,6.0904,,,40,1,0.1568,0.3695,D20,8.000,16.080,18,150
10,150,a300,atc,0.25,c10_storm_150_a300_c80_0013,0.0000,0.0000,0.0000,0.0000,98,1,0.1870,0.2903,D30,8.171,31.046,16,150
10,150,a300,edd,0.25,c10_storm_150_a300_c80_0013,0.0000,0.0000,,,98,1,0.1870,0.2903,D30,8.171,31.046,16,150
10,150,a300,atc,0.5,c10_storm_150_a300_c80_0013,0.0000,0.0000,0.0000,0.0000,93,1,0.1870,0.2903,D30,8.171,31.046,16,150
10,150,a300,edd,0.5,c10_storm_150_a300_c80_0013,0.0000,0.0000,,,93,1,0.1870,0.2903,D30,8.171,31.046,16,150
10,150,a300,atc,1.0,c10_storm_150_a300_c80_0013,0.0000,0.0000,0.0000,0.0000,37,1,0.1870,0.2903,D30,8.171,31.046,16,150
10,150,a300,edd,1.0,c10_storm_150_a300_c80_0013,0.0000,0.0000,,,37,1,0.1870,0.2903,D30,8.171,31.046,16,150
10,150,a300,atc,0.25,c10_storm_150_a300_c80_0014,0.0000,0.0000,0.0000,0.0000,88,1,0.1623,0.4193,C10,8.000,21.527,21,150
10,150,a300,edd,0.25,c10_storm_150_a300_c80_0014,0.0000,0.0000,,,88,1,0.1623,0.4193,C10,8.000,21.527,21,150
10,150,a300,atc,0.5,c10_storm_150_a300_c80_0014,0.0000,0.0000,0.0000,0.0000,84,1,0.1623,0.4193,C10,8.000,21.527,21,150
10,150,a300,edd,0.5,c10_storm_150_a300_c80_0014,0.0000,0.0000,,,84,1,0.1623,0.4193,C10,8.000,21.527,21,150
10,150,a300,atc,1.0,c10_storm_150_a300_c80_0014,0.0000,0.0000,0.0000,0.0000,34,1,0.1623,0.4193,C10,8.000,21.527,21,150
10,150,a300,edd,1.0,c10_storm_150_a300_c80_0014,0.0000,0.0000,,,34,1,0.1623,0.4193,C10,8.000,21.527,21,150
10,150,a300,atc,0.25,c10_storm_150_a300_c80_0015,0.0000,0.0000,0.0000,0.0000,89,1,0.1824,0.3841,MISC,8.000,21.428,15,150
10,150,a300,edd,0.25,c10_storm_150_a300_c80_0015,0.0000,0.0000,,,89,1,0.1824,0.3841,MISC,8.000,21.428,15,150
10,150,a300,atc,0.5,c10_storm_150_a300_c80_0015,0.0000,0.0000,0.0000,0.0000,85,1,0.1824,0.3841,MISC,8.000,21.428,15,150
10,150,a300,edd,0.5,c10_storm_150_a300_c80_0015,0.0000,0.0000,,,85,1,0.1824,0.3841,MISC,8.000,21.428,15,150
10,150,a300,atc,1.0,c10_storm_150_a300_c80_0015,0.0000,0.0000,0.0000,0.0000,42,1,0.1824,0.3841,MISC,8.000,21.428,15,150
10,150,a300,edd,1.0,c10_storm_150_a300_c80_0015,0.0000,0.0000,,,42,1,0.1824,0.3841,MISC,8.000,21.428,15,150
10,150,a300,atc,0.25,c10_storm_150_a300_c80_0016,0.0000,0.0000,23.4132,23.4132,85,1,0.2247,2.2618,UNK,8.225,30.343,22,150
10,150,a300,edd,0.25,c10_storm_150_a300_c80_0016,0.0000,0.0000,,,85,1,0.2247,2.2618,UNK,8.225,30.343,22,150
10,150,a300,atc,0.5,c10_storm_150_a300_c80_0016,0.0000,0.0000,23.4132,23.4132,82,1,0.2247,2.2618,UNK,8.225,30.343,22,150
10,150,a300,edd,0.5,c10_storm_150_a300_c80_0016,0.0000,0.0000,,,82,1,0.2247,2.2618,UNK,8.225,30.343,22,150
10,150,a300,atc,1.0,c10_storm_150_a300_c80_0016,46.8264,46.8264,46.8264,46.8264,42,1,0.2247,2.2618,UNK,8.225,30.343,22,150
10,150,a300,edd,1.0,c10_storm_150_a300_c80_0016,46.8264,46.8264,,,42,1,0.2247,2.2618,UNK,8.225,30.343,22,150
10,150,a300,atc,0.25,c10_storm_150_a300_c80_0017,0.0000,0.0000,0.0000,0.0000,84,1,0.2111,0.4264,D20,8.076,23.903,25,150
10,150,a300,edd,0.25,c10_storm_150_a300_c80_0017,0.0000,0.0000,,,84,1,0.2111,0.4264,D20,8.076,23.903,25,150
10,150,a300,atc,0.5,c10_storm_150_a300_c80_0017,0.0000,0.0000,0.0000,0.0000,76,1,0.2111,0.4264,D20,8.076,23.903,25,150
10,150,a300,edd,0.5,c10_storm_150_a300_c80_0017,0.0000,0.0000,,,76,1,0.2111,0.4264,D20,8.076,23.903,25,150
10,150,a300,atc,1.0,c10_storm_150_a300_c80_0017,0.0000,0.0000,0.0000,0.0000,37,1,0.2111,0.4264,D20,8.076,23.903,25,150
10,150,a300,edd,1.0,c10_storm_150_a300_c80_0017,0.0000,0.0000,,,37,1,0.2111,0.4264,D20,8.076,23.903,25,150
10,150,a300,atc,0.25,c10_storm_150_a300_c80_0018,0.0000,0.0000,0.0000,0.0000,88,1,0.1134,0.3514,C30,8.041,14.451,22,150
10,150,a300,edd,0.25,c10_storm_150_a300_c80_0018,0.0000,0.0000,,,88,1,0.1134,0.3514,C30,8.041,14.451,22,150
10,150,a300,atc,0.5,c10_storm_150_a300_c80_0018,0.0000,0.0000,0.0000,0.0000,82,1,0.1134,0.3514,C30,8.041,14.451,22,150
10,150,a300,edd,0.5,c10_storm_150_a300_c80_0018,0.0000,0.0000,,,82,1,0.1134,0.3514,C30,8.041,14.451,22,150
10,150,a300,atc,1.0,c10_storm_150_a300_c80_0018,0.0000,0.0000,0.0000,0.0000,41,1,0.1134,0.3514,C30,8.041,14.451,22,150
10,150,a300,edd,1.0,c10_storm_150_a300_c80_0018,0.0000,0.0000,,,41,1,0.1134,0.3514,C30,8.041,14.451,22,150
10,150,a300,atc,0.25,c10_storm_150_a300_c80_0019,0.0000,0.0000,0.0000,0.0000,97,1,0.1480,0.5681,MISC,8.707,16.916,19,150
10,150,a300,edd,0.25,c10_storm_150_a300_c80_0019,0.0000,0.0000,,,97,1,0.1480,0.5681,MISC,8.707,16.916,19,150
10,150,a300,atc,0.5,c10_storm_150_a300_c80_0019,0.0000,0.0000,0.0000,0.0000,93,1,0.1480,0.5681,MISC,8.707,16.916,19,150
10,150,a300,edd,0.5,c10_storm_150_a300_c80_0019,0.0000,0.0000,,,93,1,0.1480,0.5681,MISC,8.707,16.916,19,150
10,150,a300,atc,1.0,c10_storm_150_a300_c80_0019,0.0000,0.0000,0.0000,0.0000,40,1,0.1480,0.5681,MISC,8.707,16.916,19,150
10,150,a300,edd,1.0,c10_storm_150_a300_c80_0019,0.0000,0.0000,,,40,1,0.1480,0.5681,MISC,8.707,16.916,19,150
10,150,a300,atc,0.25,c10_storm_150_a300_c80_0020,0.0000,0.0000,0.0000,0.0000,88,1,0.2320,0.9364,E10,8.000,50.344,10,150
10,150,a300,edd,0.25,c10_storm_150_a300_c80_0020,0.0000,0.0000,,,88,1,0.2320,0.9364,E10,8.000,50.344,10,150
10,150,a300,atc,0.5,c10_storm_150_a300_c80_0020,0.0000,0.0000,0.0000,0.0000,82,1,0.2320,0.9364,E10,8.000,50.344,10,150
10,150,a300,edd,0.5,c10_storm_150_a300_c80_0020,0.0000,0.0000,,,82,1,0.2320,0.9364,E10,8.000,50.344,10,150
10,150,a300,atc,1.0,c10_storm_150_a300_c80_0020,0.0000,0.0000,0.0000,0.0000,43,1,0.2320,0.9364,E10,8.000,50.344,10,150
10,150,a300,edd,1.0,c10_storm_150_a300_c80_0020,0.0000,0.0000,,,43,1,0.2320,0.9364,E10,8.000,50.344,10,150
10,150,a300,atc,0.25,c10_storm_150_a300_c80_0021,34.9464,34.9464,0.0000,0.0000,94,1,0.2195,0.5131,D20,8.290,33.441,19,150
10,150,a300,edd,0.25,c10_storm_150_a300_c80_0021,34.9464,34.9464,,,94,1,0.2195,0.5131,D20,8.290,33.441,19,150
10,150,a300,atc,0.5,c10_storm_150_a300_c80_0021,34.9464,34.9464,0.0000,0.0000,82,1,0.2195,0.5131,D20,8.290,33.441,19,150
10,150,a300,edd,0.5,c10_storm_150_a300_c80_0021,34.9464,34.9464,,,82,1,0.2195,0.5131,D20,8.290,33.441,19,150
10,150,a300,atc,1.0,c10_storm_150_a300_c80_0021,34.9464,34.9464,0.0000,0.0000,43,1,0.2195,0.5131,D20,8.290,33.441,19,150
10,150,a300,edd,1.0,c10_storm_150_a300_c80_0021,34.9464,34.9464,,,43,1,0.2195,0.5131,D20,8.290,33.441,19,150
10,150,a300,atc,0.25,c10_storm_150_a300_c80_0022,6.6976,6.6976,6.6976,6.6976,100,1,0.1418,0.2800,C10,8.000,18.253,11,150
10,150,a300,edd,0.25,c10_storm_150_a300_c80_0022,6.6976,6.6976,,,100,1,0.1418,0.2800,C10,8.000,18.253,11,150
10,150,a300,atc,0.5,c10_storm_150_a300_c80_0022,6.6976,6.6976,6.6976,6.6976,91,1,0.1418,0.2800,C10,8.000,18.253,11,150
10,150,a300,edd,0.5,c10_storm_150_a300_c80_0022,6.6976,6.6976,,,91,1,0.1418,0.2800,C10,8.000,18.253,11,150
10,150,a300,atc,1.0,c10_storm_150_a300_c80_0022,6.6976,6.6976,6.6976,6.6976,38,1,0.1418,0.2800,C10,8.000,18.253,11,150
10,150,a300,edd,1.0,c10_storm_150_a300_c80_0022,6.6976,6.6976,,,38,1,0.1418,0.2800,C10,8.000,18.253,11,150
10,150,a300,atc,0.25,c10_storm_150_a300_c80_0023,0.0000,0.0000,0.0000,0.0000,85,1,0.2140,0.7061,D90,8.000,23.935,23,150
10,150,a300,edd,0.25,c10_storm_150_a300_c80_0023,0.0000,0.0000,,,85,1,0.2140,0.7061,D90,8.000,23.935,23,150
10,150,a300,atc,0.5,c10_storm_150_a300_c80_0023,0.0000,0.0000,0.0000,0.0000,85,1,0.2140,0.7061,D90,8.000,23.935,23,150
10,150,a300,edd,0.5,c10_storm_150_a300_c80_0023,0.0000,0.0000,,,85,1,0.2140,0.7061,D90,8.000,23.935,23,150
10,150,a300,atc,1.0,c10_storm_150_a300_c80_0023,0.0000,0.0000,0.0000,0.0000,35,1,0.2140,0.7061,D90,8.000,23.935,23,150
10,150,a300,edd,1.0,c10_storm_150_a300_c80_0023,0.0000,0.0000,,,35,1,0.2140,0.7061,D90,8.000,23.935,23,150
10,150,a300,atc,0.25,c10_storm_150_a300_c80_0024,41.1536,41.1536,0.0000,0.0000,86,1,0.2171,0.4600,D20,8.000,21.294,18,150
10,150,a300,edd,0.25,c10_storm_150_a300_c80_0024,41.1536,41.1536,,,86,1,0.2171,0.4600,D20,8.000,21.294,18,150
10,150,a300,atc,0.5,c10_storm_150_a300_c80_0024,41.1536,41.1536,0.0000,0.0000,77,1,0.2171,0.4600,D20,8.000,21.294,18,150
10,150,a300,edd,0.5,c10_storm_150_a300_c80_0024,41.1536,41.1536,,,77,1,0.2171,0.4600,D20,8.000,21.294,18,150
10,150,a300,atc,1.0,c10_storm_150_a300_c80_0024,95.3328,95.3328,0.0000,0.0000,33,1,0.2171,0.4600,D20,8.000,21.294,18,150
10,150,a300,edd,1.0,c10_storm_150_a300_c80_0024,95.3328,95.3328,,,33,1,0.2171,0.4600,D20,8.000,21.294,18,150
10,150,a300,atc,0.25,c10_storm_150_a300_c80_0025,289.1888,289.1888,331.4592,331.4592,94,1,0.3812,0.7385,D40,8.000,96.433,17,150
10,150,a300,edd,0.25,c10_storm_150_a300_c80_0025,289.1888,289.1888,,,94,1,0.3812,0.7385,D40,8.000,96.433,17,150
10,150,a300,atc,0.5,c10_storm_150_a300_c80_0025,289.1888,289.1888,331.4592,331.4592,78,1,0.3812,0.7385,D40,8.000,96.433,17,150
10,150,a300,edd,0.5,c10_storm_150_a300_c80_0025,289.1888,289.1888,,,78,1,0.3812,0.7385,D40,8.000,96.433,17,150
10,150,a300,atc,1.0,c10_storm_150_a300_c80_0025,662.9184,662.9184,662.9184,662.9184,41,1,0.3812,0.7385,D40,8.000,96.433,17,150
10,150,a300,edd,1.0,c10_storm_150_a300_c80_0025,662.9184,662.9184,,,41,1,0.3812,0.7385,D40,8.000,96.433,17,150
10,150,a300,atc,0.25,c10_storm_150_a300_c80_0026,0.0000,0.0000,0.0000,0.0000,99,1,0.1758,0.3601,B30,8.000,20.007,15,150
10,150,a300,edd,0.25,c10_storm_150_a300_c80_0026,0.0000,0.0000,,,99,1,0.1758,0.3601,B30,8.000,20.007,15,150
10,150,a300,atc,0.5,c10_storm_150_a300_c80_0026,0.0000,0.0000,0.0000,0.0000,93,1,0.1758,0.3601,B30,8.000,20.007,15,150
10,150,a300,edd,0.5,c10_storm_150_a300_c80_0026,0.0000,0.0000,,,93,1,0.1758,0.3601,B30,8.000,20.007,15,150
10,150,a300,atc,1.0,c10_storm_150_a300_c80_0026,0.0000,0.0000,0.0000,0.0000,41,1,0.1758,0.3601,B30,8.000,20.007,15,150
10,150,a300,edd,1.0,c10_storm_150_a300_c80_0026,0.0000,0.0000,,,41,1,0.1758,0.3601,B30,8.000,20.007,15,150
10,150,a300,atc,0.25,c10_storm_150_a300_c80_0027,0.0000,0.0000,0.0000,0.0000,81,1,0.1687,0.3099,B20,8.000,17.088,12,150
10,150,a300,edd,0.25,c10_storm_150_a300_c80_0027,0.0000,0.0000,,,81,1,0.1687,0.3099,B20,8.000,17.088,12,150
10,150,a300,atc,0.5,c10_storm_150_a300_c80_0027,0.0000,0.0000,0.0000,0.0000,73,1,0.1687,0.3099,B20,8.000,17.088,12,150
10,150,a300,edd,0.5,c10_storm_150_a300_c80_0027,0.0000,0.0000,,,73,1,0.1687,0.3099,B20,8.000,17.088,12,150
10,150,a300,atc,1.0,c10_storm_150_a300_c80_0027,0.0000,0.0000,0.0000,0.0000,37,1,0.1687,0.3099,B20,8.000,17.088,12,150
10,150,a300,edd,1.0,c10_storm_150_a300_c80_0027,0.0000,0.0000,,,37,1,0.1687,0.3099,B20,8.000,17.088,12,150
10,150,a300,atc,0.25,c10_storm_150_a300_c80_0028,0.0000,0.0000,0.0000,0.0000,96,1,0.2810,0.3805,D40,8.000,85.366,18,150
10,150,a300,edd,0.25,c10_storm_150_a300_c80_0028,0.0000,0.0000,,,96,1,0.2810,0.3805,D40,8.000,85.366,18,150
10,150,a300,atc,0.5,c10_storm_150_a300_c80_0028,0.0000,0.0000,0.0000,0.0000,88,1,0.2810,0.3805,D40,8.000,85.366,18,150
10,150,a300,edd,0.5,c10_storm_150_a300_c80_0028,0.0000,0.0000,,,88,1,0.2810,0.3805,D40,8.000,85.366,18,150
10,150,a300,atc,1.0,c10_storm_150_a300_c80_0028,0.0000,0.0000,0.0000,0.0000,38,1,0.2810,0.3805,D40,8.000,85.366,18,150
10,150,a300,edd,1.0,c10_storm_150_a300_c80_0028,0.0000,0.0000,,,38,1,0.2810,0.3805,D40,8.000,85.366,18,150
10,150,a300,atc,0.25,c10_storm_150_a300_c80_0029,3.1160,3.1160,0.0000,0.0000,87,1,0.1974,0.3609,C30,8.000,31.513,13,150
10,150,a300,edd,0.25,c10_storm_150_a300_c80_0029,3.1160,3.1160,,,87,1,0.1974,0.3609,C30,8.000,31.513,13,150
10,150,a300,atc,0.5,c10_storm_150_a300_c80_0029,3.1160,3.1160,0.0000,0.0000,82,1,0.1974,0.3609,C30,8.000,31.513,13,150
10,150,a300,edd,0.5,c10_storm_150_a300_c80_0029,3.1160,3.1160,,,82,1,0.1974,0.3609,C30,8.000,31.513,13,150
10,150,a300,atc,1.0,c10_storm_150_a300_c80_0029,3.1160,3.1160,0.0000,0.0000,48,1,0.1974,0.3609,C30,8.000,31.513,13,150
10,150,a300,edd,1.0,c10_storm_150_a300_c80_0029,3.1160,3.1160,,,48,1,0.1974,0.3609,C30,8.000,31.513,13,150
10,400,a125,atc,0.25,c10_storm_400_a125_c80_0000,104.3544,104.3544,0.0000,0.0000,244,1,0.0867,0.1740,E10,48.884,131.378,8,400
10,400,a125,edd,0.25,c10_storm_400_a125_c80_0000,104.3544,104.3544,,,244,1,0.0867,0.1740,E10,48.884,131.378,8,400
10,400,a125,atc,0.5,c10_storm_400_a125_c80_0000,104.3544,104.3544,0.0000,0.0000,234,1,0.0867,0.1740,E10,48.884,131.378,8,400
10,400,a125,edd,0.5,c10_storm_400_a125_c80_0000,104.3544,104.3544,,,234,1,0.0867,0.1740,E10,48.884,131.378,8,400
10,400,a125,atc,1.0,c10_storm_400_a125_c80_0000,104.3544,104.3544,0.0000,0.0000,218,1,0.0867,0.1740,E10,48.884,131.378,8,400
10,400,a125,edd,1.0,c10_storm_400_a125_c80_0000,104.3544,104.3544,,,218,1,0.0867,0.1740,E10,48.884,131.378,8,400
10,400,a125,atc,0.25,c10_storm_400_a125_c80_0001,83.9152,83.9152,0.0000,0.0000,241,1,0.0913,0.3044,E20,50.667,74.310,16,400
10,400,a125,edd,0.25,c10_storm_400_a125_c80_0001,83.9152,83.9152,,,241,1,0.0913,0.3044,E20,50.667,74.310,16,400
10,400,a125,atc,0.5,c10_storm_400_a125_c80_0001,83.9152,83.9152,0.0000,0.0000,249,1,0.0913,0.3044,E20,50.667,74.310,16,400
10,400,a125,edd,0.5,c10_storm_400_a125_c80_0001,83.9152,83.9152,,,249,1,0.0913,0.3044,E20,50.667,74.310,16,400
10,400,a125,atc,1.0,c10_storm_400_a125_c80_0001,83.9152,83.9152,0.0000,0.0000,231,1,0.0913,0.3044,E20,50.667,74.310,16,400
10,400,a125,edd,1.0,c10_storm_400_a125_c80_0001,83.9152,83.9152,,,231,1,0.0913,0.3044,E20,50.667,74.310,16,400
10,400,a125,atc,0.25,c10_storm_400_a125_c80_0002,0.0000,0.0000,0.0000,0.0000,242,1,0.0737,0.1353,D20,48.766,53.755,11,400
10,400,a125,edd,0.25,c10_storm_400_a125_c80_0002,0.0000,0.0000,,,242,1,0.0737,0.1353,D20,48.766,53.755,11,400
10,400,a125,atc,0.5,c10_storm_400_a125_c80_0002,0.0000,0.0000,0.0000,0.0000,228,1,0.0737,0.1353,D20,48.766,53.755,11,400
10,400,a125,edd,0.5,c10_storm_400_a125_c80_0002,0.0000,0.0000,,,228,1,0.0737,0.1353,D20,48.766,53.755,11,400
10,400,a125,atc,1.0,c10_storm_400_a125_c80_0002,40.1976,40.1976,0.0000,0.0000,219,1,0.0737,0.1353,D20,48.766,53.755,11,400
10,400,a125,edd,1.0,c10_storm_400_a125_c80_0002,40.1976,40.1976,,,219,1,0.0737,0.1353,D20,48.766,53.755,11,400
10,400,a125,atc,0.25,c10_storm_400_a125_c80_0003,15.9784,15.9784,0.0000,0.0000,266,1,0.0962,0.2581,C10,44.200,53.883,16,400
10,400,a125,edd,0.25,c10_storm_400_a125_c80_0003,15.9784,15.9784,,,266,1,0.0962,0.2581,C10,44.200,53.883,16,400
10,400,a125,atc,0.5,c10_storm_400_a125_c80_0003,15.9784,15.9784,0.0000,0.0000,265,1,0.0962,0.2581,C10,44.200,53.883,16,400
10,400,a125,edd,0.5,c10_storm_400_a125_c80_0003,15.9784,15.9784,,,265,1,0.0962,0.2581,C10,44.200,53.883,16,400
10,400,a125,atc,1.0,c10_storm_400_a125_c80_0003,72.6944,72.6944,0.0000,0.0000,222,1,0.0962,0.2581,C10,44.200,53.883,16,400
10,400,a125,edd,1.0,c10_storm_400_a125_c80_0003,72.6944,72.6944,,,222,1,0.0962,0.2581,C10,44.200,53.883,16,400
10,400,a125,atc,0.25,c10_storm_400_a125_c80_0004,117.4000,117.4000,0.0000,0.0000,240,1,0.0876,0.1352,D30,48.841,67.201,5,400
10,400,a125,edd,0.25,c10_storm_400_a125_c80_0004,117.4000,117.4000,,,240,1,0.0876,0.1352,D30,48.841,67.201,5,400
10,400,a125,atc,0.5,c10_storm_400_a125_c80_0004,122.2464,122.2464,0.0000,0.0000,237,1,0.0876,0.1352,D30,48.841,67.201,5,400
10,400,a125,edd,0.5,c10_storm_400_a125_c80_0004,122.2464,122.2464,,,237,1,0.0876,0.1352,D30,48.841,67.201,5,400
10,400,a125,atc,1.0,c10_storm_400_a125_c80_0004,20.6848,20.6848,0.0000,0.0000,204,1,0.0876,0.1352,D30,48.841,67.201,5,400
10,400,a125,edd,1.0,c10_storm_400_a125_c80_0004,20.6848,20.6848,,,204,1,0.0876,0.1352,D30,48.841,67.201,5,400
10,400,a125,atc,0.25,c10_storm_400_a125_c80_0005,58.8744,58.8744,0.0000,0.0000,247,1,0.0864,0.1789,E20,45.971,73.987,11,400
10,400,a125,edd,0.25,c10_storm_400_a125_c80_0005,58.8744,58.8744,,,247,1,0.0864,0.1789,E20,45.971,73.987,11,400
10,400,a125,atc,0.5,c10_storm_400_a125_c80_0005,58.8744,58.8744,0.0000,0.0000,251,1,0.0864,0.1789,E20,45.971,73.987,11,400
10,400,a125,edd,0.5,c10_storm_400_a125_c80_0005,58.8744,58.8744,,,251,1,0.0864,0.1789,E20,45.971,73.987,11,400
10,400,a125,atc,1.0,c10_storm_400_a125_c80_0005,58.8744,58.8744,0.0000,0.0000,226,1,0.0864,0.1789,E20,45.971,73.987,11,400
10,400,a125,edd,1.0,c10_storm_400_a125_c80_0005,58.8744,58.8744,,,226,1,0.0864,0.1789,E20,45.971,73.987,11,400
10,400,a125,atc,0.25,c10_storm_400_a125_c80_0006,0.0000,0.0000,0.0000,0.0000,251,1,0.0705,0.1231,D30,49.037,56.310,10,400
10,400,a125,edd,0.25,c10_storm_400_a125_c80_0006,0.0000,0.0000,,,251,1,0.0705,0.1231,D30,49.037,56.310,10,400
10,400,a125,atc,0.5,c10_storm_400_a125_c80_0006,0.0000,0.0000,0.0000,0.0000,258,1,0.0705,0.1231,D30,49.037,56.310,10,400
10,400,a125,edd,0.5,c10_storm_400_a125_c80_0006,0.0000,0.0000,,,258,1,0.0705,0.1231,D30,49.037,56.310,10,400
10,400,a125,atc,1.0,c10_storm_400_a125_c80_0006,0.0000,0.0000,0.0000,0.0000,221,1,0.0705,0.1231,D30,49.037,56.310,10,400
10,400,a125,edd,1.0,c10_storm_400_a125_c80_0006,0.0000,0.0000,,,221,1,0.0705,0.1231,D30,49.037,56.310,10,400
10,400,a125,atc,0.25,c10_storm_400_a125_c80_0007,181.8068,181.8068,128.0408,128.0408,238,1,0.1001,0.1907,D30,49.468,89.707,15,400
10,400,a125,edd,0.25,c10_storm_400_a125_c80_0007,181.8068,181.8068,,,238,1,0.1001,0.1907,D30,49.468,89.707,15,400
10,400,a125,atc,0.5,c10_storm_400_a125_c80_0007,178.9940,178.9940,128.0408,128.0408,248,1,0.1001,0.1907,D30,49.468,89.707,15,400
10,400,a125,edd,0.5,c10_storm_400_a125_c80_0007,178.9940,178.9940,,,248,1,0.1001,0.1907,D30,49.468,89.707,15,400
10,400,a125,atc,1.0,c10_storm_400_a125_c80_0007,256.0816,256.0816,256.0816,256.0816,218,1,0.1001,0.1907,D30,49.468,89.707,15,400
10,400,a125,edd,1.0,c10_storm_400_a125_c80_0007,256.0816,256.0816,,,218,1,0.1001,0.1907,D30,49.468,89.707,15,400
10,400,a125,atc,0.25,c10_storm_400_a125_c80_0008,174.7496,174.7496,174.7496,174.7496,246,1,0.0660,0.1593,C10,51.016,55.068,9,400
10,400,a125,edd,0.25,c10_storm_400_a125_c80_0008,174.7496,174.7496,,,246,1,0.0660,0.1593,C10,51.016,55.068,9,400
10,400,a125,atc,0.5,c10_storm_400_a125_c80_0008,174.7496,174.7496,174.7496,174.7496,250,1,0.0660,0.1593,C10,51.016,55.068,9,400
10,400,a125,edd,0.5,c10_storm_400_a125_c80_0008,174.7496,174.7496,,,250,1,0.0660,0.1593,C10,51.016,55.068,9,400
10,400,a125,atc,1.0,c10_storm_400_a125_c80_0008,174.7496,174.7496,174.7496,174.7496,223,1,0.0660,0.1593,C10,51.016,55.068,9,400
10,400,a125,edd,1.0,c10_storm_400_a125_c80_0008,174.7496,174.7496,,,223,1,0.0660,0.1593,C10,51.016,55.068,9,400
10,400,a125,atc,0.25,c10_storm_400_a125_c80_0009,0.5840,0.5840,56.4890,56.4890,235,1,0.0854,0.2622,C10,52.141,62.591,9,400
10,400,a125,edd,0.25,c10_storm_400_a125_c80_0009,0.5840,0.5840,,,235,1,0.0854,0.2622,C10,52.141,62.591,9,400
10,400,a125,atc,0.5,c10_storm_400_a125_c80_0009,60.6784,60.6784,112.9780,112.9780,234,1,0.0854,0.2622,C10,52.141,62.591,9,400
10,400,a125,edd,0.5,c10_storm_400_a125_c80_0009,60.6784,60.6784,,,234,1,0.0854,0.2622,C10,52.141,62.591,9,400
10,400,a125,atc,1.0,c10_storm_400_a125_c80_0009,166.4456,166.4456,165.8616,165.8616,214,1,0.0854,0.2622,C10,52.141,62.591,9,400
10,400,a125,edd,1.0,c10_storm_400_a125_c80_0009,166.4456,166.4456,,,214,1,0.0854,0.2622,C10,52.141,62.591,9,400
10,400,a125,atc,0.25,c10_storm_400_a125_c80_0010,0.0000,0.0000,0.0000,0.0000,248,1,0.0883,0.1321,D50,52.487,108.303,15,400
10,400,a125,edd,0.25,c10_storm_400_a125_c80_0010,0.0000,0.0000,,,248,1,0.0883,0.1321,D50,52.487,108.303,15,400
10,400,a125,atc,0.5,c10_storm_400_a125_c80_0010,0.0000,0.0000,0.0000,0.0000,252,1,0.0883,0.1321,D50,52.487,108.303,15,400
10,400,a125,edd,0.5,c10_storm_400_a125_c80_0010,0.0000,0.0000,,,252,1,0.0883,0.1321,D50,52.487,108.303,15,400
10,400,a125,atc,1.0,c10_storm_400_a125_c80_0010,0.0000,0.0000,0.0000,0.0000,214,1,0.0883,0.1321,D50,52.487,108.303,15,400
10,400,a125,edd,1.0,c10_storm_400_a125_c80_0010,0.0000,0.0000,,,214,1,0.0883,0.1321,D50,52.487,108.303,15,400
10,400,a125,atc,0.25,c10_storm_400_a125_c80_0011,61.2456,61.2456,0.0000,0.0000,246,1,0.0872,0.1655,D20,48.509,58.000,14,400
10,400,a125,edd,0.25,c10_storm_400_a125_c80_0011,61.2456,61.2456,,,246,1,0.0872,0.1655,D20,48.509,58.000,14,400
10,400,a125,atc,0.5,c10_storm_400_a125_c80_0011,61.2456,61.2456,0.0000,0.0000,246,1,0.0872,0.1655,D20,48.509,58.000,14,400
10,400,a125,edd,0.5,c10_storm_400_a125_c80_0011,61.2456,61.2456,,,246,1,0.0872,0.1655,D20,48.509,58.000,14,400
10,400,a125,atc,1.0,c10_storm_400_a125_c80_0011,25.0920,25.0920,0.0000,0.0000,214,1,0.0872,0.1655,D20,48.509,58.000,14,400
10,400,a125,edd,1.0,c10_storm_400_a125_c80_0011,25.0920,25.0920,,,214,1,0.0872,0.1655,D20,48.509,58.000,14,400
10,400,a125,atc,0.25,c10_storm_400_a125_c80_0012,0.0000,0.0000,0.0000,0.0000,262,1,0.0768,0.1763,D20,48.271,63.359,17,400
10,400,a125,edd,0.25,c10_storm_400_a125_c80_0012,0.0000,0.0000,,,262,1,0.0768,0.1763,D20,48.271,63.359,17,400
10,400,a125,atc,0.5,c10_storm_400_a125_c80_0012,0.0000,0.0000,0.0000,0.0000,257,1,0.0768,0.1763,D20,48.271,63.359,17,400
10,400,a125,edd,0.5,c10_storm_400_a125_c80_0012,0.0000,0.0000,,,257,1,0.0768,0.1763,D20,48.271,63.359,17,400
10,400,a125,atc,1.0,c10_storm_400_a125_c80_0012,66.0776,66.0776,0.0000,0.0000,223,1,0.0768,0.1763,D20,48.271,63.359,17,400
10,400,a125,edd,1.0,c10_storm_400_a125_c80_0012,66.0776,66.0776,,,223,1,0.0768,0.1763,D20,48.271,63.359,17,400
10,400,a125,atc,0.25,c10_storm_400_a125_c80_0013,0.0000,0.0000,0.0000,0.0000,254,1,0.0850,0.1376,C10,48.568,100.558,10,400
10,400,a125,edd,0.25,c10_storm_400_a125_c80_0013,0.0000,0.0000,,,254,1,0.0850,0.1376,C10,48.568,100.558,10,400
10,400,a125,atc,0.5,c10_storm_400_a125_c80_0013,0.0000,0.0000,0.0000,0.0000,257,1,0.0850,0.1376,C10,48.568,100.558,10,400
10,400,a125,edd,0.5,c10_storm_400_a125_c80_0013,0.0000,0.0000,,,257,1,0.0850,0.1376,C10,48.568,100.558,10,400
10,400,a125,atc,1.0,c10_storm_400_a125_c80_0013,153.6224,153.6224,0.0000,0.0000,224,1,0.0850,0.1376,C10,48.568,100.558,10,400
10,400,a125,edd,1.0,c10_storm_400_a125_c80_0013,153.6224,153.6224,,,224,1,0.0850,0.1376,C10,48.568,100.558,10,400
10,400,a125,atc,0.25,c10_storm_400_a125_c80_0014,0.0000,0.0000,0.0000,0.0000,260,1,0.0859,0.1451,D20,48.060,101.604,7,400
10,400,a125,edd,0.25,c10_storm_400_a125_c80_0014,0.0000,0.0000,,,260,1,0.0859,0.1451,D20,48.060,101.604,7,400
10,400,a125,atc,0.5,c10_storm_400_a125_c80_0014,0.0000,0.0000,0.0000,0.0000,255,1,0.0859,0.1451,D20,48.060,101.604,7,400
10,400,a125,edd,0.5,c10_storm_400_a125_c80_0014,0.0000,0.0000,,,255,1,0.0859,0.1451,D20,48.060,101.604,7,400
10,400,a125,atc,1.0,c10_storm_400_a125_c80_0014,0.0000,0.0000,0.0000,0.0000,223,1,0.0859,0.1451,D20,48.060,101.604,7,400
10,400,a125,edd,1.0,c10_storm_400_a125_c80_0014,0.0000,0.0000,,,223,1,0.0859,0.1451,D20,48.060,101.604,7,400
10,400,a125,atc,0.25,c10_storm_400_a125_c80_0015,142.4688,142.4688,0.0000,0.0000,242,1,0.0996,0.1646,D20,49.042,77.618,12,400
10,400,a125,edd,0.25,c10_storm_400_a125_c80_0015,142.4688,142.4688,,,242,1,0.0996,0.1646,D20,49.042,77.618,12,400
10,400,a125,atc,0.5,c10_storm_400_a125_c80_0015,0.0000,0.0000,0.0000,0.0000,246,1,0.0996,0.1646,D20,49.042,77.618,12,400
10,400,a125,edd,0.5,c10_storm_400_a125_c80_0015,0.0000,0.0000,,,246,1,0.0996,0.1646,D20,49.042,77.618,12,400
10,400,a125,atc,1.0,c10_storm_400_a125_c80_0015,0.0000,0.0000,0.0000,0.0000,215,1,0.0996,0.1646,D20,49.042,77.618,12,400
10,400,a125,edd,1.0,c10_storm_400_a125_c80_0015,0.0000,0.0000,,,215,1,0.0996,0.1646,D20,49.042,77.618,12,400
10,400,a125,atc,0.25,c10_storm_400_a125_c80_0016,88.7092,88.7092,131.1206,131.1206,248,1,0.1069,0.1612,C10,46.486,90.293,12,400
10,400,a125,edd,0.25,c10_storm_400_a125_c80_0016,88.7092,88.7092,,,248,1,0.1069,0.1612,C10,46.486,90.293,12,400
10,400,a125,atc,0.5,c10_storm_400_a125_c80_0016,88.7092,88.7092,131.1206,131.1206,257,1,0.1069,0.1612,C10,46.486,90.293,12,400
10,400,a125,edd,0.5,c10_storm_400_a125_c80_0016,88.7092,88.7092,,,257,1,0.1069,0.1612,C10,46.486,90.293,12,400
10,400,a125,atc,1.0,c10_storm_400_a125_c80_0016,88.7092,88.7092,131.1206,131.1206,228,1,0.1069,0.1612,C10,46.486,90.293,12,400
10,400,a125,edd,1.0,c10_storm_400_a125_c80_0016,88.7092,88.7092,,,228,1,0.1069,0.1612,C10,46.486,90.293,12,400
10,400,a125,atc,0.25,c10_storm_400_a125_c80_0017,142.1416,142.1416,142.1416,142.1416,247,1,0.0817,0.1568,D20,50.837,97.201,9,400
10,400,a125,edd,0.25,c10_storm_400_a125_c80_0017,142.1416,142.1416,,,247,1,0.0817,0.1568,D20,50.837,97.201,9,400
10,400,a125,atc,0.5,c10_storm_400_a125_c80_0017,438.9348,438.9348,284.2832,284.2832,251,1,0.0817,0.1568,D20,50.837,97.201,9,400
10,400,a125,edd,0.5,c10_storm_400_a125_c80_0017,438.9348,438.9348,,,251,1,0.0817,0.1568,D20,50.837,97.201,9,400
10,400,a125,atc,1.0,c10_storm_400_a125_c80_0017,438.9348,438.9348,284.2832,284.2832,249,1,0.0817,0.1568,D20,50.837,97.201,9,400
10,400,a125,edd,1.0,c10_storm_400_a125_c80_0017,438.9348,438.9348,,,249,1,0.0817,0.1568,D20,50.837,97.201,9,400
10,400,a125,atc,0.25,c10_storm_400_a125_c80_0018,51.4024,51.4024,51.4024,51.4024,244,1,0.0699,0.1052,D50,53.583,55.320,9,400
10,400,a125,edd,0.25,c10_storm_400_a125_c80_0018,51.4024,51.4024,,,244,1,0.0699,0.1052,D50,53.583,55.320,9,400
10,400,a125,atc,0.5,c10_storm_400_a125_c80_0018,51.4024,51.4024,51.4024,51.4024,245,1,0.0699,0.1052,D50,53.583,55.320,9,400
10,400,a125,edd,0.5,c10_storm_400_a125_c80_0018,51.4024,51.4024,,,245,1,0.0699,0.1052,D50,53.583,55.320,9,400
10,400,a125,atc,1.0,c10_storm_400_a125_c80_0018,51.4024,51.4024,51.4024,51.4024,226,1,0.0699,0.1052,D50,53.583,55.320,9,400
10,400,a125,edd,1.0,c10_storm_400_a125_c80_0018,51.4024,51.4024,,,226,1,0.0699,0.1052,D50,53.583,55.320,9,400
10,400,a125,atc,0.25,c10_storm_400_a125_c80_0019,0.0000,0.0000,0.0000,0.0000,246,1,0.0918,0.1256,D30,50.947,91.226,13,400
10,400,a125,edd,0.25,c10_storm_400_a125_c80_0019,0.0000,0.0000,,,246,1,0.0918,0.1256,D30,50.947,91.226,13,400
10,400,a125,atc,0.5,c10_storm_400_a125_c80_0019,33.0008,33.0008,0.0000,0.0000,252,1,0.0918,0.1256,D30,50.947,91.226,13,400
10,400,a125,edd,0.5,c10_storm_400_a125_c80_0019,33.0008,33.0008,,,252,1,0.0918,0.1256,D30,50.947,91.226,13,400
10,400,a125,atc,1.0,c10_storm_400_a125_c80_0019,155.7388,155.7388,0.0000,0.0000,227,1,0.0918,0.1256,D30,50.947,91.226,13,400
10,400,a125,edd,1.0,c10_storm_400_a125_c80_0019,155.7388,155.7388,,,227,1,0.0918,0.1256,D30,50.947,91.226,13,400
10,400,a125,atc,0.25,c10_storm_400_a125_c80_0020,74.7632,74.7632,0.0000,0.0000,242,1,0.1021,0.3227,C10,42.546,54.879,14,400
10,400,a125,edd,0.25,c10_storm_400_a125_c80_0020,74.7632,74.7632,,,242,1,0.1021,0.3227,C10,42.546,54.879,14,400
10,400,a125,atc,0.5,c10_storm_400_a125_c80_0020,74.7632,74.7632,0.0000,0.0000,232,1,0.1021,0.3227,C10,42.546,54.879,14,400
10,400,a125,edd,0.5,c10_storm_400_a125_c80_0020,74.7632,74.7632,,,232,1,0.1021,0.3227,C10,42.546,54.879,14,400
10,400,a125,atc,1.0,c10_storm_400_a125_c80_0020,74.7632,74.7632,0.0000,0.0000,216,1,0.1021,0.3227,C10,42.546,54.879,14,400
10,400,a125,edd,1.0,c10_storm_400_a125_c80_0020,74.7632,74.7632,,,216,1,0.1021,0.3227,C10,42.546,54.879,14,400
10,400,a125,atc,0.25,c10_storm_400_a125_c80_0021,128.0864,128.0864,0.0000,0.0000,244,1,0.0915,0.2616,B30,48.285,74.427,19,400
10,400,a125,edd,0.25,c10_storm_400_a125_c80_0021,128.0864,128.0864,,,244,1,0.0915,0.2616,B30,48.285,74.427,19,400
10,400,a125,atc,0.5,c10_storm_400_a125_c80_0021,0.0000,0.0000,0.0000,0.0000,248,1,0.0915,0.2616,B30,48.285,74.427,19,400
10,400,a125,edd,0.5,c10_storm_400_a125_c80_0021,0.0000,0.0000,,,248,1,0.0915,0.2616,B30,48.285,74.427,19,400
10,400,a125,atc,1.0,c10_storm_400_a125_c80_0021,0.0000,0.0000,0.0000,0.0000,210,1,0.0915,0.2616,B30,48.285,74.427,19,400
10,400,a125,edd,1.0,c10_storm_400_a125_c80_0021,0.0000,0.0000,,,210,1,0.0915,0.2616,B30,48.285,74.427,19,400
10,400,a125,atc,0.25,c10_storm_400_a125_c80_0022,0.0000,0.0000,0.0000,0.0000,242,1,0.1074,0.2039,C10,45.126,73.858,14,400
10,400,a125,edd,0.25,c10_storm_400_a125_c80_0022,0.0000,0.0000,,,242,1,0.1074,0.2039,C10,45.126,73.858,14,400
10,400,a125,atc,0.5,c10_storm_400_a125_c80_0022,93.6712,93.6712,0.0000,0.0000,246,1,0.1074,0.2039,C10,45.126,73.858,14,400
10,400,a125,edd,0.5,c10_storm_400_a125_c80_0022,93.6712,93.6712,,,246,1,0.1074,0.2039,C10,45.126,73.858,14,400
10,400,a125,atc,1.0,c10_storm_400_a125_c80_0022,93.6712,93.6712,0.0000,0.0000,235,1,0.1074,0.2039,C10,45.126,73.858,14,400
10,400,a125,edd,1.0,c10_storm_400_a125_c80_0022,93.6712,93.6712,,,235,1,0.1074,0.2039,C10,45.126,73.858,14,400
10,400,a125,atc,0.25,c10_storm_400_a125_c80_0023,172.1028,172.1028,78.7024,78.7024,243,1,0.1034,0.2046,C30,46.807,80.423,13,400
10,400,a125,edd,0.25,c10_storm_400_a125_c80_0023,172.1028,172.1028,,,243,1,0.1034,0.2046,C30,46.807,80.423,13,400
10,400,a125,atc,0.5,c10_storm_400_a125_c80_0023,107.3904,107.3904,78.7024,78.7024,245,1,0.1034,0.2046,C30,46.807,80.423,13,400
10,400,a125,edd,0.5,c10_storm_400_a125_c80_0023,107.3904,107.3904,,,245,1,0.1034,0.2046,C30,46.807,80.423,13,400
10,400,a125,atc,1.0,c10_storm_400_a125_c80_0023,110.8336,110.8336,78.7024,78.7024,224,1,0.1034,0.2046,C30,46.807,80.423,13,400
10,400,a125,edd,1.0,c10_storm_400_a125_c80_0023,110.8336,110.8336,,,224,1,0.1034,0.2046,C30,46.807,80.423,13,400
10,400,a125,atc,0.25,c10_storm_400_a125_c80_0024,128.3768,128.3768,128.3768,128.3768,252,1,0.0896,0.1410,E10,50.535,75.986,16,400
10,400,a125,edd,0.25,c10_storm_400_a125_c80_0024,128.3768,128.3768,,,252,1,0.0896,0.1410,E10,50.535,75.986,16,400
10,400,a125,atc,0.5,c10_storm_400_a125_c80_0024,128.3768,128.3768,128.3768,128.3768,248,1,0.0896,0.1410,E10,50.535,75.986,16,400
10,400,a125,edd,0.5,c10_storm_400_a125_c80_0024,128.3768,128.3768,,,248,1,0.0896,0.1410,E10,50.535,75.986,16,400
10,400,a125,atc,1.0,c10_storm_400_a125_c80_0024,196.6136,196.6136,128.3768,128.3768,231,1,0.0896,0.1410,E10,50.535,75.986,16,400
10,400,a125,edd,1.0,c10_storm_400_a125_c80_0024,196.6136,196.6136,,,231,1,0.0896,0.1410,E10,50.535,75.986,16,400
10,400,a125,atc,0.25,c10_storm_400_a125_c80_0025,0.0000,0.0000,0.0000,0.0000,244,1,0.0924,0.1578,C10,50.798,140.829,11,400
10,400,a125,edd,0.25,c10_storm_400_a125_c80_0025,0.0000,0.0000,,,244,1,0.0924,0.1578,C10,50.798,140.829,11,400
10,400,a125,atc,0.5,c10_storm_400_a125_c80_0025,0.0000,0.0000,0.0000,0.0000,243,1,0.0924,0.1578,C10,50.798,140.829,11,400
10,400,a125,edd,0.5,c10_storm_400_a125_c80_0025,0.0000,0.0000,,,243,1,0.0924,0.1578,C10,50.798,140.829,11,400
10,400,a125,atc,1.0,c10_storm_400_a125_c80_0025,0.0000,0.0000,0.0000,0.0000,210,1,0.0924,0.1578,C10,50.798,140.829,11,400
10,400,a125,edd,1.0,c10_storm_400_a125_c80_0025,0.0000,0.0000,,,210,1,0.0924,0.1578,C10,50.798,140.829,11,400
10,400,a125,atc,0.25,c10_storm_400_a125_c80_0026,56.3108,56.3108,0.0000,0.0000,252,1,0.0845,0.1395,D20,47.338,75.998,12,400
10,400,a125,edd,0.25,c10_storm_400_a125_c80_0026,56.3108,56.3108,,,252,1,0.0845,0.1395,D20,47.338,75.998,12,400
10,400,a125,atc,0.5,c10_storm_400_a125_c80_0026,73.3076,73.3076,0.0000,0.0000,266,1,0.0845,0.1395,D20,47.338,75.998,12,400
10,400,a125,edd,0.5,c10_storm_400_a125_c80_0026,73.3076,73.3076,,,266,1,0.0845,0.1395,D20,47.338,75.998,12,400
10,400,a125,atc,1.0,c10_storm_400_a125_c80_0026,16.9968,16.9968,0.0000,0.0000,206,1,0.0845,0.1395,D20,47.338,75.998,12,400
10,400,a125,edd,1.0,c10_storm_400_a125_c80_0026,16.9968,16.9968,,,206,1,0.0845,0.1395,D20,47.338,75.998,12,400
10,400,a125,atc,0.25,c10_storm_400_a125_c80_0027,0.0000,0.0000,0.0000,0.0000,245,1,0.0811,0.1272,D30,54.355,66.457,13,400
10,400,a125,edd,0.25,c10_storm_400_a125_c80_0027,0.0000,0.0000,,,245,1,0.0811,0.1272,D30,54.355,66.457,13,400
10,400,a125,atc,0.5,c10_storm_400_a125_c80_0027,20.7816,20.7816,0.0000,0.0000,253,1,0.0811,0.1272,D30,54.355,66.457,13,400
10,400,a125,edd,0.5,c10_storm_400_a125_c80_0027,20.7816,20.7816,,,253,1,0.0811,0.1272,D30,54.355,66.457,13,400
10,400,a125,atc,1.0,c10_storm_400_a125_c80_0027,20.7816,20.7816,0.0000,0.0000,218,1,0.0811,0.1272,D30,54.355,66.457,13,400
10,400,a125,edd,1.0,c10_storm_400_a125_c80_0027,20.7816,20.7816,,,218,1,0.0811,0.1272,D30,54.355,66.457,13,400
10,400,a125,atc,0.25,c10_storm_400_a125_c80_0028,9.9096,9.9096,0.0000,0.0000,250,1,0.0780,0.1455,C30,44.135,47.439,9,400
10,400,a125,edd,0.25,c10_storm_400_a125_c80_0028,9.9096,9.9096,,,250,1,0.0780,0.1455,C30,44.135,47.439,9,400
10,400,a125,atc,0.5,c10_storm_400_a125_c80_0028,42.4912,42.4912,0.0000,0.0000,259,1,0.0780,0.1455,C30,44.135,47.439,9,400
10,400,a125,edd,0.5,c10_storm_400_a125_c80_0028,42.4912,42.4912,,,259,1,0.0780,0.1455,C30,44.135,47.439,9,400
10,400,a125,atc,1.0,c10_storm_400_a125_c80_0028,42.4912,42.4912,0.0000,0.0000,229,1,0.0780,0.1455,C30,44.135,47.439,9,400
10,400,a125,edd,1.0,c10_storm_400_a125_c80_0028,42.4912,42.4912,,,229,1,0.0780,0.1455,C30,44.135,47.439,9,400
10,400,a125,atc,0.25,c10_storm_400_a125_c80_0029,0.0000,0.0000,0.0000,0.0000,256,1,0.0859,0.1310,D50,48.444,49.604,6,400
10,400,a125,edd,0.25,c10_storm_400_a125_c80_0029,0.0000,0.0000,,,256,1,0.0859,0.1310,D50,48.444,49.604,6,400
10,400,a125,atc,0.5,c10_storm_400_a125_c80_0029,0.0000,0.0000,0.0000,0.0000,255,1,0.0859,0.1310,D50,48.444,49.604,6,400
10,400,a125,edd,0.5,c10_storm_400_a125_c80_0029,0.0000,0.0000,,,255,1,0.0859,0.1310,D50,48.444,49.604,6,400
10,400,a125,atc,1.0,c10_storm_400_a125_c80_0029,0.0000,0.0000,0.0000,0.0000,219,1,0.0859,0.1310,D50,48.444,49.604,6,400
10,400,a125,edd,1.0,c10_storm_400_a125_c80_0029,0.0000,0.0000,,,219,1,0.0859,0.1310,D50,48.444,49.604,6,400
10,400,a150,atc,0.25,c10_storm_400_a150_c80_0000,104.3544,104.3544,0.0000,0.0000,256,1,0.1041,0.2088,E10,40.737,123.462,11,400
10,400,a150,edd,0.25,c10_storm_400_a150_c80_0000,104.3544,104.3544,,,256,1,0.1041,0.2088,E10,40.737,123.462,11,400
10,400,a150,atc,0.5,c10_storm_400_a150_c80_0000,112.1222,112.1222,0.0000,0.0000,258,1,0.1041,0.2088,E10,40.737,123.462,11,400
10,400,a150,edd,0.5,c10_storm_400_a150_c80_0000,112.1222,112.1222,,,258,1,0.1041,0.2088,E10,40.737,123.462,11,400
10,400,a150,atc,1.0,c10_storm_400_a150_c80_0000,239.5356,239.5356,0.0000,0.0000,249,1,0.1041,0.2088,E10,40.737,123.462,11,400
10,400,a150,edd,1.0,c10_storm_400_a150_c80_0000,239.5356,239.5356,,,249,1,0.1041,0.2088,E10,40.737,123.462,11,400
10,400,a150,atc,0.25,c10_storm_400_a150_c80_0001,0.0000,0.0000,0.0000,0.0000,233,1,0.1096,0.3653,E20,42.222,66.417,18,400
10,400,a150,edd,0.25,c10_storm_400_a150_c80_0001,0.0000,0.0000,,,233,1,0.1096,0.3653,E20,42.222,66.417,18,400
10,400,a150,atc,0.5,c10_storm_400_a150_c80_0001,83.9152,83.9152,0.0000,0.0000,246,1,0.1096,0.3653,E20,42.222,66.417,18,400
10,400,a150,edd,0.5,c10_storm_400_a150_c80_0001,83.9152,83.9152,,,246,1,0.1096,0.3653,E20,42.222,66.417,18,400
10,400,a150,atc,1.0,c10_storm_400_a150_c80_0001,95.7212,95.7212,0.0000,0.0000,232,1,0.1096,0.3653,E20,42.222,66.417,18,400
10,400,a150,edd,1.0,c10_storm_400_a150_c80_0001,95.7212,95.7212,,,232,1,0.1096,0.3653,E20,42.222,66.417,18,400
10,400,a150,atc,0.25,c10_storm_400_a150_c80_0002,0.0000,0.0000,0.0000,0.0000,260,1,0.0884,0.1623,D20,40.639,47.093,13,400
10,400,a150,edd,0.25,c10_storm_400_a150_c80_0002,0.0000,0.0000,,,260,1,0.0884,0.1623,D20,40.639,47.093,13,400
10,400,a150,atc,0.5,c10_storm_400_a150_c80_0002,0.0000,0.0000,0.0000,0.0000,256,1,0.0884,0.1623,D20,40.639,47.093,13,400
10,400,a150,edd,0.5,c10_storm_400_a150_c80_0002,0.0000,0.0000,,,256,1,0.0884,0.1623,D20,40.639,47.093,13,400
10,400,a150,atc,1.0,c10_storm_400_a150_c80_0002,40.1976,40.1976,0.0000,0.0000,242,1,0.0884,0.1623,D20,40.639,47.093,13,400
10,400,a150,edd,1.0,c10_storm_400_a150_c80_0002,40.1976,40.1976,,,242,1,0.0884,0.1623,D20,40.639,47.093,13,400
10,400,a150,atc,0.25,c10_storm_400_a150_c80_0003,0.0000,0.0000,0.0000,0.0000,243,1,0.1154,0.3098,C10,36.833,47.868,16,400
10,400,a150,edd,0.25,c10_storm_400_a150_c80_0003,0.0000,0.0000,,,243,1,0.1154,0.3098,C10,36.833,47.868,16,400
10,400,a150,atc,0.5,c10_storm_400_a150_c80_0003,72.6944,72.6944,0.0000,0.0000,236,1,0.1154,0.3098,C10,36.833,47.868,16,400
10,400,a150,edd,0.5,c10_storm_400_a150_c80_0003,72.6944,72.6944,,,236,1,0.1154,0.3098,C10,36.833,47.868,16,400
10,400,a150,atc,1.0,c10_storm_400_a150_c80_0003,72.6944,72.6944,0.0000,0.0000,230,1,0.1154,0.3098,C10,36.833,47.868,16,400
10,400,a150,edd,1.0,c10_storm_400_a150_c80_0003,72.6944,72.6944,,,230,1,0.1154,0.3098,C10,36.833,47.868,16,400
10,400,a150,atc,0.25,c10_storm_400_a150_c80_0004,0.0000,0.0000,0.0000,0.0000,241,1,0.1051,0.1623,D30,40.701,60.661,8,400
10,400,a150,edd,0.25,c10_storm_400_a150_c80_0004,0.0000,0.0000,,,241,1,0.1051,0.1623,D30,40.701,60.661,8,400
10,400,a150,atc,0.5,c10_storm_400_a150_c80_0004,101.5616,101.5616,0.0000,0.0000,250,1,0.1051,0.1623,D30,40.701,60.661,8,400
10,400,a150,edd,0.5,c10_storm_400_a150_c80_0004,101.5616,101.5616,,,250,1,0.1051,0.1623,D30,40.701,60.661,8,400
10,400,a150,atc,1.0,c10_storm_400_a150_c80_0004,117.4000,117.4000,0.0000,0.0000,228,1,0.1051,0.1623,D30,40.701,60.661,8,400
10,400,a150,edd,1.0,c10_storm_400_a150_c80_0004,117.4000,117.4000,,,228,1,0.1051,0.1623,D30,40.701,60.661,8,400
10,400,a150,atc,0.25,c10_storm_400_a150_c80_0005,58.8744,58.8744,0.0000,0.0000,262,1,0.1037,0.2147,E20,38.309,69.710,12,400
10,400,a150,edd,0.25,c10_storm_400_a150_c80_0005,58.8744,58.8744,,,262,1,0.1037,0.2147,E20,38.309,69.710,12,400
10,400,a150,atc,0.5,c10_storm_400_a150_c80_0005,58.8744,58.8744,0.0000,0.0000,259,1,0.1037,0.2147,E20,38.309,69.710,12,400
10,400,a150,edd,0.5,c10_storm_400_a150_c80_0005,58.8744,58.8744,,,259,1,0.1037,0.2147,E20,38.309,69.710,12,400
10,400,a150,atc,1.0,c10_storm_400_a150_c80_0005,58.8744,58.8744,0.0000,0.0000,240,1,0.1037,0.2147,E20,38.309,69.710,12,400
10,400,a150,edd,1.0,c10_storm_400_a150_c80_0005,58.8744,58.8744,,,240,1,0.1037,0.2147,E20,38.309,69.710,12,400
10,400,a150,atc,0.25,c10_storm_400_a150_c80_0006,0.0000,0.0000,0.0000,0.0000,240,1,0.0846,0.1477,D30,40.864,50.485,10,400
10,400,a150,edd,0.25,c10_storm_400_a150_c80_0006,0.0000,0.0000,,,240,1,0.0846,0.1477,D30,40.864,50.485,10,400
10,400,a150,atc,0.5,c10_storm_400_a150_c80_0006,0.0000,0.0000,0.0000,0.0000,247,1,0.0846,0.1477,D30,40.864,50.485,10,400
10,400,a150,edd,0.5,c10_storm_400_a150_c80_0006,0.0000,0.0000,,,247,1,0.0846,0.1477,D30,40.864,50.485,10,400
10,400,a150,atc,1.0,c10_storm_400_a150_c80_0006,0.0000,0.0000,0.0000,0.0000,224,1,0.0846,0.1477,D30,40.864,50.485,10,400
10,400,a150,edd,1.0,c10_storm_400_a150_c80_0006,0.0000,0.0000,,,224,1,0.0846,0.1477,D30,40.864,50.485,10,400
10,400,a150,atc,0.25,c10_storm_400_a150_c80_0007,258.8944,258.8944,256.0816,256.0816,259,1,0.1202,0.2289,D30,41.224,83.467,18,400
10,400,a150,edd,0.25,c10_storm_400_a150_c80_0007,258.8944,258.8944,,,259,1,0.1202,0.2289,D30,41.224,83.467,18,400
10,400,a150,atc,0.5,c10_storm_400_a150_c80_0007,258.8944,258.8944,256.0816,256.0816,244,1,0.1202,0.2289,D30,41.224,83.467,18,400
10,400,a150,edd,0.5,c10_storm_400_a150_c80_0007,258.8944,258.8944,,,244,1,0.1202,0.2289,D30,41.224,83.467,18,400
10,400,a150,atc,1.0,c10_storm_400_a150_c80_0007,256.0816,256.0816,256.0816,256.0816,228,1,0.1202,0.2289,D30,41.224,83.467,18,400
10,400,a150,edd,1.0,c10_storm_400_a150_c80_0007,256.0816,256.0816,,,228,1,0.1202,0.2289,D30,41.224,83.467,18,400
10,400,a150,atc,0.25,c10_storm_400_a150_c80_0008,174.7496,174.7496,174.7496,174.7496,253,1,0.0792,0.1911,C10,42.513,50.864,10,400
10,400,a150,edd,0.25,c10_storm_400_a150_c80_0008,174.7496,174.7496,,,253,1,0.0792,0.1911,C10,42.513,50.864,10,400
10,400,a150,atc,0.5,c10_storm_400_a150_c80_0008,174.7496,174.7496,174.7496,174.7496,253,1,0.0792,0.1911,C10,42.513,50.864,10,400
10,400,a150,edd,0.5,c10_storm_400_a150_c80_0008,174.7496,174.7496,,,253,1,0.0792,0.1911,C10,42.513,50.864,10,400
10,400,a150,atc,1.0,c10_storm_400_a150_c80_0008,174.7496,174.7496,174.7496,174.7496,230,1,0.0792,0.1911,C10,42.513,50.864,10,400
10,400,a150,edd,1.0,c10_storm_400_a150_c80_0008,174.7496,174.7496,,,230,1,0.0792,0.1911,C10,42.513,50.864,10,400
10,400,a150,atc,0.25,c10_storm_400_a150_c80_0009,166.4456,166.4456,165.8616,165.8616,256,1,0.1024,0.3146,C10,43.451,54.484,12,400
10,400,a150,edd,0.25,c10_storm_400_a150_c80_0009,166.4456,166.4456,,,256,1,0.1024,0.3146,C10,43.451,54.484,12,400
10,400,a150,atc,0.5,c10_storm_400_a150_c80_0009,166.4456,166.4456,165.8616,165.8616,262,1,0.1024,0.3146,C10,43.451,54.484,12,400
10,400,a150,edd,0.5,c10_storm_400_a150_c80_0009,166.4456,166.4456,,,262,1,0.1024,0.3146,C10,43.451,54.484,12,400
10,400,a150,atc,1.0,c10_storm_400_a150_c80_0009,166.4456,166.4456,165.8616,165.8616,221,1,0.1024,0.3146,C10,43.451,54.484,12,400
10,400,a150,edd,1.0,c10_storm_400_a150_c80_0009,166.4456,166.4456,,,221,1,0.1024,0.3146,C10,43.451,54.484,12,400
10,400,a150,atc,0.25,c10_storm_400_a150_c80_0010,18.1384,18.1384,0.0000,0.0000,234,1,0.1059,0.1585,D50,43.739,103.103,17,400
10,400,a150,edd,0.25,c10_storm_400_a150_c80_0010,18.1384,18.1384,,,234,1,0.1059,0.1585,D50,43.739,103.103,17,400
10,400,a150,atc,0.5,c10_storm_400_a150_c80_0010,18.1384,18.1384,0.0000,0.0000,242,1,0.1059,0.1585,D50,43.739,103.103,17,400
10,400,a150,edd,0.5,c10_storm_400_a150_c80_0010,18.1384,18.1384,,,242,1,0.1059,0.1585,D50,43.739,103.103,17,400
10,400,a150,atc,1.0,c10_storm_400_a150_c80_0010,18.1384,18.1384,0.0000,0.0000,222,1,0.1059,0.1585,D50,43.739,103.103,17,400
10,400,a150,edd,1.0,c10_storm_400_a150_c80_0010,18.1384,18.1384,,,222,1,0.1059,0.1585,D50,43.739,103.103,17,400
10,400,a150,atc,0.25,c10_storm_400_a150_c80_0011,0.0000,0.0000,0.0000,0.0000,261,1,0.1046,0.1986,D20,40.424,50.468,15,400
10,400,a150,edd,0.25,c10_storm_400_a150_c80_0011,0.0000,0.0000,,,261,1,0.1046,0.1986,D20,40.424,50.468,15,400
10,400,a150,atc,0.5,c10_storm_400_a150_c80_0011,0.0000,0.0000,0.0000,0.0000,249,1,0.1046,0.1986,D20,40.424,50.468,15,400
10,400,a150,edd,0.5,c10_storm_400_a150_c80_0011,0.0000,0.0000,,,249,1,0.1046,0.1986,D20,40.424,50.468,15,400
10,400,a150,atc,1.0,c10_storm_400_a150_c80_0011,25.0920,25.0920,0.0000,0.0000,227,1,0.1046,0.1986,D20,40.424,50.468,15,400
10,400,a150,edd,1.0,c10_storm_400_a150_c80_0011,25.0920,25.0920,,,227,1,0.1046,0.1986,D20,40.424,50.468,15,400
10,400,a150,atc,0.25,c10_storm_400_a150_c80_0012,0.0000,0.0000,0.0000,0.0000,255,1,0.0922,0.2116,D20,40.226,55.382,18,400
10,400,a150,edd,0.25,c10_storm_400_a150_c80_0012,0.0000,0.0000,,,255,1,0.0922,0.2116,D20,40.226,55.382,18,400
10,400,a150,atc,0.5,c10_storm_400_a150_c80_0012,0.0000,0.0000,0.0000,0.0000,265,1,0.0922,0.2116,D20,40.226,55.382,18,400
10,400,a150,edd,0.5,c10_storm_400_a150_c80_0012,0.0000,0.0000,,,265,1,0.0922,0.2116,D20,40.226,55.382,18,400
10,400,a150,atc,1.0,c10_storm_400_a150_c80_0012,66.0776,66.0776,0.0000,0.0000,244,1,0.0922,0.2116,D20,40.226,55.382,18,400
10,400,a150,edd,1.0,c10_storm_400_a150_c80_0012,66.0776,66.0776,,,244,1,0.0922,0.2116,D20,40.226,55.382,18,400
10,400,a150,atc,0.25,c10_storm_400_a150_c80_0013,0.0000,0.0000,0.0000,0.0000,262,1,0.1020,0.1652,C10,40.474,94.200,12,400
10,400,a150,edd,0.25,c10_storm_400_a150_c80_0013,0.0000,0.0000,,,262,1,0.1020,0.1652,C10,40.474,94.200,12,400
10,400,a150,atc,0.5,c10_storm_400_a150_c80_0013,0.0000,0.0000,0.0000,0.0000,267,1,0.1020,0.1652,C10,40.474,94.200,12,400
10,400,a150,edd,0.5,c10_storm_400_a150_c80_0013,0.0000,0.0000,,,267,1,0.1020,0.1652,C10,40.474,94.200,12,400
10,400,a150,atc,1.0,c10_storm_400_a150_c80_0013,0.0000,0.0000,0.0000,0.0000,232,1,0.1020,0.1652,C10,40.474,94.200,12,400
10,400,a150,edd,1.0,c10_storm_400_a150_c80_0013,0.0000,0.0000,,,232,1,0.1020,0.1652,C10,40.474,94.200,12,400
10,400,a150,atc,0.25,c10_storm_400_a150_c80_0014,0.0000,0.0000,0.0000,0.0000,268,1,0.1030,0.1742,D20,40.050,93.892,10,400
10,400,a150,edd,0.25,c10_storm_400_a150_c80_0014,0.0000,0.0000,,,268,1,0.1030,0.1742,D20,40.050,93.892,10,400
10,400,a150,atc,0.5,c10_storm_400_a150_c80_0014,0.0000,0.0000,0.0000,0.0000,279,1,0.1030,0.1742,D20,40.050,93.892,10,400
10,400,a150,edd,0.5,c10_storm_400_a150_c80_0014,0.0000,0.0000,,,279,1,0.1030,0.1742,D20,40.050,93.892,10,400
10,400,a150,atc,1.0,c10_storm_400_a150_c80_0014,125.3108,125.3108,0.0000,0.0000,253,1,0.1030,0.1742,D20,40.050,93.892,10,400
10,400,a150,edd,1.0,c10_storm_400_a150_c80_0014,125.3108,125.3108,,,253,1,0.1030,0.1742,D20,40.050,93.892,10,400
10,400,a150,atc,0.25,c10_storm_400_a150_c80_0015,23.1236,23.1236,0.0000,0.0000,245,1,0.1195,0.1975,D20,40.869,72.081,16,400
10,400,a150,edd,0.25,c10_storm_400_a150_c80_0015,23.1236,23.1236,,,245,1,0.1195,0.1975,D20,40.869,72.081,16,400
10,400,a150,atc,0.5,c10_storm_400_a150_c80_0015,23.1236,23.1236,0.0000,0.0000,251,1,0.1195,0.1975,D20,40.869,72.081,16,400
10,400,a150,edd,0.5,c10_storm_400_a150_c80_0015,23.1236,23.1236,,,251,1,0.1195,0.1975,D20,40.869,72.081,16,400
10,400,a150,atc,1.0,c10_storm_400_a150_c80_0015,23.1236,23.1236,0.0000,0.0000,241,1,0.1195,0.1975,D20,40.869,72.081,16,400
10,400,a150,edd,1.0,c10_storm_400_a150_c80_0015,23.1236,23.1236,,,241,1,0.1195,0.1975,D20,40.869,72.081,16,400
10,400,a150,atc,0.25,c10_storm_400_a150_c80_0016,305.4184,305.4184,219.8298,219.8298,254,1,0.1283,0.1934,C10,38.739,82.941,12,400
10,400,a150,edd,0.25,c10_storm_400_a150_c80_0016,305.4184,305.4184,,,254,1,0.1283,0.1934,C10,38.739,82.941,12,400
10,400,a150,atc,0.5,c10_storm_400_a150_c80_0016,390.2412,390.2412,262.2412,262.2412,259,1,0.1283,0.1934,C10,38.739,82.941,12,400
10,400,a150,edd,0.5,c10_storm_400_a150_c80_0016,390.2412,390.2412,,,259,1,0.1283,0.1934,C10,38.739,82.941,12,400
10,400,a150,atc,1.0,c10_storm_400_a150_c80_0016,390.2412,390.2412,262.2412,262.2412,230,1,0.1283,0.1934,C10,38.739,82.941,12,400
10,400,a150,edd,1.0,c10_storm_400_a150_c80_0016,390.2412,390.2412,,,230,1,0.1283,0.1934,C10,38.739,82.941,12,400
10,400,a150,atc,0.25,c10_storm_400_a150_c80_0017,0.0000,0.0000,71.0708,71.0708,259,1,0.0980,0.1882,D20,42.364,90.924,10,400
10,400,a150,edd,0.25,c10_storm_400_a150_c80_0017,0.0000,0.0000,,,259,1,0.0980,0.1882,D20,42.364,90.924,10,400
10,400,a150,atc,0.5,c10_storm_400_a150_c80_0017,0.0000,0.0000,71.0708,71.0708,255,1,0.0980,0.1882,D20,42.364,90.924,10,400
10,400,a150,edd,0.5,c10_storm_400_a150_c80_0017,0.0000,0.0000,,,255,1,0.0980,0.1882,D20,42.364,90.924,10,400
10,400,a150,atc,1.0,c10_storm_400_a150_c80_0017,0.0000,0.0000,71.0708,71.0708,246,1,0.0980,0.1882,D20,42.364,90.924,10,400
10,400,a150,edd,1.0,c10_storm_400_a150_c80_0017,0.0000,0.0000,,,246,1,0.0980,0.1882,D20,42.364,90.924,10,400
10,400,a150,atc,0.25,c10_storm_400_a150_c80_0018,51.5880,51.5880,51.4024,51.4024,263,1,0.0839,0.1263,D50,44.652,46.768,11,400
10,400,a150,edd,0.25,c10_storm_400_a150_c80_0018,51.5880,51.5880,,,263,1,0.0839,0.1263,D50,44.652,46.768,11,400
10,400,a150,atc,0.5,c10_storm_400_a150_c80_0018,51.4024,51.4024,51.4024,51.4024,258,1,0.0839,0.1263,D50,44.652,46.768,11,400
10,400,a150,edd,0.5,c10_storm_400_a150_c80_0018,51.4024,51.4024,,,258,1,0.0839,0.1263,D50,44.652,46.768,11,400
10,400,a150,atc,1.0,c10_storm_400_a150_c80_0018,51.4024,51.4024,51.4024,51.4024,240,1,0.0839,0.1263,D50,44.652,46.768,11,400
10,400,a150,edd,1.0,c10_storm_400_a150_c80_0018,51.4024,51.4024,,,240,1,0.0839,0.1263,D50,44.652,46.768,11,400
10,400,a150,atc,0.25,c10_storm_400_a150_c80_0019,0.0000,0.0000,0.0000,0.0000,227,1,0.1101,0.1507,D30,42.456,85.136,15,400
10,400,a150,edd,0.25,c10_storm_400_a150_c80_0019,0.0000,0.0000,,,227,1,0.1101,0.1507,D30,42.456,85.136,15,400
10,400,a150,atc,0.5,c10_storm_400_a150_c80_0019,0.0000,0.0000,0.0000,0.0000,240,1,0.1101,0.1507,D30,42.456,85.136,15,400
10,400,a150,edd,0.5,c10_storm_400_a150_c80_0019,0.0000,0.0000,,,240,1,0.1101,0.1507,D30,42.456,85.136,15,400
10,400,a150,atc,1.0,c10_storm_400_a150_c80_0019,0.0000,0.0000,0.0000,0.0000,229,1,0.1101,0.1507,D30,42.456,85.136,15,400
10,400,a150,edd,1.0,c10_storm_400_a150_c80_0019,0.0000,0.0000,,,229,1,0.1101,0.1507,D30,42.456,85.136,15,400
10,400,a150,atc,0.25,c10_storm_400_a150_c80_0020,0.0000,0.0000,0.0000,0.0000,248,1,0.1226,0.3872,C10,35.455,49.874,16,400
10,400,a150,edd,0.25,c10_storm_400_a150_c80_0020,0.0000,0.0000,,,248,1,0.1226,0.3872,C10,35.455,49.874,16,400
10,400,a150,atc,0.5,c10_storm_400_a150_c80_0020,0.0000,0.0000,0.0000,0.0000,236,1,0.1226,0.3872,C10,35.455,49.874,16,400
10,400,a150,edd,0.5,c10_storm_400_a150_c80_0020,0.0000,0.0000,,,236,1,0.1226,0.3872,C10,35.455,49.874,16,400
10,400,a150,atc,1.0,c10_storm_400_a150_c80_0020,0.0000,0.0000,0.0000,0.0000,215,1,0.1226,0.3872,C10,35.455,49.874,16,400
10,400,a150,edd,1.0,c10_storm_400_a150_c80_0020,0.0000,0.0000,,,215,1,0.1226,0.3872,C10,35.455,49.874,16,400
10,400,a150,atc,0.25,c10_storm_400_a150_c80_0021,118.6224,118.6224,0.0000,0.0000,260,1,0.1098,0.3139,B30,40.238,71.342,20,400
10,400,a150,edd,0.25,c10_storm_400_a150_c80_0021,118.6224,118.6224,,,260,1,0.1098,0.3139,B30,40.238,71.342,20,400
10,400,a150,atc,0.5,c10_storm_400_a150_c80_0021,0.0000,0.0000,0.0000,0.0000,257,1,0.1098,0.3139,B30,40.238,71.342,20,400
10,400,a150,edd,0.5,c10_storm_400_a150_c80_0021,0.0000,0.0000,,,257,1,0.1098,0.3139,B30,40.238,71.342,20,400
10,400,a150,atc,1.0,c10_storm_400_a150_c80_0021,0.0000,0.0000,0.0000,0.0000,224,1,0.1098,0.3139,B30,40.238,71.342,20,400
10,400,a150,edd,1.0,c10_storm_400_a150_c80_0021,0.0000,0.0000,,,224,1,0.1098,0.3139,B30,40.238,71.342,20,400
10,400,a150,atc,0.25,c10_storm_400_a150_c80_0022,93.6712,93.6712,0.0000,0.0000,249,1,0.1289,0.2447,C10,37.605,72.498,14,400
10,400,a150,edd,0.25,c10_storm_400_a150_c80_0022,93.6712,93.6712,,,249,1,0.1289,0.2447,C10,37.605,72.498,14,400
10,400,a150,atc,0.5,c10_storm_400_a150_c80_0022,93.6712,93.6712,0.0000,0.0000,254,1,0.1289,0.2447,C10,37.605,72.498,14,400
10,400,a150,edd,0.5,c10_storm_400_a150_c80_0022,93.6712,93.6712,,,254,1,0.1289,0.2447,C10,37.605,72.498,14,400
10,400,a150,atc,1.0,c10_storm_400_a150_c80_0022,93.6712,93.6712,0.0000,0.0000,232,1,0.1289,0.2447,C10,37.605,72.498,14,400
10,400,a150,edd,1.0,c10_storm_400_a150_c80_0022,93.6712,93.6712,,,232,1,0.1289,0.2447,C10,37.605,72.498,14,400
10,400,a150,atc,0.25,c10_storm_400_a150_c80_0023,221.2868,221.2868,78.7024,78.7024,254,1,0.1241,0.2455,C30,39.006,73.715,15,400
10,400,a150,edd,0.25,c10_storm_400_a150_c80_0023,221.2868,221.2868,,,254,1,0.1241,0.2455,C30,39.006,73.715,15,400
10,400,a150,atc,0.5,c10_storm_400_a150_c80_0023,107.3904,107.3904,78.7024,78.7024,257,1,0.1241,0.2455,C30,39.006,73.715,15,400
10,400,a150,edd,0.5,c10_storm_400_a150_c80_0023,107.3904,107.3904,,,257,1,0.1241,0.2455,C30,39.006,73.715,15,400
10,400,a150,atc,1.0,c10_storm_400_a150_c80_0023,172.1028,172.1028,78.7024,78.7024,226,1,0.1241,0.2455,C30,39.006,73.715,15,400
10,400,a150,edd,1.0,c10_storm_400_a150_c80_0023,172.1028,172.1028,,,226,1,0.1241,0.2455,C30,39.006,73.715,15,400
10,400,a150,atc,0.25,c10_storm_400_a150_c80_0024,128.3768,128.3768,128.3768,128.3768,255,1,0.1075,0.1693,E10,42.112,72.999,17,400
10,400,a150,edd,0.25,c10_storm_400_a150_c80_0024,128.3768,128.3768,,,255,1,0.1075,0.1693,E10,42.112,72.999,17,400
10,400,a150,atc,0.5,c10_storm_400_a150_c80_0024,128.3768,128.3768,128.3768,128.3768,255,1,0.1075,0.1693,E10,42.112,72.999,17,400
10,400,a150,edd,0.5,c10_storm_400_a150_c80_0024,128.3768,128.3768,,,255,1,0.1075,0.1693,E10,42.112,72.999,17,400
10,400,a150,atc,1.0,c10_storm_400_a150_c80_0024,128.3768,128.3768,128.3768,128.3768,234,1,0.1075,0.1693,E10,42.112,72.999,17,400
10,400,a150,edd,1.0,c10_storm_400_a150_c80_0024,128.3768,128.3768,,,234,1,0.1075,0.1693,E10,42.112,72.999,17,400
10,400,a150,atc,0.25,c10_storm_400_a150_c80_0025,0.0000,0.0000,0.0000,0.0000,249,1,0.1108,0.1893,C10,42.332,132.502,15,400
10,400,a150,edd,0.25,c10_storm_400_a150_c80_0025,0.0000,0.0000,,,249,1,0.1108,0.1893,C10,42.332,132.502,15,400
10,400,a150,atc,0.5,c10_storm_400_a150_c80_0025,0.0000,0.0000,0.0000,0.0000,246,1,0.1108,0.1893,C10,42.332,132.502,15,400
10,400,a150,edd,0.5,c10_storm_400_a150_c80_0025,0.0000,0.0000,,,246,1,0.1108,0.1893,C10,42.332,132.502,15,400
10,400,a150,atc,1.0,c10_storm_400_a150_c80_0025,0.0000,0.0000,0.0000,0.0000,239,1,0.1108,0.1893,C10,42.332,132.502,15,400
10,400,a150,edd,1.0,c10_storm_400_a150_c80_0025,0.0000,0.0000,,,239,1,0.1108,0.1893,C10,42.332,132.502,15,400
10,400,a150,atc,0.25,c10_storm_400_a150_c80_0026,16.9968,16.9968,0.0000,0.0000,245,1,0.1014,0.1674,D20,39.448,69.678,13,400
10,400,a150,edd,0.25,c10_storm_400_a150_c80_0026,16.9968,16.9968,,,245,1,0.1014,0.1674,D20,39.448,69.678,13,400
10,400,a150,atc,0.5,c10_storm_400_a150_c80_0026,16.9968,16.9968,0.0000,0.0000,250,1,0.1014,0.1674,D20,39.448,69.678,13,400
10,400,a150,edd,0.5,c10_storm_400_a150_c80_0026,16.9968,16.9968,,,250,1,0.1014,0.1674,D20,39.448,69.678,13,400
10,400,a150,atc,1.0,c10_storm_400_a150_c80_0026,16.9968,16.9968,0.0000,0.0000,230,1,0.1014,0.1674,D20,39.448,69.678,13,400
10,400,a150,edd,1.0,c10_storm_400_a150_c80_0026,16.9968,16.9968,,,230,1,0.1014,0.1674,D20,39.448,69.678,13,400
10,400,a150,atc,0.25,c10_storm_400_a150_c80_0027,0.0000,0.0000,0.0000,0.0000,248,1,0.0973,0.1526,D30,45.296,59.346,15,400
10,400,a150,edd,0.25,c10_storm_400_a150_c80_0027,0.0000,0.0000,,,248,1,0.0973,0.1526,D30,45.296,59.346,15,400
10,400,a150,atc,0.5,c10_storm_400_a150_c80_0027,20.7816,20.7816,0.0000,0.0000,256,1,0.0973,0.1526,D30,45.296,59.346,15,400
10,400,a150,edd,0.5,c10_storm_400_a150_c80_0027,20.7816,20.7816,,,256,1,0.0973,0.1526,D30,45.296,59.346,15,400
10,400,a150,atc,1.0,c10_storm_400_a150_c80_0027,20.7816,20.7816,0.0000,0.0000,220,1,0.0973,0.1526,D30,45.296,59.346,15,400
10,400,a150,edd,1.0,c10_storm_400_a150_c80_0027,20.7816,20.7816,,,220,1,0.0973,0.1526,D30,45.296,59.346,15,400
10,400,a150,atc,0.25,c10_storm_400_a150_c80_0028,7.2928,7.2928,0.0000,0.0000,268,1,0.0936,0.1746,C30,36.779,40.099,11,400
10,400,a150,edd,0.25,c10_storm_400_a150_c80_0028,7.2928,7.2928,,,268,1,0.0936,0.1746,C30,36.779,40.099,11,400
10,400,a150,atc,0.5,c10_storm_400_a150_c80_0028,7.2928,7.2928,0.0000,0.0000,266,1,0.0936,0.1746,C30,36.779,40.099,11,400
10,400,a150,edd,0.5,c10_storm_400_a150_c80_0028,7.2928,7.2928,,,266,1,0.0936,0.1746,C30,36.779,40.099,11,400
10,400,a150,atc,1.0,c10_storm_400_a150_c80_0028,7.2928,7.2928,0.0000,0.0000,225,1,0.0936,0.1746,C30,36.779,40.099,11,400
10,400,a150,edd,1.0,c10_storm_400_a150_c80_0028,7.2928,7.2928,,,225,1,0.0936,0.1746,C30,36.779,40.099,11,400
10,400,a150,atc,0.25,c10_storm_400_a150_c80_0029,45.6736,45.6736,0.0000,0.0000,249,1,0.1030,0.1572,D50,40.370,43.615,9,400
10,400,a150,edd,0.25,c10_storm_400_a150_c80_0029,45.6736,45.6736,,,249,1,0.1030,0.1572,D50,40.370,43.615,9,400
10,400,a150,atc,0.5,c10_storm_400_a150_c80_0029,45.6736,45.6736,0.0000,0.0000,260,1,0.1030,0.1572,D50,40.370,43.615,9,400
10,400,a150,edd,0.5,c10_storm_400_a150_c80_0029,45.6736,45.6736,,,260,1,0.1030,0.1572,D50,40.370,43.615,9,400
10,400,a150,atc,1.0,c10_storm_400_a150_c80_0029,0.0000,0.0000,0.0000,0.0000,245,1,0.1030,0.1572,D50,40.370,43.615,9,400
10,400,a150,edd,1.0,c10_storm_400_a150_c80_0029,0.0000,0.0000,,,245,1,0.1030,0.1572,D50,40.370,43.615,9,400
10,400,a200,atc,0.25,c10_storm_400_a200_c80_0000,73.3068,73.3068,86.9484,86.9484,263,1,0.2377,0.3106,D40,29.780,114.984,25,400
10,400,a200,edd,0.25,c10_storm_400_a200_c80_0000,73.3068,73.3068,,,263,1,0.2377,0.3106,D40,29.780,114.984,25,400
10,400,a200,atc,0.5,c10_storm_400_a200_c80_0000,22.9484,22.9484,86.9484,86.9484,242,1,0.2377,0.3106,D40,29.780,114.984,25,400
10,400,a200,edd,0.5,c10_storm_400_a200_c80_0000,22.9484,22.9484,,,242,1,0.2377,0.3106,D40,29.780,114.984,25,400
10,400,a200,atc,1.0,c10_storm_400_a200_c80_0000,173.8968,173.8968,173.8968,173.8968,208,1,0.2377,0.3106,D40,29.780,114.984,25,400
10,400,a200,edd,1.0,c10_storm_400_a200_c80_0000,173.8968,173.8968,,,208,1,0.2377,0.3106,D40,29.780,114.984,25,400
10,400,a200,atc,0.25,c10_storm_400_a200_c80_0001,0.0000,0.0000,0.0000,0.0000,231,1,0.1277,0.2106,D30,28.758,34.783,14,400
10,400,a200,edd,0.25,c10_storm_400_a200_c80_0001,0.0000,0.0000,,,231,1,0.1277,0.2106,D30,28.758,34.783,14,400
10,400,a200,atc,0.5,c10_storm_400_a200_c80_0001,0.0000,0.0000,0.0000,0.0000,229,1,0.1277,0.2106,D30,28.758,34.783,14,400
10,400,a200,edd,0.5,c10_storm_400_a200_c80_0001,0.0000,0.0000,,,229,1,0.1277,0.2106,D30,28.758,34.783,14,400
10,400,a200,atc,1.0,c10_storm_400_a200_c80_0001,0.0000,0.0000,0.0000,0.0000,212,1,0.1277,0.2106,D30,28.758,34.783,14,400
10,400,a200,edd,1.0,c10_storm_400_a200_c80_0001,0.0000,0.0000,,,212,1,0.1277,0.2106,D30,28.758,34.783,14,400
10,400,a200,atc,0.25,c10_storm_400_a200_c80_0002,90.5068,90.5068,161.8008,161.8008,250,1,0.1258,0.2089,D50,31.933,77.824,19,400
10,400,a200,edd,0.25,c10_storm_400_a200_c80_0002,90.5068,90.5068,,,250,1,0.1258,0.2089,D50,31.933,77.824,19,400
10,400,a200,atc,0.5,c10_storm_400_a200_c80_0002,90.5068,90.5068,161.8008,161.8008,238,1,0.1258,0.2089,D50,31.933,77.824,19,400
10,400,a200,edd,0.5,c10_storm_400_a200_c80_0002,90.5068,90.5068,,,238,1,0.1258,0.2089,D50,31.933,77.824,19,400
10,400,a200,atc,1.0,c10_storm_400_a200_c80_0002,105.0948,105.0948,169.0948,169.0948,193,1,0.1258,0.2089,D50,31.933,77.824,19,400
10,400,a200,edd,1.0,c10_storm_400_a200_c80_0002,105.0948,105.0948,,,193,1,0.1258,0.2089,D50,31.933,77.824,19,400
10,400,a200,atc,0.25,c10_storm_400_a200_c80_0003,21.7296,21.7296,0.0000,0.0000,231,1,0.1372,0.3177,C10,30.240,112.890,15,400
10,400,a200,edd,0.25,c10_storm_400_a200_c80_0003,21.7296,21.7296,,,231,1,0.1372,0.3177,C10,30.240,112.890,15,400
10,400,a200,atc,0.5,c10_storm_400_a200_c80_0003,21.7296,21.7296,0.0000,0.0000,221,1,0.1372,0.3177,C10,30.240,112.890,15,400
10,400,a200,edd,0.5,c10_storm_400_a200_c80_0003,21.7296,21.7296,,,221,1,0.1372,0.3177,C10,30.240,112.890,15,400
10,400,a200,atc,1.0,c10_storm_400_a200_c80_0003,22.2560,22.2560,0.0000,0.0000,196,1,0.1372,0.3177,C10,30.240,112.890,15,400
10,400,a200,edd,1.0,c10_storm_400_a200_c80_0003,22.2560,22.2560,,,196,1,0.1372,0.3177,C10,30.240,112.890,15,400
10,400,a200,atc,0.25,c10_storm_400_a200_c80_0004,6.5424,6.5424,6.5424,6.5424,240,1,0.1266,0.1918,B20,30.019,41.786,19,400
10,400,a200,edd,0.25,c10_storm_400_a200_c80_0004,6.5424,6.5424,,,240,1,0.1266,0.1918,B20,30.019,41.786,19,400
10,400,a200,atc,0.5,c10_storm_400_a200_c80_0004,6.5424,6.5424,6.5424,6.5424,234,1,0.1266,0.1918,B20,30.019,41.786,19,400
10,400,a200,edd,0.5,c10_storm_400_a200_c80_0004,6.5424,6.5424,,,234,1,0.1266,0.1918,B20,30.019,41.786,19,400
10,400,a200,atc,1.0,c10_storm_400_a200_c80_0004,6.5424,6.5424,6.5424,6.5424,215,1,0.1266,0.1918,B20,30.019,41.786,19,400
10,400,a200,edd,1.0,c10_storm_400_a200_c80_0004,6.5424,6.5424,,,215,1,0.1266,0.1918,B20,30.019,41.786,19,400
10,400,a200,atc,0.25,c10_storm_400_a200_c80_0005,72.0744,72.0744,0.0000,0.0000,241,1,0.1537,0.3465,E10,28.410,44.903,17,400
10,400,a200,edd,0.25,c10_storm_400_a200_c80_0005,72.0744,72.0744,,,241,1,0.1537,0.3465,E10,28.410,44.903,17,400
10,400,a200,atc,0.5,c10_storm_400_a200_c80_0005,72.0744,72.0744,0.0000,0.0000,233,1,0.1537,0.3465,E10,28.410,44.903,17,400
10,400,a200,edd,0.5,c10_storm_400_a200_c80_0005,72.0744,72.0744,,,233,1,0.1537,0.3465,E10,28.410,44.903,17,400
10,400,a200,atc,1.0,c10_storm_400_a200_c80_0005,0.0000,0.0000,0.0000,0.0000,224,1,0.1537,0.3465,E10,28.410,44.903,17,400
10,400,a200,edd,1.0,c10_storm_400_a200_c80_0005,0.0000,0.0000,,,224,1,0.1537,0.3465,E10,28.410,44.903,17,400
10,400,a200,atc,0.25,c10_storm_400_a200_c80_0006,12.9584,12.9584,0.0000,0.0000,256,1,0.1087,0.2946,E10,29.470,43.455,18,400
10,400,a200,edd,0.25,c10_storm_400_a200_c80_0006,12.9584,12.9584,,,256,1,0.1087,0.2946,E10,29.470,43.455,18,400
10,400,a200,atc,0.5,c10_storm_400_a200_c80_0006,12.9584,12.9584,0.0000,0.0000,246,1,0.1087,0.2946,E10,29.470,43.455,18,400
10,400,a200,edd,0.5,c10_storm_400_a200_c80_0006,12.9584,12.9584,,,246,1,0.1087,0.2946,E10,29.470,43.455,18,400
10,400,a200,atc,1.0,c10_storm_400_a200_c80_0006,12.9584,12.9584,0.0000,0.0000,217,1,0.1087,0.2946,E10,29.470,43.455,18,400
10,400,a200,edd,1.0,c10_storm_400_a200_c80_0006,12.9584,12.9584,,,217,1,0.1087,0.2946,E10,29.470,43.455,18,400
10,400,a200,atc,0.25,c10_storm_400_a200_c80_0007,0.0000,0.0000,0.0000,0.0000,249,1,0.1231,0.2051,E10,30.583,47.142,20,400
10,400,a200,edd,0.25,c10_storm_400_a200_c80_0007,0.0000,0.0000,,,249,1,0.1231,0.2051,E10,30.583,47.142,20,400
10,400,a200,atc,0.5,c10_storm_400_a200_c80_0007,0.0000,0.0000,0.0000,0.0000,248,1,0.1231,0.2051,E10,30.583,47.142,20,400
10,400,a200,edd,0.5,c10_storm_400_a200_c80_0007,0.0000,0.0000,,,248,1,0.1231,0.2051,E10,30.583,47.142,20,400
10,400,a200,atc,1.0,c10_storm_400_a200_c80_0007,4.2788,4.2788,0.0000,0.0000,204,1,0.1231,0.2051,E10,30.583,47.142,20,400
10,400,a200,edd,1.0,c10_storm_400_a200_c80_0007,4.2788,4.2788,,,204,1,0.1231,0.2051,E10,30.583,47.142,20,400
10,400,a200,atc,0.25,c10_storm_400_a200_c80_0008,4.2160,4.2160,15.0808,15.0808,250,1,0.1435,0.2846,C10,29.727,115.994,15,400
10,400,a200,edd,0.25,c10_storm_400_a200_c80_0008,4.2160,4.2160,,,250,1,0.1435,0.2846,C10,29.727,115.994,15,400
10,400,a200,atc,0.5,c10_storm_400_a200_c80_0008,16.0192,16.0192,15.0808,15.0808,251,1,0.1435,0.2846,C10,29.727,115.994,15,400
10,400,a200,edd,0.5,c10_storm_400_a200_c80_0008,16.0192,16.0192,,,251,1,0.1435,0.2846,C10,29.727,115.994,15,400
10,400,a200,atc,1.0,c10_storm_400_a200_c80_0008,23.2640,23.2640,15.0808,15.0808,217,1,0.1435,0.2846,C10,29.727,115.994,15,400
10,400,a200,edd,1.0,c10_storm_400_a200_c80_0008,23.2640,23.2640,,,217,1,0.1435,0.2846,C10,29.727,115.994,15,400
10,400,a200,atc,0.25,c10_storm_400_a200_c80_0009,0.0000,0.0000,0.0000,0.0000,251,1,0.1747,0.2335,E10,28.741,111.055,14,400
10,400,a200,edd,0.25,c10_storm_400_a200_c80_0009,0.0000,0.0000,,,251,1,0.1747,0.2335,E10,28.741,111.055,14,400
10,400,a200,atc,0.5,c10_storm_400_a200_c80_0009,0.0000,0.0000,0.0000,0.0000,239,1,0.1747,0.2335,E10,28.741,111.055,14,400
10,400,a200,edd,0.5,c10_storm_400_a200_c80_0009,0.0000,0.0000,,,239,1,0.1747,0.2335,E10,28.741,111.055,14,400
10,400,a200,atc,1.0,c10_storm_400_a200_c80_0009,0.0000,0.0000,0.0000,0.0000,198,1,0.1747,0.2335,E10,28.741,111.055,14,400
10,400,a200,edd,1.0,c10_storm_400_a200_c80_0009,0.0000,0.0000,,,198,1,0.1747,0.2335,E10,28.741,111.055,14,400
10,400,a200,atc,0.25,c10_storm_400_a200_c80_0010,0.0000,0.0000,0.0000,0.0000,241,1,0.1056,0.2158,D90,31.920,41.884,18,400
10,400,a200,edd,0.25,c10_storm_400_a200_c80_0010,0.0000,0.0000,,,241,1,0.1056,0.2158,D90,31.920,41.884,18,400
10,400,a200,atc,0.5,c10_storm_400_a200_c80_0010,0.0000,0.0000,0.0000,0.0000,235,1,0.1056,0.2158,D90,31.920,41.884,18,400
10,400,a200,edd,0.5,c10_storm_400_a200_c80_0010,0.0000,0.0000,,,235,1,0.1056,0.2158,D90,31.920,41.884,18,400
10,400,a200,atc,1.0,c10_storm_400_a200_c80_0010,7.6024,7.6024,0.0000,0.0000,217,1,0.1056,0.2158,D90,31.920,41.884,18,400
10,400,a200,edd,1.0,c10_storm_400_a200_c80_0010,7.6024,7.6024,,,217,1,0.1056,0.2158,D90,31.920,41.884,18,400
10,400,a200,atc,0.25,c10_storm_400_a200_c80_0011,0.0000,0.0000,0.0000,0.0000,239,1,0.2089,0.2967,D40,32.005,104.960,25,400
10,400,a200,edd,0.25,c10_storm_400_a200_c80_0011,0.0000,0.0000,,,239,1,0.2089,0.2967,D40,32.005,104.960,25,400
10,400,a200,atc,0.5,c10_storm_400_a200_c80_0011,0.0000,0.0000,0.0000,0.0000,233,1,0.2089,0.2967,D40,32.005,104.960,25,400
10,400,a200,edd,0.5,c10_storm_400_a200_c80_0011,0.0000,0.0000,,,233,1,0.2089,0.2967,D40,32.005,104.960,25,400
10,400,a200,atc,1.0,c10_storm_400_a200_c80_0011,0.0000,0.0000,0.0000,0.0000,207,1,0.2089,0.2967,D40,32.005,104.960,25,400
10,400,a200,edd,1.0,c10_storm_400_a200_c80_0011,0.0000,0.0000,,,207,1,0.2089,0.2967,D40,32.005,104.960,25,400
10,400,a200,atc,0.25,c10_storm_400_a200_c80_0012,321.0832,321.0832,321.0832,321.0832,256,1,0.1189,0.2231,D20,32.269,65.244,18,400
10,400,a200,edd,0.25,c10_storm_400_a200_c80_0012,321.0832,321.0832,,,256,1,0.1189,0.2231,D20,32.269,65.244,18,400
10,400,a200,atc,0.5,c10_storm_400_a200_c80_0012,321.0832,321.0832,321.0832,321.0832,247,1,0.1189,0.2231,D20,32.269,65.244,18,400
10,400,a200,edd,0.5,c10_storm_400_a200_c80_0012,321.0832,321.0832,,,247,1,0.1189,0.2231,D20,32.269,65.244,18,400
10,400,a200,atc,1.0,c10_storm_400_a200_c80_0012,321.0832,321.0832,321.0832,321.0832,228,1,0.1189,0.2231,D20,32.269,65.244,18,400
10,400,a200,edd,1.0,c10_storm_400_a200_c80_0012,321.0832,321.0832,,,228,1,0.1189,0.2231,D20,32.269,65.244,18,400
10,400,a200,atc,0.25,c10_storm_400_a200_c80_0013,0.0000,0.0000,0.0000,0.0000,246,1,0.1222,0.2474,B30,29.951,46.379,14,400
10,400,a200,edd,0.25,c10_storm_400_a200_c80_0013,0.0000,0.0000,,,246,1,0.1222,0.2474,B30,29.951,46.379,14,400
10,400,a200,atc,0.5,c10_storm_400_a200_c80_0013,0.0000,0.0000,0.0000,0.0000,232,1,0.1222,0.2474,B30,29.951,46.379,14,400
10,400,a200,edd,0.5,c10_storm_400_a200_c80_0013,0.0000,0.0000,,,232,1,0.1222,0.2474,B30,29.951,46.379,14,400
10,400,a200,atc,1.0,c10_storm_400_a200_c80_0013,15.6780,15.6780,0.0000,0.0000,217,1,0.1222,0.2474,B30,29.951,46.379,14,400
10,400,a200,edd,1.0,c10_storm_400_a200_c80_0013,15.6780,15.6780,,,217,1,0.1222,0.2474,B30,29.951,46.379,14,400
10,400,a200,atc,0.25,c10_storm_400_a200_c80_0014,136.0192,136.0192,0.0000,0.0000,263,1,0.1271,0.2571,C10,32.481,57.507,19,400
10,400,a200,edd,0.25,c10_storm_400_a200_c80_0014,136.0192,136.0192,,,263,1,0.1271,0.2571,C10,32.481,57.507,19,400
10,400,a200,atc,0.5,c10_storm_400_a200_c80_0014,136.0192,136.0192,0.0000,0.0000,257,1,0.1271,0.2571,C10,32.481,57.507,19,400
10,400,a200,edd,0.5,c10_storm_400_a200_c80_0014,136.0192,136.0192,,,257,1,0.1271,0.2571,C10,32.481,57.507,19,400
10,400,a200,atc,1.0,c10_storm_400_a200_c80_0014,4.0096,4.0096,0.0000,0.0000,213,1,0.1271,0.2571,C10,32.481,57.507,19,400
10,400,a200,edd,1.0,c10_storm_400_a200_c80_0014,4.0096,4.0096,,,213,1,0.1271,0.2571,C10,32.481,57.507,19,400
10,400,a200,atc,0.25,c10_storm_400_a200_c80_0015,21.7296,21.7296,24.7988,24.7988,251,1,0.1572,0.2168,D30,31.716,120.967,19,400
10,400,a200,edd,0.25,c10_storm_400_a200_c80_0015,21.7296,21.7296,,,251,1,0.1572,0.2168,D30,31.716,120.967,19,400
10,400,a200,atc,0.5,c10_storm_400_a200_c80_0015,21.7296,21.7296,24.7988,24.7988,241,1,0.1572,0.2168,D30,31.716,120.967,19,400
10,400,a200,edd,0.5,c10_storm_400_a200_c80_0015,21.7296,21.7296,,,241,1,0.1572,0.2168,D30,31.716,120.967,19,400
10,400,a200,atc,1.0,c10_storm_400_a200_c80_0015,0.0000,0.0000,13.9340,13.9340,215,1,0.1572,0.2168,D30,31.716,120.967,19,400
10,400,a200,edd,1.0,c10_storm_400_a200_c80_0015,0.0000,0.0000,,,215,1,0.1572,0.2168,D30,31.716,120.967,19,400
10,400,a200,atc,0.25,c10_storm_400_a200_c80_0016,3.0560,3.0560,3.0560,3.0560,240,1,0.1654,0.2377,E10,28.767,86.354,18,400
10,400,a200,edd,0.25,c10_storm_400_a200_c80_0016,3.0560,3.0560,,,240,1,0.1654,0.2377,E10,28.767,86.354,18,400
10,400,a200,atc,0.5,c10_storm_400_a200_c80_0016,3.0560,3.0560,3.0560,3.0560,223,1,0.1654,0.2377,E10,28.767,86.354,18,400
10,400,a200,edd,0.5,c10_storm_400_a200_c80_0016,3.0560,3.0560,,,223,1,0.1654,0.2377,E10,28.767,86.354,18,400
10,400,a200,atc,1.0,c10_storm_400_a200_c80_0016,3.0560,3.0560,3.0560,3.0560,215,1,0.1654,0.2377,E10,28.767,86.354,18,400
10,400,a200,edd,1.0,c10_storm_400_a200_c80_0016,3.0560,3.0560,,,215,1,0.1654,0.2377,E10,28.767,86.354,18,400
10,400,a200,atc,0.25,c10_storm_400_a200_c80_0017,0.0000,0.0000,0.0000,0.0000,242,1,0.1581,0.2793,C30,30.463,116.390,19,400
10,400,a200,edd,0.25,c10_storm_400_a200_c80_0017,0.0000,0.0000,,,242,1,0.1581,0.2793,C30,30.463,116.390,19,400
10,400,a200,atc,0.5,c10_storm_400_a200_c80_0017,0.0000,0.0000,0.0000,0.0000,225,1,0.1581,0.2793,C30,30.463,116.390,19,400
10,400,a200,edd,0.5,c10_storm_400_a200_c80_0017,0.0000,0.0000,,,225,1,0.1581,0.2793,C30,30.463,116.390,19,400
10,400,a200,atc,1.0,c10_storm_400_a200_c80_0017,0.0000,0.0000,0.0000,0.0000,213,1,0.1581,0.2793,C30,30.463,116.390,19,400
10,400,a200,edd,1.0,c10_storm_400_a200_c80_0017,0.0000,0.0000,,,213,1,0.1581,0.2793,C30,30.463,116.390,19,400
10,400,a200,atc,0.25,c10_storm_400_a200_c80_0018,0.0000,0.0000,0.0000,0.0000,261,1,0.1121,0.1941,C30,31.552,61.610,9,400
10,400,a200,edd,0.25,c10_storm_400_a200_c80_0018,0.0000,0.0000,,,261,1,0.1121,0.1941,C30,31.552,61.610,9,400
10,400,a200,atc,0.5,c10_storm_400_a200_c80_0018,0.0000,0.0000,0.0000,0.0000,235,1,0.1121,0.1941,C30,31.552,61.610,9,400
10,400,a200,edd,0.5,c10_storm_400_a200_c80_0018,0.0000,0.0000,,,235,1,0.1121,0.1941,C30,31.552,61.610,9,400
10,400,a200,atc,1.0,c10_storm_400_a200_c80_0018,0.0000,0.0000,0.0000,0.0000,192,1,0.1121,0.1941,C30,31.552,61.610,9,400
10,400,a200,edd,1.0,c10_storm_400_a200_c80_0018,0.0000,0.0000,,,192,1,0.1121,0.1941,C30,31.552,61.610,9,400
10,400,a200,atc,0.25,c10_storm_400_a200_c80_0019,0.0000,0.0000,0.0000,0.0000,256,1,0.1595,0.3041,D20,31.133,100.343,18,400
10,400,a200,edd,0.25,c10_storm_400_a200_c80_0019,0.0000,0.0000,,,256,1,0.1595,0.3041,D20,31.133,100.343,18,400
10,400,a200,atc,0.5,c10_storm_400_a200_c80_0019,0.0000,0.0000,0.0000,0.0000,240,1,0.1595,0.3041,D20,31.133,100.343,18,400
10,400,a200,edd,0.5,c10_storm_400_a200_c80_0019,0.0000,0.0000,,,240,1,0.1595,0.3041,D20,31.133,100.343,18,400
10,400,a200,atc,1.0,c10_storm_400_a200_c80_0019,53.7888,53.7888,0.0000,0.0000,232,1,0.1595,0.3041,D20,31.133,100.343,18,400
10,400,a200,edd,1.0,c10_storm_400_a200_c80_0019,53.7888,53.7888,,,232,1,0.1595,0.3041,D20,31.133,100.343,18,400
10,400,a200,atc,0.25,c10_storm_400_a200_c80_0020,0.0000,0.0000,95.1780,95.1780,241,1,0.1386,0.3822,C10,31.139,80.084,18,400
10,400,a200,edd,0.25,c10_storm_400_a200_c80_0020,0.0000,0.0000,,,241,1,0.1386,0.3822,C10,31.139,80.084,18,400
10,400,a200,atc,0.5,c10_storm_400_a200_c80_0020,0.0000,0.0000,95.1780,95.1780,239,1,0.1386,0.3822,C10,31.139,80.084,18,400
10,400,a200,edd,0.5,c10_storm_400_a200_c80_0020,0.0000,0.0000,,,239,1,0.1386,0.3822,C10,31.139,80.084,18,400
10,400,a200,atc,1.0,c10_storm_400_a200_c80_0020,126.3560,126.3560,190.3560,190.3560,205,1,0.1386,0.3822,C10,31.139,80.084,18,400
10,400,a200,edd,1.0,c10_storm_400_a200_c80_0020,126.3560,126.3560,,,205,1,0.1386,0.3822,C10,31.139,80.084,18,400
10,400,a200,atc,0.25,c10_storm_400_a200_c80_0021,0.0000,0.0000,0.0000,0.0000,237,1,0.1465,0.2492,D20,32.032,52.394,20,400
10,400,a200,edd,0.25,c10_storm_400_a200_c80_0021,0.0000,0.0000,,,237,1,0.1465,0.2492,D20,32.032,52.394,20,400
10,400,a200,atc,0.5,c10_storm_400_a200_c80_0021,0.0000,0.0000,0.0000,0.0000,233,1,0.1465,0.2492,D20,32.032,52.394,20,400
10,400,a200,edd,0.5,c10_storm_400_a200_c80_0021,0.0000,0.0000,,,233,1,0.1465,0.2492,D20,32.032,52.394,20,400
10,400,a200,atc,1.0,c10_storm_400_a200_c80_0021,8.1416,8.1416,0.0000,0.0000,209,1,0.1465,0.2492,D20,32.032,52.394,20,400
10,400,a200,edd,1.0,c10_storm_400_a200_c80_0021,8.1416,8.1416,,,209,1,0.1465,0.2492,D20,32.032,52.394,20,400
10,400,a200,atc,0.25,c10_storm_400_a200_c80_0022,0.0000,0.0000,0.0000,0.0000,243,1,0.1080,0.1845,D50,30.331,40.646,18,400
10,400,a200,edd,0.25,c10_storm_400_a200_c80_0022,0.0000,0.0000,,,243,1,0.1080,0.1845,D50,30.331,40.646,18,400
10,400,a200,atc,0.5,c10_storm_400_a200_c80_0022,0.0000,0.0000,0.0000,0.0000,246,1,0.1080,0.1845,D50,30.331,40.646,18,400
10,400,a200,edd,0.5,c10_storm_400_a200_c80_0022,0.0000,0.0000,,,246,1,0.1080,0.1845,D50,30.331,40.646,18,400
10,400,a200,atc,1.0,c10_storm_400_a200_c80_0022,0.0000,0.0000,0.0000,0.0000,214,1,0.1080,0.1845,D50,30.331,40.646,18,400
10,400,a200,edd,1.0,c10_storm_400_a200_c80_0022,0.0000,0.0000,,,214,1,0.1080,0.1845,D50,30.331,40.646,18,400
10,400,a200,atc,0.25,c10_storm_400_a200_c80_0023,52.4104,52.4104,0.0000,0.0000,253,1,0.1386,0.2175,C10,29.198,46.718,12,400
10,400,a200,edd,0.25,c10_storm_400_a200_c80_0023,52.4104,52.4104,,,253,1,0.1386,0.2175,C10,29.198,46.718,12,400
10,400,a200,atc,0.5,c10_storm_400_a200_c80_0023,52.4104,52.4104,0.0000,0.0000,237,1,0.1386,0.2175,C10,29.198,46.718,12,400
10,400,a200,edd,0.5,c10_storm_400_a200_c80_0023,52.4104,52.4104,,,237,1,0.1386,0.2175,C10,29.198,46.718,12,400
10,400,a200,atc,1.0,c10_storm_400_a200_c80_0023,8.0992,8.0992,0.0000,0.0000,190,1,0.1386,0.2175,C10,29.198,46.718,12,400
10,400,a200,edd,1.0,c10_storm_400_a200_c80_0023,8.0992,8.0992,,,190,1,0.1386,0.2175,C10,29.198,46.718,12,400
10,400,a200,atc,0.25,c10_storm_400_a200_c80_0024,57.9524,57.9524,0.0000,0.0000,268,1,0.1253,0.2105,D30,31.081,43.207,18,400
10,400,a200,edd,0.25,c10_storm_400_a200_c80_0024,57.9524,57.9524,,,268,1,0.1253,0.2105,D30,31.081,43.207,18,400
10,400,a200,atc,0.5,c10_storm_400_a200_c80_0024,57.9524,57.9524,0.0000,0.0000,271,1,0.1253,0.2105,D30,31.081,43.207,18,400
10,400,a200,edd,0.5,c10_storm_400_a200_c80_0024,57.9524,57.9524,,,271,1,0.1253,0.2105,D30,31.081,43.207,18,400
10,400,a200,atc,1.0,c10_storm_400_a200_c80_0024,21.8496,21.8496,0.0000,0.0000,237,1,0.1253,0.2105,D30,31.081,43.207,18,400
10,400,a200,edd,1.0,c10_storm_400_a200_c80_0024,21.8496,21.8496,,,237,1,0.1253,0.2105,D30,31.081,43.207,18,400
10,400,a200,atc,0.25,c10_storm_400_a200_c80_0025,0.0000,0.0000,0.0000,0.0000,243,1,0.1268,0.2786,E10,32.097,36.342,16,400
10,400,a200,edd,0.25,c10_storm_400_a200_c80_0025,0.0000,0.0000,,,243,1,0.1268,0.2786,E10,32.097,36.342,16,400
10,400,a200,atc,0.5,c10_storm_400_a200_c80_0025,0.0000,0.0000,0.0000,0.0000,247,1,0.1268,0.2786,E10,32.097,36.342,16,400
10,400,a200,edd,0.5,c10_storm_400_a200_c80_0025,0.0000,0.0000,,,247,1,0.1268,0.2786,E10,32.097,36.342,16,400
10,400,a200,atc,1.0,c10_storm_400_a200_c80_0025,0.0000,0.0000,0.0000,0.0000,200,1,0.1268,0.2786,E10,32.097,36.342,16,400
10,400,a200,edd,1.0,c10_storm_400_a200_c80_0025,0.0000,0.0000,,,200,1,0.1268,0.2786,E10,32.097,36.342,16,400
10,400,a200,atc,0.25,c10_storm_400_a200_c80_0026,16.7688,16.7688,0.0000,0.0000,250,1,0.1351,0.2931,UNK,32.928,74.976,16,400
10,400,a200,edd,0.25,c10_storm_400_a200_c80_0026,16.7688,16.7688,,,250,1,0.1351,0.2931,UNK,32.928,74.976,16,400
10,400,a200,atc,0.5,c10_storm_400_a200_c80_0026,132.8088,132.8088,0.0000,0.0000,225,1,0.1351,0.2931,UNK,32.928,74.976,16,400
10,400,a200,edd,0.5,c10_storm_400_a200_c80_0026,132.8088,132.8088,,,225,1,0.1351,0.2931,UNK,32.928,74.976,16,400
10,400,a200,atc,1.0,c10_storm_400_a200_c80_0026,136.6024,136.6024,0.0000,0.0000,221,1,0.1351,0.2931,UNK,32.928,74.976,16,400
10,400,a200,edd,1.0,c10_storm_400_a200_c80_0026,136.6024,136.6024,,,221,1,0.1351,0.2931,UNK,32.928,74.976,16,400
10,400,a200,atc,0.25,c10_storm_400_a200_c80_0027,0.0000,0.0000,0.0000,0.0000,242,1,0.1498,0.2766,D50,28.659,57.538,17,400
10,400,a200,edd,0.25,c10_storm_400_a200_c80_0027,0.0000,0.0000,,,242,1,0.1498,0.2766,D50,28.659,57.538,17,400
10,400,a200,atc,0.5,c10_storm_400_a200_c80_0027,0.0000,0.0000,0.0000,0.0000,243,1,0.1498,0.2766,D50,28.659,57.538,17,400
10,400,a200,edd,0.5,c10_storm_400_a200_c80_0027,0.0000,0.0000,,,243,1,0.1498,0.2766,D50,28.659,57.538,17,400
10,400,a200,atc,1.0,c10_storm_400_a200_c80_0027,0.0000,0.0000,0.0000,0.0000,226,1,0.1498,0.2766,D50,28.659,57.538,17,400
10,400,a200,edd,1.0,c10_storm_400_a200_c80_0027,0.0000,0.0000,,,226,1,0.1498,0.2766,D50,28.659,57.538,17,400
10,400,a200,atc,0.25,c10_storm_400_a200_c80_0028,64.5480,64.5480,0.0000,0.0000,242,1,0.1521,0.2828,B20,31.453,105.834,27,400
10,400,a200,edd,0.25,c10_storm_400_a200_c80_0028,64.5480,64.5480,,,242,1,0.1521,0.2828,B20,31.453,105.834,27,400
10,400,a200,atc,0.5,c10_storm_400_a200_c80_0028,64.5480,64.5480,0.0000,0.0000,224,1,0.1521,0.2828,B20,31.453,105.834,27,400
10,400,a200,edd,0.5,c10_storm_400_a200_c80_0028,64.5480,64.5480,,,224,1,0.1521,0.2828,B20,31.453,105.834,27,400
10,400,a200,atc,1.0,c10_storm_400_a200_c80_0028,21.2384,21.2384,0.0000,0.0000,208,1,0.1521,0.2828,B20,31.453,105.834,27,400
10,400,a200,edd,1.0,c10_storm_400_a200_c80_0028,21.2384,21.2384,,,208,1,0.1521,0.2828,B20,31.453,105.834,27,400
10,400,a200,atc,0.25,c10_storm_400_a200_c80_0029,0.0000,0.0000,0.0000,0.0000,238,1,0.0979,0.2501,E10,30.447,40.670,15,400
10,400,a200,edd,0.25,c10_storm_400_a200_c80_0029,0.0000,0.0000,,,238,1,0.0979,0.2501,E10,30.447,40.670,15,400
10,400,a200,atc,0.5,c10_storm_400_a200_c80_0029,0.0000,0.0000,0.0000,0.0000,234,1,0.0979,0.2501,E10,30.447,40.670,15,400
10,400,a200,edd,0.5,c10_storm_400_a200_c80_0029,0.0000,0.0000,,,234,1,0.0979,0.2501,E10,30.447,40.670,15,400
10,400,a200,atc,1.0,c10_storm_400_a200_c80_0029,12.7024,12.7024,0.0000,0.0000,203,1,0.0979,0.2501,E10,30.447,40.670,15,400
10,400,a200,edd,1.0,c10_storm_400_a200_c80_0029,12.7024,12.7024,,,203,1,0.0979,0.2501,E10,30.447,40.670,15,400
10,400,a300,atc,0.25,c10_storm_400_a300_c80_0000,22.1200,22.1200,0.0000,0.0000,246,1,0.1991,0.4038,E10,18.950,29.469,25,400
10,400,a300,edd,0.25,c10_storm_400_a300_c80_0000,22.1200,22.1200,,,246,1,0.1991,0.4038,E10,18.950,29.469,25,400
10,400,a300,atc,0.5,c10_storm_400_a300_c80_0000,22.1200,22.1200,0.0000,0.0000,233,1,0.1991,0.4038,E10,18.950,29.469,25,400
10,400,a300,edd,0.5,c10_storm_400_a300_c80_0000,22.1200,22.1200,,,233,1,0.1991,0.4038,E10,18.950,29.469,25,400
10,400,a300,atc,1.0,c10_storm_400_a300_c80_0000,14.3712,14.3712,0.0000,0.0000,201,1,0.1991,0.4038,E10,18.950,29.469,25,400
10,400,a300,edd,1.0,c10_storm_400_a300_c80_0000,14.3712,14.3712,,,201,1,0.1991,0.4038,E10,18.950,29.469,25,400
10,400,a300,atc,0.25,c10_storm_400_a300_c80_0001,94.7016,94.7016,0.0000,0.0000,242,1,0.2442,0.3578,C30,20.999,95.064,25,400
10,400,a300,edd,0.25,c10_storm_400_a300_c80_0001,94.7016,94.7016,,,242,1,0.2442,0.3578,C30,20.999,95.064,25,400
10,400,a300,atc,0.5,c10_storm_400_a300_c80_0001,104.9816,104.9816,0.0000,0.0000,235,1,0.2442,0.3578,C30,20.999,95.064,25,400
10,400,a300,edd,0.5,c10_storm_400_a300_c80_0001,104.9816,104.9816,,,235,1,0.2442,0.3578,C30,20.999,95.064,25,400
10,400,a300,atc,1.0,c10_storm_400_a300_c80_0001,10.2800,10.2800,0.0000,0.0000,199,1,0.2442,0.3578,C30,20.999,95.064,25,400
10,400,a300,edd,1.0,c10_storm_400_a300_c80_0001,10.2800,10.2800,,,199,1,0.2442,0.3578,C30,20.999,95.064,25,400
10,400,a300,atc,0.25,c10_storm_400_a300_c80_0002,662.9184,662.9184,662.9184,662.9184,246,1,0.2316,0.5900,E10,19.963,105.084,23,400
10,400,a300,edd,0.25,c10_storm_400_a300_c80_0002,662.9184,662.9184,,,246,1,0.2316,0.5900,E10,19.963,105.084,23,400
10,400,a300,atc,0.5,c10_storm_400_a300_c80_0002,662.9184,662.9184,662.9184,662.9184,229,1,0.2316,0.5900,E10,19.963,105.084,23,400
10,400,a300,edd,0.5,c10_storm_400_a300_c80_0002,662.9184,662.9184,,,229,1,0.2316,0.5900,E10,19.963,105.084,23,400
10,400,a300,atc,1.0,c10_storm_400_a300_c80_0002,662.9184,662.9184,662.9184,662.9184,213,1,0.2316,0.5900,E10,19.963,105.084,23,400
10,400,a300,edd,1.0,c10_storm_400_a300_c80_0002,662.9184,662.9184,,,213,1,0.2316,0.5900,E10,19.963,105.084,23,400
10,400,a300,atc,0.25,c10_storm_400_a300_c80_0003,7.2544,7.2544,7.2544,7.2544,238,1,0.2151,0.4395,UNK,20.721,32.344,27,400
10,400,a300,edd,0.25,c10_storm_400_a300_c80_0003,7.2544,7.2544,,,238,1,0.2151,0.4395,UNK,20.721,32.344,27,400
10,400,a300,atc,0.5,c10_storm_400_a300_c80_0003,27.6520,27.6520,7.2544,7.2544,239,1,0.2151,0.4395,UNK,20.721,32.344,27,400
10,400,a300,edd,0.5,c10_storm_400_a300_c80_0003,27.6520,27.6520,,,239,1,0.2151,0.4395,UNK,20.721,32.344,27,400
10,400,a300,atc,1.0,c10_storm_400_a300_c80_0003,27.6520,27.6520,7.2544,7.2544,195,1,0.2151,0.4395,UNK,20.721,32.344,27,400
10,400,a300,edd,1.0,c10_storm_400_a300_c80_0003,27.6520,27.6520,,,195,1,0.2151,0.4395,UNK,20.721,32.344,27,400
10,400,a300,atc,0.25,c10_storm_400_a300_c80_0004,76.8768,76.8768,35.5796,35.5796,249,1,0.2103,0.5287,C10,20.473,61.804,30,400
10,400,a300,edd,0.25,c10_storm_400_a300_c80_0004,76.8768,76.8768,,,249,1,0.2103,0.5287,C10,20.473,61.804,30,400
10,400,a300,atc,0.5,c10_storm_400_a300_c80_0004,76.8768,76.8768,35.5796,35.5796,229,1,0.2103,0.5287,C10,20.473,61.804,30,400
10,400,a300,edd,0.5,c10_storm_400_a300_c80_0004,76.8768,76.8768,,,229,1,0.2103,0.5287,C10,20.473,61.804,30,400
10,400,a300,atc,1.0,c10_storm_400_a300_c80_0004,116.8800,116.8800,71.1592,71.1592,191,1,0.2103,0.5287,C10,20.473,61.804,30,400
10,400,a300,edd,1.0,c10_storm_400_a300_c80_0004,116.8800,116.8800,,,191,1,0.2103,0.5287,C10,20.473,61.804,30,400
10,400,a300,atc,0.25,c10_storm_400_a300_c80_0005,5.4856,5.4856,0.0000,0.0000,230,1,0.2155,0.5545,C30,21.049,35.790,27,400
10,400,a300,edd,0.25,c10_storm_400_a300_c80_0005,5.4856,5.4856,,,230,1,0.2155,0.5545,C30,21.049,35.790,27,400
10,400,a300,atc,0.5,c10_storm_400_a300_c80_0005,5.4856,5.4856,0.0000,0.0000,210,1,0.2155,0.5545,C30,21.049,35.790,27,400
10,400,a300,edd,0.5,c10_storm_400_a300_c80_0005,5.4856,5.4856,,,210,1,0.2155,0.5545,C30,21.049,35.790,27,400
10,400,a300,atc,1.0,c10_storm_400_a300_c80_0005,5.4856,5.4856,0.0000,0.0000,193,1,0.2155,0.5545,C30,21.049,35.790,27,400
10,400,a300,edd,1.0,c10_storm_400_a300_c80_0005,5.4856,5.4856,,,193,1,0.2155,0.5545,C30,21.049,35.790,27,400
10,400,a300,atc,0.25,c10_storm_400_a300_c80_0006,0.0000,0.0000,0.0000,0.0000,244,1,0.2309,0.2863,UNK,20.019,80.566,27,400
10,400,a300,edd,0.25,c10_storm_400_a300_c80_0006,0.0000,0.0000,,,244,1,0.2309,0.2863,UNK,20.019,80.566,27,400
10,400,a300,atc,0.5,c10_storm_400_a300_c80_0006,0.0000,0.0000,0.0000,0.0000,225,1,0.2309,0.2863,UNK,20.019,80.566,27,400
10,400,a300,edd,0.5,c10_storm_400_a300_c80_0006,0.0000,0.0000,,,225,1,0.2309,0.2863,UNK,20.019,80.566,27,400
10,400,a300,atc,1.0,c10_storm_400_a300_c80_0006,0.0000,0.0000,0.0000,0.0000,208,1,0.2309,0.2863,UNK,20.019,80.566,27,400
10,400,a300,edd,1.0,c10_storm_400_a300_c80_0006,0.0000,0.0000,,,208,1,0.2309,0.2863,UNK,20.019,80.566,27,400
10,400,a300,atc,0.25,c10_storm_400_a300_c80_0007,38.8216,38.8216,38.8216,38.8216,234,1,0.1995,0.5824,C10,21.697,33.787,27,400
10,400,a300,edd,0.25,c10_storm_400_a300_c80_0007,38.8216,38.8216,,,234,1,0.1995,0.5824,C10,21.697,33.787,27,400
10,400,a300,atc,0.5,c10_storm_400_a300_c80_0007,38.8216,38.8216,38.8216,38.8216,232,1,0.1995,0.5824,C10,21.697,33.787,27,400
10,400,a300,edd,0.5,c10_storm_400_a300_c80_0007,38.8216,38.8216,,,232,1,0.1995,0.5824,C10,21.697,33.787,27,400
10,400,a300,atc,1.0,c10_storm_400_a300_c80_0007,38.8216,38.8216,38.8216,38.8216,189,1,0.1995,0.5824,C10,21.697,33.787,27,400
10,400,a300,edd,1.0,c10_storm_400_a300_c80_0007,38.8216,38.8216,,,189,1,0.1995,0.5824,C10,21.697,33.787,27,400
10,400,a300,atc,0.25,c10_storm_400_a300_c80_0008,81.3648,81.3648,0.0000,0.0000,248,1,0.2373,0.3231,D40,21.352,111.224,27,400
10,400,a300,edd,0.25,c10_storm_400_a300_c80_0008,81.3648,81.3648,,,248,1,0.2373,0.3231,D40,21.352,111.224,27,400
10,400,a300,atc,0.5,c10_storm_400_a300_c80_0008,0.0000,0.0000,0.0000,0.0000,249,1,0.2373,0.3231,D40,21.352,111.224,27,400
10,400,a300,edd,0.5,c10_storm_400_a300_c80_0008,0.0000,0.0000,,,249,1,0.2373,0.3231,D40,21.352,111.224,27,400
10,400,a300,atc,1.0,c10_storm_400_a300_c80_0008,0.0000,0.0000,0.0000,0.0000,209,1,0.2373,0.3231,D40,21.352,111.224,27,400
10,400,a300,edd,1.0,c10_storm_400_a300_c80_0008,0.0000,0.0000,,,209,1,0.2373,0.3231,D40,21.352,111.224,27,400
10,400,a300,atc,0.25,c10_storm_400_a300_c80_0009,0.0000,0.0000,0.0000,0.0000,240,1,0.2134,0.4125,D30,19.668,74.032,20,400
10,400,a300,edd,0.25,c10_storm_400_a300_c80_0009,0.0000,0.0000,,,240,1,0.2134,0.4125,D30,19.668,74.032,20,400
10,400,a300,atc,0.5,c10_storm_400_a300_c80_0009,0.0000,0.0000,0.0000,0.0000,232,1,0.2134,0.4125,D30,19.668,74.032,20,400
10,400,a300,edd,0.5,c10_storm_400_a300_c80_0009,0.0000,0.0000,,,232,1,0.2134,0.4125,D30,19.668,74.032,20,400
10,400,a300,atc,1.0,c10_storm_400_a300_c80_0009,0.0000,0.0000,0.0000,0.0000,196,1,0.2134,0.4125,D30,19.668,74.032,20,400
10,400,a300,edd,1.0,c10_storm_400_a300_c80_0009,0.0000,0.0000,,,196,1,0.2134,0.4125,D30,19.668,74.032,20,400
10,400,a300,atc,0.25,c10_storm_400_a300_c80_0010,270.3728,270.3728,270.3728,270.3728,240,1,0.1840,0.9894,D90,20.398,57.186,20,400
10,400,a300,edd,0.25,c10_storm_400_a300_c80_0010,270.3728,270.3728,,,240,1,0.1840,0.9894,D90,20.398,57.186,20,400
10,400,a300,atc,0.5,c10_storm_400_a300_c80_0010,270.3728,270.3728,270.3728,270.3728,222,1,0.1840,0.9894,D90,20.398,57.186,20,400
10,400,a300,edd,0.5,c10_storm_400_a300_c80_0010,270.3728,270.3728,,,222,1,0.1840,0.9894,D90,20.398,57.186,20,400
10,400,a300,atc,1.0,c10_storm_400_a300_c80_0010,270.3728,270.3728,270.3728,270.3728,194,1,0.1840,0.9894,D90,20.398,57.186,20,400
10,400,a300,edd,1.0,c10_storm_400_a300_c80_0010,270.3728,270.3728,,,194,1,0.1840,0.9894,D90,20.398,57.186,20,400
10,400,a300,atc,0.25,c10_storm_400_a300_c80_0011,19.6432,19.6432,19.6432,19.6432,237,1,0.2281,0.5660,C30,20.991,108.196,25,400
10,400,a300,edd,0.25,c10_storm_400_a300_c80_0011,19.6432,19.6432,,,237,1,0.2281,0.5660,C30,20.991,108.196,25,400
10,400,a300,atc,0.5,c10_storm_400_a300_c80_0011,19.6432,19.6432,19.6432,19.6432,225,1,0.2281,0.5660,C30,20.991,108.196,25,400
10,400,a300,edd,0.5,c10_storm_400_a300_c80_0011,19.6432,19.6432,,,225,1,0.2281,0.5660,C30,20.991,108.196,25,400
10,400,a300,atc,1.0,c10_storm_400_a300_c80_0011,19.6432,19.6432,19.6432,19.6432,195,1,0.2281,0.5660,C30,20.991,108.196,25,400
10,400,a300,edd,1.0,c10_storm_400_a300_c80_0011,19.6432,19.6432,,,195,1,0.2281,0.5660,C30,20.991,108.196,25,400
10,400,a300,atc,0.25,c10_storm_400_a300_c80_0012,1.6120,1.6120,0.0000,0.0000,226,1,0.1841,0.7549,UNK,20.847,48.392,25,400
10,400,a300,edd,0.25,c10_storm_400_a300_c80_0012,1.6120,1.6120,,,226,1,0.1841,0.7549,UNK,20.847,48.392,25,400
10,400,a300,atc,0.5,c10_storm_400_a300_c80_0012,1.6120,1.6120,0.0000,0.0000,218,1,0.1841,0.7549,UNK,20.847,48.392,25,400
10,400,a300,edd,0.5,c10_storm_400_a300_c80_0012,1.6120,1.6120,,,218,1,0.1841,0.7549,UNK,20.847,48.392,25,400
10,400,a300,atc,1.0,c10_storm_400_a300_c80_0012,0.0000,0.0000,0.0000,0.0000,194,1,0.1841,0.7549,UNK,20.847,48.392,25,400
10,400,a300,edd,1.0,c10_storm_400_a300_c80_0012,0.0000,0.0000,,,194,1,0.1841,0.7549,UNK,20.847,48.392,25,400
10,400,a300,atc,0.25,c10_storm_400_a300_c80_0013,28.7200,28.7200,25.1944,25.1944,225,1,0.2340,0.4133,E10,22.028,66.949,19,400
10,400,a300,edd,0.25,c10_storm_400_a300_c80_0013,28.7200,28.7200,,,225,1,0.2340,0.4133,E10,22.028,66.949,19,400
10,400,a300,atc,0.5,c10_storm_400_a300_c80_0013,28.7200,28.7200,50.3888,50.3888,218,1,0.2340,0.4133,E10,22.028,66.949,19,400
10,400,a300,edd,0.5,c10_storm_400_a300_c80_0013,28.7200,28.7200,,,218,1,0.2340,0.4133,E10,22.028,66.949,19,400
10,400,a300,atc,1.0,c10_storm_400_a300_c80_0013,100.7776,100.7776,100.7776,100.7776,175,1,0.2340,0.4133,E10,22.028,66.949,19,400
10,400,a300,edd,1.0,c10_storm_400_a300_c80_0013,100.7776,100.7776,,,175,1,0.2340,0.4133,E10,22.028,66.949,19,400
10,400,a300,atc,0.25,c10_storm_400_a300_c80_0014,0.8760,0.8760,0.0000,0.0000,231,1,0.1969,0.4118,C10,21.242,47.117,19,400
10,400,a300,edd,0.25,c10_storm_400_a300_c80_0014,0.8760,0.8760,,,231,1,0.1969,0.4118,C10,21.242,47.117,19,400
10,400,a300,atc,0.5,c10_storm_400_a300_c80_0014,0.0000,0.0000,0.0000,0.0000,229,1,0.1969,0.4118,C10,21.242,47.117,19,400
10,400,a300,edd,0.5,c10_storm_400_a300_c80_0014,0.0000,0.0000,,,229,1,0.1969,0.4118,C10,21.242,47.117,19,400
10,400,a300,atc,1.0,c10_storm_400_a300_c80_0014,37.6832,37.6832,0.0000,0.0000,199,1,0.1969,0.4118,C10,21.242,47.117,19,400
10,400,a300,edd,1.0,c10_storm_400_a300_c80_0014,37.6832,37.6832,,,199,1,0.1969,0.4118,C10,21.242,47.117,19,400
10,400,a300,atc,0.25,c10_storm_400_a300_c80_0015,18.6752,18.6752,0.0000,0.0000,249,1,0.1554,0.2788,D20,21.587,27.044,19,400
10,400,a300,edd,0.25,c10_storm_400_a300_c80_0015,18.6752,18.6752,,,249,1,0.1554,0.2788,D20,21.587,27.044,19,400
10,400,a300,atc,0.5,c10_storm_400_a300_c80_0015,18.6752,18.6752,0.0000,0.0000,220,1,0.1554,0.2788,D20,21.587,27.044,19,400
10,400,a300,edd,0.5,c10_storm_400_a300_c80_0015,18.6752,18.6752,,,220,1,0.1554,0.2788,D20,21.587,27.044,19,400
10,400,a300,atc,1.0,c10_storm_400_a300_c80_0015,18.6752,18.6752,0.0000,0.0000,195,1,0.1554,0.2788,D20,21.587,27.044,19,400
10,400,a300,edd,1.0,c10_storm_400_a300_c80_0015,18.6752,18.6752,,,195,1,0.1554,0.2788,D20,21.587,27.044,19,400
10,400,a300,atc,0.25,c10_storm_400_a300_c80_0016,320.7420,320.7420,181.0936,181.0936,232,1,0.2112,0.7103,UNK,20.491,53.361,24,400
10,400,a300,edd,0.25,c10_storm_400_a300_c80_0016,320.7420,320.7420,,,232,1,0.2112,0.7103,UNK,20.491,53.361,24,400
10,400,a300,atc,0.5,c10_storm_400_a300_c80_0016,311.7496,311.7496,181.0936,181.0936,218,1,0.2112,0.7103,UNK,20.491,53.361,24,400
10,400,a300,edd,0.5,c10_storm_400_a300_c80_0016,311.7496,311.7496,,,218,1,0.2112,0.7103,UNK,20.491,53.361,24,400
10,400,a300,atc,1.0,c10_storm_400_a300_c80_0016,184.4640,184.4640,181.0936,181.0936,185,1,0.2112,0.7103,UNK,20.491,53.361,24,400
10,400,a300,edd,1.0,c10_storm_400_a300_c80_0016,184.4640,184.4640,,,185,1,0.2112,0.7103,UNK,20.491,53.361,24,400
10,400,a300,atc,0.25,c10_storm_400_a300_c80_0017,303.8712,303.8712,353.3504,353.3504,256,1,0.2646,2.7222,UNK,17.630,91.331,28,400
10,400,a300,edd,0.25,c10_storm_400_a300_c80_0017,303.8712,303.8712,,,256,1,0.2646,2.7222,UNK,17.630,91.331,28,400
10,400,a300,atc,0.5,c10_storm_400_a300_c80_0017,654.3928,654.3928,639.8720,639.8720,243,1,0.2646,2.7222,UNK,17.630,91.331,28,400
10,400,a300,edd,0.5,c10_storm_400_a300_c80_0017,654.3928,654.3928,,,243,1,0.2646,2.7222,UNK,17.630,91.331,28,400
10,400,a300,atc,1.0,c10_storm_400_a300_c80_0017,654.3928,654.3928,639.8720,639.8720,196,1,0.2646,2.7222,UNK,17.630,91.331,28,400
10,400,a300,edd,1.0,c10_storm_400_a300_c80_0017,654.3928,654.3928,,,196,1,0.2646,2.7222,UNK,17.630,91.331,28,400
10,400,a300,atc,0.25,c10_storm_400_a300_c80_0018,22.3456,22.3456,0.0000,0.0000,244,1,0.2296,0.5837,C10,19.788,106.118,23,400
10,400,a300,edd,0.25,c10_storm_400_a300_c80_0018,22.3456,22.3456,,,244,1,0.2296,0.5837,C10,19.788,106.118,23,400
10,400,a300,atc,0.5,c10_storm_400_a300_c80_0018,22.3456,22.3456,0.0000,0.0000,236,1,0.2296,0.5837,C10,19.788,106.118,23,400
10,400,a300,edd,0.5,c10_storm_400_a300_c80_0018,22.3456,22.3456,,,236,1,0.2296,0.5837,C10,19.788,106.118,23,400
10,400,a300,atc,1.0,c10_storm_400_a300_c80_0018,0.0000,0.0000,0.0000,0.0000,199,1,0.2296,0.5837,C10,19.788,106.118,23,400
10,400,a300,edd,1.0,c10_storm_400_a300_c80_0018,0.0000,0.0000,,,199,1,0.2296,0.5837,C10,19.788,106.118,23,400
10,400,a300,atc,0.25,c10_storm_400_a300_c80_0019,9.3856,9.3856,35.8352,35.8352,245,1,0.2182,0.3871,UNK,21.905,104.452,23,400
10,400,a300,edd,0.25,c10_storm_400_a300_c80_0019,9.3856,9.3856,,,245,1,0.2182,0.3871,UNK,21.905,104.452,23,400
10,400,a300,atc,0.5,c10_storm_400_a300_c80_0019,81.0560,81.0560,71.6704,71.6704,232,1,0.2182,0.3871,UNK,21.905,104.452,23,400
10,400,a300,edd,0.5,c10_storm_400_a300_c80_0019,81.0560,81.0560,,,232,1,0.2182,0.3871,UNK,21.905,104.452,23,400
10,400,a300,atc,1.0,c10_storm_400_a300_c80_0019,81.0560,81.0560,71.6704,71.6704,193,1,0.2182,0.3871,UNK,21.905,104.452,23,400
10,400,a300,edd,1.0,c10_storm_400_a300_c80_0019,81.0560,81.0560,,,193,1,0.2182,0.3871,UNK,21.905,104.452,23,400
10,400,a300,atc,0.25,c10_storm_400_a300_c80_0020,74.2000,74.2000,0.0000,0.0000,240,1,0.2502,0.5148,UNK,19.641,53.005,31,400
10,400,a300,edd,0.25,c10_storm_400_a300_c80_0020,74.2000,74.2000,,,240,1,0.2502,0.5148,UNK,19.641,53.005,31,400
10,400,a300,atc,0.5,c10_storm_400_a300_c80_0020,74.2000,74.2000,0.0000,0.0000,235,1,0.2502,0.5148,UNK,19.641,53.005,31,400
10,400,a300,edd,0.5,c10_storm_400_a300_c80_0020,74.2000,74.2000,,,235,1,0.2502,0.5148,UNK,19.641,53.005,31,400
10,400,a300,atc,1.0,c10_storm_400_a300_c80_0020,74.2000,74.2000,0.0000,0.0000,212,1,0.2502,0.5148,UNK,19.641,53.005,31,400
10,400,a300,edd,1.0,c10_storm_400_a300_c80_0020,74.2000,74.2000,,,212,1,0.2502,0.5148,UNK,19.641,53.005,31,400
10,400,a300,atc,0.25,c10_storm_400_a300_c80_0021,41.7592,41.7592,0.0000,0.0000,245,1,0.2475,0.4097,D20,19.588,71.007,29,400
10,400,a300,edd,0.25,c10_storm_400_a300_c80_0021,41.7592,41.7592,,,245,1,0.2475,0.4097,D20,19.588,71.007,29,400
10,400,a300,atc,0.5,c10_storm_400_a300_c80_0021,41.7592,41.7592,0.0000,0.0000,235,1,0.2475,0.4097,D20,19.588,71.007,29,400
10,400,a300,edd,0.5,c10_storm_400_a300_c80_0021,41.7592,41.7592,,,235,1,0.2475,0.4097,D20,19.588,71.007,29,400
10,400,a300,atc,1.0,c10_storm_400_a300_c80_0021,0.0000,0.0000,0.0000,0.0000,205,1,0.2475,0.4097,D20,19.588,71.007,29,400
10,400,a300,edd,1.0,c10_storm_400_a300_c80_0021,0.0000,0.0000,,,205,1,0.2475,0.4097,D20,19.588,71.007,29,400
10,400,a300,atc,0.25,c10_storm_400_a300_c80_0022,0.0000,0.0000,0.0000,0.0000,246,1,0.1790,0.4387,E10,20.446,27.007,14,400
10,400,a300,edd,0.25,c10_storm_400_a300_c80_0022,0.0000,0.0000,,,246,1,0.1790,0.4387,E10,20.446,27.007,14,400
10,400,a300,atc,0.5,c10_storm_400_a300_c80_0022,0.0000,0.0000,0.0000,0.0000,226,1,0.1790,0.4387,E10,20.446,27.007,14,400
10,400,a300,edd,0.5,c10_storm_400_a300_c80_0022,0.0000,0.0000,,,226,1,0.1790,0.4387,E10,20.446,27.007,14,400
10,400,a300,atc,1.0,c10_storm_400_a300_c80_0022,0.0000,0.0000,0.0000,0.0000,206,1,0.1790,0.4387,E10,20.446,27.007,14,400
10,400,a300,edd,1.0,c10_storm_400_a300_c80_0022,0.0000,0.0000,,,206,1,0.1790,0.4387,E10,20.446,27.007,14,400
10,400,a300,atc,0.25,c10_storm_400_a300_c80_0023,122.1336,122.1336,122.1336,122.1336,230,1,0.1827,0.3509,D20,19.780,38.963,26,400
10,400,a300,edd,0.25,c10_storm_400_a300_c80_0023,122.1336,122.1336,,,230,1,0.1827,0.3509,D20,19.780,38.963,26,400
10,400,a300,atc,0.5,c10_storm_400_a300_c80_0023,122.1336,122.1336,122.1336,122.1336,225,1,0.1827,0.3509,D20,19.780,38.963,26,400
10,400,a300,edd,0.5,c10_storm_400_a300_c80_0023,122.1336,122.1336,,,225,1,0.1827,0.3509,D20,19.780,38.963,26,400
10,400,a300,atc,1.0,c10_storm_400_a300_c80_0023,132.3480,132.3480,122.1336,122.1336,183,1,0.1827,0.3509,D20,19.780,38.963,26,400
10,400,a300,edd,1.0,c10_storm_400_a300_c80_0023,132.3480,132.3480,,,183,1,0.1827,0.3509,D20,19.780,38.963,26,400
10,400,a300,atc,0.25,c10_storm_400_a300_c80_0024,23.6264,23.6264,0.0000,0.0000,228,1,0.2570,0.3775,E10,19.491,104.603,31,400
10,400,a300,edd,0.25,c10_storm_400_a300_c80_0024,23.6264,23.6264,,,228,1,0.2570,0.3775,E10,19.491,104.603,31,400
10,400,a300,atc,0.5,c10_storm_400_a300_c80_0024,23.6264,23.6264,0.0000,0.0000,223,1,0.2570,0.3775,E10,19.491,104.603,31,400
10,400,a300,edd,0.5,c10_storm_400_a300_c80_0024,23.6264,23.6264,,,223,1,0.2570,0.3775,E10,19.491,104.603,31,400
10,400,a300,atc,1.0,c10_storm_400_a300_c80_0024,0.0000,0.0000,0.0000,0.0000,194,1,0.2570,0.3775,E10,19.491,104.603,31,400
10,400,a300,edd,1.0,c10_storm_400_a300_c80_0024,0.0000,0.0000,,,194,1,0.2570,0.3775,E10,19.491,104.603,31,400
10,400,a300,atc,0.25,c10_storm_400_a300_c80_0025,0.0000,0.0000,0.0000,0.0000,243,1,0.1847,0.3414,E10,19.619,37.578,21,400
10,400,a300,edd,0.25,c10_storm_400_a300_c80_0025,0.0000,0.0000,,,243,1,0.1847,0.3414,E10,19.619,37.578,21,400
10,400,a300,atc,0.5,c10_storm_400_a300_c80_0025,0.0000,0.0000,0.0000,0.0000,236,1,0.1847,0.3414,E10,19.619,37.578,21,400
10,400,a300,edd,0.5,c10_storm_400_a300_c80_0025,0.0000,0.0000,,,236,1,0.1847,0.3414,E10,19.619,37.578,21,400
10,400,a300,atc,1.0,c10_storm_400_a300_c80_0025,0.0000,0.0000,0.0000,0.0000,199,1,0.1847,0.3414,E10,19.619,37.578,21,400
10,400,a300,edd,1.0,c10_storm_400_a300_c80_0025,0.0000,0.0000,,,199,1,0.1847,0.3414,E10,19.619,37.578,21,400
10,400,a300,atc,0.25,c10_storm_400_a300_c80_0026,163.7392,163.7392,163.7392,163.7392,233,1,0.2125,0.2924,E10,19.018,43.505,23,400
10,400,a300,edd,0.25,c10_storm_400_a300_c80_0026,163.7392,163.7392,,,233,1,0.2125,0.2924,E10,19.018,43.505,23,400
10,400,a300,atc,0.5,c10_storm_400_a300_c80_0026,163.7392,163.7392,163.7392,163.7392,223,1,0.2125,0.2924,E10,19.018,43.505,23,400
10,400,a300,edd,0.5,c10_storm_400_a300_c80_0026,163.7392,163.7392,,,223,1,0.2125,0.2924,E10,19.018,43.505,23,400
10,400,a300,atc,1.0,c10_storm_400_a300_c80_0026,163.7392,163.7392,163.7392,163.7392,184,1,0.2125,0.2924,E10,19.018,43.505,23,400
10,400,a300,edd,1.0,c10_storm_400_a300_c80_0026,163.7392,163.7392,,,184,1,0.2125,0.2924,E10,19.018,43.505,23,400
10,400,a300,atc,0.25,c10_storm_400_a300_c80_0027,18.9592,18.9592,18.9592,18.9592,242,1,0.2027,0.4267,C10,18.834,47.587,24,400
10,400,a300,edd,0.25,c10_storm_400_a300_c80_0027,18.9592,18.9592,,,242,1,0.2027,0.4267,C10,18.834,47.587,24,400
10,400,a300,atc,0.5,c10_storm_400_a300_c80_0027,18.9592,18.9592,18.9592,18.9592,232,1,0.2027,0.4267,C10,18.834,47.587,24,400
10,400,a300,edd,0.5,c10_storm_400_a300_c80_0027,18.9592,18.9592,,,232,1,0.2027,0.4267,C10,18.834,47.587,24,400
10,400,a300,atc,1.0,c10_storm_400_a300_c80_0027,18.9592,18.9592,18.9592,18.9592,192,1,0.2027,0.4267,C10,18.834,47.587,24,400
10,400,a300,edd,1.0,c10_storm_400_a300_c80_0027,18.9592,18.9592,,,192,1,0.2027,0.4267,C10,18.834,47.587,24,400
10,400,a300,atc,0.25,c10_storm_400_a300_c80_0028,0.0000,0.0000,0.0000,0.0000,239,1,0.1483,0.3138,D50,22.508,29.941,16,400
10,400,a300,edd,0.25,c10_storm_400_a300_c80_0028,0.0000,0.0000,,,239,1,0.1483,0.3138,D50,22.508,29.941,16,400
10,400,a300,atc,0.5,c10_storm_400_a300_c80_0028,21.7040,21.7040,0.0000,0.0000,216,1,0.1483,0.3138,D50,22.508,29.941,16,400
10,400,a300,edd,0.5,c10_storm_400_a300_c80_0028,21.7040,21.7040,,,216,1,0.1483,0.3138,D50,22.508,29.941,16,400
10,400,a300,atc,1.0,c10_storm_400_a300_c80_0028,23.7728,23.7728,0.0000,0.0000,197,1,0.1483,0.3138,D50,22.508,29.941,16,400
10,400,a300,edd,1.0,c10_storm_400_a300_c80_0028,23.7728,23.7728,,,197,1,0.1483,0.3138,D50,22.508,29.941,16,400
10,400,a300,atc,0.25,c10_storm_400_a300_c80_0029,257.3684,257.3684,255.2748,255.2748,228,1,0.2495,2.2482,UNK,19.531,104.505,27,400
10,400,a300,edd,0.25,c10_storm_400_a300_c80_0029,257.3684,257.3684,,,228,1,0.2495,2.2482,UNK,19.531,104.505,27,400
10,400,a300,atc,0.5,c10_storm_400_a300_c80_0029,257.3684,257.3684,255.2748,255.2748,221,1,0.2495,2.2482,UNK,19.531,104.505,27,400
10,400,a300,edd,0.5,c10_storm_400_a300_c80_0029,257.3684,257.3684,,,221,1,0.2495,2.2482,UNK,19.531,104.505,27,400
10,400,a300,atc,1.0,c10_storm_400_a300_c80_0029,257.3684,257.3684,255.2748,255.2748,187,1,0.2495,2.2482,UNK,19.531,104.505,27,400
10,400,a300,edd,1.0,c10_storm_400_a300_c80_0029,257.3684,257.3684,,,187,1,0.2495,2.2482,UNK,19.531,104.505,27,400
