campus,track,size,alpha,inst_id,n_bldg,n_restr_bldg,n_restr_jobs,rule_rec,rule_access,rule_twt,rule_feas,reorder_twt,reorder_access,reorder_feas,defer_twt,defer_rec,defer_access,defer_feas
5,replay,150,0.1,c05_replay_150_0000,28,2,3,0.0,0.0,0.0,True,0.0,0.0,True,0.0,0.0,0.0,True
5,replay,150,0.2,c05_replay_150_0000,28,6,28,0.0,1280.0,1280.0,True,1280.0,1280.0,True,0.0,0.0,0.0,True
5,replay,150,0.1,c05_replay_150_0001,81,6,12,0.0,192.0,192.0,True,192.0,192.0,True,0.0,0.0,0.0,True
5,replay,150,0.2,c05_replay_150_0001,81,15,25,0.0,448.0,448.0,True,448.0,448.0,True,0.0,0.0,0.0,True
5,replay,150,0.1,c05_replay_150_0002,69,4,7,0.0,128.0,128.0,True,128.0,128.0,True,0.0,0.0,0.0,True
5,replay,150,0.2,c05_replay_150_0002,69,10,18,0.0,192.0,192.0,True,192.0,192.0,True,0.0,0.0,0.0,True
5,replay,150,0.1,c05_replay_150_0003,52,4,9,0.0,192.0,192.0,True,192.0,192.0,True,0.0,0.0,0.0,True
5,replay,150,0.2,c05_replay_150_0003,52,7,14,0.0,320.0,320.0,True,320.0,320.0,True,0.0,0.0,0.0,True
5,replay,150,0.1,c05_replay_150_0004,74,7,15,0.0,64.0,64.0,True,64.0,64.0,True,0.0,0.0,0.0,True
5,replay,150,0.2,c05_replay_150_0004,74,15,31,0.0,384.0,384.0,True,384.0,384.0,True,0.0,0.0,0.0,True
5,replay,150,0.1,c05_replay_150_0005,75,16,35,0.0,192.0,192.0,True,192.0,192.0,True,0.0,0.0,0.0,True
5,replay,150,0.2,c05_replay_150_0005,75,25,56,0.0,704.0,704.0,True,704.0,704.0,True,0.0,0.0,0.0,True
5,replay,150,0.1,c05_replay_150_0006,68,6,10,0.0,256.0,256.0,True,256.0,256.0,True,0.0,0.0,0.0,True
5,replay,150,0.2,c05_replay_150_0006,68,14,39,0.0,640.0,640.0,True,320.0,320.0,True,0.0,0.0,0.0,True
5,replay,150,0.1,c05_replay_150_0007,67,7,16,0.0,256.0,256.0,True,64.0,64.0,True,0.0,0.0,0.0,True
5,replay,150,0.2,c05_replay_150_0007,67,10,22,0.0,448.0,448.0,True,192.0,192.0,True,0.0,0.0,0.0,True
5,replay,150,0.1,c05_replay_150_0008,65,2,7,21.729600000000005,320.0,341.7296,True,341.7296,320.0,True,21.729600000000005,21.729600000000005,0.0,True
5,replay,150,0.2,c05_replay_150_0008,65,9,16,21.729600000000005,512.0,533.7296,True,533.7296,512.0,True,21.729600000000005,21.729600000000005,0.0,True
5,replay,150,0.1,c05_replay_150_0009,87,3,9,0.0,64.0,64.0,True,64.0,64.0,True,0.0,0.0,0.0,True
5,replay,150,0.2,c05_replay_150_0009,87,11,22,0.0,384.0,384.0,True,384.0,384.0,True,0.0,0.0,0.0,True
5,replay,150,0.1,c05_replay_150_0010,55,6,9,0.0,128.0,128.0,True,128.0,128.0,True,0.0,0.0,0.0,True
5,replay,150,0.2,c05_replay_150_0010,55,13,19,0.0,192.0,192.0,True,192.0,192.0,True,0.0,0.0,0.0,True
5,replay,150,0.1,c05_replay_150_0011,39,3,9,0.0,0.0,0.0,True,0.0,0.0,True,0.0,0.0,0.0,True
5,replay,150,0.2,c05_replay_150_0011,39,6,12,0.0,0.0,0.0,True,0.0,0.0,True,0.0,0.0,0.0,True
5,replay,150,0.1,c05_replay_150_0012,74,8,10,0.0,192.0,192.0,True,192.0,192.0,True,0.0,0.0,0.0,True
5,replay,150,0.2,c05_replay_150_0012,74,15,26,0.0,448.0,448.0,True,448.0,448.0,True,0.0,0.0,0.0,True
5,replay,150,0.1,c05_replay_150_0013,14,2,45,0.0,0.0,0.0,True,0.0,0.0,True,0.0,0.0,0.0,True
5,replay,150,0.2,c05_replay_150_0013,14,2,45,0.0,0.0,0.0,True,0.0,0.0,True,0.0,0.0,0.0,True
5,replay,150,0.1,c05_replay_150_0014,64,7,17,0.0,384.0,384.0,True,384.0,384.0,True,0.0,0.0,0.0,True
5,replay,150,0.2,c05_replay_150_0014,64,14,30,0.0,640.0,640.0,True,640.0,640.0,True,0.0,0.0,0.0,True
5,replay,150,0.1,c05_replay_150_0015,76,5,10,0.0,64.0,64.0,True,0.0,0.0,True,0.0,0.0,0.0,True
5,replay,150,0.2,c05_replay_150_0015,76,13,27,0.0,320.0,320.0,True,320.0,320.0,True,0.0,0.0,0.0,True
5,replay,150,0.1,c05_replay_150_0016,74,8,13,0.0,192.0,192.0,True,192.0,192.0,True,0.0,0.0,0.0,True
5,replay,150,0.2,c05_replay_150_0016,74,14,25,0.0,320.0,320.0,True,320.0,320.0,True,0.0,0.0,0.0,True
5,replay,150,0.1,c05_replay_150_0017,72,5,8,0.0,192.0,192.0,True,192.0,192.0,True,0.0,0.0,0.0,True
5,replay,150,0.2,c05_replay_150_0017,72,15,28,0.0,640.0,640.0,True,640.0,640.0,True,0.0,0.0,0.0,True
5,replay,150,0.1,c05_replay_150_0018,72,8,12,21.729600000000005,192.0,213.7296,True,213.7296,192.0,True,21.729600000000005,21.729600000000005,0.0,True
5,replay,150,0.2,c05_replay_150_0018,72,15,21,21.729600000000005,192.0,213.7296,True,213.7296,192.0,True,21.729600000000005,21.729600000000005,0.0,True
5,replay,150,0.1,c05_replay_150_0019,79,7,10,0.0,64.0,64.0,True,64.0,64.0,True,0.0,0.0,0.0,True
5,replay,150,0.2,c05_replay_150_0019,79,14,27,0.0,320.0,320.0,True,320.0,320.0,True,0.0,0.0,0.0,True
5,replay,150,0.1,c05_replay_150_0020,73,9,18,0.0,256.0,256.0,True,256.0,256.0,True,0.0,0.0,0.0,True
5,replay,150,0.2,c05_replay_150_0020,73,22,41,0.0,768.0,768.0,True,768.0,768.0,True,0.0,0.0,0.0,True
5,replay,150,0.1,c05_replay_150_0021,87,5,8,21.729600000000005,256.0,277.7296,True,277.7296,256.0,True,21.729600000000005,21.729600000000005,0.0,True
5,replay,150,0.2,c05_replay_150_0021,87,10,14,21.729600000000005,320.0,341.7296,True,341.7296,320.0,True,21.729600000000005,21.729600000000005,0.0,True
5,replay,150,0.1,c05_replay_150_0022,74,7,14,0.0,256.0,256.0,True,256.0,256.0,True,0.0,0.0,0.0,True
5,replay,150,0.2,c05_replay_150_0022,74,13,20,0.0,384.0,384.0,True,384.0,384.0,True,0.0,0.0,0.0,True
5,replay,150,0.1,c05_replay_150_0023,71,11,40,0.0,640.0,640.0,True,640.0,640.0,True,0.0,0.0,0.0,True
5,replay,150,0.2,c05_replay_150_0023,71,14,44,0.0,768.0,768.0,True,768.0,768.0,True,0.0,0.0,0.0,True
5,replay,150,0.1,c05_replay_150_0024,75,5,6,0.0,0.0,0.0,True,0.0,0.0,True,0.0,0.0,0.0,True
5,replay,150,0.2,c05_replay_150_0024,75,8,10,0.0,0.0,0.0,True,0.0,0.0,True,0.0,0.0,0.0,True
5,replay,150,0.1,c05_replay_150_0025,80,9,23,0.0,384.0,384.0,True,320.0,320.0,True,0.0,0.0,0.0,True
5,replay,150,0.2,c05_replay_150_0025,80,17,38,0.0,576.0,576.0,True,512.0,512.0,True,0.0,0.0,0.0,True
5,replay,150,0.1,c05_replay_150_0026,71,8,19,0.0,128.0,128.0,True,128.0,128.0,True,0.0,0.0,0.0,True
5,replay,150,0.2,c05_replay_150_0026,71,11,26,0.0,192.0,192.0,True,192.0,192.0,True,0.0,0.0,0.0,True
5,replay,150,0.1,c05_replay_150_0027,65,6,14,0.0,384.0,384.0,True,384.0,384.0,True,0.0,0.0,0.0,True
5,replay,150,0.2,c05_replay_150_0027,65,12,33,0.0,512.0,512.0,True,512.0,512.0,True,0.0,0.0,0.0,True
5,replay,150,0.1,c05_replay_150_0028,37,5,41,0.0,0.0,0.0,True,0.0,0.0,True,0.0,0.0,0.0,True
5,replay,150,0.2,c05_replay_150_0028,37,9,60,0.0,0.0,0.0,True,0.0,0.0,True,0.0,0.0,0.0,True
5,replay,150,0.1,c05_replay_150_0029,67,6,10,0.0,64.0,64.0,True,64.0,64.0,True,0.0,0.0,0.0,True
5,replay,150,0.2,c05_replay_150_0029,67,16,32,0.0,512.0,512.0,True,512.0,512.0,True,0.0,0.0,0.0,True
5,replay,150,0.1,c05_replay_150_0030,54,7,22,0.0,384.0,384.0,True,384.0,384.0,True,0.0,0.0,0.0,True
5,replay,150,0.2,c05_replay_150_0030,54,10,35,0.0,448.0,448.0,True,448.0,448.0,True,0.0,0.0,0.0,True
5,replay,150,0.1,c05_replay_150_0031,76,6,11,0.0,256.0,256.0,True,256.0,256.0,True,0.0,0.0,0.0,True
5,replay,150,0.2,c05_replay_150_0031,76,11,21,0.0,384.0,384.0,True,384.0,384.0,True,0.0,0.0,0.0,True
5,replay,150,0.1,c05_replay_150_0032,71,6,14,0.0,256.0,256.0,True,256.0,256.0,True,0.0,0.0,0.0,True
5,replay,150,0.2,c05_replay_150_0032,71,13,30,0.0,448.0,448.0,True,448.0,448.0,True,0.0,0.0,0.0,True
5,replay,150,0.1,c05_replay_150_0033,69,7,17,0.0,192.0,192.0,True,192.0,192.0,True,0.0,0.0,0.0,True
5,replay,150,0.2,c05_replay_150_0033,69,11,26,0.0,256.0,256.0,True,256.0,256.0,True,0.0,0.0,0.0,True
5,replay,150,0.1,c05_replay_150_0034,66,7,15,442.50070000000005,448.0,890.5007,True,495.8040000000002,0.0,True,495.8040000000002,495.8040000000002,0.0,True
5,replay,150,0.2,c05_replay_150_0034,66,15,37,442.50070000000005,1024.0,1466.5007,True,518.5887000000002,0.0,True,518.5887000000002,518.5887000000002,0.0,True
5,replay,150,0.1,c05_replay_150_0035,74,12,22,0.0,192.0,192.0,True,192.0,192.0,True,0.0,0.0,0.0,True
5,replay,150,0.2,c05_replay_150_0035,74,20,34,0.0,320.0,320.0,True,256.0,256.0,True,0.0,0.0,0.0,True
5,replay,150,0.1,c05_replay_150_0036,77,7,12,21.729600000000005,256.0,277.7296,True,277.7296,256.0,True,21.729600000000005,21.729600000000005,0.0,True
5,replay,150,0.2,c05_replay_150_0036,77,11,17,21.729600000000005,320.0,341.7296,True,341.7296,320.0,True,21.729600000000005,21.729600000000005,0.0,True
5,replay,150,0.1,c05_replay_150_0037,60,8,13,0.0,192.0,192.0,True,192.0,192.0,True,0.0,0.0,0.0,True
5,replay,150,0.2,c05_replay_150_0037,60,11,20,0.0,192.0,192.0,True,192.0,192.0,True,0.0,0.0,0.0,True
5,replay,150,0.1,c05_replay_150_0038,76,9,16,0.0,128.0,128.0,True,128.0,128.0,True,0.0,0.0,0.0,True
5,replay,150,0.2,c05_replay_150_0038,76,14,33,0.0,320.0,320.0,True,320.0,320.0,True,0.0,0.0,0.0,True
5,replay,150,0.1,c05_replay_150_0039,74,6,13,0.0,64.0,64.0,True,64.0,64.0,True,0.0,0.0,0.0,True
5,replay,150,0.2,c05_replay_150_0039,74,15,30,0.0,256.0,256.0,True,256.0,256.0,True,0.0,0.0,0.0,True
5,replay,150,0.1,c05_replay_150_0040,76,6,6,0.0,128.0,128.0,True,128.0,128.0,True,0.0,0.0,0.0,True
5,replay,150,0.2,c05_replay_150_0040,76,16,21,0.0,384.0,384.0,True,384.0,384.0,True,0.0,0.0,0.0,True
5,replay,150,0.1,c05_replay_150_0041,73,7,16,0.0,0.0,0.0,True,0.0,0.0,True,0.0,0.0,0.0,True
5,replay,150,0.2,c05_replay_150_0041,73,15,34,0.0,0.0,0.0,True,0.0,0.0,True,0.0,0.0,0.0,True
5,replay,150,0.1,c05_replay_150_0042,70,8,16,0.0,192.0,192.0,True,192.0,192.0,True,0.0,0.0,0.0,True
5,replay,150,0.2,c05_replay_150_0042,70,14,24,0.0,384.0,384.0,True,384.0,384.0,True,0.0,0.0,0.0,True
5,replay,150,0.1,c05_replay_150_0043,74,7,20,0.0,384.0,384.0,True,384.0,384.0,True,0.0,0.0,0.0,True
5,replay,150,0.2,c05_replay_150_0043,74,12,29,0.0,448.0,448.0,True,448.0,448.0,True,0.0,0.0,0.0,True
5,replay,150,0.1,c05_replay_150_0044,62,8,29,0.0,64.0,64.0,True,64.0,64.0,True,0.0,0.0,0.0,True
5,replay,150,0.2,c05_replay_150_0044,62,14,36,0.0,128.0,128.0,True,128.0,128.0,True,0.0,0.0,0.0,True
5,replay,150,0.1,c05_replay_150_0045,77,7,11,0.0,256.0,256.0,True,256.0,256.0,True,0.0,0.0,0.0,True
5,replay,150,0.2,c05_replay_150_0045,77,11,16,0.0,256.0,256.0,True,256.0,256.0,True,0.0,0.0,0.0,True
5,replay,150,0.1,c05_replay_150_0046,60,5,14,0.0,128.0,128.0,True,128.0,128.0,True,0.0,0.0,0.0,True
5,replay,150,0.2,c05_replay_150_0046,60,9,28,0.0,256.0,256.0,True,256.0,256.0,True,0.0,0.0,0.0,True
5,replay,150,0.1,c05_replay_150_0047,69,5,10,0.0,64.0,64.0,True,64.0,64.0,True,0.0,0.0,0.0,True
5,replay,150,0.2,c05_replay_150_0047,69,18,32,0.0,320.0,320.0,True,320.0,320.0,True,0.0,0.0,0.0,True
5,replay,150,0.1,c05_replay_150_0048,67,5,15,4.0,128.0,132.0,True,132.0,128.0,True,4.0,4.0,0.0,True
5,replay,150,0.2,c05_replay_150_0048,67,18,40,4.0,384.0,388.0,True,388.0,384.0,True,4.0,4.0,0.0,True
5,replay,150,0.1,c05_replay_150_0049,73,11,28,0.0,320.0,320.0,True,320.0,320.0,True,0.0,0.0,0.0,True
5,replay,150,0.2,c05_replay_150_0049,73,15,35,0.0,512.0,512.0,True,512.0,512.0,True,0.0,0.0,0.0,True
5,replay,150,0.1,c05_replay_150_0050,69,5,9,0.0,192.0,192.0,True,192.0,192.0,True,0.0,0.0,0.0,True
5,replay,150,0.2,c05_replay_150_0050,69,9,17,0.0,384.0,384.0,True,384.0,384.0,True,0.0,0.0,0.0,True
5,replay,150,0.1,c05_replay_150_0051,75,7,14,0.0,64.0,64.0,True,64.0,64.0,True,0.0,0.0,0.0,True
5,replay,150,0.2,c05_replay_150_0051,75,11,21,0.0,320.0,320.0,True,320.0,320.0,True,0.0,0.0,0.0,True
5,replay,150,0.1,c05_replay_150_0052,69,11,21,0.0,448.0,448.0,True,128.0,128.0,True,0.0,0.0,0.0,True
5,replay,150,0.2,c05_replay_150_0052,69,21,59,0.0,1728.0,1728.0,True,768.0,768.0,True,0.0,0.0,0.0,True
5,replay,150,0.1,c05_replay_150_0053,78,8,13,0.0,320.0,320.0,True,320.0,320.0,True,0.0,0.0,0.0,True
5,replay,150,0.2,c05_replay_150_0053,78,14,28,0.0,640.0,640.0,True,640.0,640.0,True,0.0,0.0,0.0,True
5,replay,150,0.1,c05_replay_150_0054,72,7,18,0.0,64.0,64.0,True,64.0,64.0,True,0.0,0.0,0.0,True
5,replay,150,0.2,c05_replay_150_0054,72,16,33,0.0,192.0,192.0,True,192.0,192.0,True,0.0,0.0,0.0,True
5,replay,150,0.1,c05_replay_150_0055,72,6,14,0.0,64.0,64.0,True,64.0,64.0,True,0.0,0.0,0.0,True
5,replay,150,0.2,c05_replay_150_0055,72,11,23,0.0,256.0,256.0,True,256.0,256.0,True,0.0,0.0,0.0,True
5,replay,150,0.1,c05_replay_150_0056,72,10,29,0.0,768.0,768.0,True,768.0,768.0,True,0.0,0.0,0.0,True
5,replay,150,0.2,c05_replay_150_0056,72,13,34,0.0,960.0,960.0,True,960.0,960.0,True,0.0,0.0,0.0,True
5,replay,150,0.1,c05_replay_150_0057,67,9,15,0.0,256.0,256.0,True,256.0,256.0,True,0.0,0.0,0.0,True
5,replay,150,0.2,c05_replay_150_0057,67,15,23,0.0,256.0,256.0,True,256.0,256.0,True,0.0,0.0,0.0,True
5,replay,150,0.1,c05_replay_150_0058,66,9,23,0.0,384.0,384.0,True,384.0,384.0,True,0.0,0.0,0.0,True
5,replay,150,0.2,c05_replay_150_0058,66,17,40,0.0,448.0,448.0,True,448.0,448.0,True,0.0,0.0,0.0,True
5,replay,150,0.1,c05_replay_150_0059,59,2,2,25.43180000000001,0.0,25.43180000000001,True,25.43180000000001,0.0,True,25.43180000000001,25.43180000000001,0.0,True
5,replay,150,0.2,c05_replay_150_0059,59,6,7,25.43180000000001,0.0,25.43180000000001,True,25.43180000000001,0.0,True,25.43180000000001,25.43180000000001,0.0,True
5,replay,150,0.1,c05_replay_150_0060,69,10,15,21.729600000000005,192.0,213.7296,True,213.7296,192.0,True,21.729600000000005,21.729600000000005,0.0,True
5,replay,150,0.2,c05_replay_150_0060,69,15,25,21.729600000000005,384.0,405.7296,True,405.7296,384.0,True,21.729600000000005,21.729600000000005,0.0,True
5,replay,150,0.1,c05_replay_150_0061,74,15,30,0.0,384.0,384.0,True,384.0,384.0,True,0.0,0.0,0.0,True
5,replay,150,0.2,c05_replay_150_0061,74,21,42,0.0,704.0,704.0,True,704.0,704.0,True,0.0,0.0,0.0,True
5,replay,150,0.1,c05_replay_150_0062,82,13,21,0.0,320.0,320.0,True,320.0,320.0,True,0.0,0.0,0.0,True
5,replay,150,0.2,c05_replay_150_0062,82,21,40,0.0,576.0,576.0,True,576.0,576.0,True,0.0,0.0,0.0,True
5,replay,150,0.1,c05_replay_150_0063,73,5,13,0.0,64.0,64.0,True,64.0,64.0,True,0.0,0.0,0.0,True
5,replay,150,0.2,c05_replay_150_0063,73,14,26,0.0,64.0,64.0,True,64.0,64.0,True,0.0,0.0,0.0,True
5,replay,150,0.1,c05_replay_150_0064,74,4,9,21.729600000000005,192.0,213.7296,True,213.7296,192.0,True,21.729600000000005,21.729600000000005,0.0,True
5,replay,150,0.2,c05_replay_150_0064,74,9,19,21.729600000000005,384.0,405.7296,True,405.7296,384.0,True,21.729600000000005,21.729600000000005,0.0,True
5,replay,150,0.1,c05_replay_150_0065,79,10,14,21.729600000000005,192.0,213.7296,True,149.7296,128.0,True,21.729600000000005,21.729600000000005,0.0,True
5,replay,150,0.2,c05_replay_150_0065,79,16,30,21.729600000000005,640.0,661.7296,True,405.7296,384.0,True,21.729600000000005,21.729600000000005,0.0,True
5,replay,150,0.1,c05_replay_150_0066,64,8,21,0.0,448.0,448.0,True,448.0,448.0,True,0.0,0.0,0.0,True
5,replay,150,0.2,c05_replay_150_0066,64,11,29,0.0,576.0,576.0,True,576.0,576.0,True,0.0,0.0,0.0,True
5,replay,150,0.1,c05_replay_150_0067,72,4,6,0.0,64.0,64.0,True,0.0,0.0,True,0.0,0.0,0.0,True
5,replay,150,0.2,c05_replay_150_0067,72,11,19,0.0,128.0,128.0,True,64.0,64.0,True,0.0,0.0,0.0,True
5,replay,150,0.1,c05_replay_150_0068,74,9,21,0.0,320.0,320.0,True,320.0,320.0,True,0.0,0.0,0.0,True
5,replay,150,0.2,c05_replay_150_0068,74,19,41,0.0,704.0,704.0,True,704.0,704.0,True,0.0,0.0,0.0,True
5,replay,150,0.1,c05_replay_150_0069,72,12,24,21.729600000000005,384.0,405.7296,True,405.7296,384.0,True,21.729600000000005,21.729600000000005,0.0,True
5,replay,150,0.2,c05_replay_150_0069,72,15,29,21.729600000000005,448.0,469.7296,True,469.7296,448.0,True,21.729600000000005,21.729600000000005,0.0,True
5,replay,150,0.1,c05_replay_150_0070,58,5,8,0.0,192.0,192.0,True,192.0,192.0,True,0.0,0.0,0.0,True
5,replay,150,0.2,c05_replay_150_0070,58,13,32,0.0,448.0,448.0,True,448.0,448.0,True,0.0,0.0,0.0,True
5,replay,150,0.1,c05_replay_150_0071,73,8,16,0.0,256.0,256.0,True,256.0,256.0,True,0.0,0.0,0.0,True
5,replay,150,0.2,c05_replay_150_0071,73,15,26,0.0,448.0,448.0,True,448.0,448.0,True,0.0,0.0,0.0,True
5,replay,150,0.1,c05_replay_150_0072,75,8,13,0.0,128.0,128.0,True,128.0,128.0,True,0.0,0.0,0.0,True
5,replay,150,0.2,c05_replay_150_0072,75,17,29,0.0,384.0,384.0,True,384.0,384.0,True,0.0,0.0,0.0,True
5,replay,150,0.1,c05_replay_150_0073,70,9,25,0.0,704.0,704.0,True,704.0,704.0,True,0.0,0.0,0.0,True
5,replay,150,0.2,c05_replay_150_0073,70,15,39,0.0,960.0,960.0,True,960.0,960.0,True,0.0,0.0,0.0,True
5,replay,150,0.1,c05_replay_150_0074,73,10,24,6.0,448.0,454.0,True,454.0,448.0,True,6.0978000000000065,6.0978000000000065,0.0,True
5,replay,150,0.2,c05_replay_150_0074,73,15,33,6.0,512.0,518.0,True,518.0,512.0,True,9.097800000000007,9.097800000000007,0.0,True
5,replay,150,0.1,c05_replay_150_0075,68,6,9,0.0,0.0,0.0,True,0.0,0.0,True,0.0,0.0,0.0,True
5,replay,150,0.2,c05_replay_150_0075,68,10,17,0.0,0.0,0.0,True,0.0,0.0,True,0.0,0.0,0.0,True
5,replay,150,0.1,c05_replay_150_0076,68,6,16,0.0,384.0,384.0,True,384.0,384.0,True,0.0,0.0,0.0,True
5,replay,150,0.2,c05_replay_150_0076,68,13,31,0.0,640.0,640.0,True,640.0,640.0,True,0.0,0.0,0.0,True
5,replay,150,0.1,c05_replay_150_0077,73,7,11,0.0,192.0,192.0,True,192.0,192.0,True,0.0,0.0,0.0,True
5,replay,150,0.2,c05_replay_150_0077,73,13,20,0.0,320.0,320.0,True,320.0,320.0,True,0.0,0.0,0.0,True
5,replay,150,0.1,c05_replay_150_0078,71,10,23,0.0,576.0,576.0,True,576.0,576.0,True,0.0,0.0,0.0,True
5,replay,150,0.2,c05_replay_150_0078,71,19,42,0.0,1024.0,1024.0,True,1024.0,1024.0,True,0.0,0.0,0.0,True
5,replay,150,0.1,c05_replay_150_0079,73,5,7,0.0,64.0,64.0,True,64.0,64.0,True,0.0,0.0,0.0,True
5,replay,150,0.2,c05_replay_150_0079,73,9,13,0.0,128.0,128.0,True,128.0,128.0,True,0.0,0.0,0.0,True
5,replay,150,0.1,c05_replay_150_0080,69,10,15,0.0,256.0,256.0,True,256.0,256.0,True,0.0,0.0,0.0,True
5,replay,150,0.2,c05_replay_150_0080,69,15,25,0.0,512.0,512.0,True,512.0,512.0,True,0.0,0.0,0.0,True
5,replay,150,0.1,c05_replay_150_0081,70,9,17,0.0,256.0,256.0,True,256.0,256.0,True,0.0,0.0,0.0,True
5,replay,150,0.2,c05_replay_150_0081,70,18,33,0.0,384.0,384.0,True,320.0,320.0,True,0.0,0.0,0.0,True
5,replay,150,0.1,c05_replay_150_0082,68,3,6,0.0,128.0,128.0,True,0.0,0.0,True,0.0,0.0,0.0,True
5,replay,150,0.2,c05_replay_150_0082,68,9,25,0.0,576.0,576.0,True,192.0,192.0,True,0.0,0.0,0.0,True
5,replay,150,0.1,c05_replay_150_0083,66,9,18,0.0,640.0,640.0,True,128.0,128.0,True,0.0,0.0,0.0,True
5,replay,150,0.2,c05_replay_150_0083,66,14,31,0.0,640.0,640.0,True,128.0,128.0,True,0.0,0.0,0.0,True
5,replay,150,0.1,c05_replay_150_0084,75,7,15,0.0,320.0,320.0,True,320.0,320.0,True,0.0,0.0,0.0,True
5,replay,150,0.2,c05_replay_150_0084,75,12,27,0.0,576.0,576.0,True,576.0,576.0,True,0.0,0.0,0.0,True
5,replay,150,0.1,c05_replay_150_0085,75,10,23,0.0,384.0,384.0,True,384.0,384.0,True,0.0,0.0,0.0,True
5,replay,150,0.2,c05_replay_150_0085,75,15,39,0.0,576.0,576.0,True,576.0,576.0,True,0.0,0.0,0.0,True
5,replay,150,0.1,c05_replay_150_0086,45,3,3,0.0,64.0,64.0,True,64.0,64.0,True,0.0,0.0,0.0,True
5,replay,150,0.2,c05_replay_150_0086,45,6,8,0.0,192.0,192.0,True,192.0,192.0,True,0.0,0.0,0.0,True
5,replay,150,0.1,c05_replay_150_0087,79,8,11,0.0,128.0,128.0,True,128.0,128.0,True,0.0,0.0,0.0,True
5,replay,150,0.2,c05_replay_150_0087,79,12,17,0.0,192.0,192.0,True,192.0,192.0,True,0.0,0.0,0.0,True
5,replay,150,0.1,c05_replay_150_0088,65,4,8,0.0,128.0,128.0,True,0.0,0.0,True,0.0,0.0,0.0,True
5,replay,150,0.2,c05_replay_150_0088,65,10,19,0.0,320.0,320.0,True,0.0,0.0,True,0.0,0.0,0.0,True
5,replay,150,0.1,c05_replay_150_0089,70,4,10,0.0,320.0,320.0,True,320.0,320.0,True,0.0,0.0,0.0,True
5,replay,150,0.2,c05_replay_150_0089,70,5,11,0.0,320.0,320.0,True,320.0,320.0,True,0.0,0.0,0.0,True
5,replay,150,0.1,c05_replay_150_0090,74,4,6,0.0,64.0,64.0,True,64.0,64.0,True,0.0,0.0,0.0,True
5,replay,150,0.2,c05_replay_150_0090,74,17,31,0.0,576.0,576.0,True,576.0,576.0,True,0.0,0.0,0.0,True
5,replay,150,0.1,c05_replay_150_0091,71,6,11,0.0,256.0,256.0,True,256.0,256.0,True,0.0,0.0,0.0,True
5,replay,150,0.2,c05_replay_150_0091,71,15,25,0.0,576.0,576.0,True,576.0,576.0,True,0.0,0.0,0.0,True
5,replay,150,0.1,c05_replay_150_0092,70,4,10,0.0,128.0,128.0,True,128.0,128.0,True,0.0,0.0,0.0,True
5,replay,150,0.2,c05_replay_150_0092,70,14,28,0.0,704.0,704.0,True,704.0,704.0,True,0.0,0.0,0.0,True
5,replay,150,0.1,c05_replay_150_0093,65,5,12,21.729599999999976,192.0,213.72959999999998,True,213.72959999999998,192.0,True,21.729599999999976,21.729599999999976,0.0,True
5,replay,150,0.2,c05_replay_150_0093,65,12,30,21.729599999999976,512.0,533.7296,True,533.7296,512.0,True,22.192399999999992,22.192399999999992,0.0,True
5,replay,150,0.1,c05_replay_150_0094,68,4,4,0.0,128.0,128.0,True,128.0,128.0,True,0.0,0.0,0.0,True
5,replay,150,0.2,c05_replay_150_0094,68,12,22,0.0,512.0,512.0,True,512.0,512.0,True,0.0,0.0,0.0,True
5,replay,150,0.1,c05_replay_150_0095,76,11,19,43.45920000000001,448.0,491.4592,True,491.4592,448.0,True,43.45920000000001,43.45920000000001,0.0,True
5,replay,150,0.2,c05_replay_150_0095,76,15,24,43.45920000000001,576.0,619.4592,True,619.4592,576.0,True,43.45920000000001,43.45920000000001,0.0,True
5,replay,150,0.1,c05_replay_150_0096,78,8,12,11.400000000000006,256.0,267.4,True,267.4,256.0,True,11.400000000000006,11.400000000000006,0.0,True
5,replay,150,0.2,c05_replay_150_0096,78,16,27,11.400000000000006,576.0,587.4,True,587.4,576.0,True,11.400000000000006,11.400000000000006,0.0,True
5,replay,150,0.1,c05_replay_150_0097,67,7,14,0.0,128.0,128.0,True,128.0,128.0,True,0.0,0.0,0.0,True
5,replay,150,0.2,c05_replay_150_0097,67,13,27,0.0,256.0,256.0,True,256.0,256.0,True,0.0,0.0,0.0,True
5,replay,150,0.1,c05_replay_150_0098,70,4,11,0.0,64.0,64.0,True,64.0,64.0,True,0.0,0.0,0.0,True
5,replay,150,0.2,c05_replay_150_0098,70,13,28,0.0,256.0,256.0,True,256.0,256.0,True,0.0,0.0,0.0,True
5,replay,150,0.1,c05_replay_150_0099,79,10,17,0.0,448.0,448.0,True,448.0,448.0,True,0.0,0.0,0.0,True
5,replay,150,0.2,c05_replay_150_0099,79,18,41,0.0,1152.0,1152.0,True,1152.0,1152.0,True,0.0,0.0,0.0,True
5,replay,400,0.1,c05_replay_400_0000,107,12,25,21.729600000000005,512.0,533.7296,True,533.7296,512.0,True,21.729600000000005,21.729600000000005,0.0,True
5,replay,400,0.2,c05_replay_400_0000,107,23,59,21.729600000000005,1088.0,1109.7296000000001,True,1109.7296000000001,1088.0,True,21.729600000000005,21.729600000000005,0.0,True
5,replay,400,0.1,c05_replay_400_0001,118,8,22,0.0,384.0,384.0,True,384.0,384.0,True,0.0,0.0,0.0,True
5,replay,400,0.2,c05_replay_400_0001,118,18,56,0.0,1216.0,1216.0,True,896.0,896.0,True,0.0,0.0,0.0,True
5,replay,400,0.1,c05_replay_400_0002,115,11,35,0.0,1088.0,1088.0,True,384.0,384.0,True,0.0,0.0,0.0,True
5,replay,400,0.2,c05_replay_400_0002,115,14,41,0.0,1280.0,1280.0,True,512.0,512.0,True,0.0,0.0,0.0,True
5,replay,400,0.1,c05_replay_400_0003,99,6,16,21.729600000000005,128.0,149.7296,True,149.7296,128.0,True,21.729600000000005,21.729600000000005,0.0,True
5,replay,400,0.2,c05_replay_400_0003,99,11,70,21.729600000000005,640.0,661.7296,True,597.7296,576.0,True,21.729600000000005,21.729600000000005,0.0,True
5,replay,400,0.1,c05_replay_400_0004,131,12,48,0.0,1856.0,1856.0,True,320.0,320.0,True,0.0,0.0,0.0,True
5,replay,400,0.2,c05_replay_400_0004,131,26,86,0.0,2688.0,2688.0,True,1216.0,1216.0,True,0.0,0.0,0.0,True
5,replay,400,0.1,c05_replay_400_0005,115,12,50,0.0,896.0,896.0,True,896.0,896.0,True,0.0,0.0,0.0,True
5,replay,400,0.2,c05_replay_400_0005,115,24,97,0.0,1344.0,1344.0,True,1344.0,1344.0,True,0.0,0.0,0.0,True
5,replay,400,0.1,c05_replay_400_0006,140,12,61,0.0,1216.0,1216.0,True,576.0,576.0,True,0.0,0.0,0.0,True
5,replay,400,0.2,c05_replay_400_0006,140,25,94,0.0,1728.0,1728.0,True,960.0,960.0,True,0.0,0.0,0.0,True
5,replay,400,0.1,c05_replay_400_0007,120,17,49,0.0,1024.0,1024.0,True,704.0,704.0,True,0.0,0.0,0.0,True
5,replay,400,0.2,c05_replay_400_0007,120,26,74,0.0,1280.0,1280.0,True,960.0,960.0,True,0.0,0.0,0.0,True
5,replay,400,0.1,c05_replay_400_0008,104,13,72,21.729600000000005,1024.0,1045.7296000000001,True,981.7296,960.0,True,21.729600000000005,21.729600000000005,0.0,True
5,replay,400,0.2,c05_replay_400_0008,104,25,110,21.729600000000005,1408.0,1429.7296000000001,True,1301.7296000000001,1280.0,True,21.729600000000005,21.729600000000005,0.0,True
5,replay,400,0.1,c05_replay_400_0009,129,16,36,0.0,1216.0,1216.0,True,704.0,704.0,True,0.0,0.0,0.0,True
5,replay,400,0.2,c05_replay_400_0009,129,25,70,0.0,1856.0,1856.0,True,960.0,960.0,True,0.0,0.0,0.0,True
5,replay,400,0.1,c05_replay_400_0010,68,7,59,0.0,576.0,576.0,True,128.0,128.0,True,0.0,0.0,0.0,True
5,replay,400,0.2,c05_replay_400_0010,68,11,72,0.0,640.0,640.0,True,192.0,192.0,True,0.0,0.0,0.0,True
5,replay,400,0.1,c05_replay_400_0011,42,5,37,0.0,1216.0,1216.0,True,0.0,0.0,True,0.0,0.0,0.0,True
5,replay,400,0.2,c05_replay_400_0011,42,9,56,0.0,1920.0,1920.0,True,0.0,0.0,True,0.0,0.0,0.0,True
5,replay,400,0.1,c05_replay_400_0012,109,10,28,0.0,448.0,448.0,True,448.0,448.0,True,0.0,0.0,0.0,True
5,replay,400,0.2,c05_replay_400_0012,109,25,83,0.0,1472.0,1472.0,True,1472.0,1472.0,True,0.0,0.0,0.0,True
5,replay,400,0.1,c05_replay_400_0013,71,6,33,0.0,512.0,512.0,True,128.0,128.0,True,0.0,0.0,0.0,True
5,replay,400,0.2,c05_replay_400_0013,71,14,82,0.0,1280.0,1280.0,True,192.0,192.0,True,0.0,0.0,0.0,True
5,replay,400,0.1,c05_replay_400_0014,116,17,34,0.0,576.0,576.0,True,448.0,448.0,True,0.0,0.0,0.0,True
5,replay,400,0.2,c05_replay_400_0014,116,27,75,0.0,1152.0,1152.0,True,576.0,576.0,True,0.0,0.0,0.0,True
5,replay,400,0.1,c05_replay_400_0015,117,14,56,0.0,768.0,768.0,True,640.0,640.0,True,0.0,0.0,0.0,True
5,replay,400,0.2,c05_replay_400_0015,117,25,85,0.0,1344.0,1344.0,True,1216.0,1216.0,True,0.0,0.0,0.0,True
5,replay,400,0.1,c05_replay_400_0016,106,14,47,0.0,640.0,640.0,True,576.0,576.0,True,0.0,0.0,0.0,True
5,replay,400,0.2,c05_replay_400_0016,106,26,117,0.0,1856.0,1856.0,True,1792.0,1792.0,True,0.0,0.0,0.0,True
5,replay,400,0.1,c05_replay_400_0017,118,11,33,0.0,640.0,640.0,True,640.0,640.0,True,0.0,0.0,0.0,True
5,replay,400,0.2,c05_replay_400_0017,118,20,56,0.0,960.0,960.0,True,960.0,960.0,True,0.0,0.0,0.0,True
5,replay,400,0.1,c05_replay_400_0018,108,18,55,21.729600000000005,1024.0,1045.7296000000001,True,981.7296,960.0,True,21.729600000000005,21.729600000000005,0.0,True
5,replay,400,0.2,c05_replay_400_0018,108,28,116,21.729600000000005,2048.0,2069.7296,True,2005.7296000000001,1984.0,True,21.729600000000005,21.729600000000005,0.0,True
5,replay,400,0.1,c05_replay_400_0019,113,12,58,52.65919999999997,1472.0,1524.6592,True,1524.6592,1472.0,True,52.65919999999997,52.65919999999997,0.0,True
5,replay,400,0.2,c05_replay_400_0019,113,19,88,52.65919999999997,2048.0,2100.6592,True,2100.6592,2048.0,True,52.65919999999997,52.65919999999997,0.0,True
5,replay,400,0.1,c05_replay_400_0020,109,11,47,21.729600000000005,832.0,853.7296,True,853.7296,832.0,True,21.729600000000005,21.729600000000005,0.0,True
5,replay,400,0.2,c05_replay_400_0020,109,16,58,21.729600000000005,1088.0,1109.7296000000001,True,1109.7296000000001,1088.0,True,21.729600000000005,21.729600000000005,0.0,True
5,replay,400,0.1,c05_replay_400_0021,116,7,22,65.18880000000001,448.0,513.1888,True,513.1888,448.0,True,65.18880000000001,65.18880000000001,0.0,True
5,replay,400,0.2,c05_replay_400_0021,116,20,61,65.18880000000001,1472.0,1537.1888,True,1537.1888,1472.0,True,69.46780000000001,69.46780000000001,0.0,True
5,replay,400,0.1,c05_replay_400_0022,103,3,6,0.0,64.0,64.0,True,64.0,64.0,True,0.0,0.0,0.0,True
5,replay,400,0.2,c05_replay_400_0022,103,18,56,0.0,832.0,832.0,True,832.0,832.0,True,0.0,0.0,0.0,True
5,replay,400,0.1,c05_replay_400_0023,135,13,36,0.0,576.0,576.0,True,192.0,192.0,True,0.0,0.0,0.0,True
5,replay,400,0.2,c05_replay_400_0023,135,28,80,0.0,1408.0,1408.0,True,640.0,640.0,True,0.0,0.0,0.0,True
5,replay,400,0.1,c05_replay_400_0024,108,13,41,0.0,960.0,960.0,True,960.0,960.0,True,0.0,0.0,0.0,True
5,replay,400,0.2,c05_replay_400_0024,108,26,73,0.0,1408.0,1408.0,True,1408.0,1408.0,True,0.0,0.0,0.0,True
5,replay,400,0.1,c05_replay_400_0025,116,11,38,0.0,704.0,704.0,True,448.0,448.0,True,0.0,0.0,0.0,True
5,replay,400,0.2,c05_replay_400_0025,116,21,71,0.0,1472.0,1472.0,True,640.0,640.0,True,0.0,0.0,0.0,True
5,replay,400,0.1,c05_replay_400_0026,111,15,37,0.0,704.0,704.0,True,640.0,640.0,True,0.0,0.0,0.0,True
5,replay,400,0.2,c05_replay_400_0026,111,23,63,0.0,896.0,896.0,True,832.0,832.0,True,0.0,0.0,0.0,True
5,replay,400,0.1,c05_replay_400_0027,113,12,31,0.0,512.0,512.0,True,512.0,512.0,True,0.0,0.0,0.0,True
5,replay,400,0.2,c05_replay_400_0027,113,25,59,0.0,960.0,960.0,True,960.0,960.0,True,0.0,0.0,0.0,True
5,replay,400,0.1,c05_replay_400_0028,57,8,33,0.0,384.0,384.0,True,0.0,0.0,True,0.0,0.0,0.0,True
5,replay,400,0.2,c05_replay_400_0028,57,10,47,0.0,1024.0,1024.0,True,0.0,0.0,True,0.0,0.0,0.0,True
5,replay,400,0.1,c05_replay_400_0029,118,7,30,0.0,960.0,960.0,True,512.0,512.0,True,0.0,0.0,0.0,True
5,replay,400,0.2,c05_replay_400_0029,118,20,64,0.0,1920.0,1920.0,True,896.0,896.0,True,0.0,0.0,0.0,True
5,replay,400,0.1,c05_replay_400_0030,109,13,41,0.0,640.0,640.0,True,640.0,640.0,True,0.0,0.0,0.0,True
5,replay,400,0.2,c05_replay_400_0030,109,23,77,0.0,1280.0,1280.0,True,1280.0,1280.0,True,0.0,0.0,0.0,True
5,replay,400,0.1,c05_replay_400_0031,110,11,42,21.729600000000005,768.0,789.7296,True,789.7296,768.0,True,21.729600000000005,21.729600000000005,0.0,True
5,replay,400,0.2,c05_replay_400_0031,110,23,76,21.729600000000005,1472.0,1493.7296000000001,True,1493.7296000000001,1472.0,True,21.729600000000005,21.729600000000005,0.0,True
5,replay,400,0.1,c05_replay_400_0032,89,9,32,0.0,576.0,576.0,True,192.0,192.0,True,0.0,0.0,0.0,True
5,replay,400,0.2,c05_replay_400_0032,89,19,67,0.0,1664.0,1664.0,True,832.0,832.0,True,0.0,0.0,0.0,True
5,replay,400,0.1,c05_replay_400_0033,114,9,29,0.0,960.0,960.0,True,832.0,832.0,True,0.0,0.0,0.0,True
5,replay,400,0.2,c05_replay_400_0033,114,21,85,0.0,1920.0,1920.0,True,1792.0,1792.0,True,0.0,0.0,0.0,True
5,replay,400,0.1,c05_replay_400_0034,118,14,43,469.5205000000001,832.0,1301.5205,True,851.4624,384.0,True,467.4624,467.4624,0.0,True
5,replay,400,0.2,c05_replay_400_0034,118,25,102,469.5205000000001,2560.0,3029.5205,True,1130.4508,640.0,True,490.45079999999996,490.45079999999996,0.0,True
5,replay,400,0.1,c05_replay_400_0035,111,5,9,0.0,128.0,128.0,True,128.0,128.0,True,0.0,0.0,0.0,True
5,replay,400,0.2,c05_replay_400_0035,111,20,41,0.0,768.0,768.0,True,768.0,768.0,True,0.0,0.0,0.0,True
5,replay,400,0.1,c05_replay_400_0036,122,10,51,21.729600000000005,960.0,981.7296,True,981.7296,960.0,True,21.729600000000005,21.729600000000005,0.0,True
5,replay,400,0.2,c05_replay_400_0036,122,22,78,21.729600000000005,2048.0,2069.7296,True,2069.7296,2048.0,True,21.729600000000005,21.729600000000005,0.0,True
5,replay,400,0.1,c05_replay_400_0037,87,12,32,0.0,448.0,448.0,True,384.0,384.0,True,0.0,0.0,0.0,True
5,replay,400,0.2,c05_replay_400_0037,87,25,110,0.0,3520.0,3520.0,True,1792.0,1792.0,True,0.0,0.0,0.0,True
5,replay,400,0.1,c05_replay_400_0038,128,18,86,0.0,1216.0,1216.0,True,1152.0,1152.0,True,0.0,0.0,0.0,True
5,replay,400,0.2,c05_replay_400_0038,128,30,108,0.0,1728.0,1728.0,True,1600.0,1600.0,True,0.0,0.0,0.0,True
5,replay,400,0.1,c05_replay_400_0039,113,17,65,0.0,2176.0,2176.0,True,704.0,704.0,True,0.0,0.0,0.0,True
5,replay,400,0.2,c05_replay_400_0039,113,30,94,0.0,3136.0,3136.0,True,1280.0,1280.0,True,0.0,0.0,0.0,True
5,replay,400,0.1,c05_replay_400_0040,112,13,37,0.0,640.0,640.0,True,384.0,384.0,True,0.0,0.0,0.0,True
5,replay,400,0.2,c05_replay_400_0040,112,24,62,0.0,960.0,960.0,True,640.0,640.0,True,0.0,0.0,0.0,True
5,replay,400,0.1,c05_replay_400_0041,132,12,29,2.4631000000000256,384.0,386.46310000000005,True,128.46290000000002,128.0,True,0.46290000000001896,0.46290000000001896,0.0,True
5,replay,400,0.2,c05_replay_400_0041,132,27,75,2.4631000000000256,960.0,962.4631,True,640.0,640.0,True,0.0,0.0,0.0,True
5,replay,400,0.1,c05_replay_400_0042,110,6,14,0.0,192.0,192.0,True,192.0,192.0,True,0.0,0.0,0.0,True
5,replay,400,0.2,c05_replay_400_0042,110,18,44,0.0,256.0,256.0,True,256.0,256.0,True,0.0,0.0,0.0,True
5,replay,400,0.1,c05_replay_400_0043,118,13,44,0.0,1344.0,1344.0,True,704.0,704.0,True,0.0,0.0,0.0,True
5,replay,400,0.2,c05_replay_400_0043,118,26,95,0.0,2240.0,2240.0,True,1344.0,1344.0,True,0.0,0.0,0.0,True
5,replay,400,0.1,c05_replay_400_0044,83,3,6,0.0,64.0,64.0,True,64.0,64.0,True,0.0,0.0,0.0,True
5,replay,400,0.2,c05_replay_400_0044,83,9,53,0.0,1152.0,1152.0,True,192.0,192.0,True,0.0,0.0,0.0,True
5,replay,400,0.1,c05_replay_400_0045,100,11,30,25.729600000000005,640.0,665.7296,True,665.7296,640.0,True,25.729600000000005,25.729600000000005,0.0,True
5,replay,400,0.2,c05_replay_400_0045,100,23,134,25.729600000000005,3584.0,3609.7296,True,2521.7296,2496.0,True,27.5146,27.5146,0.0,True
5,replay,400,0.1,c05_replay_400_0046,105,10,50,0.0,1024.0,1024.0,True,1024.0,1024.0,True,0.0,0.0,0.0,True
5,replay,400,0.2,c05_replay_400_0046,105,15,74,0.0,1408.0,1408.0,True,1408.0,1408.0,True,0.0,0.0,0.0,True
5,replay,400,0.1,c05_replay_400_0047,110,9,36,0.0,640.0,640.0,True,640.0,640.0,True,0.0,0.0,0.0,True
5,replay,400,0.2,c05_replay_400_0047,110,23,75,0.0,1344.0,1344.0,True,1344.0,1344.0,True,0.0,0.0,0.0,True
5,replay,400,0.1,c05_replay_400_0048,117,12,39,0.0,768.0,768.0,True,768.0,768.0,True,0.0,0.0,0.0,True
5,replay,400,0.2,c05_replay_400_0048,117,21,68,0.0,1408.0,1408.0,True,1472.0,1472.0,True,0.0,0.0,0.0,True
5,replay,400,0.1,c05_replay_400_0049,115,13,88,0.0,1216.0,1216.0,True,384.0,384.0,True,0.0,0.0,0.0,True
5,replay,400,0.2,c05_replay_400_0049,115,23,113,0.0,1856.0,1856.0,True,512.0,512.0,True,0.0,0.0,0.0,True
5,replay,400,0.1,c05_replay_400_0050,131,10,29,0.0,256.0,256.0,True,192.0,192.0,True,0.0,0.0,0.0,True
5,replay,400,0.2,c05_replay_400_0050,131,24,57,0.0,896.0,896.0,True,576.0,576.0,True,0.0,0.0,0.0,True
5,replay,400,0.1,c05_replay_400_0051,104,12,43,0.0,1024.0,1024.0,True,704.0,704.0,True,0.0,0.0,0.0,True
5,replay,400,0.2,c05_replay_400_0051,104,24,74,0.0,1600.0,1600.0,True,1216.0,1216.0,True,0.0,0.0,0.0,True
5,replay,400,0.1,c05_replay_400_0052,106,16,71,0.0,1280.0,1280.0,True,1280.0,1280.0,True,0.0,0.0,0.0,True
5,replay,400,0.2,c05_replay_400_0052,106,29,109,0.0,1600.0,1600.0,True,1664.0,1664.0,True,0.0,0.0,0.0,True
5,replay,400,0.1,c05_replay_400_0053,96,10,31,0.0,384.0,384.0,True,384.0,384.0,True,0.0,0.0,0.0,True
5,replay,400,0.2,c05_replay_400_0053,96,20,70,0.0,960.0,960.0,True,960.0,960.0,True,0.0,0.0,0.0,True
5,replay,400,0.1,c05_replay_400_0054,100,5,24,25.43180000000001,256.0,281.4318,True,217.4318,192.0,True,25.43180000000001,25.43180000000001,0.0,True
5,replay,400,0.2,c05_replay_400_0054,100,15,74,25.43180000000001,1088.0,1113.4318,True,473.4318,448.0,True,25.43180000000001,25.43180000000001,0.0,True
5,replay,400,0.1,c05_replay_400_0055,143,11,25,21.729600000000005,896.0,917.7296,True,533.7296,512.0,True,21.729600000000005,21.729600000000005,0.0,True
5,replay,400,0.2,c05_replay_400_0055,143,27,62,21.729600000000005,2304.0,2325.7296,True,1429.7296000000001,1408.0,True,21.729600000000005,21.729600000000005,0.0,True
5,replay,400,0.1,c05_replay_400_0056,103,9,49,0.0,704.0,704.0,True,704.0,704.0,True,0.0,0.0,0.0,True
5,replay,400,0.2,c05_replay_400_0056,103,18,79,0.0,1024.0,1024.0,True,1024.0,1024.0,True,0.0,0.0,0.0,True
5,replay,400,0.1,c05_replay_400_0057,112,15,57,0.0,1024.0,1024.0,True,1024.0,1024.0,True,0.0,0.0,0.0,True
5,replay,400,0.2,c05_replay_400_0057,112,23,80,0.0,1216.0,1216.0,True,1216.0,1216.0,True,0.0,0.0,0.0,True
5,replay,400,0.1,c05_replay_400_0058,112,23,79,43.45920000000001,1280.0,1323.4592,True,1323.4592,1280.0,True,43.45920000000001,43.45920000000001,0.0,True
5,replay,400,0.2,c05_replay_400_0058,112,31,109,43.45920000000001,1792.0,1835.4592,True,1835.4592,1792.0,True,43.45920000000001,43.45920000000001,0.0,True
5,replay,400,0.1,c05_replay_400_0059,117,11,37,21.729600000000005,576.0,597.7296,True,469.7296,448.0,True,21.729600000000005,21.729600000000005,0.0,True
5,replay,400,0.2,c05_replay_400_0059,117,24,79,21.729600000000005,1536.0,1557.7296000000001,True,1173.7296000000001,1152.0,True,21.729600000000005,21.729600000000005,0.0,True
5,replay,400,0.1,c05_replay_400_0060,102,12,57,21.729600000000005,768.0,789.7296,True,789.7296,768.0,True,21.729600000000005,21.729600000000005,0.0,True
5,replay,400,0.2,c05_replay_400_0060,102,29,114,21.729600000000005,1600.0,1621.7296000000001,True,1493.7296000000001,1472.0,True,25.888000000000005,25.888000000000005,0.0,True
5,replay,400,0.1,c05_replay_400_0061,105,7,27,0.0,640.0,640.0,True,448.0,448.0,True,0.0,0.0,0.0,True
5,replay,400,0.2,c05_replay_400_0061,105,16,80,0.0,1856.0,1856.0,True,1664.0,1664.0,True,0.0,0.0,0.0,True
5,replay,400,0.1,c05_replay_400_0062,147,13,47,0.0,960.0,960.0,True,320.0,320.0,True,0.0,0.0,0.0,True
5,replay,400,0.2,c05_replay_400_0062,147,27,79,0.0,1664.0,1664.0,True,448.0,448.0,True,0.0,0.0,0.0,True
5,replay,400,0.1,c05_replay_400_0063,109,16,62,43.45920000000001,768.0,811.4592,True,811.4592,768.0,True,43.45920000000001,43.45920000000001,0.0,True
5,replay,400,0.2,c05_replay_400_0063,109,28,103,43.45920000000001,1472.0,1515.4592,True,1515.4592,1472.0,True,43.45920000000001,43.45920000000001,0.0,True
5,replay,400,0.1,c05_replay_400_0064,97,13,63,0.0,1216.0,1216.0,True,1216.0,1216.0,True,0.0,0.0,0.0,True
5,replay,400,0.2,c05_replay_400_0064,97,21,94,0.0,1600.0,1600.0,True,1600.0,1600.0,True,0.0,0.0,0.0,True
5,replay,400,0.1,c05_replay_400_0065,111,12,44,0.0,1344.0,1344.0,True,640.0,640.0,True,0.0,0.0,0.0,True
5,replay,400,0.2,c05_replay_400_0065,111,25,89,0.0,2304.0,2304.0,True,1408.0,1408.0,True,0.0,0.0,0.0,True
5,replay,400,0.1,c05_replay_400_0066,109,11,36,0.0,704.0,704.0,True,640.0,640.0,True,0.0,0.0,0.0,True
5,replay,400,0.2,c05_replay_400_0066,109,25,81,0.0,1920.0,1920.0,True,1792.0,1792.0,True,0.0,0.0,0.0,True
5,replay,400,0.1,c05_replay_400_0067,106,17,61,0.0,1280.0,1280.0,True,1280.0,1280.0,True,0.0,0.0,0.0,True
5,replay,400,0.2,c05_replay_400_0067,106,30,111,0.0,2240.0,2240.0,True,2240.0,2240.0,True,0.0,0.0,0.0,True
5,replay,400,0.1,c05_replay_400_0068,99,8,65,6.0,832.0,838.0,True,838.0,832.0,True,6.0844000000000165,6.0844000000000165,0.0,True
5,replay,400,0.2,c05_replay_400_0068,99,19,94,6.0,1472.0,1478.0,True,1478.0,1472.0,True,6.0844000000000165,6.0844000000000165,0.0,True
5,replay,400,0.1,c05_replay_400_0069,108,9,37,11.400000000000006,1024.0,1035.4,True,971.4,960.0,True,11.400000000000006,11.400000000000006,0.0,True
5,replay,400,0.2,c05_replay_400_0069,108,19,58,11.400000000000006,1600.0,1611.4,True,1355.4,1344.0,True,11.400000000000006,11.400000000000006,0.0,True
5,replay,400,0.1,c05_replay_400_0070,85,10,69,0.0,640.0,640.0,True,640.0,640.0,True,0.0,0.0,0.0,True
5,replay,400,0.2,c05_replay_400_0070,85,17,100,0.0,1024.0,1024.0,True,1024.0,1024.0,True,0.0,0.0,0.0,True
5,replay,400,0.1,c05_replay_400_0071,107,12,57,0.0,576.0,576.0,True,576.0,576.0,True,0.0,0.0,0.0,True
5,replay,400,0.2,c05_replay_400_0071,107,23,93,0.0,1024.0,1024.0,True,1024.0,1024.0,True,0.0,0.0,0.0,True
5,replay,400,0.1,c05_replay_400_0072,109,10,33,0.0,768.0,768.0,True,768.0,768.0,True,0.0,0.0,0.0,True
5,replay,400,0.2,c05_replay_400_0072,109,19,66,0.0,1280.0,1280.0,True,1280.0,1280.0,True,0.0,0.0,0.0,True
5,replay,400,0.1,c05_replay_400_0073,107,16,64,0.0,960.0,960.0,True,960.0,960.0,True,0.0,0.0,0.0,True
5,replay,400,0.2,c05_replay_400_0073,107,22,85,0.0,1344.0,1344.0,True,1344.0,1344.0,True,0.0,0.0,0.0,True
5,replay,400,0.1,c05_replay_400_0074,104,7,26,21.729600000000033,576.0,597.7296,True,597.7296,576.0,True,21.729600000000033,21.729600000000033,0.0,True
5,replay,400,0.2,c05_replay_400_0074,104,11,42,21.729600000000033,1024.0,1045.7296000000001,True,1045.7296000000001,1024.0,True,21.729600000000033,21.729600000000033,0.0,True
5,replay,400,0.1,c05_replay_400_0075,106,14,57,0.0,1216.0,1216.0,True,1152.0,1152.0,True,0.0,0.0,0.0,True
5,replay,400,0.2,c05_replay_400_0075,106,23,88,0.0,1472.0,1472.0,True,1344.0,1344.0,True,0.0,0.0,0.0,True
5,replay,400,0.1,c05_replay_400_0076,109,17,60,21.729600000000005,832.0,853.7296,True,725.7296,704.0,True,21.729600000000005,21.729600000000005,0.0,True
5,replay,400,0.2,c05_replay_400_0076,109,28,94,21.729600000000005,1600.0,1621.7296000000001,True,1237.7296000000001,1216.0,True,21.729600000000005,21.729600000000005,0.0,True
5,replay,400,0.1,c05_replay_400_0077,112,13,75,0.0,1024.0,1024.0,True,960.0,960.0,True,0.0,0.0,0.0,True
5,replay,400,0.2,c05_replay_400_0077,112,22,97,0.0,1344.0,1344.0,True,1280.0,1280.0,True,0.0,0.0,0.0,True
5,replay,400,0.1,c05_replay_400_0078,108,9,45,0.0,960.0,960.0,True,960.0,960.0,True,0.0,0.0,0.0,True
5,replay,400,0.2,c05_replay_400_0078,108,15,68,0.0,1600.0,1600.0,True,1600.0,1600.0,True,0.0,0.0,0.0,True
5,replay,400,0.1,c05_replay_400_0079,103,13,25,22.388000000000034,64.0,86.38800000000003,True,86.38800000000003,64.0,True,22.388000000000034,22.388000000000034,0.0,True
5,replay,400,0.2,c05_replay_400_0079,103,21,48,22.388000000000034,512.0,534.388,True,534.388,512.0,True,22.388000000000034,22.388000000000034,0.0,True
5,replay,400,0.1,c05_replay_400_0080,118,12,39,0.0,704.0,704.0,True,448.0,448.0,True,0.0,0.0,0.0,True
5,replay,400,0.2,c05_replay_400_0080,118,28,82,0.0,1408.0,1408.0,True,1088.0,1088.0,True,0.0,0.0,0.0,True
5,replay,400,0.1,c05_replay_400_0081,117,13,38,0.0,1024.0,1024.0,True,832.0,832.0,True,0.0,0.0,0.0,True
5,replay,400,0.2,c05_replay_400_0081,117,30,114,0.0,2688.0,2688.0,True,1920.0,1920.0,True,0.0,0.0,0.0,True
5,replay,400,0.1,c05_replay_400_0082,114,12,44,0.0,1024.0,1024.0,True,1024.0,1024.0,True,0.0,0.0,0.0,True
5,replay,400,0.2,c05_replay_400_0082,114,26,97,0.0,1984.0,1984.0,True,1984.0,1984.0,True,0.0,0.0,0.0,True
5,replay,400,0.1,c05_replay_400_0083,106,7,33,0.0,704.0,704.0,True,704.0,704.0,True,0.0,0.0,0.0,True
5,replay,400,0.2,c05_replay_400_0083,106,21,71,0.0,1536.0,1536.0,True,1536.0,1536.0,True,0.0,0.0,0.0,True
5,replay,400,0.1,c05_replay_400_0084,114,12,35,0.0,256.0,256.0,True,256.0,256.0,True,0.0,0.0,0.0,True
5,replay,400,0.2,c05_replay_400_0084,114,27,88,0.0,1088.0,1088.0,True,1088.0,1088.0,True,0.0,0.0,0.0,True
5,replay,400,0.1,c05_replay_400_0085,112,10,28,21.729599999999976,256.0,277.7296,True,277.7296,256.0,True,21.729599999999976,21.729599999999976,0.0,True
5,replay,400,0.2,c05_replay_400_0085,112,19,79,21.729599999999976,1152.0,1173.7296,True,1173.7296,1152.0,True,21.729599999999976,21.729599999999976,0.0,True
5,replay,400,0.1,c05_replay_400_0086,115,8,24,0.0,640.0,640.0,True,384.0,384.0,True,0.0,0.0,0.0,True
5,replay,400,0.2,c05_replay_400_0086,115,20,46,0.0,1088.0,1088.0,True,640.0,640.0,True,0.0,0.0,0.0,True
5,replay,400,0.1,c05_replay_400_0087,101,11,44,0.0,640.0,640.0,True,640.0,640.0,True,0.0,0.0,0.0,True
5,replay,400,0.2,c05_replay_400_0087,101,20,74,0.0,1280.0,1280.0,True,1280.0,1280.0,True,0.0,0.0,0.0,True
5,replay,400,0.1,c05_replay_400_0088,89,10,36,0.0,384.0,384.0,True,384.0,384.0,True,0.0,0.0,0.0,True
5,replay,400,0.2,c05_replay_400_0088,89,20,71,0.0,832.0,832.0,True,832.0,832.0,True,0.0,0.0,0.0,True
5,replay,400,0.1,c05_replay_400_0089,134,11,48,0.0,576.0,576.0,True,576.0,576.0,True,0.0,0.0,0.0,True
5,replay,400,0.2,c05_replay_400_0089,134,23,81,0.0,1472.0,1472.0,True,1280.0,1280.0,True,0.0,0.0,0.0,True
5,replay,400,0.1,c05_replay_400_0090,103,8,31,0.0,1280.0,1280.0,True,1216.0,1216.0,True,0.0,0.0,0.0,True
5,replay,400,0.2,c05_replay_400_0090,103,19,63,0.0,2240.0,2240.0,True,2176.0,2176.0,True,0.0,0.0,0.0,True
5,replay,400,0.1,c05_replay_400_0091,116,12,33,21.729600000000005,512.0,533.7296,True,533.7296,512.0,True,21.729600000000005,21.729600000000005,0.0,True
5,replay,400,0.2,c05_replay_400_0091,116,22,74,21.729600000000005,1216.0,1237.7296000000001,True,1237.7296000000001,1216.0,True,21.729600000000005,21.729600000000005,0.0,True
5,replay,400,0.1,c05_replay_400_0092,115,4,8,0.0,0.0,0.0,True,0.0,0.0,True,0.0,0.0,0.0,True
5,replay,400,0.2,c05_replay_400_0092,115,28,94,0.0,1344.0,1344.0,True,1216.0,1216.0,True,0.0,0.0,0.0,True
5,replay,400,0.1,c05_replay_400_0093,108,10,35,0.0,448.0,448.0,True,448.0,448.0,True,0.0,0.0,0.0,True
5,replay,400,0.2,c05_replay_400_0093,108,17,62,0.0,896.0,896.0,True,896.0,896.0,True,0.0,0.0,0.0,True
5,replay,400,0.1,c05_replay_400_0094,109,6,40,21.729600000000005,832.0,853.7296,True,789.7296,768.0,True,23.74799999999999,23.74799999999999,0.0,True
5,replay,400,0.2,c05_replay_400_0094,109,19,85,21.729600000000005,1920.0,1941.7296000000001,True,1813.7296000000001,1792.0,True,23.74799999999999,23.74799999999999,0.0,True
5,replay,400,0.1,c05_replay_400_0095,107,10,46,0.0,576.0,576.0,True,576.0,576.0,True,0.0,0.0,0.0,True
5,replay,400,0.2,c05_replay_400_0095,107,23,115,0.0,1152.0,1152.0,True,1152.0,1152.0,True,0.0,0.0,0.0,True
5,replay,400,0.1,c05_replay_400_0096,125,10,25,0.0,256.0,256.0,True,256.0,256.0,True,0.0,0.0,0.0,True
5,replay,400,0.2,c05_replay_400_0096,125,28,85,0.0,1792.0,1792.0,True,1792.0,1792.0,True,0.0,0.0,0.0,True
5,replay,400,0.1,c05_replay_400_0097,130,12,30,0.0,448.0,448.0,True,384.0,384.0,True,0.0,0.0,0.0,True
5,replay,400,0.2,c05_replay_400_0097,130,27,87,0.0,1024.0,1024.0,True,768.0,768.0,True,0.0,0.0,0.0,True
5,replay,400,0.1,c05_replay_400_0098,100,9,29,21.729600000000005,512.0,533.7296,True,533.7296,512.0,True,21.729600000000005,21.729600000000005,0.0,True
5,replay,400,0.2,c05_replay_400_0098,100,13,44,21.729600000000005,960.0,981.7296,True,917.7296,896.0,True,21.729600000000005,21.729600000000005,0.0,True
5,replay,400,0.1,c05_replay_400_0099,110,10,30,72.304,320.0,392.304,True,328.304,256.0,True,72.304,72.304,0.0,True
5,replay,400,0.2,c05_replay_400_0099,110,23,64,72.304,896.0,968.304,True,752.0024,704.0,True,48.002399999999994,48.002399999999994,0.0,True
10,replay,150,0.1,c10_replay_150_0000,63,7,47,21.729600000000005,2688.0,2709.7296,True,2709.7296,2688.0,True,21.729600000000005,21.729600000000005,0.0,True
10,replay,150,0.2,c10_replay_150_0000,63,17,69,21.729600000000005,3328.0,3349.7296,True,3349.7296,3328.0,True,21.729600000000005,21.729600000000005,0.0,True
10,replay,150,0.1,c10_replay_150_0001,58,6,17,0.0,64.0,64.0,True,64.0,64.0,True,0.0,0.0,0.0,True
10,replay,150,0.2,c10_replay_150_0001,58,10,25,0.0,64.0,64.0,True,64.0,64.0,True,0.0,0.0,0.0,True
10,replay,150,0.1,c10_replay_150_0002,52,6,22,0.0,0.0,0.0,True,0.0,0.0,True,0.0,0.0,0.0,True
10,replay,150,0.2,c10_replay_150_0002,52,10,28,0.0,0.0,0.0,True,0.0,0.0,True,0.0,0.0,0.0,True
10,replay,150,0.1,c10_replay_150_0003,88,7,15,12.0,0.0,12.0,True,12.0,0.0,True,12.0,12.0,0.0,True
10,replay,150,0.2,c10_replay_150_0003,88,15,32,12.0,0.0,12.0,True,12.0,0.0,True,12.0,12.0,0.0,True
10,replay,150,0.1,c10_replay_150_0004,80,10,21,258.5664,384.0,642.5663999999999,True,516.682,256.0,True,263.1132,263.1132,0.0,True
10,replay,150,0.2,c10_replay_150_0004,80,16,34,258.5664,576.0,834.5663999999999,True,648.0444,384.0,True,264.0444,264.0444,0.0,True
10,replay,150,0.1,c10_replay_150_0005,26,2,30,0.0,0.0,0.0,True,0.0,0.0,True,0.0,0.0,0.0,True
10,replay,150,0.2,c10_replay_150_0005,26,6,61,0.0,0.0,0.0,True,0.0,0.0,True,0.0,0.0,0.0,True
10,replay,150,0.1,c10_replay_150_0006,72,7,14,123.99999999999999,320.0,444.0,True,123.99999999999999,0.0,True,123.99999999999999,123.99999999999999,0.0,True
10,replay,150,0.2,c10_replay_150_0006,72,12,21,123.99999999999999,384.0,508.0,True,123.99999999999999,0.0,True,123.99999999999999,123.99999999999999,0.0,True
10,replay,150,0.1,c10_replay_150_0007,61,5,19,0.0,128.0,128.0,True,128.0,128.0,True,0.0,0.0,0.0,True
10,replay,150,0.2,c10_replay_150_0007,61,12,39,0.0,384.0,384.0,True,320.0,320.0,True,0.0,0.0,0.0,True
10,replay,150,0.1,c10_replay_150_0008,20,3,16,0.0,0.0,0.0,True,0.0,0.0,True,0.0,0.0,0.0,True
10,replay,150,0.2,c10_replay_150_0008,20,3,16,0.0,0.0,0.0,True,0.0,0.0,True,0.0,0.0,0.0,True
10,replay,150,0.1,c10_replay_150_0009,58,3,6,0.0,0.0,0.0,True,0.0,0.0,True,0.0,0.0,0.0,True
10,replay,150,0.2,c10_replay_150_0009,58,9,12,0.0,128.0,128.0,True,128.0,128.0,True,0.0,0.0,0.0,True
10,replay,150,0.1,c10_replay_150_0010,68,12,41,74.0,0.0,74.0,True,74.0,0.0,True,74.0,74.0,0.0,True
10,replay,150,0.2,c10_replay_150_0010,68,19,50,74.0,320.0,394.0,True,394.0,320.0,True,74.0,74.0,0.0,True
10,replay,150,0.1,c10_replay_150_0011,67,6,12,8.0,320.0,328.0,True,328.0,320.0,True,8.0,8.0,0.0,True
10,replay,150,0.2,c10_replay_150_0011,67,10,18,8.0,448.0,456.0,True,456.0,448.0,True,8.0,8.0,0.0,True
10,replay,150,0.1,c10_replay_150_0012,47,3,4,0.0,0.0,0.0,True,0.0,0.0,True,0.0,0.0,0.0,True
10,replay,150,0.2,c10_replay_150_0012,47,9,16,0.0,0.0,0.0,True,0.0,0.0,True,0.0,0.0,0.0,True
10,replay,150,0.1,c10_replay_150_0013,41,2,7,3.0,0.0,3.0,True,3.0,0.0,True,3.0,3.0,0.0,True
10,replay,150,0.2,c10_replay_150_0013,41,5,23,3.0,0.0,3.0,True,3.0,0.0,True,3.0,3.0,0.0,True
10,replay,150,0.1,c10_replay_150_0014,29,4,37,21.729600000000005,0.0,21.729600000000005,True,21.729600000000005,0.0,True,21.729600000000005,21.729600000000005,0.0,True
10,replay,150,0.2,c10_replay_150_0014,29,9,50,21.729600000000005,0.0,21.729600000000005,True,21.729600000000005,0.0,True,21.729600000000005,21.729600000000005,0.0,True
10,replay,150,0.1,c10_replay_150_0015,43,4,4,0.0,0.0,0.0,True,0.0,0.0,True,0.0,0.0,0.0,True
10,replay,150,0.2,c10_replay_150_0015,43,12,45,0.0,64.0,64.0,True,64.0,64.0,True,0.0,0.0,0.0,True
10,replay,150,0.1,c10_replay_150_0016,31,6,16,0.0,0.0,0.0,True,0.0,0.0,True,0.0,0.0,0.0,True
10,replay,150,0.2,c10_replay_150_0016,31,10,104,0.0,0.0,0.0,True,0.0,0.0,True,0.0,0.0,0.0,True
10,replay,150,0.1,c10_replay_150_0017,40,6,19,0.0,0.0,0.0,True,0.0,0.0,True,0.0,0.0,0.0,True
10,replay,150,0.2,c10_replay_150_0017,40,10,28,0.0,0.0,0.0,True,0.0,0.0,True,0.0,0.0,0.0,True
10,replay,150,0.1,c10_replay_150_0018,51,2,2,5.0,0.0,5.0,True,5.0,0.0,True,5.0,5.0,0.0,True
10,replay,150,0.2,c10_replay_150_0018,51,9,25,5.0,0.0,5.0,True,5.0,0.0,True,5.0,5.0,0.0,True
10,replay,150,0.1,c10_replay_150_0019,63,4,6,0.0,64.0,64.0,True,64.0,64.0,True,0.0,0.0,0.0,True
10,replay,150,0.2,c10_replay_150_0019,63,10,14,0.0,256.0,256.0,True,256.0,256.0,True,0.0,0.0,0.0,True
10,replay,150,0.1,c10_replay_150_0020,32,3,5,0.0,0.0,0.0,True,0.0,0.0,True,0.0,0.0,0.0,True
10,replay,150,0.2,c10_replay_150_0020,32,6,9,0.0,0.0,0.0,True,0.0,0.0,True,0.0,0.0,0.0,True
10,replay,150,0.1,c10_replay_150_0021,39,2,13,0.0,0.0,0.0,True,0.0,0.0,True,0.0,0.0,0.0,True
10,replay,150,0.2,c10_replay_150_0021,39,7,32,0.0,0.0,0.0,True,0.0,0.0,True,0.0,0.0,0.0,True
10,replay,150,0.1,c10_replay_150_0022,44,2,4,64.0,0.0,64.0,True,64.0,0.0,True,64.0,64.0,0.0,True
10,replay,150,0.2,c10_replay_150_0022,44,4,6,64.0,0.0,64.0,True,64.0,0.0,True,64.0,64.0,0.0,True
10,replay,150,0.1,c10_replay_150_0023,33,2,4,60.0,0.0,60.0,True,60.0,0.0,True,60.0,60.0,0.0,True
10,replay,150,0.2,c10_replay_150_0023,33,11,31,60.0,128.0,188.0,True,188.0,128.0,True,61.471199999999996,61.471199999999996,0.0,True
10,replay,150,0.1,c10_replay_150_0024,63,7,9,0.0,192.0,192.0,True,192.0,192.0,True,0.0,0.0,0.0,True
10,replay,150,0.2,c10_replay_150_0024,63,13,33,0.0,1216.0,1216.0,True,1216.0,1216.0,True,0.0,0.0,0.0,True
10,replay,150,0.1,c10_replay_150_0025,44,4,6,0.0,0.0,0.0,True,0.0,0.0,True,0.0,0.0,0.0,True
10,replay,150,0.2,c10_replay_150_0025,44,8,60,0.0,0.0,0.0,True,0.0,0.0,True,0.0,0.0,0.0,True
10,replay,150,0.1,c10_replay_150_0026,27,3,32,0.0,0.0,0.0,True,0.0,0.0,True,0.0,0.0,0.0,True
10,replay,150,0.2,c10_replay_150_0026,27,3,32,0.0,0.0,0.0,True,0.0,0.0,True,0.0,0.0,0.0,True
10,replay,150,0.1,c10_replay_150_0027,43,10,17,0.0,0.0,0.0,True,0.0,0.0,True,0.0,0.0,0.0,True
10,replay,150,0.2,c10_replay_150_0027,43,14,90,0.0,0.0,0.0,True,0.0,0.0,True,0.0,0.0,0.0,True
10,replay,150,0.1,c10_replay_150_0028,58,5,8,56.0,0.0,56.0,True,56.0,0.0,True,56.0,56.0,0.0,True
10,replay,150,0.2,c10_replay_150_0028,58,8,14,56.0,0.0,56.0,True,56.0,0.0,True,56.0,56.0,0.0,True
10,replay,150,0.1,c10_replay_150_0029,53,6,12,0.0,0.0,0.0,True,0.0,0.0,True,0.0,0.0,0.0,True
10,replay,150,0.2,c10_replay_150_0029,53,8,20,0.0,0.0,0.0,True,0.0,0.0,True,0.0,0.0,0.0,True
10,replay,150,0.1,c10_replay_150_0030,21,1,1,0.0,0.0,0.0,True,0.0,0.0,True,0.0,0.0,0.0,True
10,replay,150,0.2,c10_replay_150_0030,21,4,5,0.0,0.0,0.0,True,0.0,0.0,True,0.0,0.0,0.0,True
10,replay,150,0.1,c10_replay_150_0031,73,6,6,20.0,0.0,20.0,True,20.0,0.0,True,20.0,20.0,0.0,True
10,replay,150,0.2,c10_replay_150_0031,73,17,28,20.0,0.0,20.0,True,20.0,0.0,True,20.0,20.0,0.0,True
10,replay,150,0.1,c10_replay_150_0032,22,2,2,0.0,0.0,0.0,True,0.0,0.0,True,0.0,0.0,0.0,True
10,replay,150,0.2,c10_replay_150_0032,22,3,3,0.0,0.0,0.0,True,0.0,0.0,True,0.0,0.0,0.0,True
10,replay,150,0.1,c10_replay_150_0033,50,2,3,0.0,0.0,0.0,True,0.0,0.0,True,0.0,0.0,0.0,True
10,replay,150,0.2,c10_replay_150_0033,50,7,10,0.0,128.0,128.0,True,0.0,0.0,True,0.0,0.0,0.0,True
10,replay,150,0.1,c10_replay_150_0034,64,6,11,0.0,128.0,128.0,True,128.0,128.0,True,0.0,0.0,0.0,True
10,replay,150,0.2,c10_replay_150_0034,64,9,17,0.0,256.0,256.0,True,256.0,256.0,True,0.0,0.0,0.0,True
10,replay,150,0.1,c10_replay_150_0035,47,5,8,0.0,64.0,64.0,True,64.0,64.0,True,0.0,0.0,0.0,True
10,replay,150,0.2,c10_replay_150_0035,47,8,12,0.0,64.0,64.0,True,64.0,64.0,True,0.0,0.0,0.0,True
10,replay,150,0.1,c10_replay_150_0036,18,1,9,0.0,0.0,0.0,True,0.0,0.0,True,0.0,0.0,0.0,True
10,replay,150,0.2,c10_replay_150_0036,18,4,28,0.0,0.0,0.0,True,0.0,0.0,True,0.0,0.0,0.0,True
10,replay,150,0.1,c10_replay_150_0037,40,4,5,0.0,0.0,0.0,True,0.0,0.0,True,0.0,0.0,0.0,True
10,replay,150,0.2,c10_replay_150_0037,40,7,15,0.0,576.0,576.0,True,576.0,576.0,True,0.0,0.0,0.0,True
10,replay,150,0.1,c10_replay_150_0038,45,5,7,39.0,64.0,103.0,True,103.0,64.0,True,39.0,39.0,0.0,True
10,replay,150,0.2,c10_replay_150_0038,45,9,15,39.0,64.0,103.0,True,103.0,64.0,True,39.0,39.0,0.0,True
10,replay,150,0.1,c10_replay_150_0039,60,7,13,0.0,320.0,320.0,True,320.0,320.0,True,0.0,0.0,0.0,True
10,replay,150,0.2,c10_replay_150_0039,60,12,21,0.0,384.0,384.0,True,384.0,384.0,True,0.0,0.0,0.0,True
10,replay,150,0.1,c10_replay_150_0040,75,8,14,332.09040000000005,512.0,844.0904,True,844.0904,512.0,True,332.09040000000005,332.09040000000005,0.0,True
10,replay,150,0.2,c10_replay_150_0040,75,12,28,332.09040000000005,576.0,908.0904,True,844.0904,512.0,True,332.09040000000005,332.09040000000005,0.0,True
10,replay,150,0.1,c10_replay_150_0041,27,2,3,0.0,0.0,0.0,True,0.0,0.0,True,0.0,0.0,0.0,True
10,replay,150,0.2,c10_replay_150_0041,27,4,10,0.0,0.0,0.0,True,0.0,0.0,True,0.0,0.0,0.0,True
10,replay,150,0.1,c10_replay_150_0042,53,5,63,0.0,0.0,0.0,True,0.0,0.0,True,0.0,0.0,0.0,True
10,replay,150,0.2,c10_replay_150_0042,53,7,65,0.0,0.0,0.0,True,0.0,0.0,True,0.0,0.0,0.0,True
10,replay,150,0.1,c10_replay_150_0043,21,2,2,0.0,0.0,0.0,True,0.0,0.0,True,0.0,0.0,0.0,True
10,replay,150,0.2,c10_replay_150_0043,21,3,34,0.0,64.0,64.0,True,0.0,0.0,True,0.0,0.0,0.0,True
10,replay,150,0.1,c10_replay_150_0044,55,3,8,4.0,0.0,4.0,True,4.0,0.0,True,4.0,4.0,0.0,True
10,replay,150,0.2,c10_replay_150_0044,55,4,9,4.0,0.0,4.0,True,4.0,0.0,True,4.0,4.0,0.0,True
10,replay,150,0.1,c10_replay_150_0045,75,6,19,0.0,0.0,0.0,True,0.0,0.0,True,0.0,0.0,0.0,True
10,replay,150,0.2,c10_replay_150_0045,75,17,40,0.0,192.0,192.0,True,192.0,192.0,True,0.0,0.0,0.0,True
10,replay,150,0.1,c10_replay_150_0046,68,8,30,186.7296,1216.0,1402.7296000000001,True,1402.7296000000001,1216.0,True,186.7296,186.7296,0.0,True
10,replay,150,0.2,c10_replay_150_0046,68,16,45,186.7296,1344.0,1530.7296000000001,True,1530.7296000000001,1344.0,True,186.7296,186.7296,0.0,True
10,replay,150,0.1,c10_replay_150_0047,54,5,11,2.0,128.0,130.0,True,130.0,128.0,True,2.0,2.0,0.0,True
10,replay,150,0.2,c10_replay_150_0047,54,13,72,2.0,320.0,322.0,True,322.0,320.0,True,2.0,2.0,0.0,True
10,replay,150,0.1,c10_replay_150_0048,71,10,20,0.0,64.0,64.0,True,0.0,0.0,True,0.0,0.0,0.0,True
10,replay,150,0.2,c10_replay_150_0048,71,18,29,0.0,64.0,64.0,True,0.0,0.0,True,0.0,0.0,0.0,True
10,replay,150,0.1,c10_replay_150_0049,53,4,7,0.0,0.0,0.0,True,0.0,0.0,True,0.0,0.0,0.0,True
10,replay,150,0.2,c10_replay_150_0049,53,13,23,0.0,0.0,0.0,True,0.0,0.0,True,0.0,0.0,0.0,True
10,replay,150,0.1,c10_replay_150_0050,56,4,8,251.99999999999997,128.0,380.0,True,380.0,128.0,True,251.99999999999997,251.99999999999997,0.0,True
10,replay,150,0.2,c10_replay_150_0050,56,10,39,251.99999999999997,256.0,508.0,True,508.0,256.0,True,251.99999999999997,251.99999999999997,0.0,True
10,replay,150,0.1,c10_replay_150_0051,65,5,10,16.0,64.0,80.0,True,80.0,64.0,True,16.0,16.0,0.0,True
10,replay,150,0.2,c10_replay_150_0051,65,14,23,16.0,320.0,336.0,True,336.0,320.0,True,16.032200000000017,16.032200000000017,0.0,True
10,replay,150,0.1,c10_replay_150_0052,72,8,18,0.0,320.0,320.0,True,320.0,320.0,True,0.0,0.0,0.0,True
10,replay,150,0.2,c10_replay_150_0052,72,19,41,0.0,512.0,512.0,True,512.0,512.0,True,9.357600000000005,9.357600000000005,0.0,True
10,replay,150,0.1,c10_replay_150_0053,73,3,4,0.0,192.0,192.0,True,192.0,192.0,True,0.0,0.0,0.0,True
10,replay,150,0.2,c10_replay_150_0053,73,12,49,0.0,384.0,384.0,True,384.0,384.0,True,0.0,0.0,0.0,True
10,replay,150,0.1,c10_replay_150_0054,76,5,15,0.0,384.0,384.0,True,384.0,384.0,True,0.0,0.0,0.0,True
10,replay,150,0.2,c10_replay_150_0054,76,11,25,0.0,512.0,512.0,True,512.0,512.0,True,0.0,0.0,0.0,True
10,replay,150,0.1,c10_replay_150_0055,77,4,11,0.0,64.0,64.0,True,64.0,64.0,True,0.0,0.0,0.0,True
10,replay,150,0.2,c10_replay_150_0055,77,7,18,0.0,320.0,320.0,True,320.0,320.0,True,0.0,0.0,0.0,True
10,replay,150,0.1,c10_replay_150_0056,63,4,6,0.0,64.0,64.0,True,64.0,64.0,True,0.0,0.0,0.0,True
10,replay,150,0.2,c10_replay_150_0056,63,14,29,0.0,832.0,832.0,True,832.0,832.0,True,0.0,0.0,0.0,True
10,replay,150,0.1,c10_replay_150_0057,82,3,4,0.0,0.0,0.0,True,0.0,0.0,True,0.0,0.0,0.0,True
10,replay,150,0.2,c10_replay_150_0057,82,15,22,0.0,0.0,0.0,True,0.0,0.0,True,0.0,0.0,0.0,True
10,replay,150,0.1,c10_replay_150_0058,67,7,24,7.999999999999986,640.0,648.0,True,648.0,640.0,True,7.999999999999986,7.999999999999986,0.0,True
10,replay,150,0.2,c10_replay_150_0058,67,17,54,7.999999999999986,1344.0,1352.0,True,1352.0,1344.0,True,11.313599999999994,11.313599999999994,0.0,True
10,replay,150,0.1,c10_replay_150_0059,20,1,1,0.0,0.0,0.0,True,0.0,0.0,True,0.0,0.0,0.0,True
10,replay,150,0.2,c10_replay_150_0059,20,4,6,0.0,0.0,0.0,True,0.0,0.0,True,0.0,0.0,0.0,True
10,replay,150,0.1,c10_replay_150_0060,67,6,7,0.0,64.0,64.0,True,64.0,64.0,True,0.0,0.0,0.0,True
10,replay,150,0.2,c10_replay_150_0060,67,14,20,0.0,128.0,128.0,True,128.0,128.0,True,0.0,0.0,0.0,True
10,replay,150,0.1,c10_replay_150_0061,41,4,33,46.0,0.0,46.0,True,46.0,0.0,True,46.0,46.0,0.0,True
10,replay,150,0.2,c10_replay_150_0061,41,8,43,46.0,0.0,46.0,True,46.0,0.0,True,46.0,46.0,0.0,True
10,replay,150,0.1,c10_replay_150_0062,16,1,6,0.0,0.0,0.0,True,0.0,0.0,True,0.0,0.0,0.0,True
10,replay,150,0.2,c10_replay_150_0062,16,2,7,0.0,0.0,0.0,True,0.0,0.0,True,0.0,0.0,0.0,True
10,replay,150,0.1,c10_replay_150_0063,80,4,7,0.0,128.0,128.0,True,128.0,128.0,True,0.0,0.0,0.0,True
10,replay,150,0.2,c10_replay_150_0063,80,14,22,0.0,128.0,128.0,True,128.0,128.0,True,0.0,0.0,0.0,True
10,replay,150,0.1,c10_replay_150_0064,67,8,13,4.0,192.0,196.0,True,196.0,192.0,True,4.0,4.0,0.0,True
10,replay,150,0.2,c10_replay_150_0064,67,14,43,4.0,640.0,644.0,True,644.0,640.0,True,4.0,4.0,0.0,True
10,replay,150,0.1,c10_replay_150_0065,103,11,12,0.0,640.0,640.0,True,640.0,640.0,True,0.0,0.0,0.0,True
10,replay,150,0.2,c10_replay_150_0065,103,21,28,0.0,896.0,896.0,True,896.0,896.0,True,0.0,0.0,0.0,True
10,replay,150,0.1,c10_replay_150_0066,28,6,36,0.0,0.0,0.0,True,0.0,0.0,True,0.0,0.0,0.0,True
10,replay,150,0.2,c10_replay_150_0066,28,7,37,0.0,0.0,0.0,True,0.0,0.0,True,0.0,0.0,0.0,True
10,replay,150,0.1,c10_replay_150_0067,40,4,22,0.0,0.0,0.0,True,0.0,0.0,True,0.0,0.0,0.0,True
10,replay,150,0.2,c10_replay_150_0067,40,8,26,0.0,0.0,0.0,True,0.0,0.0,True,0.0,0.0,0.0,True
10,replay,150,0.1,c10_replay_150_0068,74,8,9,291.4592,64.0,355.4592,True,355.4592,64.0,True,291.4592,291.4592,0.0,True
10,replay,150,0.2,c10_replay_150_0068,74,16,18,291.4592,192.0,483.4592,True,483.4592,192.0,True,291.4592,291.4592,0.0,True
10,replay,150,0.1,c10_replay_150_0069,65,6,7,0.0,0.0,0.0,True,0.0,0.0,True,0.0,0.0,0.0,True
10,replay,150,0.2,c10_replay_150_0069,65,12,19,0.0,0.0,0.0,True,0.0,0.0,True,0.0,0.0,0.0,True
10,replay,150,0.1,c10_replay_150_0070,36,6,35,0.0,0.0,0.0,True,0.0,0.0,True,0.0,0.0,0.0,True
10,replay,150,0.2,c10_replay_150_0070,36,10,59,0.0,0.0,0.0,True,0.0,0.0,True,0.0,0.0,0.0,True
10,replay,150,0.1,c10_replay_150_0071,74,6,10,21.729600000000005,64.0,85.7296,True,85.7296,64.0,True,21.729600000000005,21.729600000000005,0.0,True
10,replay,150,0.2,c10_replay_150_0071,74,12,18,21.729600000000005,192.0,213.7296,True,213.7296,192.0,True,21.729600000000005,21.729600000000005,0.0,True
10,replay,150,0.1,c10_replay_150_0072,23,0,0,430.0,0.0,430.0,True,430.0,0.0,True,430.0,430.0,0.0,True
10,replay,150,0.2,c10_replay_150_0072,23,3,18,430.0,0.0,430.0,True,430.0,0.0,True,430.0,430.0,0.0,True
10,replay,150,0.1,c10_replay_150_0073,44,1,3,0.0,0.0,0.0,True,0.0,0.0,True,0.0,0.0,0.0,True
10,replay,150,0.2,c10_replay_150_0073,44,4,6,0.0,0.0,0.0,True,0.0,0.0,True,0.0,0.0,0.0,True
10,replay,150,0.1,c10_replay_150_0074,41,5,8,0.0,0.0,0.0,True,0.0,0.0,True,0.0,0.0,0.0,True
10,replay,150,0.2,c10_replay_150_0074,41,7,10,0.0,0.0,0.0,True,0.0,0.0,True,0.0,0.0,0.0,True
10,replay,150,0.1,c10_replay_150_0075,35,3,16,138.0,0.0,138.0,True,138.0,0.0,True,138.0,138.0,0.0,True
10,replay,150,0.2,c10_replay_150_0075,35,9,34,138.0,0.0,138.0,True,138.0,0.0,True,138.0,138.0,0.0,True
10,replay,150,0.1,c10_replay_150_0076,63,8,37,0.0,0.0,0.0,True,0.0,0.0,True,0.0,0.0,0.0,True
10,replay,150,0.2,c10_replay_150_0076,63,11,54,0.0,0.0,0.0,True,0.0,0.0,True,0.0,0.0,0.0,True
10,replay,150,0.1,c10_replay_150_0077,31,3,6,0.0,0.0,0.0,True,0.0,0.0,True,0.0,0.0,0.0,True
10,replay,150,0.2,c10_replay_150_0077,31,7,16,0.0,0.0,0.0,True,0.0,0.0,True,0.0,0.0,0.0,True
10,replay,150,0.1,c10_replay_150_0078,48,6,16,0.0,128.0,128.0,True,128.0,128.0,True,0.0,0.0,0.0,True
10,replay,150,0.2,c10_replay_150_0078,48,11,22,0.0,192.0,192.0,True,192.0,192.0,True,0.0,0.0,0.0,True
10,replay,150,0.1,c10_replay_150_0079,44,1,2,10.0,0.0,10.0,True,10.0,0.0,True,10.0,10.0,0.0,True
10,replay,150,0.2,c10_replay_150_0079,44,8,31,10.0,0.0,10.0,True,10.0,0.0,True,10.0,10.0,0.0,True
10,replay,150,0.1,c10_replay_150_0080,53,4,5,0.0,64.0,64.0,True,64.0,64.0,True,0.0,0.0,0.0,True
10,replay,150,0.2,c10_replay_150_0080,53,13,80,0.0,1792.0,1792.0,True,896.0,896.0,True,0.0,0.0,0.0,True
10,replay,150,0.1,c10_replay_150_0081,65,10,20,225.0,256.0,481.0,True,481.0,256.0,True,225.0,225.0,0.0,True
10,replay,150,0.2,c10_replay_150_0081,65,12,26,225.0,384.0,609.0,True,609.0,384.0,True,225.0,225.0,0.0,True
10,replay,150,0.1,c10_replay_150_0082,73,10,34,0.0,1152.0,1152.0,True,1088.0,1088.0,True,0.0,0.0,0.0,True
10,replay,150,0.2,c10_replay_150_0082,73,17,44,0.0,1408.0,1408.0,True,1344.0,1344.0,True,0.0,0.0,0.0,True
10,replay,150,0.1,c10_replay_150_0083,12,1,17,0.0,0.0,0.0,True,0.0,0.0,True,0.0,0.0,0.0,True
10,replay,150,0.2,c10_replay_150_0083,12,1,17,0.0,0.0,0.0,True,0.0,0.0,True,0.0,0.0,0.0,True
10,replay,150,0.1,c10_replay_150_0084,31,6,26,0.0,0.0,0.0,True,0.0,0.0,True,0.0,0.0,0.0,True
10,replay,150,0.2,c10_replay_150_0084,31,8,33,0.0,0.0,0.0,True,0.0,0.0,True,0.0,0.0,0.0,True
10,replay,150,0.1,c10_replay_150_0085,73,7,10,0.0,0.0,0.0,True,0.0,0.0,True,0.0,0.0,0.0,True
10,replay,150,0.2,c10_replay_150_0085,73,15,24,0.0,0.0,0.0,True,0.0,0.0,True,0.0,0.0,0.0,True
10,replay,150,0.1,c10_replay_150_0086,70,9,22,834.9184,512.0,1346.9184,True,1346.9184,512.0,True,841.6536,841.6536,0.0,True
10,replay,150,0.2,c10_replay_150_0086,70,22,51,834.9184,1280.0,2114.9184,True,2114.9184,1280.0,True,840.5384,840.5384,0.0,True
10,replay,150,0.1,c10_replay_150_0087,42,6,18,0.0,0.0,0.0,True,0.0,0.0,True,0.0,0.0,0.0,True
10,replay,150,0.2,c10_replay_150_0087,42,10,28,0.0,0.0,0.0,True,0.0,0.0,True,0.0,0.0,0.0,True
10,replay,150,0.1,c10_replay_150_0088,85,12,26,98.0,640.0,738.0,True,738.0,640.0,True,98.0,98.0,0.0,True
10,replay,150,0.2,c10_replay_150_0088,85,20,35,98.0,960.0,1058.0,True,1058.0,960.0,True,98.0,98.0,0.0,True
10,replay,150,0.1,c10_replay_150_0089,57,3,33,0.0,0.0,0.0,True,0.0,0.0,True,0.0,0.0,0.0,True
10,replay,150,0.2,c10_replay_150_0089,57,12,54,0.0,384.0,384.0,True,384.0,384.0,True,0.0,0.0,0.0,True
10,replay,150,0.1,c10_replay_150_0090,32,3,5,0.0,0.0,0.0,True,0.0,0.0,True,0.0,0.0,0.0,True
10,replay,150,0.2,c10_replay_150_0090,32,7,19,0.0,0.0,0.0,True,0.0,0.0,True,0.0,0.0,0.0,True
10,replay,150,0.1,c10_replay_150_0091,77,11,13,0.0,0.0,0.0,True,0.0,0.0,True,0.0,0.0,0.0,True
10,replay,150,0.2,c10_replay_150_0091,77,19,24,0.0,0.0,0.0,True,0.0,0.0,True,0.0,0.0,0.0,True
10,replay,150,0.1,c10_replay_150_0092,79,8,14,68.00000000000001,64.0,132.0,True,132.0,64.0,True,68.00000000000001,68.00000000000001,0.0,True
10,replay,150,0.2,c10_replay_150_0092,79,17,26,68.00000000000001,128.0,196.0,True,196.0,128.0,True,68.00000000000001,68.00000000000001,0.0,True
10,replay,150,0.1,c10_replay_150_0093,43,5,8,0.0,0.0,0.0,True,0.0,0.0,True,0.0,0.0,0.0,True
10,replay,150,0.2,c10_replay_150_0093,43,7,10,0.0,0.0,0.0,True,0.0,0.0,True,0.0,0.0,0.0,True
10,replay,150,0.1,c10_replay_150_0094,55,7,10,186.0,256.0,442.0,True,442.0,256.0,True,186.33280000000002,186.33280000000002,0.0,True
10,replay,150,0.2,c10_replay_150_0094,55,17,40,186.0,576.0,762.0,True,762.0,576.0,True,187.35520000000002,187.35520000000002,0.0,True
10,replay,150,0.1,c10_replay_150_0095,67,4,8,0.0,0.0,0.0,True,0.0,0.0,True,0.0,0.0,0.0,True
10,replay,150,0.2,c10_replay_150_0095,67,12,16,0.0,0.0,0.0,True,0.0,0.0,True,0.0,0.0,0.0,True
10,replay,150,0.1,c10_replay_150_0096,72,10,15,0.0,0.0,0.0,True,0.0,0.0,True,0.0,0.0,0.0,True
10,replay,150,0.2,c10_replay_150_0096,72,18,33,0.0,0.0,0.0,True,0.0,0.0,True,0.0,0.0,0.0,True
10,replay,150,0.1,c10_replay_150_0097,31,1,10,0.0,0.0,0.0,True,0.0,0.0,True,0.0,0.0,0.0,True
10,replay,150,0.2,c10_replay_150_0097,31,9,60,0.0,256.0,256.0,True,0.0,0.0,True,0.0,0.0,0.0,True
10,replay,150,0.1,c10_replay_150_0098,57,2,2,0.0,0.0,0.0,True,0.0,0.0,True,0.0,0.0,0.0,True
10,replay,150,0.2,c10_replay_150_0098,57,6,8,0.0,320.0,320.0,True,320.0,320.0,True,0.0,0.0,0.0,True
10,replay,150,0.1,c10_replay_150_0099,64,10,20,0.0,0.0,0.0,True,0.0,0.0,True,0.0,0.0,0.0,True
10,replay,150,0.2,c10_replay_150_0099,64,19,38,0.0,0.0,0.0,True,0.0,0.0,True,0.0,0.0,0.0,True
10,replay,400,0.1,c10_replay_400_0000,112,10,27,208.4591999999999,640.0,848.4591999999999,True,848.4591999999999,640.0,True,208.4591999999999,208.4591999999999,0.0,True
10,replay,400,0.2,c10_replay_400_0000,112,30,92,208.4591999999999,1984.0,2192.4592,True,2192.4592,1984.0,True,213.2435999999999,213.2435999999999,0.0,True
10,replay,400,0.1,c10_replay_400_0001,109,11,17,101.1468,192.0,293.1468,True,293.1468,192.0,True,101.1468,101.1468,0.0,True
10,replay,400,0.2,c10_replay_400_0001,109,25,161,101.1468,896.0,997.1468,True,997.0668,896.0,True,101.06679999999999,101.06679999999999,0.0,True
10,replay,400,0.1,c10_replay_400_0002,110,5,15,12.0,0.0,12.0,True,12.0,0.0,True,12.0,12.0,0.0,True
10,replay,400,0.2,c10_replay_400_0002,110,15,40,12.0,0.0,12.0,True,12.0,0.0,True,12.0,12.0,0.0,True
10,replay,400,0.1,c10_replay_400_0003,125,10,33,470.5664,512.0,982.5663999999999,True,805.5219999999999,320.0,True,485.522,485.522,0.0,True
10,replay,400,0.2,c10_replay_400_0003,125,16,104,470.5664,1024.0,1494.5664,True,1317.522,832.0,True,485.522,485.522,0.0,True
10,replay,400,0.1,c10_replay_400_0004,110,14,28,0.0,704.0,704.0,True,640.0,640.0,True,0.0,0.0,0.0,True
10,replay,400,0.2,c10_replay_400_0004,110,21,70,0.0,896.0,896.0,True,832.0,832.0,True,0.0,0.0,0.0,True
10,replay,400,0.1,c10_replay_400_0005,98,12,25,123.99999999999999,256.0,380.0,True,252.0,128.0,True,123.99999999999999,123.99999999999999,0.0,True
10,replay,400,0.2,c10_replay_400_0005,98,25,78,123.99999999999999,2048.0,2172.0,True,1084.0,960.0,True,123.99999999999999,123.99999999999999,0.0,True
10,replay,400,0.1,c10_replay_400_0006,113,9,20,132.0,192.0,324.0,True,324.0,192.0,True,132.0,132.0,0.0,True
10,replay,400,0.2,c10_replay_400_0006,113,18,52,132.0,896.0,1028.0,True,1028.0,896.0,True,132.0,132.0,0.0,True
10,replay,400,0.1,c10_replay_400_0007,88,7,23,68.00000000000001,256.0,324.0,True,324.0,256.0,True,68.00000000000001,68.00000000000001,0.0,True
10,replay,400,0.2,c10_replay_400_0007,88,13,47,68.00000000000001,384.0,452.0,True,452.0,384.0,True,68.00000000000001,68.00000000000001,0.0,True
10,replay,400,0.1,c10_replay_400_0008,95,5,6,135.0,64.0,199.0,True,199.0,64.0,True,135.0,135.0,0.0,True
10,replay,400,0.2,c10_replay_400_0008,95,13,21,135.0,384.0,519.0,True,519.0,384.0,True,135.0,135.0,0.0,True
10,replay,400,0.1,c10_replay_400_0009,86,8,35,148.2312,320.0,468.2312,True,468.2312,320.0,True,148.2312,148.2312,0.0,True
10,replay,400,0.2,c10_replay_400_0009,86,14,42,148.2312,448.0,596.2312,True,596.2312,448.0,True,148.2312,148.2312,0.0,True
10,replay,400,0.1,c10_replay_400_0010,47,4,33,0.0,192.0,192.0,True,0.0,0.0,True,0.0,0.0,0.0,True
10,replay,400,0.2,c10_replay_400_0010,47,9,41,0.0,192.0,192.0,True,0.0,0.0,True,0.0,0.0,0.0,True
10,replay,400,0.1,c10_replay_400_0011,45,2,25,3.0,1280.0,1283.0,True,3.0,0.0,True,3.0,3.0,0.0,True
10,replay,400,0.2,c10_replay_400_0011,45,6,30,3.0,1280.0,1283.0,True,3.0,0.0,True,3.0,3.0,0.0,True
10,replay,400,0.1,c10_replay_400_0012,87,9,74,65.82520000000001,640.0,705.8252,True,706.1052,640.0,True,66.10520000000001,66.10520000000001,0.0,True
10,replay,400,0.2,c10_replay_400_0012,87,19,103,65.82520000000001,1152.0,1217.8252,True,1217.8252,1152.0,True,65.82520000000001,65.82520000000001,0.0,True
10,replay,400,0.1,c10_replay_400_0013,65,8,96,0.0,0.0,0.0,True,0.0,0.0,True,0.0,0.0,0.0,True
10,replay,400,0.2,c10_replay_400_0013,65,14,105,0.0,0.0,0.0,True,0.0,0.0,True,0.0,0.0,0.0,True
10,replay,400,0.1,c10_replay_400_0014,67,4,46,0.0,0.0,0.0,True,0.0,0.0,True,0.0,0.0,0.0,True
10,replay,400,0.2,c10_replay_400_0014,67,13,63,0.0,0.0,0.0,True,0.0,0.0,True,0.0,0.0,0.0,True
10,replay,400,0.1,c10_replay_400_0015,107,10,36,0.0,128.0,128.0,True,128.0,128.0,True,0.0,0.0,0.0,True
10,replay,400,0.2,c10_replay_400_0015,107,21,81,0.0,256.0,256.0,True,256.0,256.0,True,0.0,0.0,0.0,True
10,replay,400,0.1,c10_replay_400_0016,61,2,2,5.0,0.0,5.0,True,5.0,0.0,True,5.0,5.0,0.0,True
10,replay,400,0.2,c10_replay_400_0016,61,7,11,5.0,0.0,5.0,True,5.0,0.0,True,5.0,5.0,0.0,True
10,replay,400,0.1,c10_replay_400_0017,100,9,35,0.0,1408.0,1408.0,True,1344.0,1344.0,True,0.0,0.0,0.0,True
10,replay,400,0.2,c10_replay_400_0017,100,19,61,0.0,1792.0,1792.0,True,1728.0,1728.0,True,0.0,0.0,0.0,True
10,replay,400,0.1,c10_replay_400_0018,66,7,14,0.0,64.0,64.0,True,0.0,0.0,True,0.0,0.0,0.0,True
10,replay,400,0.2,c10_replay_400_0018,66,19,109,0.0,64.0,64.0,True,0.0,0.0,True,0.0,0.0,0.0,True
10,replay,400,0.1,c10_replay_400_0019,79,7,16,0.0,0.0,0.0,True,0.0,0.0,True,0.0,0.0,0.0,True
10,replay,400,0.2,c10_replay_400_0019,79,13,31,0.0,0.0,0.0,True,0.0,0.0,True,0.0,0.0,0.0,True
10,replay,400,0.1,c10_replay_400_0020,99,10,14,106.00000000000001,320.0,426.0,True,426.0,320.0,True,106.00000000000001,106.00000000000001,0.0,True
10,replay,400,0.2,c10_replay_400_0020,99,16,24,106.00000000000001,448.0,554.0,True,554.0,448.0,True,106.00000000000001,106.00000000000001,0.0,True
10,replay,400,0.1,c10_replay_400_0021,108,8,14,148.0,384.0,532.0,True,532.0,384.0,True,148.0,148.0,0.0,True
10,replay,400,0.2,c10_replay_400_0021,108,23,55,148.0,1216.0,1364.0,True,1364.0,1216.0,True,148.0,148.0,0.0,True
10,replay,400,0.1,c10_replay_400_0022,97,7,35,145.99999999999994,1856.0,2002.0,True,2002.0,1856.0,True,146.3576,146.3576,0.0,True
10,replay,400,0.2,c10_replay_400_0022,97,17,123,145.99999999999994,6784.0,6930.0,True,5458.0,5312.0,True,146.3576,146.3576,0.0,True
10,replay,400,0.1,c10_replay_400_0023,107,11,92,854.9184,576.0,1430.9184,True,1430.9184,576.0,True,854.9184,854.9184,0.0,True
10,replay,400,0.2,c10_replay_400_0023,107,23,129,854.9184,1152.0,2006.9184,True,2006.9184,1152.0,True,854.9184,854.9184,0.0,True
10,replay,400,0.1,c10_replay_400_0024,72,7,87,0.0,256.0,256.0,True,256.0,256.0,True,0.0,0.0,0.0,True
10,replay,400,0.2,c10_replay_400_0024,72,15,105,0.0,320.0,320.0,True,320.0,320.0,True,0.0,0.0,0.0,True
10,replay,400,0.1,c10_replay_400_0025,113,10,15,4.0,0.0,4.0,True,4.0,0.0,True,4.0,4.0,0.0,True
10,replay,400,0.2,c10_replay_400_0025,113,25,60,4.0,128.0,132.0,True,4.0,0.0,True,4.0,4.0,0.0,True
10,replay,400,0.1,c10_replay_400_0026,92,10,28,336.0,192.0,528.0,True,528.0,192.0,True,336.0,336.0,0.0,True
10,replay,400,0.2,c10_replay_400_0026,92,21,67,336.0,384.0,720.0,True,720.0,384.0,True,336.0,336.0,0.0,True
10,replay,400,0.1,c10_replay_400_0027,105,12,54,446.0,768.0,1214.0,True,1214.0,768.0,True,446.0,446.0,0.0,True
10,replay,400,0.2,c10_replay_400_0027,105,26,91,446.0,1536.0,1982.0,True,1982.0,1536.0,True,446.0,446.0,0.0,True
10,replay,400,0.1,c10_replay_400_0028,132,12,42,32.000000000000014,384.0,416.0,True,416.0,384.0,True,32.000000000000014,32.000000000000014,0.0,True
10,replay,400,0.2,c10_replay_400_0028,132,32,98,32.000000000000014,1344.0,1376.0,True,1184.0,1152.0,True,32.000000000000014,32.000000000000014,0.0,True
10,replay,400,0.1,c10_replay_400_0029,53,3,28,0.0,0.0,0.0,True,0.0,0.0,True,0.0,0.0,0.0,True
10,replay,400,0.2,c10_replay_400_0029,53,8,66,0.0,0.0,0.0,True,0.0,0.0,True,0.0,0.0,0.0,True
10,replay,400,0.1,c10_replay_400_0030,131,18,70,0.0,1920.0,1920.0,True,1344.0,1344.0,True,0.0,0.0,0.0,True
10,replay,400,0.2,c10_replay_400_0030,131,29,88,0.0,2496.0,2496.0,True,1856.0,1856.0,True,0.0,0.0,0.0,True
10,replay,400,0.1,c10_replay_400_0031,129,16,57,144.78880000000004,1472.0,1616.7888,True,1232.5,1088.0,True,144.5,144.5,0.0,True
10,replay,400,0.2,c10_replay_400_0031,129,28,85,144.78880000000004,3008.0,3152.7888000000003,True,2704.5,2560.0,True,144.5,144.5,0.0,True
10,replay,400,0.1,c10_replay_400_0032,53,8,70,0.0,0.0,0.0,True,0.0,0.0,True,0.0,0.0,0.0,True
10,replay,400,0.2,c10_replay_400_0032,53,10,72,0.0,0.0,0.0,True,0.0,0.0,True,0.0,0.0,0.0,True
10,replay,400,0.1,c10_replay_400_0033,88,8,9,39.0,192.0,231.0,True,231.0,192.0,True,39.0,39.0,0.0,True
10,replay,400,0.2,c10_replay_400_0033,88,15,38,39.0,320.0,359.0,True,359.0,320.0,True,39.0,39.0,0.0,True
10,replay,400,0.1,c10_replay_400_0034,65,8,122,0.0,7296.0,7296.0,True,7296.0,7296.0,True,0.0,0.0,0.0,True
10,replay,400,0.2,c10_replay_400_0034,65,15,153,0.0,8896.0,8896.0,True,8896.0,8896.0,True,0.0,0.0,0.0,True
10,replay,400,0.1,c10_replay_400_0035,113,11,46,332.09040000000005,1408.0,1740.0904,True,1676.0904,1344.0,True,332.09040000000005,332.09040000000005,0.0,True
10,replay,400,0.2,c10_replay_400_0035,113,23,83,332.09040000000005,3136.0,3468.0904,True,3404.0904,3072.0,True,332.09040000000005,332.09040000000005,0.0,True
10,replay,400,0.1,c10_replay_400_0036,51,5,37,0.0,0.0,0.0,True,0.0,0.0,True,0.0,0.0,0.0,True
10,replay,400,0.2,c10_replay_400_0036,51,13,67,0.0,0.0,0.0,True,0.0,0.0,True,0.0,0.0,0.0,True
10,replay,400,0.1,c10_replay_400_0037,85,10,47,0.0,2496.0,2496.0,True,1920.0,1920.0,True,0.0,0.0,0.0,True
10,replay,400,0.2,c10_replay_400_0037,85,17,69,0.0,2688.0,2688.0,True,2112.0,2112.0,True,0.0,0.0,0.0,True
10,replay,400,0.1,c10_replay_400_0038,60,6,16,0.0,64.0,64.0,True,64.0,64.0,True,0.0,0.0,0.0,True
10,replay,400,0.2,c10_replay_400_0038,60,14,37,0.0,384.0,384.0,True,384.0,384.0,True,0.0,0.0,0.0,True
10,replay,400,0.1,c10_replay_400_0039,124,8,15,116.7188,128.0,244.7188,True,116.7188,0.0,True,116.7188,116.7188,0.0,True
10,replay,400,0.2,c10_replay_400_0039,124,22,48,116.7188,192.0,308.7188,True,125.7188,0.0,True,125.7188,125.7188,0.0,True
10,replay,400,0.1,c10_replay_400_0040,100,6,8,0.0,0.0,0.0,True,0.0,0.0,True,0.0,0.0,0.0,True
10,replay,400,0.2,c10_replay_400_0040,100,16,178,0.0,192.0,192.0,True,192.0,192.0,True,0.0,0.0,0.0,True
10,replay,400,0.1,c10_replay_400_0041,89,10,26,2.0,64.0,66.0,True,66.0,64.0,True,2.0,2.0,0.0,True
10,replay,400,0.2,c10_replay_400_0041,89,18,47,2.0,192.0,194.0,True,194.0,192.0,True,2.0,2.0,0.0,True
10,replay,400,0.1,c10_replay_400_0042,72,5,11,0.0,64.0,64.0,True,0.0,0.0,True,0.0,0.0,0.0,True
10,replay,400,0.2,c10_replay_400_0042,72,16,25,0.0,64.0,64.0,True,0.0,0.0,True,0.0,0.0,0.0,True
10,replay,400,0.1,c10_replay_400_0043,110,16,46,0.0,640.0,640.0,True,640.0,640.0,True,0.0,0.0,0.0,True
10,replay,400,0.2,c10_replay_400_0043,110,30,75,0.0,960.0,960.0,True,960.0,960.0,True,0.0,0.0,0.0,True
10,replay,400,0.1,c10_replay_400_0044,87,9,16,251.99999999999997,0.0,251.99999999999997,True,251.99999999999997,0.0,True,251.99999999999997,251.99999999999997,0.0,True
10,replay,400,0.2,c10_replay_400_0044,87,16,28,251.99999999999997,64.0,316.0,True,316.0,64.0,True,251.99999999999997,251.99999999999997,0.0,True
10,replay,400,0.1,c10_replay_400_0045,115,13,46,16.0,512.0,528.0,True,528.0,512.0,True,16.5882,16.5882,0.0,True
10,replay,400,0.2,c10_replay_400_0045,115,21,69,16.0,576.0,592.0,True,592.0,576.0,True,20.33160000000001,20.33160000000001,0.0,True
10,replay,400,0.1,c10_replay_400_0046,99,8,35,0.0,192.0,192.0,True,192.0,192.0,True,0.0,0.0,0.0,True
10,replay,400,0.2,c10_replay_400_0046,99,12,50,0.0,384.0,384.0,True,384.0,384.0,True,0.0,0.0,0.0,True
10,replay,400,0.1,c10_replay_400_0047,103,10,20,3.0,192.0,195.0,True,195.0,192.0,True,3.0,3.0,0.0,True
10,replay,400,0.2,c10_replay_400_0047,103,24,59,3.0,1536.0,1539.0,True,1539.0,1536.0,True,3.0,3.0,0.0,True
10,replay,400,0.1,c10_replay_400_0048,138,15,33,36.0,512.0,548.0,True,548.0,512.0,True,36.0,36.0,0.0,True
10,replay,400,0.2,c10_replay_400_0048,138,25,74,36.0,960.0,996.0,True,996.0,960.0,True,36.0,36.0,0.0,True
10,replay,400,0.1,c10_replay_400_0049,142,10,25,0.0,384.0,384.0,True,384.0,384.0,True,0.0,0.0,0.0,True
10,replay,400,0.2,c10_replay_400_0049,142,31,84,0.0,1600.0,1600.0,True,1280.0,1280.0,True,0.0,0.0,0.0,True
10,replay,400,0.1,c10_replay_400_0050,68,9,67,0.0,2240.0,2240.0,True,1152.0,1152.0,True,0.0,0.0,0.0,True
10,replay,400,0.2,c10_replay_400_0050,68,17,110,0.0,3712.0,3712.0,True,3136.0,3136.0,True,0.0,0.0,0.0,True
10,replay,400,0.1,c10_replay_400_0051,138,7,22,48.0,128.0,176.0,True,176.0,128.0,True,48.0,48.0,0.0,True
10,replay,400,0.2,c10_replay_400_0051,138,27,79,48.0,704.0,752.0,True,560.0,512.0,True,48.0,48.0,0.0,True
10,replay,400,0.1,c10_replay_400_0052,126,12,60,7.999999999999986,320.0,328.0,True,328.0,320.0,True,7.999999999999986,7.999999999999986,0.0,True
10,replay,400,0.2,c10_replay_400_0052,126,30,129,7.999999999999986,1152.0,1160.0,True,1160.0,1152.0,True,7.999999999999986,7.999999999999986,0.0,True
10,replay,400,0.1,c10_replay_400_0053,45,6,92,0.0,0.0,0.0,True,0.0,0.0,True,0.0,0.0,0.0,True
10,replay,400,0.2,c10_replay_400_0053,45,14,158,0.0,0.0,0.0,True,0.0,0.0,True,0.0,0.0,0.0,True
10,replay,400,0.1,c10_replay_400_0054,123,11,32,166.0,768.0,934.0,True,934.0,768.0,True,166.0,166.0,0.0,True
10,replay,400,0.2,c10_replay_400_0054,123,22,60,166.0,1280.0,1446.0,True,1446.0,1280.0,True,166.0,166.0,0.0,True
10,replay,400,0.1,c10_replay_400_0055,99,16,116,67.7296,512.0,579.7296,True,579.7296,512.0,True,67.7296,67.7296,0.0,True
10,replay,400,0.2,c10_replay_400_0055,99,27,154,67.7296,1152.0,1219.7296000000001,True,1219.7296000000001,1152.0,True,67.7296,67.7296,0.0,True
10,replay,400,0.1,c10_replay_400_0056,31,4,4,0.0,0.0,0.0,True,0.0,0.0,True,0.0,0.0,0.0,True
10,replay,400,0.2,c10_replay_400_0056,31,7,41,0.0,0.0,0.0,True,0.0,0.0,True,0.0,0.0,0.0,True
10,replay,400,0.1,c10_replay_400_0057,106,5,17,234.0,0.0,234.0,True,234.0,0.0,True,234.0,234.0,0.0,True
10,replay,400,0.2,c10_replay_400_0057,106,20,76,234.0,448.0,682.0,True,682.0,448.0,True,234.0,234.0,0.0,True
10,replay,400,0.1,c10_replay_400_0058,91,8,16,4.0,320.0,324.0,True,324.0,320.0,True,4.0,4.0,0.0,True
10,replay,400,0.2,c10_replay_400_0058,91,17,61,4.0,2304.0,2308.0,True,772.0,768.0,True,4.0,4.0,0.0,True
10,replay,400,0.1,c10_replay_400_0059,139,14,24,0.0,1088.0,1088.0,True,1088.0,1088.0,True,0.0,0.0,0.0,True
10,replay,400,0.2,c10_replay_400_0059,139,29,51,0.0,2112.0,2112.0,True,2112.0,2112.0,True,0.0,0.0,0.0,True
10,replay,400,0.1,c10_replay_400_0060,89,9,69,126.7296,320.0,446.7296,True,446.7296,320.0,True,126.7296,126.7296,0.0,True
10,replay,400,0.2,c10_replay_400_0060,89,13,77,126.7296,320.0,446.7296,True,446.7296,320.0,True,126.7296,126.7296,0.0,True
10,replay,400,0.1,c10_replay_400_0061,114,5,15,301.4592,384.0,685.4592,True,685.4592,384.0,True,301.4592,301.4592,0.0,True
10,replay,400,0.2,c10_replay_400_0061,114,20,81,301.4592,1280.0,1581.4592,True,1581.4592,1280.0,True,301.4592,301.4592,0.0,True
10,replay,400,0.1,c10_replay_400_0062,85,10,36,0.0,320.0,320.0,True,0.0,0.0,True,0.0,0.0,0.0,True
10,replay,400,0.2,c10_replay_400_0062,85,17,56,0.0,640.0,640.0,True,0.0,0.0,True,0.0,0.0,0.0,True
10,replay,400,0.1,c10_replay_400_0063,46,8,52,0.0,256.0,256.0,True,0.0,0.0,True,0.0,0.0,0.0,True
10,replay,400,0.2,c10_replay_400_0063,46,13,71,0.0,320.0,320.0,True,0.0,0.0,True,0.0,0.0,0.0,True
10,replay,400,0.1,c10_replay_400_0064,51,4,5,430.0,0.0,430.0,True,430.0,0.0,True,430.0,430.0,0.0,True
10,replay,400,0.2,c10_replay_400_0064,51,9,90,430.0,0.0,430.0,True,430.0,0.0,True,430.0,430.0,0.0,True
10,replay,400,0.1,c10_replay_400_0065,93,11,27,14.0,0.0,14.0,True,14.0,0.0,True,14.0,14.0,0.0,True
10,replay,400,0.2,c10_replay_400_0065,93,24,67,14.0,0.0,14.0,True,15.319999999999993,0.0,True,15.319999999999993,15.319999999999993,0.0,True
10,replay,400,0.1,c10_replay_400_0066,42,4,106,0.0,1792.0,1792.0,True,0.0,0.0,True,0.0,0.0,0.0,True
10,replay,400,0.2,c10_replay_400_0066,42,11,182,0.0,3072.0,3072.0,True,256.0,256.0,True,0.0,0.0,0.0,True
10,replay,400,0.1,c10_replay_400_0067,69,4,4,138.0,0.0,138.0,True,138.0,0.0,True,138.0,138.0,0.0,True
10,replay,400,0.2,c10_replay_400_0067,69,9,19,138.0,64.0,202.0,True,138.0,0.0,True,138.0,138.0,0.0,True
10,replay,400,0.1,c10_replay_400_0068,139,20,60,0.0,128.0,128.0,True,128.0,128.0,True,0.0,0.0,0.0,True
10,replay,400,0.2,c10_replay_400_0068,139,30,78,0.0,384.0,384.0,True,384.0,384.0,True,0.0,0.0,0.0,True
10,replay,400,0.1,c10_replay_400_0069,50,3,4,0.0,0.0,0.0,True,0.0,0.0,True,0.0,0.0,0.0,True
10,replay,400,0.2,c10_replay_400_0069,50,11,86,0.0,0.0,0.0,True,0.0,0.0,True,0.0,0.0,0.0,True
10,replay,400,0.1,c10_replay_400_0070,51,6,7,0.0,0.0,0.0,True,0.0,0.0,True,0.0,0.0,0.0,True
10,replay,400,0.2,c10_replay_400_0070,51,11,36,0.0,64.0,64.0,True,64.0,64.0,True,0.0,0.0,0.0,True
10,replay,400,0.1,c10_replay_400_0071,46,0,0,10.0,0.0,10.0,True,10.0,0.0,True,10.0,10.0,0.0,True
10,replay,400,0.2,c10_replay_400_0071,46,4,47,10.0,0.0,10.0,True,10.0,0.0,True,10.0,10.0,0.0,True
10,replay,400,0.1,c10_replay_400_0072,120,12,36,0.0,1600.0,1600.0,True,1088.0,1088.0,True,0.0,0.0,0.0,True
10,replay,400,0.2,c10_replay_400_0072,120,28,97,0.0,3520.0,3520.0,True,3072.0,3072.0,True,0.0,0.0,0.0,True
10,replay,400,0.1,c10_replay_400_0073,108,7,23,387.0,256.0,643.0,True,643.0,256.0,True,387.0,387.0,0.0,True
10,replay,400,0.2,c10_replay_400_0073,108,18,50,387.0,832.0,1219.0,True,1219.0,832.0,True,387.0,387.0,0.0,True
10,replay,400,0.1,c10_replay_400_0074,100,9,38,0.0,128.0,128.0,True,128.0,128.0,True,0.0,0.0,0.0,True
10,replay,400,0.2,c10_replay_400_0074,100,20,91,0.0,384.0,384.0,True,384.0,384.0,True,0.0,0.0,0.0,True
10,replay,400,0.1,c10_replay_400_0075,84,6,8,0.0,0.0,0.0,True,0.0,0.0,True,0.0,0.0,0.0,True
10,replay,400,0.2,c10_replay_400_0075,84,13,28,0.0,0.0,0.0,True,0.0,0.0,True,0.0,0.0,0.0,True
10,replay,400,0.1,c10_replay_400_0076,112,12,40,0.0,768.0,768.0,True,256.0,256.0,True,0.0,0.0,0.0,True
10,replay,400,0.2,c10_replay_400_0076,112,23,86,0.0,960.0,960.0,True,384.0,384.0,True,0.0,0.0,0.0,True
10,replay,400,0.1,c10_replay_400_0077,119,10,97,4.0,64.0,68.0,True,68.0,64.0,True,4.0,4.0,0.0,True
10,replay,400,0.2,c10_replay_400_0077,119,22,123,4.0,128.0,132.0,True,132.0,128.0,True,4.0,4.0,0.0,True
10,replay,400,0.1,c10_replay_400_0078,120,12,37,0.0,384.0,384.0,True,256.0,256.0,True,0.0,0.0,0.0,True
10,replay,400,0.2,c10_replay_400_0078,120,26,100,0.0,832.0,832.0,True,640.0,640.0,True,0.0,0.0,0.0,True
10,replay,400,0.1,c10_replay_400_0079,68,6,21,0.0,64.0,64.0,True,0.0,0.0,True,0.0,0.0,0.0,True
10,replay,400,0.2,c10_replay_400_0079,68,19,80,0.0,896.0,896.0,True,0.0,0.0,True,0.0,0.0,0.0,True
10,replay,400,0.1,c10_replay_400_0080,122,15,61,0.0,1920.0,1920.0,True,1408.0,1408.0,True,0.0,0.0,0.0,True
10,replay,400,0.2,c10_replay_400_0080,122,30,87,0.0,2752.0,2752.0,True,2112.0,2112.0,True,0.0,0.0,0.0,True
10,replay,400,0.1,c10_replay_400_0081,109,8,32,68.00000000000001,704.0,772.0,True,772.0,704.0,True,68.00000000000001,68.00000000000001,0.0,True
10,replay,400,0.2,c10_replay_400_0081,109,23,64,68.00000000000001,1280.0,1348.0,True,1348.0,1280.0,True,68.00000000000001,68.00000000000001,0.0,True
10,replay,400,0.1,c10_replay_400_0082,97,13,98,0.0,768.0,768.0,True,192.0,192.0,True,0.0,0.0,0.0,True
10,replay,400,0.2,c10_replay_400_0082,97,21,172,0.0,832.0,832.0,True,256.0,256.0,True,0.0,0.0,0.0,True
10,replay,400,0.1,c10_replay_400_0083,73,8,55,186.0,64.0,250.0,True,250.0,64.0,True,186.0,186.0,0.0,True
10,replay,400,0.2,c10_replay_400_0083,73,11,78,186.0,64.0,250.0,True,250.0,64.0,True,186.0,186.0,0.0,True
10,replay,400,0.1,c10_replay_400_0084,130,15,26,49.000000000000014,64.0,113.00000000000001,True,49.000000000000014,0.0,True,49.000000000000014,49.000000000000014,0.0,True
10,replay,400,0.2,c10_replay_400_0084,130,33,100,49.000000000000014,64.0,113.00000000000001,True,49.000000000000014,0.0,True,49.000000000000014,49.000000000000014,0.0,True
10,replay,400,0.1,c10_replay_400_0085,87,7,24,0.0,64.0,64.0,True,64.0,64.0,True,0.0,0.0,0.0,True
10,replay,400,0.2,c10_replay_400_0085,87,18,50,0.0,320.0,320.0,True,256.0,256.0,True,0.0,0.0,0.0,True
10,replay,400,0.1,c10_replay_400_0086,87,10,64,0.0,1536.0,1536.0,True,1280.0,1280.0,True,0.0,0.0,0.0,True
10,replay,400,0.2,c10_replay_400_0086,87,18,88,0.0,2496.0,2496.0,True,2112.0,2112.0,True,0.0,0.0,0.0,True
10,replay,400,0.1,c10_replay_400_0087,83,4,8,0.0,192.0,192.0,True,192.0,192.0,True,0.0,0.0,0.0,True
10,replay,400,0.2,c10_replay_400_0087,83,17,123,0.0,1856.0,1856.0,True,1088.0,1088.0,True,0.0,0.0,0.0,True
10,replay,400,0.1,c10_replay_400_0088,86,10,28,0.0,576.0,576.0,True,576.0,576.0,True,0.0,0.0,0.0,True
10,replay,400,0.2,c10_replay_400_0088,86,19,48,0.0,960.0,960.0,True,960.0,960.0,True,0.0,0.0,0.0,True
10,replay,400,0.1,c10_replay_400_0089,93,7,15,0.0,128.0,128.0,True,128.0,128.0,True,0.0,0.0,0.0,True
10,replay,400,0.2,c10_replay_400_0089,93,14,39,0.0,256.0,256.0,True,256.0,256.0,True,0.0,0.0,0.0,True
10,replay,400,0.1,c10_replay_400_0090,99,9,27,12.0,448.0,460.0,True,332.0,320.0,True,12.0,12.0,0.0,True
10,replay,400,0.2,c10_replay_400_0090,99,17,45,12.0,768.0,780.0,True,588.0,576.0,True,12.0,12.0,0.0,True
10,replay,400,0.1,c10_replay_400_0091,72,7,29,0.0,1024.0,1024.0,True,768.0,768.0,True,0.0,0.0,0.0,True
10,replay,400,0.2,c10_replay_400_0091,72,13,51,0.0,1920.0,1920.0,True,1216.0,1216.0,True,0.0,0.0,0.0,True
10,replay,400,0.1,c10_replay_400_0092,123,11,31,0.0,192.0,192.0,True,192.0,192.0,True,0.0,0.0,0.0,True
10,replay,400,0.2,c10_replay_400_0092,123,22,51,0.0,256.0,256.0,True,256.0,256.0,True,0.0,0.0,0.0,True
10,replay,400,0.1,c10_replay_400_0093,40,4,8,0.0,0.0,0.0,True,0.0,0.0,True,0.0,0.0,0.0,True
10,replay,400,0.2,c10_replay_400_0093,40,10,60,0.0,0.0,0.0,True,0.0,0.0,True,0.0,0.0,0.0,True
10,replay,400,0.1,c10_replay_400_0094,105,8,47,32.0,1024.0,1056.0,True,992.0,960.0,True,32.0,32.0,0.0,True
10,replay,400,0.2,c10_replay_400_0094,105,14,77,32.0,1408.0,1440.0,True,1376.0,1344.0,True,32.0,32.0,0.0,True
10,replay,400,0.1,c10_replay_400_0095,124,17,41,0.0,384.0,384.0,True,384.0,384.0,True,0.0,0.0,0.0,True
10,replay,400,0.2,c10_replay_400_0095,124,30,102,0.0,704.0,704.0,True,704.0,704.0,True,0.0,0.0,0.0,True
10,replay,400,0.1,c10_replay_400_0096,131,16,41,0.0,832.0,832.0,True,832.0,832.0,True,0.0,0.0,0.0,True
10,replay,400,0.2,c10_replay_400_0096,131,23,58,0.0,1088.0,1088.0,True,1024.0,1024.0,True,0.0,0.0,0.0,True
10,replay,400,0.1,c10_replay_400_0097,100,12,99,344.0,3904.0,4248.0,True,4120.0,3776.0,True,344.0,344.0,0.0,True
10,replay,400,0.2,c10_replay_400_0097,100,25,122,344.0,4288.0,4632.0,True,4504.0,4160.0,True,344.0,344.0,0.0,True
10,replay,400,0.1,c10_replay_400_0098,107,11,25,6.0,576.0,582.0,True,582.0,576.0,True,32.717600000000004,32.717600000000004,0.0,True
10,replay,400,0.2,c10_replay_400_0098,107,16,36,6.0,1024.0,1030.0,True,1030.0,1024.0,True,32.717600000000004,32.717600000000004,0.0,True
10,replay,400,0.1,c10_replay_400_0099,72,9,68,0.0,640.0,640.0,True,192.0,192.0,True,0.0,0.0,0.0,True
10,replay,400,0.2,c10_replay_400_0099,72,18,86,0.0,1344.0,1344.0,True,640.0,640.0,True,0.0,0.0,0.0,True
9,storm,150,0.1,c09_storm_150_a125_c100_0000,0,0,0,6.47920000000002,0.0,6.47920000000002,True,6.47920000000002,0.0,True,6.47920000000002,6.47920000000002,0.0,True
9,storm,150,0.2,c09_storm_150_a125_c100_0000,0,0,0,6.47920000000002,0.0,6.47920000000002,True,6.47920000000002,0.0,True,6.47920000000002,6.47920000000002,0.0,True
9,storm,150,0.1,c09_storm_150_a125_c100_0001,0,0,0,0.0,0.0,0.0,True,0.0,0.0,True,0.0,0.0,0.0,True
9,storm,150,0.2,c09_storm_150_a125_c100_0001,0,0,0,0.0,0.0,0.0,True,0.0,0.0,True,0.0,0.0,0.0,True
9,storm,150,0.1,c09_storm_150_a125_c100_0002,0,0,0,0.0,0.0,0.0,True,0.0,0.0,True,0.0,0.0,0.0,True
9,storm,150,0.2,c09_storm_150_a125_c100_0002,0,0,0,0.0,0.0,0.0,True,0.0,0.0,True,0.0,0.0,0.0,True
9,storm,150,0.1,c09_storm_150_a125_c100_0003,0,0,0,0.0,0.0,0.0,True,0.0,0.0,True,0.0,0.0,0.0,True
9,storm,150,0.2,c09_storm_150_a125_c100_0003,0,0,0,0.0,0.0,0.0,True,0.0,0.0,True,0.0,0.0,0.0,True
9,storm,150,0.1,c09_storm_150_a125_c100_0004,0,0,0,12.332399999999978,0.0,12.332399999999978,True,12.332399999999978,0.0,True,12.332399999999978,12.332399999999978,0.0,True
9,storm,150,0.2,c09_storm_150_a125_c100_0004,0,0,0,12.332399999999978,0.0,12.332399999999978,True,12.332399999999978,0.0,True,12.332399999999978,12.332399999999978,0.0,True
9,storm,150,0.1,c09_storm_150_a125_c100_0005,0,0,0,0.0,0.0,0.0,True,0.0,0.0,True,0.0,0.0,0.0,True
9,storm,150,0.2,c09_storm_150_a125_c100_0005,0,0,0,0.0,0.0,0.0,True,0.0,0.0,True,0.0,0.0,0.0,True
9,storm,150,0.1,c09_storm_150_a125_c100_0006,0,0,0,0.0,0.0,0.0,True,0.0,0.0,True,0.0,0.0,0.0,True
9,storm,150,0.2,c09_storm_150_a125_c100_0006,0,0,0,0.0,0.0,0.0,True,0.0,0.0,True,0.0,0.0,0.0,True
9,storm,150,0.1,c09_storm_150_a125_c100_0007,0,0,0,159.3548,0.0,159.3548,True,159.3548,0.0,True,159.3548,159.3548,0.0,True
9,storm,150,0.2,c09_storm_150_a125_c100_0007,0,0,0,159.3548,0.0,159.3548,True,159.3548,0.0,True,159.3548,159.3548,0.0,True
9,storm,150,0.1,c09_storm_150_a125_c100_0008,0,0,0,6.463600000000014,0.0,6.463600000000014,True,6.463600000000014,0.0,True,6.463600000000014,6.463600000000014,0.0,True
9,storm,150,0.2,c09_storm_150_a125_c100_0008,0,0,0,6.463600000000014,0.0,6.463600000000014,True,6.463600000000014,0.0,True,6.463600000000014,6.463600000000014,0.0,True
9,storm,150,0.1,c09_storm_150_a125_c100_0009,0,0,0,0.0,0.0,0.0,True,0.0,0.0,True,0.0,0.0,0.0,True
9,storm,150,0.2,c09_storm_150_a125_c100_0009,0,0,0,0.0,0.0,0.0,True,0.0,0.0,True,0.0,0.0,0.0,True
9,storm,150,0.1,c09_storm_150_a125_c100_0010,0,0,0,0.0,0.0,0.0,True,0.0,0.0,True,0.0,0.0,0.0,True
9,storm,150,0.2,c09_storm_150_a125_c100_0010,0,0,0,0.0,0.0,0.0,True,0.0,0.0,True,0.0,0.0,0.0,True
9,storm,150,0.1,c09_storm_150_a125_c100_0011,0,0,0,1.7376000000000005,0.0,1.7376000000000005,True,1.7376000000000005,0.0,True,1.7376000000000005,1.7376000000000005,0.0,True
9,storm,150,0.2,c09_storm_150_a125_c100_0011,0,0,0,1.7376000000000005,0.0,1.7376000000000005,True,1.7376000000000005,0.0,True,1.7376000000000005,1.7376000000000005,0.0,True
9,storm,150,0.1,c09_storm_150_a125_c100_0012,0,0,0,73.11360000000002,0.0,73.11360000000002,True,73.11360000000002,0.0,True,73.11360000000002,73.11360000000002,0.0,True
9,storm,150,0.2,c09_storm_150_a125_c100_0012,0,0,0,73.11360000000002,0.0,73.11360000000002,True,73.11360000000002,0.0,True,73.11360000000002,73.11360000000002,0.0,True
9,storm,150,0.1,c09_storm_150_a125_c100_0013,0,0,0,24.917599999999993,0.0,24.917599999999993,True,24.917599999999993,0.0,True,24.917599999999993,24.917599999999993,0.0,True
9,storm,150,0.2,c09_storm_150_a125_c100_0013,0,0,0,24.917599999999993,0.0,24.917599999999993,True,24.917599999999993,0.0,True,24.917599999999993,24.917599999999993,0.0,True
9,storm,150,0.1,c09_storm_150_a125_c100_0014,0,0,0,0.0,0.0,0.0,True,0.0,0.0,True,0.0,0.0,0.0,True
9,storm,150,0.2,c09_storm_150_a125_c100_0014,0,0,0,0.0,0.0,0.0,True,0.0,0.0,True,0.0,0.0,0.0,True
9,storm,150,0.1,c09_storm_150_a125_c100_0015,0,0,0,77.55440000000002,0.0,77.55440000000002,True,77.55440000000002,0.0,True,77.55440000000002,77.55440000000002,0.0,True
9,storm,150,0.2,c09_storm_150_a125_c100_0015,0,0,0,77.55440000000002,0.0,77.55440000000002,True,77.55440000000002,0.0,True,77.55440000000002,77.55440000000002,0.0,True
9,storm,150,0.1,c09_storm_150_a125_c100_0016,0,0,0,0.0,0.0,0.0,True,0.0,0.0,True,0.0,0.0,0.0,True
9,storm,150,0.2,c09_storm_150_a125_c100_0016,0,0,0,0.0,0.0,0.0,True,0.0,0.0,True,0.0,0.0,0.0,True
9,storm,150,0.1,c09_storm_150_a125_c100_0017,0,0,0,9.930399999999992,0.0,9.930399999999992,True,9.930399999999992,0.0,True,9.930399999999992,9.930399999999992,0.0,True
9,storm,150,0.2,c09_storm_150_a125_c100_0017,0,0,0,9.930399999999992,0.0,9.930399999999992,True,9.930399999999992,0.0,True,9.930399999999992,9.930399999999992,0.0,True
9,storm,150,0.1,c09_storm_150_a125_c100_0018,0,0,0,62.71079999999998,0.0,62.71079999999998,True,62.71079999999998,0.0,True,62.71079999999998,62.71079999999998,0.0,True
9,storm,150,0.2,c09_storm_150_a125_c100_0018,0,0,0,62.71079999999998,0.0,62.71079999999998,True,62.71079999999998,0.0,True,62.71079999999998,62.71079999999998,0.0,True
9,storm,150,0.1,c09_storm_150_a125_c100_0019,0,0,0,6.731200000000001,0.0,6.731200000000001,True,6.731200000000001,0.0,True,6.731200000000001,6.731200000000001,0.0,True
9,storm,150,0.2,c09_storm_150_a125_c100_0019,0,0,0,6.731200000000001,0.0,6.731200000000001,True,6.731200000000001,0.0,True,6.731200000000001,6.731200000000001,0.0,True
9,storm,150,0.1,c09_storm_150_a125_c100_0020,0,0,0,0.0,0.0,0.0,True,0.0,0.0,True,0.0,0.0,0.0,True
9,storm,150,0.2,c09_storm_150_a125_c100_0020,0,0,0,0.0,0.0,0.0,True,0.0,0.0,True,0.0,0.0,0.0,True
9,storm,150,0.1,c09_storm_150_a125_c100_0021,0,0,0,33.398000000000025,0.0,33.398000000000025,True,33.398000000000025,0.0,True,33.398000000000025,33.398000000000025,0.0,True
9,storm,150,0.2,c09_storm_150_a125_c100_0021,0,0,0,33.398000000000025,0.0,33.398000000000025,True,33.398000000000025,0.0,True,33.398000000000025,33.398000000000025,0.0,True
9,storm,150,0.1,c09_storm_150_a125_c100_0022,0,0,0,0.0,0.0,0.0,True,0.0,0.0,True,0.0,0.0,0.0,True
9,storm,150,0.2,c09_storm_150_a125_c100_0022,0,0,0,0.0,0.0,0.0,True,0.0,0.0,True,0.0,0.0,0.0,True
9,storm,150,0.1,c09_storm_150_a125_c100_0023,0,0,0,0.0,0.0,0.0,True,0.0,0.0,True,0.0,0.0,0.0,True
9,storm,150,0.2,c09_storm_150_a125_c100_0023,0,0,0,0.0,0.0,0.0,True,0.0,0.0,True,0.0,0.0,0.0,True
9,storm,150,0.1,c09_storm_150_a125_c100_0024,0,0,0,81.39240000000001,0.0,81.39240000000001,True,81.39240000000001,0.0,True,81.39240000000001,81.39240000000001,0.0,True
9,storm,150,0.2,c09_storm_150_a125_c100_0024,0,0,0,81.39240000000001,0.0,81.39240000000001,True,81.39240000000001,0.0,True,81.39240000000001,81.39240000000001,0.0,True
9,storm,150,0.1,c09_storm_150_a125_c100_0025,0,0,0,93.5056,0.0,93.5056,True,93.5056,0.0,True,93.5056,93.5056,0.0,True
9,storm,150,0.2,c09_storm_150_a125_c100_0025,0,0,0,93.5056,0.0,93.5056,True,93.5056,0.0,True,93.5056,93.5056,0.0,True
9,storm,150,0.1,c09_storm_150_a125_c100_0026,0,0,0,0.0,0.0,0.0,True,0.0,0.0,True,0.0,0.0,0.0,True
9,storm,150,0.2,c09_storm_150_a125_c100_0026,0,0,0,0.0,0.0,0.0,True,0.0,0.0,True,0.0,0.0,0.0,True
9,storm,150,0.1,c09_storm_150_a125_c100_0027,0,0,0,152.33800000000005,0.0,152.33800000000005,True,152.33800000000005,0.0,True,152.33800000000005,152.33800000000005,0.0,True
9,storm,150,0.2,c09_storm_150_a125_c100_0027,0,0,0,152.33800000000005,0.0,152.33800000000005,True,152.33800000000005,0.0,True,152.33800000000005,152.33800000000005,0.0,True
9,storm,150,0.1,c09_storm_150_a125_c100_0028,0,0,0,0.0,0.0,0.0,True,0.0,0.0,True,0.0,0.0,0.0,True
9,storm,150,0.2,c09_storm_150_a125_c100_0028,0,0,0,0.0,0.0,0.0,True,0.0,0.0,True,0.0,0.0,0.0,True
9,storm,150,0.1,c09_storm_150_a125_c100_0029,0,0,0,0.0,0.0,0.0,True,0.0,0.0,True,0.0,0.0,0.0,True
9,storm,150,0.2,c09_storm_150_a125_c100_0029,0,0,0,0.0,0.0,0.0,True,0.0,0.0,True,0.0,0.0,0.0,True
9,storm,150,0.1,c09_storm_150_a125_c80_0000,0,0,0,6.47920000000002,0.0,6.47920000000002,True,6.47920000000002,0.0,True,6.47920000000002,6.47920000000002,0.0,True
9,storm,150,0.2,c09_storm_150_a125_c80_0000,0,0,0,6.47920000000002,0.0,6.47920000000002,True,6.47920000000002,0.0,True,6.47920000000002,6.47920000000002,0.0,True
9,storm,150,0.1,c09_storm_150_a125_c80_0001,0,0,0,0.0,0.0,0.0,True,0.0,0.0,True,0.0,0.0,0.0,True
9,storm,150,0.2,c09_storm_150_a125_c80_0001,0,0,0,0.0,0.0,0.0,True,0.0,0.0,True,0.0,0.0,0.0,True
9,storm,150,0.1,c09_storm_150_a125_c80_0002,0,0,0,0.0,0.0,0.0,True,0.0,0.0,True,0.0,0.0,0.0,True
9,storm,150,0.2,c09_storm_150_a125_c80_0002,0,0,0,0.0,0.0,0.0,True,0.0,0.0,True,0.0,0.0,0.0,True
9,storm,150,0.1,c09_storm_150_a125_c80_0003,0,0,0,0.0,0.0,0.0,True,0.0,0.0,True,0.0,0.0,0.0,True
9,storm,150,0.2,c09_storm_150_a125_c80_0003,0,0,0,0.0,0.0,0.0,True,0.0,0.0,True,0.0,0.0,0.0,True
9,storm,150,0.1,c09_storm_150_a125_c80_0004,0,0,0,12.332399999999978,0.0,12.332399999999978,True,12.332399999999978,0.0,True,12.332399999999978,12.332399999999978,0.0,True
9,storm,150,0.2,c09_storm_150_a125_c80_0004,0,0,0,12.332399999999978,0.0,12.332399999999978,True,12.332399999999978,0.0,True,12.332399999999978,12.332399999999978,0.0,True
9,storm,150,0.1,c09_storm_150_a125_c80_0005,0,0,0,0.0,0.0,0.0,True,0.0,0.0,True,0.0,0.0,0.0,True
9,storm,150,0.2,c09_storm_150_a125_c80_0005,0,0,0,0.0,0.0,0.0,True,0.0,0.0,True,0.0,0.0,0.0,True
9,storm,150,0.1,c09_storm_150_a125_c80_0006,0,0,0,0.0,0.0,0.0,True,0.0,0.0,True,0.0,0.0,0.0,True
9,storm,150,0.2,c09_storm_150_a125_c80_0006,0,0,0,0.0,0.0,0.0,True,0.0,0.0,True,0.0,0.0,0.0,True
9,storm,150,0.1,c09_storm_150_a125_c80_0007,0,0,0,159.3548,0.0,159.3548,True,159.3548,0.0,True,159.3548,159.3548,0.0,True
9,storm,150,0.2,c09_storm_150_a125_c80_0007,0,0,0,159.3548,0.0,159.3548,True,159.3548,0.0,True,159.3548,159.3548,0.0,True
9,storm,150,0.1,c09_storm_150_a125_c80_0008,0,0,0,6.463600000000014,0.0,6.463600000000014,True,6.463600000000014,0.0,True,6.463600000000014,6.463600000000014,0.0,True
9,storm,150,0.2,c09_storm_150_a125_c80_0008,0,0,0,6.463600000000014,0.0,6.463600000000014,True,6.463600000000014,0.0,True,6.463600000000014,6.463600000000014,0.0,True
9,storm,150,0.1,c09_storm_150_a125_c80_0009,0,0,0,0.0,0.0,0.0,True,0.0,0.0,True,0.0,0.0,0.0,True
9,storm,150,0.2,c09_storm_150_a125_c80_0009,0,0,0,0.0,0.0,0.0,True,0.0,0.0,True,0.0,0.0,0.0,True
9,storm,150,0.1,c09_storm_150_a125_c80_0010,0,0,0,0.0,0.0,0.0,True,0.0,0.0,True,0.0,0.0,0.0,True
9,storm,150,0.2,c09_storm_150_a125_c80_0010,0,0,0,0.0,0.0,0.0,True,0.0,0.0,True,0.0,0.0,0.0,True
9,storm,150,0.1,c09_storm_150_a125_c80_0011,0,0,0,1.7376000000000005,0.0,1.7376000000000005,True,1.7376000000000005,0.0,True,1.7376000000000005,1.7376000000000005,0.0,True
9,storm,150,0.2,c09_storm_150_a125_c80_0011,0,0,0,1.7376000000000005,0.0,1.7376000000000005,True,1.7376000000000005,0.0,True,1.7376000000000005,1.7376000000000005,0.0,True
9,storm,150,0.1,c09_storm_150_a125_c80_0012,0,0,0,73.11360000000002,0.0,73.11360000000002,True,73.11360000000002,0.0,True,73.11360000000002,73.11360000000002,0.0,True
9,storm,150,0.2,c09_storm_150_a125_c80_0012,0,0,0,73.11360000000002,0.0,73.11360000000002,True,73.11360000000002,0.0,True,73.11360000000002,73.11360000000002,0.0,True
9,storm,150,0.1,c09_storm_150_a125_c80_0013,0,0,0,24.917599999999993,0.0,24.917599999999993,True,24.917599999999993,0.0,True,24.917599999999993,24.917599999999993,0.0,True
9,storm,150,0.2,c09_storm_150_a125_c80_0013,0,0,0,24.917599999999993,0.0,24.917599999999993,True,24.917599999999993,0.0,True,24.917599999999993,24.917599999999993,0.0,True
9,storm,150,0.1,c09_storm_150_a125_c80_0014,0,0,0,0.0,0.0,0.0,True,0.0,0.0,True,0.0,0.0,0.0,True
9,storm,150,0.2,c09_storm_150_a125_c80_0014,0,0,0,0.0,0.0,0.0,True,0.0,0.0,True,0.0,0.0,0.0,True
9,storm,150,0.1,c09_storm_150_a125_c80_0015,0,0,0,77.55440000000002,0.0,77.55440000000002,True,77.55440000000002,0.0,True,77.55440000000002,77.55440000000002,0.0,True
9,storm,150,0.2,c09_storm_150_a125_c80_0015,0,0,0,77.55440000000002,0.0,77.55440000000002,True,77.55440000000002,0.0,True,77.55440000000002,77.55440000000002,0.0,True
9,storm,150,0.1,c09_storm_150_a125_c80_0016,0,0,0,0.0,0.0,0.0,True,0.0,0.0,True,0.0,0.0,0.0,True
9,storm,150,0.2,c09_storm_150_a125_c80_0016,0,0,0,0.0,0.0,0.0,True,0.0,0.0,True,0.0,0.0,0.0,True
9,storm,150,0.1,c09_storm_150_a125_c80_0017,0,0,0,9.930399999999992,0.0,9.930399999999992,True,9.930399999999992,0.0,True,9.930399999999992,9.930399999999992,0.0,True
9,storm,150,0.2,c09_storm_150_a125_c80_0017,0,0,0,9.930399999999992,0.0,9.930399999999992,True,9.930399999999992,0.0,True,9.930399999999992,9.930399999999992,0.0,True
9,storm,150,0.1,c09_storm_150_a125_c80_0018,0,0,0,62.71079999999998,0.0,62.71079999999998,True,62.71079999999998,0.0,True,62.71079999999998,62.71079999999998,0.0,True
9,storm,150,0.2,c09_storm_150_a125_c80_0018,0,0,0,62.71079999999998,0.0,62.71079999999998,True,62.71079999999998,0.0,True,62.71079999999998,62.71079999999998,0.0,True
9,storm,150,0.1,c09_storm_150_a125_c80_0019,0,0,0,6.731200000000001,0.0,6.731200000000001,True,6.731200000000001,0.0,True,6.731200000000001,6.731200000000001,0.0,True
9,storm,150,0.2,c09_storm_150_a125_c80_0019,0,0,0,6.731200000000001,0.0,6.731200000000001,True,6.731200000000001,0.0,True,6.731200000000001,6.731200000000001,0.0,True
9,storm,150,0.1,c09_storm_150_a125_c80_0020,0,0,0,0.0,0.0,0.0,True,0.0,0.0,True,0.0,0.0,0.0,True
9,storm,150,0.2,c09_storm_150_a125_c80_0020,0,0,0,0.0,0.0,0.0,True,0.0,0.0,True,0.0,0.0,0.0,True
9,storm,150,0.1,c09_storm_150_a125_c80_0021,0,0,0,33.398000000000025,0.0,33.398000000000025,True,33.398000000000025,0.0,True,33.398000000000025,33.398000000000025,0.0,True
9,storm,150,0.2,c09_storm_150_a125_c80_0021,0,0,0,33.398000000000025,0.0,33.398000000000025,True,33.398000000000025,0.0,True,33.398000000000025,33.398000000000025,0.0,True
9,storm,150,0.1,c09_storm_150_a125_c80_0022,0,0,0,0.0,0.0,0.0,True,0.0,0.0,True,0.0,0.0,0.0,True
9,storm,150,0.2,c09_storm_150_a125_c80_0022,0,0,0,0.0,0.0,0.0,True,0.0,0.0,True,0.0,0.0,0.0,True
9,storm,150,0.1,c09_storm_150_a125_c80_0023,0,0,0,0.0,0.0,0.0,True,0.0,0.0,True,0.0,0.0,0.0,True
9,storm,150,0.2,c09_storm_150_a125_c80_0023,0,0,0,0.0,0.0,0.0,True,0.0,0.0,True,0.0,0.0,0.0,True
9,storm,150,0.1,c09_storm_150_a125_c80_0024,0,0,0,81.39240000000001,0.0,81.39240000000001,True,81.39240000000001,0.0,True,81.39240000000001,81.39240000000001,0.0,True
9,storm,150,0.2,c09_storm_150_a125_c80_0024,0,0,0,81.39240000000001,0.0,81.39240000000001,True,81.39240000000001,0.0,True,81.39240000000001,81.39240000000001,0.0,True
9,storm,150,0.1,c09_storm_150_a125_c80_0025,0,0,0,93.5056,0.0,93.5056,True,93.5056,0.0,True,93.5056,93.5056,0.0,True
9,storm,150,0.2,c09_storm_150_a125_c80_0025,0,0,0,93.5056,0.0,93.5056,True,93.5056,0.0,True,93.5056,93.5056,0.0,True
9,storm,150,0.1,c09_storm_150_a125_c80_0026,0,0,0,0.0,0.0,0.0,True,0.0,0.0,True,0.0,0.0,0.0,True
9,storm,150,0.2,c09_storm_150_a125_c80_0026,0,0,0,0.0,0.0,0.0,True,0.0,0.0,True,0.0,0.0,0.0,True
9,storm,150,0.1,c09_storm_150_a125_c80_0027,0,0,0,152.33800000000005,0.0,152.33800000000005,True,152.33800000000005,0.0,True,152.33800000000005,152.33800000000005,0.0,True
9,storm,150,0.2,c09_storm_150_a125_c80_0027,0,0,0,152.33800000000005,0.0,152.33800000000005,True,152.33800000000005,0.0,True,152.33800000000005,152.33800000000005,0.0,True
9,storm,150,0.1,c09_storm_150_a125_c80_0028,0,0,0,0.0,0.0,0.0,True,0.0,0.0,True,0.0,0.0,0.0,True
9,storm,150,0.2,c09_storm_150_a125_c80_0028,0,0,0,0.0,0.0,0.0,True,0.0,0.0,True,0.0,0.0,0.0,True
9,storm,150,0.1,c09_storm_150_a125_c80_0029,0,0,0,0.0,0.0,0.0,True,0.0,0.0,True,0.0,0.0,0.0,True
9,storm,150,0.2,c09_storm_150_a125_c80_0029,0,0,0,0.0,0.0,0.0,True,0.0,0.0,True,0.0,0.0,0.0,True
9,storm,150,0.1,c09_storm_150_a150_c100_0000,0,0,0,6.47920000000002,0.0,6.47920000000002,True,6.47920000000002,0.0,True,6.47920000000002,6.47920000000002,0.0,True
9,storm,150,0.2,c09_storm_150_a150_c100_0000,0,0,0,6.47920000000002,0.0,6.47920000000002,True,6.47920000000002,0.0,True,6.47920000000002,6.47920000000002,0.0,True
9,storm,150,0.1,c09_storm_150_a150_c100_0001,0,0,0,0.0,0.0,0.0,True,0.0,0.0,True,0.0,0.0,0.0,True
9,storm,150,0.2,c09_storm_150_a150_c100_0001,0,0,0,0.0,0.0,0.0,True,0.0,0.0,True,0.0,0.0,0.0,True
9,storm,150,0.1,c09_storm_150_a150_c100_0002,0,0,0,0.0,0.0,0.0,True,0.0,0.0,True,0.0,0.0,0.0,True
9,storm,150,0.2,c09_storm_150_a150_c100_0002,0,0,0,0.0,0.0,0.0,True,0.0,0.0,True,0.0,0.0,0.0,True
9,storm,150,0.1,c09_storm_150_a150_c100_0003,0,0,0,0.0,0.0,0.0,True,0.0,0.0,True,0.0,0.0,0.0,True
9,storm,150,0.2,c09_storm_150_a150_c100_0003,0,0,0,0.0,0.0,0.0,True,0.0,0.0,True,0.0,0.0,0.0,True
9,storm,150,0.1,c09_storm_150_a150_c100_0004,0,0,0,12.332400000000007,0.0,12.332400000000007,True,12.332400000000007,0.0,True,12.332400000000007,12.332400000000007,0.0,True
9,storm,150,0.2,c09_storm_150_a150_c100_0004,0,0,0,12.332400000000007,0.0,12.332400000000007,True,12.332400000000007,0.0,True,12.332400000000007,12.332400000000007,0.0,True
9,storm,150,0.1,c09_storm_150_a150_c100_0005,0,0,0,0.0,0.0,0.0,True,0.0,0.0,True,0.0,0.0,0.0,True
9,storm,150,0.2,c09_storm_150_a150_c100_0005,0,0,0,0.0,0.0,0.0,True,0.0,0.0,True,0.0,0.0,0.0,True
9,storm,150,0.1,c09_storm_150_a150_c100_0006,0,0,0,0.0,0.0,0.0,True,0.0,0.0,True,0.0,0.0,0.0,True
9,storm,150,0.2,c09_storm_150_a150_c100_0006,0,0,0,0.0,0.0,0.0,True,0.0,0.0,True,0.0,0.0,0.0,True
9,storm,150,0.1,c09_storm_150_a150_c100_0007,0,0,0,159.35479999999998,0.0,159.35479999999998,True,159.35479999999998,0.0,True,159.35479999999998,159.35479999999998,0.0,True
9,storm,150,0.2,c09_storm_150_a150_c100_0007,0,0,0,159.35479999999998,0.0,159.35479999999998,True,159.35479999999998,0.0,True,159.35479999999998,159.35479999999998,0.0,True
9,storm,150,0.1,c09_storm_150_a150_c100_0008,0,0,0,6.463599999999985,0.0,6.463599999999985,True,6.463599999999985,0.0,True,6.463599999999985,6.463599999999985,0.0,True
9,storm,150,0.2,c09_storm_150_a150_c100_0008,0,0,0,6.463599999999985,0.0,6.463599999999985,True,6.463599999999985,0.0,True,6.463599999999985,6.463599999999985,0.0,True
9,storm,150,0.1,c09_storm_150_a150_c100_0009,0,0,0,0.0,0.0,0.0,True,0.0,0.0,True,0.0,0.0,0.0,True
9,storm,150,0.2,c09_storm_150_a150_c100_0009,0,0,0,0.0,0.0,0.0,True,0.0,0.0,True,0.0,0.0,0.0,True
9,storm,150,0.1,c09_storm_150_a150_c100_0010,0,0,0,0.0,0.0,0.0,True,0.0,0.0,True,0.0,0.0,0.0,True
9,storm,150,0.2,c09_storm_150_a150_c100_0010,0,0,0,0.0,0.0,0.0,True,0.0,0.0,True,0.0,0.0,0.0,True
9,storm,150,0.1,c09_storm_150_a150_c100_0011,0,0,0,1.7376000000000005,0.0,1.7376000000000005,True,1.7376000000000005,0.0,True,1.7376000000000005,1.7376000000000005,0.0,True
9,storm,150,0.2,c09_storm_150_a150_c100_0011,0,0,0,1.7376000000000005,0.0,1.7376000000000005,True,1.7376000000000005,0.0,True,1.7376000000000005,1.7376000000000005,0.0,True
9,storm,150,0.1,c09_storm_150_a150_c100_0012,0,0,0,73.11359999999999,0.0,73.11359999999999,True,73.11359999999999,0.0,True,73.11359999999999,73.11359999999999,0.0,True
9,storm,150,0.2,c09_storm_150_a150_c100_0012,0,0,0,73.11359999999999,0.0,73.11359999999999,True,73.11359999999999,0.0,True,73.11359999999999,73.11359999999999,0.0,True
9,storm,150,0.1,c09_storm_150_a150_c100_0013,0,0,0,24.917599999999993,0.0,24.917599999999993,True,24.917599999999993,0.0,True,24.917599999999993,24.917599999999993,0.0,True
9,storm,150,0.2,c09_storm_150_a150_c100_0013,0,0,0,24.917599999999993,0.0,24.917599999999993,True,24.917599999999993,0.0,True,24.917599999999993,24.917599999999993,0.0,True
9,storm,150,0.1,c09_storm_150_a150_c100_0014,0,0,0,0.0,0.0,0.0,True,0.0,0.0,True,0.0,0.0,0.0,True
9,storm,150,0.2,c09_storm_150_a150_c100_0014,0,0,0,0.0,0.0,0.0,True,0.0,0.0,True,0.0,0.0,0.0,True
9,storm,150,0.1,c09_storm_150_a150_c100_0015,0,0,0,77.55439999999996,0.0,77.55439999999996,True,77.55439999999996,0.0,True,77.55439999999996,77.55439999999996,0.0,True
9,storm,150,0.2,c09_storm_150_a150_c100_0015,0,0,0,77.55439999999996,0.0,77.55439999999996,True,77.55439999999996,0.0,True,77.55439999999996,77.55439999999996,0.0,True
9,storm,150,0.1,c09_storm_150_a150_c100_0016,0,0,0,0.0,0.0,0.0,True,0.0,0.0,True,0.0,0.0,0.0,True
9,storm,150,0.2,c09_storm_150_a150_c100_0016,0,0,0,0.0,0.0,0.0,True,0.0,0.0,True,0.0,0.0,0.0,True
9,storm,150,0.1,c09_storm_150_a150_c100_0017,0,0,0,9.930399999999992,0.0,9.930399999999992,True,9.930399999999992,0.0,True,9.930399999999992,9.930399999999992,0.0,True
9,storm,150,0.2,c09_storm_150_a150_c100_0017,0,0,0,9.930399999999992,0.0,9.930399999999992,True,9.930399999999992,0.0,True,9.930399999999992,9.930399999999992,0.0,True
9,storm,150,0.1,c09_storm_150_a150_c100_0018,0,0,0,62.710800000000006,0.0,62.710800000000006,True,62.710800000000006,0.0,True,62.710800000000006,62.710800000000006,0.0,True
9,storm,150,0.2,c09_storm_150_a150_c100_0018,0,0,0,62.710800000000006,0.0,62.710800000000006,True,62.710800000000006,0.0,True,62.710800000000006,62.710800000000006,0.0,True
9,storm,150,0.1,c09_storm_150_a150_c100_0019,0,0,0,6.731200000000001,0.0,6.731200000000001,True,6.731200000000001,0.0,True,6.731200000000001,6.731200000000001,0.0,True
9,storm,150,0.2,c09_storm_150_a150_c100_0019,0,0,0,6.731200000000001,0.0,6.731200000000001,True,6.731200000000001,0.0,True,6.731200000000001,6.731200000000001,0.0,True
9,storm,150,0.1,c09_storm_150_a150_c100_0020,0,0,0,0.0,0.0,0.0,True,0.0,0.0,True,0.0,0.0,0.0,True
9,storm,150,0.2,c09_storm_150_a150_c100_0020,0,0,0,0.0,0.0,0.0,True,0.0,0.0,True,0.0,0.0,0.0,True
9,storm,150,0.1,c09_storm_150_a150_c100_0021,0,0,0,33.397999999999996,0.0,33.397999999999996,True,33.397999999999996,0.0,True,33.397999999999996,33.397999999999996,0.0,True
9,storm,150,0.2,c09_storm_150_a150_c100_0021,0,0,0,33.397999999999996,0.0,33.397999999999996,True,33.397999999999996,0.0,True,33.397999999999996,33.397999999999996,0.0,True
9,storm,150,0.1,c09_storm_150_a150_c100_0022,0,0,0,0.0,0.0,0.0,True,0.0,0.0,True,0.0,0.0,0.0,True
9,storm,150,0.2,c09_storm_150_a150_c100_0022,0,0,0,0.0,0.0,0.0,True,0.0,0.0,True,0.0,0.0,0.0,True
9,storm,150,0.1,c09_storm_150_a150_c100_0023,0,0,0,0.0,0.0,0.0,True,0.0,0.0,True,0.0,0.0,0.0,True
9,storm,150,0.2,c09_storm_150_a150_c100_0023,0,0,0,0.0,0.0,0.0,True,0.0,0.0,True,0.0,0.0,0.0,True
9,storm,150,0.1,c09_storm_150_a150_c100_0024,0,0,0,81.39240000000001,0.0,81.39240000000001,True,81.39240000000001,0.0,True,81.39240000000001,81.39240000000001,0.0,True
9,storm,150,0.2,c09_storm_150_a150_c100_0024,0,0,0,81.39240000000001,0.0,81.39240000000001,True,81.39240000000001,0.0,True,81.39240000000001,81.39240000000001,0.0,True
9,storm,150,0.1,c09_storm_150_a150_c100_0025,0,0,0,93.50559999999997,0.0,93.50559999999997,True,93.50559999999997,0.0,True,93.50559999999997,93.50559999999997,0.0,True
9,storm,150,0.2,c09_storm_150_a150_c100_0025,0,0,0,93.50559999999997,0.0,93.50559999999997,True,93.50559999999997,0.0,True,93.50559999999997,93.50559999999997,0.0,True
9,storm,150,0.1,c09_storm_150_a150_c100_0026,0,0,0,0.0,0.0,0.0,True,0.0,0.0,True,0.0,0.0,0.0,True
9,storm,150,0.2,c09_storm_150_a150_c100_0026,0,0,0,0.0,0.0,0.0,True,0.0,0.0,True,0.0,0.0,0.0,True
9,storm,150,0.1,c09_storm_150_a150_c100_0027,0,0,0,152.33800000000002,0.0,152.33800000000002,True,152.33800000000002,0.0,True,152.33800000000002,152.33800000000002,0.0,True
9,storm,150,0.2,c09_storm_150_a150_c100_0027,0,0,0,152.33800000000002,0.0,152.33800000000002,True,152.33800000000002,0.0,True,152.33800000000002,152.33800000000002,0.0,True
9,storm,150,0.1,c09_storm_150_a150_c100_0028,0,0,0,0.0,0.0,0.0,True,0.0,0.0,True,0.0,0.0,0.0,True
9,storm,150,0.2,c09_storm_150_a150_c100_0028,0,0,0,0.0,0.0,0.0,True,0.0,0.0,True,0.0,0.0,0.0,True
9,storm,150,0.1,c09_storm_150_a150_c100_0029,0,0,0,0.0,0.0,0.0,True,0.0,0.0,True,0.0,0.0,0.0,True
9,storm,150,0.2,c09_storm_150_a150_c100_0029,0,0,0,0.0,0.0,0.0,True,0.0,0.0,True,0.0,0.0,0.0,True
9,storm,150,0.1,c09_storm_150_a150_c80_0000,0,0,0,6.47920000000002,0.0,6.47920000000002,True,6.47920000000002,0.0,True,6.47920000000002,6.47920000000002,0.0,True
9,storm,150,0.2,c09_storm_150_a150_c80_0000,0,0,0,6.47920000000002,0.0,6.47920000000002,True,6.47920000000002,0.0,True,6.47920000000002,6.47920000000002,0.0,True
9,storm,150,0.1,c09_storm_150_a150_c80_0001,0,0,0,0.0,0.0,0.0,True,0.0,0.0,True,0.0,0.0,0.0,True
9,storm,150,0.2,c09_storm_150_a150_c80_0001,0,0,0,0.0,0.0,0.0,True,0.0,0.0,True,0.0,0.0,0.0,True
9,storm,150,0.1,c09_storm_150_a150_c80_0002,0,0,0,0.0,0.0,0.0,True,0.0,0.0,True,0.0,0.0,0.0,True
9,storm,150,0.2,c09_storm_150_a150_c80_0002,0,0,0,0.0,0.0,0.0,True,0.0,0.0,True,0.0,0.0,0.0,True
9,storm,150,0.1,c09_storm_150_a150_c80_0003,0,0,0,0.0,0.0,0.0,True,0.0,0.0,True,0.0,0.0,0.0,True
9,storm,150,0.2,c09_storm_150_a150_c80_0003,0,0,0,0.0,0.0,0.0,True,0.0,0.0,True,0.0,0.0,0.0,True
9,storm,150,0.1,c09_storm_150_a150_c80_0004,0,0,0,12.332400000000007,0.0,12.332400000000007,True,12.332400000000007,0.0,True,12.332400000000007,12.332400000000007,0.0,True
9,storm,150,0.2,c09_storm_150_a150_c80_0004,0,0,0,12.332400000000007,0.0,12.332400000000007,True,12.332400000000007,0.0,True,12.332400000000007,12.332400000000007,0.0,True
9,storm,150,0.1,c09_storm_150_a150_c80_0005,0,0,0,0.0,0.0,0.0,True,0.0,0.0,True,0.0,0.0,0.0,True
9,storm,150,0.2,c09_storm_150_a150_c80_0005,0,0,0,0.0,0.0,0.0,True,0.0,0.0,True,0.0,0.0,0.0,True
9,storm,150,0.1,c09_storm_150_a150_c80_0006,0,0,0,0.0,0.0,0.0,True,0.0,0.0,True,0.0,0.0,0.0,True
9,storm,150,0.2,c09_storm_150_a150_c80_0006,0,0,0,0.0,0.0,0.0,True,0.0,0.0,True,0.0,0.0,0.0,True
9,storm,150,0.1,c09_storm_150_a150_c80_0007,0,0,0,159.35479999999998,0.0,159.35479999999998,True,159.35479999999998,0.0,True,159.35479999999998,159.35479999999998,0.0,True
9,storm,150,0.2,c09_storm_150_a150_c80_0007,0,0,0,159.35479999999998,0.0,159.35479999999998,True,159.35479999999998,0.0,True,159.35479999999998,159.35479999999998,0.0,True
9,storm,150,0.1,c09_storm_150_a150_c80_0008,0,0,0,6.463599999999985,0.0,6.463599999999985,True,6.463599999999985,0.0,True,6.463599999999985,6.463599999999985,0.0,True
9,storm,150,0.2,c09_storm_150_a150_c80_0008,0,0,0,6.463599999999985,0.0,6.463599999999985,True,6.463599999999985,0.0,True,6.463599999999985,6.463599999999985,0.0,True
9,storm,150,0.1,c09_storm_150_a150_c80_0009,0,0,0,0.0,0.0,0.0,True,0.0,0.0,True,0.0,0.0,0.0,True
9,storm,150,0.2,c09_storm_150_a150_c80_0009,0,0,0,0.0,0.0,0.0,True,0.0,0.0,True,0.0,0.0,0.0,True
12,storm,150,0.1,c12_storm_150_a125_c100_0000,0,0,0,1093.7944000000002,0.0,1093.7944000000002,True,1093.7944000000002,0.0,True,1093.7944000000002,1093.7944000000002,0.0,True
12,storm,150,0.2,c12_storm_150_a125_c100_0000,0,0,0,1093.7944000000002,0.0,1093.7944000000002,True,1093.7944000000002,0.0,True,1093.7944000000002,1093.7944000000002,0.0,True
12,storm,150,0.1,c12_storm_150_a125_c100_0001,0,0,0,1033.6272000000001,0.0,1033.6272000000001,True,1033.6272000000001,0.0,True,1033.6272000000001,1033.6272000000001,0.0,True
12,storm,150,0.2,c12_storm_150_a125_c100_0001,0,0,0,1033.6272000000001,0.0,1033.6272000000001,True,1033.6272000000001,0.0,True,1033.6272000000001,1033.6272000000001,0.0,True
12,storm,150,0.1,c12_storm_150_a125_c100_0002,0,0,0,311.3216,0.0,311.3216,True,311.3216,0.0,True,311.3216,311.3216,0.0,True
12,storm,150,0.2,c12_storm_150_a125_c100_0002,0,0,0,311.3216,0.0,311.3216,True,311.3216,0.0,True,311.3216,311.3216,0.0,True
12,storm,150,0.1,c12_storm_150_a125_c100_0003,0,0,0,564.8988,0.0,564.8988,True,564.8988,0.0,True,564.8988,564.8988,0.0,True
12,storm,150,0.2,c12_storm_150_a125_c100_0003,0,0,0,564.8988,0.0,564.8988,True,564.8988,0.0,True,564.8988,564.8988,0.0,True
12,storm,150,0.1,c12_storm_150_a125_c100_0004,0,0,0,266.5964,0.0,266.5964,True,266.5964,0.0,True,266.5964,266.5964,0.0,True
12,storm,150,0.2,c12_storm_150_a125_c100_0004,0,0,0,266.5964,0.0,266.5964,True,266.5964,0.0,True,266.5964,266.5964,0.0,True
12,storm,150,0.1,c12_storm_150_a125_c100_0005,0,0,0,853.9944,0.0,853.9944,True,853.9944,0.0,True,853.9944,853.9944,0.0,True
12,storm,150,0.2,c12_storm_150_a125_c100_0005,0,0,0,853.9944,0.0,853.9944,True,853.9944,0.0,True,853.9944,853.9944,0.0,True
12,storm,150,0.1,c12_storm_150_a125_c100_0006,0,0,0,697.154,0.0,697.154,True,697.154,0.0,True,697.154,697.154,0.0,True
12,storm,150,0.2,c12_storm_150_a125_c100_0006,0,0,0,697.154,0.0,697.154,True,697.154,0.0,True,697.154,697.154,0.0,True
12,storm,150,0.1,c12_storm_150_a125_c100_0007,0,0,0,1065.9512,0.0,1065.9512,True,1065.9512,0.0,True,1065.9512,1065.9512,0.0,True
12,storm,150,0.2,c12_storm_150_a125_c100_0007,0,0,0,1065.9512,0.0,1065.9512,True,1065.9512,0.0,True,1065.9512,1065.9512,0.0,True
12,storm,150,0.1,c12_storm_150_a125_c100_0008,0,0,0,209.3096,0.0,209.3096,True,209.3096,0.0,True,209.3096,209.3096,0.0,True
12,storm,150,0.2,c12_storm_150_a125_c100_0008,0,0,0,209.3096,0.0,209.3096,True,209.3096,0.0,True,209.3096,209.3096,0.0,True
12,storm,150,0.1,c12_storm_150_a125_c100_0009,0,0,0,706.772,0.0,706.772,True,706.772,0.0,True,706.772,706.772,0.0,True
12,storm,150,0.2,c12_storm_150_a125_c100_0009,0,0,0,706.772,0.0,706.772,True,706.772,0.0,True,706.772,706.772,0.0,True
12,storm,150,0.1,c12_storm_150_a125_c100_0010,0,0,0,368.86199999999997,0.0,368.86199999999997,True,368.86199999999997,0.0,True,368.86199999999997,368.86199999999997,0.0,True
12,storm,150,0.2,c12_storm_150_a125_c100_0010,0,0,0,368.86199999999997,0.0,368.86199999999997,True,368.86199999999997,0.0,True,368.86199999999997,368.86199999999997,0.0,True
12,storm,150,0.1,c12_storm_150_a125_c100_0011,0,0,0,639.856,0.0,639.856,True,639.856,0.0,True,639.856,639.856,0.0,True
12,storm,150,0.2,c12_storm_150_a125_c100_0011,0,0,0,639.856,0.0,639.856,True,639.856,0.0,True,639.856,639.856,0.0,True
12,storm,150,0.1,c12_storm_150_a125_c100_0012,0,0,0,1130.3727999999999,0.0,1130.3727999999999,True,1130.3727999999999,0.0,True,1130.3727999999999,1130.3727999999999,0.0,True
12,storm,150,0.2,c12_storm_150_a125_c100_0012,0,0,0,1130.3727999999999,0.0,1130.3727999999999,True,1130.3727999999999,0.0,True,1130.3727999999999,1130.3727999999999,0.0,True
12,storm,150,0.1,c12_storm_150_a125_c100_0013,0,0,0,449.3968,0.0,449.3968,True,449.3968,0.0,True,449.3968,449.3968,0.0,True
12,storm,150,0.2,c12_storm_150_a125_c100_0013,0,0,0,449.3968,0.0,449.3968,True,449.3968,0.0,True,449.3968,449.3968,0.0,True
12,storm,150,0.1,c12_storm_150_a125_c100_0014,0,0,0,185.54559999999998,0.0,185.54559999999998,True,185.54559999999998,0.0,True,185.54559999999998,185.54559999999998,0.0,True
12,storm,150,0.2,c12_storm_150_a125_c100_0014,0,0,0,185.54559999999998,0.0,185.54559999999998,True,185.54559999999998,0.0,True,185.54559999999998,185.54559999999998,0.0,True
12,storm,150,0.1,c12_storm_150_a125_c100_0015,0,0,0,711.8964000000001,0.0,711.8964000000001,True,711.8964000000001,0.0,True,711.8964000000001,711.8964000000001,0.0,True
12,storm,150,0.2,c12_storm_150_a125_c100_0015,0,0,0,711.8964000000001,0.0,711.8964000000001,True,711.8964000000001,0.0,True,711.8964000000001,711.8964000000001,0.0,True
12,storm,150,0.1,c12_storm_150_a125_c100_0016,0,0,0,304.33639999999997,0.0,304.33639999999997,True,304.33639999999997,0.0,True,304.33639999999997,304.33639999999997,0.0,True
12,storm,150,0.2,c12_storm_150_a125_c100_0016,0,0,0,304.33639999999997,0.0,304.33639999999997,True,304.33639999999997,0.0,True,304.33639999999997,304.33639999999997,0.0,True
12,storm,150,0.1,c12_storm_150_a125_c100_0017,0,0,0,569.494,0.0,569.494,True,569.494,0.0,True,569.494,569.494,0.0,True
12,storm,150,0.2,c12_storm_150_a125_c100_0017,0,0,0,569.494,0.0,569.494,True,569.494,0.0,True,569.494,569.494,0.0,True
12,storm,150,0.1,c12_storm_150_a125_c100_0018,0,0,0,314.6024,0.0,314.6024,True,314.6024,0.0,True,314.6024,314.6024,0.0,True
12,storm,150,0.2,c12_storm_150_a125_c100_0018,0,0,0,314.6024,0.0,314.6024,True,314.6024,0.0,True,314.6024,314.6024,0.0,True
12,storm,150,0.1,c12_storm_150_a125_c100_0019,0,0,0,178.02800000000002,0.0,178.02800000000002,True,178.02800000000002,0.0,True,178.02800000000002,178.02800000000002,0.0,True
12,storm,150,0.2,c12_storm_150_a125_c100_0019,0,0,0,178.02800000000002,0.0,178.02800000000002,True,178.02800000000002,0.0,True,178.02800000000002,178.02800000000002,0.0,True
12,storm,150,0.1,c12_storm_150_a125_c100_0020,0,0,0,1037.9872,0.0,1037.9872,True,1037.9872,0.0,True,1037.9872,1037.9872,0.0,True
12,storm,150,0.2,c12_storm_150_a125_c100_0020,0,0,0,1037.9872,0.0,1037.9872,True,1037.9872,0.0,True,1037.9872,1037.9872,0.0,True
12,storm,150,0.1,c12_storm_150_a125_c100_0021,0,0,0,788.2688,0.0,788.2688,True,788.2688,0.0,True,788.2688,788.2688,0.0,True
12,storm,150,0.2,c12_storm_150_a125_c100_0021,0,0,0,788.2688,0.0,788.2688,True,788.2688,0.0,True,788.2688,788.2688,0.0,True
12,storm,150,0.1,c12_storm_150_a125_c100_0022,0,0,0,694.032,0.0,694.032,True,694.032,0.0,True,694.032,694.032,0.0,True
12,storm,150,0.2,c12_storm_150_a125_c100_0022,0,0,0,694.032,0.0,694.032,True,694.032,0.0,True,694.032,694.032,0.0,True
12,storm,150,0.1,c12_storm_150_a125_c100_0023,0,0,0,765.4408000000001,0.0,765.4408000000001,True,765.4408000000001,0.0,True,765.4408000000001,765.4408000000001,0.0,True
12,storm,150,0.2,c12_storm_150_a125_c100_0023,0,0,0,765.4408000000001,0.0,765.4408000000001,True,765.4408000000001,0.0,True,765.4408000000001,765.4408000000001,0.0,True
12,storm,150,0.1,c12_storm_150_a125_c100_0024,0,0,0,640.5544,0.0,640.5544,True,640.5544,0.0,True,640.5544,640.5544,0.0,True
12,storm,150,0.2,c12_storm_150_a125_c100_0024,0,0,0,640.5544,0.0,640.5544,True,640.5544,0.0,True,640.5544,640.5544,0.0,True
12,storm,150,0.1,c12_storm_150_a125_c100_0025,0,0,0,487.2208,0.0,487.2208,True,487.2208,0.0,True,487.2208,487.2208,0.0,True
12,storm,150,0.2,c12_storm_150_a125_c100_0025,0,0,0,487.2208,0.0,487.2208,True,487.2208,0.0,True,487.2208,487.2208,0.0,True
12,storm,150,0.1,c12_storm_150_a125_c100_0026,0,0,0,706.166,0.0,706.166,True,706.166,0.0,True,706.166,706.166,0.0,True
12,storm,150,0.2,c12_storm_150_a125_c100_0026,0,0,0,706.166,0.0,706.166,True,706.166,0.0,True,706.166,706.166,0.0,True
12,storm,150,0.1,c12_storm_150_a125_c100_0027,0,0,0,416.212,0.0,416.212,True,416.212,0.0,True,416.212,416.212,0.0,True
12,storm,150,0.2,c12_storm_150_a125_c100_0027,0,0,0,416.212,0.0,416.212,True,416.212,0.0,True,416.212,416.212,0.0,True
12,storm,150,0.1,c12_storm_150_a125_c100_0028,0,0,0,225.4872,0.0,225.4872,True,225.4872,0.0,True,225.4872,225.4872,0.0,True
12,storm,150,0.2,c12_storm_150_a125_c100_0028,0,0,0,225.4872,0.0,225.4872,True,225.4872,0.0,True,225.4872,225.4872,0.0,True
12,storm,150,0.1,c12_storm_150_a125_c100_0029,0,0,0,1530.0096,0.0,1530.0096,True,1530.0096,0.0,True,1530.0096,1530.0096,0.0,True
12,storm,150,0.2,c12_storm_150_a125_c100_0029,0,0,0,1530.0096,0.0,1530.0096,True,1530.0096,0.0,True,1530.0096,1530.0096,0.0,True
12,storm,150,0.1,c12_storm_150_a125_c80_0000,0,0,0,1093.7944000000002,0.0,1093.7944000000002,True,1093.7944000000002,0.0,True,1093.7944000000002,1093.7944000000002,0.0,True
12,storm,150,0.2,c12_storm_150_a125_c80_0000,0,0,0,1093.7944000000002,0.0,1093.7944000000002,True,1093.7944000000002,0.0,True,1093.7944000000002,1093.7944000000002,0.0,True
12,storm,150,0.1,c12_storm_150_a125_c80_0001,0,0,0,1033.6272000000001,0.0,1033.6272000000001,True,1033.6272000000001,0.0,True,1033.6272000000001,1033.6272000000001,0.0,True
12,storm,150,0.2,c12_storm_150_a125_c80_0001,0,0,0,1033.6272000000001,0.0,1033.6272000000001,True,1033.6272000000001,0.0,True,1033.6272000000001,1033.6272000000001,0.0,True
12,storm,150,0.1,c12_storm_150_a125_c80_0002,0,0,0,311.3216,0.0,311.3216,True,311.3216,0.0,True,311.3216,311.3216,0.0,True
12,storm,150,0.2,c12_storm_150_a125_c80_0002,0,0,0,311.3216,0.0,311.3216,True,311.3216,0.0,True,311.3216,311.3216,0.0,True
12,storm,150,0.1,c12_storm_150_a125_c80_0003,0,0,0,564.8988,0.0,564.8988,True,564.8988,0.0,True,564.8988,564.8988,0.0,True
12,storm,150,0.2,c12_storm_150_a125_c80_0003,0,0,0,564.8988,0.0,564.8988,True,564.8988,0.0,True,564.8988,564.8988,0.0,True
12,storm,150,0.1,c12_storm_150_a125_c80_0004,0,0,0,266.5964,0.0,266.5964,True,266.5964,0.0,True,266.5964,266.5964,0.0,True
12,storm,150,0.2,c12_storm_150_a125_c80_0004,0,0,0,266.5964,0.0,266.5964,True,266.5964,0.0,True,266.5964,266.5964,0.0,True
12,storm,150,0.1,c12_storm_150_a125_c80_0005,0,0,0,853.9944,0.0,853.9944,True,853.9944,0.0,True,853.9944,853.9944,0.0,True
12,storm,150,0.2,c12_storm_150_a125_c80_0005,0,0,0,853.9944,0.0,853.9944,True,853.9944,0.0,True,853.9944,853.9944,0.0,True
12,storm,150,0.1,c12_storm_150_a125_c80_0006,0,0,0,697.154,0.0,697.154,True,697.154,0.0,True,697.154,697.154,0.0,True
12,storm,150,0.2,c12_storm_150_a125_c80_0006,0,0,0,697.154,0.0,697.154,True,697.154,0.0,True,697.154,697.154,0.0,True
12,storm,150,0.1,c12_storm_150_a125_c80_0007,0,0,0,1065.9512,0.0,1065.9512,True,1065.9512,0.0,True,1065.9512,1065.9512,0.0,True
12,storm,150,0.2,c12_storm_150_a125_c80_0007,0,0,0,1065.9512,0.0,1065.9512,True,1065.9512,0.0,True,1065.9512,1065.9512,0.0,True
12,storm,150,0.1,c12_storm_150_a125_c80_0008,0,0,0,209.3096,0.0,209.3096,True,209.3096,0.0,True,209.3096,209.3096,0.0,True
12,storm,150,0.2,c12_storm_150_a125_c80_0008,0,0,0,209.3096,0.0,209.3096,True,209.3096,0.0,True,209.3096,209.3096,0.0,True
12,storm,150,0.1,c12_storm_150_a125_c80_0009,0,0,0,706.772,0.0,706.772,True,706.772,0.0,True,706.772,706.772,0.0,True
12,storm,150,0.2,c12_storm_150_a125_c80_0009,0,0,0,706.772,0.0,706.772,True,706.772,0.0,True,706.772,706.772,0.0,True
12,storm,150,0.1,c12_storm_150_a125_c80_0010,0,0,0,368.86199999999997,0.0,368.86199999999997,True,368.86199999999997,0.0,True,368.86199999999997,368.86199999999997,0.0,True
12,storm,150,0.2,c12_storm_150_a125_c80_0010,0,0,0,368.86199999999997,0.0,368.86199999999997,True,368.86199999999997,0.0,True,368.86199999999997,368.86199999999997,0.0,True
12,storm,150,0.1,c12_storm_150_a125_c80_0011,0,0,0,639.856,0.0,639.856,True,639.856,0.0,True,639.856,639.856,0.0,True
12,storm,150,0.2,c12_storm_150_a125_c80_0011,0,0,0,639.856,0.0,639.856,True,639.856,0.0,True,639.856,639.856,0.0,True
12,storm,150,0.1,c12_storm_150_a125_c80_0012,0,0,0,1130.3727999999999,0.0,1130.3727999999999,True,1130.3727999999999,0.0,True,1130.3727999999999,1130.3727999999999,0.0,True
12,storm,150,0.2,c12_storm_150_a125_c80_0012,0,0,0,1130.3727999999999,0.0,1130.3727999999999,True,1130.3727999999999,0.0,True,1130.3727999999999,1130.3727999999999,0.0,True
12,storm,150,0.1,c12_storm_150_a125_c80_0013,0,0,0,449.3968,0.0,449.3968,True,449.3968,0.0,True,449.3968,449.3968,0.0,True
12,storm,150,0.2,c12_storm_150_a125_c80_0013,0,0,0,449.3968,0.0,449.3968,True,449.3968,0.0,True,449.3968,449.3968,0.0,True
12,storm,150,0.1,c12_storm_150_a125_c80_0014,0,0,0,185.54559999999998,0.0,185.54559999999998,True,185.54559999999998,0.0,True,185.54559999999998,185.54559999999998,0.0,True
12,storm,150,0.2,c12_storm_150_a125_c80_0014,0,0,0,185.54559999999998,0.0,185.54559999999998,True,185.54559999999998,0.0,True,185.54559999999998,185.54559999999998,0.0,True
12,storm,150,0.1,c12_storm_150_a125_c80_0015,0,0,0,711.8964000000001,0.0,711.8964000000001,True,711.8964000000001,0.0,True,711.8964000000001,711.8964000000001,0.0,True
12,storm,150,0.2,c12_storm_150_a125_c80_0015,0,0,0,711.8964000000001,0.0,711.8964000000001,True,711.8964000000001,0.0,True,711.8964000000001,711.8964000000001,0.0,True
12,storm,150,0.1,c12_storm_150_a125_c80_0016,0,0,0,304.33639999999997,0.0,304.33639999999997,True,304.33639999999997,0.0,True,304.33639999999997,304.33639999999997,0.0,True
12,storm,150,0.2,c12_storm_150_a125_c80_0016,0,0,0,304.33639999999997,0.0,304.33639999999997,True,304.33639999999997,0.0,True,304.33639999999997,304.33639999999997,0.0,True
12,storm,150,0.1,c12_storm_150_a125_c80_0017,0,0,0,569.494,0.0,569.494,True,569.494,0.0,True,569.494,569.494,0.0,True
12,storm,150,0.2,c12_storm_150_a125_c80_0017,0,0,0,569.494,0.0,569.494,True,569.494,0.0,True,569.494,569.494,0.0,True
12,storm,150,0.1,c12_storm_150_a125_c80_0018,0,0,0,314.6024,0.0,314.6024,True,314.6024,0.0,True,314.6024,314.6024,0.0,True
12,storm,150,0.2,c12_storm_150_a125_c80_0018,0,0,0,314.6024,0.0,314.6024,True,314.6024,0.0,True,314.6024,314.6024,0.0,True
12,storm,150,0.1,c12_storm_150_a125_c80_0019,0,0,0,178.02800000000002,0.0,178.02800000000002,True,178.02800000000002,0.0,True,178.02800000000002,178.02800000000002,0.0,True
12,storm,150,0.2,c12_storm_150_a125_c80_0019,0,0,0,178.02800000000002,0.0,178.02800000000002,True,178.02800000000002,0.0,True,178.02800000000002,178.02800000000002,0.0,True
12,storm,150,0.1,c12_storm_150_a125_c80_0020,0,0,0,1037.9872,0.0,1037.9872,True,1037.9872,0.0,True,1037.9872,1037.9872,0.0,True
12,storm,150,0.2,c12_storm_150_a125_c80_0020,0,0,0,1037.9872,0.0,1037.9872,True,1037.9872,0.0,True,1037.9872,1037.9872,0.0,True
12,storm,150,0.1,c12_storm_150_a125_c80_0021,0,0,0,788.2688,0.0,788.2688,True,788.2688,0.0,True,788.2688,788.2688,0.0,True
12,storm,150,0.2,c12_storm_150_a125_c80_0021,0,0,0,788.2688,0.0,788.2688,True,788.2688,0.0,True,788.2688,788.2688,0.0,True
12,storm,150,0.1,c12_storm_150_a125_c80_0022,0,0,0,694.032,0.0,694.032,True,694.032,0.0,True,694.032,694.032,0.0,True
12,storm,150,0.2,c12_storm_150_a125_c80_0022,0,0,0,694.032,0.0,694.032,True,694.032,0.0,True,694.032,694.032,0.0,True
12,storm,150,0.1,c12_storm_150_a125_c80_0023,0,0,0,765.4408000000001,0.0,765.4408000000001,True,765.4408000000001,0.0,True,765.4408000000001,765.4408000000001,0.0,True
12,storm,150,0.2,c12_storm_150_a125_c80_0023,0,0,0,765.4408000000001,0.0,765.4408000000001,True,765.4408000000001,0.0,True,765.4408000000001,765.4408000000001,0.0,True
12,storm,150,0.1,c12_storm_150_a125_c80_0024,0,0,0,640.5544,0.0,640.5544,True,640.5544,0.0,True,640.5544,640.5544,0.0,True
12,storm,150,0.2,c12_storm_150_a125_c80_0024,0,0,0,640.5544,0.0,640.5544,True,640.5544,0.0,True,640.5544,640.5544,0.0,True
12,storm,150,0.1,c12_storm_150_a125_c80_0025,0,0,0,487.2208,0.0,487.2208,True,487.2208,0.0,True,487.2208,487.2208,0.0,True
12,storm,150,0.2,c12_storm_150_a125_c80_0025,0,0,0,487.2208,0.0,487.2208,True,487.2208,0.0,True,487.2208,487.2208,0.0,True
12,storm,150,0.1,c12_storm_150_a125_c80_0026,0,0,0,706.166,0.0,706.166,True,706.166,0.0,True,706.166,706.166,0.0,True
12,storm,150,0.2,c12_storm_150_a125_c80_0026,0,0,0,706.166,0.0,706.166,True,706.166,0.0,True,706.166,706.166,0.0,True
12,storm,150,0.1,c12_storm_150_a125_c80_0027,0,0,0,416.212,0.0,416.212,True,416.212,0.0,True,416.212,416.212,0.0,True
12,storm,150,0.2,c12_storm_150_a125_c80_0027,0,0,0,416.212,0.0,416.212,True,416.212,0.0,True,416.212,416.212,0.0,True
12,storm,150,0.1,c12_storm_150_a125_c80_0028,0,0,0,226.016,0.0,226.016,True,226.016,0.0,True,226.016,226.016,0.0,True
12,storm,150,0.2,c12_storm_150_a125_c80_0028,0,0,0,226.016,0.0,226.016,True,226.016,0.0,True,226.016,226.016,0.0,True
12,storm,150,0.1,c12_storm_150_a125_c80_0029,0,0,0,1530.0096,0.0,1530.0096,True,1530.0096,0.0,True,1530.0096,1530.0096,0.0,True
12,storm,150,0.2,c12_storm_150_a125_c80_0029,0,0,0,1530.0096,0.0,1530.0096,True,1530.0096,0.0,True,1530.0096,1530.0096,0.0,True
12,storm,150,0.1,c12_storm_150_a150_c100_0000,0,0,0,1093.7944000000002,0.0,1093.7944000000002,True,1093.7944000000002,0.0,True,1093.7944000000002,1093.7944000000002,0.0,True
12,storm,150,0.2,c12_storm_150_a150_c100_0000,0,0,0,1093.7944000000002,0.0,1093.7944000000002,True,1093.7944000000002,0.0,True,1093.7944000000002,1093.7944000000002,0.0,True
12,storm,150,0.1,c12_storm_150_a150_c100_0001,0,0,0,1033.6272000000001,0.0,1033.6272000000001,True,1033.6272000000001,0.0,True,1033.6272000000001,1033.6272000000001,0.0,True
12,storm,150,0.2,c12_storm_150_a150_c100_0001,0,0,0,1033.6272000000001,0.0,1033.6272000000001,True,1033.6272000000001,0.0,True,1033.6272000000001,1033.6272000000001,0.0,True
12,storm,150,0.1,c12_storm_150_a150_c100_0002,0,0,0,311.3216,0.0,311.3216,True,311.3216,0.0,True,311.3216,311.3216,0.0,True
12,storm,150,0.2,c12_storm_150_a150_c100_0002,0,0,0,311.3216,0.0,311.3216,True,311.3216,0.0,True,311.3216,311.3216,0.0,True
12,storm,150,0.1,c12_storm_150_a150_c100_0003,0,0,0,564.8988,0.0,564.8988,True,564.8988,0.0,True,564.8988,564.8988,0.0,True
12,storm,150,0.2,c12_storm_150_a150_c100_0003,0,0,0,564.8988,0.0,564.8988,True,564.8988,0.0,True,564.8988,564.8988,0.0,True
12,storm,150,0.1,c12_storm_150_a150_c100_0004,0,0,0,266.5964,0.0,266.5964,True,266.5964,0.0,True,266.5964,266.5964,0.0,True
12,storm,150,0.2,c12_storm_150_a150_c100_0004,0,0,0,266.5964,0.0,266.5964,True,266.5964,0.0,True,266.5964,266.5964,0.0,True
12,storm,150,0.1,c12_storm_150_a150_c100_0005,0,0,0,853.9944,0.0,853.9944,True,853.9944,0.0,True,853.9944,853.9944,0.0,True
12,storm,150,0.2,c12_storm_150_a150_c100_0005,0,0,0,853.9944,0.0,853.9944,True,853.9944,0.0,True,853.9944,853.9944,0.0,True
12,storm,150,0.1,c12_storm_150_a150_c100_0006,0,0,0,697.154,0.0,697.154,True,697.154,0.0,True,697.154,697.154,0.0,True
12,storm,150,0.2,c12_storm_150_a150_c100_0006,0,0,0,697.154,0.0,697.154,True,697.154,0.0,True,697.154,697.154,0.0,True
12,storm,150,0.1,c12_storm_150_a150_c100_0007,0,0,0,1065.9512,0.0,1065.9512,True,1065.9512,0.0,True,1065.9512,1065.9512,0.0,True
12,storm,150,0.2,c12_storm_150_a150_c100_0007,0,0,0,1065.9512,0.0,1065.9512,True,1065.9512,0.0,True,1065.9512,1065.9512,0.0,True
12,storm,150,0.1,c12_storm_150_a150_c100_0008,0,0,0,209.3096,0.0,209.3096,True,209.3096,0.0,True,209.3096,209.3096,0.0,True
12,storm,150,0.2,c12_storm_150_a150_c100_0008,0,0,0,209.3096,0.0,209.3096,True,209.3096,0.0,True,209.3096,209.3096,0.0,True
12,storm,150,0.1,c12_storm_150_a150_c100_0009,0,0,0,706.772,0.0,706.772,True,706.772,0.0,True,706.772,706.772,0.0,True
12,storm,150,0.2,c12_storm_150_a150_c100_0009,0,0,0,706.772,0.0,706.772,True,706.772,0.0,True,706.772,706.772,0.0,True
12,storm,150,0.1,c12_storm_150_a150_c100_0010,0,0,0,368.862,0.0,368.862,True,368.862,0.0,True,368.862,368.862,0.0,True
12,storm,150,0.2,c12_storm_150_a150_c100_0010,0,0,0,368.862,0.0,368.862,True,368.862,0.0,True,368.862,368.862,0.0,True
12,storm,150,0.1,c12_storm_150_a150_c100_0011,0,0,0,639.856,0.0,639.856,True,639.856,0.0,True,639.856,639.856,0.0,True
12,storm,150,0.2,c12_storm_150_a150_c100_0011,0,0,0,639.856,0.0,639.856,True,639.856,0.0,True,639.856,639.856,0.0,True
12,storm,150,0.1,c12_storm_150_a150_c100_0012,0,0,0,1130.3727999999999,0.0,1130.3727999999999,True,1130.3727999999999,0.0,True,1130.3727999999999,1130.3727999999999,0.0,True
12,storm,150,0.2,c12_storm_150_a150_c100_0012,0,0,0,1130.3727999999999,0.0,1130.3727999999999,True,1130.3727999999999,0.0,True,1130.3727999999999,1130.3727999999999,0.0,True
12,storm,150,0.1,c12_storm_150_a150_c100_0013,0,0,0,449.3967999999999,0.0,449.3967999999999,True,449.3967999999999,0.0,True,449.3967999999999,449.3967999999999,0.0,True
12,storm,150,0.2,c12_storm_150_a150_c100_0013,0,0,0,449.3967999999999,0.0,449.3967999999999,True,449.3967999999999,0.0,True,449.3967999999999,449.3967999999999,0.0,True
12,storm,150,0.1,c12_storm_150_a150_c100_0014,0,0,0,185.54559999999998,0.0,185.54559999999998,True,185.54559999999998,0.0,True,185.54559999999998,185.54559999999998,0.0,True
12,storm,150,0.2,c12_storm_150_a150_c100_0014,0,0,0,185.54559999999998,0.0,185.54559999999998,True,185.54559999999998,0.0,True,185.54559999999998,185.54559999999998,0.0,True
12,storm,150,0.1,c12_storm_150_a150_c100_0015,0,0,0,711.8963999999999,0.0,711.8963999999999,True,711.8963999999999,0.0,True,711.8963999999999,711.8963999999999,0.0,True
12,storm,150,0.2,c12_storm_150_a150_c100_0015,0,0,0,711.8963999999999,0.0,711.8963999999999,True,711.8963999999999,0.0,True,711.8963999999999,711.8963999999999,0.0,True
12,storm,150,0.1,c12_storm_150_a150_c100_0016,0,0,0,304.33639999999997,0.0,304.33639999999997,True,304.33639999999997,0.0,True,304.33639999999997,304.33639999999997,0.0,True
12,storm,150,0.2,c12_storm_150_a150_c100_0016,0,0,0,304.33639999999997,0.0,304.33639999999997,True,304.33639999999997,0.0,True,304.33639999999997,304.33639999999997,0.0,True
12,storm,150,0.1,c12_storm_150_a150_c100_0017,0,0,0,569.494,0.0,569.494,True,569.494,0.0,True,569.494,569.494,0.0,True
12,storm,150,0.2,c12_storm_150_a150_c100_0017,0,0,0,569.494,0.0,569.494,True,569.494,0.0,True,569.494,569.494,0.0,True
12,storm,150,0.1,c12_storm_150_a150_c100_0018,0,0,0,314.6024,0.0,314.6024,True,314.6024,0.0,True,314.6024,314.6024,0.0,True
12,storm,150,0.2,c12_storm_150_a150_c100_0018,0,0,0,314.6024,0.0,314.6024,True,314.6024,0.0,True,314.6024,314.6024,0.0,True
12,storm,150,0.1,c12_storm_150_a150_c100_0019,0,0,0,178.02800000000002,0.0,178.02800000000002,True,178.02800000000002,0.0,True,178.02800000000002,178.02800000000002,0.0,True
12,storm,150,0.2,c12_storm_150_a150_c100_0019,0,0,0,178.02800000000002,0.0,178.02800000000002,True,178.02800000000002,0.0,True,178.02800000000002,178.02800000000002,0.0,True
12,storm,150,0.1,c12_storm_150_a150_c100_0020,0,0,0,1037.9872,0.0,1037.9872,True,1037.9872,0.0,True,1037.9872,1037.9872,0.0,True
12,storm,150,0.2,c12_storm_150_a150_c100_0020,0,0,0,1037.9872,0.0,1037.9872,True,1037.9872,0.0,True,1037.9872,1037.9872,0.0,True
12,storm,150,0.1,c12_storm_150_a150_c100_0021,0,0,0,788.2688,0.0,788.2688,True,788.2688,0.0,True,788.2688,788.2688,0.0,True
12,storm,150,0.2,c12_storm_150_a150_c100_0021,0,0,0,788.2688,0.0,788.2688,True,788.2688,0.0,True,788.2688,788.2688,0.0,True
12,storm,150,0.1,c12_storm_150_a150_c100_0022,0,0,0,694.0319999999999,0.0,694.0319999999999,True,694.0319999999999,0.0,True,694.0319999999999,694.0319999999999,0.0,True
12,storm,150,0.2,c12_storm_150_a150_c100_0022,0,0,0,694.0319999999999,0.0,694.0319999999999,True,694.0319999999999,0.0,True,694.0319999999999,694.0319999999999,0.0,True
12,storm,150,0.1,c12_storm_150_a150_c100_0023,0,0,0,765.4408000000001,0.0,765.4408000000001,True,765.4408000000001,0.0,True,765.4408000000001,765.4408000000001,0.0,True
12,storm,150,0.2,c12_storm_150_a150_c100_0023,0,0,0,765.4408000000001,0.0,765.4408000000001,True,765.4408000000001,0.0,True,765.4408000000001,765.4408000000001,0.0,True
12,storm,150,0.1,c12_storm_150_a150_c100_0024,0,0,0,640.5544,0.0,640.5544,True,640.5544,0.0,True,640.5544,640.5544,0.0,True
12,storm,150,0.2,c12_storm_150_a150_c100_0024,0,0,0,640.5544,0.0,640.5544,True,640.5544,0.0,True,640.5544,640.5544,0.0,True
12,storm,150,0.1,c12_storm_150_a150_c100_0025,0,0,0,487.2208,0.0,487.2208,True,487.2208,0.0,True,487.2208,487.2208,0.0,True
12,storm,150,0.2,c12_storm_150_a150_c100_0025,0,0,0,487.2208,0.0,487.2208,True,487.2208,0.0,True,487.2208,487.2208,0.0,True
12,storm,150,0.1,c12_storm_150_a150_c100_0026,0,0,0,706.166,0.0,706.166,True,706.166,0.0,True,706.166,706.166,0.0,True
12,storm,150,0.2,c12_storm_150_a150_c100_0026,0,0,0,706.166,0.0,706.166,True,706.166,0.0,True,706.166,706.166,0.0,True
12,storm,150,0.1,c12_storm_150_a150_c100_0027,0,0,0,416.212,0.0,416.212,True,416.212,0.0,True,416.212,416.212,0.0,True
12,storm,150,0.2,c12_storm_150_a150_c100_0027,0,0,0,416.212,0.0,416.212,True,416.212,0.0,True,416.212,416.212,0.0,True
12,storm,150,0.1,c12_storm_150_a150_c100_0028,0,0,0,225.4872,0.0,225.4872,True,225.4872,0.0,True,225.4872,225.4872,0.0,True
12,storm,150,0.2,c12_storm_150_a150_c100_0028,0,0,0,225.4872,0.0,225.4872,True,225.4872,0.0,True,225.4872,225.4872,0.0,True
12,storm,150,0.1,c12_storm_150_a150_c100_0029,0,0,0,1530.0096,0.0,1530.0096,True,1530.0096,0.0,True,1530.0096,1530.0096,0.0,True
12,storm,150,0.2,c12_storm_150_a150_c100_0029,0,0,0,1530.0096,0.0,1530.0096,True,1530.0096,0.0,True,1530.0096,1530.0096,0.0,True
12,storm,150,0.1,c12_storm_150_a150_c80_0000,0,0,0,1093.7944000000002,0.0,1093.7944000000002,True,1093.7944000000002,0.0,True,1093.7944000000002,1093.7944000000002,0.0,True
12,storm,150,0.2,c12_storm_150_a150_c80_0000,0,0,0,1093.7944000000002,0.0,1093.7944000000002,True,1093.7944000000002,0.0,True,1093.7944000000002,1093.7944000000002,0.0,True
12,storm,150,0.1,c12_storm_150_a150_c80_0001,0,0,0,1033.6272000000001,0.0,1033.6272000000001,True,1033.6272000000001,0.0,True,1033.6272000000001,1033.6272000000001,0.0,True
12,storm,150,0.2,c12_storm_150_a150_c80_0001,0,0,0,1033.6272000000001,0.0,1033.6272000000001,True,1033.6272000000001,0.0,True,1033.6272000000001,1033.6272000000001,0.0,True
12,storm,150,0.1,c12_storm_150_a150_c80_0002,0,0,0,311.3216,0.0,311.3216,True,311.3216,0.0,True,311.3216,311.3216,0.0,True
12,storm,150,0.2,c12_storm_150_a150_c80_0002,0,0,0,311.3216,0.0,311.3216,True,311.3216,0.0,True,311.3216,311.3216,0.0,True
12,storm,150,0.1,c12_storm_150_a150_c80_0003,0,0,0,564.8988,0.0,564.8988,True,564.8988,0.0,True,564.8988,564.8988,0.0,True
12,storm,150,0.2,c12_storm_150_a150_c80_0003,0,0,0,564.8988,0.0,564.8988,True,564.8988,0.0,True,564.8988,564.8988,0.0,True
12,storm,150,0.1,c12_storm_150_a150_c80_0004,0,0,0,266.5964,0.0,266.5964,True,266.5964,0.0,True,266.5964,266.5964,0.0,True
12,storm,150,0.2,c12_storm_150_a150_c80_0004,0,0,0,266.5964,0.0,266.5964,True,266.5964,0.0,True,266.5964,266.5964,0.0,True
12,storm,150,0.1,c12_storm_150_a150_c80_0005,0,0,0,853.9944,0.0,853.9944,True,853.9944,0.0,True,853.9944,853.9944,0.0,True
12,storm,150,0.2,c12_storm_150_a150_c80_0005,0,0,0,853.9944,0.0,853.9944,True,853.9944,0.0,True,853.9944,853.9944,0.0,True
12,storm,150,0.1,c12_storm_150_a150_c80_0006,0,0,0,697.154,0.0,697.154,True,697.154,0.0,True,697.154,697.154,0.0,True
12,storm,150,0.2,c12_storm_150_a150_c80_0006,0,0,0,697.154,0.0,697.154,True,697.154,0.0,True,697.154,697.154,0.0,True
12,storm,150,0.1,c12_storm_150_a150_c80_0007,0,0,0,1065.9512,0.0,1065.9512,True,1065.9512,0.0,True,1065.9512,1065.9512,0.0,True
12,storm,150,0.2,c12_storm_150_a150_c80_0007,0,0,0,1065.9512,0.0,1065.9512,True,1065.9512,0.0,True,1065.9512,1065.9512,0.0,True
12,storm,150,0.1,c12_storm_150_a150_c80_0008,0,0,0,209.3096,0.0,209.3096,True,209.3096,0.0,True,209.3096,209.3096,0.0,True
12,storm,150,0.2,c12_storm_150_a150_c80_0008,0,0,0,209.3096,0.0,209.3096,True,209.3096,0.0,True,209.3096,209.3096,0.0,True
12,storm,150,0.1,c12_storm_150_a150_c80_0009,0,0,0,706.772,0.0,706.772,True,706.772,0.0,True,706.772,706.772,0.0,True
12,storm,150,0.2,c12_storm_150_a150_c80_0009,0,0,0,706.772,0.0,706.772,True,706.772,0.0,True,706.772,706.772,0.0,True
9,pmmix,150,0.1,c09_pmmix_150_p20_c100_0000,0,0,0,327.0244,0.0,327.0244,True,327.0244,0.0,True,327.0244,327.0244,0.0,True
9,pmmix,150,0.2,c09_pmmix_150_p20_c100_0000,0,0,0,327.0244,0.0,327.0244,True,327.0244,0.0,True,327.0244,327.0244,0.0,True
9,pmmix,150,0.1,c09_pmmix_150_p20_c100_0001,0,0,0,51.24799999999999,0.0,51.24799999999999,True,51.24799999999999,0.0,True,51.24799999999999,51.24799999999999,0.0,True
9,pmmix,150,0.2,c09_pmmix_150_p20_c100_0001,0,0,0,51.24799999999999,0.0,51.24799999999999,True,51.24799999999999,0.0,True,51.24799999999999,51.24799999999999,0.0,True
9,pmmix,150,0.1,c09_pmmix_150_p20_c100_0002,0,0,0,5.412399999999991,0.0,5.412399999999991,True,5.412399999999991,0.0,True,5.412399999999991,5.412399999999991,0.0,True
9,pmmix,150,0.2,c09_pmmix_150_p20_c100_0002,0,0,0,5.412399999999991,0.0,5.412399999999991,True,5.412399999999991,0.0,True,5.412399999999991,5.412399999999991,0.0,True
9,pmmix,150,0.1,c09_pmmix_150_p20_c100_0003,0,0,0,139.34480000000002,0.0,139.34480000000002,True,139.34480000000002,0.0,True,139.34480000000002,139.34480000000002,0.0,True
9,pmmix,150,0.2,c09_pmmix_150_p20_c100_0003,0,0,0,139.34480000000002,0.0,139.34480000000002,True,139.34480000000002,0.0,True,139.34480000000002,139.34480000000002,0.0,True
9,pmmix,150,0.1,c09_pmmix_150_p20_c100_0004,0,0,0,38.54839999999999,0.0,38.54839999999999,True,38.54839999999999,0.0,True,38.54839999999999,38.54839999999999,0.0,True
9,pmmix,150,0.2,c09_pmmix_150_p20_c100_0004,0,0,0,38.54839999999999,0.0,38.54839999999999,True,38.54839999999999,0.0,True,38.54839999999999,38.54839999999999,0.0,True
9,pmmix,150,0.1,c09_pmmix_150_p20_c100_0005,0,0,0,179.27319999999997,0.0,179.27319999999997,True,179.27319999999997,0.0,True,179.27319999999997,179.27319999999997,0.0,True
9,pmmix,150,0.2,c09_pmmix_150_p20_c100_0005,0,0,0,179.27319999999997,0.0,179.27319999999997,True,179.27319999999997,0.0,True,179.27319999999997,179.27319999999997,0.0,True
9,pmmix,150,0.1,c09_pmmix_150_p20_c100_0006,0,0,0,82.28800000000001,0.0,82.28800000000001,True,82.28800000000001,0.0,True,82.28800000000001,82.28800000000001,0.0,True
9,pmmix,150,0.2,c09_pmmix_150_p20_c100_0006,0,0,0,82.28800000000001,0.0,82.28800000000001,True,82.28800000000001,0.0,True,82.28800000000001,82.28800000000001,0.0,True
9,pmmix,150,0.1,c09_pmmix_150_p20_c100_0007,0,0,0,143.608,0.0,143.608,True,143.608,0.0,True,143.608,143.608,0.0,True
9,pmmix,150,0.2,c09_pmmix_150_p20_c100_0007,0,0,0,143.608,0.0,143.608,True,143.608,0.0,True,143.608,143.608,0.0,True
9,pmmix,150,0.1,c09_pmmix_150_p20_c100_0008,0,0,0,188.0736,0.0,188.0736,True,188.0736,0.0,True,188.0736,188.0736,0.0,True
9,pmmix,150,0.2,c09_pmmix_150_p20_c100_0008,0,0,0,188.0736,0.0,188.0736,True,188.0736,0.0,True,188.0736,188.0736,0.0,True
9,pmmix,150,0.1,c09_pmmix_150_p20_c100_0009,0,0,0,77.9348,0.0,77.9348,True,77.9348,0.0,True,77.9348,77.9348,0.0,True
9,pmmix,150,0.2,c09_pmmix_150_p20_c100_0009,0,0,0,77.9348,0.0,77.9348,True,77.9348,0.0,True,77.9348,77.9348,0.0,True
9,pmmix,150,0.1,c09_pmmix_150_p20_c100_0010,0,0,0,399.62840000000006,0.0,399.62840000000006,True,399.62840000000006,0.0,True,399.62840000000006,399.62840000000006,0.0,True
9,pmmix,150,0.2,c09_pmmix_150_p20_c100_0010,0,0,0,399.62840000000006,0.0,399.62840000000006,True,399.62840000000006,0.0,True,399.62840000000006,399.62840000000006,0.0,True
9,pmmix,150,0.1,c09_pmmix_150_p20_c100_0011,0,0,0,40.4624,0.0,40.4624,True,40.4624,0.0,True,40.4624,40.4624,0.0,True
9,pmmix,150,0.2,c09_pmmix_150_p20_c100_0011,0,0,0,40.4624,0.0,40.4624,True,40.4624,0.0,True,40.4624,40.4624,0.0,True
9,pmmix,150,0.1,c09_pmmix_150_p20_c100_0012,0,0,0,55.58359999999999,0.0,55.58359999999999,True,55.58359999999999,0.0,True,55.58359999999999,55.58359999999999,0.0,True
9,pmmix,150,0.2,c09_pmmix_150_p20_c100_0012,0,0,0,55.58359999999999,0.0,55.58359999999999,True,55.58359999999999,0.0,True,55.58359999999999,55.58359999999999,0.0,True
9,pmmix,150,0.1,c09_pmmix_150_p20_c100_0013,0,0,0,379.42439999999993,0.0,379.42439999999993,True,379.42439999999993,0.0,True,379.42439999999993,379.42439999999993,0.0,True
9,pmmix,150,0.2,c09_pmmix_150_p20_c100_0013,0,0,0,379.42439999999993,0.0,379.42439999999993,True,379.42439999999993,0.0,True,379.42439999999993,379.42439999999993,0.0,True
9,pmmix,150,0.1,c09_pmmix_150_p20_c100_0014,0,0,0,351.40960000000007,0.0,351.40960000000007,True,351.40960000000007,0.0,True,351.40960000000007,351.40960000000007,0.0,True
9,pmmix,150,0.2,c09_pmmix_150_p20_c100_0014,0,0,0,351.40960000000007,0.0,351.40960000000007,True,351.40960000000007,0.0,True,351.40960000000007,351.40960000000007,0.0,True
9,pmmix,150,0.1,c09_pmmix_150_p20_c100_0015,0,0,0,96.22,0.0,96.22,True,96.22,0.0,True,96.22,96.22,0.0,True
9,pmmix,150,0.2,c09_pmmix_150_p20_c100_0015,0,0,0,96.22,0.0,96.22,True,96.22,0.0,True,96.22,96.22,0.0,True
9,pmmix,150,0.1,c09_pmmix_150_p20_c100_0016,0,0,0,48.339200000000005,0.0,48.339200000000005,True,48.339200000000005,0.0,True,48.339200000000005,48.339200000000005,0.0,True
9,pmmix,150,0.2,c09_pmmix_150_p20_c100_0016,0,0,0,48.339200000000005,0.0,48.339200000000005,True,48.339200000000005,0.0,True,48.339200000000005,48.339200000000005,0.0,True
9,pmmix,150,0.1,c09_pmmix_150_p20_c100_0017,0,0,0,34.84840000000003,0.0,34.84840000000003,True,34.84840000000003,0.0,True,34.84840000000003,34.84840000000003,0.0,True
9,pmmix,150,0.2,c09_pmmix_150_p20_c100_0017,0,0,0,34.84840000000003,0.0,34.84840000000003,True,34.84840000000003,0.0,True,34.84840000000003,34.84840000000003,0.0,True
9,pmmix,150,0.1,c09_pmmix_150_p20_c100_0018,0,0,0,12.508799999999994,0.0,12.508799999999994,True,12.508799999999994,0.0,True,12.508799999999994,12.508799999999994,0.0,True
9,pmmix,150,0.2,c09_pmmix_150_p20_c100_0018,0,0,0,12.508799999999994,0.0,12.508799999999994,True,12.508799999999994,0.0,True,12.508799999999994,12.508799999999994,0.0,True
9,pmmix,150,0.1,c09_pmmix_150_p20_c100_0019,0,0,0,77.96399999999997,0.0,77.96399999999997,True,77.96399999999997,0.0,True,77.96399999999997,77.96399999999997,0.0,True
9,pmmix,150,0.2,c09_pmmix_150_p20_c100_0019,0,0,0,77.96399999999997,0.0,77.96399999999997,True,77.96399999999997,0.0,True,77.96399999999997,77.96399999999997,0.0,True
9,pmmix,150,0.1,c09_pmmix_150_p20_c100_0020,0,0,0,91.9736,0.0,91.9736,True,91.9736,0.0,True,91.9736,91.9736,0.0,True
9,pmmix,150,0.2,c09_pmmix_150_p20_c100_0020,0,0,0,91.9736,0.0,91.9736,True,91.9736,0.0,True,91.9736,91.9736,0.0,True
9,pmmix,150,0.1,c09_pmmix_150_p20_c100_0021,0,0,0,51.43360000000001,0.0,51.43360000000001,True,51.43360000000001,0.0,True,51.43360000000001,51.43360000000001,0.0,True
9,pmmix,150,0.2,c09_pmmix_150_p20_c100_0021,0,0,0,51.43360000000001,0.0,51.43360000000001,True,51.43360000000001,0.0,True,51.43360000000001,51.43360000000001,0.0,True
9,pmmix,150,0.1,c09_pmmix_150_p20_c100_0022,0,0,0,36.4872,0.0,36.4872,True,36.4872,0.0,True,36.4872,36.4872,0.0,True
9,pmmix,150,0.2,c09_pmmix_150_p20_c100_0022,0,0,0,36.4872,0.0,36.4872,True,36.4872,0.0,True,36.4872,36.4872,0.0,True
9,pmmix,150,0.1,c09_pmmix_150_p20_c100_0023,0,0,0,434.86879999999996,0.0,434.86879999999996,True,434.86879999999996,0.0,True,434.86879999999996,434.86879999999996,0.0,True
9,pmmix,150,0.2,c09_pmmix_150_p20_c100_0023,0,0,0,434.86879999999996,0.0,434.86879999999996,True,434.86879999999996,0.0,True,434.86879999999996,434.86879999999996,0.0,True
9,pmmix,150,0.1,c09_pmmix_150_p20_c100_0024,0,0,0,0.0,0.0,0.0,True,0.0,0.0,True,0.0,0.0,0.0,True
9,pmmix,150,0.2,c09_pmmix_150_p20_c100_0024,0,0,0,0.0,0.0,0.0,True,0.0,0.0,True,0.0,0.0,0.0,True
9,pmmix,150,0.1,c09_pmmix_150_p20_c100_0025,0,0,0,0.0,0.0,0.0,True,0.0,0.0,True,0.0,0.0,0.0,True
9,pmmix,150,0.2,c09_pmmix_150_p20_c100_0025,0,0,0,0.0,0.0,0.0,True,0.0,0.0,True,0.0,0.0,0.0,True
9,pmmix,150,0.1,c09_pmmix_150_p20_c100_0026,0,0,0,140.38760000000002,0.0,140.38760000000002,True,140.38760000000002,0.0,True,140.38760000000002,140.38760000000002,0.0,True
9,pmmix,150,0.2,c09_pmmix_150_p20_c100_0026,0,0,0,140.38760000000002,0.0,140.38760000000002,True,140.38760000000002,0.0,True,140.38760000000002,140.38760000000002,0.0,True
9,pmmix,150,0.1,c09_pmmix_150_p20_c100_0027,0,0,0,317.0816,0.0,317.0816,True,317.0816,0.0,True,317.0816,317.0816,0.0,True
9,pmmix,150,0.2,c09_pmmix_150_p20_c100_0027,0,0,0,317.0816,0.0,317.0816,True,317.0816,0.0,True,317.0816,317.0816,0.0,True
9,pmmix,150,0.1,c09_pmmix_150_p20_c100_0028,0,0,0,418.48560000000003,0.0,418.48560000000003,True,418.48560000000003,0.0,True,418.48560000000003,418.48560000000003,0.0,True
9,pmmix,150,0.2,c09_pmmix_150_p20_c100_0028,0,0,0,418.48560000000003,0.0,418.48560000000003,True,418.48560000000003,0.0,True,418.48560000000003,418.48560000000003,0.0,True
9,pmmix,150,0.1,c09_pmmix_150_p20_c100_0029,0,0,0,85.24200000000002,0.0,85.24200000000002,True,85.24200000000002,0.0,True,85.24200000000002,85.24200000000002,0.0,True
9,pmmix,150,0.2,c09_pmmix_150_p20_c100_0029,0,0,0,85.24200000000002,0.0,85.24200000000002,True,85.24200000000002,0.0,True,85.24200000000002,85.24200000000002,0.0,True
9,pmmix,150,0.1,c09_pmmix_150_p20_c60_0000,0,0,0,327.0244,0.0,327.0244,True,327.0244,0.0,True,327.0244,327.0244,0.0,True
9,pmmix,150,0.2,c09_pmmix_150_p20_c60_0000,0,0,0,327.0244,0.0,327.0244,True,327.0244,0.0,True,327.0244,327.0244,0.0,True
9,pmmix,150,0.1,c09_pmmix_150_p20_c60_0001,0,0,0,51.24799999999999,0.0,51.24799999999999,True,51.24799999999999,0.0,True,51.24799999999999,51.24799999999999,0.0,True
9,pmmix,150,0.2,c09_pmmix_150_p20_c60_0001,0,0,0,51.24799999999999,0.0,51.24799999999999,True,51.24799999999999,0.0,True,51.24799999999999,51.24799999999999,0.0,True
9,pmmix,150,0.1,c09_pmmix_150_p20_c60_0002,0,0,0,5.412399999999991,0.0,5.412399999999991,True,5.412399999999991,0.0,True,5.412399999999991,5.412399999999991,0.0,True
9,pmmix,150,0.2,c09_pmmix_150_p20_c60_0002,0,0,0,5.412399999999991,0.0,5.412399999999991,True,5.412399999999991,0.0,True,5.412399999999991,5.412399999999991,0.0,True
9,pmmix,150,0.1,c09_pmmix_150_p20_c60_0003,0,0,0,139.34480000000002,0.0,139.34480000000002,True,139.34480000000002,0.0,True,139.34480000000002,139.34480000000002,0.0,True
9,pmmix,150,0.2,c09_pmmix_150_p20_c60_0003,0,0,0,139.34480000000002,0.0,139.34480000000002,True,139.34480000000002,0.0,True,139.34480000000002,139.34480000000002,0.0,True
9,pmmix,150,0.1,c09_pmmix_150_p20_c60_0004,0,0,0,38.54839999999999,0.0,38.54839999999999,True,38.54839999999999,0.0,True,38.54839999999999,38.54839999999999,0.0,True
9,pmmix,150,0.2,c09_pmmix_150_p20_c60_0004,0,0,0,38.54839999999999,0.0,38.54839999999999,True,38.54839999999999,0.0,True,38.54839999999999,38.54839999999999,0.0,True
9,pmmix,150,0.1,c09_pmmix_150_p20_c60_0005,0,0,0,179.27319999999997,0.0,179.27319999999997,True,179.27319999999997,0.0,True,179.27319999999997,179.27319999999997,0.0,True
9,pmmix,150,0.2,c09_pmmix_150_p20_c60_0005,0,0,0,179.27319999999997,0.0,179.27319999999997,True,179.27319999999997,0.0,True,179.27319999999997,179.27319999999997,0.0,True
9,pmmix,150,0.1,c09_pmmix_150_p20_c60_0006,0,0,0,82.28800000000001,0.0,82.28800000000001,True,82.28800000000001,0.0,True,82.28800000000001,82.28800000000001,0.0,True
9,pmmix,150,0.2,c09_pmmix_150_p20_c60_0006,0,0,0,82.28800000000001,0.0,82.28800000000001,True,82.28800000000001,0.0,True,82.28800000000001,82.28800000000001,0.0,True
9,pmmix,150,0.1,c09_pmmix_150_p20_c60_0007,0,0,0,143.608,0.0,143.608,True,143.608,0.0,True,143.608,143.608,0.0,True
9,pmmix,150,0.2,c09_pmmix_150_p20_c60_0007,0,0,0,143.608,0.0,143.608,True,143.608,0.0,True,143.608,143.608,0.0,True
9,pmmix,150,0.1,c09_pmmix_150_p20_c60_0008,0,0,0,188.0736,0.0,188.0736,True,188.0736,0.0,True,188.0736,188.0736,0.0,True
9,pmmix,150,0.2,c09_pmmix_150_p20_c60_0008,0,0,0,188.0736,0.0,188.0736,True,188.0736,0.0,True,188.0736,188.0736,0.0,True
9,pmmix,150,0.1,c09_pmmix_150_p20_c60_0009,0,0,0,77.9348,0.0,77.9348,True,77.9348,0.0,True,77.9348,77.9348,0.0,True
9,pmmix,150,0.2,c09_pmmix_150_p20_c60_0009,0,0,0,77.9348,0.0,77.9348,True,77.9348,0.0,True,77.9348,77.9348,0.0,True
9,pmmix,150,0.1,c09_pmmix_150_p20_c60_0010,0,0,0,399.62840000000006,0.0,399.62840000000006,True,399.62840000000006,0.0,True,399.62840000000006,399.62840000000006,0.0,True
9,pmmix,150,0.2,c09_pmmix_150_p20_c60_0010,0,0,0,399.62840000000006,0.0,399.62840000000006,True,399.62840000000006,0.0,True,399.62840000000006,399.62840000000006,0.0,True
9,pmmix,150,0.1,c09_pmmix_150_p20_c60_0011,0,0,0,40.4624,0.0,40.4624,True,40.4624,0.0,True,40.4624,40.4624,0.0,True
9,pmmix,150,0.2,c09_pmmix_150_p20_c60_0011,0,0,0,40.4624,0.0,40.4624,True,40.4624,0.0,True,40.4624,40.4624,0.0,True
9,pmmix,150,0.1,c09_pmmix_150_p20_c60_0012,0,0,0,55.58359999999999,0.0,55.58359999999999,True,55.58359999999999,0.0,True,55.58359999999999,55.58359999999999,0.0,True
9,pmmix,150,0.2,c09_pmmix_150_p20_c60_0012,0,0,0,55.58359999999999,0.0,55.58359999999999,True,55.58359999999999,0.0,True,55.58359999999999,55.58359999999999,0.0,True
9,pmmix,150,0.1,c09_pmmix_150_p20_c60_0013,0,0,0,383.8092,0.0,383.8092,True,383.8092,0.0,True,383.8092,383.8092,0.0,True
9,pmmix,150,0.2,c09_pmmix_150_p20_c60_0013,0,0,0,383.8092,0.0,383.8092,True,383.8092,0.0,True,383.8092,383.8092,0.0,True
9,pmmix,150,0.1,c09_pmmix_150_p20_c60_0014,0,0,0,351.40960000000007,0.0,351.40960000000007,True,351.40960000000007,0.0,True,351.40960000000007,351.40960000000007,0.0,True
9,pmmix,150,0.2,c09_pmmix_150_p20_c60_0014,0,0,0,351.40960000000007,0.0,351.40960000000007,True,351.40960000000007,0.0,True,351.40960000000007,351.40960000000007,0.0,True
9,pmmix,150,0.1,c09_pmmix_150_p20_c60_0015,0,0,0,96.22,0.0,96.22,True,96.22,0.0,True,96.22,96.22,0.0,True
9,pmmix,150,0.2,c09_pmmix_150_p20_c60_0015,0,0,0,96.22,0.0,96.22,True,96.22,0.0,True,96.22,96.22,0.0,True
9,pmmix,150,0.1,c09_pmmix_150_p20_c60_0016,0,0,0,48.339200000000005,0.0,48.339200000000005,True,48.339200000000005,0.0,True,48.339200000000005,48.339200000000005,0.0,True
9,pmmix,150,0.2,c09_pmmix_150_p20_c60_0016,0,0,0,48.339200000000005,0.0,48.339200000000005,True,48.339200000000005,0.0,True,48.339200000000005,48.339200000000005,0.0,True
9,pmmix,150,0.1,c09_pmmix_150_p20_c60_0017,0,0,0,34.84840000000003,0.0,34.84840000000003,True,34.84840000000003,0.0,True,34.84840000000003,34.84840000000003,0.0,True
9,pmmix,150,0.2,c09_pmmix_150_p20_c60_0017,0,0,0,34.84840000000003,0.0,34.84840000000003,True,34.84840000000003,0.0,True,34.84840000000003,34.84840000000003,0.0,True
9,pmmix,150,0.1,c09_pmmix_150_p20_c60_0018,0,0,0,12.508799999999994,0.0,12.508799999999994,True,12.508799999999994,0.0,True,12.508799999999994,12.508799999999994,0.0,True
9,pmmix,150,0.2,c09_pmmix_150_p20_c60_0018,0,0,0,12.508799999999994,0.0,12.508799999999994,True,12.508799999999994,0.0,True,12.508799999999994,12.508799999999994,0.0,True
9,pmmix,150,0.1,c09_pmmix_150_p20_c60_0019,0,0,0,77.96399999999997,0.0,77.96399999999997,True,77.96399999999997,0.0,True,77.96399999999997,77.96399999999997,0.0,True
9,pmmix,150,0.2,c09_pmmix_150_p20_c60_0019,0,0,0,77.96399999999997,0.0,77.96399999999997,True,77.96399999999997,0.0,True,77.96399999999997,77.96399999999997,0.0,True
9,pmmix,150,0.1,c09_pmmix_150_p20_c60_0020,0,0,0,91.9736,0.0,91.9736,True,91.9736,0.0,True,91.9736,91.9736,0.0,True
9,pmmix,150,0.2,c09_pmmix_150_p20_c60_0020,0,0,0,91.9736,0.0,91.9736,True,91.9736,0.0,True,91.9736,91.9736,0.0,True
9,pmmix,150,0.1,c09_pmmix_150_p20_c60_0021,0,0,0,51.43360000000001,0.0,51.43360000000001,True,51.43360000000001,0.0,True,51.43360000000001,51.43360000000001,0.0,True
9,pmmix,150,0.2,c09_pmmix_150_p20_c60_0021,0,0,0,51.43360000000001,0.0,51.43360000000001,True,51.43360000000001,0.0,True,51.43360000000001,51.43360000000001,0.0,True
9,pmmix,150,0.1,c09_pmmix_150_p20_c60_0022,0,0,0,36.4872,0.0,36.4872,True,36.4872,0.0,True,36.4872,36.4872,0.0,True
9,pmmix,150,0.2,c09_pmmix_150_p20_c60_0022,0,0,0,36.4872,0.0,36.4872,True,36.4872,0.0,True,36.4872,36.4872,0.0,True
9,pmmix,150,0.1,c09_pmmix_150_p20_c60_0023,0,0,0,434.86879999999996,0.0,434.86879999999996,True,434.86879999999996,0.0,True,434.86879999999996,434.86879999999996,0.0,True
9,pmmix,150,0.2,c09_pmmix_150_p20_c60_0023,0,0,0,434.86879999999996,0.0,434.86879999999996,True,434.86879999999996,0.0,True,434.86879999999996,434.86879999999996,0.0,True
9,pmmix,150,0.1,c09_pmmix_150_p20_c60_0024,0,0,0,0.0,0.0,0.0,True,0.0,0.0,True,0.0,0.0,0.0,True
9,pmmix,150,0.2,c09_pmmix_150_p20_c60_0024,0,0,0,0.0,0.0,0.0,True,0.0,0.0,True,0.0,0.0,0.0,True
9,pmmix,150,0.1,c09_pmmix_150_p20_c60_0025,0,0,0,0.0,0.0,0.0,True,0.0,0.0,True,0.0,0.0,0.0,True
9,pmmix,150,0.2,c09_pmmix_150_p20_c60_0025,0,0,0,0.0,0.0,0.0,True,0.0,0.0,True,0.0,0.0,0.0,True
9,pmmix,150,0.1,c09_pmmix_150_p20_c60_0026,0,0,0,140.38760000000002,0.0,140.38760000000002,True,140.38760000000002,0.0,True,140.38760000000002,140.38760000000002,0.0,True
9,pmmix,150,0.2,c09_pmmix_150_p20_c60_0026,0,0,0,140.38760000000002,0.0,140.38760000000002,True,140.38760000000002,0.0,True,140.38760000000002,140.38760000000002,0.0,True
9,pmmix,150,0.1,c09_pmmix_150_p20_c60_0027,0,0,0,317.0816,0.0,317.0816,True,317.0816,0.0,True,317.0816,317.0816,0.0,True
9,pmmix,150,0.2,c09_pmmix_150_p20_c60_0027,0,0,0,317.0816,0.0,317.0816,True,317.0816,0.0,True,317.0816,317.0816,0.0,True
9,pmmix,150,0.1,c09_pmmix_150_p20_c60_0028,0,0,0,418.48560000000003,0.0,418.48560000000003,True,418.48560000000003,0.0,True,418.48560000000003,418.48560000000003,0.0,True
9,pmmix,150,0.2,c09_pmmix_150_p20_c60_0028,0,0,0,418.48560000000003,0.0,418.48560000000003,True,418.48560000000003,0.0,True,418.48560000000003,418.48560000000003,0.0,True
9,pmmix,150,0.1,c09_pmmix_150_p20_c60_0029,0,0,0,199.65320000000003,0.0,199.65320000000003,True,199.65320000000003,0.0,True,199.65320000000003,199.65320000000003,0.0,True
9,pmmix,150,0.2,c09_pmmix_150_p20_c60_0029,0,0,0,199.65320000000003,0.0,199.65320000000003,True,199.65320000000003,0.0,True,199.65320000000003,199.65320000000003,0.0,True
9,pmmix,150,0.1,c09_pmmix_150_p20_c80_0000,0,0,0,327.0244,0.0,327.0244,True,327.0244,0.0,True,327.0244,327.0244,0.0,True
9,pmmix,150,0.2,c09_pmmix_150_p20_c80_0000,0,0,0,327.0244,0.0,327.0244,True,327.0244,0.0,True,327.0244,327.0244,0.0,True
9,pmmix,150,0.1,c09_pmmix_150_p20_c80_0001,0,0,0,51.24799999999999,0.0,51.24799999999999,True,51.24799999999999,0.0,True,51.24799999999999,51.24799999999999,0.0,True
9,pmmix,150,0.2,c09_pmmix_150_p20_c80_0001,0,0,0,51.24799999999999,0.0,51.24799999999999,True,51.24799999999999,0.0,True,51.24799999999999,51.24799999999999,0.0,True
9,pmmix,150,0.1,c09_pmmix_150_p20_c80_0002,0,0,0,5.412399999999991,0.0,5.412399999999991,True,5.412399999999991,0.0,True,5.412399999999991,5.412399999999991,0.0,True
9,pmmix,150,0.2,c09_pmmix_150_p20_c80_0002,0,0,0,5.412399999999991,0.0,5.412399999999991,True,5.412399999999991,0.0,True,5.412399999999991,5.412399999999991,0.0,True
9,pmmix,150,0.1,c09_pmmix_150_p20_c80_0003,0,0,0,139.34480000000002,0.0,139.34480000000002,True,139.34480000000002,0.0,True,139.34480000000002,139.34480000000002,0.0,True
9,pmmix,150,0.2,c09_pmmix_150_p20_c80_0003,0,0,0,139.34480000000002,0.0,139.34480000000002,True,139.34480000000002,0.0,True,139.34480000000002,139.34480000000002,0.0,True
9,pmmix,150,0.1,c09_pmmix_150_p20_c80_0004,0,0,0,38.54839999999999,0.0,38.54839999999999,True,38.54839999999999,0.0,True,38.54839999999999,38.54839999999999,0.0,True
9,pmmix,150,0.2,c09_pmmix_150_p20_c80_0004,0,0,0,38.54839999999999,0.0,38.54839999999999,True,38.54839999999999,0.0,True,38.54839999999999,38.54839999999999,0.0,True
9,pmmix,150,0.1,c09_pmmix_150_p20_c80_0005,0,0,0,179.27319999999997,0.0,179.27319999999997,True,179.27319999999997,0.0,True,179.27319999999997,179.27319999999997,0.0,True
9,pmmix,150,0.2,c09_pmmix_150_p20_c80_0005,0,0,0,179.27319999999997,0.0,179.27319999999997,True,179.27319999999997,0.0,True,179.27319999999997,179.27319999999997,0.0,True
9,pmmix,150,0.1,c09_pmmix_150_p20_c80_0006,0,0,0,82.28800000000001,0.0,82.28800000000001,True,82.28800000000001,0.0,True,82.28800000000001,82.28800000000001,0.0,True
9,pmmix,150,0.2,c09_pmmix_150_p20_c80_0006,0,0,0,82.28800000000001,0.0,82.28800000000001,True,82.28800000000001,0.0,True,82.28800000000001,82.28800000000001,0.0,True
9,pmmix,150,0.1,c09_pmmix_150_p20_c80_0007,0,0,0,143.608,0.0,143.608,True,143.608,0.0,True,143.608,143.608,0.0,True
9,pmmix,150,0.2,c09_pmmix_150_p20_c80_0007,0,0,0,143.608,0.0,143.608,True,143.608,0.0,True,143.608,143.608,0.0,True
9,pmmix,150,0.1,c09_pmmix_150_p20_c80_0008,0,0,0,188.0736,0.0,188.0736,True,188.0736,0.0,True,188.0736,188.0736,0.0,True
9,pmmix,150,0.2,c09_pmmix_150_p20_c80_0008,0,0,0,188.0736,0.0,188.0736,True,188.0736,0.0,True,188.0736,188.0736,0.0,True
9,pmmix,150,0.1,c09_pmmix_150_p20_c80_0009,0,0,0,77.9348,0.0,77.9348,True,77.9348,0.0,True,77.9348,77.9348,0.0,True
9,pmmix,150,0.2,c09_pmmix_150_p20_c80_0009,0,0,0,77.9348,0.0,77.9348,True,77.9348,0.0,True,77.9348,77.9348,0.0,True
9,pmmix,150,0.1,c09_pmmix_150_p20_c80_0010,0,0,0,399.62840000000006,0.0,399.62840000000006,True,399.62840000000006,0.0,True,399.62840000000006,399.62840000000006,0.0,True
9,pmmix,150,0.2,c09_pmmix_150_p20_c80_0010,0,0,0,399.62840000000006,0.0,399.62840000000006,True,399.62840000000006,0.0,True,399.62840000000006,399.62840000000006,0.0,True
9,pmmix,150,0.1,c09_pmmix_150_p20_c80_0011,0,0,0,40.4624,0.0,40.4624,True,40.4624,0.0,True,40.4624,40.4624,0.0,True
9,pmmix,150,0.2,c09_pmmix_150_p20_c80_0011,0,0,0,40.4624,0.0,40.4624,True,40.4624,0.0,True,40.4624,40.4624,0.0,True
9,pmmix,150,0.1,c09_pmmix_150_p20_c80_0012,0,0,0,55.58359999999999,0.0,55.58359999999999,True,55.58359999999999,0.0,True,55.58359999999999,55.58359999999999,0.0,True
9,pmmix,150,0.2,c09_pmmix_150_p20_c80_0012,0,0,0,55.58359999999999,0.0,55.58359999999999,True,55.58359999999999,0.0,True,55.58359999999999,55.58359999999999,0.0,True
9,pmmix,150,0.1,c09_pmmix_150_p20_c80_0013,0,0,0,379.42439999999993,0.0,379.42439999999993,True,379.42439999999993,0.0,True,379.42439999999993,379.42439999999993,0.0,True
9,pmmix,150,0.2,c09_pmmix_150_p20_c80_0013,0,0,0,379.42439999999993,0.0,379.42439999999993,True,379.42439999999993,0.0,True,379.42439999999993,379.42439999999993,0.0,True
9,pmmix,150,0.1,c09_pmmix_150_p20_c80_0014,0,0,0,351.40960000000007,0.0,351.40960000000007,True,351.40960000000007,0.0,True,351.40960000000007,351.40960000000007,0.0,True
9,pmmix,150,0.2,c09_pmmix_150_p20_c80_0014,0,0,0,351.40960000000007,0.0,351.40960000000007,True,351.40960000000007,0.0,True,351.40960000000007,351.40960000000007,0.0,True
9,pmmix,150,0.1,c09_pmmix_150_p20_c80_0015,0,0,0,96.22,0.0,96.22,True,96.22,0.0,True,96.22,96.22,0.0,True
9,pmmix,150,0.2,c09_pmmix_150_p20_c80_0015,0,0,0,96.22,0.0,96.22,True,96.22,0.0,True,96.22,96.22,0.0,True
9,pmmix,150,0.1,c09_pmmix_150_p20_c80_0016,0,0,0,48.339200000000005,0.0,48.339200000000005,True,48.339200000000005,0.0,True,48.339200000000005,48.339200000000005,0.0,True
9,pmmix,150,0.2,c09_pmmix_150_p20_c80_0016,0,0,0,48.339200000000005,0.0,48.339200000000005,True,48.339200000000005,0.0,True,48.339200000000005,48.339200000000005,0.0,True
9,pmmix,150,0.1,c09_pmmix_150_p20_c80_0017,0,0,0,34.84840000000003,0.0,34.84840000000003,True,34.84840000000003,0.0,True,34.84840000000003,34.84840000000003,0.0,True
9,pmmix,150,0.2,c09_pmmix_150_p20_c80_0017,0,0,0,34.84840000000003,0.0,34.84840000000003,True,34.84840000000003,0.0,True,34.84840000000003,34.84840000000003,0.0,True
9,pmmix,150,0.1,c09_pmmix_150_p20_c80_0018,0,0,0,12.508799999999994,0.0,12.508799999999994,True,12.508799999999994,0.0,True,12.508799999999994,12.508799999999994,0.0,True
9,pmmix,150,0.2,c09_pmmix_150_p20_c80_0018,0,0,0,12.508799999999994,0.0,12.508799999999994,True,12.508799999999994,0.0,True,12.508799999999994,12.508799999999994,0.0,True
9,pmmix,150,0.1,c09_pmmix_150_p20_c80_0019,0,0,0,77.96399999999997,0.0,77.96399999999997,True,77.96399999999997,0.0,True,77.96399999999997,77.96399999999997,0.0,True
9,pmmix,150,0.2,c09_pmmix_150_p20_c80_0019,0,0,0,77.96399999999997,0.0,77.96399999999997,True,77.96399999999997,0.0,True,77.96399999999997,77.96399999999997,0.0,True
9,pmmix,150,0.1,c09_pmmix_150_p20_c80_0020,0,0,0,91.9736,0.0,91.9736,True,91.9736,0.0,True,91.9736,91.9736,0.0,True
9,pmmix,150,0.2,c09_pmmix_150_p20_c80_0020,0,0,0,91.9736,0.0,91.9736,True,91.9736,0.0,True,91.9736,91.9736,0.0,True
9,pmmix,150,0.1,c09_pmmix_150_p20_c80_0021,0,0,0,51.43360000000001,0.0,51.43360000000001,True,51.43360000000001,0.0,True,51.43360000000001,51.43360000000001,0.0,True
9,pmmix,150,0.2,c09_pmmix_150_p20_c80_0021,0,0,0,51.43360000000001,0.0,51.43360000000001,True,51.43360000000001,0.0,True,51.43360000000001,51.43360000000001,0.0,True
9,pmmix,150,0.1,c09_pmmix_150_p20_c80_0022,0,0,0,36.4872,0.0,36.4872,True,36.4872,0.0,True,36.4872,36.4872,0.0,True
9,pmmix,150,0.2,c09_pmmix_150_p20_c80_0022,0,0,0,36.4872,0.0,36.4872,True,36.4872,0.0,True,36.4872,36.4872,0.0,True
9,pmmix,150,0.1,c09_pmmix_150_p20_c80_0023,0,0,0,434.86879999999996,0.0,434.86879999999996,True,434.86879999999996,0.0,True,434.86879999999996,434.86879999999996,0.0,True
9,pmmix,150,0.2,c09_pmmix_150_p20_c80_0023,0,0,0,434.86879999999996,0.0,434.86879999999996,True,434.86879999999996,0.0,True,434.86879999999996,434.86879999999996,0.0,True
9,pmmix,150,0.1,c09_pmmix_150_p20_c80_0024,0,0,0,0.0,0.0,0.0,True,0.0,0.0,True,0.0,0.0,0.0,True
9,pmmix,150,0.2,c09_pmmix_150_p20_c80_0024,0,0,0,0.0,0.0,0.0,True,0.0,0.0,True,0.0,0.0,0.0,True
9,pmmix,150,0.1,c09_pmmix_150_p20_c80_0025,0,0,0,0.0,0.0,0.0,True,0.0,0.0,True,0.0,0.0,0.0,True
9,pmmix,150,0.2,c09_pmmix_150_p20_c80_0025,0,0,0,0.0,0.0,0.0,True,0.0,0.0,True,0.0,0.0,0.0,True
9,pmmix,150,0.1,c09_pmmix_150_p20_c80_0026,0,0,0,140.38760000000002,0.0,140.38760000000002,True,140.38760000000002,0.0,True,140.38760000000002,140.38760000000002,0.0,True
9,pmmix,150,0.2,c09_pmmix_150_p20_c80_0026,0,0,0,140.38760000000002,0.0,140.38760000000002,True,140.38760000000002,0.0,True,140.38760000000002,140.38760000000002,0.0,True
9,pmmix,150,0.1,c09_pmmix_150_p20_c80_0027,0,0,0,317.0816,0.0,317.0816,True,317.0816,0.0,True,317.0816,317.0816,0.0,True
9,pmmix,150,0.2,c09_pmmix_150_p20_c80_0027,0,0,0,317.0816,0.0,317.0816,True,317.0816,0.0,True,317.0816,317.0816,0.0,True
9,pmmix,150,0.1,c09_pmmix_150_p20_c80_0028,0,0,0,418.48560000000003,0.0,418.48560000000003,True,418.48560000000003,0.0,True,418.48560000000003,418.48560000000003,0.0,True
9,pmmix,150,0.2,c09_pmmix_150_p20_c80_0028,0,0,0,418.48560000000003,0.0,418.48560000000003,True,418.48560000000003,0.0,True,418.48560000000003,418.48560000000003,0.0,True
9,pmmix,150,0.1,c09_pmmix_150_p20_c80_0029,0,0,0,85.24200000000002,0.0,85.24200000000002,True,85.24200000000002,0.0,True,85.24200000000002,85.24200000000002,0.0,True
9,pmmix,150,0.2,c09_pmmix_150_p20_c80_0029,0,0,0,85.24200000000002,0.0,85.24200000000002,True,85.24200000000002,0.0,True,85.24200000000002,85.24200000000002,0.0,True
9,pmmix,150,0.1,c09_pmmix_150_p50_c100_0000,0,0,0,0.0,0.0,0.0,True,0.0,0.0,True,0.0,0.0,0.0,True
9,pmmix,150,0.2,c09_pmmix_150_p50_c100_0000,0,0,0,0.0,0.0,0.0,True,0.0,0.0,True,0.0,0.0,0.0,True
9,pmmix,150,0.1,c09_pmmix_150_p50_c100_0001,0,0,0,366.1172,0.0,366.1172,True,366.1172,0.0,True,366.1172,366.1172,0.0,True
9,pmmix,150,0.2,c09_pmmix_150_p50_c100_0001,0,0,0,366.1172,0.0,366.1172,True,366.1172,0.0,True,366.1172,366.1172,0.0,True
9,pmmix,150,0.1,c09_pmmix_150_p50_c100_0002,0,0,0,1.78479999999999,0.0,1.78479999999999,True,1.78479999999999,0.0,True,1.78479999999999,1.78479999999999,0.0,True
9,pmmix,150,0.2,c09_pmmix_150_p50_c100_0002,0,0,0,1.78479999999999,0.0,1.78479999999999,True,1.78479999999999,0.0,True,1.78479999999999,1.78479999999999,0.0,True
9,pmmix,150,0.1,c09_pmmix_150_p50_c100_0003,0,0,0,445.29280000000006,0.0,445.29280000000006,True,445.29280000000006,0.0,True,445.29280000000006,445.29280000000006,0.0,True
9,pmmix,150,0.2,c09_pmmix_150_p50_c100_0003,0,0,0,445.29280000000006,0.0,445.29280000000006,True,445.29280000000006,0.0,True,445.29280000000006,445.29280000000006,0.0,True
9,pmmix,150,0.1,c09_pmmix_150_p50_c100_0004,0,0,0,0.0,0.0,0.0,True,0.0,0.0,True,0.0,0.0,0.0,True
9,pmmix,150,0.2,c09_pmmix_150_p50_c100_0004,0,0,0,0.0,0.0,0.0,True,0.0,0.0,True,0.0,0.0,0.0,True
9,pmmix,150,0.1,c09_pmmix_150_p50_c100_0005,0,0,0,88.0084,0.0,88.0084,True,88.0084,0.0,True,88.0084,88.0084,0.0,True
9,pmmix,150,0.2,c09_pmmix_150_p50_c100_0005,0,0,0,88.0084,0.0,88.0084,True,88.0084,0.0,True,88.0084,88.0084,0.0,True
9,pmmix,150,0.1,c09_pmmix_150_p50_c100_0006,0,0,0,37.696,0.0,37.696,True,37.696,0.0,True,37.696,37.696,0.0,True
9,pmmix,150,0.2,c09_pmmix_150_p50_c100_0006,0,0,0,37.696,0.0,37.696,True,37.696,0.0,True,37.696,37.696,0.0,True
9,pmmix,150,0.1,c09_pmmix_150_p50_c100_0007,0,0,0,10.8904,0.0,10.8904,True,10.8904,0.0,True,10.8904,10.8904,0.0,True
9,pmmix,150,0.2,c09_pmmix_150_p50_c100_0007,0,0,0,10.8904,0.0,10.8904,True,10.8904,0.0,True,10.8904,10.8904,0.0,True
9,pmmix,150,0.1,c09_pmmix_150_p50_c100_0008,0,0,0,143.94959999999998,0.0,143.94959999999998,True,143.94959999999998,0.0,True,143.94959999999998,143.94959999999998,0.0,True
9,pmmix,150,0.2,c09_pmmix_150_p50_c100_0008,0,0,0,143.94959999999998,0.0,143.94959999999998,True,143.94959999999998,0.0,True,143.94959999999998,143.94959999999998,0.0,True
9,pmmix,150,0.1,c09_pmmix_150_p50_c100_0009,0,0,0,159.44840000000002,0.0,159.44840000000002,True,159.44840000000002,0.0,True,159.44840000000002,159.44840000000002,0.0,True
9,pmmix,150,0.2,c09_pmmix_150_p50_c100_0009,0,0,0,159.44840000000002,0.0,159.44840000000002,True,159.44840000000002,0.0,True,159.44840000000002,159.44840000000002,0.0,True
12,pmmix,150,0.1,c12_pmmix_150_p20_c100_0000,0,0,0,447.0279999999999,0.0,447.0279999999999,True,447.0279999999999,0.0,True,447.0279999999999,447.0279999999999,0.0,True
12,pmmix,150,0.2,c12_pmmix_150_p20_c100_0000,0,0,0,447.0279999999999,0.0,447.0279999999999,True,447.0279999999999,0.0,True,447.0279999999999,447.0279999999999,0.0,True
12,pmmix,150,0.1,c12_pmmix_150_p20_c100_0001,0,0,0,662.2596000000001,0.0,662.2596000000001,True,662.2596000000001,0.0,True,662.2596000000001,662.2596000000001,0.0,True
12,pmmix,150,0.2,c12_pmmix_150_p20_c100_0001,0,0,0,662.2596000000001,0.0,662.2596000000001,True,662.2596000000001,0.0,True,662.2596000000001,662.2596000000001,0.0,True
12,pmmix,150,0.1,c12_pmmix_150_p20_c100_0002,0,0,0,111.09200000000001,0.0,111.09200000000001,True,111.09200000000001,0.0,True,111.09200000000001,111.09200000000001,0.0,True
12,pmmix,150,0.2,c12_pmmix_150_p20_c100_0002,0,0,0,111.09200000000001,0.0,111.09200000000001,True,111.09200000000001,0.0,True,111.09200000000001,111.09200000000001,0.0,True
12,pmmix,150,0.1,c12_pmmix_150_p20_c100_0003,0,0,0,748.5392,0.0,748.5392,True,748.5392,0.0,True,748.5392,748.5392,0.0,True
12,pmmix,150,0.2,c12_pmmix_150_p20_c100_0003,0,0,0,748.5392,0.0,748.5392,True,748.5392,0.0,True,748.5392,748.5392,0.0,True
12,pmmix,150,0.1,c12_pmmix_150_p20_c100_0004,0,0,0,145.1636,0.0,145.1636,True,145.1636,0.0,True,145.1636,145.1636,0.0,True
12,pmmix,150,0.2,c12_pmmix_150_p20_c100_0004,0,0,0,145.1636,0.0,145.1636,True,145.1636,0.0,True,145.1636,145.1636,0.0,True
12,pmmix,150,0.1,c12_pmmix_150_p20_c100_0005,0,0,0,293.1236,0.0,293.1236,True,293.1236,0.0,True,293.1236,293.1236,0.0,True
12,pmmix,150,0.2,c12_pmmix_150_p20_c100_0005,0,0,0,293.1236,0.0,293.1236,True,293.1236,0.0,True,293.1236,293.1236,0.0,True
12,pmmix,150,0.1,c12_pmmix_150_p20_c100_0006,0,0,0,238.4008,0.0,238.4008,True,238.4008,0.0,True,238.4008,238.4008,0.0,True
12,pmmix,150,0.2,c12_pmmix_150_p20_c100_0006,0,0,0,238.4008,0.0,238.4008,True,238.4008,0.0,True,238.4008,238.4008,0.0,True
12,pmmix,150,0.1,c12_pmmix_150_p20_c100_0007,0,0,0,798.856,0.0,798.856,True,798.856,0.0,True,798.856,798.856,0.0,True
12,pmmix,150,0.2,c12_pmmix_150_p20_c100_0007,0,0,0,798.856,0.0,798.856,True,798.856,0.0,True,798.856,798.856,0.0,True
12,pmmix,150,0.1,c12_pmmix_150_p20_c100_0008,0,0,0,908.3664,0.0,908.3664,True,908.3664,0.0,True,908.3664,908.3664,0.0,True
12,pmmix,150,0.2,c12_pmmix_150_p20_c100_0008,0,0,0,908.3664,0.0,908.3664,True,908.3664,0.0,True,908.3664,908.3664,0.0,True
12,pmmix,150,0.1,c12_pmmix_150_p20_c100_0009,0,0,0,502.554,0.0,502.554,True,502.554,0.0,True,502.554,502.554,0.0,True
12,pmmix,150,0.2,c12_pmmix_150_p20_c100_0009,0,0,0,502.554,0.0,502.554,True,502.554,0.0,True,502.554,502.554,0.0,True
12,pmmix,150,0.1,c12_pmmix_150_p20_c100_0010,0,0,0,265.51120000000003,0.0,265.51120000000003,True,265.51120000000003,0.0,True,265.51120000000003,265.51120000000003,0.0,True
12,pmmix,150,0.2,c12_pmmix_150_p20_c100_0010,0,0,0,265.51120000000003,0.0,265.51120000000003,True,265.51120000000003,0.0,True,265.51120000000003,265.51120000000003,0.0,True
12,pmmix,150,0.1,c12_pmmix_150_p20_c100_0011,0,0,0,77.93719999999999,0.0,77.93719999999999,True,77.93719999999999,0.0,True,77.93719999999999,77.93719999999999,0.0,True
12,pmmix,150,0.2,c12_pmmix_150_p20_c100_0011,0,0,0,77.93719999999999,0.0,77.93719999999999,True,77.93719999999999,0.0,True,77.93719999999999,77.93719999999999,0.0,True
12,pmmix,150,0.1,c12_pmmix_150_p20_c100_0012,0,0,0,992.8648000000001,0.0,992.8648000000001,True,992.8648000000001,0.0,True,992.8648000000001,992.8648000000001,0.0,True
12,pmmix,150,0.2,c12_pmmix_150_p20_c100_0012,0,0,0,992.8648000000001,0.0,992.8648000000001,True,992.8648000000001,0.0,True,992.8648000000001,992.8648000000001,0.0,True
12,pmmix,150,0.1,c12_pmmix_150_p20_c100_0013,0,0,0,1305.688,0.0,1305.688,True,1305.688,0.0,True,1305.688,1305.688,0.0,True
12,pmmix,150,0.2,c12_pmmix_150_p20_c100_0013,0,0,0,1305.688,0.0,1305.688,True,1305.688,0.0,True,1305.688,1305.688,0.0,True
12,pmmix,150,0.1,c12_pmmix_150_p20_c100_0014,0,0,0,140.57759999999996,0.0,140.57759999999996,True,140.57759999999996,0.0,True,140.57759999999996,140.57759999999996,0.0,True
12,pmmix,150,0.2,c12_pmmix_150_p20_c100_0014,0,0,0,140.57759999999996,0.0,140.57759999999996,True,140.57759999999996,0.0,True,140.57759999999996,140.57759999999996,0.0,True
12,pmmix,150,0.1,c12_pmmix_150_p20_c100_0015,0,0,0,240.492,0.0,240.492,True,240.492,0.0,True,240.492,240.492,0.0,True
12,pmmix,150,0.2,c12_pmmix_150_p20_c100_0015,0,0,0,240.492,0.0,240.492,True,240.492,0.0,True,240.492,240.492,0.0,True
12,pmmix,150,0.1,c12_pmmix_150_p20_c100_0016,0,0,0,47.864000000000004,0.0,47.864000000000004,True,47.864000000000004,0.0,True,47.864000000000004,47.864000000000004,0.0,True
12,pmmix,150,0.2,c12_pmmix_150_p20_c100_0016,0,0,0,47.864000000000004,0.0,47.864000000000004,True,47.864000000000004,0.0,True,47.864000000000004,47.864000000000004,0.0,True
12,pmmix,150,0.1,c12_pmmix_150_p20_c100_0017,0,0,0,693.3088,0.0,693.3088,True,693.3088,0.0,True,693.3088,693.3088,0.0,True
12,pmmix,150,0.2,c12_pmmix_150_p20_c100_0017,0,0,0,693.3088,0.0,693.3088,True,693.3088,0.0,True,693.3088,693.3088,0.0,True
12,pmmix,150,0.1,c12_pmmix_150_p20_c100_0018,0,0,0,342.86439999999993,0.0,342.86439999999993,True,342.86439999999993,0.0,True,342.86439999999993,342.86439999999993,0.0,True
12,pmmix,150,0.2,c12_pmmix_150_p20_c100_0018,0,0,0,342.86439999999993,0.0,342.86439999999993,True,342.86439999999993,0.0,True,342.86439999999993,342.86439999999993,0.0,True
12,pmmix,150,0.1,c12_pmmix_150_p20_c100_0019,0,0,0,1019.6532,0.0,1019.6532,True,1019.6532,0.0,True,1019.6532,1019.6532,0.0,True
12,pmmix,150,0.2,c12_pmmix_150_p20_c100_0019,0,0,0,1019.6532,0.0,1019.6532,True,1019.6532,0.0,True,1019.6532,1019.6532,0.0,True
12,pmmix,150,0.1,c12_pmmix_150_p20_c100_0020,0,0,0,122.35440000000003,0.0,122.35440000000003,True,122.35440000000003,0.0,True,122.35440000000003,122.35440000000003,0.0,True
12,pmmix,150,0.2,c12_pmmix_150_p20_c100_0020,0,0,0,122.35440000000003,0.0,122.35440000000003,True,122.35440000000003,0.0,True,122.35440000000003,122.35440000000003,0.0,True
12,pmmix,150,0.1,c12_pmmix_150_p20_c100_0021,0,0,0,338.2632,0.0,338.2632,True,338.2632,0.0,True,338.2632,338.2632,0.0,True
12,pmmix,150,0.2,c12_pmmix_150_p20_c100_0021,0,0,0,338.2632,0.0,338.2632,True,338.2632,0.0,True,338.2632,338.2632,0.0,True
12,pmmix,150,0.1,c12_pmmix_150_p20_c100_0022,0,0,0,278.1632,0.0,278.1632,True,278.1632,0.0,True,278.1632,278.1632,0.0,True
12,pmmix,150,0.2,c12_pmmix_150_p20_c100_0022,0,0,0,278.1632,0.0,278.1632,True,278.1632,0.0,True,278.1632,278.1632,0.0,True
12,pmmix,150,0.1,c12_pmmix_150_p20_c100_0023,0,0,0,1719.3779999999997,0.0,1719.3779999999997,True,1719.3779999999997,0.0,True,1719.3779999999997,1719.3779999999997,0.0,True
12,pmmix,150,0.2,c12_pmmix_150_p20_c100_0023,0,0,0,1719.3779999999997,0.0,1719.3779999999997,True,1719.3779999999997,0.0,True,1719.3779999999997,1719.3779999999997,0.0,True
12,pmmix,150,0.1,c12_pmmix_150_p20_c100_0024,0,0,0,293.5616,0.0,293.5616,True,293.5616,0.0,True,293.5616,293.5616,0.0,True
12,pmmix,150,0.2,c12_pmmix_150_p20_c100_0024,0,0,0,293.5616,0.0,293.5616,True,293.5616,0.0,True,293.5616,293.5616,0.0,True
12,pmmix,150,0.1,c12_pmmix_150_p20_c100_0025,0,0,0,304.9744,0.0,304.9744,True,304.9744,0.0,True,304.9744,304.9744,0.0,True
12,pmmix,150,0.2,c12_pmmix_150_p20_c100_0025,0,0,0,304.9744,0.0,304.9744,True,304.9744,0.0,True,304.9744,304.9744,0.0,True
12,pmmix,150,0.1,c12_pmmix_150_p20_c100_0026,0,0,0,302.6636,0.0,302.6636,True,302.6636,0.0,True,302.6636,302.6636,0.0,True
12,pmmix,150,0.2,c12_pmmix_150_p20_c100_0026,0,0,0,302.6636,0.0,302.6636,True,302.6636,0.0,True,302.6636,302.6636,0.0,True
12,pmmix,150,0.1,c12_pmmix_150_p20_c100_0027,0,0,0,27.917599999999993,0.0,27.917599999999993,True,27.917599999999993,0.0,True,27.917599999999993,27.917599999999993,0.0,True
12,pmmix,150,0.2,c12_pmmix_150_p20_c100_0027,0,0,0,27.917599999999993,0.0,27.917599999999993,True,27.917599999999993,0.0,True,27.917599999999993,27.917599999999993,0.0,True
12,pmmix,150,0.1,c12_pmmix_150_p20_c100_0028,0,0,0,712.8968,0.0,712.8968,True,712.8968,0.0,True,712.8968,712.8968,0.0,True
12,pmmix,150,0.2,c12_pmmix_150_p20_c100_0028,0,0,0,712.8968,0.0,712.8968,True,712.8968,0.0,True,712.8968,712.8968,0.0,True
12,pmmix,150,0.1,c12_pmmix_150_p20_c100_0029,0,0,0,1554.4744,0.0,1554.4744,True,1554.4744,0.0,True,1554.4744,1554.4744,0.0,True
12,pmmix,150,0.2,c12_pmmix_150_p20_c100_0029,0,0,0,1554.4744,0.0,1554.4744,True,1554.4744,0.0,True,1554.4744,1554.4744,0.0,True
12,pmmix,150,0.1,c12_pmmix_150_p20_c60_0000,0,0,0,447.0279999999999,0.0,447.0279999999999,True,447.0279999999999,0.0,True,447.0279999999999,447.0279999999999,0.0,True
12,pmmix,150,0.2,c12_pmmix_150_p20_c60_0000,0,0,0,447.0279999999999,0.0,447.0279999999999,True,447.0279999999999,0.0,True,447.0279999999999,447.0279999999999,0.0,True
12,pmmix,150,0.1,c12_pmmix_150_p20_c60_0001,0,0,0,662.2596000000001,0.0,662.2596000000001,True,662.2596000000001,0.0,True,662.2596000000001,662.2596000000001,0.0,True
12,pmmix,150,0.2,c12_pmmix_150_p20_c60_0001,0,0,0,662.2596000000001,0.0,662.2596000000001,True,662.2596000000001,0.0,True,662.2596000000001,662.2596000000001,0.0,True
12,pmmix,150,0.1,c12_pmmix_150_p20_c60_0002,0,0,0,111.09200000000001,0.0,111.09200000000001,True,111.09200000000001,0.0,True,111.09200000000001,111.09200000000001,0.0,True
12,pmmix,150,0.2,c12_pmmix_150_p20_c60_0002,0,0,0,111.09200000000001,0.0,111.09200000000001,True,111.09200000000001,0.0,True,111.09200000000001,111.09200000000001,0.0,True
12,pmmix,150,0.1,c12_pmmix_150_p20_c60_0003,0,0,0,748.5392,0.0,748.5392,True,748.5392,0.0,True,748.5392,748.5392,0.0,True
12,pmmix,150,0.2,c12_pmmix_150_p20_c60_0003,0,0,0,748.5392,0.0,748.5392,True,748.5392,0.0,True,748.5392,748.5392,0.0,True
12,pmmix,150,0.1,c12_pmmix_150_p20_c60_0004,0,0,0,145.1636,0.0,145.1636,True,145.1636,0.0,True,145.1636,145.1636,0.0,True
12,pmmix,150,0.2,c12_pmmix_150_p20_c60_0004,0,0,0,145.1636,0.0,145.1636,True,145.1636,0.0,True,145.1636,145.1636,0.0,True
12,pmmix,150,0.1,c12_pmmix_150_p20_c60_0005,0,0,0,293.1236,0.0,293.1236,True,293.1236,0.0,True,293.1236,293.1236,0.0,True
12,pmmix,150,0.2,c12_pmmix_150_p20_c60_0005,0,0,0,293.1236,0.0,293.1236,True,293.1236,0.0,True,293.1236,293.1236,0.0,True
12,pmmix,150,0.1,c12_pmmix_150_p20_c60_0006,0,0,0,238.4008,0.0,238.4008,True,238.4008,0.0,True,238.4008,238.4008,0.0,True
12,pmmix,150,0.2,c12_pmmix_150_p20_c60_0006,0,0,0,238.4008,0.0,238.4008,True,238.4008,0.0,True,238.4008,238.4008,0.0,True
12,pmmix,150,0.1,c12_pmmix_150_p20_c60_0007,0,0,0,798.856,0.0,798.856,True,798.856,0.0,True,798.856,798.856,0.0,True
12,pmmix,150,0.2,c12_pmmix_150_p20_c60_0007,0,0,0,798.856,0.0,798.856,True,798.856,0.0,True,798.856,798.856,0.0,True
12,pmmix,150,0.1,c12_pmmix_150_p20_c60_0008,0,0,0,908.3664,0.0,908.3664,True,908.3664,0.0,True,908.3664,908.3664,0.0,True
12,pmmix,150,0.2,c12_pmmix_150_p20_c60_0008,0,0,0,908.3664,0.0,908.3664,True,908.3664,0.0,True,908.3664,908.3664,0.0,True
12,pmmix,150,0.1,c12_pmmix_150_p20_c60_0009,0,0,0,502.554,0.0,502.554,True,502.554,0.0,True,502.554,502.554,0.0,True
12,pmmix,150,0.2,c12_pmmix_150_p20_c60_0009,0,0,0,502.554,0.0,502.554,True,502.554,0.0,True,502.554,502.554,0.0,True
12,pmmix,150,0.1,c12_pmmix_150_p20_c60_0010,0,0,0,265.51120000000003,0.0,265.51120000000003,True,265.51120000000003,0.0,True,265.51120000000003,265.51120000000003,0.0,True
12,pmmix,150,0.2,c12_pmmix_150_p20_c60_0010,0,0,0,265.51120000000003,0.0,265.51120000000003,True,265.51120000000003,0.0,True,265.51120000000003,265.51120000000003,0.0,True
12,pmmix,150,0.1,c12_pmmix_150_p20_c60_0011,0,0,0,77.93719999999999,0.0,77.93719999999999,True,77.93719999999999,0.0,True,77.93719999999999,77.93719999999999,0.0,True
12,pmmix,150,0.2,c12_pmmix_150_p20_c60_0011,0,0,0,77.93719999999999,0.0,77.93719999999999,True,77.93719999999999,0.0,True,77.93719999999999,77.93719999999999,0.0,True
12,pmmix,150,0.1,c12_pmmix_150_p20_c60_0012,0,0,0,992.8648000000001,0.0,992.8648000000001,True,992.8648000000001,0.0,True,992.8648000000001,992.8648000000001,0.0,True
12,pmmix,150,0.2,c12_pmmix_150_p20_c60_0012,0,0,0,992.8648000000001,0.0,992.8648000000001,True,992.8648000000001,0.0,True,992.8648000000001,992.8648000000001,0.0,True
12,pmmix,150,0.1,c12_pmmix_150_p20_c60_0013,0,0,0,1305.688,0.0,1305.688,True,1305.688,0.0,True,1305.688,1305.688,0.0,True
12,pmmix,150,0.2,c12_pmmix_150_p20_c60_0013,0,0,0,1305.688,0.0,1305.688,True,1305.688,0.0,True,1305.688,1305.688,0.0,True
12,pmmix,150,0.1,c12_pmmix_150_p20_c60_0014,0,0,0,140.57759999999996,0.0,140.57759999999996,True,140.57759999999996,0.0,True,140.57759999999996,140.57759999999996,0.0,True
12,pmmix,150,0.2,c12_pmmix_150_p20_c60_0014,0,0,0,140.57759999999996,0.0,140.57759999999996,True,140.57759999999996,0.0,True,140.57759999999996,140.57759999999996,0.0,True
12,pmmix,150,0.1,c12_pmmix_150_p20_c60_0015,0,0,0,240.492,0.0,240.492,True,240.492,0.0,True,240.492,240.492,0.0,True
12,pmmix,150,0.2,c12_pmmix_150_p20_c60_0015,0,0,0,240.492,0.0,240.492,True,240.492,0.0,True,240.492,240.492,0.0,True
12,pmmix,150,0.1,c12_pmmix_150_p20_c60_0016,0,0,0,47.864000000000004,0.0,47.864000000000004,True,47.864000000000004,0.0,True,47.864000000000004,47.864000000000004,0.0,True
12,pmmix,150,0.2,c12_pmmix_150_p20_c60_0016,0,0,0,47.864000000000004,0.0,47.864000000000004,True,47.864000000000004,0.0,True,47.864000000000004,47.864000000000004,0.0,True
12,pmmix,150,0.1,c12_pmmix_150_p20_c60_0017,0,0,0,693.3088,0.0,693.3088,True,693.3088,0.0,True,693.3088,693.3088,0.0,True
12,pmmix,150,0.2,c12_pmmix_150_p20_c60_0017,0,0,0,693.3088,0.0,693.3088,True,693.3088,0.0,True,693.3088,693.3088,0.0,True
12,pmmix,150,0.1,c12_pmmix_150_p20_c60_0018,0,0,0,342.86439999999993,0.0,342.86439999999993,True,342.86439999999993,0.0,True,342.86439999999993,342.86439999999993,0.0,True
12,pmmix,150,0.2,c12_pmmix_150_p20_c60_0018,0,0,0,342.86439999999993,0.0,342.86439999999993,True,342.86439999999993,0.0,True,342.86439999999993,342.86439999999993,0.0,True
12,pmmix,150,0.1,c12_pmmix_150_p20_c60_0019,0,0,0,1019.6532,0.0,1019.6532,True,1019.6532,0.0,True,1019.6532,1019.6532,0.0,True
12,pmmix,150,0.2,c12_pmmix_150_p20_c60_0019,0,0,0,1019.6532,0.0,1019.6532,True,1019.6532,0.0,True,1019.6532,1019.6532,0.0,True
12,pmmix,150,0.1,c12_pmmix_150_p20_c60_0020,0,0,0,122.35440000000003,0.0,122.35440000000003,True,122.35440000000003,0.0,True,122.35440000000003,122.35440000000003,0.0,True
12,pmmix,150,0.2,c12_pmmix_150_p20_c60_0020,0,0,0,122.35440000000003,0.0,122.35440000000003,True,122.35440000000003,0.0,True,122.35440000000003,122.35440000000003,0.0,True
12,pmmix,150,0.1,c12_pmmix_150_p20_c60_0021,0,0,0,338.2632,0.0,338.2632,True,338.2632,0.0,True,338.2632,338.2632,0.0,True
12,pmmix,150,0.2,c12_pmmix_150_p20_c60_0021,0,0,0,338.2632,0.0,338.2632,True,338.2632,0.0,True,338.2632,338.2632,0.0,True
12,pmmix,150,0.1,c12_pmmix_150_p20_c60_0022,0,0,0,278.1632,0.0,278.1632,True,278.1632,0.0,True,278.1632,278.1632,0.0,True
12,pmmix,150,0.2,c12_pmmix_150_p20_c60_0022,0,0,0,278.1632,0.0,278.1632,True,278.1632,0.0,True,278.1632,278.1632,0.0,True
12,pmmix,150,0.1,c12_pmmix_150_p20_c60_0023,0,0,0,1719.3779999999997,0.0,1719.3779999999997,True,1719.3779999999997,0.0,True,1719.3779999999997,1719.3779999999997,0.0,True
12,pmmix,150,0.2,c12_pmmix_150_p20_c60_0023,0,0,0,1719.3779999999997,0.0,1719.3779999999997,True,1719.3779999999997,0.0,True,1719.3779999999997,1719.3779999999997,0.0,True
12,pmmix,150,0.1,c12_pmmix_150_p20_c60_0024,0,0,0,293.5616,0.0,293.5616,True,293.5616,0.0,True,293.5616,293.5616,0.0,True
12,pmmix,150,0.2,c12_pmmix_150_p20_c60_0024,0,0,0,293.5616,0.0,293.5616,True,293.5616,0.0,True,293.5616,293.5616,0.0,True
12,pmmix,150,0.1,c12_pmmix_150_p20_c60_0025,0,0,0,304.9744,0.0,304.9744,True,304.9744,0.0,True,304.9744,304.9744,0.0,True
12,pmmix,150,0.2,c12_pmmix_150_p20_c60_0025,0,0,0,304.9744,0.0,304.9744,True,304.9744,0.0,True,304.9744,304.9744,0.0,True
12,pmmix,150,0.1,c12_pmmix_150_p20_c60_0026,0,0,0,302.6636,0.0,302.6636,True,302.6636,0.0,True,302.6636,302.6636,0.0,True
12,pmmix,150,0.2,c12_pmmix_150_p20_c60_0026,0,0,0,302.6636,0.0,302.6636,True,302.6636,0.0,True,302.6636,302.6636,0.0,True
12,pmmix,150,0.1,c12_pmmix_150_p20_c60_0027,0,0,0,27.917599999999993,0.0,27.917599999999993,True,27.917599999999993,0.0,True,27.917599999999993,27.917599999999993,0.0,True
12,pmmix,150,0.2,c12_pmmix_150_p20_c60_0027,0,0,0,27.917599999999993,0.0,27.917599999999993,True,27.917599999999993,0.0,True,27.917599999999993,27.917599999999993,0.0,True
12,pmmix,150,0.1,c12_pmmix_150_p20_c60_0028,0,0,0,712.8968,0.0,712.8968,True,712.8968,0.0,True,712.8968,712.8968,0.0,True
12,pmmix,150,0.2,c12_pmmix_150_p20_c60_0028,0,0,0,712.8968,0.0,712.8968,True,712.8968,0.0,True,712.8968,712.8968,0.0,True
12,pmmix,150,0.1,c12_pmmix_150_p20_c60_0029,0,0,0,1554.4744,0.0,1554.4744,True,1554.4744,0.0,True,1554.4744,1554.4744,0.0,True
12,pmmix,150,0.2,c12_pmmix_150_p20_c60_0029,0,0,0,1554.4744,0.0,1554.4744,True,1554.4744,0.0,True,1554.4744,1554.4744,0.0,True
12,pmmix,150,0.1,c12_pmmix_150_p20_c80_0000,0,0,0,447.0279999999999,0.0,447.0279999999999,True,447.0279999999999,0.0,True,447.0279999999999,447.0279999999999,0.0,True
12,pmmix,150,0.2,c12_pmmix_150_p20_c80_0000,0,0,0,447.0279999999999,0.0,447.0279999999999,True,447.0279999999999,0.0,True,447.0279999999999,447.0279999999999,0.0,True
12,pmmix,150,0.1,c12_pmmix_150_p20_c80_0001,0,0,0,662.2596000000001,0.0,662.2596000000001,True,662.2596000000001,0.0,True,662.2596000000001,662.2596000000001,0.0,True
12,pmmix,150,0.2,c12_pmmix_150_p20_c80_0001,0,0,0,662.2596000000001,0.0,662.2596000000001,True,662.2596000000001,0.0,True,662.2596000000001,662.2596000000001,0.0,True
12,pmmix,150,0.1,c12_pmmix_150_p20_c80_0002,0,0,0,111.09200000000001,0.0,111.09200000000001,True,111.09200000000001,0.0,True,111.09200000000001,111.09200000000001,0.0,True
12,pmmix,150,0.2,c12_pmmix_150_p20_c80_0002,0,0,0,111.09200000000001,0.0,111.09200000000001,True,111.09200000000001,0.0,True,111.09200000000001,111.09200000000001,0.0,True
12,pmmix,150,0.1,c12_pmmix_150_p20_c80_0003,0,0,0,748.5392,0.0,748.5392,True,748.5392,0.0,True,748.5392,748.5392,0.0,True
12,pmmix,150,0.2,c12_pmmix_150_p20_c80_0003,0,0,0,748.5392,0.0,748.5392,True,748.5392,0.0,True,748.5392,748.5392,0.0,True
12,pmmix,150,0.1,c12_pmmix_150_p20_c80_0004,0,0,0,145.1636,0.0,145.1636,True,145.1636,0.0,True,145.1636,145.1636,0.0,True
12,pmmix,150,0.2,c12_pmmix_150_p20_c80_0004,0,0,0,145.1636,0.0,145.1636,True,145.1636,0.0,True,145.1636,145.1636,0.0,True
12,pmmix,150,0.1,c12_pmmix_150_p20_c80_0005,0,0,0,293.1236,0.0,293.1236,True,293.1236,0.0,True,293.1236,293.1236,0.0,True
12,pmmix,150,0.2,c12_pmmix_150_p20_c80_0005,0,0,0,293.1236,0.0,293.1236,True,293.1236,0.0,True,293.1236,293.1236,0.0,True
12,pmmix,150,0.1,c12_pmmix_150_p20_c80_0006,0,0,0,238.4008,0.0,238.4008,True,238.4008,0.0,True,238.4008,238.4008,0.0,True
12,pmmix,150,0.2,c12_pmmix_150_p20_c80_0006,0,0,0,238.4008,0.0,238.4008,True,238.4008,0.0,True,238.4008,238.4008,0.0,True
12,pmmix,150,0.1,c12_pmmix_150_p20_c80_0007,0,0,0,798.856,0.0,798.856,True,798.856,0.0,True,798.856,798.856,0.0,True
12,pmmix,150,0.2,c12_pmmix_150_p20_c80_0007,0,0,0,798.856,0.0,798.856,True,798.856,0.0,True,798.856,798.856,0.0,True
12,pmmix,150,0.1,c12_pmmix_150_p20_c80_0008,0,0,0,908.3664,0.0,908.3664,True,908.3664,0.0,True,908.3664,908.3664,0.0,True
12,pmmix,150,0.2,c12_pmmix_150_p20_c80_0008,0,0,0,908.3664,0.0,908.3664,True,908.3664,0.0,True,908.3664,908.3664,0.0,True
12,pmmix,150,0.1,c12_pmmix_150_p20_c80_0009,0,0,0,502.554,0.0,502.554,True,502.554,0.0,True,502.554,502.554,0.0,True
12,pmmix,150,0.2,c12_pmmix_150_p20_c80_0009,0,0,0,502.554,0.0,502.554,True,502.554,0.0,True,502.554,502.554,0.0,True
12,pmmix,150,0.1,c12_pmmix_150_p20_c80_0010,0,0,0,265.51120000000003,0.0,265.51120000000003,True,265.51120000000003,0.0,True,265.51120000000003,265.51120000000003,0.0,True
12,pmmix,150,0.2,c12_pmmix_150_p20_c80_0010,0,0,0,265.51120000000003,0.0,265.51120000000003,True,265.51120000000003,0.0,True,265.51120000000003,265.51120000000003,0.0,True
12,pmmix,150,0.1,c12_pmmix_150_p20_c80_0011,0,0,0,77.93719999999999,0.0,77.93719999999999,True,77.93719999999999,0.0,True,77.93719999999999,77.93719999999999,0.0,True
12,pmmix,150,0.2,c12_pmmix_150_p20_c80_0011,0,0,0,77.93719999999999,0.0,77.93719999999999,True,77.93719999999999,0.0,True,77.93719999999999,77.93719999999999,0.0,True
12,pmmix,150,0.1,c12_pmmix_150_p20_c80_0012,0,0,0,992.8648000000001,0.0,992.8648000000001,True,992.8648000000001,0.0,True,992.8648000000001,992.8648000000001,0.0,True
12,pmmix,150,0.2,c12_pmmix_150_p20_c80_0012,0,0,0,992.8648000000001,0.0,992.8648000000001,True,992.8648000000001,0.0,True,992.8648000000001,992.8648000000001,0.0,True
12,pmmix,150,0.1,c12_pmmix_150_p20_c80_0013,0,0,0,1305.688,0.0,1305.688,True,1305.688,0.0,True,1305.688,1305.688,0.0,True
12,pmmix,150,0.2,c12_pmmix_150_p20_c80_0013,0,0,0,1305.688,0.0,1305.688,True,1305.688,0.0,True,1305.688,1305.688,0.0,True
12,pmmix,150,0.1,c12_pmmix_150_p20_c80_0014,0,0,0,140.57759999999996,0.0,140.57759999999996,True,140.57759999999996,0.0,True,140.57759999999996,140.57759999999996,0.0,True
12,pmmix,150,0.2,c12_pmmix_150_p20_c80_0014,0,0,0,140.57759999999996,0.0,140.57759999999996,True,140.57759999999996,0.0,True,140.57759999999996,140.57759999999996,0.0,True
12,pmmix,150,0.1,c12_pmmix_150_p20_c80_0015,0,0,0,240.492,0.0,240.492,True,240.492,0.0,True,240.492,240.492,0.0,True
12,pmmix,150,0.2,c12_pmmix_150_p20_c80_0015,0,0,0,240.492,0.0,240.492,True,240.492,0.0,True,240.492,240.492,0.0,True
12,pmmix,150,0.1,c12_pmmix_150_p20_c80_0016,0,0,0,47.864000000000004,0.0,47.864000000000004,True,47.864000000000004,0.0,True,47.864000000000004,47.864000000000004,0.0,True
12,pmmix,150,0.2,c12_pmmix_150_p20_c80_0016,0,0,0,47.864000000000004,0.0,47.864000000000004,True,47.864000000000004,0.0,True,47.864000000000004,47.864000000000004,0.0,True
12,pmmix,150,0.1,c12_pmmix_150_p20_c80_0017,0,0,0,693.3088,0.0,693.3088,True,693.3088,0.0,True,693.3088,693.3088,0.0,True
12,pmmix,150,0.2,c12_pmmix_150_p20_c80_0017,0,0,0,693.3088,0.0,693.3088,True,693.3088,0.0,True,693.3088,693.3088,0.0,True
12,pmmix,150,0.1,c12_pmmix_150_p20_c80_0018,0,0,0,342.86439999999993,0.0,342.86439999999993,True,342.86439999999993,0.0,True,342.86439999999993,342.86439999999993,0.0,True
12,pmmix,150,0.2,c12_pmmix_150_p20_c80_0018,0,0,0,342.86439999999993,0.0,342.86439999999993,True,342.86439999999993,0.0,True,342.86439999999993,342.86439999999993,0.0,True
12,pmmix,150,0.1,c12_pmmix_150_p20_c80_0019,0,0,0,1019.6532,0.0,1019.6532,True,1019.6532,0.0,True,1019.6532,1019.6532,0.0,True
12,pmmix,150,0.2,c12_pmmix_150_p20_c80_0019,0,0,0,1019.6532,0.0,1019.6532,True,1019.6532,0.0,True,1019.6532,1019.6532,0.0,True
12,pmmix,150,0.1,c12_pmmix_150_p20_c80_0020,0,0,0,122.35440000000003,0.0,122.35440000000003,True,122.35440000000003,0.0,True,122.35440000000003,122.35440000000003,0.0,True
12,pmmix,150,0.2,c12_pmmix_150_p20_c80_0020,0,0,0,122.35440000000003,0.0,122.35440000000003,True,122.35440000000003,0.0,True,122.35440000000003,122.35440000000003,0.0,True
12,pmmix,150,0.1,c12_pmmix_150_p20_c80_0021,0,0,0,338.2632,0.0,338.2632,True,338.2632,0.0,True,338.2632,338.2632,0.0,True
12,pmmix,150,0.2,c12_pmmix_150_p20_c80_0021,0,0,0,338.2632,0.0,338.2632,True,338.2632,0.0,True,338.2632,338.2632,0.0,True
12,pmmix,150,0.1,c12_pmmix_150_p20_c80_0022,0,0,0,278.1632,0.0,278.1632,True,278.1632,0.0,True,278.1632,278.1632,0.0,True
12,pmmix,150,0.2,c12_pmmix_150_p20_c80_0022,0,0,0,278.1632,0.0,278.1632,True,278.1632,0.0,True,278.1632,278.1632,0.0,True
12,pmmix,150,0.1,c12_pmmix_150_p20_c80_0023,0,0,0,1719.3779999999997,0.0,1719.3779999999997,True,1719.3779999999997,0.0,True,1719.3779999999997,1719.3779999999997,0.0,True
12,pmmix,150,0.2,c12_pmmix_150_p20_c80_0023,0,0,0,1719.3779999999997,0.0,1719.3779999999997,True,1719.3779999999997,0.0,True,1719.3779999999997,1719.3779999999997,0.0,True
12,pmmix,150,0.1,c12_pmmix_150_p20_c80_0024,0,0,0,293.5616,0.0,293.5616,True,293.5616,0.0,True,293.5616,293.5616,0.0,True
12,pmmix,150,0.2,c12_pmmix_150_p20_c80_0024,0,0,0,293.5616,0.0,293.5616,True,293.5616,0.0,True,293.5616,293.5616,0.0,True
12,pmmix,150,0.1,c12_pmmix_150_p20_c80_0025,0,0,0,304.9744,0.0,304.9744,True,304.9744,0.0,True,304.9744,304.9744,0.0,True
12,pmmix,150,0.2,c12_pmmix_150_p20_c80_0025,0,0,0,304.9744,0.0,304.9744,True,304.9744,0.0,True,304.9744,304.9744,0.0,True
12,pmmix,150,0.1,c12_pmmix_150_p20_c80_0026,0,0,0,302.6636,0.0,302.6636,True,302.6636,0.0,True,302.6636,302.6636,0.0,True
12,pmmix,150,0.2,c12_pmmix_150_p20_c80_0026,0,0,0,302.6636,0.0,302.6636,True,302.6636,0.0,True,302.6636,302.6636,0.0,True
12,pmmix,150,0.1,c12_pmmix_150_p20_c80_0027,0,0,0,27.917599999999993,0.0,27.917599999999993,True,27.917599999999993,0.0,True,27.917599999999993,27.917599999999993,0.0,True
12,pmmix,150,0.2,c12_pmmix_150_p20_c80_0027,0,0,0,27.917599999999993,0.0,27.917599999999993,True,27.917599999999993,0.0,True,27.917599999999993,27.917599999999993,0.0,True
12,pmmix,150,0.1,c12_pmmix_150_p20_c80_0028,0,0,0,712.8968,0.0,712.8968,True,712.8968,0.0,True,712.8968,712.8968,0.0,True
12,pmmix,150,0.2,c12_pmmix_150_p20_c80_0028,0,0,0,712.8968,0.0,712.8968,True,712.8968,0.0,True,712.8968,712.8968,0.0,True
12,pmmix,150,0.1,c12_pmmix_150_p20_c80_0029,0,0,0,1554.4744,0.0,1554.4744,True,1554.4744,0.0,True,1554.4744,1554.4744,0.0,True
12,pmmix,150,0.2,c12_pmmix_150_p20_c80_0029,0,0,0,1554.4744,0.0,1554.4744,True,1554.4744,0.0,True,1554.4744,1554.4744,0.0,True
12,pmmix,150,0.1,c12_pmmix_150_p50_c100_0000,0,0,0,43.609600000000015,0.0,43.609600000000015,True,43.609600000000015,0.0,True,43.609600000000015,43.609600000000015,0.0,True
12,pmmix,150,0.2,c12_pmmix_150_p50_c100_0000,0,0,0,43.609600000000015,0.0,43.609600000000015,True,43.609600000000015,0.0,True,43.609600000000015,43.609600000000015,0.0,True
12,pmmix,150,0.1,c12_pmmix_150_p50_c100_0001,0,0,0,0.0,0.0,0.0,True,0.0,0.0,True,0.0,0.0,0.0,True
12,pmmix,150,0.2,c12_pmmix_150_p50_c100_0001,0,0,0,0.0,0.0,0.0,True,0.0,0.0,True,0.0,0.0,0.0,True
12,pmmix,150,0.1,c12_pmmix_150_p50_c100_0002,0,0,0,163.1144,0.0,163.1144,True,163.1144,0.0,True,163.1144,163.1144,0.0,True
12,pmmix,150,0.2,c12_pmmix_150_p50_c100_0002,0,0,0,163.1144,0.0,163.1144,True,163.1144,0.0,True,163.1144,163.1144,0.0,True
12,pmmix,150,0.1,c12_pmmix_150_p50_c100_0003,0,0,0,533.048,0.0,533.048,True,533.048,0.0,True,533.048,533.048,0.0,True
12,pmmix,150,0.2,c12_pmmix_150_p50_c100_0003,0,0,0,533.048,0.0,533.048,True,533.048,0.0,True,533.048,533.048,0.0,True
12,pmmix,150,0.1,c12_pmmix_150_p50_c100_0004,0,0,0,126.5848,0.0,126.5848,True,126.5848,0.0,True,126.5848,126.5848,0.0,True
12,pmmix,150,0.2,c12_pmmix_150_p50_c100_0004,0,0,0,126.5848,0.0,126.5848,True,126.5848,0.0,True,126.5848,126.5848,0.0,True
12,pmmix,150,0.1,c12_pmmix_150_p50_c100_0005,0,0,0,541.3240000000001,0.0,541.3240000000001,True,541.3240000000001,0.0,True,541.3240000000001,541.3240000000001,0.0,True
12,pmmix,150,0.2,c12_pmmix_150_p50_c100_0005,0,0,0,541.3240000000001,0.0,541.3240000000001,True,541.3240000000001,0.0,True,541.3240000000001,541.3240000000001,0.0,True
12,pmmix,150,0.1,c12_pmmix_150_p50_c100_0006,0,0,0,184.2616,0.0,184.2616,True,184.2616,0.0,True,184.2616,184.2616,0.0,True
12,pmmix,150,0.2,c12_pmmix_150_p50_c100_0006,0,0,0,184.2616,0.0,184.2616,True,184.2616,0.0,True,184.2616,184.2616,0.0,True
12,pmmix,150,0.1,c12_pmmix_150_p50_c100_0007,0,0,0,670.8944,0.0,670.8944,True,670.8944,0.0,True,670.8944,670.8944,0.0,True
12,pmmix,150,0.2,c12_pmmix_150_p50_c100_0007,0,0,0,670.8944,0.0,670.8944,True,670.8944,0.0,True,670.8944,670.8944,0.0,True
12,pmmix,150,0.1,c12_pmmix_150_p50_c100_0008,0,0,0,90.00479999999999,0.0,90.00479999999999,True,90.00479999999999,0.0,True,90.00479999999999,90.00479999999999,0.0,True
12,pmmix,150,0.2,c12_pmmix_150_p50_c100_0008,0,0,0,90.00479999999999,0.0,90.00479999999999,True,90.00479999999999,0.0,True,90.00479999999999,90.00479999999999,0.0,True
12,pmmix,150,0.1,c12_pmmix_150_p50_c100_0009,0,0,0,789.9359999999999,0.0,789.9359999999999,True,789.9359999999999,0.0,True,789.9359999999999,789.9359999999999,0.0,True
12,pmmix,150,0.2,c12_pmmix_150_p50_c100_0009,0,0,0,789.9359999999999,0.0,789.9359999999999,True,789.9359999999999,0.0,True,789.9359999999999,789.9359999999999,0.0,True
