campus,u,beta,inst_id,n_wos,util_pool,util_worst,inc_atc,inc_atc_frac,makespan_atc,twt_atc,twt_edd,twt_oracle,feas_atc,feas_edd,feas_oracle
9,70,0.25,c09_storm2_w80_u70_0000,1582,0.7093488131313131,0.9728227083333334,75,0.04740834386852086,135.6646,1181.7671999999998,1182.716,1182.6847999999995,True,True,True
9,70,0.5,c09_storm2_w80_u70_0000,1582,0.7093488131313131,0.9728227083333334,75,0.04740834386852086,135.6646,1155.8959999999997,1156.8447999999999,1156.8135999999995,True,True,True
9,70,0.75,c09_storm2_w80_u70_0000,1582,0.7093488131313131,0.9728227083333334,75,0.04740834386852086,135.6646,1244.7415999999998,1245.6903999999995,1248.6575999999995,True,True,True
9,70,1.0,c09_storm2_w80_u70_0000,1582,0.7093488131313131,0.9728227083333334,75,0.04740834386852086,135.6646,1191.8044,1192.7531999999997,1195.5707999999995,True,True,True
9,70,0.25,c09_storm2_w80_u70_0001,1604,0.6973746212121215,0.9811799999999999,75,0.046758104738154616,121.024,1698.5148000000004,1698.5148000000004,1698.1988000000006,True,True,True
9,70,0.5,c09_storm2_w80_u70_0001,1604,0.6973746212121215,0.9811799999999999,75,0.046758104738154616,121.024,1637.7092000000002,1637.7092000000002,1637.4244000000003,True,True,True
9,70,0.75,c09_storm2_w80_u70_0001,1604,0.6973746212121215,0.9811799999999999,75,0.046758104738154616,121.024,1623.1908000000003,1623.1908000000003,1622.9060000000004,True,True,True
9,70,1.0,c09_storm2_w80_u70_0001,1604,0.6973746212121215,0.9811799999999999,75,0.046758104738154616,121.024,1638.3692,1638.3692,1638.7180000000003,True,True,True
9,70,0.25,c09_storm2_w80_u70_0002,1483,0.6048981818181816,0.9268660714285714,49,0.033041132838840186,117.49520000000001,963.7571999999999,963.7571999999999,963.7571999999999,True,True,True
9,70,0.5,c09_storm2_w80_u70_0002,1483,0.6048981818181816,0.9268660714285714,49,0.033041132838840186,117.49520000000001,1005.6947999999999,1005.6947999999999,1005.6947999999999,True,True,True
9,70,0.75,c09_storm2_w80_u70_0002,1483,0.6048981818181816,0.9268660714285714,49,0.033041132838840186,117.49520000000001,963.9035999999998,963.9035999999998,963.9035999999998,True,True,True
9,70,1.0,c09_storm2_w80_u70_0002,1483,0.6048981818181816,0.9268660714285714,49,0.033041132838840186,117.49520000000001,889.1111999999999,889.1111999999999,889.1111999999999,True,True,True
9,70,0.25,c09_storm2_w80_u70_0003,1613,0.7101394949494947,0.946664553571428,76,0.047117172969621826,113.6423,1333.6415999999995,1296.6824000000001,1265.4791999999998,True,True,True
9,70,0.5,c09_storm2_w80_u70_0003,1613,0.7101394949494947,0.946664553571428,76,0.047117172969621826,113.6423,1396.7691999999997,1356.4472,1330.438,True,True,True
9,70,0.75,c09_storm2_w80_u70_0003,1613,0.7101394949494947,0.946664553571428,76,0.047117172969621826,113.6423,1401.4579999999999,1365.1487999999997,1328.6483999999998,True,True,True
9,70,1.0,c09_storm2_w80_u70_0003,1613,0.7101394949494947,0.946664553571428,76,0.047117172969621826,113.6423,1307.2863999999997,1238.8643999999997,1194.3596,True,True,True
9,70,0.25,c09_storm2_w80_u70_0004,1594,0.7305976893939394,0.9460411160714285,72,0.0451693851944793,128.5999,1259.744,1250.2976000000003,1253.4016000000001,True,True,True
9,70,0.5,c09_storm2_w80_u70_0004,1594,0.7305976893939394,0.9460411160714285,72,0.0451693851944793,128.5999,1226.1336,1217.8968000000004,1221.7968000000005,True,True,True
9,70,0.75,c09_storm2_w80_u70_0004,1594,0.7305976893939394,0.9460411160714285,72,0.0451693851944793,128.5999,1270.2784,1262.8568000000005,1258.7816000000003,True,True,True
9,70,1.0,c09_storm2_w80_u70_0004,1594,0.7305976893939394,0.9460411160714285,72,0.0451693851944793,128.5999,1702.1256,1673.5159999999998,1675.5292000000002,True,True,True
9,70,0.25,c09_storm2_w80_u70_0005,1599,0.723009835858586,0.9440341964285713,71,0.04440275171982489,129.0009,1170.7088,1179.4308,1177.0156,True,True,True
9,70,0.5,c09_storm2_w80_u70_0005,1599,0.723009835858586,0.9440341964285713,71,0.04440275171982489,129.0009,1345.6984,1355.9651999999999,1360.8092,True,True,True
9,70,0.75,c09_storm2_w80_u70_0005,1599,0.723009835858586,0.9440341964285713,71,0.04440275171982489,129.0009,1130.7728000000002,1140.6299999999997,1152.5124,True,True,True
9,70,1.0,c09_storm2_w80_u70_0005,1599,0.723009835858586,0.9440341964285713,71,0.04440275171982489,129.0009,1176.5964,1174.5063999999998,1203.4408,True,True,True
9,70,0.25,c09_storm2_w80_u70_0006,1562,0.695889583333333,0.9153997916666667,76,0.04865556978233035,129.5574,1569.6783999999993,1573.8403999999998,1571.3703999999998,True,True,True
9,70,0.5,c09_storm2_w80_u70_0006,1562,0.695889583333333,0.9153997916666667,76,0.04865556978233035,129.5574,1572.143199999999,1576.3051999999996,1571.5135999999993,True,True,True
9,70,0.75,c09_storm2_w80_u70_0006,1562,0.695889583333333,0.9153997916666667,76,0.04865556978233035,129.5574,1739.3271999999993,1734.1679999999997,1738.6975999999995,True,True,True
9,70,1.0,c09_storm2_w80_u70_0006,1562,0.695889583333333,0.9153997916666667,76,0.04865556978233035,129.5574,1582.7195999999994,1577.5603999999998,1579.8531999999996,True,True,True
9,70,0.25,c09_storm2_w80_u70_0007,1631,0.7152833333333329,1.010209821428571,80,0.049049662783568364,128.0725,629.3564000000002,632.8668000000001,634.3596000000002,True,True,True
9,70,0.5,c09_storm2_w80_u70_0007,1631,0.7152833333333329,1.010209821428571,80,0.049049662783568364,128.0725,1029.2360000000003,1030.4992,1030.5024,True,True,True
9,70,0.75,c09_storm2_w80_u70_0007,1631,0.7152833333333329,1.010209821428571,80,0.049049662783568364,128.0725,1017.9648000000002,1016.7991999999999,1035.8760000000002,True,True,True
9,70,1.0,c09_storm2_w80_u70_0007,1631,0.7152833333333329,1.010209821428571,80,0.049049662783568364,128.0725,1082.3448000000003,1081.1792,1106.5272000000002,True,True,True
9,70,0.25,c09_storm2_w80_u70_0008,1611,0.6703989267676765,0.900671517857143,80,0.04965859714463067,111.46379999999999,488.9687999999999,481.6679999999999,481.3615999999999,True,True,True
9,70,0.5,c09_storm2_w80_u70_0008,1611,0.6703989267676765,0.900671517857143,80,0.04965859714463067,111.46379999999999,542.9023999999998,535.6015999999998,543.0575999999999,True,True,True
9,70,0.75,c09_storm2_w80_u70_0008,1611,0.6703989267676765,0.900671517857143,80,0.04965859714463067,111.46379999999999,542.9023999999998,535.6015999999998,543.0575999999999,True,True,True
9,70,1.0,c09_storm2_w80_u70_0008,1611,0.6703989267676765,0.900671517857143,80,0.04965859714463067,111.46379999999999,495.62599999999986,488.3251999999999,495.7811999999999,True,True,True
9,70,0.25,c09_storm2_w80_u70_0009,1546,0.6387707954545453,0.9079952678571429,75,0.04851228978007762,107.50139999999999,964.1967999999997,964.5679999999998,964.5935999999997,True,True,True
9,70,0.5,c09_storm2_w80_u70_0009,1546,0.6387707954545453,0.9079952678571429,75,0.04851228978007762,107.50139999999999,954.0319999999997,954.4031999999997,954.8135999999997,True,True,True
9,70,0.75,c09_storm2_w80_u70_0009,1546,0.6387707954545453,0.9079952678571429,75,0.04851228978007762,107.50139999999999,1056.4999999999995,1056.8711999999996,1057.2815999999998,True,True,True
9,70,1.0,c09_storm2_w80_u70_0009,1546,0.6387707954545453,0.9079952678571429,75,0.04851228978007762,107.50139999999999,1045.8111999999996,1046.1823999999997,1044.6559999999997,True,True,True
9,70,0.25,c09_storm2_w80_u70_0010,1558,0.6465997222222222,1.012542232142857,85,0.05455712451861361,124.021,24.998399999999947,24.998399999999947,24.998399999999947,True,True,True
9,70,0.5,c09_storm2_w80_u70_0010,1558,0.6465997222222222,1.012542232142857,85,0.05455712451861361,124.021,67.31399999999994,67.31399999999994,67.31399999999994,True,True,True
9,70,0.75,c09_storm2_w80_u70_0010,1558,0.6465997222222222,1.012542232142857,85,0.05455712451861361,124.021,167.80439999999984,167.80439999999984,167.80439999999984,True,True,True
9,70,1.0,c09_storm2_w80_u70_0010,1558,0.6465997222222222,1.012542232142857,85,0.05455712451861361,124.021,398.57719999999983,398.57719999999983,398.57719999999983,True,True,True
9,70,0.25,c09_storm2_w80_u70_0011,1563,0.6992831565656566,0.9128108928571429,69,0.044145873320537425,111.15200000000002,949.1899999999998,938.9927999999998,948.3811999999998,True,True,True
9,70,0.5,c09_storm2_w80_u70_0011,1563,0.6992831565656566,0.9128108928571429,69,0.044145873320537425,111.15200000000002,982.1843999999996,982.4179999999996,982.1843999999996,True,True,True
9,70,0.75,c09_storm2_w80_u70_0011,1563,0.6992831565656566,0.9128108928571429,69,0.044145873320537425,111.15200000000002,1043.1907999999999,1043.4243999999999,1043.1907999999999,True,True,True
9,70,1.0,c09_storm2_w80_u70_0011,1563,0.6992831565656566,0.9128108928571429,69,0.044145873320537425,111.15200000000002,1049.5384,1049.772,1049.5384,True,True,True
9,90,0.25,c09_storm2_w80_u90_0000,2081,0.8737510101010102,1.192248645833334,181,0.086977414704469,126.03210000000001,1240.7307999999998,1216.9756000000002,1180.8904,True,True,True
9,90,0.5,c09_storm2_w80_u90_0000,2081,0.8737510101010102,1.192248645833334,181,0.086977414704469,126.03210000000001,1322.2959999999998,1298.5407999999998,1265.8636000000001,True,True,True
9,90,0.75,c09_storm2_w80_u90_0000,2081,0.8737510101010102,1.192248645833334,181,0.086977414704469,126.03210000000001,1167.8399999999997,1124.0043999999998,1089.6704000000002,True,True,True
9,90,1.0,c09_storm2_w80_u90_0000,2081,0.8737510101010102,1.192248645833334,181,0.086977414704469,126.03210000000001,871.7147999999999,828.8692,789.5896,True,True,True
9,90,0.25,c09_storm2_w80_u90_0001,2031,0.8759265151515157,1.173632589285714,191,0.09404234367306745,130.00060000000002,980.9783999999999,929.3843999999999,901.3187999999998,True,True,True
9,90,0.5,c09_storm2_w80_u90_0001,2031,0.8759265151515157,1.173632589285714,191,0.09404234367306745,130.00060000000002,1080.6544,995.7112,967.3031999999998,True,True,True
9,90,0.75,c09_storm2_w80_u90_0001,2031,0.8759265151515157,1.173632589285714,191,0.09404234367306745,130.00060000000002,885.6,801.0187999999998,778.3144,True,True,True
9,90,1.0,c09_storm2_w80_u90_0001,2031,0.8759265151515157,1.173632589285714,191,0.09404234367306745,130.00060000000002,1315.8383999999996,1125.2827999999997,1088.8736,True,True,True
9,90,0.25,c09_storm2_w80_u90_0002,2040,0.9114720075757573,1.3275624999999995,263,0.128921568627451,127.6296,2873.5172000000007,2679.0676,1759.8644000000004,True,True,True
9,90,0.5,c09_storm2_w80_u90_0002,2040,0.9114720075757573,1.3275624999999995,263,0.128921568627451,127.6296,3477.2284000000004,3285.3508000000006,2028.0040000000006,True,True,True
9,90,0.75,c09_storm2_w80_u90_0002,2040,0.9114720075757573,1.3275624999999995,263,0.128921568627451,127.6296,3453.0968,3275.3664000000003,2003.383999999999,True,True,True
9,90,1.0,c09_storm2_w80_u90_0002,2040,0.9114720075757573,1.3275624999999995,263,0.128921568627451,127.6296,3427.8408,3254.1407999999997,1852.6363999999999,True,True,True
9,90,0.25,c09_storm2_w80_u90_0003,2092,0.914403345959596,1.1587825892857142,236,0.11281070745697896,125.4076,962.7631999999999,805.5728000000001,781.2955999999999,True,True,True
9,90,0.5,c09_storm2_w80_u90_0003,2092,0.914403345959596,1.1587825892857142,236,0.11281070745697896,125.4076,1166.1548000000003,1008.2028,1020.1796000000003,True,True,True
9,90,0.75,c09_storm2_w80_u90_0003,2092,0.914403345959596,1.1587825892857142,236,0.11281070745697896,125.4076,1297.5020000000004,1137.2732000000003,1147.7692000000002,True,True,True
9,90,1.0,c09_storm2_w80_u90_0003,2092,0.914403345959596,1.1587825892857142,236,0.11281070745697896,125.4076,1155.0736000000002,934.902,980.0259999999998,True,True,True
9,90,0.25,c09_storm2_w80_u90_0004,1956,0.8848599621212123,1.1661392410714293,174,0.08895705521472393,134.4545,1506.9359999999995,1476.7284000000006,1454.4912,True,True,True
9,90,0.5,c09_storm2_w80_u90_0004,1956,0.8848599621212123,1.1661392410714293,174,0.08895705521472393,134.4545,1525.0335999999995,1492.1564000000005,1463.8879999999997,True,True,True
9,90,0.75,c09_storm2_w80_u90_0004,1956,0.8848599621212123,1.1661392410714293,174,0.08895705521472393,134.4545,1820.8579999999995,1761.2840000000006,1714.6163999999997,True,True,True
9,90,1.0,c09_storm2_w80_u90_0004,1956,0.8848599621212123,1.1661392410714293,174,0.08895705521472393,134.4545,1924.2148000000002,1834.3460000000007,1796.692,True,True,True
9,90,0.25,c09_storm2_w80_u90_0005,1986,0.9187640025252523,1.1912141964285703,204,0.1027190332326284,131.4008,1880.5316000000003,1593.8107999999997,1508.6915999999997,True,True,True
9,90,0.5,c09_storm2_w80_u90_0005,1986,0.9187640025252523,1.1912141964285703,204,0.1027190332326284,131.4008,2007.7384000000002,1783.7063999999996,1733.9671999999991,True,True,True
9,90,0.75,c09_storm2_w80_u90_0005,1986,0.9187640025252523,1.1912141964285703,204,0.1027190332326284,131.4008,2040.176800000001,1812.1215999999995,1746.6395999999995,True,True,True
9,90,1.0,c09_storm2_w80_u90_0005,1986,0.9187640025252523,1.1912141964285703,204,0.1027190332326284,131.4008,2139.506,1930.7391999999995,1851.8572,True,True,True
9,90,0.25,c09_storm2_w80_u90_0006,2004,0.9207805555555556,1.1582158928571413,188,0.09381237524950099,133.4799,1186.1204000000005,1161.9312000000002,1157.848,True,True,True
9,90,0.5,c09_storm2_w80_u90_0006,2004,0.9207805555555556,1.1582158928571413,188,0.09381237524950099,133.4799,1230.4856000000007,1201.6260000000002,1178.0228000000002,True,True,True
9,90,0.75,c09_storm2_w80_u90_0006,2004,0.9207805555555556,1.1582158928571413,188,0.09381237524950099,133.4799,1224.9940000000004,1215.9444,1229.7156,True,True,True
9,90,1.0,c09_storm2_w80_u90_0006,2004,0.9207805555555556,1.1582158928571413,188,0.09381237524950099,133.4799,1854.0348000000004,1674.2136,1671.1856000000007,True,True,True
9,90,0.25,c09_storm2_w80_u90_0007,2055,0.9121369065656564,1.2122436607142848,228,0.11094890510948906,122.0653,2415.4152,2338.8795999999993,2152.8656000000005,True,True,True
9,90,0.5,c09_storm2_w80_u90_0007,2055,0.9121369065656564,1.2122436607142848,228,0.11094890510948906,122.0653,2429.6607999999997,2332.7508,2102.3456,True,True,True
9,90,0.75,c09_storm2_w80_u90_0007,2055,0.9121369065656564,1.2122436607142848,228,0.11094890510948906,122.0653,2589.2811999999994,2490.8904,2216.3412000000008,True,True,True
9,90,1.0,c09_storm2_w80_u90_0007,2055,0.9121369065656564,1.2122436607142848,228,0.11094890510948906,122.0653,2497.5624000000003,2348.5892,2041.3948,True,True,True
9,90,0.25,c09_storm2_w80_u90_0008,2009,0.8772462373737373,1.1573171428571436,167,0.08312593330014932,128.87470000000002,899.2660000000003,885.4819999999999,870.0808000000001,True,True,True
9,90,0.5,c09_storm2_w80_u90_0008,2009,0.8772462373737373,1.1573171428571436,167,0.08312593330014932,128.87470000000002,1077.7504000000004,1061.5596,1072.4176000000002,True,True,True
9,90,0.75,c09_storm2_w80_u90_0008,2009,0.8772462373737373,1.1573171428571436,167,0.08312593330014932,128.87470000000002,1297.9964000000007,1237.2215999999999,1238.4575999999997,True,True,True
9,90,1.0,c09_storm2_w80_u90_0008,2009,0.8772462373737373,1.1573171428571436,167,0.08312593330014932,128.87470000000002,1332.098800000001,1274.9160000000002,1273.0943999999995,True,True,True
9,90,0.25,c09_storm2_w80_u90_0009,2076,0.9442622979797981,1.2743903125000002,300,0.14450867052023122,133.6285,2392.9799999999996,2227.5591999999997,2021.9635999999996,True,True,True
9,90,0.5,c09_storm2_w80_u90_0009,2076,0.9442622979797981,1.2743903125000002,300,0.14450867052023122,133.6285,2933.0132000000003,2729.1479999999992,2150.2999999999997,True,True,True
9,90,0.75,c09_storm2_w80_u90_0009,2076,0.9442622979797981,1.2743903125000002,300,0.14450867052023122,133.6285,3063.5364,2810.7932,2139.2199999999993,True,True,True
9,90,1.0,c09_storm2_w80_u90_0009,2076,0.9442622979797981,1.2743903125000002,300,0.14450867052023122,133.6285,3188.8931999999995,2876.4847999999984,2144.1315999999997,True,True,True
9,90,0.25,c09_storm2_w80_u90_0010,2020,0.9548044191919194,1.1592506250000005,169,0.08366336633663367,137.8469,1284.6004000000003,1221.7539999999997,1175.2007999999998,True,True,True
9,90,0.5,c09_storm2_w80_u90_0010,2020,0.9548044191919194,1.1592506250000005,169,0.08366336633663367,137.8469,1269.1016,1213.7495999999999,1169.5263999999997,True,True,True
9,90,0.75,c09_storm2_w80_u90_0010,2020,0.9548044191919194,1.1592506250000005,169,0.08366336633663367,137.8469,1540.3892000000005,1369.7683999999997,1365.3964,True,True,True
9,90,1.0,c09_storm2_w80_u90_0010,2020,0.9548044191919194,1.1592506250000005,169,0.08366336633663367,137.8469,1304.8236000000002,1231.6623999999997,1222.5956,True,True,True
9,90,0.25,c09_storm2_w80_u90_0011,2135,0.9127190151515151,1.3230150000000005,242,0.11334894613583138,144.6924,1218.1604,1189.9347999999998,1061.8572,True,True,True
9,90,0.5,c09_storm2_w80_u90_0011,2135,0.9127190151515151,1.3230150000000005,242,0.11334894613583138,144.6924,1386.188,1330.0967999999993,1177.2956,True,True,True
9,90,0.75,c09_storm2_w80_u90_0011,2135,0.9127190151515151,1.3230150000000005,242,0.11334894613583138,144.6924,1379.2736,1322.6811999999995,1179.3552,True,True,True
9,90,1.0,c09_storm2_w80_u90_0011,2135,0.9127190151515151,1.3230150000000005,242,0.11334894613583138,144.6924,1942.2168000000004,1827.5467999999992,1522.6227999999996,True,True,True
9,100,0.25,c09_storm2_w80_u100_0000,2269,0.9859999747474751,1.3080532142857142,411,0.18113706478624944,135.7621,1252.4868,1042.6715999999988,660.1460000000003,True,True,True
9,100,0.5,c09_storm2_w80_u100_0000,2269,0.9859999747474751,1.3080532142857142,411,0.18113706478624944,135.7621,1626.2392000000002,1440.2451999999994,792.4708,True,True,True
9,100,0.75,c09_storm2_w80_u100_0000,2269,0.9859999747474751,1.3080532142857142,411,0.18113706478624944,135.7621,2162.9399999999996,1886.4599999999991,1142.69,True,True,True
9,100,1.0,c09_storm2_w80_u100_0000,2269,0.9859999747474751,1.3080532142857142,411,0.18113706478624944,135.7621,2656.3296000000014,2401.5904,1496.7468,True,True,True
9,100,0.25,c09_storm2_w80_u100_0001,2221,0.9661161489898992,1.2111075892857142,315,0.14182800540297164,120.30539999999999,1062.7551999999998,966.0491999999995,942.9200000000002,True,True,True
9,100,0.5,c09_storm2_w80_u100_0001,2221,0.9661161489898992,1.2111075892857142,315,0.14182800540297164,120.30539999999999,1146.6132,1048.5547999999997,1004.3948000000001,True,True,True
9,100,0.75,c09_storm2_w80_u100_0001,2221,0.9661161489898992,1.2111075892857142,315,0.14182800540297164,120.30539999999999,1149.2127999999998,1051.1091999999999,1039.3916,True,True,True
9,100,1.0,c09_storm2_w80_u100_0001,2221,0.9661161489898992,1.2111075892857142,315,0.14182800540297164,120.30539999999999,1190.8056000000001,1143.3751999999997,1148.5304,True,True,True
9,100,0.25,c09_storm2_w80_u100_0002,2267,0.947305227272727,1.320252767857143,299,0.13189236876929863,124.66980000000002,919.1648000000005,891.818,771.3088000000002,True,True,True
9,100,0.5,c09_storm2_w80_u100_0002,2267,0.947305227272727,1.320252767857143,299,0.13189236876929863,124.66980000000002,1181.6060000000002,1056.0971999999997,927.7248000000002,True,True,True
9,100,0.75,c09_storm2_w80_u100_0002,2267,0.947305227272727,1.320252767857143,299,0.13189236876929863,124.66980000000002,1447.2236000000003,1299.8203999999998,1126.3388,True,True,True
9,100,1.0,c09_storm2_w80_u100_0002,2267,0.947305227272727,1.320252767857143,299,0.13189236876929863,124.66980000000002,1320.0912000000008,1150.8339999999992,930.5275999999998,True,True,True
9,100,0.25,c09_storm2_w80_u100_0003,2250,0.9710848232323228,1.4577987500000003,318,0.14133333333333334,127.5761,1371.5107999999996,1374.7687999999994,1103.0144,True,True,True
9,100,0.5,c09_storm2_w80_u100_0003,2250,0.9710848232323228,1.4577987500000003,318,0.14133333333333334,127.5761,1335.0515999999998,1474.163199999999,1111.3748,True,True,True
9,100,0.75,c09_storm2_w80_u100_0003,2250,0.9710848232323228,1.4577987500000003,318,0.14133333333333334,127.5761,1552.4920000000002,1769.2863999999995,1337.3328000000006,True,True,True
9,100,1.0,c09_storm2_w80_u100_0003,2250,0.9710848232323228,1.4577987500000003,318,0.14133333333333334,127.5761,1678.3164,2118.849199999999,1351.5308000000005,True,True,True
9,100,0.25,c09_storm2_w80_u100_0004,2321,1.0342225000000005,1.3237912500000015,342,0.14735028005170187,129.54180000000002,1698.0103999999997,1632.1983999999986,920.8447999999994,True,True,True
9,100,0.5,c09_storm2_w80_u100_0004,2321,1.0342225000000005,1.3237912500000015,342,0.14735028005170187,129.54180000000002,1600.1919999999996,1613.8347999999987,967.3439999999996,True,True,True
9,100,0.75,c09_storm2_w80_u100_0004,2321,1.0342225000000005,1.3237912500000015,342,0.14735028005170187,129.54180000000002,1924.1987999999992,1832.3483999999992,979.3131999999998,True,True,True
9,100,1.0,c09_storm2_w80_u100_0004,2321,1.0342225000000005,1.3237912500000015,342,0.14735028005170187,129.54180000000002,2039.3917999999996,1955.4331999999988,1098.8000000000004,True,True,True
9,100,0.25,c09_storm2_w80_u100_0005,2199,0.9834333964646464,1.2580310714285705,248,0.11277853569804457,139.7138,1245.9023999999995,1231.3428,942.7092000000002,True,True,True
9,100,0.5,c09_storm2_w80_u100_0005,2199,0.9834333964646464,1.2580310714285705,248,0.11277853569804457,139.7138,1543.8519999999994,1501.5308,1222.604,True,True,True
9,100,0.75,c09_storm2_w80_u100_0005,2199,0.9834333964646464,1.2580310714285705,248,0.11277853569804457,139.7138,1624.7775999999994,1589.5048000000006,1273.9859999999999,True,True,True
9,100,1.0,c09_storm2_w80_u100_0005,2199,0.9834333964646464,1.2580310714285705,248,0.11277853569804457,139.7138,1630.5863999999997,1481.9699999999998,1152.338600000001,True,True,True
9,100,0.25,c09_storm2_w80_u100_0006,2334,1.024349305555556,1.4433482142857148,422,0.18080548414738645,131.61790000000002,2393.932,2293.7152000000006,1309.9340000000002,True,True,True
9,100,0.5,c09_storm2_w80_u100_0006,2334,1.024349305555556,1.4433482142857148,422,0.18080548414738645,131.61790000000002,2530.8588,2572.902000000001,1104.0688,True,True,True
9,100,0.75,c09_storm2_w80_u100_0006,2334,1.024349305555556,1.4433482142857148,422,0.18080548414738645,131.61790000000002,2931.8448,3032.5316000000003,1211.6648000000002,True,True,True
9,100,1.0,c09_storm2_w80_u100_0006,2334,1.024349305555556,1.4433482142857148,422,0.18080548414738645,131.61790000000002,2850.9024000000004,3279.139199999999,877.8604,True,True,True
9,100,0.25,c09_storm2_w80_u100_0007,2270,0.975593648989899,1.3675501785714284,347,0.15286343612334802,125.6033,2633.4592000000002,2632.4719999999993,2193.4228,True,True,True
9,100,0.5,c09_storm2_w80_u100_0007,2270,0.975593648989899,1.3675501785714284,347,0.15286343612334802,125.6033,2627.800199999999,2875.3792000000003,2239.6603999999998,True,True,True
9,100,0.75,c09_storm2_w80_u100_0007,2270,0.975593648989899,1.3675501785714284,347,0.15286343612334802,125.6033,2747.203400000001,3116.5280000000007,2224.8748,True,True,True
9,100,1.0,c09_storm2_w80_u100_0007,2270,0.975593648989899,1.3675501785714284,347,0.15286343612334802,125.6033,2714.340400000001,3275.437200000001,2004.172,True,True,True
9,100,0.25,c09_storm2_w80_u100_0008,2271,1.080554356060606,1.3745333333333332,390,0.17173051519154559,140.56070000000003,3646.7803999999996,3497.4915999999994,1819.6111999999996,True,True,True
9,100,0.5,c09_storm2_w80_u100_0008,2271,1.080554356060606,1.3745333333333332,390,0.17173051519154559,140.56070000000003,4476.975600000002,4271.897199999999,2304.8167999999996,True,True,True
9,100,0.75,c09_storm2_w80_u100_0008,2271,1.080554356060606,1.3745333333333332,390,0.17173051519154559,140.56070000000003,5335.549200000002,5070.3571999999995,2729.6316000000006,True,True,True
9,100,1.0,c09_storm2_w80_u100_0008,2271,1.080554356060606,1.3745333333333332,390,0.17173051519154559,140.56070000000003,4952.446800000002,4730.1972000000005,2368.1128,True,True,True
9,100,0.25,c09_storm2_w80_u100_0009,2328,1.0375322727272724,1.3221866666666675,358,0.15378006872852235,143.3854,2322.2208000000005,2269.7664000000004,1656.2651999999998,True,True,True
9,100,0.5,c09_storm2_w80_u100_0009,2328,1.0375322727272724,1.3221866666666675,358,0.15378006872852235,143.3854,3137.6467999999995,3004.6031999999996,1953.1988000000006,True,True,True
9,100,0.75,c09_storm2_w80_u100_0009,2328,1.0375322727272724,1.3221866666666675,358,0.15378006872852235,143.3854,4017.9599999999996,3850.4632,2388.714,True,True,True
9,100,1.0,c09_storm2_w80_u100_0009,2328,1.0375322727272724,1.3221866666666675,358,0.15378006872852235,143.3854,4627.7312,4455.044399999999,2406.775200000001,True,True,True
9,100,0.25,c09_storm2_w80_u100_0010,2284,1.0169044696969696,1.3620279166666662,418,0.1830122591943958,119.3378,3164.099599999999,2955.934400000001,1156.3232000000005,True,True,True
9,100,0.5,c09_storm2_w80_u100_0010,2284,1.0169044696969696,1.3620279166666662,418,0.1830122591943958,119.3378,3766.2324,3518.4808000000003,1202.8344000000006,True,True,True
9,100,0.75,c09_storm2_w80_u100_0010,2284,1.0169044696969696,1.3620279166666662,418,0.1830122591943958,119.3378,4494.244799999999,4144.319199999999,1217.7916000000002,True,True,True
9,100,1.0,c09_storm2_w80_u100_0010,2284,1.0169044696969696,1.3620279166666662,418,0.1830122591943958,119.3378,4690.921199999997,4281.5388,1326.7984,True,True,True
9,100,0.25,c09_storm2_w80_u100_0011,2317,1.018543497474748,1.440104910714286,373,0.16098403107466552,132.0503,2169.1656000000007,2257.873200000001,894.6959999999998,True,True,True
9,100,0.5,c09_storm2_w80_u100_0011,2317,1.018543497474748,1.440104910714286,373,0.16098403107466552,132.0503,2844.9568000000017,2920.1464000000014,1186.8372000000004,True,True,True
9,100,0.75,c09_storm2_w80_u100_0011,2317,1.018543497474748,1.440104910714286,373,0.16098403107466552,132.0503,3327.2420000000043,3506.7288000000035,1463.3692000000005,True,True,True
9,100,1.0,c09_storm2_w80_u100_0011,2317,1.018543497474748,1.440104910714286,373,0.16098403107466552,132.0503,3840.259600000005,4184.467200000004,1358.6252000000004,True,True,True
9,110,0.25,c09_storm2_w80_u110_0000,2509,1.1063053914141414,1.3957879166666662,556,0.22160223196492626,150.3371,2169.3664,2067.409599999999,853.8179999999999,True,True,True
9,110,0.5,c09_storm2_w80_u110_0000,2509,1.1063053914141414,1.3957879166666662,556,0.22160223196492626,150.3371,2467.003999999999,2540.453199999999,1045.7343999999994,True,True,True
9,110,0.75,c09_storm2_w80_u110_0000,2509,1.1063053914141414,1.3957879166666662,556,0.22160223196492626,150.3371,3124.3415999999993,3377.191999999999,1460.1639999999998,True,True,True
9,110,1.0,c09_storm2_w80_u110_0000,2509,1.1063053914141414,1.3957879166666662,556,0.22160223196492626,150.3371,4577.651199999999,5235.343999999998,2307.4439999999995,True,True,True
9,110,0.25,c09_storm2_w80_u110_0001,2450,1.0721844696969693,1.5697980208333344,479,0.19551020408163267,144.28629999999998,4611.6356,4774.955999999998,1530.0888,True,True,True
9,110,0.5,c09_storm2_w80_u110_0001,2450,1.0721844696969693,1.5697980208333344,479,0.19551020408163267,144.28629999999998,5257.701200000001,5063.995999999999,1594.6480000000001,True,True,True
9,110,0.75,c09_storm2_w80_u110_0001,2450,1.0721844696969693,1.5697980208333344,479,0.19551020408163267,144.28629999999998,6296.337599999999,5900.707999999999,2159.4972000000002,True,True,True
9,110,1.0,c09_storm2_w80_u110_0001,2450,1.0721844696969693,1.5697980208333344,479,0.19551020408163267,144.28629999999998,7585.637599999996,7583.156800000001,2479.517200000001,True,True,True
9,110,0.25,c09_storm2_w80_u110_0002,2478,1.0820965656565662,1.488767604166669,472,0.19047619047619047,140.0857,3298.920800000001,3006.960000000001,1154.3816000000006,True,True,True
9,110,0.5,c09_storm2_w80_u110_0002,2478,1.0820965656565662,1.488767604166669,472,0.19047619047619047,140.0857,4012.0240000000013,3708.6140000000023,1205.5924000000014,True,True,True
9,110,0.75,c09_storm2_w80_u110_0002,2478,1.0820965656565662,1.488767604166669,472,0.19047619047619047,140.0857,4795.370400000001,4613.370600000004,1355.8292000000001,True,True,True
9,110,1.0,c09_storm2_w80_u110_0002,2478,1.0820965656565662,1.488767604166669,472,0.19047619047619047,140.0857,4824.325999999998,5350.614200000002,1242.0964000000013,True,True,True
9,110,0.25,c09_storm2_w80_u110_0003,2517,1.0893234217171717,1.505692187500001,548,0.21771950735001985,134.99540000000002,3657.129600000001,3523.430399999999,1545.038,True,True,True
9,110,0.5,c09_storm2_w80_u110_0003,2517,1.0893234217171717,1.505692187500001,548,0.21771950735001985,134.99540000000002,4379.957599999998,4267.988,1615.3727999999996,True,True,True
9,110,0.75,c09_storm2_w80_u110_0003,2517,1.0893234217171717,1.505692187500001,548,0.21771950735001985,134.99540000000002,4967.134399999998,4915.0148,1834.4651999999992,True,True,True
9,110,1.0,c09_storm2_w80_u110_0003,2517,1.0893234217171717,1.505692187500001,548,0.21771950735001985,134.99540000000002,4907.0383999999995,4907.423599999999,1938.734399999999,True,True,True
9,110,0.25,c09_storm2_w80_u110_0004,2441,1.066578648989899,1.5687150000000007,499,0.20442441622285948,141.7416,5064.5131999999985,4730.705599999998,2029.9480000000003,True,True,True
9,110,0.5,c09_storm2_w80_u110_0004,2441,1.066578648989899,1.5687150000000007,499,0.20442441622285948,141.7416,6440.3932,5945.520799999999,2106.022,True,True,True
9,110,0.75,c09_storm2_w80_u110_0004,2441,1.066578648989899,1.5687150000000007,499,0.20442441622285948,141.7416,7017.154400000001,6564.4456,2070.1711999999998,True,True,True
9,110,1.0,c09_storm2_w80_u110_0004,2441,1.066578648989899,1.5687150000000007,499,0.20442441622285948,141.7416,8322.175600000004,7874.073999999998,2032.6483999999998,True,True,True
9,110,0.25,c09_storm2_w80_u110_0005,2489,1.1358683838383838,1.4572111607142855,513,0.20610687022900764,129.0806,4836.424400000002,4663.5448,2135.1623999999997,True,True,True
9,110,0.5,c09_storm2_w80_u110_0005,2489,1.1358683838383838,1.4572111607142855,513,0.20610687022900764,129.0806,4830.797600000002,4863.326799999998,1878.1851999999997,True,True,True
9,110,0.75,c09_storm2_w80_u110_0005,2489,1.1358683838383838,1.4572111607142855,513,0.20610687022900764,129.0806,5408.419600000001,5397.265600000001,1755.4871999999993,True,True,True
9,110,1.0,c09_storm2_w80_u110_0005,2489,1.1358683838383838,1.4572111607142855,513,0.20610687022900764,129.0806,5947.087200000001,6333.6431999999995,1722.8827999999992,True,True,True
9,110,0.25,c09_storm2_w80_u110_0006,2476,1.0959111489898992,1.5131966666666663,504,0.2035541195476575,140.69140000000002,3837.4647999999997,3861.141999999998,1336.4491999999996,True,True,True
9,110,0.5,c09_storm2_w80_u110_0006,2476,1.0959111489898992,1.5131966666666663,504,0.2035541195476575,140.69140000000002,5400.2552,5384.996000000001,1547.0251999999996,True,True,True
9,110,0.75,c09_storm2_w80_u110_0006,2476,1.0959111489898992,1.5131966666666663,504,0.2035541195476575,140.69140000000002,5319.636799999998,5315.151200000002,1240.6976,True,True,True
9,110,1.0,c09_storm2_w80_u110_0006,2476,1.0959111489898992,1.5131966666666663,504,0.2035541195476575,140.69140000000002,6349.593199999996,6318.020400000003,1092.4148,True,True,True
9,110,0.25,c09_storm2_w80_u110_0007,2458,1.0922205555555553,1.5243626785714288,510,0.20748576078112285,145.726,4383.7429999999995,4619.4192,2383.2419999999997,True,True,True
9,110,0.5,c09_storm2_w80_u110_0007,2458,1.0922205555555553,1.5243626785714288,510,0.20748576078112285,145.726,5395.809400000002,5624.318800000002,2412.7455999999993,True,True,True
9,110,0.75,c09_storm2_w80_u110_0007,2458,1.0922205555555553,1.5243626785714288,510,0.20748576078112285,145.726,6326.557400000001,6473.574799999999,2442.9539999999993,True,True,True
9,110,1.0,c09_storm2_w80_u110_0007,2458,1.0922205555555553,1.5243626785714288,510,0.20748576078112285,145.726,8678.921600000007,8880.7324,2754.0161999999996,True,True,True
9,110,0.25,c09_storm2_w80_u110_0008,2421,1.0602236111111112,1.4535150000000001,444,0.18339529120198264,135.7991,2806.4419999999996,2969.080399999999,1509.0148,True,True,True
9,110,0.5,c09_storm2_w80_u110_0008,2421,1.0602236111111112,1.4535150000000001,444,0.18339529120198264,135.7991,3028.4601999999995,3259.4851999999987,1313.5356000000002,True,True,True
9,110,0.75,c09_storm2_w80_u110_0008,2421,1.0602236111111112,1.4535150000000001,444,0.18339529120198264,135.7991,3390.4989999999984,3778.0331999999994,1435.8431999999998,True,True,True
9,110,1.0,c09_storm2_w80_u110_0008,2421,1.0602236111111112,1.4535150000000001,444,0.18339529120198264,135.7991,4685.649999999998,5438.477599999996,1553.7196000000004,True,True,True
9,110,0.25,c09_storm2_w80_u110_0009,2473,1.0838686742424242,1.5304398958333336,512,0.20703598867771936,133.6461,3584.4297999999994,3543.867400000001,1970.1543999999997,True,True,True
9,110,0.5,c09_storm2_w80_u110_0009,2473,1.0838686742424242,1.5304398958333336,512,0.20703598867771936,133.6461,3981.3242,3797.4322,1695.3639999999998,True,True,True
9,110,0.75,c09_storm2_w80_u110_0009,2473,1.0838686742424242,1.5304398958333336,512,0.20703598867771936,133.6461,4254.0758000000005,3993.3113999999987,1619.763599999999,True,True,True
9,110,1.0,c09_storm2_w80_u110_0009,2473,1.0838686742424242,1.5304398958333336,512,0.20703598867771936,133.6461,5490.323200000001,5213.770399999996,1813.8720000000003,True,True,True
9,110,0.25,c09_storm2_w80_u110_0010,2443,1.063689848484849,1.392844732142857,484,0.1981170691772411,126.1264,3136.052799999999,2921.7848,2041.4795999999997,True,True,True
9,110,0.5,c09_storm2_w80_u110_0010,2443,1.063689848484849,1.392844732142857,484,0.1981170691772411,126.1264,3232.0559999999987,3078.9048000000007,1998.0700000000002,True,True,True
9,110,0.75,c09_storm2_w80_u110_0010,2443,1.063689848484849,1.392844732142857,484,0.1981170691772411,126.1264,3383.6624,3279.7411999999995,2002.2979999999993,True,True,True
9,110,1.0,c09_storm2_w80_u110_0010,2443,1.063689848484849,1.392844732142857,484,0.1981170691772411,126.1264,3738.025200000001,3914.5023999999985,1922.27,True,True,True
9,110,0.25,c09_storm2_w80_u110_0011,2493,1.1322174368686866,1.5939643750000003,568,0.2278379462494986,152.47899999999998,3630.1379999999995,4059.5147999999995,1232.3952,True,True,True
9,110,0.5,c09_storm2_w80_u110_0011,2493,1.1322174368686866,1.5939643750000003,568,0.2278379462494986,152.47899999999998,3973.5391999999993,4523.967999999998,1459.6336,True,True,True
9,110,0.75,c09_storm2_w80_u110_0011,2493,1.1322174368686866,1.5939643750000003,568,0.2278379462494986,152.47899999999998,4941.580400000003,5568.598799999999,1487.0315999999998,True,True,True
9,110,1.0,c09_storm2_w80_u110_0011,2493,1.1322174368686866,1.5939643750000003,568,0.2278379462494986,152.47899999999998,6312.5192000000025,7414.768799999999,1580.7775999999997,True,True,True
9,130,0.25,c09_storm2_w80_u130_0000,2965,1.3796907702020198,1.9446447916666674,972,0.3278246205733558,182.4087,14717.964399999999,16579.802200000006,4310.8524,True,True,True
9,130,0.5,c09_storm2_w80_u130_0000,2965,1.3796907702020198,1.9446447916666674,972,0.3278246205733558,182.4087,15925.422800000002,18314.6712,4431.333199999999,True,True,True
9,130,0.75,c09_storm2_w80_u130_0000,2965,1.3796907702020198,1.9446447916666674,972,0.3278246205733558,182.4087,19089.51019999999,21189.1232,4888.470199999998,True,True,True
9,130,1.0,c09_storm2_w80_u130_0000,2965,1.3796907702020198,1.9446447916666674,972,0.3278246205733558,182.4087,24386.994000000002,27514.41260000002,5159.792000000002,True,True,True
9,130,0.25,c09_storm2_w80_u130_0001,2977,1.3655567297979803,1.8599316964285733,1013,0.34027544507893853,158.94129999999996,11674.460800000003,12175.548200000005,1689.3100000000002,True,True,True
9,130,0.5,c09_storm2_w80_u130_0001,2977,1.3655567297979803,1.8599316964285733,1013,0.34027544507893853,158.94129999999996,14533.794200000002,15876.631200000002,2001.4688,True,True,True
9,130,0.75,c09_storm2_w80_u130_0001,2977,1.3655567297979803,1.8599316964285733,1013,0.34027544507893853,158.94129999999996,17304.048599999995,19233.192399999993,2006.5292,True,True,True
9,130,1.0,c09_storm2_w80_u130_0001,2977,1.3655567297979803,1.8599316964285733,1013,0.34027544507893853,158.94129999999996,23361.91380000001,27128.117999999977,2033.8196000000007,True,True,True
9,130,0.25,c09_storm2_w80_u130_0002,2949,1.285305542929292,1.605316071428572,883,0.2994235334011529,145.99670000000003,7001.2704,8168.4475999999995,1388.7887999999998,True,True,True
9,130,0.5,c09_storm2_w80_u130_0002,2949,1.285305542929292,1.605316071428572,883,0.2994235334011529,145.99670000000003,9014.022800000002,10398.812000000004,1545.7487999999994,True,True,True
9,130,0.75,c09_storm2_w80_u130_0002,2949,1.285305542929292,1.605316071428572,883,0.2994235334011529,145.99670000000003,10764.083200000005,12868.346400000008,1430.8415999999993,True,True,True
9,130,1.0,c09_storm2_w80_u130_0002,2949,1.285305542929292,1.605316071428572,883,0.2994235334011529,145.99670000000003,13190.616400000008,16493.601200000012,1614.3135999999997,True,True,True
9,130,0.25,c09_storm2_w80_u130_0003,3023,1.3291606944444445,1.797945937499999,987,0.3264968574263976,153.61700000000002,10488.619600000002,11849.5636,2228.2855999999992,True,True,True
9,130,0.5,c09_storm2_w80_u130_0003,3023,1.3291606944444445,1.797945937499999,987,0.3264968574263976,153.61700000000002,13296.428999999996,14613.558799999992,2389.3903999999998,True,True,True
9,130,0.75,c09_storm2_w80_u130_0003,3023,1.3291606944444445,1.797945937499999,987,0.3264968574263976,153.61700000000002,15986.907399999996,17643.344799999988,2124.6377999999995,True,True,True
9,130,1.0,c09_storm2_w80_u130_0003,3023,1.3291606944444445,1.797945937499999,987,0.3264968574263976,153.61700000000002,18819.6536,21974.478199999983,2650.145199999999,True,True,True
9,130,0.25,c09_storm2_w80_u130_0004,3019,1.324609204545455,1.9245836607142865,1021,0.3381914541238821,158.88589999999996,13701.317000000001,14684.986599999995,2249.8495999999996,True,True,True
9,130,0.5,c09_storm2_w80_u130_0004,3019,1.324609204545455,1.9245836607142865,1021,0.3381914541238821,158.88589999999996,17742.080799999992,19009.101199999997,2362.241600000001,True,True,True
9,130,0.75,c09_storm2_w80_u130_0004,3019,1.324609204545455,1.9245836607142865,1021,0.3381914541238821,158.88589999999996,21077.865999999998,23171.731999999996,2618.196800000001,True,True,True
9,130,1.0,c09_storm2_w80_u130_0004,3019,1.324609204545455,1.9245836607142865,1021,0.3381914541238821,158.88589999999996,26342.70920000001,30232.891999999996,1966.4704,True,True,True
9,130,0.25,c09_storm2_w80_u130_0005,3005,1.339045517676768,1.6679682142857142,843,0.2805324459234609,167.31429999999997,7995.3586000000005,9628.403999999999,2786.5011999999992,True,True,True
9,130,0.5,c09_storm2_w80_u130_0005,3005,1.339045517676768,1.6679682142857142,843,0.2805324459234609,167.31429999999997,8974.677400000002,11126.635600000001,2895.7751999999996,True,True,True
9,130,0.75,c09_storm2_w80_u130_0005,3005,1.339045517676768,1.6679682142857142,843,0.2805324459234609,167.31429999999997,10834.378999999997,13404.574399999996,3346.5206000000007,True,True,True
9,130,1.0,c09_storm2_w80_u130_0005,3005,1.339045517676768,1.6679682142857142,843,0.2805324459234609,167.31429999999997,13638.610399999994,16838.351199999994,3217.0838,True,True,True
9,130,0.25,c09_storm2_w80_u130_0006,3071,1.3707199368686875,1.7878380357142885,1048,0.34125691957017257,158.91539999999998,10591.034800000003,12544.153199999997,1664.7468,True,True,True
9,130,0.5,c09_storm2_w80_u130_0006,3071,1.3707199368686875,1.7878380357142885,1048,0.34125691957017257,158.91539999999998,12548.373600000004,14957.879199999994,1847.3277999999998,True,True,True
9,130,0.75,c09_storm2_w80_u130_0006,3071,1.3707199368686875,1.7878380357142885,1048,0.34125691957017257,158.91539999999998,15870.366800000005,18626.818800000005,2145.9787999999994,True,True,True
9,130,1.0,c09_storm2_w80_u130_0006,3071,1.3707199368686875,1.7878380357142885,1048,0.34125691957017257,158.91539999999998,22844.8658,27655.35060000001,2560.1739999999995,True,True,True
9,130,0.25,c09_storm2_w80_u130_0007,2957,1.265784305555556,1.625449791666666,871,0.294555292526209,143.0679,8734.059599999999,9776.158399999998,1927.3944000000004,True,True,True
9,130,0.5,c09_storm2_w80_u130_0007,2957,1.265784305555556,1.625449791666666,871,0.294555292526209,143.0679,10043.946399999999,10962.7888,2109.8844,True,True,True
9,130,0.75,c09_storm2_w80_u130_0007,2957,1.265784305555556,1.625449791666666,871,0.294555292526209,143.0679,12037.907599999993,13095.6004,2179.3628,True,True,True
9,130,1.0,c09_storm2_w80_u130_0007,2957,1.265784305555556,1.625449791666666,871,0.294555292526209,143.0679,15091.862399999995,16876.749200000002,2316.4916000000003,True,True,True
9,130,0.25,c09_storm2_w80_u130_0008,2968,1.2627027272727278,1.758573303571431,890,0.2998652291105121,146.8577,7430.428000000002,7869.380799999998,1629.7536000000005,True,True,True
9,130,0.5,c09_storm2_w80_u130_0008,2968,1.2627027272727278,1.758573303571431,890,0.2998652291105121,146.8577,10060.057600000002,10841.844,1752.7868,True,True,True
9,130,0.75,c09_storm2_w80_u130_0008,2968,1.2627027272727278,1.758573303571431,890,0.2998652291105121,146.8577,14063.306000000008,15076.749599999996,2022.1528,True,True,True
9,130,1.0,c09_storm2_w80_u130_0008,2968,1.2627027272727278,1.758573303571431,890,0.2998652291105121,146.8577,18363.524800000003,20343.515599999995,1502.5348000000006,True,True,True
9,130,0.25,c09_storm2_w80_u130_0009,2838,1.25224398989899,1.5896826785714313,763,0.26885130373502464,153.46859999999998,5622.689599999998,6523.373199999997,1695.3372000000004,True,True,True
9,130,0.5,c09_storm2_w80_u130_0009,2838,1.25224398989899,1.5896826785714313,763,0.26885130373502464,153.46859999999998,6990.307999999998,8211.734799999998,2002.1051999999997,True,True,True
9,130,0.75,c09_storm2_w80_u130_0009,2838,1.25224398989899,1.5896826785714313,763,0.26885130373502464,153.46859999999998,8671.5848,10168.550000000003,2174.7780000000002,True,True,True
9,130,1.0,c09_storm2_w80_u130_0009,2838,1.25224398989899,1.5896826785714313,763,0.26885130373502464,153.46859999999998,11323.998000000005,13003.035600000007,2283.8415999999997,True,True,True
9,130,0.25,c09_storm2_w80_u130_0010,2915,1.2873720833333333,1.6999539285714271,861,0.29536878216123497,148.42739999999998,8202.767999999996,8670.528799999998,1841.7907999999998,True,True,True
9,130,0.5,c09_storm2_w80_u130_0010,2915,1.2873720833333333,1.6999539285714271,861,0.29536878216123497,148.42739999999998,10563.309200000003,11054.591199999999,2151.6924000000004,True,True,True
9,130,0.75,c09_storm2_w80_u130_0010,2915,1.2873720833333333,1.6999539285714271,861,0.29536878216123497,148.42739999999998,12640.440399999996,13347.004799999997,2424.181599999999,True,True,True
9,130,1.0,c09_storm2_w80_u130_0010,2915,1.2873720833333333,1.6999539285714271,861,0.29536878216123497,148.42739999999998,17766.479199999998,19376.735599999996,2491.5548,True,True,True
9,130,0.25,c09_storm2_w80_u130_0011,2925,1.2573799242424246,1.700552604166667,775,0.26495726495726496,144.0846,7541.206399999999,7879.5535999999975,2251.1348,True,True,True
9,130,0.5,c09_storm2_w80_u130_0011,2925,1.2573799242424246,1.700552604166667,775,0.26495726495726496,144.0846,8587.3548,8680.004799999999,2330.337199999999,True,True,True
9,130,0.75,c09_storm2_w80_u130_0011,2925,1.2573799242424246,1.700552604166667,775,0.26495726495726496,144.0846,10212.920400000003,10348.866800000002,2506.356000000001,True,True,True
9,130,1.0,c09_storm2_w80_u130_0011,2925,1.2573799242424246,1.700552604166667,775,0.26495726495726496,144.0846,14251.764000000005,14603.13320000001,2475.9508,True,True,True
12,70,0.25,c12_storm2_w80_u70_0000,1962,0.6681817607526879,0.8821665773809519,124,0.06320081549439348,166.0734,6000.671599999999,6000.671599999999,6000.671599999999,True,True,True
12,70,0.5,c12_storm2_w80_u70_0000,1962,0.6681817607526879,0.8821665773809519,124,0.06320081549439348,166.0734,6628.586799999999,6628.586799999999,6628.586799999999,True,True,True
12,70,0.75,c12_storm2_w80_u70_0000,1962,0.6681817607526879,0.8821665773809519,124,0.06320081549439348,166.0734,6322.2028,6322.2028,6322.2028,True,True,True
12,70,1.0,c12_storm2_w80_u70_0000,1962,0.6681817607526879,0.8821665773809519,124,0.06320081549439348,166.0734,5897.7563999999975,5897.7563999999975,5897.7563999999975,True,True,True
12,70,0.25,c12_storm2_w80_u70_0001,1894,0.6820081854838714,1.1766025892857142,102,0.05385427666314678,151.553,10515.5484,10461.859199999999,10433.781599999998,True,True,True
12,70,0.5,c12_storm2_w80_u70_0001,1894,0.6820081854838714,1.1766025892857142,102,0.05385427666314678,151.553,10989.413999999995,10945.752799999998,10867.9376,True,True,True
12,70,0.75,c12_storm2_w80_u70_0001,1894,0.6820081854838714,1.1766025892857142,102,0.05385427666314678,151.553,11493.0892,11428.231199999998,11370.409599999999,True,True,True
12,70,1.0,c12_storm2_w80_u70_0001,1894,0.6820081854838714,1.1766025892857142,102,0.05385427666314678,151.553,10717.112000000001,10701.287999999999,10792.3092,True,True,True
12,70,0.25,c12_storm2_w80_u70_0002,1954,0.7451965053763441,0.9709276488095236,149,0.07625383828045036,159.2014,7774.943600000002,7771.880400000002,7777.420400000002,True,True,True
12,70,0.5,c12_storm2_w80_u70_0002,1954,0.7451965053763441,0.9709276488095236,149,0.07625383828045036,159.2014,8192.2268,8192.2268,8199.560400000002,True,True,True
12,70,0.75,c12_storm2_w80_u70_0002,1954,0.7451965053763441,0.9709276488095236,149,0.07625383828045036,159.2014,9071.295999999998,9071.295999999998,9091.020799999998,True,True,True
12,70,1.0,c12_storm2_w80_u70_0002,1954,0.7451965053763441,0.9709276488095236,149,0.07625383828045036,159.2014,8890.5678,8890.5678,8930.516599999999,True,True,True
12,70,0.25,c12_storm2_w80_u70_0003,2001,0.7072417069892472,1.0063784821428563,126,0.06296851574212893,167.0109,6751.072000000003,6726.5888,6760.738000000001,True,True,True
12,70,0.5,c12_storm2_w80_u70_0003,2001,0.7072417069892472,1.0063784821428563,126,0.06296851574212893,167.0109,6279.959199999998,6256.1939999999995,6304.8759999999975,True,True,True
12,70,0.75,c12_storm2_w80_u70_0003,2001,0.7072417069892472,1.0063784821428563,126,0.06296851574212893,167.0109,6916.254200000002,6891.8949999999995,6945.9886000000015,True,True,True
12,70,1.0,c12_storm2_w80_u70_0003,2001,0.7072417069892472,1.0063784821428563,126,0.06296851574212893,167.0109,7315.820800000002,7292.340800000003,7340.6304,True,True,True
12,70,0.25,c12_storm2_w80_u70_0004,1924,0.6939905443548386,0.9246160869565218,149,0.07744282744282745,145.611,9027.170399999999,9028.3648,9027.236799999999,True,True,True
12,70,0.5,c12_storm2_w80_u70_0004,1924,0.6939905443548386,0.9246160869565218,149,0.07744282744282745,145.611,8715.089199999999,8716.283599999999,8718.5908,True,True,True
12,70,0.75,c12_storm2_w80_u70_0004,1924,0.6939905443548386,0.9246160869565218,149,0.07744282744282745,145.611,8810.2784,8811.4728,8815.737599999999,True,True,True
12,70,1.0,c12_storm2_w80_u70_0004,1924,0.6939905443548386,0.9246160869565218,149,0.07744282744282745,145.611,8539.6654,8539.646999999999,8541.092599999998,True,True,True
12,70,0.25,c12_storm2_w80_u70_0005,1880,0.7302977553763438,1.1122866964285718,133,0.07074468085106383,167.9804,10867.166799999994,10868.242599999992,10884.790799999993,True,True,True
12,70,0.5,c12_storm2_w80_u70_0005,1880,0.7302977553763438,1.1122866964285718,133,0.07074468085106383,167.9804,10741.050399999995,10742.126199999997,10758.899199999994,True,True,True
12,70,0.75,c12_storm2_w80_u70_0005,1880,0.7302977553763438,1.1122866964285718,133,0.07074468085106383,167.9804,10641.475199999993,10633.700599999996,10624.317199999992,True,True,True
12,70,1.0,c12_storm2_w80_u70_0005,1880,0.7302977553763438,1.1122866964285718,133,0.07074468085106383,167.9804,10200.0392,10190.5602,10234.516599999999,True,True,True
12,70,0.25,c12_storm2_w80_u70_0006,1887,0.6080372177419355,0.7335483695652173,119,0.06306306306306306,131.7301,6183.099200000001,6183.099200000001,6183.099200000001,True,True,True
12,70,0.5,c12_storm2_w80_u70_0006,1887,0.6080372177419355,0.7335483695652173,119,0.06306306306306306,131.7301,7248.874800000001,7248.874800000001,7248.874800000001,True,True,True
12,70,0.75,c12_storm2_w80_u70_0006,1887,0.6080372177419355,0.7335483695652173,119,0.06306306306306306,131.7301,7624.093200000003,7624.093200000003,7624.093200000003,True,True,True
12,70,1.0,c12_storm2_w80_u70_0006,1887,0.6080372177419355,0.7335483695652173,119,0.06306306306306306,131.7301,7652.6532000000025,7652.6532000000025,7652.6532000000025,True,True,True
12,70,0.25,c12_storm2_w80_u70_0007,1923,0.7049609072580645,0.9134385119047622,136,0.07072282891315652,170.76420000000002,7536.659200000002,7540.521200000001,7534.900400000002,True,True,True
12,70,0.5,c12_storm2_w80_u70_0007,1923,0.7049609072580645,0.9134385119047622,136,0.07072282891315652,170.76420000000002,8113.676400000002,8117.538400000003,8114.419200000002,True,True,True
12,70,0.75,c12_storm2_w80_u70_0007,1923,0.7049609072580645,0.9134385119047622,136,0.07072282891315652,170.76420000000002,7886.4344,7890.296399999999,7888.230799999999,True,True,True
12,70,1.0,c12_storm2_w80_u70_0007,1923,0.7049609072580645,0.9134385119047622,136,0.07072282891315652,170.76420000000002,7508.5491999999995,7514.4676,7517.676799999999,True,True,True
12,70,0.25,c12_storm2_w80_u70_0008,1997,0.6707866868279567,0.859226220238095,127,0.06359539308963445,167.15269999999998,6003.237999999999,5991.846,6017.25,True,True,True
12,70,0.5,c12_storm2_w80_u70_0008,1997,0.6707866868279567,0.859226220238095,127,0.06359539308963445,167.15269999999998,6396.086800000001,6384.694800000001,6410.098800000002,True,True,True
12,70,0.75,c12_storm2_w80_u70_0008,1997,0.6707866868279567,0.859226220238095,127,0.06359539308963445,167.15269999999998,6687.486399999998,6676.094399999998,6701.498399999999,True,True,True
12,70,1.0,c12_storm2_w80_u70_0008,1997,0.6707866868279567,0.859226220238095,127,0.06359539308963445,167.15269999999998,7184.641600000001,7173.249600000001,7206.288800000001,True,True,True
12,70,0.25,c12_storm2_w80_u70_0009,2002,0.745523938172043,1.0385647282608697,128,0.06393606393606394,160.6175,8215.3828,8215.221199999998,8220.692399999998,True,True,True
12,70,0.5,c12_storm2_w80_u70_0009,2002,0.745523938172043,1.0385647282608697,128,0.06393606393606394,160.6175,8574.643199999999,8574.4816,8576.316799999999,True,True,True
12,70,0.75,c12_storm2_w80_u70_0009,2002,0.745523938172043,1.0385647282608697,128,0.06393606393606394,160.6175,8912.0492,8911.8876,8915.206799999998,True,True,True
12,70,1.0,c12_storm2_w80_u70_0009,2002,0.745523938172043,1.0385647282608697,128,0.06393606393606394,160.6175,8162.5048,8162.3312,8163.3208,True,True,True
12,70,0.25,c12_storm2_w80_u70_0010,1882,0.6329461760752685,0.7912246130952376,125,0.06641870350690754,167.75400000000002,6136.496,6136.496,6136.496,True,True,True
12,70,0.5,c12_storm2_w80_u70_0010,1882,0.6329461760752685,0.7912246130952376,125,0.06641870350690754,167.75400000000002,6696.803600000001,6696.803600000001,6696.803600000001,True,True,True
12,70,0.75,c12_storm2_w80_u70_0010,1882,0.6329461760752685,0.7912246130952376,125,0.06641870350690754,167.75400000000002,7064.856400000001,7064.856400000001,7064.856400000001,True,True,True
12,70,1.0,c12_storm2_w80_u70_0010,1882,0.6329461760752685,0.7912246130952376,125,0.06641870350690754,167.75400000000002,6642.341999999997,6642.341999999997,6642.341999999997,True,True,True
12,70,0.25,c12_storm2_w80_u70_0011,1918,0.734063568548387,1.0087812499999997,138,0.07194994786235662,164.18439999999998,11697.826400000004,11652.7244,11665.188799999998,True,True,True
12,70,0.5,c12_storm2_w80_u70_0011,1918,0.734063568548387,1.0087812499999997,138,0.07194994786235662,164.18439999999998,11098.738400000004,11064.722800000003,11110.0156,True,True,True
12,70,0.75,c12_storm2_w80_u70_0011,1918,0.734063568548387,1.0087812499999997,138,0.07194994786235662,164.18439999999998,11081.770800000004,11047.755200000003,11095.5944,True,True,True
12,70,1.0,c12_storm2_w80_u70_0011,1918,0.734063568548387,1.0087812499999997,138,0.07194994786235662,164.18439999999998,9456.910400000002,9435.742000000002,9477.1932,True,True,True
12,90,0.25,c12_storm2_w80_u90_0000,2409,0.8500882123655914,1.21665546875,191,0.0792860107928601,168.2182,8814.6334,8879.9772,8712.591799999998,True,True,True
12,90,0.5,c12_storm2_w80_u90_0000,2409,0.8500882123655914,1.21665546875,191,0.0792860107928601,168.2182,9276.357000000002,9366.4584,9218.300399999998,True,True,True
12,90,0.75,c12_storm2_w80_u90_0000,2409,0.8500882123655914,1.21665546875,191,0.0792860107928601,168.2182,9944.7806,10022.6502,9869.915599999998,True,True,True
12,90,1.0,c12_storm2_w80_u90_0000,2409,0.8500882123655914,1.21665546875,191,0.0792860107928601,168.2182,10466.2348,10446.9644,10302.596800000003,True,True,True
12,90,0.25,c12_storm2_w80_u90_0001,2356,0.8310822916666668,1.1910264285714285,199,0.08446519524617997,175.9637,9022.1726,8858.9672,8931.212400000002,True,True,True
12,90,0.5,c12_storm2_w80_u90_0001,2356,0.8310822916666668,1.1910264285714285,199,0.08446519524617997,175.9637,9415.629199999998,9262.522,9366.094799999997,True,True,True
12,90,0.75,c12_storm2_w80_u90_0001,2356,0.8310822916666668,1.1910264285714285,199,0.08446519524617997,175.9637,9594.976000000004,9560.738800000001,9770.322400000003,True,True,True
12,90,1.0,c12_storm2_w80_u90_0001,2356,0.8310822916666668,1.1910264285714285,199,0.08446519524617997,175.9637,9427.206799999998,9388.5972,9629.635199999993,True,True,True
12,90,0.25,c12_storm2_w80_u90_0002,2458,0.8735681451612903,1.0556815773809514,199,0.08096013018714401,168.3228,10271.452800000003,10154.611200000001,10205.034399999995,True,True,True
12,90,0.5,c12_storm2_w80_u90_0002,2458,0.8735681451612903,1.0556815773809514,199,0.08096013018714401,168.3228,10333.926800000001,10227.815999999997,10302.799599999997,True,True,True
12,90,0.75,c12_storm2_w80_u90_0002,2458,0.8735681451612903,1.0556815773809514,199,0.08096013018714401,168.3228,10937.118399999996,10822.106799999994,10955.999199999997,True,True,True
12,90,1.0,c12_storm2_w80_u90_0002,2458,0.8735681451612903,1.0556815773809514,199,0.08096013018714401,168.3228,11875.768399999994,11835.965999999993,11977.677999999996,True,True,True
12,90,0.25,c12_storm2_w80_u90_0003,2511,0.900970423387097,1.2260500000000005,217,0.08641975308641975,175.02810000000002,11217.079399999995,11086.398999999994,10854.886600000002,True,True,True
12,90,0.5,c12_storm2_w80_u90_0003,2511,0.900970423387097,1.2260500000000005,217,0.08641975308641975,175.02810000000002,11715.987799999997,11723.424199999998,11699.535399999995,True,True,True
12,90,0.75,c12_storm2_w80_u90_0003,2511,0.900970423387097,1.2260500000000005,217,0.08641975308641975,175.02810000000002,12222.993999999993,12232.271199999992,12276.090799999998,True,True,True
12,90,1.0,c12_storm2_w80_u90_0003,2511,0.900970423387097,1.2260500000000005,217,0.08641975308641975,175.02810000000002,11199.363399999997,11243.111599999987,11134.029799999997,True,True,True
12,90,0.25,c12_storm2_w80_u90_0004,2555,0.966110302419355,1.2816068749999998,234,0.09158512720156556,179.8885,11350.092600000002,11350.405600000002,11322.587600000003,True,True,True
12,90,0.5,c12_storm2_w80_u90_0004,2555,0.966110302419355,1.2816068749999998,234,0.09158512720156556,179.8885,12314.045199999999,12273.928399999995,12531.207999999995,True,True,True
12,90,0.75,c12_storm2_w80_u90_0004,2555,0.966110302419355,1.2816068749999998,234,0.09158512720156556,179.8885,12972.6284,12947.561599999997,13311.811999999996,True,True,True
12,90,1.0,c12_storm2_w80_u90_0004,2555,0.966110302419355,1.2816068749999998,234,0.09158512720156556,179.8885,12917.157799999995,12887.941999999994,13230.961599999999,True,True,True
12,90,0.25,c12_storm2_w80_u90_0005,2518,0.8958311223118275,1.2071161607142842,211,0.08379666401906274,177.9468,10243.726999999997,10140.7222,9954.7202,True,True,True
12,90,0.5,c12_storm2_w80_u90_0005,2518,0.8958311223118275,1.2071161607142842,211,0.08379666401906274,177.9468,11145.417,11072.423400000003,10971.988599999995,True,True,True
12,90,0.75,c12_storm2_w80_u90_0005,2518,0.8958311223118275,1.2071161607142842,211,0.08379666401906274,177.9468,11179.177999999998,11120.1424,11054.164399999996,True,True,True
12,90,1.0,c12_storm2_w80_u90_0005,2518,0.8958311223118275,1.2071161607142842,211,0.08379666401906274,177.9468,10459.691599999998,10398.451199999998,10471.598399999997,True,True,True
12,90,0.25,c12_storm2_w80_u90_0006,2499,0.926578797043011,1.326097946428572,206,0.08243297318927571,184.6445,10673.880200000003,10562.324199999997,9951.543000000001,True,True,True
12,90,0.5,c12_storm2_w80_u90_0006,2499,0.926578797043011,1.326097946428572,206,0.08243297318927571,184.6445,10461.710200000001,10534.414999999999,9846.254600000004,True,True,True
12,90,0.75,c12_storm2_w80_u90_0006,2499,0.926578797043011,1.326097946428572,206,0.08243297318927571,184.6445,10460.654400000001,10750.547000000004,10134.5886,True,True,True
12,90,1.0,c12_storm2_w80_u90_0006,2499,0.926578797043011,1.326097946428572,206,0.08243297318927571,184.6445,9257.3596,9388.307200000003,9295.9642,True,True,True
12,90,0.25,c12_storm2_w80_u90_0007,2534,0.894404643817204,1.1947120833333322,195,0.07695343330702446,164.22539999999998,12800.592,12790.686600000005,12691.140800000001,True,True,True
12,90,0.5,c12_storm2_w80_u90_0007,2534,0.894404643817204,1.1947120833333322,195,0.07695343330702446,164.22539999999998,13338.361200000008,13288.060600000004,13301.317600000006,True,True,True
12,90,0.75,c12_storm2_w80_u90_0007,2534,0.894404643817204,1.1947120833333322,195,0.07695343330702446,164.22539999999998,12801.379800000013,12678.389200000001,12701.1418,True,True,True
12,90,1.0,c12_storm2_w80_u90_0007,2534,0.894404643817204,1.1947120833333322,195,0.07695343330702446,164.22539999999998,12892.798600000007,12810.116000000004,12776.388200000009,True,True,True
12,90,0.25,c12_storm2_w80_u90_0008,2546,0.9416743346774197,1.2867526190476202,246,0.09662215239591516,168.4649,11265.2316,11273.935199999998,10964.306399999998,True,True,True
12,90,0.5,c12_storm2_w80_u90_0008,2546,0.9416743346774197,1.2867526190476202,246,0.09662215239591516,168.4649,10935.396000000002,10983.683,10896.891599999997,True,True,True
12,90,0.75,c12_storm2_w80_u90_0008,2546,0.9416743346774197,1.2867526190476202,246,0.09662215239591516,168.4649,9872.304599999996,9906.1602,9860.791200000003,True,True,True
12,90,1.0,c12_storm2_w80_u90_0008,2546,0.9416743346774197,1.2867526190476202,246,0.09662215239591516,168.4649,10463.779999999999,10520.1438,10477.9516,True,True,True
12,90,0.25,c12_storm2_w80_u90_0009,2450,0.9186092338709679,1.2294422321428575,225,0.09183673469387756,169.29379999999998,11867.463199999991,11792.085400000005,11668.557599999998,True,True,True
12,90,0.5,c12_storm2_w80_u90_0009,2450,0.9186092338709679,1.2294422321428575,225,0.09183673469387756,169.29379999999998,12407.66839999999,12317.904200000003,12206.594799999995,True,True,True
12,90,0.75,c12_storm2_w80_u90_0009,2450,0.9186092338709679,1.2294422321428575,225,0.09183673469387756,169.29379999999998,12049.551199999993,11975.9222,11971.508599999997,True,True,True
12,90,1.0,c12_storm2_w80_u90_0009,2450,0.9186092338709679,1.2294422321428575,225,0.09183673469387756,169.29379999999998,10520.977599999993,10435.373200000002,10610.881599999997,True,True,True
12,90,0.25,c12_storm2_w80_u90_0010,2386,0.8727495900537637,1.1769001190476196,189,0.07921207041072925,170.15120000000002,11117.465,11025.845199999994,11101.372399999998,True,True,True
12,90,0.5,c12_storm2_w80_u90_0010,2386,0.8727495900537637,1.1769001190476196,189,0.07921207041072925,170.15120000000002,11651.847800000001,11625.437599999996,11665.045599999996,True,True,True
12,90,0.75,c12_storm2_w80_u90_0010,2386,0.8727495900537637,1.1769001190476196,189,0.07921207041072925,170.15120000000002,11637.8758,11617.325599999996,11662.760000000002,True,True,True
12,90,1.0,c12_storm2_w80_u90_0010,2386,0.8727495900537637,1.1769001190476196,189,0.07921207041072925,170.15120000000002,11318.1972,11317.917599999999,11400.087399999997,True,True,True
12,90,0.25,c12_storm2_w80_u90_0011,2520,0.8725193817204302,1.1465223369565212,220,0.0873015873015873,161.1773,7698.402400000005,7708.445200000001,7756.280399999999,True,True,True
12,90,0.5,c12_storm2_w80_u90_0011,2520,0.8725193817204302,1.1465223369565212,220,0.0873015873015873,161.1773,8389.867200000002,8394.370400000003,8550.482000000002,True,True,True
12,90,0.75,c12_storm2_w80_u90_0011,2520,0.8725193817204302,1.1465223369565212,220,0.0873015873015873,161.1773,9242.178600000005,9242.7934,9312.1566,True,True,True
12,90,1.0,c12_storm2_w80_u90_0011,2520,0.8725193817204302,1.1465223369565212,220,0.0873015873015873,161.1773,9739.073800000004,9755.417,9831.174200000001,True,True,True
12,100,0.25,c12_storm2_w80_u100_0000,2775,1.08691499327957,1.486307321428572,304,0.10954954954954955,185.2906,14361.435,15430.280800000008,14000.122000000003,True,True,True
12,100,0.5,c12_storm2_w80_u100_0000,2775,1.08691499327957,1.486307321428572,304,0.10954954954954955,185.2906,14187.162599999998,15334.740800000007,14013.213399999999,True,True,True
12,100,0.75,c12_storm2_w80_u100_0000,2775,1.08691499327957,1.486307321428572,304,0.10954954954954955,185.2906,14669.897600000002,15878.15120000001,14657.584999999997,True,True,True
12,100,1.0,c12_storm2_w80_u100_0000,2775,1.08691499327957,1.486307321428572,304,0.10954954954954955,185.2906,16106.281400000002,16864.563000000013,16016.1554,True,True,True
12,100,0.25,c12_storm2_w80_u100_0001,2808,1.0660218212365595,1.5110187797619066,338,0.12037037037037036,177.3383,19006.092599999985,19491.69940000001,17631.800399999996,True,True,True
12,100,0.5,c12_storm2_w80_u100_0001,2808,1.0660218212365595,1.5110187797619066,338,0.12037037037037036,177.3383,17917.084199999987,18929.55500000001,17069.0596,True,True,True
12,100,0.75,c12_storm2_w80_u100_0001,2808,1.0660218212365595,1.5110187797619066,338,0.12037037037037036,177.3383,17510.898199999996,18507.209400000007,16884.472,True,True,True
12,100,1.0,c12_storm2_w80_u100_0001,2808,1.0660218212365595,1.5110187797619066,338,0.12037037037037036,177.3383,16478.749999999996,18053.845,16448.731799999994,True,True,True
12,100,0.25,c12_storm2_w80_u100_0002,2813,1.056433978494624,1.4382429891304351,318,0.11304656949875577,175.8847,12119.735599999996,12892.7788,11944.886000000002,True,True,True
12,100,0.5,c12_storm2_w80_u100_0002,2813,1.056433978494624,1.4382429891304351,318,0.11304656949875577,175.8847,12349.582399999996,13199.9804,12160.396799999999,True,True,True
12,100,0.75,c12_storm2_w80_u100_0002,2813,1.056433978494624,1.4382429891304351,318,0.11304656949875577,175.8847,12194.716999999995,13441.396999999997,12102.395199999997,True,True,True
12,100,1.0,c12_storm2_w80_u100_0002,2813,1.056433978494624,1.4382429891304351,318,0.11304656949875577,175.8847,10758.8162,12283.771799999999,11028.814000000002,True,True,True
12,100,0.25,c12_storm2_w80_u100_0003,2746,0.945883884408602,1.2098707440476186,232,0.08448652585579024,177.8458,11952.577399999996,11915.448799999995,11611.639599999999,True,True,True
12,100,0.5,c12_storm2_w80_u100_0003,2746,0.945883884408602,1.2098707440476186,232,0.08448652585579024,177.8458,10690.634799999998,10749.984999999999,10468.723999999998,True,True,True
12,100,0.75,c12_storm2_w80_u100_0003,2746,0.945883884408602,1.2098707440476186,232,0.08448652585579024,177.8458,10209.434799999997,10313.147399999998,10112.059999999998,True,True,True
12,100,1.0,c12_storm2_w80_u100_0003,2746,0.945883884408602,1.2098707440476186,232,0.08448652585579024,177.8458,10051.346200000002,10308.404999999997,10041.5806,True,True,True
12,100,0.25,c12_storm2_w80_u100_0004,2763,1.0322083669354838,1.3394884523809527,265,0.09591024249004705,184.3182,13727.066600000004,13895.724600000003,13476.363399999995,True,True,True
12,100,0.5,c12_storm2_w80_u100_0004,2763,1.0322083669354838,1.3394884523809527,265,0.09591024249004705,184.3182,13989.843399999998,14131.684599999999,13808.006399999995,True,True,True
12,100,0.75,c12_storm2_w80_u100_0004,2763,1.0322083669354838,1.3394884523809527,265,0.09591024249004705,184.3182,15137.798999999994,15245.590199999997,15238.888599999991,True,True,True
12,100,1.0,c12_storm2_w80_u100_0004,2763,1.0322083669354838,1.3394884523809527,265,0.09591024249004705,184.3182,14360.3808,14381.694799999997,14521.150999999998,True,True,True
12,100,0.25,c12_storm2_w80_u100_0005,2690,0.9435656451612903,1.2435508333333332,224,0.08327137546468401,175.3081,11073.279800000013,10965.3342,10866.445799999996,True,True,True
12,100,0.5,c12_storm2_w80_u100_0005,2690,0.9435656451612903,1.2435508333333332,224,0.08327137546468401,175.3081,11923.593800000008,11798.537799999995,11756.8994,True,True,True
12,100,0.75,c12_storm2_w80_u100_0005,2690,0.9435656451612903,1.2435508333333332,224,0.08327137546468401,175.3081,12175.514800000006,12196.902999999998,12220.0008,True,True,True
12,100,1.0,c12_storm2_w80_u100_0005,2690,0.9435656451612903,1.2435508333333332,224,0.08327137546468401,175.3081,12983.722,12981.191799999999,13008.9724,True,True,True
12,100,0.25,c12_storm2_w80_u100_0006,2736,0.9709440793010754,1.247743303571429,265,0.09685672514619884,159.34969999999998,12410.198799999996,12573.8976,12424.594799999999,True,True,True
12,100,0.5,c12_storm2_w80_u100_0006,2736,0.9709440793010754,1.247743303571429,265,0.09685672514619884,159.34969999999998,12394.641999999996,12520.528000000004,12459.584799999999,True,True,True
12,100,0.75,c12_storm2_w80_u100_0006,2736,0.9709440793010754,1.247743303571429,265,0.09685672514619884,159.34969999999998,12346.684799999997,12594.968400000007,12478.402800000002,True,True,True
12,100,1.0,c12_storm2_w80_u100_0006,2736,0.9709440793010754,1.247743303571429,265,0.09685672514619884,159.34969999999998,10399.234800000004,10735.6288,10831.695999999994,True,True,True
12,100,0.25,c12_storm2_w80_u100_0007,2642,0.9287947983870971,1.3651817187500004,227,0.08591975775927328,154.7492,10872.356199999997,10898.919399999997,10763.947799999998,True,True,True
12,100,0.5,c12_storm2_w80_u100_0007,2642,0.9287947983870971,1.3651817187500004,227,0.08591975775927328,154.7492,11182.841400000001,11217.908200000005,11034.112600000002,True,True,True
12,100,0.75,c12_storm2_w80_u100_0007,2642,0.9287947983870971,1.3651817187500004,227,0.08591975775927328,154.7492,11560.5898,11601.813400000003,11512.9854,True,True,True
12,100,1.0,c12_storm2_w80_u100_0007,2642,0.9287947983870971,1.3651817187500004,227,0.08591975775927328,154.7492,12079.497400000004,12125.301800000005,12111.3362,True,True,True
12,100,0.25,c12_storm2_w80_u100_0008,2709,0.9259011491935482,1.2057983035714277,212,0.07825765965300849,173.8302,10436.428000000007,10407.334400000007,10478.368800000002,True,True,True
12,100,0.5,c12_storm2_w80_u100_0008,2709,0.9259011491935482,1.2057983035714277,212,0.07825765965300849,173.8302,10065.954000000003,10005.685600000006,10109.584400000003,True,True,True
12,100,0.75,c12_storm2_w80_u100_0008,2709,0.9259011491935482,1.2057983035714277,212,0.07825765965300849,173.8302,9091.961200000003,9039.763600000004,9145.938000000002,True,True,True
12,100,1.0,c12_storm2_w80_u100_0008,2709,0.9259011491935482,1.2057983035714277,212,0.07825765965300849,173.8302,9353.152800000005,9301.561200000006,9324.593600000004,True,True,True
12,100,0.25,c12_storm2_w80_u100_0009,2742,0.9929589247311829,1.3047245535714282,283,0.10320933625091175,187.3842,11320.6064,11307.7062,10961.895799999993,True,True,True
12,100,0.5,c12_storm2_w80_u100_0009,2742,0.9929589247311829,1.3047245535714282,283,0.10320933625091175,187.3842,11125.103600000002,11103.229,10829.148400000004,True,True,True
12,100,0.75,c12_storm2_w80_u100_0009,2742,0.9929589247311829,1.3047245535714282,283,0.10320933625091175,187.3842,11519.684000000005,11507.155799999997,11538.794000000004,True,True,True
12,100,1.0,c12_storm2_w80_u100_0009,2742,0.9929589247311829,1.3047245535714282,283,0.10320933625091175,187.3842,11032.0412,11025.252399999996,11204.397399999994,True,True,True
12,100,0.25,c12_storm2_w80_u100_0010,2822,1.0293633131720432,1.4730523437500005,371,0.131467044649185,170.90050000000002,13647.58100000001,14190.172,12384.5104,True,True,True
12,100,0.5,c12_storm2_w80_u100_0010,2822,1.0293633131720432,1.4730523437500005,371,0.131467044649185,170.90050000000002,14179.537200000008,15031.901800000003,13049.830000000002,True,True,True
12,100,0.75,c12_storm2_w80_u100_0010,2822,1.0293633131720432,1.4730523437500005,371,0.131467044649185,170.90050000000002,15342.42520000001,16435.199,14330.975400000003,True,True,True
12,100,1.0,c12_storm2_w80_u100_0010,2822,1.0293633131720432,1.4730523437500005,371,0.131467044649185,170.90050000000002,16344.164200000001,17142.122999999996,14918.703999999996,True,True,True
12,100,0.25,c12_storm2_w80_u100_0011,2741,0.9914008669354836,1.3861449456521728,271,0.09886902590295513,167.8368,11650.258199999997,12256.3044,11213.395599999998,True,True,True
12,100,0.5,c12_storm2_w80_u100_0011,2741,0.9914008669354836,1.3861449456521728,271,0.09886902590295513,167.8368,11146.955599999994,11965.888400000003,10966.284800000005,True,True,True
12,100,0.75,c12_storm2_w80_u100_0011,2741,0.9914008669354836,1.3861449456521728,271,0.09886902590295513,167.8368,11253.589999999995,12039.982800000005,11218.037400000001,True,True,True
12,100,1.0,c12_storm2_w80_u100_0011,2741,0.9914008669354836,1.3861449456521728,271,0.09886902590295513,167.8368,11994.811999999996,12730.689600000003,11865.5054,True,True,True
12,110,0.25,c12_storm2_w80_u110_0000,3005,1.1200429233870965,1.4616467391304355,401,0.13344425956738767,192.1368,14604.921199999993,15002.095799999992,13617.596000000009,True,True,True
12,110,0.5,c12_storm2_w80_u110_0000,3005,1.1200429233870965,1.4616467391304355,401,0.13344425956738767,192.1368,15569.311799999998,15977.897399999982,14152.871400000002,True,True,True
12,110,0.75,c12_storm2_w80_u110_0000,3005,1.1200429233870965,1.4616467391304355,401,0.13344425956738767,192.1368,16706.190000000002,17072.97039999999,14912.1814,True,True,True
12,110,1.0,c12_storm2_w80_u110_0000,3005,1.1200429233870965,1.4616467391304355,401,0.13344425956738767,192.1368,16093.893999999997,16357.335799999983,14462.168000000001,True,True,True
12,110,0.25,c12_storm2_w80_u110_0001,2963,1.031290927419355,1.3217417391304347,329,0.1110361120485994,179.9395,12771.493400000005,12990.7308,11890.898199999996,True,True,True
12,110,0.5,c12_storm2_w80_u110_0001,2963,1.031290927419355,1.3217417391304347,329,0.1110361120485994,179.9395,13734.748200000004,13913.738399999997,12862.766199999991,True,True,True
12,110,0.75,c12_storm2_w80_u110_0001,2963,1.031290927419355,1.3217417391304347,329,0.1110361120485994,179.9395,13338.537200000004,13816.733199999997,12656.125600000001,True,True,True
12,110,1.0,c12_storm2_w80_u110_0001,2963,1.031290927419355,1.3217417391304347,329,0.1110361120485994,179.9395,12502.710400000005,12861.857399999992,12162.088600000001,True,True,True
12,110,0.25,c12_storm2_w80_u110_0002,3013,1.0296339314516127,1.3802109375000007,321,0.10653833388649186,168.1891,13446.506399999997,13505.175999999992,12612.809199999989,True,True,True
12,110,0.5,c12_storm2_w80_u110_0002,3013,1.0296339314516127,1.3802109375000007,321,0.10653833388649186,168.1891,13835.969000000001,14090.442599999991,13212.721999999998,True,True,True
12,110,0.75,c12_storm2_w80_u110_0002,3013,1.0296339314516127,1.3802109375000007,321,0.10653833388649186,168.1891,13458.493799999995,13785.809799999988,12733.187799999996,True,True,True
12,110,1.0,c12_storm2_w80_u110_0002,3013,1.0296339314516127,1.3802109375000007,321,0.10653833388649186,168.1891,13502.766000000001,13702.78139999999,12962.411199999997,True,True,True
12,110,0.25,c12_storm2_w80_u110_0003,3032,1.0771260685483872,1.3814036413043478,336,0.11081794195250659,166.9951,13422.337999999989,13266.983400000005,13005.872799999997,True,True,True
12,110,0.5,c12_storm2_w80_u110_0003,3032,1.0771260685483872,1.3814036413043478,336,0.11081794195250659,166.9951,13866.286399999988,13706.7294,13426.6628,True,True,True
12,110,0.75,c12_storm2_w80_u110_0003,3032,1.0771260685483872,1.3814036413043478,336,0.11081794195250659,166.9951,13999.203199999993,13836.9758,13545.6358,True,True,True
12,110,1.0,c12_storm2_w80_u110_0003,3032,1.0771260685483872,1.3814036413043478,336,0.11081794195250659,166.9951,12537.845199999992,12804.570199999995,12360.92,True,True,True
12,110,0.25,c12_storm2_w80_u110_0004,3095,1.0730426276881717,1.3661493154761892,350,0.11308562197092084,189.774,12291.1938,12756.089199999997,11555.174599999997,True,True,True
12,110,0.5,c12_storm2_w80_u110_0004,3095,1.0730426276881717,1.3661493154761892,350,0.11308562197092084,189.774,12356.3844,12788.963600000001,11795.937600000001,True,True,True
12,110,0.75,c12_storm2_w80_u110_0004,3095,1.0730426276881717,1.3661493154761892,350,0.11308562197092084,189.774,12730.963199999998,13081.532799999999,12359.483200000002,True,True,True
12,110,1.0,c12_storm2_w80_u110_0004,3095,1.0730426276881717,1.3661493154761892,350,0.11308562197092084,189.774,11779.054200000002,12619.6932,11666.252799999997,True,True,True
12,110,0.25,c12_storm2_w80_u110_0005,3014,1.1256145295698927,1.4344206845238103,377,0.12508294625082947,191.19039999999998,16390.441799999997,16458.016,15325.023200000003,True,True,True
12,110,0.5,c12_storm2_w80_u110_0005,3014,1.1256145295698927,1.4344206845238103,377,0.12508294625082947,191.19039999999998,15467.2812,15590.8968,14895.053400000004,True,True,True
12,110,0.75,c12_storm2_w80_u110_0005,3014,1.1256145295698927,1.4344206845238103,377,0.12508294625082947,191.19039999999998,15845.82,15947.460399999998,14983.488599999997,True,True,True
12,110,1.0,c12_storm2_w80_u110_0005,3014,1.1256145295698927,1.4344206845238103,377,0.12508294625082947,191.19039999999998,14825.571600000001,14816.878399999998,13669.908799999997,True,True,True
12,110,0.25,c12_storm2_w80_u110_0006,3105,1.106077641129032,1.3899869345238092,437,0.14074074074074075,167.13980000000004,13831.204600000001,13988.9716,13141.688999999997,True,True,True
12,110,0.5,c12_storm2_w80_u110_0006,3105,1.106077641129032,1.3899869345238092,437,0.14074074074074075,167.13980000000004,14756.439000000002,14960.851600000009,13711.621600000002,True,True,True
12,110,0.75,c12_storm2_w80_u110_0006,3105,1.106077641129032,1.3899869345238092,437,0.14074074074074075,167.13980000000004,14715.309800000003,15150.689200000004,13719.33280000001,True,True,True
12,110,1.0,c12_storm2_w80_u110_0006,3105,1.106077641129032,1.3899869345238092,437,0.14074074074074075,167.13980000000004,14285.610400000003,14938.177400000008,13490.892399999993,True,True,True
12,110,0.25,c12_storm2_w80_u110_0007,2979,1.1034156451612904,1.601039940476192,464,0.15575696542463915,178.534,28195.72000000002,31239.057000000008,22131.3324,True,True,True
12,110,0.5,c12_storm2_w80_u110_0007,2979,1.1034156451612904,1.601039940476192,464,0.15575696542463915,178.534,28178.15300000002,31998.832000000013,22073.3854,True,True,True
12,110,0.75,c12_storm2_w80_u110_0007,2979,1.1034156451612904,1.601039940476192,464,0.15575696542463915,178.534,29129.427400000022,33627.763200000016,22967.41040000001,True,True,True
12,110,1.0,c12_storm2_w80_u110_0007,2979,1.1034156451612904,1.601039940476192,464,0.15575696542463915,178.534,28795.036000000022,33096.01380000002,22465.840999999993,True,True,True
12,110,0.25,c12_storm2_w80_u110_0008,2901,1.0780426680107527,1.3886152678571426,387,0.13340227507755947,185.41950000000003,18063.381200000003,18855.651200000008,15811.094000000008,True,True,True
12,110,0.5,c12_storm2_w80_u110_0008,2901,1.0780426680107527,1.3886152678571426,387,0.13340227507755947,185.41950000000003,18337.050400000004,19369.550000000003,16618.818999999992,True,True,True
12,110,0.75,c12_storm2_w80_u110_0008,2901,1.0780426680107527,1.3886152678571426,387,0.13340227507755947,185.41950000000003,18005.574800000006,19148.4722,16761.0592,True,True,True
12,110,1.0,c12_storm2_w80_u110_0008,2901,1.0780426680107527,1.3886152678571426,387,0.13340227507755947,185.41950000000003,18758.240600000012,20151.2114,17473.495399999996,True,True,True
12,110,0.25,c12_storm2_w80_u110_0009,3216,1.1934177486559139,1.6079103273809527,473,0.1470771144278607,177.9039,19858.521799999988,20449.631199999996,17980.3634,True,True,True
12,110,0.5,c12_storm2_w80_u110_0009,3216,1.1934177486559139,1.6079103273809527,473,0.1470771144278607,177.9039,20049.0954,21565.464199999988,18607.215799999994,True,True,True
12,110,0.75,c12_storm2_w80_u110_0009,3216,1.1934177486559139,1.6079103273809527,473,0.1470771144278607,177.9039,20526.96379999999,22292.934199999996,18715.960399999993,True,True,True
12,110,1.0,c12_storm2_w80_u110_0009,3216,1.1934177486559139,1.6079103273809527,473,0.1470771144278607,177.9039,18868.682999999994,20975.78519999999,17960.537400000005,True,True,True
12,110,0.25,c12_storm2_w80_u110_0010,3041,1.0947210887096772,1.4056988392857144,337,0.11081880960210456,178.33960000000002,11307.160999999998,11236.604999999998,10880.712200000002,True,True,True
12,110,0.5,c12_storm2_w80_u110_0010,3041,1.0947210887096772,1.4056988392857144,337,0.11081880960210456,178.33960000000002,11803.5352,11763.360600000002,11363.1752,True,True,True
12,110,0.75,c12_storm2_w80_u110_0010,3041,1.0947210887096772,1.4056988392857144,337,0.11081880960210456,178.33960000000002,13260.712800000001,13479.329400000004,13269.290400000004,True,True,True
12,110,1.0,c12_storm2_w80_u110_0010,3041,1.0947210887096772,1.4056988392857144,337,0.11081880960210456,178.33960000000002,12959.058799999997,13426.747800000003,12974.839000000004,True,True,True
12,110,0.25,c12_storm2_w80_u110_0011,2965,0.9991298387096775,1.3899923214285714,375,0.12647554806070826,190.25990000000002,11109.866399999999,12224.431600000005,10554.035199999998,True,True,True
12,110,0.5,c12_storm2_w80_u110_0011,2965,0.9991298387096775,1.3899923214285714,375,0.12647554806070826,190.25990000000002,10903.527999999998,11566.268800000003,10580.981999999998,True,True,True
12,110,0.75,c12_storm2_w80_u110_0011,2965,0.9991298387096775,1.3899923214285714,375,0.12647554806070826,190.25990000000002,10802.866800000002,11992.8072,10461.549799999999,True,True,True
12,110,1.0,c12_storm2_w80_u110_0011,2965,0.9991298387096775,1.3899923214285714,375,0.12647554806070826,190.25990000000002,10374.491600000001,11423.7308,10301.343999999997,True,True,True
12,130,0.25,c12_storm2_w80_u130_0000,3574,1.2387251545698925,1.6829216071428574,703,0.19669837716843872,211.0674,19837.02120000001,20265.68679999999,15659.779600000002,True,True,True
12,130,0.5,c12_storm2_w80_u130_0000,3574,1.2387251545698925,1.6829216071428574,703,0.19669837716843872,211.0674,21811.932800000002,22495.295199999982,16869.155800000004,True,True,True
12,130,0.75,c12_storm2_w80_u130_0000,3574,1.2387251545698925,1.6829216071428574,703,0.19669837716843872,211.0674,22011.669600000023,22490.917799999996,17384.781600000002,True,True,True
12,130,1.0,c12_storm2_w80_u130_0000,3574,1.2387251545698925,1.6829216071428574,703,0.19669837716843872,211.0674,19409.373,20741.499599999992,17725.40300000001,True,True,True
12,130,0.25,c12_storm2_w80_u130_0001,3603,1.304416209677419,1.6451985714285715,842,0.23369414376908132,191.6047,24522.80040000002,27286.746199999994,16540.160199999995,True,True,True
12,130,0.5,c12_storm2_w80_u130_0001,3603,1.304416209677419,1.6451985714285715,842,0.23369414376908132,191.6047,24712.262600000013,27708.603599999995,16991.983799999995,True,True,True
12,130,0.75,c12_storm2_w80_u130_0001,3603,1.304416209677419,1.6451985714285715,842,0.23369414376908132,191.6047,24697.1674,28120.126200000002,17260.460400000004,True,True,True
12,130,1.0,c12_storm2_w80_u130_0001,3603,1.304416209677419,1.6451985714285715,842,0.23369414376908132,191.6047,24298.879799999988,27526.56439999999,16327.20079999999,True,True,True
12,130,0.25,c12_storm2_w80_u130_0002,3677,1.3292794220430115,1.568709910714286,872,0.2371498504215393,201.83800000000002,27202.835,28291.579600000005,20377.799400000004,True,True,True
12,130,0.5,c12_storm2_w80_u130_0002,3677,1.3292794220430115,1.568709910714286,872,0.2371498504215393,201.83800000000002,27458.980999999985,29289.88719999999,21166.7684,True,True,True
12,130,0.75,c12_storm2_w80_u130_0002,3677,1.3292794220430115,1.568709910714286,872,0.2371498504215393,201.83800000000002,27825.552199999987,29876.079999999994,20798.737800000003,True,True,True
12,130,1.0,c12_storm2_w80_u130_0002,3677,1.3292794220430115,1.568709910714286,872,0.2371498504215393,201.83800000000002,27012.190999999984,30491.382,19577.874000000003,True,True,True
12,130,0.25,c12_storm2_w80_u130_0003,3708,1.3772774798387089,1.9454610937499992,959,0.2586299892125135,215.9882,28035.769,32147.5926,18807.177599999995,True,True,True
12,130,0.5,c12_storm2_w80_u130_0003,3708,1.3772774798387089,1.9454610937499992,959,0.2586299892125135,215.9882,30552.268999999997,35083.7116,20670.773200000007,True,True,True
12,130,0.75,c12_storm2_w80_u130_0003,3708,1.3772774798387089,1.9454610937499992,959,0.2586299892125135,215.9882,32315.661799999987,37404.50960000001,22581.474000000006,True,True,True
12,130,1.0,c12_storm2_w80_u130_0003,3708,1.3772774798387089,1.9454610937499992,959,0.2586299892125135,215.9882,33050.44399999998,38841.33779999998,22161.374699999982,True,True,True
12,130,0.25,c12_storm2_w80_u130_0004,3549,1.3160559408602148,1.940108571428572,606,0.17075232459847844,218.209,17509.616600000012,20151.5936,15014.821600000008,True,True,True
12,130,0.5,c12_storm2_w80_u130_0004,3549,1.3160559408602148,1.940108571428572,606,0.17075232459847844,218.209,19667.886800000004,23624.425,17215.64379999999,True,True,True
12,130,0.75,c12_storm2_w80_u130_0004,3549,1.3160559408602148,1.940108571428572,606,0.17075232459847844,218.209,20381.101200000012,25744.5818,18099.7044,True,True,True
12,130,1.0,c12_storm2_w80_u130_0004,3549,1.3160559408602148,1.940108571428572,606,0.17075232459847844,218.209,21449.583400000014,27492.080199999975,19020.513000000006,True,True,True
12,130,0.25,c12_storm2_w80_u130_0005,3514,1.3096321303763443,1.7985845833333338,740,0.2105862265224815,215.83770000000004,20192.612,20419.095099999995,16821.787300000004,True,True,True
12,130,0.5,c12_storm2_w80_u130_0005,3514,1.3096321303763443,1.7985845833333338,740,0.2105862265224815,215.83770000000004,22539.984200000003,22813.039899999996,18342.2361,True,True,True
12,130,0.75,c12_storm2_w80_u130_0005,3514,1.3096321303763443,1.7985845833333338,740,0.2105862265224815,215.83770000000004,23755.349799999993,24653.459099999993,19476.757700000006,True,True,True
12,130,1.0,c12_storm2_w80_u130_0005,3514,1.3096321303763443,1.7985845833333338,740,0.2105862265224815,215.83770000000004,23257.1108,24767.791500000007,18806.759300000005,True,True,True
12,130,0.25,c12_storm2_w80_u130_0006,3626,1.3104276680107527,1.7176540217391303,858,0.23662437948152235,182.32229999999998,24801.8866,26727.200800000024,15568.649800000005,True,True,True
12,130,0.5,c12_storm2_w80_u130_0006,3626,1.3104276680107527,1.7176540217391303,858,0.23662437948152235,182.32229999999998,25845.2188,27727.11880000003,15803.684000000007,True,True,True
12,130,0.75,c12_storm2_w80_u130_0006,3626,1.3104276680107527,1.7176540217391303,858,0.23662437948152235,182.32229999999998,27027.43999999999,29343.686400000028,16201.02340000001,True,True,True
12,130,1.0,c12_storm2_w80_u130_0006,3626,1.3104276680107527,1.7176540217391303,858,0.23662437948152235,182.32229999999998,26509.574799999995,30211.230800000012,15955.470100000002,True,True,True
12,130,0.25,c12_storm2_w80_u130_0007,3680,1.429633944892474,1.9599968750000027,860,0.23369565217391305,222.53950000000003,27354.506999999994,32823.65799999999,18639.61660000001,True,True,True
12,130,0.5,c12_storm2_w80_u130_0007,3680,1.429633944892474,1.9599968750000027,860,0.23369565217391305,222.53950000000003,27702.5928,33591.13919999998,19013.6435,True,True,True
12,130,0.75,c12_storm2_w80_u130_0007,3680,1.429633944892474,1.9599968750000027,860,0.23369565217391305,222.53950000000003,26546.161999999993,34006.868999999984,18391.061299999994,True,True,True
12,130,1.0,c12_storm2_w80_u130_0007,3680,1.429633944892474,1.9599968750000027,860,0.23369565217391305,222.53950000000003,28006.49700000001,37187.7962,21016.755499999985,True,True,True
12,130,0.25,c12_storm2_w80_u130_0008,3628,1.3441391196236547,1.8287685714285677,917,0.2527563395810364,201.17219999999998,28848.55639999999,32711.555199999988,17585.6092,True,True,True
12,130,0.5,c12_storm2_w80_u130_0008,3628,1.3441391196236547,1.8287685714285677,917,0.2527563395810364,201.17219999999998,28487.622600000006,33815.8594,17648.671899999994,True,True,True
12,130,0.75,c12_storm2_w80_u130_0008,3628,1.3441391196236547,1.8287685714285677,917,0.2527563395810364,201.17219999999998,28989.64479999999,35514.37239999997,18366.1681,True,True,True
12,130,1.0,c12_storm2_w80_u130_0008,3628,1.3441391196236547,1.8287685714285677,917,0.2527563395810364,201.17219999999998,26106.123999999985,35171.08299999996,17361.015900000002,True,True,True
12,130,0.25,c12_storm2_w80_u130_0009,3624,1.342362345430108,1.8909574404761937,820,0.22626931567328917,189.1311,32070.712400000015,36975.64520000001,21221.755199999996,True,True,True
12,130,0.5,c12_storm2_w80_u130_0009,3624,1.342362345430108,1.8909574404761937,820,0.22626931567328917,189.1311,32215.62540000001,38454.2652,21332.8202,True,True,True
12,130,0.75,c12_storm2_w80_u130_0009,3624,1.342362345430108,1.8909574404761937,820,0.22626931567328917,189.1311,31918.425800000005,38638.93159999999,21196.2852,True,True,True
12,130,1.0,c12_storm2_w80_u130_0009,3624,1.342362345430108,1.8909574404761937,820,0.22626931567328917,189.1311,30335.520800000013,38069.759999999995,19274.5138,True,True,True
12,130,0.25,c12_storm2_w80_u130_0010,3651,1.3031554099462355,1.8292692391304346,851,0.2330868255272528,190.4076,22558.951199999992,24870.285600000017,16255.117,True,True,True
12,130,0.5,c12_storm2_w80_u130_0010,3651,1.3031554099462355,1.8292692391304346,851,0.2330868255272528,190.4076,21993.59199999999,24981.726600000027,16106.903800000002,True,True,True
12,130,0.75,c12_storm2_w80_u130_0010,3651,1.3031554099462355,1.8292692391304346,851,0.2330868255272528,190.4076,23444.224200000004,26701.433400000027,16747.750600000007,True,True,True
12,130,1.0,c12_storm2_w80_u130_0010,3651,1.3031554099462355,1.8292692391304346,851,0.2330868255272528,190.4076,23658.65700000001,28287.022200000014,17016.63640000001,True,True,True
12,130,0.25,c12_storm2_w80_u130_0011,3448,1.2462953897849463,1.6621839880952387,644,0.18677494199535963,207.51590000000002,19244.105,21469.03119999999,16976.438799999996,True,True,True
12,130,0.5,c12_storm2_w80_u130_0011,3448,1.2462953897849463,1.6621839880952387,644,0.18677494199535963,207.51590000000002,19322.06939999999,22331.74659999999,17182.141199999987,True,True,True
12,130,0.75,c12_storm2_w80_u130_0011,3448,1.2462953897849463,1.6621839880952387,644,0.18677494199535963,207.51590000000002,20247.925199999994,23345.596599999997,17298.628599999996,True,True,True
12,130,1.0,c12_storm2_w80_u130_0011,3448,1.2462953897849463,1.6621839880952387,644,0.18677494199535963,207.51590000000002,18945.258199999997,23361.939999999995,17531.807999999997,True,True,True
5,70,0.25,c05_storm2_w80_u70_0000,2240,0.6729063362068971,1.122298333333333,111,0.049553571428571426,113.525,610.2344,843.3983999999999,482.2987999999998,True,True,True
5,70,0.5,c05_storm2_w80_u70_0000,2240,0.6729063362068971,1.122298333333333,111,0.049553571428571426,113.525,1066.1712000000002,1391.5148000000002,750.6392000000001,True,True,True
5,70,0.75,c05_storm2_w80_u70_0000,2240,0.6729063362068971,1.122298333333333,111,0.049553571428571426,113.525,1181.7640000000001,1527.5687999999993,848.7735999999998,True,True,True
5,70,1.0,c05_storm2_w80_u70_0000,2240,0.6729063362068971,1.122298333333333,111,0.049553571428571426,113.525,1623.3759999999995,1788.7643999999993,1138.9508,True,True,True
5,70,0.25,c05_storm2_w80_u70_0001,2319,0.7417923922413798,1.3458493749999998,111,0.047865459249676584,123.2234,1830.1879999999996,2333.6896,848.8231999999998,True,True,True
5,70,0.5,c05_storm2_w80_u70_0001,2319,0.7417923922413798,1.3458493749999998,111,0.047865459249676584,123.2234,1663.1695999999997,2377.574,743.2839999999994,True,True,True
5,70,0.75,c05_storm2_w80_u70_0001,2319,0.7417923922413798,1.3458493749999998,111,0.047865459249676584,123.2234,1676.2175999999995,2539.5092,562.6731999999996,True,True,True
5,70,1.0,c05_storm2_w80_u70_0001,2319,0.7417923922413798,1.3458493749999998,111,0.047865459249676584,123.2234,2204.370399999999,3057.8767999999995,846.9499999999996,True,True,True
5,70,0.25,c05_storm2_w80_u70_0002,2258,0.6772138685344828,1.0425825000000002,110,0.048715677590788306,115.72919999999999,547.272,693.1696000000003,424.78240000000017,True,True,True
5,70,0.5,c05_storm2_w80_u70_0002,2258,0.6772138685344828,1.0425825000000002,110,0.048715677590788306,115.72919999999999,684.6344,851.1732000000003,548.7912000000001,True,True,True
5,70,0.75,c05_storm2_w80_u70_0002,2258,0.6772138685344828,1.0425825000000002,110,0.048715677590788306,115.72919999999999,783.6208,941.9228000000005,628.5408000000002,True,True,True
5,70,1.0,c05_storm2_w80_u70_0002,2258,0.6772138685344828,1.0425825000000002,110,0.048715677590788306,115.72919999999999,943.6116000000004,1095.4436000000007,663.9648000000002,True,True,True
5,70,0.25,c05_storm2_w80_u70_0003,2367,0.7407232650862066,0.9952443749999998,127,0.05365441487114491,135.8505,817.0932000000003,803.3924000000001,788.8500000000001,True,True,True
5,70,0.5,c05_storm2_w80_u70_0003,2367,0.7407232650862066,0.9952443749999998,127,0.05365441487114491,135.8505,687.5740000000001,705.6916000000002,658.1579999999999,True,True,True
5,70,0.75,c05_storm2_w80_u70_0003,2367,0.7407232650862066,0.9952443749999998,127,0.05365441487114491,135.8505,607.9384000000003,635.9656000000003,573.2640000000001,True,True,True
5,70,1.0,c05_storm2_w80_u70_0003,2367,0.7407232650862066,0.9952443749999998,127,0.05365441487114491,135.8505,401.3364000000005,431.62920000000037,367.6172000000002,True,True,True
5,70,0.25,c05_storm2_w80_u70_0004,2368,0.769120840517241,1.195139166666667,129,0.05447635135135135,133.79330000000002,1134.276000000001,1068.3940000000002,559.7599999999995,True,True,True
5,70,0.5,c05_storm2_w80_u70_0004,2368,0.769120840517241,1.195139166666667,129,0.05447635135135135,133.79330000000002,1705.0964000000022,1651.7984000000004,806.8523999999998,True,True,True
5,70,0.75,c05_storm2_w80_u70_0004,2368,0.769120840517241,1.195139166666667,129,0.05447635135135135,133.79330000000002,1991.241200000002,2119.206800000001,913.7691999999997,True,True,True
5,70,1.0,c05_storm2_w80_u70_0004,2368,0.769120840517241,1.195139166666667,129,0.05447635135135135,133.79330000000002,2770.426400000004,2972.828800000001,1066.9212000000002,True,True,True
5,70,0.25,c05_storm2_w80_u70_0005,2291,0.7278119612068972,1.1141441666666672,129,0.056307289393278045,116.1781,1190.2432000000003,1443.6236000000006,806.6920000000003,True,True,True
5,70,0.5,c05_storm2_w80_u70_0005,2291,0.7278119612068972,1.1141441666666672,129,0.056307289393278045,116.1781,1380.5652000000007,1721.8476000000007,972.8828000000003,True,True,True
5,70,0.75,c05_storm2_w80_u70_0005,2291,0.7278119612068972,1.1141441666666672,129,0.056307289393278045,116.1781,1585.4924000000003,1926.7412000000006,1081.4879999999998,True,True,True
5,70,1.0,c05_storm2_w80_u70_0005,2291,0.7278119612068972,1.1141441666666672,129,0.056307289393278045,116.1781,1849.8676000000005,2148.9008000000013,1128.6436000000003,True,True,True
5,70,0.25,c05_storm2_w80_u70_0006,2361,0.7473435452586208,1.2245920833333346,125,0.0529436679373147,110.3688,1793.6532000000004,1942.5408000000011,895.7031999999999,True,True,True
5,70,0.5,c05_storm2_w80_u70_0006,2361,0.7473435452586208,1.2245920833333346,125,0.0529436679373147,110.3688,2533.3864000000012,2762.1572000000015,1357.6652,True,True,True
5,70,0.75,c05_storm2_w80_u70_0006,2361,0.7473435452586208,1.2245920833333346,125,0.0529436679373147,110.3688,3148.4868000000024,3460.4760000000006,1582.4448000000002,True,True,True
5,70,1.0,c05_storm2_w80_u70_0006,2361,0.7473435452586208,1.2245920833333346,125,0.0529436679373147,110.3688,3220.3456000000015,3681.796800000002,1659.4376000000002,True,True,True
5,70,0.25,c05_storm2_w80_u70_0007,2267,0.7045727370689655,1.177333125,115,0.050727834142037936,104.29419999999999,878.1075999999995,986.448399999999,512.8075999999996,True,True,True
5,70,0.5,c05_storm2_w80_u70_0007,2267,0.7045727370689655,1.177333125,115,0.050727834142037936,104.29419999999999,1401.9623999999997,1566.1543999999992,959.6319999999994,True,True,True
5,70,0.75,c05_storm2_w80_u70_0007,2267,0.7045727370689655,1.177333125,115,0.050727834142037936,104.29419999999999,1435.6075999999996,1518.9915999999996,965.4488000000002,True,True,True
5,70,1.0,c05_storm2_w80_u70_0007,2267,0.7045727370689655,1.177333125,115,0.050727834142037936,104.29419999999999,1657.7179999999992,1752.4359999999995,1270.4379999999996,True,True,True
5,70,0.25,c05_storm2_w80_u70_0008,2244,0.6870216271551728,0.93806,88,0.0392156862745098,110.93690000000001,221.79320000000004,217.61079999999995,218.04279999999997,True,True,True
5,70,0.5,c05_storm2_w80_u70_0008,2244,0.6870216271551728,0.93806,88,0.0392156862745098,110.93690000000001,500.79799999999994,495.77,495.4308,True,True,True
5,70,0.75,c05_storm2_w80_u70_0008,2244,0.6870216271551728,0.93806,88,0.0392156862745098,110.93690000000001,717.3191999999999,713.3556,711.3055999999997,True,True,True
5,70,1.0,c05_storm2_w80_u70_0008,2244,0.6870216271551728,0.93806,88,0.0392156862745098,110.93690000000001,790.9140000000001,787.9344000000002,791.3707999999999,True,True,True
5,70,0.25,c05_storm2_w80_u70_0009,2270,0.7052715840517242,1.08342625,105,0.046255506607929514,111.19490000000002,689.5063999999996,1113.2023999999992,399.39599999999996,True,True,True
5,70,0.5,c05_storm2_w80_u70_0009,2270,0.7052715840517242,1.08342625,105,0.046255506607929514,111.19490000000002,789.5651999999998,1287.0707999999988,465.97079999999994,True,True,True
5,70,0.75,c05_storm2_w80_u70_0009,2270,0.7052715840517242,1.08342625,105,0.046255506607929514,111.19490000000002,544.5435999999999,1368.5367999999987,347.55680000000007,True,True,True
5,70,1.0,c05_storm2_w80_u70_0009,2270,0.7052715840517242,1.08342625,105,0.046255506607929514,111.19490000000002,653.1899999999994,1583.5767999999987,437.3928000000002,True,True,True
5,70,0.25,c05_storm2_w80_u70_0010,2274,0.7071925107758619,1.0918075000000005,111,0.048812664907651716,123.9875,684.9248,731.4647999999999,584.6011999999998,True,True,True
5,70,0.5,c05_storm2_w80_u70_0010,2274,0.7071925107758619,1.0918075000000005,111,0.048812664907651716,123.9875,750.6599999999999,744.3007999999999,613.8492,True,True,True
5,70,0.75,c05_storm2_w80_u70_0010,2274,0.7071925107758619,1.0918075000000005,111,0.048812664907651716,123.9875,957.6632000000001,1016.2383999999997,661.1687999999998,True,True,True
5,70,1.0,c05_storm2_w80_u70_0010,2274,0.7071925107758619,1.0918075000000005,111,0.048812664907651716,123.9875,939.0328,904.6935999999996,679.5032,True,True,True
5,70,0.25,c05_storm2_w80_u70_0011,2255,0.6963347090517238,1.1189245833333332,126,0.055875831485587585,115.56030000000001,1645.4124000000006,1701.8176000000003,1078.5112000000001,True,True,True
5,70,0.5,c05_storm2_w80_u70_0011,2255,0.6963347090517238,1.1189245833333332,126,0.055875831485587585,115.56030000000001,2266.7504,2477.7075999999993,1544.3911999999996,True,True,True
5,70,0.75,c05_storm2_w80_u70_0011,2255,0.6963347090517238,1.1189245833333332,126,0.055875831485587585,115.56030000000001,2516.9092,2710.7608000000005,1851.6139999999996,True,True,True
5,70,1.0,c05_storm2_w80_u70_0011,2255,0.6963347090517238,1.1189245833333332,126,0.055875831485587585,115.56030000000001,2787.117999999999,2928.2079999999987,1709.6171999999997,True,True,True
5,90,0.25,c05_storm2_w80_u90_0000,2892,0.9024094719827583,1.285074464285715,297,0.10269709543568464,130.2605,2265.1132000000007,2303.2644000000014,961.0476,True,True,True
5,90,0.5,c05_storm2_w80_u90_0000,2892,0.9024094719827583,1.285074464285715,297,0.10269709543568464,130.2605,2782.7064000000005,2730.7552000000023,955.8972000000006,True,True,True
5,90,0.75,c05_storm2_w80_u90_0000,2892,0.9024094719827583,1.285074464285715,297,0.10269709543568464,130.2605,3526.8332000000005,3368.0368000000017,1053.4752000000003,True,True,True
5,90,1.0,c05_storm2_w80_u90_0000,2892,0.9024094719827583,1.285074464285715,297,0.10269709543568464,130.2605,4776.911200000001,4770.104,1253.1868000000002,True,True,True
5,90,0.25,c05_storm2_w80_u90_0001,3001,0.9381417887931034,1.387276666666667,443,0.14761746084638455,125.54230000000001,2334.330599999997,2371.6294000000007,887.8920000000003,True,True,True
5,90,0.5,c05_storm2_w80_u90_0001,3001,0.9381417887931034,1.387276666666667,443,0.14761746084638455,125.54230000000001,3175.0577999999964,3329.587,1196.9951999999998,True,True,True
5,90,0.75,c05_storm2_w80_u90_0001,3001,0.9381417887931034,1.387276666666667,443,0.14761746084638455,125.54230000000001,3994.8613999999957,4189.162999999999,1335.3435999999997,True,True,True
5,90,1.0,c05_storm2_w80_u90_0001,3001,0.9381417887931034,1.387276666666667,443,0.14761746084638455,125.54230000000001,5595.541999999993,5783.031999999999,1413.5708,True,True,True
5,90,0.25,c05_storm2_w80_u90_0002,3055,0.9288897090517249,1.3966087500000002,353,0.11554828150572831,114.7662,1976.5299999999995,2057.2029999999995,413.9000000000001,True,True,True
5,90,0.5,c05_storm2_w80_u90_0002,3055,0.9288897090517249,1.3966087500000002,353,0.11554828150572831,114.7662,2283.5936,2461.697400000001,662.8648000000001,True,True,True
5,90,0.75,c05_storm2_w80_u90_0002,3055,0.9288897090517249,1.3966087500000002,353,0.11554828150572831,114.7662,3525.0311999999985,3963.0228,801.0283999999999,True,True,True
5,90,1.0,c05_storm2_w80_u90_0002,3055,0.9288897090517249,1.3966087500000002,353,0.11554828150572831,114.7662,6519.337199999998,7122.757600000001,976.0636000000003,True,True,True
5,90,0.25,c05_storm2_w80_u90_0003,2937,0.9263271228448279,1.5765295833333333,353,0.1201906707524685,137.30259999999998,8398.356,8656.078200000004,576.7091999999998,True,True,True
5,90,0.5,c05_storm2_w80_u90_0003,2937,0.9263271228448279,1.5765295833333333,353,0.1201906707524685,137.30259999999998,9276.656399999998,9486.853600000004,677.5855999999994,True,True,True
5,90,0.75,c05_storm2_w80_u90_0003,2937,0.9263271228448279,1.5765295833333333,353,0.1201906707524685,137.30259999999998,9003.111199999998,9039.536400000003,847.7111999999996,True,True,True
5,90,1.0,c05_storm2_w80_u90_0003,2937,0.9263271228448279,1.5765295833333333,353,0.1201906707524685,137.30259999999998,11083.804399999997,10971.688400000003,1137.7908000000002,True,True,True
5,90,0.25,c05_storm2_w80_u90_0004,2899,0.8433932435344832,1.4722306250000001,181,0.06243532252500862,131.719,3427.911400000001,3868.5574000000006,506.0596000000001,True,True,True
5,90,0.5,c05_storm2_w80_u90_0004,2899,0.8433932435344832,1.4722306250000001,181,0.06243532252500862,131.719,3950.112400000001,4530.1468,721.6219999999998,True,True,True
5,90,0.75,c05_storm2_w80_u90_0004,2899,0.8433932435344832,1.4722306250000001,181,0.06243532252500862,131.719,4480.8004,5159.006799999999,823.3124000000004,True,True,True
5,90,1.0,c05_storm2_w80_u90_0004,2899,0.8433932435344832,1.4722306250000001,181,0.06243532252500862,131.719,5963.2936000000045,6807.767600000003,1419.4646000000005,True,True,True
5,90,0.25,c05_storm2_w80_u90_0005,3003,0.9621711099137928,1.3246491666666662,285,0.09490509490509491,137.3847,1962.129599999998,1977.878399999998,973.7320000000002,True,True,True
5,90,0.5,c05_storm2_w80_u90_0005,3003,0.9621711099137928,1.3246491666666662,285,0.09490509490509491,137.3847,1810.4551999999985,1851.048799999998,789.2576000000003,True,True,True
5,90,0.75,c05_storm2_w80_u90_0005,3003,0.9621711099137928,1.3246491666666662,285,0.09490509490509491,137.3847,2116.0995999999977,2166.813199999997,808.5023999999997,True,True,True
5,90,1.0,c05_storm2_w80_u90_0005,3003,0.9621711099137928,1.3246491666666662,285,0.09490509490509491,137.3847,3949.111599999997,4022.4351999999944,935.7979999999998,True,True,True
5,90,0.25,c05_storm2_w80_u90_0006,2948,0.9476382219827582,1.2817156249999997,329,0.1116010854816825,120.77470000000001,3070.482400000001,2879.587600000001,752.8095999999997,True,True,True
5,90,0.5,c05_storm2_w80_u90_0006,2948,0.9476382219827582,1.2817156249999997,329,0.1116010854816825,120.77470000000001,3643.3343999999997,3440.4988000000008,822.1155999999999,True,True,True
5,90,0.75,c05_storm2_w80_u90_0006,2948,0.9476382219827582,1.2817156249999997,329,0.1116010854816825,120.77470000000001,4768.946799999999,4854.588,1101.1084,True,True,True
5,90,1.0,c05_storm2_w80_u90_0006,2948,0.9476382219827582,1.2817156249999997,329,0.1116010854816825,120.77470000000001,6128.009999999999,6242.480000000001,1432.4579999999996,True,True,True
5,90,0.25,c05_storm2_w80_u90_0007,2935,0.8541360560344823,1.265550416666667,248,0.08449744463373084,106.43539999999999,1648.824,1825.9007999999988,723.4619999999998,True,True,True
5,90,0.5,c05_storm2_w80_u90_0007,2935,0.8541360560344823,1.265550416666667,248,0.08449744463373084,106.43539999999999,1759.7708000000002,2117.083599999999,745.3903999999995,True,True,True
5,90,0.75,c05_storm2_w80_u90_0007,2935,0.8541360560344823,1.265550416666667,248,0.08449744463373084,106.43539999999999,2314.0392,2869.7239999999993,1275.393599999999,True,True,True
5,90,1.0,c05_storm2_w80_u90_0007,2935,0.8541360560344823,1.265550416666667,248,0.08449744463373084,106.43539999999999,2666.5408,3747.8487999999993,1315.5592000000001,True,True,True
5,90,0.25,c05_storm2_w80_u90_0008,2971,0.9333098168103445,1.3811549999999992,380,0.12790306294177045,127.1098,3969.9407999999994,4003.267199999999,1116.2071999999998,True,True,True
5,90,0.5,c05_storm2_w80_u90_0008,2971,0.9333098168103445,1.3811549999999992,380,0.12790306294177045,127.1098,4458.5383999999995,4468.4360000000015,1169.9323999999997,True,True,True
5,90,0.75,c05_storm2_w80_u90_0008,2971,0.9333098168103445,1.3811549999999992,380,0.12790306294177045,127.1098,5046.456800000004,5134.366400000003,1561.1648,True,True,True
5,90,1.0,c05_storm2_w80_u90_0008,2971,0.9333098168103445,1.3811549999999992,380,0.12790306294177045,127.1098,7685.656400000002,7839.920000000003,1431.8423999999995,True,True,True
5,90,0.25,c05_storm2_w80_u90_0009,2896,0.8729579418103447,1.34215,264,0.09116022099447514,109.7206,1393.9251999999997,1419.0391999999997,262.08080000000007,True,True,True
5,90,0.5,c05_storm2_w80_u90_0009,2896,0.8729579418103447,1.34215,264,0.09116022099447514,109.7206,2129.6063999999997,2159.1728000000003,473.87320000000017,True,True,True
5,90,0.75,c05_storm2_w80_u90_0009,2896,0.8729579418103447,1.34215,264,0.09116022099447514,109.7206,2841.4984000000004,2940.865599999999,598.3519999999999,True,True,True
5,90,1.0,c05_storm2_w80_u90_0009,2896,0.8729579418103447,1.34215,264,0.09116022099447514,109.7206,3929.963599999999,4172.0772,601.7424,True,True,True
5,90,0.25,c05_storm2_w80_u90_0010,2891,0.8749867672413789,1.4348837499999998,224,0.0774818401937046,137.0841,1693.4148,2166.279199999999,914.3379999999999,True,True,True
5,90,0.5,c05_storm2_w80_u90_0010,2891,0.8749867672413789,1.4348837499999998,224,0.0774818401937046,137.0841,2069.0560000000014,2999.4799999999996,1028.238,True,True,True
5,90,0.75,c05_storm2_w80_u90_0010,2891,0.8749867672413789,1.4348837499999998,224,0.0774818401937046,137.0841,2796.1644000000024,3913.079599999999,1333.8176,True,True,True
5,90,1.0,c05_storm2_w80_u90_0010,2891,0.8749867672413789,1.4348837499999998,224,0.0774818401937046,137.0841,2933.2716000000014,3746.183599999999,1165.9164000000005,True,True,True
5,90,0.25,c05_storm2_w80_u90_0011,2913,0.9253169181034484,1.3175525000000001,227,0.07792653621695846,122.0523,1900.310800000001,2523.7796000000008,604.6964,True,True,True
5,90,0.5,c05_storm2_w80_u90_0011,2913,0.9253169181034484,1.3175525000000001,227,0.07792653621695846,122.0523,2362.1488000000013,3074.1800000000003,644.2744,True,True,True
5,90,0.75,c05_storm2_w80_u90_0011,2913,0.9253169181034484,1.3175525000000001,227,0.07792653621695846,122.0523,2654.4260000000013,3325.4364,528.0228,True,True,True
5,90,1.0,c05_storm2_w80_u90_0011,2913,0.9253169181034484,1.3175525000000001,227,0.07792653621695846,122.0523,3035.012800000002,3452.2668000000012,383.6355999999994,True,True,True
5,100,0.25,c05_storm2_w80_u100_0000,3336,1.0179672413793104,1.5115695833333338,453,0.1357913669064748,121.8788,7218.7348,7389.200799999998,417.73279999999977,True,True,True
5,100,0.5,c05_storm2_w80_u100_0000,3336,1.0179672413793104,1.5115695833333338,453,0.1357913669064748,121.8788,8754.870800000002,9084.049200000001,653.0783999999999,True,True,True
5,100,0.75,c05_storm2_w80_u100_0000,3336,1.0179672413793104,1.5115695833333338,453,0.1357913669064748,121.8788,10510.407599999999,10871.557600000002,1080.4040000000005,True,True,True
5,100,1.0,c05_storm2_w80_u100_0000,3336,1.0179672413793104,1.5115695833333338,453,0.1357913669064748,121.8788,13640.724800000002,14088.810399999995,1270.9216,True,True,True
5,100,0.25,c05_storm2_w80_u100_0001,3187,0.965867327586208,1.5758945833333335,359,0.11264512080326326,127.61359999999996,5164.534799999997,5456.207999999998,1370.6764000000003,True,True,True
5,100,0.5,c05_storm2_w80_u100_0001,3187,0.965867327586208,1.5758945833333335,359,0.11264512080326326,127.61359999999996,5288.163999999998,5760.7807999999995,1166.2304,True,True,True
5,100,0.75,c05_storm2_w80_u100_0001,3187,0.965867327586208,1.5758945833333335,359,0.11264512080326326,127.61359999999996,6069.314399999997,6629.968400000001,1140.6407999999997,True,True,True
5,100,1.0,c05_storm2_w80_u100_0001,3187,0.965867327586208,1.5758945833333335,359,0.11264512080326326,127.61359999999996,8962.122799999997,9467.067599999998,1071.7083999999995,True,True,True
5,100,0.25,c05_storm2_w80_u100_0002,3314,1.0462736853448271,1.355172083333333,497,0.1499698249849125,133.40680000000003,3495.316800000002,3598.5288000000023,650.9520000000002,True,True,True
5,100,0.5,c05_storm2_w80_u100_0002,3314,1.0462736853448271,1.355172083333333,497,0.1499698249849125,133.40680000000003,4646.620800000001,4902.347200000002,711.6212000000005,True,True,True
5,100,0.75,c05_storm2_w80_u100_0002,3314,1.0462736853448271,1.355172083333333,497,0.1499698249849125,133.40680000000003,6175.935599999999,6482.046800000001,1201.98,True,True,True
5,100,1.0,c05_storm2_w80_u100_0002,3314,1.0462736853448271,1.355172083333333,497,0.1499698249849125,133.40680000000003,7450.274399999998,7804.695200000003,1344.4879999999998,True,True,True
5,100,0.25,c05_storm2_w80_u100_0003,3248,1.0387830495689652,1.452132916666667,383,0.11791871921182266,138.88779999999997,5126.337600000002,5514.1604000000025,1250.8600000000001,True,True,True
5,100,0.5,c05_storm2_w80_u100_0003,3248,1.0387830495689652,1.452132916666667,383,0.11791871921182266,138.88779999999997,6088.010400000003,6563.5436000000045,1776.7776000000008,True,True,True
5,100,0.75,c05_storm2_w80_u100_0003,3248,1.0387830495689652,1.452132916666667,383,0.11791871921182266,138.88779999999997,6549.170000000002,7095.157200000002,2059.3352000000004,True,True,True
5,100,1.0,c05_storm2_w80_u100_0003,3248,1.0387830495689652,1.452132916666667,383,0.11791871921182266,138.88779999999997,9512.028800000002,10175.217200000006,2252.3423999999995,True,True,True
5,100,0.25,c05_storm2_w80_u100_0004,3186,0.9887933728448275,1.4684112500000002,613,0.19240426867545513,128.71429999999998,7100.111199999995,7228.948399999997,406.4908000000002,True,True,True
5,100,0.5,c05_storm2_w80_u100_0004,3186,0.9887933728448275,1.4684112500000002,613,0.19240426867545513,128.71429999999998,9023.505599999995,9396.225199999992,800.6396000000001,True,True,True
5,100,0.75,c05_storm2_w80_u100_0004,3186,0.9887933728448275,1.4684112500000002,613,0.19240426867545513,128.71429999999998,11901.401599999997,12355.001599999998,1349.7664000000004,True,True,True
5,100,1.0,c05_storm2_w80_u100_0004,3186,0.9887933728448275,1.4684112500000002,613,0.19240426867545513,128.71429999999998,14036.149599999993,14900.61399999999,2088.121200000001,True,True,True
5,100,0.25,c05_storm2_w80_u100_0005,3170,0.9751736314655173,1.5331700000000006,365,0.11514195583596215,123.67369999999997,3615.223600000001,3849.248400000001,778.22,True,True,True
5,100,0.5,c05_storm2_w80_u100_0005,3170,0.9751736314655173,1.5331700000000006,365,0.11514195583596215,123.67369999999997,5550.792800000001,5923.024800000002,821.2527999999993,True,True,True
5,100,0.75,c05_storm2_w80_u100_0005,3170,0.9751736314655173,1.5331700000000006,365,0.11514195583596215,123.67369999999997,6202.5508,6694.1741999999995,1145.1391999999998,True,True,True
5,100,1.0,c05_storm2_w80_u100_0005,3170,0.9751736314655173,1.5331700000000006,365,0.11514195583596215,123.67369999999997,8611.121199999998,8921.510199999999,1106.1948000000002,True,True,True
5,100,0.25,c05_storm2_w80_u100_0006,3263,0.9979445797413795,1.5586300000000004,375,0.11492491572172847,157.3009,4617.020599999998,6055.959199999998,1056.8767999999995,True,True,True
5,100,0.5,c05_storm2_w80_u100_0006,3263,0.9979445797413795,1.5586300000000004,375,0.11492491572172847,157.3009,5596.033599999993,7188.102799999999,1088.0952,True,True,True
5,100,0.75,c05_storm2_w80_u100_0006,3263,0.9979445797413795,1.5586300000000004,375,0.11492491572172847,157.3009,6927.0705999999955,8496.225199999995,1261.9135999999996,True,True,True
5,100,1.0,c05_storm2_w80_u100_0006,3263,0.9979445797413795,1.5586300000000004,375,0.11492491572172847,157.3009,8688.961999999994,10398.2116,1431.4424000000001,True,True,True
5,100,0.25,c05_storm2_w80_u100_0007,3365,0.9913781896551721,1.4870424999999992,586,0.17414561664190192,120.36489999999999,6509.420599999992,6760.134199999994,719.2760000000001,True,True,True
5,100,0.5,c05_storm2_w80_u100_0007,3365,0.9913781896551721,1.4870424999999992,586,0.17414561664190192,120.36489999999999,8109.07699999999,8626.684199999987,1039.6512,True,True,True
5,100,0.75,c05_storm2_w80_u100_0007,3365,0.9913781896551721,1.4870424999999992,586,0.17414561664190192,120.36489999999999,9971.05499999999,10613.515399999984,1123.0108,True,True,True
5,100,1.0,c05_storm2_w80_u100_0007,3365,0.9913781896551721,1.4870424999999992,586,0.17414561664190192,120.36489999999999,12337.33519999999,12428.720799999986,1771.2611999999995,True,True,True
5,100,0.25,c05_storm2_w80_u100_0008,3398,1.0161981788793109,1.817963333333334,587,0.17274867569158328,146.82830000000004,12795.336200000003,13774.319999999998,1033.2820000000004,True,True,True
5,100,0.5,c05_storm2_w80_u100_0008,3398,1.0161981788793109,1.817963333333334,587,0.17274867569158328,146.82830000000004,14943.873400000002,15832.043999999998,1385.7340000000002,True,True,True
5,100,0.75,c05_storm2_w80_u100_0008,3398,1.0161981788793109,1.817963333333334,587,0.17274867569158328,146.82830000000004,18236.000800000005,19073.901599999994,1717.9123999999997,True,True,True
5,100,1.0,c05_storm2_w80_u100_0008,3398,1.0161981788793109,1.817963333333334,587,0.17274867569158328,146.82830000000004,22537.438600000005,23832.827999999994,2075.6156,True,True,True
5,100,0.25,c05_storm2_w80_u100_0009,3301,1.037731217672414,2.0023668750000003,441,0.13359588003635262,177.75459999999998,10419.703599999999,13292.927599999997,1341.7312000000002,True,True,True
5,100,0.5,c05_storm2_w80_u100_0009,3301,1.037731217672414,2.0023668750000003,441,0.13359588003635262,177.75459999999998,12760.159199999993,16429.753,2027.7494000000002,True,True,True
5,100,0.75,c05_storm2_w80_u100_0009,3301,1.037731217672414,2.0023668750000003,441,0.13359588003635262,177.75459999999998,14009.544799999996,17805.373799999998,2351.659200000001,True,True,True
5,100,1.0,c05_storm2_w80_u100_0009,3301,1.037731217672414,2.0023668750000003,441,0.13359588003635262,177.75459999999998,17566.340399999994,20646.48739999999,3518.124599999999,True,True,True
5,100,0.25,c05_storm2_w80_u100_0010,3293,0.9665765624999998,1.7351006249999998,468,0.14211964773762525,145.90840000000003,10473.546200000008,11287.90200000001,774.7280000000002,True,True,True
5,100,0.5,c05_storm2_w80_u100_0010,3293,0.9665765624999998,1.7351006249999998,468,0.14211964773762525,145.90840000000003,13132.1546,14025.923200000012,1160.7284000000004,True,True,True
5,100,0.75,c05_storm2_w80_u100_0010,3293,0.9665765624999998,1.7351006249999998,468,0.14211964773762525,145.90840000000003,15652.02180000001,16735.755600000008,1223.5676000000008,True,True,True
5,100,1.0,c05_storm2_w80_u100_0010,3293,0.9665765624999998,1.7351006249999998,468,0.14211964773762525,145.90840000000003,20913.44400000001,21742.464800000012,1830.6186,True,True,True
5,100,0.25,c05_storm2_w80_u100_0011,3082,0.9299639870689661,1.3010100000000004,325,0.1054510058403634,128.09879999999998,2024.3968,1881.8260000000002,940.6632000000003,True,True,True
5,100,0.5,c05_storm2_w80_u100_0011,3082,0.9299639870689661,1.3010100000000004,325,0.1054510058403634,128.09879999999998,2775.0563999999995,2584.132400000002,1231.9944000000005,True,True,True
5,100,0.75,c05_storm2_w80_u100_0011,3082,0.9299639870689661,1.3010100000000004,325,0.1054510058403634,128.09879999999998,3964.7916000000014,3718.1128000000017,1520.0976000000005,True,True,True
5,100,1.0,c05_storm2_w80_u100_0011,3082,0.9299639870689661,1.3010100000000004,325,0.1054510058403634,128.09879999999998,4945.401200000002,4828.456000000002,1579.1520000000005,True,True,True
5,110,0.25,c05_storm2_w80_u110_0000,3534,1.0300845366379312,1.6985274999999995,477,0.13497453310696095,137.1407,6937.344799999999,7408.1292,559.9168000000001,True,True,True
5,110,0.5,c05_storm2_w80_u110_0000,3534,1.0300845366379312,1.6985274999999995,477,0.13497453310696095,137.1407,8885.2396,9644.9444,649.6096000000002,True,True,True
5,110,0.75,c05_storm2_w80_u110_0000,3534,1.0300845366379312,1.6985274999999995,477,0.13497453310696095,137.1407,10452.892800000003,11214.852399999998,989.4716000000002,True,True,True
5,110,1.0,c05_storm2_w80_u110_0000,3534,1.0300845366379312,1.6985274999999995,477,0.13497453310696095,137.1407,16087.843599999997,16770.658,1248.9360000000006,True,True,True
5,110,0.25,c05_storm2_w80_u110_0001,3600,1.0562930495689649,1.5293866666666673,564,0.15666666666666668,125.2508,5999.675199999999,6204.3242,629.3976,True,True,True
5,110,0.5,c05_storm2_w80_u110_0001,3600,1.0562930495689649,1.5293866666666673,564,0.15666666666666668,125.2508,7468.8967999999995,7563.537400000001,737.8568000000002,True,True,True
5,110,0.75,c05_storm2_w80_u110_0001,3600,1.0562930495689649,1.5293866666666673,564,0.15666666666666668,125.2508,9564.054,9656.236,724.1199999999999,True,True,True
5,110,1.0,c05_storm2_w80_u110_0001,3600,1.0562930495689649,1.5293866666666673,564,0.15666666666666668,125.2508,13100.668799999996,13446.771200000003,1068.406,True,True,True
5,110,0.25,c05_storm2_w80_u110_0002,3627,1.114499439655172,1.8048216666666648,673,0.18555279845602426,145.76670000000001,12153.3452,12466.606000000007,901.3748000000002,True,True,True
5,110,0.5,c05_storm2_w80_u110_0002,3627,1.114499439655172,1.8048216666666648,673,0.18555279845602426,145.76670000000001,14847.393000000004,15281.363600000004,1068.1168000000002,True,True,True
5,110,0.75,c05_storm2_w80_u110_0002,3627,1.114499439655172,1.8048216666666648,673,0.18555279845602426,145.76670000000001,16963.907,17515.268999999997,1264.6371999999992,True,True,True
5,110,1.0,c05_storm2_w80_u110_0002,3627,1.114499439655172,1.8048216666666648,673,0.18555279845602426,145.76670000000001,21949.0662,23004.50560000001,1716.992,True,True,True
5,110,0.25,c05_storm2_w80_u110_0003,3588,1.04171953663793,1.5920720833333344,564,0.15719063545150502,135.6072,7125.160800000002,7233.211200000004,525.8863999999999,True,True,True
5,110,0.5,c05_storm2_w80_u110_0003,3588,1.04171953663793,1.5920720833333344,564,0.15719063545150502,135.6072,9878.322,9864.088400000002,663.4567999999999,True,True,True
5,110,0.75,c05_storm2_w80_u110_0003,3588,1.04171953663793,1.5920720833333344,564,0.15719063545150502,135.6072,12722.346399999997,12556.324200000005,929.6232000000006,True,True,True
5,110,1.0,c05_storm2_w80_u110_0003,3588,1.04171953663793,1.5920720833333344,564,0.15719063545150502,135.6072,17129.9228,16855.238600000008,1273.4768000000001,True,True,True
5,110,0.25,c05_storm2_w80_u110_0004,3537,1.076843717672414,1.753215416666667,601,0.1699180096126661,141.6061,8441.861599999997,9899.903199999997,693.6692000000005,True,True,True
5,110,0.5,c05_storm2_w80_u110_0004,3537,1.076843717672414,1.753215416666667,601,0.1699180096126661,141.6061,9659.104799999997,11423.352199999998,733.9976000000004,True,True,True
5,110,0.75,c05_storm2_w80_u110_0004,3537,1.076843717672414,1.753215416666667,601,0.1699180096126661,141.6061,11290.0032,13294.742599999998,1048.4336000000008,True,True,True
5,110,1.0,c05_storm2_w80_u110_0004,3537,1.076843717672414,1.753215416666667,601,0.1699180096126661,141.6061,15758.2864,18116.735199999992,1848.3408000000004,True,True,True
5,110,0.25,c05_storm2_w80_u110_0005,3587,1.1116616594827597,1.7063643750000002,652,0.18176749372734877,138.2875,7666.876399999999,9033.031999999994,858.5183999999999,True,True,True
5,110,0.5,c05_storm2_w80_u110_0005,3587,1.1116616594827597,1.7063643750000002,652,0.18176749372734877,138.2875,9416.954399999999,11244.195599999992,953.1815999999995,True,True,True
5,110,0.75,c05_storm2_w80_u110_0005,3587,1.1116616594827597,1.7063643750000002,652,0.18176749372734877,138.2875,11300.835599999999,13349.189199999986,1030.8238000000006,True,True,True
5,110,1.0,c05_storm2_w80_u110_0005,3587,1.1116616594827597,1.7063643750000002,652,0.18176749372734877,138.2875,14601.231999999996,17126.091999999986,2282.6294000000003,True,True,True
5,110,0.25,c05_storm2_w80_u110_0006,3542,1.073071293103448,1.8350812500000009,570,0.16092603049124787,148.85449999999994,10295.445599999997,10494.367999999991,910.2164000000005,True,True,True
5,110,0.5,c05_storm2_w80_u110_0006,3542,1.073071293103448,1.8350812500000009,570,0.16092603049124787,148.85449999999994,13078.105199999995,13150.442399999993,1272.6172000000001,True,True,True
5,110,0.75,c05_storm2_w80_u110_0006,3542,1.073071293103448,1.8350812500000009,570,0.16092603049124787,148.85449999999994,15220.7952,15460.896799999991,1507.8103999999994,True,True,True
5,110,1.0,c05_storm2_w80_u110_0006,3542,1.073071293103448,1.8350812500000009,570,0.16092603049124787,148.85449999999994,19282.958,19730.574799999984,1754.8544000000002,True,True,True
5,110,0.25,c05_storm2_w80_u110_0007,3630,1.075393814655172,2.1304006249999996,665,0.18319559228650137,176.31459999999998,18620.508800000007,21378.964200000013,1377.7294000000009,True,True,True
5,110,0.5,c05_storm2_w80_u110_0007,3630,1.075393814655172,2.1304006249999996,665,0.18319559228650137,176.31459999999998,18638.94840000001,21767.569400000008,1754.243400000001,True,True,True
5,110,0.75,c05_storm2_w80_u110_0007,3630,1.075393814655172,2.1304006249999996,665,0.18319559228650137,176.31459999999998,23196.47740000002,27051.5088,1993.2212000000022,True,True,True
5,110,1.0,c05_storm2_w80_u110_0007,3630,1.075393814655172,2.1304006249999996,665,0.18319559228650137,176.31459999999998,29861.731400000022,33133.20400000001,3242.0554000000016,True,True,True
5,110,0.25,c05_storm2_w80_u110_0008,3551,1.0828861314655176,1.730959583333333,597,0.16812165587158548,150.33209999999997,10419.868199999995,11173.0498,604.1516,True,True,True
5,110,0.5,c05_storm2_w80_u110_0008,3551,1.0828861314655176,1.730959583333333,597,0.16812165587158548,150.33209999999997,13018.264599999997,13854.930199999997,1434.2004000000002,True,True,True
5,110,0.75,c05_storm2_w80_u110_0008,3551,1.0828861314655176,1.730959583333333,597,0.16812165587158548,150.33209999999997,12625.508599999997,13658.9354,1322.4476,True,True,True
5,110,1.0,c05_storm2_w80_u110_0008,3551,1.0828861314655176,1.730959583333333,597,0.16812165587158548,150.33209999999997,18860.8452,19744.418,1453.6175999999998,True,True,True
5,110,0.25,c05_storm2_w80_u110_0009,3629,1.0972610237068967,1.6912600000000004,691,0.19041058142739048,137.4478,11514.724199999991,11880.062200000004,1267.3908000000001,True,True,True
5,110,0.5,c05_storm2_w80_u110_0009,3629,1.0972610237068967,1.6912600000000004,691,0.19041058142739048,137.4478,12993.351999999984,13563.837800000001,1435.9206000000001,True,True,True
5,110,0.75,c05_storm2_w80_u110_0009,3629,1.0972610237068967,1.6912600000000004,691,0.19041058142739048,137.4478,14498.401999999976,15168.079600000003,1908.1208,True,True,True
5,110,1.0,c05_storm2_w80_u110_0009,3629,1.0972610237068967,1.6912600000000004,691,0.19041058142739048,137.4478,18184.653999999984,20182.204,2264.7304000000004,True,True,True
5,110,0.25,c05_storm2_w80_u110_0010,3649,1.155400129310345,1.9821556250000008,665,0.18224171005755002,165.85939999999997,12392.8264,14075.4364,561.7504000000004,True,True,True
5,110,0.5,c05_storm2_w80_u110_0010,3649,1.155400129310345,1.9821556250000008,665,0.18224171005755002,165.85939999999997,15320.068199999994,17273.472599999994,1325.6344000000008,True,True,True
5,110,0.75,c05_storm2_w80_u110_0010,3649,1.155400129310345,1.9821556250000008,665,0.18224171005755002,165.85939999999997,18268.007800000003,20328.880600000004,2192.8286,True,True,True
5,110,1.0,c05_storm2_w80_u110_0010,3649,1.155400129310345,1.9821556250000008,665,0.18224171005755002,165.85939999999997,22295.302799999998,24312.202400000002,2490.9786000000004,True,True,True
5,110,0.25,c05_storm2_w80_u110_0011,3688,1.0889490086206886,1.6092624999999994,625,0.16946854663774402,130.50710000000007,9275.841599999994,10768.322400000001,1218.8548000000003,True,True,True
5,110,0.5,c05_storm2_w80_u110_0011,3688,1.0889490086206886,1.6092624999999994,625,0.16946854663774402,130.50710000000007,11455.8128,13217.677199999998,1436.3744000000008,True,True,True
5,110,0.75,c05_storm2_w80_u110_0011,3688,1.0889490086206886,1.6092624999999994,625,0.16946854663774402,130.50710000000007,13428.6808,15305.069199999994,1806.8916000000004,True,True,True
5,110,1.0,c05_storm2_w80_u110_0011,3688,1.0889490086206886,1.6092624999999994,625,0.16946854663774402,130.50710000000007,17773.710800000004,19820.4496,2051.9096,True,True,True
5,130,0.25,c05_storm2_w80_u130_0000,4264,1.3539670797413799,1.9730624999999993,1282,0.30065666041275796,165.93439999999998,22632.129399999987,26753.703999999994,2129.1550000000007,True,True,True
5,130,0.5,c05_storm2_w80_u130_0000,4264,1.3539670797413799,1.9730624999999993,1282,0.30065666041275796,165.93439999999998,27604.27259999999,32973.54319999998,2808.2808,True,True,True
5,130,0.75,c05_storm2_w80_u130_0000,4264,1.3539670797413799,1.9730624999999993,1282,0.30065666041275796,165.93439999999998,32509.58960000001,38546.089799999965,3740.934600000001,True,True,True
5,130,1.0,c05_storm2_w80_u130_0000,4264,1.3539670797413799,1.9730624999999993,1282,0.30065666041275796,165.93439999999998,35517.6126,43042.394799999965,3562.2513999999996,True,True,True
5,130,0.25,c05_storm2_w80_u130_0001,4295,1.328020732758621,2.1823306249999996,1372,0.31944121071012804,178.43430000000006,32164.453199999985,33554.79239999999,1194.1628,True,True,True
5,130,0.5,c05_storm2_w80_u130_0001,4295,1.328020732758621,2.1823306249999996,1372,0.31944121071012804,178.43430000000006,39843.32479999997,41243.23759999997,2061.271799999999,True,True,True
5,130,0.75,c05_storm2_w80_u130_0001,4295,1.328020732758621,2.1823306249999996,1372,0.31944121071012804,178.43430000000006,44628.53659999998,45995.99459999998,2711.0215999999996,True,True,True
5,130,1.0,c05_storm2_w80_u130_0001,4295,1.328020732758621,2.1823306249999996,1372,0.31944121071012804,178.43430000000006,52458.56719999997,54214.583799999964,5399.289399999999,True,True,True
5,130,0.25,c05_storm2_w80_u130_0002,4308,1.3464154525862067,2.094368333333334,1467,0.34052924791086353,170.2694,31109.988400000002,31316.54139999998,1026.4547999999995,True,True,True
5,130,0.5,c05_storm2_w80_u130_0002,4308,1.3464154525862067,2.094368333333334,1467,0.34052924791086353,170.2694,40295.954,40634.44259999997,1589.3404,True,True,True
5,130,0.75,c05_storm2_w80_u130_0002,4308,1.3464154525862067,2.094368333333334,1467,0.34052924791086353,170.2694,44291.431399999994,45015.15659999996,2140.2371999999996,True,True,True
5,130,1.0,c05_storm2_w80_u130_0002,4308,1.3464154525862067,2.094368333333334,1467,0.34052924791086353,170.2694,53583.059599999986,54609.995399999956,2732.4424000000017,True,True,True
5,130,0.25,c05_storm2_w80_u130_0003,4243,1.3541264655172416,1.8741991666666662,1324,0.3120433655432477,153.23670000000004,24020.22359999999,25576.146199999985,1282.4196000000002,True,True,True
5,130,0.5,c05_storm2_w80_u130_0003,4243,1.3541264655172416,1.8741991666666662,1324,0.3120433655432477,153.23670000000004,28075.10059999999,30071.680799999984,1617.8687999999993,True,True,True
5,130,0.75,c05_storm2_w80_u130_0003,4243,1.3541264655172416,1.8741991666666662,1324,0.3120433655432477,153.23670000000004,32364.714399999983,35194.028399999974,2100.4582,True,True,True
5,130,1.0,c05_storm2_w80_u130_0003,4243,1.3541264655172416,1.8741991666666662,1324,0.3120433655432477,153.23670000000004,41424.389200000005,45455.80899999999,3089.555999999999,True,True,True
5,130,0.25,c05_storm2_w80_u130_0004,4179,1.333231562500001,2.3101168750000007,1347,0.3223259152907394,187.70780000000002,28315.524199999985,30746.248999999985,1753.3658000000014,True,True,True
5,130,0.5,c05_storm2_w80_u130_0004,4179,1.333231562500001,2.3101168750000007,1347,0.3223259152907394,187.70780000000002,35937.85939999997,38769.1732,2506.686,True,True,True
5,130,0.75,c05_storm2_w80_u130_0004,4179,1.333231562500001,2.3101168750000007,1347,0.3223259152907394,187.70780000000002,41888.182799999995,44795.37699999997,3248.9505999999983,True,True,True
5,130,1.0,c05_storm2_w80_u130_0004,4179,1.333231562500001,2.3101168750000007,1347,0.3223259152907394,187.70780000000002,49090.412399999994,53176.59539999996,5969.552799999999,True,True,True
5,130,0.25,c05_storm2_w80_u130_0005,4301,1.3166371228448275,1.9894495833333337,1161,0.2699372239014183,161.92049999999998,26093.055399999987,28354.406199999983,1198.3975999999996,True,True,True
5,130,0.5,c05_storm2_w80_u130_0005,4301,1.3166371228448275,1.9894495833333337,1161,0.2699372239014183,161.92049999999998,29914.606999999985,33453.40499999999,1088.5245999999997,True,True,True
5,130,0.75,c05_storm2_w80_u130_0005,4301,1.3166371228448275,1.9894495833333337,1161,0.2699372239014183,161.92049999999998,34837.89739999999,39228.1222,1630.8515999999995,True,True,True
5,130,1.0,c05_storm2_w80_u130_0005,4301,1.3166371228448275,1.9894495833333337,1161,0.2699372239014183,161.92049999999998,41307.03459999997,47070.73059999999,2561.2555999999995,True,True,True
5,130,0.25,c05_storm2_w80_u130_0006,4306,1.2747667780172405,2.0980104166666655,1201,0.2789131444496052,169.36709999999997,34557.51840000001,39082.47939999997,1850.4633999999999,True,True,True
5,130,0.5,c05_storm2_w80_u130_0006,4306,1.2747667780172405,2.0980104166666655,1201,0.2789131444496052,169.36709999999997,37938.05899999999,43489.80759999997,2492.823399999999,True,True,True
5,130,0.75,c05_storm2_w80_u130_0006,4306,1.2747667780172405,2.0980104166666655,1201,0.2789131444496052,169.36709999999997,38684.11379999998,44506.75519999996,3049.6676,True,True,True
5,130,1.0,c05_storm2_w80_u130_0006,4306,1.2747667780172405,2.0980104166666655,1201,0.2789131444496052,169.36709999999997,43108.99999999998,48681.84039999998,4574.682000000002,True,True,True
5,130,0.25,c05_storm2_w80_u130_0007,4261,1.2604567456896545,2.0634204166666685,1151,0.27012438394743016,166.50710000000007,27417.3152,29161.623399999997,945.7651999999999,True,True,True
5,130,0.5,c05_storm2_w80_u130_0007,4261,1.2604567456896545,2.0634204166666685,1151,0.27012438394743016,166.50710000000007,33186.79759999999,35087.907999999996,1364.104,True,True,True
5,130,0.75,c05_storm2_w80_u130_0007,4261,1.2604567456896545,2.0634204166666685,1151,0.27012438394743016,166.50710000000007,36907.731999999996,38456.479599999984,1743.1712,True,True,True
5,130,1.0,c05_storm2_w80_u130_0007,4261,1.2604567456896545,2.0634204166666685,1151,0.27012438394743016,166.50710000000007,44156.6274,45473.651999999965,2639.347,True,True,True
5,130,0.25,c05_storm2_w80_u130_0008,4376,1.385639838362069,1.944217916666665,1375,0.31421389396709326,172.6695,27455.347399999988,27788.468399999998,1176.3467999999993,True,True,True
5,130,0.5,c05_storm2_w80_u130_0008,4376,1.385639838362069,1.944217916666665,1375,0.31421389396709326,172.6695,30946.65259999997,31493.011799999993,1270.949199999999,True,True,True
5,130,0.75,c05_storm2_w80_u130_0008,4376,1.385639838362069,1.944217916666665,1375,0.31421389396709326,172.6695,36761.56559999999,37606.950200000014,1959.0419999999983,True,True,True
5,130,1.0,c05_storm2_w80_u130_0008,4376,1.385639838362069,1.944217916666665,1375,0.31421389396709326,172.6695,42164.808199999985,43450.36239999998,1579.7511999999992,True,True,True
5,130,0.25,c05_storm2_w80_u130_0009,4239,1.2755189008620702,1.8664379166666658,1165,0.274828969096485,150.50450000000006,17262.367600000012,18518.383600000005,875.1904,True,True,True
5,130,0.5,c05_storm2_w80_u130_0009,4239,1.2755189008620702,1.8664379166666658,1165,0.274828969096485,150.50450000000006,18996.6146,20896.66320000001,1134.1740000000004,True,True,True
5,130,0.75,c05_storm2_w80_u130_0009,4239,1.2755189008620702,1.8664379166666658,1165,0.274828969096485,150.50450000000006,22238.4264,24551.4108,1525.8960000000006,True,True,True
5,130,1.0,c05_storm2_w80_u130_0009,4239,1.2755189008620702,1.8664379166666658,1165,0.274828969096485,150.50450000000006,25857.54060000001,28762.205599999994,1904.2012000000002,True,True,True
5,130,0.25,c05_storm2_w80_u130_0010,4331,1.3099606034482758,2.2547737500000022,1208,0.2789194181482337,181.7013,30566.61399999998,33739.5209,802.5476000000002,True,True,True
5,130,0.5,c05_storm2_w80_u130_0010,4331,1.3099606034482758,2.2547737500000022,1208,0.2789194181482337,181.7013,33212.47519999998,37002.237100000006,1027.6637999999991,True,True,True
5,130,0.75,c05_storm2_w80_u130_0010,4331,1.3099606034482758,2.2547737500000022,1208,0.2789194181482337,181.7013,35950.64459999999,40209.8001,1397.4636,True,True,True
5,130,1.0,c05_storm2_w80_u130_0010,4331,1.3099606034482758,2.2547737500000022,1208,0.2789194181482337,181.7013,38715.369999999995,43882.303100000005,2649.0115999999994,True,True,True
5,130,0.25,c05_storm2_w80_u130_0011,4150,1.2795121551724145,2.079552916666666,1253,0.3019277108433735,167.38400000000001,27523.912599999956,29331.647199999978,1418.8863999999999,True,True,True
5,130,0.5,c05_storm2_w80_u130_0011,4150,1.2795121551724145,2.079552916666666,1253,0.3019277108433735,167.38400000000001,32636.365999999955,35301.24159999999,1667.7083999999998,True,True,True
5,130,0.75,c05_storm2_w80_u130_0011,4150,1.2795121551724145,2.079552916666666,1253,0.3019277108433735,167.38400000000001,36977.12739999997,40417.30159999998,1927.5395999999996,True,True,True
5,130,1.0,c05_storm2_w80_u130_0011,4150,1.2795121551724145,2.079552916666666,1253,0.3019277108433735,167.38400000000001,42791.91679999995,45813.87259999998,2597.7441999999996,True,True,True
10,70,0.25,c10_storm2_w80_u70_0000,6580,0.6682258522727267,0.9015129999999995,102,0.015501519756838906,155.9298,1585.8131999999996,1588.2316,1588.0316000000003,True,True,True
10,70,0.5,c10_storm2_w80_u70_0000,6580,0.6682258522727267,0.9015129999999995,102,0.015501519756838906,155.9298,1834.3500000000001,1835.2564,1834.142,True,True,True
10,70,0.75,c10_storm2_w80_u70_0000,6580,0.6682258522727267,0.9015129999999995,102,0.015501519756838906,155.9298,2138.6711999999998,2139.5775999999996,2138.4631999999997,True,True,True
10,70,1.0,c10_storm2_w80_u70_0000,6580,0.6682258522727267,0.9015129999999995,102,0.015501519756838906,155.9298,1955.1396000000002,1956.046,1954.9316000000001,True,True,True
10,70,0.25,c10_storm2_w80_u70_0001,6577,0.7026060064935059,1.05686842857143,149,0.022654705792914703,148.4297,1058.2936,1058.6304,1058.9128,True,True,True
10,70,0.5,c10_storm2_w80_u70_0001,6577,0.7026060064935059,1.05686842857143,149,0.022654705792914703,148.4297,1078.5344,1078.8712,1078.7976000000003,True,True,True
10,70,0.75,c10_storm2_w80_u70_0001,6577,0.7026060064935059,1.05686842857143,149,0.022654705792914703,148.4297,1043.2084,1042.7936000000002,1043.3708,True,True,True
10,70,1.0,c10_storm2_w80_u70_0001,6577,0.7026060064935059,1.05686842857143,149,0.022654705792914703,148.4297,1267.8912000000005,1265.5820000000003,1267.7032,True,True,True
10,70,0.25,c10_storm2_w80_u70_0002,6488,0.6793796672077912,0.9585142857142861,112,0.01726263871763255,166.8861,1629.1892000000003,1624.69,1613.5236000000004,True,True,True
10,70,0.5,c10_storm2_w80_u70_0002,6488,0.6793796672077912,0.9585142857142861,112,0.01726263871763255,166.8861,1418.2472000000002,1401.0028000000002,1391.1044000000002,True,True,True
10,70,0.75,c10_storm2_w80_u70_0002,6488,0.6793796672077912,0.9585142857142861,112,0.01726263871763255,166.8861,1319.7422000000001,1302.0490000000004,1292.0513999999998,True,True,True
10,70,1.0,c10_storm2_w80_u70_0002,6488,0.6793796672077912,0.9585142857142861,112,0.01726263871763255,166.8861,1495.7464000000004,1463.5872000000004,1464.7736000000004,True,True,True
10,70,0.25,c10_storm2_w80_u70_0003,6531,0.7175588961038945,0.9591640357142849,122,0.018680140866636042,157.7106,2086.1668,2086.8212,2085.9204,True,True,True
10,70,0.5,c10_storm2_w80_u70_0003,6531,0.7175588961038945,0.9591640357142849,122,0.018680140866636042,157.7106,2275.6348000000003,2270.8844,2270.992,True,True,True
10,70,0.75,c10_storm2_w80_u70_0003,6531,0.7175588961038945,0.9591640357142849,122,0.018680140866636042,157.7106,2644.9456000000005,2640.4832000000006,2647.1976,True,True,True
10,70,1.0,c10_storm2_w80_u70_0003,6531,0.7175588961038945,0.9591640357142849,122,0.018680140866636042,157.7106,2590.2616000000003,2571.6435999999994,2571.9468,True,True,True
10,70,0.25,c10_storm2_w80_u70_0004,6580,0.743960543831168,0.9603264642857156,134,0.020364741641337385,157.6719,2337.7272000000003,2334.3464000000004,2342.1784,True,True,True
10,70,0.5,c10_storm2_w80_u70_0004,6580,0.743960543831168,0.9603264642857156,134,0.020364741641337385,157.6719,2377.4472000000005,2372.456,2374.8576000000003,True,True,True
10,70,0.75,c10_storm2_w80_u70_0004,6580,0.743960543831168,0.9603264642857156,134,0.020364741641337385,157.6719,2395.5816000000004,2390.5904,2415.5176,True,True,True
10,70,1.0,c10_storm2_w80_u70_0004,6580,0.743960543831168,0.9603264642857156,134,0.020364741641337385,157.6719,2779.9260000000004,2776.3756000000003,2780.1928,True,True,True
10,70,0.25,c10_storm2_w80_u70_0005,6614,0.6969210551948046,1.0084533571428584,155,0.0234351375869368,153.0341,1717.9996,1718.3475999999998,1719.2779999999998,True,True,True
10,70,0.5,c10_storm2_w80_u70_0005,6614,0.6969210551948046,1.0084533571428584,155,0.0234351375869368,153.0341,1745.9424,1746.2903999999999,1745.9671999999996,True,True,True
10,70,0.75,c10_storm2_w80_u70_0005,6614,0.6969210551948046,1.0084533571428584,155,0.0234351375869368,153.0341,1932.4447999999998,1932.7927999999997,1933.3007999999995,True,True,True
10,70,1.0,c10_storm2_w80_u70_0005,6614,0.6969210551948046,1.0084533571428584,155,0.0234351375869368,153.0341,1882.7492,1880.2523999999999,1881.8667999999998,True,True,True
10,70,0.25,c10_storm2_w80_u70_0006,6609,0.6836886607142844,0.9841371527777787,132,0.01997276441216523,169.5292,937.4728,931.7008,932.4984000000001,True,True,True
10,70,0.5,c10_storm2_w80_u70_0006,6609,0.6836886607142844,0.9841371527777787,132,0.01997276441216523,169.5292,1045.2839999999997,1040.4328,1040.5703999999996,True,True,True
10,70,0.75,c10_storm2_w80_u70_0006,6609,0.6836886607142844,0.9841371527777787,132,0.01997276441216523,169.5292,1321.3647999999998,1316.1567999999997,1316.8231999999998,True,True,True
10,70,1.0,c10_storm2_w80_u70_0006,6609,0.6836886607142844,0.9841371527777787,132,0.01997276441216523,169.5292,1657.8947999999998,1646.0416,1645.7511999999997,True,True,True
10,70,0.25,c10_storm2_w80_u70_0007,6465,0.6907725162337652,0.9766602857142869,121,0.018716163959783448,151.7846,661.06,661.06,662.2832,True,True,True
10,70,0.5,c10_storm2_w80_u70_0007,6465,0.6907725162337652,0.9766602857142869,121,0.018716163959783448,151.7846,739.6927999999998,739.6927999999998,740.9159999999999,True,True,True
10,70,0.75,c10_storm2_w80_u70_0007,6465,0.6907725162337652,0.9766602857142869,121,0.018716163959783448,151.7846,883.6667999999997,883.6667999999997,884.8899999999999,True,True,True
10,70,1.0,c10_storm2_w80_u70_0007,6465,0.6907725162337652,0.9766602857142869,121,0.018716163959783448,151.7846,1376.4183999999996,1376.3007999999995,1376.0247999999997,True,True,True
10,70,0.25,c10_storm2_w80_u70_0008,6591,0.6992368019480503,1.032309750000001,139,0.021089364284630558,136.32760000000002,1362.8694000000003,1336.7506,1229.6749999999997,True,True,True
10,70,0.5,c10_storm2_w80_u70_0008,6591,0.6992368019480503,1.032309750000001,139,0.021089364284630558,136.32760000000002,1388.2134000000003,1387.0626,1264.8917999999999,True,True,True
10,70,0.75,c10_storm2_w80_u70_0008,6591,0.6992368019480503,1.032309750000001,139,0.021089364284630558,136.32760000000002,1543.4812,1596.8255999999997,1442.1071999999995,True,True,True
10,70,1.0,c10_storm2_w80_u70_0008,6591,0.6992368019480503,1.032309750000001,139,0.021089364284630558,136.32760000000002,1679.1435999999997,1797.4479999999994,1578.2991999999997,True,True,True
10,70,0.25,c10_storm2_w80_u70_0009,6614,0.6958616639610383,0.99864275,142,0.021469609918355004,140.5894,776.3644,774.5316,785.2132,True,True,True
10,70,0.5,c10_storm2_w80_u70_0009,6614,0.6958616639610383,0.99864275,142,0.021469609918355004,140.5894,1001.8032000000001,999.9704000000002,1011.9536,True,True,True
10,70,0.75,c10_storm2_w80_u70_0009,6614,0.6958616639610383,0.99864275,142,0.021469609918355004,140.5894,776.8140000000001,770.4979999999998,804.0300000000001,True,True,True
10,70,1.0,c10_storm2_w80_u70_0009,6614,0.6958616639610383,0.99864275,142,0.021469609918355004,140.5894,1186.2072000000003,1197.2184000000002,1199.2616000000003,True,True,True
10,70,0.25,c10_storm2_w80_u70_0010,6606,0.7167843100649343,0.9849143214285719,125,0.018922191946715107,149.6574,1798.7564000000002,1798.7939999999999,1798.6868,True,True,True
10,70,0.5,c10_storm2_w80_u70_0010,6606,0.7167843100649343,0.9849143214285719,125,0.018922191946715107,149.6574,2008.2384000000002,2008.2760000000003,2008.1688000000004,True,True,True
10,70,0.75,c10_storm2_w80_u70_0010,6606,0.7167843100649343,0.9849143214285719,125,0.018922191946715107,149.6574,2201.666,2201.7036000000003,2201.5964,True,True,True
10,70,1.0,c10_storm2_w80_u70_0010,6606,0.7167843100649343,0.9849143214285719,125,0.018922191946715107,149.6574,1772.4332000000004,1772.4708000000005,1772.4812000000002,True,True,True
10,70,0.25,c10_storm2_w80_u70_0011,6478,0.7139771266233755,0.9605014999999998,143,0.022074714418030255,167.88170000000002,1945.7888000000003,1946.1640000000002,1945.9256000000005,True,True,True
10,70,0.5,c10_storm2_w80_u70_0011,6478,0.7139771266233755,0.9605014999999998,143,0.022074714418030255,167.88170000000002,2278.1748000000002,2278.55,2278.5172000000002,True,True,True
10,70,0.75,c10_storm2_w80_u70_0011,6478,0.7139771266233755,0.9605014999999998,143,0.022074714418030255,167.88170000000002,2546.9300000000003,2547.2076000000006,2546.9268,True,True,True
10,70,1.0,c10_storm2_w80_u70_0011,6478,0.7139771266233755,0.9605014999999998,143,0.022074714418030255,167.88170000000002,2817.9696000000004,2812.572400000001,2824.652,True,True,True
10,90,0.25,c10_storm2_w80_u90_0000,8455,0.9088088798701283,1.2641132638888886,971,0.11484328799526908,156.3759,2251.6664000000005,1951.6963999999991,1659.9880000000003,True,True,True
10,90,0.5,c10_storm2_w80_u90_0000,8455,0.9088088798701283,1.2641132638888886,971,0.11484328799526908,156.3759,2102.1680000000006,1755.7539999999997,1492.5096000000003,True,True,True
10,90,0.75,c10_storm2_w80_u90_0000,8455,0.9088088798701283,1.2641132638888886,971,0.11484328799526908,156.3759,2188.254400000001,1849.3352000000002,1427.9991999999997,True,True,True
10,90,1.0,c10_storm2_w80_u90_0000,8455,0.9088088798701283,1.2641132638888886,971,0.11484328799526908,156.3759,2470.540000000001,2182.8364,1682.9904000000006,True,True,True
10,90,0.25,c10_storm2_w80_u90_0001,8541,0.8978845616883099,1.2422273214285726,791,0.09261210631073645,166.1268,1024.5743999999995,1011.6111999999994,929.3267999999999,True,True,True
10,90,0.5,c10_storm2_w80_u90_0001,8541,0.8978845616883099,1.2422273214285726,791,0.09261210631073645,166.1268,1218.5007999999993,1260.3579999999993,1114.5076,True,True,True
10,90,0.75,c10_storm2_w80_u90_0001,8541,0.8978845616883099,1.2422273214285726,791,0.09261210631073645,166.1268,1269.6675999999998,1288.7547999999997,1155.6796,True,True,True
10,90,1.0,c10_storm2_w80_u90_0001,8541,0.8978845616883099,1.2422273214285726,791,0.09261210631073645,166.1268,1532.6160000000002,1562.8195999999998,1501.8483999999996,True,True,True
10,90,0.25,c10_storm2_w80_u90_0002,8560,0.9192692694805182,1.2662204166666666,815,0.09521028037383178,159.2147,1992.9483999999989,1895.6335999999997,1668.007999999999,True,True,True
10,90,0.5,c10_storm2_w80_u90_0002,8560,0.9192692694805182,1.2662204166666666,815,0.09521028037383178,159.2147,2412.5699999999993,2341.857999999998,1856.4583999999995,True,True,True
10,90,0.75,c10_storm2_w80_u90_0002,8560,0.9192692694805182,1.2662204166666666,815,0.09521028037383178,159.2147,2828.0056,2699.8119999999985,1991.6583999999998,True,True,True
10,90,1.0,c10_storm2_w80_u90_0002,8560,0.9192692694805182,1.2662204166666666,815,0.09521028037383178,159.2147,2781.684,2657.5928,2002.5603999999994,True,True,True
10,90,0.25,c10_storm2_w80_u90_0003,8491,0.9377304951298687,1.2495995357142877,833,0.09810387469084914,170.0547,2962.6007999999997,3083.5412000000006,2658.3600000000006,True,True,True
10,90,0.5,c10_storm2_w80_u90_0003,8491,0.9377304951298687,1.2495995357142877,833,0.09810387469084914,170.0547,3603.4339999999997,3772.0280000000007,3227.5432000000005,True,True,True
10,90,0.75,c10_storm2_w80_u90_0003,8491,0.9377304951298687,1.2495995357142877,833,0.09810387469084914,170.0547,4068.254800000001,4281.388400000002,3554.3927999999996,True,True,True
10,90,1.0,c10_storm2_w80_u90_0003,8491,0.9377304951298687,1.2495995357142877,833,0.09810387469084914,170.0547,4719.555200000001,5090.366399999998,4153.558000000001,True,True,True
10,90,0.25,c10_storm2_w80_u90_0004,8425,0.892530592532466,1.3293419999999998,713,0.08462908011869436,145.6656,2305.54,2256.8604,1301.68,True,True,True
10,90,0.5,c10_storm2_w80_u90_0004,8425,0.892530592532466,1.3293419999999998,713,0.08462908011869436,145.6656,2982.1983999999993,2978.3807999999995,1475.1228000000003,True,True,True
10,90,0.75,c10_storm2_w80_u90_0004,8425,0.892530592532466,1.3293419999999998,713,0.08462908011869436,145.6656,3217.554,3308.7664000000004,1735.3612000000003,True,True,True
10,90,1.0,c10_storm2_w80_u90_0004,8425,0.892530592532466,1.3293419999999998,713,0.08462908011869436,145.6656,3724.188399999999,3831.865600000001,2422.5039999999995,True,True,True
10,90,0.25,c10_storm2_w80_u90_0005,8490,0.8675032142857124,1.2490312142857136,760,0.0895170789163722,138.9668,1407.6099999999997,1422.1587999999997,1162.9276,True,True,True
10,90,0.5,c10_storm2_w80_u90_0005,8490,0.8675032142857124,1.2490312142857136,760,0.0895170789163722,138.9668,1642.4292,1627.4219999999991,1333.8624000000004,True,True,True
10,90,0.75,c10_storm2_w80_u90_0005,8490,0.8675032142857124,1.2490312142857136,760,0.0895170789163722,138.9668,1850.1467999999995,1814.4583999999995,1497.7163999999996,True,True,True
10,90,1.0,c10_storm2_w80_u90_0005,8490,0.8675032142857124,1.2490312142857136,760,0.0895170789163722,138.9668,2076.6616,2069.976399999999,1695.6391999999994,True,True,True
10,90,0.25,c10_storm2_w80_u90_0006,8376,0.9210761201298684,1.2637551071428594,1094,0.13061127029608405,165.2517,1563.392599999999,1515.1049999999993,1349.7329999999997,True,True,True
10,90,0.5,c10_storm2_w80_u90_0006,8376,0.9210761201298684,1.2637551071428594,1094,0.13061127029608405,165.2517,1821.6849999999997,1813.2437999999986,1530.0793999999996,True,True,True
10,90,0.75,c10_storm2_w80_u90_0006,8376,0.9210761201298684,1.2637551071428594,1094,0.13061127029608405,165.2517,2126.461599999999,2097.523599999998,1879.4892,True,True,True
10,90,1.0,c10_storm2_w80_u90_0006,8376,0.9210761201298684,1.2637551071428594,1094,0.13061127029608405,165.2517,2681.0407999999998,2680.8472000000006,2586.0204,True,True,True
10,90,0.25,c10_storm2_w80_u90_0007,8532,0.8919086282467517,1.3234379999999994,1254,0.1469760900140647,146.1218,2731.9907999999987,2547.3543999999993,1508.7432000000006,True,True,True
10,90,0.5,c10_storm2_w80_u90_0007,8532,0.8919086282467517,1.3234379999999994,1254,0.1469760900140647,146.1218,2869.1791999999978,2611.902,1203.808,True,True,True
10,90,0.75,c10_storm2_w80_u90_0007,8532,0.8919086282467517,1.3234379999999994,1254,0.1469760900140647,146.1218,3133.373199999997,2908.838,1217.7216,True,True,True
10,90,1.0,c10_storm2_w80_u90_0007,8532,0.8919086282467517,1.3234379999999994,1254,0.1469760900140647,146.1218,3674.4171999999976,3351.443200000001,1557.3471999999992,True,True,True
10,90,0.25,c10_storm2_w80_u90_0008,8435,0.9581984577922062,1.4834017499999996,1015,0.12033195020746888,153.3971,2899.2544000000003,3210.446800000002,1874.2323999999999,True,True,True
10,90,0.5,c10_storm2_w80_u90_0008,8435,0.9581984577922062,1.4834017499999996,1015,0.12033195020746888,153.3971,3567.0688000000005,4120.8072,1925.4283999999998,True,True,True
10,90,0.75,c10_storm2_w80_u90_0008,8435,0.9581984577922062,1.4834017499999996,1015,0.12033195020746888,153.3971,4033.296,4840.809200000001,2181.2412,True,True,True
10,90,1.0,c10_storm2_w80_u90_0008,8435,0.9581984577922062,1.4834017499999996,1015,0.12033195020746888,153.3971,4166.610000000002,5003.0172,2563.659200000001,True,True,True
10,90,0.25,c10_storm2_w80_u90_0009,8402,0.8908264448051937,1.2176787500000006,1041,0.12389907164960724,134.291,1900.4615999999992,1890.4083999999987,1699.6539999999995,True,True,True
10,90,0.5,c10_storm2_w80_u90_0009,8402,0.8908264448051937,1.2176787500000006,1041,0.12389907164960724,134.291,2073.709999999999,2071.3443999999986,1747.443199999999,True,True,True
10,90,0.75,c10_storm2_w80_u90_0009,8402,0.8908264448051937,1.2176787500000006,1041,0.12389907164960724,134.291,2114.7303999999995,2116.9639999999986,1775.672799999999,True,True,True
10,90,1.0,c10_storm2_w80_u90_0009,8402,0.8908264448051937,1.2176787500000006,1041,0.12389907164960724,134.291,2109.8523999999998,2123.3508,1982.3084,True,True,True
10,90,0.25,c10_storm2_w80_u90_0010,8563,0.8659549837662317,1.2440985000000002,845,0.09868036902954572,167.1893,2710.1292,2641.7044,2347.0643999999998,True,True,True
10,90,0.5,c10_storm2_w80_u90_0010,8563,0.8659549837662317,1.2440985000000002,845,0.09868036902954572,167.1893,3920.2131999999997,3857.2855999999997,3055.2955999999995,True,True,True
10,90,0.75,c10_storm2_w80_u90_0010,8563,0.8659549837662317,1.2440985000000002,845,0.09868036902954572,167.1893,4324.446,4247.9552,3373.6675999999998,True,True,True
10,90,1.0,c10_storm2_w80_u90_0010,8563,0.8659549837662317,1.2440985000000002,845,0.09868036902954572,167.1893,4927.2272,4902.2087999999985,3611.0892000000003,True,True,True
10,90,0.25,c10_storm2_w80_u90_0011,8421,0.8659871590909075,1.2898587499999996,690,0.0819380121125757,162.0402,2268.8664,2293.3335999999995,1785.2403999999997,True,True,True
10,90,0.5,c10_storm2_w80_u90_0011,8421,0.8659871590909075,1.2898587499999996,690,0.0819380121125757,162.0402,2457.876799999999,2475.0312000000004,2064.441599999999,True,True,True
10,90,0.75,c10_storm2_w80_u90_0011,8421,0.8659871590909075,1.2898587499999996,690,0.0819380121125757,162.0402,2517.83,2491.8448,2051.9979999999996,True,True,True
10,90,1.0,c10_storm2_w80_u90_0011,8421,0.8659871590909075,1.2898587499999996,690,0.0819380121125757,162.0402,3250.2164,3275.6703999999986,2758.258,True,True,True
10,100,0.25,c10_storm2_w80_u100_0000,9350,1.029288092532466,1.3709394285714285,1538,0.16449197860962567,158.618,4621.095600000005,5132.022800000003,2125.1168,True,True,True
10,100,0.5,c10_storm2_w80_u100_0000,9350,1.029288092532466,1.3709394285714285,1538,0.16449197860962567,158.618,5123.926000000004,6078.385600000002,2166.9116,True,True,True
10,100,0.75,c10_storm2_w80_u100_0000,9350,1.029288092532466,1.3709394285714285,1538,0.16449197860962567,158.618,5675.5728,6869.365600000001,2305.8243999999995,True,True,True
10,100,1.0,c10_storm2_w80_u100_0000,9350,1.029288092532466,1.3709394285714285,1538,0.16449197860962567,158.618,7242.495600000002,9266.553200000011,2988.7824,True,True,True
10,100,0.25,c10_storm2_w80_u100_0001,9160,0.968345860389609,1.3454934999999997,1230,0.13427947598253276,154.52179999999998,4043.557200000002,3867.5028000000025,3105.293600000001,True,True,True
10,100,0.5,c10_storm2_w80_u100_0001,9160,0.968345860389609,1.3454934999999997,1230,0.13427947598253276,154.52179999999998,4229.108800000002,3992.178400000002,3157.840400000001,True,True,True
10,100,0.75,c10_storm2_w80_u100_0001,9160,0.968345860389609,1.3454934999999997,1230,0.13427947598253276,154.52179999999998,4195.676000000001,3936.7252000000026,2979.4640000000004,True,True,True
10,100,1.0,c10_storm2_w80_u100_0001,9160,0.968345860389609,1.3454934999999997,1230,0.13427947598253276,154.52179999999998,4042.2128000000016,3934.488000000003,2513.0288000000005,True,True,True
10,100,0.25,c10_storm2_w80_u100_0002,9240,0.9829787175324648,1.4018437142857116,1430,0.15476190476190477,151.3459,3860.0532000000017,4314.828400000001,1967.02,True,True,True
10,100,0.5,c10_storm2_w80_u100_0002,9240,0.9829787175324648,1.4018437142857116,1430,0.15476190476190477,151.3459,4320.665200000003,5102.4412,2143.6683999999996,True,True,True
10,100,0.75,c10_storm2_w80_u100_0002,9240,0.9829787175324648,1.4018437142857116,1430,0.15476190476190477,151.3459,4889.078400000001,6379.3424,2229.4071999999996,True,True,True
10,100,1.0,c10_storm2_w80_u100_0002,9240,0.9829787175324648,1.4018437142857116,1430,0.15476190476190477,151.3459,5845.472799999999,8146.432399999997,2471.3755999999994,True,True,True
10,100,0.25,c10_storm2_w80_u100_0003,9346,1.0294855925324662,1.43809825,1925,0.2059704686496897,136.90089999999998,7521.757200000001,7945.339999999997,2986.5948000000008,True,True,True
10,100,0.5,c10_storm2_w80_u100_0003,9346,1.0294855925324662,1.43809825,1925,0.2059704686496897,136.90089999999998,8436.043200000004,9134.834399999994,3444.5663999999997,True,True,True
10,100,0.75,c10_storm2_w80_u100_0003,9346,1.0294855925324662,1.43809825,1925,0.2059704686496897,136.90089999999998,10102.395200000003,10716.54519999999,4254.2916000000005,True,True,True
10,100,1.0,c10_storm2_w80_u100_0003,9346,1.0294855925324662,1.43809825,1925,0.2059704686496897,136.90089999999998,11798.426799999997,13080.306400000009,4426.884799999999,True,True,True
10,100,0.25,c10_storm2_w80_u100_0004,9423,0.9932980275974007,1.4062142857142859,1672,0.1774381831688422,125.82930000000002,4454.728199999996,5455.340199999997,1098.2428,True,True,True
10,100,0.5,c10_storm2_w80_u100_0004,9423,0.9932980275974007,1.4062142857142859,1672,0.1774381831688422,125.82930000000002,4996.631599999995,6569.8449999999975,1092.3600000000001,True,True,True
10,100,0.75,c10_storm2_w80_u100_0004,9423,0.9932980275974007,1.4062142857142859,1672,0.1774381831688422,125.82930000000002,5358.8771999999935,7428.261200000002,1350.1547999999998,True,True,True
10,100,1.0,c10_storm2_w80_u100_0004,9423,0.9932980275974007,1.4062142857142859,1672,0.1774381831688422,125.82930000000002,5895.359199999994,8971.749200000002,1422.6964000000003,True,True,True
10,100,0.25,c10_storm2_w80_u100_0005,9509,1.0528627840909073,1.4573321428571435,2089,0.21968661268272163,160.7688,6751.147199999996,7505.308600000002,2008.6039999999994,True,True,True
10,100,0.5,c10_storm2_w80_u100_0005,9509,1.0528627840909073,1.4573321428571435,2089,0.21968661268272163,160.7688,7192.359599999993,8480.741800000002,1742.7720000000004,True,True,True
10,100,0.75,c10_storm2_w80_u100_0005,9509,1.0528627840909073,1.4573321428571435,2089,0.21968661268272163,160.7688,8561.053199999993,10759.235799999993,1913.4612000000002,True,True,True
10,100,1.0,c10_storm2_w80_u100_0005,9509,1.0528627840909073,1.4573321428571435,2089,0.21968661268272163,160.7688,11099.037200000004,14376.187999999993,2310.1676,True,True,True
10,100,0.25,c10_storm2_w80_u100_0006,9365,0.9683412987012965,1.3559715000000003,1529,0.16326748531767218,126.779,5923.292799999994,6754.2192000000005,1803.7631999999994,True,True,True
10,100,0.5,c10_storm2_w80_u100_0006,9365,0.9683412987012965,1.3559715000000003,1529,0.16326748531767218,126.779,7559.552399999993,8964.330400000004,2459.9807999999994,True,True,True
10,100,0.75,c10_storm2_w80_u100_0006,9365,0.9683412987012965,1.3559715000000003,1529,0.16326748531767218,126.779,7492.001599999989,9285.466400000003,2633.0616,True,True,True
10,100,1.0,c10_storm2_w80_u100_0006,9365,0.9683412987012965,1.3559715000000003,1529,0.16326748531767218,126.779,6843.785199999995,9914.2308,2691.4299999999994,True,True,True
10,100,0.25,c10_storm2_w80_u100_0007,9508,1.0384619155844133,1.5051792499999996,1915,0.20140933950357592,158.39679999999998,7123.775200000004,7831.4400000000005,2996.959599999999,True,True,True
10,100,0.5,c10_storm2_w80_u100_0007,9508,1.0384619155844133,1.5051792499999996,1915,0.20140933950357592,158.39679999999998,8293.901000000002,9394.469799999993,3010.677600000001,True,True,True
10,100,0.75,c10_storm2_w80_u100_0007,9508,1.0384619155844133,1.5051792499999996,1915,0.20140933950357592,158.39679999999998,9692.601800000002,11314.559799999994,3209.1559999999995,True,True,True
10,100,1.0,c10_storm2_w80_u100_0007,9508,1.0384619155844133,1.5051792499999996,1915,0.20140933950357592,158.39679999999998,10041.708,12356.343599999993,3200.1748000000007,True,True,True
10,100,0.25,c10_storm2_w80_u100_0008,9282,0.9718199837662316,1.3956769285714288,1748,0.1883214824391295,152.421,4461.8175999999985,5010.984799999997,1328.8148000000003,True,True,True
10,100,0.5,c10_storm2_w80_u100_0008,9282,0.9718199837662316,1.3956769285714288,1748,0.1883214824391295,152.421,5340.987599999999,6262.9298,1427.6960000000001,True,True,True
10,100,0.75,c10_storm2_w80_u100_0008,9282,0.9718199837662316,1.3956769285714288,1748,0.1883214824391295,152.421,6173.387799999999,7673.365399999996,1806.8136,True,True,True
10,100,1.0,c10_storm2_w80_u100_0008,9282,0.9718199837662316,1.3956769285714288,1748,0.1883214824391295,152.421,8436.953599999995,10656.894399999996,2691.4339999999997,True,True,True
10,100,0.25,c10_storm2_w80_u100_0009,9287,0.9724997646103873,1.4035703571428557,1634,0.1759448691719608,170.1877,4655.004399999995,5312.143199999989,1894.7135999999996,True,True,True
10,100,0.5,c10_storm2_w80_u100_0009,9287,0.9724997646103873,1.4035703571428557,1634,0.1759448691719608,170.1877,6167.892799999995,7156.936399999986,2483.3068000000003,True,True,True
10,100,0.75,c10_storm2_w80_u100_0009,9287,0.9724997646103873,1.4035703571428557,1634,0.1759448691719608,170.1877,7187.594399999995,8377.597599999983,2894.621199999999,True,True,True
10,100,1.0,c10_storm2_w80_u100_0009,9287,0.9724997646103873,1.4035703571428557,1634,0.1759448691719608,170.1877,8620.767599999994,10519.42359999999,3639.3419999999996,True,True,True
10,100,0.25,c10_storm2_w80_u100_0010,9419,0.953846923701296,1.391573285714283,1674,0.17772587323495062,169.5026,2513.557600000001,3283.8556000000017,991.606,True,True,True
10,100,0.5,c10_storm2_w80_u100_0010,9419,0.953846923701296,1.391573285714283,1674,0.17772587323495062,169.5026,3081.8476,4325.481600000003,1019.6404000000002,True,True,True
10,100,0.75,c10_storm2_w80_u100_0010,9419,0.953846923701296,1.391573285714283,1674,0.17772587323495062,169.5026,3716.883199999999,5402.949600000004,1123.5064000000007,True,True,True
10,100,1.0,c10_storm2_w80_u100_0010,9419,0.953846923701296,1.391573285714283,1674,0.17772587323495062,169.5026,5456.055999999998,7848.229600000001,1673.2956000000004,True,True,True
10,100,0.25,c10_storm2_w80_u100_0011,9421,0.9996211607142851,1.411125750000001,1622,0.1721685596008916,126.1979,4254.352000000001,4269.824799999996,2086.9256000000005,True,True,True
10,100,0.5,c10_storm2_w80_u100_0011,9421,0.9996211607142851,1.411125750000001,1622,0.1721685596008916,126.1979,4954.702,5284.0759999999955,2435.4488,True,True,True
10,100,0.75,c10_storm2_w80_u100_0011,9421,0.9996211607142851,1.411125750000001,1622,0.1721685596008916,126.1979,4985.631599999999,5606.407999999994,2415.2743999999993,True,True,True
10,100,1.0,c10_storm2_w80_u100_0011,9421,0.9996211607142851,1.411125750000001,1622,0.1721685596008916,126.1979,6624.438000000001,8127.346399999998,2848.2940000000003,True,True,True
10,110,0.25,c10_storm2_w80_u110_0000,10354,1.0905034009740242,1.5228967142857164,2700,0.2607687850106239,142.7267,13935.11480000001,14706.756599999997,2059.2616,True,True,True
10,110,0.5,c10_storm2_w80_u110_0000,10354,1.0905034009740242,1.5228967142857164,2700,0.2607687850106239,142.7267,16349.51920000001,17230.36999999999,2390.3488,True,True,True
10,110,0.75,c10_storm2_w80_u110_0000,10354,1.0905034009740242,1.5228967142857164,2700,0.2607687850106239,142.7267,19887.019399999997,20716.604199999987,2806.8491999999997,True,True,True
10,110,1.0,c10_storm2_w80_u110_0000,10354,1.0905034009740242,1.5228967142857164,2700,0.2607687850106239,142.7267,24020.156399999996,25168.837199999994,2810.2604,True,True,True
10,110,0.25,c10_storm2_w80_u110_0001,10196,1.0875532954545417,1.5983868928571372,2658,0.260690466849745,154.36180000000002,16704.962,16612.905199999997,2697.084,True,True,True
10,110,0.5,c10_storm2_w80_u110_0001,10196,1.0875532954545417,1.5983868928571372,2658,0.260690466849745,154.36180000000002,20894.527400000003,20862.98759999999,2571.548000000001,True,True,True
10,110,0.75,c10_storm2_w80_u110_0001,10196,1.0875532954545417,1.5983868928571372,2658,0.260690466849745,154.36180000000002,24214.992599999998,24665.71159999999,2642.4176000000016,True,True,True
10,110,1.0,c10_storm2_w80_u110_0001,10196,1.0875532954545417,1.5983868928571372,2658,0.260690466849745,154.36180000000002,29645.867199999997,29745.35639999999,2827.383200000001,True,True,True
10,110,0.25,c10_storm2_w80_u110_0002,10350,1.085226793831166,1.5713527500000004,2604,0.2515942028985507,157.92919999999998,12230.333199999994,13598.877999999992,2171.5232,True,True,True
10,110,0.5,c10_storm2_w80_u110_0002,10350,1.085226793831166,1.5713527500000004,2604,0.2515942028985507,157.92919999999998,14638.855599999983,16840.954800000003,2401.2011999999986,True,True,True
10,110,0.75,c10_storm2_w80_u110_0002,10350,1.085226793831166,1.5713527500000004,2604,0.2515942028985507,157.92919999999998,17013.68559999998,20105.42399999999,2392.4048,True,True,True
10,110,1.0,c10_storm2_w80_u110_0002,10350,1.085226793831166,1.5713527500000004,2604,0.2515942028985507,157.92919999999998,18929.45599999998,23066.840000000007,2574.5619999999994,True,True,True
10,110,0.25,c10_storm2_w80_u110_0003,10336,1.0883812256493488,1.53166625,2594,0.25096749226006193,169.062,14886.4518,15301.565999999993,692.3291999999994,True,True,True
10,110,0.5,c10_storm2_w80_u110_0003,10336,1.0883812256493488,1.53166625,2594,0.25096749226006193,169.062,17211.139799999997,17961.495199999987,716.4612000000002,True,True,True
10,110,0.75,c10_storm2_w80_u110_0003,10336,1.0883812256493488,1.53166625,2594,0.25096749226006193,169.062,20412.85620000001,21582.90759999999,999.4536000000003,True,True,True
10,110,1.0,c10_storm2_w80_u110_0003,10336,1.0883812256493488,1.53166625,2594,0.25096749226006193,169.062,25106.62760000002,26326.816799999982,1922.9639999999997,True,True,True
10,110,0.25,c10_storm2_w80_u110_0004,10512,1.1676984415584395,1.5800392142857154,2878,0.2737823439878234,166.7409,17232.90199999999,19055.82420000001,3856.6020000000008,True,True,True
10,110,0.5,c10_storm2_w80_u110_0004,10512,1.1676984415584395,1.5800392142857154,2878,0.2737823439878234,166.7409,20536.630799999988,23301.070400000004,4231.045600000001,True,True,True
10,110,0.75,c10_storm2_w80_u110_0004,10512,1.1676984415584395,1.5800392142857154,2878,0.2737823439878234,166.7409,23443.871399999967,27012.659200000006,4590.2464,True,True,True
10,110,1.0,c10_storm2_w80_u110_0004,10512,1.1676984415584395,1.5800392142857154,2878,0.2737823439878234,166.7409,27358.812799999956,32801.40280000001,4038.6547999999993,True,True,True
10,110,0.25,c10_storm2_w80_u110_0005,10225,1.077074180194803,1.4907721071428581,2333,0.22816625916870414,164.7181,12782.829399999997,13088.442999999996,2097.1551999999997,True,True,True
10,110,0.5,c10_storm2_w80_u110_0005,10225,1.077074180194803,1.4907721071428581,2333,0.22816625916870414,164.7181,13845.280600000002,14448.365399999991,2219.5808,True,True,True
10,110,0.75,c10_storm2_w80_u110_0005,10225,1.077074180194803,1.4907721071428581,2333,0.22816625916870414,164.7181,16466.41600000001,17332.265199999987,2502.4196,True,True,True
10,110,1.0,c10_storm2_w80_u110_0005,10225,1.077074180194803,1.4907721071428581,2333,0.22816625916870414,164.7181,21447.581600000005,22751.20359999999,2949.1964,True,True,True
10,110,0.25,c10_storm2_w80_u110_0006,10330,1.1659163636363614,1.5573758571428578,2849,0.27579864472410454,141.9262,20276.240399999966,19851.238999999994,3263.8694,True,True,True
10,110,0.5,c10_storm2_w80_u110_0006,10330,1.1659163636363614,1.5573758571428578,2849,0.27579864472410454,141.9262,24811.367999999962,24244.303399999997,3612.9356000000002,True,True,True
10,110,0.75,c10_storm2_w80_u110_0006,10330,1.1659163636363614,1.5573758571428578,2849,0.27579864472410454,141.9262,27938.918399999948,27061.163199999988,3716.508400000001,True,True,True
10,110,1.0,c10_storm2_w80_u110_0006,10330,1.1659163636363614,1.5573758571428578,2849,0.27579864472410454,141.9262,33587.461199999896,32405.19619999998,3692.3426000000004,True,True,True
10,110,0.25,c10_storm2_w80_u110_0007,10256,1.1041269074675308,1.554014178571431,2540,0.24765990639625585,156.6628,11394.216399999998,12274.957400000005,1346.501,True,True,True
10,110,0.5,c10_storm2_w80_u110_0007,10256,1.1041269074675308,1.554014178571431,2540,0.24765990639625585,156.6628,14795.062399999995,15990.43940000001,1200.7518000000002,True,True,True
10,110,0.75,c10_storm2_w80_u110_0007,10256,1.1041269074675308,1.554014178571431,2540,0.24765990639625585,156.6628,18535.13459999999,20015.39840000001,2134.5138000000006,True,True,True
10,110,1.0,c10_storm2_w80_u110_0007,10256,1.1041269074675308,1.554014178571431,2540,0.24765990639625585,156.6628,24537.7412,26493.542800000007,3071.6668000000004,True,True,True
10,110,0.25,c10_storm2_w80_u110_0008,10248,1.0767569318181798,1.46637725,2281,0.2225800156128025,157.6319,8953.3498,9927.858600000003,2463.9077999999995,True,True,True
10,110,0.5,c10_storm2_w80_u110_0008,10248,1.0767569318181798,1.46637725,2281,0.2225800156128025,157.6319,10233.785999999998,11632.320000000003,2201.2016,True,True,True
10,110,0.75,c10_storm2_w80_u110_0008,10248,1.0767569318181798,1.46637725,2281,0.2225800156128025,157.6319,11998.725799999998,13799.418600000005,2110.4934,True,True,True
10,110,1.0,c10_storm2_w80_u110_0008,10248,1.0767569318181798,1.46637725,2281,0.2225800156128025,157.6319,13491.080200000006,16010.454200000018,2058.3226000000004,True,True,True
10,110,0.25,c10_storm2_w80_u110_0009,10260,1.0445677353896077,1.5233551785714277,2228,0.21715399610136452,161.09789999999998,10290.317600000006,11065.2948,2165.9700000000003,True,True,True
10,110,0.5,c10_storm2_w80_u110_0009,10260,1.0445677353896077,1.5233551785714277,2228,0.21715399610136452,161.09789999999998,12097.166800000014,12945.407600000002,1815.2632000000006,True,True,True
10,110,0.75,c10_storm2_w80_u110_0009,10260,1.0445677353896077,1.5233551785714277,2228,0.21715399610136452,161.09789999999998,14242.811200000007,15495.519200000008,1778.5984000000005,True,True,True
10,110,1.0,c10_storm2_w80_u110_0009,10260,1.0445677353896077,1.5233551785714277,2228,0.21715399610136452,161.09789999999998,18964.001600000007,20266.398800000017,2059.876800000001,True,True,True
10,110,0.25,c10_storm2_w80_u110_0010,10528,1.1117032792207766,1.5052371428571432,2389,0.22691869300911854,169.65050000000002,12894.464000000002,13389.1444,2484.1960000000004,True,True,True
10,110,0.5,c10_storm2_w80_u110_0010,10528,1.1117032792207766,1.5052371428571432,2389,0.22691869300911854,169.65050000000002,15398.642000000007,16056.383200000004,2710.6256000000003,True,True,True
10,110,0.75,c10_storm2_w80_u110_0010,10528,1.1117032792207766,1.5052371428571432,2389,0.22691869300911854,169.65050000000002,17978.267999999996,18679.284800000005,3245.9383999999995,True,True,True
10,110,1.0,c10_storm2_w80_u110_0010,10528,1.1117032792207766,1.5052371428571432,2389,0.22691869300911854,169.65050000000002,21397.71480000002,22415.479600000002,3439.6464,True,True,True
10,110,0.25,c10_storm2_w80_u110_0011,10191,1.102892077922076,1.526163571428573,2535,0.24874889608478068,151.2237,10158.134000000004,11302.6376,2522.6628,True,True,True
10,110,0.5,c10_storm2_w80_u110_0011,10191,1.102892077922076,1.526163571428573,2535,0.24874889608478068,151.2237,12119.832200000003,13637.235000000004,2582.1494000000002,True,True,True
10,110,0.75,c10_storm2_w80_u110_0011,10191,1.102892077922076,1.526163571428573,2535,0.24874889608478068,151.2237,14138.170600000003,16063.390600000002,2922.6705999999995,True,True,True
10,110,1.0,c10_storm2_w80_u110_0011,10191,1.102892077922076,1.526163571428573,2535,0.24874889608478068,151.2237,18065.2296,21415.117600000012,2813.6476000000002,True,True,True
10,130,0.25,c10_storm2_w80_u130_0000,12150,1.2860165259740268,1.8754389285714326,4240,0.34897119341563787,170.1476,55740.01719999989,56158.87099999993,3566.594,True,True,True
10,130,0.5,c10_storm2_w80_u130_0000,12150,1.2860165259740268,1.8754389285714326,4240,0.34897119341563787,170.1476,67398.56559999987,68656.44319999997,3860.1272000000004,True,True,True
10,130,0.75,c10_storm2_w80_u130_0000,12150,1.2860165259740268,1.8754389285714326,4240,0.34897119341563787,170.1476,81512.5751999999,84162.38159999989,4172.3966,True,True,True
10,130,1.0,c10_storm2_w80_u130_0000,12150,1.2860165259740268,1.8754389285714326,4240,0.34897119341563787,170.1476,109194.47979999986,113037.97719999973,4764.000000000001,True,True,True
10,130,0.25,c10_storm2_w80_u130_0001,12258,1.2903072402597395,1.8864497499999997,4291,0.3500571055637135,164.3494,60655.10259999993,62462.60779999994,3627.9390000000003,True,True,True
10,130,0.5,c10_storm2_w80_u130_0001,12258,1.2903072402597395,1.8864497499999997,4291,0.3500571055637135,164.3494,72542.5241999999,74471.78419999991,3966.5958,True,True,True
10,130,0.75,c10_storm2_w80_u130_0001,12258,1.2903072402597395,1.8864497499999997,4291,0.3500571055637135,164.3494,84234.6309999999,86395.81079999988,4050.2654,True,True,True
10,130,1.0,c10_storm2_w80_u130_0001,12258,1.2903072402597395,1.8864497499999997,4291,0.3500571055637135,164.3494,105177.44839999973,107350.45519999985,3510.6136000000015,True,True,True
10,130,0.25,c10_storm2_w80_u130_0002,12346,1.3458734009740247,1.8474725000000016,4012,0.3249635509476754,168.6698,50710.20699999997,52353.51359999995,3783.1566000000007,True,True,True
10,130,0.5,c10_storm2_w80_u130_0002,12346,1.3458734009740247,1.8474725000000016,4012,0.3249635509476754,168.6698,63113.2571999999,64839.86579999997,4595.801600000001,True,True,True
10,130,0.75,c10_storm2_w80_u130_0002,12346,1.3458734009740247,1.8474725000000016,4012,0.3249635509476754,168.6698,76420.00419999984,79041.80039999993,5618.542000000002,True,True,True
10,130,1.0,c10_storm2_w80_u130_0002,12346,1.3458734009740247,1.8474725000000016,4012,0.3249635509476754,168.6698,97968.29899999994,102277.76999999992,7015.764200000002,True,True,True
10,130,0.25,c10_storm2_w80_u130_0003,12219,1.2626169480519478,1.8503683571428606,4048,0.3312873393894754,156.88829999999996,45822.51479999996,50237.624199999955,3136.491200000001,True,True,True
10,130,0.5,c10_storm2_w80_u130_0003,12219,1.2626169480519478,1.8503683571428606,4048,0.3312873393894754,156.88829999999996,53234.142599999956,59768.66119999999,3117.6440000000002,True,True,True
10,130,0.75,c10_storm2_w80_u130_0003,12219,1.2626169480519478,1.8503683571428606,4048,0.3312873393894754,156.88829999999996,61604.350599999925,70765.39539999994,3577.6112000000007,True,True,True
10,130,1.0,c10_storm2_w80_u130_0003,12219,1.2626169480519478,1.8503683571428606,4048,0.3312873393894754,156.88829999999996,73712.7065999998,86348.65639999983,3190.4512000000004,True,True,True
10,130,0.25,c10_storm2_w80_u130_0004,12160,1.3516565097402593,1.8239526071428602,4221,0.3471217105263158,167.7048,49036.685399999944,48058.93439999989,2551.244600000001,True,True,True
10,130,0.5,c10_storm2_w80_u130_0004,12160,1.3516565097402593,1.8239526071428602,4221,0.3471217105263158,167.7048,62893.639799999924,62151.42559999994,2782.8354,True,True,True
10,130,0.75,c10_storm2_w80_u130_0004,12160,1.3516565097402593,1.8239526071428602,4221,0.3471217105263158,167.7048,76412.9907999998,75681.34779999981,2855.647399999999,True,True,True
10,130,1.0,c10_storm2_w80_u130_0004,12160,1.3516565097402593,1.8239526071428602,4221,0.3471217105263158,167.7048,101827.02679999973,100598.20339999966,4310.918399999999,True,True,True
10,130,0.25,c10_storm2_w80_u130_0005,12108,1.280635251623376,1.9060822499999994,4286,0.35398083911463496,166.6827,58819.6089999999,58394.95520000001,3885.2316,True,True,True
10,130,0.5,c10_storm2_w80_u130_0005,12108,1.280635251623376,1.9060822499999994,4286,0.35398083911463496,166.6827,72529.98919999987,72726.39619999993,4003.1296,True,True,True
10,130,0.75,c10_storm2_w80_u130_0005,12108,1.280635251623376,1.9060822499999994,4286,0.35398083911463496,166.6827,87454.63699999983,87915.3949999999,3789.9464000000016,True,True,True
10,130,1.0,c10_storm2_w80_u130_0005,12108,1.280635251623376,1.9060822499999994,4286,0.35398083911463496,166.6827,111671.60279999967,111614.34179999982,5573.2704,True,True,True
10,130,0.25,c10_storm2_w80_u130_0006,12166,1.276770706168831,1.806937392857143,4302,0.35360841689955613,167.6952,51008.61559999994,49866.075799999926,1100.009,True,True,True
10,130,0.5,c10_storm2_w80_u130_0006,12166,1.276770706168831,1.806937392857143,4302,0.35360841689955613,167.6952,63860.31779999995,63239.230799999896,1260.8162000000002,True,True,True
10,130,0.75,c10_storm2_w80_u130_0006,12166,1.276770706168831,1.806937392857143,4302,0.35360841689955613,167.6952,80106.49379999995,80097.45099999977,1577.9118000000003,True,True,True
10,130,1.0,c10_storm2_w80_u130_0006,12166,1.276770706168831,1.806937392857143,4302,0.35360841689955613,167.6952,105699.92939999969,104740.92899999965,1947.6794,True,True,True
10,130,0.25,c10_storm2_w80_u130_0007,11961,1.273093157467531,1.7530911785714283,3938,0.3292366858958281,164.5845,44453.799399999974,44429.82759999997,2222.5288,True,True,True
10,130,0.5,c10_storm2_w80_u130_0007,11961,1.273093157467531,1.7530911785714283,3938,0.3292366858958281,164.5845,51959.698999999964,52582.700199999985,2212.5365999999995,True,True,True
10,130,0.75,c10_storm2_w80_u130_0007,11961,1.273093157467531,1.7530911785714283,3938,0.3292366858958281,164.5845,62529.8205999999,63739.59299999994,2114.7622,True,True,True
10,130,1.0,c10_storm2_w80_u130_0007,11961,1.273093157467531,1.7530911785714283,3938,0.3292366858958281,164.5845,79948.24259999993,82058.15079999987,2606.251200000001,True,True,True
10,130,0.25,c10_storm2_w80_u130_0008,12265,1.334839659090908,1.8195971785714258,4320,0.352221769262128,167.7052,58699.155599999925,60030.33699999995,1536.9243999999994,True,True,True
10,130,0.5,c10_storm2_w80_u130_0008,12265,1.334839659090908,1.8195971785714258,4320,0.352221769262128,167.7052,65254.64919999988,67678.3073999999,2340.2811999999994,True,True,True
10,130,0.75,c10_storm2_w80_u130_0008,12265,1.334839659090908,1.8195971785714258,4320,0.352221769262128,167.7052,76642.4511999999,80253.16799999983,2986.5163999999995,True,True,True
10,130,1.0,c10_storm2_w80_u130_0008,12265,1.334839659090908,1.8195971785714258,4320,0.352221769262128,167.7052,98623.00319999982,103195.0577999998,3877.6671999999994,True,True,True
10,130,0.25,c10_storm2_w80_u130_0009,12067,1.2747604301948054,1.7205430555555532,4163,0.34499046987652277,157.6867,43505.711399999884,43519.63299999991,2174.9464,True,True,True
10,130,0.5,c10_storm2_w80_u130_0009,12067,1.2747604301948054,1.7205430555555532,4163,0.34499046987652277,157.6867,55298.855999999876,54943.6611999998,2589.6167999999993,True,True,True
10,130,0.75,c10_storm2_w80_u130_0009,12067,1.2747604301948054,1.7205430555555532,4163,0.34499046987652277,157.6867,67057.45559999983,66345.94839999976,2996.489599999999,True,True,True
10,130,1.0,c10_storm2_w80_u130_0009,12067,1.2747604301948054,1.7205430555555532,4163,0.34499046987652277,157.6867,90563.86679999967,88659.14159999968,3617.7475999999992,True,True,True
10,130,0.25,c10_storm2_w80_u130_0010,12198,1.3465289935064937,1.830161250000001,4262,0.34940154123626826,168.3845,56171.36179999995,57651.795399999966,2388.5524,True,True,True
10,130,0.5,c10_storm2_w80_u130_0010,12198,1.3465289935064937,1.830161250000001,4262,0.34940154123626826,168.3845,68484.24839999995,70816.48699999994,2498.305799999999,True,True,True
10,130,0.75,c10_storm2_w80_u130_0010,12198,1.3465289935064937,1.830161250000001,4262,0.34940154123626826,168.3845,78771.0651999999,82329.96319999985,2408.8799999999997,True,True,True
10,130,1.0,c10_storm2_w80_u130_0010,12198,1.3465289935064937,1.830161250000001,4262,0.34940154123626826,168.3845,96996.44639999975,101960.11939999973,3889.2250000000004,True,True,True
10,130,0.25,c10_storm2_w80_u130_0011,12117,1.2979935227272734,1.7706317142857182,4114,0.3395229842370224,162.73770000000002,50279.77939999992,51570.711199999896,3615.688,True,True,True
10,130,0.5,c10_storm2_w80_u130_0011,12117,1.2979935227272734,1.7706317142857182,4114,0.3395229842370224,162.73770000000002,60794.41899999989,62844.15699999986,3455.918400000001,True,True,True
10,130,0.75,c10_storm2_w80_u130_0011,12117,1.2979935227272734,1.7706317142857182,4114,0.3395229842370224,162.73770000000002,72586.72819999984,75429.45619999984,3530.4876000000013,True,True,True
10,130,1.0,c10_storm2_w80_u130_0011,12117,1.2979935227272734,1.7706317142857182,4114,0.3395229842370224,162.73770000000002,92708.56079999967,95513.58639999994,4702.893599999999,True,True,True
