part,arm,policy,split_fit,alpha,band_mode,campus,regime,u,beta,rho,seed,inst_id,n_wos,rule,m0_alone,oracle,rule_sup,m0_sup,m0_sup_revfrac,m0_sup_orr,rule_sup_revfrac,rule_sup_orr
map,stability,stability,1,0.1,global,10,storm2,130,0.0,0.25,301,c10_storm2_w80_u130_0020,12155,29645.747800,16680.607200,1345.676400,11638.024800,6481.264000,0.2473,0.0772,0.2493,0.0983
map,stability,stability,1,0.1,global,10,storm2,130,0.0,0.25,301,c10_storm2_w80_u130_0021,12155,26062.411200,15923.747800,2070.806200,4506.860400,5934.226600,0.2471,0.0815,0.2492,0.1005
map,stability,stability,1,0.1,global,10,storm2,130,0.0,0.25,301,c10_storm2_w80_u130_0022,12155,31624.025600,18788.628200,1370.517600,8669.345000,6570.047200,0.2472,0.0849,0.2492,0.1096
map,stability,stability,1,0.1,global,10,storm2,130,0.0,0.25,301,c10_storm2_w80_u130_0023,12155,39499.173800,21654.915200,1069.502000,14495.115600,8987.033600,0.2470,0.0871,0.2494,0.0985
map,stability,stability,1,0.1,global,10,storm2,130,0.0,0.25,301,c10_storm2_w80_u130_0024,12155,30148.389800,16473.663200,2465.302000,11726.687000,7849.027200,0.2474,0.0776,0.2483,0.1044
map,stability,stability,1,0.1,global,10,storm2,130,0.0,0.25,301,c10_storm2_w80_u130_0025,12155,36609.604600,23662.382200,2194.662800,10984.044200,8143.463000,0.2496,0.0982,0.2498,0.1100
map,stability,stability,1,0.1,global,10,storm2,130,0.0,0.25,301,c10_storm2_w80_u130_0026,12155,32896.781000,22346.339000,1192.299600,7126.586400,4927.983800,0.2493,0.0944,0.2500,0.1032
map,stability,stability,1,0.1,global,10,storm2,130,0.0,0.25,301,c10_storm2_w80_u130_0027,12155,41327.907800,25806.933000,1994.461600,9653.459400,8186.467000,0.2498,0.1024,0.2499,0.1296
map,stability,stability,1,0.1,global,10,storm2,130,0.0,0.25,301,c10_storm2_w80_u130_0028,12155,30668.260200,18000.141000,1874.577200,9887.262800,7024.907600,0.2475,0.0702,0.2496,0.1083
map,stability,stability,1,0.1,global,10,storm2,130,0.0,0.25,301,c10_storm2_w80_u130_0029,12155,23249.527800,14836.934400,2550.012200,9573.468200,6399.142600,0.2474,0.0686,0.2496,0.0865
map,stability,stability,1,0.1,global,10,storm2,130,0.0,0.25,303,c10_storm2_w80_u130_0020,12155,29645.747800,17648.771800,1345.676400,11057.268400,6586.603600,0.2471,0.0783,0.2495,0.0990
map,stability,stability,1,0.1,global,10,storm2,130,0.0,0.25,303,c10_storm2_w80_u130_0021,12155,26062.411200,16224.645400,2070.806200,5852.101800,5589.086000,0.2485,0.0874,0.2492,0.0987
map,stability,stability,1,0.1,global,10,storm2,130,0.0,0.25,303,c10_storm2_w80_u130_0022,12155,31624.025600,19086.664000,1370.517600,8530.137600,5663.616000,0.2498,0.0918,0.2491,0.1090
map,stability,stability,1,0.1,global,10,storm2,130,0.0,0.25,303,c10_storm2_w80_u130_0023,12155,39499.173800,22289.966200,1069.502000,14329.825600,9599.631400,0.2481,0.0834,0.2492,0.0975
map,stability,stability,1,0.1,global,10,storm2,130,0.0,0.25,303,c10_storm2_w80_u130_0024,12155,30148.389800,17434.204200,2465.302000,12145.744800,6808.719400,0.2473,0.0860,0.2483,0.1000
map,stability,stability,1,0.1,global,10,storm2,130,0.0,0.25,303,c10_storm2_w80_u130_0025,12155,36609.604600,23968.157000,2194.662800,13129.727400,8715.944000,0.2498,0.0948,0.2495,0.1087
map,stability,stability,1,0.1,global,10,storm2,130,0.0,0.25,303,c10_storm2_w80_u130_0026,12155,32896.781000,23273.852600,1192.299600,7112.267200,5597.107800,0.2490,0.0941,0.2500,0.1051
map,stability,stability,1,0.1,global,10,storm2,130,0.0,0.25,303,c10_storm2_w80_u130_0027,12155,41327.907800,25324.625600,1994.461600,10020.884400,10237.565200,0.2499,0.0998,0.2499,0.1260
map,stability,stability,1,0.1,global,10,storm2,130,0.0,0.25,303,c10_storm2_w80_u130_0028,12155,30668.260200,17724.499400,1874.577200,9265.908800,6565.119200,0.2489,0.0807,0.2496,0.1039
map,stability,stability,1,0.1,global,10,storm2,130,0.0,0.25,303,c10_storm2_w80_u130_0029,12155,23249.527800,15075.900000,2550.012200,8972.394400,7692.125800,0.2484,0.0683,0.2496,0.0861
map,stability,stability,1,0.1,global,10,storm2,130,0.0,0.25,302,c10_storm2_w80_u130_0020,12155,29645.747800,18090.183200,1345.676400,10606.337400,7517.931200,0.2479,0.0810,0.2494,0.0997
map,stability,stability,1,0.1,global,10,storm2,130,0.0,0.25,302,c10_storm2_w80_u130_0021,12155,26062.411200,15817.590200,2070.806200,4781.054800,4904.846200,0.2479,0.0838,0.2493,0.0990
map,stability,stability,1,0.1,global,10,storm2,130,0.0,0.25,302,c10_storm2_w80_u130_0022,12155,31624.025600,19919.735800,1370.517600,8393.921800,7246.096800,0.2485,0.0877,0.2492,0.1121
map,stability,stability,1,0.1,global,10,storm2,130,0.0,0.25,302,c10_storm2_w80_u130_0023,12155,39499.173800,22380.899600,1069.502000,14947.069200,8796.182800,0.2478,0.0861,0.2494,0.0964
map,stability,stability,1,0.1,global,10,storm2,130,0.0,0.25,302,c10_storm2_w80_u130_0024,12155,30148.389800,17233.069800,2465.302000,11555.625400,5826.565000,0.2478,0.0969,0.2485,0.1091
map,stability,stability,1,0.1,global,10,storm2,130,0.0,0.25,302,c10_storm2_w80_u130_0025,12155,36609.604600,24987.701400,2194.662800,10775.111400,8865.521200,0.2492,0.0940,0.2498,0.1079
map,stability,stability,1,0.1,global,10,storm2,130,0.0,0.25,302,c10_storm2_w80_u130_0026,12155,32896.781000,23922.302600,1192.299600,5934.279200,4860.925000,0.2496,0.0979,0.2500,0.1120
map,stability,stability,1,0.1,global,10,storm2,130,0.0,0.25,302,c10_storm2_w80_u130_0027,12155,41327.907800,27990.970200,1994.461600,10371.145200,9807.873400,0.2498,0.1064,0.2499,0.1278
map,stability,stability,1,0.1,global,10,storm2,130,0.0,0.25,302,c10_storm2_w80_u130_0028,12155,30668.260200,19788.945800,1874.577200,10707.477200,7037.600400,0.2498,0.0889,0.2496,0.1003
map,stability,stability,1,0.1,global,10,storm2,130,0.0,0.25,302,c10_storm2_w80_u130_0029,12155,23249.527800,15347.418400,2550.012200,8381.284000,7439.492000,0.2482,0.0735,0.2497,0.0897
map,stability,stability,1,0.1,global,10,storm2,130,0.5,0.25,302,c10_storm2_w80_u130_0020,12155,59216.607600,14525.089000,1626.832000,27596.670400,5085.117600,0.2491,0.0679,0.2498,0.1844
map,stability,stability,1,0.1,global,10,storm2,130,0.5,0.25,302,c10_storm2_w80_u130_0021,12155,53930.710400,16118.685200,4025.761600,14940.696200,6317.213400,0.2492,0.0926,0.2499,0.1994
map,stability,stability,1,0.1,global,10,storm2,130,0.5,0.25,302,c10_storm2_w80_u130_0022,12155,66426.165000,16016.732600,2249.058800,22072.923200,6123.073400,0.2497,0.0743,0.2488,0.2045
map,stability,stability,1,0.1,global,10,storm2,130,0.5,0.25,302,c10_storm2_w80_u130_0023,12155,76596.978200,18654.582000,2232.731200,30773.100400,7764.268400,0.2486,0.0905,0.2483,0.2143
map,stability,stability,1,0.1,global,10,storm2,130,0.5,0.25,302,c10_storm2_w80_u130_0024,12155,63306.870000,14913.344400,2035.008400,25572.571200,4316.007600,0.2489,0.0812,0.2496,0.2031
map,stability,stability,1,0.1,global,10,storm2,130,0.5,0.25,302,c10_storm2_w80_u130_0025,12155,69709.871600,19635.008000,3687.089200,29710.867200,6726.791800,0.2479,0.0835,0.2487,0.1825
map,stability,stability,1,0.1,global,10,storm2,130,0.5,0.25,302,c10_storm2_w80_u130_0026,12155,61704.813400,18359.866000,2480.569600,18192.180000,6125.566200,0.2499,0.0901,0.2500,0.1893
map,stability,stability,1,0.1,global,10,storm2,130,0.5,0.25,302,c10_storm2_w80_u130_0027,12155,74442.909600,23971.033000,5163.836400,25627.174400,9674.533200,0.2497,0.0849,0.2498,0.2052
map,stability,stability,1,0.1,global,10,storm2,130,0.5,0.25,302,c10_storm2_w80_u130_0028,12155,60180.233600,13946.098800,2619.443600,19092.298200,4570.581400,0.2484,0.0853,0.2498,0.1854
map,stability,stability,1,0.1,global,10,storm2,130,0.5,0.25,302,c10_storm2_w80_u130_0029,12155,44429.143200,10699.306400,2882.942200,18845.750200,4357.202800,0.2497,0.0571,0.2500,0.1514
map,stability,stability,1,0.1,global,10,storm2,110,0.0,0.25,301,c10_storm2_w80_u110_0020,10267,7841.446000,4945.865200,1263.991200,3903.417600,2770.492000,0.2495,0.0488,0.2499,0.0707
map,stability,stability,1,0.1,global,10,storm2,110,0.0,0.25,301,c10_storm2_w80_u110_0021,10267,6937.659200,4390.761400,1113.894600,1714.261800,1655.865400,0.2492,0.0537,0.2495,0.0717
map,stability,stability,1,0.1,global,10,storm2,110,0.0,0.25,301,c10_storm2_w80_u110_0022,10267,7058.017000,5232.931600,1632.657600,2110.709400,3294.112600,0.2491,0.0399,0.2498,0.0647
map,stability,stability,1,0.1,global,10,storm2,110,0.0,0.25,301,c10_storm2_w80_u110_0023,10267,9502.409200,7662.405600,3394.430000,4429.358400,4272.832400,0.2488,0.0486,0.2497,0.0726
map,stability,stability,1,0.1,global,10,storm2,110,0.0,0.25,301,c10_storm2_w80_u110_0024,10267,8683.281000,5471.359600,1260.720000,3152.961200,2319.928600,0.2497,0.0467,0.2497,0.0820
map,stability,stability,1,0.1,global,10,storm2,110,0.0,0.25,301,c10_storm2_w80_u110_0025,10267,11934.271400,7990.826000,1082.609600,3557.443000,2985.129400,0.2494,0.0775,0.2497,0.0843
map,stability,stability,1,0.1,global,10,storm2,110,0.0,0.25,301,c10_storm2_w80_u110_0026,10267,5502.794000,3912.409400,1159.070000,2450.148000,2082.786400,0.2488,0.0337,0.2495,0.0636
map,stability,stability,1,0.1,global,10,storm2,110,0.0,0.25,301,c10_storm2_w80_u110_0027,10267,6804.028400,4502.370400,1162.138800,2639.465200,1967.577600,0.2493,0.0524,0.2496,0.0695
map,stability,stability,1,0.1,global,10,storm2,110,0.0,0.25,301,c10_storm2_w80_u110_0028,10267,9687.934600,6706.318400,1717.692800,2997.178800,3497.271200,0.2490,0.0538,0.2495,0.0849
map,stability,stability,1,0.1,global,10,storm2,110,0.0,0.25,301,c10_storm2_w80_u110_0029,10267,9395.742800,7265.160400,2362.220400,2942.090000,4206.845600,0.2495,0.0661,0.2496,0.0738
map,stability,stability,1,0.1,global,10,storm2,130,0.5,0.25,301,c10_storm2_w80_u130_0020,12155,59216.607600,15068.761200,1626.832000,28562.342400,6210.282000,0.2482,0.0645,0.2496,0.1903
map,stability,stability,1,0.1,global,10,storm2,130,0.5,0.25,301,c10_storm2_w80_u130_0021,12155,53930.710400,16787.158000,4025.761600,14413.791200,7855.340600,0.2490,0.0870,0.2496,0.1939
map,stability,stability,1,0.1,global,10,storm2,130,0.5,0.25,301,c10_storm2_w80_u130_0022,12155,66426.165000,16133.210400,2249.058800,24762.650800,6460.908400,0.2495,0.0880,0.2498,0.1980
map,stability,stability,1,0.1,global,10,storm2,130,0.5,0.25,301,c10_storm2_w80_u130_0023,12155,76596.978200,17436.309200,2232.731200,33089.950800,7890.096800,0.2491,0.0987,0.2493,0.2217
map,stability,stability,1,0.1,global,10,storm2,130,0.5,0.25,301,c10_storm2_w80_u130_0024,12155,63306.870000,15172.701000,2035.008400,26552.203800,6028.506200,0.2487,0.0786,0.2499,0.1795
map,stability,stability,1,0.1,global,10,storm2,130,0.5,0.25,301,c10_storm2_w80_u130_0025,12155,69709.871600,19133.962800,3687.089200,29330.601800,7693.611400,0.2484,0.0859,0.2487,0.1818
map,stability,stability,1,0.1,global,10,storm2,130,0.5,0.25,301,c10_storm2_w80_u130_0026,12155,61704.813400,18334.240200,2480.569600,20170.150800,6687.417400,0.2497,0.0986,0.2500,0.1923
map,stability,stability,1,0.1,global,10,storm2,130,0.5,0.25,301,c10_storm2_w80_u130_0027,12155,74442.909600,26501.518200,5163.836400,26155.767000,9107.004200,0.2499,0.1035,0.2499,0.2059
map,stability,stability,1,0.1,global,10,storm2,130,0.5,0.25,301,c10_storm2_w80_u130_0028,12155,60180.233600,14050.845800,2619.443600,18970.869400,5870.792800,0.2486,0.0813,0.2499,0.1854
map,stability,stability,1,0.1,global,10,storm2,130,0.5,0.25,301,c10_storm2_w80_u130_0029,12155,44429.143200,10025.255400,2882.942200,20058.140200,4539.863000,0.2488,0.0562,0.2499,0.1518
map,stability,stability,1,0.1,global,10,storm2,110,0.0,0.25,302,c10_storm2_w80_u110_0020,10267,7841.446000,5204.948800,1263.991200,2907.804000,2980.947600,0.2498,0.0545,0.2500,0.0781
map,stability,stability,1,0.1,global,10,storm2,110,0.0,0.25,302,c10_storm2_w80_u110_0021,10267,6937.659200,4299.114400,1113.894600,1792.576200,1869.820200,0.2500,0.0426,0.2496,0.0765
map,stability,stability,1,0.1,global,10,storm2,110,0.0,0.25,302,c10_storm2_w80_u110_0022,10267,7058.017000,5656.648400,1632.657600,2631.873200,2665.781600,0.2494,0.0457,0.2498,0.0602
map,stability,stability,1,0.1,global,10,storm2,110,0.0,0.25,302,c10_storm2_w80_u110_0023,10267,9502.409200,7807.354400,3394.430000,4505.606400,4855.517200,0.2495,0.0507,0.2499,0.0712
map,stability,stability,1,0.1,global,10,storm2,110,0.0,0.25,302,c10_storm2_w80_u110_0024,10267,8683.281000,5769.278000,1260.720000,3314.245600,3138.055600,0.2498,0.0467,0.2498,0.0829
map,stability,stability,1,0.1,global,10,storm2,110,0.0,0.25,302,c10_storm2_w80_u110_0025,10267,11934.271400,8165.841200,1082.609600,3514.702800,4662.439800,0.2495,0.0640,0.2499,0.0843
map,stability,stability,1,0.1,global,10,storm2,110,0.0,0.25,302,c10_storm2_w80_u110_0026,10267,5502.794000,4074.266000,1159.070000,2540.930000,2469.484000,0.2496,0.0389,0.2498,0.0613
map,stability,stability,1,0.1,global,10,storm2,110,0.0,0.25,302,c10_storm2_w80_u110_0027,10267,6804.028400,4697.844400,1162.138800,2425.998000,2658.274000,0.2493,0.0485,0.2498,0.0708
map,stability,stability,1,0.1,global,10,storm2,110,0.0,0.25,302,c10_storm2_w80_u110_0028,10267,9687.934600,7336.513600,1717.692800,2942.132800,4053.244000,0.2494,0.0541,0.2497,0.0857
map,stability,stability,1,0.1,global,10,storm2,110,0.0,0.25,302,c10_storm2_w80_u110_0029,10267,9395.742800,7886.258800,2362.220400,3177.029200,3894.818800,0.2498,0.0608,0.2498,0.0755
map,stability,stability,1,0.1,global,10,storm2,130,0.5,0.25,303,c10_storm2_w80_u130_0020,12155,59216.607600,19094.915600,1626.832000,27375.223000,9351.527800,0.2494,0.0802,0.2497,0.1797
map,stability,stability,1,0.1,global,10,storm2,130,0.5,0.25,303,c10_storm2_w80_u130_0021,12155,53930.710400,20430.544000,4025.761600,15060.025800,9327.563200,0.2492,0.1073,0.2499,0.1929
map,stability,stability,1,0.1,global,10,storm2,130,0.5,0.25,303,c10_storm2_w80_u130_0022,12155,66426.165000,21374.257400,2249.058800,24880.834800,9502.627200,0.2498,0.1147,0.2499,0.1990
map,stability,stability,1,0.1,global,10,storm2,130,0.5,0.25,303,c10_storm2_w80_u130_0023,12155,76596.978200,24944.073000,2232.731200,32680.751800,12367.639200,0.2496,0.1006,0.2493,0.2090
map,stability,stability,1,0.1,global,10,storm2,130,0.5,0.25,303,c10_storm2_w80_u130_0024,12155,63306.870000,19243.719800,2035.008400,25900.890200,8416.276800,0.2493,0.1124,0.2499,0.1886
map,stability,stability,1,0.1,global,10,storm2,130,0.5,0.25,303,c10_storm2_w80_u130_0025,12155,69709.871600,23717.269200,3687.089200,29714.718600,11006.126000,0.2478,0.1043,0.2487,0.1799
map,stability,stability,1,0.1,global,10,storm2,130,0.5,0.25,303,c10_storm2_w80_u130_0026,12155,61704.813400,23936.287400,2480.569600,19177.455200,7889.453400,0.2499,0.1230,0.2500,0.1908
map,stability,stability,1,0.1,global,10,storm2,130,0.5,0.25,303,c10_storm2_w80_u130_0027,12155,74442.909600,27097.657800,5163.836400,27228.539400,12724.551400,0.2498,0.1128,0.2499,0.2055
map,stability,stability,1,0.1,global,10,storm2,130,0.5,0.25,303,c10_storm2_w80_u130_0028,12155,60180.233600,17959.489800,2619.443600,20238.344800,8343.872200,0.2487,0.0988,0.2500,0.1751
map,stability,stability,1,0.1,global,10,storm2,130,0.5,0.25,303,c10_storm2_w80_u130_0029,12155,44429.143200,13708.983400,2882.942200,19792.181200,7104.600800,0.2497,0.0741,0.2499,0.1406
map,stability,stability,1,0.1,global,10,storm2,130,1.0,0.25,303,c10_storm2_w80_u130_0020,12155,94348.908800,6513.297400,3534.450400,54537.362800,4195.002000,0.2496,0.0308,0.2491,0.2350
map,stability,stability,1,0.1,global,10,storm2,130,1.0,0.25,303,c10_storm2_w80_u130_0021,12155,78761.139600,8770.209400,6215.658800,33021.934200,6427.059400,0.2495,0.0438,0.2490,0.2500
map,stability,stability,1,0.1,global,10,storm2,130,1.0,0.25,303,c10_storm2_w80_u130_0022,12155,95014.615200,6031.267600,3318.787200,42594.327800,3511.532600,0.2500,0.0289,0.2495,0.2627
map,stability,stability,1,0.1,global,10,storm2,130,1.0,0.25,303,c10_storm2_w80_u130_0023,12155,126058.611800,7585.981000,4100.143200,64178.532000,5899.968400,0.2500,0.0263,0.2491,0.2685
map,stability,stability,1,0.1,global,10,storm2,130,1.0,0.25,303,c10_storm2_w80_u130_0024,12155,94262.789200,6365.175800,3176.285600,46508.461400,3832.804400,0.2490,0.0281,0.2494,0.2401
map,stability,stability,1,0.1,global,10,storm2,130,1.0,0.25,303,c10_storm2_w80_u130_0025,12155,107848.350400,7671.269600,3847.268400,51561.350800,3947.828400,0.2500,0.0373,0.2486,0.2535
map,stability,stability,1,0.1,global,10,storm2,130,1.0,0.25,303,c10_storm2_w80_u130_0026,12155,93903.634800,5949.414800,3561.902800,34950.649600,3739.127000,0.2492,0.0366,0.2489,0.2825
map,stability,stability,1,0.1,global,10,storm2,130,1.0,0.25,303,c10_storm2_w80_u130_0027,12155,111378.213800,15058.282600,8684.596000,49642.833000,9696.892000,0.2494,0.0509,0.2495,0.2877
map,stability,stability,1,0.1,global,10,storm2,130,1.0,0.25,303,c10_storm2_w80_u130_0028,12155,94783.432400,7635.182200,4022.371200,42870.192200,4573.572800,0.2492,0.0336,0.2495,0.2536
map,stability,stability,1,0.1,global,10,storm2,130,1.0,0.25,303,c10_storm2_w80_u130_0029,12155,70832.844000,4682.812800,3203.958000,34515.222000,3437.241200,0.2500,0.0188,0.2495,0.2103
map,stability,stability,1,0.1,global,10,storm2,130,1.0,0.25,301,c10_storm2_w80_u130_0020,12155,94348.908800,10659.071000,3534.450400,55312.840800,7712.454800,0.2499,0.0453,0.2500,0.2374
map,stability,stability,1,0.1,global,10,storm2,130,1.0,0.25,301,c10_storm2_w80_u130_0021,12155,78761.139600,9586.514400,6215.658800,30518.622200,6911.873200,0.2496,0.0623,0.2492,0.2645
map,stability,stability,1,0.1,global,10,storm2,130,1.0,0.25,301,c10_storm2_w80_u130_0022,12155,95014.615200,7235.672600,3318.787200,39246.638400,4853.884000,0.2500,0.0532,0.2492,0.2580
map,stability,stability,1,0.1,global,10,storm2,130,1.0,0.25,301,c10_storm2_w80_u130_0023,12155,126058.611800,13912.429000,4100.143200,60839.817600,11731.897600,0.2500,0.0555,0.2500,0.2968
map,stability,stability,1,0.1,global,10,storm2,130,1.0,0.25,301,c10_storm2_w80_u130_0024,12155,94262.789200,9879.746800,3176.285600,46631.485000,7104.094400,0.2493,0.0489,0.2494,0.2470
map,stability,stability,1,0.1,global,10,storm2,130,1.0,0.25,301,c10_storm2_w80_u130_0025,12155,107848.350400,9362.514800,3847.268400,55286.165600,5958.484800,0.2501,0.0575,0.2496,0.2504
map,stability,stability,1,0.1,global,10,storm2,130,1.0,0.25,301,c10_storm2_w80_u130_0026,12155,93903.634800,6149.998800,3561.902800,33419.862400,4388.922600,0.2495,0.0530,0.2493,0.2913
map,stability,stability,1,0.1,global,10,storm2,130,1.0,0.25,301,c10_storm2_w80_u130_0027,12155,111378.213800,16789.275200,8684.596000,45837.898600,11974.297800,0.2496,0.0663,0.2495,0.2859
map,stability,stability,1,0.1,global,10,storm2,130,1.0,0.25,301,c10_storm2_w80_u130_0028,12155,94783.432400,8024.002400,4022.371200,42494.864600,5713.944600,0.2494,0.0471,0.2496,0.2501
map,stability,stability,1,0.1,global,10,storm2,130,1.0,0.25,301,c10_storm2_w80_u130_0029,12155,70832.844000,6178.887200,3203.958000,35545.055200,4996.187600,0.2500,0.0282,0.2500,0.2088
map,stability,stability,1,0.1,global,10,storm2,130,1.0,0.25,302,c10_storm2_w80_u130_0020,12155,94348.908800,11973.912000,3534.450400,58251.091200,10980.747600,0.2500,0.0195,0.2498,0.2361
map,stability,stability,1,0.1,global,10,storm2,130,1.0,0.25,302,c10_storm2_w80_u130_0021,12155,78761.139600,8798.452000,6215.658800,30840.826000,7341.306400,0.2497,0.0419,0.2500,0.2601
map,stability,stability,1,0.1,global,10,storm2,130,1.0,0.25,302,c10_storm2_w80_u130_0022,12155,95014.615200,8580.582400,3318.787200,42944.567200,6774.137000,0.2500,0.0196,0.2500,0.2464
map,stability,stability,1,0.1,global,10,storm2,130,1.0,0.25,302,c10_storm2_w80_u130_0023,12155,126058.611800,15757.375000,4100.143200,66874.175800,14632.643200,0.2500,0.0173,0.2500,0.2910
map,stability,stability,1,0.1,global,10,storm2,130,1.0,0.25,302,c10_storm2_w80_u130_0024,12155,94262.789200,11827.496800,3176.285600,47623.883200,9711.849800,0.2494,0.0212,0.2495,0.2458
map,stability,stability,1,0.1,global,10,storm2,130,1.0,0.25,302,c10_storm2_w80_u130_0025,12155,107848.350400,10680.761600,3847.268400,54255.169200,8869.472800,0.2496,0.0268,0.2493,0.2579
map,stability,stability,1,0.1,global,10,storm2,130,1.0,0.25,302,c10_storm2_w80_u130_0026,12155,93903.634800,7233.989000,3561.902800,48069.809600,6023.430400,0.2497,0.0153,0.2487,0.2520
map,stability,stability,1,0.1,global,10,storm2,130,1.0,0.25,302,c10_storm2_w80_u130_0027,12155,111378.213800,19720.006000,8684.596000,57272.121400,13704.295600,0.2495,0.0552,0.2496,0.2775
map,stability,stability,1,0.1,global,10,storm2,130,1.0,0.25,302,c10_storm2_w80_u130_0028,12155,94783.432400,9464.774600,4022.371200,44939.921200,7597.605400,0.2499,0.0259,0.2498,0.2470
map,stability,stability,1,0.1,global,10,storm2,130,1.0,0.25,302,c10_storm2_w80_u130_0029,12155,70832.844000,8421.099200,3203.958000,34401.644000,7569.556400,0.2500,0.0141,0.2500,0.2152
map,stability,stability,1,0.1,global,10,storm2,110,0.0,0.25,303,c10_storm2_w80_u110_0020,10267,7841.446000,4982.176400,1263.991200,2829.354800,2683.278400,0.2498,0.0611,0.2500,0.0751
map,stability,stability,1,0.1,global,10,storm2,110,0.0,0.25,303,c10_storm2_w80_u110_0021,10267,6937.659200,4600.837200,1113.894600,1972.035800,1969.306400,0.2494,0.0537,0.2495,0.0757
map,stability,stability,1,0.1,global,10,storm2,110,0.0,0.25,303,c10_storm2_w80_u110_0022,10267,7058.017000,5710.272600,1632.657600,2489.657200,3182.933200,0.2492,0.0524,0.2498,0.0643
map,stability,stability,1,0.1,global,10,storm2,110,0.0,0.25,303,c10_storm2_w80_u110_0023,10267,9502.409200,7754.950800,3394.430000,4231.574800,4485.879600,0.2488,0.0495,0.2498,0.0700
map,stability,stability,1,0.1,global,10,storm2,110,0.0,0.25,303,c10_storm2_w80_u110_0024,10267,8683.281000,5707.712800,1260.720000,2801.171400,2929.323000,0.2498,0.0582,0.2497,0.0811
map,stability,stability,1,0.1,global,10,storm2,110,0.0,0.25,303,c10_storm2_w80_u110_0025,10267,11934.271400,8371.437200,1082.609600,2450.917200,3473.825800,0.2495,0.0783,0.2498,0.0904
map,stability,stability,1,0.1,global,10,storm2,110,0.0,0.25,303,c10_storm2_w80_u110_0026,10267,5502.794000,3852.858600,1159.070000,2498.028800,2177.738800,0.2495,0.0412,0.2498,0.0631
map,stability,stability,1,0.1,global,10,storm2,110,0.0,0.25,303,c10_storm2_w80_u110_0027,10267,6804.028400,4579.280000,1162.138800,2262.009200,2446.533200,0.2492,0.0507,0.2496,0.0722
map,stability,stability,1,0.1,global,10,storm2,110,0.0,0.25,303,c10_storm2_w80_u110_0028,10267,9687.934600,7150.351600,1717.692800,3263.591600,3533.196800,0.2491,0.0617,0.2495,0.0853
map,stability,stability,1,0.1,global,10,storm2,110,0.0,0.25,303,c10_storm2_w80_u110_0029,10267,9395.742800,7701.196000,2362.220400,3058.022000,4178.194400,0.2494,0.0639,0.2498,0.0738
map,stability,stability,1,0.1,global,10,storm2,110,0.5,0.25,303,c10_storm2_w80_u110_0020,10267,14728.076800,4351.352000,1509.153200,6363.157200,2551.744800,0.2499,0.0307,0.2501,0.1203
map,stability,stability,1,0.1,global,10,storm2,110,0.5,0.25,303,c10_storm2_w80_u110_0021,10267,11632.251200,4242.440200,2408.478000,5670.757400,2824.653000,0.2492,0.0286,0.2494,0.1154
map,stability,stability,1,0.1,global,10,storm2,110,0.5,0.25,303,c10_storm2_w80_u110_0022,10267,14552.384600,4628.330400,1614.237200,8364.879200,2437.668800,0.2500,0.0394,0.2500,0.1293
map,stability,stability,1,0.1,global,10,storm2,110,0.5,0.25,303,c10_storm2_w80_u110_0023,10267,16240.200800,7016.457600,3753.969200,7511.492400,4657.824400,0.2494,0.0357,0.2496,0.1242
map,stability,stability,1,0.1,global,10,storm2,110,0.5,0.25,303,c10_storm2_w80_u110_0024,10267,16386.252600,4122.628800,1640.545600,7215.198800,2249.131800,0.2496,0.0340,0.2499,0.1335
map,stability,stability,1,0.1,global,10,storm2,110,0.5,0.25,303,c10_storm2_w80_u110_0025,10267,18543.971400,4825.464800,1835.774800,8694.794000,2334.165400,0.2498,0.0617,0.2501,0.1363
map,stability,stability,1,0.1,global,10,storm2,110,0.5,0.25,303,c10_storm2_w80_u110_0026,10267,12709.683000,4553.185200,1570.760400,4608.160400,2258.653600,0.2491,0.0403,0.2499,0.1220
map,stability,stability,1,0.1,global,10,storm2,110,0.5,0.25,303,c10_storm2_w80_u110_0027,10267,15049.014200,4108.900400,1483.886800,5585.535200,2804.646000,0.2492,0.0370,0.2501,0.1402
map,stability,stability,1,0.1,global,10,storm2,110,0.5,0.25,303,c10_storm2_w80_u110_0028,10267,18513.694000,5979.189400,2284.698400,8768.442400,3499.862000,0.2499,0.0395,0.2499,0.1475
map,stability,stability,1,0.1,global,10,storm2,110,0.5,0.25,303,c10_storm2_w80_u110_0029,10267,17951.502800,6183.002800,3054.338400,7590.067200,4133.612000,0.2496,0.0343,0.2500,0.1219
map,stability,stability,1,0.1,global,10,storm2,110,0.5,0.25,301,c10_storm2_w80_u110_0020,10267,14728.076800,4035.560800,1509.153200,8619.422400,2462.470400,0.2499,0.0373,0.2501,0.1076
map,stability,stability,1,0.1,global,10,storm2,110,0.5,0.25,301,c10_storm2_w80_u110_0021,10267,11632.251200,4325.516600,2408.478000,6519.332200,2822.669600,0.2494,0.0308,0.2495,0.1034
map,stability,stability,1,0.1,global,10,storm2,110,0.5,0.25,301,c10_storm2_w80_u110_0022,10267,14552.384600,4413.268400,1614.237200,9491.054400,2321.876000,0.2498,0.0451,0.2500,0.1173
map,stability,stability,1,0.1,global,10,storm2,110,0.5,0.25,301,c10_storm2_w80_u110_0023,10267,16240.200800,7526.884400,3753.969200,8493.563600,4682.812400,0.2494,0.0388,0.2500,0.1117
map,stability,stability,1,0.1,global,10,storm2,110,0.5,0.25,301,c10_storm2_w80_u110_0024,10267,16386.252600,3607.275400,1640.545600,8197.575600,2047.807000,0.2497,0.0322,0.2499,0.1300
map,stability,stability,1,0.1,global,10,storm2,110,0.5,0.25,301,c10_storm2_w80_u110_0025,10267,18543.971400,5139.524200,1835.774800,8756.920800,2594.519800,0.2498,0.0573,0.2501,0.1294
map,stability,stability,1,0.1,global,10,storm2,110,0.5,0.25,301,c10_storm2_w80_u110_0026,10267,12709.683000,4043.906000,1570.760400,7693.064400,2288.349200,0.2494,0.0304,0.2500,0.1041
map,stability,stability,1,0.1,global,10,storm2,110,0.5,0.25,301,c10_storm2_w80_u110_0027,10267,15049.014200,4162.143200,1483.886800,6892.288000,2368.571200,0.2496,0.0427,0.2501,0.1318
map,stability,stability,1,0.1,global,10,storm2,110,0.5,0.25,301,c10_storm2_w80_u110_0028,10267,18513.694000,5930.990400,2284.698400,10273.042200,3428.885600,0.2498,0.0518,0.2499,0.1435
map,stability,stability,1,0.1,global,10,storm2,110,0.5,0.25,301,c10_storm2_w80_u110_0029,10267,17951.502800,6296.707600,3054.338400,7379.747200,4397.816200,0.2497,0.0469,0.2500,0.1101
map,stability,stability,1,0.1,global,10,storm2,110,0.5,0.25,302,c10_storm2_w80_u110_0020,10267,14728.076800,4925.129600,1509.153200,7313.367200,2608.076800,0.2495,0.0545,0.2501,0.1124
map,stability,stability,1,0.1,global,10,storm2,110,0.5,0.25,302,c10_storm2_w80_u110_0021,10267,11632.251200,4563.015200,2408.478000,5940.586600,2895.371000,0.2491,0.0357,0.2494,0.1083
map,stability,stability,1,0.1,global,10,storm2,110,0.5,0.25,302,c10_storm2_w80_u110_0022,10267,14552.384600,6006.320000,1614.237200,9358.336000,2584.632400,0.2498,0.0662,0.2500,0.1128
map,stability,stability,1,0.1,global,10,storm2,110,0.5,0.25,302,c10_storm2_w80_u110_0023,10267,16240.200800,7943.563200,3753.969200,8368.095600,4994.104000,0.2492,0.0525,0.2496,0.1052
map,stability,stability,1,0.1,global,10,storm2,110,0.5,0.25,302,c10_storm2_w80_u110_0024,10267,16386.252600,4181.643000,1640.545600,7094.277800,2284.264200,0.2495,0.0502,0.2497,0.1340
map,stability,stability,1,0.1,global,10,storm2,110,0.5,0.25,302,c10_storm2_w80_u110_0025,10267,18543.971400,6709.150400,1835.774800,9459.616000,2716.550400,0.2496,0.0969,0.2501,0.1272
map,stability,stability,1,0.1,global,10,storm2,110,0.5,0.25,302,c10_storm2_w80_u110_0026,10267,12709.683000,4861.915600,1570.760400,6694.849200,2776.982000,0.2497,0.0447,0.2500,0.1175
map,stability,stability,1,0.1,global,10,storm2,110,0.5,0.25,302,c10_storm2_w80_u110_0027,10267,15049.014200,5176.585200,1483.886800,5580.349600,2948.538800,0.2495,0.0542,0.2501,0.1419
map,stability,stability,1,0.1,global,10,storm2,110,0.5,0.25,302,c10_storm2_w80_u110_0028,10267,18513.694000,6923.972000,2284.698400,8030.282000,3884.892000,0.2497,0.0663,0.2499,0.1554
map,stability,stability,1,0.1,global,10,storm2,110,0.5,0.25,302,c10_storm2_w80_u110_0029,10267,17951.502800,7651.714400,3054.338400,6976.316800,4635.257200,0.2497,0.0721,0.2500,0.1071
map,stability,stability,1,0.1,global,10,storm2,100,0.5,0.25,303,c10_storm2_w80_u100_0020,9155,5127.432000,5073.724000,1221.369600,4148.026800,4298.472000,0.2483,0.0491,0.2500,0.0647
map,stability,stability,1,0.1,global,10,storm2,100,0.5,0.25,303,c10_storm2_w80_u100_0021,9155,5377.288400,5024.521600,2230.121600,4538.419600,4703.127200,0.2475,0.0256,0.2501,0.0595
map,stability,stability,1,0.1,global,10,storm2,100,0.5,0.25,303,c10_storm2_w80_u100_0022,9155,6141.141200,5905.296800,1560.358800,3894.916000,4473.817200,0.2429,0.0484,0.2500,0.0713
map,stability,stability,1,0.1,global,10,storm2,100,0.5,0.25,303,c10_storm2_w80_u100_0023,9155,5592.475600,4668.911800,1522.841600,3305.300000,3890.167200,0.2500,0.0828,0.2495,0.0657
map,stability,stability,1,0.1,global,10,storm2,100,0.5,0.25,303,c10_storm2_w80_u100_0024,9155,6788.780800,6257.183600,2151.576400,4726.696000,5210.606400,0.2501,0.0750,0.2501,0.0770
map,stability,stability,1,0.1,global,10,storm2,100,0.5,0.25,303,c10_storm2_w80_u100_0025,9155,9088.342400,7985.042400,1547.756800,4625.325200,5223.380000,0.2458,0.0616,0.2498,0.1022
map,stability,stability,1,0.1,global,10,storm2,100,0.5,0.25,303,c10_storm2_w80_u100_0026,9155,4366.174400,4470.449200,2181.662800,3154.808000,3994.949600,0.2452,0.0255,0.2500,0.0646
map,stability,stability,1,0.1,global,10,storm2,100,0.5,0.25,303,c10_storm2_w80_u100_0027,9155,6431.682600,7249.395000,4071.210000,5404.482800,6314.233400,0.2438,0.0423,0.2500,0.0699
map,stability,stability,1,0.1,global,10,storm2,100,0.5,0.25,303,c10_storm2_w80_u100_0028,9155,6795.424600,7783.507800,3043.772600,5744.591000,7333.838600,0.2392,0.0250,0.2500,0.0666
map,stability,stability,1,0.1,global,10,storm2,100,0.5,0.25,303,c10_storm2_w80_u100_0029,9155,8475.244000,7402.842400,2289.837200,4641.256600,5052.392000,0.2500,0.0908,0.2500,0.1414
map,stability,stability,1,0.1,global,10,storm2,100,0.5,0.25,302,c10_storm2_w80_u100_0020,9155,5127.432000,1891.649200,1221.369600,3969.578800,1684.802000,0.2500,0.0279,0.2501,0.0707
map,stability,stability,1,0.1,global,10,storm2,100,0.5,0.25,302,c10_storm2_w80_u100_0021,9155,5377.288400,2697.255200,2230.121600,4527.944000,2411.095200,0.2498,0.0161,0.2501,0.0580
map,stability,stability,1,0.1,global,10,storm2,100,0.5,0.25,302,c10_storm2_w80_u100_0022,9155,6141.141200,3411.870400,1560.358800,3910.087600,2229.659200,0.2501,0.0523,0.2500,0.0659
map,stability,stability,1,0.1,global,10,storm2,100,0.5,0.25,302,c10_storm2_w80_u100_0023,9155,5592.475600,2452.682200,1522.841600,3380.745800,1902.275200,0.2493,0.0436,0.2494,0.0677
map,stability,stability,1,0.1,global,10,storm2,100,0.5,0.25,302,c10_storm2_w80_u100_0024,9155,6788.780800,3563.772400,2151.576400,4374.640800,2798.860800,0.2500,0.0487,0.2501,0.0793
map,stability,stability,1,0.1,global,10,storm2,100,0.5,0.25,302,c10_storm2_w80_u100_0025,9155,9088.342400,4670.744400,1547.756800,4557.079600,3442.274000,0.2495,0.0538,0.2491,0.0947
map,stability,stability,1,0.1,global,10,storm2,100,0.5,0.25,302,c10_storm2_w80_u100_0026,9155,4366.174400,3073.985600,2181.662800,3036.511200,2532.854000,0.2500,0.0337,0.2500,0.0641
map,stability,stability,1,0.1,global,10,storm2,100,0.5,0.25,302,c10_storm2_w80_u100_0027,9155,6431.682600,4934.363400,4071.210000,5480.673200,4354.571400,0.2499,0.0242,0.2500,0.0660
map,stability,stability,1,0.1,global,10,storm2,100,0.5,0.25,302,c10_storm2_w80_u100_0028,9155,6795.424600,4141.999800,3043.772600,5776.615400,3622.004200,0.2500,0.0382,0.2500,0.0623
map,stability,stability,1,0.1,global,10,storm2,100,0.5,0.25,302,c10_storm2_w80_u100_0029,9155,8475.244000,3930.524800,2289.837200,4582.376200,2891.687400,0.2499,0.0614,0.2500,0.1429
map,stability,stability,1,0.1,global,10,storm2,100,0.0,0.25,301,c10_storm2_w80_u100_0020,9155,2827.656800,2217.351600,914.392000,1691.220400,1543.177200,0.2497,0.0321,0.2501,0.0606
map,stability,stability,1,0.1,global,10,storm2,100,0.0,0.25,301,c10_storm2_w80_u100_0021,9155,2981.872400,2538.810000,1818.586800,2178.822000,2093.952800,0.2498,0.0220,0.2500,0.0444
map,stability,stability,1,0.1,global,10,storm2,100,0.0,0.25,301,c10_storm2_w80_u100_0022,9155,2984.367000,2410.568000,829.301200,1497.494000,1213.968000,0.2499,0.0504,0.2500,0.0620
map,stability,stability,1,0.1,global,10,storm2,100,0.0,0.25,301,c10_storm2_w80_u100_0023,9155,3651.524200,2960.804800,1468.810400,1990.274000,1799.271600,0.2491,0.0389,0.2493,0.0566
map,stability,stability,1,0.1,global,10,storm2,100,0.0,0.25,301,c10_storm2_w80_u100_0024,9155,4821.959600,4141.978400,1820.745600,2368.254400,2294.670000,0.2499,0.0608,0.2499,0.0742
map,stability,stability,1,0.1,global,10,storm2,100,0.0,0.25,301,c10_storm2_w80_u100_0025,9155,3354.691600,2800.423600,943.508000,1311.282400,1190.322400,0.2497,0.0573,0.2498,0.0714
map,stability,stability,1,0.1,global,10,storm2,100,0.0,0.25,301,c10_storm2_w80_u100_0026,9155,2695.352800,2674.271600,1806.340400,2075.188400,1985.447600,0.2498,0.0261,0.2499,0.0395
map,stability,stability,1,0.1,global,10,storm2,100,0.0,0.25,301,c10_storm2_w80_u100_0027,9155,4755.485600,4968.021200,3450.447200,3845.590000,3810.295200,0.2500,0.0223,0.2500,0.0403
map,stability,stability,1,0.1,global,10,storm2,100,0.0,0.25,301,c10_storm2_w80_u100_0028,9155,4816.039000,4063.928600,2819.654600,3528.071000,3474.520200,0.2500,0.0325,0.2500,0.0543
map,stability,stability,1,0.1,global,10,storm2,100,0.0,0.25,301,c10_storm2_w80_u100_0029,9155,5841.844400,4305.245600,1933.717200,2313.628400,3011.584400,0.2497,0.0423,0.2499,0.0761
map,stability,stability,1,0.1,global,10,storm2,100,0.0,0.25,303,c10_storm2_w80_u100_0020,9155,2827.656800,2462.932800,914.392000,1691.653600,1478.922400,0.2500,0.0515,0.2501,0.0575
map,stability,stability,1,0.1,global,10,storm2,100,0.0,0.25,303,c10_storm2_w80_u100_0021,9155,2981.872400,2742.444000,1818.586800,2061.961600,2128.990400,0.2498,0.0347,0.2500,0.0468
map,stability,stability,1,0.1,global,10,storm2,100,0.0,0.25,303,c10_storm2_w80_u100_0022,9155,2984.367000,2683.448400,829.301200,1517.634800,1469.979600,0.2500,0.0504,0.2500,0.0611
map,stability,stability,1,0.1,global,10,storm2,100,0.0,0.25,303,c10_storm2_w80_u100_0023,9155,3651.524200,2766.942600,1468.810400,2041.312400,1729.461000,0.2492,0.0408,0.2492,0.0538
map,stability,stability,1,0.1,global,10,storm2,100,0.0,0.25,303,c10_storm2_w80_u100_0024,9155,4821.959600,4295.532000,1820.745600,2465.642000,2918.658000,0.2499,0.0583,0.2500,0.0722
map,stability,stability,1,0.1,global,10,storm2,100,0.0,0.25,303,c10_storm2_w80_u100_0025,9155,3354.691600,3008.046000,943.508000,1325.273200,1534.745200,0.2492,0.0647,0.2495,0.0695
map,stability,stability,1,0.1,global,10,storm2,100,0.0,0.25,303,c10_storm2_w80_u100_0026,9155,2695.352800,2646.426400,1806.340400,2147.779200,2079.419600,0.2500,0.0284,0.2500,0.0308
map,stability,stability,1,0.1,global,10,storm2,100,0.0,0.25,303,c10_storm2_w80_u100_0027,9155,4755.485600,4925.246000,3450.447200,3847.790800,3878.190800,0.2501,0.0330,0.2500,0.0427
map,stability,stability,1,0.1,global,10,storm2,100,0.0,0.25,303,c10_storm2_w80_u100_0028,9155,4816.039000,4519.065800,2819.654600,3488.037800,3667.511000,0.2500,0.0479,0.2500,0.0549
map,stability,stability,1,0.1,global,10,storm2,100,0.0,0.25,303,c10_storm2_w80_u100_0029,9155,5841.844400,5095.410000,1933.717200,2304.220000,3531.253600,0.2499,0.0540,0.2499,0.0761
map,stability,stability,1,0.1,global,10,storm2,100,0.0,0.25,302,c10_storm2_w80_u100_0020,9155,2827.656800,2080.513200,914.392000,1550.154000,1610.513600,0.2498,0.0382,0.2499,0.0621
map,stability,stability,1,0.1,global,10,storm2,100,0.0,0.25,302,c10_storm2_w80_u100_0021,9155,2981.872400,2444.007600,1818.586800,2131.367600,2144.445200,0.2494,0.0264,0.2500,0.0449
map,stability,stability,1,0.1,global,10,storm2,100,0.0,0.25,302,c10_storm2_w80_u100_0022,9155,2984.367000,2193.181000,829.301200,1354.127600,1296.355200,0.2499,0.0534,0.2500,0.0650
map,stability,stability,1,0.1,global,10,storm2,100,0.0,0.25,302,c10_storm2_w80_u100_0023,9155,3651.524200,2872.820600,1468.810400,1961.103400,1930.786000,0.2490,0.0404,0.2493,0.0605
map,stability,stability,1,0.1,global,10,storm2,100,0.0,0.25,302,c10_storm2_w80_u100_0024,9155,4821.959600,3965.978800,1820.745600,2482.674400,2604.496800,0.2499,0.0608,0.2499,0.0703
map,stability,stability,1,0.1,global,10,storm2,100,0.0,0.25,302,c10_storm2_w80_u100_0025,9155,3354.691600,2984.576000,943.508000,1270.456800,1334.162800,0.2500,0.0582,0.2497,0.0719
map,stability,stability,1,0.1,global,10,storm2,100,0.0,0.25,302,c10_storm2_w80_u100_0026,9155,2695.352800,2737.274800,1806.340400,2053.620000,1980.729200,0.2498,0.0318,0.2498,0.0371
map,stability,stability,1,0.1,global,10,storm2,100,0.0,0.25,302,c10_storm2_w80_u100_0027,9155,4755.485600,4763.088400,3450.447200,3895.213600,3736.159600,0.2501,0.0286,0.2499,0.0403
map,stability,stability,1,0.1,global,10,storm2,100,0.0,0.25,302,c10_storm2_w80_u100_0028,9155,4816.039000,4241.881400,2819.654600,3448.861400,3537.559800,0.2499,0.0415,0.2499,0.0544
map,stability,stability,1,0.1,global,10,storm2,100,0.0,0.25,302,c10_storm2_w80_u100_0029,9155,5841.844400,4503.120400,1933.717200,2508.129200,2743.671200,0.2496,0.0600,0.2499,0.0776
map,stability,stability,1,0.1,global,10,storm2,100,0.5,0.25,301,c10_storm2_w80_u100_0020,9155,5127.432000,1736.718400,1221.369600,3897.969600,1517.326800,0.2501,0.0244,0.2500,0.0733
map,stability,stability,1,0.1,global,10,storm2,100,0.5,0.25,301,c10_storm2_w80_u100_0021,9155,5377.288400,2824.955200,2230.121600,4596.159600,2437.456800,0.2499,0.0127,0.2501,0.0590
map,stability,stability,1,0.1,global,10,storm2,100,0.5,0.25,301,c10_storm2_w80_u100_0022,9155,6141.141200,3437.509600,1560.358800,3977.422000,2096.334000,0.2500,0.0475,0.2500,0.0630
map,stability,stability,1,0.1,global,10,storm2,100,0.5,0.25,301,c10_storm2_w80_u100_0023,9155,5592.475600,2570.244000,1522.841600,3193.456600,1825.936000,0.2493,0.0480,0.2495,0.0681
map,stability,stability,1,0.1,global,10,storm2,100,0.5,0.25,301,c10_storm2_w80_u100_0024,9155,6788.780800,3513.448400,2151.576400,4392.344000,2828.407600,0.2500,0.0512,0.2500,0.0799
map,stability,stability,1,0.1,global,10,storm2,100,0.5,0.25,301,c10_storm2_w80_u100_0025,9155,9088.342400,4583.236000,1547.756800,4486.400800,3181.170800,0.2498,0.0421,0.2488,0.0967
map,stability,stability,1,0.1,global,10,storm2,100,0.5,0.25,301,c10_storm2_w80_u100_0026,9155,4366.174400,2996.026800,2181.662800,3086.395600,2395.246000,0.2500,0.0270,0.2500,0.0578
map,stability,stability,1,0.1,global,10,storm2,100,0.5,0.25,301,c10_storm2_w80_u100_0027,9155,6431.682600,4872.642000,4071.210000,5470.553200,4332.847600,0.2500,0.0272,0.2501,0.0685
map,stability,stability,1,0.1,global,10,storm2,100,0.5,0.25,301,c10_storm2_w80_u100_0028,9155,6795.424600,4113.976600,3043.772600,5710.215400,3563.944600,0.2500,0.0314,0.2500,0.0671
map,stability,stability,1,0.1,global,10,storm2,100,0.5,0.25,301,c10_storm2_w80_u100_0029,9155,8475.244000,3816.663600,2289.837200,5324.069000,2960.867600,0.2499,0.0550,0.2500,0.1360
map,stability,stability,1,0.1,global,10,storm2,90,0.0,0.25,302,c10_storm2_w80_u90_0020,8435,1725.310400,1759.483200,932.895600,1332.460000,1358.721600,0.2500,0.0383,0.2500,0.0394
map,stability,stability,1,0.1,global,10,storm2,90,0.0,0.25,302,c10_storm2_w80_u90_0021,8435,1600.129400,1414.415400,861.462600,987.506200,953.282600,0.2498,0.0139,0.2498,0.0185
map,stability,stability,1,0.1,global,10,storm2,90,0.0,0.25,302,c10_storm2_w80_u90_0022,8435,2943.212800,2569.405600,1675.860800,1727.862400,1774.125600,0.2494,0.0124,0.2496,0.0292
map,stability,stability,1,0.1,global,10,storm2,90,0.0,0.25,302,c10_storm2_w80_u90_0023,8435,841.007200,821.311200,695.660400,721.653600,738.020400,0.2501,0.0096,0.2500,0.0156
map,stability,stability,1,0.1,global,10,storm2,90,0.0,0.25,302,c10_storm2_w80_u90_0024,8435,1553.246800,1417.216400,968.528800,1093.258800,1060.764800,0.2501,0.0130,0.2501,0.0161
map,stability,stability,1,0.1,global,10,storm2,90,0.0,0.25,302,c10_storm2_w80_u90_0025,8435,1292.338800,1280.538000,1245.568800,1242.740800,1230.805200,0.2500,0.0150,0.2500,0.0168
map,stability,stability,1,0.1,global,10,storm2,90,0.0,0.25,302,c10_storm2_w80_u90_0026,8435,2067.908800,2246.368800,1599.857600,1836.151200,1980.715200,0.2500,0.0105,0.2497,0.0133
map,stability,stability,1,0.1,global,10,storm2,90,0.0,0.25,302,c10_storm2_w80_u90_0027,8435,1702.482000,1932.605600,1082.192400,1207.370400,1270.633600,0.2497,0.0175,0.2497,0.0263
map,stability,stability,1,0.1,global,10,storm2,90,0.0,0.25,302,c10_storm2_w80_u90_0028,8435,2096.225600,1914.903600,1452.751000,1534.174800,1594.517600,0.2500,0.0112,0.2500,0.0201
map,stability,stability,1,0.1,global,10,storm2,90,0.0,0.25,302,c10_storm2_w80_u90_0029,8435,1508.188000,1645.981200,585.742000,614.475600,639.688800,0.2500,0.0114,0.2499,0.0139
map,stability,stability,1,0.1,global,10,storm2,90,0.0,0.25,301,c10_storm2_w80_u90_0020,8435,1725.310400,1760.366400,932.895600,1324.325200,1312.420000,0.2500,0.0361,0.2500,0.0427
map,stability,stability,1,0.1,global,10,storm2,90,0.0,0.25,301,c10_storm2_w80_u90_0021,8435,1600.129400,1438.213800,861.462600,992.979000,998.454200,0.2498,0.0231,0.2498,0.0192
map,stability,stability,1,0.1,global,10,storm2,90,0.0,0.25,301,c10_storm2_w80_u90_0022,8435,2943.212800,3010.221400,1675.860800,1740.338000,1741.713600,0.2494,0.0169,0.2496,0.0287
map,stability,stability,1,0.1,global,10,storm2,90,0.0,0.25,301,c10_storm2_w80_u90_0023,8435,841.007200,874.018400,695.660400,722.025200,757.737200,0.2501,0.0078,0.2500,0.0156
map,stability,stability,1,0.1,global,10,storm2,90,0.0,0.25,301,c10_storm2_w80_u90_0024,8435,1553.246800,1584.032800,968.528800,1114.150000,1114.216800,0.2501,0.0173,0.2501,0.0161
map,stability,stability,1,0.1,global,10,storm2,90,0.0,0.25,301,c10_storm2_w80_u90_0025,8435,1292.338800,1269.895600,1245.568800,1237.044000,1251.842800,0.2499,0.0133,0.2496,0.0179
map,stability,stability,1,0.1,global,10,storm2,90,0.0,0.25,301,c10_storm2_w80_u90_0026,8435,2067.908800,2159.560000,1599.857600,1802.856400,1897.688800,0.2498,0.0100,0.2500,0.0155
map,stability,stability,1,0.1,global,10,storm2,90,0.0,0.25,301,c10_storm2_w80_u90_0027,8435,1702.482000,1852.901200,1082.192400,1151.894800,1161.140800,0.2497,0.0181,0.2497,0.0280
map,stability,stability,1,0.1,global,10,storm2,90,0.0,0.25,301,c10_storm2_w80_u90_0028,8435,2096.225600,2038.977200,1452.751000,1527.548400,1565.170800,0.2500,0.0135,0.2500,0.0207
map,stability,stability,1,0.1,global,10,storm2,90,0.0,0.25,301,c10_storm2_w80_u90_0029,8435,1508.188000,1479.791600,585.742000,614.493200,606.224400,0.2500,0.0063,0.2500,0.0095
map,stability,stability,1,0.1,global,10,storm2,90,0.0,0.25,303,c10_storm2_w80_u90_0020,8435,1725.310400,1690.942800,932.895600,1320.363600,1382.722400,0.2500,0.0356,0.2500,0.0444
map,stability,stability,1,0.1,global,10,storm2,90,0.0,0.25,303,c10_storm2_w80_u90_0021,8435,1600.129400,1485.206600,861.462600,996.809800,1019.583000,0.2498,0.0184,0.2499,0.0224
map,stability,stability,1,0.1,global,10,storm2,90,0.0,0.25,303,c10_storm2_w80_u90_0022,8435,2943.212800,2706.173400,1675.860800,1738.933400,1729.504800,0.2495,0.0141,0.2496,0.0264
map,stability,stability,1,0.1,global,10,storm2,90,0.0,0.25,303,c10_storm2_w80_u90_0023,8435,841.007200,843.347600,695.660400,719.443200,741.243200,0.2500,0.0144,0.2500,0.0096
map,stability,stability,1,0.1,global,10,storm2,90,0.0,0.25,303,c10_storm2_w80_u90_0024,8435,1553.246800,1552.035600,968.528800,1088.379600,1114.165200,0.2500,0.0179,0.2501,0.0184
map,stability,stability,1,0.1,global,10,storm2,90,0.0,0.25,303,c10_storm2_w80_u90_0025,8435,1292.338800,1346.944000,1245.568800,1238.807600,1296.133600,0.2496,0.0156,0.2496,0.0191
map,stability,stability,1,0.1,global,10,storm2,90,0.0,0.25,303,c10_storm2_w80_u90_0026,8435,2067.908800,2164.600800,1599.857600,1849.706000,1942.879600,0.2500,0.0089,0.2500,0.0188
map,stability,stability,1,0.1,global,10,storm2,90,0.0,0.25,303,c10_storm2_w80_u90_0027,8435,1702.482000,1757.661200,1082.192400,1167.708800,1162.081600,0.2497,0.0204,0.2497,0.0280
map,stability,stability,1,0.1,global,10,storm2,90,0.0,0.25,303,c10_storm2_w80_u90_0028,8435,2096.225600,1995.355600,1452.751000,1572.747200,1614.160800,0.2501,0.0154,0.2500,0.0219
map,stability,stability,1,0.1,global,10,storm2,90,0.0,0.25,303,c10_storm2_w80_u90_0029,8435,1508.188000,1510.407800,585.742000,614.485200,612.259600,0.2500,0.0101,0.2500,0.0171
map,stability,stability,1,0.1,global,10,storm2,110,1.0,0.25,302,c10_storm2_w80_u110_0020,10267,22452.837200,2557.688400,2474.492400,13375.988400,2446.872000,0.2498,0.0097,0.2494,0.1461
map,stability,stability,1,0.1,global,10,storm2,110,1.0,0.25,302,c10_storm2_w80_u110_0021,10267,17198.878200,3391.208000,2832.357600,10235.345200,2978.889200,0.2499,0.0105,0.2495,0.0915
map,stability,stability,1,0.1,global,10,storm2,110,1.0,0.25,302,c10_storm2_w80_u110_0022,10267,21242.062400,2369.885200,2283.833200,15698.638000,2286.434800,0.2491,0.0094,0.2492,0.1477
map,stability,stability,1,0.1,global,10,storm2,110,1.0,0.25,302,c10_storm2_w80_u110_0023,10267,20925.893200,5046.549600,3789.015200,13041.825600,3896.314400,0.2493,0.0141,0.2489,0.0954
map,stability,stability,1,0.1,global,10,storm2,110,1.0,0.25,302,c10_storm2_w80_u110_0024,10267,26737.393400,2784.586200,1835.175600,12768.128800,1989.296400,0.2498,0.0110,0.2496,0.1279
map,stability,stability,1,0.1,global,10,storm2,110,1.0,0.25,302,c10_storm2_w80_u110_0025,10267,28682.838600,2658.504600,2334.415600,14767.055200,2290.324200,0.2495,0.0100,0.2495,0.1458
map,stability,stability,1,0.1,global,10,storm2,110,1.0,0.25,302,c10_storm2_w80_u110_0026,10267,21265.283800,3934.248800,2607.591600,12143.414400,2770.691000,0.2497,0.0161,0.2492,0.1332
map,stability,stability,1,0.1,global,10,storm2,110,1.0,0.25,302,c10_storm2_w80_u110_0027,10267,20196.388400,2130.950400,1660.554800,9227.238000,1934.838400,0.2494,0.0079,0.2491,0.1614
map,stability,stability,1,0.1,global,10,storm2,110,1.0,0.25,302,c10_storm2_w80_u110_0028,10267,24087.598400,2762.281600,2320.495600,14293.965200,2336.594000,0.2496,0.0088,0.2490,0.1565
map,stability,stability,1,0.1,global,10,storm2,110,1.0,0.25,302,c10_storm2_w80_u110_0029,10267,25598.991200,3973.949200,3657.230800,12875.457600,3695.029600,0.2496,0.0482,0.2490,0.1559
map,stability,stability,1,0.1,global,10,storm2,110,1.0,0.25,303,c10_storm2_w80_u110_0020,10267,22452.837200,3081.379200,2474.492400,13651.226000,2803.518400,0.2497,0.0154,0.2494,0.1483
map,stability,stability,1,0.1,global,10,storm2,110,1.0,0.25,303,c10_storm2_w80_u110_0021,10267,17198.878200,3688.630800,2832.357600,10156.321600,3081.463000,0.2498,0.0079,0.2498,0.1033
map,stability,stability,1,0.1,global,10,storm2,110,1.0,0.25,303,c10_storm2_w80_u110_0022,10267,21242.062400,2506.133600,2283.833200,15407.800800,2365.028000,0.2490,0.0121,0.2492,0.1450
map,stability,stability,1,0.1,global,10,storm2,110,1.0,0.25,303,c10_storm2_w80_u110_0023,10267,20925.893200,5529.111200,3789.015200,12192.960800,4081.808800,0.2487,0.0234,0.2488,0.0981
map,stability,stability,1,0.1,global,10,storm2,110,1.0,0.25,303,c10_storm2_w80_u110_0024,10267,26737.393400,3045.764000,1835.175600,12652.004400,2028.645200,0.2498,0.0146,0.2496,0.1297
map,stability,stability,1,0.1,global,10,storm2,110,1.0,0.25,303,c10_storm2_w80_u110_0025,10267,28682.838600,2968.733200,2334.415600,15030.703600,2303.814800,0.2498,0.0230,0.2495,0.1567
map,stability,stability,1,0.1,global,10,storm2,110,1.0,0.25,303,c10_storm2_w80_u110_0026,10267,21265.283800,4099.289200,2607.591600,11899.666200,2741.138400,0.2494,0.0179,0.2495,0.1352
map,stability,stability,1,0.1,global,10,storm2,110,1.0,0.25,303,c10_storm2_w80_u110_0027,10267,20196.388400,2627.733200,1660.554800,11168.723200,2318.595200,0.2497,0.0141,0.2492,0.1420
map,stability,stability,1,0.1,global,10,storm2,110,1.0,0.25,303,c10_storm2_w80_u110_0028,10267,24087.598400,2707.051200,2320.495600,16524.677200,2522.911600,0.2491,0.0154,0.2491,0.1454
map,stability,stability,1,0.1,global,10,storm2,110,1.0,0.25,303,c10_storm2_w80_u110_0029,10267,25598.991200,3974.818800,3657.230800,10833.218800,3705.482000,0.2496,0.0447,0.2491,0.1667
map,stability,stability,1,0.1,global,10,storm2,90,0.5,0.25,301,c10_storm2_w80_u90_0020,8435,2811.207600,2162.370800,1415.979600,2482.430000,1802.615200,0.2498,0.0427,0.2500,0.0619
map,stability,stability,1,0.1,global,10,storm2,90,0.5,0.25,301,c10_storm2_w80_u90_0021,8435,1678.239800,1459.625000,1068.122200,1140.889800,1205.283000,0.2491,0.0277,0.2499,0.0277
map,stability,stability,1,0.1,global,10,storm2,90,0.5,0.25,301,c10_storm2_w80_u90_0022,8435,2891.886400,2228.669600,1674.029600,1786.912800,1761.734800,0.2494,0.0163,0.2496,0.0556
map,stability,stability,1,0.1,global,10,storm2,90,0.5,0.25,301,c10_storm2_w80_u90_0023,8435,1463.459200,1311.494800,1163.545600,1284.365600,1237.771600,0.2500,0.0150,0.2500,0.0234
map,stability,stability,1,0.1,global,10,storm2,90,0.5,0.25,301,c10_storm2_w80_u90_0024,8435,1395.042400,1090.570400,959.528000,1076.298400,1014.540400,0.2495,0.0161,0.2501,0.0215
map,stability,stability,1,0.1,global,10,storm2,90,0.5,0.25,301,c10_storm2_w80_u90_0025,8435,2210.924000,2093.851600,1995.628000,1996.158800,2007.483600,0.2486,0.0099,0.2495,0.0191
map,stability,stability,1,0.1,global,10,storm2,90,0.5,0.25,301,c10_storm2_w80_u90_0026,8435,3528.205200,3509.716000,2200.742400,3134.746400,3159.265200,0.2487,0.0177,0.2500,0.0254
map,stability,stability,1,0.1,global,10,storm2,90,0.5,0.25,301,c10_storm2_w80_u90_0027,8435,3318.062800,2248.598000,1415.862000,1891.909200,1687.290800,0.2494,0.0205,0.2497,0.0485
map,stability,stability,1,0.1,global,10,storm2,90,0.5,0.25,301,c10_storm2_w80_u90_0028,8435,2605.996800,2216.680400,1911.366000,2071.360800,2105.533600,0.2500,0.0148,0.2500,0.0373
map,stability,stability,1,0.1,global,10,storm2,90,0.5,0.25,301,c10_storm2_w80_u90_0029,8435,1918.006600,1780.940000,1599.089200,1674.111600,1627.873400,0.2492,0.0057,0.2501,0.0107
map,stability,stability,1,0.1,global,10,storm2,90,0.5,0.25,302,c10_storm2_w80_u90_0020,8435,2811.207600,1808.554800,1415.979600,2461.074400,1672.243200,0.2501,0.0339,0.2500,0.0608
map,stability,stability,1,0.1,global,10,storm2,90,0.5,0.25,302,c10_storm2_w80_u90_0021,8435,1678.239800,1440.869800,1068.122200,1138.222600,1165.645400,0.2493,0.0170,0.2499,0.0317
map,stability,stability,1,0.1,global,10,storm2,90,0.5,0.25,302,c10_storm2_w80_u90_0022,8435,2891.886400,2254.935200,1674.029600,1799.556800,1864.194800,0.2495,0.0206,0.2496,0.0562
map,stability,stability,1,0.1,global,10,storm2,90,0.5,0.25,302,c10_storm2_w80_u90_0023,8435,1463.459200,1285.173200,1163.545600,1285.190000,1230.073200,0.2498,0.0084,0.2500,0.0246
map,stability,stability,1,0.1,global,10,storm2,90,0.5,0.25,302,c10_storm2_w80_u90_0024,8435,1395.042400,1139.079600,959.528000,1026.250000,965.580000,0.2485,0.0093,0.2501,0.0239
map,stability,stability,1,0.1,global,10,storm2,90,0.5,0.25,302,c10_storm2_w80_u90_0025,8435,2210.924000,2054.977600,1995.628000,1995.405200,1996.860000,0.2501,0.0081,0.2492,0.0232
map,stability,stability,1,0.1,global,10,storm2,90,0.5,0.25,302,c10_storm2_w80_u90_0026,8435,3528.205200,3345.157200,2200.742400,3081.111600,3075.091200,0.2484,0.0247,0.2500,0.0232
map,stability,stability,1,0.1,global,10,storm2,90,0.5,0.25,302,c10_storm2_w80_u90_0027,8435,3318.062800,2412.862000,1415.862000,1847.252400,1740.177200,0.2497,0.0243,0.2499,0.0467
map,stability,stability,1,0.1,global,10,storm2,90,0.5,0.25,302,c10_storm2_w80_u90_0028,8435,2605.996800,2278.428400,1911.366000,2092.273200,2087.435200,0.2496,0.0105,0.2500,0.0361
map,stability,stability,1,0.1,global,10,storm2,90,0.5,0.25,302,c10_storm2_w80_u90_0029,8435,1918.006600,1811.064800,1599.089200,1663.303200,1620.111200,0.2492,0.0107,0.2498,0.0127
map,stability,stability,1,0.1,global,10,storm2,100,1.0,0.25,302,c10_storm2_w80_u100_0020,9155,7483.880400,1536.123200,1404.471200,6098.219600,1414.733200,0.2499,0.0102,0.2500,0.0636
map,stability,stability,1,0.1,global,10,storm2,100,1.0,0.25,302,c10_storm2_w80_u100_0021,9155,7835.130000,2977.098000,2822.426400,7068.024000,2942.096000,0.2498,0.0015,0.2500,0.0610
map,stability,stability,1,0.1,global,10,storm2,100,1.0,0.25,302,c10_storm2_w80_u100_0022,9155,7569.268000,2009.004400,1602.208800,5744.627200,1703.498800,0.2499,0.0063,0.2500,0.0533
map,stability,stability,1,0.1,global,10,storm2,100,1.0,0.25,302,c10_storm2_w80_u100_0023,9155,8154.416800,2699.254400,1850.748000,4217.864000,2070.045200,0.2491,0.0086,0.2494,0.0475
map,stability,stability,1,0.1,global,10,storm2,100,1.0,0.25,302,c10_storm2_w80_u100_0024,9155,8092.871200,2465.226400,2108.442400,5931.593600,2129.093200,0.2498,0.0110,0.2499,0.0550
map,stability,stability,1,0.1,global,10,storm2,100,1.0,0.25,302,c10_storm2_w80_u100_0025,9155,12569.007200,4545.492800,2090.107200,8946.101200,4014.217600,0.2500,0.0117,0.2500,0.0865
map,stability,stability,1,0.1,global,10,storm2,100,1.0,0.25,302,c10_storm2_w80_u100_0026,9155,6599.866400,4142.104800,4108.059600,4962.551600,4081.998400,0.2500,0.0039,0.2499,0.0526
map,stability,stability,1,0.1,global,10,storm2,100,1.0,0.25,302,c10_storm2_w80_u100_0027,9155,7965.030600,3731.976200,3487.845400,6270.624200,3534.560200,0.2500,0.0039,0.2501,0.0660
map,stability,stability,1,0.1,global,10,storm2,100,1.0,0.25,302,c10_storm2_w80_u100_0028,9155,7909.533400,3073.548200,3043.857400,7361.357800,3070.557800,0.2499,0.0080,0.2500,0.0453
map,stability,stability,1,0.1,global,10,storm2,100,1.0,0.25,302,c10_storm2_w80_u100_0029,9155,15240.025200,3637.290400,3123.760400,10572.108800,3202.434000,0.2497,0.0069,0.2499,0.1650
map,stability,stability,1,0.1,global,10,storm2,110,1.0,0.25,301,c10_storm2_w80_u110_0020,10267,22452.837200,2430.001200,2474.492400,13070.601200,2432.366000,0.2498,0.0075,0.2494,0.1536
map,stability,stability,1,0.1,global,10,storm2,110,1.0,0.25,301,c10_storm2_w80_u110_0021,10267,17198.878200,3342.507600,2832.357600,10314.937200,2942.766000,0.2498,0.0097,0.2492,0.0925
map,stability,stability,1,0.1,global,10,storm2,110,1.0,0.25,301,c10_storm2_w80_u110_0022,10267,21242.062400,2485.366800,2283.833200,15019.011600,2297.648800,0.2493,0.0161,0.2492,0.1553
map,stability,stability,1,0.1,global,10,storm2,110,1.0,0.25,301,c10_storm2_w80_u110_0023,10267,20925.893200,4715.230400,3789.015200,12242.990400,3932.673600,0.2495,0.0207,0.2488,0.1021
map,stability,stability,1,0.1,global,10,storm2,110,1.0,0.25,301,c10_storm2_w80_u110_0024,10267,26737.393400,2749.229000,1835.175600,12768.437200,1930.751200,0.2497,0.0110,0.2496,0.1407
map,stability,stability,1,0.1,global,10,storm2,110,1.0,0.25,301,c10_storm2_w80_u110_0025,10267,28682.838600,2674.159200,2334.415600,14424.250200,2315.332600,0.2497,0.0143,0.2495,0.1593
map,stability,stability,1,0.1,global,10,storm2,110,1.0,0.25,301,c10_storm2_w80_u110_0026,10267,21265.283800,3750.260800,2607.591600,11056.617200,2668.833200,0.2489,0.0157,0.2491,0.1472
map,stability,stability,1,0.1,global,10,storm2,110,1.0,0.25,301,c10_storm2_w80_u110_0027,10267,20196.388400,2119.824400,1660.554800,9632.688400,1940.378400,0.2501,0.0118,0.2491,0.1623
map,stability,stability,1,0.1,global,10,storm2,110,1.0,0.25,301,c10_storm2_w80_u110_0028,10267,24087.598400,2741.728000,2320.495600,15216.802400,2480.572800,0.2499,0.0088,0.2491,0.1630
map,stability,stability,1,0.1,global,10,storm2,110,1.0,0.25,301,c10_storm2_w80_u110_0029,10267,25598.991200,3803.023200,3657.230800,12294.543200,3675.272800,0.2498,0.0217,0.2489,0.1603
map,stability,stability,1,0.1,global,10,storm2,100,1.0,0.25,301,c10_storm2_w80_u100_0020,9155,7483.880400,1471.876000,1404.471200,6127.918800,1434.619200,0.2496,0.0102,0.2496,0.0576
map,stability,stability,1,0.1,global,10,storm2,100,1.0,0.25,301,c10_storm2_w80_u100_0021,9155,7835.130000,2825.216000,2822.426400,6760.313200,2825.216000,0.2491,0.0024,0.2496,0.0469
map,stability,stability,1,0.1,global,10,storm2,100,1.0,0.25,301,c10_storm2_w80_u100_0022,9155,7569.268000,1688.093600,1602.208800,5804.270400,1676.102000,0.2496,0.0058,0.2498,0.0509
map,stability,stability,1,0.1,global,10,storm2,100,1.0,0.25,301,c10_storm2_w80_u100_0023,9155,8154.416800,2559.436000,1850.748000,4156.696000,2065.329200,0.2486,0.0212,0.2495,0.0509
map,stability,stability,1,0.1,global,10,storm2,100,1.0,0.25,301,c10_storm2_w80_u100_0024,9155,8092.871200,2536.551200,2108.442400,5854.134400,2138.887200,0.2496,0.0077,0.2496,0.0599
map,stability,stability,1,0.1,global,10,storm2,100,1.0,0.25,301,c10_storm2_w80_u100_0025,9155,12569.007200,3505.465200,2090.107200,7521.287600,3048.860000,0.2500,0.0112,0.2499,0.0948
map,stability,stability,1,0.1,global,10,storm2,100,1.0,0.25,301,c10_storm2_w80_u100_0026,9155,6599.866400,4181.977200,4108.059600,4965.346000,4068.768800,0.2489,0.0072,0.2497,0.0550
map,stability,stability,1,0.1,global,10,storm2,100,1.0,0.25,301,c10_storm2_w80_u100_0027,9155,7965.030600,3767.018600,3487.845400,6173.616600,3558.559000,0.2493,0.0034,0.2498,0.0656
map,stability,stability,1,0.1,global,10,storm2,100,1.0,0.25,301,c10_storm2_w80_u100_0028,9155,7909.533400,3109.340200,3043.857400,7388.208200,3079.237800,0.2492,0.0032,0.2496,0.0422
map,stability,stability,1,0.1,global,10,storm2,100,1.0,0.25,301,c10_storm2_w80_u100_0029,9155,15240.025200,3647.020000,3123.760400,10387.224000,3199.156400,0.2492,0.0103,0.2495,0.1210
map,stability,stability,1,0.1,global,10,storm2,100,1.0,0.25,303,c10_storm2_w80_u100_0020,9155,7483.880400,1569.682800,1404.471200,6151.689200,1413.624800,0.2497,0.0082,0.2495,0.0658
map,stability,stability,1,0.1,global,10,storm2,100,1.0,0.25,303,c10_storm2_w80_u100_0021,9155,7835.130000,2968.775600,2822.426400,6472.021600,2844.506000,0.2493,0.0039,0.2497,0.0606
map,stability,stability,1,0.1,global,10,storm2,100,1.0,0.25,303,c10_storm2_w80_u100_0022,9155,7569.268000,1931.862400,1602.208800,5837.924000,1657.863200,0.2497,0.0049,0.2498,0.0616
map,stability,stability,1,0.1,global,10,storm2,100,1.0,0.25,303,c10_storm2_w80_u100_0023,9155,8154.416800,2575.128000,1850.748000,4281.124800,2013.742800,0.2488,0.0207,0.2488,0.0472
map,stability,stability,1,0.1,global,10,storm2,100,1.0,0.25,303,c10_storm2_w80_u100_0024,9155,8092.871200,2435.133600,2108.442400,5860.234000,2128.870800,0.2496,0.0091,0.2494,0.0647
map,stability,stability,1,0.1,global,10,storm2,100,1.0,0.25,303,c10_storm2_w80_u100_0025,9155,12569.007200,3363.598400,2090.107200,7971.330400,2975.032800,0.2499,0.0073,0.2500,0.0894
map,stability,stability,1,0.1,global,10,storm2,100,1.0,0.25,303,c10_storm2_w80_u100_0026,9155,6599.866400,4334.204000,4108.059600,4954.451600,4088.494800,0.2493,0.0077,0.2495,0.0541
map,stability,stability,1,0.1,global,10,storm2,100,1.0,0.25,303,c10_storm2_w80_u100_0027,9155,7965.030600,3749.875000,3487.845400,6200.434200,3500.573800,0.2499,0.0049,0.2497,0.0651
map,stability,stability,1,0.1,global,10,storm2,100,1.0,0.25,303,c10_storm2_w80_u100_0028,9155,7909.533400,3071.550200,3043.857400,7330.974600,3064.876600,0.2495,0.0069,0.2495,0.0448
map,stability,stability,1,0.1,global,10,storm2,100,1.0,0.25,303,c10_storm2_w80_u100_0029,9155,15240.025200,3619.296800,3123.760400,10403.559200,3169.418000,0.2495,0.0074,0.2494,0.1344
map,stability,stability,1,0.1,global,10,storm2,90,0.5,0.25,303,c10_storm2_w80_u90_0020,8435,2811.207600,2937.146000,1415.979600,2501.563600,2515.202000,0.2501,0.0644,0.2500,0.0657
map,stability,stability,1,0.1,global,10,storm2,90,0.5,0.25,303,c10_storm2_w80_u90_0021,8435,1678.239800,1471.506600,1068.122200,1133.389000,1193.914600,0.2500,0.0229,0.2501,0.0284
map,stability,stability,1,0.1,global,10,storm2,90,0.5,0.25,303,c10_storm2_w80_u90_0022,8435,2891.886400,2200.943600,1674.029600,1785.789200,1812.354400,0.2500,0.0381,0.2496,0.0551
map,stability,stability,1,0.1,global,10,storm2,90,0.5,0.25,303,c10_storm2_w80_u90_0023,8435,1463.459200,1223.838400,1163.545600,1284.518000,1209.426800,0.2493,0.0103,0.2500,0.0252
map,stability,stability,1,0.1,global,10,storm2,90,0.5,0.25,303,c10_storm2_w80_u90_0024,8435,1395.042400,1114.638400,959.528000,1044.547600,991.869200,0.2500,0.0071,0.2501,0.0227
map,stability,stability,1,0.1,global,10,storm2,90,0.5,0.25,303,c10_storm2_w80_u90_0025,8435,2210.924000,2031.897200,1995.628000,1995.081200,1995.011600,0.2492,0.0081,0.2491,0.0186
map,stability,stability,1,0.1,global,10,storm2,90,0.5,0.25,303,c10_storm2_w80_u90_0026,8435,3528.205200,2885.221200,2200.742400,3235.598000,2383.904000,0.2500,0.0109,0.2500,0.0215
map,stability,stability,1,0.1,global,10,storm2,90,0.5,0.25,303,c10_storm2_w80_u90_0027,8435,3318.062800,2201.607200,1415.862000,1755.404000,1798.384800,0.2500,0.0250,0.2499,0.0514
map,stability,stability,1,0.1,global,10,storm2,90,0.5,0.25,303,c10_storm2_w80_u90_0028,8435,2605.996800,2376.998000,1911.366000,2099.652000,2113.825200,0.2500,0.0299,0.2500,0.0367
map,stability,stability,1,0.1,global,10,storm2,90,0.5,0.25,303,c10_storm2_w80_u90_0029,8435,1918.006600,1730.961400,1599.089200,1681.356400,1629.299800,0.2499,0.0101,0.2501,0.0107
map,stability,stability,1,0.1,global,9,storm2,130,0.0,0.25,301,c09_storm2_w80_u130_0020,2955,4341.957200,4412.305600,864.656000,3093.461600,3427.968400,0.2494,0.0710,0.2497,0.0725
map,stability,stability,1,0.1,global,9,storm2,130,0.0,0.25,301,c09_storm2_w80_u130_0021,2955,5619.735000,5830.407400,1372.199200,3022.563200,4523.506800,0.2486,0.0756,0.2488,0.1179
map,stability,stability,1,0.1,global,9,storm2,130,0.0,0.25,301,c09_storm2_w80_u130_0022,2955,6757.698600,6292.975800,1567.498400,5016.752800,5064.401600,0.2500,0.0894,0.2500,0.0732
map,stability,stability,1,0.1,global,9,storm2,130,0.0,0.25,301,c09_storm2_w80_u130_0023,2955,4766.402000,4766.020400,489.626400,3260.478400,3911.107800,0.2497,0.0790,0.2497,0.0906
map,stability,stability,1,0.1,global,9,storm2,130,0.0,0.25,301,c09_storm2_w80_u130_0024,2955,5709.433200,6008.567200,699.693200,4372.010400,4618.209600,0.2490,0.0870,0.2494,0.0949
map,stability,stability,1,0.1,global,9,storm2,130,0.0,0.25,301,c09_storm2_w80_u130_0025,2955,5059.364400,4562.842000,1126.620000,2974.012800,3111.368000,0.2490,0.0854,0.2474,0.0748
map,stability,stability,1,0.1,global,9,storm2,130,0.0,0.25,301,c09_storm2_w80_u130_0026,2955,6993.494400,7116.950800,1749.480800,4954.548400,4835.146000,0.2485,0.1014,0.2486,0.1115
map,stability,stability,1,0.1,global,9,storm2,130,0.0,0.25,301,c09_storm2_w80_u130_0027,2955,7824.229200,7584.066800,1633.974000,5677.924400,4880.918400,0.2499,0.1169,0.2496,0.1189
map,stability,stability,1,0.1,global,9,storm2,130,0.0,0.25,301,c09_storm2_w80_u130_0028,2955,7644.670800,8153.442200,1177.121200,2724.731200,6118.248200,0.2489,0.0872,0.2480,0.1304
map,stability,stability,1,0.1,global,9,storm2,130,0.0,0.25,301,c09_storm2_w80_u130_0029,2955,6338.518000,5955.465200,1856.062000,4091.814800,4235.488400,0.2496,0.0879,0.2488,0.0638
map,stability,stability,1,0.1,global,9,storm2,130,0.0,0.25,302,c09_storm2_w80_u130_0020,2955,4341.957200,4190.689600,864.656000,3077.542400,3307.235600,0.2502,0.0624,0.2501,0.0691
map,stability,stability,1,0.1,global,9,storm2,130,0.0,0.25,302,c09_storm2_w80_u130_0021,2955,5619.735000,5677.112400,1372.199200,3723.978800,4534.959200,0.2489,0.0690,0.2488,0.0912
map,stability,stability,1,0.1,global,9,storm2,130,0.0,0.25,302,c09_storm2_w80_u130_0022,2955,6757.698600,6450.298400,1567.498400,3662.724200,4330.981400,0.2453,0.0811,0.2500,0.1187
map,stability,stability,1,0.1,global,9,storm2,130,0.0,0.25,302,c09_storm2_w80_u130_0023,2955,4766.402000,4420.618600,489.626400,3180.365200,3575.117200,0.2500,0.0771,0.2501,0.0955
map,stability,stability,1,0.1,global,9,storm2,130,0.0,0.25,302,c09_storm2_w80_u130_0024,2955,5709.433200,5550.422000,699.693200,4395.155200,4243.495200,0.2498,0.0752,0.2498,0.0915
map,stability,stability,1,0.1,global,9,storm2,130,0.0,0.25,302,c09_storm2_w80_u130_0025,2955,5059.364400,4688.746000,1126.620000,2610.368800,3325.686400,0.2493,0.0694,0.2494,0.0853
map,stability,stability,1,0.1,global,9,storm2,130,0.0,0.25,302,c09_storm2_w80_u130_0026,2955,6993.494400,6573.395600,1749.480800,4864.385600,4537.547200,0.2488,0.0873,0.2490,0.1027
map,stability,stability,1,0.1,global,9,storm2,130,0.0,0.25,302,c09_storm2_w80_u130_0027,2955,7824.229200,7539.346600,1633.974000,5904.077000,5476.418400,0.2500,0.1050,0.2500,0.0987
map,stability,stability,1,0.1,global,9,storm2,130,0.0,0.25,302,c09_storm2_w80_u130_0028,2955,7644.670800,7634.589800,1177.121200,4408.834000,4356.350000,0.2495,0.1066,0.2496,0.1016
map,stability,stability,1,0.1,global,9,storm2,130,0.0,0.25,302,c09_storm2_w80_u130_0029,2955,6338.518000,5979.226800,1856.062000,3944.829800,4051.333000,0.2468,0.0660,0.2488,0.0802
map,stability,stability,1,0.1,global,9,storm2,130,0.5,0.25,301,c09_storm2_w80_u130_0020,2955,8941.717600,3802.967200,1384.724000,5146.744000,2380.214400,0.2502,0.0673,0.2485,0.1970
map,stability,stability,1,0.1,global,9,storm2,130,0.5,0.25,301,c09_storm2_w80_u130_0021,2955,11867.880000,4370.907400,2152.867600,4702.635400,3583.829600,0.2485,0.0408,0.2449,0.1885
map,stability,stability,1,0.1,global,9,storm2,130,0.5,0.25,301,c09_storm2_w80_u130_0022,2955,13529.412200,6287.784600,2033.651600,6174.312200,3280.339000,0.2500,0.0992,0.2422,0.2299
map,stability,stability,1,0.1,global,9,storm2,130,0.5,0.25,301,c09_storm2_w80_u130_0023,2955,10119.372400,3709.469200,1020.643200,4693.818000,2522.150000,0.2502,0.0486,0.2434,0.2048
map,stability,stability,1,0.1,global,9,storm2,130,0.5,0.25,301,c09_storm2_w80_u130_0024,2955,9411.622800,4059.739600,1308.045200,4305.478000,2801.057200,0.2499,0.0720,0.2459,0.1987
map,stability,stability,1,0.1,global,9,storm2,130,0.5,0.25,301,c09_storm2_w80_u130_0025,2955,9610.012000,5303.163600,1574.183200,4496.044000,3151.197600,0.2501,0.0852,0.2463,0.1776
map,stability,stability,1,0.1,global,9,storm2,130,0.5,0.25,301,c09_storm2_w80_u130_0026,2955,13286.870200,6214.835000,2203.098400,7219.586800,4285.078400,0.2500,0.0869,0.2423,0.2465
map,stability,stability,1,0.1,global,9,storm2,130,0.5,0.25,301,c09_storm2_w80_u130_0027,2955,11804.620200,5276.721600,2087.435600,6117.253200,3487.731000,0.2491,0.0822,0.2454,0.2266
map,stability,stability,1,0.1,global,9,storm2,130,0.5,0.25,301,c09_storm2_w80_u130_0028,2955,12074.571600,4897.425400,1051.884800,3912.771400,2931.668400,0.2501,0.0917,0.2427,0.2243
map,stability,stability,1,0.1,global,9,storm2,130,0.5,0.25,301,c09_storm2_w80_u130_0029,2955,10421.381200,4147.263600,2042.163600,5690.944000,3063.057200,0.2485,0.0769,0.2464,0.1785
map,stability,stability,1,0.1,global,9,storm2,130,0.5,0.25,302,c09_storm2_w80_u130_0020,2955,8941.717600,3179.843200,1384.724000,4224.497600,2033.077600,0.2503,0.0608,0.2472,0.2030
map,stability,stability,1,0.1,global,9,storm2,130,0.5,0.25,302,c09_storm2_w80_u130_0021,2955,11867.880000,4269.229000,2152.867600,4199.078200,3423.410800,0.2484,0.0518,0.2387,0.1623
map,stability,stability,1,0.1,global,9,storm2,130,0.5,0.25,302,c09_storm2_w80_u130_0022,2955,13529.412200,5302.124600,2033.651600,5512.380800,3129.836200,0.2503,0.0778,0.2377,0.2068
map,stability,stability,1,0.1,global,9,storm2,130,0.5,0.25,302,c09_storm2_w80_u130_0023,2955,10119.372400,3497.793400,1020.643200,3189.475200,2122.972600,0.2503,0.0635,0.2375,0.2063
map,stability,stability,1,0.1,global,9,storm2,130,0.5,0.25,302,c09_storm2_w80_u130_0024,2955,9411.622800,4245.678400,1308.045200,3139.924400,2928.144000,0.2492,0.0723,0.2452,0.1863
map,stability,stability,1,0.1,global,9,storm2,130,0.5,0.25,302,c09_storm2_w80_u130_0025,2955,9610.012000,4782.402000,1574.183200,4541.613600,2491.664600,0.2501,0.0819,0.2426,0.1753
map,stability,stability,1,0.1,global,9,storm2,130,0.5,0.25,302,c09_storm2_w80_u130_0026,2955,13286.870200,5364.434800,2203.098400,5301.491400,3666.061000,0.2500,0.0683,0.2409,0.2301
map,stability,stability,1,0.1,global,9,storm2,130,0.5,0.25,302,c09_storm2_w80_u130_0027,2955,11804.620200,4530.502200,2087.435600,4021.262000,3236.667200,0.2496,0.0620,0.2441,0.1764
map,stability,stability,1,0.1,global,9,storm2,130,0.5,0.25,302,c09_storm2_w80_u130_0028,2955,12074.571600,4488.897400,1051.884800,3899.700000,2312.210600,0.2500,0.0769,0.2296,0.1961
map,stability,stability,1,0.1,global,9,storm2,130,0.5,0.25,302,c09_storm2_w80_u130_0029,2955,10421.381200,3850.440000,2042.163600,5696.417200,2837.628800,0.2483,0.0884,0.2423,0.1496
map,stability,stability,1,0.1,global,9,storm2,130,0.0,0.25,303,c09_storm2_w80_u130_0020,2955,4341.957200,4141.455200,864.656000,3007.358400,3119.399600,0.2486,0.0743,0.2497,0.0758
map,stability,stability,1,0.1,global,9,storm2,130,0.0,0.25,303,c09_storm2_w80_u130_0021,2955,5619.735000,5313.682800,1372.199200,4230.102800,4252.718800,0.2484,0.0736,0.2488,0.0912
map,stability,stability,1,0.1,global,9,storm2,130,0.0,0.25,303,c09_storm2_w80_u130_0022,2955,6757.698600,5912.113400,1567.498400,3571.181600,4466.785600,0.2452,0.0679,0.2488,0.1160
map,stability,stability,1,0.1,global,9,storm2,130,0.0,0.25,303,c09_storm2_w80_u130_0023,2955,4766.402000,4186.697200,489.626400,3193.352800,3100.306800,0.2499,0.0739,0.2501,0.0938
map,stability,stability,1,0.1,global,9,storm2,130,0.0,0.25,303,c09_storm2_w80_u130_0024,2955,5709.433200,5396.085600,699.693200,4574.879600,4319.941200,0.2489,0.0868,0.2494,0.0788
map,stability,stability,1,0.1,global,9,storm2,130,0.0,0.25,303,c09_storm2_w80_u130_0025,2955,5059.364400,4667.103600,1126.620000,2770.429600,3357.144800,0.2468,0.0687,0.2493,0.0806
map,stability,stability,1,0.1,global,9,storm2,130,0.0,0.25,303,c09_storm2_w80_u130_0026,2955,6993.494400,6670.600400,1749.480800,4588.068000,4471.964800,0.2438,0.1049,0.2486,0.1012
map,stability,stability,1,0.1,global,9,storm2,130,0.0,0.25,303,c09_storm2_w80_u130_0027,2955,7824.229200,7308.899400,1633.974000,5593.760600,5346.310200,0.2493,0.0970,0.2471,0.1066
map,stability,stability,1,0.1,global,9,storm2,130,0.0,0.25,303,c09_storm2_w80_u130_0028,2955,7644.670800,7589.910600,1177.121200,4335.257200,4518.948800,0.2498,0.1275,0.2484,0.1071
map,stability,stability,1,0.1,global,9,storm2,130,0.0,0.25,303,c09_storm2_w80_u130_0029,2955,6338.518000,5458.919800,1856.062000,3980.134200,3768.954400,0.2457,0.0726,0.2480,0.0772
map,stability,stability,1,0.1,global,9,storm2,130,0.5,0.25,303,c09_storm2_w80_u130_0020,2955,8941.717600,2810.498000,1384.724000,5578.434800,2022.689200,0.2500,0.0576,0.2485,0.1904
map,stability,stability,1,0.1,global,9,storm2,130,0.5,0.25,303,c09_storm2_w80_u130_0021,2955,11867.880000,3903.566000,2152.867600,5430.259800,3277.327200,0.2486,0.0251,0.2457,0.1863
map,stability,stability,1,0.1,global,9,storm2,130,0.5,0.25,303,c09_storm2_w80_u130_0022,2955,13529.412200,4794.748000,2033.651600,6868.509400,3511.495200,0.2473,0.0656,0.2450,0.2222
map,stability,stability,1,0.1,global,9,storm2,130,0.5,0.25,303,c09_storm2_w80_u130_0023,2955,10119.372400,3415.749600,1020.643200,5081.875200,2662.300400,0.2477,0.0508,0.2459,0.1925
map,stability,stability,1,0.1,global,9,storm2,130,0.5,0.25,303,c09_storm2_w80_u130_0024,2955,9411.622800,4069.094800,1308.045200,4884.509200,2970.075600,0.2501,0.0640,0.2463,0.1886
map,stability,stability,1,0.1,global,9,storm2,130,0.5,0.25,303,c09_storm2_w80_u130_0025,2955,9610.012000,4213.908800,1574.183200,5112.948800,2683.078000,0.2500,0.0801,0.2459,0.1811
map,stability,stability,1,0.1,global,9,storm2,130,0.5,0.25,303,c09_storm2_w80_u130_0026,2955,13286.870200,5197.121000,2203.098400,7528.983000,3879.855600,0.2464,0.0739,0.2439,0.2290
map,stability,stability,1,0.1,global,9,storm2,130,0.5,0.25,303,c09_storm2_w80_u130_0027,2955,11804.620200,4630.860000,2087.435600,6732.709000,3378.097200,0.2474,0.0608,0.2458,0.1837
map,stability,stability,1,0.1,global,9,storm2,130,0.5,0.25,303,c09_storm2_w80_u130_0028,2955,12074.571600,4502.404400,1051.884800,4311.089400,2224.492400,0.2483,0.0842,0.2443,0.2194
map,stability,stability,1,0.1,global,9,storm2,130,0.5,0.25,303,c09_storm2_w80_u130_0029,2955,10421.381200,3642.067600,2042.163600,5707.255600,2777.510800,0.2500,0.0927,0.2480,0.1790
map,stability,stability,1,0.1,global,9,storm2,110,0.0,0.25,301,c09_storm2_w80_u110_0020,2475,2777.756800,2906.446400,803.778000,2111.150400,2164.034800,0.2453,0.0565,0.2500,0.0554
map,stability,stability,1,0.1,global,9,storm2,110,0.0,0.25,301,c09_storm2_w80_u110_0021,2475,3160.110400,3317.600800,1143.858000,2386.530800,2280.699600,0.2425,0.0782,0.2501,0.0818
map,stability,stability,1,0.1,global,9,storm2,110,0.0,0.25,301,c09_storm2_w80_u110_0022,2475,1758.527600,1759.435600,1166.568800,1364.581200,1453.810800,0.2501,0.0397,0.2500,0.0621
map,stability,stability,1,0.1,global,9,storm2,110,0.0,0.25,301,c09_storm2_w80_u110_0023,2475,2700.010800,2995.840400,1716.838000,2439.035200,2635.753200,0.2354,0.0538,0.2501,0.0507
map,stability,stability,1,0.1,global,9,storm2,110,0.0,0.25,301,c09_storm2_w80_u110_0024,2475,2248.369600,2483.604800,807.210000,1570.114000,1887.820400,0.2339,0.0753,0.2500,0.0863
map,stability,stability,1,0.1,global,9,storm2,110,0.0,0.25,301,c09_storm2_w80_u110_0025,2475,3994.679200,4236.370800,1523.419600,2619.244000,2907.363200,0.2467,0.0877,0.2497,0.1052
map,stability,stability,1,0.1,global,9,storm2,110,0.0,0.25,301,c09_storm2_w80_u110_0026,2475,3295.701400,3549.640400,1961.119600,2786.426000,3016.362800,0.2412,0.0454,0.2497,0.0547
map,stability,stability,1,0.1,global,9,storm2,110,0.0,0.25,301,c09_storm2_w80_u110_0027,2475,1610.664000,1746.539200,931.710800,1328.409200,1535.317200,0.2456,0.0476,0.2469,0.0496
map,stability,stability,1,0.1,global,9,storm2,110,0.0,0.25,301,c09_storm2_w80_u110_0028,2475,2476.009200,2724.249200,1269.314800,2135.072800,2281.693600,0.2482,0.0706,0.2504,0.0561
map,stability,stability,1,0.1,global,9,storm2,110,0.0,0.25,301,c09_storm2_w80_u110_0029,2475,3329.770000,3307.413200,2074.122800,2798.357200,2880.912800,0.2436,0.0646,0.2461,0.0659
map,stability,stability,1,0.1,global,9,storm2,110,0.0,0.25,302,c09_storm2_w80_u110_0020,2475,2777.756800,2655.159200,803.778000,2073.808000,1662.628800,0.2452,0.0738,0.2500,0.0554
map,stability,stability,1,0.1,global,9,storm2,110,0.0,0.25,302,c09_storm2_w80_u110_0021,2475,3160.110400,3336.638000,1143.858000,2189.810000,2792.304000,0.2407,0.0661,0.2501,0.0778
map,stability,stability,1,0.1,global,9,storm2,110,0.0,0.25,302,c09_storm2_w80_u110_0022,2475,1758.527600,2033.069600,1166.568800,1363.762000,1464.272400,0.2441,0.0429,0.2500,0.0599
map,stability,stability,1,0.1,global,9,storm2,110,0.0,0.25,302,c09_storm2_w80_u110_0023,2475,2700.010800,2660.892000,1716.838000,2416.032400,2436.360400,0.2354,0.0562,0.2501,0.0529
map,stability,stability,1,0.1,global,9,storm2,110,0.0,0.25,302,c09_storm2_w80_u110_0024,2475,2248.369600,2168.300800,807.210000,1571.896000,1588.464000,0.2407,0.0628,0.2504,0.0881
map,stability,stability,1,0.1,global,9,storm2,110,0.0,0.25,302,c09_storm2_w80_u110_0025,2475,3994.679200,3940.149600,1523.419600,2785.537200,2592.974000,0.2433,0.0907,0.2497,0.1010
map,stability,stability,1,0.1,global,9,storm2,110,0.0,0.25,302,c09_storm2_w80_u110_0026,2475,3295.701400,3326.273600,1961.119600,2682.938800,2986.988400,0.2395,0.0296,0.2497,0.0569
map,stability,stability,1,0.1,global,9,storm2,110,0.0,0.25,302,c09_storm2_w80_u110_0027,2475,1610.664000,1795.772400,931.710800,1326.084000,1524.929600,0.2457,0.0310,0.2469,0.0496
map,stability,stability,1,0.1,global,9,storm2,110,0.0,0.25,302,c09_storm2_w80_u110_0028,2475,2476.009200,2528.512400,1269.314800,2089.192800,2289.536800,0.2377,0.0338,0.2504,0.0581
map,stability,stability,1,0.1,global,9,storm2,110,0.0,0.25,302,c09_storm2_w80_u110_0029,2475,3329.770000,3405.068400,2074.122800,2792.161600,2623.536800,0.2424,0.0607,0.2471,0.0577
map,stability,stability,1,0.1,global,9,storm2,130,1.0,0.25,302,c09_storm2_w80_u130_0020,2955,12212.954800,1369.131600,1348.893200,6946.438000,1388.234800,0.2499,0.0132,0.2489,0.2909
map,stability,stability,1,0.1,global,9,storm2,130,1.0,0.25,302,c09_storm2_w80_u130_0021,2955,21900.442000,2844.134000,2547.171200,8684.482800,2564.801200,0.2449,0.0224,0.2492,0.3569
map,stability,stability,1,0.1,global,9,storm2,130,1.0,0.25,302,c09_storm2_w80_u130_0022,2955,20834.553400,3185.158600,2644.633600,10001.405400,2951.563400,0.2429,0.0468,0.2471,0.3520
map,stability,stability,1,0.1,global,9,storm2,130,1.0,0.25,302,c09_storm2_w80_u130_0023,2955,16891.787200,1839.794400,1135.700000,8678.836600,1638.499200,0.2424,0.0380,0.2409,0.3757
map,stability,stability,1,0.1,global,9,storm2,130,1.0,0.25,302,c09_storm2_w80_u130_0024,2955,14415.295200,1785.969600,1613.467600,6254.491600,1767.853600,0.2477,0.0065,0.2479,0.2779
map,stability,stability,1,0.1,global,9,storm2,130,1.0,0.25,302,c09_storm2_w80_u130_0025,2955,13417.497600,1995.678800,1471.206000,7765.088000,1840.427800,0.2458,0.0288,0.2490,0.2373
map,stability,stability,1,0.1,global,9,storm2,130,1.0,0.25,302,c09_storm2_w80_u130_0026,2955,20922.601800,3341.117600,2416.645200,10804.898200,3152.526400,0.2404,0.0567,0.2358,0.3490
map,stability,stability,1,0.1,global,9,storm2,130,1.0,0.25,302,c09_storm2_w80_u130_0027,2955,21391.363400,2478.068200,1952.576400,9242.343600,2297.717200,0.2496,0.0218,0.2492,0.3389
map,stability,stability,1,0.1,global,9,storm2,130,1.0,0.25,302,c09_storm2_w80_u130_0028,2955,20718.950000,2592.887200,1189.960000,10269.946400,1717.455600,0.2464,0.0565,0.2468,0.3449
map,stability,stability,1,0.1,global,9,storm2,130,1.0,0.25,302,c09_storm2_w80_u130_0029,2955,14509.340800,2393.978000,2249.482400,8074.076400,2328.069600,0.2501,0.0081,0.2496,0.2904
map,stability,stability,1,0.1,global,9,storm2,130,1.0,0.25,301,c09_storm2_w80_u130_0020,2955,12212.954800,1959.826400,1348.893200,7504.840000,1672.576800,0.2497,0.0346,0.2448,0.2941
map,stability,stability,1,0.1,global,9,storm2,130,1.0,0.25,301,c09_storm2_w80_u130_0021,2955,21900.442000,3490.013400,2547.171200,9887.611400,2866.793600,0.2492,0.0424,0.2429,0.3774
map,stability,stability,1,0.1,global,9,storm2,130,1.0,0.25,301,c09_storm2_w80_u130_0022,2955,20834.553400,4473.532600,2644.633600,11669.734200,3441.921600,0.2472,0.0705,0.2389,0.3384
map,stability,stability,1,0.1,global,9,storm2,130,1.0,0.25,301,c09_storm2_w80_u130_0023,2955,16891.787200,3012.087200,1135.700000,9533.098600,2401.114000,0.2437,0.0654,0.2392,0.3292
map,stability,stability,1,0.1,global,9,storm2,130,1.0,0.25,301,c09_storm2_w80_u130_0024,2955,14415.295200,2470.484800,1613.467600,7833.620800,1884.424800,0.2500,0.0417,0.2391,0.2797
map,stability,stability,1,0.1,global,9,storm2,130,1.0,0.25,301,c09_storm2_w80_u130_0025,2955,13417.497600,3118.098800,1471.206000,7797.174000,1816.985000,0.2453,0.0640,0.2490,0.2278
map,stability,stability,1,0.1,global,9,storm2,130,1.0,0.25,301,c09_storm2_w80_u130_0026,2955,20922.601800,4532.984800,2416.645200,12762.312000,3828.708800,0.2350,0.0708,0.2380,0.3262
map,stability,stability,1,0.1,global,9,storm2,130,1.0,0.25,301,c09_storm2_w80_u130_0027,2955,21391.363400,3629.706600,1952.576400,9649.888400,3056.310800,0.2495,0.0486,0.2437,0.3465
map,stability,stability,1,0.1,global,9,storm2,130,1.0,0.25,301,c09_storm2_w80_u130_0028,2955,20718.950000,3446.957000,1189.960000,11007.054600,1689.217000,0.2501,0.0718,0.2419,0.3486
map,stability,stability,1,0.1,global,9,storm2,130,1.0,0.25,301,c09_storm2_w80_u130_0029,2955,14509.340800,2719.092400,2249.482400,8376.564600,2552.384400,0.2498,0.0195,0.2406,0.2758
map,stability,stability,1,0.1,global,9,storm2,110,0.0,0.25,303,c09_storm2_w80_u110_0020,2475,2777.756800,2831.463600,803.778000,2035.516800,2020.784800,0.2500,0.0618,0.2500,0.0597
map,stability,stability,1,0.1,global,9,storm2,110,0.0,0.25,303,c09_storm2_w80_u110_0021,2475,3160.110400,3293.315600,1143.858000,2821.768400,2896.107600,0.2500,0.0640,0.2501,0.0599
map,stability,stability,1,0.1,global,9,storm2,110,0.0,0.25,303,c09_storm2_w80_u110_0022,2475,1758.527600,1762.216800,1166.568800,1370.790000,1378.791200,0.2503,0.0442,0.2499,0.0576
map,stability,stability,1,0.1,global,9,storm2,110,0.0,0.25,303,c09_storm2_w80_u110_0023,2475,2700.010800,2701.718400,1716.838000,2420.870800,2141.664000,0.2500,0.0719,0.2501,0.0507
map,stability,stability,1,0.1,global,9,storm2,110,0.0,0.25,303,c09_storm2_w80_u110_0024,2475,2248.369600,2372.484000,807.210000,1573.755200,1796.767200,0.2428,0.0645,0.2500,0.0824
map,stability,stability,1,0.1,global,9,storm2,110,0.0,0.25,303,c09_storm2_w80_u110_0025,2475,3994.679200,3739.014800,1523.419600,2571.958800,2606.106000,0.2501,0.0885,0.2503,0.1008
map,stability,stability,1,0.1,global,9,storm2,110,0.0,0.25,303,c09_storm2_w80_u110_0026,2475,3295.701400,3293.066800,1961.119600,2703.341200,2660.931600,0.2504,0.0458,0.2503,0.0568
map,stability,stability,1,0.1,global,9,storm2,110,0.0,0.25,303,c09_storm2_w80_u110_0027,2475,1610.664000,1726.951600,931.710800,1377.949200,1543.995200,0.2471,0.0226,0.2423,0.0505
map,stability,stability,1,0.1,global,9,storm2,110,0.0,0.25,303,c09_storm2_w80_u110_0028,2475,2476.009200,2509.270400,1269.314800,2095.110000,2104.287200,0.2500,0.0661,0.2504,0.0641
map,stability,stability,1,0.1,global,9,storm2,110,0.0,0.25,303,c09_storm2_w80_u110_0029,2475,3329.770000,3696.300400,2074.122800,2705.068800,2906.596000,0.2426,0.0730,0.2456,0.0660
map,stability,stability,1,0.1,global,9,storm2,130,1.0,0.25,303,c09_storm2_w80_u130_0020,2955,12212.954800,1414.652400,1348.893200,6961.390000,1373.060800,0.2494,0.0165,0.2419,0.2636
map,stability,stability,1,0.1,global,9,storm2,130,1.0,0.25,303,c09_storm2_w80_u130_0021,2955,21900.442000,2628.356000,2547.171200,9529.716400,2518.176400,0.2500,0.0266,0.2437,0.3489
map,stability,stability,1,0.1,global,9,storm2,130,1.0,0.25,303,c09_storm2_w80_u130_0022,2955,20834.553400,3094.468200,2644.633600,9375.648600,2720.608000,0.2455,0.0398,0.2450,0.3018
map,stability,stability,1,0.1,global,9,storm2,130,1.0,0.25,303,c09_storm2_w80_u130_0023,2955,16891.787200,1655.402000,1135.700000,8300.859600,1300.155000,0.2457,0.0375,0.2367,0.3681
map,stability,stability,1,0.1,global,9,storm2,130,1.0,0.25,303,c09_storm2_w80_u130_0024,2955,14415.295200,1668.044400,1613.467600,7211.554800,1640.182800,0.2500,0.0112,0.2463,0.2699
map,stability,stability,1,0.1,global,9,storm2,130,1.0,0.25,303,c09_storm2_w80_u130_0025,2955,13417.497600,2214.792400,1471.206000,6709.170000,1749.837000,0.2455,0.0687,0.2435,0.2540
map,stability,stability,1,0.1,global,9,storm2,130,1.0,0.25,303,c09_storm2_w80_u130_0026,2955,20922.601800,3518.483200,2416.645200,12103.774800,2732.324600,0.2451,0.0539,0.2358,0.3599
map,stability,stability,1,0.1,global,9,storm2,130,1.0,0.25,303,c09_storm2_w80_u130_0027,2955,21391.363400,2100.515000,1952.576400,8639.908200,1910.005600,0.2496,0.0201,0.2496,0.3417
map,stability,stability,1,0.1,global,9,storm2,130,1.0,0.25,303,c09_storm2_w80_u130_0028,2955,20718.950000,1909.385200,1189.960000,9344.901000,1559.831400,0.2480,0.0562,0.2501,0.3191
map,stability,stability,1,0.1,global,9,storm2,130,1.0,0.25,303,c09_storm2_w80_u130_0029,2955,14509.340800,2315.077600,2249.482400,8698.107800,2300.173800,0.2496,0.0049,0.2427,0.2852
map,stability,stability,1,0.1,global,9,storm2,110,0.5,0.25,301,c09_storm2_w80_u110_0020,2475,3808.628400,1616.893200,1259.500400,2672.090000,1545.135600,0.2493,0.0150,0.2500,0.0874
map,stability,stability,1,0.1,global,9,storm2,110,0.5,0.25,301,c09_storm2_w80_u110_0021,2475,5935.982000,3083.740800,1913.772000,3217.818000,2426.339200,0.2501,0.0458,0.2501,0.2096
map,stability,stability,1,0.1,global,9,storm2,110,0.5,0.25,301,c09_storm2_w80_u110_0022,2475,3565.517000,2708.204600,2159.162400,2773.622200,2425.771000,0.2486,0.0333,0.2492,0.1156
map,stability,stability,1,0.1,global,9,storm2,110,0.5,0.25,301,c09_storm2_w80_u110_0023,2475,3457.559600,1898.271600,1497.311200,2557.825200,1795.432800,0.2504,0.0359,0.2501,0.1247
map,stability,stability,1,0.1,global,9,storm2,110,0.5,0.25,301,c09_storm2_w80_u110_0024,2475,4740.398400,2932.057200,1809.525600,3883.306000,2423.489600,0.2504,0.0487,0.2467,0.1352
map,stability,stability,1,0.1,global,9,storm2,110,0.5,0.25,301,c09_storm2_w80_u110_0025,2475,6353.525200,2930.018400,2082.993600,4033.802800,2433.300000,0.2487,0.0476,0.2503,0.1872
map,stability,stability,1,0.1,global,9,storm2,110,0.5,0.25,301,c09_storm2_w80_u110_0026,2475,4772.589200,3422.578800,2461.565600,4131.929200,2852.937200,0.2503,0.0305,0.2481,0.0749
map,stability,stability,1,0.1,global,9,storm2,110,0.5,0.25,301,c09_storm2_w80_u110_0027,2475,3129.480400,1170.914400,983.971200,1818.914000,1111.870400,0.2449,0.0207,0.2500,0.1102
map,stability,stability,1,0.1,global,9,storm2,110,0.5,0.25,301,c09_storm2_w80_u110_0028,2475,3558.075200,1641.804000,1376.522800,2655.324400,1423.195200,0.2503,0.0281,0.2504,0.1543
map,stability,stability,1,0.1,global,9,storm2,110,0.5,0.25,301,c09_storm2_w80_u110_0029,2475,4423.178000,2955.566000,2235.380800,3898.458800,2532.140800,0.2483,0.0396,0.2461,0.0838
map,stability,stability,1,0.1,global,9,storm2,110,0.5,0.25,302,c09_storm2_w80_u110_0020,2475,3808.628400,1734.116400,1259.500400,2897.482000,1608.915200,0.2493,0.0171,0.2500,0.0896
map,stability,stability,1,0.1,global,9,storm2,110,0.5,0.25,302,c09_storm2_w80_u110_0021,2475,5935.982000,3283.703200,1913.772000,4289.424000,2556.446800,0.2502,0.0438,0.2501,0.1976
map,stability,stability,1,0.1,global,9,storm2,110,0.5,0.25,302,c09_storm2_w80_u110_0022,2475,3565.517000,2589.072200,2159.162400,2626.528200,2362.770200,0.2503,0.0352,0.2493,0.1244
map,stability,stability,1,0.1,global,9,storm2,110,0.5,0.25,302,c09_storm2_w80_u110_0023,2475,3457.559600,2239.664000,1497.311200,2754.622000,1946.868800,0.2500,0.0506,0.2501,0.0951
map,stability,stability,1,0.1,global,9,storm2,110,0.5,0.25,302,c09_storm2_w80_u110_0024,2475,4740.398400,3057.111200,1809.525600,4060.770800,2597.234400,0.2500,0.0565,0.2504,0.1468
map,stability,stability,1,0.1,global,9,storm2,110,0.5,0.25,302,c09_storm2_w80_u110_0025,2475,6353.525200,3168.017200,2082.993600,4209.790400,2323.744000,0.2487,0.0621,0.2503,0.1708
map,stability,stability,1,0.1,global,9,storm2,110,0.5,0.25,302,c09_storm2_w80_u110_0026,2475,4772.589200,3318.436800,2461.565600,4110.474400,2855.694400,0.2500,0.0305,0.2492,0.0899
map,stability,stability,1,0.1,global,9,storm2,110,0.5,0.25,302,c09_storm2_w80_u110_0027,2475,3129.480400,1329.210400,983.971200,2064.375600,1168.332400,0.2465,0.0287,0.2490,0.1066
map,stability,stability,1,0.1,global,9,storm2,110,0.5,0.25,302,c09_storm2_w80_u110_0028,2475,3558.075200,1748.942800,1376.522800,2728.522000,1417.529200,0.2504,0.0518,0.2504,0.1363
map,stability,stability,1,0.1,global,9,storm2,110,0.5,0.25,302,c09_storm2_w80_u110_0029,2475,4423.178000,3007.511200,2235.380800,3862.528400,2611.165600,0.2480,0.0476,0.2456,0.1020
map,stability,stability,1,0.1,global,10,storm2,90,1.0,0.25,301,c10_storm2_w80_u90_0020,8435,3771.110800,2142.411600,1924.352800,3401.426400,2117.518800,0.2492,0.0203,0.2498,0.0439
map,stability,stability,1,0.1,global,10,storm2,90,1.0,0.25,301,c10_storm2_w80_u90_0021,8435,2687.786400,1078.329200,947.968400,1048.787200,972.210400,0.2485,0.0086,0.2499,0.0389
map,stability,stability,1,0.1,global,10,storm2,90,1.0,0.25,301,c10_storm2_w80_u90_0022,8435,3355.666800,2446.637600,2320.653200,2427.992400,2298.083600,0.2489,0.0141,0.2496,0.0247
map,stability,stability,1,0.1,global,10,storm2,90,1.0,0.25,301,c10_storm2_w80_u90_0023,8435,1587.811200,1200.987200,1193.529600,1362.128000,1196.592400,0.2491,0.0036,0.2495,0.0169
map,stability,stability,1,0.1,global,10,storm2,90,1.0,0.25,301,c10_storm2_w80_u90_0024,8435,1834.982800,1536.637600,1275.873200,1328.840000,1281.502400,0.2493,0.0042,0.2501,0.0245
map,stability,stability,1,0.1,global,10,storm2,90,1.0,0.25,301,c10_storm2_w80_u90_0025,8435,2876.862400,2538.363600,2444.531600,2476.787600,2412.561200,0.2480,0.0052,0.2472,0.0240
map,stability,stability,1,0.1,global,10,storm2,90,1.0,0.25,301,c10_storm2_w80_u90_0026,8435,4008.578800,3446.741600,2726.478800,3377.719200,3070.926400,0.2499,0.0160,0.2500,0.0259
map,stability,stability,1,0.1,global,10,storm2,90,1.0,0.25,301,c10_storm2_w80_u90_0027,8435,3240.756000,1892.682800,1581.278800,1918.823200,1661.610800,0.2486,0.0141,0.2499,0.0344
map,stability,stability,1,0.1,global,10,storm2,90,1.0,0.25,301,c10_storm2_w80_u90_0028,8435,3160.993200,2782.270000,1956.765600,2176.507200,2061.974000,0.2492,0.0189,0.2499,0.0414
map,stability,stability,1,0.1,global,10,storm2,90,1.0,0.25,301,c10_storm2_w80_u90_0029,8435,3618.116800,2934.764400,2452.416400,2464.743200,2429.359600,0.2491,0.0190,0.2499,0.0171
map,stability,stability,1,0.1,global,9,storm2,100,0.0,0.25,301,c09_storm2_w80_u100_0020,2253,1253.379200,1264.723200,963.206400,1061.694400,1018.465600,0.2494,0.0528,0.2482,0.0530
map,stability,stability,1,0.1,global,9,storm2,100,0.0,0.25,301,c09_storm2_w80_u100_0021,2253,899.342800,907.839200,837.866800,851.581200,868.581600,0.2500,0.0270,0.2502,0.0243
map,stability,stability,1,0.1,global,9,storm2,100,0.0,0.25,301,c09_storm2_w80_u100_0022,2253,746.395200,749.228800,721.241600,721.967200,723.700800,0.2477,0.0216,0.2430,0.0138
map,stability,stability,1,0.1,global,9,storm2,100,0.0,0.25,301,c09_storm2_w80_u100_0023,2253,3295.356000,3324.389600,2013.730000,2585.142000,2820.061600,0.2503,0.0869,0.2503,0.1012
map,stability,stability,1,0.1,global,9,storm2,100,0.0,0.25,301,c09_storm2_w80_u100_0024,2253,1762.665600,1762.668400,1427.994000,1602.868800,1584.020400,0.2503,0.0379,0.2502,0.0404
map,stability,stability,1,0.1,global,9,storm2,100,0.0,0.25,301,c09_storm2_w80_u100_0025,2253,2723.120800,2894.294000,1673.843200,2298.927800,2471.335400,0.2494,0.0586,0.2504,0.0584
map,stability,stability,1,0.1,global,9,storm2,100,0.0,0.25,301,c09_storm2_w80_u100_0026,2253,3223.762400,3312.250800,2254.060000,3061.706800,2822.176800,0.2500,0.0376,0.2503,0.0353
map,stability,stability,1,0.1,global,9,storm2,100,0.0,0.25,301,c09_storm2_w80_u100_0027,2253,1435.314400,1446.501600,1102.271200,1169.565600,1121.026800,0.2503,0.0504,0.2500,0.0581
map,stability,stability,1,0.1,global,9,storm2,100,0.0,0.25,301,c09_storm2_w80_u100_0028,2253,1057.082800,1036.098800,790.313600,942.780000,912.104800,0.2503,0.0302,0.2500,0.0329
map,stability,stability,1,0.1,global,9,storm2,100,0.0,0.25,301,c09_storm2_w80_u100_0029,2253,1275.659600,1626.669200,875.928000,1044.821200,1084.013600,0.2503,0.0398,0.2501,0.0288
map,stability,stability,1,0.1,global,10,storm2,90,1.0,0.25,302,c10_storm2_w80_u90_0020,8435,3771.110800,2040.988000,1924.352800,3436.064000,1953.253200,0.2499,0.0175,0.2500,0.0449
map,stability,stability,1,0.1,global,10,storm2,90,1.0,0.25,302,c10_storm2_w80_u90_0021,8435,2687.786400,1074.540400,947.968400,1097.004400,957.109200,0.2495,0.0098,0.2501,0.0389
map,stability,stability,1,0.1,global,10,storm2,90,1.0,0.25,302,c10_storm2_w80_u90_0022,8435,3355.666800,2367.752000,2320.653200,2419.072000,2320.342800,0.2496,0.0034,0.2501,0.0286
map,stability,stability,1,0.1,global,10,storm2,90,1.0,0.25,302,c10_storm2_w80_u90_0023,8435,1587.811200,1231.337600,1193.529600,1303.173200,1193.024000,0.2500,0.0066,0.2500,0.0210
map,stability,stability,1,0.1,global,10,storm2,90,1.0,0.25,302,c10_storm2_w80_u90_0024,8435,1834.982800,1368.780800,1275.873200,1328.840000,1279.431600,0.2494,0.0030,0.2501,0.0245
map,stability,stability,1,0.1,global,10,storm2,90,1.0,0.25,302,c10_storm2_w80_u90_0025,8435,2876.862400,2508.850400,2444.531600,2493.156000,2452.529600,0.2491,0.0012,0.2488,0.0192
map,stability,stability,1,0.1,global,10,storm2,90,1.0,0.25,302,c10_storm2_w80_u90_0026,8435,4008.578800,3025.732400,2726.478800,3654.549200,2888.778000,0.2494,0.0139,0.2500,0.0292
map,stability,stability,1,0.1,global,10,storm2,90,1.0,0.25,302,c10_storm2_w80_u90_0027,8435,3240.756000,2196.864800,1581.278800,1931.528000,1838.612400,0.2490,0.0105,0.2500,0.0350
map,stability,stability,1,0.1,global,10,storm2,90,1.0,0.25,302,c10_storm2_w80_u90_0028,8435,3160.993200,2151.502000,1956.765600,2134.348800,1977.463200,0.2497,0.0083,0.2500,0.0361
map,stability,stability,1,0.1,global,10,storm2,90,1.0,0.25,302,c10_storm2_w80_u90_0029,8435,3618.116800,2473.406400,2452.416400,2508.238800,2465.550000,0.2492,0.0038,0.2500,0.0177
map,stability,stability,1,0.1,global,9,storm2,100,0.0,0.25,302,c09_storm2_w80_u100_0020,2253,1253.379200,1210.291200,963.206400,1092.899200,1027.307200,0.2496,0.0478,0.2500,0.0550
map,stability,stability,1,0.1,global,9,storm2,100,0.0,0.25,302,c09_storm2_w80_u100_0021,2253,899.342800,897.852400,837.866800,850.854000,837.546000,0.2503,0.0296,0.2502,0.0270
map,stability,stability,1,0.1,global,9,storm2,100,0.0,0.25,302,c09_storm2_w80_u100_0022,2253,746.395200,752.502800,721.241600,723.358400,725.301600,0.2423,0.0083,0.2443,0.0082
map,stability,stability,1,0.1,global,9,storm2,100,0.0,0.25,302,c09_storm2_w80_u100_0023,2253,3295.356000,3282.104000,2013.730000,2640.815600,2634.422400,0.2503,0.1080,0.2503,0.1012
map,stability,stability,1,0.1,global,9,storm2,100,0.0,0.25,302,c09_storm2_w80_u100_0024,2253,1762.665600,1741.750800,1427.994000,1582.047200,1482.707200,0.2500,0.0528,0.2502,0.0429
map,stability,stability,1,0.1,global,9,storm2,100,0.0,0.25,302,c09_storm2_w80_u100_0025,2253,2723.120800,2878.033200,1673.843200,2352.079000,2511.852800,0.2504,0.0493,0.2504,0.0539
map,stability,stability,1,0.1,global,9,storm2,100,0.0,0.25,302,c09_storm2_w80_u100_0026,2253,3223.762400,3286.712400,2254.060000,3079.834400,3180.551600,0.2501,0.0305,0.2503,0.0282
map,stability,stability,1,0.1,global,9,storm2,100,0.0,0.25,302,c09_storm2_w80_u100_0027,2253,1435.314400,1329.298400,1102.271200,1170.048400,1131.656400,0.2502,0.0504,0.2500,0.0530
map,stability,stability,1,0.1,global,9,storm2,100,0.0,0.25,302,c09_storm2_w80_u100_0028,2253,1057.082800,1036.012800,790.313600,981.292400,917.364400,0.2502,0.0302,0.2500,0.0304
map,stability,stability,1,0.1,global,9,storm2,100,0.0,0.25,302,c09_storm2_w80_u100_0029,2253,1275.659600,1397.366400,875.928000,1044.195600,1103.222400,0.2501,0.0243,0.2501,0.0244
map,stability,stability,1,0.1,global,9,storm2,110,0.5,0.25,303,c09_storm2_w80_u110_0020,2475,3808.628400,1557.400800,1259.500400,2608.185600,1472.736000,0.2499,0.0128,0.2500,0.0981
map,stability,stability,1,0.1,global,9,storm2,110,0.5,0.25,303,c09_storm2_w80_u110_0021,2475,5935.982000,2920.221600,1913.772000,3641.369600,2165.478000,0.2504,0.0417,0.2502,0.2096
map,stability,stability,1,0.1,global,9,storm2,110,0.5,0.25,303,c09_storm2_w80_u110_0022,2475,3565.517000,2469.779200,2159.162400,2733.507400,2342.256000,0.2501,0.0242,0.2499,0.1197
map,stability,stability,1,0.1,global,9,storm2,110,0.5,0.25,303,c09_storm2_w80_u110_0023,2475,3457.559600,1912.411200,1497.311200,2749.383600,1759.986000,0.2503,0.0381,0.2501,0.1057
map,stability,stability,1,0.1,global,9,storm2,110,0.5,0.25,303,c09_storm2_w80_u110_0024,2475,4740.398400,2939.510400,1809.525600,3856.225600,2430.584400,0.2500,0.0685,0.2504,0.1468
map,stability,stability,1,0.1,global,9,storm2,110,0.5,0.25,303,c09_storm2_w80_u110_0025,2475,6353.525200,2830.493200,2082.993600,4300.352000,2402.834000,0.2497,0.0617,0.2503,0.1770
map,stability,stability,1,0.1,global,9,storm2,110,0.5,0.25,303,c09_storm2_w80_u110_0026,2475,4772.589200,3001.121200,2461.565600,4085.184400,2571.360400,0.2501,0.0305,0.2503,0.0939
map,stability,stability,1,0.1,global,9,storm2,110,0.5,0.25,303,c09_storm2_w80_u110_0027,2475,3129.480400,1000.429600,983.971200,1868.652000,977.516800,0.2504,0.0182,0.2500,0.0796
map,stability,stability,1,0.1,global,9,storm2,110,0.5,0.25,303,c09_storm2_w80_u110_0028,2475,3558.075200,1811.975600,1376.522800,2469.968800,1456.966000,0.2500,0.0261,0.2504,0.1623
map,stability,stability,1,0.1,global,9,storm2,110,0.5,0.25,303,c09_storm2_w80_u110_0029,2475,4423.178000,2856.626800,2235.380800,3798.355200,2548.025600,0.2468,0.0557,0.2485,0.1028
map,stability,stability,1,0.1,global,9,storm2,110,1.0,0.25,302,c09_storm2_w80_u110_0020,2475,7579.438000,1566.791200,1332.661200,5818.712000,1435.134400,0.2483,0.0279,0.2489,0.1670
map,stability,stability,1,0.1,global,9,storm2,110,1.0,0.25,302,c09_storm2_w80_u110_0021,2475,8615.408800,2301.981200,2196.224000,5863.700800,2273.659600,0.2494,0.0341,0.2492,0.2610
map,stability,stability,1,0.1,global,9,storm2,110,1.0,0.25,302,c09_storm2_w80_u110_0022,2475,4599.570200,2676.816600,2623.928400,3916.155800,2622.406200,0.2451,0.0112,0.2464,0.1213
map,stability,stability,1,0.1,global,9,storm2,110,1.0,0.25,302,c09_storm2_w80_u110_0023,2475,5391.244400,1690.194800,1637.311200,4801.648800,1668.415200,0.2499,0.0296,0.2496,0.1377
map,stability,stability,1,0.1,global,9,storm2,110,1.0,0.25,302,c09_storm2_w80_u110_0024,2475,6294.691200,1921.245200,1797.594000,5174.704800,1891.621200,0.2496,0.0235,0.2501,0.1490
map,stability,stability,1,0.1,global,9,storm2,110,1.0,0.25,302,c09_storm2_w80_u110_0025,2475,8610.152400,2351.766400,1702.902000,5988.080800,1901.520400,0.2486,0.0476,0.2487,0.2340
map,stability,stability,1,0.1,global,9,storm2,110,1.0,0.25,302,c09_storm2_w80_u110_0026,2475,5635.656000,2313.118000,2301.893200,5465.684000,2300.648400,0.2460,0.0333,0.2492,0.1118
map,stability,stability,1,0.1,global,9,storm2,110,1.0,0.25,302,c09_storm2_w80_u110_0027,2475,4975.745600,1243.501200,1052.316800,3398.830000,1146.314800,0.2504,0.0182,0.2464,0.1532
map,stability,stability,1,0.1,global,9,storm2,110,1.0,0.25,302,c09_storm2_w80_u110_0028,2475,5509.660800,1631.696800,1573.771200,4690.842400,1620.163600,0.2496,0.0161,0.2499,0.1386
map,stability,stability,1,0.1,global,9,storm2,110,1.0,0.25,302,c09_storm2_w80_u110_0029,2475,5313.389600,2271.656800,2178.106800,4932.741200,2298.257600,0.2479,0.0278,0.2482,0.1010
map,stability,stability,1,0.1,global,9,storm2,100,0.0,0.25,303,c09_storm2_w80_u100_0020,2253,1253.379200,1308.914400,963.206400,1022.534800,1020.976400,0.2490,0.0576,0.2500,0.0502
map,stability,stability,1,0.1,global,9,storm2,100,0.0,0.25,303,c09_storm2_w80_u100_0021,2253,899.342800,921.653600,837.866800,849.909600,890.380800,0.2382,0.0255,0.2502,0.0243
map,stability,stability,1,0.1,global,9,storm2,100,0.0,0.25,303,c09_storm2_w80_u100_0022,2253,746.395200,757.112000,721.241600,721.967200,726.678000,0.2441,0.0270,0.2423,0.0083
map,stability,stability,1,0.1,global,9,storm2,100,0.0,0.25,303,c09_storm2_w80_u100_0023,2253,3295.356000,3449.926800,2013.730000,2600.203600,2601.756400,0.2487,0.0991,0.2491,0.1040
map,stability,stability,1,0.1,global,9,storm2,100,0.0,0.25,303,c09_storm2_w80_u100_0024,2253,1762.665600,1875.323600,1427.994000,1601.576400,1539.182400,0.2475,0.0458,0.2502,0.0404
map,stability,stability,1,0.1,global,9,storm2,100,0.0,0.25,303,c09_storm2_w80_u100_0025,2253,2723.120800,2836.736000,1673.843200,2349.543400,2297.970800,0.2503,0.0625,0.2504,0.0517
map,stability,stability,1,0.1,global,9,storm2,100,0.0,0.25,303,c09_storm2_w80_u100_0026,2253,3223.762400,3409.424000,2254.060000,3040.927200,3235.084400,0.2488,0.0329,0.2503,0.0376
map,stability,stability,1,0.1,global,9,storm2,100,0.0,0.25,303,c09_storm2_w80_u100_0027,2253,1435.314400,1448.150800,1102.271200,1204.332000,1147.226400,0.2498,0.0404,0.2502,0.0530
map,stability,stability,1,0.1,global,9,storm2,100,0.0,0.25,303,c09_storm2_w80_u100_0028,2253,1057.082800,1006.902400,790.313600,977.658400,890.326400,0.2500,0.0302,0.2503,0.0328
map,stability,stability,1,0.1,global,9,storm2,100,0.0,0.25,303,c09_storm2_w80_u100_0029,2253,1275.659600,1346.578000,875.928000,1052.200400,1105.853600,0.2496,0.0354,0.2501,0.0266
map,stability,stability,1,0.1,global,9,storm2,110,1.0,0.25,301,c09_storm2_w80_u110_0020,2475,7579.438000,1468.913600,1332.661200,5741.041200,1323.218400,0.2488,0.0128,0.2489,0.1842
map,stability,stability,1,0.1,global,9,storm2,110,1.0,0.25,301,c09_storm2_w80_u110_0021,2475,8615.408800,2378.216400,2196.224000,5011.092800,2150.153600,0.2496,0.0160,0.2492,0.2912
map,stability,stability,1,0.1,global,9,storm2,110,1.0,0.25,301,c09_storm2_w80_u110_0022,2475,4599.570200,2630.322200,2623.928400,3396.001000,2618.201000,0.2435,0.0113,0.2453,0.1219
map,stability,stability,1,0.1,global,9,storm2,110,1.0,0.25,301,c09_storm2_w80_u110_0023,2475,5391.244400,1685.733600,1637.311200,4685.970800,1658.406000,0.2495,0.0381,0.2496,0.1271
map,stability,stability,1,0.1,global,9,storm2,110,1.0,0.25,301,c09_storm2_w80_u110_0024,2475,6294.691200,1880.854000,1797.594000,5249.814000,1842.151200,0.2495,0.0235,0.2501,0.1549
map,stability,stability,1,0.1,global,9,storm2,110,1.0,0.25,301,c09_storm2_w80_u110_0025,2475,8610.152400,2015.631800,1702.902000,5240.397600,1797.435400,0.2478,0.0686,0.2473,0.2354
map,stability,stability,1,0.1,global,9,storm2,110,1.0,0.25,301,c09_storm2_w80_u110_0026,2475,5635.656000,2339.229200,2301.893200,5404.500400,2305.625200,0.2459,0.0511,0.2492,0.1206
map,stability,stability,1,0.1,global,9,storm2,110,1.0,0.25,301,c09_storm2_w80_u110_0027,2475,4975.745600,1120.471200,1052.316800,3627.363200,1083.866800,0.2503,0.0122,0.2469,0.1405
map,stability,stability,1,0.1,global,9,storm2,110,1.0,0.25,301,c09_storm2_w80_u110_0028,2475,5509.660800,1565.553600,1573.771200,4691.854000,1557.410800,0.2496,0.0161,0.2494,0.1509
map,stability,stability,1,0.1,global,9,storm2,110,1.0,0.25,301,c09_storm2_w80_u110_0029,2475,5313.389600,2231.731200,2178.106800,4632.663600,2175.475600,0.2494,0.0355,0.2482,0.1248
map,stability,stability,1,0.1,global,9,storm2,110,1.0,0.25,303,c09_storm2_w80_u110_0020,2475,7579.438000,1789.763600,1332.661200,5388.025200,1454.054000,0.2495,0.0192,0.2495,0.1774
map,stability,stability,1,0.1,global,9,storm2,110,1.0,0.25,303,c09_storm2_w80_u110_0021,2475,8615.408800,2394.271600,2196.224000,5700.111600,2235.520400,0.2497,0.0461,0.2492,0.3012
map,stability,stability,1,0.1,global,9,storm2,110,1.0,0.25,303,c09_storm2_w80_u110_0022,2475,4599.570200,2760.658600,2623.928400,3794.319000,2662.161800,0.2444,0.0135,0.2475,0.1007
map,stability,stability,1,0.1,global,9,storm2,110,1.0,0.25,303,c09_storm2_w80_u110_0023,2475,5391.244400,1648.224000,1637.311200,4672.877600,1648.224000,0.2500,0.0021,0.2501,0.1501
map,stability,stability,1,0.1,global,9,storm2,110,1.0,0.25,303,c09_storm2_w80_u110_0024,2475,6294.691200,2070.642400,1797.594000,5348.991600,1942.100400,0.2498,0.0294,0.2501,0.1471
map,stability,stability,1,0.1,global,9,storm2,110,1.0,0.25,303,c09_storm2_w80_u110_0025,2475,8610.152400,2299.761600,1702.902000,6186.923600,2020.340000,0.2478,0.0312,0.2492,0.2397
map,stability,stability,1,0.1,global,9,storm2,110,1.0,0.25,303,c09_storm2_w80_u110_0026,2475,5635.656000,2309.264400,2301.893200,5466.857600,2304.638800,0.2454,0.0044,0.2503,0.1201
map,stability,stability,1,0.1,global,9,storm2,110,1.0,0.25,303,c09_storm2_w80_u110_0027,2475,4975.745600,1323.814400,1052.316800,3549.589600,1155.585200,0.2435,0.0292,0.2500,0.1673
map,stability,stability,1,0.1,global,9,storm2,110,1.0,0.25,303,c09_storm2_w80_u110_0028,2475,5509.660800,1627.611600,1573.771200,4656.410800,1560.696400,0.2499,0.0080,0.2499,0.1627
map,stability,stability,1,0.1,global,9,storm2,110,1.0,0.25,303,c09_storm2_w80_u110_0029,2475,5313.389600,2224.410400,2178.106800,4811.357200,2178.496400,0.2477,0.0119,0.2491,0.1282
map,stability,stability,1,0.1,global,9,storm2,100,0.5,0.25,301,c09_storm2_w80_u100_0020,2253,1838.122400,1736.702400,1422.251200,1562.184000,1414.676800,0.2501,0.0667,0.2475,0.1014
map,stability,stability,1,0.1,global,9,storm2,100,0.5,0.25,301,c09_storm2_w80_u100_0021,2253,1665.790400,1694.744000,1492.630400,1618.697200,1595.472400,0.2502,0.0216,0.2502,0.0809
map,stability,stability,1,0.1,global,9,storm2,100,0.5,0.25,301,c09_storm2_w80_u100_0022,2253,1031.454400,1050.226400,962.292000,990.545600,1042.380400,0.2460,0.0188,0.2417,0.0304
map,stability,stability,1,0.1,global,9,storm2,100,0.5,0.25,301,c09_storm2_w80_u100_0023,2253,4967.170800,3262.749200,2516.662800,3289.214400,2746.680400,0.2453,0.0788,0.2479,0.1686
map,stability,stability,1,0.1,global,9,storm2,100,0.5,0.25,301,c09_storm2_w80_u100_0024,2253,2876.723200,2455.132800,1515.380400,1933.720400,1780.180000,0.2502,0.0451,0.2470,0.0870
map,stability,stability,1,0.1,global,9,storm2,100,0.5,0.25,301,c09_storm2_w80_u100_0025,2253,5043.732800,3421.447200,2624.646400,4023.558000,3003.979600,0.2445,0.0299,0.2437,0.1155
map,stability,stability,1,0.1,global,9,storm2,100,0.5,0.25,301,c09_storm2_w80_u100_0026,2253,3477.431200,2307.128000,1862.048800,2314.131600,1922.688400,0.2500,0.0520,0.2503,0.0988
map,stability,stability,1,0.1,global,9,storm2,100,0.5,0.25,301,c09_storm2_w80_u100_0027,2253,2171.385200,2019.586400,1475.724000,1685.385600,1616.954400,0.2424,0.0313,0.2464,0.0848
map,stability,stability,1,0.1,global,9,storm2,100,0.5,0.25,301,c09_storm2_w80_u100_0028,2253,1867.111600,1600.823200,1522.420800,1817.089600,1518.228800,0.2502,0.0127,0.2502,0.0506
map,stability,stability,1,0.1,global,9,storm2,100,0.5,0.25,301,c09_storm2_w80_u100_0029,2253,3026.057200,1801.589200,1119.128400,1666.188400,1379.373600,0.2503,0.0377,0.2501,0.0776
map,stability,stability,1,0.1,global,10,storm2,90,1.0,0.25,303,c10_storm2_w80_u90_0020,8435,3771.110800,2248.990400,1924.352800,3378.046400,2088.398800,0.2499,0.0186,0.2500,0.0476
map,stability,stability,1,0.1,global,10,storm2,90,1.0,0.25,303,c10_storm2_w80_u90_0021,8435,2687.786400,1746.844400,947.968400,1108.954400,1033.482000,0.2492,0.0105,0.2501,0.0369
map,stability,stability,1,0.1,global,10,storm2,90,1.0,0.25,303,c10_storm2_w80_u90_0022,8435,3355.666800,2505.820800,2320.653200,2440.834400,2372.107200,0.2493,0.0107,0.2495,0.0236
map,stability,stability,1,0.1,global,10,storm2,90,1.0,0.25,303,c10_storm2_w80_u90_0023,8435,1587.811200,1199.740000,1193.529600,1372.822000,1202.134400,0.2496,0.0024,0.2498,0.0156
map,stability,stability,1,0.1,global,10,storm2,90,1.0,0.25,303,c10_storm2_w80_u90_0024,8435,1834.982800,1481.226800,1275.873200,1335.259600,1277.255600,0.2491,0.0018,0.2501,0.0280
map,stability,stability,1,0.1,global,10,storm2,90,1.0,0.25,303,c10_storm2_w80_u90_0025,8435,2876.862400,2467.173600,2444.531600,2512.229600,2418.773600,0.2484,0.0029,0.2475,0.0187
map,stability,stability,1,0.1,global,10,storm2,90,1.0,0.25,303,c10_storm2_w80_u90_0026,8435,4008.578800,3304.086400,2726.478800,3540.461200,3045.493200,0.2500,0.0165,0.2500,0.0232
map,stability,stability,1,0.1,global,10,storm2,90,1.0,0.25,303,c10_storm2_w80_u90_0027,8435,3240.756000,1874.654800,1581.278800,1703.477200,1715.495600,0.2495,0.0123,0.2496,0.0427
map,stability,stability,1,0.1,global,10,storm2,90,1.0,0.25,303,c10_storm2_w80_u90_0028,8435,3160.993200,2488.033600,1956.765600,2184.953600,2039.027200,0.2494,0.0059,0.2499,0.0432
map,stability,stability,1,0.1,global,10,storm2,90,1.0,0.25,303,c10_storm2_w80_u90_0029,8435,3618.116800,2826.076000,2452.416400,2468.508800,2456.234000,0.2493,0.0076,0.2501,0.0170
map,stability,stability,1,0.1,global,9,storm2,100,1.0,0.25,301,c09_storm2_w80_u100_0020,2253,2113.920800,1662.214000,1660.290800,1989.608000,1641.936400,0.2482,0.0193,0.2470,0.0630
map,stability,stability,1,0.1,global,9,storm2,100,1.0,0.25,301,c09_storm2_w80_u100_0021,2253,2468.501600,2133.593600,2178.691200,2461.676400,2169.487200,0.2502,0.0216,0.2502,0.0863
map,stability,stability,1,0.1,global,9,storm2,100,1.0,0.25,301,c09_storm2_w80_u100_0022,2253,1216.011200,1061.432000,991.862400,1106.802400,1034.048000,0.2469,0.0080,0.2443,0.0219
map,stability,stability,1,0.1,global,9,storm2,100,1.0,0.25,301,c09_storm2_w80_u100_0023,2253,5676.362400,2745.140000,2621.206400,3931.730000,2679.192000,0.2434,0.0889,0.2456,0.1583
map,stability,stability,1,0.1,global,9,storm2,100,1.0,0.25,301,c09_storm2_w80_u100_0024,2253,4396.206800,2051.387600,1996.894800,3047.573600,1986.388000,0.2454,0.0180,0.2342,0.1541
map,stability,stability,1,0.1,global,9,storm2,100,1.0,0.25,301,c09_storm2_w80_u100_0025,2253,6411.756400,2647.924000,2533.840800,4093.412000,2574.288800,0.2424,0.0186,0.2392,0.1624
map,stability,stability,1,0.1,global,9,storm2,100,1.0,0.25,301,c09_storm2_w80_u100_0026,2253,5006.202000,1948.698400,1938.243600,3770.215600,1935.583200,0.2496,0.0142,0.2497,0.1415
map,stability,stability,1,0.1,global,9,storm2,100,1.0,0.25,301,c09_storm2_w80_u100_0027,2253,2535.368000,1667.889200,1685.882800,1976.170000,1661.704400,0.2483,0.0051,0.2451,0.0749
map,stability,stability,1,0.1,global,9,storm2,100,1.0,0.25,301,c09_storm2_w80_u100_0028,2253,2083.722400,1310.053200,1316.495200,2057.079600,1310.324400,0.2498,0.0076,0.2498,0.0685
map,stability,stability,1,0.1,global,9,storm2,100,1.0,0.25,301,c09_storm2_w80_u100_0029,2253,4540.255600,1433.496400,1226.778800,2220.143200,1294.924800,0.2436,0.0159,0.2396,0.1250
map,stability,stability,1,0.1,global,9,storm2,100,0.5,0.25,303,c09_storm2_w80_u100_0020,2253,1838.122400,1632.973600,1422.251200,1582.319600,1481.363600,0.2461,0.0725,0.2457,0.0949
map,stability,stability,1,0.1,global,9,storm2,100,0.5,0.25,303,c09_storm2_w80_u100_0021,2253,1665.790400,1698.423200,1492.630400,1591.696000,1533.183600,0.2503,0.0188,0.2502,0.0809
map,stability,stability,1,0.1,global,9,storm2,100,0.5,0.25,303,c09_storm2_w80_u100_0022,2253,1031.454400,1021.232800,962.292000,990.545600,1047.241600,0.2442,0.0135,0.2417,0.0304
map,stability,stability,1,0.1,global,9,storm2,100,0.5,0.25,303,c09_storm2_w80_u100_0023,2253,4967.170800,3236.395600,2516.662800,3243.148800,3055.236400,0.2468,0.0613,0.2473,0.1667
map,stability,stability,1,0.1,global,9,storm2,100,0.5,0.25,303,c09_storm2_w80_u100_0024,2253,2876.723200,2139.026800,1515.380400,1975.636400,1718.564400,0.2440,0.0440,0.2470,0.0870
map,stability,stability,1,0.1,global,9,storm2,100,0.5,0.25,303,c09_storm2_w80_u100_0025,2253,5043.732800,3058.262400,2624.646400,3563.098800,2916.556800,0.2500,0.0268,0.2465,0.1233
map,stability,stability,1,0.1,global,9,storm2,100,0.5,0.25,303,c09_storm2_w80_u100_0026,2253,3477.431200,2185.097600,1862.048800,2482.122800,1987.095200,0.2504,0.0280,0.2503,0.0988
map,stability,stability,1,0.1,global,9,storm2,100,0.5,0.25,303,c09_storm2_w80_u100_0027,2253,2171.385200,1686.378000,1475.724000,1688.417200,1519.238000,0.2440,0.0207,0.2483,0.0816
map,stability,stability,1,0.1,global,9,storm2,100,0.5,0.25,303,c09_storm2_w80_u100_0028,2253,1867.111600,1609.872400,1522.420800,1805.281200,1542.039600,0.2500,0.0101,0.2502,0.0506
map,stability,stability,1,0.1,global,9,storm2,100,0.5,0.25,303,c09_storm2_w80_u100_0029,2253,3026.057200,1807.558400,1119.128400,1878.150000,1330.996800,0.2443,0.0294,0.2490,0.0824
map,stability,stability,1,0.1,global,9,storm2,100,0.5,0.25,302,c09_storm2_w80_u100_0020,2253,1838.122400,1638.457600,1422.251200,1632.839200,1471.222400,0.2497,0.0526,0.2504,0.0979
map,stability,stability,1,0.1,global,9,storm2,100,0.5,0.25,302,c09_storm2_w80_u100_0021,2253,1665.790400,1650.393200,1492.630400,1601.972400,1623.832800,0.2502,0.0243,0.2502,0.0809
map,stability,stability,1,0.1,global,9,storm2,100,0.5,0.25,302,c09_storm2_w80_u100_0022,2253,1031.454400,1009.305600,962.292000,990.545600,975.000800,0.2439,0.0162,0.2437,0.0301
map,stability,stability,1,0.1,global,9,storm2,100,0.5,0.25,302,c09_storm2_w80_u100_0023,2253,4967.170800,3262.170000,2516.662800,3636.304000,2855.405600,0.2421,0.1039,0.2491,0.1560
map,stability,stability,1,0.1,global,9,storm2,100,0.5,0.25,302,c09_storm2_w80_u100_0024,2253,2876.723200,2135.296400,1515.380400,1926.003200,1817.812800,0.2382,0.0557,0.2445,0.0956
map,stability,stability,1,0.1,global,9,storm2,100,0.5,0.25,302,c09_storm2_w80_u100_0025,2253,5043.732800,3260.948000,2624.646400,4041.040800,3051.394800,0.2423,0.0278,0.2380,0.1158
map,stability,stability,1,0.1,global,9,storm2,100,0.5,0.25,302,c09_storm2_w80_u100_0026,2253,3477.431200,2268.013200,1862.048800,2434.024400,2125.752400,0.2501,0.0471,0.2503,0.0965
map,stability,stability,1,0.1,global,9,storm2,100,0.5,0.25,302,c09_storm2_w80_u100_0027,2253,2171.385200,1648.184400,1475.724000,1688.998000,1573.651600,0.2388,0.0371,0.2483,0.0893
map,stability,stability,1,0.1,global,9,storm2,100,0.5,0.25,302,c09_storm2_w80_u100_0028,2253,1867.111600,1569.950400,1522.420800,1798.492000,1565.163200,0.2502,0.0076,0.2505,0.0582
map,stability,stability,1,0.1,global,9,storm2,100,0.5,0.25,302,c09_storm2_w80_u100_0029,2253,3026.057200,1745.816800,1119.128400,2032.940800,1506.974800,0.2389,0.0371,0.2496,0.0756
map,stability,stability,1,0.1,global,10,storm2,70,0.0,0.25,302,c10_storm2_w80_u70_0020,6622,421.834000,421.834000,431.378800,421.834000,421.834000,0.0180,0.0000,0.0723,0.0000
map,stability,stability,1,0.1,global,10,storm2,70,0.0,0.25,302,c10_storm2_w80_u70_0021,6622,522.409200,522.409200,522.409200,522.409200,522.409200,0.0129,0.0000,0.1200,0.0000
map,stability,stability,1,0.1,global,10,storm2,70,0.0,0.25,302,c10_storm2_w80_u70_0022,6622,151.620400,151.620400,151.620400,151.620400,151.620400,0.0170,0.0000,0.0949,0.0000
map,stability,stability,1,0.1,global,10,storm2,70,0.0,0.25,302,c10_storm2_w80_u70_0023,6622,1737.812800,1737.812800,1737.812800,1737.812800,1737.812800,0.0178,0.0000,0.1667,0.0000
map,stability,stability,1,0.1,global,10,storm2,70,0.0,0.25,302,c10_storm2_w80_u70_0024,6622,710.500000,709.068800,697.722400,710.500000,709.068800,0.0090,0.0000,0.0806,0.0000
map,stability,stability,1,0.1,global,10,storm2,70,0.0,0.25,302,c10_storm2_w80_u70_0025,6622,699.080400,699.080400,699.401200,699.080400,699.080400,0.0170,0.0000,0.1057,0.0000
map,stability,stability,1,0.1,global,10,storm2,70,0.0,0.25,302,c10_storm2_w80_u70_0026,6622,1148.552400,1148.552400,1148.005200,1148.552400,1148.552400,0.0080,0.0000,0.0273,0.0000
map,stability,stability,1,0.1,global,10,storm2,70,0.0,0.25,302,c10_storm2_w80_u70_0027,6622,755.797200,755.797200,755.797200,755.797200,755.797200,0.0083,0.0000,0.0917,0.0000
map,stability,stability,1,0.1,global,10,storm2,70,0.0,0.25,302,c10_storm2_w80_u70_0028,6622,1278.609200,1278.609200,1278.858000,1278.609200,1278.609200,0.0216,0.0000,0.0514,0.0000
map,stability,stability,1,0.1,global,10,storm2,70,0.0,0.25,302,c10_storm2_w80_u70_0029,6622,429.385600,429.385600,414.047200,429.385600,429.385600,0.0051,0.0000,0.0544,0.0000
map,stability,stability,1,0.1,global,9,storm2,100,1.0,0.25,303,c09_storm2_w80_u100_0020,2253,2113.920800,1635.444000,1660.290800,1989.224400,1646.896000,0.2457,0.0170,0.2488,0.0769
map,stability,stability,1,0.1,global,9,storm2,100,1.0,0.25,303,c09_storm2_w80_u100_0021,2253,2468.501600,2129.132800,2178.691200,2381.196800,2134.196800,0.2502,0.0054,0.2495,0.1000
map,stability,stability,1,0.1,global,9,storm2,100,1.0,0.25,303,c09_storm2_w80_u100_0022,2253,1216.011200,1025.750000,991.862400,1106.802400,1022.044400,0.2417,0.0110,0.2430,0.0220
map,stability,stability,1,0.1,global,9,storm2,100,1.0,0.25,303,c09_storm2_w80_u100_0023,2253,5676.362400,2834.243600,2621.206400,3961.600400,2858.916800,0.2346,0.0150,0.2456,0.1487
map,stability,stability,1,0.1,global,9,storm2,100,1.0,0.25,303,c09_storm2_w80_u100_0024,2253,4396.206800,2156.990000,1996.894800,2718.562000,2032.996400,0.2393,0.0184,0.2451,0.1443
map,stability,stability,1,0.1,global,9,storm2,100,1.0,0.25,303,c09_storm2_w80_u100_0025,2253,6411.756400,2680.523200,2533.840800,4161.250000,2590.730800,0.2433,0.0254,0.2409,0.1986
map,stability,stability,1,0.1,global,9,storm2,100,1.0,0.25,303,c09_storm2_w80_u100_0026,2253,5006.202000,2002.479200,1938.243600,3852.322400,1961.290400,0.2493,0.0142,0.2491,0.1253
map,stability,stability,1,0.1,global,9,storm2,100,1.0,0.25,303,c09_storm2_w80_u100_0027,2253,2535.368000,1693.357600,1685.882800,1945.946400,1666.589600,0.2478,0.0102,0.2476,0.0742
map,stability,stability,1,0.1,global,9,storm2,100,1.0,0.25,303,c09_storm2_w80_u100_0028,2253,2083.722400,1307.949200,1316.495200,2087.302800,1308.960000,0.2497,0.0025,0.2498,0.0609
map,stability,stability,1,0.1,global,9,storm2,100,1.0,0.25,303,c09_storm2_w80_u100_0029,2253,4540.255600,1337.338800,1226.778800,3182.406400,1282.085600,0.2461,0.0135,0.2424,0.1076
map,stability,stability,1,0.1,global,9,storm2,100,1.0,0.25,302,c09_storm2_w80_u100_0020,2253,2113.920800,1645.401200,1660.290800,1962.843200,1645.472000,0.2448,0.0049,0.2488,0.0601
map,stability,stability,1,0.1,global,9,storm2,100,1.0,0.25,302,c09_storm2_w80_u100_0021,2253,2468.501600,2138.176000,2178.691200,2422.290000,2139.761600,0.2502,0.0081,0.2495,0.0892
map,stability,stability,1,0.1,global,9,storm2,100,1.0,0.25,302,c09_storm2_w80_u100_0022,2253,1216.011200,1046.453200,991.862400,1052.708800,1025.108000,0.2460,0.0081,0.2483,0.0270
map,stability,stability,1,0.1,global,9,storm2,100,1.0,0.25,302,c09_storm2_w80_u100_0023,2253,5676.362400,2834.931200,2621.206400,4365.714400,2665.379600,0.2412,0.0243,0.2485,0.1611
map,stability,stability,1,0.1,global,9,storm2,100,1.0,0.25,302,c09_storm2_w80_u100_0024,2253,4396.206800,2106.081600,1996.894800,3306.802800,2039.139600,0.2453,0.0284,0.2407,0.1417
map,stability,stability,1,0.1,global,9,storm2,100,1.0,0.25,302,c09_storm2_w80_u100_0025,2253,6411.756400,2845.075200,2533.840800,4332.501200,2706.324000,0.2428,0.0208,0.2442,0.1544
map,stability,stability,1,0.1,global,9,storm2,100,1.0,0.25,302,c09_storm2_w80_u100_0026,2253,5006.202000,1942.794400,1938.243600,3899.965600,1937.586800,0.2499,0.0118,0.2491,0.1348
map,stability,stability,1,0.1,global,9,storm2,100,1.0,0.25,302,c09_storm2_w80_u100_0027,2253,2535.368000,1659.712400,1685.882800,1956.946000,1658.242800,0.2478,0.0076,0.2476,0.0742
map,stability,stability,1,0.1,global,9,storm2,100,1.0,0.25,302,c09_storm2_w80_u100_0028,2253,2083.722400,1314.971200,1316.495200,2030.835200,1317.278400,0.2500,0.0101,0.2498,0.0584
map,stability,stability,1,0.1,global,9,storm2,100,1.0,0.25,302,c09_storm2_w80_u100_0029,2253,4540.255600,1541.305200,1226.778800,2498.454000,1409.329600,0.2416,0.0115,0.2440,0.1273
map,stability,stability,1,0.1,global,10,storm2,70,0.0,0.25,301,c10_storm2_w80_u70_0020,6622,421.834000,421.834000,431.378800,421.834000,421.834000,0.0531,0.0125,0.0551,0.0120
map,stability,stability,1,0.1,global,10,storm2,70,0.0,0.25,301,c10_storm2_w80_u70_0021,6622,522.409200,522.409200,522.409200,522.409200,522.409200,0.0448,0.0000,0.0449,0.0000
map,stability,stability,1,0.1,global,10,storm2,70,0.0,0.25,301,c10_storm2_w80_u70_0022,6622,151.620400,151.620400,151.620400,151.620400,151.620400,0.0595,0.0000,0.0601,0.0000
map,stability,stability,1,0.1,global,10,storm2,70,0.0,0.25,301,c10_storm2_w80_u70_0023,6622,1737.812800,1737.812800,1737.812800,1737.812800,1737.812800,0.0499,0.0000,0.0512,0.0000
map,stability,stability,1,0.1,global,10,storm2,70,0.0,0.25,301,c10_storm2_w80_u70_0024,6622,710.500000,730.198400,697.722400,697.722400,697.722400,0.0414,0.0417,0.0426,0.0405
map,stability,stability,1,0.1,global,10,storm2,70,0.0,0.25,301,c10_storm2_w80_u70_0025,6622,699.080400,699.080400,699.401200,699.080400,699.080400,0.0419,0.0000,0.0431,0.0000
map,stability,stability,1,0.1,global,10,storm2,70,0.0,0.25,301,c10_storm2_w80_u70_0026,6622,1148.552400,1155.293200,1148.005200,1148.552400,1155.293200,0.0276,0.0000,0.0279,0.0000
map,stability,stability,1,0.1,global,10,storm2,70,0.0,0.25,301,c10_storm2_w80_u70_0027,6622,755.797200,755.797200,755.797200,755.797200,755.797200,0.0473,0.0000,0.0473,0.0000
map,stability,stability,1,0.1,global,10,storm2,70,0.0,0.25,301,c10_storm2_w80_u70_0028,6622,1278.609200,1278.609200,1278.858000,1278.609200,1278.609200,0.0703,0.0086,0.0714,0.0085
map,stability,stability,1,0.1,global,10,storm2,70,0.0,0.25,301,c10_storm2_w80_u70_0029,6622,429.385600,434.282400,414.047200,434.282400,434.282400,0.0257,0.0000,0.0298,0.0517
map,stability,stability,1,0.1,global,10,storm2,70,0.5,0.25,301,c10_storm2_w80_u70_0020,6622,720.877600,720.877600,647.237600,711.630400,711.630400,0.0498,0.0267,0.0498,0.0267
map,stability,stability,1,0.1,global,10,storm2,70,0.5,0.25,301,c10_storm2_w80_u70_0021,6622,1001.346400,1001.736800,998.547200,1001.700000,1001.736800,0.0428,0.0244,0.0433,0.0361
map,stability,stability,1,0.1,global,10,storm2,70,0.5,0.25,301,c10_storm2_w80_u70_0022,6622,485.221200,484.234800,485.893600,485.221200,484.234800,0.0535,0.0000,0.0696,0.0000
map,stability,stability,1,0.1,global,10,storm2,70,0.5,0.25,301,c10_storm2_w80_u70_0023,6622,1854.658800,1854.658800,1837.192400,1853.630800,1853.630800,0.0428,0.0208,0.0437,0.0204
map,stability,stability,1,0.1,global,10,storm2,70,0.5,0.25,301,c10_storm2_w80_u70_0024,6622,1192.875600,1192.875600,1192.875600,1192.875600,1192.875600,0.0329,0.0175,0.0391,0.0147
map,stability,stability,1,0.1,global,10,storm2,70,0.5,0.25,301,c10_storm2_w80_u70_0025,6622,1657.688800,1649.948400,1666.390000,1653.824000,1652.062000,0.0319,0.0380,0.0460,0.0088
map,stability,stability,1,0.1,global,10,storm2,70,0.5,0.25,301,c10_storm2_w80_u70_0026,6622,1703.517600,1703.517600,1706.570800,1703.517600,1703.517600,0.0219,0.0000,0.0226,0.0000
map,stability,stability,1,0.1,global,10,storm2,70,0.5,0.25,301,c10_storm2_w80_u70_0027,6622,917.433600,917.433600,927.724800,917.433600,917.433600,0.0388,0.0000,0.0388,0.0000
map,stability,stability,1,0.1,global,10,storm2,70,0.5,0.25,301,c10_storm2_w80_u70_0028,6622,1519.751200,1519.551200,1519.451200,1519.551200,1519.551200,0.0544,0.0000,0.0550,0.0110
map,stability,stability,1,0.1,global,10,storm2,70,0.5,0.25,301,c10_storm2_w80_u70_0029,6622,763.535600,763.535600,754.508400,763.535600,763.535600,0.0266,0.0192,0.0329,0.0156
map,stability,stability,1,0.1,global,10,storm2,70,0.5,0.25,303,c10_storm2_w80_u70_0020,6622,720.877600,697.972000,647.237600,711.630400,708.184000,0.0518,0.0256,0.1095,0.0242
map,stability,stability,1,0.1,global,10,storm2,70,0.5,0.25,303,c10_storm2_w80_u70_0021,6622,1001.346400,1001.451200,998.547200,1001.346400,1001.451200,0.0426,0.0241,0.0762,0.0137
map,stability,stability,1,0.1,global,10,storm2,70,0.5,0.25,303,c10_storm2_w80_u70_0022,6622,485.221200,485.221200,485.893600,485.221200,485.221200,0.0586,0.0000,0.1222,0.0000
map,stability,stability,1,0.1,global,10,storm2,70,0.5,0.25,303,c10_storm2_w80_u70_0023,6622,1854.658800,1847.192400,1837.192400,1846.164400,1846.164400,0.0468,0.0095,0.1385,0.0064
map,stability,stability,1,0.1,global,10,storm2,70,0.5,0.25,303,c10_storm2_w80_u70_0024,6622,1192.875600,1192.875600,1192.875600,1192.875600,1192.875600,0.0396,0.0145,0.0851,0.0068
map,stability,stability,1,0.1,global,10,storm2,70,0.5,0.25,303,c10_storm2_w80_u70_0025,6622,1657.688800,1656.818400,1666.390000,1657.438400,1656.568000,0.0431,0.0189,0.0997,0.0082
map,stability,stability,1,0.1,global,10,storm2,70,0.5,0.25,303,c10_storm2_w80_u70_0026,6622,1703.517600,1700.855200,1706.570800,1700.446400,1700.855200,0.0276,0.0120,0.0425,0.0156
map,stability,stability,1,0.1,global,10,storm2,70,0.5,0.25,303,c10_storm2_w80_u70_0027,6622,917.433600,917.433600,927.724800,917.433600,917.433600,0.0435,0.0128,0.1131,0.0000
map,stability,stability,1,0.1,global,10,storm2,70,0.5,0.25,303,c10_storm2_w80_u70_0028,6622,1519.751200,1519.751200,1519.451200,1519.751200,1519.751200,0.0682,0.0000,0.0973,0.0062
map,stability,stability,1,0.1,global,10,storm2,70,0.5,0.25,303,c10_storm2_w80_u70_0029,6622,763.535600,763.535600,754.508400,763.535600,763.535600,0.0275,0.0185,0.0698,0.0074
map,stability,stability,1,0.1,global,10,storm2,70,0.5,0.25,302,c10_storm2_w80_u70_0020,6622,720.877600,720.877600,647.237600,691.555200,691.555200,0.0584,0.0455,0.0584,0.0455
map,stability,stability,1,0.1,global,10,storm2,70,0.5,0.25,302,c10_storm2_w80_u70_0021,6622,1001.346400,1001.346400,998.547200,1001.346400,1001.346400,0.0454,0.0230,0.0454,0.0230
map,stability,stability,1,0.1,global,10,storm2,70,0.5,0.25,302,c10_storm2_w80_u70_0022,6622,485.221200,485.221200,485.893600,485.221200,485.221200,0.0601,0.0000,0.0601,0.0000
map,stability,stability,1,0.1,global,10,storm2,70,0.5,0.25,302,c10_storm2_w80_u70_0023,6622,1854.658800,1854.658800,1837.192400,1850.474800,1850.474800,0.0494,0.0180,0.0494,0.0180
map,stability,stability,1,0.1,global,10,storm2,70,0.5,0.25,302,c10_storm2_w80_u70_0024,6622,1192.875600,1192.875600,1192.875600,1192.875600,1192.875600,0.0414,0.0139,0.0414,0.0139
map,stability,stability,1,0.1,global,10,storm2,70,0.5,0.25,302,c10_storm2_w80_u70_0025,6622,1657.688800,1657.688800,1666.390000,1657.438400,1657.438400,0.0431,0.0189,0.0431,0.0189
map,stability,stability,1,0.1,global,10,storm2,70,0.5,0.25,302,c10_storm2_w80_u70_0026,6622,1703.517600,1703.517600,1706.570800,1703.517600,1703.517600,0.0266,0.0125,0.0266,0.0125
map,stability,stability,1,0.1,global,10,storm2,70,0.5,0.25,302,c10_storm2_w80_u70_0027,6622,917.433600,917.433600,927.724800,917.433600,917.433600,0.0467,0.0000,0.0467,0.0000
map,stability,stability,1,0.1,global,10,storm2,70,0.5,0.25,302,c10_storm2_w80_u70_0028,6622,1519.751200,1519.751200,1519.451200,1519.751200,1519.751200,0.0665,0.0000,0.0665,0.0000
map,stability,stability,1,0.1,global,10,storm2,70,0.5,0.25,302,c10_storm2_w80_u70_0029,6622,763.535600,763.535600,754.508400,763.535600,763.535600,0.0287,0.0179,0.0287,0.0179
map,stability,stability,1,0.1,global,9,storm2,90,0.0,0.25,302,c09_storm2_w80_u90_0020,1983,1231.793200,1278.359600,995.940000,1025.346000,1039.579200,0.2445,0.0251,0.2500,0.0246
map,stability,stability,1,0.1,global,9,storm2,90,0.0,0.25,302,c09_storm2_w80_u90_0021,1983,975.979200,980.241200,975.566800,973.014400,978.100000,0.2500,0.0265,0.2500,0.0199
map,stability,stability,1,0.1,global,9,storm2,90,0.0,0.25,302,c09_storm2_w80_u90_0022,1983,1587.114000,1500.524400,1432.173600,1456.219600,1432.171200,0.2502,0.0158,0.2498,0.0284
map,stability,stability,1,0.1,global,9,storm2,90,0.0,0.25,302,c09_storm2_w80_u90_0023,1983,884.806800,894.725600,827.890400,856.474400,856.186400,0.2504,0.0155,0.2500,0.0156
map,stability,stability,1,0.1,global,9,storm2,90,0.0,0.25,302,c09_storm2_w80_u90_0024,1983,936.799600,950.189600,756.248400,913.119200,845.010800,0.2500,0.0610,0.2500,0.0585
map,stability,stability,1,0.1,global,9,storm2,90,0.0,0.25,302,c09_storm2_w80_u90_0025,1983,1385.394800,1396.772000,1304.726000,1367.887200,1389.848800,0.2504,0.0194,0.2504,0.0193
map,stability,stability,1,0.1,global,9,storm2,90,0.0,0.25,302,c09_storm2_w80_u90_0026,1983,1059.491600,1057.679200,911.240800,904.769200,895.614800,0.2439,0.0096,0.2449,0.0160
map,stability,stability,1,0.1,global,9,storm2,90,0.0,0.25,302,c09_storm2_w80_u90_0027,1983,1373.073200,1390.520000,1189.637200,1229.318400,1237.578400,0.2502,0.0326,0.2504,0.0240
map,stability,stability,1,0.1,global,9,storm2,90,0.0,0.25,302,c09_storm2_w80_u90_0028,1983,1098.264800,1123.523600,1050.110000,1077.931200,1082.239200,0.2498,0.0132,0.2498,0.0167
map,stability,stability,1,0.1,global,9,storm2,90,0.0,0.25,302,c09_storm2_w80_u90_0029,1983,1498.585200,1527.764800,1453.895200,1492.393600,1498.535600,0.2502,0.0116,0.2465,0.0177
map,stability,stability,1,0.1,global,10,storm2,70,1.0,0.25,302,c10_storm2_w80_u70_0020,6622,1138.294800,1147.566800,1159.507600,1138.294800,1147.566800,0.2470,0.0000,0.2468,0.0027
map,stability,stability,1,0.1,global,10,storm2,70,1.0,0.25,302,c10_storm2_w80_u70_0021,6622,1435.036000,1433.100000,1434.568800,1435.036000,1432.842400,0.2448,0.0021,0.2453,0.0021
map,stability,stability,1,0.1,global,10,storm2,70,1.0,0.25,302,c10_storm2_w80_u70_0022,6622,849.278800,849.190000,840.258400,840.468000,841.269600,0.2472,0.0026,0.2487,0.0051
map,stability,stability,1,0.1,global,10,storm2,70,1.0,0.25,302,c10_storm2_w80_u70_0023,6622,1949.297200,1949.496400,1934.694800,1949.297200,1949.496400,0.2490,0.0000,0.2486,0.0036
map,stability,stability,1,0.1,global,10,storm2,70,1.0,0.25,302,c10_storm2_w80_u70_0024,6622,1025.966800,1025.966800,1025.966800,1025.966800,1025.966800,0.2447,0.0000,0.2470,0.0000
map,stability,stability,1,0.1,global,10,storm2,70,1.0,0.25,302,c10_storm2_w80_u70_0025,6622,2504.739600,2505.491600,2512.507200,2503.907200,2497.647600,0.2468,0.0016,0.2467,0.0016
map,stability,stability,1,0.1,global,10,storm2,70,1.0,0.25,302,c10_storm2_w80_u70_0026,6622,1930.773200,1930.486000,1942.360800,1933.680000,1933.392800,0.2488,0.0013,0.2486,0.0027
map,stability,stability,1,0.1,global,10,storm2,70,1.0,0.25,302,c10_storm2_w80_u70_0027,6622,1187.578400,1187.578400,1197.869600,1187.578400,1187.578400,0.2479,0.0000,0.2487,0.0000
map,stability,stability,1,0.1,global,10,storm2,70,1.0,0.25,302,c10_storm2_w80_u70_0028,6622,1229.074800,1229.074800,1229.074800,1229.074800,1229.074800,0.2456,0.0000,0.2485,0.0000
map,stability,stability,1,0.1,global,10,storm2,70,1.0,0.25,302,c10_storm2_w80_u70_0029,6622,1229.255600,1229.255600,1236.546000,1229.255600,1229.255600,0.2495,0.0000,0.2495,0.0000
map,stability,stability,1,0.1,global,10,storm2,70,0.0,0.25,303,c10_storm2_w80_u70_0020,6622,421.834000,421.834000,431.378800,421.834000,421.834000,0.2294,0.0000,0.2362,0.0000
map,stability,stability,1,0.1,global,10,storm2,70,0.0,0.25,303,c10_storm2_w80_u70_0021,6622,522.409200,522.409200,522.409200,522.409200,522.409200,0.2148,0.0024,0.2463,0.0000
map,stability,stability,1,0.1,global,10,storm2,70,0.0,0.25,303,c10_storm2_w80_u70_0022,6622,151.620400,151.620400,151.620400,151.620400,151.620400,0.2276,0.0000,0.2291,0.0000
map,stability,stability,1,0.1,global,10,storm2,70,0.0,0.25,303,c10_storm2_w80_u70_0023,6622,1737.812800,1737.812800,1737.812800,1737.812800,1737.812800,0.2224,0.0000,0.2228,0.0000
map,stability,stability,1,0.1,global,10,storm2,70,0.0,0.25,303,c10_storm2_w80_u70_0024,6622,710.500000,702.924800,697.722400,702.524000,702.924800,0.2349,0.0025,0.2398,0.0072
map,stability,stability,1,0.1,global,10,storm2,70,0.0,0.25,303,c10_storm2_w80_u70_0025,6622,699.080400,699.080400,699.401200,699.080400,699.080400,0.2388,0.0000,0.2419,0.0000
map,stability,stability,1,0.1,global,10,storm2,70,0.0,0.25,303,c10_storm2_w80_u70_0026,6622,1148.552400,1148.552400,1148.005200,1148.552400,1148.552400,0.2367,0.0000,0.2436,0.0000
map,stability,stability,1,0.1,global,10,storm2,70,0.0,0.25,303,c10_storm2_w80_u70_0027,6622,755.797200,755.797200,755.797200,755.797200,755.797200,0.2166,0.0000,0.2251,0.0000
map,stability,stability,1,0.1,global,10,storm2,70,0.0,0.25,303,c10_storm2_w80_u70_0028,6622,1278.609200,1278.609200,1278.858000,1278.609200,1278.609200,0.2429,0.0000,0.2443,0.0000
map,stability,stability,1,0.1,global,10,storm2,70,0.0,0.25,303,c10_storm2_w80_u70_0029,6622,429.385600,437.985600,414.047200,429.385600,437.985600,0.2247,0.0000,0.2264,0.0000
map,stability,stability,1,0.1,global,10,storm2,70,1.0,0.25,303,c10_storm2_w80_u70_0020,6622,1138.294800,1138.294800,1159.507600,1138.294800,1138.294800,0.1799,0.0000,0.1865,0.0036
map,stability,stability,1,0.1,global,10,storm2,70,1.0,0.25,303,c10_storm2_w80_u70_0021,6622,1435.036000,1432.771200,1434.568800,1435.036000,1433.048000,0.1963,0.0027,0.2203,0.0000
map,stability,stability,1,0.1,global,10,storm2,70,1.0,0.25,303,c10_storm2_w80_u70_0022,6622,849.278800,841.874800,840.258400,841.804000,841.874800,0.1720,0.0000,0.1854,0.0068
map,stability,stability,1,0.1,global,10,storm2,70,1.0,0.25,303,c10_storm2_w80_u70_0023,6622,1949.297200,1946.340400,1934.694800,1946.369200,1946.340400,0.1779,0.0000,0.1934,0.0115
map,stability,stability,1,0.1,global,10,storm2,70,1.0,0.25,303,c10_storm2_w80_u70_0024,6622,1025.966800,1025.966800,1025.966800,1025.966800,1025.966800,0.1739,0.0000,0.1808,0.0000
map,stability,stability,1,0.1,global,10,storm2,70,1.0,0.25,303,c10_storm2_w80_u70_0025,6622,2504.739600,2497.584800,2512.507200,2495.787200,2497.584800,0.2068,0.0000,0.2101,0.0039
map,stability,stability,1,0.1,global,10,storm2,70,1.0,0.25,303,c10_storm2_w80_u70_0026,6622,1930.773200,1932.162400,1942.360800,1927.702000,1932.162400,0.1834,0.0000,0.2090,0.0032
map,stability,stability,1,0.1,global,10,storm2,70,1.0,0.25,303,c10_storm2_w80_u70_0027,6622,1187.578400,1187.578400,1197.869600,1187.578400,1187.578400,0.1652,0.0000,0.1863,0.0000
map,stability,stability,1,0.1,global,10,storm2,70,1.0,0.25,303,c10_storm2_w80_u70_0028,6622,1229.074800,1229.074800,1229.074800,1229.074800,1229.074800,0.1923,0.0000,0.2164,0.0028
map,stability,stability,1,0.1,global,10,storm2,70,1.0,0.25,303,c10_storm2_w80_u70_0029,6622,1229.255600,1229.255600,1236.546000,1229.255600,1229.255600,0.1668,0.0000,0.1735,0.0000
map,stability,stability,1,0.1,global,10,storm2,70,1.0,0.25,301,c10_storm2_w80_u70_0020,6622,1138.294800,1138.294800,1159.507600,1138.294800,1138.294800,0.0212,0.0000,0.0292,0.0455
map,stability,stability,1,0.1,global,10,storm2,70,1.0,0.25,301,c10_storm2_w80_u70_0021,6622,1435.036000,1432.608000,1434.568800,1435.036000,1432.608000,0.0203,0.0000,0.1185,0.0000
map,stability,stability,1,0.1,global,10,storm2,70,1.0,0.25,301,c10_storm2_w80_u70_0022,6622,849.278800,841.073200,840.258400,841.804000,841.073200,0.0182,0.0000,0.0334,0.0377
map,stability,stability,1,0.1,global,10,storm2,70,1.0,0.25,301,c10_storm2_w80_u70_0023,6622,1949.297200,1946.369200,1934.694800,1946.369200,1946.369200,0.0195,0.0000,0.0615,0.0217
map,stability,stability,1,0.1,global,10,storm2,70,1.0,0.25,301,c10_storm2_w80_u70_0024,6622,1025.966800,1025.966800,1025.966800,1025.966800,1025.966800,0.0127,0.0000,0.0201,0.0000
map,stability,stability,1,0.1,global,10,storm2,70,1.0,0.25,301,c10_storm2_w80_u70_0025,6622,2504.739600,2500.143200,2512.507200,2499.354800,2500.143200,0.0248,0.0000,0.1029,0.0158
map,stability,stability,1,0.1,global,10,storm2,70,1.0,0.25,301,c10_storm2_w80_u70_0026,6622,1930.773200,1927.565600,1942.360800,1927.702000,1927.565600,0.0106,0.0000,0.0432,0.0154
map,stability,stability,1,0.1,global,10,storm2,70,1.0,0.25,301,c10_storm2_w80_u70_0027,6622,1187.578400,1187.164800,1197.869600,1187.578400,1187.164800,0.0133,0.0000,0.0799,0.0000
map,stability,stability,1,0.1,global,10,storm2,70,1.0,0.25,301,c10_storm2_w80_u70_0028,6622,1229.074800,1229.074800,1229.074800,1229.074800,1229.074800,0.0242,0.0000,0.0387,0.0156
map,stability,stability,1,0.1,global,10,storm2,70,1.0,0.25,301,c10_storm2_w80_u70_0029,6622,1229.255600,1229.255600,1236.546000,1229.255600,1229.255600,0.0097,0.0000,0.0318,0.0000
map,stability,stability,1,0.1,global,9,storm2,70,0.0,0.25,301,c09_storm2_w80_u70_0020,1686,1336.268000,1364.044800,1304.768000,1336.806400,1364.044800,0.1812,0.0000,0.2364,0.0056
map,stability,stability,1,0.1,global,9,storm2,70,0.0,0.25,301,c09_storm2_w80_u70_0021,1686,950.195600,953.898800,950.195600,950.195600,953.898800,0.1707,0.0000,0.2195,0.0000
map,stability,stability,1,0.1,global,9,storm2,70,0.0,0.25,301,c09_storm2_w80_u70_0022,1686,445.652800,445.796800,451.593600,445.652800,445.796800,0.1623,0.0000,0.2130,0.0000
map,stability,stability,1,0.1,global,9,storm2,70,0.0,0.25,301,c09_storm2_w80_u70_0023,1686,585.544400,585.544400,589.739600,585.544400,585.544400,0.1479,0.0000,0.1673,0.0000
map,stability,stability,1,0.1,global,9,storm2,70,0.0,0.25,301,c09_storm2_w80_u70_0024,1686,875.506400,875.506400,907.303200,875.506400,875.506400,0.1551,0.0000,0.2054,0.0110
map,stability,stability,1,0.1,global,9,storm2,70,0.0,0.25,301,c09_storm2_w80_u70_0025,1686,1127.043600,1127.043600,1127.043600,1127.043600,1127.043600,0.2442,0.0000,0.2525,0.0000
map,stability,stability,1,0.1,global,9,storm2,70,0.0,0.25,301,c09_storm2_w80_u70_0026,1686,840.394800,839.821200,822.995200,824.431600,826.490000,0.1768,0.0091,0.2222,0.0217
map,stability,stability,1,0.1,global,9,storm2,70,0.0,0.25,301,c09_storm2_w80_u70_0027,1686,865.187600,865.187600,865.022000,865.187600,865.187600,0.2038,0.0000,0.2158,0.0000
map,stability,stability,1,0.1,global,9,storm2,70,0.0,0.25,301,c09_storm2_w80_u70_0028,1686,1067.024000,1074.085600,1004.520400,1017.922000,1026.082800,0.1685,0.0106,0.2455,0.0222
map,stability,stability,1,0.1,global,9,storm2,70,0.0,0.25,301,c09_storm2_w80_u70_0029,1686,537.514400,535.079600,521.266000,534.544000,535.079600,0.1336,0.0000,0.1948,0.0167
map,stability,stability,1,0.1,global,9,storm2,90,0.0,0.25,301,c09_storm2_w80_u90_0020,1983,1231.793200,1143.212000,995.940000,1025.339600,1016.066400,0.2507,0.0280,0.2500,0.0281
map,stability,stability,1,0.1,global,9,storm2,90,0.0,0.25,301,c09_storm2_w80_u90_0021,1983,975.979200,982.956000,975.566800,973.014400,975.694000,0.2448,0.0135,0.2500,0.0199
map,stability,stability,1,0.1,global,9,storm2,90,0.0,0.25,301,c09_storm2_w80_u90_0022,1983,1587.114000,1442.092800,1432.173600,1460.094000,1432.828000,0.2504,0.0220,0.2498,0.0189
map,stability,stability,1,0.1,global,9,storm2,90,0.0,0.25,301,c09_storm2_w80_u90_0023,1983,884.806800,896.761200,827.890400,855.464800,868.976800,0.2502,0.0155,0.2500,0.0187
map,stability,stability,1,0.1,global,9,storm2,90,0.0,0.25,301,c09_storm2_w80_u90_0024,1983,936.799600,905.093600,756.248400,926.725200,819.240400,0.2505,0.0450,0.2505,0.0451
map,stability,stability,1,0.1,global,9,storm2,90,0.0,0.25,301,c09_storm2_w80_u90_0025,1983,1385.394800,1395.287600,1304.726000,1365.248800,1388.704400,0.2464,0.0324,0.2504,0.0257
map,stability,stability,1,0.1,global,9,storm2,90,0.0,0.25,301,c09_storm2_w80_u90_0026,1983,1059.491600,1025.769200,911.240800,904.769200,908.940800,0.2453,0.0191,0.2473,0.0190
map,stability,stability,1,0.1,global,9,storm2,90,0.0,0.25,301,c09_storm2_w80_u90_0027,1983,1373.073200,1430.146000,1189.637200,1229.459600,1231.186400,0.2502,0.0241,0.2504,0.0240
map,stability,stability,1,0.1,global,9,storm2,90,0.0,0.25,301,c09_storm2_w80_u90_0028,1983,1098.264800,1097.180000,1050.110000,1080.481600,1079.035200,0.2500,0.0167,0.2498,0.0167
map,stability,stability,1,0.1,global,9,storm2,90,0.0,0.25,301,c09_storm2_w80_u90_0029,1983,1498.585200,1496.046000,1453.895200,1498.476000,1492.295600,0.2505,0.0172,0.2502,0.0203
map,stability,stability,1,0.1,global,9,storm2,70,0.0,0.25,302,c09_storm2_w80_u70_0020,1686,1336.268000,1336.948800,1304.768000,1336.268000,1336.948800,0.2278,0.0000,0.2377,0.0000
map,stability,stability,1,0.1,global,9,storm2,70,0.0,0.25,302,c09_storm2_w80_u70_0021,1686,950.195600,950.195600,950.195600,950.195600,950.195600,0.2073,0.0000,0.1829,0.0000
map,stability,stability,1,0.1,global,9,storm2,70,0.0,0.25,302,c09_storm2_w80_u70_0022,1686,445.652800,448.861600,451.593600,445.652800,448.861600,0.1529,0.0000,0.2101,0.0000
map,stability,stability,1,0.1,global,9,storm2,70,0.0,0.25,302,c09_storm2_w80_u70_0023,1686,585.544400,587.903600,589.739600,585.544400,587.903600,0.1964,0.0000,0.1993,0.0000
map,stability,stability,1,0.1,global,9,storm2,70,0.0,0.25,302,c09_storm2_w80_u70_0024,1686,875.506400,907.303200,907.303200,875.506400,907.303200,0.2090,0.0000,0.2348,0.0000
map,stability,stability,1,0.1,global,9,storm2,70,0.0,0.25,302,c09_storm2_w80_u70_0025,1686,1127.043600,1127.043600,1127.043600,1127.043600,1127.043600,0.2292,0.0000,0.2292,0.0000
map,stability,stability,1,0.1,global,9,storm2,70,0.0,0.25,302,c09_storm2_w80_u70_0026,1686,840.394800,840.394800,822.995200,827.063600,827.063600,0.1984,0.0081,0.2129,0.0076
map,stability,stability,1,0.1,global,9,storm2,70,0.0,0.25,302,c09_storm2_w80_u70_0027,1686,865.187600,865.187600,865.022000,865.187600,865.187600,0.2244,0.0000,0.2286,0.0000
map,stability,stability,1,0.1,global,9,storm2,70,0.0,0.25,302,c09_storm2_w80_u70_0028,1686,1067.024000,1065.453600,1004.520400,1024.466000,1017.450800,0.2040,0.0177,0.2085,0.0177
map,stability,stability,1,0.1,global,9,storm2,70,0.0,0.25,302,c09_storm2_w80_u70_0029,1686,537.514400,535.725600,521.266000,534.544000,535.725600,0.1749,0.0000,0.1981,0.0164
map,stability,stability,1,0.1,global,9,storm2,70,0.0,0.25,303,c09_storm2_w80_u70_0020,1686,1336.268000,1336.268000,1304.768000,1336.268000,1336.268000,0.0000,0.0000,0.0000,0.0000
map,stability,stability,1,0.1,global,9,storm2,70,0.0,0.25,303,c09_storm2_w80_u70_0021,1686,950.195600,950.195600,950.195600,950.195600,950.195600,0.0000,0.0000,0.0000,0.0000
map,stability,stability,1,0.1,global,9,storm2,70,0.0,0.25,303,c09_storm2_w80_u70_0022,1686,445.652800,445.652800,451.593600,445.652800,445.652800,0.0000,0.0000,0.0000,0.0000
map,stability,stability,1,0.1,global,9,storm2,70,0.0,0.25,303,c09_storm2_w80_u70_0023,1686,585.544400,585.544400,589.739600,585.544400,585.544400,0.0000,0.0000,0.0000,0.0000
map,stability,stability,1,0.1,global,9,storm2,70,0.0,0.25,303,c09_storm2_w80_u70_0024,1686,875.506400,875.506400,907.303200,875.506400,875.506400,0.0000,0.0000,0.0000,0.0000
map,stability,stability,1,0.1,global,9,storm2,70,0.0,0.25,303,c09_storm2_w80_u70_0025,1686,1127.043600,1127.043600,1127.043600,1127.043600,1127.043600,0.0000,0.0000,0.0000,0.0000
map,stability,stability,1,0.1,global,9,storm2,70,0.0,0.25,303,c09_storm2_w80_u70_0026,1686,840.394800,840.394800,822.995200,840.394800,840.394800,0.0000,0.0000,0.0000,0.0000
map,stability,stability,1,0.1,global,9,storm2,70,0.0,0.25,303,c09_storm2_w80_u70_0027,1686,865.187600,865.187600,865.022000,865.187600,865.187600,0.0000,0.0000,0.0000,0.0000
map,stability,stability,1,0.1,global,9,storm2,70,0.0,0.25,303,c09_storm2_w80_u70_0028,1686,1067.024000,1067.024000,1004.520400,1067.024000,1067.024000,0.0000,0.0000,0.0000,0.0000
map,stability,stability,1,0.1,global,9,storm2,70,0.0,0.25,303,c09_storm2_w80_u70_0029,1686,537.514400,537.514400,521.266000,537.514400,537.514400,0.0000,0.0000,0.0000,0.0000
map,stability,stability,1,0.1,global,9,storm2,70,0.5,0.25,301,c09_storm2_w80_u70_0020,1686,1319.662000,1291.668800,1280.688000,1309.445600,1291.668800,0.0000,0.0000,0.1487,0.0268
map,stability,stability,1,0.1,global,9,storm2,70,0.5,0.25,301,c09_storm2_w80_u70_0021,1686,1119.015200,1121.794400,1122.718400,1119.015200,1121.794400,0.0000,0.0000,0.1463,0.0000
map,stability,stability,1,0.1,global,9,storm2,70,0.5,0.25,301,c09_storm2_w80_u70_0022,1686,908.775200,915.921600,902.964400,908.775200,915.921600,0.0000,0.0000,0.1331,0.0000
map,stability,stability,1,0.1,global,9,storm2,70,0.5,0.25,301,c09_storm2_w80_u70_0023,1686,910.877200,913.236400,911.566800,910.877200,913.236400,0.0000,0.0000,0.0605,0.0000
map,stability,stability,1,0.1,global,9,storm2,70,0.5,0.25,301,c09_storm2_w80_u70_0024,1686,1086.670400,1080.848000,1125.056800,1076.974400,1080.848000,0.0000,0.0000,0.1174,0.0192
map,stability,stability,1,0.1,global,9,storm2,70,0.5,0.25,301,c09_storm2_w80_u70_0025,1686,1064.612000,1064.612000,1064.612000,1064.612000,1064.612000,0.0000,0.0000,0.0631,0.0000
map,stability,stability,1,0.1,global,9,storm2,70,0.5,0.25,301,c09_storm2_w80_u70_0026,1686,777.633200,777.320000,740.985200,774.986400,777.320000,0.0000,0.0000,0.0725,0.0667
map,stability,stability,1,0.1,global,9,storm2,70,0.5,0.25,301,c09_storm2_w80_u70_0027,1686,1104.446000,1104.446000,1102.753200,1104.446000,1104.446000,0.0000,0.0000,0.0299,0.0000
map,stability,stability,1,0.1,global,9,storm2,70,0.5,0.25,301,c09_storm2_w80_u70_0028,1686,1060.126400,1035.486000,1040.672800,1052.077200,1035.486000,0.0000,0.0000,0.2412,0.0385
map,stability,stability,1,0.1,global,9,storm2,70,0.5,0.25,301,c09_storm2_w80_u70_0029,1686,462.259200,461.343600,460.113200,462.259200,461.343600,0.0000,0.0000,0.1082,0.0000
map,stability,stability,1,0.1,global,9,storm2,90,0.0,0.25,303,c09_storm2_w80_u90_0020,1983,1231.793200,1333.641200,995.940000,1025.733200,1021.996800,0.2507,0.0280,0.2500,0.0211
map,stability,stability,1,0.1,global,9,storm2,90,0.0,0.25,303,c09_storm2_w80_u90_0021,1983,975.979200,974.805200,975.566800,973.014400,974.805200,0.2502,0.0132,0.2500,0.0199
map,stability,stability,1,0.1,global,9,storm2,90,0.0,0.25,303,c09_storm2_w80_u90_0022,1983,1587.114000,1452.470000,1432.173600,1456.219600,1442.276400,0.2500,0.0190,0.2498,0.0189
map,stability,stability,1,0.1,global,9,storm2,90,0.0,0.25,303,c09_storm2_w80_u90_0023,1983,884.806800,929.312400,827.890400,855.745600,866.240800,0.2504,0.0217,0.2500,0.0156
map,stability,stability,1,0.1,global,9,storm2,90,0.0,0.25,303,c09_storm2_w80_u90_0024,1983,936.799600,955.310800,756.248400,866.531200,838.996800,0.2502,0.0292,0.2505,0.0424
map,stability,stability,1,0.1,global,9,storm2,90,0.0,0.25,303,c09_storm2_w80_u90_0025,1983,1385.394800,1391.722800,1304.726000,1384.610000,1374.397200,0.2506,0.0128,0.2500,0.0194
map,stability,stability,1,0.1,global,9,storm2,90,0.0,0.25,303,c09_storm2_w80_u90_0026,1983,1059.491600,1038.293600,911.240800,904.358400,898.966400,0.2479,0.0218,0.2496,0.0188
map,stability,stability,1,0.1,global,9,storm2,90,0.0,0.25,303,c09_storm2_w80_u90_0027,1983,1373.073200,1371.393600,1189.637200,1234.714000,1222.495600,0.2504,0.0299,0.2504,0.0269
map,stability,stability,1,0.1,global,9,storm2,90,0.0,0.25,303,c09_storm2_w80_u90_0028,1983,1098.264800,1104.968400,1050.110000,1081.564800,1092.859600,0.2506,0.0233,0.2500,0.0233
map,stability,stability,1,0.1,global,9,storm2,90,0.0,0.25,303,c09_storm2_w80_u90_0029,1983,1498.585200,1519.880400,1453.895200,1495.876800,1497.470800,0.2505,0.0173,0.2465,0.0177
map,stability,stability,1,0.1,global,9,storm2,90,0.5,0.25,301,c09_storm2_w80_u90_0020,1983,1421.070400,1169.445600,1065.728800,1420.890400,1117.819600,0.2452,0.0355,0.2500,0.0456
map,stability,stability,1,0.1,global,9,storm2,90,0.5,0.25,301,c09_storm2_w80_u90_0021,1983,1682.909200,1668.196800,1666.980400,1663.598000,1668.809200,0.2496,0.0099,0.2502,0.0232
map,stability,stability,1,0.1,global,9,storm2,90,0.5,0.25,301,c09_storm2_w80_u90_0022,1983,1664.744000,1683.745600,1510.509600,1561.514400,1533.588400,0.2447,0.0129,0.2506,0.0252
map,stability,stability,1,0.1,global,9,storm2,90,0.5,0.25,301,c09_storm2_w80_u90_0023,1983,1215.791600,1165.067600,1128.955600,1188.531200,1144.207200,0.2239,0.0173,0.2500,0.0249
map,stability,stability,1,0.1,global,9,storm2,90,0.5,0.25,301,c09_storm2_w80_u90_0024,1983,1345.757200,1183.621600,1012.123200,1191.241600,1005.902800,0.2457,0.0432,0.2498,0.0798
map,stability,stability,1,0.1,global,9,storm2,90,0.5,0.25,301,c09_storm2_w80_u90_0025,1983,1717.155200,1691.948800,1645.777600,1691.621600,1674.270400,0.2402,0.0134,0.2500,0.0226
map,stability,stability,1,0.1,global,9,storm2,90,0.5,0.25,301,c09_storm2_w80_u90_0026,1983,1777.414400,1623.508400,1483.257600,1718.245600,1467.225600,0.2498,0.0187,0.2473,0.0475
map,stability,stability,1,0.1,global,9,storm2,90,0.5,0.25,301,c09_storm2_w80_u90_0027,1983,1932.070000,1427.282400,1005.787600,1563.950400,1192.558800,0.2354,0.0317,0.2494,0.0843
map,stability,stability,1,0.1,global,9,storm2,90,0.5,0.25,301,c09_storm2_w80_u90_0028,1983,893.354800,868.570000,874.054000,878.164800,868.863600,0.2258,0.0111,0.2506,0.0433
map,stability,stability,1,0.1,global,9,storm2,90,0.5,0.25,301,c09_storm2_w80_u90_0029,1983,2933.330000,2885.075600,2765.441200,2915.110400,2831.642800,0.2415,0.0330,0.2498,0.0439
map,stability,stability,1,0.1,global,9,storm2,70,0.5,0.25,302,c09_storm2_w80_u70_0020,1686,1319.662000,1319.662000,1280.688000,1319.662000,1319.662000,0.0000,0.0000,0.0000,0.0000
map,stability,stability,1,0.1,global,9,storm2,70,0.5,0.25,302,c09_storm2_w80_u70_0021,1686,1119.015200,1119.015200,1122.718400,1119.015200,1119.015200,0.0000,0.0000,0.0000,0.0000
map,stability,stability,1,0.1,global,9,storm2,70,0.5,0.25,302,c09_storm2_w80_u70_0022,1686,908.775200,908.775200,902.964400,908.775200,908.775200,0.0000,0.0000,0.0000,0.0000
map,stability,stability,1,0.1,global,9,storm2,70,0.5,0.25,302,c09_storm2_w80_u70_0023,1686,910.877200,910.877200,911.566800,910.877200,910.877200,0.0000,0.0000,0.0000,0.0000
map,stability,stability,1,0.1,global,9,storm2,70,0.5,0.25,302,c09_storm2_w80_u70_0024,1686,1086.670400,1086.670400,1125.056800,1086.670400,1086.670400,0.0000,0.0000,0.0000,0.0000
map,stability,stability,1,0.1,global,9,storm2,70,0.5,0.25,302,c09_storm2_w80_u70_0025,1686,1064.612000,1064.612000,1064.612000,1064.612000,1064.612000,0.0000,0.0000,0.0000,0.0000
map,stability,stability,1,0.1,global,9,storm2,70,0.5,0.25,302,c09_storm2_w80_u70_0026,1686,777.633200,777.633200,740.985200,777.633200,777.633200,0.0000,0.0000,0.0000,0.0000
map,stability,stability,1,0.1,global,9,storm2,70,0.5,0.25,302,c09_storm2_w80_u70_0027,1686,1104.446000,1104.446000,1102.753200,1104.446000,1104.446000,0.0021,0.0000,0.0021,0.0000
map,stability,stability,1,0.1,global,9,storm2,70,0.5,0.25,302,c09_storm2_w80_u70_0028,1686,1060.126400,1060.126400,1040.672800,1060.126400,1060.126400,0.0000,0.0000,0.0000,0.0000
map,stability,stability,1,0.1,global,9,storm2,70,0.5,0.25,302,c09_storm2_w80_u70_0029,1686,462.259200,462.259200,460.113200,462.259200,462.259200,0.0000,0.0000,0.0000,0.0000
map,stability,stability,1,0.1,global,9,storm2,90,0.5,0.25,302,c09_storm2_w80_u90_0020,1983,1421.070400,1279.479600,1065.728800,1426.335200,1184.076000,0.2407,0.0287,0.2500,0.0351
map,stability,stability,1,0.1,global,9,storm2,90,0.5,0.25,302,c09_storm2_w80_u90_0021,1983,1682.909200,1667.673200,1666.980400,1663.598000,1665.344000,0.2506,0.0099,0.2502,0.0298
map,stability,stability,1,0.1,global,9,storm2,90,0.5,0.25,302,c09_storm2_w80_u90_0022,1983,1664.744000,1689.306800,1510.509600,1538.996800,1528.759600,0.2402,0.0162,0.2498,0.0284
map,stability,stability,1,0.1,global,9,storm2,90,0.5,0.25,302,c09_storm2_w80_u90_0023,1983,1215.791600,1153.254400,1128.955600,1188.531200,1123.907200,0.2364,0.0131,0.2500,0.0249
map,stability,stability,1,0.1,global,9,storm2,90,0.5,0.25,302,c09_storm2_w80_u90_0024,1983,1345.757200,1016.446000,1012.123200,1186.217200,1004.655200,0.2500,0.0265,0.2498,0.0745
map,stability,stability,1,0.1,global,9,storm2,90,0.5,0.25,302,c09_storm2_w80_u90_0025,1983,1717.155200,1687.211600,1645.777600,1692.876000,1669.168400,0.2464,0.0097,0.2500,0.0194
map,stability,stability,1,0.1,global,9,storm2,90,0.5,0.25,302,c09_storm2_w80_u90_0026,1983,1777.414400,1470.881600,1483.257600,1662.634400,1469.347200,0.2401,0.0162,0.2473,0.0443
map,stability,stability,1,0.1,global,9,storm2,90,0.5,0.25,302,c09_storm2_w80_u90_0027,1983,1932.070000,1267.009600,1005.787600,1558.565600,1116.052400,0.2435,0.0336,0.2487,0.0816
map,stability,stability,1,0.1,global,9,storm2,90,0.5,0.25,302,c09_storm2_w80_u90_0028,1983,893.354800,899.217600,874.054000,886.032800,885.621200,0.2380,0.0069,0.2506,0.0400
map,stability,stability,1,0.1,global,9,storm2,90,0.5,0.25,302,c09_storm2_w80_u90_0029,1983,2933.330000,2752.704400,2765.441200,2923.460000,2660.526400,0.2391,0.0182,0.2498,0.0497
map,stability,stability,1,0.1,global,9,storm2,70,1.0,0.25,301,c09_storm2_w80_u70_0020,1686,1574.511600,1515.307600,1524.045600,1563.418000,1511.507600,0.2404,0.0055,0.2493,0.0266
map,stability,stability,1,0.1,global,9,storm2,70,1.0,0.25,301,c09_storm2_w80_u70_0021,1686,846.673600,846.673600,846.673600,846.673600,846.673600,0.1890,0.0000,0.2256,0.0000
map,stability,stability,1,0.1,global,9,storm2,70,1.0,0.25,301,c09_storm2_w80_u70_0022,1686,1008.481600,1017.664000,1012.175200,1008.481600,1017.664000,0.2249,0.0000,0.2308,0.0000
map,stability,stability,1,0.1,global,9,storm2,70,1.0,0.25,301,c09_storm2_w80_u70_0023,1686,1055.166000,1057.525200,1055.855600,1055.166000,1057.525200,0.2411,0.0000,0.2420,0.0000
map,stability,stability,1,0.1,global,9,storm2,70,1.0,0.25,301,c09_storm2_w80_u70_0024,1686,1460.026400,1458.268000,1510.478800,1454.816000,1457.988000,0.2399,0.0093,0.2370,0.0095
map,stability,stability,1,0.1,global,9,storm2,70,1.0,0.25,301,c09_storm2_w80_u70_0025,1686,700.335200,700.335200,700.335200,700.335200,700.335200,0.2211,0.0000,0.2525,0.0000
map,stability,stability,1,0.1,global,9,storm2,70,1.0,0.25,301,c09_storm2_w80_u70_0026,1686,828.348800,792.146400,788.582800,816.294400,792.146400,0.2303,0.0070,0.2496,0.0258
map,stability,stability,1,0.1,global,9,storm2,70,1.0,0.25,301,c09_storm2_w80_u70_0027,1686,1148.310800,1150.303600,1152.793200,1148.310800,1150.303600,0.2452,0.0000,0.2436,0.0000
map,stability,stability,1,0.1,global,9,storm2,70,1.0,0.25,301,c09_storm2_w80_u70_0028,1686,1040.036400,955.107600,931.369600,1000.414400,938.581200,0.2356,0.0229,0.2505,0.0441
map,stability,stability,1,0.1,global,9,storm2,70,1.0,0.25,301,c09_storm2_w80_u70_0029,1686,462.854400,466.118400,463.065600,462.854400,466.118400,0.2484,0.0000,0.2262,0.0000
map,stability,stability,1,0.1,global,9,storm2,70,1.0,0.25,302,c09_storm2_w80_u70_0020,1686,1574.511600,1574.511600,1524.045600,1574.511600,1574.511600,0.0000,0.0000,0.0000,0.0000
map,stability,stability,1,0.1,global,9,storm2,70,1.0,0.25,302,c09_storm2_w80_u70_0021,1686,846.673600,846.673600,846.673600,846.673600,846.673600,0.0000,0.0000,0.0000,0.0000
map,stability,stability,1,0.1,global,9,storm2,70,1.0,0.25,302,c09_storm2_w80_u70_0022,1686,1008.481600,1008.481600,1012.175200,1008.481600,1008.481600,0.0000,0.0000,0.0000,0.0000
map,stability,stability,1,0.1,global,9,storm2,70,1.0,0.25,302,c09_storm2_w80_u70_0023,1686,1055.166000,1055.166000,1055.855600,1055.166000,1055.166000,0.0000,0.0000,0.0000,0.0000
map,stability,stability,1,0.1,global,9,storm2,70,1.0,0.25,302,c09_storm2_w80_u70_0024,1686,1460.026400,1460.026400,1510.478800,1460.026400,1460.026400,0.0000,0.0000,0.0000,0.0000
map,stability,stability,1,0.1,global,9,storm2,70,1.0,0.25,302,c09_storm2_w80_u70_0025,1686,700.335200,700.335200,700.335200,700.335200,700.335200,0.0000,0.0000,0.0000,0.0000
map,stability,stability,1,0.1,global,9,storm2,70,1.0,0.25,302,c09_storm2_w80_u70_0026,1686,828.348800,828.348800,788.582800,828.348800,828.348800,0.0000,0.0000,0.0000,0.0000
map,stability,stability,1,0.1,global,9,storm2,70,1.0,0.25,302,c09_storm2_w80_u70_0027,1686,1148.310800,1148.310800,1152.793200,1148.310800,1148.310800,0.0021,0.0000,0.0021,0.0000
map,stability,stability,1,0.1,global,9,storm2,70,1.0,0.25,302,c09_storm2_w80_u70_0028,1686,1040.036400,1040.036400,931.369600,1040.036400,1040.036400,0.0000,0.0000,0.0000,0.0000
map,stability,stability,1,0.1,global,9,storm2,70,1.0,0.25,302,c09_storm2_w80_u70_0029,1686,462.854400,462.854400,463.065600,462.854400,462.854400,0.0000,0.0000,0.0000,0.0000
map,stability,stability,1,0.1,global,9,storm2,70,0.5,0.25,303,c09_storm2_w80_u70_0020,1686,1319.662000,1319.662000,1280.688000,1319.662000,1319.662000,0.0000,0.0000,0.0000,0.0000
map,stability,stability,1,0.1,global,9,storm2,70,0.5,0.25,303,c09_storm2_w80_u70_0021,1686,1119.015200,1119.015200,1122.718400,1119.015200,1119.015200,0.0000,0.0000,0.0000,0.0000
map,stability,stability,1,0.1,global,9,storm2,70,0.5,0.25,303,c09_storm2_w80_u70_0022,1686,908.775200,908.775200,902.964400,908.775200,908.775200,0.0000,0.0000,0.0000,0.0000
map,stability,stability,1,0.1,global,9,storm2,70,0.5,0.25,303,c09_storm2_w80_u70_0023,1686,910.877200,910.877200,911.566800,910.877200,910.877200,0.0000,0.0000,0.0000,0.0000
map,stability,stability,1,0.1,global,9,storm2,70,0.5,0.25,303,c09_storm2_w80_u70_0024,1686,1086.670400,1086.670400,1125.056800,1086.670400,1086.670400,0.0000,0.0000,0.0000,0.0000
map,stability,stability,1,0.1,global,9,storm2,70,0.5,0.25,303,c09_storm2_w80_u70_0025,1686,1064.612000,1064.612000,1064.612000,1064.612000,1064.612000,0.0000,0.0000,0.0000,0.0000
map,stability,stability,1,0.1,global,9,storm2,70,0.5,0.25,303,c09_storm2_w80_u70_0026,1686,777.633200,777.633200,740.985200,777.633200,777.633200,0.0000,0.0000,0.0000,0.0000
map,stability,stability,1,0.1,global,9,storm2,70,0.5,0.25,303,c09_storm2_w80_u70_0027,1686,1104.446000,1104.446000,1102.753200,1104.446000,1104.446000,0.0000,0.0000,0.0000,0.0000
map,stability,stability,1,0.1,global,9,storm2,70,0.5,0.25,303,c09_storm2_w80_u70_0028,1686,1060.126400,1060.126400,1040.672800,1060.126400,1060.126400,0.0000,0.0000,0.0000,0.0000
map,stability,stability,1,0.1,global,9,storm2,70,0.5,0.25,303,c09_storm2_w80_u70_0029,1686,462.259200,462.259200,460.113200,462.259200,462.259200,0.0000,0.0000,0.0000,0.0000
map,stability,stability,1,0.1,global,9,storm2,70,1.0,0.25,303,c09_storm2_w80_u70_0020,1686,1574.511600,1574.511600,1524.045600,1574.511600,1574.511600,0.0000,0.0000,0.0000,0.0000
map,stability,stability,1,0.1,global,9,storm2,70,1.0,0.25,303,c09_storm2_w80_u70_0021,1686,846.673600,846.673600,846.673600,846.673600,846.673600,0.0000,0.0000,0.0000,0.0000
map,stability,stability,1,0.1,global,9,storm2,70,1.0,0.25,303,c09_storm2_w80_u70_0022,1686,1008.481600,1008.481600,1012.175200,1008.481600,1008.481600,0.0000,0.0000,0.0000,0.0000
map,stability,stability,1,0.1,global,9,storm2,70,1.0,0.25,303,c09_storm2_w80_u70_0023,1686,1055.166000,1055.166000,1055.855600,1055.166000,1055.166000,0.0000,0.0000,0.0000,0.0000
map,stability,stability,1,0.1,global,9,storm2,70,1.0,0.25,303,c09_storm2_w80_u70_0024,1686,1460.026400,1460.026400,1510.478800,1460.026400,1460.026400,0.0000,0.0000,0.0000,0.0000
map,stability,stability,1,0.1,global,9,storm2,70,1.0,0.25,303,c09_storm2_w80_u70_0025,1686,700.335200,700.335200,700.335200,700.335200,700.335200,0.0000,0.0000,0.0000,0.0000
map,stability,stability,1,0.1,global,9,storm2,70,1.0,0.25,303,c09_storm2_w80_u70_0026,1686,828.348800,828.348800,788.582800,828.348800,828.348800,0.0000,0.0000,0.0000,0.0000
map,stability,stability,1,0.1,global,9,storm2,70,1.0,0.25,303,c09_storm2_w80_u70_0027,1686,1148.310800,1148.310800,1152.793200,1148.310800,1148.310800,0.0000,0.0000,0.0000,0.0000
map,stability,stability,1,0.1,global,9,storm2,70,1.0,0.25,303,c09_storm2_w80_u70_0028,1686,1040.036400,1040.036400,931.369600,1040.036400,1040.036400,0.0000,0.0000,0.0000,0.0000
map,stability,stability,1,0.1,global,9,storm2,70,1.0,0.25,303,c09_storm2_w80_u70_0029,1686,462.854400,462.854400,463.065600,462.854400,462.854400,0.0000,0.0000,0.0000,0.0000
map,stability,stability,1,0.1,global,9,storm2,90,1.0,0.25,301,c09_storm2_w80_u90_0020,1983,2177.667200,1659.500400,1504.394400,2095.306000,1605.160800,0.2455,0.0211,0.2454,0.0747
map,stability,stability,1,0.1,global,9,storm2,90,1.0,0.25,301,c09_storm2_w80_u90_0021,1983,1754.070800,1719.327200,1724.693600,1743.372000,1716.951200,0.2481,0.0033,0.2506,0.0298
map,stability,stability,1,0.1,global,9,storm2,90,1.0,0.25,301,c09_storm2_w80_u90_0022,1983,1255.530000,1203.729200,1218.304800,1253.388800,1204.159600,0.2498,0.0031,0.2496,0.0095
map,stability,stability,1,0.1,global,9,storm2,90,1.0,0.25,301,c09_storm2_w80_u90_0023,1983,1251.113600,1245.780800,1185.189600,1260.659600,1245.947200,0.2496,0.0062,0.2496,0.0156
map,stability,stability,1,0.1,global,9,storm2,90,1.0,0.25,301,c09_storm2_w80_u90_0024,1983,2040.184000,1486.769600,1434.189200,1881.208000,1487.203600,0.2505,0.0186,0.2500,0.0585
map,stability,stability,1,0.1,global,9,storm2,90,1.0,0.25,301,c09_storm2_w80_u90_0025,1983,1653.087600,1567.721600,1550.068000,1582.301200,1566.282800,0.2502,0.0128,0.2484,0.0324
map,stability,stability,1,0.1,global,9,storm2,90,1.0,0.25,301,c09_storm2_w80_u90_0026,1983,1769.389600,1292.746800,1308.659600,1624.973600,1288.102000,0.2426,0.0065,0.2504,0.0594
map,stability,stability,1,0.1,global,9,storm2,90,1.0,0.25,301,c09_storm2_w80_u90_0027,1983,1752.833600,1086.682400,803.994000,1339.442800,947.941600,0.2438,0.0123,0.2487,0.0937
map,stability,stability,1,0.1,global,9,storm2,90,1.0,0.25,301,c09_storm2_w80_u90_0028,1983,804.369600,692.128000,730.334800,776.908400,698.036400,0.2496,0.0134,0.2494,0.0435
map,stability,stability,1,0.1,global,9,storm2,90,1.0,0.25,301,c09_storm2_w80_u90_0029,1983,3061.778400,2818.911600,2856.388000,3022.974400,2795.766400,0.2486,0.0204,0.2502,0.0321
map,stability,stability,1,0.1,global,9,storm2,90,0.5,0.25,303,c09_storm2_w80_u90_0020,1983,1421.070400,1161.240800,1065.728800,1408.162000,1120.526000,0.2259,0.0269,0.2504,0.0490
map,stability,stability,1,0.1,global,9,storm2,90,0.5,0.25,303,c09_storm2_w80_u90_0021,1983,1682.909200,1685.196400,1666.980400,1663.027600,1674.018400,0.2356,0.0209,0.2502,0.0298
map,stability,stability,1,0.1,global,9,storm2,90,0.5,0.25,303,c09_storm2_w80_u90_0022,1983,1664.744000,1614.107600,1510.509600,1559.314400,1510.033600,0.2449,0.0255,0.2474,0.0223
map,stability,stability,1,0.1,global,9,storm2,90,0.5,0.25,303,c09_storm2_w80_u90_0023,1983,1215.791600,1184.688800,1128.955600,1188.470400,1170.063600,0.2506,0.0123,0.2500,0.0343
map,stability,stability,1,0.1,global,9,storm2,90,0.5,0.25,303,c09_storm2_w80_u90_0024,1983,1345.757200,1046.768400,1012.123200,1191.248000,1017.628400,0.2365,0.0338,0.2498,0.0798
map,stability,stability,1,0.1,global,9,storm2,90,0.5,0.25,303,c09_storm2_w80_u90_0025,1983,1717.155200,1689.209600,1645.777600,1676.495200,1684.442800,0.2363,0.0135,0.2500,0.0323
map,stability,stability,1,0.1,global,9,storm2,90,0.5,0.25,303,c09_storm2_w80_u90_0026,1983,1777.414400,1503.162000,1483.257600,1648.080000,1484.868400,0.2321,0.0201,0.2496,0.0533
map,stability,stability,1,0.1,global,9,storm2,90,0.5,0.25,303,c09_storm2_w80_u90_0027,1983,1932.070000,1167.854400,1005.787600,1564.339600,1069.187600,0.2130,0.0211,0.2494,0.0843
map,stability,stability,1,0.1,global,9,storm2,90,0.5,0.25,303,c09_storm2_w80_u90_0028,1983,893.354800,877.983600,874.054000,883.205600,889.187600,0.2359,0.0106,0.2506,0.0433
map,stability,stability,1,0.1,global,9,storm2,90,0.5,0.25,303,c09_storm2_w80_u90_0029,1983,2933.330000,2887.147200,2765.441200,2922.025600,2794.625200,0.2382,0.0274,0.2498,0.0526
map,stability,stability,1,0.1,global,9,storm2,90,1.0,0.25,302,c09_storm2_w80_u90_0020,1983,2177.667200,1627.432000,1504.394400,2126.478000,1578.550400,0.2465,0.0141,0.2500,0.0421
map,stability,stability,1,0.1,global,9,storm2,90,1.0,0.25,302,c09_storm2_w80_u90_0021,1983,1754.070800,1722.001600,1724.693600,1741.065600,1712.932800,0.2492,0.0033,0.2506,0.0298
map,stability,stability,1,0.1,global,9,storm2,90,1.0,0.25,302,c09_storm2_w80_u90_0022,1983,1255.530000,1203.338800,1218.304800,1256.239600,1203.338800,0.2433,0.0000,0.2435,0.0129
map,stability,stability,1,0.1,global,9,storm2,90,1.0,0.25,302,c09_storm2_w80_u90_0023,1983,1251.113600,1205.736000,1185.189600,1241.440000,1213.319200,0.2496,0.0062,0.2500,0.0218
map,stability,stability,1,0.1,global,9,storm2,90,1.0,0.25,302,c09_storm2_w80_u90_0024,1983,2040.184000,1431.838800,1434.189200,1884.727600,1434.294800,0.2505,0.0053,0.2500,0.0479
map,stability,stability,1,0.1,global,9,storm2,90,1.0,0.25,302,c09_storm2_w80_u90_0025,1983,1653.087600,1575.494000,1550.068000,1582.301200,1575.714000,0.2382,0.0034,0.2500,0.0322
map,stability,stability,1,0.1,global,9,storm2,90,1.0,0.25,302,c09_storm2_w80_u90_0026,1983,1769.389600,1280.729600,1308.659600,1569.282000,1282.794800,0.2471,0.0063,0.2504,0.0469
map,stability,stability,1,0.1,global,9,storm2,90,1.0,0.25,302,c09_storm2_w80_u90_0027,1983,1752.833600,941.911600,803.994000,1366.150800,878.358400,0.2449,0.0245,0.2494,0.1054
map,stability,stability,1,0.1,global,9,storm2,90,1.0,0.25,302,c09_storm2_w80_u90_0028,1983,804.369600,698.090000,730.334800,780.876400,700.848400,0.2492,0.0100,0.2494,0.0401
map,stability,stability,1,0.1,global,9,storm2,90,1.0,0.25,302,c09_storm2_w80_u90_0029,1983,3061.778400,2844.950400,2856.388000,2997.171600,2821.725600,0.2388,0.0213,0.2502,0.0350
map,stability,stability,1,0.1,global,9,storm2,90,1.0,0.25,303,c09_storm2_w80_u90_0020,1983,2177.667200,1545.586000,1504.394400,2113.706400,1519.384800,0.2329,0.0186,0.2500,0.0421
map,stability,stability,1,0.1,global,9,storm2,90,1.0,0.25,303,c09_storm2_w80_u90_0021,1983,1754.070800,1717.568000,1724.693600,1742.714000,1717.568000,0.2506,0.0000,0.2506,0.0265
map,stability,stability,1,0.1,global,9,storm2,90,1.0,0.25,303,c09_storm2_w80_u90_0022,1983,1255.530000,1204.294000,1218.304800,1253.819200,1204.357200,0.2453,0.0064,0.2496,0.0126
map,stability,stability,1,0.1,global,9,storm2,90,1.0,0.25,303,c09_storm2_w80_u90_0023,1983,1251.113600,1191.567200,1185.189600,1241.440000,1191.010400,0.2504,0.0124,0.2500,0.0218
map,stability,stability,1,0.1,global,9,storm2,90,1.0,0.25,303,c09_storm2_w80_u90_0024,1983,2040.184000,1551.313600,1434.189200,1877.157200,1550.263200,0.2300,0.0375,0.2500,0.0559
map,stability,stability,1,0.1,global,9,storm2,90,1.0,0.25,303,c09_storm2_w80_u90_0025,1983,1653.087600,1569.660400,1550.068000,1582.301200,1560.974400,0.2444,0.0033,0.2500,0.0322
map,stability,stability,1,0.1,global,9,storm2,90,1.0,0.25,303,c09_storm2_w80_u90_0026,1983,1769.389600,1281.106000,1308.659600,1529.410800,1282.941200,0.2500,0.0094,0.2488,0.0597
map,stability,stability,1,0.1,global,9,storm2,90,1.0,0.25,303,c09_storm2_w80_u90_0027,1983,1752.833600,990.368800,803.994000,1351.935600,887.923600,0.2376,0.0252,0.2502,0.0961
map,stability,stability,1,0.1,global,9,storm2,90,1.0,0.25,303,c09_storm2_w80_u90_0028,1983,804.369600,704.329200,730.334800,768.925600,702.091600,0.2502,0.0133,0.2502,0.0367
map,stability,stability,1,0.1,global,9,storm2,90,1.0,0.25,303,c09_storm2_w80_u90_0029,1983,3061.778400,2885.925200,2856.388000,3038.162000,2833.145200,0.2429,0.0299,0.2502,0.0262
