source,campus,crew_m,beta,inst_id,window_bh,pooled_u,worst_u,twt_rule_atc,twt_oracle_atc,twt_rule_edd,twt_oracle_edd,feas_rule_atc,feas_oracle_atc,feas_rule_edd,feas_oracle_edd,incomplete_rule_atc
replay,9,1.0,0.5,c09_replay_400_0000,1310.0167,0.01564756981936015,0.05626729796650685,924.7776000000003,936.7776000000003,978.844,932.6440000000011,1,1,1,1,56
replay,9,1.0,1.0,c09_replay_400_0000,1310.0167,0.01564756981936015,0.05626729796650685,870.7776000000003,868.7776000000003,894.6440000000011,878.7776000000003,1,1,1,1,56
replay,9,1.0,0.5,c09_replay_400_0001,56.0,0.28188131313131315,0.8392857142857143,390.0,390.0,390.0,390.0,1,1,1,1,41
replay,9,1.0,1.0,c09_replay_400_0001,56.0,0.28188131313131315,0.8392857142857143,757.0,757.0,757.0,757.0,1,1,1,1,41
replay,9,1.0,0.5,c09_replay_400_0002,53.4,0.31385571066469947,0.4661822721598003,373.0,373.0,373.0,373.0,1,1,1,1,11
replay,9,1.0,1.0,c09_replay_400_0002,53.4,0.31385571066469947,0.4661822721598003,330.0,330.0,330.0,330.0,1,1,1,1,11
replay,9,1.0,0.5,c09_replay_400_0003,48.0,0.3205734006734007,0.7851208333333334,744.0,744.0,744.0,744.0,1,1,1,1,43
replay,9,1.0,1.0,c09_replay_400_0003,48.0,0.3205734006734007,0.7851208333333334,631.7296,631.7296,631.7296,631.7296,1,1,1,1,43
replay,9,1.0,0.5,c09_replay_400_0004,24.0,0.6323084175084175,1.6101722222222223,136.0,116.0,116.0,116.0,1,1,1,1,248
replay,9,1.0,1.0,c09_replay_400_0004,24.0,0.6323084175084175,1.6101722222222223,116.0,116.0,116.0,116.0,1,1,1,1,248
replay,9,1.0,0.5,c09_replay_400_0005,40.0,0.3484419191919192,0.6742916666666666,878.6672000000001,881.0663999999999,869.0663999999999,869.0663999999999,1,1,1,1,38
replay,9,1.0,1.0,c09_replay_400_0005,40.0,0.3484419191919192,0.6742916666666666,858.6672000000001,868.5328,849.0663999999999,849.0663999999999,1,1,1,1,38
replay,9,1.0,0.5,c09_replay_400_0006,56.0,0.2558540404040404,0.6919642857142857,358.0,358.0,358.0,358.0,1,1,1,1,75
replay,9,1.0,1.0,c09_replay_400_0006,56.0,0.2558540404040404,0.6919642857142857,502.0,502.0,502.0,502.0,1,1,1,1,75
replay,9,1.0,0.5,c09_replay_400_0007,1.0,10.184343434343434,19.34375,5.0,0.0,0.0,0.0,1,1,1,1,329
replay,9,1.0,1.0,c09_replay_400_0007,1.0,10.184343434343434,19.34375,0.0,0.0,0.0,0.0,1,1,1,1,329
replay,9,1.0,0.5,c09_replay_400_0008,48.0,0.2541561447811448,0.8859953703703703,632.0,594.0,720.0,594.0,1,1,1,1,318
replay,9,1.0,1.0,c09_replay_400_0008,48.0,0.2541561447811448,0.8859953703703703,594.0,594.0,594.0,594.0,1,1,1,1,318
replay,9,1.0,0.5,c09_replay_400_0009,8.0,1.6098484848484849,4.013888888888889,538.0,538.0,538.0,538.0,1,1,1,1,368
replay,9,1.0,1.0,c09_replay_400_0009,8.0,1.6098484848484849,4.013888888888889,538.0,538.0,538.0,538.0,1,1,1,1,368
replay,9,1.0,0.5,c09_replay_400_0010,56.0,0.31479978354978355,0.7745535714285714,868.3332,868.0,873.3332,868.0,1,1,1,1,74
replay,9,1.0,1.0,c09_replay_400_0010,56.0,0.31479978354978355,0.7745535714285714,490.0,490.0,529.3332,490.0,1,1,1,1,74
replay,9,1.0,0.5,c09_replay_400_0011,7.2333,1.7022840630322693,4.558392742209257,267.5336,158.8,160.8,156.8,1,1,1,1,171
replay,9,1.0,1.0,c09_replay_400_0011,7.2333,1.7022840630322693,4.558392742209257,217.53359999999998,167.8,158.8,158.8,1,1,1,1,171
replay,9,1.0,0.5,c09_replay_400_0012,24.0,0.5780723905723906,1.28515625,400.0,337.0,337.0,337.0,1,1,1,1,263
replay,9,1.0,1.0,c09_replay_400_0012,24.0,0.5780723905723906,1.28515625,340.0,340.0,345.0,340.0,1,1,1,1,263
replay,9,1.0,0.5,c09_replay_400_0013,8.0,1.6243686868686869,3.296875,15.999999999999986,15.999999999999986,28.999999999999986,15.999999999999986,1,1,1,1,174
replay,9,1.0,1.0,c09_replay_400_0013,8.0,1.6243686868686869,3.296875,326.0,159.99999999999997,249.99999999999997,164.99999999999997,1,1,1,1,174
replay,9,1.0,0.5,c09_replay_400_0014,53.0833,0.34536525183489486,0.5035324982935625,397.0,397.0,397.0,397.0,1,1,1,1,23
replay,9,1.0,1.0,c09_replay_400_0014,53.0833,0.34536525183489486,0.5035324982935625,588.0,584.0,586.6668,584.0,1,1,1,1,23
replay,9,1.0,0.5,c09_replay_400_0015,40.0,0.5135339393939394,1.045,1460.9184,1460.9184,1456.9184,1456.9184,1,1,1,1,46
replay,9,1.0,1.0,c09_replay_400_0015,40.0,0.5135339393939394,1.045,1460.9184,1460.9184,1456.9184,1456.9184,1,1,1,1,46
replay,9,1.0,0.5,c09_replay_400_0016,56.0,0.2795364357864358,0.5028698979591837,498.99999999999994,498.99999999999994,498.99999999999994,498.99999999999994,1,1,1,1,74
replay,9,1.0,1.0,c09_replay_400_0016,56.0,0.2795364357864358,0.5028698979591837,700.0,700.0,700.0,700.0,1,1,1,1,74
replay,9,1.0,0.5,c09_replay_400_0017,48.0,0.36958122895622897,0.7194010416666666,974.0,957.0,940.0,940.0,1,1,1,1,55
replay,9,1.0,1.0,c09_replay_400_0017,48.0,0.36958122895622897,0.7194010416666666,1218.0,1225.0,1184.0,1184.0,1,1,1,1,55
replay,9,1.0,0.5,c09_replay_400_0018,64.0,0.19917929292929293,0.4407552083333333,387.6,384.0,384.0,384.0,1,1,1,1,21
replay,9,1.0,1.0,c09_replay_400_0018,64.0,0.19917929292929293,0.4407552083333333,356.0,356.0,356.0,356.0,1,1,1,1,21
replay,9,1.0,0.5,c09_replay_400_0019,47.25,0.3369675591897814,0.6424792139077853,938.0,938.0,938.0,938.0,1,1,1,1,46
replay,9,1.0,1.0,c09_replay_400_0019,47.25,0.3369675591897814,0.6424792139077853,860.0,860.0,860.0,860.0,1,1,1,1,46
replay,9,1.0,0.5,c09_replay_400_0020,54.6833,0.31466397687163444,0.7772025462984128,617.0000000000001,617.0000000000001,617.0000000000001,617.0000000000001,1,1,1,1,30
replay,9,1.0,1.0,c09_replay_400_0020,54.6833,0.31466397687163444,0.7772025462984128,347.72960000000006,347.72960000000006,347.72960000000006,347.72960000000006,1,1,1,1,30
replay,9,1.0,0.5,c09_replay_400_0021,21.2333,0.6691484744731296,2.119312589187738,162.0,162.0,162.0,162.0,1,1,1,1,57
replay,9,1.0,1.0,c09_replay_400_0021,21.2333,0.6691484744731296,2.119312589187738,290.0,290.0,290.0,290.0,1,1,1,1,57
replay,9,1.0,0.5,c09_replay_400_0022,47.2167,0.3731943583648595,1.3029104815316048,1663.4624000000001,1663.4624000000001,1663.4624000000001,1663.4624000000001,1,1,1,1,36
replay,9,1.0,1.0,c09_replay_400_0022,47.2167,0.3731943583648595,1.3029104815316048,1897.7328,1913.7328,1897.7328,1897.7328,1,1,1,1,36
replay,9,1.0,0.5,c09_replay_400_0023,32.0,0.4047506313131313,0.7873883928571429,282.0,252.0,252.0,252.0,1,1,1,1,21
replay,9,1.0,1.0,c09_replay_400_0023,32.0,0.4047506313131313,0.7873883928571429,496.0,458.4,456.0,458.4,1,1,1,1,21
replay,9,1.0,0.5,c09_replay_400_0024,16.0,0.8713699494949495,2.0286458333333335,351.5336,316.5336,326.5336,296.5336,1,1,1,1,66
replay,9,1.0,1.0,c09_replay_400_0024,16.0,0.8713699494949495,2.0286458333333335,675.5336,454.5336,511.5336,408.5336,1,1,1,1,66
replay,9,1.0,0.5,c09_replay_400_0025,47.55,0.4225705211951269,0.8298282509638978,1264.5295999999998,1229.0623999999998,1230.6632,1205.7296000000001,1,1,1,1,25
replay,9,1.0,1.0,c09_replay_400_0025,47.55,0.4225705211951269,0.8298282509638978,1069.8632,1029.0623999999998,1033.5968,1008.6632,1,1,1,1,25
replay,9,1.0,0.5,c09_replay_400_0026,48.0,0.29924242424242425,1.046875,181.99999999999997,181.99999999999997,201.99999999999997,181.99999999999997,1,1,1,1,57
replay,9,1.0,1.0,c09_replay_400_0026,48.0,0.29924242424242425,1.046875,233.93319999999997,227.99999999999997,281.9332,227.99999999999997,1,1,1,1,57
replay,9,1.0,0.5,c09_replay_400_0027,64.0,0.2593118686868687,0.44949776785714285,36.0,36.0,36.0,36.0,1,1,1,1,30
replay,9,1.0,1.0,c09_replay_400_0027,64.0,0.2593118686868687,0.44949776785714285,28.0,28.0,28.0,28.0,1,1,1,1,30
replay,9,1.0,0.5,c09_replay_400_0028,32.0,0.5490056818181818,1.40625,218.00000000000003,196.00000000000003,215.00000000000003,196.00000000000003,1,1,1,1,221
replay,9,1.0,1.0,c09_replay_400_0028,32.0,0.5490056818181818,1.40625,182.00000000000003,182.00000000000003,191.00000000000003,172.00000000000003,1,1,1,1,221
replay,9,1.0,0.5,c09_replay_400_0029,56.0,0.2718704906204906,0.6473214285714286,364.0,364.0,364.0,364.0,1,1,1,1,28
replay,9,1.0,1.0,c09_replay_400_0029,56.0,0.2718704906204906,0.6473214285714286,364.0,364.0,364.0,364.0,1,1,1,1,28
replay,9,1.0,0.5,c09_replay_400_0030,40.0,0.4806766666666667,1.2439891666666667,2480.6499999999996,2202.3848000000003,2595.5836000000004,2129.8508,1,1,1,1,70
replay,9,1.0,1.0,c09_replay_400_0030,40.0,0.4806766666666667,1.2439891666666667,2292.6499999999996,1979.184,2279.5168000000003,1962.3844,1,1,1,1,70
replay,9,1.0,0.5,c09_replay_400_0031,48.0,0.3887310606060606,0.8875868055555556,997.5336,987.0,983.0,983.0,1,1,1,1,58
replay,9,1.0,1.0,c09_replay_400_0031,48.0,0.3887310606060606,0.8875868055555556,1153.5336,1141.0,1137.0,1137.0,1,1,1,1,58
replay,9,1.0,0.5,c09_replay_400_0032,8.0,1.6478722222222224,3.579861111111111,32.0,32.0,82.0,32.0,1,1,1,1,137
replay,9,1.0,1.0,c09_replay_400_0032,8.0,1.6478722222222224,3.579861111111111,12.0,12.0,12.0,12.0,1,1,1,1,137
replay,9,1.0,0.5,c09_replay_400_0033,64.0,0.2767305555555556,0.45200892857142855,703.7296,703.7296,703.7296,703.7296,1,1,1,1,27
replay,9,1.0,1.0,c09_replay_400_0033,64.0,0.2767305555555556,0.45200892857142855,400.5,400.5,400.5,400.5,1,1,1,1,27
replay,9,1.0,0.5,c09_replay_400_0034,56.0,0.3269507215007215,0.667752380952381,611.0,609.0,609.0,609.0,1,1,1,1,46
replay,9,1.0,1.0,c09_replay_400_0034,56.0,0.3269507215007215,0.667752380952381,411.99999999999994,409.99999999999994,409.99999999999994,409.99999999999994,1,1,1,1,46
replay,9,1.0,0.5,c09_replay_400_0035,62.8167,0.24950175300002655,0.4344651448845079,579.4592,579.4592,579.4592,579.4592,1,1,1,1,25
replay,9,1.0,1.0,c09_replay_400_0035,62.8167,0.24950175300002655,0.4344651448845079,242.00000000000006,242.00000000000006,242.00000000000006,242.00000000000006,1,1,1,1,25
replay,9,1.0,0.5,c09_replay_400_0036,55.3667,0.2711034071039273,0.5328112385242393,151.0,151.0,151.0,151.0,1,1,1,1,24
replay,9,1.0,1.0,c09_replay_400_0036,55.3667,0.2711034071039273,0.5328112385242393,20.0,20.0,20.0,20.0,1,1,1,1,24
replay,9,1.0,0.5,c09_replay_400_0037,96.0,0.1907454124579125,0.49537037037037035,738.0,738.0,738.0,738.0,1,1,1,1,82
replay,9,1.0,1.0,c09_replay_400_0037,96.0,0.1907454124579125,0.49537037037037035,552.7296,552.7296,552.7296,552.7296,1,1,1,1,82
replay,9,1.0,0.5,c09_replay_400_0038,55.4833,0.2323931596343295,0.3897569178473522,44.0,44.0,44.0,44.0,1,1,1,1,14
replay,9,1.0,1.0,c09_replay_400_0038,55.4833,0.2323931596343295,0.3897569178473522,140.0,140.0,140.0,140.0,1,1,1,1,14
replay,9,1.0,0.5,c09_replay_400_0039,48.0,0.3709973905723906,0.7460583333333334,701.7296,701.7296,701.7296,701.7296,1,1,1,1,52
replay,9,1.0,1.0,c09_replay_400_0039,48.0,0.3709973905723906,0.7460583333333334,720.0,718.0,718.0,718.0,1,1,1,1,52
replay,9,0.75,0.5,c09_replay_400_0000,1310.0167,0.02093391097454939,0.07502306395534246,958.7776000000003,929.7776000000003,1013.844,936.6440000000011,1,1,1,1,59
replay,9,0.75,1.0,c09_replay_400_0000,1310.0167,0.02093391097454939,0.07502306395534246,888.7776000000003,876.7776000000003,885.6440000000011,897.6440000000011,1,1,1,1,59
replay,9,0.75,0.5,c09_replay_400_0001,56.0,0.3771114864864865,0.8392857142857143,390.0,390.0,390.0,390.0,1,1,1,1,41
replay,9,0.75,1.0,c09_replay_400_0001,56.0,0.3771114864864865,0.8392857142857143,757.0,757.0,757.0,757.0,1,1,1,1,41
replay,9,0.75,0.5,c09_replay_400_0002,53.4,0.41988804534871954,0.6992734082397004,373.0,373.0,373.0,373.0,1,1,1,1,11
replay,9,0.75,1.0,c09_replay_400_0002,53.4,0.41988804534871954,0.6992734082397004,330.0,330.0,330.0,330.0,1,1,1,1,11
replay,9,0.75,0.5,c09_replay_400_0003,48.0,0.42887522522522525,1.17768125,744.0,750.4,749.7336,755.7336,1,1,1,1,45
replay,9,0.75,1.0,c09_replay_400_0003,48.0,0.42887522522522525,1.17768125,631.7296,638.1296,637.4632,638.1296,1,1,1,1,45
replay,9,0.75,0.5,c09_replay_400_0004,24.0,0.8459261261261262,2.4152583333333335,162.5336,118.5336,118.5336,118.5336,1,1,1,1,248
replay,9,0.75,1.0,c09_replay_400_0004,24.0,0.8459261261261262,2.4152583333333335,122.5336,118.5336,118.5336,118.5336,1,1,1,1,248
replay,9,0.75,0.5,c09_replay_400_0005,40.0,0.4661587837837838,1.0114375,1056.9064,1043.1736,1104.0800000000002,1098.7464000000002,1,1,1,1,41
replay,9,0.75,1.0,c09_replay_400_0005,40.0,0.4661587837837838,1.0114375,985.4392,910.3864,1044.6128,983.3328,1,1,1,1,41
replay,9,0.75,0.5,c09_replay_400_0006,56.0,0.3422912162162162,1.0379464285714286,358.0,358.0,358.0,358.0,1,1,1,1,75
replay,9,0.75,1.0,c09_replay_400_0006,56.0,0.3422912162162162,1.0379464285714286,502.0,502.0,502.0,502.0,1,1,1,1,75
replay,9,0.75,0.5,c09_replay_400_0007,1.0,13.625,25.791666666666668,12.0,0.0,9.0,0.0,1,1,1,1,343
replay,9,0.75,1.0,c09_replay_400_0007,1.0,13.625,25.791666666666668,49.0,49.0,45.0,45.0,1,1,1,1,343
replay,9,0.75,0.5,c09_replay_400_0008,48.0,0.3400197072072072,1.1391369047619047,704.0,594.0,883.0,594.0,1,1,1,1,318
replay,9,0.75,1.0,c09_replay_400_0008,48.0,0.3400197072072072,1.1391369047619047,594.0,594.0,594.0,594.0,1,1,1,1,318
replay,9,0.75,0.5,c09_replay_400_0009,8.0,2.1537162162162162,5.160714285714286,538.0,548.0,538.0,538.0,1,1,1,1,368
replay,9,0.75,1.0,c09_replay_400_0009,8.0,2.1537162162162162,5.160714285714286,538.0,538.0,538.0,538.0,1,1,1,1,368
replay,9,0.75,0.5,c09_replay_400_0010,56.0,0.42115106177606176,1.1618303571428572,949.2660000000001,876.0,960.0663999999999,868.0,1,1,1,1,74
replay,9,0.75,1.0,c09_replay_400_0010,56.0,0.42115106177606176,1.1618303571428572,526.9328,515.8664,860.9331999999999,490.0,1,1,1,1,74
replay,9,0.75,0.5,c09_replay_400_0011,7.2333,2.277380030272901,5.86079066855476,623.5336,156.8,261.8,158.8,1,1,1,1,187
replay,9,0.75,1.0,c09_replay_400_0011,7.2333,2.277380030272901,5.86079066855476,291.5336,219.8,284.8,220.8,1,1,1,1,187
replay,9,0.75,0.5,c09_replay_400_0012,24.0,0.7733671171171171,1.7135416666666667,428.0,337.0,454.0,337.0,1,1,1,1,264
replay,9,0.75,1.0,c09_replay_400_0012,24.0,0.7733671171171171,1.7135416666666667,340.0,340.0,513.0,340.0,1,1,1,1,264
replay,9,0.75,0.5,c09_replay_400_0013,8.0,2.173141891891892,4.395833333333333,52.999999999999986,15.999999999999986,84.99999999999999,15.999999999999986,1,1,1,1,193
replay,9,0.75,1.0,c09_replay_400_0013,8.0,2.173141891891892,4.395833333333333,568.0,234.99999999999997,480.0,242.99999999999997,1,1,1,1,193
replay,9,0.75,0.5,c09_replay_400_0014,53.0833,0.46204270177911605,0.6713766643914166,400.6,400.7336,397.0,397.0,1,1,1,1,26
replay,9,0.75,1.0,c09_replay_400_0014,53.0833,0.46204270177911605,0.6713766643914166,597.0668000000001,590.4004,593.4668,586.6668,1,1,1,1,26
replay,9,0.75,0.5,c09_replay_400_0015,40.0,0.6870251351351352,1.509375,1480.9184,1488.9184,1456.9184,1456.9184,1,1,1,1,47
replay,9,0.75,1.0,c09_replay_400_0015,40.0,0.6870251351351352,1.509375,1480.9184,1488.9184,1456.9184,1456.9184,1,1,1,1,47
replay,9,0.75,0.5,c09_replay_400_0016,56.0,0.37397442084942084,0.7040178571428571,498.99999999999994,498.99999999999994,498.99999999999994,498.99999999999994,1,1,1,1,74
replay,9,0.75,1.0,c09_replay_400_0016,56.0,0.37397442084942084,0.7040178571428571,702.1336,700.0,700.0,700.0,1,1,1,1,74
replay,9,0.75,0.5,c09_replay_400_0017,48.0,0.49443975225225223,0.9592013888888888,1219.0,1196.0,1556.0,1556.0,1,1,1,1,60
replay,9,0.75,1.0,c09_replay_400_0017,48.0,0.49443975225225223,0.9592013888888888,1463.0,1467.0,1813.0,1813.0,1,1,1,1,60
replay,9,0.75,0.5,c09_replay_400_0018,64.0,0.26646959459459457,0.5876736111111112,387.6,384.0,384.0,384.0,1,1,1,1,21
replay,9,0.75,1.0,c09_replay_400_0018,64.0,0.26646959459459457,0.5876736111111112,360.0,360.0,356.0,356.0,1,1,1,1,21
replay,9,0.75,0.5,c09_replay_400_0019,47.25,0.45080795080795083,0.8994708994708994,938.0,938.0,938.0,938.0,1,1,1,1,52
replay,9,0.75,1.0,c09_replay_400_0019,47.25,0.45080795080795083,0.8994708994708994,860.0,860.0,860.0,860.0,1,1,1,1,52
replay,9,0.75,0.5,c09_replay_400_0020,54.6833,0.4209693744634028,0.9715031828730161,617.0000000000001,617.0000000000001,617.0000000000001,617.0000000000001,1,1,1,1,31
replay,9,0.75,1.0,c09_replay_400_0020,54.6833,0.4209693744634028,0.9715031828730161,347.72960000000006,347.72960000000006,347.72960000000006,347.72960000000006,1,1,1,1,31
replay,9,0.75,0.5,c09_replay_400_0021,21.2333,0.8952121482816193,2.119312589187738,172.1996,166.2664,166.2664,166.2664,1,1,1,1,70
replay,9,0.75,1.0,c09_replay_400_0021,21.2333,0.8952121482816193,2.119312589187738,302.0664,294.2664,294.2664,294.2664,1,1,1,1,70
replay,9,0.75,0.5,c09_replay_400_0022,47.2167,0.4992735334881228,1.9543657222974073,1930.796,1964.796,2268.6624,2204.6624,1,1,1,1,38
replay,9,0.75,1.0,c09_replay_400_0022,47.2167,0.4992735334881228,1.9543657222974073,2265.7992000000004,2306.9328000000005,2615.6656000000007,2504.9324000000006,1,1,1,1,38
replay,9,0.75,0.5,c09_replay_400_0023,32.0,0.5414907094594594,1.10234375,360.0,259.2,279.2,273.2,1,1,1,1,24
replay,9,0.75,1.0,c09_replay_400_0023,32.0,0.5414907094594594,1.10234375,589.4,467.59999999999997,495.59999999999997,459.59999999999997,1,1,1,1,24
replay,9,0.75,0.5,c09_replay_400_0024,16.0,1.1657516891891893,2.704861111111111,465.5336,324.5336,413.5336,312.5336,1,1,1,1,85
replay,9,0.75,1.0,c09_replay_400_0024,16.0,1.1657516891891893,2.704861111111111,1027.5336,628.5336,804.5336,568.5336,1,1,1,1,85
replay,9,0.75,0.5,c09_replay_400_0025,47.55,0.5653308324096968,1.1309926393270242,1524.1968000000002,1392.7968,1461.5316000000003,1366.5304,1,1,1,1,29
replay,9,0.75,1.0,c09_replay_400_0025,47.55,0.5653308324096968,1.1309926393270242,1334.5976,1207.464,1275.1316000000002,1163.1968000000002,1,1,1,1,29
replay,9,0.75,0.5,c09_replay_400_0026,48.0,0.40033783783783783,1.046875,181.99999999999997,181.99999999999997,201.99999999999997,181.99999999999997,1,1,1,1,58
replay,9,0.75,1.0,c09_replay_400_0026,48.0,0.40033783783783783,1.046875,233.93319999999997,227.99999999999997,281.9332,227.99999999999997,1,1,1,1,58
replay,9,0.75,0.5,c09_replay_400_0027,64.0,0.3469172297297297,0.629296875,36.0,36.0,36.0,36.0,1,1,1,1,30
replay,9,0.75,1.0,c09_replay_400_0027,64.0,0.3469172297297297,0.629296875,28.0,28.0,28.0,28.0,1,1,1,1,30
replay,9,0.75,0.5,c09_replay_400_0028,32.0,0.7344805743243243,1.40625,236.4,196.00000000000003,222.00000000000003,199.13320000000002,1,1,1,1,221
replay,9,0.75,1.0,c09_replay_400_0028,32.0,0.7344805743243243,1.40625,208.00000000000003,208.00000000000003,198.00000000000003,172.00000000000003,1,1,1,1,221
replay,9,0.75,0.5,c09_replay_400_0029,56.0,0.36371862934362936,0.6473214285714286,364.0,364.0,364.0,364.0,1,1,1,1,28
replay,9,0.75,1.0,c09_replay_400_0029,56.0,0.36371862934362936,0.6473214285714286,364.0,364.0,364.0,364.0,1,1,1,1,28
replay,9,0.75,0.5,c09_replay_400_0030,40.0,0.6430674324324325,1.6586522222222224,3562.3872000000006,2967.3864000000003,4000.0532,2848.3196000000003,1,1,1,1,90
replay,9,0.75,1.0,c09_replay_400_0030,40.0,0.6430674324324325,1.6586522222222224,3250.2536000000005,2516.3868,3593.92,2553.4524000000006,1,1,1,1,90
replay,9,0.75,0.5,c09_replay_400_0031,48.0,0.5200591216216216,1.1834490740740742,1102.0675999999999,1015.6675999999999,1062.4004,1003.4004,1,1,1,1,58
replay,9,0.75,1.0,c09_replay_400_0031,48.0,0.5200591216216216,1.1834490740740742,1285.8011999999999,1175.0004,1238.1339999999998,1203.0004,1,1,1,1,58
replay,9,0.75,0.5,c09_replay_400_0032,8.0,2.2045858108108107,4.602678571428571,32.0,32.0,237.0,32.0,1,1,1,1,168
replay,9,0.75,1.0,c09_replay_400_0032,8.0,2.2045858108108107,4.602678571428571,12.0,12.0,12.0,12.0,1,1,1,1,168
replay,9,0.75,0.5,c09_replay_400_0033,64.0,0.37022060810810814,0.6328125,703.7296,703.7296,703.7296,703.7296,1,1,1,1,27
replay,9,0.75,1.0,c09_replay_400_0033,64.0,0.37022060810810814,0.6328125,400.5,400.5,400.5,400.5,1,1,1,1,27
replay,9,0.75,0.5,c09_replay_400_0034,56.0,0.43740704633204636,1.0016285714285715,615.0,609.0,609.0,609.0,1,1,1,1,46
replay,9,0.75,1.0,c09_replay_400_0034,56.0,0.43740704633204636,1.0016285714285715,415.99999999999994,409.99999999999994,409.99999999999994,409.99999999999994,1,1,1,1,46
replay,9,0.75,0.5,c09_replay_400_0035,62.8167,0.3337928857703058,0.5792868598460106,601.3264,585.3264,601.3264,585.3264,1,1,1,1,26
replay,9,0.75,1.0,c09_replay_400_0035,62.8167,0.3337928857703058,0.5792868598460106,273.8672,254.26720000000006,269.46720000000005,251.2672,1,1,1,1,26
replay,9,0.75,0.5,c09_replay_400_0036,55.3667,0.36269239599038916,0.7066521934664699,151.0,151.0,151.0,151.0,1,1,1,1,24
replay,9,0.75,1.0,c09_replay_400_0036,55.3667,0.36269239599038916,0.7066521934664699,20.0,20.0,20.0,20.0,1,1,1,1,24
replay,9,0.75,0.5,c09_replay_400_0037,96.0,0.2551864301801802,0.6822385416666666,738.0,738.0,770.0,738.0,1,1,1,1,95
replay,9,0.75,1.0,c09_replay_400_0037,96.0,0.2551864301801802,0.6822385416666666,552.7296,552.7296,552.7296,552.7296,1,1,1,1,95
replay,9,0.75,0.5,c09_replay_400_0038,55.4833,0.3109043622134949,0.5846353767710284,44.0,44.0,44.0,44.0,1,1,1,1,14
replay,9,0.75,1.0,c09_replay_400_0038,55.4833,0.3109043622134949,0.5846353767710284,140.0,140.0,140.0,140.0,1,1,1,1,14
replay,9,0.75,0.5,c09_replay_400_0039,48.0,0.4963343468468469,1.1190875,705.1964,703.7296,701.7296,701.7296,1,1,1,1,52
replay,9,0.75,1.0,c09_replay_400_0039,48.0,0.4963343468468469,1.1190875,740.9336000000001,718.0,718.0,718.0,1,1,1,1,52
replay,9,0.5,0.5,c09_replay_400_0000,1310.0167,0.0309821882423331,0.1125345959330137,1701.1960000000008,1525.6960000000008,1892.7624000000005,1573.5624000000016,1,1,1,1,82
replay,9,0.5,1.0,c09_replay_400_0000,1310.0167,0.0309821882423331,0.1125345959330137,1295.9664000000007,1299.9664000000007,1333.8328000000015,1323.8328000000015,1,1,1,1,82
replay,9,0.5,0.5,c09_replay_400_0001,56.0,0.558125,1.6785714285714286,390.0,390.0,390.0,390.0,1,1,1,1,41
replay,9,0.5,1.0,c09_replay_400_0001,56.0,0.558125,1.6785714285714286,757.0,757.0,757.0,757.0,1,1,1,1,41
replay,9,0.5,0.5,c09_replay_400_0002,53.4,0.6214343071161049,0.9410112359550562,412.20000000000005,391.0,406.2,379.0,1,1,1,1,13
replay,9,0.5,1.0,c09_replay_400_0002,53.4,0.6214343071161049,0.9410112359550562,369.20000000000005,338.93360000000007,363.2,338.1336,1,1,1,1,13
replay,9,0.5,0.5,c09_replay_400_0003,48.0,0.6347353333333333,1.5702416666666668,993.8672,1005.8672,1005.8672,1004.0000000000001,1,1,1,1,51
replay,9,0.5,1.0,c09_replay_400_0003,48.0,0.6347353333333333,1.5702416666666668,880.5968,888.7296000000001,892.5968,890.0632,1,1,1,1,51
replay,9,0.5,0.5,c09_replay_400_0004,24.0,1.2519706666666668,3.2203444444444447,348.6672,126.66720000000001,208.6672,130.6672,1,1,1,1,254
replay,9,0.5,1.0,c09_replay_400_0004,24.0,1.2519706666666668,3.2203444444444447,173.6672,130.6672,142.6672,118.66720000000001,1,1,1,1,254
replay,9,0.5,0.5,c09_replay_400_0005,40.0,0.689915,1.3485833333333332,1433.5052,1408.8516,1635.1452,1544.5724,1,1,1,1,54
replay,9,0.5,1.0,c09_replay_400_0005,40.0,0.689915,1.3485833333333332,1394.038,1390.0243999999998,1594.0643999999998,1478.7456000000002,1,1,1,1,54
replay,9,0.5,0.5,c09_replay_400_0006,56.0,0.506591,1.0379464285714286,360.1336,360.1336,360.1336,360.1336,1,1,1,1,77
replay,9,0.5,1.0,c09_replay_400_0006,56.0,0.506591,1.0379464285714286,504.1336,504.1336,504.1336,504.1336,1,1,1,1,77
replay,9,0.5,0.5,c09_replay_400_0007,1.0,20.165,38.6875,106.0,0.0,550.0,0.0,1,1,1,1,362
replay,9,0.5,1.0,c09_replay_400_0007,1.0,20.165,38.6875,455.0,455.0,616.0,616.0,1,1,1,1,362
replay,9,0.5,0.5,c09_replay_400_0008,48.0,0.5032291666666666,1.9934895833333333,1112.5,594.0,1642.5,594.0,1,1,1,1,318
replay,9,0.5,1.0,c09_replay_400_0008,48.0,0.5032291666666666,1.9934895833333333,607.0,594.0,716.5,594.0,1,1,1,1,318
replay,9,0.5,0.5,c09_replay_400_0009,8.0,3.1875,9.03125,565.0,568.0,600.5332,556.8,1,1,1,1,368
replay,9,0.5,1.0,c09_replay_400_0009,8.0,3.1875,9.03125,588.0,558.0,556.8,556.8,1,1,1,1,368
replay,9,0.5,0.5,c09_replay_400_0010,56.0,0.6233035714285714,1.5491071428571428,1040.7324,925.0656,1090.7996,895.1992,1,1,1,1,75
replay,9,0.5,1.0,c09_replay_400_0010,56.0,0.6233035714285714,1.5491071428571428,621.3328,600.5328,1267.4,564.6664,1,1,1,1,75
replay,9,0.5,0.5,c09_replay_400_0011,7.2333,3.3705224448038935,10.25638366997083,2539.5335999999998,160.8,995.8,156.8,1,1,1,1,225
replay,9,0.5,1.0,c09_replay_400_0011,7.2333,3.3705224448038935,10.25638366997083,608.5336,464.8,1291.8,1168.8,1,1,1,1,225
replay,9,0.5,0.5,c09_replay_400_0012,24.0,1.1445833333333333,2.5703125,495.0,339.0,748.0,337.0,1,1,1,1,264
replay,9,0.5,1.0,c09_replay_400_0012,24.0,1.1445833333333333,2.5703125,340.0,343.6,891.0,343.6,1,1,1,1,264
replay,9,0.5,0.5,c09_replay_400_0013,8.0,3.21625,6.59375,274.0,15.999999999999986,524.0,15.999999999999986,1,1,1,1,228
replay,9,0.5,1.0,c09_replay_400_0013,8.0,3.21625,6.59375,1412.0,832.0,1503.0,1043.0,1,1,1,1,228
replay,9,0.5,0.5,c09_replay_400_0014,53.0833,0.6838231986330918,1.007064996587125,451.1336,417.5328,410.8664,410.8664,1,1,1,1,29
replay,9,0.5,1.0,c09_replay_400_0014,53.0833,0.6838231986330918,1.007064996587125,666.1336,624.0,643.0663999999999,607.8664,1,1,1,1,29
replay,9,0.5,0.5,c09_replay_400_0015,40.0,1.0167972,2.6125,1689.9184,1697.9184,1861.9184,1577.9184,1,1,1,1,60
replay,9,0.5,1.0,c09_replay_400_0015,40.0,1.0167972,2.6125,1789.7856,1839.7856000000002,1909.9184,1727.9184,1,1,1,1,60
replay,9,0.5,0.5,c09_replay_400_0016,56.0,0.5534821428571428,1.0057397959183674,525.8,518.8672,505.9336,514.8672,1,1,1,1,74
replay,9,0.5,1.0,c09_replay_400_0016,56.0,0.5534821428571428,1.0057397959183674,726.0,722.0008000000001,716.4000000000001,715.8672000000001,1,1,1,1,74
replay,9,0.5,0.5,c09_replay_400_0017,48.0,0.7317708333333334,1.4388020833333333,1900.0668,1871.2004000000002,3931.2004,3925.2004,1,1,1,1,72
replay,9,0.5,1.0,c09_replay_400_0017,48.0,0.7317708333333334,1.4388020833333333,2181.0668,2181.2004,4285.2004,4283.2004,1,1,1,1,72
replay,9,0.5,0.5,c09_replay_400_0018,64.0,0.394375,0.8815104166666666,408.4,384.5336,400.4,384.5336,1,1,1,1,24
replay,9,0.5,1.0,c09_replay_400_0018,64.0,0.394375,0.8815104166666666,366.5336,366.5336,356.5336,356.5336,1,1,1,1,24
replay,9,0.5,0.5,c09_replay_400_0019,47.25,0.6671957671957672,1.2849584278155706,963.3328000000001,963.3328000000001,959.3328000000001,959.3328000000001,1,1,1,1,65
replay,9,0.5,1.0,c09_replay_400_0019,47.25,0.6671957671957672,1.2849584278155706,892.7992000000002,892.7992000000002,886.7992000000002,886.7992000000002,1,1,1,1,65
replay,9,0.5,0.5,c09_replay_400_0020,54.6833,0.6230346742058362,1.9430063657460321,676.0664000000002,662.0664000000002,673.3996000000002,673.3996000000002,1,1,1,1,32
replay,9,0.5,1.0,c09_replay_400_0020,54.6833,0.6230346742058362,1.9430063657460321,428.79600000000005,426.79600000000005,454.1292000000001,454.1292000000001,1,1,1,1,32
replay,9,0.5,0.5,c09_replay_400_0021,21.2333,1.3249139794567968,2.3118322903848467,317.866,168.2664,282.26599999999996,168.2664,1,1,1,1,107
replay,9,0.5,1.0,c09_replay_400_0021,21.2333,1.3249139794567968,2.3118322903848467,723.1327999999999,296.2664,474.8664,310.2664,1,1,1,1,107
replay,9,0.5,0.5,c09_replay_400_0022,47.2167,0.7389248295624218,2.6058209630632096,2984.5296,2750.1295999999998,3223.9888,3136.6296,1,1,1,1,44
replay,9,0.5,1.0,c09_replay_400_0022,47.2167,0.7389248295624218,2.6058209630632096,3773.5999999999995,2866.0,4119.5592,3824.7999999999997,1,1,1,1,44
replay,9,0.5,0.5,c09_replay_400_0023,32.0,0.80140625,1.5747767857142858,529.0,337.2,461.0,311.2,1,1,1,1,65
replay,9,0.5,1.0,c09_replay_400_0023,32.0,0.80140625,1.5747767857142858,813.4000000000001,563.5999999999999,759.3999999999999,523.5999999999999,1,1,1,1,65
replay,9,0.5,0.5,c09_replay_400_0024,16.0,1.7253125,4.057291666666667,738.5336,352.5336,764.5336,328.5336,1,1,1,1,119
replay,9,0.5,1.0,c09_replay_400_0024,16.0,1.7253125,4.057291666666667,2037.5336,1246.5336,1705.5336,1243.5336,1,1,1,1,119
replay,9,0.5,0.5,c09_replay_400_0025,47.55,0.8366896319663513,1.6596565019277956,3199.2632000000003,2259.596,3433.862399999999,2415.5284000000006,1,1,1,1,68
replay,9,0.5,1.0,c09_replay_400_0025,47.55,0.8366896319663513,1.6596565019277956,2964.3964,2046.4298,3012.0616,2257.5284000000006,1,1,1,1,68
replay,9,0.5,0.5,c09_replay_400_0026,48.0,0.5925,1.046875,181.99999999999997,181.99999999999997,201.99999999999997,181.99999999999997,1,1,1,1,64
replay,9,0.5,1.0,c09_replay_400_0026,48.0,0.5925,1.046875,241.93319999999997,235.99999999999997,281.9332,227.99999999999997,1,1,1,1,64
replay,9,0.5,0.5,c09_replay_400_0027,64.0,0.5134375,0.94921875,36.0,36.0,36.0,36.0,1,1,1,1,32
replay,9,0.5,1.0,c09_replay_400_0027,64.0,0.5134375,0.94921875,32.0,28.0,30.333200000000033,28.0,1,1,1,1,32
replay,9,0.5,0.5,c09_replay_400_0028,32.0,1.08703125,1.734375,508.53319999999997,328.0,568.6,296.0,1,1,1,1,222
replay,9,0.5,1.0,c09_replay_400_0028,32.0,1.08703125,1.734375,286.1332,283.0,507.8668,381.0,1,1,1,1,222
replay,9,0.5,0.5,c09_replay_400_0029,56.0,0.5383035714285714,1.2946428571428572,372.0,368.0,368.0,368.0,1,1,1,1,30
replay,9,0.5,1.0,c09_replay_400_0029,56.0,0.5383035714285714,1.2946428571428572,376.33320000000003,368.0,372.0,368.0,1,1,1,1,30
replay,9,0.5,0.5,c09_replay_400_0030,40.0,0.9517398,2.49375,6427.9546,5221.0536,8369.1532,6272.6212,1,1,1,1,102
replay,9,0.5,1.0,c09_replay_400_0030,40.0,0.9517398,2.49375,5805.854800000001,4302.0536,7385.786800000001,5138.9204,1,1,1,1,102
replay,9,0.5,0.5,c09_replay_400_0031,48.0,0.7696875,1.7751736111111112,1886.2003999999997,1394.0668,2000.1331999999998,1366.2004,1,1,1,1,93
replay,9,0.5,1.0,c09_replay_400_0031,48.0,0.7696875,1.7751736111111112,2375.5004,1826.0004,2533.8668,2019.8668000000002,1,1,1,1,93
replay,9,0.5,0.5,c09_replay_400_0032,8.0,3.2627870000000003,8.0546875,51.0,32.0,876.0,32.0,1,1,1,1,207
replay,9,0.5,1.0,c09_replay_400_0032,8.0,3.2627870000000003,8.0546875,63.0,63.0,56.0,56.0,1,1,1,1,207
replay,9,0.5,0.5,c09_replay_400_0033,64.0,0.5479265,0.9040178571428571,714.9966,703.7296,709.7296,703.7296,1,1,1,1,32
replay,9,0.5,1.0,c09_replay_400_0033,64.0,0.5479265,0.9040178571428571,417.0336,400.5,402.7668,400.5,1,1,1,1,32
replay,9,0.5,0.5,c09_replay_400_0034,56.0,0.6473624285714286,1.335504761904762,866.0668000000001,693.6668,793.2004,770.3336000000002,1,1,1,1,55
replay,9,0.5,1.0,c09_replay_400_0034,56.0,0.6473624285714286,1.335504761904762,675.2,520.2,605.7335999999999,589.8668,1,1,1,1,55
replay,9,0.5,0.5,c09_replay_400_0035,62.8167,0.4940134709400526,0.8689302897690158,649.726,668.7927999999999,673.3928000000001,664.1263999999999,1,1,1,1,32
replay,9,0.5,1.0,c09_replay_400_0035,62.8167,0.4940134709400526,0.8689302897690158,374.66679999999997,320.6671999999999,383.6003999999999,291.66679999999997,1,1,1,1,32
replay,9,0.5,0.5,c09_replay_400_0036,55.3667,0.536784746065776,0.9637045888077644,167.0,155.0,155.0,151.0,1,1,1,1,30
replay,9,0.5,1.0,c09_replay_400_0036,55.3667,0.536784746065776,0.9637045888077644,36.0,20.0,24.0,20.0,1,1,1,1,30
replay,9,0.5,0.5,c09_replay_400_0037,96.0,0.3776759166666667,1.1145833333333333,877.0,738.0,1321.5,738.0,1,1,1,1,130
replay,9,0.5,1.0,c09_replay_400_0037,96.0,0.3776759166666667,1.1145833333333333,552.7296,552.7296,553.7296,552.7296,1,1,1,1,130
replay,9,0.5,0.5,c09_replay_400_0038,55.4833,0.4601384560759724,0.7795138356947044,44.0,44.0,44.0,44.0,1,1,1,1,14
replay,9,0.5,1.0,c09_replay_400_0038,55.4833,0.4601384560759724,0.7795138356947044,146.66719999999998,146.66719999999998,140.53359999999998,140.53359999999998,1,1,1,1,14
replay,9,0.5,0.5,c09_replay_400_0039,48.0,0.7345748333333334,1.4921166666666668,792.0630000000001,714.463,788.396,738.7296,1,1,1,1,67
replay,9,0.5,1.0,c09_replay_400_0039,48.0,0.7345748333333334,1.4921166666666668,1100.2,798.6,905.8664,798.6,1,1,1,1,67
replay,9,0.35,0.5,c09_replay_400_0000,1310.0167,0.043030817003240414,0.2250691918660274,2481.355200000002,1998.3552000000018,3546.610400000002,2005.2216000000026,1,1,1,1,111
replay,9,0.35,1.0,c09_replay_400_0000,1310.0167,0.043030817003240414,0.2250691918660274,2183.584800000002,1953.3552000000018,3106.680800000003,2348.5472000000036,1,1,1,1,111
replay,9,0.35,0.5,c09_replay_400_0001,56.0,0.7751736111111112,1.8303571428571428,908.8,803.1333999999999,944.8667999999999,799.1333999999999,1,1,1,1,58
replay,9,0.35,1.0,c09_replay_400_0001,56.0,0.7751736111111112,1.8303571428571428,1492.6668,1416.6668,1971.9335999999998,1402.6668,1,1,1,1,58
replay,9,0.35,0.5,c09_replay_400_0002,53.4,0.8631032043279235,1.3985468164794008,567.0,451.2672,539.4004,414.06719999999996,1,1,1,1,31
replay,9,0.35,1.0,c09_replay_400_0002,53.4,0.8631032043279235,1.3985468164794008,516.0,385.06720000000007,481.53360000000004,372.80000000000007,1,1,1,1,31
replay,9,0.35,0.5,c09_replay_400_0003,48.0,0.8815768518518519,2.3553625,1425.5336,1310.1324,1425.9294,1327.1293999999998,1,1,1,1,87
replay,9,0.35,1.0,c09_replay_400_0003,48.0,0.8815768518518519,2.3553625,1339.4632,1241.2628,1315.9922,1216.0585999999998,1,1,1,1,87
replay,9,0.35,0.5,c09_replay_400_0004,24.0,1.7388481481481481,4.830516666666667,1143.934,150.6672,640.934,166.6672,1,1,1,1,271
replay,9,0.35,1.0,c09_replay_400_0004,24.0,1.7388481481481481,4.830516666666667,595.934,132.6672,248.93400000000003,132.6672,1,1,1,1,271
replay,9,0.35,0.5,c09_replay_400_0005,40.0,0.9582152777777777,2.022875,2071.1172,1795.4644,2413.9048000000003,1988.3704000000002,1,1,1,1,96
replay,9,0.35,1.0,c09_replay_400_0005,40.0,0.9582152777777777,2.022875,1873.3167999999998,1711.6496,2060.9572,1783.3844,1,1,1,1,96
replay,9,0.35,0.5,c09_replay_400_0006,56.0,0.7035986111111111,2.075892857142857,586.7339999999999,563.2004000000002,1006.0668000000001,903.8668000000001,1,1,1,1,84
replay,9,0.35,1.0,c09_replay_400_0006,56.0,0.7035986111111111,2.075892857142857,608.7339999999999,611.0004000000001,841.8000000000001,773.8664000000001,1,1,1,1,84
replay,9,0.35,0.5,c09_replay_400_0007,1.0,28.006944444444443,51.583333333333336,339.0,0.0,1941.0,0.0,1,1,1,1,370
replay,9,0.35,1.0,c09_replay_400_0007,1.0,28.006944444444443,51.583333333333336,1197.0,1177.0,1899.0,1897.0,1,1,1,1,370
replay,9,0.35,0.5,c09_replay_400_0008,48.0,0.6989293981481481,2.657986111111111,1613.5,610.0,2977.0,602.0,1,1,1,1,318
replay,9,0.35,1.0,c09_replay_400_0008,48.0,0.6989293981481481,2.657986111111111,862.0,658.0,2056.5,809.5,1,1,1,1,318
replay,9,0.35,0.5,c09_replay_400_0009,8.0,4.427083333333333,12.041666666666666,716.1999999999999,606.8,836.8666000000001,596.8,1,1,1,1,368
replay,9,0.35,1.0,c09_replay_400_0009,8.0,4.427083333333333,12.041666666666666,909.8,596.8,730.1330000000003,596.8,1,1,1,1,368
replay,9,0.35,0.5,c09_replay_400_0010,56.0,0.8656994047619048,2.3236607142857144,1597.0313999999998,1050.2664000000002,1788.4662,1165.5672000000002,1,1,1,1,90
replay,9,0.35,1.0,c09_replay_400_0010,56.0,0.8656994047619048,2.3236607142857144,1150.6313999999998,974.8990000000002,2878.5648,1112.498,1,1,1,1,90
replay,9,0.35,0.5,c09_replay_400_0011,7.2333,4.681281173338741,13.675178226627773,4330.0336,176.8,1955.8,162.8,1,1,1,1,249
replay,9,0.35,1.0,c09_replay_400_0011,7.2333,4.681281173338741,13.675178226627773,1609.0336,826.8,2506.8,2251.8,1,1,1,1,249
replay,9,0.35,0.5,c09_replay_400_0012,24.0,1.5896990740740742,3.4270833333333335,564.8,351.6664,1167.6664,353.6664,1,1,1,1,269
replay,9,0.35,1.0,c09_replay_400_0012,24.0,1.5896990740740742,3.4270833333333335,377.9336,400.8,1452.8,396.8,1,1,1,1,269
replay,9,0.35,0.5,c09_replay_400_0013,8.0,4.467013888888889,9.890625,832.5,15.999999999999986,1568.0,15.999999999999986,1,1,1,1,255
replay,9,0.35,1.0,c09_replay_400_0013,8.0,4.467013888888889,9.890625,3004.0,1857.0,3863.0,3207.0,1,1,1,1,255
replay,9,0.35,0.5,c09_replay_400_0014,53.0833,0.9497544425459608,1.6954484743789477,875.9996000000001,533.866,672.2660000000001,511.99960000000004,1,1,1,1,81
replay,9,0.35,1.0,c09_replay_400_0014,53.0833,0.9497544425459608,1.6954484743789477,1079.2,668.1996000000001,902.5324,662.3324,1,1,1,1,81
replay,9,0.35,0.5,c09_replay_400_0015,40.0,1.4122183333333334,3.01875,2541.5191999999997,2153.7856,3502.1852000000003,2840.5856,1,1,1,1,93
replay,9,0.35,1.0,c09_replay_400_0015,40.0,1.4122183333333334,3.01875,3287.5856,2584.1848,4316.852000000001,3933.452,1,1,1,1,93
replay,9,0.35,0.5,c09_replay_400_0016,56.0,0.7687251984126984,1.4319196428571428,876.6012,569.0008000000001,825.6676,544.0008000000001,1,1,1,1,90
replay,9,0.35,1.0,c09_replay_400_0016,56.0,0.7687251984126984,1.4319196428571428,1107.002,797.0004000000004,1057.1352,803.4672000000002,1,1,1,1,90
replay,9,0.35,0.5,c09_replay_400_0017,48.0,1.0163483796296295,1.9184027777777777,2822.6664,2769.0,6638.4672,6594.6664,1,1,1,1,94
replay,9,0.35,1.0,c09_replay_400_0017,48.0,1.0163483796296295,1.9184027777777777,3165.6664,3043.8672,7078.4672,7037.3332,1,1,1,1,94
replay,9,0.35,0.5,c09_replay_400_0018,64.0,0.5477430555555556,1.322265625,452.99960000000004,411.9328,433.7988,405.33240000000006,1,1,1,1,28
replay,9,0.35,1.0,c09_replay_400_0018,64.0,0.5477430555555556,1.322265625,439.00000000000006,404.0660000000001,397.79920000000004,393.3320000000001,1,1,1,1,28
replay,9,0.35,0.5,c09_replay_400_0019,47.25,0.9266607877718989,1.7989417989417988,1106.5320000000002,1026.9320000000002,1032.7992000000002,1017.0656000000001,1,1,1,1,73
replay,9,0.35,1.0,c09_replay_400_0019,47.25,0.9266607877718989,1.7989417989417988,969.8648000000002,964.9320000000001,944.6656000000002,941.3320000000001,1,1,1,1,73
replay,9,0.35,0.5,c09_replay_400_0020,54.6833,0.8653259363969946,1.9430063657460321,759.3332,692.2664000000001,755.5996000000001,692.8664000000001,1,1,1,1,48
replay,9,0.35,1.0,c09_replay_400_0020,54.6833,0.8653259363969946,1.9430063657460321,443.32879999999994,378.2624,443.3292,383.32920000000007,1,1,1,1,48
replay,9,0.35,0.5,c09_replay_400_0021,21.2333,1.8401583048011068,3.850084537024391,1531.9328,198.4,1442.7995999999998,204.4,1,1,1,1,160
replay,9,0.35,1.0,c09_replay_400_0021,21.2333,1.8401583048011068,3.850084537024391,3665.3332,959.0664,2828.6668000000004,1281.2667999999999,1,1,1,1,160
replay,9,0.35,0.5,c09_replay_400_0022,47.2167,1.0262844855033635,3.9087314445948147,5401.028,4830.678400000001,6668.483600000001,6325.087200000001,1,1,1,1,82
replay,9,0.35,1.0,c09_replay_400_0022,47.2167,1.0262844855033635,3.9087314445948147,6576.6172,5638.078400000001,8054.513600000001,7525.1759999999995,1,1,1,1,82
replay,9,0.35,0.5,c09_replay_400_0023,32.0,1.1130642361111112,2.2046875,1220.2,483.2,1190.0,504.2,1,1,1,1,105
replay,9,0.35,1.0,c09_replay_400_0023,32.0,1.1130642361111112,2.2046875,1723.6,871.8,1643.3999999999999,923.3999999999999,1,1,1,1,105
replay,9,0.35,0.5,c09_replay_400_0024,16.0,2.396267361111111,6.0859375,1380.0336,412.5336,1548.0336,318.5336,1,1,1,1,151
replay,9,0.35,1.0,c09_replay_400_0024,16.0,2.396267361111111,6.0859375,3865.5335999999998,2213.5335999999998,3382.5335999999998,2780.5335999999998,1,1,1,1,151
replay,9,0.35,0.5,c09_replay_400_0025,47.55,1.162068933286599,2.489484752891693,6239.894400000002,2580.4984000000004,6207.336400000001,3849.8980000000015,1,1,1,1,126
replay,9,0.35,1.0,c09_replay_400_0025,47.55,1.162068933286599,2.489484752891693,6802.928200000001,3135.5656000000004,6542.27,5172.098799999999,1,1,1,1,126
replay,9,0.35,0.5,c09_replay_400_0026,48.0,0.8229166666666666,1.4765625,207.5332,190.5332,286.6,190.5332,1,1,1,1,76
replay,9,0.35,1.0,c09_replay_400_0026,48.0,0.8229166666666666,1.4765625,311.46639999999996,299.53319999999997,405.5332,347.53319999999997,1,1,1,1,76
replay,9,0.35,0.5,c09_replay_400_0027,64.0,0.7131076388888888,1.25859375,41.733600000000024,37.733600000000024,45.733600000000024,36.0,1,1,1,1,50
replay,9,0.35,1.0,c09_replay_400_0027,64.0,0.7131076388888888,1.25859375,91.66680000000005,29.733600000000024,68.59960000000001,28.333200000000033,1,1,1,1,50
replay,9,0.35,0.5,c09_replay_400_0028,32.0,1.509765625,2.37734375,1217.734,806.1335999999999,1824.3999999999996,736.7335999999999,1,1,1,1,227
replay,9,0.35,1.0,c09_replay_400_0028,32.0,1.509765625,2.37734375,882.334,844.0003999999999,2540.2667999999994,1193.7336,1,1,1,1,227
replay,9,0.35,0.5,c09_replay_400_0029,56.0,0.7476438492063492,1.2946428571428572,460.4668,428.0,452.734,394.5336,1,1,1,1,56
replay,9,0.35,1.0,c09_replay_400_0029,56.0,0.7476438492063492,1.2946428571428572,556.7336,397.06719999999996,591.7339999999999,406.5336,1,1,1,1,56
replay,9,0.35,0.5,c09_replay_400_0030,40.0,1.3218608333333335,3.7319675000000005,9417.187800000003,6869.051999999999,13303.205399999999,9967.785600000003,1,1,1,1,140
replay,9,0.35,1.0,c09_replay_400_0030,40.0,1.3218608333333335,3.7319675000000005,9084.6214,6053.218800000001,12128.775999999998,8470.652399999999,1,1,1,1,140
replay,9,0.35,0.5,c09_replay_400_0031,48.0,1.0690104166666667,2.6627604166666665,3569.0668,3026.5668,4677.3664,3819.5664,1,1,1,1,119
replay,9,0.35,1.0,c09_replay_400_0031,48.0,1.0690104166666667,2.6627604166666665,5087.866800000001,3683.8668,5695.7332,5117.9331999999995,1,1,1,1,119
replay,9,0.35,0.5,c09_replay_400_0032,8.0,4.531648611111112,10.739583333333334,172.0,32.0,1678.6332,32.0,1,1,1,1,235
replay,9,0.35,1.0,c09_replay_400_0032,8.0,4.531648611111112,10.739583333333334,160.0,160.0,542.5,433.0,1,1,1,1,235
replay,9,0.35,0.5,c09_replay_400_0033,64.0,0.7610090277777778,1.265625,897.8294000000001,722.2294,874.6297999999998,735.1626,1,1,1,1,67
replay,9,0.35,1.0,c09_replay_400_0033,64.0,0.7610090277777778,1.265625,645.6999999999999,413.1668,582.7004,416.23319999999995,1,1,1,1,67
replay,9,0.35,0.5,c09_replay_400_0034,56.0,0.8991144841269841,2.003257142857143,1247.2672,883.7340000000002,1121.9928,722.7340000000002,1,1,1,1,66
replay,9,0.35,1.0,c09_replay_400_0034,56.0,0.8991144841269841,2.003257142857143,1213.0012000000002,808.0008,913.2004000000001,651.2672,1,1,1,1,66
replay,9,0.35,0.5,c09_replay_400_0035,62.8167,0.6861298207500731,1.3033954346535237,1216.192,827.3919999999999,1085.992,875.4587999999999,1,1,1,1,51
replay,9,0.35,1.0,c09_replay_400_0035,62.8167,0.6861298207500731,1.3033954346535237,1024.8663999999999,521.6664,890.8663999999999,553.1331999999999,1,1,1,1,51
replay,9,0.35,0.5,c09_replay_400_0036,55.3667,0.7455343695358,1.4133043869329398,284.6,173.79999999999998,260.6,161.53359999999998,1,1,1,1,79
replay,9,0.35,1.0,c09_replay_400_0036,55.3667,0.7455343695358,1.4133043869329398,141.5332,38.79999999999998,96.0,92.0,1,1,1,1,79
replay,9,0.35,0.5,c09_replay_400_0037,96.0,0.5245498842592593,1.4861111111111112,1262.0,774.0,1987.2296000000001,747.5,1,1,1,1,155
replay,9,0.35,1.0,c09_replay_400_0037,96.0,0.5245498842592593,1.4861111111111112,604.7296,588.7296,631.2296,560.7296,1,1,1,1,155
replay,9,0.35,0.5,c09_replay_400_0038,55.4833,0.6390811889944061,1.1692707535420568,82.0,44.0,82.0,44.0,1,1,1,1,40
replay,9,0.35,1.0,c09_replay_400_0038,55.4833,0.6390811889944061,1.1692707535420568,247.3336,177.73359999999997,291.66679999999997,149.80039999999997,1,1,1,1,40
replay,9,0.35,0.5,c09_replay_400_0039,48.0,1.0202428240740742,2.238175,1164.696,928.6955999999999,1021.3295999999999,846.1292,1,1,1,1,90
replay,9,0.35,1.0,c09_replay_400_0039,48.0,1.0202428240740742,2.238175,2033.3995999999997,1266.1992,1743.2659999999998,1243.2656,1,1,1,1,90
replay,9,0.25,0.5,c09_replay_400_0000,1310.0167,0.05532533614702339,0.2250691918660274,3429.2216000000026,2106.6880000000033,5145.610400000002,2017.0880000000034,1,1,1,1,138
replay,9,0.25,1.0,c09_replay_400_0000,1310.0167,0.05532533614702339,0.2250691918660274,2920.8012000000026,2133.4552000000017,5620.680800000002,2730.6472000000035,1,1,1,1,138
replay,9,0.25,0.5,c09_replay_400_0001,56.0,0.9966517857142857,1.8303571428571428,961.5999999999999,817.2669999999999,968.6671999999999,805.2669999999999,1,1,1,1,88
replay,9,0.25,1.0,c09_replay_400_0001,56.0,0.9966517857142857,1.8303571428571428,1525.8667999999998,1445.6003999999998,1978.0672,1412.8003999999999,1,1,1,1,88
replay,9,0.25,0.5,c09_replay_400_0002,53.4,1.1097041198501874,1.8820224719101124,1145.7331999999997,605.3335999999999,1108.5328,556.5999999999999,1,1,1,1,50
replay,9,0.25,1.0,c09_replay_400_0002,53.4,1.1097041198501874,1.8820224719101124,897.5333999999999,499.0664,1235.1663999999996,485.0672,1,1,1,1,50
replay,9,0.25,0.5,c09_replay_400_0003,48.0,1.1334559523809524,2.3553625,1978.5323999999998,1481.2004,1932.4633999999996,1407.6626,1,1,1,1,142
replay,9,0.25,1.0,c09_replay_400_0003,48.0,1.1334559523809524,2.3553625,2099.9287999999997,1463.9292,2024.6602000000003,1418.4593999999997,1,1,1,1,142
replay,9,0.25,0.5,c09_replay_400_0004,24.0,2.235661904761905,4.993055555555555,2118.434,339.6672,1536.934,331.6672,1,1,1,1,283
replay,9,0.25,1.0,c09_replay_400_0004,24.0,2.235661904761905,4.993055555555555,1374.434,371.934,937.934,354.934,1,1,1,1,283
replay,9,0.25,0.5,c09_replay_400_0005,40.0,1.2319910714285713,2.15,3064.718,1904.0644,3416.7059999999997,2035.1044000000002,1,1,1,1,151
replay,9,0.25,1.0,c09_replay_400_0005,40.0,1.2319910714285713,2.15,2963.0507999999995,2309.0516,3187.9592000000007,2032.3183999999999,1,1,1,1,151
replay,9,0.25,0.5,c09_replay_400_0006,56.0,0.9046267857142857,2.075892857142857,648.3340000000001,578.2676000000001,1035.2667999999999,922.9340000000001,1,1,1,1,87
replay,9,0.25,1.0,c09_replay_400_0006,56.0,0.9046267857142857,2.075892857142857,700.2004,658.7339999999999,889.2664,802.2664000000001,1,1,1,1,87
replay,9,0.25,0.5,c09_replay_400_0007,1.0,36.00892857142857,77.375,1055.0,108.0,4945.0,155.0,1,1,1,1,381
replay,9,0.25,1.0,c09_replay_400_0007,1.0,36.00892857142857,77.375,3204.0,3122.0,5313.0,5279.0,1,1,1,1,381
replay,9,0.25,0.5,c09_replay_400_0008,48.0,0.8986235119047619,3.9869791666666665,3678.85,1014.35,6251.5,1829.0,1,1,1,1,318
replay,9,0.25,1.0,c09_replay_400_0008,48.0,0.8986235119047619,3.9869791666666665,2662.85,1617.1,5408.0,3287.85,1,1,1,1,318
replay,9,0.25,0.5,c09_replay_400_0009,8.0,5.691964285714286,18.0625,1080.5996,820.8,1581.4666,874.7331999999998,1,1,1,1,368
replay,9,0.25,1.0,c09_replay_400_0009,8.0,5.691964285714286,18.0625,1356.6,740.5999999999999,1557.9664000000002,797.3999999999999,1,1,1,1,368
replay,9,0.25,0.5,c09_replay_400_0010,56.0,1.1130420918367347,2.3236607142857144,2088.9650000000006,1402.6663999999998,2463.5326000000005,1754.9664000000002,1,1,1,1,118
replay,9,0.25,1.0,c09_replay_400_0010,56.0,1.1130420918367347,2.3236607142857144,1784.0982,1281.8990000000003,3736.432,1603.2984000000001,1,1,1,1,118
replay,9,0.25,0.5,c09_replay_400_0011,7.2333,6.018790080006952,20.51276733994166,10450.533599999999,230.15,4171.3,324.3,1,1,1,1,278
replay,9,0.25,1.0,c09_replay_400_0011,7.2333,6.018790080006952,20.51276733994166,8486.533599999999,1764.8999999999999,5554.8,4706.8,1,1,1,1,278
replay,9,0.25,0.5,c09_replay_400_0012,24.0,2.0438988095238093,5.140625,966.5996,441.6664,2828.5996,559.1664000000001,1,1,1,1,277
replay,9,0.25,1.0,c09_replay_400_0012,24.0,2.0438988095238093,5.140625,641.7332,549.8,3315.2332,720.8,1,1,1,1,277
replay,9,0.25,0.5,c09_replay_400_0013,8.0,5.743303571428571,13.1875,1840.0,87.99999999999999,3655.2332,92.7332,1,1,1,1,276
replay,9,0.25,1.0,c09_replay_400_0013,8.0,5.743303571428571,13.1875,5507.0,3724.0,8017.4664,7173.4664,1,1,1,1,276
replay,9,0.25,0.5,c09_replay_400_0014,53.0833,1.2211128547019496,2.01412999317425,1564.0662000000002,676.9331999999999,1351.5992,642.9331999999999,1,1,1,1,109
replay,9,0.25,1.0,c09_replay_400_0014,53.0833,1.2211128547019496,2.01412999317425,2086.2660000000005,936.9328,1722.9324000000001,837.9992000000001,1,1,1,1,109
replay,9,0.25,0.5,c09_replay_400_0015,40.0,1.8157092857142858,5.225,3493.1188,2425.1848,5281.9021,4366.327700000001,1,1,1,1,142
replay,9,0.25,1.0,c09_replay_400_0015,40.0,1.8157092857142858,5.225,4816.252,4026.7848,7366.0369,6216.636100000002,1,1,1,1,142
replay,9,0.25,0.5,c09_replay_400_0016,56.0,0.9883609693877551,1.9092261904761905,2340.6672,916.1336,2186.4008,1317.4672,1,1,1,1,120
replay,9,0.25,1.0,c09_replay_400_0016,56.0,0.9883609693877551,1.9092261904761905,2440.4008,1208.6676000000002,2350.7344000000003,1459.9344,1,1,1,1,120
replay,9,0.25,0.5,c09_replay_400_0017,48.0,1.306733630952381,2.8776041666666665,5103.067,4988.3664,12635.2668,12314.833200000001,1,1,1,1,124
replay,9,0.25,1.0,c09_replay_400_0017,48.0,1.306733630952381,2.8776041666666665,5646.266799999999,5225.6004,13103.1332,12844.266800000001,1,1,1,1,124
replay,9,0.25,0.5,c09_replay_400_0018,64.0,0.7042410714285714,1.7630208333333333,664.266,472.99959999999993,627.1991999999999,494.7328,1,1,1,1,30
replay,9,0.25,1.0,c09_replay_400_0018,64.0,0.7042410714285714,1.7630208333333333,719.8664,535.0664,614.7327999999999,515.5332000000001,1,1,1,1,30
replay,9,0.25,0.5,c09_replay_400_0019,47.25,1.1914210128495843,2.248677248677249,1564.5987999999998,1080.2656000000002,1298.1324,1039.5984,1,1,1,1,120
replay,9,0.25,1.0,c09_replay_400_0019,47.25,1.1914210128495843,2.248677248677249,1541.5988,1050.9320000000002,1365.8656000000003,982.7992000000002,1,1,1,1,120
replay,9,0.25,0.5,c09_replay_400_0020,54.6833,1.1125619182247075,3.8860127314920643,1832.8832,1682.4168,1837.7668,1701.8332000000003,1,1,1,1,88
replay,9,0.25,1.0,c09_replay_400_0020,54.6833,1.1125619182247075,3.8860127314920643,1263.746,1067.346,1264.5624000000003,1118.296,1,1,1,1,88
replay,9,0.25,0.5,c09_replay_400_0021,21.2333,2.365917820458565,4.045706508173482,1658.9328,252.8,1840.7995999999998,252.8,1,1,1,1,209
replay,9,0.25,1.0,c09_replay_400_0021,21.2333,2.365917820458565,4.045706508173482,3914.3332000000005,1012.4663999999999,3033.6668000000004,1336.6668,1,1,1,1,209
replay,9,0.25,0.5,c09_replay_400_0022,47.2167,1.3195086242186103,3.9087314445948147,5632.028,5036.5452000000005,6967.950800000001,6574.954400000001,1,1,1,1,112
replay,9,0.25,1.0,c09_replay_400_0022,47.2167,1.3195086242186103,3.9087314445948147,6874.350399999999,5917.412000000001,8384.446800000002,7852.509600000001,1,1,1,1,112
replay,9,0.25,0.5,c09_replay_400_0023,32.0,1.4310825892857142,2.755859375,2069.0,738.0,2429.2,859.5332,1,1,1,1,133
replay,9,0.25,1.0,c09_replay_400_0023,32.0,1.4310825892857142,2.755859375,2787.4,1307.4,2750.6000000000004,1686.6000000000001,1,1,1,1,133
replay,9,0.25,0.5,c09_replay_400_0024,16.0,3.0809151785714284,8.114583333333334,2341.5335999999998,519.5336,2852.0335999999998,488.86699999999996,1,1,1,1,198
replay,9,0.25,1.0,c09_replay_400_0024,16.0,3.0809151785714284,8.114583333333334,6051.5336,3349.5335999999998,5745.5336,5159.7338,1,1,1,1,198
replay,9,0.25,0.5,c09_replay_400_0025,47.55,1.4940886285113417,3.319313003855591,9589.2258,4277.930200000001,10457.267800000001,6983.030800000002,1,1,1,1,173
replay,9,0.25,1.0,c09_replay_400_0025,47.55,1.4940886285113417,3.319313003855591,10419.493200000003,5119.830400000001,10937.235400000003,8477.162600000001,1,1,1,1,173
replay,9,0.25,0.5,c09_replay_400_0026,48.0,1.0580357142857142,1.96875,640.066,286.7328,771.3324,255.3992,1,1,1,1,104
replay,9,0.25,1.0,c09_replay_400_0026,48.0,1.0580357142857142,1.96875,1122.8656,710.3992,1329.9319999999998,1055.0656,1,1,1,1,104
replay,9,0.25,0.5,c09_replay_400_0027,64.0,0.9168526785714286,1.8984375,207.13439999999997,79.0,286.86799999999994,94.0,1,1,1,1,81
replay,9,0.25,1.0,c09_replay_400_0027,64.0,0.9168526785714286,1.8984375,427.56719999999996,90.13359999999994,754.8679999999999,66.79999999999995,1,1,1,1,81
replay,9,0.25,0.5,c09_replay_400_0028,32.0,1.9411272321428572,3.396205357142857,2510.3342,903.134,4287.4344,873.9339999999999,1,1,1,1,244
replay,9,0.25,1.0,c09_replay_400_0028,32.0,1.9411272321428572,3.396205357142857,2045.1336000000001,1182.5342,7195.034000000001,2007.0341999999998,1,1,1,1,244
replay,9,0.25,0.5,c09_replay_400_0029,56.0,0.9612563775510204,1.5133928571428572,699.534,434.66679999999997,550.8671999999999,410.5336,1,1,1,1,85
replay,9,0.25,1.0,c09_replay_400_0029,56.0,0.9612563775510204,1.5133928571428572,879.2675999999999,513.0676,800.0007999999999,568.0007999999999,1,1,1,1,85
replay,9,0.25,0.5,c09_replay_400_0030,40.0,1.6995353571428573,4.9875,14031.153000000002,9548.352400000002,24526.783600000006,17616.3392,1,1,1,1,174
replay,9,0.25,1.0,c09_replay_400_0030,40.0,1.6995353571428573,4.9875,14329.386400000003,8788.9526,22029.708000000006,15459.482400000004,1,1,1,1,174
replay,9,0.25,0.5,c09_replay_400_0031,48.0,1.3744419642857142,3.5503472222222223,5831.234,4412.3004,8199.1008,7469.400000000001,1,1,1,1,145
replay,9,0.25,1.0,c09_replay_400_0031,48.0,1.3744419642857142,3.5503472222222223,8116.067600000001,5913.634000000001,9554.3008,9217.1668,1,1,1,1,145
replay,9,0.25,0.5,c09_replay_400_0032,8.0,5.826405357142858,16.109375,661.6332,96.0,4745.3996,110.0,1,1,1,1,266
replay,9,0.25,1.0,c09_replay_400_0032,8.0,5.826405357142858,16.109375,594.0,560.0,3712.5,1782.0,1,1,1,1,266
replay,9,0.25,0.5,c09_replay_400_0033,64.0,0.9784401785714286,1.58203125,1387.2623999999998,854.6957999999998,1621.1308,825.1637999999999,1,1,1,1,106
replay,9,0.25,1.0,c09_replay_400_0033,64.0,0.9784401785714286,1.58203125,1144.7004,513.6336,1637.8339999999998,661.3679999999998,1,1,1,1,106
replay,9,0.25,0.5,c09_replay_400_0034,56.0,1.156004336734694,2.2254464285714284,1778.6016,1283.9352000000003,2185.6600000000008,1515.6016000000002,1,1,1,1,76
replay,9,0.25,1.0,c09_replay_400_0034,56.0,1.156004336734694,2.2254464285714284,1785.9344000000006,1419.6676000000002,2177.534,1227.0676,1,1,1,1,76
replay,9,0.25,0.5,c09_replay_400_0035,62.8167,0.882166912392951,1.7378605795380315,1804.2588,1098.5919999999999,2095.8588,1329.6587999999997,1,1,1,1,62
replay,9,0.25,1.0,c09_replay_400_0035,62.8167,0.882166912392951,1.7378605795380315,1943.1331999999998,1096.4664,2093.1331999999998,1423.7332000000001,1,1,1,1,62
replay,9,0.25,0.5,c09_replay_400_0036,55.3667,0.9585441894031713,1.8016244421285719,691.0663999999998,227.79999999999998,700.8663999999999,234.59999999999997,1,1,1,1,134
replay,9,0.25,1.0,c09_replay_400_0036,55.3667,0.9585441894031713,1.8016244421285719,1313.6,107.99999999999997,1317.6003999999998,162.8664,1,1,1,1,134
replay,9,0.25,0.5,c09_replay_400_0037,96.0,0.6744212797619048,2.2291666666666665,2368.6,915.9,3545.8296,906.3164,1,1,1,1,175
replay,9,0.25,1.0,c09_replay_400_0037,96.0,0.6744212797619048,2.2291666666666665,1024.9296,986.9296,1380.4296,1162.4296,1,1,1,1,175
replay,9,0.25,0.5,c09_replay_400_0038,55.4833,0.8216758144213793,1.5094632078481272,207.4668,87.86680000000001,149.8668,89.86680000000001,1,1,1,1,80
replay,9,0.25,1.0,c09_replay_400_0038,55.4833,0.8216758144213793,1.5094632078481272,491.6004,221.4004,462.5336,199.1336,1,1,1,1,80
replay,9,0.25,0.5,c09_replay_400_0039,48.0,1.311740773809524,2.6753472222222223,1818.8962,1030.5628000000002,1485.0964,1026.5295999999998,1,1,1,1,143
replay,9,0.25,1.0,c09_replay_400_0039,48.0,1.311740773809524,2.6753472222222223,3404.466,1798.2328000000002,2987.466,2354.666,1,1,1,1,143
replay,12,1.0,0.5,c12_replay_400_0000,22.765,0.625730405805932,1.3951891060839008,1064.7296000000001,1064.7296000000001,1064.7296000000001,1064.7296000000001,1,1,1,1,96
replay,12,1.0,1.0,c12_replay_400_0000,22.765,0.625730405805932,1.3951891060839008,756.6712,756.6712,742.7856,742.7856,1,1,1,1,96
replay,12,1.0,0.5,c12_replay_400_0001,27.2192,0.8697198087877246,1.3475644980824895,2620.0256000000004,2620.0256000000004,2620.0256000000004,2620.0256000000004,1,1,1,1,105
replay,12,1.0,1.0,c12_replay_400_0001,27.2192,0.8697198087877246,1.3475644980824895,2241.2960000000003,2241.2960000000003,2241.2960000000003,2241.2960000000003,1,1,1,1,105
replay,12,1.0,0.5,c12_replay_400_0002,24.0,0.639760461469534,0.96674375,3235.9664000000002,3235.9664000000002,3235.9664000000002,3235.9664000000002,1,1,1,1,148
replay,12,1.0,1.0,c12_replay_400_0002,24.0,0.639760461469534,0.96674375,2926.1664,2926.1664,2926.1664,2926.1664,1,1,1,1,148
replay,12,1.0,0.5,c12_replay_400_0003,21.3489,0.6917046971320373,1.384268041913166,1202.6480000000001,1202.6480000000001,1202.6480000000001,1202.6480000000001,1,1,1,1,82
replay,12,1.0,1.0,c12_replay_400_0003,21.3489,0.6917046971320373,1.384268041913166,1418.1668000000002,1418.1848000000002,1418.1668000000002,1418.1848000000002,1,1,1,1,82
replay,12,1.0,0.5,c12_replay_400_0004,16.0,0.5445496303763441,1.03515625,343.9334,369.9334,343.9334,343.9334,1,1,1,1,76
replay,12,1.0,1.0,c12_replay_400_0004,16.0,0.5445496303763441,1.03515625,1090.9336,1108.9336,1098.9336,1104.9336,1,1,1,1,76
replay,12,1.0,0.5,c12_replay_400_0005,24.8472,0.616354946378502,1.1797546604848834,2642.896,2642.896,2642.896,2642.896,1,1,1,1,91
replay,12,1.0,1.0,c12_replay_400_0005,24.8472,0.616354946378502,1.1797546604848834,2525.7368,2525.7368,2525.7368,2525.7368,1,1,1,1,91
replay,12,1.0,0.5,c12_replay_400_0006,21.2286,0.573803407231409,1.221524264435714,2897.5664000000006,2897.5664000000006,2897.5664000000006,2897.5664000000006,1,1,1,1,74
replay,12,1.0,1.0,c12_replay_400_0006,21.2286,0.573803407231409,1.221524264435714,2065.8368,2065.8368,2065.8368,2065.8368,1,1,1,1,74
replay,12,1.0,0.5,c12_replay_400_0007,21.645,0.7218347628025047,1.1434062634062634,3331.7592,3331.7592,3331.7592,3331.7592,1,1,1,1,69
replay,12,1.0,1.0,c12_replay_400_0007,21.645,0.7218347628025047,1.1434062634062634,2211.8408,2211.8408,2211.8408,2211.8408,1,1,1,1,69
replay,12,1.0,0.5,c12_replay_400_0008,22.6644,0.5618555925801308,0.96419130404089,1255.8584,1255.8584,1255.8584,1255.8584,1,1,1,1,70
replay,12,1.0,1.0,c12_replay_400_0008,22.6644,0.5618555925801308,0.96419130404089,1123.3444,1103.3444,1115.3444,1103.3444,1,1,1,1,70
replay,12,1.0,0.5,c12_replay_400_0009,32.0242,0.44276146540522815,0.5889403896923641,1773.0591999999997,1773.0591999999997,1773.0591999999997,1773.0591999999997,1,1,1,1,88
replay,12,1.0,1.0,c12_replay_400_0009,32.0242,0.44276146540522815,0.5889403896923641,1063.3999999999999,1063.3999999999999,1063.3999999999999,1063.3999999999999,1,1,1,1,88
replay,12,1.0,0.5,c12_replay_400_0010,24.9056,0.6293893051992281,1.2773231722985996,1454.6592,1454.6592,1454.6592,1454.6592,1,1,1,1,92
replay,12,1.0,1.0,c12_replay_400_0010,24.9056,0.6293893051992281,1.2773231722985996,989.4592,989.4592,989.4592,989.4592,1,1,1,1,92
replay,12,1.0,0.5,c12_replay_400_0011,24.0,0.664114538530466,1.7947066666666667,2262.1888,2262.1888,2262.1888,2262.1888,1,1,1,1,100
replay,12,1.0,1.0,c12_replay_400_0011,24.0,0.664114538530466,1.7947066666666667,2018.8592,2018.8592,2018.8592,2018.8592,1,1,1,1,100
replay,12,1.0,0.5,c12_replay_400_0012,21.3369,0.6660993220034735,1.2255763489541591,1894.7888,1894.7888,1894.7888,1894.7888,1,1,1,1,84
replay,12,1.0,1.0,c12_replay_400_0012,21.3369,0.6660993220034735,1.2255763489541591,1257.5296,1257.5296,1257.5296,1257.5296,1,1,1,1,84
replay,12,1.0,0.5,c12_replay_400_0013,20.4692,0.8234857553620031,1.3269257075170349,1133.2592,1133.2592,1133.2592,1133.2592,1,1,1,1,91
replay,12,1.0,1.0,c12_replay_400_0013,20.4692,0.8234857553620031,1.3269257075170349,1188.0295999999998,1188.0295999999998,1188.0295999999998,1188.0295999999998,1,1,1,1,91
replay,12,1.0,0.5,c12_replay_400_0014,17.4958,0.5907920512290077,1.755778529704272,755.2087999999999,759.2087999999999,755.2087999999999,755.2087999999999,1,1,1,1,156
replay,12,1.0,1.0,c12_replay_400_0014,17.4958,0.5907920512290077,1.755778529704272,675.0044,679.0044,675.0044,675.0044,1,1,1,1,156
replay,12,1.0,0.5,c12_replay_400_0015,27.2961,0.5417923738997256,0.9241376550552587,952.1184,952.1184,952.1184,952.1184,1,1,1,1,80
replay,12,1.0,1.0,c12_replay_400_0015,27.2961,0.5417923738997256,0.9241376550552587,687.3184,687.3184,687.3184,687.3184,1,1,1,1,80
replay,12,1.0,0.5,c12_replay_400_0016,22.3058,0.5445299583106645,1.2078552563807519,297.4592,297.4592,297.4592,297.4592,1,1,1,1,65
replay,12,1.0,1.0,c12_replay_400_0016,22.3058,0.5445299583106645,1.2078552563807519,549.4592,549.4592,549.4592,549.4592,1,1,1,1,65
replay,12,1.0,0.5,c12_replay_400_0017,16.0,0.8027989247311829,1.5296195652173912,664.3296,664.3296,664.3296,664.3296,1,1,1,1,112
replay,12,1.0,1.0,c12_replay_400_0017,16.0,0.8027989247311829,1.5296195652173912,1090.6,1090.6,1090.6,1090.6,1,1,1,1,112
replay,12,1.0,0.5,c12_replay_400_0018,12.8089,0.855789199663507,1.5376488594797741,1195.3732,1180.3732,1126.9668,1120.3731999999998,1,1,1,1,136
replay,12,1.0,1.0,c12_replay_400_0018,12.8089,0.855789199663507,1.5376488594797741,493.10519999999997,493.10519999999997,468.80999999999995,473.2164,1,1,1,1,136
replay,12,1.0,0.5,c12_replay_400_0019,24.0,0.6374145161290321,1.0891572463768115,2859.5776,2859.5776,2859.5776,2859.5776,1,1,1,1,96
replay,12,1.0,1.0,c12_replay_400_0019,24.0,0.6374145161290321,1.0891572463768115,2523.9776,2523.9776,2523.9776,2523.9776,1,1,1,1,96
replay,12,1.0,0.5,c12_replay_400_0020,24.5572,0.5784145122495664,0.837644710946369,2652.4848,2644.4848,2652.4848,2644.4848,1,1,1,1,71
replay,12,1.0,1.0,c12_replay_400_0020,24.5572,0.5784145122495664,0.837644710946369,1627.8368,1627.8368,1627.8368,1627.8368,1,1,1,1,71
replay,12,1.0,0.5,c12_replay_400_0021,24.0,0.6157415546594982,1.5853933333333332,2003.5663999999997,2003.5663999999997,2003.5663999999997,2003.5663999999997,1,1,1,1,112
replay,12,1.0,1.0,c12_replay_400_0021,24.0,0.6157415546594982,1.5853933333333332,1426.5184,1426.5184,1426.5184,1426.5184,1,1,1,1,112
replay,12,1.0,0.5,c12_replay_400_0022,26.9928,0.6399969103668584,1.1807948786343025,2806.9776,2806.9776,2806.9776,2806.9776,1,1,1,1,95
replay,12,1.0,1.0,c12_replay_400_0022,26.9928,0.6399969103668584,1.1807948786343025,1832.1183999999998,1832.1183999999998,1832.1183999999998,1832.1183999999998,1,1,1,1,95
replay,12,1.0,0.5,c12_replay_400_0023,20.5228,0.6765337937287059,1.2912468084276998,1466.6592,1466.6592,1466.6592,1466.6592,1,1,1,1,74
replay,12,1.0,1.0,c12_replay_400_0023,20.5228,0.6765337937287059,1.2912468084276998,1393.7296000000001,1393.7296000000001,1393.7296000000001,1393.7296000000001,1,1,1,1,74
replay,12,1.0,0.5,c12_replay_400_0024,24.0,0.48503830645161294,0.7142045454545455,450.4592,450.4592,450.4592,450.4592,1,1,1,1,132
replay,12,1.0,1.0,c12_replay_400_0024,24.0,0.48503830645161294,0.7142045454545455,773.4592,773.4592,773.4592,773.4592,1,1,1,1,132
replay,12,1.0,0.5,c12_replay_400_0025,23.3019,0.5124483134353297,0.8448881850836198,932.4,932.4,932.4,932.4,1,1,1,1,62
replay,12,1.0,1.0,c12_replay_400_0025,23.3019,0.5124483134353297,0.8448881850836198,1054.1296,1054.1296,1054.1296,1054.1296,1,1,1,1,62
replay,12,1.0,0.5,c12_replay_400_0026,24.0,0.4533879928315412,0.7447916666666666,1629.7072,1629.7072,1629.7072,1629.7072,1,1,1,1,69
replay,12,1.0,1.0,c12_replay_400_0026,24.0,0.4533879928315412,0.7447916666666666,1614.9776000000002,1614.9776000000002,1614.9776000000002,1614.9776000000002,1,1,1,1,69
replay,12,1.0,0.5,c12_replay_400_0027,30.4011,0.5108039738092386,1.1756153560233018,1852.3183999999999,1852.3183999999999,1852.3183999999999,1852.3183999999999,1,1,1,1,83
replay,12,1.0,1.0,c12_replay_400_0027,30.4011,0.5108039738092386,1.1756153560233018,1014.8,1014.8,1014.8,1014.8,1,1,1,1,83
replay,12,1.0,0.5,c12_replay_400_0028,24.0,0.5664929659498209,1.434909523809524,1440.0592000000001,1440.0592000000001,1440.0592000000001,1440.0592000000001,1,1,1,1,109
replay,12,1.0,1.0,c12_replay_400_0028,24.0,0.5664929659498209,1.434909523809524,1341.7887999999998,1341.7887999999998,1341.7887999999998,1341.7887999999998,1,1,1,1,109
replay,12,1.0,0.5,c12_replay_400_0029,15.5781,0.5587792360560211,1.5325275012143116,736.3295999999999,736.3295999999999,736.3295999999999,736.3295999999999,1,1,1,1,66
replay,12,1.0,1.0,c12_replay_400_0029,15.5781,0.5587792360560211,1.5325275012143116,874.596,874.596,874.596,874.596,1,1,1,1,66
replay,12,1.0,0.5,c12_replay_400_0030,33.8939,0.353056360856889,0.7327799819015052,1418.3776,1418.3776,1418.3776,1418.3776,1,1,1,1,78
replay,12,1.0,1.0,c12_replay_400_0030,33.8939,0.353056360856889,0.7327799819015052,1054.6480000000001,1054.6480000000001,1054.6480000000001,1054.6480000000001,1,1,1,1,78
replay,12,1.0,0.5,c12_replay_400_0031,17.8953,0.7843740312903688,1.2817611328114087,1337.0628000000002,1337.0628000000002,1337.0628000000002,1337.0628000000002,1,1,1,1,89
replay,12,1.0,1.0,c12_replay_400_0031,17.8953,0.7843740312903688,1.2817611328114087,1050.522,1050.522,1050.522,1050.522,1,1,1,1,89
replay,12,1.0,0.5,c12_replay_400_0032,16.0,0.5715041330645163,1.5700375,630.4000000000001,630.4000000000001,630.4000000000001,630.4000000000001,1,1,1,1,110
replay,12,1.0,1.0,c12_replay_400_0032,16.0,0.5715041330645163,1.5700375,828.4000000000001,828.4000000000001,828.4000000000001,828.4000000000001,1,1,1,1,110
replay,12,1.0,0.5,c12_replay_400_0033,24.0,0.4397994399641577,0.6900333333333334,656.0,656.0,656.0,656.0,1,1,1,1,94
replay,12,1.0,1.0,c12_replay_400_0033,24.0,0.4397994399641577,0.6900333333333334,855.0,855.0,855.0,855.0,1,1,1,1,94
replay,12,1.0,0.5,c12_replay_400_0034,24.0,0.6298453405017922,1.4049479166666667,1305.7296,1305.7296,1305.7296,1305.7296,1,1,1,1,98
replay,12,1.0,1.0,c12_replay_400_0034,24.0,0.6298453405017922,1.4049479166666667,1220.9296,1220.9296,1220.9296,1220.9296,1,1,1,1,98
replay,12,1.0,0.5,c12_replay_400_0035,26.4333,0.4087717801702471,0.8239771342438778,1287.7184000000002,1287.7184000000002,1287.7184000000002,1287.7184000000002,1,1,1,1,65
replay,12,1.0,1.0,c12_replay_400_0035,26.4333,0.4087717801702471,0.8239771342438778,1368.2592,1368.2592,1368.2592,1368.2592,1,1,1,1,65
replay,12,1.0,0.5,c12_replay_400_0036,24.0,0.5485455645161291,1.3668492424242422,1013.4592,1013.4592,1013.4592,1013.4592,1,1,1,1,67
replay,12,1.0,1.0,c12_replay_400_0036,24.0,0.5485455645161291,1.3668492424242422,1111.4592,1111.4592,1111.4592,1111.4592,1,1,1,1,67
replay,12,1.0,0.5,c12_replay_400_0037,17.9989,0.9169793351170742,1.5608292464433673,2182.5888,2182.5888,2182.5888,2182.5888,1,1,1,1,94
replay,12,1.0,1.0,c12_replay_400_0037,17.9989,0.9169793351170742,1.5608292464433673,1121.6592,1121.6592,1121.6592,1121.6592,1,1,1,1,94
replay,12,1.0,0.5,c12_replay_400_0038,16.0,0.7023552419354839,1.62785,3459.7552,3439.7552,3435.7552,3439.7552,1,1,1,1,197
replay,12,1.0,1.0,c12_replay_400_0038,16.0,0.7023552419354839,1.62785,3318.4848,3302.4848,3288.4848,3292.4848,1,1,1,1,197
replay,12,1.0,0.5,c12_replay_400_0039,18.2553,0.8264169150700028,2.1341919489525942,1085.1888,1085.1888,1085.1888,1085.1888,1,1,1,1,83
replay,12,1.0,1.0,c12_replay_400_0039,18.2553,0.8264169150700028,2.1341919489525942,923.1296,923.1296,923.1296,923.1296,1,1,1,1,83
replay,12,0.75,0.5,c12_replay_400_0000,22.765,0.8313275391421668,1.7439863826048758,1064.7296000000001,1064.7296000000001,1064.7296000000001,1064.7296000000001,1,1,1,1,100
replay,12,0.75,1.0,c12_replay_400_0000,22.765,0.8313275391421668,1.7439863826048758,786.8588,786.8588,759.7044000000001,754.7044000000001,1,1,1,1,100
replay,12,0.75,0.5,c12_replay_400_0001,27.2192,1.155484888817977,1.9563396426052198,2623.4960000000005,2621.3164000000006,2623.4960000000005,2621.5556000000006,1,1,1,1,109
replay,12,0.75,1.0,c12_replay_400_0001,27.2192,1.155484888817977,1.9563396426052198,2241.2960000000003,2242.9296000000004,2241.2960000000003,2241.2960000000003,1,1,1,1,109
replay,12,0.75,0.5,c12_replay_400_0002,24.0,0.8499674702380953,1.2889916666666668,3239.9664000000002,3235.9664000000002,3237.9664000000002,3235.9664000000002,1,1,1,1,148
replay,12,0.75,1.0,c12_replay_400_0002,24.0,0.8499674702380953,1.2889916666666668,2930.1664,2926.1664,2928.1664,2926.1664,1,1,1,1,148
replay,12,0.75,0.5,c12_replay_400_0003,21.3489,0.918979097618278,1.8168518050110307,1204.6292,1204.6092,1204.6292,1204.6292,1,1,1,1,102
replay,12,0.75,1.0,c12_replay_400_0003,21.3489,0.918979097618278,1.8168518050110307,1418.1668000000002,1427.1804000000002,1418.1668000000002,1427.1804000000002,1,1,1,1,102
replay,12,0.75,0.5,c12_replay_400_0004,16.0,0.7234730803571429,1.3802083333333333,343.9334,375.9334,343.9334,357.9334,1,1,1,1,76
replay,12,0.75,1.0,c12_replay_400_0004,16.0,0.7234730803571429,1.3802083333333333,1156.9336,1174.9336,1156.9336,1164.9336,1,1,1,1,76
replay,12,0.75,0.5,c12_replay_400_0005,24.8472,0.8188715716171525,1.5551311433664372,2645.896,2642.896,2644.896,2642.896,1,1,1,1,91
replay,12,0.75,1.0,c12_replay_400_0005,24.8472,0.8188715716171525,1.5551311433664372,2527.7368,2525.7368,2527.7368,2525.7368,1,1,1,1,91
replay,12,0.75,0.5,c12_replay_400_0006,21.2286,0.7623388124645862,1.6286990192476187,2903.7888000000003,2905.1640000000007,2903.7888000000003,2903.7888000000003,1,1,1,1,76
replay,12,0.75,1.0,c12_replay_400_0006,21.2286,0.7623388124645862,1.6286990192476187,2072.0592,2073.4344,2072.0592,2072.0592,1,1,1,1,76
replay,12,0.75,0.5,c12_replay_400_0007,21.645,0.959009042009042,1.5007207207207207,3331.7592,3331.7592,3331.7592,3331.7592,1,1,1,1,69
replay,12,0.75,1.0,c12_replay_400_0007,21.645,0.959009042009042,1.5007207207207207,2211.8408,2211.8408,2211.8408,2211.8408,1,1,1,1,69
replay,12,0.75,0.5,c12_replay_400_0008,22.6644,0.746465287285031,1.3044941172317923,1271.3296,1256.9360000000001,1258.3896000000002,1256.9360000000001,1,1,1,1,82
replay,12,0.75,1.0,c12_replay_400_0008,22.6644,0.746465287285031,1.3044941172317923,1170.8156,1104.422,1145.8756,1104.422,1,1,1,1,82
replay,12,0.75,0.5,c12_replay_400_0009,32.0242,0.5882402326098031,0.7763305136853889,1773.0591999999997,1773.0591999999997,1773.0591999999997,1773.0591999999997,1,1,1,1,88
replay,12,0.75,1.0,c12_replay_400_0009,32.0242,0.5882402326098031,0.7763305136853889,1066.7712,1066.7712,1066.7712,1066.7712,1,1,1,1,88
replay,12,0.75,0.5,c12_replay_400_0010,24.9056,0.8361886483361173,1.7030975630647993,1454.6592,1454.6592,1454.6592,1454.6592,1,1,1,1,100
replay,12,0.75,1.0,c12_replay_400_0010,24.9056,0.8361886483361173,1.7030975630647993,989.4592,989.4592,989.4592,989.4592,1,1,1,1,100
replay,12,0.75,0.5,c12_replay_400_0011,24.0,0.8823236011904763,2.2433833333333335,2262.3905999999997,2262.3905999999997,2262.3905999999997,2262.3905999999997,1,1,1,1,103
replay,12,0.75,1.0,c12_replay_400_0011,24.0,0.8823236011904763,2.2433833333333335,2018.8592,2018.8592,2018.8592,2018.8592,1,1,1,1,103
replay,12,0.75,0.5,c12_replay_400_0012,21.3369,0.8849605278046148,1.6341017986055455,1894.7888,1894.7888,1894.7888,1894.7888,1,1,1,1,96
replay,12,0.75,1.0,c12_replay_400_0012,21.3369,0.8849605278046148,1.6341017986055455,1266.2144,1257.5296,1269.5296,1257.5296,1,1,1,1,96
replay,12,0.75,0.5,c12_replay_400_0013,20.4692,1.0940596464095185,1.7250034197721456,1133.2592,1133.2592,1133.2592,1133.2592,1,1,1,1,92
replay,12,0.75,1.0,c12_replay_400_0013,20.4692,1.0940596464095185,1.7250034197721456,1188.0295999999998,1188.0295999999998,1188.0295999999998,1188.0295999999998,1,1,1,1,92
replay,12,0.75,0.5,c12_replay_400_0014,17.4958,0.7849094394899674,2.3410380396056962,763.2087999999999,763.2087999999999,839.3123999999998,759.2087999999999,1,1,1,1,175
replay,12,0.75,1.0,c12_replay_400_0014,17.4958,0.7849094394899674,2.3410380396056962,686.0256,683.33,678.0256,680.0256,1,1,1,1,175
replay,12,0.75,0.5,c12_replay_400_0015,27.2961,0.719809868181064,1.2013789515718363,952.1184,952.2231999999999,952.1184,952.2231999999999,1,1,1,1,84
replay,12,0.75,1.0,c12_replay_400_0015,27.2961,0.719809868181064,1.2013789515718363,687.3184,687.4232,687.3184,687.3184,1,1,1,1,84
replay,12,0.75,0.5,c12_replay_400_0016,22.3058,0.72344694461274,1.552956758203824,325.7536,325.7536,325.7536,325.7536,1,1,1,1,65
replay,12,0.75,1.0,c12_replay_400_0016,22.3058,0.72344694461274,1.552956758203824,584.9624,584.9624,577.7536,577.7536,1,1,1,1,65
replay,12,0.75,0.5,c12_replay_400_0017,16.0,1.0665757142857144,2.069485294117647,664.874,664.874,664.874,664.874,1,1,1,1,113
replay,12,0.75,1.0,c12_replay_400_0017,16.0,1.0665757142857144,2.069485294117647,1091.1444,1091.1444,1091.1444,1091.1444,1,1,1,1,113
replay,12,0.75,0.5,c12_replay_400_0018,12.8089,1.136977079552945,2.067496267530894,1369.9732,1263.7731999999999,1176.5644,1155.4764,1,1,1,1,169
replay,12,0.75,1.0,c12_replay_400_0018,12.8089,1.136977079552945,2.067496267530894,608.7052,602.1052000000001,499.2164,513.6163999999999,1,1,1,1,169
replay,12,0.75,0.5,c12_replay_400_0019,24.0,0.846850714285714,1.4735656862745097,2859.5776,2859.5776,2859.5776,2859.5776,1,1,1,1,96
replay,12,0.75,1.0,c12_replay_400_0019,24.0,0.846850714285714,1.4735656862745097,2523.9776,2523.9776,2523.9776,2523.9776,1,1,1,1,96
replay,12,0.75,0.5,c12_replay_400_0020,24.5572,0.7684649948458525,1.1332840206921462,2680.4848,2648.9248,2656.9248,2644.9248,1,1,1,1,71
replay,12,0.75,1.0,c12_replay_400_0020,24.5572,0.7684649948458525,1.1332840206921462,1655.8368,1655.8368,1631.8368,1631.8368,1,1,1,1,71
replay,12,0.75,0.5,c12_replay_400_0021,24.0,0.8180566369047618,1.9817416666666665,2003.5663999999997,2003.5663999999997,2003.5663999999997,2003.5663999999997,1,1,1,1,114
replay,12,0.75,1.0,c12_replay_400_0021,24.0,0.8180566369047618,1.9817416666666665,1426.5184,1426.5184,1426.5184,1426.5184,1,1,1,1,114
replay,12,0.75,0.5,c12_replay_400_0022,26.9928,0.8502816094873976,1.4759935982928782,2806.9776,2809.7796,2806.9776,2806.9776,1,1,1,1,96
replay,12,0.75,1.0,c12_replay_400_0022,26.9928,0.8502816094873976,1.4759935982928782,1832.1183999999998,1834.9204,1832.1183999999998,1832.1183999999998,1,1,1,1,96
replay,12,0.75,0.5,c12_replay_400_0023,20.5228,0.8988234688109951,1.615836045763736,1467.6592,1467.6592,1466.6592,1466.6592,1,1,1,1,76
replay,12,0.75,1.0,c12_replay_400_0023,20.5228,0.8988234688109951,1.615836045763736,1394.7296000000001,1394.7296000000001,1393.7296000000001,1393.7296000000001,1,1,1,1,76
replay,12,0.75,0.5,c12_replay_400_0024,24.0,0.6444080357142857,0.98203125,450.4592,450.4592,450.4592,450.4592,1,1,1,1,132
replay,12,0.75,1.0,c12_replay_400_0024,24.0,0.6444080357142857,0.98203125,773.4592,773.4592,773.4592,773.4592,1,1,1,1,132
replay,12,0.75,0.5,c12_replay_400_0025,23.3019,0.6808241878497951,1.126517580111493,932.4,932.4,932.4,932.4,1,1,1,1,62
replay,12,0.75,1.0,c12_replay_400_0025,23.3019,0.6808241878497951,1.126517580111493,1054.1296,1054.1296,1054.1296,1054.1296,1,1,1,1,62
replay,12,0.75,0.5,c12_replay_400_0026,24.0,0.6023583333333333,1.1171875,1629.7072,1629.7072,1629.7072,1629.7072,1,1,1,1,69
replay,12,0.75,1.0,c12_replay_400_0026,24.0,0.6023583333333333,1.1171875,1614.9776000000002,1614.9776000000002,1614.9776000000002,1614.9776000000002,1,1,1,1,69
replay,12,0.75,0.5,c12_replay_400_0027,30.4011,0.6786395652037027,1.469519195029127,1852.3183999999999,1852.3183999999999,1888.9735999999998,1852.3183999999999,1,1,1,1,83
replay,12,0.75,1.0,c12_replay_400_0027,30.4011,0.6786395652037027,1.469519195029127,1015.1944000000001,1015.1944000000001,1015.1944000000001,1015.1944000000001,1,1,1,1,83
replay,12,0.75,0.5,c12_replay_400_0028,24.0,0.7526263690476191,2.0088733333333333,1440.0592000000001,1440.0592000000001,1440.0592000000001,1440.0592000000001,1,1,1,1,109
replay,12,0.75,1.0,c12_replay_400_0028,24.0,0.7526263690476191,2.0088733333333333,1341.7887999999998,1341.7887999999998,1341.7887999999998,1341.7887999999998,1,1,1,1,109
replay,12,0.75,0.5,c12_replay_400_0029,15.5781,0.7423781279029995,1.970392501561258,736.4423999999999,737.6417999999999,736.5101999999999,736.5367999999999,1,1,1,1,72
replay,12,0.75,1.0,c12_replay_400_0029,15.5781,0.7423781279029995,1.970392501561258,874.596,874.596,874.596,874.596,1,1,1,1,72
replay,12,0.75,0.5,c12_replay_400_0030,33.8939,0.4690605937098668,1.0258919746621071,1418.3776,1418.3776,1418.3776,1418.3776,1,1,1,1,78
replay,12,0.75,1.0,c12_replay_400_0030,33.8939,0.4690605937098668,1.0258919746621071,1054.6480000000001,1054.6480000000001,1054.6480000000001,1054.6480000000001,1,1,1,1,78
replay,12,0.75,0.5,c12_replay_400_0031,17.8953,1.0420969272857759,1.7090148437485448,1339.0628000000002,1337.0628000000002,1339.0628000000002,1337.0628000000002,1,1,1,1,90
replay,12,0.75,1.0,c12_replay_400_0031,17.8953,1.0420969272857759,1.7090148437485448,1052.522,1050.522,1052.522,1050.522,1,1,1,1,90
replay,12,0.75,0.5,c12_replay_400_0032,16.0,0.7592840625000002,2.093383333333333,630.4000000000001,630.4000000000001,630.4000000000001,630.4000000000001,1,1,1,1,112
replay,12,0.75,1.0,c12_replay_400_0032,16.0,0.7592840625000002,2.093383333333333,832.4000000000001,828.4000000000001,828.4000000000001,828.4000000000001,1,1,1,1,112
replay,12,0.75,0.5,c12_replay_400_0033,24.0,0.5843049702380952,1.03505,656.0,656.0,656.0,656.0,1,1,1,1,94
replay,12,0.75,1.0,c12_replay_400_0033,24.0,0.5843049702380952,1.03505,855.0,855.0,855.0,855.0,1,1,1,1,94
replay,12,0.75,0.5,c12_replay_400_0034,24.0,0.8367945238095239,1.8732638888888888,1305.7296,1305.7296,1305.7296,1305.7296,1,1,1,1,100
replay,12,0.75,1.0,c12_replay_400_0034,24.0,0.8367945238095239,1.8732638888888888,1220.9296,1220.9296,1220.9296,1220.9296,1,1,1,1,100
replay,12,0.75,0.5,c12_replay_400_0035,26.4333,0.5430825079404712,1.114792593388776,1287.7184000000002,1289.6596,1287.7184000000002,1287.7184000000002,1,1,1,1,69
replay,12,0.75,1.0,c12_replay_400_0035,26.4333,0.5430825079404712,1.114792593388776,1368.2592,1368.2592,1368.2592,1368.2592,1,1,1,1,69
replay,12,0.75,0.5,c12_replay_400_0036,24.0,0.7287819642857144,1.8794177083333332,1013.4592,1013.4592,1013.4592,1013.4592,1,1,1,1,83
replay,12,0.75,1.0,c12_replay_400_0036,24.0,0.7287819642857144,1.8794177083333332,1111.4592,1111.4592,1111.4592,1111.4592,1,1,1,1,83
replay,12,0.75,0.5,c12_replay_400_0037,17.9989,1.21827254522697,2.269094222424704,2224.5548,2214.7888000000003,2197.02,2199.02,1,1,1,1,96
replay,12,0.75,1.0,c12_replay_400_0037,17.9989,1.21827254522697,2.269094222424704,1154.51,1156.0076,1132.784,1132.784,1,1,1,1,96
replay,12,0.75,0.5,c12_replay_400_0038,16.0,0.9331291071428572,2.1704666666666665,3509.2176,3472.4252,3453.5892,3451.7552,1,1,1,1,197
replay,12,0.75,1.0,c12_replay_400_0038,16.0,0.9331291071428572,2.1704666666666665,3380.9472,3350.9472,3296.9912000000004,3309.4848,1,1,1,1,197
replay,12,0.75,0.5,c12_replay_400_0039,18.2553,1.0979539014501465,2.9878687285336314,1085.1888,1085.1888,1085.1888,1085.1888,1,1,1,1,85
replay,12,0.75,1.0,c12_replay_400_0039,18.2553,1.0979539014501465,2.9878687285336314,923.1296,923.1296,923.1296,923.1296,1,1,1,1,85
replay,12,0.5,0.5,c12_replay_400_0000,22.765,1.2650636465206886,2.7903782121678016,1078.4202,1080.609,1158.3385999999998,1069.8606,1,1,1,1,124
replay,12,0.5,1.0,c12_replay_400_0000,22.765,1.2650636465206886,2.7903782121678016,964.991,908.5762,1098.0578,848.987,1,1,1,1,124
replay,12,0.5,0.5,c12_replay_400_0001,27.2192,1.7583465699403997,2.7913836031708708,2855.8608000000004,2795.6015999999995,2796.845599999999,2723.7896,1,1,1,1,133
replay,12,0.5,1.0,c12_replay_400_0001,27.2192,1.7583465699403997,2.7913836031708708,2436.1686,2435.035,2385.3688,2388.1463999999996,1,1,1,1,133
replay,12,0.5,0.5,c12_replay_400_0002,24.0,1.293428759057971,1.9334875,3294.4108,3245.7492,3285.2936,3245.8156000000004,1,1,1,1,152
replay,12,0.5,1.0,c12_replay_400_0002,24.0,1.293428759057971,1.9334875,3026.8828,2993.2212,2983.0971999999997,2954.5215999999996,1,1,1,1,152
replay,12,0.5,0.5,c12_replay_400_0003,21.3489,1.3984464528973797,2.768536083826332,1213.2696,1213.7995999999998,1217.1147999999998,1212.7476000000001,1,1,1,1,124
replay,12,0.5,1.0,c12_replay_400_0003,21.3489,1.3984464528973797,2.768536083826332,1433.37,1442.308,1436.9363999999998,1470.9004,1,1,1,1,124
replay,12,0.5,0.5,c12_replay_400_0004,16.0,1.1009372961956523,2.0703125,401.9334,419.9334,523.9334,399.9334,1,1,1,1,82
replay,12,0.5,1.0,c12_replay_400_0004,16.0,1.1009372961956523,2.0703125,1434.9336,1384.9336,1538.9336,1446.9336,1,1,1,1,82
replay,12,0.5,0.5,c12_replay_400_0005,24.8472,1.2461089133304497,2.4437775110044013,2736.689799999999,2722.3298,2687.9,2672.2448,1,1,1,1,100
replay,12,0.5,1.0,c12_replay_400_0005,24.8472,1.2461089133304497,2.4437775110044013,2595.2915999999996,2583.0816000000004,2557.4708,2559.3458,1,1,1,1,100
replay,12,0.5,0.5,c12_replay_400_0006,21.2286,1.1600808015765443,2.443048528871428,2964.3936,2959.6535999999996,2949.8260000000005,2943.0760000000005,1,1,1,1,81
replay,12,0.5,1.0,c12_replay_400_0006,21.2286,1.1600808015765443,2.443048528871428,2126.814,2132.1892,2107.974,2095.8364000000006,1,1,1,1,81
replay,12,0.5,0.5,c12_replay_400_0007,21.645,1.4593615856659334,2.286812526812527,3350.3908,3350.8232,3349.2464,3353.6508000000003,1,1,1,1,76
replay,12,0.5,1.0,c12_replay_400_0007,21.645,1.4593615856659334,2.286812526812527,2221.0412,2219.8967999999995,2219.8968,2222.3176000000003,1,1,1,1,76
replay,12,0.5,0.5,c12_replay_400_0008,22.6644,1.1359254371728733,1.8480333327450391,1388.8784,1321.0424000000003,1352.4120000000003,1300.8688000000002,1,1,1,1,114
replay,12,0.5,1.0,c12_replay_400_0008,22.6644,1.1359254371728733,1.8480333327450391,1417.0720000000001,1203.7248000000002,1351.9748000000004,1174.9412,1,1,1,1,114
replay,12,0.5,0.5,c12_replay_400_0009,32.0242,0.8951481800583959,1.2199479500770398,1792.8316,1795.4624,1780.9667999999997,1777.4624,1,1,1,1,94
replay,12,0.5,1.0,c12_replay_400_0009,32.0242,0.8951481800583959,1.2199479500770398,1074.3139999999999,1072.8096,1082.7428,1080.8096,1,1,1,1,94
replay,12,0.5,0.5,c12_replay_400_0010,24.9056,1.2724609865984393,2.554646344597199,1486.5348,1455.3067999999998,1455.3067999999998,1454.878,1,1,1,1,109
replay,12,0.5,1.0,c12_replay_400_0010,24.9056,1.2724609865984393,2.554646344597199,990.73,990.73,990.73,990.73,1,1,1,1,109
replay,12,0.5,0.5,c12_replay_400_0011,24.0,1.3426663496376812,4.486766666666667,2409.0339999999997,2409.7808,2427.9254,2425.9342,1,1,1,1,110
replay,12,0.5,1.0,c12_replay_400_0011,24.0,1.3426663496376812,4.486766666666667,2208.2637999999997,2207.2749999999996,2495.9818,2197.675,1,1,1,1,110
replay,12,0.5,0.5,c12_replay_400_0012,21.3369,1.3466790640505009,2.7042353856464625,2014.3832,1984.3872000000001,2004.6904000000002,1972.0280000000002,1,1,1,1,123
replay,12,0.5,1.0,c12_replay_400_0012,21.3369,1.3466790640505009,2.7042353856464625,1444.6392000000003,1420.6392000000003,1468.5040000000001,1437.2392000000002,1,1,1,1,123
replay,12,0.5,0.5,c12_replay_400_0013,20.4692,1.6648733749710063,2.8750056996202424,1434.228,1405.1136000000001,1394.3784,1389.1136000000001,1,1,1,1,105
replay,12,0.5,1.0,c12_replay_400_0013,20.4692,1.6648733749710063,2.8750056996202424,1533.4912000000004,1553.9484,1489.2452000000003,1502.1928000000003,1,1,1,1,105
replay,12,0.5,0.5,c12_replay_400_0014,17.4958,1.1944274079195156,3.511557059408544,831.1899999999999,815.3888,1051.0575999999999,784.1999999999999,1,1,1,1,188
replay,12,0.5,1.0,c12_replay_400_0014,17.4958,1.1944274079195156,3.511557059408544,739.1612,726.77,710.6264,712.7944,1,1,1,1,188
replay,12,0.5,0.5,c12_replay_400_0015,27.2961,1.0953628428842277,2.002298252619727,977.692,980.1858000000001,977.692,983.1758,1,1,1,1,91
replay,12,0.5,1.0,c12_replay_400_0015,27.2961,1.0953628428842277,2.002298252619727,728.2055999999999,716.0278,723.1392,715.2121999999999,1,1,1,1,91
replay,12,0.5,0.5,c12_replay_400_0016,22.3058,1.1008975244106913,2.717674326856692,383.46720000000005,327.7536,404.7848,327.7536,1,1,1,1,74
replay,12,0.5,1.0,c12_replay_400_0016,22.3058,1.1008975244106913,2.717674326856692,584.9624,584.9624,636.28,579.7536,1,1,1,1,74
replay,12,0.5,0.5,c12_replay_400_0017,16.0,1.62305,2.931770833333333,725.1876,718.9624,703.2924,699.7476000000001,1,1,1,1,122
replay,12,0.5,1.0,c12_replay_400_0017,16.0,1.62305,2.931770833333333,1143.8372,1141.1083999999998,1126.3348,1121.3796,1,1,1,1,122
replay,12,0.5,0.5,c12_replay_400_0018,12.8089,1.730182512363177,3.0752977189595483,1847.4587999999999,1636.58,1996.5423999999994,1349.5964,1,1,1,1,194
replay,12,0.5,1.0,c12_replay_400_0018,12.8089,1.730182512363177,3.0752977189595483,957.1139999999999,966.6924,1090.9471999999998,734.5667999999998,1,1,1,1,194
replay,12,0.5,0.5,c12_replay_400_0019,24.0,1.288685869565217,2.3375,2931.6392,2916.1176,2894.0088000000005,2871.6016000000004,1,1,1,1,108
replay,12,0.5,1.0,c12_replay_400_0019,24.0,1.288685869565217,2.3375,2574.2567999999997,2562.3392,2537.0263999999997,2531.9776,1,1,1,1,108
replay,12,0.5,0.5,c12_replay_400_0020,24.5572,1.1694032530262974,1.6288106368571569,2726.3736,2688.3736,2699.9024,2665.7911999999997,1,1,1,1,74
replay,12,0.5,1.0,c12_replay_400_0020,24.5572,1.1694032530262974,1.6288106368571569,1662.0612,1664.0612,1649.5612,1644.5612,1,1,1,1,74
replay,12,0.5,0.5,c12_replay_400_0021,24.0,1.244868795289855,3.1707866666666664,2120.3612,2120.3612,2274.6567999999997,2145.0029999999997,1,1,1,1,131
replay,12,0.5,1.0,c12_replay_400_0021,24.0,1.244868795289855,3.1707866666666664,1543.3132,1543.3132,1697.6088,1567.955,1,1,1,1,131
replay,12,0.5,0.5,c12_replay_400_0022,26.9928,1.2939067970460398,2.9519871965857565,2965.0951999999997,2896.4716000000003,2881.8528000000006,2843.3692,1,1,1,1,115
replay,12,0.5,1.0,c12_replay_400_0022,26.9928,1.2939067970460398,2.9519871965857565,2148.1352,2126.4755999999998,2110.8891999999996,2076.8227999999995,1,1,1,1,115
replay,12,0.5,0.5,c12_replay_400_0023,20.5228,1.3677748438428186,3.2281170210692496,1911.7460000000003,1881.7012000000002,1942.1766000000002,1933.9674,1,1,1,1,100
replay,12,0.5,1.0,c12_replay_400_0023,20.5228,1.3677748438428186,3.2281170210692496,1589.9336,1562.4336,1606.4786,1570.8336000000002,1,1,1,1,100
replay,12,0.5,0.5,c12_replay_400_0024,24.0,0.9806209239130436,1.3588541666666665,452.5268,452.578,454.0268,451.80099999999993,1,1,1,1,137
replay,12,0.5,1.0,c12_replay_400_0024,24.0,0.9806209239130436,1.3588541666666665,776.0356,774.9964,777.0356,775.9300000000001,1,1,1,1,137
replay,12,0.5,0.5,c12_replay_400_0025,23.3019,1.0360368075975144,1.6897763701672397,1008.2024,1008.2024,1000.7,993.3848,1,1,1,1,68
replay,12,0.5,1.0,c12_replay_400_0025,23.3019,1.0360368075975144,1.6897763701672397,1130.9872,1130.9872,1123.0912,1123.0912,1,1,1,1,68
replay,12,0.5,0.5,c12_replay_400_0026,24.0,0.9166322463768116,1.4895833333333333,1635.236,1631.7896,1633.4672,1631.236,1,1,1,1,69
replay,12,0.5,1.0,c12_replay_400_0026,24.0,0.9166322463768116,1.4895833333333333,1631.1988000000001,1629.7667999999999,1632.7968,1622.8896,1,1,1,1,69
replay,12,0.5,0.5,c12_replay_400_0027,30.4011,1.0327123818317214,2.5082546355230573,1858.0591999999997,1854.4355999999998,2243.786,1856.9503999999997,1,1,1,1,114
replay,12,0.5,1.0,c12_replay_400_0027,30.4011,1.0327123818317214,2.5082546355230573,1443.4372,1146.6689999999999,1144.0832,1137.9881999999998,1,1,1,1,114
replay,12,0.5,0.5,c12_replay_400_0028,24.0,1.1453009963768117,2.869819047619048,1521.0726,1525.1974,1505.4878,1507.9678000000001,1,1,1,1,152
replay,12,0.5,1.0,c12_replay_400_0028,24.0,1.1453009963768117,2.869819047619048,1440.6091999999999,1438.534,1425.0244000000002,1425.5428000000002,1,1,1,1,152
replay,12,0.5,0.5,c12_replay_400_0029,15.5781,1.1297058468089123,3.4481868777322013,736.4423999999999,736.4423999999999,740.9661999999998,740.1417999999999,1,1,1,1,130
replay,12,0.5,1.0,c12_replay_400_0029,15.5781,1.1297058468089123,3.4481868777322013,874.596,874.596,874.596,874.596,1,1,1,1,130
replay,12,0.5,0.5,c12_replay_400_0030,33.8939,0.7137878599932757,1.4655599638030103,1481.6876,1469.6876,1465.6876,1465.6876,1,1,1,1,82
replay,12,0.5,1.0,c12_replay_400_0030,33.8939,0.7137878599932757,1.4655599638030103,1092.3192000000001,1080.3192000000001,1076.806,1076.3192000000001,1,1,1,1,82
replay,12,0.5,0.5,c12_replay_400_0031,17.8953,1.5857996719566152,2.5635222656228174,1392.1671999999999,1355.5924,1355.5036,1347.5036,1,1,1,1,134
replay,12,0.5,1.0,c12_replay_400_0031,17.8953,1.5857996719566152,2.5635222656228174,1082.3867999999998,1065.33,1067.7200000000003,1063.7800000000002,1,1,1,1,134
replay,12,0.5,0.5,c12_replay_400_0032,16.0,1.1554322690217393,3.140075,654.4000000000001,641.4448,634.4000000000001,635.2912,1,1,1,1,141
replay,12,0.5,1.0,c12_replay_400_0032,16.0,1.1554322690217393,3.140075,860.4000000000001,841.7248000000001,840.4000000000001,832.6296000000001,1,1,1,1,141
replay,12,0.5,0.5,c12_replay_400_0033,24.0,0.8891597373188406,1.3800666666666668,664.5967999999999,662.9784,659.8728,658.1655999999999,1,1,1,1,97
replay,12,0.5,1.0,c12_replay_400_0033,24.0,0.8891597373188406,1.3800666666666668,872.3804,862.7228,860.7356,858.7356,1,1,1,1,97
replay,12,0.5,0.5,c12_replay_400_0034,24.0,1.2733829710144928,3.1223958333333335,1315.4707999999996,1320.0443999999998,1320.6444,1320.6444,1,1,1,1,113
replay,12,0.5,1.0,c12_replay_400_0034,24.0,1.2733829710144928,3.1223958333333335,1293.0351999999998,1247.2356,1275.8244,1242.9379999999999,1,1,1,1,113
replay,12,0.5,0.5,c12_replay_400_0035,26.4333,0.8264299033876735,1.579289507300766,1314.752,1317.792,1297.8544000000002,1297.7368000000001,1,1,1,1,77
replay,12,0.5,1.0,c12_replay_400_0035,26.4333,0.8264299033876735,1.579289507300766,1408.676,1408.676,1386.7471999999998,1390.7471999999998,1,1,1,1,77
replay,12,0.5,0.5,c12_replay_400_0036,24.0,1.1090160326086957,2.5058902777777776,1013.4592,1013.4592,1013.4592,1013.4592,1,1,1,1,96
replay,12,0.5,1.0,c12_replay_400_0036,24.0,1.1090160326086957,2.5058902777777776,1160.8432,1150.5008,1160.8432,1150.5008,1,1,1,1,96
replay,12,0.5,0.5,c12_replay_400_0037,17.9989,1.8538930036062586,3.144773662094165,2597.8259999999996,2431.7387999999996,2558.9084000000003,2364.7031999999995,1,1,1,1,164
replay,12,0.5,1.0,c12_replay_400_0037,17.9989,1.8538930036062586,3.144773662094165,1488.05,1360.0868000000003,1472.1007999999997,1296.6011999999998,1,1,1,1,164
replay,12,0.5,0.5,c12_replay_400_0038,16.0,1.4199790760869566,3.2557,3705.1476,3623.4516000000003,3578.1768,3507.2140000000004,1,1,1,1,198
replay,12,0.5,1.0,c12_replay_400_0038,16.0,1.4199790760869566,3.2557,3659.4884,3605.5532000000003,3433.5224000000007,3437.7712,1,1,1,1,198
replay,12,0.5,0.5,c12_replay_400_0039,18.2553,1.670799415250223,4.2683838979051885,1135.9056,1131.9056,1141.232,1141.232,1,1,1,1,89
replay,12,0.5,1.0,c12_replay_400_0039,18.2553,1.670799415250223,4.2683838979051885,1016.383,1012.383,1018.549,1018.549,1,1,1,1,89
replay,12,0.35,0.5,c12_replay_400_0000,22.765,1.7371023205955722,3.4879727652097516,1253.3033999999998,1156.2658000000001,1435.0514000000003,1128.1522,1,1,1,1,175
replay,12,0.35,1.0,c12_replay_400_0000,22.765,1.7371023205955722,3.4879727652097516,1139.8622,1043.9448,1642.3786000000002,963.9322,1,1,1,1,175
replay,12,0.35,0.5,c12_replay_400_0001,27.2192,2.4144460363360714,3.9126792852104395,3486.703400000001,3281.1646000000005,3598.1968000000006,3224.081,1,1,1,1,172
replay,12,0.35,1.0,c12_replay_400_0001,27.2192,2.4144460363360714,3.9126792852104395,3033.6757999999995,2943.7302,3200.7947999999997,2880.5603999999994,1,1,1,1,172
replay,12,0.35,0.5,c12_replay_400_0002,24.0,1.7760514303482586,2.5965182291666666,3587.0876000000007,3451.876400000001,3623.8964000000014,3375.538,1,1,1,1,179
replay,12,0.35,1.0,c12_replay_400_0002,24.0,1.7760514303482586,2.5965182291666666,3216.6144,3177.3612,3262.3920000000007,3214.9700000000003,1,1,1,1,179
replay,12,0.35,0.5,c12_replay_400_0003,21.3489,1.920254830844163,3.8759505173568654,1273.0902,1228.5886,1255.0902,1226.9038,1,1,1,1,159
replay,12,0.35,1.0,c12_replay_400_0003,21.3489,1.920254830844163,3.8759505173568654,1462.6706000000001,1516.7922,1454.6706000000001,1516.0506,1,1,1,1,159
replay,12,0.35,0.5,c12_replay_400_0004,16.0,1.5117347947761195,2.7604166666666665,546.7398000000001,461.7398,759.7398000000001,482.7398,1,1,1,1,112
replay,12,0.35,1.0,c12_replay_400_0004,16.0,1.5117347947761195,2.7604166666666665,1707.746,1569.746,1935.746,1723.746,1,1,1,1,112
replay,12,0.35,0.5,c12_replay_400_0005,24.8472,1.7110749257671845,3.4212885154061623,3171.8257999999996,3155.7414000000003,3069.2670000000003,2922.5879999999993,1,1,1,1,147
replay,12,0.35,1.0,c12_replay_400_0005,24.8472,1.7110749257671845,3.4212885154061623,3030.132,2905.5164,2943.7674,2805.7695999999996,1,1,1,1,147
replay,12,0.35,0.5,c12_replay_400_0006,21.2286,1.5929467723140607,3.2573980384952375,3224.9460000000004,3064.366,3179.6175999999996,2990.1216,1,1,1,1,119
replay,12,0.35,1.0,c12_replay_400_0006,21.2286,1.5929467723140607,3.2573980384952375,2241.6140000000005,2240.1588,2263.0452,2193.07,1,1,1,1,119
replay,12,0.35,0.5,c12_replay_400_0007,21.645,2.0038994907651624,3.2015375375375377,3425.1018,3399.1514,3477.2362000000003,3407.6102,1,1,1,1,96
replay,12,0.35,1.0,c12_replay_400_0007,21.645,2.0038994907651624,3.2015375375375377,2310.6922000000004,2278.1278,2292.289,2291.2374000000004,1,1,1,1,96
replay,12,0.35,0.5,c12_replay_400_0008,22.6644,1.5597782122373782,2.772049999117559,1741.3946,1471.0246000000004,1676.7593999999995,1407.593,1,1,1,1,176
replay,12,0.35,1.0,c12_replay_400_0008,22.6644,1.5597782122373782,2.772049999117559,2314.3444000000004,1458.6319999999996,2158.6900000000005,1446.0172000000002,1,1,1,1,176
replay,12,0.35,0.5,c12_replay_400_0009,32.0242,1.2291586950055586,1.7079271301078556,2025.7948,1953.6039999999998,1995.5575999999999,1840.9684000000002,1,1,1,1,126
replay,12,0.35,1.0,c12_replay_400_0009,32.0242,1.2291586950055586,1.7079271301078556,1247.8686000000002,1248.3098,1262.251,1212.1365999999998,1,1,1,1,126
replay,12,0.35,0.5,c12_replay_400_0010,24.9056,1.747259862194872,3.514669391622768,1520.5656,1509.808,1567.2715999999998,1483.3467999999998,1,1,1,1,126
replay,12,0.35,1.0,c12_replay_400_0010,24.9056,1.747259862194872,3.514669391622768,1008.5152,1014.6068,1026.0359999999998,1026.4736,1,1,1,1,126
replay,12,0.35,0.5,c12_replay_400_0011,24.0,1.8436612562189056,4.486766666666667,2467.726,2464.9052,2485.2466,2475.2266000000004,1,1,1,1,123
replay,12,0.35,1.0,c12_replay_400_0011,24.0,1.8436612562189056,4.486766666666667,2285.2562000000003,2262.8698000000004,2562.2142,2245.7122,1,1,1,1,123
replay,12,0.35,0.5,c12_replay_400_0012,21.3369,1.8491712521290458,3.268203597211091,2124.9215999999997,2074.6112000000003,2136.7558000000004,2035.4424000000001,1,1,1,1,165
replay,12,0.35,1.0,c12_replay_400_0012,21.3369,1.8491712521290458,3.268203597211091,1624.9055999999998,1555.2595999999996,1709.8884,1563.1491999999996,1,1,1,1,165
replay,12,0.35,0.5,c12_replay_400_0013,20.4692,2.286094783542277,3.450006839544291,1667.5475999999999,1505.8472,1531.8483999999999,1465.1272,1,1,1,1,121
replay,12,0.35,1.0,c12_replay_400_0013,20.4692,2.286094783542277,3.450006839544291,1768.7204000000004,1713.6194,1673.6662000000001,1627.7212000000002,1,1,1,1,121
replay,12,0.35,0.5,c12_replay_400_0014,17.4958,1.6401092765462004,4.6820760792113925,1114.1804,985.9903999999999,1588.3763999999999,892.3992000000001,1,1,1,1,197
replay,12,0.35,1.0,c12_replay_400_0014,17.4958,1.6401092765462004,4.6820760792113925,907.5492,898.8168000000002,904.7644000000001,870.7584,1,1,1,1,197
replay,12,0.35,0.5,c12_replay_400_0015,27.2961,1.5040803215723724,2.4027579031436725,1088.4228,1085.0462000000002,1121.567,1093.5866000000003,1,1,1,1,126
replay,12,0.35,1.0,c12_replay_400_0015,27.2961,1.5040803215723724,2.4027579031436725,867.5928,857.8536,880.2779999999998,857.9164000000001,1,1,1,1,126
replay,12,0.35,0.5,c12_replay_400_0016,22.3058,1.5116801827728894,3.623565769142256,462.2942,431.9298000000001,420.5118000000001,361.5142,1,1,1,1,118
replay,12,0.35,1.0,c12_replay_400_0016,22.3058,1.5116801827728894,3.623565769142256,648.8444,656.6368,721.0595999999999,643.6043999999999,1,1,1,1,118
replay,12,0.35,0.5,c12_replay_400_0017,16.0,2.2286656716417914,4.39765625,818.9344000000002,804.1792,801.9580000000001,752.1792,1,1,1,1,142
replay,12,0.35,1.0,c12_replay_400_0017,16.0,2.2286656716417914,4.39765625,1281.4412000000002,1233.1324,1228.1324,1188.1324,1,1,1,1,142
replay,12,0.35,0.5,c12_replay_400_0018,12.8089,2.37577300205093,4.393429568503151,2721.6508,2286.3656,4677.9270000000015,2141.5428,1,1,1,1,226
replay,12,0.35,1.0,c12_replay_400_0018,12.8089,2.37577300205093,4.393429568503151,1631.3262000000002,1663.5269999999998,3922.5564000000004,1375.8911999999998,1,1,1,1,226
replay,12,0.35,0.5,c12_replay_400_0019,24.0,1.7695388059701487,3.1313270833333333,3046.9264,2974.724,3041.1556000000005,2904.7703999999994,1,1,1,1,135
replay,12,0.35,1.0,c12_replay_400_0019,24.0,1.7695388059701487,3.1313270833333333,2691.884,2676.3792000000003,2612.1112,2596.0552000000002,1,1,1,1,135
replay,12,0.35,0.5,c12_replay_400_0020,24.5572,1.6057477504241697,2.408228543970811,2895.1856000000002,2758.5636,2858.7104,2708.3012,1,1,1,1,99
replay,12,0.35,1.0,c12_replay_400_0020,24.5572,1.6057477504241697,2.408228543970811,1732.6132000000002,1721.8092000000001,1692.618,1698.8044,1,1,1,1,99
replay,12,0.35,0.5,c12_replay_400_0021,24.0,1.7093720771144276,3.963483333333333,2319.5009999999997,2329.8356,2657.1835999999994,2427.5674,1,1,1,1,151
replay,12,0.35,1.0,c12_replay_400_0021,24.0,1.7093720771144276,3.963483333333333,1737.2582,1740.0566000000001,2065.0757999999996,1823.7636,1,1,1,1,151
replay,12,0.35,0.5,c12_replay_400_0022,26.9928,1.7767078407199353,2.9519871965857565,3930.4608000000003,3513.1548000000003,4294.0616,3562.578,1,1,1,1,152
replay,12,0.35,1.0,c12_replay_400_0022,26.9928,1.7767078407199353,2.9519871965857565,3510.2092000000002,2977.9595999999997,3831.9780000000005,2991.4923999999996,1,1,1,1,152
replay,12,0.35,0.5,c12_replay_400_0023,20.5228,1.8781385915453626,3.231672091527472,2015.0455999999997,1914.8854,2077.356,1961.962,1,1,1,1,149
replay,12,0.35,1.0,c12_replay_400_0023,20.5228,1.8781385915453626,3.231672091527472,1722.4872000000003,1584.3088,1786.6780000000003,1580.584,1,1,1,1,149
replay,12,0.35,0.5,c12_replay_400_0024,24.0,1.3465242537313433,1.9640625,593.4680000000001,488.16959999999995,560.8248,469.96500000000003,1,1,1,1,167
replay,12,0.35,1.0,c12_replay_400_0024,24.0,1.3465242537313433,1.9640625,943.4524,817.1179999999999,895.1124000000001,800.9848000000002,1,1,1,1,167
replay,12,0.35,0.5,c12_replay_400_0025,23.3019,1.4226177059547958,2.3479673331359243,1240.1902,1224.3496,1206.4132,1175.5159999999998,1,1,1,1,120
replay,12,0.35,1.0,c12_replay_400_0025,23.3019,1.4226177059547958,2.3479673331359243,1389.1344,1377.1344,1334.1255999999998,1326.1255999999998,1,1,1,1,120
replay,12,0.35,0.5,c12_replay_400_0026,24.0,1.2586592039800995,2.234375,1769.4524000000001,1685.0684,1713.7071999999998,1663.4604000000002,1,1,1,1,81
replay,12,0.35,1.0,c12_replay_400_0026,24.0,1.2586592039800995,2.234375,1828.6996000000001,1709.5988000000002,1777.2864000000004,1699.0448000000001,1,1,1,1,81
replay,12,0.35,0.5,c12_replay_400_0027,30.4011,1.418052822813707,3.3443395140307426,2057.8048,1859.9817999999998,2557.7699999999995,1862.0394,1,1,1,1,171
replay,12,0.35,1.0,c12_replay_400_0027,30.4011,1.418052822813707,3.3443395140307426,1811.2189999999998,1259.8265999999996,1314.6183999999998,1277.8852,1,1,1,1,171
replay,12,0.35,0.5,c12_replay_400_0028,24.0,1.572652114427861,4.017746666666667,1784.1491999999998,1641.6094000000003,1672.2222000000002,1647.9846000000002,1,1,1,1,184
replay,12,0.35,1.0,c12_replay_400_0028,24.0,1.572652114427861,4.017746666666667,1569.6659999999997,1551.5073999999997,1583.8983999999998,1534.4266,1,1,1,1,184
replay,12,0.35,0.5,c12_replay_400_0029,15.5781,1.5512378792002972,4.5975825036429345,813.6229999999999,770.3234,800.3807999999999,766.9712,1,1,1,1,146
replay,12,0.35,1.0,c12_replay_400_0029,15.5781,1.5512378792002972,4.5975825036429345,920.1392,891.8111999999999,911.7348,884.126,1,1,1,1,146
replay,12,0.35,0.5,c12_replay_400_0030,33.8939,0.9801266137221097,2.0517839493242143,1638.0598,1636.5149999999999,1649.1773999999998,1607.6774,1,1,1,1,113
replay,12,0.35,1.0,c12_replay_400_0030,33.8939,0.9801266137221097,2.0517839493242143,1258.6524000000002,1210.5124,1231.99,1205.99,1,1,1,1,113
replay,12,0.35,0.5,c12_replay_400_0031,17.8953,2.177515967462815,3.5144109067744047,1654.5212,1489.7158,1640.9896,1391.5234,1,1,1,1,169
replay,12,0.35,1.0,c12_replay_400_0031,17.8953,2.177515967462815,3.5144109067744047,1306.2902,1173.2135999999998,1420.2707999999998,1116.7764,1,1,1,1,169
replay,12,0.35,0.5,c12_replay_400_0032,16.0,1.5865637126865675,4.186766666666666,764.9608000000001,677.7472,661.3312,648.6184000000001,1,1,1,1,165
replay,12,0.35,1.0,c12_replay_400_0032,16.0,1.5865637126865675,4.186766666666666,949.7008000000002,874.0808000000001,892.9599999999999,854.4120000000001,1,1,1,1,165
replay,12,0.35,0.5,c12_replay_400_0033,24.0,1.2209357587064675,2.0701,749.8172,744.1348,742.0331999999999,728.0176000000001,1,1,1,1,116
replay,12,0.35,1.0,c12_replay_400_0033,24.0,1.2209357587064675,2.0701,1009.322,931.4036000000001,962.7504,934.3643999999999,1,1,1,1,116
replay,12,0.35,0.5,c12_replay_400_0034,24.0,1.7485258706467663,4.163194444444445,1598.9424,1500.7688,1414.4464000000003,1371.5604,1,1,1,1,142
replay,12,0.35,1.0,c12_replay_400_0034,24.0,1.7485258706467663,4.163194444444445,1721.308,1461.5752000000002,1623.986,1452.2132,1,1,1,1,142
replay,12,0.35,0.5,c12_replay_400_0035,26.4333,1.1347992703233727,2.3689342609511486,1337.1268,1344.6432,1321.5472,1323.536,1,1,1,1,98
replay,12,0.35,1.0,c12_replay_400_0035,26.4333,1.1347992703233727,2.3689342609511486,1458.0196,1446.0616,1437.4327999999998,1444.5644000000002,1,1,1,1,98
replay,12,0.35,0.5,c12_replay_400_0036,24.0,1.522827985074627,3.7588354166666664,1064.6563999999998,1039.8084,1092.4146,1041.3304,1,1,1,1,126
replay,12,0.35,1.0,c12_replay_400_0036,24.0,1.522827985074627,3.7588354166666664,1221.2915999999998,1145.5219999999997,1217.8002000000001,1142.6436,1,1,1,1,126
replay,12,0.35,0.5,c12_replay_400_0037,17.9989,2.545644124354863,4.538188444849408,3574.1416,3132.8863999999994,3877.2948000000006,3008.1539999999995,1,1,1,1,214
replay,12,0.35,1.0,c12_replay_400_0037,17.9989,2.545644124354863,4.538188444849408,2488.9384000000005,2145.554,2789.204,2022.9443999999996,1,1,1,1,214
replay,12,0.35,0.5,c12_replay_400_0038,16.0,1.9498220149253733,4.340933333333333,4236.1868,4092.7488000000003,4445.024,3960.056400000001,1,1,1,1,208
replay,12,0.35,1.0,c12_replay_400_0038,16.0,1.9498220149253733,4.340933333333333,4142.062,4049.4020000000005,4315.8168000000005,4120.6904,1,1,1,1,208
replay,12,0.35,0.5,c12_replay_400_0039,18.2553,2.294232032880903,5.975737457067263,1415.4553999999996,1246.8136000000002,1210.7238,1192.0402,1,1,1,1,136
replay,12,0.35,1.0,c12_replay_400_0039,18.2553,2.294232032880903,5.975737457067263,1380.9584,1208.3944,1235.2236,1169.4892,1,1,1,1,136
replay,12,0.25,0.5,c12_replay_400_0000,22.765,2.530127293041377,6.975945530419503,1791.9101999999998,1402.802,3713.1922,1342.0837999999999,1,1,1,1,223
replay,12,0.25,1.0,c12_replay_400_0000,22.765,2.530127293041377,6.975945530419503,2397.1649999999995,2164.0948,5725.242799999999,2490.8046000000004,1,1,1,1,223
replay,12,0.25,0.5,c12_replay_400_0001,27.2192,3.5166931398807995,6.632164060663061,5424.0646,4499.077399999999,6495.7552,4763.0810999999985,1,1,1,1,215
replay,12,0.25,1.0,c12_replay_400_0001,27.2192,3.5166931398807995,6.632164060663061,4939.9056,4338.8315999999995,6206.3168,4668.0398,1,1,1,1,215
replay,12,0.25,0.5,c12_replay_400_0002,24.0,2.586857518115942,3.866975,5372.347,3982.4272,5814.5383999999995,4045.09,1,1,1,1,209
replay,12,0.25,1.0,c12_replay_400_0002,24.0,2.586857518115942,3.866975,4399.3476,3912.6044000000006,4989.0228,4504.2924,1,1,1,1,209
replay,12,0.25,0.5,c12_replay_400_0003,21.3489,2.7968929057947594,5.8139257760352985,1576.062,1315.563,1906.7941999999994,1552.0819000000004,1,1,1,1,192
replay,12,0.25,1.0,c12_replay_400_0003,21.3489,2.7968929057947594,5.8139257760352985,1747.5212000000006,1655.2538,1697.763,1623.8690000000001,1,1,1,1,192
replay,12,0.25,0.5,c12_replay_400_0004,16.0,2.2018745923913046,4.140625,1618.8902,896.9646,2092.9646000000002,1205.9646,1,1,1,1,169
replay,12,0.25,1.0,c12_replay_400_0004,16.0,2.2018745923913046,4.140625,3536.6592,2481.7336,4107.7336,3205.7336,1,1,1,1,169
replay,12,0.25,0.5,c12_replay_400_0005,24.8472,2.4922178266608994,4.887555022008803,4031.8909999999996,3526.9076,4215.586199999999,3150.9623999999994,1,1,1,1,195
replay,12,0.25,1.0,c12_replay_400_0005,24.8472,2.4922178266608994,4.887555022008803,3909.1603999999998,3312.1056,4102.2880000000005,3335.0843999999993,1,1,1,1,195
replay,12,0.25,0.5,c12_replay_400_0006,21.2286,2.3201616031530885,4.886097057742856,4680.273999999999,3830.2812000000004,5017.133200000001,3791.750400000001,1,1,1,1,177
replay,12,0.25,1.0,c12_replay_400_0006,21.2286,2.3201616031530885,4.886097057742856,3715.7796,3364.4796000000006,4174.437200000001,3053.2772000000014,1,1,1,1,177
replay,12,0.25,0.5,c12_replay_400_0007,21.645,2.918723171331867,4.802306306306306,4062.0756000000006,3974.4452000000006,4211.917200000001,3855.1552000000006,1,1,1,1,145
replay,12,0.25,1.0,c12_replay_400_0007,21.645,2.918723171331867,4.802306306306306,2856.8488,2863.3124,2867.9568000000004,2782.1798,1,1,1,1,145
replay,12,0.25,0.5,c12_replay_400_0008,22.6644,2.2718508743457466,3.6960666654900782,2692.4341999999997,1965.6614000000002,2682.3094,1795.2062,1,1,1,1,207
replay,12,0.25,1.0,c12_replay_400_0008,22.6644,2.2718508743457466,3.6960666654900782,3753.7463999999995,2593.1088,3449.2087999999994,2982.0764,1,1,1,1,207
replay,12,0.25,0.5,c12_replay_400_0009,32.0242,1.7902963601167918,2.4398959001540796,2724.7507999999993,2427.3531999999996,2755.1092,2322.8504,1,1,1,1,174
replay,12,0.25,1.0,c12_replay_400_0009,32.0242,1.7902963601167918,2.4398959001540796,1818.8867999999998,1868.5911999999998,2020.0285999999992,1688.3151999999995,1,1,1,1,174
replay,12,0.25,0.5,c12_replay_400_0010,24.9056,2.5449219731968786,5.109292689194398,1675.9643999999996,1617.7559999999999,2114.1364000000003,1565.9448,1,1,1,1,155
replay,12,0.25,1.0,c12_replay_400_0010,24.9056,2.5449219731968786,5.109292689194398,1161.5683999999999,1220.4165999999998,1180.2723999999998,1152.5607999999997,1,1,1,1,155
replay,12,0.25,0.5,c12_replay_400_0011,24.0,2.6853326992753623,8.973533333333334,3135.7456,3082.9216,3692.2616000000003,3223.5247999999997,1,1,1,1,150
replay,12,0.25,1.0,c12_replay_400_0011,24.0,2.6853326992753623,8.973533333333334,3136.3386,2961.215,3730.4142,3099.383,1,1,1,1,150
replay,12,0.25,0.5,c12_replay_400_0012,21.3369,2.6933581281010017,5.408470771292925,3652.4864000000002,3250.6414,3984.4649999999992,3428.696,1,1,1,1,203
replay,12,0.25,1.0,c12_replay_400_0012,21.3369,2.6933581281010017,5.408470771292925,2933.8874000000005,2621.9956,3424.4444,2687.317,1,1,1,1,203
replay,12,0.25,0.5,c12_replay_400_0013,20.4692,3.3297467499420126,5.750011399240485,2926.6923999999995,2379.8176,3130.3938,2231.9046,1,1,1,1,157
replay,12,0.25,1.0,c12_replay_400_0013,20.4692,3.3297467499420126,5.750011399240485,3313.2157999999995,3069.9522,4287.190600000001,2955.8218,1,1,1,1,157
replay,12,0.25,0.5,c12_replay_400_0014,17.4958,2.3888548158390313,7.023114118817088,2035.1269999999997,1708.7975999999999,3100.67,1891.1775999999998,1,1,1,1,224
replay,12,0.25,1.0,c12_replay_400_0014,17.4958,2.3888548158390313,7.023114118817088,1461.2500000000002,1290.6680000000003,1758.5000000000005,1214.9871999999996,1,1,1,1,224
replay,12,0.25,0.5,c12_replay_400_0015,27.2961,2.1907256857684554,4.004596505239454,2029.3927999999996,1718.6332,2215.2424,1583.5724,1,1,1,1,188
replay,12,0.25,1.0,c12_replay_400_0015,27.2961,2.1907256857684554,4.004596505239454,1670.7024000000004,1519.3960000000004,1819.3506,1375.1191999999999,1,1,1,1,188
replay,12,0.25,0.5,c12_replay_400_0016,22.3058,2.2017950488213827,5.435348653713384,869.0323999999999,713.2651999999998,890.1331999999998,758.2096,1,1,1,1,161
replay,12,0.25,1.0,c12_replay_400_0016,22.3058,2.2017950488213827,5.435348653713384,998.428,938.7403999999999,1125.7844,961.1139999999999,1,1,1,1,161
replay,12,0.25,0.5,c12_replay_400_0017,16.0,3.2461,5.863541666666666,1112.602,873.416,1019.1824000000001,844.916,1,1,1,1,192
replay,12,0.25,1.0,c12_replay_400_0017,16.0,3.2461,5.863541666666666,1578.838,1398.9592,1455.9016,1355.9592,1,1,1,1,192
replay,12,0.25,0.5,c12_replay_400_0018,12.8089,3.460365024726354,6.4581252098150514,5114.591200000001,3983.9948,11261.619599999998,6497.4944,1,1,1,1,255
replay,12,0.25,1.0,c12_replay_400_0018,12.8089,3.460365024726354,6.4581252098150514,3756.511000000001,3750.0054000000005,11279.644199999999,5451.250999999998,1,1,1,1,255
replay,12,0.25,0.5,c12_replay_400_0019,24.0,2.577371739130434,4.675,4381.1368,4131.818799999999,6244.138800000001,4965.6968,1,1,1,1,184
replay,12,0.25,1.0,c12_replay_400_0019,24.0,2.577371739130434,4.675,3605.626799999999,3464.6787999999997,4740.695599999999,3305.449199999999,1,1,1,1,184
replay,12,0.25,0.5,c12_replay_400_0020,24.5572,2.338806506052595,3.4205023374000296,3730.4624,3289.3571999999995,3857.2172,3016.9723999999997,1,1,1,1,141
replay,12,0.25,1.0,c12_replay_400_0020,24.5572,2.338806506052595,3.4205023374000296,2310.5456,2282.801,2316.2736000000004,2131.4588,1,1,1,1,141
replay,12,0.25,0.5,c12_replay_400_0021,24.0,2.48973759057971,7.926966666666666,4808.2122,4169.3286,5580.158000000001,4925.6482000000005,1,1,1,1,222
replay,12,0.25,1.0,c12_replay_400_0021,24.0,2.48973759057971,7.926966666666666,4736.4802,4373.4418,5262.7258,5301.1004,1,1,1,1,222
replay,12,0.25,0.5,c12_replay_400_0022,26.9928,2.5878135940920797,5.903974393171513,7994.038000000001,5589.2308,10687.157600000002,6786.880400000002,1,1,1,1,201
replay,12,0.25,1.0,c12_replay_400_0022,26.9928,2.5878135940920797,5.903974393171513,8134.807600000002,4632.749000000001,11709.806600000004,7221.547800000001,1,1,1,1,201
replay,12,0.25,0.5,c12_replay_400_0023,20.5228,2.735549687685637,6.456234042138499,5230.1998,4724.6564,5580.626799999999,4633.660999999999,1,1,1,1,195
replay,12,0.25,1.0,c12_replay_400_0023,20.5228,2.735549687685637,6.456234042138499,4610.448799999999,3891.8269999999993,5709.44,4213.6636,1,1,1,1,195
replay,12,0.25,0.5,c12_replay_400_0024,24.0,1.9612418478260871,2.717708333333333,1387.3536000000001,760.1181999999999,1464.7393999999997,712.3924,1,1,1,1,213
replay,12,0.25,1.0,c12_replay_400_0024,24.0,1.9612418478260871,2.717708333333333,2198.2856000000006,1550.4624000000001,2069.1556,1375.4728,1,1,1,1,213
replay,12,0.25,0.5,c12_replay_400_0025,23.3019,2.0720736151950288,3.5219509997038863,1633.1978000000001,1409.2972,1656.528,1512.004,1,1,1,1,154
replay,12,0.25,1.0,c12_replay_400_0025,23.3019,2.0720736151950288,3.5219509997038863,1838.7396,1640.3111999999999,1865.5067999999997,1740.3768,1,1,1,1,154
replay,12,0.25,0.5,c12_replay_400_0026,24.0,1.8332644927536232,2.8689261904761905,2064.9078,1864.9180000000001,2035.5274,1725.524,1,1,1,1,129
replay,12,0.25,1.0,c12_replay_400_0026,24.0,1.8332644927536232,2.8689261904761905,2571.7426,1931.9074000000003,2369.3837999999996,1933.7402000000004,1,1,1,1,129
replay,12,0.25,0.5,c12_replay_400_0027,30.4011,2.065424763663443,5.878076780116508,3195.3674,2324.5576,4898.5823,2820.2576999999997,1,1,1,1,240
replay,12,0.25,1.0,c12_replay_400_0027,30.4011,2.065424763663443,5.878076780116508,3594.837400000001,2751.8412000000003,3909.6765,3676.6949,1,1,1,1,240
replay,12,0.25,0.5,c12_replay_400_0028,24.0,2.2906019927536234,5.022183333333333,2188.7388000000005,1874.958,2085.8262000000004,1925.9116000000004,1,1,1,1,208
replay,12,0.25,1.0,c12_replay_400_0028,24.0,2.2906019927536234,5.022183333333333,1861.3248000000003,1689.4913999999997,2039.1765999999998,1713.6978000000001,1,1,1,1,208
replay,12,0.25,0.5,c12_replay_400_0029,15.5781,2.2594116936178246,6.896373755464403,945.4608000000001,831.9404000000001,1094.6584,783.8055999999999,1,1,1,1,172
replay,12,0.25,1.0,c12_replay_400_0029,15.5781,2.2594116936178246,6.896373755464403,987.1464000000001,899.0644,950.875,905.5400000000001,1,1,1,1,172
replay,12,0.25,0.5,c12_replay_400_0030,33.8939,1.4275757199865513,2.6287916114699104,2098.625,1855.4624,2380.6788,2136.0327999999995,1,1,1,1,174
replay,12,0.25,1.0,c12_replay_400_0030,33.8939,1.4275757199865513,2.6287916114699104,1666.9168000000004,1470.9060000000002,1854.3950000000004,1644.8682000000001,1,1,1,1,174
replay,12,0.25,0.5,c12_replay_400_0031,17.8953,3.1715993439132304,5.127044531245635,2436.798,2078.1448,2911.7796,2060.7223999999997,1,1,1,1,209
replay,12,0.25,1.0,c12_replay_400_0031,17.8953,3.1715993439132304,5.127044531245635,2025.1732000000002,1710.6108,2928.108800000001,1619.4984000000004,1,1,1,1,209
replay,12,0.25,0.5,c12_replay_400_0032,16.0,2.3108645380434787,6.28015,1178.6604000000002,755.0024000000001,1060.9840000000002,710.8024,1,1,1,1,218
replay,12,0.25,1.0,c12_replay_400_0032,16.0,2.3108645380434787,6.28015,1292.5752000000002,1053.7484000000002,1249.9296000000002,1015.3871999999999,1,1,1,1,218
replay,12,0.25,0.5,c12_replay_400_0033,24.0,1.7783194746376811,2.4836309523809526,896.499,816.3676,886.944,743.2692,1,1,1,1,153
replay,12,0.25,1.0,c12_replay_400_0033,24.0,1.7783194746376811,2.4836309523809526,1328.325,1095.6408,1248.5443999999995,1033.3991999999998,1,1,1,1,153
replay,12,0.25,0.5,c12_replay_400_0034,24.0,2.5467659420289857,6.244791666666667,2031.9663999999998,1770.5132,2083.758,1479.4583999999998,1,1,1,1,191
replay,12,0.25,1.0,c12_replay_400_0034,24.0,2.5467659420289857,6.244791666666667,2815.4228,2189.5168,3052.8451999999993,1807.1119999999999,1,1,1,1,191
replay,12,0.25,0.5,c12_replay_400_0035,26.4333,1.652859806775347,3.158579014601532,1552.6580000000001,1398.6824000000001,1638.0899999999995,1418.516,1,1,1,1,158
replay,12,0.25,1.0,c12_replay_400_0035,26.4333,1.652859806775347,3.158579014601532,1777.1792,1664.0424,1787.222,1642.356,1,1,1,1,158
replay,12,0.25,0.5,c12_replay_400_0036,24.0,2.2180320652173915,5.011780555555555,1807.6242,1158.1471999999999,1546.1386,1157.0135999999998,1,1,1,1,187
replay,12,0.25,1.0,c12_replay_400_0036,24.0,2.2180320652173915,5.011780555555555,1685.158,1343.1624,1703.4484000000002,1348.5888,1,1,1,1,187
replay,12,0.25,0.5,c12_replay_400_0037,17.9989,3.7077860072125173,6.5554828350621435,5227.3998,4816.031200000001,7779.136600000001,4918.0743999999995,1,1,1,1,229
replay,12,0.25,1.0,c12_replay_400_0037,17.9989,3.7077860072125173,6.5554828350621435,4437.4662,4037.7188000000015,6775.398999999999,4250.876400000001,1,1,1,1,229
replay,12,0.25,0.5,c12_replay_400_0038,16.0,2.8399581521739132,6.5114,5803.3784,5452.5167999999985,7953.4007999999985,6571.855999999999,1,1,1,1,231
replay,12,0.25,1.0,c12_replay_400_0038,16.0,2.8399581521739132,6.5114,5998.492399999999,5786.979199999999,8310.441599999998,7431.5792,1,1,1,1,231
replay,12,0.25,0.5,c12_replay_400_0039,18.2553,3.341598830500446,7.469671821334079,1771.6106,1341.9967,2469.0544,1258.2363999999998,1,1,1,1,182
replay,12,0.25,1.0,c12_replay_400_0039,18.2553,3.341598830500446,7.469671821334079,1871.9365999999998,1600.8942,2906.722399999999,1547.4366000000002,1,1,1,1,182
generator,9,1.0,0.5,c09_gen_400_0000,89.2986,0.1647094606457911,0.33324822561607914,425.07680000000005,425.07680000000005,425.07680000000005,425.07680000000005,1,1,1,1,13
generator,9,1.0,1.0,c09_gen_400_0000,89.2986,0.1647094606457911,0.33324822561607914,470.07920000000007,470.07920000000007,470.07920000000007,470.07920000000007,1,1,1,1,13
generator,9,1.0,0.5,c09_gen_400_0001,83.6324,0.15051010388463337,0.2537239497747626,36.558400000000006,36.558400000000006,36.558400000000006,36.558400000000006,1,1,1,1,16
generator,9,1.0,1.0,c09_gen_400_0001,83.6324,0.15051010388463337,0.2537239497747626,34.274400000000014,34.274400000000014,34.274400000000014,34.274400000000014,1,1,1,1,16
generator,9,1.0,0.5,c09_gen_400_0002,93.4569,0.1350997414883548,0.22289757809928068,13.064000000000021,13.064000000000021,13.064000000000021,13.064000000000021,1,1,1,1,15
generator,9,1.0,1.0,c09_gen_400_0002,93.4569,0.1350997414883548,0.22289757809928068,91.40400000000001,91.40400000000001,91.40400000000001,91.40400000000001,1,1,1,1,15
generator,9,1.0,0.5,c09_gen_400_0003,87.0699,0.16913043080294912,0.2086263860579669,341.4996000000001,341.4996000000001,341.4996000000001,341.4996000000001,1,1,1,1,18
generator,9,1.0,1.0,c09_gen_400_0003,87.0699,0.16913043080294912,0.2086263860579669,408.5032000000002,408.5032000000002,408.5032000000002,408.5032000000002,1,1,1,1,18
generator,9,1.0,0.5,c09_gen_400_0004,78.9523,0.17061644316961772,0.33471566285683174,34.29759999999996,34.29759999999996,34.29759999999996,34.29759999999996,1,1,1,1,14
generator,9,1.0,1.0,c09_gen_400_0004,78.9523,0.17061644316961772,0.33471566285683174,33.33079999999998,33.33079999999998,33.33079999999998,33.33079999999998,1,1,1,1,14
generator,9,1.0,0.5,c09_gen_400_0005,80.7989,0.20564485132567123,0.37633556892482445,365.09199999999987,365.09199999999987,365.09199999999987,365.09199999999987,1,1,1,1,16
generator,9,1.0,1.0,c09_gen_400_0005,80.7989,0.20564485132567123,0.37633556892482445,370.9595999999999,370.9595999999999,370.9595999999999,370.9595999999999,1,1,1,1,16
generator,9,1.0,0.5,c09_gen_400_0006,81.7267,0.1786282076652298,0.2702516435877137,324.0656,324.0656,324.0656,324.0656,1,1,1,1,24
generator,9,1.0,1.0,c09_gen_400_0006,81.7267,0.1786282076652298,0.2702516435877137,281.1311999999999,281.1311999999999,281.1311999999999,281.1311999999999,1,1,1,1,24
generator,9,1.0,0.5,c09_gen_400_0007,87.2869,0.1652151373426845,0.2351654906597286,238.73520000000008,238.73520000000008,238.73520000000008,238.73520000000008,1,1,1,1,23
generator,9,1.0,1.0,c09_gen_400_0007,87.2869,0.1652151373426845,0.2351654906597286,127.7352,127.7352,127.7352,127.7352,1,1,1,1,23
generator,9,1.0,0.5,c09_gen_400_0008,74.6172,0.18979375784509186,0.2609311257994137,262.0224,262.0224,262.0224,262.0224,1,1,1,1,17
generator,9,1.0,1.0,c09_gen_400_0008,74.6172,0.18979375784509186,0.2609311257994137,394.5932,394.5932,394.5932,394.5932,1,1,1,1,17
generator,9,1.0,0.5,c09_gen_400_0009,85.7084,0.16796246271536905,0.26134611243305367,105.85519999999997,105.85519999999997,105.85519999999997,105.85519999999997,1,1,1,1,17
generator,9,1.0,1.0,c09_gen_400_0009,85.7084,0.16796246271536905,0.26134611243305367,75.99279999999999,75.99279999999999,75.99279999999999,75.99279999999999,1,1,1,1,17
generator,9,1.0,0.5,c09_gen_400_0010,88.1545,0.1497828279104334,0.21802290297148755,206.29120000000006,206.29120000000006,206.29120000000006,206.29120000000006,1,1,1,1,17
generator,9,1.0,1.0,c09_gen_400_0010,88.1545,0.1497828279104334,0.21802290297148755,206.29120000000006,206.29120000000006,206.29120000000006,206.29120000000006,1,1,1,1,17
generator,9,1.0,0.5,c09_gen_400_0011,87.3263,0.15153607617046466,0.20681905516600207,128.5672,128.5672,128.5672,128.5672,1,1,1,1,15
generator,9,1.0,1.0,c09_gen_400_0011,87.3263,0.15153607617046466,0.20681905516600207,266.0984,266.0984,266.0984,266.0984,1,1,1,1,15
generator,9,1.0,0.5,c09_gen_400_0012,79.9357,0.1975009257124758,0.27961640835488194,173.72399999999993,173.72399999999993,173.72399999999993,173.72399999999993,1,1,1,1,17
generator,9,1.0,1.0,c09_gen_400_0012,79.9357,0.1975009257124758,0.27961640835488194,79.19599999999997,79.19599999999997,79.19599999999997,79.19599999999997,1,1,1,1,17
generator,9,1.0,0.5,c09_gen_400_0013,87.1936,0.1552602021202928,0.2101526291575791,20.11119999999994,20.11119999999994,20.11119999999994,20.11119999999994,1,1,1,1,17
generator,9,1.0,1.0,c09_gen_400_0013,87.1936,0.1552602021202928,0.2101526291575791,86.03519999999997,86.03519999999997,86.03519999999997,86.03519999999997,1,1,1,1,17
generator,9,1.0,0.5,c09_gen_400_0014,88.8514,0.17403877585371638,0.2677650549119091,381.1895999999999,381.1895999999999,381.1895999999999,381.1895999999999,1,1,1,1,20
generator,9,1.0,1.0,c09_gen_400_0014,88.8514,0.17403877585371638,0.2677650549119091,354.126,354.126,354.126,354.126,1,1,1,1,20
generator,9,1.0,0.5,c09_gen_400_0015,84.5714,0.1568821544203293,0.2319200952432756,143.29280000000003,143.29280000000003,143.29280000000003,143.29280000000003,1,1,1,1,14
generator,9,1.0,1.0,c09_gen_400_0015,84.5714,0.1568821544203293,0.2319200952432756,103.80560000000003,103.80560000000003,103.80560000000003,103.80560000000003,1,1,1,1,14
generator,9,1.0,0.5,c09_gen_400_0016,89.0424,0.1705701412751088,0.361185233102432,282.33960000000013,282.33960000000013,282.33960000000013,282.33960000000013,1,1,1,1,15
generator,9,1.0,1.0,c09_gen_400_0016,89.0424,0.1705701412751088,0.361185233102432,533.3976000000001,533.3976000000001,533.3976000000001,533.3976000000001,1,1,1,1,15
generator,9,1.0,0.5,c09_gen_400_0017,82.7618,0.17048303478516455,0.2172139113179545,205.8184,205.8184,205.8184,205.8184,1,1,1,1,16
generator,9,1.0,1.0,c09_gen_400_0017,82.7618,0.17048303478516455,0.2172139113179545,500.9864,500.9864,500.9864,500.9864,1,1,1,1,16
generator,9,1.0,0.5,c09_gen_400_0018,89.3222,0.16531602344199892,0.31572862065645496,307.5076000000001,307.5076000000001,307.5076000000001,307.5076000000001,1,1,1,1,12
generator,9,1.0,1.0,c09_gen_400_0018,89.3222,0.16531602344199892,0.31572862065645496,279.70399999999995,279.70399999999995,279.70399999999995,279.70399999999995,1,1,1,1,12
generator,9,1.0,0.5,c09_gen_400_0019,82.6779,0.2127723455369658,0.3391575418985404,310.9295999999999,310.9295999999999,310.9295999999999,310.9295999999999,1,1,1,1,24
generator,9,1.0,1.0,c09_gen_400_0019,82.6779,0.2127723455369658,0.3391575418985404,343.33839999999987,343.33839999999987,343.33839999999987,343.33839999999987,1,1,1,1,24
generator,9,1.0,0.5,c09_gen_400_0020,75.5973,0.18700830892536158,0.8456518949750851,102.62400000000002,102.62400000000002,102.62400000000002,102.62400000000002,1,1,1,1,18
generator,9,1.0,1.0,c09_gen_400_0020,75.5973,0.18700830892536158,0.8456518949750851,195.88399999999996,195.88399999999996,195.88399999999996,195.88399999999996,1,1,1,1,18
generator,9,1.0,0.5,c09_gen_400_0021,81.1284,0.17048968740361642,0.23960931067295796,110.23480000000006,110.23480000000006,110.23480000000006,110.23480000000006,1,1,1,1,18
generator,9,1.0,1.0,c09_gen_400_0021,81.1284,0.17048968740361642,0.23960931067295796,206.16680000000002,206.16680000000002,206.16680000000002,206.16680000000002,1,1,1,1,18
generator,9,1.0,0.5,c09_gen_400_0022,89.9486,0.17594918462636253,0.2683023045013115,525.9836000000001,525.9836000000001,525.9836000000001,525.9836000000001,1,1,1,1,19
generator,9,1.0,1.0,c09_gen_400_0022,89.9486,0.17594918462636253,0.2683023045013115,441.6460000000001,441.6460000000001,441.6460000000001,441.6460000000001,1,1,1,1,19
generator,9,1.0,0.5,c09_gen_400_0023,81.8684,0.1545471794126953,0.20522051243214723,256.27639999999997,256.27639999999997,256.27639999999997,256.27639999999997,1,1,1,1,17
generator,9,1.0,1.0,c09_gen_400_0023,81.8684,0.1545471794126953,0.20522051243214723,576.9768,576.9768,576.9768,576.9768,1,1,1,1,17
generator,9,1.0,0.5,c09_gen_400_0024,96.1795,0.13008892621388007,0.25388258412655507,31.388000000000034,31.388000000000034,31.388000000000034,31.388000000000034,1,1,1,1,14
generator,9,1.0,1.0,c09_gen_400_0024,96.1795,0.13008892621388007,0.25388258412655507,0.0,0.0,0.0,0.0,1,1,1,1,14
generator,9,1.0,0.5,c09_gen_400_0025,87.1572,0.1693244905165435,0.282667218925497,132.83760000000004,132.83760000000004,132.83760000000004,132.83760000000004,1,1,1,1,22
generator,9,1.0,1.0,c09_gen_400_0025,87.1572,0.1693244905165435,0.282667218925497,220.15880000000004,220.15880000000004,220.15880000000004,220.15880000000004,1,1,1,1,22
generator,9,1.0,0.5,c09_gen_400_0026,86.9409,0.1503164154551476,0.2352310592597961,51.54000000000005,51.54000000000005,51.54000000000005,51.54000000000005,1,1,1,1,13
generator,9,1.0,1.0,c09_gen_400_0026,86.9409,0.1503164154551476,0.2352310592597961,120.66160000000002,120.66160000000002,120.66160000000002,120.66160000000002,1,1,1,1,13
generator,9,1.0,0.5,c09_gen_400_0027,87.251,0.16375525897709028,0.40048767349371345,70.49119999999994,70.49119999999994,70.49119999999994,70.49119999999994,1,1,1,1,13
generator,9,1.0,1.0,c09_gen_400_0027,87.251,0.16375525897709028,0.40048767349371345,70.49119999999994,70.49119999999994,70.49119999999994,70.49119999999994,1,1,1,1,13
generator,9,1.0,0.5,c09_gen_400_0028,82.3658,0.17756754538039976,0.2717614592464347,547.9123999999999,547.9123999999999,547.9123999999999,547.9123999999999,1,1,1,1,17
generator,9,1.0,1.0,c09_gen_400_0028,82.3658,0.17756754538039976,0.2717614592464347,687.3408,687.3408,687.3408,687.3408,1,1,1,1,17
generator,9,1.0,0.5,c09_gen_400_0029,92.5374,0.14294958393344556,0.2196375015219072,418.4496000000001,418.4496000000001,418.4496000000001,418.4496000000001,1,1,1,1,20
generator,9,1.0,1.0,c09_gen_400_0029,92.5374,0.14294958393344556,0.2196375015219072,391.72880000000004,391.72880000000004,391.72880000000004,391.72880000000004,1,1,1,1,20
generator,9,1.0,0.5,c09_gen_400_0030,79.0114,0.16965206887547213,0.2353950400406355,115.84319999999997,115.84319999999997,115.84319999999997,115.84319999999997,1,1,1,1,13
generator,9,1.0,1.0,c09_gen_400_0030,79.0114,0.16965206887547213,0.2353950400406355,122.78520000000003,122.78520000000003,122.78520000000003,122.78520000000003,1,1,1,1,13
generator,9,1.0,0.5,c09_gen_400_0031,85.1061,0.16354416499646984,0.2621586466775002,76.86800000000005,76.86800000000005,76.86800000000005,76.86800000000005,1,1,1,1,15
generator,9,1.0,1.0,c09_gen_400_0031,85.1061,0.16354416499646984,0.2621586466775002,76.86800000000005,76.86800000000005,76.86800000000005,76.86800000000005,1,1,1,1,15
generator,9,1.0,0.5,c09_gen_400_0032,83.547,0.1621104820573383,0.26612445689252756,231.93560000000005,231.93560000000005,231.93560000000005,231.93560000000005,1,1,1,1,17
generator,9,1.0,1.0,c09_gen_400_0032,83.547,0.1621104820573383,0.26612445689252756,366.2384,366.2384,366.2384,366.2384,1,1,1,1,17
generator,9,1.0,0.5,c09_gen_400_0033,82.2479,0.17575126814511646,0.30681634424708715,544.6256,544.6256,544.6256,544.6256,1,1,1,1,19
generator,9,1.0,1.0,c09_gen_400_0033,82.2479,0.17575126814511646,0.30681634424708715,655.6256,655.6256,655.6256,655.6256,1,1,1,1,19
generator,9,1.0,0.5,c09_gen_400_0034,84.9556,0.15723781991220512,0.2563758010066435,126.38,126.38,126.38,126.38,1,1,1,1,16
generator,9,1.0,1.0,c09_gen_400_0034,84.9556,0.15723781991220512,0.2563758010066435,89.64080000000001,89.64080000000001,89.64080000000001,89.64080000000001,1,1,1,1,16
generator,9,1.0,0.5,c09_gen_400_0035,82.8449,0.18137634363135277,0.2711642047799132,61.511200000000144,61.511200000000144,61.511200000000144,61.511200000000144,1,1,1,1,17
generator,9,1.0,1.0,c09_gen_400_0035,82.8449,0.18137634363135277,0.2711642047799132,61.511200000000144,61.511200000000144,61.511200000000144,61.511200000000144,1,1,1,1,17
generator,9,1.0,0.5,c09_gen_400_0036,91.7967,0.1484561630057056,0.20328710851572793,362.33119999999997,362.33119999999997,362.33119999999997,362.33119999999997,1,1,1,1,13
generator,9,1.0,1.0,c09_gen_400_0036,91.7967,0.1484561630057056,0.20328710851572793,84.75039999999996,84.75039999999996,84.75039999999996,84.75039999999996,1,1,1,1,13
generator,9,1.0,0.5,c09_gen_400_0037,91.5919,0.14189747778962544,0.258212789558902,6.357599999999991,6.357599999999991,6.357599999999991,6.357599999999991,1,1,1,1,15
generator,9,1.0,1.0,c09_gen_400_0037,91.5919,0.14189747778962544,0.258212789558902,155.1932,155.1932,155.1932,155.1932,1,1,1,1,15
generator,9,1.0,0.5,c09_gen_400_0038,85.3856,0.16788944990890048,0.2868317374358206,99.64159999999993,99.64159999999993,99.64159999999993,99.64159999999993,1,1,1,1,20
generator,9,1.0,1.0,c09_gen_400_0038,85.3856,0.16788944990890048,0.2868317374358206,86.24399999999991,86.24399999999991,86.24399999999991,86.24399999999991,1,1,1,1,20
generator,9,1.0,0.5,c09_gen_400_0039,87.3827,0.1420654734457123,0.236664122303385,0.0,0.0,0.0,0.0,1,1,1,1,12
generator,9,1.0,1.0,c09_gen_400_0039,87.3827,0.1420654734457123,0.236664122303385,30.533999999999992,30.533999999999992,30.533999999999992,30.533999999999992,1,1,1,1,12
generator,9,0.75,0.5,c09_gen_400_0000,89.2986,0.22035454870180157,0.4165602820200989,425.07680000000005,425.07680000000005,425.07680000000005,425.07680000000005,1,1,1,1,13
generator,9,0.75,1.0,c09_gen_400_0000,89.2986,0.22035454870180157,0.4165602820200989,470.07920000000007,470.07920000000007,470.07920000000007,470.07920000000007,1,1,1,1,13
generator,9,0.75,0.5,c09_gen_400_0001,83.6324,0.2013581119537663,0.35521352968466763,36.558400000000006,36.558400000000006,36.558400000000006,36.558400000000006,1,1,1,1,16
generator,9,0.75,1.0,c09_gen_400_0001,83.6324,0.2013581119537663,0.35521352968466763,34.274400000000014,34.274400000000014,34.274400000000014,34.274400000000014,1,1,1,1,16
generator,9,0.75,0.5,c09_gen_400_0002,93.4569,0.1807415460452314,0.2971967707990409,13.064000000000021,13.064000000000021,13.064000000000021,13.064000000000021,1,1,1,1,15
generator,9,0.75,1.0,c09_gen_400_0002,93.4569,0.1807415460452314,0.2971967707990409,91.40400000000001,91.40400000000001,91.40400000000001,91.40400000000001,1,1,1,1,15
generator,9,0.75,0.5,c09_gen_400_0003,87.0699,0.22626908985799954,0.2781685147439559,341.4996000000001,341.4996000000001,341.4996000000001,341.4996000000001,1,1,1,1,18
generator,9,0.75,1.0,c09_gen_400_0003,87.0699,0.22626908985799954,0.2781685147439559,408.5032000000002,408.5032000000002,408.5032000000002,408.5032000000002,1,1,1,1,18
generator,9,0.75,0.5,c09_gen_400_0004,78.9523,0.2282571334296237,0.4686019279995644,34.29759999999996,34.29759999999996,34.29759999999996,34.29759999999996,1,1,1,1,14
generator,9,0.75,1.0,c09_gen_400_0004,78.9523,0.2282571334296237,0.4686019279995644,33.33079999999998,33.33079999999998,33.33079999999998,33.33079999999998,1,1,1,1,14
generator,9,0.75,0.5,c09_gen_400_0005,80.7989,0.2751194632600196,0.4554331804022085,369.5936,369.5936,369.5936,369.5936,1,1,1,1,16
generator,9,0.75,1.0,c09_gen_400_0005,80.7989,0.2751194632600196,0.4554331804022085,370.9595999999999,370.9595999999999,370.9595999999999,370.9595999999999,1,1,1,1,16
generator,9,0.75,0.5,c09_gen_400_0006,81.7267,0.23897557511969933,0.36033552478361824,324.0656,324.0656,324.0656,324.0656,1,1,1,1,24
generator,9,0.75,1.0,c09_gen_400_0006,81.7267,0.23897557511969933,0.36033552478361824,281.1311999999999,281.1311999999999,281.1311999999999,281.1311999999999,1,1,1,1,24
generator,9,0.75,0.5,c09_gen_400_0007,87.2869,0.22103106212061846,0.35274823598959293,238.73520000000008,238.73520000000008,238.73520000000008,238.73520000000008,1,1,1,1,23
generator,9,0.75,1.0,c09_gen_400_0007,87.2869,0.22103106212061846,0.35274823598959293,127.7352,127.7352,127.7352,127.7352,1,1,1,1,23
generator,9,0.75,0.5,c09_gen_400_0008,74.6172,0.2539132706305959,0.3653035761191791,262.0224,262.0224,262.0224,262.0224,1,1,1,1,17
generator,9,0.75,1.0,c09_gen_400_0008,74.6172,0.2539132706305959,0.3653035761191791,394.5932,394.5932,394.5932,394.5932,1,1,1,1,17
generator,9,0.75,0.5,c09_gen_400_0009,85.7084,0.2247065379570478,0.36922693691633496,105.85519999999997,105.85519999999997,105.85519999999997,105.85519999999997,1,1,1,1,17
generator,9,0.75,1.0,c09_gen_400_0009,85.7084,0.2247065379570478,0.36922693691633496,75.99279999999999,75.99279999999999,75.99279999999999,75.99279999999999,1,1,1,1,17
generator,9,0.75,0.5,c09_gen_400_0010,88.1545,0.20038513463693117,0.29713979433834914,206.29120000000006,206.29120000000006,206.29120000000006,206.29120000000006,1,1,1,1,17
generator,9,0.75,1.0,c09_gen_400_0010,88.1545,0.20038513463693117,0.29713979433834914,206.29120000000006,206.29120000000006,206.29120000000006,206.29120000000006,1,1,1,1,17
generator,9,0.75,0.5,c09_gen_400_0011,87.3263,0.20273069649832434,0.28954667723240296,128.5672,128.5672,128.5672,128.5672,1,1,1,1,15
generator,9,0.75,1.0,c09_gen_400_0011,87.3263,0.20273069649832434,0.28954667723240296,266.0984,266.0984,266.0984,266.0984,1,1,1,1,15
generator,9,0.75,0.5,c09_gen_400_0012,79.9357,0.26422421142615005,0.4194246125323229,173.72399999999993,173.72399999999993,173.72399999999993,173.72399999999993,1,1,1,1,17
generator,9,0.75,1.0,c09_gen_400_0012,79.9357,0.26422421142615005,0.4194246125323229,79.19599999999997,79.19599999999997,79.19599999999997,79.19599999999997,1,1,1,1,17
generator,9,0.75,0.5,c09_gen_400_0013,87.1936,0.2077129731068782,0.3066515202950675,20.11119999999994,20.11119999999994,20.11119999999994,20.11119999999994,1,1,1,1,17
generator,9,0.75,1.0,c09_gen_400_0013,87.1936,0.2077129731068782,0.3066515202950675,86.03519999999997,86.03519999999997,86.03519999999997,86.03519999999997,1,1,1,1,17
generator,9,0.75,0.5,c09_gen_400_0014,88.8514,0.23283565958808,0.36827782117107893,381.1895999999999,381.1895999999999,381.1895999999999,381.1895999999999,1,1,1,1,20
generator,9,0.75,1.0,c09_gen_400_0014,88.8514,0.23283565958808,0.36827782117107893,354.126,354.126,354.126,354.126,1,1,1,1,20
generator,9,0.75,0.5,c09_gen_400_0015,84.5714,0.20988288226503518,0.3246881333405858,143.29280000000003,143.29280000000003,143.29280000000003,143.29280000000003,1,1,1,1,14
generator,9,0.75,1.0,c09_gen_400_0015,84.5714,0.20988288226503518,0.3246881333405858,103.80560000000003,103.80560000000003,103.80560000000003,103.80560000000003,1,1,1,1,14
generator,9,0.75,0.5,c09_gen_400_0016,89.0424,0.22819518900318608,0.5417778496536481,282.33960000000013,282.33960000000013,282.33960000000013,282.33960000000013,1,1,1,1,15
generator,9,0.75,1.0,c09_gen_400_0016,89.0424,0.22819518900318608,0.5417778496536481,533.3976000000001,533.3976000000001,533.3976000000001,533.3976000000001,1,1,1,1,15
generator,9,0.75,0.5,c09_gen_400_0017,82.7618,0.22807865464501742,0.3166738761119261,205.8184,205.8184,205.8184,205.8184,1,1,1,1,16
generator,9,0.75,1.0,c09_gen_400_0017,82.7618,0.22807865464501742,0.3166738761119261,500.9864,500.9864,500.9864,500.9864,1,1,1,1,16
generator,9,0.75,0.5,c09_gen_400_0018,89.3222,0.22116603136159313,0.42097149420860663,307.5076000000001,307.5076000000001,307.5076000000001,307.5076000000001,1,1,1,1,12
generator,9,0.75,1.0,c09_gen_400_0018,89.3222,0.22116603136159313,0.42097149420860663,279.70399999999995,279.70399999999995,279.70399999999995,279.70399999999995,1,1,1,1,12
generator,9,0.75,0.5,c09_gen_400_0019,82.6779,0.28465489470485966,0.5087363128478106,310.9295999999999,310.9295999999999,310.9295999999999,310.9295999999999,1,1,1,1,24
generator,9,0.75,1.0,c09_gen_400_0019,82.6779,0.28465489470485966,0.5087363128478106,343.33839999999987,343.33839999999987,343.33839999999987,343.33839999999987,1,1,1,1,24
generator,9,0.75,0.5,c09_gen_400_0020,75.5973,0.2501867916704162,0.8456518949750851,102.62400000000002,102.62400000000002,102.62400000000002,102.62400000000002,1,1,1,1,18
generator,9,0.75,1.0,c09_gen_400_0020,75.5973,0.2501867916704162,0.8456518949750851,195.88399999999996,195.88399999999996,195.88399999999996,195.88399999999996,1,1,1,1,18
generator,9,0.75,0.5,c09_gen_400_0021,81.1284,0.22808755476970305,0.3165606618644026,110.23480000000006,110.23480000000006,110.23480000000006,110.23480000000006,1,1,1,1,18
generator,9,0.75,1.0,c09_gen_400_0021,81.1284,0.22808755476970305,0.3165606618644026,206.16680000000002,206.16680000000002,206.16680000000002,206.16680000000002,1,1,1,1,18
generator,9,0.75,0.5,c09_gen_400_0022,89.9486,0.23539147672986335,0.40245345675196725,525.9836000000001,525.9836000000001,525.9836000000001,525.9836000000001,1,1,1,1,19
generator,9,0.75,1.0,c09_gen_400_0022,89.9486,0.23539147672986335,0.40245345675196725,441.6460000000001,441.6460000000001,441.6460000000001,441.6460000000001,1,1,1,1,19
generator,9,0.75,0.5,c09_gen_400_0023,81.8684,0.20675906434941668,0.275400887277631,256.27639999999997,256.27639999999997,256.27639999999997,256.27639999999997,1,1,1,1,17
generator,9,0.75,1.0,c09_gen_400_0023,81.8684,0.20675906434941668,0.275400887277631,576.9768,576.9768,576.9768,576.9768,1,1,1,1,17
generator,9,0.75,0.5,c09_gen_400_0024,96.1795,0.17403788777262333,0.2902792175047697,31.388000000000034,31.388000000000034,31.388000000000034,31.388000000000034,1,1,1,1,14
generator,9,0.75,1.0,c09_gen_400_0024,96.1795,0.17403788777262333,0.2902792175047697,0.0,0.0,0.0,0.0,1,1,1,1,14
generator,9,0.75,0.5,c09_gen_400_0025,87.1572,0.22652871028564603,0.42400082838824554,132.83760000000004,132.83760000000004,132.83760000000004,132.83760000000004,1,1,1,1,22
generator,9,0.75,1.0,c09_gen_400_0025,87.1572,0.22652871028564603,0.42400082838824554,220.15880000000004,220.15880000000004,220.15880000000004,220.15880000000004,1,1,1,1,22
generator,9,0.75,0.5,c09_gen_400_0026,86.9409,0.20109898824404884,0.3136414123463948,51.54000000000005,51.54000000000005,51.54000000000005,51.54000000000005,1,1,1,1,13
generator,9,0.75,1.0,c09_gen_400_0026,86.9409,0.20109898824404884,0.3136414123463948,120.66160000000002,120.66160000000002,120.66160000000002,120.66160000000002,1,1,1,1,13
generator,9,0.75,0.5,c09_gen_400_0027,87.251,0.21907798160448563,0.40048767349371345,70.49119999999994,70.49119999999994,70.49119999999994,70.49119999999994,1,1,1,1,13
generator,9,0.75,1.0,c09_gen_400_0027,87.251,0.21907798160448563,0.40048767349371345,70.49119999999994,70.49119999999994,70.49119999999994,70.49119999999994,1,1,1,1,13
generator,9,0.75,0.5,c09_gen_400_0028,82.3658,0.23755658098188615,0.3623486123285796,547.9123999999999,547.9123999999999,547.9123999999999,547.9123999999999,1,1,1,1,17
generator,9,0.75,1.0,c09_gen_400_0028,82.3658,0.23755658098188615,0.3623486123285796,687.3408,687.3408,687.3408,687.3408,1,1,1,1,17
generator,9,0.75,0.5,c09_gen_400_0029,92.5374,0.19124336228933936,0.2928500020292096,418.4496000000001,418.4496000000001,418.4496000000001,418.4496000000001,1,1,1,1,20
generator,9,0.75,1.0,c09_gen_400_0029,92.5374,0.19124336228933936,0.2928500020292096,391.72880000000004,391.72880000000004,391.72880000000004,391.72880000000004,1,1,1,1,20
generator,9,0.75,0.5,c09_gen_400_0030,79.0114,0.22696695700907757,0.3432979291595896,115.84319999999997,115.84319999999997,115.84319999999997,115.84319999999997,1,1,1,1,13
generator,9,0.75,1.0,c09_gen_400_0030,79.0114,0.22696695700907757,0.3432979291595896,122.78520000000003,122.78520000000003,122.78520000000003,122.78520000000003,1,1,1,1,13
generator,9,0.75,0.5,c09_gen_400_0031,85.1061,0.2187955720898718,0.31700982655767346,76.86800000000005,76.86800000000005,76.86800000000005,76.86800000000005,1,1,1,1,15
generator,9,0.75,1.0,c09_gen_400_0031,85.1061,0.2187955720898718,0.31700982655767346,76.86800000000005,76.86800000000005,76.86800000000005,76.86800000000005,1,1,1,1,15
generator,9,0.75,0.5,c09_gen_400_0032,83.547,0.2168775368064391,0.3359112568707168,231.93560000000005,231.93560000000005,231.93560000000005,231.93560000000005,1,1,1,1,17
generator,9,0.75,1.0,c09_gen_400_0032,83.547,0.2168775368064391,0.3359112568707168,366.2384,366.2384,366.2384,366.2384,1,1,1,1,17
generator,9,0.75,0.5,c09_gen_400_0033,82.2479,0.2351266965725207,0.32750307302678844,544.6256,544.6256,544.6256,544.6256,1,1,1,1,19
generator,9,0.75,1.0,c09_gen_400_0033,82.2479,0.2351266965725207,0.32750307302678844,655.6256,655.6256,655.6256,655.6256,1,1,1,1,19
generator,9,0.75,0.5,c09_gen_400_0034,84.9556,0.21035870501767978,0.32046975125830435,126.38,126.38,126.38,126.38,1,1,1,1,16
generator,9,0.75,1.0,c09_gen_400_0034,84.9556,0.21035870501767978,0.32046975125830435,89.64080000000001,89.64080000000001,89.64080000000001,89.64080000000001,1,1,1,1,16
generator,9,0.75,0.5,c09_gen_400_0035,82.8449,0.2426521353987017,0.37962988669187847,61.511200000000144,61.511200000000144,61.511200000000144,61.511200000000144,1,1,1,1,17
generator,9,0.75,1.0,c09_gen_400_0035,82.8449,0.2426521353987017,0.37962988669187847,61.511200000000144,61.511200000000144,61.511200000000144,61.511200000000144,1,1,1,1,17
generator,9,0.75,0.5,c09_gen_400_0036,91.7967,0.1986102721292548,0.2846019519220191,362.33119999999997,362.33119999999997,362.33119999999997,362.33119999999997,1,1,1,1,13
generator,9,0.75,1.0,c09_gen_400_0036,91.7967,0.1986102721292548,0.2846019519220191,84.75039999999996,84.75039999999996,84.75039999999996,84.75039999999996,1,1,1,1,13
generator,9,0.75,0.5,c09_gen_400_0037,91.5919,0.18983581488071513,0.3442837194118693,6.357599999999991,6.357599999999991,6.357599999999991,6.357599999999991,1,1,1,1,15
generator,9,0.75,1.0,c09_gen_400_0037,91.5919,0.18983581488071513,0.3442837194118693,155.1932,155.1932,155.1932,155.1932,1,1,1,1,15
generator,9,0.75,0.5,c09_gen_400_0038,85.3856,0.2246088586619074,0.3981287242813777,99.64159999999993,99.64159999999993,99.64159999999993,99.64159999999993,1,1,1,1,21
generator,9,0.75,1.0,c09_gen_400_0038,85.3856,0.2246088586619074,0.3981287242813777,86.24399999999991,86.24399999999991,86.24399999999991,86.24399999999991,1,1,1,1,21
generator,9,0.75,0.5,c09_gen_400_0039,87.3827,0.19006056582602052,0.331329771224739,0.0,0.0,0.0,0.0,1,1,1,1,12
generator,9,0.75,1.0,c09_gen_400_0039,87.3827,0.19006056582602052,0.331329771224739,30.533999999999992,30.533999999999992,30.533999999999992,30.533999999999992,1,1,1,1,12
generator,9,0.5,0.5,c09_gen_400_0000,89.2986,0.3261247320786663,0.8331205640401979,485.6096,485.6096,488.4516,488.4516,1,1,1,1,14
generator,9,0.5,1.0,c09_gen_400_0000,89.2986,0.3261247320786663,0.8331205640401979,565.9087999999999,565.9087999999999,580.7824,580.7824,1,1,1,1,14
generator,9,0.5,0.5,c09_gen_400_0001,83.6324,0.2980100056915741,0.5074478995495252,36.558400000000006,36.558400000000006,36.558400000000006,36.558400000000006,1,1,1,1,16
generator,9,0.5,1.0,c09_gen_400_0001,83.6324,0.2980100056915741,0.5074478995495252,34.274400000000014,34.274400000000014,34.274400000000014,34.274400000000014,1,1,1,1,16
generator,9,0.5,0.5,c09_gen_400_0002,93.4569,0.2674974881469425,0.44579515619856136,13.064000000000021,13.064000000000021,13.064000000000021,13.064000000000021,1,1,1,1,15
generator,9,0.5,1.0,c09_gen_400_0002,93.4569,0.2674974881469425,0.44579515619856136,91.41000000000001,91.41000000000001,91.41000000000001,91.41000000000001,1,1,1,1,15
generator,9,0.5,0.5,c09_gen_400_0003,87.0699,0.33487825298983936,0.4172527721159338,341.4996000000001,341.4996000000001,341.4996000000001,341.4996000000001,1,1,1,1,18
generator,9,0.5,1.0,c09_gen_400_0003,87.0699,0.33487825298983936,0.4172527721159338,408.5032000000002,408.5032000000002,408.5032000000002,408.5032000000002,1,1,1,1,18
generator,9,0.5,0.5,c09_gen_400_0004,78.9523,0.33782055747584305,0.6694313257136635,34.29759999999996,34.29759999999996,34.29759999999996,34.29759999999996,1,1,1,1,14
generator,9,0.5,1.0,c09_gen_400_0004,78.9523,0.33782055747584305,0.6694313257136635,33.33079999999998,33.33079999999998,33.33079999999998,33.33079999999998,1,1,1,1,14
generator,9,0.5,0.5,c09_gen_400_0005,80.7989,0.40717680562482905,0.607244240536278,385.57919999999996,385.57919999999996,385.57919999999996,385.57919999999996,1,1,1,1,18
generator,9,0.5,1.0,c09_gen_400_0005,80.7989,0.40717680562482905,0.607244240536278,370.9595999999999,370.9595999999999,370.9595999999999,370.9595999999999,1,1,1,1,18
generator,9,0.5,0.5,c09_gen_400_0006,81.7267,0.353683851177155,0.5405032871754274,324.0656,324.0656,324.0656,324.0656,1,1,1,1,25
generator,9,0.5,1.0,c09_gen_400_0006,81.7267,0.353683851177155,0.5405032871754274,281.1311999999999,281.1311999999999,281.1311999999999,281.1311999999999,1,1,1,1,25
generator,9,0.5,0.5,c09_gen_400_0007,87.2869,0.3271259719385153,0.4703309813194572,238.73520000000008,238.73520000000008,238.73520000000008,238.73520000000008,1,1,1,1,23
generator,9,0.5,1.0,c09_gen_400_0007,87.2869,0.3271259719385153,0.4703309813194572,127.7352,127.7352,127.7352,127.7352,1,1,1,1,23
generator,9,0.5,0.5,c09_gen_400_0008,74.6172,0.3757916405332819,0.5218622515988274,263.7128000000001,263.7128000000001,263.7128000000001,263.7128000000001,1,1,1,1,17
generator,9,0.5,1.0,c09_gen_400_0008,74.6172,0.3757916405332819,0.5218622515988274,396.2836000000001,396.2836000000001,396.2836000000001,396.2836000000001,1,1,1,1,17
generator,9,0.5,0.5,c09_gen_400_0009,85.7084,0.33256567617643074,0.5226922248661073,105.85519999999997,105.85519999999997,105.85519999999997,105.85519999999997,1,1,1,1,17
generator,9,0.5,1.0,c09_gen_400_0009,85.7084,0.33256567617643074,0.5226922248661073,75.99279999999999,75.99279999999999,75.99279999999999,75.99279999999999,1,1,1,1,17
generator,9,0.5,0.5,c09_gen_400_0010,88.1545,0.2965699992626581,0.4360458059429751,206.29120000000006,206.29120000000006,206.29120000000006,206.29120000000006,1,1,1,1,17
generator,9,0.5,1.0,c09_gen_400_0010,88.1545,0.2965699992626581,0.4360458059429751,206.29120000000006,206.29120000000006,206.29120000000006,206.29120000000006,1,1,1,1,17
generator,9,0.5,0.5,c09_gen_400_0011,87.3263,0.30004143081752,0.41363811033200415,128.5672,128.5672,128.5672,128.5672,1,1,1,1,15
generator,9,0.5,1.0,c09_gen_400_0011,87.3263,0.30004143081752,0.41363811033200415,266.0984,266.0984,266.0984,266.0984,1,1,1,1,15
generator,9,0.5,0.5,c09_gen_400_0012,79.9357,0.39105183291070206,0.5592328167097639,173.72399999999993,173.72399999999993,173.72399999999993,173.72399999999993,1,1,1,1,17
generator,9,0.5,1.0,c09_gen_400_0012,79.9357,0.39105183291070206,0.5592328167097639,79.19599999999997,79.19599999999997,79.19599999999997,79.19599999999997,1,1,1,1,17
generator,9,0.5,0.5,c09_gen_400_0013,87.1936,0.3074152001981797,0.4203052583151582,20.11119999999994,20.11119999999994,20.11119999999994,20.11119999999994,1,1,1,1,17
generator,9,0.5,1.0,c09_gen_400_0013,87.1936,0.3074152001981797,0.4203052583151582,86.03519999999997,86.03519999999997,86.03519999999997,86.03519999999997,1,1,1,1,17
generator,9,0.5,0.5,c09_gen_400_0014,88.8514,0.34459677619035844,0.5141425539078249,381.1895999999999,381.1895999999999,381.1895999999999,381.1895999999999,1,1,1,1,20
generator,9,0.5,1.0,c09_gen_400_0014,88.8514,0.34459677619035844,0.5141425539078249,354.126,354.126,354.126,354.126,1,1,1,1,20
generator,9,0.5,0.5,c09_gen_400_0015,84.5714,0.31062666575225206,0.4638401904865512,143.29280000000003,143.29280000000003,143.29280000000003,143.29280000000003,1,1,1,1,14
generator,9,0.5,1.0,c09_gen_400_0015,84.5714,0.31062666575225206,0.4638401904865512,103.80560000000003,103.80560000000003,103.80560000000003,103.80560000000003,1,1,1,1,14
generator,9,0.5,0.5,c09_gen_400_0016,89.0424,0.33772887972471544,0.722370466204864,282.33960000000013,282.33960000000013,315.22680000000014,282.33960000000013,1,1,1,1,16
generator,9,0.5,1.0,c09_gen_400_0016,89.0424,0.33772887972471544,0.722370466204864,533.3976000000001,533.3976000000001,566.2848000000001,566.2848000000001,1,1,1,1,16
generator,9,0.5,0.5,c09_gen_400_0017,82.7618,0.3375564088746258,0.434427822635909,205.8184,205.8184,205.8184,205.8184,1,1,1,1,16
generator,9,0.5,1.0,c09_gen_400_0017,82.7618,0.3375564088746258,0.434427822635909,500.9864,500.9864,500.9864,500.9864,1,1,1,1,16
generator,9,0.5,0.5,c09_gen_400_0018,89.3222,0.32732572641515784,0.6314572413129099,309.16360000000003,309.16360000000003,309.16360000000003,309.16360000000003,1,1,1,1,12
generator,9,0.5,1.0,c09_gen_400_0018,89.3222,0.32732572641515784,0.6314572413129099,281.3599999999999,281.3599999999999,281.3599999999999,281.3599999999999,1,1,1,1,12
generator,9,0.5,0.5,c09_gen_400_0019,82.6779,0.4212892441631923,0.6783150837970808,338.4047999999999,338.4047999999999,338.4047999999999,338.4047999999999,1,1,1,1,26
generator,9,0.5,1.0,c09_gen_400_0019,82.6779,0.4212892441631923,0.6783150837970808,344.8463999999999,344.8463999999999,344.8463999999999,344.8463999999999,1,1,1,1,26
generator,9,0.5,0.5,c09_gen_400_0020,75.5973,0.3702764516722159,0.8456518949750851,102.62400000000002,102.62400000000002,102.62400000000002,102.62400000000002,1,1,1,1,18
generator,9,0.5,1.0,c09_gen_400_0020,75.5973,0.3702764516722159,0.8456518949750851,195.88399999999996,195.88399999999996,195.88399999999996,195.88399999999996,1,1,1,1,18
generator,9,0.5,0.5,c09_gen_400_0021,81.1284,0.3375695810591605,0.5990232766823949,110.23480000000006,110.23480000000006,110.23480000000006,110.23480000000006,1,1,1,1,18
generator,9,0.5,1.0,c09_gen_400_0021,81.1284,0.3375695810591605,0.5990232766823949,207.22200000000004,207.22200000000004,207.22200000000004,207.22200000000004,1,1,1,1,18
generator,9,0.5,0.5,c09_gen_400_0022,89.9486,0.3483793855601977,0.536604609002623,525.9836000000001,525.9836000000001,525.9836000000001,525.9836000000001,1,1,1,1,19
generator,9,0.5,1.0,c09_gen_400_0022,89.9486,0.3483793855601977,0.536604609002623,441.6460000000001,441.6460000000001,441.6460000000001,441.6460000000001,1,1,1,1,19
generator,9,0.5,0.5,c09_gen_400_0023,81.8684,0.3060034152371367,0.41044102486429446,256.27639999999997,256.27639999999997,256.27639999999997,256.27639999999997,1,1,1,1,17
generator,9,0.5,1.0,c09_gen_400_0023,81.8684,0.3060034152371367,0.41044102486429446,576.9768,576.9768,576.9768,576.9768,1,1,1,1,17
generator,9,0.5,0.5,c09_gen_400_0024,96.1795,0.2575760739034825,0.4146845964353853,31.388000000000034,31.388000000000034,31.388000000000034,31.388000000000034,1,1,1,1,14
generator,9,0.5,1.0,c09_gen_400_0024,96.1795,0.2575760739034825,0.4146845964353853,0.0,0.0,0.0,0.0,1,1,1,1,14
generator,9,0.5,0.5,c09_gen_400_0025,87.1572,0.3352624912227561,0.565334437850994,132.83760000000004,132.83760000000004,132.83760000000004,132.83760000000004,1,1,1,1,22
generator,9,0.5,1.0,c09_gen_400_0025,87.1572,0.3352624912227561,0.565334437850994,220.15880000000004,220.15880000000004,220.15880000000004,220.15880000000004,1,1,1,1,22
generator,9,0.5,0.5,c09_gen_400_0026,86.9409,0.2976265026011923,0.4704621185195922,51.54000000000005,51.54000000000005,51.54000000000005,51.54000000000005,1,1,1,1,13
generator,9,0.5,1.0,c09_gen_400_0026,86.9409,0.2976265026011923,0.4704621185195922,120.66160000000002,120.66160000000002,120.66160000000002,120.66160000000002,1,1,1,1,13
generator,9,0.5,0.5,c09_gen_400_0027,87.251,0.32423541277463874,0.8009753469874269,87.43319999999989,72.47959999999995,87.43319999999989,72.47959999999995,1,1,1,1,16
generator,9,0.5,1.0,c09_gen_400_0027,87.251,0.32423541277463874,0.8009753469874269,86.0207999999999,70.49119999999994,86.0207999999999,70.49119999999994,1,1,1,1,16
generator,9,0.5,0.5,c09_gen_400_0028,82.3658,0.3515837398531915,0.5435229184928694,547.9123999999999,547.9123999999999,547.9123999999999,547.9123999999999,1,1,1,1,17
generator,9,0.5,1.0,c09_gen_400_0028,82.3658,0.3515837398531915,0.5435229184928694,687.3408,687.3408,687.3408,687.3408,1,1,1,1,17
generator,9,0.5,0.5,c09_gen_400_0029,92.5374,0.28304017618822225,0.4392750030438144,418.4496000000001,418.4496000000001,418.4496000000001,418.4496000000001,1,1,1,1,21
generator,9,0.5,1.0,c09_gen_400_0029,92.5374,0.28304017618822225,0.4392750030438144,402.11279999999994,402.11279999999994,402.11279999999994,402.11279999999994,1,1,1,1,21
generator,9,0.5,0.5,c09_gen_400_0030,79.0114,0.33591109637343475,0.470790080081271,115.84319999999997,115.84319999999997,115.84319999999997,115.84319999999997,1,1,1,1,13
generator,9,0.5,1.0,c09_gen_400_0030,79.0114,0.33591109637343475,0.470790080081271,122.78520000000003,122.78520000000003,122.78520000000003,122.78520000000003,1,1,1,1,13
generator,9,0.5,0.5,c09_gen_400_0031,85.1061,0.3238174466930102,0.45287118079667626,76.86800000000005,76.86800000000005,76.86800000000005,76.86800000000005,1,1,1,1,17
generator,9,0.5,1.0,c09_gen_400_0031,85.1061,0.3238174466930102,0.45287118079667626,76.86800000000005,76.86800000000005,76.86800000000005,76.86800000000005,1,1,1,1,17
generator,9,0.5,0.5,c09_gen_400_0032,83.547,0.3209787544735299,0.5038668853060753,231.93560000000005,231.93560000000005,231.93560000000005,231.93560000000005,1,1,1,1,17
generator,9,0.5,1.0,c09_gen_400_0032,83.547,0.3209787544735299,0.5038668853060753,366.2384,366.2384,366.2384,366.2384,1,1,1,1,17
generator,9,0.5,0.5,c09_gen_400_0033,82.2479,0.3479875109273306,0.46786153289541205,544.6256,544.6256,544.6256,544.6256,1,1,1,1,19
generator,9,0.5,1.0,c09_gen_400_0033,82.2479,0.3479875109273306,0.46786153289541205,655.6256,655.6256,655.6256,655.6256,1,1,1,1,19
generator,9,0.5,0.5,c09_gen_400_0034,84.9556,0.31133088342616605,0.6409395025166087,126.38,126.38,126.38,126.38,1,1,1,1,16
generator,9,0.5,1.0,c09_gen_400_0034,84.9556,0.31133088342616605,0.6409395025166087,89.64080000000001,89.64080000000001,89.64080000000001,89.64080000000001,1,1,1,1,16
generator,9,0.5,0.5,c09_gen_400_0035,82.8449,0.35912516039007847,0.5423284095598264,61.511200000000144,61.511200000000144,61.511200000000144,61.511200000000144,1,1,1,1,17
generator,9,0.5,1.0,c09_gen_400_0035,82.8449,0.35912516039007847,0.5423284095598264,61.511200000000144,61.511200000000144,61.511200000000144,61.511200000000144,1,1,1,1,17
generator,9,0.5,0.5,c09_gen_400_0036,91.7967,0.2939432027512971,0.4763662528173671,362.33119999999997,362.33119999999997,362.33119999999997,362.33119999999997,1,1,1,1,13
generator,9,0.5,1.0,c09_gen_400_0036,91.7967,0.2939432027512971,0.4763662528173671,84.75039999999996,84.75039999999996,84.75039999999996,84.75039999999996,1,1,1,1,13
generator,9,0.5,0.5,c09_gen_400_0037,91.5919,0.2809570060234584,0.516425579117804,6.357599999999991,6.357599999999991,6.357599999999991,6.357599999999991,1,1,1,1,15
generator,9,0.5,1.0,c09_gen_400_0037,91.5919,0.2809570060234584,0.516425579117804,155.1932,155.1932,155.1932,155.1932,1,1,1,1,15
generator,9,0.5,0.5,c09_gen_400_0038,85.3856,0.332421110819623,0.5687553204019681,99.64159999999993,99.64159999999993,99.64159999999993,99.64159999999993,1,1,1,1,21
generator,9,0.5,1.0,c09_gen_400_0038,85.3856,0.332421110819623,0.5687553204019681,86.24399999999991,86.24399999999991,86.24399999999991,86.24399999999991,1,1,1,1,21
generator,9,0.5,0.5,c09_gen_400_0039,87.3827,0.28128963742251034,0.47332824460677,0.0,0.0,0.0,0.0,1,1,1,1,12
generator,9,0.5,1.0,c09_gen_400_0039,87.3827,0.28128963742251034,0.47332824460677,30.533999999999992,30.533999999999992,30.533999999999992,30.533999999999992,1,1,1,1,12
generator,9,0.35,0.5,c09_gen_400_0000,89.2986,0.4529510167759255,0.8331205640401979,485.6096,485.6096,488.4516,488.4516,1,1,1,1,15
generator,9,0.35,1.0,c09_gen_400_0000,89.2986,0.4529510167759255,0.8331205640401979,565.9087999999999,565.9087999999999,580.7824,580.7824,1,1,1,1,15
generator,9,0.35,0.5,c09_gen_400_0001,83.6324,0.4139027856827418,0.7104270593693353,36.558400000000006,36.558400000000006,36.558400000000006,36.558400000000006,1,1,1,1,16
generator,9,0.35,1.0,c09_gen_400_0001,83.6324,0.4139027856827418,0.7104270593693353,40.45600000000002,40.45600000000002,40.45600000000002,40.45600000000002,1,1,1,1,16
generator,9,0.35,0.5,c09_gen_400_0002,93.4569,0.3715242890929757,0.6686927342978419,13.064000000000021,13.064000000000021,13.064000000000021,13.064000000000021,1,1,1,1,15
generator,9,0.35,1.0,c09_gen_400_0002,93.4569,0.3715242890929757,0.6686927342978419,97.87560000000002,91.48360000000001,92.34800000000001,91.48360000000001,1,1,1,1,15
generator,9,0.35,0.5,c09_gen_400_0003,87.0699,0.4651086847081102,0.5841538809623074,456.47800000000007,456.47800000000007,456.47800000000007,456.47800000000007,1,1,1,1,19
generator,9,0.35,1.0,c09_gen_400_0003,87.0699,0.4651086847081102,0.5841538809623074,523.4816000000002,523.4816000000002,523.4816000000002,523.4816000000002,1,1,1,1,19
generator,9,0.35,0.5,c09_gen_400_0004,78.9523,0.4691952187164487,0.9372038559991288,34.29759999999996,34.29759999999996,34.29759999999996,34.29759999999996,1,1,1,1,20
generator,9,0.35,1.0,c09_gen_400_0004,78.9523,0.4691952187164487,0.9372038559991288,33.33079999999998,33.33079999999998,33.33079999999998,33.33079999999998,1,1,1,1,20
generator,9,0.35,0.5,c09_gen_400_0005,80.7989,0.5655233411455959,0.910866360804417,504.63919999999996,506.92960000000005,520.7504,504.63919999999996,1,1,1,1,20
generator,9,0.35,1.0,c09_gen_400_0005,80.7989,0.5655233411455959,0.910866360804417,471.5091999999999,448.3032,465.29639999999995,446.8304,1,1,1,1,20
generator,9,0.35,0.5,c09_gen_400_0006,81.7267,0.491227571079382,1.0810065743508548,328.0816,328.0816,328.0816,328.0816,1,1,1,1,29
generator,9,0.35,1.0,c09_gen_400_0006,81.7267,0.491227571079382,1.0810065743508548,287.29359999999986,287.29359999999986,287.29359999999986,287.29359999999986,1,1,1,1,29
generator,9,0.35,0.5,c09_gen_400_0007,87.2869,0.45434162769238234,0.7054964719791859,238.73520000000008,238.73520000000008,238.73520000000008,238.73520000000008,1,1,1,1,24
generator,9,0.35,1.0,c09_gen_400_0007,87.2869,0.45434162769238234,0.7054964719791859,127.7352,127.7352,127.7352,127.7352,1,1,1,1,24
generator,9,0.35,0.5,c09_gen_400_0008,74.6172,0.5219328340740026,0.7361070905903733,263.7128000000001,263.7128000000001,263.7128000000001,263.7128000000001,1,1,1,1,18
generator,9,0.35,1.0,c09_gen_400_0008,74.6172,0.5219328340740026,0.7361070905903733,396.5616000000001,396.5616000000001,396.5616000000001,396.5616000000001,1,1,1,1,18
generator,9,0.35,0.5,c09_gen_400_0009,85.7084,0.46189677246726496,0.7384538738326699,105.85519999999997,105.85519999999997,105.85519999999997,105.85519999999997,1,1,1,1,17
generator,9,0.35,1.0,c09_gen_400_0009,85.7084,0.46189677246726496,0.7384538738326699,75.99279999999999,75.99279999999999,75.99279999999999,75.99279999999999,1,1,1,1,17
generator,9,0.35,0.5,c09_gen_400_0010,88.1545,0.41190277675369186,0.5942795886766983,206.29120000000006,206.29120000000006,206.29120000000006,206.29120000000006,1,1,1,1,17
generator,9,0.35,1.0,c09_gen_400_0010,88.1545,0.41190277675369186,0.5942795886766983,206.29120000000006,206.29120000000006,206.29120000000006,206.29120000000006,1,1,1,1,17
generator,9,0.35,0.5,c09_gen_400_0011,87.3263,0.4167242094687778,0.7162882201581883,217.85239999999993,217.85239999999993,477.7459999999998,217.85239999999993,1,1,1,1,15
generator,9,0.35,1.0,c09_gen_400_0011,87.3263,0.4167242094687778,0.7162882201581883,384.066,384.066,892.4467999999997,516.9051999999999,1,1,1,1,15
generator,9,0.35,0.5,c09_gen_400_0012,79.9357,0.5431275457093084,0.8388492250646458,281.99,199.18680000000006,221.31680000000006,178.12400000000008,1,1,1,1,18
generator,9,0.35,1.0,c09_gen_400_0012,79.9357,0.5431275457093084,0.8388492250646458,131.9892,132.37000000000015,92.61680000000013,114.69400000000022,1,1,1,1,18
generator,9,0.35,0.5,c09_gen_400_0013,87.1936,0.42696555583080514,0.613303040590135,25.81039999999996,25.81039999999996,25.81039999999996,25.81039999999996,1,1,1,1,19
generator,9,0.35,1.0,c09_gen_400_0013,87.1936,0.42696555583080514,0.613303040590135,91.7344,91.7344,91.7344,91.7344,1,1,1,1,19
generator,9,0.35,0.5,c09_gen_400_0014,88.8514,0.47860663359772004,0.7365556423421579,391.7992,391.7992,391.7992,391.7992,1,1,1,1,22
generator,9,0.35,1.0,c09_gen_400_0014,88.8514,0.47860663359772004,0.7365556423421579,361.44440000000003,361.44440000000003,361.44440000000003,361.44440000000003,1,1,1,1,22
generator,9,0.35,0.5,c09_gen_400_0015,84.5714,0.43142592465590557,0.6493762666811717,143.29280000000003,143.29280000000003,143.29280000000003,143.29280000000003,1,1,1,1,16
generator,9,0.35,1.0,c09_gen_400_0015,84.5714,0.43142592465590557,0.6493762666811717,103.80560000000003,103.80560000000003,103.80560000000003,103.80560000000003,1,1,1,1,16
generator,9,0.35,0.5,c09_gen_400_0016,89.0424,0.4690678885065492,1.0835556993072961,472.9284000000001,468.30680000000007,475.0452000000002,463.3404000000001,1,1,1,1,23
generator,9,0.35,1.0,c09_gen_400_0016,89.0424,0.4690678885065492,1.0835556993072961,812.1468000000002,737.9144000000001,804.8696000000002,724.8568000000001,1,1,1,1,23
generator,9,0.35,0.5,c09_gen_400_0017,82.7618,0.4688283456592025,0.6333477522238522,264.28799999999995,264.28799999999995,264.28799999999995,264.28799999999995,1,1,1,1,17
generator,9,0.35,1.0,c09_gen_400_0017,82.7618,0.4688283456592025,0.6333477522238522,571.2287999999999,571.2287999999999,571.2287999999999,571.2287999999999,1,1,1,1,17
generator,9,0.35,0.5,c09_gen_400_0018,89.3222,0.454619064465497,0.9471858619693649,309.9476,315.9156000000001,332.1684000000001,324.9884000000001,1,1,1,1,22
generator,9,0.35,1.0,c09_gen_400_0018,89.3222,0.454619064465497,0.9471858619693649,286.4047999999999,285.3847999999999,304.36479999999995,294.45759999999996,1,1,1,1,22
generator,9,0.35,0.5,c09_gen_400_0019,82.6779,0.585123950226656,1.0174726256956212,513.3932,488.20959999999985,477.7427999999998,480.9887999999999,1,1,1,1,28
generator,9,0.35,1.0,c09_gen_400_0019,82.6779,0.585123950226656,1.0174726256956212,551.7636,518.2407999999999,501.9204,496.7983999999999,1,1,1,1,28
generator,9,0.35,0.5,c09_gen_400_0020,75.5973,0.5142728495447443,0.8456518949750851,102.62400000000002,102.62400000000002,102.62400000000002,102.62400000000002,1,1,1,1,20
generator,9,0.35,1.0,c09_gen_400_0020,75.5973,0.5142728495447443,0.8456518949750851,198.01599999999996,198.01599999999996,198.01599999999996,198.01599999999996,1,1,1,1,20
generator,9,0.35,0.5,c09_gen_400_0021,81.1284,0.4688466403599451,0.678858451541014,128.97480000000007,128.97480000000007,128.97480000000007,128.97480000000007,1,1,1,1,20
generator,9,0.35,1.0,c09_gen_400_0021,81.1284,0.4688466403599451,0.678858451541014,230.70920000000007,230.70920000000007,231.05400000000003,231.05400000000003,1,1,1,1,20
generator,9,0.35,0.5,c09_gen_400_0022,89.9486,0.4838602577224969,0.8049069135039345,585.9168,585.9168,585.9168,585.9168,1,1,1,1,22
generator,9,0.35,1.0,c09_gen_400_0022,89.9486,0.4838602577224969,0.8049069135039345,496.88,496.88,496.88,496.88,1,1,1,1,22
generator,9,0.35,0.5,c09_gen_400_0023,81.8684,0.4250047433849121,0.8208820497285889,288.8576,288.8576,288.8576,288.8576,1,1,1,1,18
generator,9,0.35,1.0,c09_gen_400_0023,81.8684,0.4250047433849121,0.8208820497285889,619.386,619.386,619.386,619.386,1,1,1,1,18
generator,9,0.35,0.5,c09_gen_400_0024,96.1795,0.3577445470881702,0.5805584350095394,31.388000000000034,31.388000000000034,31.388000000000034,31.388000000000034,1,1,1,1,14
generator,9,0.35,1.0,c09_gen_400_0024,96.1795,0.3577445470881702,0.5805584350095394,0.0,0.0,0.0,0.0,1,1,1,1,14
generator,9,0.35,0.5,c09_gen_400_0025,87.1572,0.4656423489204946,0.8480016567764911,132.83760000000004,132.83760000000004,135.87000000000003,132.83760000000004,1,1,1,1,26
generator,9,0.35,1.0,c09_gen_400_0025,87.1572,0.4656423489204946,0.8480016567764911,220.15880000000004,220.15880000000004,230.02600000000007,220.15880000000004,1,1,1,1,26
generator,9,0.35,0.5,c09_gen_400_0026,86.9409,0.41337014250165593,0.7056931777793883,86.94400000000005,86.94400000000005,86.94400000000005,86.94400000000005,1,1,1,1,14
generator,9,0.35,1.0,c09_gen_400_0026,86.9409,0.41337014250165593,0.7056931777793883,156.06560000000002,156.06560000000002,156.06560000000002,156.06560000000002,1,1,1,1,14
generator,9,0.35,0.5,c09_gen_400_0027,87.251,0.4503269621869983,0.8009753469874269,90.60359999999986,75.64999999999992,91.0611999999997,75.87799999999987,1,1,1,1,16
generator,9,0.35,1.0,c09_gen_400_0027,87.251,0.4503269621869983,0.8009753469874269,89.19119999999987,73.71039999999994,89.64879999999971,73.76639999999975,1,1,1,1,16
generator,9,0.35,0.5,c09_gen_400_0028,82.3658,0.48831074979609934,0.8152843777393042,601.1675999999995,559.3531999999998,591.6547999999999,570.0835999999998,1,1,1,1,18
generator,9,0.35,1.0,c09_gen_400_0028,82.3658,0.48831074979609934,0.8152843777393042,768.7479999999995,716.1063999999998,743.7112,716.1063999999998,1,1,1,1,18
generator,9,0.35,0.5,c09_gen_400_0029,92.5374,0.3931113558169753,0.6589125045657216,503.3232,503.3232,503.3232,502.3759999999999,1,1,1,1,24
generator,9,0.35,1.0,c09_gen_400_0029,92.5374,0.3931113558169753,0.6589125045657216,553.0919999999999,545.9591999999998,553.0919999999999,552.1447999999998,1,1,1,1,24
generator,9,0.35,0.5,c09_gen_400_0030,79.0114,0.4665431894075483,0.7061851201219065,115.84319999999997,115.84319999999997,115.84319999999997,115.84319999999997,1,1,1,1,13
generator,9,0.35,1.0,c09_gen_400_0030,79.0114,0.4665431894075483,0.7061851201219065,122.78520000000003,122.78520000000003,122.78520000000003,122.78520000000003,1,1,1,1,13
generator,9,0.35,0.5,c09_gen_400_0031,85.1061,0.44974645374029204,0.6340196531153469,111.79120000000006,111.79120000000006,111.79120000000006,111.79120000000006,1,1,1,1,18
generator,9,0.35,1.0,c09_gen_400_0031,85.1061,0.44974645374029204,0.6340196531153469,111.79120000000006,111.79120000000006,111.79120000000006,111.79120000000006,1,1,1,1,18
generator,9,0.35,0.5,c09_gen_400_0032,83.547,0.4458038256576804,0.7558003279591129,248.61080000000007,246.08520000000001,255.0484000000001,255.78920000000002,1,1,1,1,19
generator,9,0.35,1.0,c09_gen_400_0032,83.547,0.4458038256576804,0.7558003279591129,382.91360000000003,380.388,389.35120000000006,390.092,1,1,1,1,19
generator,9,0.35,0.5,c09_gen_400_0033,82.2479,0.48331598739907033,0.6666343456793423,594.5072,594.5072,594.5072,594.5072,1,1,1,1,24
generator,9,0.35,1.0,c09_gen_400_0033,82.2479,0.48331598739907033,0.6666343456793423,705.5072,705.5072,705.5072,705.5072,1,1,1,1,24
generator,9,0.35,0.5,c09_gen_400_0034,84.9556,0.43240400475856405,0.6409395025166087,126.38,126.38,126.38,126.38,1,1,1,1,16
generator,9,0.35,1.0,c09_gen_400_0034,84.9556,0.43240400475856405,0.6409395025166087,89.64080000000001,89.64080000000001,89.64080000000001,89.64080000000001,1,1,1,1,16
generator,9,0.35,0.5,c09_gen_400_0035,82.8449,0.4987849449862201,0.7592597733837569,67.58720000000005,67.58720000000005,67.58720000000005,67.58720000000005,1,1,1,1,19
generator,9,0.35,1.0,c09_gen_400_0035,82.8449,0.4987849449862201,0.7592597733837569,67.58720000000005,67.58720000000005,67.58720000000005,67.58720000000005,1,1,1,1,19
generator,9,0.35,0.5,c09_gen_400_0036,91.7967,0.4082544482656904,0.5692039038440382,367.5399999999999,367.5399999999999,367.2631999999999,367.2631999999999,1,1,1,1,13
generator,9,0.35,1.0,c09_gen_400_0036,91.7967,0.4082544482656904,0.5692039038440382,134.75439999999998,134.75439999999998,134.4776,134.4776,1,1,1,1,13
generator,9,0.35,0.5,c09_gen_400_0037,91.5919,0.39021806392146996,0.774638368676706,6.357599999999991,6.357599999999991,6.357599999999991,6.357599999999991,1,1,1,1,15
generator,9,0.35,1.0,c09_gen_400_0037,91.5919,0.39021806392146996,0.774638368676706,155.1932,155.99639999999997,155.1932,155.99639999999997,1,1,1,1,15
generator,9,0.35,0.5,c09_gen_400_0038,85.3856,0.46169598724947636,0.7962574485627554,148.26159999999982,148.26159999999982,148.26159999999982,148.26159999999982,1,1,1,1,26
generator,9,0.35,1.0,c09_gen_400_0038,85.3856,0.46169598724947636,0.7962574485627554,134.8639999999998,134.8639999999998,134.8639999999998,134.8639999999998,1,1,1,1,26
generator,9,0.35,0.5,c09_gen_400_0039,87.3827,0.3906800519757089,0.662659542449478,0.0,0.0,0.0,0.0,1,1,1,1,13
generator,9,0.35,1.0,c09_gen_400_0039,87.3827,0.3906800519757089,0.662659542449478,30.533999999999992,30.533999999999992,30.533999999999992,30.533999999999992,1,1,1,1,13
generator,9,0.25,0.5,c09_gen_400_0000,89.2986,0.5823655929976184,1.6662411280803957,509.2767999999999,719.9744000000001,685.8764,719.288,1,1,1,1,24
generator,9,0.25,1.0,c09_gen_400_0000,89.2986,0.5823655929976184,1.6662411280803957,898.1243999999999,1033.9180000000001,897.0948,1045.1948000000002,1,1,1,1,24
generator,9,0.25,0.5,c09_gen_400_0001,83.6324,0.5321607244492393,0.8880338242116691,36.558400000000006,36.558400000000006,36.558400000000006,36.558400000000006,1,1,1,1,19
generator,9,0.25,1.0,c09_gen_400_0001,83.6324,0.5321607244492393,0.8880338242116691,40.45600000000002,40.45600000000002,40.45600000000002,40.45600000000002,1,1,1,1,19
generator,9,0.25,0.5,c09_gen_400_0002,93.4569,0.47767408597668304,0.8915903123971227,30.906400000000133,22.264000000000067,22.25200000000001,20.606400000000008,1,1,1,1,15
generator,9,0.25,1.0,c09_gen_400_0002,93.4569,0.47767408597668304,0.8915903123971227,135.35120000000012,96.66120000000011,109.55000000000001,94.35240000000009,1,1,1,1,15
generator,9,0.25,0.5,c09_gen_400_0003,87.0699,0.5979968803389988,0.8345055442318676,456.47800000000007,456.47800000000007,456.47800000000007,456.47800000000007,1,1,1,1,21
generator,9,0.25,1.0,c09_gen_400_0003,87.0699,0.5979968803389988,0.8345055442318676,523.4816000000002,523.4816000000002,523.4816000000002,523.4816000000002,1,1,1,1,21
generator,9,0.25,0.5,c09_gen_400_0004,78.9523,0.603250995492577,1.1715048199989109,35.67439999999996,35.67439999999996,37.800800000000066,40.583200000000005,1,1,1,1,40
generator,9,0.25,1.0,c09_gen_400_0004,78.9523,0.603250995492577,1.1715048199989109,34.707599999999985,34.707599999999985,34.707599999999985,34.707599999999985,1,1,1,1,40
generator,9,0.25,0.5,c09_gen_400_0005,80.7989,0.7271014386157661,1.113312805001058,516.4856,517.2767999999999,512.7807999999999,529.5767999999999,1,1,1,1,26
generator,9,0.25,1.0,c09_gen_400_0005,80.7989,0.7271014386157661,1.113312805001058,493.18159999999983,470.51199999999983,470.2631999999997,473.61519999999985,1,1,1,1,26
generator,9,0.25,0.5,c09_gen_400_0006,81.7267,0.631578305673491,1.0810065743508548,335.4431999999999,334.9751999999998,334.35119999999984,332.9175999999998,1,1,1,1,36
generator,9,0.25,1.0,c09_gen_400_0006,81.7267,0.631578305673491,1.0810065743508548,294.4695999999998,294.4695999999998,291.2535999999999,288.0135999999999,1,1,1,1,36
generator,9,0.25,0.5,c09_gen_400_0007,87.2869,0.5841535213187774,0.7812624231127465,263.0628,260.056,260.056,260.056,1,1,1,1,26
generator,9,0.25,1.0,c09_gen_400_0007,87.2869,0.5841535213187774,0.7812624231127465,152.06279999999992,149.05599999999993,149.05599999999993,149.05599999999993,1,1,1,1,26
generator,9,0.25,0.5,c09_gen_400_0008,74.6172,0.6710565009522892,0.9814761207871643,279.2448000000001,265.8104000000001,271.4424000000001,269.91760000000016,1,1,1,1,27
generator,9,0.25,1.0,c09_gen_400_0008,74.6172,0.6710565009522892,0.9814761207871643,473.80640000000017,470.81040000000013,467.5928000000001,468.04240000000016,1,1,1,1,27
generator,9,0.25,0.5,c09_gen_400_0009,85.7084,0.5938672788864835,0.9147113935156879,110.17439999999999,110.17439999999999,110.17439999999999,110.17439999999999,1,1,1,1,18
generator,9,0.25,1.0,c09_gen_400_0009,85.7084,0.5938672788864835,0.9147113935156879,75.99279999999999,75.99279999999999,75.99279999999999,75.99279999999999,1,1,1,1,18
generator,9,0.25,0.5,c09_gen_400_0010,88.1545,0.5295892843976038,0.7428494858458728,206.29120000000006,206.29120000000006,206.47280000000006,206.29120000000006,1,1,1,1,19
generator,9,0.25,1.0,c09_gen_400_0010,88.1545,0.5295892843976038,0.7428494858458728,206.29120000000006,206.29120000000006,206.47280000000006,213.50160000000005,1,1,1,1,19
generator,9,0.25,0.5,c09_gen_400_0011,87.3263,0.535788269317,0.7238666930810074,399.6107999999999,399.6107999999999,659.5043999999998,399.6107999999999,1,1,1,1,16
generator,9,0.25,1.0,c09_gen_400_0011,87.3263,0.535788269317,0.7238666930810074,412.3299999999999,412.3299999999999,920.7107999999998,545.1691999999998,1,1,1,1,16
generator,9,0.25,0.5,c09_gen_400_0012,79.9357,0.6983068444833965,0.9774513408008834,375.8104000000002,295.06919999999985,268.5880000000002,233.09120000000001,1,1,1,1,30
generator,9,0.25,1.0,c09_gen_400_0012,79.9357,0.6983068444833965,0.9774513408008834,252.48800000000008,214.62279999999978,168.9048000000001,182.54199999999992,1,1,1,1,30
generator,9,0.25,0.5,c09_gen_400_0013,87.1936,0.5489557146396067,0.8175393606870227,78.3752,73.15119999999996,67.1456,67.92239999999998,1,1,1,1,24
generator,9,0.25,1.0,c09_gen_400_0013,87.1936,0.5489557146396067,0.8175393606870227,144.29920000000004,131.0688,133.06960000000004,135.51520000000005,1,1,1,1,24
generator,9,0.25,0.5,c09_gen_400_0014,88.8514,0.6153513860542115,0.8997494693386936,397.604,397.604,402.04080000000005,396.44480000000004,1,1,1,1,24
generator,9,0.25,1.0,c09_gen_400_0014,88.8514,0.6153513860542115,0.8997494693386936,361.7752000000001,361.7752000000001,361.7752000000001,361.7752000000001,1,1,1,1,24
generator,9,0.25,0.5,c09_gen_400_0015,84.5714,0.554690474557593,0.8130155899827444,160.39440000000005,164.62640000000002,161.77360000000013,152.28720000000007,1,1,1,1,18
generator,9,0.25,1.0,c09_gen_400_0015,84.5714,0.554690474557593,0.8130155899827444,107.09120000000001,104.39200000000005,106.10960000000011,105.28480000000002,1,1,1,1,18
generator,9,0.25,0.5,c09_gen_400_0016,89.0424,0.6030872852227062,1.0835556993072961,472.9284000000001,468.30680000000007,487.3028000000003,464.63000000000017,1,1,1,1,27
generator,9,0.25,1.0,c09_gen_400_0016,89.0424,0.6030872852227062,1.0835556993072961,823.9724000000002,752.2776000000001,820.7376000000004,737.4104000000001,1,1,1,1,27
generator,9,0.25,0.5,c09_gen_400_0017,82.7618,0.6027793015618318,0.868855645271818,266.33039999999994,266.33039999999994,271.3656,269.94559999999996,1,1,1,1,25
generator,9,0.25,1.0,c09_gen_400_0017,82.7618,0.6027793015618318,0.868855645271818,577.0023999999999,577.0023999999999,579.5608,574.5255999999999,1,1,1,1,25
generator,9,0.25,0.5,c09_gen_400_0018,89.3222,0.5845102257413531,1.2629144826258198,348.1254000000002,383.17560000000003,347.1940000000001,386.14760000000007,1,1,1,1,19
generator,9,0.25,1.0,c09_gen_400_0018,89.3222,0.5845102257413531,1.2629144826258198,309.14860000000004,339.37359999999995,451.34999999999985,307.41119999999995,1,1,1,1,19
generator,9,0.25,0.5,c09_gen_400_0019,82.6779,0.7523022217199863,1.3226146285766813,588.4272,528.8595999999999,521.6743999999999,541.7276,1,1,1,1,34
generator,9,0.25,1.0,c09_gen_400_0019,82.6779,0.7523022217199863,1.3226146285766813,604.4499999999999,571.8568,546.4549999999999,536.4488,1,1,1,1,34
generator,9,0.25,0.5,c09_gen_400_0020,75.5973,0.6612079494146713,1.0984924946614056,119.2268,109.26400000000001,109.26400000000001,109.26400000000001,1,1,1,1,26
generator,9,0.25,1.0,c09_gen_400_0020,75.5973,0.6612079494146713,1.0984924946614056,224.53,214.5672,214.5672,214.5672,1,1,1,1,26
generator,9,0.25,0.5,c09_gen_400_0021,81.1284,0.6028028233199295,1.1980465533647897,296.63040000000035,277.99040000000014,286.23360000000014,284.0688000000001,1,1,1,1,32
generator,9,0.25,1.0,c09_gen_400_0021,81.1284,0.6028028233199295,1.1980465533647897,510.0316000000003,412.00800000000027,490.40760000000006,414.9672000000003,1,1,1,1,32
generator,9,0.25,0.5,c09_gen_400_0022,89.9486,0.6221060456432103,0.9389195607269042,795.0919999999999,812.3144,805.7967999999998,813.0495999999998,1,1,1,1,24
generator,9,0.25,1.0,c09_gen_400_0022,89.9486,0.6221060456432103,0.9389195607269042,700.7239999999998,705.3199999999999,710.3095999999998,699.6047999999998,1,1,1,1,24
generator,9,0.25,0.5,c09_gen_400_0023,81.8684,0.5464346700663155,0.8208820497285889,434.8204000000001,404.77120000000014,499.2636000000001,408.0048000000001,1,1,1,1,22
generator,9,0.25,1.0,c09_gen_400_0023,81.8684,0.5464346700663155,0.8208820497285889,854.9384000000002,830.7928000000002,911.4856000000001,911.4856000000001,1,1,1,1,22
generator,9,0.25,0.5,c09_gen_400_0024,96.1795,0.4599572748276473,0.7265092873221423,32.79040000000009,32.79040000000009,32.79040000000009,32.79040000000009,1,1,1,1,16
generator,9,0.25,1.0,c09_gen_400_0024,96.1795,0.4599572748276473,0.7265092873221423,1.402400000000057,1.402400000000057,1.402400000000057,1.402400000000057,1,1,1,1,16
generator,9,0.25,0.5,c09_gen_400_0025,87.1572,0.5986830200406359,0.8668129048923752,132.83760000000004,132.83760000000004,135.87000000000003,132.83760000000004,1,1,1,1,27
generator,9,0.25,1.0,c09_gen_400_0025,87.1572,0.5986830200406359,0.8668129048923752,220.15880000000004,220.15880000000004,232.36440000000005,222.49720000000002,1,1,1,1,27
generator,9,0.25,0.5,c09_gen_400_0026,86.9409,0.5314758975021291,0.9409242370391844,98.81120000000007,98.81120000000007,98.81120000000007,98.81120000000007,1,1,1,1,17
generator,9,0.25,1.0,c09_gen_400_0026,86.9409,0.5314758975021291,0.9409242370391844,167.93280000000004,167.93280000000004,167.93280000000004,167.93280000000004,1,1,1,1,17
generator,9,0.25,0.5,c09_gen_400_0027,87.251,0.5789918085261406,0.8287739641133873,120.11799999999965,89.65079999999983,113.3975999999999,89.65079999999983,1,1,1,1,22
generator,9,0.25,1.0,c09_gen_400_0027,87.251,0.5789918085261406,0.8287739641133873,118.70559999999966,85.63199999999983,111.9851999999999,85.63199999999983,1,1,1,1,22
generator,9,0.25,0.5,c09_gen_400_0028,82.3658,0.6278281068806992,1.0870458369857388,773.6615999999998,783.3903999999999,796.492,735.4184,1,1,1,1,30
generator,9,0.25,1.0,c09_gen_400_0028,82.3658,0.6278281068806992,1.0870458369857388,982.7423999999999,907.9331999999999,974.1828,881.9108000000003,1,1,1,1,30
generator,9,0.25,0.5,c09_gen_400_0029,92.5374,0.5054288860503969,0.8785500060876288,509.96160000000003,519.6960000000001,511.9904000000001,508.9808000000001,1,1,1,1,27
generator,9,0.25,1.0,c09_gen_400_0029,92.5374,0.5054288860503969,0.8785500060876288,559.7303999999999,553.5448000000001,561.7592000000001,558.7496,1,1,1,1,27
generator,9,0.25,0.5,c09_gen_400_0030,79.0114,0.5998412435239906,0.941580160162542,115.84319999999997,115.84319999999997,115.84319999999997,115.84319999999997,1,1,1,1,13
generator,9,0.25,1.0,c09_gen_400_0030,79.0114,0.5998412435239906,0.941580160162542,145.6304,126.05880000000002,135.99880000000002,123.75040000000001,1,1,1,1,13
generator,9,0.25,0.5,c09_gen_400_0031,85.1061,0.5782454405232326,0.8722606252665791,463.2232,463.2232,463.2232,463.2232,1,1,1,1,21
generator,9,0.25,1.0,c09_gen_400_0031,85.1061,0.5782454405232326,0.8722606252665791,463.2232,463.2232,463.2232,463.2232,1,1,1,1,21
generator,9,0.25,0.5,c09_gen_400_0032,83.547,0.5731763472741606,1.0077337706121505,291.85680000000025,284.3092000000001,274.5740000000002,272.63480000000015,1,1,1,1,19
generator,9,0.25,1.0,c09_gen_400_0032,83.547,0.5731763472741606,1.0077337706121505,440.33440000000024,418.6120000000001,424.1660000000001,400.6704000000001,1,1,1,1,19
generator,9,0.25,0.5,c09_gen_400_0033,82.2479,0.6214062695130904,0.8888457942391231,613.8212,594.5072,594.5072,612.0736,1,1,1,1,29
generator,9,0.25,1.0,c09_gen_400_0033,82.2479,0.6214062695130904,0.8888457942391231,724.8212000000001,711.3608,705.5072,705.5072,1,1,1,1,29
generator,9,0.25,0.5,c09_gen_400_0034,84.9556,0.5559480061181538,1.2818790050332174,386.7887999999999,379.2847999999999,382.3703999999998,381.14239999999984,1,1,1,1,16
generator,9,0.25,1.0,c09_gen_400_0034,84.9556,0.5559480061181538,1.2818790050332174,230.4828,232.774,361.3203999999999,226.53359999999998,1,1,1,1,16
generator,9,0.25,0.5,c09_gen_400_0035,82.8449,0.6412949292679974,0.9744691586325773,124.46320000000009,124.46320000000009,124.46320000000009,124.46320000000009,1,1,1,1,24
generator,9,0.25,1.0,c09_gen_400_0035,82.8449,0.6412949292679974,0.9744691586325773,124.46320000000009,124.46320000000009,124.46320000000009,124.46320000000009,1,1,1,1,24
generator,9,0.25,0.5,c09_gen_400_0036,91.7967,0.524898576341602,0.9527325056347342,372.46079999999995,372.46079999999995,372.46079999999995,372.46079999999995,1,1,1,1,16
generator,9,0.25,1.0,c09_gen_400_0036,91.7967,0.524898576341602,0.9527325056347342,139.67520000000002,139.67520000000002,139.67520000000002,139.67520000000002,1,1,1,1,16
generator,9,0.25,0.5,c09_gen_400_0037,91.5919,0.5017089393276043,1.032851158235608,37.85760000000005,15.23679999999996,12.3168,19.496000000000038,1,1,1,1,23
generator,9,0.25,1.0,c09_gen_400_0037,91.5919,0.5017089393276043,1.032851158235608,258.68960000000004,171.51319999999993,181.07320000000004,177.66440000000003,1,1,1,1,23
generator,9,0.25,0.5,c09_gen_400_0038,85.3856,0.5936091264636124,0.9953218107034443,157.8087999999998,161.55039999999985,154.2167999999998,161.55039999999985,1,1,1,1,28
generator,9,0.25,1.0,c09_gen_400_0038,85.3856,0.5936091264636124,0.9953218107034443,144.41119999999978,170.93359999999984,140.8191999999998,167.34159999999986,1,1,1,1,28
generator,9,0.25,0.5,c09_gen_400_0039,87.3827,0.5023029239687685,0.8283244280618475,0.0,0.0,0.0,0.0,1,1,1,1,15
generator,9,0.25,1.0,c09_gen_400_0039,87.3827,0.5023029239687685,0.8283244280618475,30.533999999999992,30.533999999999992,30.533999999999992,30.533999999999992,1,1,1,1,15
generator,12,1.0,0.5,c12_gen_400_0000,25.5888,0.4654475639207745,0.6611066634807494,1420.3547999999996,1420.3547999999996,1420.3547999999996,1420.3547999999996,1,1,1,1,74
generator,12,1.0,1.0,c12_gen_400_0000,25.5888,0.4654475639207745,0.6611066634807494,1084.0339999999997,1084.0339999999997,1084.0339999999997,1084.0339999999997,1,1,1,1,74
generator,12,1.0,0.5,c12_gen_400_0001,22.4549,0.49805471488202147,0.7432932763217021,1391.1477999999995,1391.1477999999995,1391.1477999999995,1391.1477999999995,1,1,1,1,70
generator,12,1.0,1.0,c12_gen_400_0001,22.4549,0.49805471488202147,0.7432932763217021,1201.9044000000001,1201.9044000000001,1201.9044000000001,1201.9044000000001,1,1,1,1,70
generator,12,1.0,0.5,c12_gen_400_0002,22.8068,0.543179066948718,1.104149389029337,1746.202,1746.202,1746.202,1746.202,1,1,1,1,89
generator,12,1.0,1.0,c12_gen_400_0002,22.8068,0.543179066948718,1.104149389029337,1803.9532,1803.9532,1803.9532,1803.9532,1,1,1,1,89
generator,12,1.0,0.5,c12_gen_400_0003,24.8351,0.44968498235869164,1.0033125160223502,1424.0872,1424.0872,1424.0872,1424.0872,1,1,1,1,63
generator,12,1.0,1.0,c12_gen_400_0003,24.8351,0.44968498235869164,1.0033125160223502,1304.5864,1304.5864,1304.5864,1304.5864,1,1,1,1,63
generator,12,1.0,0.5,c12_gen_400_0004,24.7851,0.40318461364860075,0.8386611310827874,554.7067999999999,554.7067999999999,554.7067999999999,554.7067999999999,1,1,1,1,57
generator,12,1.0,1.0,c12_gen_400_0004,24.7851,0.40318461364860075,0.8386611310827874,597.3284,597.3284,597.3284,597.3284,1,1,1,1,57
generator,12,1.0,0.5,c12_gen_400_0005,22.9949,0.4479597322585367,0.647547934542007,1201.9876,1201.9876,1201.9876,1201.9876,1,1,1,1,87
generator,12,1.0,1.0,c12_gen_400_0005,22.9949,0.4479597322585367,0.647547934542007,555.1784,555.1784,555.1784,555.1784,1,1,1,1,87
generator,12,1.0,0.5,c12_gen_400_0006,23.8104,0.47166499756679925,0.759419553360436,594.2088000000001,594.2088000000001,594.2088000000001,594.2088000000001,1,1,1,1,83
generator,12,1.0,1.0,c12_gen_400_0006,23.8104,0.47166499756679925,0.759419553360436,415.56960000000004,415.56960000000004,415.56960000000004,415.56960000000004,1,1,1,1,83
generator,12,1.0,0.5,c12_gen_400_0007,25.1399,0.49375214578787,0.9136251995372358,2793.0159999999996,2793.0159999999996,2793.0159999999996,2793.0159999999996,1,1,1,1,82
generator,12,1.0,1.0,c12_gen_400_0007,25.1399,0.49375214578787,0.9136251995372358,2813.8912,2813.8912,2813.8912,2813.8912,1,1,1,1,82
generator,12,1.0,0.5,c12_gen_400_0008,23.7103,0.5134614152308654,1.043685128404111,1789.4555999999998,1789.4555999999998,1789.4555999999998,1789.4555999999998,1,1,1,1,82
generator,12,1.0,1.0,c12_gen_400_0008,23.7103,0.5134614152308654,1.043685128404111,960.5888,960.5888,960.5888,960.5888,1,1,1,1,82
generator,12,1.0,0.5,c12_gen_400_0009,26.0069,0.41293127460756174,0.7238452652400488,808.7872,808.7872,808.7872,808.7872,1,1,1,1,66
generator,12,1.0,1.0,c12_gen_400_0009,26.0069,0.41293127460756174,0.7238452652400488,636.0572,636.0572,636.0572,636.0572,1,1,1,1,66
generator,12,1.0,0.5,c12_gen_400_0010,23.9816,0.4103613845883995,0.6289363512025886,1698.1860000000001,1698.1860000000001,1698.1860000000001,1698.1860000000001,1,1,1,1,82
generator,12,1.0,1.0,c12_gen_400_0010,23.9816,0.4103613845883995,0.6289363512025886,1029.7220000000002,1029.7220000000002,1029.7220000000002,1029.7220000000002,1,1,1,1,82
generator,12,1.0,0.5,c12_gen_400_0011,24.8512,0.43883558380339993,0.7583356135719804,1164.2087999999999,1164.2087999999999,1164.2087999999999,1164.2087999999999,1,1,1,1,76
generator,12,1.0,1.0,c12_gen_400_0011,24.8512,0.43883558380339993,0.7583356135719804,855.4803999999999,855.4803999999999,855.4803999999999,855.4803999999999,1,1,1,1,76
generator,12,1.0,0.5,c12_gen_400_0012,24.7719,0.4026789893352541,0.685640786536358,1424.8712,1424.8712,1424.8712,1424.8712,1,1,1,1,73
generator,12,1.0,1.0,c12_gen_400_0012,24.7719,0.4026789893352541,0.685640786536358,1035.0764,1035.0764,1035.0764,1035.0764,1,1,1,1,73
generator,12,1.0,0.5,c12_gen_400_0013,24.7934,0.5323095653881528,1.2777611322829003,921.4983999999998,921.4983999999998,921.4983999999998,921.4983999999998,1,1,1,1,80
generator,12,1.0,1.0,c12_gen_400_0013,24.7934,0.5323095653881528,1.2777611322829003,599.2336,599.2336,599.2336,599.2336,1,1,1,1,80
generator,12,1.0,0.5,c12_gen_400_0014,24.1061,0.546527174021406,0.7756833332641946,1962.6648,1962.6648,1962.6648,1962.6648,1,1,1,1,92
generator,12,1.0,1.0,c12_gen_400_0014,24.1061,0.546527174021406,0.7756833332641946,1883.9496,1883.9496,1883.9496,1883.9496,1,1,1,1,92
generator,12,1.0,0.5,c12_gen_400_0015,23.7479,0.5262004377795125,0.9330989266419347,2277.9844000000003,2277.9844000000003,2277.9844000000003,2277.9844000000003,1,1,1,1,71
generator,12,1.0,1.0,c12_gen_400_0015,23.7479,0.5262004377795125,0.9330989266419347,1654.3964,1654.3964,1654.3964,1654.3964,1,1,1,1,71
generator,12,1.0,0.5,c12_gen_400_0016,24.1048,0.45387914975574395,0.8643224585974577,1487.1342,1487.1342,1487.1342,1487.1342,1,1,1,1,78
generator,12,1.0,1.0,c12_gen_400_0016,24.1048,0.45387914975574395,0.8643224585974577,932.7892,932.7892,932.7892,932.7892,1,1,1,1,78
generator,12,1.0,0.5,c12_gen_400_0017,24.7804,0.48634732218994436,1.2470788405352617,1514.3052000000002,1514.3052000000002,1514.3052000000002,1514.3052000000002,1,1,1,1,72
generator,12,1.0,1.0,c12_gen_400_0017,24.7804,0.48634732218994436,1.2470788405352617,1040.7452000000003,1040.7452000000003,1040.7452000000003,1040.7452000000003,1,1,1,1,72
generator,12,1.0,0.5,c12_gen_400_0018,23.2497,0.5298877021005383,1.3136076307794653,1615.3031999999998,1615.3031999999998,1615.3031999999998,1615.3031999999998,1,1,1,1,87
generator,12,1.0,1.0,c12_gen_400_0018,23.2497,0.5298877021005383,1.3136076307794653,1057.0716000000002,1057.0716000000002,1057.0716000000002,1057.0716000000002,1,1,1,1,87
generator,12,1.0,0.5,c12_gen_400_0019,22.0713,0.5395771592447527,0.8821214276760619,2109.7036000000003,2109.7036000000003,2109.7036000000003,2109.7036000000003,1,1,1,1,78
generator,12,1.0,1.0,c12_gen_400_0019,22.0713,0.5395771592447527,0.8821214276760619,2116.2036000000003,2116.2036000000003,2116.2036000000003,2116.2036000000003,1,1,1,1,78
generator,12,1.0,0.5,c12_gen_400_0020,24.7476,0.46843543164476736,1.1420945869498456,1679.5123999999998,1679.5123999999998,1679.5123999999998,1679.5123999999998,1,1,1,1,64
generator,12,1.0,1.0,c12_gen_400_0020,24.7476,0.46843543164476736,1.1420945869498456,1219.8484,1219.8484,1219.8484,1219.8484,1,1,1,1,64
generator,12,1.0,0.5,c12_gen_400_0021,23.7586,0.41426178762750676,0.5824521573698346,1001.0900000000001,1001.0900000000001,1001.0900000000001,1001.0900000000001,1,1,1,1,73
generator,12,1.0,1.0,c12_gen_400_0021,23.7586,0.41426178762750676,0.5824521573698346,1163.4716,1163.4716,1163.4716,1163.4716,1,1,1,1,73
generator,12,1.0,0.5,c12_gen_400_0022,24.5401,0.5325366079560894,1.0518131547956202,1723.104,1709.7,1709.7,1709.7,1,1,1,1,81
generator,12,1.0,1.0,c12_gen_400_0022,24.5401,0.5325366079560894,1.0518131547956202,1953.7256,1953.7256,1953.7256,1953.7256,1,1,1,1,81
generator,12,1.0,0.5,c12_gen_400_0023,22.1954,0.4312123523415342,0.7563226314161193,596.7164,596.7164,596.7164,596.7164,1,1,1,1,79
generator,12,1.0,1.0,c12_gen_400_0023,22.1954,0.4312123523415342,0.7563226314161193,1125.8652000000002,1125.8652000000002,1125.8652000000002,1125.8652000000002,1,1,1,1,79
generator,12,1.0,0.5,c12_gen_400_0024,26.4895,0.46296915779370496,0.8738401064572755,1193.5428,1193.5428,1193.5428,1193.5428,1,1,1,1,72
generator,12,1.0,1.0,c12_gen_400_0024,26.4895,0.46296915779370496,0.8738401064572755,672.2139999999999,672.2139999999999,672.2139999999999,672.2139999999999,1,1,1,1,72
generator,12,1.0,0.5,c12_gen_400_0025,24.2717,0.5066039563488272,0.8679534091927948,799.8332,799.8332,799.8332,799.8332,1,1,1,1,74
generator,12,1.0,1.0,c12_gen_400_0025,24.2717,0.5066039563488272,0.8679534091927948,751.9680000000001,751.9680000000001,751.9680000000001,751.9680000000001,1,1,1,1,74
generator,12,1.0,0.5,c12_gen_400_0026,23.5522,0.47916220962578393,0.6663475174293697,900.6623999999998,900.6623999999998,900.6623999999998,900.6623999999998,1,1,1,1,71
generator,12,1.0,1.0,c12_gen_400_0026,23.5522,0.47916220962578393,0.6663475174293697,739.4584000000001,739.4584000000001,739.4584000000001,739.4584000000001,1,1,1,1,71
generator,12,1.0,0.5,c12_gen_400_0027,22.6788,0.5177463116991836,0.90422259261219,2362.0504,2362.0504,2362.0504,2362.0504,1,1,1,1,74
generator,12,1.0,1.0,c12_gen_400_0027,22.6788,0.5177463116991836,0.90422259261219,1818.5628,1818.5628,1818.5628,1818.5628,1,1,1,1,74
generator,12,1.0,0.5,c12_gen_400_0028,24.778,0.5460134814355783,1.0923707134741119,2383.0051999999996,2383.0051999999996,2383.0051999999996,2383.0051999999996,1,1,1,1,88
generator,12,1.0,1.0,c12_gen_400_0028,24.778,0.5460134814355783,1.0923707134741119,2378.2512,2378.2512,2378.2512,2378.2512,1,1,1,1,88
generator,12,1.0,0.5,c12_gen_400_0029,26.8393,0.44004799333540295,0.9736797656173348,1683.4928000000002,1683.4928000000002,1683.4928000000002,1683.4928000000002,1,1,1,1,68
generator,12,1.0,1.0,c12_gen_400_0029,26.8393,0.44004799333540295,0.9736797656173348,1166.1816,1166.1816,1166.1816,1166.1816,1,1,1,1,68
generator,12,1.0,0.5,c12_gen_400_0030,24.4407,0.4177243836750185,0.673448095068589,823.3536,823.3536,823.3536,823.3536,1,1,1,1,49
generator,12,1.0,1.0,c12_gen_400_0030,24.4407,0.4177243836750185,0.673448095068589,286.03319999999997,286.03319999999997,286.03319999999997,286.03319999999997,1,1,1,1,49
generator,12,1.0,0.5,c12_gen_400_0031,24.6385,0.46703670560171034,0.7158203271479509,1351.7868,1351.7868,1351.7868,1351.7868,1,1,1,1,70
generator,12,1.0,1.0,c12_gen_400_0031,24.6385,0.46703670560171034,0.7158203271479509,919.646,919.646,919.646,919.646,1,1,1,1,70
generator,12,1.0,0.5,c12_gen_400_0032,23.6941,0.4400835369705257,0.6789000215243457,1785.6268000000002,1785.6268000000002,1785.6268000000002,1785.6268000000002,1,1,1,1,72
generator,12,1.0,1.0,c12_gen_400_0032,23.6941,0.4400835369705257,0.6789000215243457,1669.908,1669.908,1669.908,1669.908,1,1,1,1,72
generator,12,1.0,0.5,c12_gen_400_0033,24.0453,0.48851994369587987,0.7702510123253473,1373.8627999999999,1373.8627999999999,1373.8627999999999,1373.8627999999999,1,1,1,1,80
generator,12,1.0,1.0,c12_gen_400_0033,24.0453,0.48851994369587987,0.7702510123253473,1402.1587999999997,1402.1587999999997,1402.1587999999997,1402.1587999999997,1,1,1,1,80
generator,12,1.0,0.5,c12_gen_400_0034,23.8626,0.49373564192637254,0.8964890665727958,1249.9088000000002,1249.9088000000002,1249.9088000000002,1249.9088000000002,1,1,1,1,90
generator,12,1.0,1.0,c12_gen_400_0034,23.8626,0.49373564192637254,0.8964890665727958,1274.1394000000003,1274.1394000000003,1274.1394000000003,1274.1394000000003,1,1,1,1,90
generator,12,1.0,0.5,c12_gen_400_0035,25.0673,0.5650732529106913,0.9484841805858628,1940.4727999999998,1940.4727999999998,1940.4727999999998,1940.4727999999998,1,1,1,1,75
generator,12,1.0,1.0,c12_gen_400_0035,25.0673,0.5650732529106913,0.9484841805858628,1824.3372000000002,1824.3372000000002,1824.3372000000002,1824.3372000000002,1,1,1,1,75
generator,12,1.0,0.5,c12_gen_400_0036,24.6072,0.3703767574627166,0.5975880866257596,498.12920000000014,498.12920000000014,498.12920000000014,498.12920000000014,1,1,1,1,65
generator,12,1.0,1.0,c12_gen_400_0036,24.6072,0.3703767574627166,0.5975880866257596,664.7984000000001,664.7984000000001,664.7984000000001,664.7984000000001,1,1,1,1,65
generator,12,1.0,0.5,c12_gen_400_0037,24.9096,0.44707960760302823,0.7201380190769824,1225.3444000000002,1225.3444000000002,1225.3444000000002,1225.3444000000002,1,1,1,1,74
generator,12,1.0,1.0,c12_gen_400_0037,24.9096,0.44707960760302823,0.7201380190769824,1224.7348000000004,1224.7348000000004,1224.7348000000004,1224.7348000000004,1,1,1,1,74
generator,12,1.0,0.5,c12_gen_400_0038,23.2526,0.5128863378811425,0.9968992714793184,2023.5327999999997,2023.5327999999997,2023.5327999999997,2023.5327999999997,1,1,1,1,87
generator,12,1.0,1.0,c12_gen_400_0038,23.2526,0.5128863378811425,0.9968992714793184,1005.2675999999999,1005.2675999999999,1005.2675999999999,1005.2675999999999,1,1,1,1,87
generator,12,1.0,0.5,c12_gen_400_0039,24.6554,0.4559988646950424,0.650269408768561,928.2460000000001,928.2460000000001,928.2460000000001,928.2460000000001,1,1,1,1,69
generator,12,1.0,1.0,c12_gen_400_0039,24.6554,0.4559988646950424,0.650269408768561,619.7652,619.7652,619.7652,619.7652,1,1,1,1,69
generator,12,0.75,0.5,c12_gen_400_0000,25.5888,0.6183803349233147,0.8677024958184836,1420.3547999999996,1420.3547999999996,1420.3547999999996,1420.3547999999996,1,1,1,1,74
generator,12,0.75,1.0,c12_gen_400_0000,25.5888,0.6183803349233147,0.8677024958184836,1084.0339999999997,1084.0339999999997,1084.0339999999997,1084.0339999999997,1,1,1,1,74
generator,12,0.75,0.5,c12_gen_400_0001,22.4549,0.6617012640575428,1.028065589247781,1391.1477999999995,1391.1477999999995,1391.1477999999995,1391.1477999999995,1,1,1,1,73
generator,12,0.75,1.0,c12_gen_400_0001,22.4549,0.6617012640575428,1.028065589247781,1201.9044000000001,1201.9044000000001,1201.9044000000001,1201.9044000000001,1,1,1,1,73
generator,12,0.75,0.5,c12_gen_400_0002,22.8068,0.721652188946154,1.5458091446410718,1773.5092,1783.4812,1771.4948,1771.1435999999999,1,1,1,1,91
generator,12,0.75,1.0,c12_gen_400_0002,22.8068,0.721652188946154,1.5458091446410718,1831.7844000000002,1841.7564000000002,1829.4188000000001,1829.4188000000001,1,1,1,1,91
generator,12,0.75,0.5,c12_gen_400_0003,24.8351,0.5974386194194046,1.5049687740335254,1436.6271999999997,1437.4143999999997,1437.4143999999997,1437.4143999999997,1,1,1,1,63
generator,12,0.75,1.0,c12_gen_400_0003,24.8351,0.5974386194194046,1.5049687740335254,1317.1263999999999,1317.1263999999999,1317.9135999999999,1317.9135999999999,1,1,1,1,63
generator,12,0.75,0.5,c12_gen_400_0004,24.7851,0.535659558133141,1.1741255835159023,554.7067999999999,554.7067999999999,554.7067999999999,554.7067999999999,1,1,1,1,57
generator,12,0.75,1.0,c12_gen_400_0004,24.7851,0.535659558133141,1.1741255835159023,597.3284,597.3284,597.3284,597.3284,1,1,1,1,57
generator,12,0.75,0.5,c12_gen_400_0005,22.9949,0.5951465014291988,0.8760942643803623,1201.9876,1201.9876,1201.9876,1201.9876,1,1,1,1,94
generator,12,0.75,1.0,c12_gen_400_0005,22.9949,0.5951465014291988,0.8760942643803623,555.1784,555.1784,555.1784,555.1784,1,1,1,1,94
generator,12,0.75,0.5,c12_gen_400_0006,23.8104,0.6266406396244619,0.9967381637855723,594.2088000000001,594.2088000000001,594.2088000000001,594.2088000000001,1,1,1,1,83
generator,12,0.75,1.0,c12_gen_400_0006,23.8104,0.6266406396244619,0.9967381637855723,415.56960000000004,415.56960000000004,415.56960000000004,415.56960000000004,1,1,1,1,83
generator,12,0.75,0.5,c12_gen_400_0007,25.1399,0.6559849936895987,1.1877127593984067,2793.0159999999996,2793.0159999999996,2793.0159999999996,2793.0159999999996,1,1,1,1,83
generator,12,0.75,1.0,c12_gen_400_0007,25.1399,0.6559849936895987,1.1877127593984067,2813.8912,2813.8912,2813.8912,2813.8912,1,1,1,1,83
generator,12,0.75,0.5,c12_gen_400_0008,23.7103,0.6821701659495784,1.3915801712054816,1789.4555999999998,1789.4555999999998,1789.4555999999998,1789.4555999999998,1,1,1,1,82
generator,12,0.75,1.0,c12_gen_400_0008,23.7103,0.6821701659495784,1.3915801712054816,960.5888,960.5888,960.5888,960.5888,1,1,1,1,82
generator,12,0.75,0.5,c12_gen_400_0009,26.0069,0.5486086934071891,1.0133833713360683,808.7872,808.7872,808.7872,808.7872,1,1,1,1,66
generator,12,0.75,1.0,c12_gen_400_0009,26.0069,0.5486086934071891,1.0133833713360683,636.0572,636.0572,636.0572,636.0572,1,1,1,1,66
generator,12,0.75,0.5,c12_gen_400_0010,23.9816,0.5451944109531593,0.8385818016034515,1698.1860000000001,1698.1860000000001,1698.1860000000001,1698.1860000000001,1,1,1,1,87
generator,12,0.75,1.0,c12_gen_400_0010,23.9816,0.5451944109531593,0.8385818016034515,1029.7220000000002,1029.7220000000002,1029.7220000000002,1029.7220000000002,1,1,1,1,87
generator,12,0.75,0.5,c12_gen_400_0011,24.8512,0.58302441848166,1.0111141514293074,1170.9968,1170.9968,1170.9968,1170.9968,1,1,1,1,76
generator,12,0.75,1.0,c12_gen_400_0011,24.8512,0.58302441848166,1.0111141514293074,862.2683999999999,862.3939999999999,862.2683999999999,862.2683999999999,1,1,1,1,76
generator,12,0.75,0.5,c12_gen_400_0012,24.7719,0.5349878001168376,0.9141877153818107,1424.8712,1424.8712,1424.8712,1424.8712,1,1,1,1,73
generator,12,0.75,1.0,c12_gen_400_0012,24.7719,0.5349878001168376,0.9141877153818107,1035.0764,1035.0764,1035.0764,1035.0764,1,1,1,1,73
generator,12,0.75,0.5,c12_gen_400_0013,24.7934,0.7072112797299746,1.7888655851960606,921.4983999999998,921.4983999999998,921.4983999999998,921.4983999999998,1,1,1,1,81
generator,12,0.75,1.0,c12_gen_400_0013,24.7934,0.7072112797299746,1.7888655851960606,599.2336,599.2336,599.2336,599.2336,1,1,1,1,81
generator,12,0.75,0.5,c12_gen_400_0014,24.1061,0.7261003883427252,1.116626082194963,1962.6648,1962.6648,1962.6648,1962.6648,1,1,1,1,92
generator,12,0.75,1.0,c12_gen_400_0014,24.1061,0.7261003883427252,1.116626082194963,1883.9496,1883.9496,1883.9496,1883.9496,1,1,1,1,92
generator,12,0.75,0.5,c12_gen_400_0015,23.7479,0.6990948673356381,1.1663736583024185,2277.9844000000003,2277.9844000000003,2277.9844000000003,2277.9844000000003,1,1,1,1,71
generator,12,0.75,1.0,c12_gen_400_0015,23.7479,0.6990948673356381,1.1663736583024185,1654.3964,1654.3964,1654.3964,1654.3964,1,1,1,1,71
generator,12,0.75,0.5,c12_gen_400_0016,24.1048,0.6030108703897741,1.0804030732468222,1487.1342,1487.1342,1487.1342,1487.1342,1,1,1,1,78
generator,12,0.75,1.0,c12_gen_400_0016,24.1048,0.6030108703897741,1.0804030732468222,932.7892,932.7892,932.7892,932.7892,1,1,1,1,78
generator,12,0.75,0.5,c12_gen_400_0017,24.7804,0.6461471566237833,1.6627717873803491,1601.7596,1612.8324,1601.7596,1601.7596,1,1,1,1,74
generator,12,0.75,1.0,c12_gen_400_0017,24.7804,0.6461471566237833,1.6627717873803491,1128.1996000000001,1139.2724,1128.1996000000001,1128.1996000000001,1,1,1,1,74
generator,12,0.75,0.5,c12_gen_400_0018,23.2497,0.7039936613621436,1.970411446169198,1619.512,1619.512,1619.512,1619.512,1,1,1,1,90
generator,12,0.75,1.0,c12_gen_400_0018,23.2497,0.7039936613621436,1.970411446169198,1061.8204,1061.8204,1062.3212,1062.3212,1,1,1,1,90
generator,12,0.75,0.5,c12_gen_400_0019,22.0713,0.7168667972823143,1.3022816961393304,2112.9916000000003,2112.9916000000003,2112.9916000000003,2112.9916000000003,1,1,1,1,78
generator,12,0.75,1.0,c12_gen_400_0019,22.0713,0.7168667972823143,1.3022816961393304,2117.434,2117.434,2118.2236000000003,2117.434,1,1,1,1,78
generator,12,0.75,0.5,c12_gen_400_0020,24.7476,0.6223499306137623,1.5989324217297838,1679.5123999999998,1679.5123999999998,1679.5123999999998,1679.5123999999998,1,1,1,1,65
generator,12,0.75,1.0,c12_gen_400_0020,24.7476,0.6223499306137623,1.5989324217297838,1219.8484,1219.8484,1219.8484,1219.8484,1,1,1,1,65
generator,12,0.75,0.5,c12_gen_400_0021,23.7586,0.5503763749908304,0.7880235070297763,1001.0900000000001,1001.0900000000001,1001.0900000000001,1001.0900000000001,1,1,1,1,74
generator,12,0.75,1.0,c12_gen_400_0021,23.7586,0.5503763749908304,0.7880235070297763,1163.4716,1163.4716,1163.4716,1163.4716,1,1,1,1,74
generator,12,0.75,0.5,c12_gen_400_0022,24.5401,0.7075129219988044,1.4024175397274936,1744.2808,1735.6472,1744.2808,1726.9416,1,1,1,1,82
generator,12,0.75,1.0,c12_gen_400_0022,24.5401,0.7075129219988044,1.4024175397274936,1959.6068,1961.0764,1959.6068,1959.6068,1,1,1,1,82
generator,12,0.75,0.5,c12_gen_400_0023,22.1954,0.5728964109680383,1.134483947124179,596.7164,596.7164,596.7164,596.7164,1,1,1,1,79
generator,12,0.75,1.0,c12_gen_400_0023,22.1954,0.5728964109680383,1.134483947124179,1125.8652000000002,1125.8652000000002,1125.8652000000002,1125.8652000000002,1,1,1,1,79
generator,12,0.75,0.5,c12_gen_400_0024,26.4895,0.6150875953544938,1.165120141943034,1193.5428,1193.5428,1193.5428,1193.5428,1,1,1,1,72
generator,12,0.75,1.0,c12_gen_400_0024,26.4895,0.6150875953544938,1.165120141943034,672.2139999999999,672.2139999999999,672.2139999999999,672.2139999999999,1,1,1,1,72
generator,12,0.75,0.5,c12_gen_400_0025,24.2717,0.6730595420062988,1.1391888495655431,799.8332,799.8332,799.8332,799.8332,1,1,1,1,74
generator,12,0.75,1.0,c12_gen_400_0025,24.2717,0.6730595420062988,1.1391888495655431,751.9680000000001,751.9680000000001,751.9680000000001,751.9680000000001,1,1,1,1,74
generator,12,0.75,0.5,c12_gen_400_0026,23.5522,0.6366012213599701,0.9328865244011176,908.2495999999998,908.2495999999998,913.7287999999998,913.7287999999998,1,1,1,1,72
generator,12,0.75,1.0,c12_gen_400_0026,23.5522,0.6366012213599701,0.9328865244011176,747.0456,747.0456,752.5248,752.5248,1,1,1,1,72
generator,12,0.75,0.5,c12_gen_400_0027,22.6788,0.6878629569717726,1.1867921528034995,2362.0504,2362.0504,2362.0504,2362.0504,1,1,1,1,74
generator,12,0.75,1.0,c12_gen_400_0027,22.6788,0.6878629569717726,1.1867921528034995,1818.5628,1818.5628,1818.5628,1818.5628,1,1,1,1,74
generator,12,0.75,0.5,c12_gen_400_0028,24.778,0.7254179110501254,1.4200819275163454,2383.0051999999996,2383.0051999999996,2383.0051999999996,2383.0051999999996,1,1,1,1,88
generator,12,0.75,1.0,c12_gen_400_0028,24.778,0.7254179110501254,1.4200819275163454,2381.4064,2381.4064,2379.1992,2379.1992,1,1,1,1,88
generator,12,0.75,0.5,c12_gen_400_0029,26.8393,0.5846351911456067,1.4605196484260021,1683.4928000000002,1683.4928000000002,1683.4928000000002,1683.4928000000002,1,1,1,1,68
generator,12,0.75,1.0,c12_gen_400_0029,26.8393,0.5846351911456067,1.4605196484260021,1166.1816,1166.1816,1166.1816,1166.1816,1,1,1,1,68
generator,12,0.75,0.5,c12_gen_400_0030,24.4407,0.5549766811682388,0.8839006247775231,823.3536,823.3536,823.3536,823.3536,1,1,1,1,50
generator,12,0.75,1.0,c12_gen_400_0030,24.4407,0.5549766811682388,0.8839006247775231,286.03319999999997,286.03319999999997,286.03319999999997,286.03319999999997,1,1,1,1,50
generator,12,0.75,0.5,c12_gen_400_0031,24.6385,0.6204916231565581,0.96846279555311,1351.7868,1351.7868,1351.7868,1351.7868,1,1,1,1,70
generator,12,0.75,1.0,c12_gen_400_0031,24.6385,0.6204916231565581,0.96846279555311,919.646,919.646,919.646,919.646,1,1,1,1,70
generator,12,0.75,0.5,c12_gen_400_0032,23.6941,0.5846824134036985,0.9052000286991275,1785.6268000000002,1785.6268000000002,1785.6268000000002,1785.6268000000002,1,1,1,1,72
generator,12,0.75,1.0,c12_gen_400_0032,23.6941,0.5846824134036985,0.9052000286991275,1669.908,1669.908,1669.908,1669.908,1,1,1,1,72
generator,12,0.75,0.5,c12_gen_400_0033,24.0453,0.6490336394816689,1.0109544536770183,1373.8627999999999,1373.8627999999999,1373.8627999999999,1373.8627999999999,1,1,1,1,80
generator,12,0.75,1.0,c12_gen_400_0033,24.0453,0.6490336394816689,1.0109544536770183,1402.1587999999997,1402.1587999999997,1402.1587999999997,1402.1587999999997,1,1,1,1,80
generator,12,0.75,0.5,c12_gen_400_0034,23.8626,0.6559630671307521,1.1206113332159948,1249.9088000000002,1249.9088000000002,1249.9088000000002,1249.9088000000002,1,1,1,1,90
generator,12,0.75,1.0,c12_gen_400_0034,23.8626,0.6559630671307521,1.1206113332159948,1274.1394000000003,1274.1394000000003,1274.1394000000003,1274.1394000000003,1,1,1,1,90
generator,12,0.75,0.5,c12_gen_400_0035,25.0673,0.7507401788670612,1.2646455741144838,1944.2191999999998,1944.2191999999998,1944.2191999999998,1944.2191999999998,1,1,1,1,75
generator,12,0.75,1.0,c12_gen_400_0035,25.0673,0.7507401788670612,1.2646455741144838,1828.0836000000002,1828.0836000000002,1828.0836000000002,1828.0836000000002,1,1,1,1,75
generator,12,0.75,0.5,c12_gen_400_0036,24.6072,0.49207197777189493,0.808501528964263,498.12920000000014,498.12920000000014,498.12920000000014,498.12920000000014,1,1,1,1,65
generator,12,0.75,1.0,c12_gen_400_0036,24.6072,0.49207197777189493,0.808501528964263,664.7984000000001,664.7984000000001,664.7984000000001,664.7984000000001,1,1,1,1,65
generator,12,0.75,0.5,c12_gen_400_0037,24.9096,0.5939771929583089,1.0081932267077753,1225.3444000000002,1225.3444000000002,1225.3444000000002,1225.3444000000002,1,1,1,1,74
generator,12,0.75,1.0,c12_gen_400_0037,24.9096,0.5939771929583089,1.0081932267077753,1224.7348000000004,1224.7348000000004,1224.7348000000004,1224.7348000000004,1,1,1,1,74
generator,12,0.75,0.5,c12_gen_400_0038,23.2526,0.681406134613518,1.246124089349148,2023.5327999999997,2023.5327999999997,2023.5327999999997,2023.5327999999997,1,1,1,1,87
generator,12,0.75,1.0,c12_gen_400_0038,23.2526,0.681406134613518,1.246124089349148,1005.2675999999999,1005.2675999999999,1005.2675999999999,1005.2675999999999,1,1,1,1,87
generator,12,0.75,0.5,c12_gen_400_0039,24.6554,0.6058270630948421,0.8534785990087365,928.5268000000001,928.5268000000001,928.5268000000001,928.5268000000001,1,1,1,1,69
generator,12,0.75,1.0,c12_gen_400_0039,24.6554,0.6058270630948421,0.8534785990087365,620.046,620.046,620.046,620.046,1,1,1,1,69
generator,12,0.5,0.5,c12_gen_400_0000,25.5888,0.9410135531441746,1.3222133269614988,1430.2355999999995,1429.1339999999996,1427.6499999999996,1425.8163999999997,1,1,1,1,83
generator,12,0.5,1.0,c12_gen_400_0000,25.5888,0.9410135531441746,1.3222133269614988,1101.5283999999997,1101.5283999999997,1097.3827999999999,1097.3827999999999,1,1,1,1,83
generator,12,0.5,0.5,c12_gen_400_0001,22.4549,1.0069367061745218,1.4865865526434041,1434.0805999999998,1430.3657999999998,1433.2213999999997,1415.2861999999996,1,1,1,1,89
generator,12,0.5,1.0,c12_gen_400_0001,22.4549,1.0069367061745218,1.4865865526434041,1263.8128,1258.812,1240.4599999999998,1237.9219999999996,1,1,1,1,89
generator,12,0.5,0.5,c12_gen_400_0002,22.8068,1.098166374483278,2.208298778058674,1800.7019999999998,1806.6668000000002,1864.9136,1784.648,1,1,1,1,98
generator,12,0.5,1.0,c12_gen_400_0002,22.8068,1.098166374483278,2.208298778058674,1843.716,1863.8040000000005,1861.4468000000002,1831.6680000000001,1,1,1,1,98
generator,12,0.5,0.5,c12_gen_400_0003,24.8351,0.9091457252034417,2.0066250320447003,1439.9791999999995,1438.3927999999996,1439.7551999999996,1438.3927999999996,1,1,1,1,78
generator,12,0.5,1.0,c12_gen_400_0003,24.8351,0.9091457252034417,2.0066250320447003,1320.4783999999997,1312.1127999999999,1320.2543999999998,1311.8888,1,1,1,1,78
generator,12,0.5,0.5,c12_gen_400_0004,24.7851,0.8151341102026058,1.6773222621655748,554.7067999999999,554.7067999999999,554.7067999999999,554.7067999999999,1,1,1,1,70
generator,12,0.5,1.0,c12_gen_400_0004,24.7851,0.8151341102026058,1.6773222621655748,597.3284,597.3284,597.3284,597.3284,1,1,1,1,70
generator,12,0.5,0.5,c12_gen_400_0005,22.9949,0.9056577195661721,1.3725358666486915,1228.4284,1207.1396,1230.4908,1211.278,1,1,1,1,103
generator,12,0.5,1.0,c12_gen_400_0005,22.9949,0.9056577195661721,1.3725358666486915,581.6192000000001,561.7911999999999,583.6815999999998,565.4616,1,1,1,1,103
generator,12,0.5,0.5,c12_gen_400_0006,23.8104,0.9535835820372246,1.518839106720872,603.5840000000001,600.3776,603.5840000000001,599.0768,1,1,1,1,93
generator,12,0.5,1.0,c12_gen_400_0006,23.8104,0.9535835820372246,1.518839106720872,423.7832,423.7832,423.7832,423.7832,1,1,1,1,93
generator,12,0.5,0.5,c12_gen_400_0007,25.1399,0.9982380338754764,1.9795212656640109,2850.7527999999998,2845.0520000000006,2839.7304,2820.7327999999998,1,1,1,1,92
generator,12,0.5,1.0,c12_gen_400_0007,25.1399,0.9982380338754764,1.9795212656640109,2857.7496000000006,2853.6456000000007,2854.22,2858.9552000000003,1,1,1,1,92
generator,12,0.5,0.5,c12_gen_400_0008,23.7103,1.0380850351406625,2.087370256808222,1789.4555999999998,1789.4555999999998,1789.4555999999998,1789.4555999999998,1,1,1,1,89
generator,12,0.5,1.0,c12_gen_400_0008,23.7103,1.0380850351406625,2.087370256808222,960.5888,960.5888,960.5888,960.5888,1,1,1,1,89
generator,12,0.5,0.5,c12_gen_400_0009,26.0069,0.8348393160544182,1.4476905304800975,808.7872,808.7872,808.7872,808.7872,1,1,1,1,70
generator,12,0.5,1.0,c12_gen_400_0009,26.0069,0.8348393160544182,1.4476905304800975,636.0572,636.0572,636.0572,636.0572,1,1,1,1,70
generator,12,0.5,0.5,c12_gen_400_0010,23.9816,0.8296436688417641,1.2578727024051772,1698.1860000000001,1698.1860000000001,1698.1860000000001,1698.1860000000001,1,1,1,1,92
generator,12,0.5,1.0,c12_gen_400_0010,23.9816,0.8296436688417641,1.2578727024051772,1029.7220000000002,1029.7220000000002,1029.7220000000002,1029.7220000000002,1,1,1,1,92
generator,12,0.5,0.5,c12_gen_400_0011,24.8512,0.887211071602526,1.5166712271439609,1175.44,1175.44,1176.7304000000001,1174.5096,1,1,1,1,77
generator,12,0.5,1.0,c12_gen_400_0011,24.8512,0.887211071602526,1.5166712271439609,866.7116,867.7364,868.0020000000001,865.7812,1,1,1,1,77
generator,12,0.5,0.5,c12_gen_400_0012,24.7719,0.8141118697430136,1.371281573072716,1429.7168,1428.9288,1429.4776,1425.272,1,1,1,1,83
generator,12,0.5,1.0,c12_gen_400_0012,24.7719,0.8141118697430136,1.371281573072716,1044.6228,1043.9276000000002,1042.8612,1038.6556,1,1,1,1,83
generator,12,0.5,0.5,c12_gen_400_0013,24.7934,1.076191077849961,2.5555222645658007,964.5495999999998,989.4235999999997,964.5495999999998,970.1291999999999,1,1,1,1,91
generator,12,0.5,1.0,c12_gen_400_0013,24.7934,1.076191077849961,2.5555222645658007,640.1951999999999,659.4895999999999,640.1951999999999,640.1951999999999,1,1,1,1,91
generator,12,0.5,0.5,c12_gen_400_0014,24.1061,1.1049353735650167,1.6806472220724213,2009.938,2010.1148,2007.1112000000003,1990.3192000000001,1,1,1,1,100
generator,12,0.5,1.0,c12_gen_400_0014,24.1061,1.1049353735650167,1.6806472220724213,1909.9607999999998,1906.2584,1906.9896,1906.8496,1,1,1,1,100
generator,12,0.5,0.5,c12_gen_400_0015,23.7479,1.0638400155107535,2.332747316604837,2303.1984,2282.0668,2284.4868,2282.0668,1,1,1,1,88
generator,12,0.5,1.0,c12_gen_400_0015,23.7479,1.0638400155107535,2.332747316604837,1680.354,1682.3212,1663.4676,1655.538,1,1,1,1,88
generator,12,0.5,0.5,c12_gen_400_0016,24.1048,0.9176252375496563,2.1608061464936443,1532.5166,1538.5398000000002,1522.2253999999998,1522.2253999999998,1,1,1,1,85
generator,12,0.5,1.0,c12_gen_400_0016,24.1048,0.9176252375496563,2.1608061464936443,947.6204000000001,952.3876000000001,937.3292000000001,937.3292000000001,1,1,1,1,85
generator,12,0.5,0.5,c12_gen_400_0017,24.7804,0.9832674122535833,2.4941576810705235,1976.1480000000001,1980.2288000000003,2009.622,2006.6188,1,1,1,1,81
generator,12,0.5,1.0,c12_gen_400_0017,24.7804,0.9832674122535833,2.4941576810705235,1492.5816000000002,1504.2712000000001,1534.5732000000003,1534.0420000000001,1,1,1,1,81
generator,12,0.5,0.5,c12_gen_400_0018,23.2497,1.0712947020728272,2.6272152615589306,1772.6032,1772.6032,1772.6032,1772.6032,1,1,1,1,101
generator,12,0.5,1.0,c12_gen_400_0018,23.2497,1.0712947020728272,2.6272152615589306,1211.8999999999999,1211.5464,1211.8999999999999,1211.8999999999999,1,1,1,1,101
generator,12,0.5,0.5,c12_gen_400_0019,22.0713,1.0908842567339565,1.7642428553521239,2172.0628,2175.1552,2169.3111999999996,2150.8713999999995,1,1,1,1,102
generator,12,0.5,1.0,c12_gen_400_0019,22.0713,1.0908842567339565,1.7642428553521239,2151.1988,2155.3988,2139.8764000000006,2133.4248,1,1,1,1,102
generator,12,0.5,0.5,c12_gen_400_0020,24.7476,0.9470542422383339,2.284189173899691,1683.5379999999998,1683.5379999999998,1683.5379999999998,1683.5379999999998,1,1,1,1,77
generator,12,0.5,1.0,c12_gen_400_0020,24.7476,0.9470542422383339,2.284189173899691,1219.8484,1219.8484,1219.8484,1219.8484,1,1,1,1,77
generator,12,0.5,0.5,c12_gen_400_0021,23.7586,0.8375292662903941,1.1163666349588497,1008.0884,1007.8044,1009.9132000000001,1009.73,1,1,1,1,78
generator,12,0.5,1.0,c12_gen_400_0021,23.7586,0.8375292662903941,1.1163666349588497,1212.0156,1212.0156,1189.3395999999998,1189.3395999999998,1,1,1,1,78
generator,12,0.5,0.5,c12_gen_400_0022,24.5401,1.076650098693833,2.1036263095912404,1845.1612000000002,1788.8584,1839.6928,1789.8444,1,1,1,1,92
generator,12,0.5,1.0,c12_gen_400_0022,24.5401,1.076650098693833,2.1036263095912404,2009.7124000000001,2039.6716000000001,2004.5008,2032.3164,1,1,1,1,92
generator,12,0.5,0.5,c12_gen_400_0023,22.1954,0.8717988862557106,1.5126452628322387,607.8220000000001,607.0840000000001,609.1556,607.9996000000001,1,1,1,1,80
generator,12,0.5,1.0,c12_gen_400_0023,22.1954,0.8717988862557106,1.5126452628322387,1137.93,1137.93,1139.2636000000002,1139.2636000000002,1,1,1,1,80
generator,12,0.5,0.5,c12_gen_400_0024,26.4895,0.9360028624959686,1.747680212914551,1193.5428,1193.5428,1193.5428,1193.5428,1,1,1,1,72
generator,12,0.5,1.0,c12_gen_400_0024,26.4895,0.9360028624959686,1.747680212914551,690.6779999999999,687.2979999999999,679.4091999999999,679.4091999999999,1,1,1,1,72
generator,12,0.5,0.5,c12_gen_400_0025,24.2717,1.0242210421834983,1.7359068183855897,816.8643999999999,832.2819999999999,849.8044,817.9676,1,1,1,1,90
generator,12,0.5,1.0,c12_gen_400_0025,24.2717,1.0242210421834983,1.7359068183855897,762.6383999999998,773.0008,771.5008,771.0232000000001,1,1,1,1,90
generator,12,0.5,0.5,c12_gen_400_0026,23.5522,0.9687409890260414,1.4355304387700512,1088.42,1088.42,1080.4264,1080.4264,1,1,1,1,74
generator,12,0.5,1.0,c12_gen_400_0026,23.5522,0.9687409890260414,1.4355304387700512,880.0512,880.0512,861.4184,861.4184,1,1,1,1,74
generator,12,0.5,0.5,c12_gen_400_0027,22.6788,1.0467479780005233,1.80844518522438,2436.7696000000005,2437.4676,2424.2736,2425.0752,1,1,1,1,81
generator,12,0.5,1.0,c12_gen_400_0027,22.6788,1.0467479780005233,1.80844518522438,1859.516,1871.8791999999999,1850.8799999999999,1851.9596,1,1,1,1,81
generator,12,0.5,0.5,c12_gen_400_0028,24.778,1.103896821163234,2.366803212527242,2459.642,2462.9948,2446.1567999999997,2461.2603999999997,1,1,1,1,96
generator,12,0.5,1.0,c12_gen_400_0028,24.778,1.103896821163234,2.366803212527242,2462.048,2463.376,2452.7019999999998,2462.2475999999997,1,1,1,1,96
generator,12,0.5,0.5,c12_gen_400_0029,26.8393,0.8896622473954886,1.9473595312346696,1684.6728000000003,1685.0632,1684.6728000000003,1684.0100000000002,1,1,1,1,76
generator,12,0.5,1.0,c12_gen_400_0029,26.8393,0.8896622473954886,1.9473595312346696,1166.4843999999998,1166.4843999999998,1166.4843999999998,1166.4843999999998,1,1,1,1,76
generator,12,0.5,0.5,c12_gen_400_0030,24.4407,0.8445297322125375,1.346896190137178,824.438,824.6931999999999,824.438,824.6579999999999,1,1,1,1,53
generator,12,0.5,1.0,c12_gen_400_0030,24.4407,0.8445297322125375,1.346896190137178,314.4791999999999,315.0967999999999,303.6511999999999,304.1311999999998,1,1,1,1,53
generator,12,0.5,0.5,c12_gen_400_0031,24.6385,0.9442263830643274,1.4041698967063745,1409.614,1406.2208,1405.0088,1397.8316,1,1,1,1,84
generator,12,0.5,1.0,c12_gen_400_0031,24.6385,0.9442263830643274,1.4041698967063745,949.678,945.0240000000001,944.9331999999998,941.1968,1,1,1,1,84
generator,12,0.5,0.5,c12_gen_400_0032,23.6941,0.8897341073534543,1.3578000430486914,1814.5868,1813.2788000000003,1812.7732,1797.8752,1,1,1,1,74
generator,12,0.5,1.0,c12_gen_400_0032,23.6941,0.8897341073534543,1.3578000430486914,1709.0732000000003,1687.4524,1713.0756000000001,1687.4524,1,1,1,1,74
generator,12,0.5,0.5,c12_gen_400_0033,24.0453,0.987659886167757,1.5405020246506946,1409.0535999999997,1408.6743999999999,1408.1375999999998,1405.4143999999997,1,1,1,1,88
generator,12,0.5,1.0,c12_gen_400_0033,24.0453,0.987659886167757,1.5405020246506946,1437.3495999999996,1428.3999999999996,1436.4335999999996,1436.4335999999996,1,1,1,1,88
generator,12,0.5,0.5,c12_gen_400_0034,23.8626,0.9982046673728838,2.2412226664319896,1348.8136000000004,1352.9368000000004,1342.8448000000003,1320.6600000000003,1,1,1,1,99
generator,12,0.5,1.0,c12_gen_400_0034,23.8626,0.9982046673728838,2.2412226664319896,1381.6106000000004,1385.6834000000003,1375.2322000000004,1354.6106,1,1,1,1,99
generator,12,0.5,0.5,c12_gen_400_0035,25.0673,1.1424307069716149,1.8969683611717256,1975.3916000000002,1976.2156,1973.7772,1973.7772,1,1,1,1,85
generator,12,0.5,1.0,c12_gen_400_0035,25.0673,1.1424307069716149,1.8969683611717256,1861.6040000000003,1861.6040000000003,1859.9896,1859.9896,1,1,1,1,85
generator,12,0.5,0.5,c12_gen_400_0036,24.6072,0.748805183565927,1.145377166032706,498.12920000000014,498.12920000000014,498.12920000000014,498.12920000000014,1,1,1,1,66
generator,12,0.5,1.0,c12_gen_400_0036,24.6072,0.748805183565927,1.145377166032706,664.7984000000001,664.7984000000001,664.7984000000001,664.7984000000001,1,1,1,1,66
generator,12,0.5,0.5,c12_gen_400_0037,24.9096,0.90387833711047,1.4402760381539648,1250.6152000000002,1255.2796,1254.0680000000002,1250.054,1,1,1,1,83
generator,12,0.5,1.0,c12_gen_400_0037,24.9096,0.90387833711047,1.4402760381539648,1247.1808,1241.9420000000002,1248.6516000000001,1247.6956,1,1,1,1,83
generator,12,0.5,0.5,c12_gen_400_0038,23.2526,1.0369223787597013,1.993798542958637,2061.3091999999997,2049.5976000000005,2056.2884,2045.6056,1,1,1,1,91
generator,12,0.5,1.0,c12_gen_400_0038,23.2526,1.0369223787597013,1.993798542958637,1033.7055999999998,1024.1136000000001,1031.1951999999999,1018.0307999999998,1,1,1,1,91
generator,12,0.5,0.5,c12_gen_400_0039,24.6554,0.9219107481878032,1.300538817537122,928.5268000000001,928.5268000000001,928.5268000000001,928.5268000000001,1,1,1,1,71
generator,12,0.5,1.0,c12_gen_400_0039,24.6554,0.9219107481878032,1.300538817537122,621.7908,621.7908,621.7908,621.7908,1,1,1,1,71
generator,12,0.35,0.5,c12_gen_400_0000,25.5888,1.292138013272598,1.8510986577460982,1571.8700000000001,1515.6475999999998,1540.9539999999997,1508.1687999999995,1,1,1,1,108
generator,12,0.35,1.0,c12_gen_400_0000,25.5888,1.292138013272598,1.8510986577460982,1331.2977999999996,1276.6273999999994,1247.6099999999997,1181.3987999999995,1,1,1,1,108
generator,12,0.35,0.5,c12_gen_400_0001,22.4549,1.382659357732179,2.081221173700766,1790.3478,1576.4523999999997,1624.3090000000002,1505.7191999999995,1,1,1,1,123
generator,12,0.35,1.0,c12_gen_400_0001,22.4549,1.382659357732179,2.081221173700766,1529.3476,1472.4916,1412.1444,1367.1523999999997,1,1,1,1,123
generator,12,0.35,0.5,c12_gen_400_0002,22.8068,1.507929947051665,3.0916182892821436,2039.5683999999997,1869.3564,2188.9368,1978.8031999999998,1,1,1,1,134
generator,12,0.35,1.0,c12_gen_400_0002,22.8068,1.507929947051665,3.0916182892821436,2015.3240000000003,2019.6080000000002,2204.1416000000004,2026.4728000000005,1,1,1,1,134
generator,12,0.35,0.5,c12_gen_400_0003,24.8351,1.2483792047569648,3.0099375480670507,1561.988,1485.2496,1506.799200000001,1483.8376000000005,1,1,1,1,116
generator,12,0.35,1.0,c12_gen_400_0003,24.8351,1.2483792047569648,3.0099375480670507,1386.736,1347.9800000000005,1367.0336000000004,1362.2248000000009,1,1,1,1,116
generator,12,0.35,0.5,c12_gen_400_0004,24.7851,1.1192886289349213,2.3482511670318047,827.1355999999998,811.1996,827.1099999999999,818.3828,1,1,1,1,89
generator,12,0.35,1.0,c12_gen_400_0004,24.7851,1.1192886289349213,2.3482511670318047,727.3183999999999,732.2767999999999,727.2927999999999,727.2927999999999,1,1,1,1,89
generator,12,0.35,0.5,c12_gen_400_0005,22.9949,1.2435897044789228,1.8617003118082702,1329.8691999999996,1283.6452,1332.9548000000002,1263.7420000000002,1,1,1,1,148
generator,12,0.35,1.0,c12_gen_400_0005,22.9949,1.2435897044789228,1.8617003118082702,753.0963999999997,649.8327999999999,738.8692000000001,615.7151999999999,1,1,1,1,148
generator,12,0.35,0.5,c12_gen_400_0006,23.8104,1.3093983514540994,2.126374749409221,633.0726,627.5438,651.0006,623.8149999999999,1,1,1,1,120
generator,12,0.35,1.0,c12_gen_400_0006,23.8104,1.3093983514540994,2.126374749409221,490.1222,479.82859999999994,504.08539999999994,474.595,1,1,1,1,120
generator,12,0.35,0.5,c12_gen_400_0007,25.1399,1.3707149121872215,2.3754255187968134,3218.9576,3196.6151999999997,3223.4316000000003,3078.454399999999,1,1,1,1,117
generator,12,0.35,1.0,c12_gen_400_0007,25.1399,1.3707149121872215,2.3754255187968134,3152.916,3080.0048,3058.2291999999998,2980.2196,1,1,1,1,117
generator,12,0.35,0.5,c12_gen_400_0008,23.7103,1.4254301975065815,2.783160342410963,1812.7716,1801.9728000000002,1812.748,1801.8432,1,1,1,1,122
generator,12,0.35,1.0,c12_gen_400_0008,23.7103,1.4254301975065815,2.783160342410963,978.738,967.9392,978.1104000000001,967.2056000000002,1,1,1,1,122
generator,12,0.35,0.5,c12_gen_400_0009,26.0069,1.1463465235374102,2.0267667426721365,866.1168,859.2112,891.8655999999997,867.9491999999998,1,1,1,1,116
generator,12,0.35,1.0,c12_gen_400_0009,26.0069,1.1463465235374102,2.0267667426721365,677.7296000000001,682.4488,686.4380000000001,691.1572,1,1,1,1,116
generator,12,0.35,0.5,c12_gen_400_0010,23.9816,1.1392122019916762,1.677163603206903,1743.5772000000002,1712.616,1712.6592,1747.6524000000002,1,1,1,1,119
generator,12,0.35,1.0,c12_gen_400_0010,23.9816,1.1392122019916762,1.677163603206903,1075.4368000000004,1055.9512000000002,1043.8740000000003,1063.3284,1,1,1,1,119
generator,12,0.35,0.5,c12_gen_400_0011,24.8512,1.2182599789169013,2.0222283028586148,1194.0588,1206.846,1250.2731999999999,1196.2140000000002,1,1,1,1,107
generator,12,0.35,1.0,c12_gen_400_0011,24.8512,1.2182599789169013,2.0222283028586148,980.5436,992.5828,946.2972000000001,942.4732000000001,1,1,1,1,107
generator,12,0.35,0.5,c12_gen_400_0012,24.7719,1.1178849554680188,1.8283754307636213,1479.9371999999996,1459.9267999999997,1512.2811999999997,1445.2807999999995,1,1,1,1,109
generator,12,0.35,1.0,c12_gen_400_0012,24.7719,1.1178849554680188,1.8283754307636213,1108.9335999999998,1072.6724,1104.1927999999998,1067.2495999999999,1,1,1,1,109
generator,12,0.35,0.5,c12_gen_400_0013,24.7934,1.4777549128686034,3.5777311703921213,1198.6456000000003,1100.712,1304.6355999999996,1055.8704,1,1,1,1,119
generator,12,0.35,1.0,c12_gen_400_0013,24.7934,1.4777549128686034,3.5777311703921213,916.685,903.6576,1023.6329999999998,941.4494000000001,1,1,1,1,119
generator,12,0.35,0.5,c12_gen_400_0014,24.1061,1.517224692059426,2.233252164389926,2096.368,2128.9928,2050.4364,2075.3324000000002,1,1,1,1,124
generator,12,0.35,1.0,c12_gen_400_0014,24.1061,1.517224692059426,2.233252164389926,2030.9912000000002,2000.6103999999998,2004.6727999999998,1972.3239999999998,1,1,1,1,124
generator,12,0.35,0.5,c12_gen_400_0015,23.7479,1.4607952451789452,2.3853261411184428,2395.9354000000003,2382.978400000001,2369.6014000000005,2378.6962000000003,1,1,1,1,120
generator,12,0.35,1.0,c12_gen_400_0015,23.7479,1.4607952451789452,2.3853261411184428,1754.9942,1769.0256000000004,1736.7905999999998,1731.5256000000002,1,1,1,1,120
generator,12,0.35,0.5,c12_gen_400_0016,24.1048,1.260022714247289,2.1608061464936443,1645.1682000000003,1634.8277999999998,1631.545,1594.7626000000002,1,1,1,1,109
generator,12,0.35,1.0,c12_gen_400_0016,24.1048,1.260022714247289,2.1608061464936443,997.7080000000003,1012.2856000000002,990.5776000000003,983.6144000000003,1,1,1,1,109
generator,12,0.35,0.5,c12_gen_400_0017,24.7804,1.3501582377213381,3.3255435747606983,2224.1380000000004,2038.7999999999997,2188.3624000000004,2100.7799999999997,1,1,1,1,121
generator,12,0.35,1.0,c12_gen_400_0017,24.7804,1.3501582377213381,3.3255435747606983,1634.6876000000002,1609.2752,1699.5276000000003,1638.7296000000001,1,1,1,1,121
generator,12,0.35,0.5,c12_gen_400_0018,23.2497,1.4710315312044793,3.940822892338396,2192.7492,2150.5556000000006,2467.7980000000002,2394.4444000000008,1,1,1,1,135
generator,12,0.35,1.0,c12_gen_400_0018,23.2497,1.4710315312044793,3.940822892338396,1493.2519999999997,1458.2268000000001,1723.0236,1442.5152,1,1,1,1,135
generator,12,0.35,0.5,c12_gen_400_0019,22.0713,1.4979306211869254,2.604563392278661,2294.4312,2263.6292,2292.9802,2220.5292000000004,1,1,1,1,141
generator,12,0.35,1.0,c12_gen_400_0019,22.0713,1.4979306211869254,2.604563392278661,2227.984,2250.6108,2208.7856,2184.4276,1,1,1,1,141
generator,12,0.35,0.5,c12_gen_400_0020,24.7476,1.3004326908347272,3.1978648434595676,1743.9107999999999,1745.3532,1968.0328,1751.0227999999997,1,1,1,1,122
generator,12,0.35,1.0,c12_gen_400_0020,24.7476,1.3004326908347272,3.1978648434595676,1307.6383999999998,1302.5711999999999,1601.0560000000003,1312.0542000000003,1,1,1,1,122
generator,12,0.35,0.5,c12_gen_400_0021,23.7586,1.1500401865480039,1.6745499524382745,1061.4076,1059.4075999999998,1032.0983999999999,1030.5847999999999,1,1,1,1,116
generator,12,0.35,1.0,c12_gen_400_0021,23.7586,1.1500401865480039,1.6745499524382745,1258.3659999999998,1274.2239999999997,1243.4316,1238.6735999999999,1,1,1,1,116
generator,12,0.35,0.5,c12_gen_400_0022,24.5401,1.4783852101467556,2.8048350794549872,2158.1768000000006,2003.1648,2174.2756000000004,1922.8587999999997,1,1,1,1,124
generator,12,0.35,1.0,c12_gen_400_0022,24.5401,1.4783852101467556,2.8048350794549872,2306.6152000000006,2238.8716,2315.7451999999994,2223.5403999999994,1,1,1,1,124
generator,12,0.35,0.5,c12_gen_400_0023,22.1954,1.1970969781421696,2.268967894248358,698.5663999999999,649.8856000000001,675.7868000000001,653.4648,1,1,1,1,110
generator,12,0.35,1.0,c12_gen_400_0023,22.1954,1.1970969781421696,2.268967894248358,1225.9828000000002,1195.5364000000002,1217.4552,1184.5148000000002,1,1,1,1,110
generator,12,0.35,0.5,c12_gen_400_0024,26.4895,1.2852576619347629,2.330240283886068,1360.8476,1365.4732,1368.1523999999997,1361.7628,1,1,1,1,88
generator,12,0.35,1.0,c12_gen_400_0024,26.4895,1.2852576619347629,2.330240283886068,868.2256,853.4436000000001,864.4408000000001,852.7540000000001,1,1,1,1,88
generator,12,0.35,0.5,c12_gen_400_0025,24.2717,1.4063930728489826,2.4302695457398253,934.4032000000001,903.0888000000001,949.7488000000002,868.9428000000003,1,1,1,1,122
generator,12,0.35,1.0,c12_gen_400_0025,24.2717,1.4063930728489826,2.4302695457398253,862.4843999999999,830.1268,836.7436000000001,801.1636000000001,1,1,1,1,122
generator,12,0.35,0.5,c12_gen_400_0026,23.5522,1.3302115073193406,1.8657730488022353,1220.3200000000002,1205.688,1235.2899999999997,1235.2904,1,1,1,1,113
generator,12,0.35,1.0,c12_gen_400_0026,23.5522,1.3302115073193406,1.8657730488022353,999.2708,1004.7708,973.9200000000001,1024.4056,1,1,1,1,113
generator,12,0.35,0.5,c12_gen_400_0027,22.6788,1.437325581732062,2.531823259314132,2720.5788,2650.3812,2871.6163999999994,2725.4548,1,1,1,1,119
generator,12,0.35,1.0,c12_gen_400_0027,22.6788,1.437325581732062,2.531823259314132,2046.1008,2054.9748,2194.3956,2041.9675999999997,1,1,1,1,119
generator,12,0.35,0.5,c12_gen_400_0028,24.778,1.5157986201047395,2.840163855032691,2744.6612000000005,2642.6804,2751.8227999999995,2565.6959999999995,1,1,1,1,124
generator,12,0.35,1.0,c12_gen_400_0028,24.778,1.5157986201047395,2.840163855032691,2802.0791999999988,2874.7472000000002,2875.4643999999994,2676.006799999999,1,1,1,1,124
generator,12,0.35,0.5,c12_gen_400_0029,26.8393,1.2216257725430588,2.9210392968520043,1778.6995999999997,1756.8723999999993,1715.8799999999997,1710.0699999999995,1,1,1,1,104
generator,12,0.35,1.0,c12_gen_400_0029,26.8393,1.2216257725430588,2.9210392968520043,1255.9676,1239.8288,1189.3375999999998,1179.4832000000001,1,1,1,1,104
generator,12,0.35,0.5,c12_gen_400_0030,24.4407,1.1596527666202006,1.885654666192049,911.5327999999998,857.5672,862.2036,852.5779999999997,1,1,1,1,87
generator,12,0.35,1.0,c12_gen_400_0030,24.4407,1.1596527666202006,1.885654666192049,458.0031999999999,404.37519999999984,392.6755999999999,386.6819999999999,1,1,1,1,87
generator,12,0.35,0.5,c12_gen_400_0031,24.6385,1.2965496603271363,2.057983440550359,1476.4111999999996,1447.7248,1466.74,1446.4604,1,1,1,1,130
generator,12,0.35,1.0,c12_gen_400_0031,24.6385,1.2965496603271363,2.057983440550359,1075.5728,1011.7871999999999,1055.7004,984.8203999999998,1,1,1,1,130
generator,12,0.35,0.5,c12_gen_400_0032,23.6941,1.221724445918176,1.828194641985417,1971.9896,1910.5372000000002,1908.6628,1861.5644,1,1,1,1,113
generator,12,0.35,1.0,c12_gen_400_0032,23.6941,1.221724445918176,1.828194641985417,1850.062,1788.7588,1777.8224000000002,1738.498,1,1,1,1,113
generator,12,0.35,0.5,c12_gen_400_0033,24.0453,1.3561896944393084,2.1567028345109724,1480.0611999999996,1517.6567999999993,1490.2483999999995,1471.3008,1,1,1,1,121
generator,12,0.35,1.0,c12_gen_400_0033,24.0453,1.3561896944393084,2.1567028345109724,1533.9203999999995,1519.7023999999994,1497.0267999999996,1510.0911999999994,1,1,1,1,121
generator,12,0.35,0.5,c12_gen_400_0034,23.8626,1.3706690954970941,2.2412226664319896,1404.6816000000003,1394.6828000000003,1410.8680000000004,1426.7672,1,1,1,1,122
generator,12,0.35,1.0,c12_gen_400_0034,23.8626,1.3706690954970941,2.2412226664319896,1425.9938000000002,1466.0278000000003,1426.5378,1442.6186000000002,1,1,1,1,122
generator,12,0.35,0.5,c12_gen_400_0035,25.0673,1.5687108215132624,2.5292911482289675,2314.3952,2229.9580000000005,2211.1349999999993,2175.1045999999997,1,1,1,1,118
generator,12,0.35,1.0,c12_gen_400_0035,25.0673,1.5687108215132624,2.5292911482289675,2198.3884000000003,2218.3264,2072.3958,2048.8253999999997,1,1,1,1,118
generator,12,0.35,0.5,c12_gen_400_0036,24.6072,1.0282101028069446,1.7180657490490587,516.7400000000001,501.5716000000001,505.99400000000014,501.5716000000001,1,1,1,1,85
generator,12,0.35,1.0,c12_gen_400_0036,24.6072,1.0282101028069446,1.7180657490490587,683.4092000000002,682.2328000000001,672.6632,672.6108000000002,1,1,1,1,85
generator,12,0.35,0.5,c12_gen_400_0037,24.9096,1.24114637334572,2.0163864534155507,1355.9856,1301.2368000000001,1388.0435999999997,1311.4235999999999,1,1,1,1,105
generator,12,0.35,1.0,c12_gen_400_0037,24.9096,1.24114637334572,2.0163864534155507,1305.8495999999998,1335.2671999999995,1327.8067999999998,1301.2999999999997,1,1,1,1,105
generator,12,0.35,0.5,c12_gen_400_0038,23.2526,1.4238337141177986,2.492248178698296,2321.9044,2175.436,2208.8823999999995,2139.4576,1,1,1,1,121
generator,12,0.35,1.0,c12_gen_400_0038,23.2526,1.4238337141177986,2.492248178698296,1197.1927999999998,1125.9748000000002,1129.8644000000002,1111.4116000000001,1,1,1,1,121
generator,12,0.35,0.5,c12_gen_400_0039,24.6554,1.265907296019073,1.820754344551971,964.8632,961.8828000000001,963.104,968.752,1,1,1,1,101
generator,12,0.35,1.0,c12_gen_400_0039,24.6554,1.265907296019073,1.820754344551971,659.6764000000001,659.6764000000001,655.9252,655.9252,1,1,1,1,101
generator,12,0.25,0.5,c12_gen_400_0000,25.5888,1.8820271062883491,2.7766479866191474,2365.8408,2031.8871999999997,2428.3964,2041.2755999999995,1,1,1,1,165
generator,12,0.25,1.0,c12_gen_400_0000,25.5888,1.8820271062883491,2.7766479866191474,2377.860399999999,2005.998,2319.0166000000004,2076.4961999999996,1,1,1,1,165
generator,12,0.25,0.5,c12_gen_400_0001,22.4549,2.0138734123490436,3.121831760551149,2542.2749999999996,1946.2295999999997,2432.6374000000005,1742.3831999999995,1,1,1,1,171
generator,12,0.25,1.0,c12_gen_400_0001,22.4549,2.0138734123490436,3.121831760551149,2300.6012,1928.9715999999999,2341.7052,1723.0124,1,1,1,1,171
generator,12,0.25,0.5,c12_gen_400_0002,22.8068,2.196332748966556,3.8645228616026794,2674.9445999999994,2213.2365999999997,3189.9532000000004,2230.4614,1,1,1,1,182
generator,12,0.25,1.0,c12_gen_400_0002,22.8068,2.196332748966556,3.8645228616026794,2899.875,2653.8731999999995,3302.4908,2774.273800000001,1,1,1,1,182
generator,12,0.25,0.5,c12_gen_400_0003,24.8351,1.8182914504068834,3.0099375480670507,2038.1680000000001,1815.744,2301.7199999999993,1843.6244000000004,1,1,1,1,159
generator,12,0.25,1.0,c12_gen_400_0003,24.8351,1.8182914504068834,3.0099375480670507,1855.8455999999999,1667.4432,1954.7375999999997,1556.0808000000002,1,1,1,1,159
generator,12,0.25,0.5,c12_gen_400_0004,24.7851,1.6302682204052117,2.935313958789756,1117.1468,1003.3844000000001,1155.2136,1032.0964,1,1,1,1,153
generator,12,0.25,1.0,c12_gen_400_0004,24.7851,1.6302682204052117,2.935313958789756,1136.1524000000002,1048.0488,1139.3847999999998,1023.9268,1,1,1,1,153
generator,12,0.25,0.5,c12_gen_400_0005,22.9949,1.8113154391323443,2.745071733297383,1795.0388,1448.714,1761.2839999999997,1460.0832000000003,1,1,1,1,191
generator,12,0.25,1.0,c12_gen_400_0005,22.9949,1.8113154391323443,2.745071733297383,1494.0364000000002,903.356,1398.8323999999998,902.5343999999998,1,1,1,1,191
generator,12,0.25,0.5,c12_gen_400_0006,23.8104,1.9071671640744492,3.189562124113831,887.6242,749.0580000000002,797.4310000000002,719.4284,1,1,1,1,156
generator,12,0.25,1.0,c12_gen_400_0006,23.8104,1.9071671640744492,3.189562124113831,888.0126000000001,713.3294000000001,955.2865999999999,685.179,1,1,1,1,156
generator,12,0.25,0.5,c12_gen_400_0007,25.1399,1.9964760677509528,3.9590425313280218,4130.6126,3918.1686,4851.094799999999,3715.5414000000005,1,1,1,1,154
generator,12,0.25,1.0,c12_gen_400_0007,25.1399,1.9964760677509528,3.9590425313280218,4095.5592000000006,3667.5163999999995,4529.5378,3753.358,1,1,1,1,154
generator,12,0.25,0.5,c12_gen_400_0008,23.7103,2.076170070281325,4.174740513616444,2156.0480000000002,2045.2383999999997,2048.1327999999994,1984.8244000000002,1,1,1,1,173
generator,12,0.25,1.0,c12_gen_400_0008,23.7103,2.076170070281325,4.174740513616444,1251.2656,1237.7676000000001,1178.4063999999998,1048.9984,1,1,1,1,173
generator,12,0.25,0.5,c12_gen_400_0009,26.0069,1.6696786321088364,2.7267994263060955,2223.2912000000006,1827.8996000000002,2193.6448,1768.5732000000003,1,1,1,1,178
generator,12,0.25,1.0,c12_gen_400_0009,26.0069,1.6696786321088364,2.7267994263060955,1861.5008000000003,1783.486,1873.6868000000004,1864.7492000000002,1,1,1,1,178
generator,12,0.25,0.5,c12_gen_400_0010,23.9816,1.6592873376835282,2.5157454048103545,2126.2643999999996,1999.0412000000001,2171.0604,1991.7948000000001,1,1,1,1,174
generator,12,0.25,1.0,c12_gen_400_0010,23.9816,1.6592873376835282,2.5157454048103545,1497.0096,1403.3747999999998,1418.8799999999999,1318.9612,1,1,1,1,174
generator,12,0.25,0.5,c12_gen_400_0011,24.8512,1.774422143205052,3.0333424542879217,1528.6972,1395.2448000000004,1610.4435999999996,1341.0387999999998,1,1,1,1,171
generator,12,0.25,1.0,c12_gen_400_0011,24.8512,1.774422143205052,3.0333424542879217,1999.7692000000002,1565.3356000000003,1910.5435999999988,1673.7754000000004,1,1,1,1,171
generator,12,0.25,0.5,c12_gen_400_0012,24.7719,1.6282237394860273,2.742563146145432,2243.3964000000005,1685.0199999999998,2328.0028,1666.4640000000002,1,1,1,1,173
generator,12,0.25,1.0,c12_gen_400_0012,24.7719,1.6282237394860273,2.742563146145432,1919.6532000000007,1460.9811999999997,1891.2451999999998,1397.6184000000003,1,1,1,1,173
generator,12,0.25,0.5,c12_gen_400_0013,24.7934,2.152382155699922,4.472163962990152,1409.6896000000004,1290.1860000000001,1763.6392000000003,1241.8928,1,1,1,1,171
generator,12,0.25,1.0,c12_gen_400_0013,24.7934,2.152382155699922,4.472163962990152,1131.0908000000002,1041.9741999999999,1432.5296000000003,1128.2808,1,1,1,1,171
generator,12,0.25,0.5,c12_gen_400_0014,24.1061,2.2098707471300334,3.3612944441448427,2758.685200000001,2606.760800000001,2794.711200000001,2691.8516000000004,1,1,1,1,195
generator,12,0.25,1.0,c12_gen_400_0014,24.1061,2.2098707471300334,3.3612944441448427,3185.9644000000008,2664.0268000000005,3076.4060000000018,2610.170400000001,1,1,1,1,195
generator,12,0.25,0.5,c12_gen_400_0015,23.7479,2.127680031021507,4.665494633209674,3961.3490000000006,3852.6038000000003,3971.9001999999996,3744.2124,1,1,1,1,188
generator,12,0.25,1.0,c12_gen_400_0015,23.7479,2.127680031021507,4.665494633209674,3224.333,3191.1315999999993,3205.735,3138.1877999999992,1,1,1,1,188
generator,12,0.25,0.5,c12_gen_400_0016,24.1048,1.8352504750993126,4.321612292987289,2025.667,1824.2058000000002,2048.4462000000003,1803.925,1,1,1,1,143
generator,12,0.25,1.0,c12_gen_400_0016,24.1048,1.8352504750993126,4.321612292987289,1237.9112,1172.4636000000003,1217.1819999999998,1197.94,1,1,1,1,143
generator,12,0.25,0.5,c12_gen_400_0017,24.7804,1.9665348245071665,4.988315362141047,3545.793200000001,2995.7243999999996,3924.0004000000004,3208.3155999999994,1,1,1,1,175
generator,12,0.25,1.0,c12_gen_400_0017,24.7804,1.9665348245071665,4.988315362141047,3243.178800000001,2744.7024,3708.6092000000012,3008.3903999999998,1,1,1,1,175
generator,12,0.25,0.5,c12_gen_400_0018,23.2497,2.1425894041456544,3.940822892338396,2670.2,2343.4656000000004,3125.2043999999996,2502.9196000000006,1,1,1,1,175
generator,12,0.25,1.0,c12_gen_400_0018,23.2497,2.1425894041456544,3.940822892338396,2107.1803999999997,1782.3600000000004,2404.0860000000002,1676.3971999999997,1,1,1,1,175
generator,12,0.25,0.5,c12_gen_400_0019,22.0713,2.181768513467913,3.7049099962394596,2632.9037999999996,2531.2297999999996,2870.6328000000008,2481.1008000000006,1,1,1,1,187
generator,12,0.25,1.0,c12_gen_400_0019,22.0713,2.181768513467913,3.7049099962394596,2428.0828,2404.5896000000002,2523.1724000000004,2311.4955999999997,1,1,1,1,187
generator,12,0.25,0.5,c12_gen_400_0020,24.7476,1.8941084844766678,3.9973310543244596,2339.7015999999994,1888.2176000000002,2243.8736000000004,1902.9056000000005,1,1,1,1,177
generator,12,0.25,1.0,c12_gen_400_0020,24.7476,1.8941084844766678,3.9973310543244596,2055.7212,1588.5068,1957.9696000000004,1615.6879999999996,1,1,1,1,177
generator,12,0.25,0.5,c12_gen_400_0021,23.7586,1.6750585325807883,2.2673621341324828,1743.0296000000003,1604.6432000000002,1902.1104,1605.42,1,1,1,1,176
generator,12,0.25,1.0,c12_gen_400_0021,23.7586,1.6750585325807883,2.2673621341324828,2329.1512,2150.4455999999996,2722.6531999999997,2340.7412,1,1,1,1,176
generator,12,0.25,0.5,c12_gen_400_0022,24.5401,2.153300197387666,4.207252619182481,2918.0635999999995,2495.6620000000003,3395.7098,2564.7122000000004,1,1,1,1,174
generator,12,0.25,1.0,c12_gen_400_0022,24.5401,2.153300197387666,4.207252619182481,3482.846,3029.8160000000003,3727.4934,3093.0676000000003,1,1,1,1,174
generator,12,0.25,0.5,c12_gen_400_0023,22.1954,1.7435977725114211,2.519783378537895,1001.8448000000001,871.2807999999999,1150.7092000000005,778.9424,1,1,1,1,180
generator,12,0.25,1.0,c12_gen_400_0023,22.1954,1.7435977725114211,2.519783378537895,1787.7563999999998,1386.2048000000002,1780.0200000000002,1397.7723999999998,1,1,1,1,180
generator,12,0.25,0.5,c12_gen_400_0024,26.4895,1.8720057249919373,3.495360425829102,1812.3856,1637.7564000000004,2148.7207999999996,1582.7544,1,1,1,1,131
generator,12,0.25,1.0,c12_gen_400_0024,26.4895,1.8720057249919373,3.495360425829102,1184.2846,1094.6999999999996,1444.9431999999997,1089.4608,1,1,1,1,131
generator,12,0.25,0.5,c12_gen_400_0025,24.2717,2.0484420843669966,3.6454043186097382,1499.6988000000001,1041.4572,1409.4872,1055.1584000000003,1,1,1,1,167
generator,12,0.25,1.0,c12_gen_400_0025,24.2717,2.0484420843669966,3.6454043186097382,1340.8400000000001,1045.5156000000002,1217.7427999999998,1069.098,1,1,1,1,167
generator,12,0.25,0.5,c12_gen_400_0026,23.5522,1.9374819780520829,2.8710608775401023,2054.0552,1881.0268,2336.2164000000002,2279.9304000000006,1,1,1,1,160
generator,12,0.25,1.0,c12_gen_400_0026,23.5522,1.9374819780520829,2.8710608775401023,1930.0872000000004,1646.1079999999997,2294.9123999999997,1998.5496000000003,1,1,1,1,160
generator,12,0.25,0.5,c12_gen_400_0027,22.6788,2.0934959560010467,3.797734888971198,3284.2519999999995,2881.0948,4493.8588,2841.6776,1,1,1,1,137
generator,12,0.25,1.0,c12_gen_400_0027,22.6788,2.0934959560010467,3.797734888971198,2318.2948000000006,2366.0,2766.640799999999,2300.2716,1,1,1,1,137
generator,12,0.25,0.5,c12_gen_400_0028,24.778,2.207793642326468,4.733606425054484,3379.9751999999994,2901.6357999999996,4484.020599999999,2731.4222,1,1,1,1,161
generator,12,0.25,1.0,c12_gen_400_0028,24.778,2.207793642326468,4.733606425054484,3895.8349999999996,3390.1471999999994,4726.969000000001,3285.9609999999993,1,1,1,1,161
generator,12,0.25,0.5,c12_gen_400_0029,26.8393,1.7793244947909772,3.1215363291889133,2340.1940000000004,2037.3668000000002,2438.9796,1947.5072000000005,1,1,1,1,160
generator,12,0.25,1.0,c12_gen_400_0029,26.8393,1.7793244947909772,3.1215363291889133,1669.1632,1398.1128000000003,1554.0939999999998,1347.8152000000002,1,1,1,1,160
generator,12,0.25,0.5,c12_gen_400_0030,24.4407,1.689059464425075,2.8284819992880736,1284.2711999999997,996.5431999999998,1492.2751999999998,962.5191999999997,1,1,1,1,139
generator,12,0.25,1.0,c12_gen_400_0030,24.4407,1.689059464425075,2.8284819992880736,1399.9768000000001,1071.2304000000001,1590.1011999999998,1322.8844,1,1,1,1,139
generator,12,0.25,0.5,c12_gen_400_0031,24.6385,1.8884527661286548,3.510424741765936,2083.7819999999997,1773.9357999999997,2266.0404,1679.5838,1,1,1,1,173
generator,12,0.25,1.0,c12_gen_400_0031,24.6385,1.8884527661286548,3.510424741765936,1747.1711999999998,1626.8034,1725.9404,1558.2091999999998,1,1,1,1,173
generator,12,0.25,0.5,c12_gen_400_0032,23.6941,1.7794682147069085,2.7422919629781255,2169.158,2068.780399999999,2146.1556,2037.66,1,1,1,1,172
generator,12,0.25,1.0,c12_gen_400_0032,23.6941,1.7794682147069085,2.7422919629781255,2172.1644,2015.8916000000002,2115.5996000000005,1969.0467999999998,1,1,1,1,172
generator,12,0.25,0.5,c12_gen_400_0033,24.0453,1.975319772335514,3.2350542517664587,2170.1423999999997,1982.1195999999998,2451.0603999999994,1914.8491999999999,1,1,1,1,166
generator,12,0.25,1.0,c12_gen_400_0033,24.0453,1.975319772335514,3.2350542517664587,2345.2612000000004,2229.2488,2488.6392,2177.9548000000004,1,1,1,1,166
generator,12,0.25,0.5,c12_gen_400_0034,23.8626,1.9964093347457676,4.482445332863979,2581.0101999999997,2395.6734,2744.0166000000004,2524.0666,1,1,1,1,190
generator,12,0.25,1.0,c12_gen_400_0034,23.8626,1.9964093347457676,4.482445332863979,2347.44,2345.0176,2522.6496000000006,2442.0724000000005,1,1,1,1,190
generator,12,0.25,0.5,c12_gen_400_0035,25.0673,2.2848614139432297,3.7939367223434513,3069.7331999999997,2941.3368,3493.8247999999994,2613.0337999999997,1,1,1,1,153
generator,12,0.25,1.0,c12_gen_400_0035,25.0673,2.2848614139432297,3.7939367223434513,2998.2043999999996,2831.1273999999994,3152.7167999999992,2780.7618,1,1,1,1,153
generator,12,0.25,0.5,c12_gen_400_0036,24.6072,1.497610367131854,2.290754332065412,588.8220000000001,594.7332000000001,582.1260000000001,580.9568,1,1,1,1,144
generator,12,0.25,1.0,c12_gen_400_0036,24.6072,1.497610367131854,2.290754332065412,764.8676000000002,807.38,743.8476,746.9223999999999,1,1,1,1,144
generator,12,0.25,0.5,c12_gen_400_0037,24.9096,1.80775667422094,2.7737575071458416,2112.7380000000007,1677.7200000000003,2386.442400000001,1650.1048000000005,1,1,1,1,155
generator,12,0.25,1.0,c12_gen_400_0037,24.9096,1.80775667422094,2.7737575071458416,2009.0932000000005,1746.4408000000003,2027.7220000000007,1620.0488000000007,1,1,1,1,155
generator,12,0.25,0.5,c12_gen_400_0038,23.2526,2.0738447575194026,4.984496357396592,3452.9344000000006,2989.1319999999996,3801.690800000001,3095.9918000000002,1,1,1,1,173
generator,12,0.25,1.0,c12_gen_400_0038,23.2526,2.0738447575194026,4.984496357396592,2374.1670000000013,1987.1498,2494.7076000000006,1853.3546000000003,1,1,1,1,173
generator,12,0.25,0.5,c12_gen_400_0039,24.6554,1.8438214963756063,2.7311315168279564,1026.5076,1017.0788,1070.5536000000002,988.5480000000001,1,1,1,1,149
generator,12,0.25,1.0,c12_gen_400_0039,24.6554,1.8438214963756063,2.7311315168279564,716.3604,701.2064,686.3216000000001,686.7144,1,1,1,1,149
