part,scope,campus,regime,u,size,beta,rho,seed,inst_id,n_wos,util_pool,util_worst,subsampled,rule,m0_alone,oracle,rule_sup,m0_sup,rule_sup_revfrac,rule_sup_orr,m0_sup_revfrac,m0_sup_orr
B,e3,9,storm2,70,,0.0,0.25,302,c09_storm2_w80_u70_0020,1686,0.700777710858586,0.9395945758928572,0,1336.268000,1339.090400,1304.768000,1336.806400,1344.478400,0.2470,0.0054,0.2510,0.0053
B,e3,9,storm2,70,,0.0,0.25,302,c09_storm2_w80_u70_0021,1686,0.700777710858586,0.9395945758928572,0,950.195600,950.195600,950.195600,950.195600,950.195600,0.2500,0.0000,0.2485,0.0000
B,e3,9,storm2,70,,0.0,0.25,302,c09_storm2_w80_u70_0022,1686,0.700777710858586,0.9395945758928572,0,445.652800,445.652800,451.593600,445.652800,445.652800,0.2507,0.0118,0.2500,0.0235
B,e3,9,storm2,70,,0.0,0.25,302,c09_storm2_w80_u70_0023,1686,0.700777710858586,0.9395945758928572,0,585.544400,585.287600,589.739600,585.544400,585.287600,0.2527,0.0000,0.2527,0.0000
B,e3,9,storm2,70,,0.0,0.25,302,c09_storm2_w80_u70_0024,1686,0.700777710858586,0.9395945758928572,0,875.506400,875.506400,907.303200,875.506400,875.506400,0.2460,0.0000,0.2433,0.0000
B,e3,9,storm2,70,,0.0,0.25,302,c09_storm2_w80_u70_0025,1686,0.700777710858586,0.9395945758928572,0,1127.043600,1127.043600,1127.043600,1127.043600,1127.043600,0.2492,0.0000,0.2467,0.0000
B,e3,9,storm2,70,,0.0,0.25,302,c09_storm2_w80_u70_0026,1686,0.700777710858586,0.9395945758928572,0,840.394800,858.654400,822.995200,821.694000,842.137200,0.2484,0.0258,0.2492,0.0325
B,e3,9,storm2,70,,0.0,0.25,302,c09_storm2_w80_u70_0027,1686,0.700777710858586,0.9395945758928572,0,865.187600,865.187600,865.022000,865.187600,865.187600,0.2500,0.0000,0.2500,0.0000
B,e3,9,storm2,70,,0.0,0.25,302,c09_storm2_w80_u70_0028,1686,0.700777710858586,0.9395945758928572,0,1067.024000,1072.115600,1004.520400,1010.104400,1012.069200,0.2514,0.0216,0.2509,0.0217
B,e3,9,storm2,70,,0.0,0.25,302,c09_storm2_w80_u70_0029,1686,0.700777710858586,0.9395945758928572,0,537.514400,526.091200,521.266000,523.526800,521.380800,0.2393,0.0137,0.2393,0.0137
B,e3,9,storm2,70,,0.5,0.25,302,c09_storm2_w80_u70_0020,1686,0.700777710858586,0.9395945758928572,0,1319.662000,1262.660000,1280.688000,1330.880800,1271.106800,0.2507,0.0476,0.2500,0.0316
B,e3,9,storm2,70,,0.5,0.25,302,c09_storm2_w80_u70_0021,1686,0.700777710858586,0.9395945758928572,0,1119.015200,1119.015200,1122.718400,1119.015200,1119.015200,0.2500,0.0000,0.2500,0.0000
B,e3,9,storm2,70,,0.5,0.25,302,c09_storm2_w80_u70_0022,1686,0.700777710858586,0.9395945758928572,0,908.775200,912.678400,902.964400,908.775200,912.333600,0.2515,0.0000,0.2500,0.0118
B,e3,9,storm2,70,,0.5,0.25,302,c09_storm2_w80_u70_0023,1686,0.700777710858586,0.9395945758928572,0,910.877200,911.266000,911.566800,910.877200,911.266000,0.2527,0.0000,0.2500,0.0000
B,e3,9,storm2,70,,0.5,0.25,302,c09_storm2_w80_u70_0024,1686,0.700777710858586,0.9395945758928572,0,1086.670400,1120.633600,1125.056800,1086.921600,1120.199200,0.2506,0.0090,0.2517,0.0088
B,e3,9,storm2,70,,0.5,0.25,302,c09_storm2_w80_u70_0025,1686,0.700777710858586,0.9395945758928572,0,1064.612000,1064.612000,1064.612000,1064.612000,1064.612000,0.2525,0.0000,0.2525,0.0000
B,e3,9,storm2,70,,0.5,0.25,302,c09_storm2_w80_u70_0026,1686,0.700777710858586,0.9395945758928572,0,777.633200,740.702400,740.985200,761.704000,740.702400,0.2500,0.0065,0.2504,0.0000
B,e3,9,storm2,70,,0.5,0.25,302,c09_storm2_w80_u70_0027,1686,0.700777710858586,0.9395945758928572,0,1104.446000,1104.446000,1102.753200,1104.446000,1104.446000,0.2500,0.0000,0.2500,0.0000
B,e3,9,storm2,70,,0.5,0.25,302,c09_storm2_w80_u70_0028,1686,0.700777710858586,0.9395945758928572,0,1060.126400,1064.168000,1040.672800,1065.773600,1064.168000,0.2505,0.0444,0.2495,0.0073
B,e3,9,storm2,70,,0.5,0.25,302,c09_storm2_w80_u70_0029,1686,0.700777710858586,0.9395945758928572,0,462.259200,464.628800,460.113200,462.259200,464.628800,0.2525,0.0000,0.2500,0.0000
B,e3,9,storm2,70,,1.0,0.25,302,c09_storm2_w80_u70_0020,1686,0.700777710858586,0.9395945758928572,0,1574.511600,1513.745200,1524.045600,1575.405600,1511.736000,0.2507,0.0265,0.2507,0.0159
B,e3,9,storm2,70,,1.0,0.25,302,c09_storm2_w80_u70_0021,1686,0.700777710858586,0.9395945758928572,0,846.673600,850.376800,846.673600,846.673600,850.376800,0.2500,0.0000,0.2500,0.0000
B,e3,9,storm2,70,,1.0,0.25,302,c09_storm2_w80_u70_0022,1686,0.700777710858586,0.9395945758928572,0,1008.481600,1013.727200,1012.175200,1008.481600,1013.727200,0.2515,0.0000,0.2500,0.0116
B,e3,9,storm2,70,,1.0,0.25,302,c09_storm2_w80_u70_0023,1686,0.700777710858586,0.9395945758928572,0,1055.166000,1057.525200,1055.855600,1055.166000,1057.525200,0.2527,0.0000,0.2518,0.0000
B,e3,9,storm2,70,,1.0,0.25,302,c09_storm2_w80_u70_0024,1686,0.700777710858586,0.9395945758928572,0,1460.026400,1457.665600,1510.478800,1460.026400,1457.665600,0.2506,0.0000,0.2506,0.0000
B,e3,9,storm2,70,,1.0,0.25,302,c09_storm2_w80_u70_0025,1686,0.700777710858586,0.9395945758928572,0,700.335200,700.335200,700.335200,700.335200,700.335200,0.2525,0.0000,0.2500,0.0000
B,e3,9,storm2,70,,1.0,0.25,302,c09_storm2_w80_u70_0026,1686,0.700777710858586,0.9395945758928572,0,828.348800,791.568000,788.582800,827.825200,791.568000,0.2500,0.0065,0.2508,0.0130
B,e3,9,storm2,70,,1.0,0.25,302,c09_storm2_w80_u70_0027,1686,0.700777710858586,0.9395945758928572,0,1148.310800,1150.303600,1152.793200,1148.310800,1150.303600,0.2500,0.0000,0.2516,0.0000
B,e3,9,storm2,70,,1.0,0.25,302,c09_storm2_w80_u70_0028,1686,0.700777710858586,0.9395945758928572,0,1040.036400,940.702400,931.369600,1012.924000,956.782400,0.2514,0.0519,0.2477,0.0219
B,e3,9,storm2,70,,1.0,0.25,302,c09_storm2_w80_u70_0029,1686,0.700777710858586,0.9395945758928572,0,462.854400,463.545600,463.065600,462.854400,463.545600,0.2492,0.0000,0.2460,0.0132
B,e3,9,storm2,70,,1.0,0.25,301,c09_storm2_w80_u70_0020,1686,0.700777710858586,0.9395945758928572,0,1574.511600,1517.315600,1524.045600,1575.405600,1520.068000,0.2507,0.0265,0.2497,0.0159
B,e3,9,storm2,70,,1.0,0.25,301,c09_storm2_w80_u70_0021,1686,0.700777710858586,0.9395945758928572,0,846.673600,846.673600,846.673600,846.673600,846.673600,0.2500,0.0000,0.2485,0.0000
B,e3,9,storm2,70,,1.0,0.25,301,c09_storm2_w80_u70_0022,1686,0.700777710858586,0.9395945758928572,0,1008.481600,1010.726400,1012.175200,1008.481600,1010.726400,0.2515,0.0000,0.2522,0.0115
B,e3,9,storm2,70,,1.0,0.25,301,c09_storm2_w80_u70_0023,1686,0.700777710858586,0.9395945758928572,0,1055.166000,1057.525200,1055.855600,1055.166000,1057.525200,0.2527,0.0000,0.2527,0.0000
B,e3,9,storm2,70,,1.0,0.25,301,c09_storm2_w80_u70_0024,1686,0.700777710858586,0.9395945758928572,0,1460.026400,1457.665600,1510.478800,1460.026400,1457.665600,0.2506,0.0000,0.2500,0.0000
B,e3,9,storm2,70,,1.0,0.25,301,c09_storm2_w80_u70_0025,1686,0.700777710858586,0.9395945758928572,0,700.335200,700.335200,700.335200,700.335200,700.335200,0.2525,0.0000,0.2500,0.0000
B,e3,9,storm2,70,,1.0,0.25,301,c09_storm2_w80_u70_0026,1686,0.700777710858586,0.9395945758928572,0,828.348800,792.533600,788.582800,827.825200,792.533600,0.2500,0.0065,0.2512,0.0127
B,e3,9,storm2,70,,1.0,0.25,301,c09_storm2_w80_u70_0027,1686,0.700777710858586,0.9395945758928572,0,1148.310800,1148.310800,1152.793200,1148.310800,1148.310800,0.2500,0.0000,0.2516,0.0000
B,e3,9,storm2,70,,1.0,0.25,301,c09_storm2_w80_u70_0028,1686,0.700777710858586,0.9395945758928572,0,1040.036400,957.133200,931.369600,1012.924000,957.133200,0.2514,0.0519,0.2509,0.0000
B,e3,9,storm2,70,,1.0,0.25,301,c09_storm2_w80_u70_0029,1686,0.700777710858586,0.9395945758928572,0,462.854400,466.118400,463.065600,462.854400,466.118400,0.2492,0.0000,0.2468,0.0128
B,e3,9,storm2,70,,0.5,0.25,303,c09_storm2_w80_u70_0020,1686,0.700777710858586,0.9395945758928572,0,1319.662000,1307.720400,1280.688000,1330.880800,1309.175200,0.2507,0.0476,0.2510,0.0105
B,e3,9,storm2,70,,0.5,0.25,303,c09_storm2_w80_u70_0021,1686,0.700777710858586,0.9395945758928572,0,1119.015200,1127.520000,1122.718400,1119.015200,1127.520000,0.2500,0.0000,0.2485,0.0000
B,e3,9,storm2,70,,0.5,0.25,303,c09_storm2_w80_u70_0022,1686,0.700777710858586,0.9395945758928572,0,908.775200,908.334400,902.964400,908.775200,908.334400,0.2515,0.0000,0.2514,0.0000
B,e3,9,storm2,70,,0.5,0.25,303,c09_storm2_w80_u70_0023,1686,0.700777710858586,0.9395945758928572,0,910.877200,910.877200,911.566800,910.877200,910.877200,0.2527,0.0000,0.2509,0.0000
B,e3,9,storm2,70,,0.5,0.25,303,c09_storm2_w80_u70_0024,1686,0.700777710858586,0.9395945758928572,0,1086.670400,1122.308800,1125.056800,1086.921600,1121.122400,0.2506,0.0090,0.2517,0.0088
B,e3,9,storm2,70,,0.5,0.25,303,c09_storm2_w80_u70_0025,1686,0.700777710858586,0.9395945758928572,0,1064.612000,1064.612000,1064.612000,1064.612000,1064.612000,0.2525,0.0000,0.2525,0.0000
B,e3,9,storm2,70,,0.5,0.25,303,c09_storm2_w80_u70_0026,1686,0.700777710858586,0.9395945758928572,0,777.633200,770.267600,740.985200,761.704000,770.267600,0.2500,0.0065,0.2504,0.0065
B,e3,9,storm2,70,,0.5,0.25,303,c09_storm2_w80_u70_0027,1686,0.700777710858586,0.9395945758928572,0,1104.446000,1104.547600,1102.753200,1104.446000,1104.547600,0.2500,0.0000,0.2500,0.0000
B,e3,9,storm2,70,,0.5,0.25,303,c09_storm2_w80_u70_0028,1686,0.700777710858586,0.9395945758928572,0,1060.126400,1080.488000,1040.672800,1065.773600,1072.986400,0.2505,0.0444,0.2513,0.0211
B,e3,9,storm2,70,,0.5,0.25,303,c09_storm2_w80_u70_0029,1686,0.700777710858586,0.9395945758928572,0,462.259200,467.478000,460.113200,462.259200,467.478000,0.2525,0.0000,0.2516,0.0000
B,e3,9,storm2,70,,0.0,0.25,303,c09_storm2_w80_u70_0020,1686,0.700777710858586,0.9395945758928572,0,1336.268000,1311.048000,1304.768000,1336.806400,1310.442400,0.2470,0.0054,0.2460,0.0108
B,e3,9,storm2,70,,0.0,0.25,303,c09_storm2_w80_u70_0021,1686,0.700777710858586,0.9395945758928572,0,950.195600,950.195600,950.195600,950.195600,950.195600,0.2500,0.0000,0.2455,0.0000
B,e3,9,storm2,70,,0.0,0.25,303,c09_storm2_w80_u70_0022,1686,0.700777710858586,0.9395945758928572,0,445.652800,445.652800,451.593600,445.652800,445.652800,0.2507,0.0118,0.2426,0.0122
B,e3,9,storm2,70,,0.0,0.25,303,c09_storm2_w80_u70_0023,1686,0.700777710858586,0.9395945758928572,0,585.544400,589.350800,589.739600,585.544400,589.350800,0.2527,0.0000,0.2527,0.0000
B,e3,9,storm2,70,,0.0,0.25,303,c09_storm2_w80_u70_0024,1686,0.700777710858586,0.9395945758928572,0,875.506400,907.303200,907.303200,875.506400,907.303200,0.2460,0.0000,0.2494,0.0000
B,e3,9,storm2,70,,0.0,0.25,303,c09_storm2_w80_u70_0025,1686,0.700777710858586,0.9395945758928572,0,1127.043600,1127.043600,1127.043600,1127.043600,1127.043600,0.2492,0.0000,0.2458,0.0135
B,e3,9,storm2,70,,0.0,0.25,303,c09_storm2_w80_u70_0026,1686,0.700777710858586,0.9395945758928572,0,840.394800,877.377600,822.995200,821.694000,858.272000,0.2484,0.0258,0.2465,0.0189
B,e3,9,storm2,70,,0.0,0.25,303,c09_storm2_w80_u70_0027,1686,0.700777710858586,0.9395945758928572,0,865.187600,863.855600,865.022000,865.187600,863.855600,0.2500,0.0000,0.2510,0.0000
B,e3,9,storm2,70,,0.0,0.25,303,c09_storm2_w80_u70_0028,1686,0.700777710858586,0.9395945758928572,0,1067.024000,1078.501200,1004.520400,1010.104400,1018.921200,0.2514,0.0216,0.2500,0.0213
B,e3,9,storm2,70,,0.0,0.25,303,c09_storm2_w80_u70_0029,1686,0.700777710858586,0.9395945758928572,0,537.514400,525.130000,521.266000,523.526800,520.556400,0.2393,0.0137,0.2410,0.0135
B,e3,9,storm2,70,,0.5,0.25,301,c09_storm2_w80_u70_0020,1686,0.700777710858586,0.9395945758928572,0,1319.662000,1328.983200,1280.688000,1330.880800,1315.644000,0.2507,0.0476,0.2503,0.0316
B,e3,9,storm2,70,,0.5,0.25,301,c09_storm2_w80_u70_0021,1686,0.700777710858586,0.9395945758928572,0,1119.015200,1119.015200,1122.718400,1119.015200,1119.015200,0.2500,0.0000,0.2530,0.0000
B,e3,9,storm2,70,,0.5,0.25,301,c09_storm2_w80_u70_0022,1686,0.700777710858586,0.9395945758928572,0,908.775200,916.176800,902.964400,908.775200,916.176800,0.2515,0.0000,0.2507,0.0000
B,e3,9,storm2,70,,0.5,0.25,301,c09_storm2_w80_u70_0023,1686,0.700777710858586,0.9395945758928572,0,910.877200,910.877200,911.566800,910.877200,910.877200,0.2527,0.0000,0.2527,0.0000
B,e3,9,storm2,70,,0.5,0.25,301,c09_storm2_w80_u70_0024,1686,0.700777710858586,0.9395945758928572,0,1086.670400,1072.615200,1125.056800,1086.921600,1072.157600,0.2506,0.0090,0.2500,0.0090
B,e3,9,storm2,70,,0.5,0.25,301,c09_storm2_w80_u70_0025,1686,0.700777710858586,0.9395945758928572,0,1064.612000,1064.612000,1064.612000,1064.612000,1064.612000,0.2525,0.0000,0.2525,0.0000
B,e3,9,storm2,70,,0.5,0.25,301,c09_storm2_w80_u70_0026,1686,0.700777710858586,0.9395945758928572,0,777.633200,751.965600,740.985200,761.704000,751.999600,0.2500,0.0065,0.2508,0.0064
B,e3,9,storm2,70,,0.5,0.25,301,c09_storm2_w80_u70_0027,1686,0.700777710858586,0.9395945758928572,0,1104.446000,1104.446000,1102.753200,1104.446000,1104.446000,0.2500,0.0000,0.2500,0.0000
B,e3,9,storm2,70,,0.5,0.25,301,c09_storm2_w80_u70_0028,1686,0.700777710858586,0.9395945758928572,0,1060.126400,1067.714400,1040.672800,1065.773600,1060.380000,0.2505,0.0444,0.2500,0.0292
B,e3,9,storm2,70,,0.5,0.25,301,c09_storm2_w80_u70_0029,1686,0.700777710858586,0.9395945758928572,0,462.259200,464.496000,460.113200,462.259200,464.496000,0.2525,0.0000,0.2508,0.0000
B,e3,9,storm2,70,,0.0,0.25,301,c09_storm2_w80_u70_0020,1686,0.700777710858586,0.9395945758928572,0,1336.268000,1338.654400,1304.768000,1336.806400,1351.228800,0.2470,0.0054,0.2458,0.0105
B,e3,9,storm2,70,,0.0,0.25,301,c09_storm2_w80_u70_0021,1686,0.700777710858586,0.9395945758928572,0,950.195600,950.195600,950.195600,950.195600,950.195600,0.2500,0.0000,0.2529,0.0000
B,e3,9,storm2,70,,0.0,0.25,301,c09_storm2_w80_u70_0022,1686,0.700777710858586,0.9395945758928572,0,445.652800,445.652800,451.593600,445.652800,445.652800,0.2507,0.0118,0.2514,0.0115
B,e3,9,storm2,70,,0.0,0.25,301,c09_storm2_w80_u70_0023,1686,0.700777710858586,0.9395945758928572,0,585.544400,587.903600,589.739600,585.544400,587.903600,0.2527,0.0000,0.2527,0.0000
B,e3,9,storm2,70,,0.0,0.25,301,c09_storm2_w80_u70_0024,1686,0.700777710858586,0.9395945758928572,0,875.506400,875.506400,907.303200,875.506400,875.506400,0.2460,0.0000,0.2409,0.0000
B,e3,9,storm2,70,,0.0,0.25,301,c09_storm2_w80_u70_0025,1686,0.700777710858586,0.9395945758928572,0,1127.043600,1127.043600,1127.043600,1127.043600,1127.043600,0.2492,0.0000,0.2451,0.0000
B,e3,9,storm2,70,,0.0,0.25,301,c09_storm2_w80_u70_0026,1686,0.700777710858586,0.9395945758928572,0,840.394800,842.433600,822.995200,821.694000,823.162400,0.2484,0.0258,0.2481,0.0312
B,e3,9,storm2,70,,0.0,0.25,301,c09_storm2_w80_u70_0027,1686,0.700777710858586,0.9395945758928572,0,865.187600,864.331600,865.022000,865.187600,864.331600,0.2500,0.0000,0.2500,0.0000
B,e3,9,storm2,70,,0.0,0.25,301,c09_storm2_w80_u70_0028,1686,0.700777710858586,0.9395945758928572,0,1067.024000,1070.486800,1004.520400,1010.104400,1020.748400,0.2514,0.0216,0.2500,0.0211
B,e3,9,storm2,70,,0.0,0.25,301,c09_storm2_w80_u70_0029,1686,0.700777710858586,0.9395945758928572,0,537.514400,523.526800,521.266000,523.526800,523.526800,0.2393,0.0137,0.2416,0.0000
B,e3,9,storm2,90,,1.0,0.25,301,c09_storm2_w80_u90_0020,1983,0.9084584217171718,1.215525144345238,0,2177.667200,1502.645600,1504.394400,2154.681600,1471.321600,0.2502,0.0315,0.2500,0.0381
B,e3,9,storm2,90,,1.0,0.25,301,c09_storm2_w80_u90_0021,1983,0.9084584217171718,1.215525144345238,0,1754.070800,1714.508400,1724.693600,1719.228400,1714.508400,0.2496,0.0199,0.2486,0.0000
B,e3,9,storm2,90,,1.0,0.25,301,c09_storm2_w80_u90_0022,1983,0.9084584217171718,1.215525144345238,0,1255.530000,1204.615200,1218.304800,1245.562400,1204.615200,0.2492,0.0158,0.2490,0.0000
B,e3,9,storm2,90,,1.0,0.25,301,c09_storm2_w80_u90_0023,1983,0.9084584217171718,1.215525144345238,0,1251.113600,1207.516400,1185.189600,1242.408800,1190.050000,0.2490,0.0281,0.2481,0.0156
B,e3,9,storm2,90,,1.0,0.25,301,c09_storm2_w80_u90_0024,1983,0.9084584217171718,1.215525144345238,0,2040.184000,1455.388800,1434.189200,1727.396400,1449.343200,0.2500,0.0505,0.2505,0.0106
B,e3,9,storm2,90,,1.0,0.25,301,c09_storm2_w80_u90_0025,1983,0.9084584217171718,1.215525144345238,0,1653.087600,1571.213200,1550.068000,1621.426000,1571.213200,0.2492,0.0097,0.2490,0.0000
B,e3,9,storm2,90,,1.0,0.25,301,c09_storm2_w80_u90_0026,1983,0.9084584217171718,1.215525144345238,0,1769.389600,1308.895600,1308.659600,1655.275200,1299.643200,0.2504,0.0250,0.2443,0.0064
B,e3,9,storm2,90,,1.0,0.25,301,c09_storm2_w80_u90_0027,1983,0.9084584217171718,1.215525144345238,0,1752.833600,916.214800,803.994000,1041.454800,833.194800,0.2502,0.0991,0.2500,0.0303
B,e3,9,storm2,90,,1.0,0.25,301,c09_storm2_w80_u90_0028,1983,0.9084584217171718,1.215525144345238,0,804.369600,692.674800,730.334800,778.310000,708.535600,0.2494,0.0301,0.2488,0.0067
B,e3,9,storm2,90,,1.0,0.25,301,c09_storm2_w80_u90_0029,1983,0.9084584217171718,1.215525144345238,0,3061.778400,2862.777600,2856.388000,3003.177600,2877.221600,0.2504,0.0262,0.2489,0.0174
B,e3,9,storm2,90,,1.0,0.25,302,c09_storm2_w80_u90_0020,1983,0.9084584217171718,1.215525144345238,0,2177.667200,1459.928800,1504.394400,2154.681600,1463.176000,0.2502,0.0315,0.2502,0.0484
B,e3,9,storm2,90,,1.0,0.25,302,c09_storm2_w80_u90_0021,1983,0.9084584217171718,1.215525144345238,0,1754.070800,1711.283200,1724.693600,1719.228400,1711.391200,0.2496,0.0199,0.2473,0.0033
B,e3,9,storm2,90,,1.0,0.25,302,c09_storm2_w80_u90_0022,1983,0.9084584217171718,1.215525144345238,0,1255.530000,1202.207600,1218.304800,1245.562400,1201.691600,0.2492,0.0158,0.2476,0.0063
B,e3,9,storm2,90,,1.0,0.25,302,c09_storm2_w80_u90_0023,1983,0.9084584217171718,1.215525144345238,0,1251.113600,1191.750000,1185.189600,1242.408800,1185.377200,0.2490,0.0281,0.2477,0.0063
B,e3,9,storm2,90,,1.0,0.25,302,c09_storm2_w80_u90_0024,1983,0.9084584217171718,1.215525144345238,0,2040.184000,1425.160400,1434.189200,1727.396400,1432.006800,0.2500,0.0505,0.2497,0.0080
B,e3,9,storm2,90,,1.0,0.25,302,c09_storm2_w80_u90_0025,1983,0.9084584217171718,1.215525144345238,0,1653.087600,1564.354400,1550.068000,1621.426000,1564.370400,0.2492,0.0097,0.2490,0.0032
B,e3,9,storm2,90,,1.0,0.25,302,c09_storm2_w80_u90_0026,1983,0.9084584217171718,1.215525144345238,0,1769.389600,1286.770800,1308.659600,1655.275200,1289.735200,0.2504,0.0250,0.2424,0.0097
B,e3,9,storm2,90,,1.0,0.25,302,c09_storm2_w80_u90_0027,1983,0.9084584217171718,1.215525144345238,0,1752.833600,909.309600,803.994000,1041.454800,838.866000,0.2502,0.0991,0.2496,0.0240
B,e3,9,storm2,90,,1.0,0.25,302,c09_storm2_w80_u90_0028,1983,0.9084584217171718,1.215525144345238,0,804.369600,714.086000,730.334800,778.310000,721.081200,0.2494,0.0301,0.2490,0.0034
B,e3,9,storm2,90,,1.0,0.25,302,c09_storm2_w80_u90_0029,1983,0.9084584217171718,1.215525144345238,0,3061.778400,2795.002400,2856.388000,3003.177600,2804.040000,0.2504,0.0262,0.2480,0.0058
B,e3,9,storm2,90,,1.0,0.25,303,c09_storm2_w80_u90_0020,1983,0.9084584217171718,1.215525144345238,0,2177.667200,1442.505200,1504.394400,2154.681600,1463.216000,0.2502,0.0315,0.2504,0.0381
B,e3,9,storm2,90,,1.0,0.25,303,c09_storm2_w80_u90_0021,1983,0.9084584217171718,1.215525144345238,0,1754.070800,1712.989600,1724.693600,1719.228400,1712.989600,0.2496,0.0199,0.2481,0.0000
B,e3,9,storm2,90,,1.0,0.25,303,c09_storm2_w80_u90_0022,1983,0.9084584217171718,1.215525144345238,0,1255.530000,1207.906000,1218.304800,1245.562400,1203.698800,0.2492,0.0158,0.2494,0.0032
B,e3,9,storm2,90,,1.0,0.25,303,c09_storm2_w80_u90_0023,1983,0.9084584217171718,1.215525144345238,0,1251.113600,1205.097200,1185.189600,1242.408800,1187.263200,0.2490,0.0281,0.2486,0.0250
B,e3,9,storm2,90,,1.0,0.25,303,c09_storm2_w80_u90_0024,1983,0.9084584217171718,1.215525144345238,0,2040.184000,1448.921600,1434.189200,1727.396400,1426.548000,0.2500,0.0505,0.2505,0.0292
B,e3,9,storm2,90,,1.0,0.25,303,c09_storm2_w80_u90_0025,1983,0.9084584217171718,1.215525144345238,0,1653.087600,1563.323600,1550.068000,1621.426000,1563.323600,0.2492,0.0097,0.2492,0.0000
B,e3,9,storm2,90,,1.0,0.25,303,c09_storm2_w80_u90_0026,1983,0.9084584217171718,1.215525144345238,0,1769.389600,1282.759600,1308.659600,1655.275200,1274.260000,0.2504,0.0250,0.2443,0.0032
B,e3,9,storm2,90,,1.0,0.25,303,c09_storm2_w80_u90_0027,1983,0.9084584217171718,1.215525144345238,0,1752.833600,906.013200,803.994000,1041.454800,820.642400,0.2502,0.0991,0.2502,0.0539
B,e3,9,storm2,90,,1.0,0.25,303,c09_storm2_w80_u90_0028,1983,0.9084584217171718,1.215525144345238,0,804.369600,697.722000,730.334800,778.310000,697.722000,0.2494,0.0301,0.2496,0.0033
B,e3,9,storm2,90,,1.0,0.25,303,c09_storm2_w80_u90_0029,1983,0.9084584217171718,1.215525144345238,0,3061.778400,2793.178000,2856.388000,3003.177600,2772.647600,0.2504,0.0262,0.2498,0.0087
B,e3,9,storm2,70,,1.0,0.25,303,c09_storm2_w80_u70_0020,1686,0.700777710858586,0.9395945758928572,0,1574.511600,1512.806800,1524.045600,1575.405600,1512.806800,0.2507,0.0265,0.2497,0.0000
B,e3,9,storm2,70,,1.0,0.25,303,c09_storm2_w80_u70_0021,1686,0.700777710858586,0.9395945758928572,0,846.673600,849.452800,846.673600,846.673600,849.452800,0.2500,0.0000,0.2485,0.0000
B,e3,9,storm2,70,,1.0,0.25,303,c09_storm2_w80_u70_0022,1686,0.700777710858586,0.9395945758928572,0,1008.481600,1031.036800,1012.175200,1008.481600,1022.584000,0.2515,0.0000,0.2471,0.0235
B,e3,9,storm2,70,,1.0,0.25,303,c09_storm2_w80_u70_0023,1686,0.700777710858586,0.9395945758928572,0,1055.166000,1057.525200,1055.855600,1055.166000,1057.525200,0.2527,0.0000,0.2500,0.0000
B,e3,9,storm2,70,,1.0,0.25,303,c09_storm2_w80_u70_0024,1686,0.700777710858586,0.9395945758928572,0,1460.026400,1453.044400,1510.478800,1460.026400,1453.044400,0.2506,0.0000,0.2500,0.0000
B,e3,9,storm2,70,,1.0,0.25,303,c09_storm2_w80_u70_0025,1686,0.700777710858586,0.9395945758928572,0,700.335200,700.335200,700.335200,700.335200,700.335200,0.2525,0.0000,0.2525,0.0000
B,e3,9,storm2,70,,1.0,0.25,303,c09_storm2_w80_u70_0026,1686,0.700777710858586,0.9395945758928572,0,828.348800,793.020800,788.582800,827.825200,793.020800,0.2500,0.0065,0.2512,0.0064
B,e3,9,storm2,70,,1.0,0.25,303,c09_storm2_w80_u70_0027,1686,0.700777710858586,0.9395945758928572,0,1148.310800,1150.303600,1152.793200,1148.310800,1150.303600,0.2500,0.0000,0.2505,0.0000
B,e3,9,storm2,70,,1.0,0.25,303,c09_storm2_w80_u70_0028,1686,0.700777710858586,0.9395945758928572,0,1040.036400,998.212400,931.369600,1012.924000,998.212400,0.2514,0.0519,0.2495,0.0000
B,e3,9,storm2,70,,1.0,0.25,303,c09_storm2_w80_u70_0029,1686,0.700777710858586,0.9395945758928572,0,462.854400,466.336000,463.065600,462.854400,466.336000,0.2492,0.0000,0.2366,0.0000
B,e3,9,storm2,90,,0.0,0.25,301,c09_storm2_w80_u90_0020,1983,0.9084584217171718,1.215525144345238,0,1231.793200,1181.151600,995.940000,1021.918000,1034.922800,0.2491,0.0282,0.2498,0.0315
B,e3,9,storm2,90,,0.0,0.25,301,c09_storm2_w80_u90_0021,1983,0.9084584217171718,1.215525144345238,0,975.979200,980.699200,975.566800,979.227200,976.738400,0.2498,0.0132,0.2498,0.0099
B,e3,9,storm2,90,,0.0,0.25,301,c09_storm2_w80_u90_0022,1983,0.9084584217171718,1.215525144345238,0,1587.114000,1530.683200,1432.173600,1457.760000,1442.765200,0.2467,0.0256,0.2482,0.0190
B,e3,9,storm2,90,,0.0,0.25,301,c09_storm2_w80_u90_0023,1983,0.9084584217171718,1.215525144345238,0,884.806800,900.218800,827.890400,855.528000,852.952800,0.2467,0.0221,0.2467,0.0221
B,e3,9,storm2,90,,0.0,0.25,301,c09_storm2_w80_u90_0024,1983,0.9084584217171718,1.215525144345238,0,936.799600,965.090000,756.248400,822.070000,882.835200,0.2465,0.0647,0.2467,0.0458
B,e3,9,storm2,90,,0.0,0.25,301,c09_storm2_w80_u90_0025,1983,0.9084584217171718,1.215525144345238,0,1385.394800,1445.064400,1304.726000,1324.995200,1333.817600,0.2456,0.0164,0.2476,0.0195
B,e3,9,storm2,90,,0.0,0.25,301,c09_storm2_w80_u90_0026,1983,0.9084584217171718,1.215525144345238,0,1059.491600,1011.882400,911.240800,904.397200,897.914800,0.2480,0.0221,0.2436,0.0160
B,e3,9,storm2,90,,0.0,0.25,301,c09_storm2_w80_u90_0027,1983,0.9084584217171718,1.215525144345238,0,1373.073200,1378.351200,1189.637200,1235.116800,1196.930000,0.2468,0.0427,0.2474,0.0456
B,e3,9,storm2,90,,0.0,0.25,301,c09_storm2_w80_u90_0028,1983,0.9084584217171718,1.215525144345238,0,1098.264800,1133.165600,1050.110000,1069.081200,1068.050400,0.2498,0.0067,0.2500,0.0100
B,e3,9,storm2,90,,0.0,0.25,301,c09_storm2_w80_u90_0029,1983,0.9084584217171718,1.215525144345238,0,1498.585200,1531.206000,1453.895200,1503.729200,1497.018000,0.2495,0.0262,0.2489,0.0350
B,e3,9,storm2,90,,0.0,0.25,302,c09_storm2_w80_u90_0020,1983,0.9084584217171718,1.215525144345238,0,1231.793200,1148.716000,995.940000,1021.918000,1014.829200,0.2491,0.0282,0.2504,0.0280
B,e3,9,storm2,90,,0.0,0.25,302,c09_storm2_w80_u90_0021,1983,0.9084584217171718,1.215525144345238,0,975.979200,974.312000,975.566800,979.227200,971.767200,0.2498,0.0132,0.2502,0.0230
B,e3,9,storm2,90,,0.0,0.25,302,c09_storm2_w80_u90_0022,1983,0.9084584217171718,1.215525144345238,0,1587.114000,1597.025200,1432.173600,1457.760000,1451.889600,0.2467,0.0256,0.2482,0.0191
B,e3,9,storm2,90,,0.0,0.25,302,c09_storm2_w80_u90_0023,1983,0.9084584217171718,1.215525144345238,0,884.806800,890.558800,827.890400,855.528000,853.065600,0.2467,0.0221,0.2461,0.0222
B,e3,9,storm2,90,,0.0,0.25,302,c09_storm2_w80_u90_0024,1983,0.9084584217171718,1.215525144345238,0,936.799600,992.358800,756.248400,822.070000,850.655200,0.2465,0.0647,0.2467,0.0566
B,e3,9,storm2,90,,0.0,0.25,302,c09_storm2_w80_u90_0025,1983,0.9084584217171718,1.215525144345238,0,1385.394800,1408.728800,1304.726000,1324.995200,1346.237600,0.2456,0.0164,0.2464,0.0228
B,e3,9,storm2,90,,0.0,0.25,302,c09_storm2_w80_u90_0026,1983,0.9084584217171718,1.215525144345238,0,1059.491600,1007.946800,911.240800,904.397200,888.701200,0.2480,0.0221,0.2422,0.0129
B,e3,9,storm2,90,,0.0,0.25,302,c09_storm2_w80_u90_0027,1983,0.9084584217171718,1.215525144345238,0,1373.073200,1402.026000,1189.637200,1235.116800,1221.453600,0.2468,0.0427,0.2472,0.0395
B,e3,9,storm2,90,,0.0,0.25,302,c09_storm2_w80_u90_0028,1983,0.9084584217171718,1.215525144345238,0,1098.264800,1097.369600,1050.110000,1069.081200,1081.237600,0.2498,0.0067,0.2502,0.0132
B,e3,9,storm2,90,,0.0,0.25,302,c09_storm2_w80_u90_0029,1983,0.9084584217171718,1.215525144345238,0,1498.585200,1435.414400,1453.895200,1503.729200,1405.006800,0.2495,0.0262,0.2498,0.0203
B,e3,9,storm2,90,,0.0,0.25,303,c09_storm2_w80_u90_0020,1983,0.9084584217171718,1.215525144345238,0,1231.793200,1224.283600,995.940000,1021.918000,1103.934800,0.2491,0.0282,0.2472,0.0390
B,e3,9,storm2,90,,0.0,0.25,303,c09_storm2_w80_u90_0021,1983,0.9084584217171718,1.215525144345238,0,975.979200,980.478000,975.566800,979.227200,973.229600,0.2498,0.0132,0.2494,0.0100
B,e3,9,storm2,90,,0.0,0.25,303,c09_storm2_w80_u90_0022,1983,0.9084584217171718,1.215525144345238,0,1587.114000,1454.980000,1432.173600,1457.760000,1442.053600,0.2467,0.0256,0.2467,0.0224
B,e3,9,storm2,90,,0.0,0.25,303,c09_storm2_w80_u90_0023,1983,0.9084584217171718,1.215525144345238,0,884.806800,901.217200,827.890400,855.528000,865.920800,0.2467,0.0221,0.2467,0.0346
B,e3,9,storm2,90,,0.0,0.25,303,c09_storm2_w80_u90_0024,1983,0.9084584217171718,1.215525144345238,0,936.799600,961.767200,756.248400,822.070000,814.926000,0.2465,0.0647,0.2458,0.0757
B,e3,9,storm2,90,,0.0,0.25,303,c09_storm2_w80_u90_0025,1983,0.9084584217171718,1.215525144345238,0,1385.394800,1440.244400,1304.726000,1324.995200,1326.704800,0.2456,0.0164,0.2466,0.0162
B,e3,9,storm2,90,,0.0,0.25,303,c09_storm2_w80_u90_0026,1983,0.9084584217171718,1.215525144345238,0,1059.491600,1098.713600,911.240800,904.397200,898.847600,0.2480,0.0221,0.2465,0.0187
B,e3,9,storm2,90,,0.0,0.25,303,c09_storm2_w80_u90_0027,1983,0.9084584217171718,1.215525144345238,0,1373.073200,1436.294400,1189.637200,1235.116800,1217.111600,0.2468,0.0427,0.2459,0.0491
B,e3,9,storm2,90,,0.0,0.25,303,c09_storm2_w80_u90_0028,1983,0.9084584217171718,1.215525144345238,0,1098.264800,1097.918000,1050.110000,1069.081200,1078.364800,0.2498,0.0067,0.2502,0.0235
B,e3,9,storm2,90,,0.0,0.25,303,c09_storm2_w80_u90_0029,1983,0.9084584217171718,1.215525144345238,0,1498.585200,1494.872800,1453.895200,1503.729200,1522.624400,0.2495,0.0262,0.2493,0.0204
B,e3,9,storm2,90,,0.5,0.25,302,c09_storm2_w80_u90_0020,1983,0.9084584217171718,1.215525144345238,0,1421.070400,1163.635200,1065.728800,1361.184400,1098.474800,0.2500,0.0385,0.2461,0.0495
B,e3,9,storm2,90,,0.5,0.25,302,c09_storm2_w80_u90_0021,1983,0.9084584217171718,1.215525144345238,0,1682.909200,1660.165200,1666.980400,1663.381200,1639.815200,0.2502,0.0166,0.2481,0.0067
B,e3,9,storm2,90,,0.5,0.25,302,c09_storm2_w80_u90_0022,1983,0.9084584217171718,1.215525144345238,0,1664.744000,1654.931200,1510.509600,1560.585600,1535.494800,0.2490,0.0348,0.2500,0.0189
B,e3,9,storm2,90,,0.5,0.25,302,c09_storm2_w80_u90_0023,1983,0.9084584217171718,1.215525144345238,0,1215.791600,1172.364000,1128.955600,1166.461200,1137.638400,0.2494,0.0375,0.2488,0.0156
B,e3,9,storm2,90,,0.5,0.25,302,c09_storm2_w80_u90_0024,1983,0.9084584217171718,1.215525144345238,0,1345.757200,1056.365600,1012.123200,1199.310800,1003.430000,0.2505,0.0504,0.2503,0.0398
B,e3,9,storm2,90,,0.5,0.25,302,c09_storm2_w80_u90_0025,1983,0.9084584217171718,1.215525144345238,0,1717.155200,1676.048000,1645.777600,1669.952400,1667.000000,0.2492,0.0227,0.2492,0.0161
B,e3,9,storm2,90,,0.5,0.25,302,c09_storm2_w80_u90_0026,1983,0.9084584217171718,1.215525144345238,0,1777.414400,1519.911200,1483.257600,1668.139600,1488.465600,0.2504,0.0312,0.2420,0.0193
B,e3,9,storm2,90,,0.5,0.25,302,c09_storm2_w80_u90_0027,1983,0.9084584217171718,1.215525144345238,0,1932.070000,1178.930400,1005.787600,1636.788400,1020.287600,0.2500,0.0751,0.2455,0.0274
B,e3,9,storm2,90,,0.5,0.25,302,c09_storm2_w80_u90_0028,1983,0.9084584217171718,1.215525144345238,0,893.354800,943.719600,874.054000,886.827200,931.390800,0.2506,0.0233,0.2506,0.0099
B,e3,9,storm2,90,,0.5,0.25,302,c09_storm2_w80_u90_0029,1983,0.9084584217171718,1.215525144345238,0,2933.330000,2762.612800,2765.441200,2904.394400,2670.977200,0.2500,0.0380,0.2493,0.0175
B,e3,9,storm2,90,,0.5,0.25,303,c09_storm2_w80_u90_0020,1983,0.9084584217171718,1.215525144345238,0,1421.070400,1225.363200,1065.728800,1361.184400,1101.059600,0.2500,0.0385,0.2493,0.0490
B,e3,9,storm2,90,,0.5,0.25,303,c09_storm2_w80_u90_0021,1983,0.9084584217171718,1.215525144345238,0,1682.909200,1689.665600,1666.980400,1663.381200,1670.890000,0.2502,0.0166,0.2504,0.0099
B,e3,9,storm2,90,,0.5,0.25,303,c09_storm2_w80_u90_0022,1983,0.9084584217171718,1.215525144345238,0,1664.744000,1689.122800,1510.509600,1560.585600,1528.832800,0.2490,0.0348,0.2441,0.0193
B,e3,9,storm2,90,,0.5,0.25,303,c09_storm2_w80_u90_0023,1983,0.9084584217171718,1.215525144345238,0,1215.791600,1186.201600,1128.955600,1166.461200,1149.863200,0.2494,0.0375,0.2479,0.0281
B,e3,9,storm2,90,,0.5,0.25,303,c09_storm2_w80_u90_0024,1983,0.9084584217171718,1.215525144345238,0,1345.757200,1099.745600,1012.123200,1199.310800,1009.447200,0.2505,0.0504,0.2488,0.0372
B,e3,9,storm2,90,,0.5,0.25,303,c09_storm2_w80_u90_0025,1983,0.9084584217171718,1.215525144345238,0,1717.155200,1687.096000,1645.777600,1669.952400,1677.130800,0.2492,0.0227,0.2490,0.0129
B,e3,9,storm2,90,,0.5,0.25,303,c09_storm2_w80_u90_0026,1983,0.9084584217171718,1.215525144345238,0,1777.414400,1554.731600,1483.257600,1668.139600,1471.736000,0.2504,0.0312,0.2445,0.0096
B,e3,9,storm2,90,,0.5,0.25,303,c09_storm2_w80_u90_0027,1983,0.9084584217171718,1.215525144345238,0,1932.070000,1492.881200,1005.787600,1636.788400,1117.950000,0.2500,0.0751,0.2461,0.0574
B,e3,9,storm2,90,,0.5,0.25,303,c09_storm2_w80_u90_0028,1983,0.9084584217171718,1.215525144345238,0,893.354800,911.974400,874.054000,886.827200,908.507600,0.2506,0.0233,0.2502,0.0200
B,e3,9,storm2,90,,0.5,0.25,303,c09_storm2_w80_u90_0029,1983,0.9084584217171718,1.215525144345238,0,2933.330000,2897.451600,2765.441200,2904.394400,2794.290400,0.2500,0.0380,0.2475,0.0352
B,e3,9,storm2,100,,1.0,0.25,301,c09_storm2_w80_u100_0020,2253,1.0021862474747476,1.3664385,0,2113.920800,1685.812000,1660.290800,1974.308800,1639.239200,0.2494,0.0815,0.2488,0.0192
B,e3,9,storm2,100,,1.0,0.25,301,c09_storm2_w80_u100_0021,2253,1.0021862474747476,1.3664385,0,2468.501600,2127.064800,2178.691200,2425.110000,2140.574400,0.2495,0.0757,0.2448,0.0138
B,e3,9,storm2,100,,1.0,0.25,301,c09_storm2_w80_u100_0022,2253,1.0021862474747476,1.3664385,0,1216.011200,973.572400,991.862400,1099.216000,977.068400,0.2503,0.0267,0.2493,0.0106
B,e3,9,storm2,100,,1.0,0.25,301,c09_storm2_w80_u100_0023,2253,1.0021862474747476,1.3664385,0,5676.362400,2775.650800,2621.206400,4018.612400,2608.315200,0.2496,0.1415,0.2497,0.0492
B,e3,9,storm2,100,,1.0,0.25,301,c09_storm2_w80_u100_0024,2253,1.0021862474747476,1.3664385,0,4396.206800,2358.705600,1996.894800,2834.593600,1994.484000,0.2502,0.1162,0.2505,0.0455
B,e3,9,storm2,100,,1.0,0.25,301,c09_storm2_w80_u100_0025,2253,1.0021862474747476,1.3664385,0,6411.756400,2979.735200,2533.840800,4054.931600,2520.513600,0.2503,0.1551,0.2501,0.0404
B,e3,9,storm2,100,,1.0,0.25,301,c09_storm2_w80_u100_0026,2253,1.0021862474747476,1.3664385,0,5006.202000,2086.948000,1938.243600,4109.313600,2038.843600,0.2497,0.1297,0.2431,0.0315
B,e3,9,storm2,100,,1.0,0.25,301,c09_storm2_w80_u100_0027,2253,1.0021862474747476,1.3664385,0,2535.368000,1799.105600,1685.882800,2061.197200,1676.946000,0.2476,0.0844,0.2438,0.0182
B,e3,9,storm2,100,,1.0,0.25,301,c09_storm2_w80_u100_0028,2253,1.0021862474747476,1.3664385,0,2083.722400,1302.152400,1316.495200,2021.848800,1302.480800,0.2498,0.0533,0.2454,0.0052
B,e3,9,storm2,100,,1.0,0.25,301,c09_storm2_w80_u100_0029,2253,1.0021862474747476,1.3664385,0,4540.255600,1888.186400,1226.778800,2328.602400,1415.808400,0.2490,0.1091,0.2492,0.0401
B,e3,9,storm2,100,,1.0,0.25,302,c09_storm2_w80_u100_0020,2253,1.0021862474747476,1.3664385,0,2113.920800,1723.539600,1660.290800,1974.308800,1631.607600,0.2494,0.0815,0.2490,0.0144
B,e3,9,storm2,100,,1.0,0.25,302,c09_storm2_w80_u100_0021,2253,1.0021862474747476,1.3664385,0,2468.501600,2169.646000,2178.691200,2425.110000,2146.010400,0.2495,0.0757,0.2468,0.0109
B,e3,9,storm2,100,,1.0,0.25,302,c09_storm2_w80_u100_0022,2253,1.0021862474747476,1.3664385,0,1216.011200,994.066400,991.862400,1099.216000,992.236400,0.2503,0.0267,0.2493,0.0053
B,e3,9,storm2,100,,1.0,0.25,302,c09_storm2_w80_u100_0023,2253,1.0021862474747476,1.3664385,0,5676.362400,2822.065200,2621.206400,4018.612400,2685.714000,0.2496,0.1415,0.2497,0.0679
B,e3,9,storm2,100,,1.0,0.25,302,c09_storm2_w80_u100_0024,2253,1.0021862474747476,1.3664385,0,4396.206800,2181.403200,1996.894800,2834.593600,2024.340000,0.2502,0.1162,0.2505,0.0278
B,e3,9,storm2,100,,1.0,0.25,302,c09_storm2_w80_u100_0025,2253,1.0021862474747476,1.3664385,0,6411.756400,2943.910000,2533.840800,4054.931600,2568.256000,0.2503,0.1551,0.2501,0.0427
B,e3,9,storm2,100,,1.0,0.25,302,c09_storm2_w80_u100_0026,2253,1.0021862474747476,1.3664385,0,5006.202000,2376.272000,1938.243600,4109.313600,2289.852000,0.2497,0.1297,0.2460,0.0526
B,e3,9,storm2,100,,1.0,0.25,302,c09_storm2_w80_u100_0027,2253,1.0021862474747476,1.3664385,0,2535.368000,1851.201200,1685.882800,2061.197200,1673.368400,0.2476,0.0844,0.2446,0.0155
B,e3,9,storm2,100,,1.0,0.25,302,c09_storm2_w80_u100_0028,2253,1.0021862474747476,1.3664385,0,2083.722400,1309.272400,1316.495200,2021.848800,1306.246800,0.2498,0.0533,0.2467,0.0103
B,e3,9,storm2,100,,1.0,0.25,302,c09_storm2_w80_u100_0029,2253,1.0021862474747476,1.3664385,0,4540.255600,1635.014000,1226.778800,2328.602400,1284.388000,0.2490,0.1091,0.2493,0.0400
B,e3,9,storm2,100,,1.0,0.25,303,c09_storm2_w80_u100_0020,2253,1.0021862474747476,1.3664385,0,2113.920800,1636.229200,1660.290800,1974.308800,1632.326000,0.2494,0.0815,0.2488,0.0240
B,e3,9,storm2,100,,1.0,0.25,303,c09_storm2_w80_u100_0021,2253,1.0021862474747476,1.3664385,0,2468.501600,2131.872400,2178.691200,2425.110000,2125.414400,0.2495,0.0757,0.2468,0.0164
B,e3,9,storm2,100,,1.0,0.25,303,c09_storm2_w80_u100_0022,2253,1.0021862474747476,1.3664385,0,1216.011200,1017.177200,991.862400,1099.216000,1000.308400,0.2503,0.0267,0.2498,0.0027
B,e3,9,storm2,100,,1.0,0.25,303,c09_storm2_w80_u100_0023,2253,1.0021862474747476,1.3664385,0,5676.362400,2920.254800,2621.206400,4018.612400,2612.666000,0.2496,0.1415,0.2504,0.0724
B,e3,9,storm2,100,,1.0,0.25,303,c09_storm2_w80_u100_0024,2253,1.0021862474747476,1.3664385,0,4396.206800,2476.737200,1996.894800,2834.593600,2033.463200,0.2502,0.1162,0.2502,0.0530
B,e3,9,storm2,100,,1.0,0.25,303,c09_storm2_w80_u100_0025,2253,1.0021862474747476,1.3664385,0,6411.756400,3112.762400,2533.840800,4054.931600,2642.159600,0.2503,0.1551,0.2503,0.0652
B,e3,9,storm2,100,,1.0,0.25,303,c09_storm2_w80_u100_0026,2253,1.0021862474747476,1.3664385,0,5006.202000,2543.850800,1938.243600,4109.313600,2486.926800,0.2497,0.1297,0.2459,0.0502
B,e3,9,storm2,100,,1.0,0.25,303,c09_storm2_w80_u100_0027,2253,1.0021862474747476,1.3664385,0,2535.368000,1923.285200,1685.882800,2061.197200,1673.293200,0.2476,0.0844,0.2427,0.0392
B,e3,9,storm2,100,,1.0,0.25,303,c09_storm2_w80_u100_0028,2253,1.0021862474747476,1.3664385,0,2083.722400,1302.622800,1316.495200,2021.848800,1302.398000,0.2498,0.0533,0.2468,0.0026
B,e3,9,storm2,100,,1.0,0.25,303,c09_storm2_w80_u100_0029,2253,1.0021862474747476,1.3664385,0,4540.255600,1890.822000,1226.778800,2328.602400,1475.116400,0.2490,0.1091,0.2496,0.0533
B,e3,9,storm2,90,,0.5,0.25,301,c09_storm2_w80_u90_0020,1983,0.9084584217171718,1.215525144345238,0,1421.070400,1147.966800,1065.728800,1361.184400,1081.360800,0.2500,0.0385,0.2500,0.0279
B,e3,9,storm2,90,,0.5,0.25,301,c09_storm2_w80_u90_0021,1983,0.9084584217171718,1.215525144345238,0,1682.909200,1695.876000,1666.980400,1663.381200,1669.341200,0.2502,0.0166,0.2498,0.0132
B,e3,9,storm2,90,,0.5,0.25,301,c09_storm2_w80_u90_0022,1983,0.9084584217171718,1.215525144345238,0,1664.744000,1647.348800,1510.509600,1560.585600,1525.290000,0.2490,0.0348,0.2482,0.0127
B,e3,9,storm2,90,,0.5,0.25,301,c09_storm2_w80_u90_0023,1983,0.9084584217171718,1.215525144345238,0,1215.791600,1165.736000,1128.955600,1166.461200,1139.696000,0.2494,0.0375,0.2492,0.0155
B,e3,9,storm2,90,,0.5,0.25,301,c09_storm2_w80_u90_0024,1983,0.9084584217171718,1.215525144345238,0,1345.757200,1104.910400,1012.123200,1199.310800,1041.300800,0.2505,0.0504,0.2495,0.0372
B,e3,9,storm2,90,,0.5,0.25,301,c09_storm2_w80_u90_0025,1983,0.9084584217171718,1.215525144345238,0,1717.155200,1656.411200,1645.777600,1669.952400,1654.601600,0.2492,0.0227,0.2490,0.0226
B,e3,9,storm2,90,,0.5,0.25,301,c09_storm2_w80_u90_0026,1983,0.9084584217171718,1.215525144345238,0,1777.414400,1576.433200,1483.257600,1668.139600,1520.169600,0.2504,0.0312,0.2482,0.0220
B,e3,9,storm2,90,,0.5,0.25,301,c09_storm2_w80_u90_0027,1983,0.9084584217171718,1.215525144345238,0,1932.070000,1269.773600,1005.787600,1636.788400,1078.574000,0.2500,0.0751,0.2498,0.0597
B,e3,9,storm2,90,,0.5,0.25,301,c09_storm2_w80_u90_0028,1983,0.9084584217171718,1.215525144345238,0,893.354800,888.330800,874.054000,886.827200,884.162000,0.2506,0.0233,0.2500,0.0133
B,e3,9,storm2,90,,0.5,0.25,301,c09_storm2_w80_u90_0029,1983,0.9084584217171718,1.215525144345238,0,2933.330000,3018.513200,2765.441200,2904.394400,2767.270400,0.2500,0.0380,0.2495,0.0320
B,e3,9,storm2,100,,0.0,0.25,301,c09_storm2_w80_u100_0020,2253,1.0021862474747476,1.3664385,0,1253.379200,1302.178800,963.206400,1113.111200,1067.710800,0.2446,0.0489,0.2433,0.0417
B,e3,9,storm2,100,,0.0,0.25,301,c09_storm2_w80_u100_0021,2253,1.0021862474747476,1.3664385,0,899.342800,899.720800,837.866800,851.297600,835.657600,0.2475,0.0245,0.2468,0.0409
B,e3,9,storm2,100,,0.0,0.25,301,c09_storm2_w80_u100_0022,2253,1.0021862474747476,1.3664385,0,746.395200,771.460800,721.241600,731.987600,723.075200,0.2503,0.0187,0.2498,0.0188
B,e3,9,storm2,100,,0.0,0.25,301,c09_storm2_w80_u100_0023,2253,1.0021862474747476,1.3664385,0,3295.356000,3189.746000,2013.730000,2549.610400,2287.972000,0.2338,0.1259,0.2329,0.1392
B,e3,9,storm2,100,,0.0,0.25,301,c09_storm2_w80_u100_0024,2253,1.0021862474747476,1.3664385,0,1762.665600,1776.434000,1427.994000,1564.392800,1621.643600,0.2451,0.0567,0.2451,0.0438
B,e3,9,storm2,100,,0.0,0.25,301,c09_storm2_w80_u100_0025,2253,1.0021862474747476,1.3664385,0,2723.120800,2804.362400,1673.843200,1998.840000,2076.360400,0.2409,0.0981,0.2410,0.0771
B,e3,9,storm2,100,,0.0,0.25,301,c09_storm2_w80_u100_0026,2253,1.0021862474747476,1.3664385,0,3223.762400,3153.336000,2254.060000,2459.487200,2546.073200,0.2403,0.0784,0.2417,0.0829
B,e3,9,storm2,100,,0.0,0.25,301,c09_storm2_w80_u100_0027,2253,1.0021862474747476,1.3664385,0,1435.314400,1474.123600,1102.271200,1185.545600,1209.606400,0.2445,0.0518,0.2465,0.0358
B,e3,9,storm2,100,,0.0,0.25,301,c09_storm2_w80_u100_0028,2253,1.0021862474747476,1.3664385,0,1057.082800,1032.734800,790.313600,885.478400,870.898800,0.2465,0.0514,0.2457,0.0334
B,e3,9,storm2,100,,0.0,0.25,301,c09_storm2_w80_u100_0029,2253,1.0021862474747476,1.3664385,0,1275.659600,1238.571200,875.928000,910.376800,1010.260400,0.2402,0.0485,0.2370,0.0421
B,e3,9,storm2,100,,0.0,0.25,302,c09_storm2_w80_u100_0020,2253,1.0021862474747476,1.3664385,0,1253.379200,1302.168000,963.206400,1113.111200,1084.742400,0.2446,0.0489,0.2454,0.0488
B,e3,9,storm2,100,,0.0,0.25,302,c09_storm2_w80_u100_0021,2253,1.0021862474747476,1.3664385,0,899.342800,897.937600,837.866800,851.297600,833.264000,0.2475,0.0245,0.2468,0.0328
B,e3,9,storm2,100,,0.0,0.25,302,c09_storm2_w80_u100_0022,2253,1.0021862474747476,1.3664385,0,746.395200,769.610400,721.241600,731.987600,724.436800,0.2503,0.0187,0.2500,0.0160
B,e3,9,storm2,100,,0.0,0.25,302,c09_storm2_w80_u100_0023,2253,1.0021862474747476,1.3664385,0,3295.356000,3210.407200,2013.730000,2549.610400,2360.921600,0.2338,0.1259,0.2376,0.1238
B,e3,9,storm2,100,,0.0,0.25,302,c09_storm2_w80_u100_0024,2253,1.0021862474747476,1.3664385,0,1762.665600,1796.050800,1427.994000,1564.392800,1531.492000,0.2451,0.0567,0.2448,0.0619
B,e3,9,storm2,100,,0.0,0.25,302,c09_storm2_w80_u100_0025,2253,1.0021862474747476,1.3664385,0,2723.120800,2786.217000,1673.843200,1998.840000,2049.445800,0.2409,0.0981,0.2413,0.0839
B,e3,9,storm2,100,,0.0,0.25,302,c09_storm2_w80_u100_0026,2253,1.0021862474747476,1.3664385,0,3223.762400,3186.205600,2254.060000,2459.487200,2618.296000,0.2403,0.0784,0.2422,0.0487
B,e3,9,storm2,100,,0.0,0.25,302,c09_storm2_w80_u100_0027,2253,1.0021862474747476,1.3664385,0,1435.314400,1473.250800,1102.271200,1185.545600,1203.701600,0.2445,0.0518,0.2483,0.0382
B,e3,9,storm2,100,,0.0,0.25,302,c09_storm2_w80_u100_0028,2253,1.0021862474747476,1.3664385,0,1057.082800,1180.798000,790.313600,885.478400,889.914400,0.2465,0.0514,0.2442,0.0568
B,e3,9,storm2,100,,0.0,0.25,302,c09_storm2_w80_u100_0029,2253,1.0021862474747476,1.3664385,0,1275.659600,1261.068800,875.928000,910.376800,931.955600,0.2402,0.0485,0.2396,0.0557
B,e3,9,storm2,100,,0.0,0.25,303,c09_storm2_w80_u100_0020,2253,1.0021862474747476,1.3664385,0,1253.379200,1286.866800,963.206400,1113.111200,1198.329200,0.2446,0.0489,0.2476,0.0482
B,e3,9,storm2,100,,0.0,0.25,303,c09_storm2_w80_u100_0021,2253,1.0021862474747476,1.3664385,0,899.342800,880.941600,837.866800,851.297600,835.731200,0.2475,0.0245,0.2456,0.0219
B,e3,9,storm2,100,,0.0,0.25,303,c09_storm2_w80_u100_0022,2253,1.0021862474747476,1.3664385,0,746.395200,746.902800,721.241600,731.987600,727.982400,0.2503,0.0187,0.2498,0.0213
B,e3,9,storm2,100,,0.0,0.25,303,c09_storm2_w80_u100_0023,2253,1.0021862474747476,1.3664385,0,3295.356000,3258.185200,2013.730000,2549.610400,2370.844000,0.2338,0.1259,0.2335,0.1086
B,e3,9,storm2,100,,0.0,0.25,303,c09_storm2_w80_u100_0024,2253,1.0021862474747476,1.3664385,0,1762.665600,1870.062000,1427.994000,1564.392800,1535.302400,0.2451,0.0567,0.2486,0.0635
B,e3,9,storm2,100,,0.0,0.25,303,c09_storm2_w80_u100_0025,2253,1.0021862474747476,1.3664385,0,2723.120800,3013.311800,1673.843200,1998.840000,2061.238800,0.2409,0.0981,0.2397,0.0793
B,e3,9,storm2,100,,0.0,0.25,303,c09_storm2_w80_u100_0026,2253,1.0021862474747476,1.3664385,0,3223.762400,3120.850000,2254.060000,2459.487200,2556.333200,0.2403,0.0784,0.2416,0.0707
B,e3,9,storm2,100,,0.0,0.25,303,c09_storm2_w80_u100_0027,2253,1.0021862474747476,1.3664385,0,1435.314400,1427.353200,1102.271200,1185.545600,1223.906000,0.2445,0.0518,0.2483,0.0481
B,e3,9,storm2,100,,0.0,0.25,303,c09_storm2_w80_u100_0028,2253,1.0021862474747476,1.3664385,0,1057.082800,1049.635200,790.313600,885.478400,855.296400,0.2465,0.0514,0.2458,0.0332
B,e3,9,storm2,100,,0.0,0.25,303,c09_storm2_w80_u100_0029,2253,1.0021862474747476,1.3664385,0,1275.659600,1429.271200,875.928000,910.376800,898.376000,0.2402,0.0485,0.2417,0.0459
B,e3,9,storm2,100,,0.5,0.25,301,c09_storm2_w80_u100_0020,2253,1.0021862474747476,1.3664385,0,1838.122400,1445.218000,1422.251200,1624.887200,1396.746800,0.2499,0.0813,0.2460,0.0291
B,e3,9,storm2,100,,0.5,0.25,301,c09_storm2_w80_u100_0021,2253,1.0021862474747476,1.3664385,0,1665.790400,1497.532400,1492.630400,1646.768000,1454.644000,0.2502,0.0782,0.2461,0.0247
B,e3,9,storm2,100,,0.5,0.25,301,c09_storm2_w80_u100_0022,2253,1.0021862474747476,1.3664385,0,1031.454400,1074.191600,962.292000,989.963200,1006.019200,0.2503,0.0160,0.2490,0.0292
B,e3,9,storm2,100,,0.5,0.25,301,c09_storm2_w80_u100_0023,2253,1.0021862474747476,1.3664385,0,4967.170800,3390.130800,2516.662800,3436.956800,2807.720800,0.2496,0.1675,0.2496,0.0960
B,e3,9,storm2,100,,0.5,0.25,301,c09_storm2_w80_u100_0024,2253,1.0021862474747476,1.3664385,0,2876.723200,2124.590400,1515.380400,2054.152400,1568.630800,0.2502,0.0934,0.2494,0.0705
B,e3,9,storm2,100,,0.5,0.25,301,c09_storm2_w80_u100_0025,2253,1.0021862474747476,1.3664385,0,5043.732800,3367.028800,2624.646400,3402.129200,2795.347200,0.2504,0.1348,0.2487,0.0520
B,e3,9,storm2,100,,0.5,0.25,301,c09_storm2_w80_u100_0026,2253,1.0021862474747476,1.3664385,0,3477.431200,2247.097600,1862.048800,2347.447600,2000.334000,0.2450,0.1130,0.2415,0.0438
B,e3,9,storm2,100,,0.5,0.25,301,c09_storm2_w80_u100_0027,2253,1.0021862474747476,1.3664385,0,2171.385200,1653.991200,1475.724000,1830.791200,1479.270800,0.2502,0.0759,0.2494,0.0305
B,e3,9,storm2,100,,0.5,0.25,301,c09_storm2_w80_u100_0028,2253,1.0021862474747476,1.3664385,0,1867.111600,1594.780800,1522.420800,1807.720000,1525.352800,0.2498,0.0330,0.2461,0.0231
B,e3,9,storm2,100,,0.5,0.25,301,c09_storm2_w80_u100_0029,2253,1.0021862474747476,1.3664385,0,3026.057200,1742.996400,1119.128400,1501.708800,1258.528000,0.2451,0.0882,0.2499,0.0466
B,e3,9,storm2,100,,0.5,0.25,302,c09_storm2_w80_u100_0020,2253,1.0021862474747476,1.3664385,0,1838.122400,1558.073600,1422.251200,1624.887200,1407.221200,0.2499,0.0813,0.2472,0.0483
B,e3,9,storm2,100,,0.5,0.25,302,c09_storm2_w80_u100_0021,2253,1.0021862474747476,1.3664385,0,1665.790400,1627.756000,1492.630400,1646.768000,1449.117600,0.2502,0.0782,0.2470,0.0409
B,e3,9,storm2,100,,0.5,0.25,302,c09_storm2_w80_u100_0022,2253,1.0021862474747476,1.3664385,0,1031.454400,1045.699200,962.292000,989.963200,999.525200,0.2503,0.0160,0.2497,0.0159
B,e3,9,storm2,100,,0.5,0.25,302,c09_storm2_w80_u100_0023,2253,1.0021862474747476,1.3664385,0,4967.170800,3548.990000,2516.662800,3436.956800,2781.110800,0.2496,0.1675,0.2503,0.1077
B,e3,9,storm2,100,,0.5,0.25,302,c09_storm2_w80_u100_0024,2253,1.0021862474747476,1.3664385,0,2876.723200,2021.264000,1515.380400,2054.152400,1632.084000,0.2502,0.0934,0.2500,0.0429
B,e3,9,storm2,100,,0.5,0.25,302,c09_storm2_w80_u100_0025,2253,1.0021862474747476,1.3664385,0,5043.732800,3718.340000,2624.646400,3402.129200,2708.733600,0.2504,0.1348,0.2501,0.0742
B,e3,9,storm2,100,,0.5,0.25,302,c09_storm2_w80_u100_0026,2253,1.0021862474747476,1.3664385,0,3477.431200,3045.582400,1862.048800,2347.447600,2095.493600,0.2450,0.1130,0.2435,0.0749
B,e3,9,storm2,100,,0.5,0.25,302,c09_storm2_w80_u100_0027,2253,1.0021862474747476,1.3664385,0,2171.385200,1651.183200,1475.724000,1830.791200,1466.558800,0.2502,0.0759,0.2498,0.0405
B,e3,9,storm2,100,,0.5,0.25,302,c09_storm2_w80_u100_0028,2253,1.0021862474747476,1.3664385,0,1867.111600,1602.889600,1522.420800,1807.720000,1539.225200,0.2498,0.0330,0.2468,0.0308
B,e3,9,storm2,100,,0.5,0.25,302,c09_storm2_w80_u100_0029,2253,1.0021862474747476,1.3664385,0,3026.057200,1910.503600,1119.128400,1501.708800,1391.398400,0.2451,0.0882,0.2490,0.0735
B,e3,9,storm2,100,,0.5,0.25,303,c09_storm2_w80_u100_0020,2253,1.0021862474747476,1.3664385,0,1838.122400,1512.053600,1422.251200,1624.887200,1419.648400,0.2499,0.0813,0.2482,0.0385
B,e3,9,storm2,100,,0.5,0.25,303,c09_storm2_w80_u100_0021,2253,1.0021862474747476,1.3664385,0,1665.790400,1577.118000,1492.630400,1646.768000,1449.314800,0.2502,0.0782,0.2495,0.0243
B,e3,9,storm2,100,,0.5,0.25,303,c09_storm2_w80_u100_0022,2253,1.0021862474747476,1.3664385,0,1031.454400,1040.799200,962.292000,989.963200,1023.132800,0.2503,0.0160,0.2482,0.0160
B,e3,9,storm2,100,,0.5,0.25,303,c09_storm2_w80_u100_0023,2253,1.0021862474747476,1.3664385,0,4967.170800,3088.526800,2516.662800,3436.956800,2752.408800,0.2496,0.1675,0.2497,0.0726
B,e3,9,storm2,100,,0.5,0.25,303,c09_storm2_w80_u100_0024,2253,1.0021862474747476,1.3664385,0,2876.723200,2057.722800,1515.380400,2054.152400,1609.239600,0.2502,0.0934,0.2492,0.0633
B,e3,9,storm2,100,,0.5,0.25,303,c09_storm2_w80_u100_0025,2253,1.0021862474747476,1.3664385,0,5043.732800,3349.960400,2624.646400,3402.129200,2768.384400,0.2504,0.1348,0.2499,0.0584
B,e3,9,storm2,100,,0.5,0.25,303,c09_storm2_w80_u100_0026,2253,1.0021862474747476,1.3664385,0,3477.431200,2300.900400,1862.048800,2347.447600,1900.295600,0.2450,0.1130,0.2374,0.0347
B,e3,9,storm2,100,,0.5,0.25,303,c09_storm2_w80_u100_0027,2253,1.0021862474747476,1.3664385,0,2171.385200,1618.622400,1475.724000,1830.791200,1478.685200,0.2502,0.0759,0.2494,0.0329
B,e3,9,storm2,100,,0.5,0.25,303,c09_storm2_w80_u100_0028,2253,1.0021862474747476,1.3664385,0,1867.111600,1610.200400,1522.420800,1807.720000,1545.742000,0.2498,0.0330,0.2467,0.0308
B,e3,9,storm2,100,,0.5,0.25,303,c09_storm2_w80_u100_0029,2253,1.0021862474747476,1.3664385,0,3026.057200,1767.786400,1119.128400,1501.708800,1343.134000,0.2451,0.0882,0.2486,0.0467
B,e3,9,storm2,110,,0.0,0.25,301,c09_storm2_w80_u110_0020,2475,1.1069858661616159,1.481920943452381,0,2777.756800,2473.384800,803.778000,1581.956000,1702.020800,0.2399,0.1067,0.2403,0.0998
B,e3,9,storm2,110,,0.0,0.25,301,c09_storm2_w80_u110_0021,2475,1.1069858661616159,1.481920943452381,0,3160.110400,3306.893200,1143.858000,1960.449600,2200.838800,0.2376,0.1011,0.2371,0.1032
B,e3,9,storm2,110,,0.0,0.25,301,c09_storm2_w80_u110_0022,2475,1.1069858661616159,1.481920943452381,0,1758.527600,1785.747600,1166.568800,1317.672000,1329.248800,0.2320,0.0668,0.2360,0.0609
B,e3,9,storm2,110,,0.0,0.25,301,c09_storm2_w80_u110_0023,2475,1.1069858661616159,1.481920943452381,0,2700.010800,2726.723200,1716.838000,2049.644400,1926.171600,0.2374,0.0980,0.2401,0.1035
B,e3,9,storm2,110,,0.0,0.25,301,c09_storm2_w80_u110_0024,2475,1.1069858661616159,1.481920943452381,0,2248.369600,2224.184000,807.210000,1545.123600,1622.776400,0.2449,0.0940,0.2399,0.0937
B,e3,9,storm2,110,,0.0,0.25,301,c09_storm2_w80_u110_0025,2475,1.1069858661616159,1.481920943452381,0,3994.679200,3786.132800,1523.419600,2214.317600,2069.574000,0.2385,0.1425,0.2284,0.1261
B,e3,9,storm2,110,,0.0,0.25,301,c09_storm2_w80_u110_0026,2475,1.1069858661616159,1.481920943452381,0,3295.701400,3055.143200,1961.119600,2328.890000,2358.196400,0.2359,0.0856,0.2370,0.0737
B,e3,9,storm2,110,,0.0,0.25,301,c09_storm2_w80_u110_0027,2475,1.1069858661616159,1.481920943452381,0,1610.664000,1420.247600,931.710800,1073.899200,1160.554800,0.2444,0.0814,0.2424,0.0566
B,e3,9,storm2,110,,0.0,0.25,301,c09_storm2_w80_u110_0028,2475,1.1069858661616159,1.481920943452381,0,2476.009200,2078.351200,1269.314800,1518.672800,1648.900000,0.2427,0.0888,0.2442,0.0697
B,e3,9,storm2,110,,0.0,0.25,301,c09_storm2_w80_u110_0029,2475,1.1069858661616159,1.481920943452381,0,3329.770000,3452.626000,2074.122800,2770.398000,2793.793800,0.2421,0.0832,0.2380,0.0763
B,e3,9,storm2,110,,0.0,0.25,302,c09_storm2_w80_u110_0020,2475,1.1069858661616159,1.481920943452381,0,2777.756800,2232.861600,803.778000,1581.956000,1583.358400,0.2399,0.1067,0.2403,0.0909
B,e3,9,storm2,110,,0.0,0.25,302,c09_storm2_w80_u110_0021,2475,1.1069858661616159,1.481920943452381,0,3160.110400,3149.711600,1143.858000,1960.449600,1860.660400,0.2376,0.1011,0.2387,0.0856
B,e3,9,storm2,110,,0.0,0.25,302,c09_storm2_w80_u110_0022,2475,1.1069858661616159,1.481920943452381,0,1758.527600,1887.085600,1166.568800,1317.672000,1303.146000,0.2320,0.0668,0.2359,0.0467
B,e3,9,storm2,110,,0.0,0.25,302,c09_storm2_w80_u110_0023,2475,1.1069858661616159,1.481920943452381,0,2700.010800,2359.991600,1716.838000,2049.644400,1910.726000,0.2374,0.0980,0.2360,0.0783
B,e3,9,storm2,110,,0.0,0.25,302,c09_storm2_w80_u110_0024,2475,1.1069858661616159,1.481920943452381,0,2248.369600,2116.970000,807.210000,1545.123600,1239.292400,0.2449,0.0940,0.2378,0.0823
B,e3,9,storm2,110,,0.0,0.25,302,c09_storm2_w80_u110_0025,2475,1.1069858661616159,1.481920943452381,0,3994.679200,3737.359600,1523.419600,2214.317600,2079.661600,0.2385,0.1425,0.2263,0.1341
B,e3,9,storm2,110,,0.0,0.25,302,c09_storm2_w80_u110_0026,2475,1.1069858661616159,1.481920943452381,0,3295.701400,3178.376200,1961.119600,2328.890000,2243.389400,0.2359,0.0856,0.2331,0.0726
B,e3,9,storm2,110,,0.0,0.25,302,c09_storm2_w80_u110_0027,2475,1.1069858661616159,1.481920943452381,0,1610.664000,1571.911200,931.710800,1073.899200,1124.702400,0.2444,0.0814,0.2436,0.0607
B,e3,9,storm2,110,,0.0,0.25,302,c09_storm2_w80_u110_0028,2475,1.1069858661616159,1.481920943452381,0,2476.009200,2153.052800,1269.314800,1518.672800,1583.560400,0.2427,0.0888,0.2447,0.0675
B,e3,9,storm2,110,,0.0,0.25,302,c09_storm2_w80_u110_0029,2475,1.1069858661616159,1.481920943452381,0,3329.770000,3441.573200,2074.122800,2770.398000,2583.047600,0.2421,0.0832,0.2374,0.0744
B,e3,9,storm2,110,,0.0,0.25,303,c09_storm2_w80_u110_0020,2475,1.1069858661616159,1.481920943452381,0,2777.756800,2680.880000,803.778000,1581.956000,1557.800400,0.2399,0.1067,0.2403,0.0969
B,e3,9,storm2,110,,0.0,0.25,303,c09_storm2_w80_u110_0021,2475,1.1069858661616159,1.481920943452381,0,3160.110400,3220.992800,1143.858000,1960.449600,1626.222800,0.2376,0.1011,0.2398,0.0994
B,e3,9,storm2,110,,0.0,0.25,303,c09_storm2_w80_u110_0022,2475,1.1069858661616159,1.481920943452381,0,1758.527600,1677.994400,1166.568800,1317.672000,1317.289200,0.2320,0.0668,0.2361,0.0491
B,e3,9,storm2,110,,0.0,0.25,303,c09_storm2_w80_u110_0023,2475,1.1069858661616159,1.481920943452381,0,2700.010800,2899.515200,1716.838000,2049.644400,1986.068400,0.2374,0.0980,0.2444,0.0931
B,e3,9,storm2,110,,0.0,0.25,303,c09_storm2_w80_u110_0024,2475,1.1069858661616159,1.481920943452381,0,2248.369600,2188.920400,807.210000,1545.123600,1540.408400,0.2449,0.0940,0.2385,0.0799
B,e3,9,storm2,110,,0.0,0.25,303,c09_storm2_w80_u110_0025,2475,1.1069858661616159,1.481920943452381,0,3994.679200,3930.498800,1523.419600,2214.317600,2244.094800,0.2385,0.1425,0.2313,0.1153
B,e3,9,storm2,110,,0.0,0.25,303,c09_storm2_w80_u110_0026,2475,1.1069858661616159,1.481920943452381,0,3295.701400,3114.050400,1961.119600,2328.890000,2318.492800,0.2359,0.0856,0.2393,0.0662
B,e3,9,storm2,110,,0.0,0.25,303,c09_storm2_w80_u110_0027,2475,1.1069858661616159,1.481920943452381,0,1610.664000,1675.150400,931.710800,1073.899200,1171.207200,0.2444,0.0814,0.2424,0.0774
B,e3,9,storm2,110,,0.0,0.25,303,c09_storm2_w80_u110_0028,2475,1.1069858661616159,1.481920943452381,0,2476.009200,2331.142800,1269.314800,1518.672800,1749.312800,0.2427,0.0888,0.2440,0.0862
B,e3,9,storm2,110,,0.0,0.25,303,c09_storm2_w80_u110_0029,2475,1.1069858661616159,1.481920943452381,0,3329.770000,3304.002800,2074.122800,2770.398000,2937.301200,0.2421,0.0832,0.2383,0.0760
B,e3,9,storm2,110,,0.5,0.25,301,c09_storm2_w80_u110_0020,2475,1.1069858661616159,1.481920943452381,0,3808.628400,1720.432000,1259.500400,1844.080000,1378.585200,0.2457,0.1453,0.2481,0.0494
B,e3,9,storm2,110,,0.5,0.25,301,c09_storm2_w80_u110_0021,2475,1.1069858661616159,1.481920943452381,0,5935.982000,4197.204400,1913.772000,3857.380800,2357.107200,0.2448,0.1939,0.2389,0.1106
B,e3,9,storm2,110,,0.5,0.25,301,c09_storm2_w80_u110_0022,2475,1.1069858661616159,1.481920943452381,0,3565.517000,2743.926200,2159.162400,2658.639400,2218.581800,0.2503,0.1128,0.2494,0.0486
B,e3,9,storm2,110,,0.5,0.25,301,c09_storm2_w80_u110_0023,2475,1.1069858661616159,1.481920943452381,0,3457.559600,2205.895600,1497.311200,2133.431200,1617.092400,0.2454,0.1444,0.2386,0.0951
B,e3,9,storm2,110,,0.5,0.25,301,c09_storm2_w80_u110_0024,2475,1.1069858661616159,1.481920943452381,0,4740.398400,2946.828000,1809.525600,3604.478800,2258.579200,0.2464,0.1412,0.2441,0.0740
B,e3,9,storm2,110,,0.5,0.25,301,c09_storm2_w80_u110_0025,2475,1.1069858661616159,1.481920943452381,0,6353.525200,3209.941600,2082.993600,3929.886000,2386.326800,0.2432,0.1843,0.2456,0.0901
B,e3,9,storm2,110,,0.5,0.25,301,c09_storm2_w80_u110_0026,2475,1.1069858661616159,1.481920943452381,0,4772.589200,3277.944400,2461.565600,3407.374800,2607.717600,0.2437,0.1345,0.2347,0.0837
B,e3,9,storm2,110,,0.5,0.25,301,c09_storm2_w80_u110_0027,2475,1.1069858661616159,1.481920943452381,0,3129.480400,1265.498000,983.971200,1766.364800,976.622400,0.2449,0.1146,0.2476,0.0226
B,e3,9,storm2,110,,0.5,0.25,301,c09_storm2_w80_u110_0028,2475,1.1069858661616159,1.481920943452381,0,3558.075200,1771.758000,1376.522800,2472.245200,1464.001200,0.2479,0.1538,0.2430,0.0475
B,e3,9,storm2,110,,0.5,0.25,301,c09_storm2_w80_u110_0029,2475,1.1069858661616159,1.481920943452381,0,4423.178000,2914.629600,2235.380800,3475.193200,2533.414400,0.2471,0.1372,0.2410,0.0570
B,e3,9,storm2,110,,0.5,0.25,302,c09_storm2_w80_u110_0020,2475,1.1069858661616159,1.481920943452381,0,3808.628400,1666.979600,1259.500400,1844.080000,1299.001600,0.2457,0.1453,0.2437,0.0437
B,e3,9,storm2,110,,0.5,0.25,302,c09_storm2_w80_u110_0021,2475,1.1069858661616159,1.481920943452381,0,5935.982000,3431.591200,1913.772000,3857.380800,2525.215600,0.2448,0.1939,0.2393,0.0896
B,e3,9,storm2,110,,0.5,0.25,302,c09_storm2_w80_u110_0022,2475,1.1069858661616159,1.481920943452381,0,3565.517000,2546.564600,2159.162400,2658.639400,2186.337400,0.2503,0.1128,0.2427,0.0544
B,e3,9,storm2,110,,0.5,0.25,302,c09_storm2_w80_u110_0023,2475,1.1069858661616159,1.481920943452381,0,3457.559600,1767.379600,1497.311200,2133.431200,1527.420800,0.2454,0.1444,0.2422,0.0524
B,e3,9,storm2,110,,0.5,0.25,302,c09_storm2_w80_u110_0024,2475,1.1069858661616159,1.481920943452381,0,4740.398400,2777.628000,1809.525600,3604.478800,2017.115600,0.2464,0.1412,0.2476,0.0593
B,e3,9,storm2,110,,0.5,0.25,302,c09_storm2_w80_u110_0025,2475,1.1069858661616159,1.481920943452381,0,6353.525200,3060.746400,2082.993600,3929.886000,2379.445600,0.2432,0.1843,0.2437,0.0888
B,e3,9,storm2,110,,0.5,0.25,302,c09_storm2_w80_u110_0026,2475,1.1069858661616159,1.481920943452381,0,4772.589200,3403.780000,2461.565600,3407.374800,2614.330000,0.2437,0.1345,0.2366,0.0668
B,e3,9,storm2,110,,0.5,0.25,302,c09_storm2_w80_u110_0027,2475,1.1069858661616159,1.481920943452381,0,3129.480400,1051.486800,983.971200,1766.364800,984.729200,0.2449,0.1146,0.2430,0.0230
B,e3,9,storm2,110,,0.5,0.25,302,c09_storm2_w80_u110_0028,2475,1.1069858661616159,1.481920943452381,0,3558.075200,1825.668400,1376.522800,2472.245200,1421.923200,0.2479,0.1538,0.2400,0.0583
B,e3,9,storm2,110,,0.5,0.25,302,c09_storm2_w80_u110_0029,2475,1.1069858661616159,1.481920943452381,0,4423.178000,2838.324000,2235.380800,3475.193200,2431.282800,0.2471,0.1372,0.2335,0.0547
B,e3,9,storm2,110,,0.5,0.25,303,c09_storm2_w80_u110_0020,2475,1.1069858661616159,1.481920943452381,0,3808.628400,1733.217200,1259.500400,1844.080000,1444.586000,0.2457,0.1453,0.2465,0.0454
B,e3,9,storm2,110,,0.5,0.25,303,c09_storm2_w80_u110_0021,2475,1.1069858661616159,1.481920943452381,0,5935.982000,3620.949600,1913.772000,3857.380800,2769.411600,0.2448,0.1939,0.2433,0.1088
B,e3,9,storm2,110,,0.5,0.25,303,c09_storm2_w80_u110_0022,2475,1.1069858661616159,1.481920943452381,0,3565.517000,2820.228800,2159.162400,2658.639400,2221.824000,0.2503,0.1128,0.2364,0.0629
B,e3,9,storm2,110,,0.5,0.25,303,c09_storm2_w80_u110_0023,2475,1.1069858661616159,1.481920943452381,0,3457.559600,1719.802800,1497.311200,2133.431200,1536.141200,0.2454,0.1444,0.2415,0.0460
B,e3,9,storm2,110,,0.5,0.25,303,c09_storm2_w80_u110_0024,2475,1.1069858661616159,1.481920943452381,0,4740.398400,2908.210000,1809.525600,3604.478800,2105.744400,0.2464,0.1412,0.2461,0.0656
B,e3,9,storm2,110,,0.5,0.25,303,c09_storm2_w80_u110_0025,2475,1.1069858661616159,1.481920943452381,0,6353.525200,3085.391200,2082.993600,3929.886000,2337.798400,0.2432,0.1843,0.2429,0.0805
B,e3,9,storm2,110,,0.5,0.25,303,c09_storm2_w80_u110_0026,2475,1.1069858661616159,1.481920943452381,0,4772.589200,3398.776800,2461.565600,3407.374800,2728.938400,0.2437,0.1345,0.2422,0.0674
B,e3,9,storm2,110,,0.5,0.25,303,c09_storm2_w80_u110_0027,2475,1.1069858661616159,1.481920943452381,0,3129.480400,1224.700000,983.971200,1766.364800,987.351600,0.2449,0.1146,0.2413,0.0462
B,e3,9,storm2,110,,0.5,0.25,303,c09_storm2_w80_u110_0028,2475,1.1069858661616159,1.481920943452381,0,3558.075200,1800.428000,1376.522800,2472.245200,1494.585600,0.2479,0.1538,0.2480,0.0648
B,e3,9,storm2,110,,0.5,0.25,303,c09_storm2_w80_u110_0029,2475,1.1069858661616159,1.481920943452381,0,4423.178000,2920.624400,2235.380800,3475.193200,2488.745600,0.2471,0.1372,0.2416,0.0468
B,e3,9,storm2,110,,1.0,0.25,302,c09_storm2_w80_u110_0020,2475,1.1069858661616159,1.481920943452381,0,7579.438000,1396.103600,1332.661200,4741.825200,1337.695200,0.2495,0.2179,0.2460,0.0346
B,e3,9,storm2,110,,1.0,0.25,302,c09_storm2_w80_u110_0021,2475,1.1069858661616159,1.481920943452381,0,8615.408800,2315.247600,2196.224000,5846.648000,2160.690800,0.2492,0.2329,0.2430,0.0453
B,e3,9,storm2,110,,1.0,0.25,302,c09_storm2_w80_u110_0022,2475,1.1069858661616159,1.481920943452381,0,4599.570200,2681.394200,2623.928400,3574.777000,2616.430600,0.2503,0.1173,0.2468,0.0201
B,e3,9,storm2,110,,1.0,0.25,302,c09_storm2_w80_u110_0023,2475,1.1069858661616159,1.481920943452381,0,5391.244400,1672.229600,1637.311200,4330.233600,1666.214400,0.2496,0.1653,0.2408,0.0088
B,e3,9,storm2,110,,1.0,0.25,302,c09_storm2_w80_u110_0024,2475,1.1069858661616159,1.481920943452381,0,6294.691200,1726.058400,1797.594000,4952.392800,1712.598800,0.2496,0.1473,0.2315,0.0190
B,e3,9,storm2,110,,1.0,0.25,302,c09_storm2_w80_u110_0025,2475,1.1069858661616159,1.481920943452381,0,8610.152400,1886.853200,1702.902000,5766.926800,1778.270000,0.2483,0.2365,0.2436,0.0634
B,e3,9,storm2,110,,1.0,0.25,302,c09_storm2_w80_u110_0026,2475,1.1069858661616159,1.481920943452381,0,5635.656000,2315.018000,2301.893200,5192.940000,2308.076400,0.2492,0.1250,0.2402,0.0068
B,e3,9,storm2,110,,1.0,0.25,302,c09_storm2_w80_u110_0027,2475,1.1069858661616159,1.481920943452381,0,4975.745600,1023.764800,1052.316800,3618.878400,1032.927200,0.2473,0.1485,0.2331,0.0153
B,e3,9,storm2,110,,1.0,0.25,302,c09_storm2_w80_u110_0028,2475,1.1069858661616159,1.481920943452381,0,5509.660800,1664.634400,1573.771200,4383.938400,1592.362400,0.2499,0.1365,0.2469,0.0122
B,e3,9,storm2,110,,1.0,0.25,302,c09_storm2_w80_u110_0029,2475,1.1069858661616159,1.481920943452381,0,5313.389600,2174.914000,2178.106800,4248.630000,2162.720400,0.2501,0.1532,0.2403,0.0102
B,e3,9,storm2,110,,1.0,0.25,301,c09_storm2_w80_u110_0020,2475,1.1069858661616159,1.481920943452381,0,7579.438000,1668.675600,1332.661200,4741.825200,1475.590000,0.2495,0.2179,0.2480,0.0429
B,e3,9,storm2,110,,1.0,0.25,301,c09_storm2_w80_u110_0021,2475,1.1069858661616159,1.481920943452381,0,8615.408800,2444.003600,2196.224000,5846.648000,2141.422000,0.2492,0.2329,0.2432,0.0576
B,e3,9,storm2,110,,1.0,0.25,301,c09_storm2_w80_u110_0022,2475,1.1069858661616159,1.481920943452381,0,4599.570200,2637.248600,2623.928400,3574.777000,2618.246600,0.2503,0.1173,0.2481,0.0155
B,e3,9,storm2,110,,1.0,0.25,301,c09_storm2_w80_u110_0023,2475,1.1069858661616159,1.481920943452381,0,5391.244400,1664.478800,1637.311200,4330.233600,1626.687600,0.2496,0.1653,0.2422,0.0306
B,e3,9,storm2,110,,1.0,0.25,301,c09_storm2_w80_u110_0024,2475,1.1069858661616159,1.481920943452381,0,6294.691200,1935.662400,1797.594000,4952.392800,1779.231200,0.2496,0.1473,0.2315,0.0296
B,e3,9,storm2,110,,1.0,0.25,301,c09_storm2_w80_u110_0025,2475,1.1069858661616159,1.481920943452381,0,8610.152400,2216.597600,1702.902000,5766.926800,1799.298000,0.2483,0.2365,0.2432,0.0530
B,e3,9,storm2,110,,1.0,0.25,301,c09_storm2_w80_u110_0026,2475,1.1069858661616159,1.481920943452381,0,5635.656000,2376.218800,2301.893200,5192.940000,2308.072000,0.2492,0.1250,0.2414,0.0091
B,e3,9,storm2,110,,1.0,0.25,301,c09_storm2_w80_u110_0027,2475,1.1069858661616159,1.481920943452381,0,4975.745600,1179.830000,1052.316800,3618.878400,1031.496400,0.2473,0.1485,0.2376,0.0363
B,e3,9,storm2,110,,1.0,0.25,301,c09_storm2_w80_u110_0028,2475,1.1069858661616159,1.481920943452381,0,5509.660800,1629.665200,1573.771200,4383.938400,1598.976000,0.2499,0.1365,0.2459,0.0082
B,e3,9,storm2,110,,1.0,0.25,301,c09_storm2_w80_u110_0029,2475,1.1069858661616159,1.481920943452381,0,5313.389600,2220.739200,2178.106800,4248.630000,2204.204000,0.2501,0.1532,0.2392,0.0062
B,e3,9,storm2,110,,1.0,0.25,303,c09_storm2_w80_u110_0020,2475,1.1069858661616159,1.481920943452381,0,7579.438000,1587.835200,1332.661200,4741.825200,1387.212400,0.2495,0.2179,0.2483,0.0494
B,e3,9,storm2,110,,1.0,0.25,303,c09_storm2_w80_u110_0021,2475,1.1069858661616159,1.481920943452381,0,8615.408800,2803.109200,2196.224000,5846.648000,2292.548400,0.2492,0.2329,0.2432,0.0802
B,e3,9,storm2,110,,1.0,0.25,303,c09_storm2_w80_u110_0022,2475,1.1069858661616159,1.481920943452381,0,4599.570200,2607.267400,2623.928400,3574.777000,2598.185000,0.2503,0.1173,0.2479,0.0044
B,e3,9,storm2,110,,1.0,0.25,303,c09_storm2_w80_u110_0023,2475,1.1069858661616159,1.481920943452381,0,5391.244400,1664.308800,1637.311200,4330.233600,1664.308800,0.2496,0.1653,0.2417,0.0109
B,e3,9,storm2,110,,1.0,0.25,303,c09_storm2_w80_u110_0024,2475,1.1069858661616159,1.481920943452381,0,6294.691200,1963.320400,1797.594000,4952.392800,1785.196400,0.2496,0.1473,0.2336,0.0294
B,e3,9,storm2,110,,1.0,0.25,303,c09_storm2_w80_u110_0025,2475,1.1069858661616159,1.481920943452381,0,8610.152400,2130.618000,1702.902000,5766.926800,1851.830800,0.2483,0.2365,0.2438,0.0761
B,e3,9,storm2,110,,1.0,0.25,303,c09_storm2_w80_u110_0026,2475,1.1069858661616159,1.481920943452381,0,5635.656000,2423.080400,2301.893200,5192.940000,2297.816000,0.2492,0.1250,0.2402,0.0182
B,e3,9,storm2,110,,1.0,0.25,303,c09_storm2_w80_u110_0027,2475,1.1069858661616159,1.481920943452381,0,4975.745600,1151.615200,1052.316800,3618.878400,1050.936400,0.2473,0.1485,0.2369,0.0278
B,e3,9,storm2,110,,1.0,0.25,303,c09_storm2_w80_u110_0028,2475,1.1069858661616159,1.481920943452381,0,5509.660800,1621.066000,1573.771200,4383.938400,1582.392800,0.2499,0.1365,0.2447,0.0143
B,e3,9,storm2,110,,1.0,0.25,303,c09_storm2_w80_u110_0029,2475,1.1069858661616159,1.481920943452381,0,5313.389600,2227.467200,2178.106800,4248.630000,2214.870400,0.2501,0.1532,0.2424,0.0122
B,e3,9,storm2,130,,0.0,0.25,301,c09_storm2_w80_u130_0020,2955,1.302652006313131,1.7302684732142843,0,4341.957200,3435.106000,864.656000,1730.309600,1634.200400,0.2369,0.1233,0.2389,0.0998
B,e3,9,storm2,130,,0.0,0.25,301,c09_storm2_w80_u130_0021,2955,1.302652006313131,1.7302684732142843,0,5619.735000,5156.019400,1372.199200,1824.697200,1818.683800,0.2332,0.1242,0.2318,0.1062
B,e3,9,storm2,130,,0.0,0.25,301,c09_storm2_w80_u130_0022,2955,1.302652006313131,1.7302684732142843,0,6757.698600,5366.326200,1567.498400,3023.567400,2542.544200,0.2467,0.1186,0.2408,0.1046
B,e3,9,storm2,130,,0.0,0.25,301,c09_storm2_w80_u130_0023,2955,1.302652006313131,1.7302684732142843,0,4766.402000,3844.807000,489.626400,1872.996400,1514.630000,0.2342,0.1395,0.2298,0.1040
B,e3,9,storm2,130,,0.0,0.25,301,c09_storm2_w80_u130_0024,2955,1.302652006313131,1.7302684732142843,0,5709.433200,4327.910800,699.693200,1893.745600,1638.420000,0.2355,0.1412,0.2335,0.1132
B,e3,9,storm2,130,,0.0,0.25,301,c09_storm2_w80_u130_0025,2955,1.302652006313131,1.7302684732142843,0,5059.364400,4836.425000,1126.620000,2311.542800,1776.452000,0.2253,0.1224,0.2274,0.0969
B,e3,9,storm2,130,,0.0,0.25,301,c09_storm2_w80_u130_0026,2955,1.302652006313131,1.7302684732142843,0,6993.494400,6442.751800,1749.480800,2770.372000,3705.932000,0.2290,0.1415,0.2367,0.1351
B,e3,9,storm2,130,,0.0,0.25,301,c09_storm2_w80_u130_0027,2955,1.302652006313131,1.7302684732142843,0,7824.229200,6485.013000,1633.974000,2944.455600,2766.584600,0.2437,0.1389,0.2335,0.1252
B,e3,9,storm2,130,,0.0,0.25,301,c09_storm2_w80_u130_0028,2955,1.302652006313131,1.7302684732142843,0,7644.670800,6544.492200,1177.121200,2712.949400,2767.404000,0.2268,0.1318,0.2244,0.1148
B,e3,9,storm2,130,,0.0,0.25,301,c09_storm2_w80_u130_0029,2955,1.302652006313131,1.7302684732142843,0,6338.518000,4830.052000,1856.062000,2944.894000,2559.175000,0.2345,0.1319,0.2288,0.1157
B,e3,9,storm2,130,,0.0,0.25,302,c09_storm2_w80_u130_0020,2955,1.302652006313131,1.7302684732142843,0,4341.957200,3740.394800,864.656000,1730.309600,1886.828800,0.2369,0.1233,0.2360,0.0976
B,e3,9,storm2,130,,0.0,0.25,302,c09_storm2_w80_u130_0021,2955,1.302652006313131,1.7302684732142843,0,5619.735000,5316.689600,1372.199200,1824.697200,1881.464200,0.2332,0.1242,0.2306,0.1032
B,e3,9,storm2,130,,0.0,0.25,302,c09_storm2_w80_u130_0022,2955,1.302652006313131,1.7302684732142843,0,6757.698600,5784.820000,1567.498400,3023.567400,2226.170600,0.2467,0.1186,0.2354,0.1192
B,e3,9,storm2,130,,0.0,0.25,302,c09_storm2_w80_u130_0023,2955,1.302652006313131,1.7302684732142843,0,4766.402000,3884.071000,489.626400,1872.996400,1954.350800,0.2342,0.1395,0.2286,0.1136
B,e3,9,storm2,130,,0.0,0.25,302,c09_storm2_w80_u130_0024,2955,1.302652006313131,1.7302684732142843,0,5709.433200,4706.517200,699.693200,1893.745600,1610.585200,0.2355,0.1412,0.2365,0.1252
B,e3,9,storm2,130,,0.0,0.25,302,c09_storm2_w80_u130_0025,2955,1.302652006313131,1.7302684732142843,0,5059.364400,4662.526400,1126.620000,2311.542800,1990.804400,0.2253,0.1224,0.2278,0.1125
B,e3,9,storm2,130,,0.0,0.25,302,c09_storm2_w80_u130_0026,2955,1.302652006313131,1.7302684732142843,0,6993.494400,6588.300400,1749.480800,2770.372000,3059.421000,0.2290,0.1415,0.2315,0.1308
B,e3,9,storm2,130,,0.0,0.25,302,c09_storm2_w80_u130_0027,2955,1.302652006313131,1.7302684732142843,0,7824.229200,6740.647800,1633.974000,2944.455600,3261.634800,0.2437,0.1389,0.2290,0.1239
B,e3,9,storm2,130,,0.0,0.25,302,c09_storm2_w80_u130_0028,2955,1.302652006313131,1.7302684732142843,0,7644.670800,6931.625000,1177.121200,2712.949400,2711.312200,0.2268,0.1318,0.2187,0.1196
B,e3,9,storm2,130,,0.0,0.25,302,c09_storm2_w80_u130_0029,2955,1.302652006313131,1.7302684732142843,0,6338.518000,4696.893200,1856.062000,2944.894000,2659.983800,0.2345,0.1319,0.2327,0.1047
B,e3,9,storm2,130,,0.0,0.25,303,c09_storm2_w80_u130_0020,2955,1.302652006313131,1.7302684732142843,0,4341.957200,3368.185200,864.656000,1730.309600,1580.836400,0.2369,0.1233,0.2362,0.1043
B,e3,9,storm2,130,,0.0,0.25,303,c09_storm2_w80_u130_0021,2955,1.302652006313131,1.7302684732142843,0,5619.735000,5322.458800,1372.199200,1824.697200,1882.205200,0.2332,0.1242,0.2279,0.1149
B,e3,9,storm2,130,,0.0,0.25,303,c09_storm2_w80_u130_0022,2955,1.302652006313131,1.7302684732142843,0,6757.698600,5069.096400,1567.498400,3023.567400,2462.806200,0.2467,0.1186,0.2307,0.1127
B,e3,9,storm2,130,,0.0,0.25,303,c09_storm2_w80_u130_0023,2955,1.302652006313131,1.7302684732142843,0,4766.402000,3938.131200,489.626400,1872.996400,1585.348000,0.2342,0.1395,0.2298,0.1131
B,e3,9,storm2,130,,0.0,0.25,303,c09_storm2_w80_u130_0024,2955,1.302652006313131,1.7302684732142843,0,5709.433200,4702.000800,699.693200,1893.745600,1529.564800,0.2355,0.1412,0.2356,0.1227
B,e3,9,storm2,130,,0.0,0.25,303,c09_storm2_w80_u130_0025,2955,1.302652006313131,1.7302684732142843,0,5059.364400,4396.028400,1126.620000,2311.542800,1828.737200,0.2253,0.1224,0.2314,0.1022
B,e3,9,storm2,130,,0.0,0.25,303,c09_storm2_w80_u130_0026,2955,1.302652006313131,1.7302684732142843,0,6993.494400,6629.363200,1749.480800,2770.372000,2439.400000,0.2290,0.1415,0.2305,0.1257
B,e3,9,storm2,130,,0.0,0.25,303,c09_storm2_w80_u130_0027,2955,1.302652006313131,1.7302684732142843,0,7824.229200,6524.436200,1633.974000,2944.455600,2272.395200,0.2437,0.1389,0.2302,0.1289
B,e3,9,storm2,130,,0.0,0.25,303,c09_storm2_w80_u130_0028,2955,1.302652006313131,1.7302684732142843,0,7644.670800,6833.954200,1177.121200,2712.949400,2780.635200,0.2268,0.1318,0.2241,0.1170
B,e3,9,storm2,130,,0.0,0.25,303,c09_storm2_w80_u130_0029,2955,1.302652006313131,1.7302684732142843,0,6338.518000,5185.124400,1856.062000,2944.894000,2725.207800,0.2345,0.1319,0.2292,0.1117
B,e3,10,storm2,70,,0.0,0.25,301,c10_storm2_w80_u70_0020,6622,0.6960642435064923,0.9778142015873016,0,421.834000,421.834000,431.378800,421.834000,421.834000,0.2495,0.0053,0.2497,0.0053
B,e3,10,storm2,70,,0.0,0.25,301,c10_storm2_w80_u70_0021,6622,0.6960642435064923,0.9778142015873016,0,522.409200,522.409200,522.409200,522.409200,522.409200,0.2500,0.0042,0.2503,0.0021
B,e3,10,storm2,70,,0.0,0.25,301,c10_storm2_w80_u70_0022,6622,0.6960642435064923,0.9778142015873016,0,151.620400,151.620400,151.620400,151.620400,151.620400,0.2500,0.0000,0.2500,0.0000
B,e3,10,storm2,70,,0.0,0.25,301,c10_storm2_w80_u70_0023,6622,0.6960642435064923,0.9778142015873016,0,1737.812800,1737.812800,1737.812800,1737.812800,1737.812800,0.2500,0.0000,0.2502,0.0018
B,e3,10,storm2,70,,0.0,0.25,301,c10_storm2_w80_u70_0024,6622,0.6960642435064923,0.9778142015873016,0,710.500000,709.068800,697.722400,697.722400,697.722400,0.2501,0.0069,0.2501,0.0046
B,e3,10,storm2,70,,0.0,0.25,301,c10_storm2_w80_u70_0025,6622,0.6960642435064923,0.9778142015873016,0,699.080400,699.080400,699.401200,699.080400,699.080400,0.2492,0.0000,0.2493,0.0000
B,e3,10,storm2,70,,0.0,0.25,301,c10_storm2_w80_u70_0026,6622,0.6960642435064923,0.9778142015873016,0,1148.552400,1148.552400,1148.005200,1148.552400,1148.552400,0.2499,0.0000,0.2499,0.0000
B,e3,10,storm2,70,,0.0,0.25,301,c10_storm2_w80_u70_0027,6622,0.6960642435064923,0.9778142015873016,0,755.797200,755.797200,755.797200,755.797200,755.797200,0.2485,0.0045,0.2487,0.0045
B,e3,10,storm2,70,,0.0,0.25,301,c10_storm2_w80_u70_0028,6622,0.6960642435064923,0.9778142015873016,0,1278.609200,1278.609200,1278.858000,1278.609200,1278.609200,0.2503,0.0000,0.2503,0.0000
B,e3,10,storm2,70,,0.0,0.25,301,c10_storm2_w80_u70_0029,6622,0.6960642435064923,0.9778142015873016,0,429.385600,429.385600,414.047200,426.334400,426.334400,0.2495,0.0041,0.2495,0.0041
B,e3,9,storm2,130,,0.5,0.25,301,c09_storm2_w80_u130_0020,2955,1.302652006313131,1.7302684732142843,0,8941.717600,3223.828800,1384.724000,4945.284400,1817.723600,0.2427,0.2136,0.2381,0.0846
B,e3,9,storm2,130,,0.5,0.25,301,c09_storm2_w80_u130_0021,2955,1.302652006313131,1.7302684732142843,0,11867.880000,4634.454400,2152.867600,4535.578800,2825.914800,0.2316,0.2044,0.2402,0.0977
B,e3,9,storm2,130,,0.5,0.25,301,c09_storm2_w80_u130_0022,2955,1.302652006313131,1.7302684732142843,0,13529.412200,5639.033000,2033.651600,6367.515600,2634.156400,0.2491,0.2137,0.2448,0.0978
B,e3,9,storm2,130,,0.5,0.25,301,c09_storm2_w80_u130_0023,2955,1.302652006313131,1.7302684732142843,0,10119.372400,3467.365400,1020.643200,4183.065600,1268.455600,0.2455,0.2150,0.2470,0.0883
B,e3,9,storm2,130,,0.5,0.25,301,c09_storm2_w80_u130_0024,2955,1.302652006313131,1.7302684732142843,0,9411.622800,3875.530400,1308.045200,4080.648400,1879.753600,0.2387,0.1930,0.2385,0.0908
B,e3,9,storm2,130,,0.5,0.25,301,c09_storm2_w80_u130_0025,2955,1.302652006313131,1.7302684732142843,0,9610.012000,5128.460400,1574.183200,4524.824000,2260.298000,0.2375,0.1907,0.2375,0.1095
B,e3,9,storm2,130,,0.5,0.25,301,c09_storm2_w80_u130_0026,2955,1.302652006313131,1.7302684732142843,0,13286.870200,5170.577200,2203.098400,7667.889600,3126.627000,0.2426,0.2285,0.2441,0.0892
B,e3,9,storm2,130,,0.5,0.25,301,c09_storm2_w80_u130_0027,2955,1.302652006313131,1.7302684732142843,0,11804.620200,4954.633000,2087.435600,5273.756400,2623.563000,0.2483,0.1953,0.2498,0.0786
B,e3,9,storm2,130,,0.5,0.25,301,c09_storm2_w80_u130_0028,2955,1.302652006313131,1.7302684732142843,0,12074.571600,4463.995000,1051.884800,4853.270200,1624.448200,0.2321,0.2081,0.2401,0.0973
B,e3,9,storm2,130,,0.5,0.25,301,c09_storm2_w80_u130_0029,2955,1.302652006313131,1.7302684732142843,0,10421.381200,3629.569600,2042.163600,5132.550800,2561.375200,0.2394,0.2007,0.2426,0.0621
B,e3,9,storm2,130,,0.5,0.25,303,c09_storm2_w80_u130_0020,2955,1.302652006313131,1.7302684732142843,0,8941.717600,4032.171200,1384.724000,4945.284400,2047.280000,0.2427,0.2136,0.2391,0.1100
B,e3,9,storm2,130,,0.5,0.25,303,c09_storm2_w80_u130_0021,2955,1.302652006313131,1.7302684732142843,0,11867.880000,5808.327200,2152.867600,4535.578800,2984.199200,0.2316,0.2044,0.2364,0.1238
B,e3,9,storm2,130,,0.5,0.25,303,c09_storm2_w80_u130_0022,2955,1.302652006313131,1.7302684732142843,0,13529.412200,6508.162200,2033.651600,6367.515600,2910.713000,0.2491,0.2137,0.2463,0.1122
B,e3,9,storm2,130,,0.5,0.25,303,c09_storm2_w80_u130_0023,2955,1.302652006313131,1.7302684732142843,0,10119.372400,3730.063800,1020.643200,4183.065600,1172.713200,0.2455,0.2150,0.2443,0.1081
B,e3,9,storm2,130,,0.5,0.25,303,c09_storm2_w80_u130_0024,2955,1.302652006313131,1.7302684732142843,0,9411.622800,4283.316800,1308.045200,4080.648400,1819.191600,0.2387,0.1930,0.2398,0.1003
B,e3,9,storm2,130,,0.5,0.25,303,c09_storm2_w80_u130_0025,2955,1.302652006313131,1.7302684732142843,0,9610.012000,5043.810800,1574.183200,4524.824000,2625.106400,0.2375,0.1907,0.2416,0.1011
B,e3,9,storm2,130,,0.5,0.25,303,c09_storm2_w80_u130_0026,2955,1.302652006313131,1.7302684732142843,0,13286.870200,6409.657200,2203.098400,7667.889600,3448.761800,0.2426,0.2285,0.2409,0.1204
B,e3,9,storm2,130,,0.5,0.25,303,c09_storm2_w80_u130_0027,2955,1.302652006313131,1.7302684732142843,0,11804.620200,5674.772800,2087.435600,5273.756400,2779.208400,0.2483,0.1953,0.2457,0.0935
B,e3,9,storm2,130,,0.5,0.25,303,c09_storm2_w80_u130_0028,2955,1.302652006313131,1.7302684732142843,0,12074.571600,5762.715400,1051.884800,4853.270200,1930.062800,0.2321,0.2081,0.2350,0.1204
B,e3,9,storm2,130,,0.5,0.25,303,c09_storm2_w80_u130_0029,2955,1.302652006313131,1.7302684732142843,0,10421.381200,4625.081200,2042.163600,5132.550800,2652.082400,0.2394,0.2007,0.2369,0.0979
B,e3,9,storm2,130,,0.5,0.25,302,c09_storm2_w80_u130_0020,2955,1.302652006313131,1.7302684732142843,0,8941.717600,2870.772000,1384.724000,4945.284400,1728.031200,0.2427,0.2136,0.2380,0.0623
B,e3,9,storm2,130,,0.5,0.25,302,c09_storm2_w80_u130_0021,2955,1.302652006313131,1.7302684732142843,0,11867.880000,3977.166000,2152.867600,4535.578800,2471.546800,0.2316,0.2044,0.2374,0.0754
B,e3,9,storm2,130,,0.5,0.25,302,c09_storm2_w80_u130_0022,2955,1.302652006313131,1.7302684732142843,0,13529.412200,5085.850400,2033.651600,6367.515600,2765.854600,0.2491,0.2137,0.2444,0.0880
B,e3,9,storm2,130,,0.5,0.25,302,c09_storm2_w80_u130_0023,2955,1.302652006313131,1.7302684732142843,0,10119.372400,2936.768800,1020.643200,4183.065600,1243.248400,0.2455,0.2150,0.2454,0.0768
B,e3,9,storm2,130,,0.5,0.25,302,c09_storm2_w80_u130_0024,2955,1.302652006313131,1.7302684732142843,0,9411.622800,3288.438800,1308.045200,4080.648400,1408.403200,0.2387,0.1930,0.2350,0.0751
B,e3,9,storm2,130,,0.5,0.25,302,c09_storm2_w80_u130_0025,2955,1.302652006313131,1.7302684732142843,0,9610.012000,4640.759600,1574.183200,4524.824000,2287.863200,0.2375,0.1907,0.2424,0.0893
B,e3,9,storm2,130,,0.5,0.25,302,c09_storm2_w80_u130_0026,2955,1.302652006313131,1.7302684732142843,0,13286.870200,5167.119200,2203.098400,7667.889600,3073.222400,0.2426,0.2285,0.2382,0.0894
B,e3,9,storm2,130,,0.5,0.25,302,c09_storm2_w80_u130_0027,2955,1.302652006313131,1.7302684732142843,0,11804.620200,4539.109800,2087.435600,5273.756400,2537.474600,0.2483,0.1953,0.2470,0.0728
B,e3,9,storm2,130,,0.5,0.25,302,c09_storm2_w80_u130_0028,2955,1.302652006313131,1.7302684732142843,0,12074.571600,4578.388000,1051.884800,4853.270200,1596.166000,0.2321,0.2081,0.2431,0.0877
B,e3,9,storm2,130,,0.5,0.25,302,c09_storm2_w80_u130_0029,2955,1.302652006313131,1.7302684732142843,0,10421.381200,3626.077600,2042.163600,5132.550800,2153.143600,0.2394,0.2007,0.2433,0.0500
B,e3,9,storm2,130,,1.0,0.25,301,c09_storm2_w80_u130_0020,2955,1.302652006313131,1.7302684732142843,0,12212.954800,1430.866000,1348.893200,8023.478800,1315.020800,0.2497,0.2537,0.2454,0.0134
B,e3,9,storm2,130,,1.0,0.25,301,c09_storm2_w80_u130_0021,2955,1.302652006313131,1.7302684732142843,0,21900.442000,2640.042800,2547.171200,10510.519400,2478.337200,0.2449,0.3168,0.2331,0.0285
B,e3,9,storm2,130,,1.0,0.25,301,c09_storm2_w80_u130_0022,2955,1.302652006313131,1.7302684732142843,0,20834.553400,3197.062800,2644.633600,12284.089400,2867.477000,0.2495,0.3160,0.2392,0.0339
B,e3,9,storm2,130,,1.0,0.25,301,c09_storm2_w80_u130_0023,2955,1.302652006313131,1.7302684732142843,0,16891.787200,1641.733200,1135.700000,9509.316400,1170.394600,0.2493,0.3210,0.2429,0.0362
B,e3,9,storm2,130,,1.0,0.25,301,c09_storm2_w80_u130_0024,2955,1.302652006313131,1.7302684732142843,0,14415.295200,1674.498400,1613.467600,6823.174000,1566.422800,0.2435,0.2434,0.2302,0.0174
B,e3,9,storm2,130,,1.0,0.25,301,c09_storm2_w80_u130_0025,2955,1.302652006313131,1.7302684732142843,0,13417.497600,1825.989400,1471.206000,8679.009200,1585.184000,0.2489,0.2199,0.2398,0.0279
B,e3,9,storm2,130,,1.0,0.25,301,c09_storm2_w80_u130_0026,2955,1.302652006313131,1.7302684732142843,0,20922.601800,2931.171600,2416.645200,13122.505200,2808.198400,0.2495,0.3282,0.2416,0.0424
B,e3,9,storm2,130,,1.0,0.25,301,c09_storm2_w80_u130_0027,2955,1.302652006313131,1.7302684732142843,0,21391.363400,2436.180200,1952.576400,9356.595200,1927.872200,0.2500,0.3244,0.2470,0.0321
B,e3,9,storm2,130,,1.0,0.25,301,c09_storm2_w80_u130_0028,2955,1.302652006313131,1.7302684732142843,0,20718.950000,2139.455800,1189.960000,11453.447400,1763.498200,0.2386,0.3259,0.2296,0.0553
B,e3,9,storm2,130,,1.0,0.25,301,c09_storm2_w80_u130_0029,2955,1.302652006313131,1.7302684732142843,0,14509.340800,2309.533200,2249.482400,8474.732000,2319.745200,0.2476,0.3076,0.2337,0.0035
B,e3,10,storm2,70,,0.0,0.25,302,c10_storm2_w80_u70_0020,6622,0.6960642435064923,0.9778142015873016,0,421.834000,431.378800,431.378800,421.834000,431.378800,0.2495,0.0053,0.2493,0.0079
B,e3,10,storm2,70,,0.0,0.25,302,c10_storm2_w80_u70_0021,6622,0.6960642435064923,0.9778142015873016,0,522.409200,522.409200,522.409200,522.409200,522.409200,0.2500,0.0042,0.2503,0.0021
B,e3,10,storm2,70,,0.0,0.25,302,c10_storm2_w80_u70_0022,6622,0.6960642435064923,0.9778142015873016,0,151.620400,151.620400,151.620400,151.620400,151.620400,0.2500,0.0000,0.2503,0.0000
B,e3,10,storm2,70,,0.0,0.25,302,c10_storm2_w80_u70_0023,6622,0.6960642435064923,0.9778142015873016,0,1737.812800,1737.812800,1737.812800,1737.812800,1737.812800,0.2500,0.0000,0.2503,0.0000
B,e3,10,storm2,70,,0.0,0.25,302,c10_storm2_w80_u70_0024,6622,0.6960642435064923,0.9778142015873016,0,710.500000,710.597600,697.722400,697.722400,697.722400,0.2501,0.0069,0.2504,0.0023
B,e3,10,storm2,70,,0.0,0.25,302,c10_storm2_w80_u70_0025,6622,0.6960642435064923,0.9778142015873016,0,699.080400,701.968000,699.401200,699.080400,702.596000,0.2492,0.0000,0.2495,0.0033
B,e3,10,storm2,70,,0.0,0.25,302,c10_storm2_w80_u70_0026,6622,0.6960642435064923,0.9778142015873016,0,1148.552400,1145.460800,1148.005200,1148.552400,1145.460800,0.2499,0.0000,0.2501,0.0000
B,e3,10,storm2,70,,0.0,0.25,302,c10_storm2_w80_u70_0027,6622,0.6960642435064923,0.9778142015873016,0,755.797200,755.797200,755.797200,755.797200,755.797200,0.2485,0.0045,0.2490,0.0022
B,e3,10,storm2,70,,0.0,0.25,302,c10_storm2_w80_u70_0028,6622,0.6960642435064923,0.9778142015873016,0,1278.609200,1285.000400,1278.858000,1278.609200,1285.000400,0.2503,0.0000,0.2503,0.0024
B,e3,10,storm2,70,,0.0,0.25,302,c10_storm2_w80_u70_0029,6622,0.6960642435064923,0.9778142015873016,0,429.385600,464.638400,414.047200,426.334400,423.580800,0.2495,0.0041,0.2492,0.0041
B,e3,9,storm2,130,,1.0,0.25,302,c09_storm2_w80_u130_0020,2955,1.302652006313131,1.7302684732142843,0,12212.954800,1505.398800,1348.893200,8023.478800,1341.104400,0.2497,0.2537,0.2454,0.0302
B,e3,9,storm2,130,,1.0,0.25,302,c09_storm2_w80_u130_0021,2955,1.302652006313131,1.7302684732142843,0,21900.442000,2861.706200,2547.171200,10510.519400,2441.518600,0.2449,0.3168,0.2365,0.0529
B,e3,9,storm2,130,,1.0,0.25,302,c09_storm2_w80_u130_0022,2955,1.302652006313131,1.7302684732142843,0,20834.553400,3715.227800,2644.633600,12284.089400,2997.725000,0.2495,0.3160,0.2420,0.0452
B,e3,9,storm2,130,,1.0,0.25,302,c09_storm2_w80_u130_0023,2955,1.302652006313131,1.7302684732142843,0,16891.787200,1987.146800,1135.700000,9509.316400,1393.826800,0.2493,0.3210,0.2430,0.0552
B,e3,9,storm2,130,,1.0,0.25,302,c09_storm2_w80_u130_0024,2955,1.302652006313131,1.7302684732142843,0,14415.295200,1834.456800,1613.467600,6823.174000,1623.725200,0.2435,0.2434,0.2292,0.0454
B,e3,9,storm2,130,,1.0,0.25,302,c09_storm2_w80_u130_0025,2955,1.302652006313131,1.7302684732142843,0,13417.497600,2190.736000,1471.206000,8679.009200,1636.091200,0.2489,0.2199,0.2389,0.0412
B,e3,9,storm2,130,,1.0,0.25,302,c09_storm2_w80_u130_0026,2955,1.302652006313131,1.7302684732142843,0,20922.601800,3295.438000,2416.645200,13122.505200,2827.699000,0.2495,0.3282,0.2427,0.0579
B,e3,9,storm2,130,,1.0,0.25,302,c09_storm2_w80_u130_0027,2955,1.302652006313131,1.7302684732142843,0,21391.363400,2647.010800,1952.576400,9356.595200,1993.109200,0.2500,0.3244,0.2500,0.0484
B,e3,9,storm2,130,,1.0,0.25,302,c09_storm2_w80_u130_0028,2955,1.302652006313131,1.7302684732142843,0,20718.950000,2571.383400,1189.960000,11453.447400,1725.476000,0.2386,0.3259,0.2346,0.0803
B,e3,9,storm2,130,,1.0,0.25,302,c09_storm2_w80_u130_0029,2955,1.302652006313131,1.7302684732142843,0,14509.340800,2333.891800,2249.482400,8474.732000,2298.545000,0.2476,0.3076,0.2355,0.0086
B,e3,10,storm2,70,,0.0,0.25,303,c10_storm2_w80_u70_0020,6622,0.6960642435064923,0.9778142015873016,0,421.834000,441.487600,431.378800,421.834000,431.378800,0.2495,0.0053,0.2498,0.0053
B,e3,10,storm2,70,,0.0,0.25,303,c10_storm2_w80_u70_0021,6622,0.6960642435064923,0.9778142015873016,0,522.409200,522.409200,522.409200,522.409200,522.409200,0.2500,0.0042,0.2504,0.0020
B,e3,10,storm2,70,,0.0,0.25,303,c10_storm2_w80_u70_0022,6622,0.6960642435064923,0.9778142015873016,0,151.620400,151.620400,151.620400,151.620400,151.620400,0.2500,0.0000,0.2500,0.0000
B,e3,10,storm2,70,,0.0,0.25,303,c10_storm2_w80_u70_0023,6622,0.6960642435064923,0.9778142015873016,0,1737.812800,1783.373600,1737.812800,1737.812800,1737.812800,0.2500,0.0000,0.2503,0.0053
B,e3,10,storm2,70,,0.0,0.25,303,c10_storm2_w80_u70_0024,6622,0.6960642435064923,0.9778142015873016,0,710.500000,723.551200,697.722400,697.722400,697.722400,0.2501,0.0069,0.2504,0.0022
B,e3,10,storm2,70,,0.0,0.25,303,c10_storm2_w80_u70_0025,6622,0.6960642435064923,0.9778142015873016,0,699.080400,699.194400,699.401200,699.080400,699.194400,0.2492,0.0000,0.2501,0.0016
B,e3,10,storm2,70,,0.0,0.25,303,c10_storm2_w80_u70_0026,6622,0.6960642435064923,0.9778142015873016,0,1148.552400,1151.414000,1148.005200,1148.552400,1151.414000,0.2499,0.0000,0.2500,0.0000
B,e3,10,storm2,70,,0.0,0.25,303,c10_storm2_w80_u70_0027,6622,0.6960642435064923,0.9778142015873016,0,755.797200,755.797200,755.797200,755.797200,755.797200,0.2485,0.0045,0.2503,0.0022
B,e3,10,storm2,70,,0.0,0.25,303,c10_storm2_w80_u70_0028,6622,0.6960642435064923,0.9778142015873016,0,1278.609200,1279.138800,1278.858000,1278.609200,1279.138800,0.2503,0.0000,0.2503,0.0024
B,e3,10,storm2,70,,0.0,0.25,303,c10_storm2_w80_u70_0029,6622,0.6960642435064923,0.9778142015873016,0,429.385600,434.282400,414.047200,426.334400,435.435200,0.2495,0.0041,0.2491,0.0041
B,e3,10,storm2,70,,0.5,0.25,301,c10_storm2_w80_u70_0020,6622,0.6960642435064923,0.9778142015873016,0,720.877600,720.877600,647.237600,707.495200,707.495200,0.2502,0.0053,0.2502,0.0053
B,e3,10,storm2,70,,0.5,0.25,301,c10_storm2_w80_u70_0021,6622,0.6960642435064923,0.9778142015873016,0,1001.346400,1003.195200,998.547200,998.865600,998.665600,0.2501,0.0042,0.2500,0.0084
B,e3,10,storm2,70,,0.5,0.25,301,c10_storm2_w80_u70_0022,6622,0.6960642435064923,0.9778142015873016,0,485.221200,484.330800,485.893600,485.221200,484.330800,0.2500,0.0000,0.2503,0.0000
B,e3,10,storm2,70,,0.5,0.25,301,c10_storm2_w80_u70_0023,6622,0.6960642435064923,0.9778142015873016,0,1854.658800,1854.658800,1837.192400,1838.247600,1838.247600,0.2501,0.0089,0.2503,0.0089
B,e3,10,storm2,70,,0.5,0.25,301,c10_storm2_w80_u70_0024,6622,0.6960642435064923,0.9778142015873016,0,1192.875600,1192.875600,1192.875600,1192.875600,1192.875600,0.2504,0.0069,0.2504,0.0069
B,e3,10,storm2,70,,0.5,0.25,301,c10_storm2_w80_u70_0025,6622,0.6960642435064923,0.9778142015873016,0,1657.688800,1650.290000,1666.390000,1672.624000,1648.875600,0.2500,0.0098,0.2500,0.0033
B,e3,10,storm2,70,,0.5,0.25,301,c10_storm2_w80_u70_0026,6622,0.6960642435064923,0.9778142015873016,0,1703.517600,1703.517600,1706.570800,1704.550800,1700.446400,0.2502,0.0027,0.2502,0.0026
B,e3,10,storm2,70,,0.5,0.25,301,c10_storm2_w80_u70_0027,6622,0.6960642435064923,0.9778142015873016,0,917.433600,917.433600,927.724800,928.348000,928.348000,0.2504,0.0022,0.2504,0.0022
B,e3,10,storm2,70,,0.5,0.25,301,c10_storm2_w80_u70_0028,6622,0.6960642435064923,0.9778142015873016,0,1519.751200,1519.751200,1519.451200,1519.551200,1519.551200,0.2503,0.0024,0.2503,0.0024
B,e3,10,storm2,70,,0.5,0.25,301,c10_storm2_w80_u70_0029,6622,0.6960642435064923,0.9778142015873016,0,763.535600,763.535600,754.508400,755.587600,755.587600,0.2500,0.0021,0.2500,0.0021
B,e3,10,storm2,70,,0.5,0.25,302,c10_storm2_w80_u70_0020,6622,0.6960642435064923,0.9778142015873016,0,720.877600,706.440000,647.237600,707.495200,721.286400,0.2502,0.0053,0.2502,0.0080
B,e3,10,storm2,70,,0.5,0.25,302,c10_storm2_w80_u70_0021,6622,0.6960642435064923,0.9778142015873016,0,1001.346400,1001.346400,998.547200,998.865600,998.865600,0.2501,0.0042,0.2501,0.0042
B,e3,10,storm2,70,,0.5,0.25,302,c10_storm2_w80_u70_0022,6622,0.6960642435064923,0.9778142015873016,0,485.221200,485.221200,485.893600,485.221200,484.330800,0.2500,0.0000,0.2500,0.0025
B,e3,10,storm2,70,,0.5,0.25,302,c10_storm2_w80_u70_0023,6622,0.6960642435064923,0.9778142015873016,0,1854.658800,1845.912400,1837.192400,1838.247600,1832.946800,0.2501,0.0089,0.2503,0.0072
B,e3,10,storm2,70,,0.5,0.25,302,c10_storm2_w80_u70_0024,6622,0.6960642435064923,0.9778142015873016,0,1192.875600,1192.875600,1192.875600,1192.875600,1192.875600,0.2504,0.0069,0.2501,0.0023
B,e3,10,storm2,70,,0.5,0.25,302,c10_storm2_w80_u70_0025,6622,0.6960642435064923,0.9778142015873016,0,1657.688800,1657.688800,1666.390000,1672.624000,1652.303200,0.2500,0.0098,0.2502,0.0081
B,e3,10,storm2,70,,0.5,0.25,302,c10_storm2_w80_u70_0026,6622,0.6960642435064923,0.9778142015873016,0,1703.517600,1703.517600,1706.570800,1704.550800,1704.550800,0.2502,0.0027,0.2502,0.0027
B,e3,10,storm2,70,,0.5,0.25,302,c10_storm2_w80_u70_0027,6622,0.6960642435064923,0.9778142015873016,0,917.433600,917.433600,927.724800,928.348000,928.348000,0.2504,0.0022,0.2504,0.0022
B,e3,10,storm2,70,,0.5,0.25,302,c10_storm2_w80_u70_0028,6622,0.6960642435064923,0.9778142015873016,0,1519.751200,1519.751200,1519.451200,1519.551200,1519.551200,0.2503,0.0024,0.2500,0.0048
B,e3,10,storm2,70,,0.5,0.25,302,c10_storm2_w80_u70_0029,6622,0.6960642435064923,0.9778142015873016,0,763.535600,763.535600,754.508400,755.587600,755.587600,0.2500,0.0021,0.2504,0.0020
B,e3,10,storm2,70,,0.5,0.25,303,c10_storm2_w80_u70_0020,6622,0.6960642435064923,0.9778142015873016,0,720.877600,699.696800,647.237600,707.495200,716.296800,0.2502,0.0053,0.2503,0.0080
B,e3,10,storm2,70,,0.5,0.25,303,c10_storm2_w80_u70_0021,6622,0.6960642435064923,0.9778142015873016,0,1001.346400,999.987200,998.547200,998.865600,998.519200,0.2501,0.0042,0.2503,0.0021
B,e3,10,storm2,70,,0.5,0.25,303,c10_storm2_w80_u70_0022,6622,0.6960642435064923,0.9778142015873016,0,485.221200,485.221200,485.893600,485.221200,485.221200,0.2500,0.0000,0.2500,0.0000
B,e3,10,storm2,70,,0.5,0.25,303,c10_storm2_w80_u70_0023,6622,0.6960642435064923,0.9778142015873016,0,1854.658800,1852.955600,1837.192400,1838.247600,1837.621200,0.2501,0.0089,0.2503,0.0071
B,e3,10,storm2,70,,0.5,0.25,303,c10_storm2_w80_u70_0024,6622,0.6960642435064923,0.9778142015873016,0,1192.875600,1192.875600,1192.875600,1192.875600,1192.875600,0.2504,0.0069,0.2501,0.0023
B,e3,10,storm2,70,,0.5,0.25,303,c10_storm2_w80_u70_0025,6622,0.6960642435064923,0.9778142015873016,0,1657.688800,1653.144400,1666.390000,1672.624000,1651.528000,0.2500,0.0098,0.2499,0.0081
B,e3,10,storm2,70,,0.5,0.25,303,c10_storm2_w80_u70_0026,6622,0.6960642435064923,0.9778142015873016,0,1703.517600,1706.424400,1706.570800,1704.550800,1706.779600,0.2502,0.0027,0.2502,0.0027
B,e3,10,storm2,70,,0.5,0.25,303,c10_storm2_w80_u70_0027,6622,0.6960642435064923,0.9778142015873016,0,917.433600,917.433600,927.724800,928.348000,928.348000,0.2504,0.0022,0.2504,0.0022
B,e3,10,storm2,70,,0.5,0.25,303,c10_storm2_w80_u70_0028,6622,0.6960642435064923,0.9778142015873016,0,1519.751200,1519.751200,1519.451200,1519.551200,1519.551200,0.2503,0.0024,0.2502,0.0072
B,e3,10,storm2,70,,0.5,0.25,303,c10_storm2_w80_u70_0029,6622,0.6960642435064923,0.9778142015873016,0,763.535600,763.535600,754.508400,755.587600,755.587600,0.2500,0.0021,0.2504,0.0020
B,e3,10,storm2,70,,1.0,0.25,301,c10_storm2_w80_u70_0020,6622,0.6960642435064923,0.9778142015873016,0,1138.294800,1144.765200,1159.507600,1147.839600,1147.839600,0.2503,0.0053,0.2502,0.0053
B,e3,10,storm2,70,,1.0,0.25,301,c10_storm2_w80_u70_0021,6622,0.6960642435064923,0.9778142015873016,0,1435.036000,1433.157600,1434.568800,1432.436800,1431.408800,0.2501,0.0021,0.2503,0.0041
B,e3,10,storm2,70,,1.0,0.25,301,c10_storm2_w80_u70_0022,6622,0.6960642435064923,0.9778142015873016,0,849.278800,848.388400,840.258400,840.468000,840.468000,0.2494,0.0051,0.2498,0.0025
B,e3,10,storm2,70,,1.0,0.25,301,c10_storm2_w80_u70_0023,6622,0.6960642435064923,0.9778142015873016,0,1949.297200,1949.496400,1934.694800,1935.531600,1935.502800,0.2503,0.0142,0.2501,0.0089
B,e3,10,storm2,70,,1.0,0.25,301,c10_storm2_w80_u70_0024,6622,0.6960642435064923,0.9778142015873016,0,1025.966800,1025.966800,1025.966800,1025.966800,1025.966800,0.2504,0.0000,0.2500,0.0000
B,e3,10,storm2,70,,1.0,0.25,301,c10_storm2_w80_u70_0025,6622,0.6960642435064923,0.9778142015873016,0,2504.739600,2495.549600,2512.507200,2494.566800,2495.044400,0.2500,0.0081,0.2503,0.0032
B,e3,10,storm2,70,,1.0,0.25,301,c10_storm2_w80_u70_0026,6622,0.6960642435064923,0.9778142015873016,0,1930.773200,1930.486000,1942.360800,1931.858000,1931.570800,0.2502,0.0027,0.2502,0.0013
B,e3,10,storm2,70,,1.0,0.25,301,c10_storm2_w80_u70_0027,6622,0.6960642435064923,0.9778142015873016,0,1187.578400,1187.578400,1197.869600,1198.492800,1198.492800,0.2504,0.0022,0.2503,0.0022
B,e3,10,storm2,70,,1.0,0.25,301,c10_storm2_w80_u70_0028,6622,0.6960642435064923,0.9778142015873016,0,1229.074800,1229.074800,1229.074800,1229.074800,1229.074800,0.2503,0.0000,0.2503,0.0024
B,e3,10,storm2,70,,1.0,0.25,301,c10_storm2_w80_u70_0029,6622,0.6960642435064923,0.9778142015873016,0,1229.255600,1229.255600,1236.546000,1229.255600,1229.255600,0.2500,0.0000,0.2501,0.0000
B,e3,10,storm2,70,,1.0,0.25,302,c10_storm2_w80_u70_0020,6622,0.6960642435064923,0.9778142015873016,0,1138.294800,1138.294800,1159.507600,1147.839600,1147.839600,0.2503,0.0053,0.2503,0.0053
B,e3,10,storm2,70,,1.0,0.25,302,c10_storm2_w80_u70_0021,6622,0.6960642435064923,0.9778142015873016,0,1435.036000,1432.780800,1434.568800,1432.436800,1431.324000,0.2501,0.0021,0.2500,0.0021
B,e3,10,storm2,70,,1.0,0.25,302,c10_storm2_w80_u70_0022,6622,0.6960642435064923,0.9778142015873016,0,849.278800,845.585600,840.258400,840.468000,840.468000,0.2494,0.0051,0.2495,0.0025
B,e3,10,storm2,70,,1.0,0.25,302,c10_storm2_w80_u70_0023,6622,0.6960642435064923,0.9778142015873016,0,1949.297200,1941.928400,1934.694800,1935.531600,1935.401200,0.2503,0.0142,0.2503,0.0088
B,e3,10,storm2,70,,1.0,0.25,302,c10_storm2_w80_u70_0024,6622,0.6960642435064923,0.9778142015873016,0,1025.966800,1025.966800,1025.966800,1025.966800,1025.966800,0.2504,0.0000,0.2504,0.0000
B,e3,10,storm2,70,,1.0,0.25,302,c10_storm2_w80_u70_0025,6622,0.6960642435064923,0.9778142015873016,0,2504.739600,2501.125600,2512.507200,2494.566800,2500.848000,0.2500,0.0081,0.2503,0.0049
B,e3,10,storm2,70,,1.0,0.25,302,c10_storm2_w80_u70_0026,6622,0.6960642435064923,0.9778142015873016,0,1930.773200,1930.486000,1942.360800,1931.858000,1935.933200,0.2502,0.0027,0.2502,0.0040
B,e3,10,storm2,70,,1.0,0.25,302,c10_storm2_w80_u70_0027,6622,0.6960642435064923,0.9778142015873016,0,1187.578400,1187.578400,1197.869600,1198.492800,1198.492800,0.2504,0.0022,0.2503,0.0022
B,e3,10,storm2,70,,1.0,0.25,302,c10_storm2_w80_u70_0028,6622,0.6960642435064923,0.9778142015873016,0,1229.074800,1229.074800,1229.074800,1229.074800,1229.074800,0.2503,0.0000,0.2503,0.0024
B,e3,10,storm2,70,,1.0,0.25,302,c10_storm2_w80_u70_0029,6622,0.6960642435064923,0.9778142015873016,0,1229.255600,1229.255600,1236.546000,1229.255600,1229.255600,0.2500,0.0000,0.2501,0.0000
B,e3,10,storm2,70,,1.0,0.25,303,c10_storm2_w80_u70_0020,6622,0.6960642435064923,0.9778142015873016,0,1138.294800,1138.294800,1159.507600,1147.839600,1147.839600,0.2503,0.0053,0.2503,0.0027
B,e3,10,storm2,70,,1.0,0.25,303,c10_storm2_w80_u70_0021,6622,0.6960642435064923,0.9778142015873016,0,1435.036000,1431.326400,1434.568800,1432.436800,1431.326400,0.2501,0.0021,0.2504,0.0000
B,e3,10,storm2,70,,1.0,0.25,303,c10_storm2_w80_u70_0022,6622,0.6960642435064923,0.9778142015873016,0,849.278800,845.585600,840.258400,840.468000,840.468000,0.2494,0.0051,0.2495,0.0025
B,e3,10,storm2,70,,1.0,0.25,303,c10_storm2_w80_u70_0023,6622,0.6960642435064923,0.9778142015873016,0,1949.297200,1949.525200,1934.694800,1935.531600,1935.531600,0.2503,0.0142,0.2502,0.0089
B,e3,10,storm2,70,,1.0,0.25,303,c10_storm2_w80_u70_0024,6622,0.6960642435064923,0.9778142015873016,0,1025.966800,1025.966800,1025.966800,1025.966800,1025.966800,0.2504,0.0000,0.2500,0.0000
B,e3,10,storm2,70,,1.0,0.25,303,c10_storm2_w80_u70_0025,6622,0.6960642435064923,0.9778142015873016,0,2504.739600,2497.625200,2512.507200,2494.566800,2498.564000,0.2500,0.0081,0.2500,0.0016
B,e3,10,storm2,70,,1.0,0.25,303,c10_storm2_w80_u70_0026,6622,0.6960642435064923,0.9778142015873016,0,1930.773200,1930.486000,1942.360800,1931.858000,1931.570800,0.2502,0.0027,0.2502,0.0013
B,e3,10,storm2,70,,1.0,0.25,303,c10_storm2_w80_u70_0027,6622,0.6960642435064923,0.9778142015873016,0,1187.578400,1187.578400,1197.869600,1198.492800,1198.492800,0.2504,0.0022,0.2503,0.0022
B,e3,10,storm2,70,,1.0,0.25,303,c10_storm2_w80_u70_0028,6622,0.6960642435064923,0.9778142015873016,0,1229.074800,1229.074800,1229.074800,1229.074800,1229.074800,0.2503,0.0000,0.2505,0.0000
B,e3,10,storm2,70,,1.0,0.25,303,c10_storm2_w80_u70_0029,6622,0.6960642435064923,0.9778142015873016,0,1229.255600,1229.255600,1236.546000,1229.255600,1236.546000,0.2500,0.0000,0.2503,0.0020
B,e3,10,storm2,90,,1.0,0.25,301,c10_storm2_w80_u90_0020,8435,0.8937067613636345,1.2833588228174608,0,3771.110800,3363.878800,1924.352800,3458.232000,3313.750400,0.2498,0.0334,0.2497,0.0230
B,e3,10,storm2,90,,1.0,0.25,301,c10_storm2_w80_u90_0021,8435,0.8937067613636345,1.2833588228174608,0,2687.786400,1024.713200,947.968400,1809.669600,963.488800,0.2501,0.0303,0.2498,0.0059
B,e3,10,storm2,90,,1.0,0.25,301,c10_storm2_w80_u90_0022,8435,0.8937067613636345,1.2833588228174608,0,3355.666800,2327.338800,2320.653200,2823.082800,2294.031600,0.2501,0.0123,0.2492,0.0073
B,e3,10,storm2,90,,1.0,0.25,301,c10_storm2_w80_u90_0023,8435,0.8937067613636345,1.2833588228174608,0,1587.811200,1194.450000,1193.529600,1504.756800,1190.500000,0.2495,0.0126,0.2493,0.0018
B,e3,10,storm2,90,,1.0,0.25,301,c10_storm2_w80_u90_0024,8435,0.8937067613636345,1.2833588228174608,0,1834.982800,1402.073200,1275.873200,1359.085200,1276.212400,0.2501,0.0227,0.2499,0.0060
B,e3,10,storm2,90,,1.0,0.25,301,c10_storm2_w80_u90_0025,8435,0.8937067613636345,1.2833588228174608,0,2876.862400,2470.110800,2444.531600,2471.611200,2408.160400,0.2494,0.0232,0.2494,0.0064
B,e3,10,storm2,90,,1.0,0.25,301,c10_storm2_w80_u90_0026,8435,0.8937067613636345,1.2833588228174608,0,4008.578800,3112.086400,2726.478800,3692.584800,3040.576400,0.2500,0.0132,0.2499,0.0072
B,e3,10,storm2,90,,1.0,0.25,301,c10_storm2_w80_u90_0027,8435,0.8937067613636345,1.2833588228174608,0,3240.756000,1868.608400,1581.278800,2243.926400,1648.884000,0.2500,0.0233,0.2496,0.0070
B,e3,10,storm2,90,,1.0,0.25,301,c10_storm2_w80_u90_0028,8435,0.8937067613636345,1.2833588228174608,0,3160.993200,2215.624800,1956.765600,2294.318000,2020.823200,0.2497,0.0326,0.2498,0.0136
B,e3,10,storm2,90,,1.0,0.25,301,c10_storm2_w80_u90_0029,8435,0.8937067613636345,1.2833588228174608,0,3618.116800,2420.733600,2452.416400,2662.026800,2437.188400,0.2492,0.0177,0.2493,0.0032
B,e3,10,storm2,90,,1.0,0.25,302,c10_storm2_w80_u90_0020,8435,0.8937067613636345,1.2833588228174608,0,3771.110800,2042.030000,1924.352800,3458.232000,1989.866000,0.2498,0.0334,0.2487,0.0198
B,e3,10,storm2,90,,1.0,0.25,302,c10_storm2_w80_u90_0021,8435,0.8937067613636345,1.2833588228174608,0,2687.786400,997.418000,947.968400,1809.669600,951.875200,0.2501,0.0303,0.2497,0.0059
B,e3,10,storm2,90,,1.0,0.25,302,c10_storm2_w80_u90_0022,8435,0.8937067613636345,1.2833588228174608,0,3355.666800,2404.462800,2320.653200,2823.082800,2332.358000,0.2501,0.0123,0.2499,0.0056
B,e3,10,storm2,90,,1.0,0.25,302,c10_storm2_w80_u90_0023,8435,0.8937067613636345,1.2833588228174608,0,1587.811200,1192.371200,1193.529600,1504.756800,1187.341600,0.2495,0.0126,0.2479,0.0024
B,e3,10,storm2,90,,1.0,0.25,302,c10_storm2_w80_u90_0024,8435,0.8937067613636345,1.2833588228174608,0,1834.982800,1406.056000,1275.873200,1359.085200,1276.915600,0.2501,0.0227,0.2472,0.0024
B,e3,10,storm2,90,,1.0,0.25,302,c10_storm2_w80_u90_0025,8435,0.8937067613636345,1.2833588228174608,0,2876.862400,2414.336000,2444.531600,2471.611200,2409.601600,0.2494,0.0232,0.2494,0.0041
B,e3,10,storm2,90,,1.0,0.25,302,c10_storm2_w80_u90_0026,8435,0.8937067613636345,1.2833588228174608,0,4008.578800,3162.489200,2726.478800,3692.584800,3048.500800,0.2500,0.0132,0.2499,0.0072
B,e3,10,storm2,90,,1.0,0.25,302,c10_storm2_w80_u90_0027,8435,0.8937067613636345,1.2833588228174608,0,3240.756000,1838.850800,1581.278800,2243.926400,1754.718400,0.2500,0.0233,0.2499,0.0058
B,e3,10,storm2,90,,1.0,0.25,302,c10_storm2_w80_u90_0028,8435,0.8937067613636345,1.2833588228174608,0,3160.993200,2425.915200,1956.765600,2294.318000,2067.445600,0.2497,0.0326,0.2493,0.0089
B,e3,10,storm2,90,,1.0,0.25,302,c10_storm2_w80_u90_0029,8435,0.8937067613636345,1.2833588228174608,0,3618.116800,2458.798800,2452.416400,2662.026800,2430.374400,0.2492,0.0177,0.2500,0.0044
B,e3,10,storm2,90,,1.0,0.25,303,c10_storm2_w80_u90_0020,8435,0.8937067613636345,1.2833588228174608,0,3771.110800,2513.063600,1924.352800,3458.232000,2514.792400,0.2498,0.0334,0.2494,0.0115
B,e3,10,storm2,90,,1.0,0.25,303,c10_storm2_w80_u90_0021,8435,0.8937067613636345,1.2833588228174608,0,2687.786400,964.031200,947.968400,1809.669600,970.985200,0.2501,0.0303,0.2496,0.0073
B,e3,10,storm2,90,,1.0,0.25,303,c10_storm2_w80_u90_0022,8435,0.8937067613636345,1.2833588228174608,0,3355.666800,2451.064000,2320.653200,2823.082800,2307.872400,0.2501,0.0123,0.2497,0.0050
B,e3,10,storm2,90,,1.0,0.25,303,c10_storm2_w80_u90_0023,8435,0.8937067613636345,1.2833588228174608,0,1587.811200,1192.292400,1193.529600,1504.756800,1191.907200,0.2495,0.0126,0.2492,0.0024
B,e3,10,storm2,90,,1.0,0.25,303,c10_storm2_w80_u90_0024,8435,0.8937067613636345,1.2833588228174608,0,1834.982800,1465.670800,1275.873200,1359.085200,1278.531600,0.2501,0.0227,0.2497,0.0054
B,e3,10,storm2,90,,1.0,0.25,303,c10_storm2_w80_u90_0025,8435,0.8937067613636345,1.2833588228174608,0,2876.862400,2476.254800,2444.531600,2471.611200,2405.948400,0.2494,0.0232,0.2493,0.0035
B,e3,10,storm2,90,,1.0,0.25,303,c10_storm2_w80_u90_0026,8435,0.8937067613636345,1.2833588228174608,0,4008.578800,2847.401200,2726.478800,3692.584800,2764.899200,0.2500,0.0132,0.2497,0.0050
B,e3,10,storm2,90,,1.0,0.25,303,c10_storm2_w80_u90_0027,8435,0.8937067613636345,1.2833588228174608,0,3240.756000,1978.791200,1581.278800,2243.926400,1706.197600,0.2500,0.0233,0.2496,0.0088
B,e3,10,storm2,90,,1.0,0.25,303,c10_storm2_w80_u90_0028,8435,0.8937067613636345,1.2833588228174608,0,3160.993200,2589.684400,1956.765600,2294.318000,2058.927200,0.2497,0.0326,0.2492,0.0130
B,e3,10,storm2,90,,1.0,0.25,303,c10_storm2_w80_u90_0029,8435,0.8937067613636345,1.2833588228174608,0,3618.116800,2580.774800,2452.416400,2662.026800,2441.508800,0.2492,0.0177,0.2494,0.0044
B,e3,9,storm2,130,,1.0,0.25,303,c09_storm2_w80_u130_0020,2955,1.302652006313131,1.7302684732142843,0,12212.954800,1307.613200,1348.893200,8023.478800,1310.458000,0.2497,0.2537,0.2457,0.0184
B,e3,9,storm2,130,,1.0,0.25,303,c09_storm2_w80_u130_0021,2955,1.302652006313131,1.7302684732142843,0,21900.442000,2710.855400,2547.171200,10510.519400,2564.722800,0.2449,0.3168,0.2350,0.0483
B,e3,9,storm2,130,,1.0,0.25,303,c09_storm2_w80_u130_0022,2955,1.302652006313131,1.7302684732142843,0,20834.553400,3466.720200,2644.633600,12284.089400,3044.184000,0.2495,0.3160,0.2397,0.0390
B,e3,9,storm2,130,,1.0,0.25,303,c09_storm2_w80_u130_0023,2955,1.302652006313131,1.7302684732142843,0,16891.787200,1479.450200,1135.700000,9509.316400,1250.226400,0.2493,0.3210,0.2463,0.0374
B,e3,9,storm2,130,,1.0,0.25,303,c09_storm2_w80_u130_0024,2955,1.302652006313131,1.7302684732142843,0,14415.295200,1753.699600,1613.467600,6823.174000,1709.306400,0.2435,0.2434,0.2318,0.0225
B,e3,9,storm2,130,,1.0,0.25,303,c09_storm2_w80_u130_0025,2955,1.302652006313131,1.7302684732142843,0,13417.497600,1976.890000,1471.206000,8679.009200,1600.832000,0.2489,0.2199,0.2391,0.0461
B,e3,9,storm2,130,,1.0,0.25,303,c09_storm2_w80_u130_0026,2955,1.302652006313131,1.7302684732142843,0,20922.601800,3340.972200,2416.645200,13122.505200,2783.453200,0.2495,0.3282,0.2409,0.0602
B,e3,9,storm2,130,,1.0,0.25,303,c09_storm2_w80_u130_0027,2955,1.302652006313131,1.7302684732142843,0,21391.363400,2168.232000,1952.576400,9356.595200,1958.456200,0.2500,0.3244,0.2483,0.0303
B,e3,9,storm2,130,,1.0,0.25,303,c09_storm2_w80_u130_0028,2955,1.302652006313131,1.7302684732142843,0,20718.950000,2500.551400,1189.960000,11453.447400,1743.237000,0.2386,0.3259,0.2291,0.0607
B,e3,9,storm2,130,,1.0,0.25,303,c09_storm2_w80_u130_0029,2955,1.302652006313131,1.7302684732142843,0,14509.340800,2301.065200,2249.482400,8474.732000,2303.020200,0.2476,0.3076,0.2333,0.0052
B,e3,10,storm2,90,,0.0,0.25,301,c10_storm2_w80_u90_0020,8435,0.8937067613636345,1.2833588228174608,0,1725.310400,1832.613600,932.895600,1379.231200,1432.905200,0.2470,0.0394,0.2483,0.0342
B,e3,10,storm2,90,,0.0,0.25,301,c10_storm2_w80_u90_0021,8435,0.8937067613636345,1.2833588228174608,0,1600.129400,1879.703000,861.462600,991.601800,1107.899000,0.2494,0.0185,0.2491,0.0205
B,e3,10,storm2,90,,0.0,0.25,301,c10_storm2_w80_u90_0022,8435,0.8937067613636345,1.2833588228174608,0,2943.212800,2611.201000,1675.860800,1787.617000,1864.301800,0.2494,0.0197,0.2501,0.0129
B,e3,10,storm2,90,,0.0,0.25,301,c10_storm2_w80_u90_0023,8435,0.8937067613636345,1.2833588228174608,0,841.007200,1039.474000,695.660400,777.872400,741.118800,0.2482,0.0085,0.2482,0.0091
B,e3,10,storm2,90,,0.0,0.25,301,c10_storm2_w80_u90_0024,8435,0.8937067613636345,1.2833588228174608,0,1553.246800,1485.384000,968.528800,1182.255200,1146.303600,0.2498,0.0143,0.2494,0.0168
B,e3,10,storm2,90,,0.0,0.25,301,c10_storm2_w80_u90_0025,8435,0.8937067613636345,1.2833588228174608,0,1292.338800,1292.036800,1245.568800,1249.432400,1251.643600,0.2497,0.0121,0.2498,0.0122
B,e3,10,storm2,90,,0.0,0.25,301,c10_storm2_w80_u90_0026,8435,0.8937067613636345,1.2833588228174608,0,2067.908800,2061.079600,1599.857600,1736.949200,1756.745200,0.2492,0.0089,0.2492,0.0083
B,e3,10,storm2,90,,0.0,0.25,301,c10_storm2_w80_u90_0027,8435,0.8937067613636345,1.2833588228174608,0,1702.482000,1574.747200,1082.192400,1225.578800,1128.278000,0.2500,0.0128,0.2500,0.0204
B,e3,10,storm2,90,,0.0,0.25,301,c10_storm2_w80_u90_0028,8435,0.8937067613636345,1.2833588228174608,0,2096.225600,2042.165600,1452.751000,1511.854800,1622.515200,0.2493,0.0225,0.2491,0.0243
B,e3,10,storm2,90,,0.0,0.25,301,c10_storm2_w80_u90_0029,8435,0.8937067613636345,1.2833588228174608,0,1508.188000,1909.908800,585.742000,636.840000,655.334200,0.2483,0.0095,0.2483,0.0134
B,e3,10,storm2,90,,0.0,0.25,303,c10_storm2_w80_u90_0020,8435,0.8937067613636345,1.2833588228174608,0,1725.310400,1688.956800,932.895600,1379.231200,1358.339600,0.2470,0.0394,0.2483,0.0292
B,e3,10,storm2,90,,0.0,0.25,303,c10_storm2_w80_u90_0021,8435,0.8937067613636345,1.2833588228174608,0,1600.129400,1492.178600,861.462600,991.601800,1118.275000,0.2494,0.0185,0.2501,0.0204
B,e3,10,storm2,90,,0.0,0.25,303,c10_storm2_w80_u90_0022,8435,0.8937067613636345,1.2833588228174608,0,2943.212800,2550.111600,1675.860800,1787.617000,1995.469000,0.2494,0.0197,0.2500,0.0084
B,e3,10,storm2,90,,0.0,0.25,303,c10_storm2_w80_u90_0023,8435,0.8937067613636345,1.2833588228174608,0,841.007200,796.851600,695.660400,777.872400,765.531200,0.2482,0.0085,0.2480,0.0079
B,e3,10,storm2,90,,0.0,0.25,303,c10_storm2_w80_u90_0024,8435,0.8937067613636345,1.2833588228174608,0,1553.246800,1419.786000,968.528800,1182.255200,1085.558000,0.2498,0.0143,0.2495,0.0144
B,e3,10,storm2,90,,0.0,0.25,303,c10_storm2_w80_u90_0025,8435,0.8937067613636345,1.2833588228174608,0,1292.338800,1343.871200,1245.568800,1249.432400,1295.481600,0.2497,0.0121,0.2497,0.0104
B,e3,10,storm2,90,,0.0,0.25,303,c10_storm2_w80_u90_0026,8435,0.8937067613636345,1.2833588228174608,0,2067.908800,2263.608400,1599.857600,1736.949200,1873.337200,0.2492,0.0089,0.2493,0.0089
B,e3,10,storm2,90,,0.0,0.25,303,c10_storm2_w80_u90_0027,8435,0.8937067613636345,1.2833588228174608,0,1702.482000,1780.881600,1082.192400,1225.578800,1256.684400,0.2500,0.0128,0.2497,0.0164
B,e3,10,storm2,90,,0.0,0.25,303,c10_storm2_w80_u90_0028,8435,0.8937067613636345,1.2833588228174608,0,2096.225600,1956.740800,1452.751000,1511.854800,1553.778400,0.2493,0.0225,0.2490,0.0220
B,e3,10,storm2,90,,0.0,0.25,303,c10_storm2_w80_u90_0029,8435,0.8937067613636345,1.2833588228174608,0,1508.188000,1514.752800,585.742000,636.840000,633.058800,0.2483,0.0095,0.2482,0.0102
B,e3,10,storm2,90,,0.0,0.25,302,c10_storm2_w80_u90_0020,8435,0.8937067613636345,1.2833588228174608,0,1725.310400,1713.172000,932.895600,1379.231200,1382.341200,0.2470,0.0394,0.2470,0.0366
B,e3,10,storm2,90,,0.0,0.25,302,c10_storm2_w80_u90_0021,8435,0.8937067613636345,1.2833588228174608,0,1600.129400,1604.243400,861.462600,991.601800,986.001000,0.2494,0.0185,0.2494,0.0152
B,e3,10,storm2,90,,0.0,0.25,302,c10_storm2_w80_u90_0022,8435,0.8937067613636345,1.2833588228174608,0,2943.212800,2390.884400,1675.860800,1787.617000,1935.670400,0.2494,0.0197,0.2494,0.0101
B,e3,10,storm2,90,,0.0,0.25,302,c10_storm2_w80_u90_0023,8435,0.8937067613636345,1.2833588228174608,0,841.007200,749.836000,695.660400,777.872400,721.377200,0.2482,0.0085,0.2483,0.0109
B,e3,10,storm2,90,,0.0,0.25,302,c10_storm2_w80_u90_0024,8435,0.8937067613636345,1.2833588228174608,0,1553.246800,1428.551200,968.528800,1182.255200,1065.318800,0.2498,0.0143,0.2498,0.0149
B,e3,10,storm2,90,,0.0,0.25,302,c10_storm2_w80_u90_0025,8435,0.8937067613636345,1.2833588228174608,0,1292.338800,1278.736400,1245.568800,1249.432400,1265.390800,0.2497,0.0121,0.2496,0.0145
B,e3,10,storm2,90,,0.0,0.25,302,c10_storm2_w80_u90_0026,8435,0.8937067613636345,1.2833588228174608,0,2067.908800,2121.882800,1599.857600,1736.949200,1794.769600,0.2492,0.0089,0.2494,0.0089
B,e3,10,storm2,90,,0.0,0.25,302,c10_storm2_w80_u90_0027,8435,0.8937067613636345,1.2833588228174608,0,1702.482000,1675.689600,1082.192400,1225.578800,1213.230800,0.2500,0.0128,0.2497,0.0140
B,e3,10,storm2,90,,0.0,0.25,302,c10_storm2_w80_u90_0028,8435,0.8937067613636345,1.2833588228174608,0,2096.225600,2339.918400,1452.751000,1511.854800,1596.692400,0.2493,0.0225,0.2493,0.0208
B,e3,10,storm2,90,,0.0,0.25,302,c10_storm2_w80_u90_0029,8435,0.8937067613636345,1.2833588228174608,0,1508.188000,1528.376200,585.742000,636.840000,642.376800,0.2483,0.0095,0.2483,0.0083
B,e3,10,storm2,90,,0.5,0.25,303,c10_storm2_w80_u90_0020,8435,0.8937067613636345,1.2833588228174608,0,2811.207600,2684.915600,1415.979600,2640.476000,2538.539200,0.2495,0.0373,0.2495,0.0346
B,e3,10,storm2,90,,0.5,0.25,303,c10_storm2_w80_u90_0021,8435,0.8937067613636345,1.2833588228174608,0,1678.239800,1337.534200,1068.122200,1253.275400,1163.592600,0.2498,0.0244,0.2500,0.0152
B,e3,10,storm2,90,,0.5,0.25,303,c10_storm2_w80_u90_0022,8435,0.8937067613636345,1.2833588228174608,0,2891.886400,1976.925600,1674.029600,2174.680000,1949.697600,0.2495,0.0169,0.2493,0.0090
B,e3,10,storm2,90,,0.5,0.25,303,c10_storm2_w80_u90_0023,8435,0.8937067613636345,1.2833588228174608,0,1463.459200,1309.606800,1163.545600,1341.190800,1279.898800,0.2500,0.0174,0.2500,0.0150
B,e3,10,storm2,90,,0.5,0.25,303,c10_storm2_w80_u90_0024,8435,0.8937067613636345,1.2833588228174608,0,1395.042400,1153.310800,959.528000,1194.852800,1035.962800,0.2501,0.0179,0.2497,0.0084
B,e3,10,storm2,90,,0.5,0.25,303,c10_storm2_w80_u90_0025,8435,0.8937067613636345,1.2833588228174608,0,2210.924000,2060.829600,1995.628000,1998.759600,1990.993200,0.2497,0.0150,0.2497,0.0087
B,e3,10,storm2,90,,0.5,0.25,303,c10_storm2_w80_u90_0026,8435,0.8937067613636345,1.2833588228174608,0,3528.205200,3547.289600,2200.742400,3186.022800,3148.972400,0.2500,0.0110,0.2500,0.0121
B,e3,10,storm2,90,,0.5,0.25,303,c10_storm2_w80_u90_0027,8435,0.8937067613636345,1.2833588228174608,0,3318.062800,2164.322000,1415.862000,2722.694000,1952.366400,0.2500,0.0251,0.2501,0.0169
B,e3,10,storm2,90,,0.5,0.25,303,c10_storm2_w80_u90_0028,8435,0.8937067613636345,1.2833588228174608,0,2605.996800,2345.312400,1911.366000,2200.466400,2188.100000,0.2497,0.0290,0.2497,0.0237
B,e3,10,storm2,90,,0.5,0.25,303,c10_storm2_w80_u90_0029,8435,0.8937067613636345,1.2833588228174608,0,1918.006600,1855.204800,1599.089200,1687.619600,1664.677600,0.2491,0.0114,0.2496,0.0063
B,e3,10,storm2,90,,0.5,0.25,301,c10_storm2_w80_u90_0020,8435,0.8937067613636345,1.2833588228174608,0,2811.207600,2223.486000,1415.979600,2640.476000,2100.435200,0.2495,0.0373,0.2493,0.0297
B,e3,10,storm2,90,,0.5,0.25,301,c10_storm2_w80_u90_0021,8435,0.8937067613636345,1.2833588228174608,0,1678.239800,1423.807000,1068.122200,1253.275400,1106.421400,0.2498,0.0244,0.2498,0.0178
B,e3,10,storm2,90,,0.5,0.25,301,c10_storm2_w80_u90_0022,8435,0.8937067613636345,1.2833588228174608,0,2891.886400,2254.326800,1674.029600,2174.680000,2000.794000,0.2495,0.0169,0.2500,0.0106
B,e3,10,storm2,90,,0.5,0.25,301,c10_storm2_w80_u90_0023,8435,0.8937067613636345,1.2833588228174608,0,1463.459200,1229.527600,1163.545600,1341.190800,1214.083600,0.2500,0.0174,0.2500,0.0096
B,e3,10,storm2,90,,0.5,0.25,301,c10_storm2_w80_u90_0024,8435,0.8937067613636345,1.2833588228174608,0,1395.042400,1057.490800,959.528000,1194.852800,1019.722000,0.2501,0.0179,0.2500,0.0084
B,e3,10,storm2,90,,0.5,0.25,301,c10_storm2_w80_u90_0025,8435,0.8937067613636345,1.2833588228174608,0,2210.924000,2146.492400,1995.628000,1998.759600,1996.568000,0.2497,0.0150,0.2497,0.0093
B,e3,10,storm2,90,,0.5,0.25,301,c10_storm2_w80_u90_0026,8435,0.8937067613636345,1.2833588228174608,0,3528.205200,3103.885200,2200.742400,3186.022800,2818.902000,0.2500,0.0110,0.2498,0.0127
B,e3,10,storm2,90,,0.5,0.25,301,c10_storm2_w80_u90_0027,8435,0.8937067613636345,1.2833588228174608,0,3318.062800,2168.715200,1415.862000,2722.694000,1834.242800,0.2500,0.0251,0.2501,0.0158
B,e3,10,storm2,90,,0.5,0.25,301,c10_storm2_w80_u90_0028,8435,0.8937067613636345,1.2833588228174608,0,2605.996800,2320.044800,1911.366000,2200.466400,2123.209200,0.2497,0.0290,0.2497,0.0225
B,e3,10,storm2,90,,0.5,0.25,301,c10_storm2_w80_u90_0029,8435,0.8937067613636345,1.2833588228174608,0,1918.006600,1788.841600,1599.089200,1687.619600,1672.402600,0.2491,0.0114,0.2496,0.0095
B,e3,10,storm2,100,,1.0,0.25,301,c10_storm2_w80_u100_0020,9155,1.0007985624999978,1.4309196000000002,0,7483.880400,1453.740800,1404.471200,6906.864400,1423.582800,0.2496,0.0454,0.2465,0.0072
B,e3,10,storm2,100,,1.0,0.25,301,c10_storm2_w80_u100_0021,9155,1.0007985624999978,1.4309196000000002,0,7835.130000,2830.878400,2822.426400,6663.574800,2832.657200,0.2497,0.0498,0.2450,0.0025
B,e3,10,storm2,100,,1.0,0.25,301,c10_storm2_w80_u100_0022,9155,1.0007985624999978,1.4309196000000002,0,7569.268000,1749.653600,1602.208800,5869.516400,1694.675600,0.2498,0.0548,0.2487,0.0088
B,e3,10,storm2,100,,1.0,0.25,301,c10_storm2_w80_u100_0023,9155,1.0007985624999978,1.4309196000000002,0,8154.416800,2281.074400,1850.748000,5761.834400,2111.972400,0.2497,0.0431,0.2490,0.0058
B,e3,10,storm2,100,,1.0,0.25,301,c10_storm2_w80_u100_0024,9155,1.0007985624999978,1.4309196000000002,0,8092.871200,2265.334800,2108.442400,6323.057600,2102.854400,0.2494,0.0527,0.2481,0.0072
B,e3,10,storm2,100,,1.0,0.25,301,c10_storm2_w80_u100_0025,9155,1.0007985624999978,1.4309196000000002,0,12569.007200,3968.036400,2090.107200,9527.059200,2268.417200,0.2500,0.0664,0.2488,0.0172
B,e3,10,storm2,100,,1.0,0.25,301,c10_storm2_w80_u100_0026,9155,1.0007985624999978,1.4309196000000002,0,6599.866400,4138.516400,4108.059600,5290.270400,4054.821600,0.2489,0.0479,0.2478,0.0058
B,e3,10,storm2,100,,1.0,0.25,301,c10_storm2_w80_u100_0027,9155,1.0007985624999978,1.4309196000000002,0,7965.030600,3490.985800,3487.845400,6672.141400,3482.959800,0.2497,0.0501,0.2484,0.0044
B,e3,10,storm2,100,,1.0,0.25,301,c10_storm2_w80_u100_0028,9155,1.0007985624999978,1.4309196000000002,0,7909.533400,3116.920200,3043.857400,7362.983000,3111.667800,0.2494,0.0614,0.2468,0.0043
B,e3,10,storm2,100,,1.0,0.25,301,c10_storm2_w80_u100_0029,9155,1.0007985624999978,1.4309196000000002,0,15240.025200,3464.022400,3123.760400,12033.187600,3247.706400,0.2495,0.0812,0.2460,0.0115
B,e3,10,storm2,100,,1.0,0.25,302,c10_storm2_w80_u100_0020,9155,1.0007985624999978,1.4309196000000002,0,7483.880400,1876.095200,1404.471200,6906.864400,1711.096800,0.2496,0.0454,0.2478,0.0272
B,e3,10,storm2,100,,1.0,0.25,302,c10_storm2_w80_u100_0021,9155,1.0007985624999978,1.4309196000000002,0,7835.130000,2849.725200,2822.426400,6663.574800,2818.020400,0.2497,0.0498,0.2461,0.0089
B,e3,10,storm2,100,,1.0,0.25,302,c10_storm2_w80_u100_0022,9155,1.0007985624999978,1.4309196000000002,0,7569.268000,1728.170800,1602.208800,5869.516400,1666.938000,0.2498,0.0548,0.2494,0.0175
B,e3,10,storm2,100,,1.0,0.25,302,c10_storm2_w80_u100_0023,9155,1.0007985624999978,1.4309196000000002,0,8154.416800,2223.431200,1850.748000,5761.834400,2058.958000,0.2497,0.0431,0.2499,0.0086
B,e3,10,storm2,100,,1.0,0.25,302,c10_storm2_w80_u100_0024,9155,1.0007985624999978,1.4309196000000002,0,8092.871200,2707.101200,2108.442400,6323.057600,2358.073600,0.2494,0.0527,0.2482,0.0246
B,e3,10,storm2,100,,1.0,0.25,302,c10_storm2_w80_u100_0025,9155,1.0007985624999978,1.4309196000000002,0,12569.007200,3652.762400,2090.107200,9527.059200,2536.286000,0.2500,0.0664,0.2490,0.0201
B,e3,10,storm2,100,,1.0,0.25,302,c10_storm2_w80_u100_0026,9155,1.0007985624999978,1.4309196000000002,0,6599.866400,4138.519200,4108.059600,5290.270400,4124.263600,0.2489,0.0479,0.2478,0.0053
B,e3,10,storm2,100,,1.0,0.25,302,c10_storm2_w80_u100_0027,9155,1.0007985624999978,1.4309196000000002,0,7965.030600,3495.972200,3487.845400,6672.141400,3481.849800,0.2497,0.0501,0.2486,0.0088
B,e3,10,storm2,100,,1.0,0.25,302,c10_storm2_w80_u100_0028,9155,1.0007985624999978,1.4309196000000002,0,7909.533400,3344.825800,3043.857400,7362.983000,3238.841400,0.2494,0.0614,0.2472,0.0194
B,e3,10,storm2,100,,1.0,0.25,302,c10_storm2_w80_u100_0029,9155,1.0007985624999978,1.4309196000000002,0,15240.025200,3858.312800,3123.760400,12033.187600,3593.020400,0.2495,0.0812,0.2468,0.0273
B,e3,10,storm2,100,,1.0,0.25,303,c10_storm2_w80_u100_0020,9155,1.0007985624999978,1.4309196000000002,0,7483.880400,1459.790400,1404.471200,6906.864400,1429.374000,0.2496,0.0454,0.2418,0.0042
B,e3,10,storm2,100,,1.0,0.25,303,c10_storm2_w80_u100_0021,9155,1.0007985624999978,1.4309196000000002,0,7835.130000,2823.118400,2822.426400,6663.574800,2823.118400,0.2497,0.0498,0.2452,0.0015
B,e3,10,storm2,100,,1.0,0.25,303,c10_storm2_w80_u100_0022,9155,1.0007985624999978,1.4309196000000002,0,7569.268000,1627.384000,1602.208800,5869.516400,1603.314800,0.2498,0.0548,0.2455,0.0039
B,e3,10,storm2,100,,1.0,0.25,303,c10_storm2_w80_u100_0023,9155,1.0007985624999978,1.4309196000000002,0,8154.416800,2190.429200,1850.748000,5761.834400,2188.418800,0.2497,0.0431,0.2453,0.0020
B,e3,10,storm2,100,,1.0,0.25,303,c10_storm2_w80_u100_0024,9155,1.0007985624999978,1.4309196000000002,0,8092.871200,2195.177600,2108.442400,6323.057600,2086.786400,0.2494,0.0527,0.2459,0.0073
B,e3,10,storm2,100,,1.0,0.25,303,c10_storm2_w80_u100_0025,9155,1.0007985624999978,1.4309196000000002,0,12569.007200,3093.630400,2090.107200,9527.059200,2304.045200,0.2500,0.0664,0.2468,0.0134
B,e3,10,storm2,100,,1.0,0.25,303,c10_storm2_w80_u100_0026,9155,1.0007985624999978,1.4309196000000002,0,6599.866400,4119.092000,4108.059600,5290.270400,4076.708800,0.2489,0.0479,0.2479,0.0063
B,e3,10,storm2,100,,1.0,0.25,303,c10_storm2_w80_u100_0027,9155,1.0007985624999978,1.4309196000000002,0,7965.030600,3510.571400,3487.845400,6672.141400,3629.291000,0.2497,0.0501,0.2474,0.0049
B,e3,10,storm2,100,,1.0,0.25,303,c10_storm2_w80_u100_0028,9155,1.0007985624999978,1.4309196000000002,0,7909.533400,3123.924200,3043.857400,7362.983000,3109.386200,0.2494,0.0614,0.2424,0.0027
B,e3,10,storm2,100,,1.0,0.25,303,c10_storm2_w80_u100_0029,9155,1.0007985624999978,1.4309196000000002,0,15240.025200,3233.464800,3123.760400,12033.187600,3153.869200,0.2495,0.0812,0.2455,0.0050
B,e3,10,storm2,90,,0.5,0.25,302,c10_storm2_w80_u90_0020,8435,0.8937067613636345,1.2833588228174608,0,2811.207600,2394.932800,1415.979600,2640.476000,2038.183200,0.2495,0.0373,0.2495,0.0439
B,e3,10,storm2,90,,0.5,0.25,302,c10_storm2_w80_u90_0021,8435,0.8937067613636345,1.2833588228174608,0,1678.239800,1639.814600,1068.122200,1253.275400,1229.341800,0.2498,0.0244,0.2499,0.0183
B,e3,10,storm2,90,,0.5,0.25,302,c10_storm2_w80_u90_0022,8435,0.8937067613636345,1.2833588228174608,0,2891.886400,2382.887400,1674.029600,2174.680000,2012.162600,0.2495,0.0169,0.2500,0.0095
B,e3,10,storm2,90,,0.5,0.25,302,c10_storm2_w80_u90_0023,8435,0.8937067613636345,1.2833588228174608,0,1463.459200,1239.840000,1163.545600,1341.190800,1236.682400,0.2500,0.0174,0.2497,0.0084
B,e3,10,storm2,90,,0.5,0.25,302,c10_storm2_w80_u90_0024,8435,0.8937067613636345,1.2833588228174608,0,1395.042400,1119.094400,959.528000,1194.852800,1066.760000,0.2501,0.0179,0.2497,0.0083
B,e3,10,storm2,90,,0.5,0.25,302,c10_storm2_w80_u90_0025,8435,0.8937067613636345,1.2833588228174608,0,2210.924000,2069.507200,1995.628000,1998.759600,1991.244000,0.2497,0.0150,0.2497,0.0092
B,e3,10,storm2,90,,0.5,0.25,302,c10_storm2_w80_u90_0026,8435,0.8937067613636345,1.2833588228174608,0,3528.205200,3115.489600,2200.742400,3186.022800,2840.442000,0.2500,0.0110,0.2500,0.0121
B,e3,10,storm2,90,,0.5,0.25,302,c10_storm2_w80_u90_0027,8435,0.8937067613636345,1.2833588228174608,0,3318.062800,2200.674400,1415.862000,2722.694000,1792.994000,0.2500,0.0251,0.2501,0.0198
B,e3,10,storm2,90,,0.5,0.25,302,c10_storm2_w80_u90_0028,8435,0.8937067613636345,1.2833588228174608,0,2605.996800,2461.993600,1911.366000,2200.466400,2100.995200,0.2497,0.0290,0.2499,0.0236
B,e3,10,storm2,90,,0.5,0.25,302,c10_storm2_w80_u90_0029,8435,0.8937067613636345,1.2833588228174608,0,1918.006600,1727.881200,1599.089200,1687.619600,1632.318800,0.2491,0.0114,0.2496,0.0120
B,e3,10,storm2,100,,0.0,0.25,301,c10_storm2_w80_u100_0020,9155,1.0007985624999978,1.4309196000000002,0,2827.656800,2235.152000,914.392000,1699.628400,1625.545200,0.2438,0.0423,0.2460,0.0326
B,e3,10,storm2,100,,0.0,0.25,301,c10_storm2_w80_u100_0021,9155,1.0007985624999978,1.4309196000000002,0,2981.872400,2620.968400,1818.586800,2216.678000,2088.000800,0.2462,0.0312,0.2494,0.0240
B,e3,10,storm2,100,,0.0,0.25,301,c10_storm2_w80_u100_0022,9155,1.0007985624999978,1.4309196000000002,0,2984.367000,2350.805600,829.301200,1543.625800,1529.136000,0.2469,0.0417,0.2474,0.0348
B,e3,10,storm2,100,,0.0,0.25,301,c10_storm2_w80_u100_0023,9155,1.0007985624999978,1.4309196000000002,0,3651.524200,2817.010400,1468.810400,2419.277600,1901.163200,0.2463,0.0365,0.2480,0.0232
B,e3,10,storm2,100,,0.0,0.25,301,c10_storm2_w80_u100_0024,9155,1.0007985624999978,1.4309196000000002,0,4821.959600,4165.320800,1820.745600,3077.490400,2871.723200,0.2463,0.0476,0.2476,0.0352
B,e3,10,storm2,100,,0.0,0.25,301,c10_storm2_w80_u100_0025,9155,1.0007985624999978,1.4309196000000002,0,3354.691600,2991.169600,943.508000,1778.846000,1660.655200,0.2439,0.0451,0.2470,0.0351
B,e3,10,storm2,100,,0.0,0.25,301,c10_storm2_w80_u100_0026,9155,1.0007985624999978,1.4309196000000002,0,2695.352800,2521.311600,1806.340400,2207.666000,2006.993600,0.2486,0.0320,0.2480,0.0238
B,e3,10,storm2,100,,0.0,0.25,301,c10_storm2_w80_u100_0027,9155,1.0007985624999978,1.4309196000000002,0,4755.485600,4842.713600,3450.447200,3994.463200,4101.427200,0.2461,0.0355,0.2474,0.0245
B,e3,10,storm2,100,,0.0,0.25,301,c10_storm2_w80_u100_0028,9155,1.0007985624999978,1.4309196000000002,0,4816.039000,4156.654600,2819.654600,3724.489400,3719.905800,0.2448,0.0495,0.2470,0.0361
B,e3,10,storm2,100,,0.0,0.25,301,c10_storm2_w80_u100_0029,9155,1.0007985624999978,1.4309196000000002,0,5841.844400,4476.288400,1933.717200,3726.588800,3528.334400,0.2430,0.0475,0.2461,0.0404
B,e3,10,storm2,100,,0.0,0.25,302,c10_storm2_w80_u100_0020,9155,1.0007985624999978,1.4309196000000002,0,2827.656800,2166.297600,914.392000,1699.628400,1651.129600,0.2438,0.0423,0.2462,0.0372
B,e3,10,storm2,100,,0.0,0.25,302,c10_storm2_w80_u100_0021,9155,1.0007985624999978,1.4309196000000002,0,2981.872400,2703.514000,1818.586800,2216.678000,2212.791600,0.2462,0.0312,0.2489,0.0255
B,e3,10,storm2,100,,0.0,0.25,302,c10_storm2_w80_u100_0022,9155,1.0007985624999978,1.4309196000000002,0,2984.367000,2392.050800,829.301200,1543.625800,1562.922200,0.2469,0.0417,0.2477,0.0357
B,e3,10,storm2,100,,0.0,0.25,302,c10_storm2_w80_u100_0023,9155,1.0007985624999978,1.4309196000000002,0,3651.524200,2862.529000,1468.810400,2419.277600,2176.653400,0.2463,0.0365,0.2489,0.0255
B,e3,10,storm2,100,,0.0,0.25,302,c10_storm2_w80_u100_0024,9155,1.0007985624999978,1.4309196000000002,0,4821.959600,4098.167600,1820.745600,3077.490400,3002.783200,0.2463,0.0476,0.2477,0.0376
B,e3,10,storm2,100,,0.0,0.25,302,c10_storm2_w80_u100_0025,9155,1.0007985624999978,1.4309196000000002,0,3354.691600,2953.815600,943.508000,1778.846000,1684.616000,0.2439,0.0451,0.2483,0.0335
B,e3,10,storm2,100,,0.0,0.25,302,c10_storm2_w80_u100_0026,9155,1.0007985624999978,1.4309196000000002,0,2695.352800,2707.151200,1806.340400,2207.666000,1933.095200,0.2486,0.0320,0.2476,0.0248
B,e3,10,storm2,100,,0.0,0.25,302,c10_storm2_w80_u100_0027,9155,1.0007985624999978,1.4309196000000002,0,4755.485600,4954.585600,3450.447200,3994.463200,4061.054400,0.2461,0.0355,0.2475,0.0245
B,e3,10,storm2,100,,0.0,0.25,302,c10_storm2_w80_u100_0028,9155,1.0007985624999978,1.4309196000000002,0,4816.039000,4048.301400,2819.654600,3724.489400,3622.085800,0.2448,0.0495,0.2461,0.0384
B,e3,10,storm2,100,,0.0,0.25,302,c10_storm2_w80_u100_0029,9155,1.0007985624999978,1.4309196000000002,0,5841.844400,4723.402800,1933.717200,3726.588800,3654.078800,0.2430,0.0475,0.2459,0.0404
B,e3,10,storm2,100,,0.0,0.25,303,c10_storm2_w80_u100_0020,9155,1.0007985624999978,1.4309196000000002,0,2827.656800,2438.708400,914.392000,1699.628400,1714.302000,0.2438,0.0423,0.2450,0.0364
B,e3,10,storm2,100,,0.0,0.25,303,c10_storm2_w80_u100_0021,9155,1.0007985624999978,1.4309196000000002,0,2981.872400,2627.218400,1818.586800,2216.678000,2323.230800,0.2462,0.0312,0.2489,0.0279
B,e3,10,storm2,100,,0.0,0.25,303,c10_storm2_w80_u100_0022,9155,1.0007985624999978,1.4309196000000002,0,2984.367000,2467.073600,829.301200,1543.625800,1739.284000,0.2469,0.0417,0.2471,0.0378
B,e3,10,storm2,100,,0.0,0.25,303,c10_storm2_w80_u100_0023,9155,1.0007985624999978,1.4309196000000002,0,3651.524200,2712.897600,1468.810400,2419.277600,2067.807400,0.2463,0.0365,0.2489,0.0255
B,e3,10,storm2,100,,0.0,0.25,303,c10_storm2_w80_u100_0024,9155,1.0007985624999978,1.4309196000000002,0,4821.959600,4362.170800,1820.745600,3077.490400,2997.672400,0.2463,0.0476,0.2466,0.0359
B,e3,10,storm2,100,,0.0,0.25,303,c10_storm2_w80_u100_0025,9155,1.0007985624999978,1.4309196000000002,0,3354.691600,3063.584000,943.508000,1778.846000,1702.751200,0.2439,0.0451,0.2470,0.0410
B,e3,10,storm2,100,,0.0,0.25,303,c10_storm2_w80_u100_0026,9155,1.0007985624999978,1.4309196000000002,0,2695.352800,2629.076400,1806.340400,2207.666000,2153.194400,0.2486,0.0320,0.2483,0.0262
B,e3,10,storm2,100,,0.0,0.25,303,c10_storm2_w80_u100_0027,9155,1.0007985624999978,1.4309196000000002,0,4755.485600,4655.120800,3450.447200,3994.463200,4042.866800,0.2461,0.0355,0.2463,0.0350
B,e3,10,storm2,100,,0.0,0.25,303,c10_storm2_w80_u100_0028,9155,1.0007985624999978,1.4309196000000002,0,4816.039000,4428.738200,2819.654600,3724.489400,3827.177800,0.2448,0.0495,0.2458,0.0385
B,e3,10,storm2,100,,0.0,0.25,303,c10_storm2_w80_u100_0029,9155,1.0007985624999978,1.4309196000000002,0,5841.844400,5038.797600,1933.717200,3726.588800,3362.575200,0.2430,0.0475,0.2452,0.0495
B,e3,10,storm2,100,,0.5,0.25,302,c10_storm2_w80_u100_0020,9155,1.0007985624999978,1.4309196000000002,0,5127.432000,2206.798000,1221.369600,4035.630000,1961.764800,0.2496,0.0622,0.2483,0.0231
B,e3,10,storm2,100,,0.5,0.25,302,c10_storm2_w80_u100_0021,9155,1.0007985624999978,1.4309196000000002,0,5377.288400,2893.653200,2230.121600,4594.314400,2656.130800,0.2498,0.0556,0.2474,0.0242
B,e3,10,storm2,100,,0.5,0.25,302,c10_storm2_w80_u100_0022,9155,1.0007985624999978,1.4309196000000002,0,6141.141200,3368.418400,1560.358800,4537.384000,2509.168800,0.2492,0.0623,0.2489,0.0341
B,e3,10,storm2,100,,0.5,0.25,302,c10_storm2_w80_u100_0023,9155,1.0007985624999978,1.4309196000000002,0,5592.475600,3147.824000,1522.841600,4083.113200,2410.991200,0.2494,0.0562,0.2500,0.0278
B,e3,10,storm2,100,,0.5,0.25,302,c10_storm2_w80_u100_0024,9155,1.0007985624999978,1.4309196000000002,0,6788.780800,4186.776400,2151.576400,5144.631200,3577.198800,0.2496,0.0685,0.2491,0.0336
B,e3,10,storm2,100,,0.5,0.25,302,c10_storm2_w80_u100_0025,9155,1.0007985624999978,1.4309196000000002,0,9088.342400,5309.892400,1547.756800,6801.117600,3231.854800,0.2499,0.0723,0.2493,0.0461
B,e3,10,storm2,100,,0.5,0.25,302,c10_storm2_w80_u100_0026,9155,1.0007985624999978,1.4309196000000002,0,4366.174400,3297.018000,2181.662800,3481.849600,2566.826000,0.2499,0.0502,0.2480,0.0272
B,e3,10,storm2,100,,0.5,0.25,302,c10_storm2_w80_u100_0027,9155,1.0007985624999978,1.4309196000000002,0,6431.682600,5074.091200,4071.210000,5614.607800,4498.288400,0.2495,0.0540,0.2485,0.0254
B,e3,10,storm2,100,,0.5,0.25,302,c10_storm2_w80_u100_0028,9155,1.0007985624999978,1.4309196000000002,0,6795.424600,4334.104600,3043.772600,6024.507800,3818.221800,0.2491,0.0631,0.2487,0.0369
B,e3,10,storm2,100,,0.5,0.25,302,c10_storm2_w80_u100_0029,9155,1.0007985624999978,1.4309196000000002,0,8475.244000,3898.899000,2289.837200,5824.227600,3370.378200,0.2487,0.0745,0.2461,0.0434
B,e3,10,storm2,100,,0.5,0.25,303,c10_storm2_w80_u100_0020,9155,1.0007985624999978,1.4309196000000002,0,5127.432000,1937.510400,1221.369600,4035.630000,1700.494400,0.2496,0.0622,0.2482,0.0133
B,e3,10,storm2,100,,0.5,0.25,303,c10_storm2_w80_u100_0021,9155,1.0007985624999978,1.4309196000000002,0,5377.288400,2778.529200,2230.121600,4594.314400,2435.192000,0.2498,0.0556,0.2468,0.0163
B,e3,10,storm2,100,,0.5,0.25,303,c10_storm2_w80_u100_0022,9155,1.0007985624999978,1.4309196000000002,0,6141.141200,3225.834800,1560.358800,4537.384000,2401.937200,0.2492,0.0623,0.2493,0.0267
B,e3,10,storm2,100,,0.5,0.25,303,c10_storm2_w80_u100_0023,9155,1.0007985624999978,1.4309196000000002,0,5592.475600,2817.686800,1522.841600,4083.113200,2340.742600,0.2494,0.0562,0.2496,0.0225
B,e3,10,storm2,100,,0.5,0.25,303,c10_storm2_w80_u100_0024,9155,1.0007985624999978,1.4309196000000002,0,6788.780800,3498.430000,2151.576400,5144.631200,3127.158000,0.2496,0.0685,0.2493,0.0240
B,e3,10,storm2,100,,0.5,0.25,303,c10_storm2_w80_u100_0025,9155,1.0007985624999978,1.4309196000000002,0,9088.342400,4574.972400,1547.756800,6801.117600,2862.767200,0.2499,0.0723,0.2493,0.0358
B,e3,10,storm2,100,,0.5,0.25,303,c10_storm2_w80_u100_0026,9155,1.0007985624999978,1.4309196000000002,0,4366.174400,2915.418000,2181.662800,3481.849600,2417.405200,0.2499,0.0502,0.2471,0.0200
B,e3,10,storm2,100,,0.5,0.25,303,c10_storm2_w80_u100_0027,9155,1.0007985624999978,1.4309196000000002,0,6431.682600,5086.551200,4071.210000,5614.607800,4369.317800,0.2495,0.0540,0.2480,0.0191
B,e3,10,storm2,100,,0.5,0.25,303,c10_storm2_w80_u100_0028,9155,1.0007985624999978,1.4309196000000002,0,6795.424600,4211.363800,3043.772600,6024.507800,3500.093800,0.2491,0.0631,0.2482,0.0284
B,e3,10,storm2,100,,0.5,0.25,303,c10_storm2_w80_u100_0029,9155,1.0007985624999978,1.4309196000000002,0,8475.244000,3949.114800,2289.837200,5824.227600,3425.019000,0.2487,0.0745,0.2466,0.0284
B,e3,10,storm2,100,,0.5,0.25,301,c10_storm2_w80_u100_0020,9155,1.0007985624999978,1.4309196000000002,0,5127.432000,2298.237600,1221.369600,4035.630000,1651.474800,0.2496,0.0622,0.2486,0.0353
B,e3,10,storm2,100,,0.5,0.25,301,c10_storm2_w80_u100_0021,9155,1.0007985624999978,1.4309196000000002,0,5377.288400,2791.741600,2230.121600,4594.314400,2437.596000,0.2498,0.0556,0.2472,0.0217
B,e3,10,storm2,100,,0.5,0.25,301,c10_storm2_w80_u100_0022,9155,1.0007985624999978,1.4309196000000002,0,6141.141200,3693.660400,1560.358800,4537.384000,2554.848000,0.2492,0.0623,0.2495,0.0413
B,e3,10,storm2,100,,0.5,0.25,301,c10_storm2_w80_u100_0023,9155,1.0007985624999978,1.4309196000000002,0,5592.475600,3286.043400,1522.841600,4083.113200,2523.307200,0.2494,0.0562,0.2500,0.0373
B,e3,10,storm2,100,,0.5,0.25,301,c10_storm2_w80_u100_0024,9155,1.0007985624999978,1.4309196000000002,0,6788.780800,3938.133200,2151.576400,5144.631200,3214.512000,0.2496,0.0685,0.2494,0.0446
B,e3,10,storm2,100,,0.5,0.25,301,c10_storm2_w80_u100_0025,9155,1.0007985624999978,1.4309196000000002,0,9088.342400,4809.698000,1547.756800,6801.117600,3062.598800,0.2499,0.0723,0.2499,0.0469
B,e3,10,storm2,100,,0.5,0.25,301,c10_storm2_w80_u100_0026,9155,1.0007985624999978,1.4309196000000002,0,4366.174400,3144.084000,2181.662800,3481.849600,2588.401200,0.2499,0.0502,0.2480,0.0335
B,e3,10,storm2,100,,0.5,0.25,301,c10_storm2_w80_u100_0027,9155,1.0007985624999978,1.4309196000000002,0,6431.682600,5319.249400,4071.210000,5614.607800,4632.823000,0.2495,0.0540,0.2489,0.0254
B,e3,10,storm2,100,,0.5,0.25,301,c10_storm2_w80_u100_0028,9155,1.0007985624999978,1.4309196000000002,0,6795.424600,4390.822600,3043.772600,6024.507800,3719.876600,0.2491,0.0631,0.2487,0.0438
B,e3,10,storm2,100,,0.5,0.25,301,c10_storm2_w80_u100_0029,9155,1.0007985624999978,1.4309196000000002,0,8475.244000,3857.069800,2289.837200,5824.227600,3057.058000,0.2487,0.0745,0.2464,0.0528
B,e3,10,storm2,110,,0.0,0.25,302,c10_storm2_w80_u110_0020,10267,1.0786021899350628,1.5748997142857144,0,7841.446000,5470.644400,1263.991200,3862.037200,3591.722800,0.2438,0.0590,0.2422,0.0485
B,e3,10,storm2,110,,0.0,0.25,302,c10_storm2_w80_u110_0021,10267,1.0786021899350628,1.5748997142857144,0,6937.659200,4678.586600,1113.894600,3636.807200,2522.060000,0.2425,0.0570,0.2456,0.0344
B,e3,10,storm2,110,,0.0,0.25,302,c10_storm2_w80_u110_0022,10267,1.0786021899350628,1.5748997142857144,0,7058.017000,5960.280800,1632.657600,3360.735200,3086.472200,0.2391,0.0517,0.2392,0.0448
B,e3,10,storm2,110,,0.0,0.25,302,c10_storm2_w80_u110_0023,10267,1.0786021899350628,1.5748997142857144,0,9502.409200,8157.094000,3394.430000,5673.884800,4899.053200,0.2442,0.0644,0.2448,0.0575
B,e3,10,storm2,110,,0.0,0.25,302,c10_storm2_w80_u110_0024,10267,1.0786021899350628,1.5748997142857144,0,8683.281000,6050.626400,1260.720000,3493.050600,3654.527200,0.2433,0.0656,0.2437,0.0479
B,e3,10,storm2,110,,0.0,0.25,302,c10_storm2_w80_u110_0025,10267,1.0786021899350628,1.5748997142857144,0,11934.271400,8298.001600,1082.609600,6336.377600,5013.345200,0.2418,0.0674,0.2416,0.0629
B,e3,10,storm2,110,,0.0,0.25,302,c10_storm2_w80_u110_0026,10267,1.0786021899350628,1.5748997142857144,0,5502.794000,3861.688800,1159.070000,2987.597400,2447.856800,0.2418,0.0540,0.2456,0.0350
B,e3,10,storm2,110,,0.0,0.25,302,c10_storm2_w80_u110_0027,10267,1.0786021899350628,1.5748997142857144,0,6804.028400,4881.886800,1162.138800,3091.539200,2957.833200,0.2398,0.0600,0.2454,0.0443
B,e3,10,storm2,110,,0.0,0.25,302,c10_storm2_w80_u110_0028,10267,1.0786021899350628,1.5748997142857144,0,9687.934600,7318.627200,1717.692800,4256.575200,3558.822400,0.2422,0.0643,0.2394,0.0528
B,e3,10,storm2,110,,0.0,0.25,302,c10_storm2_w80_u110_0029,10267,1.0786021899350628,1.5748997142857144,0,9395.742800,7895.122800,2362.220400,4889.742800,4904.622000,0.2410,0.0675,0.2412,0.0562
B,e3,10,storm2,110,,0.0,0.25,301,c10_storm2_w80_u110_0020,10267,1.0786021899350628,1.5748997142857144,0,7841.446000,5288.719600,1263.991200,3862.037200,3192.268000,0.2438,0.0590,0.2449,0.0426
B,e3,10,storm2,110,,0.0,0.25,301,c10_storm2_w80_u110_0021,10267,1.0786021899350628,1.5748997142857144,0,6937.659200,4804.152200,1113.894600,3636.807200,2854.876800,0.2425,0.0570,0.2451,0.0345
B,e3,10,storm2,110,,0.0,0.25,301,c10_storm2_w80_u110_0022,10267,1.0786021899350628,1.5748997142857144,0,7058.017000,5695.811600,1632.657600,3360.735200,2960.347400,0.2391,0.0517,0.2393,0.0435
B,e3,10,storm2,110,,0.0,0.25,301,c10_storm2_w80_u110_0023,10267,1.0786021899350628,1.5748997142857144,0,9502.409200,8457.088400,3394.430000,5673.884800,5267.644000,0.2442,0.0644,0.2480,0.0479
B,e3,10,storm2,110,,0.0,0.25,301,c10_storm2_w80_u110_0024,10267,1.0786021899350628,1.5748997142857144,0,8683.281000,6188.841800,1260.720000,3493.050600,3207.285800,0.2433,0.0656,0.2412,0.0502
B,e3,10,storm2,110,,0.0,0.25,301,c10_storm2_w80_u110_0025,10267,1.0786021899350628,1.5748997142857144,0,11934.271400,8221.972200,1082.609600,6336.377600,4785.076200,0.2418,0.0674,0.2425,0.0605
B,e3,10,storm2,110,,0.0,0.25,301,c10_storm2_w80_u110_0026,10267,1.0786021899350628,1.5748997142857144,0,5502.794000,4145.478200,1159.070000,2987.597400,2608.221600,0.2418,0.0540,0.2453,0.0328
B,e3,10,storm2,110,,0.0,0.25,301,c10_storm2_w80_u110_0027,10267,1.0786021899350628,1.5748997142857144,0,6804.028400,5003.944400,1162.138800,3091.539200,2518.776000,0.2398,0.0600,0.2470,0.0445
B,e3,10,storm2,110,,0.0,0.25,301,c10_storm2_w80_u110_0028,10267,1.0786021899350628,1.5748997142857144,0,9687.934600,6933.263600,1717.692800,4256.575200,3718.549200,0.2422,0.0643,0.2435,0.0478
B,e3,10,storm2,110,,0.0,0.25,301,c10_storm2_w80_u110_0029,10267,1.0786021899350628,1.5748997142857144,0,9395.742800,7695.403600,2362.220400,4889.742800,4451.492000,0.2410,0.0675,0.2409,0.0617
B,e3,10,storm2,110,,0.0,0.25,303,c10_storm2_w80_u110_0020,10267,1.0786021899350628,1.5748997142857144,0,7841.446000,5298.212000,1263.991200,3862.037200,3333.102400,0.2438,0.0590,0.2451,0.0444
B,e3,10,storm2,110,,0.0,0.25,303,c10_storm2_w80_u110_0021,10267,1.0786021899350628,1.5748997142857144,0,6937.659200,4549.360600,1113.894600,3636.807200,2574.039200,0.2425,0.0570,0.2464,0.0365
B,e3,10,storm2,110,,0.0,0.25,303,c10_storm2_w80_u110_0022,10267,1.0786021899350628,1.5748997142857144,0,7058.017000,5653.463800,1632.657600,3360.735200,2983.067600,0.2391,0.0517,0.2410,0.0455
B,e3,10,storm2,110,,0.0,0.25,303,c10_storm2_w80_u110_0023,10267,1.0786021899350628,1.5748997142857144,0,9502.409200,8182.101200,3394.430000,5673.884800,5157.588400,0.2442,0.0644,0.2465,0.0517
B,e3,10,storm2,110,,0.0,0.25,303,c10_storm2_w80_u110_0024,10267,1.0786021899350628,1.5748997142857144,0,8683.281000,6059.948400,1260.720000,3493.050600,3379.980600,0.2433,0.0656,0.2447,0.0531
B,e3,10,storm2,110,,0.0,0.25,303,c10_storm2_w80_u110_0025,10267,1.0786021899350628,1.5748997142857144,0,11934.271400,7900.617000,1082.609600,6336.377600,5023.685800,0.2418,0.0674,0.2417,0.0548
B,e3,10,storm2,110,,0.0,0.25,303,c10_storm2_w80_u110_0026,10267,1.0786021899350628,1.5748997142857144,0,5502.794000,4020.315600,1159.070000,2987.597400,2649.971000,0.2418,0.0540,0.2463,0.0331
B,e3,10,storm2,110,,0.0,0.25,303,c10_storm2_w80_u110_0027,10267,1.0786021899350628,1.5748997142857144,0,6804.028400,4804.156800,1162.138800,3091.539200,2337.238800,0.2398,0.0600,0.2477,0.0435
B,e3,10,storm2,110,,0.0,0.25,303,c10_storm2_w80_u110_0028,10267,1.0786021899350628,1.5748997142857144,0,9687.934600,6832.588200,1717.692800,4256.575200,3993.403000,0.2422,0.0643,0.2421,0.0499
B,e3,10,storm2,110,,0.0,0.25,303,c10_storm2_w80_u110_0029,10267,1.0786021899350628,1.5748997142857144,0,9395.742800,7638.231200,2362.220400,4889.742800,4734.659200,0.2410,0.0675,0.2414,0.0521
B,e3,10,storm2,110,,0.5,0.25,301,c10_storm2_w80_u110_0020,10267,1.0786021899350628,1.5748997142857144,0,14728.076800,5008.901600,1509.153200,8743.551600,2981.817200,0.2470,0.0942,0.2443,0.0435
B,e3,10,storm2,110,,0.5,0.25,301,c10_storm2_w80_u110_0021,10267,1.0786021899350628,1.5748997142857144,0,11632.251200,3867.607400,2408.478000,8469.802000,2848.064600,0.2494,0.0792,0.2441,0.0216
B,e3,10,storm2,110,,0.5,0.25,301,c10_storm2_w80_u110_0022,10267,1.0786021899350628,1.5748997142857144,0,14552.384600,5933.096800,1614.237200,9186.316800,3400.473200,0.2472,0.1019,0.2456,0.0550
B,e3,10,storm2,110,,0.5,0.25,301,c10_storm2_w80_u110_0023,10267,1.0786021899350628,1.5748997142857144,0,16240.200800,8179.462800,3753.969200,11002.324800,5450.229200,0.2501,0.0853,0.2501,0.0562
B,e3,10,storm2,110,,0.5,0.25,301,c10_storm2_w80_u110_0024,10267,1.0786021899350628,1.5748997142857144,0,16386.252600,4660.128600,1640.545600,9295.193800,2382.710600,0.2482,0.1025,0.2457,0.0430
B,e3,10,storm2,110,,0.5,0.25,301,c10_storm2_w80_u110_0025,10267,1.0786021899350628,1.5748997142857144,0,18543.971400,6721.921000,1835.774800,9872.828600,3763.187200,0.2464,0.1115,0.2460,0.0583
B,e3,10,storm2,110,,0.5,0.25,301,c10_storm2_w80_u110_0026,10267,1.0786021899350628,1.5748997142857144,0,12709.683000,4452.428400,1570.760400,7782.630400,2656.345200,0.2467,0.1010,0.2410,0.0352
B,e3,10,storm2,110,,0.5,0.25,301,c10_storm2_w80_u110_0027,10267,1.0786021899350628,1.5748997142857144,0,15049.014200,4859.029600,1483.886800,10109.792600,3202.726000,0.2475,0.1087,0.2427,0.0448
B,e3,10,storm2,110,,0.5,0.25,301,c10_storm2_w80_u110_0028,10267,1.0786021899350628,1.5748997142857144,0,18513.694000,7265.089600,2284.698400,11225.261400,4585.316600,0.2485,0.1183,0.2467,0.0560
B,e3,10,storm2,110,,0.5,0.25,301,c10_storm2_w80_u110_0029,10267,1.0786021899350628,1.5748997142857144,0,17951.502800,7411.252200,3054.338400,10717.409200,5019.347600,0.2467,0.1024,0.2424,0.0702
B,e3,10,storm2,110,,0.5,0.25,302,c10_storm2_w80_u110_0020,10267,1.0786021899350628,1.5748997142857144,0,14728.076800,6507.186800,1509.153200,8743.551600,3899.440400,0.2470,0.0942,0.2450,0.0614
B,e3,10,storm2,110,,0.5,0.25,302,c10_storm2_w80_u110_0021,10267,1.0786021899350628,1.5748997142857144,0,11632.251200,4398.703600,2408.478000,8469.802000,2979.431000,0.2494,0.0792,0.2455,0.0366
B,e3,10,storm2,110,,0.5,0.25,302,c10_storm2_w80_u110_0022,10267,1.0786021899350628,1.5748997142857144,0,14552.384600,7868.851200,1614.237200,9186.316800,4597.432400,0.2472,0.1019,0.2453,0.0692
B,e3,10,storm2,110,,0.5,0.25,302,c10_storm2_w80_u110_0023,10267,1.0786021899350628,1.5748997142857144,0,16240.200800,9070.036800,3753.969200,11002.324800,6004.826000,0.2501,0.0853,0.2500,0.0620
B,e3,10,storm2,110,,0.5,0.25,302,c10_storm2_w80_u110_0024,10267,1.0786021899350628,1.5748997142857144,0,16386.252600,6008.307600,1640.545600,9295.193800,3072.511000,0.2482,0.1025,0.2449,0.0666
B,e3,10,storm2,110,,0.5,0.25,302,c10_storm2_w80_u110_0025,10267,1.0786021899350628,1.5748997142857144,0,18543.971400,9007.245200,1835.774800,9872.828600,5408.513600,0.2464,0.1115,0.2455,0.0796
B,e3,10,storm2,110,,0.5,0.25,302,c10_storm2_w80_u110_0026,10267,1.0786021899350628,1.5748997142857144,0,12709.683000,5303.510800,1570.760400,7782.630400,3268.926400,0.2467,0.1010,0.2451,0.0551
B,e3,10,storm2,110,,0.5,0.25,302,c10_storm2_w80_u110_0027,10267,1.0786021899350628,1.5748997142857144,0,15049.014200,5823.024400,1483.886800,10109.792600,3471.145200,0.2475,0.1087,0.2449,0.0619
B,e3,10,storm2,110,,0.5,0.25,302,c10_storm2_w80_u110_0028,10267,1.0786021899350628,1.5748997142857144,0,18513.694000,8910.729600,2284.698400,11225.261400,5822.419600,0.2485,0.1183,0.2465,0.0703
B,e3,10,storm2,110,,0.5,0.25,302,c10_storm2_w80_u110_0029,10267,1.0786021899350628,1.5748997142857144,0,17951.502800,9353.958000,3054.338400,10717.409200,6183.454400,0.2467,0.1024,0.2430,0.0723
B,e3,10,storm2,110,,0.5,0.25,303,c10_storm2_w80_u110_0020,10267,1.0786021899350628,1.5748997142857144,0,14728.076800,4107.557600,1509.153200,8743.551600,2085.554000,0.2470,0.0942,0.2436,0.0360
B,e3,10,storm2,110,,0.5,0.25,303,c10_storm2_w80_u110_0021,10267,1.0786021899350628,1.5748997142857144,0,11632.251200,3943.550200,2408.478000,8469.802000,2793.685200,0.2494,0.0792,0.2434,0.0216
B,e3,10,storm2,110,,0.5,0.25,303,c10_storm2_w80_u110_0022,10267,1.0786021899350628,1.5748997142857144,0,14552.384600,5089.088000,1614.237200,9186.316800,2571.750400,0.2472,0.1019,0.2450,0.0410
B,e3,10,storm2,110,,0.5,0.25,303,c10_storm2_w80_u110_0023,10267,1.0786021899350628,1.5748997142857144,0,16240.200800,7681.253200,3753.969200,11002.324800,5127.559200,0.2501,0.0853,0.2484,0.0393
B,e3,10,storm2,110,,0.5,0.25,303,c10_storm2_w80_u110_0024,10267,1.0786021899350628,1.5748997142857144,0,16386.252600,4164.638600,1640.545600,9295.193800,2177.343600,0.2482,0.1025,0.2436,0.0361
B,e3,10,storm2,110,,0.5,0.25,303,c10_storm2_w80_u110_0025,10267,1.0786021899350628,1.5748997142857144,0,18543.971400,5671.851600,1835.774800,9872.828600,3351.665400,0.2464,0.1115,0.2440,0.0391
B,e3,10,storm2,110,,0.5,0.25,303,c10_storm2_w80_u110_0026,10267,1.0786021899350628,1.5748997142857144,0,12709.683000,4304.632800,1570.760400,7782.630400,2243.827200,0.2467,0.1010,0.2426,0.0317
B,e3,10,storm2,110,,0.5,0.25,303,c10_storm2_w80_u110_0027,10267,1.0786021899350628,1.5748997142857144,0,15049.014200,4016.361600,1483.886800,10109.792600,2325.982600,0.2475,0.1087,0.2428,0.0366
B,e3,10,storm2,110,,0.5,0.25,303,c10_storm2_w80_u110_0028,10267,1.0786021899350628,1.5748997142857144,0,18513.694000,6236.106400,2284.698400,11225.261400,3597.293400,0.2485,0.1183,0.2444,0.0390
B,e3,10,storm2,110,,0.5,0.25,303,c10_storm2_w80_u110_0029,10267,1.0786021899350628,1.5748997142857144,0,17951.502800,6124.202800,3054.338400,10717.409200,4096.423200,0.2467,0.1024,0.2407,0.0405
B,e3,10,storm2,110,,1.0,0.25,301,c10_storm2_w80_u110_0020,10267,1.0786021899350628,1.5748997142857144,0,22452.837200,2531.665200,2474.492400,15252.663200,2488.606800,0.2494,0.1158,0.2459,0.0071
B,e3,10,storm2,110,,1.0,0.25,301,c10_storm2_w80_u110_0021,10267,1.0786021899350628,1.5748997142857144,0,17198.878200,3238.932000,2832.357600,12265.562800,3069.746600,0.2492,0.0678,0.2458,0.0031
B,e3,10,storm2,110,,1.0,0.25,301,c10_storm2_w80_u110_0022,10267,1.0786021899350628,1.5748997142857144,0,21242.062400,2274.950800,2283.833200,16046.146400,2280.605200,0.2492,0.1266,0.2375,0.0052
B,e3,10,storm2,110,,1.0,0.25,301,c10_storm2_w80_u110_0023,10267,1.0786021899350628,1.5748997142857144,0,20925.893200,4397.272800,3789.015200,15095.736800,4065.620400,0.2501,0.0826,0.2461,0.0085
B,e3,10,storm2,110,,1.0,0.25,301,c10_storm2_w80_u110_0024,10267,1.0786021899350628,1.5748997142857144,0,26737.393400,2371.552400,1835.175600,16422.100800,2048.193200,0.2491,0.1092,0.2428,0.0086
B,e3,10,storm2,110,,1.0,0.25,301,c10_storm2_w80_u110_0025,10267,1.0786021899350628,1.5748997142857144,0,28682.838600,2573.158400,2334.415600,18419.164400,2416.139200,0.2495,0.1131,0.2384,0.0096
B,e3,10,storm2,110,,1.0,0.25,301,c10_storm2_w80_u110_0026,10267,1.0786021899350628,1.5748997142857144,0,21265.283800,3126.483200,2607.591600,13892.316000,2707.508400,0.2493,0.0954,0.2465,0.0109
B,e3,10,storm2,110,,1.0,0.25,301,c10_storm2_w80_u110_0027,10267,1.0786021899350628,1.5748997142857144,0,20196.388400,1960.940400,1660.554800,14970.228400,1845.597600,0.2492,0.1001,0.2450,0.0076
B,e3,10,storm2,110,,1.0,0.25,301,c10_storm2_w80_u110_0028,10267,1.0786021899350628,1.5748997142857144,0,24087.598400,2376.737200,2320.495600,18018.356800,2352.945600,0.2492,0.1118,0.2422,0.0045
B,e3,10,storm2,110,,1.0,0.25,301,c10_storm2_w80_u110_0029,10267,1.0786021899350628,1.5748997142857144,0,25598.991200,3810.666000,3657.230800,16868.546800,3724.970800,0.2490,0.1119,0.2381,0.0068
B,e3,10,storm2,110,,1.0,0.25,302,c10_storm2_w80_u110_0020,10267,1.0786021899350628,1.5748997142857144,0,22452.837200,2559.065600,2474.492400,15252.663200,2463.915200,0.2494,0.1158,0.2460,0.0049
B,e3,10,storm2,110,,1.0,0.25,302,c10_storm2_w80_u110_0021,10267,1.0786021899350628,1.5748997142857144,0,17198.878200,3265.924000,2832.357600,12265.562800,3085.451200,0.2492,0.0678,0.2460,0.0116
B,e3,10,storm2,110,,1.0,0.25,302,c10_storm2_w80_u110_0022,10267,1.0786021899350628,1.5748997142857144,0,21242.062400,2412.623200,2283.833200,16046.146400,2284.410800,0.2492,0.1266,0.2379,0.0061
B,e3,10,storm2,110,,1.0,0.25,302,c10_storm2_w80_u110_0023,10267,1.0786021899350628,1.5748997142857144,0,20925.893200,4505.598000,3789.015200,15095.736800,4113.920000,0.2501,0.0826,0.2480,0.0213
B,e3,10,storm2,110,,1.0,0.25,302,c10_storm2_w80_u110_0024,10267,1.0786021899350628,1.5748997142857144,0,26737.393400,2561.161600,1835.175600,16422.100800,2090.006600,0.2491,0.1092,0.2434,0.0127
B,e3,10,storm2,110,,1.0,0.25,302,c10_storm2_w80_u110_0025,10267,1.0786021899350628,1.5748997142857144,0,28682.838600,2711.606800,2334.415600,18419.164400,2597.020000,0.2495,0.1131,0.2368,0.0128
B,e3,10,storm2,110,,1.0,0.25,302,c10_storm2_w80_u110_0026,10267,1.0786021899350628,1.5748997142857144,0,21265.283800,3121.284800,2607.591600,13892.316000,2718.205200,0.2493,0.0954,0.2468,0.0204
B,e3,10,storm2,110,,1.0,0.25,302,c10_storm2_w80_u110_0027,10267,1.0786021899350628,1.5748997142857144,0,20196.388400,1959.835600,1660.554800,14970.228400,1828.171200,0.2492,0.1001,0.2449,0.0179
B,e3,10,storm2,110,,1.0,0.25,302,c10_storm2_w80_u110_0028,10267,1.0786021899350628,1.5748997142857144,0,24087.598400,2344.790800,2320.495600,18018.356800,2337.468400,0.2492,0.1118,0.2432,0.0032
B,e3,10,storm2,110,,1.0,0.25,302,c10_storm2_w80_u110_0029,10267,1.0786021899350628,1.5748997142857144,0,25598.991200,3890.949600,3657.230800,16868.546800,3703.167200,0.2490,0.1119,0.2380,0.0164
B,e3,10,storm2,110,,1.0,0.25,303,c10_storm2_w80_u110_0020,10267,1.0786021899350628,1.5748997142857144,0,22452.837200,2498.681200,2474.492400,15252.663200,2423.048400,0.2494,0.1158,0.2460,0.0089
B,e3,10,storm2,110,,1.0,0.25,303,c10_storm2_w80_u110_0021,10267,1.0786021899350628,1.5748997142857144,0,17198.878200,3052.497200,2832.357600,12265.562800,3016.326400,0.2492,0.0678,0.2458,0.0103
B,e3,10,storm2,110,,1.0,0.25,303,c10_storm2_w80_u110_0022,10267,1.0786021899350628,1.5748997142857144,0,21242.062400,2274.492800,2283.833200,16046.146400,2279.124000,0.2492,0.1266,0.2375,0.0108
B,e3,10,storm2,110,,1.0,0.25,303,c10_storm2_w80_u110_0023,10267,1.0786021899350628,1.5748997142857144,0,20925.893200,4631.643200,3789.015200,15095.736800,4102.388000,0.2501,0.0826,0.2481,0.0292
B,e3,10,storm2,110,,1.0,0.25,303,c10_storm2_w80_u110_0024,10267,1.0786021899350628,1.5748997142857144,0,26737.393400,2244.494400,1835.175600,16422.100800,1966.871200,0.2491,0.1092,0.2433,0.0099
B,e3,10,storm2,110,,1.0,0.25,303,c10_storm2_w80_u110_0025,10267,1.0786021899350628,1.5748997142857144,0,28682.838600,2521.779800,2334.415600,18419.164400,2387.438000,0.2495,0.1131,0.2394,0.0159
B,e3,10,storm2,110,,1.0,0.25,303,c10_storm2_w80_u110_0026,10267,1.0786021899350628,1.5748997142857144,0,21265.283800,3413.003600,2607.591600,13892.316000,2714.272800,0.2493,0.0954,0.2465,0.0204
B,e3,10,storm2,110,,1.0,0.25,303,c10_storm2_w80_u110_0027,10267,1.0786021899350628,1.5748997142857144,0,20196.388400,2010.472400,1660.554800,14970.228400,1871.006800,0.2492,0.1001,0.2452,0.0201
B,e3,10,storm2,110,,1.0,0.25,303,c10_storm2_w80_u110_0028,10267,1.0786021899350628,1.5748997142857144,0,24087.598400,2409.449200,2320.495600,18018.356800,2282.860000,0.2492,0.1118,0.2425,0.0086
B,e3,10,storm2,110,,1.0,0.25,303,c10_storm2_w80_u110_0029,10267,1.0786021899350628,1.5748997142857144,0,25598.991200,4425.218400,3657.230800,16868.546800,4176.828400,0.2490,0.1119,0.2385,0.0232
B,e3,10,storm2,130,,0.0,0.25,301,c10_storm2_w80_u130_0020,12155,1.2922841574675317,1.8358554930555548,0,29645.747800,19637.023600,1345.676400,8814.237200,8567.499200,0.2291,0.1346,0.2417,0.1067
B,e3,10,storm2,130,,0.0,0.25,301,c10_storm2_w80_u130_0021,12155,1.2922841574675317,1.8358554930555548,0,26062.411200,18410.959200,2070.806200,8779.469600,8658.053400,0.2381,0.1104,0.2373,0.0841
B,e3,10,storm2,130,,0.0,0.25,301,c10_storm2_w80_u130_0022,12155,1.2922841574675317,1.8358554930555548,0,31624.025600,22215.133800,1370.517600,11124.730800,10236.217400,0.2334,0.1377,0.2388,0.0953
B,e3,10,storm2,130,,0.0,0.25,301,c10_storm2_w80_u130_0023,12155,1.2922841574675317,1.8358554930555548,0,39499.173800,25805.880600,1069.502000,12653.432800,11207.927400,0.2286,0.1457,0.2320,0.1281
B,e3,10,storm2,130,,0.0,0.25,301,c10_storm2_w80_u130_0024,12155,1.2922841574675317,1.8358554930555548,0,30148.389800,19424.199200,2465.302000,12219.999000,11007.960600,0.2311,0.1315,0.2416,0.1047
B,e3,10,storm2,130,,0.0,0.25,301,c10_storm2_w80_u130_0025,12155,1.2922841574675317,1.8358554930555548,0,36609.604600,26564.426200,2194.662800,13678.396600,12160.479000,0.2358,0.1311,0.2435,0.0988
B,e3,10,storm2,130,,0.0,0.25,301,c10_storm2_w80_u130_0026,12155,1.2922841574675317,1.8358554930555548,0,32896.781000,25787.171600,1192.299600,11140.118400,8862.408600,0.2438,0.1321,0.2430,0.1059
B,e3,10,storm2,130,,0.0,0.25,301,c10_storm2_w80_u130_0027,12155,1.2922841574675317,1.8358554930555548,0,41327.907800,29701.268400,1994.461600,17554.202400,15155.264200,0.2323,0.1383,0.2385,0.1156
B,e3,10,storm2,130,,0.0,0.25,301,c10_storm2_w80_u130_0028,12155,1.2922841574675317,1.8358554930555548,0,30668.260200,20366.606000,1874.577200,10437.633600,8802.394600,0.2380,0.1380,0.2402,0.0924
B,e3,10,storm2,130,,0.0,0.25,301,c10_storm2_w80_u130_0029,12155,1.2922841574675317,1.8358554930555548,0,23249.527800,16692.745200,2550.012200,8866.623200,7370.920200,0.2416,0.1110,0.2391,0.0842
B,e3,10,storm2,130,,0.0,0.25,302,c10_storm2_w80_u130_0020,12155,1.2922841574675317,1.8358554930555548,0,29645.747800,18417.431800,1345.676400,8814.237200,7825.689800,0.2291,0.1346,0.2452,0.0963
B,e3,10,storm2,130,,0.0,0.25,302,c10_storm2_w80_u130_0021,12155,1.2922841574675317,1.8358554930555548,0,26062.411200,17931.641600,2070.806200,8779.469600,8045.452200,0.2381,0.1104,0.2413,0.0801
B,e3,10,storm2,130,,0.0,0.25,302,c10_storm2_w80_u130_0022,12155,1.2922841574675317,1.8358554930555548,0,31624.025600,20773.215400,1370.517600,11124.730800,9126.708200,0.2334,0.1377,0.2380,0.0945
B,e3,10,storm2,130,,0.0,0.25,302,c10_storm2_w80_u130_0023,12155,1.2922841574675317,1.8358554930555548,0,39499.173800,24698.275000,1069.502000,12653.432800,10694.768200,0.2286,0.1457,0.2392,0.1242
B,e3,10,storm2,130,,0.0,0.25,302,c10_storm2_w80_u130_0024,12155,1.2922841574675317,1.8358554930555548,0,30148.389800,18649.109400,2465.302000,12219.999000,10019.978600,0.2311,0.1315,0.2437,0.0922
B,e3,10,storm2,130,,0.0,0.25,302,c10_storm2_w80_u130_0025,12155,1.2922841574675317,1.8358554930555548,0,36609.604600,25776.996200,2194.662800,13678.396600,11818.793600,0.2358,0.1311,0.2406,0.1037
B,e3,10,storm2,130,,0.0,0.25,302,c10_storm2_w80_u130_0026,12155,1.2922841574675317,1.8358554930555548,0,32896.781000,25080.921400,1192.299600,11140.118400,9366.822000,0.2438,0.1321,0.2406,0.1057
B,e3,10,storm2,130,,0.0,0.25,302,c10_storm2_w80_u130_0027,12155,1.2922841574675317,1.8358554930555548,0,41327.907800,27043.119800,1994.461600,17554.202400,13910.073600,0.2323,0.1383,0.2396,0.1075
B,e3,10,storm2,130,,0.0,0.25,302,c10_storm2_w80_u130_0028,12155,1.2922841574675317,1.8358554930555548,0,30668.260200,19715.907000,1874.577200,10437.633600,8996.929200,0.2380,0.1380,0.2395,0.0992
B,e3,10,storm2,130,,0.0,0.25,302,c10_storm2_w80_u130_0029,12155,1.2922841574675317,1.8358554930555548,0,23249.527800,17260.306800,2550.012200,8866.623200,7114.015000,0.2416,0.1110,0.2424,0.0812
B,e3,10,storm2,130,,0.0,0.25,303,c10_storm2_w80_u130_0020,12155,1.2922841574675317,1.8358554930555548,0,29645.747800,17992.694600,1345.676400,8814.237200,6260.446400,0.2291,0.1346,0.2454,0.0888
B,e3,10,storm2,130,,0.0,0.25,303,c10_storm2_w80_u130_0021,12155,1.2922841574675317,1.8358554930555548,0,26062.411200,17441.228400,2070.806200,8779.469600,7699.869000,0.2381,0.1104,0.2421,0.0817
B,e3,10,storm2,130,,0.0,0.25,303,c10_storm2_w80_u130_0022,12155,1.2922841574675317,1.8358554930555548,0,31624.025600,19875.219600,1370.517600,11124.730800,8790.761800,0.2334,0.1377,0.2405,0.0913
B,e3,10,storm2,130,,0.0,0.25,303,c10_storm2_w80_u130_0023,12155,1.2922841574675317,1.8358554930555548,0,39499.173800,23047.911400,1069.502000,12653.432800,9292.066600,0.2286,0.1457,0.2372,0.1153
B,e3,10,storm2,130,,0.0,0.25,303,c10_storm2_w80_u130_0024,12155,1.2922841574675317,1.8358554930555548,0,30148.389800,17606.559000,2465.302000,12219.999000,8410.053600,0.2311,0.1315,0.2423,0.0849
B,e3,10,storm2,130,,0.0,0.25,303,c10_storm2_w80_u130_0025,12155,1.2922841574675317,1.8358554930555548,0,36609.604600,24318.652600,2194.662800,13678.396600,11481.213000,0.2358,0.1311,0.2448,0.0945
B,e3,10,storm2,130,,0.0,0.25,303,c10_storm2_w80_u130_0026,12155,1.2922841574675317,1.8358554930555548,0,32896.781000,24237.767600,1192.299600,11140.118400,7990.723600,0.2438,0.1321,0.2431,0.1024
B,e3,10,storm2,130,,0.0,0.25,303,c10_storm2_w80_u130_0027,12155,1.2922841574675317,1.8358554930555548,0,41327.907800,26531.054000,1994.461600,17554.202400,14062.301800,0.2323,0.1383,0.2401,0.0991
B,e3,10,storm2,130,,0.0,0.25,303,c10_storm2_w80_u130_0028,12155,1.2922841574675317,1.8358554930555548,0,30668.260200,18252.858600,1874.577200,10437.633600,8549.751400,0.2380,0.1380,0.2402,0.0875
B,e3,10,storm2,130,,0.0,0.25,303,c10_storm2_w80_u130_0029,12155,1.2922841574675317,1.8358554930555548,0,23249.527800,15913.543400,2550.012200,8866.623200,7036.127400,0.2416,0.1110,0.2418,0.0736
B,e3,10,storm2,130,,0.5,0.25,302,c10_storm2_w80_u130_0020,12155,1.2922841574675317,1.8358554930555548,0,59216.607600,16543.841800,1626.832000,31486.948600,7504.546400,0.2458,0.2061,0.2408,0.0980
B,e3,10,storm2,130,,0.5,0.25,302,c10_storm2_w80_u130_0021,12155,1.2922841574675317,1.8358554930555548,0,53930.710400,19656.273400,4025.761600,25247.841400,9076.535400,0.2438,0.1761,0.2445,0.0900
B,e3,10,storm2,130,,0.5,0.25,302,c10_storm2_w80_u130_0022,12155,1.2922841574675317,1.8358554930555548,0,66426.165000,19612.715000,2249.058800,33267.785200,9216.332400,0.2440,0.2064,0.2409,0.1025
B,e3,10,storm2,130,,0.5,0.25,302,c10_storm2_w80_u130_0023,12155,1.2922841574675317,1.8358554930555548,0,76596.978200,21505.585200,2232.731200,35134.062000,8967.453400,0.2415,0.2311,0.2368,0.1175
B,e3,10,storm2,130,,0.5,0.25,302,c10_storm2_w80_u130_0024,12155,1.2922841574675317,1.8358554930555548,0,63306.870000,16882.329400,2035.008400,32410.752400,7745.109600,0.2442,0.2206,0.2418,0.0910
B,e3,10,storm2,130,,0.5,0.25,302,c10_storm2_w80_u130_0025,12155,1.2922841574675317,1.8358554930555548,0,69709.871600,21115.829200,3687.089200,35443.444600,9681.498800,0.2486,0.1855,0.2426,0.0913
B,e3,10,storm2,130,,0.5,0.25,302,c10_storm2_w80_u130_0026,12155,1.2922841574675317,1.8358554930555548,0,61704.813400,21437.103600,2480.569600,29545.080000,9308.134400,0.2448,0.2023,0.2422,0.1017
B,e3,10,storm2,130,,0.5,0.25,302,c10_storm2_w80_u130_0027,12155,1.2922841574675317,1.8358554930555548,0,74442.909600,25686.968000,5163.836400,39447.917400,14574.543800,0.2418,0.2047,0.2402,0.0957
B,e3,10,storm2,130,,0.5,0.25,302,c10_storm2_w80_u130_0028,12155,1.2922841574675317,1.8358554930555548,0,60180.233600,16419.157400,2619.443600,27826.873400,6240.711600,0.2450,0.2029,0.2427,0.0900
B,e3,10,storm2,130,,0.5,0.25,302,c10_storm2_w80_u130_0029,12155,1.2922841574675317,1.8358554930555548,0,44429.143200,11980.255800,2882.942200,21977.889800,5469.162800,0.2448,0.1734,0.2401,0.0771
B,e3,10,storm2,130,,0.5,0.25,301,c10_storm2_w80_u130_0020,12155,1.2922841574675317,1.8358554930555548,0,59216.607600,15953.802000,1626.832000,31486.948600,6617.484000,0.2458,0.2061,0.2346,0.0918
B,e3,10,storm2,130,,0.5,0.25,301,c10_storm2_w80_u130_0021,12155,1.2922841574675317,1.8358554930555548,0,53930.710400,18707.476000,4025.761600,25247.841400,8911.260800,0.2438,0.1761,0.2443,0.0853
B,e3,10,storm2,130,,0.5,0.25,301,c10_storm2_w80_u130_0022,12155,1.2922841574675317,1.8358554930555548,0,66426.165000,19993.883000,2249.058800,33267.785200,8025.829600,0.2440,0.2064,0.2385,0.0988
B,e3,10,storm2,130,,0.5,0.25,301,c10_storm2_w80_u130_0023,12155,1.2922841574675317,1.8358554930555548,0,76596.978200,20619.902800,2232.731200,35134.062000,7726.153200,0.2415,0.2311,0.2297,0.1168
B,e3,10,storm2,130,,0.5,0.25,301,c10_storm2_w80_u130_0024,12155,1.2922841574675317,1.8358554930555548,0,63306.870000,16801.204400,2035.008400,32410.752400,7104.603000,0.2442,0.2206,0.2410,0.0861
B,e3,10,storm2,130,,0.5,0.25,301,c10_storm2_w80_u130_0025,12155,1.2922841574675317,1.8358554930555548,0,69709.871600,20814.594400,3687.089200,35443.444600,9679.740400,0.2486,0.1855,0.2435,0.0884
B,e3,10,storm2,130,,0.5,0.25,301,c10_storm2_w80_u130_0026,12155,1.2922841574675317,1.8358554930555548,0,61704.813400,21727.379400,2480.569600,29545.080000,8267.665200,0.2448,0.2023,0.2406,0.1020
B,e3,10,storm2,130,,0.5,0.25,301,c10_storm2_w80_u130_0027,12155,1.2922841574675317,1.8358554930555548,0,74442.909600,24513.292800,5163.836400,39447.917400,13691.173600,0.2418,0.2047,0.2369,0.0941
B,e3,10,storm2,130,,0.5,0.25,301,c10_storm2_w80_u130_0028,12155,1.2922841574675317,1.8358554930555548,0,60180.233600,16590.775800,2619.443600,27826.873400,5826.448400,0.2450,0.2029,0.2437,0.0904
B,e3,10,storm2,130,,0.5,0.25,301,c10_storm2_w80_u130_0029,12155,1.2922841574675317,1.8358554930555548,0,44429.143200,11637.477200,2882.942200,21977.889800,5142.211200,0.2448,0.1734,0.2372,0.0750
B,e3,10,storm2,130,,0.5,0.25,303,c10_storm2_w80_u130_0020,12155,1.2922841574675317,1.8358554930555548,0,59216.607600,17186.158400,1626.832000,31486.948600,7255.187800,0.2458,0.2061,0.2431,0.1072
B,e3,10,storm2,130,,0.5,0.25,303,c10_storm2_w80_u130_0021,12155,1.2922841574675317,1.8358554930555548,0,53930.710400,18854.362000,4025.761600,25247.841400,8980.192200,0.2438,0.1761,0.2465,0.0868
B,e3,10,storm2,130,,0.5,0.25,303,c10_storm2_w80_u130_0022,12155,1.2922841574675317,1.8358554930555548,0,66426.165000,20257.393000,2249.058800,33267.785200,8174.637400,0.2440,0.2064,0.2429,0.1040
B,e3,10,storm2,130,,0.5,0.25,303,c10_storm2_w80_u130_0023,12155,1.2922841574675317,1.8358554930555548,0,76596.978200,23618.832400,2232.731200,35134.062000,9743.708600,0.2415,0.2311,0.2426,0.1258
B,e3,10,storm2,130,,0.5,0.25,303,c10_storm2_w80_u130_0024,12155,1.2922841574675317,1.8358554930555548,0,63306.870000,17907.250600,2035.008400,32410.752400,7527.887400,0.2442,0.2206,0.2463,0.0942
B,e3,10,storm2,130,,0.5,0.25,303,c10_storm2_w80_u130_0025,12155,1.2922841574675317,1.8358554930555548,0,69709.871600,22241.879400,3687.089200,35443.444600,9893.391800,0.2486,0.1855,0.2434,0.0921
B,e3,10,storm2,130,,0.5,0.25,303,c10_storm2_w80_u130_0026,12155,1.2922841574675317,1.8358554930555548,0,61704.813400,21580.716200,2480.569600,29545.080000,8059.885200,0.2448,0.2023,0.2427,0.1015
B,e3,10,storm2,130,,0.5,0.25,303,c10_storm2_w80_u130_0027,12155,1.2922841574675317,1.8358554930555548,0,74442.909600,24050.542000,5163.836400,39447.917400,12941.420600,0.2418,0.2047,0.2424,0.0941
B,e3,10,storm2,130,,0.5,0.25,303,c10_storm2_w80_u130_0028,12155,1.2922841574675317,1.8358554930555548,0,60180.233600,16286.942200,2619.443600,27826.873400,5987.555000,0.2450,0.2029,0.2455,0.0941
B,e3,10,storm2,130,,0.5,0.25,303,c10_storm2_w80_u130_0029,12155,1.2922841574675317,1.8358554930555548,0,44429.143200,12342.913600,2882.942200,21977.889800,5223.480000,0.2448,0.1734,0.2419,0.0758
B,e3,10,storm2,130,,1.0,0.25,301,c10_storm2_w80_u130_0020,12155,1.2922841574675317,1.8358554930555548,0,94348.908800,4295.619200,3534.450400,63487.705400,3754.720800,0.2479,0.2427,0.2333,0.0101
B,e3,10,storm2,130,,1.0,0.25,301,c10_storm2_w80_u130_0021,12155,1.2922841574675317,1.8358554930555548,0,78761.139600,7246.886600,6215.658800,43384.998200,6339.352000,0.2489,0.2167,0.2303,0.0167
B,e3,10,storm2,130,,1.0,0.25,301,c10_storm2_w80_u130_0022,12155,1.2922841574675317,1.8358554930555548,0,95014.615200,4116.447200,3318.787200,58224.853200,3257.361800,0.2490,0.2374,0.2325,0.0138
B,e3,10,storm2,130,,1.0,0.25,301,c10_storm2_w80_u130_0023,12155,1.2922841574675317,1.8358554930555548,0,126058.611800,5070.863400,4100.143200,80302.554200,4192.124200,0.2486,0.2828,0.2271,0.0202
B,e3,10,storm2,130,,1.0,0.25,301,c10_storm2_w80_u130_0024,12155,1.2922841574675317,1.8358554930555548,0,94262.789200,3953.200200,3176.285600,58197.605200,3320.658800,0.2494,0.2517,0.2273,0.0140
B,e3,10,storm2,130,,1.0,0.25,301,c10_storm2_w80_u130_0025,12155,1.2922841574675317,1.8358554930555548,0,107848.350400,5249.002600,3847.268400,65902.106400,4302.348000,0.2484,0.2432,0.2356,0.0107
B,e3,10,storm2,130,,1.0,0.25,301,c10_storm2_w80_u130_0026,12155,1.2922841574675317,1.8358554930555548,0,93903.634800,4262.908000,3561.902800,52134.160800,3740.045800,0.2492,0.2471,0.2350,0.0159
B,e3,10,storm2,130,,1.0,0.25,301,c10_storm2_w80_u130_0027,12155,1.2922841574675317,1.8358554930555548,0,111378.213800,13283.112400,8684.596000,69860.885800,10902.202000,0.2497,0.2494,0.2292,0.0254
B,e3,10,storm2,130,,1.0,0.25,301,c10_storm2_w80_u130_0028,12155,1.2922841574675317,1.8358554930555548,0,94783.432400,4744.681600,4022.371200,54429.449600,4119.432200,0.2479,0.2405,0.2372,0.0169
B,e3,10,storm2,130,,1.0,0.25,301,c10_storm2_w80_u130_0029,12155,1.2922841574675317,1.8358554930555548,0,70832.844000,3560.741200,3203.958000,43256.922400,3358.932000,0.2493,0.2166,0.2300,0.0067
B,e3,10,storm2,130,,1.0,0.25,302,c10_storm2_w80_u130_0020,12155,1.2922841574675317,1.8358554930555548,0,94348.908800,4874.580400,3534.450400,63487.705400,3959.367200,0.2479,0.2427,0.2344,0.0243
B,e3,10,storm2,130,,1.0,0.25,302,c10_storm2_w80_u130_0021,12155,1.2922841574675317,1.8358554930555548,0,78761.139600,7452.938200,6215.658800,43384.998200,6580.042600,0.2489,0.2167,0.2328,0.0223
B,e3,10,storm2,130,,1.0,0.25,302,c10_storm2_w80_u130_0022,12155,1.2922841574675317,1.8358554930555548,0,95014.615200,4630.643000,3318.787200,58224.853200,3355.494600,0.2490,0.2374,0.2332,0.0218
B,e3,10,storm2,130,,1.0,0.25,302,c10_storm2_w80_u130_0023,12155,1.2922841574675317,1.8358554930555548,0,126058.611800,6420.245400,4100.143200,80302.554200,4253.238000,0.2486,0.2828,0.2260,0.0378
B,e3,10,storm2,130,,1.0,0.25,302,c10_storm2_w80_u130_0024,12155,1.2922841574675317,1.8358554930555548,0,94262.789200,4672.188800,3176.285600,58197.605200,3564.170600,0.2494,0.2517,0.2325,0.0227
B,e3,10,storm2,130,,1.0,0.25,302,c10_storm2_w80_u130_0025,12155,1.2922841574675317,1.8358554930555548,0,107848.350400,6180.775000,3847.268400,65902.106400,4030.778000,0.2484,0.2432,0.2364,0.0252
B,e3,10,storm2,130,,1.0,0.25,302,c10_storm2_w80_u130_0026,12155,1.2922841574675317,1.8358554930555548,0,93903.634800,4763.173800,3561.902800,52134.160800,3715.124600,0.2492,0.2471,0.2355,0.0217
B,e3,10,storm2,130,,1.0,0.25,302,c10_storm2_w80_u130_0027,12155,1.2922841574675317,1.8358554930555548,0,111378.213800,14649.347600,8684.596000,69860.885800,11741.190400,0.2497,0.2494,0.2303,0.0357
B,e3,10,storm2,130,,1.0,0.25,302,c10_storm2_w80_u130_0028,12155,1.2922841574675317,1.8358554930555548,0,94783.432400,6148.928600,4022.371200,54429.449600,4553.983600,0.2479,0.2405,0.2392,0.0262
B,e3,10,storm2,130,,1.0,0.25,302,c10_storm2_w80_u130_0029,12155,1.2922841574675317,1.8358554930555548,0,70832.844000,4373.899200,3203.958000,43256.922400,3407.938000,0.2493,0.2166,0.2341,0.0197
B,e3,10,storm2,130,,1.0,0.25,303,c10_storm2_w80_u130_0020,12155,1.2922841574675317,1.8358554930555548,0,94348.908800,4412.658000,3534.450400,63487.705400,3861.766800,0.2479,0.2427,0.2333,0.0136
B,e3,10,storm2,130,,1.0,0.25,303,c10_storm2_w80_u130_0021,12155,1.2922841574675317,1.8358554930555548,0,78761.139600,6679.480600,6215.658800,43384.998200,6371.907000,0.2489,0.2167,0.2340,0.0157
B,e3,10,storm2,130,,1.0,0.25,303,c10_storm2_w80_u130_0022,12155,1.2922841574675317,1.8358554930555548,0,95014.615200,4062.231600,3318.787200,58224.853200,3394.696800,0.2490,0.2374,0.2329,0.0138
B,e3,10,storm2,130,,1.0,0.25,303,c10_storm2_w80_u130_0023,12155,1.2922841574675317,1.8358554930555548,0,126058.611800,5214.849200,4100.143200,80302.554200,4190.667000,0.2486,0.2828,0.2254,0.0180
B,e3,10,storm2,130,,1.0,0.25,303,c10_storm2_w80_u130_0024,12155,1.2922841574675317,1.8358554930555548,0,94262.789200,4052.181800,3176.285600,58197.605200,3509.986800,0.2494,0.2517,0.2290,0.0139
B,e3,10,storm2,130,,1.0,0.25,303,c10_storm2_w80_u130_0025,12155,1.2922841574675317,1.8358554930555548,0,107848.350400,5889.091000,3847.268400,65902.106400,4246.346200,0.2484,0.2432,0.2370,0.0191
B,e3,10,storm2,130,,1.0,0.25,303,c10_storm2_w80_u130_0026,12155,1.2922841574675317,1.8358554930555548,0,93903.634800,4471.799200,3561.902800,52134.160800,3959.942400,0.2492,0.2471,0.2342,0.0164
B,e3,10,storm2,130,,1.0,0.25,303,c10_storm2_w80_u130_0027,12155,1.2922841574675317,1.8358554930555548,0,111378.213800,13042.961800,8684.596000,69860.885800,11168.416600,0.2497,0.2494,0.2301,0.0245
B,e3,10,storm2,130,,1.0,0.25,303,c10_storm2_w80_u130_0028,12155,1.2922841574675317,1.8358554930555548,0,94783.432400,5776.177000,4022.371200,54429.449600,4533.622400,0.2479,0.2405,0.2389,0.0236
B,e3,10,storm2,130,,1.0,0.25,303,c10_storm2_w80_u130_0029,12155,1.2922841574675317,1.8358554930555548,0,70832.844000,4029.369200,3203.958000,43256.922400,3409.677200,0.2493,0.2166,0.2323,0.0152
